solid 
 facet normal  9.889218e-01 -1.484377e-01  0.000000e+00
   outer loop
     vertex  2.476424e+01 -3.425292e+00  2.000000e+00
     vertex  2.467856e+01 -3.996096e+00  0.000000e+00
     vertex  2.476424e+01 -3.425292e+00  0.000000e+00
   endloop
 endfacet
 facet normal  9.889218e-01 -1.484377e-01  0.000000e+00
   outer loop
     vertex  2.476424e+01 -3.425292e+00  2.000000e+00
     vertex  2.467856e+01 -3.996096e+00  2.000000e+00
     vertex  2.467856e+01 -3.996096e+00  0.000000e+00
   endloop
 endfacet
 facet normal  9.920851e-01 -1.255675e-01  0.000000e+00
   outer loop
     vertex  2.483671e+01 -2.852662e+00  2.000000e+00
     vertex  2.476424e+01 -3.425292e+00  0.000000e+00
     vertex  2.483671e+01 -2.852662e+00  0.000000e+00
   endloop
 endfacet
 facet normal  9.920851e-01 -1.255675e-01  0.000000e+00
   outer loop
     vertex  2.483671e+01 -2.852662e+00  2.000000e+00
     vertex  2.476424e+01 -3.425292e+00  2.000000e+00
     vertex  2.476424e+01 -3.425292e+00  0.000000e+00
   endloop
 endfacet
 facet normal  9.947196e-01 -1.026303e-01  0.000000e+00
   outer loop
     vertex  2.489595e+01 -2.278512e+00  2.000000e+00
     vertex  2.483671e+01 -2.852662e+00  0.000000e+00
     vertex  2.489595e+01 -2.278512e+00  0.000000e+00
   endloop
 endfacet
 facet normal  9.947196e-01 -1.026303e-01  0.000000e+00
   outer loop
     vertex  2.489595e+01 -2.278512e+00  2.000000e+00
     vertex  2.483671e+01 -2.852662e+00  2.000000e+00
     vertex  2.483671e+01 -2.852662e+00  0.000000e+00
   endloop
 endfacet
 facet normal  9.968238e-01 -7.963847e-02  0.000000e+00
   outer loop
     vertex  2.494192e+01 -1.703147e+00  2.000000e+00
     vertex  2.489595e+01 -2.278512e+00  0.000000e+00
     vertex  2.494192e+01 -1.703147e+00  0.000000e+00
   endloop
 endfacet
 facet normal  9.968238e-01 -7.963847e-02  0.000000e+00
   outer loop
     vertex  2.494192e+01 -1.703147e+00  2.000000e+00
     vertex  2.489595e+01 -2.278512e+00  2.000000e+00
     vertex  2.489595e+01 -2.278512e+00  0.000000e+00
   endloop
 endfacet
 facet normal  9.983967e-01 -5.660418e-02  0.000000e+00
   outer loop
     vertex  2.497459e+01 -1.126874e+00  2.000000e+00
     vertex  2.494192e+01 -1.703147e+00  0.000000e+00
     vertex  2.497459e+01 -1.126874e+00  0.000000e+00
   endloop
 endfacet
 facet normal  9.994374e-01 -3.353971e-02  0.000000e+00
   outer loop
     vertex  2.497459e+01 -1.126874e+00  2.000000e+00
     vertex  2.497459e+01 -1.126874e+00  0.000000e+00
     vertex  2.499395e+01 -5.500000e-01  0.000000e+00
   endloop
 endfacet
 facet normal  9.983967e-01 -5.660418e-02  0.000000e+00
   outer loop
     vertex  2.497459e+01 -1.126874e+00  2.000000e+00
     vertex  2.494192e+01 -1.703147e+00  2.000000e+00
     vertex  2.494192e+01 -1.703147e+00  0.000000e+00
   endloop
 endfacet
 facet normal  9.994374e-01 -3.353971e-02  0.000000e+00
   outer loop
     vertex  2.499395e+01 -5.500000e-01  2.000000e+00
     vertex  2.497459e+01 -1.126874e+00  2.000000e+00
     vertex  2.499395e+01 -5.500000e-01  0.000000e+00
   endloop
 endfacet
 facet normal  0.000000e+00  0.000000e+00 -1.000000e+00
   outer loop
     vertex -1.277150e+01 -1.268419e+01  0.000000e+00
     vertex -1.726166e+01 -1.808411e+01  0.000000e+00
     vertex -1.775084e+01 -1.760419e+01  0.000000e+00
   endloop
 endfacet
 facet normal  0.000000e+00  0.000000e+00 -1.000000e+00
   outer loop
     vertex -1.241871e+01 -1.302979e+01  0.000000e+00
     vertex -1.675951e+01 -1.855044e+01  0.000000e+00
     vertex -1.726166e+01 -1.808411e+01  0.000000e+00
   endloop
 endfacet
 facet normal -0.000000e+00  0.000000e+00 -1.000000e+00
   outer loop
     vertex -1.241871e+01 -1.302979e+01  0.000000e+00
     vertex -1.726166e+01 -1.808411e+01  0.000000e+00
     vertex -1.277150e+01 -1.268419e+01  0.000000e+00
   endloop
 endfacet
 facet normal  0.000000e+00  0.000000e+00 -1.000000e+00
   outer loop
     vertex -1.311467e+01 -1.232905e+01  0.000000e+00
     vertex -1.775084e+01 -1.760419e+01  0.000000e+00
     vertex -1.822668e+01 -1.711105e+01  0.000000e+00
   endloop
 endfacet
 facet normal  0.000000e+00 -0.000000e+00 -1.000000e+00
   outer loop
     vertex -1.311467e+01 -1.232905e+01  0.000000e+00
     vertex -1.277150e+01 -1.268419e+01  0.000000e+00
     vertex -1.775084e+01 -1.760419e+01  0.000000e+00
   endloop
 endfacet
 facet normal -0.000000e+00  0.000000e+00 -1.000000e+00
   outer loop
     vertex -1.205658e+01 -1.336559e+01  0.000000e+00
     vertex -1.675951e+01 -1.855044e+01  0.000000e+00
     vertex -1.241871e+01 -1.302979e+01  0.000000e+00
   endloop
 endfacet
 facet normal  0.000000e+00  0.000000e+00 -1.000000e+00
   outer loop
     vertex -1.205658e+01 -1.336559e+01  0.000000e+00
     vertex -1.624477e+01 -1.900283e+01  0.000000e+00
     vertex -1.675951e+01 -1.855044e+01  0.000000e+00
   endloop
 endfacet
 facet normal  0.000000e+00 -0.000000e+00 -1.000000e+00
   outer loop
     vertex -1.344797e+01 -1.196462e+01  0.000000e+00
     vertex -1.311467e+01 -1.232905e+01  0.000000e+00
     vertex -1.822668e+01 -1.711105e+01  0.000000e+00
   endloop
 endfacet
 facet normal  0.000000e+00  0.000000e+00 -1.000000e+00
   outer loop
     vertex -1.344797e+01 -1.196462e+01  0.000000e+00
     vertex -1.822668e+01 -1.711105e+01  0.000000e+00
     vertex -1.868883e+01 -1.660505e+01  0.000000e+00
   endloop
 endfacet
 facet normal  0.000000e+00  0.000000e+00 -1.000000e+00
   outer loop
     vertex -1.168537e+01 -1.369132e+01  0.000000e+00
     vertex -1.571782e+01 -1.944094e+01  0.000000e+00
     vertex -1.624477e+01 -1.900283e+01  0.000000e+00
   endloop
 endfacet
 facet normal -0.000000e+00  0.000000e+00 -1.000000e+00
   outer loop
     vertex -1.168537e+01 -1.369132e+01  0.000000e+00
     vertex -1.624477e+01 -1.900283e+01  0.000000e+00
     vertex -1.205658e+01 -1.336559e+01  0.000000e+00
   endloop
 endfacet
 facet normal  0.000000e+00 -0.000000e+00 -1.000000e+00
   outer loop
     vertex -1.377115e+01 -1.159118e+01  0.000000e+00
     vertex -1.344797e+01 -1.196462e+01  0.000000e+00
     vertex -1.868883e+01 -1.660505e+01  0.000000e+00
   endloop
 endfacet
 facet normal  0.000000e+00  0.000000e+00 -1.000000e+00
   outer loop
     vertex -1.377115e+01 -1.159118e+01  0.000000e+00
     vertex -1.868883e+01 -1.660505e+01  0.000000e+00
     vertex -1.913693e+01 -1.608657e+01  0.000000e+00
   endloop
 endfacet
 facet normal -0.000000e+00  0.000000e+00 -1.000000e+00
   outer loop
     vertex -1.130536e+01 -1.400674e+01  0.000000e+00
     vertex -1.571782e+01 -1.944094e+01  0.000000e+00
     vertex -1.168537e+01 -1.369132e+01  0.000000e+00
   endloop
 endfacet
 facet normal  0.000000e+00  0.000000e+00 -1.000000e+00
   outer loop
     vertex -1.130536e+01 -1.400674e+01  0.000000e+00
     vertex -1.517906e+01 -1.986444e+01  0.000000e+00
     vertex -1.571782e+01 -1.944094e+01  0.000000e+00
   endloop
 endfacet
 facet normal  0.000000e+00 -0.000000e+00 -1.000000e+00
   outer loop
     vertex -1.408396e+01 -1.120902e+01  0.000000e+00
     vertex -1.377115e+01 -1.159118e+01  0.000000e+00
     vertex -1.913693e+01 -1.608657e+01  0.000000e+00
   endloop
 endfacet
 facet normal  0.000000e+00  0.000000e+00 -1.000000e+00
   outer loop
     vertex -1.408396e+01 -1.120902e+01  0.000000e+00
     vertex -1.913693e+01 -1.608657e+01  0.000000e+00
     vertex -1.957066e+01 -1.555601e+01  0.000000e+00
   endloop
 endfacet
 facet normal -0.000000e+00  0.000000e+00 -1.000000e+00
   outer loop
     vertex -1.091685e+01 -1.431162e+01  0.000000e+00
     vertex -1.517906e+01 -1.986444e+01  0.000000e+00
     vertex -1.130536e+01 -1.400674e+01  0.000000e+00
   endloop
 endfacet
 facet normal  0.000000e+00  0.000000e+00 -1.000000e+00
   outer loop
     vertex -1.091685e+01 -1.431162e+01  0.000000e+00
     vertex -1.462890e+01 -2.027302e+01  0.000000e+00
     vertex -1.517906e+01 -1.986444e+01  0.000000e+00
   endloop
 endfacet
 facet normal  0.000000e+00 -0.000000e+00 -1.000000e+00
   outer loop
     vertex -1.438617e+01 -1.081842e+01  0.000000e+00
     vertex -1.408396e+01 -1.120902e+01  0.000000e+00
     vertex -1.957066e+01 -1.555601e+01  0.000000e+00
   endloop
 endfacet
 facet normal  0.000000e+00  0.000000e+00 -1.000000e+00
   outer loop
     vertex -1.438617e+01 -1.081842e+01  0.000000e+00
     vertex -1.957066e+01 -1.555601e+01  0.000000e+00
     vertex -1.998968e+01 -1.501375e+01  0.000000e+00
   endloop
 endfacet
 facet normal -0.000000e+00  0.000000e+00 -1.000000e+00
   outer loop
     vertex -1.052011e+01 -1.460573e+01  0.000000e+00
     vertex -1.462890e+01 -2.027302e+01  0.000000e+00
     vertex -1.091685e+01 -1.431162e+01  0.000000e+00
   endloop
 endfacet
 facet normal  0.000000e+00  0.000000e+00 -1.000000e+00
   outer loop
     vertex -1.052011e+01 -1.460573e+01  0.000000e+00
     vertex -1.406774e+01 -2.066637e+01  0.000000e+00
     vertex -1.462890e+01 -2.027302e+01  0.000000e+00
   endloop
 endfacet
 facet normal  0.000000e+00  0.000000e+00 -1.000000e+00
   outer loop
     vertex -1.467754e+01 -1.041968e+01  0.000000e+00
     vertex -1.998968e+01 -1.501375e+01  0.000000e+00
     vertex -2.039368e+01 -1.446022e+01  0.000000e+00
   endloop
 endfacet
 facet normal  0.000000e+00 -0.000000e+00 -1.000000e+00
   outer loop
     vertex -1.467754e+01 -1.041968e+01  0.000000e+00
     vertex -1.438617e+01 -1.081842e+01  0.000000e+00
     vertex -1.998968e+01 -1.501375e+01  0.000000e+00
   endloop
 endfacet
 facet normal -0.000000e+00  0.000000e+00 -1.000000e+00
   outer loop
     vertex -1.011546e+01 -1.488884e+01  0.000000e+00
     vertex -1.406774e+01 -2.066637e+01  0.000000e+00
     vertex -1.052011e+01 -1.460573e+01  0.000000e+00
   endloop
 endfacet
 facet normal  0.000000e+00  0.000000e+00 -1.000000e+00
   outer loop
     vertex -1.011546e+01 -1.488884e+01  0.000000e+00
     vertex -1.349601e+01 -2.104418e+01  0.000000e+00
     vertex -1.406774e+01 -2.066637e+01  0.000000e+00
   endloop
 endfacet
 facet normal  0.000000e+00  0.000000e+00 -1.000000e+00
   outer loop
     vertex -1.495787e+01 -1.001309e+01  0.000000e+00
     vertex -2.039368e+01 -1.446022e+01  0.000000e+00
     vertex -2.078235e+01 -1.389582e+01  0.000000e+00
   endloop
 endfacet
 facet normal  0.000000e+00 -0.000000e+00 -1.000000e+00
   outer loop
     vertex -1.495787e+01 -1.001309e+01  0.000000e+00
     vertex -1.467754e+01 -1.041968e+01  0.000000e+00
     vertex -2.039368e+01 -1.446022e+01  0.000000e+00
   endloop
 endfacet
 facet normal -0.000000e+00  0.000000e+00 -1.000000e+00
   outer loop
     vertex -9.703190e+00 -1.516074e+01  0.000000e+00
     vertex -1.349601e+01 -2.104418e+01  0.000000e+00
     vertex -1.011546e+01 -1.488884e+01  0.000000e+00
   endloop
 endfacet
 facet normal  0.000000e+00  0.000000e+00 -1.000000e+00
   outer loop
     vertex -9.703190e+00 -1.516074e+01  0.000000e+00
     vertex -1.291415e+01 -2.140619e+01  0.000000e+00
     vertex -1.349601e+01 -2.104418e+01  0.000000e+00
   endloop
 endfacet
 facet normal  0.000000e+00  0.000000e+00 -1.000000e+00
   outer loop
     vertex -1.522694e+01 -9.598969e+00  0.000000e+00
     vertex -2.078235e+01 -1.389582e+01  0.000000e+00
     vertex -2.115542e+01 -1.332098e+01  0.000000e+00
   endloop
 endfacet
 facet normal  0.000000e+00 -0.000000e+00 -1.000000e+00
   outer loop
     vertex -1.522694e+01 -9.598969e+00  0.000000e+00
     vertex -1.495787e+01 -1.001309e+01  0.000000e+00
     vertex -2.078235e+01 -1.389582e+01  0.000000e+00
   endloop
 endfacet
 facet normal -0.000000e+00  0.000000e+00 -1.000000e+00
   outer loop
     vertex -9.283617e+00 -1.542123e+01  0.000000e+00
     vertex -1.291415e+01 -2.140619e+01  0.000000e+00
     vertex -9.703190e+00 -1.516074e+01  0.000000e+00
   endloop
 endfacet
 facet normal  0.000000e+00  0.000000e+00 -1.000000e+00
   outer loop
     vertex -9.283617e+00 -1.542123e+01  0.000000e+00
     vertex -1.232257e+01 -2.175211e+01  0.000000e+00
     vertex -1.291415e+01 -2.140619e+01  0.000000e+00
   endloop
 endfacet
 facet normal  0.000000e+00  0.000000e+00 -1.000000e+00
   outer loop
     vertex -1.548455e+01 -9.177620e+00  0.000000e+00
     vertex -2.115542e+01 -1.332098e+01  0.000000e+00
     vertex -2.151258e+01 -1.273613e+01  0.000000e+00
   endloop
 endfacet
 facet normal  0.000000e+00 -0.000000e+00 -1.000000e+00
   outer loop
     vertex -1.548455e+01 -9.177620e+00  0.000000e+00
     vertex -1.522694e+01 -9.598969e+00  0.000000e+00
     vertex -2.115542e+01 -1.332098e+01  0.000000e+00
   endloop
 endfacet
 facet normal -0.000000e+00  0.000000e+00 -1.000000e+00
   outer loop
     vertex -8.857056e+00 -1.567012e+01  0.000000e+00
     vertex -1.232257e+01 -2.175211e+01  0.000000e+00
     vertex -9.283617e+00 -1.542123e+01  0.000000e+00
   endloop
 endfacet
 facet normal  0.000000e+00  0.000000e+00 -1.000000e+00
   outer loop
     vertex -8.857056e+00 -1.567012e+01  0.000000e+00
     vertex -1.172174e+01 -2.208168e+01  0.000000e+00
     vertex -1.232257e+01 -2.175211e+01  0.000000e+00
   endloop
 endfacet
 facet normal  0.000000e+00 -0.000000e+00 -1.000000e+00
   outer loop
     vertex -1.573050e+01 -8.749362e+00  0.000000e+00
     vertex -1.548455e+01 -9.177620e+00  0.000000e+00
     vertex -2.151258e+01 -1.273613e+01  0.000000e+00
   endloop
 endfacet
 facet normal  0.000000e+00  0.000000e+00 -1.000000e+00
   outer loop
     vertex -1.573050e+01 -8.749362e+00  0.000000e+00
     vertex -2.151258e+01 -1.273613e+01  0.000000e+00
     vertex -2.185358e+01 -1.214171e+01  0.000000e+00
   endloop
 endfacet
 facet normal  0.000000e+00  0.000000e+00 -1.000000e+00
   outer loop
     vertex -8.423828e+00 -1.590720e+01  0.000000e+00
     vertex -1.111211e+01 -2.239467e+01  0.000000e+00
     vertex -1.172174e+01 -2.208168e+01  0.000000e+00
   endloop
 endfacet
 facet normal -0.000000e+00  0.000000e+00 -1.000000e+00
   outer loop
     vertex -8.423828e+00 -1.590720e+01  0.000000e+00
     vertex -1.172174e+01 -2.208168e+01  0.000000e+00
     vertex -8.857056e+00 -1.567012e+01  0.000000e+00
   endloop
 endfacet
 facet normal  0.000000e+00  0.000000e+00 -1.000000e+00
   outer loop
     vertex -1.596461e+01 -8.314517e+00  0.000000e+00
     vertex -2.185358e+01 -1.214171e+01  0.000000e+00
     vertex -2.217816e+01 -1.153816e+01  0.000000e+00
   endloop
 endfacet
 facet normal  0.000000e+00 -0.000000e+00 -1.000000e+00
   outer loop
     vertex -1.596461e+01 -8.314517e+00  0.000000e+00
     vertex -1.573050e+01 -8.749362e+00  0.000000e+00
     vertex -2.185358e+01 -1.214171e+01  0.000000e+00
   endloop
 endfacet
 facet normal -0.000000e+00  0.000000e+00 -1.000000e+00
   outer loop
     vertex -7.984258e+00 -1.613232e+01  0.000000e+00
     vertex -1.111211e+01 -2.239467e+01  0.000000e+00
     vertex -8.423828e+00 -1.590720e+01  0.000000e+00
   endloop
 endfacet
 facet normal  0.000000e+00  0.000000e+00 -1.000000e+00
   outer loop
     vertex -7.984258e+00 -1.613232e+01  0.000000e+00
     vertex -1.049412e+01 -2.269082e+01  0.000000e+00
     vertex -1.111211e+01 -2.239467e+01  0.000000e+00
   endloop
 endfacet
 facet normal  0.000000e+00  0.000000e+00 -1.000000e+00
   outer loop
     vertex -1.618670e+01 -7.873414e+00  0.000000e+00
     vertex -2.217816e+01 -1.153816e+01  0.000000e+00
     vertex -2.248608e+01 -1.092595e+01  0.000000e+00
   endloop
 endfacet
 facet normal  0.000000e+00 -0.000000e+00 -1.000000e+00
   outer loop
     vertex -1.618670e+01 -7.873414e+00  0.000000e+00
     vertex -1.596461e+01 -8.314517e+00  0.000000e+00
     vertex -2.217816e+01 -1.153816e+01  0.000000e+00
   endloop
 endfacet
 facet normal -0.000000e+00  0.000000e+00 -1.000000e+00
   outer loop
     vertex -7.538678e+00 -1.634528e+01  0.000000e+00
     vertex -1.049412e+01 -2.269082e+01  0.000000e+00
     vertex -7.984258e+00 -1.613232e+01  0.000000e+00
   endloop
 endfacet
 facet normal  0.000000e+00  0.000000e+00 -1.000000e+00
   outer loop
     vertex -7.538678e+00 -1.634528e+01  0.000000e+00
     vertex -9.868248e+00 -2.296993e+01  0.000000e+00
     vertex -1.049412e+01 -2.269082e+01  0.000000e+00
   endloop
 endfacet
 facet normal  0.000000e+00  0.000000e+00 -1.000000e+00
   outer loop
     vertex -1.639661e+01 -7.426383e+00  0.000000e+00
     vertex -2.248608e+01 -1.092595e+01  0.000000e+00
     vertex -2.277710e+01 -1.030553e+01  0.000000e+00
   endloop
 endfacet
 facet normal  0.000000e+00 -0.000000e+00 -1.000000e+00
   outer loop
     vertex -1.639661e+01 -7.426383e+00  0.000000e+00
     vertex -1.618670e+01 -7.873414e+00  0.000000e+00
     vertex -2.248608e+01 -1.092595e+01  0.000000e+00
   endloop
 endfacet
 facet normal  0.000000e+00  0.000000e+00 -1.000000e+00
   outer loop
     vertex -7.087424e+00 -1.654595e+01  0.000000e+00
     vertex -9.234961e+00 -2.323178e+01  0.000000e+00
     vertex -9.868248e+00 -2.296993e+01  0.000000e+00
   endloop
 endfacet
 facet normal -0.000000e+00  0.000000e+00 -1.000000e+00
   outer loop
     vertex -7.087424e+00 -1.654595e+01  0.000000e+00
     vertex -9.868248e+00 -2.296993e+01  0.000000e+00
     vertex -7.538678e+00 -1.634528e+01  0.000000e+00
   endloop
 endfacet
 facet normal  0.000000e+00  0.000000e+00 -1.000000e+00
   outer loop
     vertex -1.659417e+01 -6.973763e+00  0.000000e+00
     vertex -2.277710e+01 -1.030553e+01  0.000000e+00
     vertex -2.305100e+01 -9.677360e+00  0.000000e+00
   endloop
 endfacet
 facet normal  0.000000e+00 -0.000000e+00 -1.000000e+00
   outer loop
     vertex -1.659417e+01 -6.973763e+00  0.000000e+00
     vertex -1.639661e+01 -7.426383e+00  0.000000e+00
     vertex -2.277710e+01 -1.030553e+01  0.000000e+00
   endloop
 endfacet
 facet normal -0.000000e+00  0.000000e+00 -1.000000e+00
   outer loop
     vertex -6.630834e+00 -1.673416e+01  0.000000e+00
     vertex -9.234961e+00 -2.323178e+01  0.000000e+00
     vertex -7.087424e+00 -1.654595e+01  0.000000e+00
   endloop
 endfacet
 facet normal  0.000000e+00  0.000000e+00 -1.000000e+00
   outer loop
     vertex -6.630834e+00 -1.673416e+01  0.000000e+00
     vertex -8.594735e+00 -2.347617e+01  0.000000e+00
     vertex -9.234961e+00 -2.323178e+01  0.000000e+00
   endloop
 endfacet
 facet normal  0.000000e+00  0.000000e+00 -1.000000e+00
   outer loop
     vertex -1.677925e+01 -6.515893e+00  0.000000e+00
     vertex -2.305100e+01 -9.677360e+00  0.000000e+00
     vertex -2.330759e+01 -9.041923e+00  0.000000e+00
   endloop
 endfacet
 facet normal  0.000000e+00 -0.000000e+00 -1.000000e+00
   outer loop
     vertex -1.677925e+01 -6.515893e+00  0.000000e+00
     vertex -1.659417e+01 -6.973763e+00  0.000000e+00
     vertex -2.305100e+01 -9.677360e+00  0.000000e+00
   endloop
 endfacet
 facet normal -0.000000e+00  0.000000e+00 -1.000000e+00
   outer loop
     vertex -6.169252e+00 -1.690977e+01  0.000000e+00
     vertex -8.594735e+00 -2.347617e+01  0.000000e+00
     vertex -6.630834e+00 -1.673416e+01  0.000000e+00
   endloop
 endfacet
 facet normal  0.000000e+00  0.000000e+00 -1.000000e+00
   outer loop
     vertex -6.169252e+00 -1.690977e+01  0.000000e+00
     vertex -7.948051e+00 -2.370292e+01  0.000000e+00
     vertex -8.594735e+00 -2.347617e+01  0.000000e+00
   endloop
 endfacet
 facet normal  0.000000e+00 -0.000000e+00 -1.000000e+00
   outer loop
     vertex -1.695169e+01 -6.053118e+00  0.000000e+00
     vertex -1.677925e+01 -6.515893e+00  0.000000e+00
     vertex -2.330759e+01 -9.041923e+00  0.000000e+00
   endloop
 endfacet
 facet normal  0.000000e+00  0.000000e+00 -1.000000e+00
   outer loop
     vertex -1.695169e+01 -6.053118e+00  0.000000e+00
     vertex -2.330759e+01 -9.041923e+00  0.000000e+00
     vertex -2.354666e+01 -8.399692e+00  0.000000e+00
   endloop
 endfacet
 facet normal -0.000000e+00  0.000000e+00 -1.000000e+00
   outer loop
     vertex -5.703027e+00 -1.707265e+01  0.000000e+00
     vertex -7.948051e+00 -2.370292e+01  0.000000e+00
     vertex -6.169252e+00 -1.690977e+01  0.000000e+00
   endloop
 endfacet
 facet normal  0.000000e+00  0.000000e+00 -1.000000e+00
   outer loop
     vertex -5.703027e+00 -1.707265e+01  0.000000e+00
     vertex -7.295395e+00 -2.391186e+01  0.000000e+00
     vertex -7.948051e+00 -2.370292e+01  0.000000e+00
   endloop
 endfacet
 facet normal  0.000000e+00  0.000000e+00 -1.000000e+00
   outer loop
     vertex -1.711137e+01 -5.585786e+00  0.000000e+00
     vertex -2.354666e+01 -8.399692e+00  0.000000e+00
     vertex -2.376804e+01 -7.751149e+00  0.000000e+00
   endloop
 endfacet
 facet normal  0.000000e+00 -0.000000e+00 -1.000000e+00
   outer loop
     vertex -1.711137e+01 -5.585786e+00  0.000000e+00
     vertex -1.695169e+01 -6.053118e+00  0.000000e+00
     vertex -2.354666e+01 -8.399692e+00  0.000000e+00
   endloop
 endfacet
 facet normal  0.000000e+00  0.000000e+00 -1.000000e+00
   outer loop
     vertex -5.500000e-01 -2.200000e+01  0.000000e+00
     vertex -3.959834e+00 -2.468440e+01  0.000000e+00
     vertex -4.634917e+00 -2.456659e+01  0.000000e+00
   endloop
 endfacet
 facet normal  0.000000e+00  0.000000e+00 -1.000000e+00
   outer loop
     vertex -5.500000e-01 -2.200000e+01  0.000000e+00
     vertex -3.281775e+00 -2.478366e+01  0.000000e+00
     vertex -3.959834e+00 -2.468440e+01  0.000000e+00
   endloop
 endfacet
 facet normal  0.000000e+00  0.000000e+00 -1.000000e+00
   outer loop
     vertex -5.500000e-01 -2.200000e+01  0.000000e+00
     vertex -2.601250e+00 -2.486430e+01  0.000000e+00
     vertex -3.281775e+00 -2.478366e+01  0.000000e+00
   endloop
 endfacet
 facet normal  0.000000e+00  0.000000e+00 -1.000000e+00
   outer loop
     vertex -5.500000e-01 -2.200000e+01  0.000000e+00
     vertex -1.918770e+00 -2.492626e+01  0.000000e+00
     vertex -2.601250e+00 -2.486430e+01  0.000000e+00
   endloop
 endfacet
 facet normal  0.000000e+00  0.000000e+00 -1.000000e+00
   outer loop
     vertex -5.500000e-01 -2.200000e+01  0.000000e+00
     vertex -1.234849e+00 -2.496948e+01  0.000000e+00
     vertex -1.918770e+00 -2.492626e+01  0.000000e+00
   endloop
 endfacet
 facet normal  0.000000e+00 -0.000000e+00 -1.000000e+00
   outer loop
     vertex -5.500000e-01 -2.200000e+01  0.000000e+00
     vertex -5.500000e-01 -2.499395e+01  0.000000e+00
     vertex -1.234849e+00 -2.496948e+01  0.000000e+00
   endloop
 endfacet
 facet normal -0.000000e+00  0.000000e+00 -1.000000e+00
   outer loop
     vertex -5.232508e+00 -1.722268e+01  0.000000e+00
     vertex -7.295395e+00 -2.391186e+01  0.000000e+00
     vertex -5.703027e+00 -1.707265e+01  0.000000e+00
   endloop
 endfacet
 facet normal  0.000000e+00  0.000000e+00 -1.000000e+00
   outer loop
     vertex -5.232508e+00 -1.722268e+01  0.000000e+00
     vertex -6.637257e+00 -2.410284e+01  0.000000e+00
     vertex -7.295395e+00 -2.391186e+01  0.000000e+00
   endloop
 endfacet
 facet normal  0.000000e+00 -0.000000e+00 -1.000000e+00
   outer loop
     vertex -1.725817e+01 -5.114249e+00  0.000000e+00
     vertex -1.711137e+01 -5.585786e+00  0.000000e+00
     vertex -2.376804e+01 -7.751149e+00  0.000000e+00
   endloop
 endfacet
 facet normal  0.000000e+00  0.000000e+00 -1.000000e+00
   outer loop
     vertex -1.725817e+01 -5.114249e+00  0.000000e+00
     vertex -2.376804e+01 -7.751149e+00  0.000000e+00
     vertex -2.397156e+01 -7.096782e+00  0.000000e+00
   endloop
 endfacet
 facet normal  0.000000e+00  0.000000e+00 -1.000000e+00
   outer loop
     vertex -4.758051e+00 -1.735975e+01  0.000000e+00
     vertex -5.974132e+00 -2.427570e+01  0.000000e+00
     vertex -6.637257e+00 -2.410284e+01  0.000000e+00
   endloop
 endfacet
 facet normal -0.000000e+00  0.000000e+00 -1.000000e+00
   outer loop
     vertex -4.758051e+00 -1.735975e+01  0.000000e+00
     vertex -6.637257e+00 -2.410284e+01  0.000000e+00
     vertex -5.232508e+00 -1.722268e+01  0.000000e+00
   endloop
 endfacet
 facet normal  0.000000e+00  0.000000e+00 -1.000000e+00
   outer loop
     vertex -1.739198e+01 -4.638863e+00  0.000000e+00
     vertex -2.397156e+01 -7.096782e+00  0.000000e+00
     vertex -2.415707e+01 -6.437083e+00  0.000000e+00
   endloop
 endfacet
 facet normal  0.000000e+00 -0.000000e+00 -1.000000e+00
   outer loop
     vertex -1.739198e+01 -4.638863e+00  0.000000e+00
     vertex -1.725817e+01 -5.114249e+00  0.000000e+00
     vertex -2.397156e+01 -7.096782e+00  0.000000e+00
   endloop
 endfacet
 facet normal  0.000000e+00  0.000000e+00 -1.000000e+00
   outer loop
     vertex -4.280012e+00 -1.748375e+01  0.000000e+00
     vertex -5.306518e+00 -2.443033e+01  0.000000e+00
     vertex -5.974132e+00 -2.427570e+01  0.000000e+00
   endloop
 endfacet
 facet normal -0.000000e+00  0.000000e+00 -1.000000e+00
   outer loop
     vertex -4.280012e+00 -1.748375e+01  0.000000e+00
     vertex -5.974132e+00 -2.427570e+01  0.000000e+00
     vertex -4.758051e+00 -1.735975e+01  0.000000e+00
   endloop
 endfacet
 facet normal  0.000000e+00 -0.000000e+00 -1.000000e+00
   outer loop
     vertex -1.751270e+01 -4.159984e+00  0.000000e+00
     vertex -1.739198e+01 -4.638863e+00  0.000000e+00
     vertex -2.415707e+01 -6.437083e+00  0.000000e+00
   endloop
 endfacet
 facet normal  0.000000e+00  0.000000e+00 -1.000000e+00
   outer loop
     vertex -1.751270e+01 -4.159984e+00  0.000000e+00
     vertex -2.415707e+01 -6.437083e+00  0.000000e+00
     vertex -2.432443e+01 -5.772547e+00  0.000000e+00
   endloop
 endfacet
 facet normal  0.000000e+00  0.000000e+00 -1.000000e+00
   outer loop
     vertex  5.500000e-01 -2.200000e+01  0.000000e+00
     vertex  1.126874e+00 -2.497459e+01  0.000000e+00
     vertex  5.500000e-01 -2.499395e+01  0.000000e+00
   endloop
 endfacet
 facet normal  0.000000e+00  0.000000e+00 -1.000000e+00
   outer loop
     vertex  5.500000e-01 -2.200000e+01  0.000000e+00
     vertex  1.703147e+00 -2.494192e+01  0.000000e+00
     vertex  1.126874e+00 -2.497459e+01  0.000000e+00
   endloop
 endfacet
 facet normal  0.000000e+00  0.000000e+00 -1.000000e+00
   outer loop
     vertex  5.500000e-01 -2.200000e+01  0.000000e+00
     vertex  2.278512e+00 -2.489595e+01  0.000000e+00
     vertex  1.703147e+00 -2.494192e+01  0.000000e+00
   endloop
 endfacet
 facet normal -0.000000e+00  0.000000e+00 -1.000000e+00
   outer loop
     vertex -3.798751e+00 -1.759459e+01  0.000000e+00
     vertex -5.306518e+00 -2.443033e+01  0.000000e+00
     vertex -4.280012e+00 -1.748375e+01  0.000000e+00
   endloop
 endfacet
 facet normal  0.000000e+00  0.000000e+00 -1.000000e+00
   outer loop
     vertex -3.798751e+00 -1.759459e+01  0.000000e+00
     vertex -4.634917e+00 -2.456659e+01  0.000000e+00
     vertex -5.306518e+00 -2.443033e+01  0.000000e+00
   endloop
 endfacet
 facet normal  0.000000e+00 -0.000000e+00 -1.000000e+00
   outer loop
     vertex -1.762023e+01 -3.677975e+00  0.000000e+00
     vertex -1.751270e+01 -4.159984e+00  0.000000e+00
     vertex -2.432443e+01 -5.772547e+00  0.000000e+00
   endloop
 endfacet
 facet normal  0.000000e+00  0.000000e+00 -1.000000e+00
   outer loop
     vertex -1.762023e+01 -3.677975e+00  0.000000e+00
     vertex -2.432443e+01 -5.772547e+00  0.000000e+00
     vertex -2.447351e+01 -5.103673e+00  0.000000e+00
   endloop
 endfacet
 facet normal -0.000000e+00  0.000000e+00 -1.000000e+00
   outer loop
     vertex -3.314630e+00 -1.769218e+01  0.000000e+00
     vertex -4.634917e+00 -2.456659e+01  0.000000e+00
     vertex -3.798751e+00 -1.759459e+01  0.000000e+00
   endloop
 endfacet
 facet normal  0.000000e+00 -0.000000e+00 -1.000000e+00
   outer loop
     vertex -3.314630e+00 -1.769218e+01  0.000000e+00
     vertex -5.500000e-01 -2.200000e+01  0.000000e+00
     vertex -4.634917e+00 -2.456659e+01  0.000000e+00
   endloop
 endfacet
 facet normal  0.000000e+00  0.000000e+00 -1.000000e+00
   outer loop
     vertex -1.771450e+01 -3.193196e+00  0.000000e+00
     vertex -2.447351e+01 -5.103673e+00  0.000000e+00
     vertex -2.460420e+01 -4.430965e+00  0.000000e+00
   endloop
 endfacet
 facet normal  0.000000e+00 -0.000000e+00 -1.000000e+00
   outer loop
     vertex -1.771450e+01 -3.193196e+00  0.000000e+00
     vertex -1.762023e+01 -3.677975e+00  0.000000e+00
     vertex -2.447351e+01 -5.103673e+00  0.000000e+00
   endloop
 endfacet
 facet normal -0.000000e+00 -0.000000e+00 -1.000000e+00
   outer loop
     vertex -2.828015e+00 -1.777645e+01  0.000000e+00
     vertex -5.500000e-01 -2.200000e+01  0.000000e+00
     vertex -3.314630e+00 -1.769218e+01  0.000000e+00
   endloop
 endfacet
 facet normal  0.000000e+00  0.000000e+00 -1.000000e+00
   outer loop
     vertex -1.779543e+01 -2.706014e+00  0.000000e+00
     vertex -2.460420e+01 -4.430965e+00  0.000000e+00
     vertex -2.471640e+01 -3.754927e+00  0.000000e+00
   endloop
 endfacet
 facet normal  0.000000e+00 -0.000000e+00 -1.000000e+00
   outer loop
     vertex -1.779543e+01 -2.706014e+00  0.000000e+00
     vertex -1.771450e+01 -3.193196e+00  0.000000e+00
     vertex -2.460420e+01 -4.430965e+00  0.000000e+00
   endloop
 endfacet
 facet normal -0.000000e+00 -0.000000e+00 -1.000000e+00
   outer loop
     vertex -2.339270e+00 -1.784735e+01  0.000000e+00
     vertex -5.500000e-01 -2.200000e+01  0.000000e+00
     vertex -2.828015e+00 -1.777645e+01  0.000000e+00
   endloop
 endfacet
 facet normal  0.000000e+00 -0.000000e+00 -1.000000e+00
   outer loop
     vertex -1.786297e+01 -2.216794e+00  0.000000e+00
     vertex -1.779543e+01 -2.706014e+00  0.000000e+00
     vertex -2.471640e+01 -3.754927e+00  0.000000e+00
   endloop
 endfacet
 facet normal  0.000000e+00  0.000000e+00 -1.000000e+00
   outer loop
     vertex -1.786297e+01 -2.216794e+00  0.000000e+00
     vertex -2.471640e+01 -3.754927e+00  0.000000e+00
     vertex -2.481003e+01 -3.076068e+00  0.000000e+00
   endloop
 endfacet
 facet normal -0.000000e+00 -0.000000e+00 -1.000000e+00
   outer loop
     vertex -1.848765e+00 -1.790481e+01  0.000000e+00
     vertex -5.500000e-01 -2.200000e+01  0.000000e+00
     vertex -2.339270e+00 -1.784735e+01  0.000000e+00
   endloop
 endfacet
 facet normal  0.000000e+00 -0.000000e+00 -1.000000e+00
   outer loop
     vertex -1.791707e+01 -1.725906e+00  0.000000e+00
     vertex -1.786297e+01 -2.216794e+00  0.000000e+00
     vertex -2.481003e+01 -3.076068e+00  0.000000e+00
   endloop
 endfacet
 facet normal  0.000000e+00  0.000000e+00 -1.000000e+00
   outer loop
     vertex -1.791707e+01 -1.725906e+00  0.000000e+00
     vertex -2.481003e+01 -3.076068e+00  0.000000e+00
     vertex -2.488502e+01 -2.394897e+00  0.000000e+00
   endloop
 endfacet
 facet normal -0.000000e+00 -0.000000e+00 -1.000000e+00
   outer loop
     vertex -1.356867e+00 -1.794879e+01  0.000000e+00
     vertex -5.500000e-01 -2.200000e+01  0.000000e+00
     vertex -1.848765e+00 -1.790481e+01  0.000000e+00
   endloop
 endfacet
 facet normal  0.000000e+00  0.000000e+00 -1.000000e+00
   outer loop
     vertex  3.701320e+00 -2.300680e+01  0.000000e+00
     vertex  2.852662e+00 -2.483671e+01  0.000000e+00
     vertex  2.278512e+00 -2.489595e+01  0.000000e+00
   endloop
 endfacet
 facet normal  0.000000e+00  0.000000e+00 -1.000000e+00
   outer loop
     vertex  3.701320e+00 -2.300680e+01  0.000000e+00
     vertex  3.425292e+00 -2.476424e+01  0.000000e+00
     vertex  2.852662e+00 -2.483671e+01  0.000000e+00
   endloop
 endfacet
 facet normal  0.000000e+00 -0.000000e+00 -1.000000e+00
   outer loop
     vertex  3.701320e+00 -2.300680e+01  0.000000e+00
     vertex  3.996096e+00 -2.467856e+01  0.000000e+00
     vertex  3.425292e+00 -2.476424e+01  0.000000e+00
   endloop
 endfacet
 facet normal -0.000000e+00  0.000000e+00 -1.000000e+00
   outer loop
     vertex  3.701320e+00 -2.300680e+01  0.000000e+00
     vertex  2.278512e+00 -2.489595e+01  0.000000e+00
     vertex  5.500000e-01 -2.200000e+01  0.000000e+00
   endloop
 endfacet
 facet normal  0.000000e+00  0.000000e+00 -1.000000e+00
   outer loop
     vertex -1.795767e+01 -1.233719e+00  0.000000e+00
     vertex -2.488502e+01 -2.394897e+00  0.000000e+00
     vertex -2.494132e+01 -1.711928e+00  0.000000e+00
   endloop
 endfacet
 facet normal  0.000000e+00 -0.000000e+00 -1.000000e+00
   outer loop
     vertex -1.795767e+01 -1.233719e+00  0.000000e+00
     vertex -1.791707e+01 -1.725906e+00  0.000000e+00
     vertex -2.488502e+01 -2.394897e+00  0.000000e+00
   endloop
 endfacet
 facet normal -0.000000e+00 -0.000000e+00 -1.000000e+00
   outer loop
     vertex -8.639489e-01 -1.797925e+01  0.000000e+00
     vertex -5.500000e-01 -2.200000e+01  0.000000e+00
     vertex -1.356867e+00 -1.794879e+01  0.000000e+00
   endloop
 endfacet
 facet normal  0.000000e+00  0.000000e+00 -1.000000e+00
   outer loop
     vertex -1.798476e+01 -7.406031e-01  0.000000e+00
     vertex -2.494132e+01 -1.711928e+00  0.000000e+00
     vertex -2.497887e+01 -1.027671e+00  0.000000e+00
   endloop
 endfacet
 facet normal  0.000000e+00 -0.000000e+00 -1.000000e+00
   outer loop
     vertex -1.798476e+01 -7.406031e-01  0.000000e+00
     vertex -1.795767e+01 -1.233719e+00  0.000000e+00
     vertex -2.494132e+01 -1.711928e+00  0.000000e+00
   endloop
 endfacet
 facet normal  0.000000e+00  0.000000e+00 -1.000000e+00
   outer loop
     vertex  4.390685e+00 -2.288524e+01  0.000000e+00
     vertex  5.283736e+00 -2.443526e+01  0.000000e+00
     vertex  4.685462e+00 -2.455700e+01  0.000000e+00
   endloop
 endfacet
 facet normal -0.000000e+00  0.000000e+00 -1.000000e+00
   outer loop
     vertex  5.878859e+00 -2.429895e+01  0.000000e+00
     vertex  5.283736e+00 -2.443526e+01  0.000000e+00
     vertex  4.390685e+00 -2.288524e+01  0.000000e+00
   endloop
 endfacet
 facet normal -0.000000e+00  0.000000e+00 -1.000000e+00
   outer loop
     vertex -3.703800e-01 -1.799619e+01  0.000000e+00
     vertex -5.500000e-01 -2.200000e+01  0.000000e+00
     vertex -8.639489e-01 -1.797925e+01  0.000000e+00
   endloop
 endfacet
 facet normal  0.000000e+00  0.000000e+00 -1.000000e+00
   outer loop
     vertex -1.799831e+01 -2.469297e-01  0.000000e+00
     vertex -2.497887e+01 -1.027671e+00  0.000000e+00
     vertex -2.499765e+01 -3.426429e-01  0.000000e+00
   endloop
 endfacet
 facet normal  0.000000e+00 -0.000000e+00 -1.000000e+00
   outer loop
     vertex -1.799831e+01 -2.469297e-01  0.000000e+00
     vertex -1.798476e+01 -7.406031e-01  0.000000e+00
     vertex -2.497887e+01 -1.027671e+00  0.000000e+00
   endloop
 endfacet
 facet normal  0.000000e+00 -0.000000e+00 -1.000000e+00
   outer loop
     vertex  1.234677e-01 -1.799958e+01  0.000000e+00
     vertex  5.500000e-01 -2.200000e+01  0.000000e+00
     vertex -5.500000e-01 -2.200000e+01  0.000000e+00
   endloop
 endfacet
 facet normal -0.000000e+00  0.000000e+00 -1.000000e+00
   outer loop
     vertex  1.234677e-01 -1.799958e+01  0.000000e+00
     vertex -5.500000e-01 -2.200000e+01  0.000000e+00
     vertex -3.703800e-01 -1.799619e+01  0.000000e+00
   endloop
 endfacet
 facet normal  0.000000e+00  0.000000e+00 -1.000000e+00
   outer loop
     vertex -1.799831e+01  2.469297e-01  0.000000e+00
     vertex -2.499765e+01  3.426429e-01  0.000000e+00
     vertex -2.497887e+01  1.027671e+00  0.000000e+00
   endloop
 endfacet
 facet normal -0.000000e+00  0.000000e+00 -1.000000e+00
   outer loop
     vertex -1.799831e+01  2.469297e-01  0.000000e+00
     vertex -2.499765e+01 -3.426429e-01  0.000000e+00
     vertex -2.499765e+01  3.426429e-01  0.000000e+00
   endloop
 endfacet
 facet normal  0.000000e+00 -0.000000e+00 -1.000000e+00
   outer loop
     vertex -1.799831e+01  2.469297e-01  0.000000e+00
     vertex -1.799831e+01 -2.469297e-01  0.000000e+00
     vertex -2.499765e+01 -3.426429e-01  0.000000e+00
   endloop
 endfacet
 facet normal -0.000000e+00  0.000000e+00 -1.000000e+00
   outer loop
     vertex  6.470476e+00 -2.414815e+01  0.000000e+00
     vertex  5.878859e+00 -2.429895e+01  0.000000e+00
     vertex  4.390685e+00 -2.288524e+01  0.000000e+00
   endloop
 endfacet
 facet normal  0.000000e+00  0.000000e+00 -1.000000e+00
   outer loop
     vertex  6.172225e-01 -1.798941e+01  0.000000e+00
     vertex  5.500000e-01 -2.200000e+01  0.000000e+00
     vertex  1.234677e-01 -1.799958e+01  0.000000e+00
   endloop
 endfacet
 facet normal  0.000000e+00  0.000000e+00 -1.000000e+00
   outer loop
     vertex -1.798476e+01  7.406031e-01  0.000000e+00
     vertex -2.497887e+01  1.027671e+00  0.000000e+00
     vertex -2.494132e+01  1.711928e+00  0.000000e+00
   endloop
 endfacet
 facet normal -0.000000e+00  0.000000e+00 -1.000000e+00
   outer loop
     vertex -1.798476e+01  7.406031e-01  0.000000e+00
     vertex -1.799831e+01  2.469297e-01  0.000000e+00
     vertex -2.497887e+01  1.027671e+00  0.000000e+00
   endloop
 endfacet
 facet normal  0.000000e+00  0.000000e+00 -1.000000e+00
   outer loop
     vertex  1.110513e+00 -1.796571e+01  0.000000e+00
     vertex  5.500000e-01 -2.200000e+01  0.000000e+00
     vertex  6.172225e-01 -1.798941e+01  0.000000e+00
   endloop
 endfacet
 facet normal  0.000000e+00  0.000000e+00 -1.000000e+00
   outer loop
     vertex -1.795767e+01  1.233719e+00  0.000000e+00
     vertex -2.494132e+01  1.711928e+00  0.000000e+00
     vertex -2.488502e+01  2.394897e+00  0.000000e+00
   endloop
 endfacet
 facet normal -0.000000e+00  0.000000e+00 -1.000000e+00
   outer loop
     vertex -1.795767e+01  1.233719e+00  0.000000e+00
     vertex -1.798476e+01  7.406031e-01  0.000000e+00
     vertex -2.494132e+01  1.711928e+00  0.000000e+00
   endloop
 endfacet
 facet normal  0.000000e+00  0.000000e+00 -1.000000e+00
   outer loop
     vertex  1.602967e+00 -1.792848e+01  0.000000e+00
     vertex  5.500000e-01 -2.200000e+01  0.000000e+00
     vertex  1.110513e+00 -1.796571e+01  0.000000e+00
   endloop
 endfacet
 facet normal  0.000000e+00  0.000000e+00 -1.000000e+00
   outer loop
     vertex -1.791707e+01  1.725906e+00  0.000000e+00
     vertex -2.488502e+01  2.394897e+00  0.000000e+00
     vertex -2.481003e+01  3.076068e+00  0.000000e+00
   endloop
 endfacet
 facet normal -0.000000e+00  0.000000e+00 -1.000000e+00
   outer loop
     vertex -1.791707e+01  1.725906e+00  0.000000e+00
     vertex -1.795767e+01  1.233719e+00  0.000000e+00
     vertex -2.488502e+01  2.394897e+00  0.000000e+00
   endloop
 endfacet
 facet normal  0.000000e+00  0.000000e+00 -1.000000e+00
   outer loop
     vertex  2.094214e+00 -1.787776e+01  0.000000e+00
     vertex  5.500000e-01 -2.200000e+01  0.000000e+00
     vertex  1.602967e+00 -1.792848e+01  0.000000e+00
   endloop
 endfacet
 facet normal  0.000000e+00  0.000000e+00 -1.000000e+00
   outer loop
     vertex -1.786297e+01  2.216794e+00  0.000000e+00
     vertex -2.481003e+01  3.076068e+00  0.000000e+00
     vertex -2.471640e+01  3.754927e+00  0.000000e+00
   endloop
 endfacet
 facet normal -0.000000e+00  0.000000e+00 -1.000000e+00
   outer loop
     vertex -1.786297e+01  2.216794e+00  0.000000e+00
     vertex -1.791707e+01  1.725906e+00  0.000000e+00
     vertex -2.481003e+01  3.076068e+00  0.000000e+00
   endloop
 endfacet
 facet normal  0.000000e+00  0.000000e+00 -1.000000e+00
   outer loop
     vertex  2.583885e+00 -1.781358e+01  0.000000e+00
     vertex  5.500000e-01 -2.200000e+01  0.000000e+00
     vertex  2.094214e+00 -1.787776e+01  0.000000e+00
   endloop
 endfacet
 facet normal  0.000000e+00 -0.000000e+00 -1.000000e+00
   outer loop
     vertex  2.583885e+00 -1.781358e+01  0.000000e+00
     vertex  3.701320e+00 -2.300680e+01  0.000000e+00
     vertex  5.500000e-01 -2.200000e+01  0.000000e+00
   endloop
 endfacet
 facet normal  0.000000e+00  0.000000e+00 -1.000000e+00
   outer loop
     vertex -1.779543e+01  2.706014e+00  0.000000e+00
     vertex -2.471640e+01  3.754927e+00  0.000000e+00
     vertex -2.460420e+01  4.430965e+00  0.000000e+00
   endloop
 endfacet
 facet normal -0.000000e+00  0.000000e+00 -1.000000e+00
   outer loop
     vertex -1.779543e+01  2.706014e+00  0.000000e+00
     vertex -1.786297e+01  2.216794e+00  0.000000e+00
     vertex -2.471640e+01  3.754927e+00  0.000000e+00
   endloop
 endfacet
 facet normal  0.000000e+00  0.000000e+00 -1.000000e+00
   outer loop
     vertex  3.071611e+00 -1.773599e+01  0.000000e+00
     vertex  4.390685e+00 -2.288524e+01  0.000000e+00
     vertex  3.701320e+00 -2.300680e+01  0.000000e+00
   endloop
 endfacet
 facet normal  0.000000e+00 -0.000000e+00 -1.000000e+00
   outer loop
     vertex  3.071611e+00 -1.773599e+01  0.000000e+00
     vertex  3.701320e+00 -2.300680e+01  0.000000e+00
     vertex  2.583885e+00 -1.781358e+01  0.000000e+00
   endloop
 endfacet
 facet normal  0.000000e+00  0.000000e+00 -1.000000e+00
   outer loop
     vertex -1.771450e+01  3.193196e+00  0.000000e+00
     vertex -2.460420e+01  4.430965e+00  0.000000e+00
     vertex -2.447351e+01  5.103673e+00  0.000000e+00
   endloop
 endfacet
 facet normal -0.000000e+00  0.000000e+00 -1.000000e+00
   outer loop
     vertex -1.771450e+01  3.193196e+00  0.000000e+00
     vertex -1.779543e+01  2.706014e+00  0.000000e+00
     vertex -2.460420e+01  4.430965e+00  0.000000e+00
   endloop
 endfacet
 facet normal  0.000000e+00  0.000000e+00 -1.000000e+00
   outer loop
     vertex  7.640177e+00 -2.201455e+01  0.000000e+00
     vertex  7.058234e+00 -2.398294e+01  0.000000e+00
     vertex  6.470476e+00 -2.414815e+01  0.000000e+00
   endloop
 endfacet
 facet normal  0.000000e+00 -0.000000e+00 -1.000000e+00
   outer loop
     vertex  7.640177e+00 -2.201455e+01  0.000000e+00
     vertex  7.641782e+00 -2.380343e+01  0.000000e+00
     vertex  7.058234e+00 -2.398294e+01  0.000000e+00
   endloop
 endfacet
 facet normal  0.000000e+00  0.000000e+00 -1.000000e+00
   outer loop
     vertex  7.640177e+00 -2.201455e+01  0.000000e+00
     vertex  8.220773e+00 -2.360972e+01  0.000000e+00
     vertex  7.641782e+00 -2.380343e+01  0.000000e+00
   endloop
 endfacet
 facet normal  0.000000e+00  0.000000e+00 -1.000000e+00
   outer loop
     vertex  7.640177e+00 -2.201455e+01  0.000000e+00
     vertex  6.470476e+00 -2.414815e+01  0.000000e+00
     vertex  4.390685e+00 -2.288524e+01  0.000000e+00
   endloop
 endfacet
 facet normal  0.000000e+00 -0.000000e+00 -1.000000e+00
   outer loop
     vertex  3.557025e+00 -1.764504e+01  0.000000e+00
     vertex  4.390685e+00 -2.288524e+01  0.000000e+00
     vertex  3.071611e+00 -1.773599e+01  0.000000e+00
   endloop
 endfacet
 facet normal  0.000000e+00  0.000000e+00 -1.000000e+00
   outer loop
     vertex -1.762023e+01  3.677975e+00  0.000000e+00
     vertex -2.447351e+01  5.103673e+00  0.000000e+00
     vertex -2.432443e+01  5.772547e+00  0.000000e+00
   endloop
 endfacet
 facet normal -0.000000e+00  0.000000e+00 -1.000000e+00
   outer loop
     vertex -1.762023e+01  3.677975e+00  0.000000e+00
     vertex -1.771450e+01  3.193196e+00  0.000000e+00
     vertex -2.447351e+01  5.103673e+00  0.000000e+00
   endloop
 endfacet
 facet normal  0.000000e+00 -0.000000e+00 -1.000000e+00
   outer loop
     vertex  4.039761e+00 -1.754082e+01  0.000000e+00
     vertex  4.390685e+00 -2.288524e+01  0.000000e+00
     vertex  3.557025e+00 -1.764504e+01  0.000000e+00
   endloop
 endfacet
 facet normal  0.000000e+00  0.000000e+00 -1.000000e+00
   outer loop
     vertex  8.297962e+00 -2.177513e+01  0.000000e+00
     vertex  9.415728e+00 -2.315910e+01  0.000000e+00
     vertex  8.878558e+00 -2.337031e+01  0.000000e+00
   endloop
 endfacet
 facet normal  0.000000e+00  0.000000e+00 -1.000000e+00
   outer loop
     vertex -1.751270e+01  4.159984e+00  0.000000e+00
     vertex -2.432443e+01  5.772547e+00  0.000000e+00
     vertex -2.415707e+01  6.437083e+00  0.000000e+00
   endloop
 endfacet
 facet normal -0.000000e+00  0.000000e+00 -1.000000e+00
   outer loop
     vertex -1.751270e+01  4.159984e+00  0.000000e+00
     vertex -1.762023e+01  3.677975e+00  0.000000e+00
     vertex -2.432443e+01  5.772547e+00  0.000000e+00
   endloop
 endfacet
 facet normal -0.000000e+00  0.000000e+00 -1.000000e+00
   outer loop
     vertex  9.947879e+00 -2.293556e+01  0.000000e+00
     vertex  9.415728e+00 -2.315910e+01  0.000000e+00
     vertex  8.297962e+00 -2.177513e+01  0.000000e+00
   endloop
 endfacet
 facet normal  0.000000e+00 -0.000000e+00 -1.000000e+00
   outer loop
     vertex  4.519457e+00 -1.742339e+01  0.000000e+00
     vertex  7.640177e+00 -2.201455e+01  0.000000e+00
     vertex  4.390685e+00 -2.288524e+01  0.000000e+00
   endloop
 endfacet
 facet normal  0.000000e+00  0.000000e+00 -1.000000e+00
   outer loop
     vertex  4.519457e+00 -1.742339e+01  0.000000e+00
     vertex  4.390685e+00 -2.288524e+01  0.000000e+00
     vertex  4.039761e+00 -1.754082e+01  0.000000e+00
   endloop
 endfacet
 facet normal  0.000000e+00  0.000000e+00 -1.000000e+00
   outer loop
     vertex -1.739198e+01  4.638863e+00  0.000000e+00
     vertex -2.415707e+01  6.437083e+00  0.000000e+00
     vertex -2.397156e+01  7.096782e+00  0.000000e+00
   endloop
 endfacet
 facet normal -0.000000e+00  0.000000e+00 -1.000000e+00
   outer loop
     vertex -1.739198e+01  4.638863e+00  0.000000e+00
     vertex -1.751270e+01  4.159984e+00  0.000000e+00
     vertex -2.415707e+01  6.437083e+00  0.000000e+00
   endloop
 endfacet
 facet normal  0.000000e+00 -0.000000e+00 -1.000000e+00
   outer loop
     vertex  4.995750e+00 -1.729284e+01  0.000000e+00
     vertex  7.640177e+00 -2.201455e+01  0.000000e+00
     vertex  4.519457e+00 -1.742339e+01  0.000000e+00
   endloop
 endfacet
 facet normal -0.000000e+00  0.000000e+00 -1.000000e+00
   outer loop
     vertex  1.047473e+01 -2.269978e+01  0.000000e+00
     vertex  9.947879e+00 -2.293556e+01  0.000000e+00
     vertex  8.297962e+00 -2.177513e+01  0.000000e+00
   endloop
 endfacet
 facet normal  0.000000e+00  0.000000e+00 -1.000000e+00
   outer loop
     vertex -1.725817e+01  5.114249e+00  0.000000e+00
     vertex -2.397156e+01  7.096782e+00  0.000000e+00
     vertex -2.376804e+01  7.751149e+00  0.000000e+00
   endloop
 endfacet
 facet normal -0.000000e+00  0.000000e+00 -1.000000e+00
   outer loop
     vertex -1.725817e+01  5.114249e+00  0.000000e+00
     vertex -1.739198e+01  4.638863e+00  0.000000e+00
     vertex -2.397156e+01  7.096782e+00  0.000000e+00
   endloop
 endfacet
 facet normal  0.000000e+00 -0.000000e+00 -1.000000e+00
   outer loop
     vertex  5.468282e+00 -1.714928e+01  0.000000e+00
     vertex  7.640177e+00 -2.201455e+01  0.000000e+00
     vertex  4.995750e+00 -1.729284e+01  0.000000e+00
   endloop
 endfacet
 facet normal  0.000000e+00  0.000000e+00 -1.000000e+00
   outer loop
     vertex -1.711137e+01  5.585786e+00  0.000000e+00
     vertex -2.376804e+01  7.751149e+00  0.000000e+00
     vertex -2.354666e+01  8.399692e+00  0.000000e+00
   endloop
 endfacet
 facet normal -0.000000e+00  0.000000e+00 -1.000000e+00
   outer loop
     vertex -1.711137e+01  5.585786e+00  0.000000e+00
     vertex -1.725817e+01  5.114249e+00  0.000000e+00
     vertex -2.376804e+01  7.751149e+00  0.000000e+00
   endloop
 endfacet
 facet normal  0.000000e+00  0.000000e+00 -1.000000e+00
   outer loop
     vertex  5.936698e+00 -1.699281e+01  0.000000e+00
     vertex  8.297962e+00 -2.177513e+01  0.000000e+00
     vertex  7.640177e+00 -2.201455e+01  0.000000e+00
   endloop
 endfacet
 facet normal  0.000000e+00 -0.000000e+00 -1.000000e+00
   outer loop
     vertex  5.936698e+00 -1.699281e+01  0.000000e+00
     vertex  7.640177e+00 -2.201455e+01  0.000000e+00
     vertex  5.468282e+00 -1.714928e+01  0.000000e+00
   endloop
 endfacet
 facet normal -0.000000e+00  0.000000e+00 -1.000000e+00
   outer loop
     vertex -1.695169e+01  6.053118e+00  0.000000e+00
     vertex -1.711137e+01  5.585786e+00  0.000000e+00
     vertex -2.354666e+01  8.399692e+00  0.000000e+00
   endloop
 endfacet
 facet normal  0.000000e+00  0.000000e+00 -1.000000e+00
   outer loop
     vertex -1.695169e+01  6.053118e+00  0.000000e+00
     vertex -2.354666e+01  8.399692e+00  0.000000e+00
     vertex -2.330759e+01  9.041923e+00  0.000000e+00
   endloop
 endfacet
 facet normal  0.000000e+00 -0.000000e+00 -1.000000e+00
   outer loop
     vertex  6.400645e+00 -1.682355e+01  0.000000e+00
     vertex  8.297962e+00 -2.177513e+01  0.000000e+00
     vertex  5.936698e+00 -1.699281e+01  0.000000e+00
   endloop
 endfacet
 facet normal  0.000000e+00  0.000000e+00 -1.000000e+00
   outer loop
     vertex -1.677925e+01  6.515893e+00  0.000000e+00
     vertex -2.330759e+01  9.041923e+00  0.000000e+00
     vertex -2.305100e+01  9.677360e+00  0.000000e+00
   endloop
 endfacet
 facet normal -0.000000e+00  0.000000e+00 -1.000000e+00
   outer loop
     vertex -1.677925e+01  6.515893e+00  0.000000e+00
     vertex -1.695169e+01  6.053118e+00  0.000000e+00
     vertex -2.330759e+01  9.041923e+00  0.000000e+00
   endloop
 endfacet
 facet normal  0.000000e+00 -0.000000e+00 -1.000000e+00
   outer loop
     vertex  6.859774e+00 -1.664162e+01  0.000000e+00
     vertex  8.297962e+00 -2.177513e+01  0.000000e+00
     vertex  6.400645e+00 -1.682355e+01  0.000000e+00
   endloop
 endfacet
 facet normal  0.000000e+00  0.000000e+00 -1.000000e+00
   outer loop
     vertex -1.659417e+01  6.973763e+00  0.000000e+00
     vertex -2.305100e+01  9.677360e+00  0.000000e+00
     vertex -2.277710e+01  1.030553e+01  0.000000e+00
   endloop
 endfacet
 facet normal -0.000000e+00  0.000000e+00 -1.000000e+00
   outer loop
     vertex -1.659417e+01  6.973763e+00  0.000000e+00
     vertex -1.677925e+01  6.515893e+00  0.000000e+00
     vertex -2.305100e+01  9.677360e+00  0.000000e+00
   endloop
 endfacet
 facet normal  0.000000e+00  0.000000e+00 -1.000000e+00
   outer loop
     vertex -1.639661e+01  7.426383e+00  0.000000e+00
     vertex -2.277710e+01  1.030553e+01  0.000000e+00
     vertex -2.248608e+01  1.092595e+01  0.000000e+00
   endloop
 endfacet
 facet normal -0.000000e+00  0.000000e+00 -1.000000e+00
   outer loop
     vertex -1.639661e+01  7.426383e+00  0.000000e+00
     vertex -1.659417e+01  6.973763e+00  0.000000e+00
     vertex -2.277710e+01  1.030553e+01  0.000000e+00
   endloop
 endfacet
 facet normal  0.000000e+00 -0.000000e+00 -1.000000e+00
   outer loop
     vertex  1.052369e+01 -1.932756e+01  0.000000e+00
     vertex  1.099599e+01 -2.245191e+01  0.000000e+00
     vertex  1.047473e+01 -2.269978e+01  0.000000e+00
   endloop
 endfacet
 facet normal  0.000000e+00  0.000000e+00 -1.000000e+00
   outer loop
     vertex  1.052369e+01 -1.932756e+01  0.000000e+00
     vertex  1.151139e+01 -2.219207e+01  0.000000e+00
     vertex  1.099599e+01 -2.245191e+01  0.000000e+00
   endloop
 endfacet
 facet normal  0.000000e+00  0.000000e+00 -1.000000e+00
   outer loop
     vertex  1.052369e+01 -1.932756e+01  0.000000e+00
     vertex  1.202066e+01 -2.192040e+01  0.000000e+00
     vertex  1.151139e+01 -2.219207e+01  0.000000e+00
   endloop
 endfacet
 facet normal  0.000000e+00  0.000000e+00 -1.000000e+00
   outer loop
     vertex  1.052369e+01 -1.932756e+01  0.000000e+00
     vertex  1.047473e+01 -2.269978e+01  0.000000e+00
     vertex  8.297962e+00 -2.177513e+01  0.000000e+00
   endloop
 endfacet
 facet normal  0.000000e+00  0.000000e+00 -1.000000e+00
   outer loop
     vertex  1.052369e+01 -1.932756e+01  0.000000e+00
     vertex  6.859774e+00 -1.664162e+01  0.000000e+00
     vertex  7.313739e+00 -1.644716e+01  0.000000e+00
   endloop
 endfacet
 facet normal -0.000000e+00  0.000000e+00 -1.000000e+00
   outer loop
     vertex  1.052369e+01 -1.932756e+01  0.000000e+00
     vertex  8.297962e+00 -2.177513e+01  0.000000e+00
     vertex  6.859774e+00 -1.664162e+01  0.000000e+00
   endloop
 endfacet
 facet normal  0.000000e+00 -0.000000e+00 -1.000000e+00
   outer loop
     vertex  7.762199e+00 -1.624033e+01  0.000000e+00
     vertex  1.052369e+01 -1.932756e+01  0.000000e+00
     vertex  7.313739e+00 -1.644716e+01  0.000000e+00
   endloop
 endfacet
 facet normal  0.000000e+00  0.000000e+00 -1.000000e+00
   outer loop
     vertex -1.618670e+01  7.873414e+00  0.000000e+00
     vertex -2.248608e+01  1.092595e+01  0.000000e+00
     vertex -2.217816e+01  1.153816e+01  0.000000e+00
   endloop
 endfacet
 facet normal -0.000000e+00  0.000000e+00 -1.000000e+00
   outer loop
     vertex -1.618670e+01  7.873414e+00  0.000000e+00
     vertex -1.639661e+01  7.426383e+00  0.000000e+00
     vertex -2.248608e+01  1.092595e+01  0.000000e+00
   endloop
 endfacet
 facet normal  0.000000e+00 -0.000000e+00 -1.000000e+00
   outer loop
     vertex  8.204815e+00 -1.602127e+01  0.000000e+00
     vertex  1.052369e+01 -1.932756e+01  0.000000e+00
     vertex  7.762199e+00 -1.624033e+01  0.000000e+00
   endloop
 endfacet
 facet normal  0.000000e+00  0.000000e+00 -1.000000e+00
   outer loop
     vertex -1.596461e+01  8.314517e+00  0.000000e+00
     vertex -2.217816e+01  1.153816e+01  0.000000e+00
     vertex -2.185358e+01  1.214171e+01  0.000000e+00
   endloop
 endfacet
 facet normal -0.000000e+00  0.000000e+00 -1.000000e+00
   outer loop
     vertex -1.596461e+01  8.314517e+00  0.000000e+00
     vertex -1.618670e+01  7.873414e+00  0.000000e+00
     vertex -2.217816e+01  1.153816e+01  0.000000e+00
   endloop
 endfacet
 facet normal  0.000000e+00  0.000000e+00 -1.000000e+00
   outer loop
     vertex  1.147631e+01 -1.877756e+01  0.000000e+00
     vertex  1.346320e+01 -2.106519e+01  0.000000e+00
     vertex  1.297329e+01 -2.137040e+01  0.000000e+00
   endloop
 endfacet
 facet normal  0.000000e+00 -0.000000e+00 -1.000000e+00
   outer loop
     vertex  8.641255e+00 -1.579015e+01  0.000000e+00
     vertex  1.052369e+01 -1.932756e+01  0.000000e+00
     vertex  8.204815e+00 -1.602127e+01  0.000000e+00
   endloop
 endfacet
 facet normal -0.000000e+00  0.000000e+00 -1.000000e+00
   outer loop
     vertex -1.573050e+01  8.749362e+00  0.000000e+00
     vertex -1.596461e+01  8.314517e+00  0.000000e+00
     vertex -2.185358e+01  1.214171e+01  0.000000e+00
   endloop
 endfacet
 facet normal  0.000000e+00  0.000000e+00 -1.000000e+00
   outer loop
     vertex -1.573050e+01  8.749362e+00  0.000000e+00
     vertex -2.185358e+01  1.214171e+01  0.000000e+00
     vertex -2.151258e+01  1.273613e+01  0.000000e+00
   endloop
 endfacet
 facet normal -0.000000e+00  0.000000e+00 -1.000000e+00
   outer loop
     vertex  1.394593e+01 -2.074876e+01  0.000000e+00
     vertex  1.346320e+01 -2.106519e+01  0.000000e+00
     vertex  1.147631e+01 -1.877756e+01  0.000000e+00
   endloop
 endfacet
 facet normal  0.000000e+00  0.000000e+00 -1.000000e+00
   outer loop
     vertex  9.071190e+00 -1.554714e+01  0.000000e+00
     vertex  1.147631e+01 -1.877756e+01  0.000000e+00
     vertex  1.052369e+01 -1.932756e+01  0.000000e+00
   endloop
 endfacet
 facet normal  0.000000e+00 -0.000000e+00 -1.000000e+00
   outer loop
     vertex  9.071190e+00 -1.554714e+01  0.000000e+00
     vertex  1.052369e+01 -1.932756e+01  0.000000e+00
     vertex  8.641255e+00 -1.579015e+01  0.000000e+00
   endloop
 endfacet
 facet normal -0.000000e+00  0.000000e+00 -1.000000e+00
   outer loop
     vertex -1.548455e+01  9.177620e+00  0.000000e+00
     vertex -1.573050e+01  8.749362e+00  0.000000e+00
     vertex -2.151258e+01  1.273613e+01  0.000000e+00
   endloop
 endfacet
 facet normal  0.000000e+00  0.000000e+00 -1.000000e+00
   outer loop
     vertex -1.548455e+01  9.177620e+00  0.000000e+00
     vertex -2.151258e+01  1.273613e+01  0.000000e+00
     vertex -2.115542e+01  1.332098e+01  0.000000e+00
   endloop
 endfacet
 facet normal -0.000000e+00  0.000000e+00 -1.000000e+00
   outer loop
     vertex  1.442122e+01 -2.042127e+01  0.000000e+00
     vertex  1.394593e+01 -2.074876e+01  0.000000e+00
     vertex  1.147631e+01 -1.877756e+01  0.000000e+00
   endloop
 endfacet
 facet normal  0.000000e+00 -0.000000e+00 -1.000000e+00
   outer loop
     vertex  9.494297e+00 -1.529243e+01  0.000000e+00
     vertex  1.147631e+01 -1.877756e+01  0.000000e+00
     vertex  9.071190e+00 -1.554714e+01  0.000000e+00
   endloop
 endfacet
 facet normal -0.000000e+00  0.000000e+00 -1.000000e+00
   outer loop
     vertex -1.522694e+01  9.598969e+00  0.000000e+00
     vertex -1.548455e+01  9.177620e+00  0.000000e+00
     vertex -2.115542e+01  1.332098e+01  0.000000e+00
   endloop
 endfacet
 facet normal  0.000000e+00  0.000000e+00 -1.000000e+00
   outer loop
     vertex -1.522694e+01  9.598969e+00  0.000000e+00
     vertex -2.115542e+01  1.332098e+01  0.000000e+00
     vertex -2.078235e+01  1.389582e+01  0.000000e+00
   endloop
 endfacet
 facet normal  0.000000e+00 -0.000000e+00 -1.000000e+00
   outer loop
     vertex  9.910257e+00 -1.502620e+01  0.000000e+00
     vertex  1.147631e+01 -1.877756e+01  0.000000e+00
     vertex  9.494297e+00 -1.529243e+01  0.000000e+00
   endloop
 endfacet
 facet normal -0.000000e+00  0.000000e+00 -1.000000e+00
   outer loop
     vertex -1.495787e+01  1.001309e+01  0.000000e+00
     vertex -1.522694e+01  9.598969e+00  0.000000e+00
     vertex -2.078235e+01  1.389582e+01  0.000000e+00
   endloop
 endfacet
 facet normal  0.000000e+00  0.000000e+00 -1.000000e+00
   outer loop
     vertex -1.495787e+01  1.001309e+01  0.000000e+00
     vertex -2.078235e+01  1.389582e+01  0.000000e+00
     vertex -2.039368e+01  1.446022e+01  0.000000e+00
   endloop
 endfacet
 facet normal  0.000000e+00 -0.000000e+00 -1.000000e+00
   outer loop
     vertex  1.031876e+01 -1.474867e+01  0.000000e+00
     vertex  1.147631e+01 -1.877756e+01  0.000000e+00
     vertex  9.910257e+00 -1.502620e+01  0.000000e+00
   endloop
 endfacet
 facet normal -0.000000e+00  0.000000e+00 -1.000000e+00
   outer loop
     vertex -1.467754e+01  1.041968e+01  0.000000e+00
     vertex -1.495787e+01  1.001309e+01  0.000000e+00
     vertex -2.039368e+01  1.446022e+01  0.000000e+00
   endloop
 endfacet
 facet normal  0.000000e+00  0.000000e+00 -1.000000e+00
   outer loop
     vertex -1.467754e+01  1.041968e+01  0.000000e+00
     vertex -2.039368e+01  1.446022e+01  0.000000e+00
     vertex -1.998968e+01  1.501375e+01  0.000000e+00
   endloop
 endfacet
 facet normal  0.000000e+00 -0.000000e+00 -1.000000e+00
   outer loop
     vertex  1.071949e+01 -1.446003e+01  0.000000e+00
     vertex  1.147631e+01 -1.877756e+01  0.000000e+00
     vertex  1.031876e+01 -1.474867e+01  0.000000e+00
   endloop
 endfacet
 facet normal -0.000000e+00  0.000000e+00 -1.000000e+00
   outer loop
     vertex -1.438617e+01  1.081842e+01  0.000000e+00
     vertex -1.467754e+01  1.041968e+01  0.000000e+00
     vertex -1.998968e+01  1.501375e+01  0.000000e+00
   endloop
 endfacet
 facet normal  0.000000e+00  0.000000e+00 -1.000000e+00
   outer loop
     vertex -1.438617e+01  1.081842e+01  0.000000e+00
     vertex -1.998968e+01  1.501375e+01  0.000000e+00
     vertex -1.957066e+01  1.555601e+01  0.000000e+00
   endloop
 endfacet
 facet normal  0.000000e+00  0.000000e+00 -1.000000e+00
   outer loop
     vertex  1.470884e+01 -1.807381e+01  0.000000e+00
     vertex  1.442122e+01 -2.042127e+01  0.000000e+00
     vertex  1.147631e+01 -1.877756e+01  0.000000e+00
   endloop
 endfacet
 facet normal  0.000000e+00 -0.000000e+00 -1.000000e+00
   outer loop
     vertex  1.470884e+01 -1.807381e+01  0.000000e+00
     vertex  1.488883e+01 -2.008289e+01  0.000000e+00
     vertex  1.442122e+01 -2.042127e+01  0.000000e+00
   endloop
 endfacet
 facet normal  0.000000e+00  0.000000e+00 -1.000000e+00
   outer loop
     vertex  1.470884e+01 -1.807381e+01  0.000000e+00
     vertex  1.534851e+01 -1.973381e+01  0.000000e+00
     vertex  1.488883e+01 -2.008289e+01  0.000000e+00
   endloop
 endfacet
 facet normal  0.000000e+00  0.000000e+00 -1.000000e+00
   outer loop
     vertex  1.470884e+01 -1.807381e+01  0.000000e+00
     vertex  1.580000e+01 -1.937421e+01  0.000000e+00
     vertex  1.534851e+01 -1.973381e+01  0.000000e+00
   endloop
 endfacet
 facet normal  0.000000e+00 -0.000000e+00 -1.000000e+00
   outer loop
     vertex  1.111215e+01 -1.416051e+01  0.000000e+00
     vertex  1.147631e+01 -1.877756e+01  0.000000e+00
     vertex  1.071949e+01 -1.446003e+01  0.000000e+00
   endloop
 endfacet
 facet normal  0.000000e+00  0.000000e+00 -1.000000e+00
   outer loop
     vertex  1.111215e+01 -1.416051e+01  0.000000e+00
     vertex  1.470884e+01 -1.807381e+01  0.000000e+00
     vertex  1.147631e+01 -1.877756e+01  0.000000e+00
   endloop
 endfacet
 facet normal -0.000000e+00  0.000000e+00 -1.000000e+00
   outer loop
     vertex -1.408396e+01  1.120902e+01  0.000000e+00
     vertex -1.438617e+01  1.081842e+01  0.000000e+00
     vertex -1.957066e+01  1.555601e+01  0.000000e+00
   endloop
 endfacet
 facet normal  0.000000e+00  0.000000e+00 -1.000000e+00
   outer loop
     vertex -1.408396e+01  1.120902e+01  0.000000e+00
     vertex -1.957066e+01  1.555601e+01  0.000000e+00
     vertex -1.913693e+01  1.608657e+01  0.000000e+00
   endloop
 endfacet
 facet normal  0.000000e+00  0.000000e+00 -1.000000e+00
   outer loop
     vertex  1.149645e+01 -1.385033e+01  0.000000e+00
     vertex  1.524507e+01 -1.762386e+01  0.000000e+00
     vertex  1.470884e+01 -1.807381e+01  0.000000e+00
   endloop
 endfacet
 facet normal  0.000000e+00 -0.000000e+00 -1.000000e+00
   outer loop
     vertex  1.149645e+01 -1.385033e+01  0.000000e+00
     vertex  1.470884e+01 -1.807381e+01  0.000000e+00
     vertex  1.111215e+01 -1.416051e+01  0.000000e+00
   endloop
 endfacet
 facet normal -0.000000e+00  0.000000e+00 -1.000000e+00
   outer loop
     vertex -1.377115e+01  1.159118e+01  0.000000e+00
     vertex -1.408396e+01  1.120902e+01  0.000000e+00
     vertex -1.913693e+01  1.608657e+01  0.000000e+00
   endloop
 endfacet
 facet normal  0.000000e+00 -0.000000e+00 -1.000000e+00
   outer loop
     vertex -1.868883e+01  1.660505e+01  0.000000e+00
     vertex -1.377115e+01  1.159118e+01  0.000000e+00
     vertex -1.913693e+01  1.608657e+01  0.000000e+00
   endloop
 endfacet
 facet normal -0.000000e+00  0.000000e+00 -1.000000e+00
   outer loop
     vertex  1.679348e+01 -1.851969e+01  0.000000e+00
     vertex  1.633623e+01 -1.892426e+01  0.000000e+00
     vertex  1.524507e+01 -1.762386e+01  0.000000e+00
   endloop
 endfacet
 facet normal  0.000000e+00 -0.000000e+00 -1.000000e+00
   outer loop
     vertex  1.187209e+01 -1.352972e+01  0.000000e+00
     vertex  1.524507e+01 -1.762386e+01  0.000000e+00
     vertex  1.149645e+01 -1.385033e+01  0.000000e+00
   endloop
 endfacet
 facet normal -0.000000e+00  0.000000e+00 -1.000000e+00
   outer loop
     vertex -1.344797e+01  1.196462e+01  0.000000e+00
     vertex -1.377115e+01  1.159118e+01  0.000000e+00
     vertex -1.868883e+01  1.660505e+01  0.000000e+00
   endloop
 endfacet
 facet normal  0.000000e+00 -0.000000e+00 -1.000000e+00
   outer loop
     vertex -1.822668e+01  1.711105e+01  0.000000e+00
     vertex -1.344797e+01  1.196462e+01  0.000000e+00
     vertex -1.868883e+01  1.660505e+01  0.000000e+00
   endloop
 endfacet
 facet normal  0.000000e+00 -0.000000e+00 -1.000000e+00
   outer loop
     vertex  1.223880e+01 -1.319893e+01  0.000000e+00
     vertex  1.524507e+01 -1.762386e+01  0.000000e+00
     vertex  1.187209e+01 -1.352972e+01  0.000000e+00
   endloop
 endfacet
 facet normal -0.000000e+00  0.000000e+00 -1.000000e+00
   outer loop
     vertex  1.724072e+01 -1.810408e+01  0.000000e+00
     vertex  1.679348e+01 -1.851969e+01  0.000000e+00
     vertex  1.524507e+01 -1.762386e+01  0.000000e+00
   endloop
 endfacet
 facet normal -0.000000e+00  0.000000e+00 -1.000000e+00
   outer loop
     vertex -1.311467e+01  1.232905e+01  0.000000e+00
     vertex -1.344797e+01  1.196462e+01  0.000000e+00
     vertex -1.822668e+01  1.711105e+01  0.000000e+00
   endloop
 endfacet
 facet normal  0.000000e+00 -0.000000e+00 -1.000000e+00
   outer loop
     vertex  1.259629e+01 -1.285820e+01  0.000000e+00
     vertex  1.524507e+01 -1.762386e+01  0.000000e+00
     vertex  1.223880e+01 -1.319893e+01  0.000000e+00
   endloop
 endfacet
 facet normal  0.000000e+00 -0.000000e+00 -1.000000e+00
   outer loop
     vertex -1.775084e+01  1.760419e+01  0.000000e+00
     vertex -1.311467e+01  1.232905e+01  0.000000e+00
     vertex -1.822668e+01  1.711105e+01  0.000000e+00
   endloop
 endfacet
 facet normal -0.000000e+00  0.000000e+00 -1.000000e+00
   outer loop
     vertex -1.277150e+01  1.268419e+01  0.000000e+00
     vertex -1.311467e+01  1.232905e+01  0.000000e+00
     vertex -1.775084e+01  1.760419e+01  0.000000e+00
   endloop
 endfacet
 facet normal -0.000000e+00  0.000000e+00 -1.000000e+00
   outer loop
     vertex  1.767767e+01 -1.767767e+01  0.000000e+00
     vertex  1.724072e+01 -1.810408e+01  0.000000e+00
     vertex  1.524507e+01 -1.762386e+01  0.000000e+00
   endloop
 endfacet
 facet normal  0.000000e+00  0.000000e+00 -1.000000e+00
   outer loop
     vertex -1.726166e+01  1.808411e+01  0.000000e+00
     vertex -1.241871e+01  1.302979e+01  0.000000e+00
     vertex -1.277150e+01  1.268419e+01  0.000000e+00
   endloop
 endfacet
 facet normal  0.000000e+00 -0.000000e+00 -1.000000e+00
   outer loop
     vertex -1.726166e+01  1.808411e+01  0.000000e+00
     vertex -1.277150e+01  1.268419e+01  0.000000e+00
     vertex -1.775084e+01  1.760419e+01  0.000000e+00
   endloop
 endfacet
 facet normal  0.000000e+00  0.000000e+00 -1.000000e+00
   outer loop
     vertex -1.675951e+01  1.855044e+01  0.000000e+00
     vertex -1.205658e+01  1.336559e+01  0.000000e+00
     vertex -1.241871e+01  1.302979e+01  0.000000e+00
   endloop
 endfacet
 facet normal  0.000000e+00 -0.000000e+00 -1.000000e+00
   outer loop
     vertex -1.675951e+01  1.855044e+01  0.000000e+00
     vertex -1.241871e+01  1.302979e+01  0.000000e+00
     vertex -1.726166e+01  1.808411e+01  0.000000e+00
   endloop
 endfacet
 facet normal  0.000000e+00  0.000000e+00 -1.000000e+00
   outer loop
     vertex  1.762386e+01 -1.524507e+01  0.000000e+00
     vertex  1.810408e+01 -1.724072e+01  0.000000e+00
     vertex  1.767767e+01 -1.767767e+01  0.000000e+00
   endloop
 endfacet
 facet normal  0.000000e+00  0.000000e+00 -1.000000e+00
   outer loop
     vertex  1.762386e+01 -1.524507e+01  0.000000e+00
     vertex  1.851969e+01 -1.679348e+01  0.000000e+00
     vertex  1.810408e+01 -1.724072e+01  0.000000e+00
   endloop
 endfacet
 facet normal  0.000000e+00  0.000000e+00 -1.000000e+00
   outer loop
     vertex  1.762386e+01 -1.524507e+01  0.000000e+00
     vertex  1.259629e+01 -1.285820e+01  0.000000e+00
     vertex  1.294430e+01 -1.250780e+01  0.000000e+00
   endloop
 endfacet
 facet normal  0.000000e+00  0.000000e+00 -1.000000e+00
   outer loop
     vertex  1.762386e+01 -1.524507e+01  0.000000e+00
     vertex  1.294430e+01 -1.250780e+01  0.000000e+00
     vertex  1.328257e+01 -1.214798e+01  0.000000e+00
   endloop
 endfacet
 facet normal  0.000000e+00  0.000000e+00 -1.000000e+00
   outer loop
     vertex  1.762386e+01 -1.524507e+01  0.000000e+00
     vertex  1.328257e+01 -1.214798e+01  0.000000e+00
     vertex  1.361084e+01 -1.177901e+01  0.000000e+00
   endloop
 endfacet
 facet normal -0.000000e+00  0.000000e+00 -1.000000e+00
   outer loop
     vertex  1.762386e+01 -1.524507e+01  0.000000e+00
     vertex  1.524507e+01 -1.762386e+01  0.000000e+00
     vertex  1.259629e+01 -1.285820e+01  0.000000e+00
   endloop
 endfacet
 facet normal  0.000000e+00 -0.000000e+00 -1.000000e+00
   outer loop
     vertex  1.762386e+01 -1.524507e+01  0.000000e+00
     vertex  1.767767e+01 -1.767767e+01  0.000000e+00
     vertex  1.524507e+01 -1.762386e+01  0.000000e+00
   endloop
 endfacet
 facet normal  0.000000e+00 -0.000000e+00 -1.000000e+00
   outer loop
     vertex  1.392886e+01 -1.140117e+01  0.000000e+00
     vertex  1.762386e+01 -1.524507e+01  0.000000e+00
     vertex  1.361084e+01 -1.177901e+01  0.000000e+00
   endloop
 endfacet
 facet normal -0.000000e+00  0.000000e+00 -1.000000e+00
   outer loop
     vertex  1.892426e+01 -1.633623e+01  0.000000e+00
     vertex  1.851969e+01 -1.679348e+01  0.000000e+00
     vertex  1.762386e+01 -1.524507e+01  0.000000e+00
   endloop
 endfacet
 facet normal  0.000000e+00 -0.000000e+00 -1.000000e+00
   outer loop
     vertex -1.624477e+01  1.900283e+01  0.000000e+00
     vertex -1.205658e+01  1.336559e+01  0.000000e+00
     vertex -1.675951e+01  1.855044e+01  0.000000e+00
   endloop
 endfacet
 facet normal  0.000000e+00  0.000000e+00 -1.000000e+00
   outer loop
     vertex -1.624477e+01  1.900283e+01  0.000000e+00
     vertex -1.168537e+01  1.369132e+01  0.000000e+00
     vertex -1.205658e+01  1.336559e+01  0.000000e+00
   endloop
 endfacet
 facet normal -0.000000e+00  0.000000e+00 -1.000000e+00
   outer loop
     vertex  1.807381e+01 -1.470884e+01  0.000000e+00
     vertex  1.762386e+01 -1.524507e+01  0.000000e+00
     vertex  1.392886e+01 -1.140117e+01  0.000000e+00
   endloop
 endfacet
 facet normal  0.000000e+00  0.000000e+00 -1.000000e+00
   outer loop
     vertex  1.807381e+01 -1.470884e+01  0.000000e+00
     vertex  1.392886e+01 -1.140117e+01  0.000000e+00
     vertex  1.423640e+01 -1.101476e+01  0.000000e+00
   endloop
 endfacet
 facet normal  0.000000e+00 -0.000000e+00 -1.000000e+00
   outer loop
     vertex -1.571782e+01  1.944094e+01  0.000000e+00
     vertex -1.168537e+01  1.369132e+01  0.000000e+00
     vertex -1.624477e+01  1.900283e+01  0.000000e+00
   endloop
 endfacet
 facet normal  0.000000e+00  0.000000e+00 -1.000000e+00
   outer loop
     vertex -1.571782e+01  1.944094e+01  0.000000e+00
     vertex -1.130536e+01  1.400674e+01  0.000000e+00
     vertex -1.168537e+01  1.369132e+01  0.000000e+00
   endloop
 endfacet
 facet normal -0.000000e+00  0.000000e+00 -1.000000e+00
   outer loop
     vertex  1.973381e+01 -1.534851e+01  0.000000e+00
     vertex  1.937421e+01 -1.580000e+01  0.000000e+00
     vertex  1.807381e+01 -1.470884e+01  0.000000e+00
   endloop
 endfacet
 facet normal  0.000000e+00 -0.000000e+00 -1.000000e+00
   outer loop
     vertex -1.517906e+01  1.986444e+01  0.000000e+00
     vertex -1.130536e+01  1.400674e+01  0.000000e+00
     vertex -1.571782e+01  1.944094e+01  0.000000e+00
   endloop
 endfacet
 facet normal  0.000000e+00  0.000000e+00 -1.000000e+00
   outer loop
     vertex -1.517906e+01  1.986444e+01  0.000000e+00
     vertex -1.091685e+01  1.431162e+01  0.000000e+00
     vertex -1.130536e+01  1.400674e+01  0.000000e+00
   endloop
 endfacet
 facet normal -0.000000e+00  0.000000e+00 -1.000000e+00
   outer loop
     vertex  2.008289e+01 -1.488883e+01  0.000000e+00
     vertex  1.973381e+01 -1.534851e+01  0.000000e+00
     vertex  1.807381e+01 -1.470884e+01  0.000000e+00
   endloop
 endfacet
 facet normal  0.000000e+00 -0.000000e+00 -1.000000e+00
   outer loop
     vertex -1.462890e+01  2.027302e+01  0.000000e+00
     vertex -1.091685e+01  1.431162e+01  0.000000e+00
     vertex -1.517906e+01  1.986444e+01  0.000000e+00
   endloop
 endfacet
 facet normal  0.000000e+00  0.000000e+00 -1.000000e+00
   outer loop
     vertex -1.462890e+01  2.027302e+01  0.000000e+00
     vertex -1.052011e+01  1.460573e+01  0.000000e+00
     vertex -1.091685e+01  1.431162e+01  0.000000e+00
   endloop
 endfacet
 facet normal  0.000000e+00  0.000000e+00 -1.000000e+00
   outer loop
     vertex  2.042127e+01 -1.442122e+01  0.000000e+00
     vertex  2.008289e+01 -1.488883e+01  0.000000e+00
     vertex  1.807381e+01 -1.470884e+01  0.000000e+00
   endloop
 endfacet
 facet normal  0.000000e+00 -0.000000e+00 -1.000000e+00
   outer loop
     vertex -1.406774e+01  2.066637e+01  0.000000e+00
     vertex -1.052011e+01  1.460573e+01  0.000000e+00
     vertex -1.462890e+01  2.027302e+01  0.000000e+00
   endloop
 endfacet
 facet normal  0.000000e+00  0.000000e+00 -1.000000e+00
   outer loop
     vertex -1.406774e+01  2.066637e+01  0.000000e+00
     vertex -1.011546e+01  1.488884e+01  0.000000e+00
     vertex -1.052011e+01  1.460573e+01  0.000000e+00
   endloop
 endfacet
 facet normal -0.000000e+00  0.000000e+00 -1.000000e+00
   outer loop
     vertex  1.877756e+01 -1.147631e+01  0.000000e+00
     vertex  1.807381e+01 -1.470884e+01  0.000000e+00
     vertex  1.423640e+01 -1.101476e+01  0.000000e+00
   endloop
 endfacet
 facet normal  0.000000e+00  0.000000e+00 -1.000000e+00
   outer loop
     vertex  1.877756e+01 -1.147631e+01  0.000000e+00
     vertex  2.074876e+01 -1.394593e+01  0.000000e+00
     vertex  2.042127e+01 -1.442122e+01  0.000000e+00
   endloop
 endfacet
 facet normal  0.000000e+00 -0.000000e+00 -1.000000e+00
   outer loop
     vertex  1.877756e+01 -1.147631e+01  0.000000e+00
     vertex  2.042127e+01 -1.442122e+01  0.000000e+00
     vertex  1.807381e+01 -1.470884e+01  0.000000e+00
   endloop
 endfacet
 facet normal  0.000000e+00  0.000000e+00 -1.000000e+00
   outer loop
     vertex  1.877756e+01 -1.147631e+01  0.000000e+00
     vertex  1.423640e+01 -1.101476e+01  0.000000e+00
     vertex  1.453322e+01 -1.062005e+01  0.000000e+00
   endloop
 endfacet
 facet normal  0.000000e+00  0.000000e+00 -1.000000e+00
   outer loop
     vertex  1.877756e+01 -1.147631e+01  0.000000e+00
     vertex  1.453322e+01 -1.062005e+01  0.000000e+00
     vertex  1.481910e+01 -1.021735e+01  0.000000e+00
   endloop
 endfacet
 facet normal  0.000000e+00  0.000000e+00 -1.000000e+00
   outer loop
     vertex  1.877756e+01 -1.147631e+01  0.000000e+00
     vertex  1.481910e+01 -1.021735e+01  0.000000e+00
     vertex  1.509383e+01 -9.806954e+00  0.000000e+00
   endloop
 endfacet
 facet normal  0.000000e+00  0.000000e+00 -1.000000e+00
   outer loop
     vertex  1.877756e+01 -1.147631e+01  0.000000e+00
     vertex  1.509383e+01 -9.806954e+00  0.000000e+00
     vertex  1.535719e+01 -9.389178e+00  0.000000e+00
   endloop
 endfacet
 facet normal  0.000000e+00  0.000000e+00 -1.000000e+00
   outer loop
     vertex  1.877756e+01 -1.147631e+01  0.000000e+00
     vertex  1.535719e+01 -9.389178e+00  0.000000e+00
     vertex  1.560899e+01 -8.964334e+00  0.000000e+00
   endloop
 endfacet
 facet normal  0.000000e+00  0.000000e+00 -1.000000e+00
   outer loop
     vertex -1.349601e+01  2.104418e+01  0.000000e+00
     vertex -9.703190e+00  1.516074e+01  0.000000e+00
     vertex -1.011546e+01  1.488884e+01  0.000000e+00
   endloop
 endfacet
 facet normal  0.000000e+00 -0.000000e+00 -1.000000e+00
   outer loop
     vertex -1.349601e+01  2.104418e+01  0.000000e+00
     vertex -1.011546e+01  1.488884e+01  0.000000e+00
     vertex -1.406774e+01  2.066637e+01  0.000000e+00
   endloop
 endfacet
 facet normal -0.000000e+00  0.000000e+00 -1.000000e+00
   outer loop
     vertex  2.106519e+01 -1.346320e+01  0.000000e+00
     vertex  2.074876e+01 -1.394593e+01  0.000000e+00
     vertex  1.877756e+01 -1.147631e+01  0.000000e+00
   endloop
 endfacet
 facet normal -0.000000e+00  0.000000e+00 -1.000000e+00
   outer loop
     vertex  2.137040e+01 -1.297329e+01  0.000000e+00
     vertex  2.106519e+01 -1.346320e+01  0.000000e+00
     vertex  1.877756e+01 -1.147631e+01  0.000000e+00
   endloop
 endfacet
 facet normal  0.000000e+00  0.000000e+00 -1.000000e+00
   outer loop
     vertex -1.291415e+01  2.140619e+01  0.000000e+00
     vertex -9.283617e+00  1.542123e+01  0.000000e+00
     vertex -9.703190e+00  1.516074e+01  0.000000e+00
   endloop
 endfacet
 facet normal  0.000000e+00 -0.000000e+00 -1.000000e+00
   outer loop
     vertex -1.291415e+01  2.140619e+01  0.000000e+00
     vertex -9.703190e+00  1.516074e+01  0.000000e+00
     vertex -1.349601e+01  2.104418e+01  0.000000e+00
   endloop
 endfacet
 facet normal -0.000000e+00  0.000000e+00 -1.000000e+00
   outer loop
     vertex  1.932756e+01 -1.052369e+01  0.000000e+00
     vertex  1.877756e+01 -1.147631e+01  0.000000e+00
     vertex  1.560899e+01 -8.964334e+00  0.000000e+00
   endloop
 endfacet
 facet normal  0.000000e+00  0.000000e+00 -1.000000e+00
   outer loop
     vertex  1.932756e+01 -1.052369e+01  0.000000e+00
     vertex  1.560899e+01 -8.964334e+00  0.000000e+00
     vertex  1.584905e+01 -8.532742e+00  0.000000e+00
   endloop
 endfacet
 facet normal  0.000000e+00  0.000000e+00 -1.000000e+00
   outer loop
     vertex  1.932756e+01 -1.052369e+01  0.000000e+00
     vertex  1.584905e+01 -8.532742e+00  0.000000e+00
     vertex  1.607717e+01 -8.094727e+00  0.000000e+00
   endloop
 endfacet
 facet normal  0.000000e+00  0.000000e+00 -1.000000e+00
   outer loop
     vertex  1.932756e+01 -1.052369e+01  0.000000e+00
     vertex  1.607717e+01 -8.094727e+00  0.000000e+00
     vertex  1.629319e+01 -7.650619e+00  0.000000e+00
   endloop
 endfacet
 facet normal  0.000000e+00 -0.000000e+00 -1.000000e+00
   outer loop
     vertex  1.649694e+01 -7.200751e+00  0.000000e+00
     vertex  1.932756e+01 -1.052369e+01  0.000000e+00
     vertex  1.629319e+01 -7.650619e+00  0.000000e+00
   endloop
 endfacet
 facet normal  0.000000e+00  0.000000e+00 -1.000000e+00
   outer loop
     vertex -1.232257e+01  2.175211e+01  0.000000e+00
     vertex -8.857056e+00  1.567012e+01  0.000000e+00
     vertex -9.283617e+00  1.542123e+01  0.000000e+00
   endloop
 endfacet
 facet normal  0.000000e+00 -0.000000e+00 -1.000000e+00
   outer loop
     vertex -1.232257e+01  2.175211e+01  0.000000e+00
     vertex -9.283617e+00  1.542123e+01  0.000000e+00
     vertex -1.291415e+01  2.140619e+01  0.000000e+00
   endloop
 endfacet
 facet normal  0.000000e+00 -0.000000e+00 -1.000000e+00
   outer loop
     vertex  1.668828e+01 -6.745463e+00  0.000000e+00
     vertex  1.932756e+01 -1.052369e+01  0.000000e+00
     vertex  1.649694e+01 -7.200751e+00  0.000000e+00
   endloop
 endfacet
 facet normal  0.000000e+00 -0.000000e+00 -1.000000e+00
   outer loop
     vertex -1.172174e+01  2.208168e+01  0.000000e+00
     vertex -8.857056e+00  1.567012e+01  0.000000e+00
     vertex -1.232257e+01  2.175211e+01  0.000000e+00
   endloop
 endfacet
 facet normal  0.000000e+00  0.000000e+00 -1.000000e+00
   outer loop
     vertex -1.172174e+01  2.208168e+01  0.000000e+00
     vertex -8.423828e+00  1.590720e+01  0.000000e+00
     vertex -8.857056e+00  1.567012e+01  0.000000e+00
   endloop
 endfacet
 facet normal -0.000000e+00  0.000000e+00 -1.000000e+00
   outer loop
     vertex  2.219207e+01 -1.151139e+01  0.000000e+00
     vertex  2.192040e+01 -1.202066e+01  0.000000e+00
     vertex  1.932756e+01 -1.052369e+01  0.000000e+00
   endloop
 endfacet
 facet normal  0.000000e+00  0.000000e+00 -1.000000e+00
   outer loop
     vertex -1.111211e+01  2.239467e+01  0.000000e+00
     vertex -7.984258e+00  1.613232e+01  0.000000e+00
     vertex -8.423828e+00  1.590720e+01  0.000000e+00
   endloop
 endfacet
 facet normal  0.000000e+00 -0.000000e+00 -1.000000e+00
   outer loop
     vertex -1.111211e+01  2.239467e+01  0.000000e+00
     vertex -8.423828e+00  1.590720e+01  0.000000e+00
     vertex -1.172174e+01  2.208168e+01  0.000000e+00
   endloop
 endfacet
 facet normal -0.000000e+00  0.000000e+00 -1.000000e+00
   outer loop
     vertex  2.245191e+01 -1.099599e+01  0.000000e+00
     vertex  2.219207e+01 -1.151139e+01  0.000000e+00
     vertex  1.932756e+01 -1.052369e+01  0.000000e+00
   endloop
 endfacet
 facet normal  0.000000e+00 -0.000000e+00 -1.000000e+00
   outer loop
     vertex -1.049412e+01  2.269082e+01  0.000000e+00
     vertex -7.984258e+00  1.613232e+01  0.000000e+00
     vertex -1.111211e+01  2.239467e+01  0.000000e+00
   endloop
 endfacet
 facet normal  0.000000e+00  0.000000e+00 -1.000000e+00
   outer loop
     vertex -1.049412e+01  2.269082e+01  0.000000e+00
     vertex -7.538678e+00  1.634528e+01  0.000000e+00
     vertex -7.984258e+00  1.613232e+01  0.000000e+00
   endloop
 endfacet
 facet normal  0.000000e+00  0.000000e+00 -1.000000e+00
   outer loop
     vertex  2.269978e+01 -1.047473e+01  0.000000e+00
     vertex  2.245191e+01 -1.099599e+01  0.000000e+00
     vertex  1.932756e+01 -1.052369e+01  0.000000e+00
   endloop
 endfacet
 facet normal  0.000000e+00 -0.000000e+00 -1.000000e+00
   outer loop
     vertex -9.868248e+00  2.296993e+01  0.000000e+00
     vertex -7.538678e+00  1.634528e+01  0.000000e+00
     vertex -1.049412e+01  2.269082e+01  0.000000e+00
   endloop
 endfacet
 facet normal  0.000000e+00  0.000000e+00 -1.000000e+00
   outer loop
     vertex -9.868248e+00  2.296993e+01  0.000000e+00
     vertex -7.087424e+00  1.654595e+01  0.000000e+00
     vertex -7.538678e+00  1.634528e+01  0.000000e+00
   endloop
 endfacet
 facet normal  0.000000e+00 -0.000000e+00 -1.000000e+00
   outer loop
     vertex  2.177513e+01 -8.297962e+00  0.000000e+00
     vertex  2.269978e+01 -1.047473e+01  0.000000e+00
     vertex  1.932756e+01 -1.052369e+01  0.000000e+00
   endloop
 endfacet
 facet normal  0.000000e+00  0.000000e+00 -1.000000e+00
   outer loop
     vertex  2.177513e+01 -8.297962e+00  0.000000e+00
     vertex  2.293556e+01 -9.947879e+00  0.000000e+00
     vertex  2.269978e+01 -1.047473e+01  0.000000e+00
   endloop
 endfacet
 facet normal  0.000000e+00  0.000000e+00 -1.000000e+00
   outer loop
     vertex  2.177513e+01 -8.297962e+00  0.000000e+00
     vertex  1.668828e+01 -6.745463e+00  0.000000e+00
     vertex  1.686706e+01 -6.285097e+00  0.000000e+00
   endloop
 endfacet
 facet normal -0.000000e+00  0.000000e+00 -1.000000e+00
   outer loop
     vertex  2.177513e+01 -8.297962e+00  0.000000e+00
     vertex  1.932756e+01 -1.052369e+01  0.000000e+00
     vertex  1.668828e+01 -6.745463e+00  0.000000e+00
   endloop
 endfacet
 facet normal -0.000000e+00  0.000000e+00 -1.000000e+00
   outer loop
     vertex  2.315910e+01 -9.415728e+00  0.000000e+00
     vertex  2.293556e+01 -9.947879e+00  0.000000e+00
     vertex  2.177513e+01 -8.297962e+00  0.000000e+00
   endloop
 endfacet
 facet normal  0.000000e+00 -0.000000e+00 -1.000000e+00
   outer loop
     vertex -9.234961e+00  2.323178e+01  0.000000e+00
     vertex -7.087424e+00  1.654595e+01  0.000000e+00
     vertex -9.868248e+00  2.296993e+01  0.000000e+00
   endloop
 endfacet
 facet normal  0.000000e+00  0.000000e+00 -1.000000e+00
   outer loop
     vertex -9.234961e+00  2.323178e+01  0.000000e+00
     vertex -6.630834e+00  1.673416e+01  0.000000e+00
     vertex -7.087424e+00  1.654595e+01  0.000000e+00
   endloop
 endfacet
 facet normal  0.000000e+00  0.000000e+00 -1.000000e+00
   outer loop
     vertex  2.201455e+01 -7.640177e+00  0.000000e+00
     vertex  1.686706e+01 -6.285097e+00  0.000000e+00
     vertex  1.703313e+01 -5.819999e+00  0.000000e+00
   endloop
 endfacet
 facet normal  0.000000e+00  0.000000e+00 -1.000000e+00
   outer loop
     vertex  2.201455e+01 -7.640177e+00  0.000000e+00
     vertex  1.703313e+01 -5.819999e+00  0.000000e+00
     vertex  1.718639e+01 -5.350521e+00  0.000000e+00
   endloop
 endfacet
 facet normal  0.000000e+00  0.000000e+00 -1.000000e+00
   outer loop
     vertex  2.201455e+01 -7.640177e+00  0.000000e+00
     vertex  1.718639e+01 -5.350521e+00  0.000000e+00
     vertex  1.732671e+01 -4.877015e+00  0.000000e+00
   endloop
 endfacet
 facet normal -0.000000e+00  0.000000e+00 -1.000000e+00
   outer loop
     vertex  2.201455e+01 -7.640177e+00  0.000000e+00
     vertex  2.177513e+01 -8.297962e+00  0.000000e+00
     vertex  1.686706e+01 -6.285097e+00  0.000000e+00
   endloop
 endfacet
 facet normal -0.000000e+00  0.000000e+00 -1.000000e+00
   outer loop
     vertex  2.337031e+01 -8.878558e+00  0.000000e+00
     vertex  2.315910e+01 -9.415728e+00  0.000000e+00
     vertex  2.177513e+01 -8.297962e+00  0.000000e+00
   endloop
 endfacet
 facet normal  0.000000e+00 -0.000000e+00 -1.000000e+00
   outer loop
     vertex -8.594735e+00  2.347617e+01  0.000000e+00
     vertex -6.630834e+00  1.673416e+01  0.000000e+00
     vertex -9.234961e+00  2.323178e+01  0.000000e+00
   endloop
 endfacet
 facet normal  0.000000e+00  0.000000e+00 -1.000000e+00
   outer loop
     vertex -8.594735e+00  2.347617e+01  0.000000e+00
     vertex -6.169252e+00  1.690977e+01  0.000000e+00
     vertex -6.630834e+00  1.673416e+01  0.000000e+00
   endloop
 endfacet
 facet normal  0.000000e+00  0.000000e+00 -1.000000e+00
   outer loop
     vertex -7.948051e+00  2.370292e+01  0.000000e+00
     vertex -5.703027e+00  1.707265e+01  0.000000e+00
     vertex -6.169252e+00  1.690977e+01  0.000000e+00
   endloop
 endfacet
 facet normal  0.000000e+00 -0.000000e+00 -1.000000e+00
   outer loop
     vertex -7.948051e+00  2.370292e+01  0.000000e+00
     vertex -6.169252e+00  1.690977e+01  0.000000e+00
     vertex -8.594735e+00  2.347617e+01  0.000000e+00
   endloop
 endfacet
 facet normal -0.000000e+00  0.000000e+00 -1.000000e+00
   outer loop
     vertex  2.380343e+01 -7.641782e+00  0.000000e+00
     vertex  2.360972e+01 -8.220773e+00  0.000000e+00
     vertex  2.201455e+01 -7.640177e+00  0.000000e+00
   endloop
 endfacet
 facet normal  0.000000e+00  0.000000e+00 -1.000000e+00
   outer loop
     vertex -7.295395e+00  2.391186e+01  0.000000e+00
     vertex -5.232508e+00  1.722268e+01  0.000000e+00
     vertex -5.703027e+00  1.707265e+01  0.000000e+00
   endloop
 endfacet
 facet normal  0.000000e+00 -0.000000e+00 -1.000000e+00
   outer loop
     vertex -7.295395e+00  2.391186e+01  0.000000e+00
     vertex -5.703027e+00  1.707265e+01  0.000000e+00
     vertex -7.948051e+00  2.370292e+01  0.000000e+00
   endloop
 endfacet
 facet normal  0.000000e+00  0.000000e+00 -1.000000e+00
   outer loop
     vertex  2.398294e+01 -7.058234e+00  0.000000e+00
     vertex  2.380343e+01 -7.641782e+00  0.000000e+00
     vertex  2.201455e+01 -7.640177e+00  0.000000e+00
   endloop
 endfacet
 facet normal  0.000000e+00  0.000000e+00 -1.000000e+00
   outer loop
     vertex -6.637257e+00  2.410284e+01  0.000000e+00
     vertex -4.758051e+00  1.735975e+01  0.000000e+00
     vertex -5.232508e+00  1.722268e+01  0.000000e+00
   endloop
 endfacet
 facet normal  0.000000e+00 -0.000000e+00 -1.000000e+00
   outer loop
     vertex -6.637257e+00  2.410284e+01  0.000000e+00
     vertex -5.232508e+00  1.722268e+01  0.000000e+00
     vertex -7.295395e+00  2.391186e+01  0.000000e+00
   endloop
 endfacet
 facet normal  0.000000e+00  0.000000e+00 -1.000000e+00
   outer loop
     vertex  2.414815e+01 -6.470476e+00  0.000000e+00
     vertex  2.398294e+01 -7.058234e+00  0.000000e+00
     vertex  2.201455e+01 -7.640177e+00  0.000000e+00
   endloop
 endfacet
 facet normal  0.000000e+00 -0.000000e+00 -1.000000e+00
   outer loop
     vertex -5.974132e+00  2.427570e+01  0.000000e+00
     vertex -4.758051e+00  1.735975e+01  0.000000e+00
     vertex -6.637257e+00  2.410284e+01  0.000000e+00
   endloop
 endfacet
 facet normal  0.000000e+00  0.000000e+00 -1.000000e+00
   outer loop
     vertex -5.974132e+00  2.427570e+01  0.000000e+00
     vertex -4.280012e+00  1.748375e+01  0.000000e+00
     vertex -4.758051e+00  1.735975e+01  0.000000e+00
   endloop
 endfacet
 facet normal  0.000000e+00  0.000000e+00 -1.000000e+00
   outer loop
     vertex  2.288524e+01 -4.390685e+00  0.000000e+00
     vertex  2.201455e+01 -7.640177e+00  0.000000e+00
     vertex  1.732671e+01 -4.877015e+00  0.000000e+00
   endloop
 endfacet
 facet normal  0.000000e+00  0.000000e+00 -1.000000e+00
   outer loop
     vertex  2.288524e+01 -4.390685e+00  0.000000e+00
     vertex  2.429895e+01 -5.878859e+00  0.000000e+00
     vertex  2.414815e+01 -6.470476e+00  0.000000e+00
   endloop
 endfacet
 facet normal  0.000000e+00 -0.000000e+00 -1.000000e+00
   outer loop
     vertex  2.288524e+01 -4.390685e+00  0.000000e+00
     vertex  2.414815e+01 -6.470476e+00  0.000000e+00
     vertex  2.201455e+01 -7.640177e+00  0.000000e+00
   endloop
 endfacet
 facet normal  0.000000e+00  0.000000e+00 -1.000000e+00
   outer loop
     vertex  2.288524e+01 -4.390685e+00  0.000000e+00
     vertex  1.732671e+01 -4.877015e+00  0.000000e+00
     vertex  1.745398e+01 -4.399838e+00  0.000000e+00
   endloop
 endfacet
 facet normal -0.000000e+00  0.000000e+00 -1.000000e+00
   outer loop
     vertex  2.288524e+01 -4.390685e+00  0.000000e+00
     vertex  1.745398e+01 -4.399838e+00  0.000000e+00
     vertex  1.756812e+01 -3.919348e+00  0.000000e+00
   endloop
 endfacet
 facet normal  0.000000e+00  0.000000e+00 -1.000000e+00
   outer loop
     vertex  2.288524e+01 -4.390685e+00  0.000000e+00
     vertex  1.756812e+01 -3.919348e+00  0.000000e+00
     vertex  1.766903e+01 -3.435909e+00  0.000000e+00
   endloop
 endfacet
 facet normal  0.000000e+00  0.000000e+00 -1.000000e+00
   outer loop
     vertex  2.288524e+01 -4.390685e+00  0.000000e+00
     vertex  1.766903e+01 -3.435909e+00  0.000000e+00
     vertex  1.775664e+01 -2.949882e+00  0.000000e+00
   endloop
 endfacet
 facet normal  0.000000e+00  0.000000e+00 -1.000000e+00
   outer loop
     vertex -5.306518e+00  2.443033e+01  0.000000e+00
     vertex -3.798751e+00  1.759459e+01  0.000000e+00
     vertex -4.280012e+00  1.748375e+01  0.000000e+00
   endloop
 endfacet
 facet normal  0.000000e+00 -0.000000e+00 -1.000000e+00
   outer loop
     vertex -5.306518e+00  2.443033e+01  0.000000e+00
     vertex -4.280012e+00  1.748375e+01  0.000000e+00
     vertex -5.974132e+00  2.427570e+01  0.000000e+00
   endloop
 endfacet
 facet normal -0.000000e+00  0.000000e+00 -1.000000e+00
   outer loop
     vertex  2.443526e+01 -5.283736e+00  0.000000e+00
     vertex  2.429895e+01 -5.878859e+00  0.000000e+00
     vertex  2.288524e+01 -4.390685e+00  0.000000e+00
   endloop
 endfacet
 facet normal -0.000000e+00  0.000000e+00 -1.000000e+00
   outer loop
     vertex  2.300680e+01 -3.701320e+00  0.000000e+00
     vertex  2.288524e+01 -4.390685e+00  0.000000e+00
     vertex  1.775664e+01 -2.949882e+00  0.000000e+00
   endloop
 endfacet
 facet normal  0.000000e+00  0.000000e+00 -1.000000e+00
   outer loop
     vertex  2.300680e+01 -3.701320e+00  0.000000e+00
     vertex  1.775664e+01 -2.949882e+00  0.000000e+00
     vertex  1.783088e+01 -2.461636e+00  0.000000e+00
   endloop
 endfacet
 facet normal -0.000000e+00  0.000000e+00 -1.000000e+00
   outer loop
     vertex  2.455700e+01 -4.685462e+00  0.000000e+00
     vertex  2.443526e+01 -5.283736e+00  0.000000e+00
     vertex  2.288524e+01 -4.390685e+00  0.000000e+00
   endloop
 endfacet
 facet normal  0.000000e+00 -0.000000e+00 -1.000000e+00
   outer loop
     vertex -4.634917e+00  2.456659e+01  0.000000e+00
     vertex -3.798751e+00  1.759459e+01  0.000000e+00
     vertex -5.306518e+00  2.443033e+01  0.000000e+00
   endloop
 endfacet
 facet normal  0.000000e+00  0.000000e+00 -1.000000e+00
   outer loop
     vertex -4.634917e+00  2.456659e+01  0.000000e+00
     vertex -3.314630e+00  1.769218e+01  0.000000e+00
     vertex -3.798751e+00  1.759459e+01  0.000000e+00
   endloop
 endfacet
 facet normal  0.000000e+00  0.000000e+00 -1.000000e+00
   outer loop
     vertex  2.476424e+01 -3.425292e+00  0.000000e+00
     vertex  2.467856e+01 -3.996096e+00  0.000000e+00
     vertex  2.300680e+01 -3.701320e+00  0.000000e+00
   endloop
 endfacet
 facet normal  0.000000e+00  0.000000e+00 -1.000000e+00
   outer loop
     vertex  2.200000e+01 -5.500000e-01  0.000000e+00
     vertex  1.793906e+01 -1.479952e+00  0.000000e+00
     vertex  1.797291e+01 -9.872540e-01  0.000000e+00
   endloop
 endfacet
 facet normal -0.000000e+00  0.000000e+00 -1.000000e+00
   outer loop
     vertex  2.200000e+01 -5.500000e-01  0.000000e+00
     vertex  1.797291e+01 -9.872540e-01  0.000000e+00
     vertex  1.799323e+01 -4.938129e-01  0.000000e+00
   endloop
 endfacet
 facet normal  0.000000e+00  0.000000e+00 -1.000000e+00
   outer loop
     vertex  2.200000e+01 -5.500000e-01  0.000000e+00
     vertex  1.799323e+01 -4.938129e-01  0.000000e+00
     vertex  1.800000e+01 -4.408728e-15  0.000000e+00
   endloop
 endfacet
 facet normal  0.000000e+00 -0.000000e+00 -1.000000e+00
   outer loop
     vertex  2.200000e+01 -5.500000e-01  0.000000e+00
     vertex  2.300680e+01 -3.701320e+00  0.000000e+00
     vertex  1.783088e+01 -2.461636e+00  0.000000e+00
   endloop
 endfacet
 facet normal  0.000000e+00  0.000000e+00 -1.000000e+00
   outer loop
     vertex  2.200000e+01 -5.500000e-01  0.000000e+00
     vertex  1.783088e+01 -2.461636e+00  0.000000e+00
     vertex  1.789170e+01 -1.971536e+00  0.000000e+00
   endloop
 endfacet
 facet normal  0.000000e+00  0.000000e+00 -1.000000e+00
   outer loop
     vertex  2.200000e+01 -5.500000e-01  0.000000e+00
     vertex  1.789170e+01 -1.971536e+00  0.000000e+00
     vertex  1.793906e+01 -1.479952e+00  0.000000e+00
   endloop
 endfacet
 facet normal -0.000000e+00  0.000000e+00 -1.000000e+00
   outer loop
     vertex -5.500000e-01  2.200000e+01  0.000000e+00
     vertex -3.314630e+00  1.769218e+01  0.000000e+00
     vertex -4.634917e+00  2.456659e+01  0.000000e+00
   endloop
 endfacet
 facet normal  0.000000e+00  0.000000e+00 -1.000000e+00
   outer loop
     vertex -5.500000e-01  2.200000e+01  0.000000e+00
     vertex  1.234677e-01  1.799958e+01  0.000000e+00
     vertex -3.703800e-01  1.799619e+01  0.000000e+00
   endloop
 endfacet
 facet normal  0.000000e+00 -0.000000e+00 -1.000000e+00
   outer loop
     vertex -5.500000e-01  2.200000e+01  0.000000e+00
     vertex -3.703800e-01  1.799619e+01  0.000000e+00
     vertex -8.639489e-01  1.797925e+01  0.000000e+00
   endloop
 endfacet
 facet normal  0.000000e+00  0.000000e+00 -1.000000e+00
   outer loop
     vertex -5.500000e-01  2.200000e+01  0.000000e+00
     vertex -8.639489e-01  1.797925e+01  0.000000e+00
     vertex -1.356867e+00  1.794879e+01  0.000000e+00
   endloop
 endfacet
 facet normal  0.000000e+00  0.000000e+00 -1.000000e+00
   outer loop
     vertex -5.500000e-01  2.200000e+01  0.000000e+00
     vertex -1.356867e+00  1.794879e+01  0.000000e+00
     vertex -1.848765e+00  1.790481e+01  0.000000e+00
   endloop
 endfacet
 facet normal  0.000000e+00  0.000000e+00 -1.000000e+00
   outer loop
     vertex -5.500000e-01  2.200000e+01  0.000000e+00
     vertex -1.848765e+00  1.790481e+01  0.000000e+00
     vertex -2.339270e+00  1.784735e+01  0.000000e+00
   endloop
 endfacet
 facet normal  0.000000e+00  0.000000e+00 -1.000000e+00
   outer loop
     vertex -5.500000e-01  2.200000e+01  0.000000e+00
     vertex -2.339270e+00  1.784735e+01  0.000000e+00
     vertex -2.828015e+00  1.777645e+01  0.000000e+00
   endloop
 endfacet
 facet normal  0.000000e+00  0.000000e+00 -1.000000e+00
   outer loop
     vertex -5.500000e-01  2.200000e+01  0.000000e+00
     vertex -2.828015e+00  1.777645e+01  0.000000e+00
     vertex -3.314630e+00  1.769218e+01  0.000000e+00
   endloop
 endfacet
 facet normal  0.000000e+00  0.000000e+00 -1.000000e+00
   outer loop
     vertex -5.500000e-01  2.200000e+01  0.000000e+00
     vertex -4.634917e+00  2.456659e+01  0.000000e+00
     vertex -3.959834e+00  2.468440e+01  0.000000e+00
   endloop
 endfacet
 facet normal  0.000000e+00 -0.000000e+00 -1.000000e+00
   outer loop
     vertex -3.281775e+00  2.478366e+01  0.000000e+00
     vertex -5.500000e-01  2.200000e+01  0.000000e+00
     vertex -3.959834e+00  2.468440e+01  0.000000e+00
   endloop
 endfacet
 facet normal  0.000000e+00  0.000000e+00 -1.000000e+00
   outer loop
     vertex  2.483671e+01 -2.852662e+00  0.000000e+00
     vertex  2.476424e+01 -3.425292e+00  0.000000e+00
     vertex  2.300680e+01 -3.701320e+00  0.000000e+00
   endloop
 endfacet
 facet normal  0.000000e+00 -0.000000e+00 -1.000000e+00
   outer loop
     vertex -2.601250e+00  2.486430e+01  0.000000e+00
     vertex -5.500000e-01  2.200000e+01  0.000000e+00
     vertex -3.281775e+00  2.478366e+01  0.000000e+00
   endloop
 endfacet
 facet normal -0.000000e+00  0.000000e+00 -1.000000e+00
   outer loop
     vertex  5.500000e-01  2.200000e+01  0.000000e+00
     vertex  1.234677e-01  1.799958e+01  0.000000e+00
     vertex -5.500000e-01  2.200000e+01  0.000000e+00
   endloop
 endfacet
 facet normal  0.000000e+00  0.000000e+00 -1.000000e+00
   outer loop
     vertex  5.500000e-01  2.200000e+01  0.000000e+00
     vertex  2.583885e+00  1.781358e+01  0.000000e+00
     vertex  2.094214e+00  1.787776e+01  0.000000e+00
   endloop
 endfacet
 facet normal  0.000000e+00  0.000000e+00 -1.000000e+00
   outer loop
     vertex  5.500000e-01  2.200000e+01  0.000000e+00
     vertex  2.094214e+00  1.787776e+01  0.000000e+00
     vertex  1.602967e+00  1.792848e+01  0.000000e+00
   endloop
 endfacet
 facet normal  0.000000e+00  0.000000e+00 -1.000000e+00
   outer loop
     vertex  5.500000e-01  2.200000e+01  0.000000e+00
     vertex  1.602967e+00  1.792848e+01  0.000000e+00
     vertex  1.110513e+00  1.796571e+01  0.000000e+00
   endloop
 endfacet
 facet normal  0.000000e+00  0.000000e+00 -1.000000e+00
   outer loop
     vertex  5.500000e-01  2.200000e+01  0.000000e+00
     vertex  1.110513e+00  1.796571e+01  0.000000e+00
     vertex  6.172225e-01  1.798941e+01  0.000000e+00
   endloop
 endfacet
 facet normal  0.000000e+00 -0.000000e+00 -1.000000e+00
   outer loop
     vertex  5.500000e-01  2.200000e+01  0.000000e+00
     vertex  6.172225e-01  1.798941e+01  0.000000e+00
     vertex  1.234677e-01  1.799958e+01  0.000000e+00
   endloop
 endfacet
 facet normal  0.000000e+00 -0.000000e+00 -1.000000e+00
   outer loop
     vertex  2.200000e+01  5.500000e-01  0.000000e+00
     vertex  2.200000e+01 -5.500000e-01  0.000000e+00
     vertex  1.800000e+01 -4.408728e-15  0.000000e+00
   endloop
 endfacet
 facet normal  0.000000e+00  0.000000e+00 -1.000000e+00
   outer loop
     vertex  2.200000e+01  5.500000e-01  0.000000e+00
     vertex  1.800000e+01 -4.408728e-15  0.000000e+00
     vertex  1.799323e+01  4.938129e-01  0.000000e+00
   endloop
 endfacet
 facet normal -0.000000e+00  0.000000e+00 -1.000000e+00
   outer loop
     vertex  2.200000e+01  5.500000e-01  0.000000e+00
     vertex  1.799323e+01  4.938129e-01  0.000000e+00
     vertex  1.797291e+01  9.872540e-01  0.000000e+00
   endloop
 endfacet
 facet normal  0.000000e+00  0.000000e+00 -1.000000e+00
   outer loop
     vertex  2.200000e+01  5.500000e-01  0.000000e+00
     vertex  1.797291e+01  9.872540e-01  0.000000e+00
     vertex  1.793906e+01  1.479952e+00  0.000000e+00
   endloop
 endfacet
 facet normal  0.000000e+00  0.000000e+00 -1.000000e+00
   outer loop
     vertex  2.200000e+01  5.500000e-01  0.000000e+00
     vertex  1.793906e+01  1.479952e+00  0.000000e+00
     vertex  1.789170e+01  1.971536e+00  0.000000e+00
   endloop
 endfacet
 facet normal  0.000000e+00  0.000000e+00 -1.000000e+00
   outer loop
     vertex  2.200000e+01  5.500000e-01  0.000000e+00
     vertex  1.789170e+01  1.971536e+00  0.000000e+00
     vertex  1.783088e+01  2.461636e+00  0.000000e+00
   endloop
 endfacet
 facet normal -0.000000e+00  0.000000e+00 -1.000000e+00
   outer loop
     vertex  2.489595e+01 -2.278512e+00  0.000000e+00
     vertex  2.300680e+01 -3.701320e+00  0.000000e+00
     vertex  2.200000e+01 -5.500000e-01  0.000000e+00
   endloop
 endfacet
 facet normal  0.000000e+00  0.000000e+00 -1.000000e+00
   outer loop
     vertex  2.489595e+01 -2.278512e+00  0.000000e+00
     vertex  2.483671e+01 -2.852662e+00  0.000000e+00
     vertex  2.300680e+01 -3.701320e+00  0.000000e+00
   endloop
 endfacet
 facet normal  0.000000e+00 -0.000000e+00 -1.000000e+00
   outer loop
     vertex -1.918770e+00  2.492626e+01  0.000000e+00
     vertex -5.500000e-01  2.200000e+01  0.000000e+00
     vertex -2.601250e+00  2.486430e+01  0.000000e+00
   endloop
 endfacet
 facet normal -0.000000e+00  0.000000e+00 -1.000000e+00
   outer loop
     vertex  2.494192e+01 -1.703147e+00  0.000000e+00
     vertex  2.489595e+01 -2.278512e+00  0.000000e+00
     vertex  2.200000e+01 -5.500000e-01  0.000000e+00
   endloop
 endfacet
 facet normal  0.000000e+00 -0.000000e+00 -1.000000e+00
   outer loop
     vertex -1.234849e+00  2.496948e+01  0.000000e+00
     vertex -5.500000e-01  2.200000e+01  0.000000e+00
     vertex -1.918770e+00  2.492626e+01  0.000000e+00
   endloop
 endfacet
 facet normal -0.000000e+00  0.000000e+00 -1.000000e+00
   outer loop
     vertex  2.497459e+01 -1.126874e+00  0.000000e+00
     vertex  2.494192e+01 -1.703147e+00  0.000000e+00
     vertex  2.200000e+01 -5.500000e-01  0.000000e+00
   endloop
 endfacet
 facet normal  0.000000e+00  0.000000e+00 -1.000000e+00
   outer loop
     vertex  2.499395e+01 -5.500000e-01  0.000000e+00
     vertex  2.497459e+01 -1.126874e+00  0.000000e+00
     vertex  2.200000e+01 -5.500000e-01  0.000000e+00
   endloop
 endfacet
 facet normal  0.000000e+00  0.000000e+00 -1.000000e+00
   outer loop
     vertex -5.500000e-01  2.499395e+01  0.000000e+00
     vertex -5.500000e-01  2.200000e+01  0.000000e+00
     vertex -1.234849e+00  2.496948e+01  0.000000e+00
   endloop
 endfacet
 facet normal -0.000000e+00  0.000000e+00 -1.000000e+00
   outer loop
     vertex  1.126874e+00  2.497459e+01  0.000000e+00
     vertex  5.500000e-01  2.200000e+01  0.000000e+00
     vertex  5.500000e-01  2.499395e+01  0.000000e+00
   endloop
 endfacet
 facet normal  0.000000e+00 -0.000000e+00 -1.000000e+00
   outer loop
     vertex  2.497459e+01  1.126874e+00  0.000000e+00
     vertex  2.499395e+01  5.500000e-01  0.000000e+00
     vertex  2.200000e+01  5.500000e-01  0.000000e+00
   endloop
 endfacet
 facet normal -0.000000e+00  0.000000e+00 -1.000000e+00
   outer loop
     vertex  1.703147e+00  2.494192e+01  0.000000e+00
     vertex  5.500000e-01  2.200000e+01  0.000000e+00
     vertex  1.126874e+00  2.497459e+01  0.000000e+00
   endloop
 endfacet
 facet normal  0.000000e+00 -0.000000e+00 -1.000000e+00
   outer loop
     vertex  2.494192e+01  1.703147e+00  0.000000e+00
     vertex  2.497459e+01  1.126874e+00  0.000000e+00
     vertex  2.200000e+01  5.500000e-01  0.000000e+00
   endloop
 endfacet
 facet normal  0.000000e+00  0.000000e+00 -1.000000e+00
   outer loop
     vertex  3.701320e+00  2.300680e+01  0.000000e+00
     vertex  3.071611e+00  1.773599e+01  0.000000e+00
     vertex  2.583885e+00  1.781358e+01  0.000000e+00
   endloop
 endfacet
 facet normal  0.000000e+00  0.000000e+00 -1.000000e+00
   outer loop
     vertex  3.701320e+00  2.300680e+01  0.000000e+00
     vertex  2.583885e+00  1.781358e+01  0.000000e+00
     vertex  5.500000e-01  2.200000e+01  0.000000e+00
   endloop
 endfacet
 facet normal  0.000000e+00  0.000000e+00 -1.000000e+00
   outer loop
     vertex  2.300680e+01  3.701320e+00  0.000000e+00
     vertex  2.200000e+01  5.500000e-01  0.000000e+00
     vertex  1.783088e+01  2.461636e+00  0.000000e+00
   endloop
 endfacet
 facet normal  0.000000e+00  0.000000e+00 -1.000000e+00
   outer loop
     vertex  2.300680e+01  3.701320e+00  0.000000e+00
     vertex  1.783088e+01  2.461636e+00  0.000000e+00
     vertex  1.775664e+01  2.949882e+00  0.000000e+00
   endloop
 endfacet
 facet normal -0.000000e+00  0.000000e+00 -1.000000e+00
   outer loop
     vertex  2.278512e+00  2.489595e+01  0.000000e+00
     vertex  5.500000e-01  2.200000e+01  0.000000e+00
     vertex  1.703147e+00  2.494192e+01  0.000000e+00
   endloop
 endfacet
 facet normal  0.000000e+00 -0.000000e+00 -1.000000e+00
   outer loop
     vertex  2.278512e+00  2.489595e+01  0.000000e+00
     vertex  3.701320e+00  2.300680e+01  0.000000e+00
     vertex  5.500000e-01  2.200000e+01  0.000000e+00
   endloop
 endfacet
 facet normal  0.000000e+00 -0.000000e+00 -1.000000e+00
   outer loop
     vertex  2.489595e+01  2.278512e+00  0.000000e+00
     vertex  2.494192e+01  1.703147e+00  0.000000e+00
     vertex  2.200000e+01  5.500000e-01  0.000000e+00
   endloop
 endfacet
 facet normal -0.000000e+00  0.000000e+00 -1.000000e+00
   outer loop
     vertex  2.489595e+01  2.278512e+00  0.000000e+00
     vertex  2.200000e+01  5.500000e-01  0.000000e+00
     vertex  2.300680e+01  3.701320e+00  0.000000e+00
   endloop
 endfacet
 facet normal  0.000000e+00 -0.000000e+00 -1.000000e+00
   outer loop
     vertex  4.390685e+00  2.288524e+01  0.000000e+00
     vertex  4.519457e+00  1.742339e+01  0.000000e+00
     vertex  4.039761e+00  1.754082e+01  0.000000e+00
   endloop
 endfacet
 facet normal  0.000000e+00  0.000000e+00 -1.000000e+00
   outer loop
     vertex  4.390685e+00  2.288524e+01  0.000000e+00
     vertex  4.039761e+00  1.754082e+01  0.000000e+00
     vertex  3.557025e+00  1.764504e+01  0.000000e+00
   endloop
 endfacet
 facet normal  0.000000e+00  0.000000e+00 -1.000000e+00
   outer loop
     vertex  4.390685e+00  2.288524e+01  0.000000e+00
     vertex  3.557025e+00  1.764504e+01  0.000000e+00
     vertex  3.071611e+00  1.773599e+01  0.000000e+00
   endloop
 endfacet
 facet normal -0.000000e+00  0.000000e+00 -1.000000e+00
   outer loop
     vertex  4.390685e+00  2.288524e+01  0.000000e+00
     vertex  3.071611e+00  1.773599e+01  0.000000e+00
     vertex  3.701320e+00  2.300680e+01  0.000000e+00
   endloop
 endfacet
 facet normal  0.000000e+00 -0.000000e+00 -1.000000e+00
   outer loop
     vertex  2.288524e+01  4.390685e+00  0.000000e+00
     vertex  2.300680e+01  3.701320e+00  0.000000e+00
     vertex  1.775664e+01  2.949882e+00  0.000000e+00
   endloop
 endfacet
 facet normal  0.000000e+00  0.000000e+00 -1.000000e+00
   outer loop
     vertex  2.288524e+01  4.390685e+00  0.000000e+00
     vertex  1.775664e+01  2.949882e+00  0.000000e+00
     vertex  1.766903e+01  3.435909e+00  0.000000e+00
   endloop
 endfacet
 facet normal  0.000000e+00  0.000000e+00 -1.000000e+00
   outer loop
     vertex  2.288524e+01  4.390685e+00  0.000000e+00
     vertex  1.766903e+01  3.435909e+00  0.000000e+00
     vertex  1.756812e+01  3.919348e+00  0.000000e+00
   endloop
 endfacet
 facet normal -0.000000e+00  0.000000e+00 -1.000000e+00
   outer loop
     vertex  2.288524e+01  4.390685e+00  0.000000e+00
     vertex  1.756812e+01  3.919348e+00  0.000000e+00
     vertex  1.745398e+01  4.399838e+00  0.000000e+00
   endloop
 endfacet
 facet normal  0.000000e+00  0.000000e+00 -1.000000e+00
   outer loop
     vertex  2.288524e+01  4.390685e+00  0.000000e+00
     vertex  1.745398e+01  4.399838e+00  0.000000e+00
     vertex  1.732671e+01  4.877015e+00  0.000000e+00
   endloop
 endfacet
 facet normal -0.000000e+00 -0.000000e+00 -1.000000e+00
   outer loop
     vertex  2.852662e+00  2.483671e+01  0.000000e+00
     vertex  3.701320e+00  2.300680e+01  0.000000e+00
     vertex  2.278512e+00  2.489595e+01  0.000000e+00
   endloop
 endfacet
 facet normal -0.000000e+00 -0.000000e+00 -1.000000e+00
   outer loop
     vertex  2.483671e+01  2.852662e+00  0.000000e+00
     vertex  2.489595e+01  2.278512e+00  0.000000e+00
     vertex  2.300680e+01  3.701320e+00  0.000000e+00
   endloop
 endfacet
 facet normal -0.000000e+00 -0.000000e+00 -1.000000e+00
   outer loop
     vertex  3.425292e+00  2.476424e+01  0.000000e+00
     vertex  3.701320e+00  2.300680e+01  0.000000e+00
     vertex  2.852662e+00  2.483671e+01  0.000000e+00
   endloop
 endfacet
 facet normal -0.000000e+00 -0.000000e+00 -1.000000e+00
   outer loop
     vertex  2.476424e+01  3.425292e+00  0.000000e+00
     vertex  2.483671e+01  2.852662e+00  0.000000e+00
     vertex  2.300680e+01  3.701320e+00  0.000000e+00
   endloop
 endfacet
 facet normal -0.000000e+00  0.000000e+00 -1.000000e+00
   outer loop
     vertex  3.996096e+00  2.467856e+01  0.000000e+00
     vertex  3.701320e+00  2.300680e+01  0.000000e+00
     vertex  3.425292e+00  2.476424e+01  0.000000e+00
   endloop
 endfacet
 facet normal  0.000000e+00 -0.000000e+00 -1.000000e+00
   outer loop
     vertex  2.467856e+01  3.996096e+00  0.000000e+00
     vertex  2.476424e+01  3.425292e+00  0.000000e+00
     vertex  2.300680e+01  3.701320e+00  0.000000e+00
   endloop
 endfacet
 facet normal  0.000000e+00  0.000000e+00 -1.000000e+00
   outer loop
     vertex  7.640177e+00  2.201455e+01  0.000000e+00
     vertex  5.936698e+00  1.699281e+01  0.000000e+00
     vertex  5.468282e+00  1.714928e+01  0.000000e+00
   endloop
 endfacet
 facet normal  0.000000e+00  0.000000e+00 -1.000000e+00
   outer loop
     vertex  7.640177e+00  2.201455e+01  0.000000e+00
     vertex  5.468282e+00  1.714928e+01  0.000000e+00
     vertex  4.995750e+00  1.729284e+01  0.000000e+00
   endloop
 endfacet
 facet normal  0.000000e+00  0.000000e+00 -1.000000e+00
   outer loop
     vertex  7.640177e+00  2.201455e+01  0.000000e+00
     vertex  4.995750e+00  1.729284e+01  0.000000e+00
     vertex  4.519457e+00  1.742339e+01  0.000000e+00
   endloop
 endfacet
 facet normal -0.000000e+00  0.000000e+00 -1.000000e+00
   outer loop
     vertex  7.640177e+00  2.201455e+01  0.000000e+00
     vertex  4.519457e+00  1.742339e+01  0.000000e+00
     vertex  4.390685e+00  2.288524e+01  0.000000e+00
   endloop
 endfacet
 facet normal  0.000000e+00 -0.000000e+00 -1.000000e+00
   outer loop
     vertex  2.201455e+01  7.640177e+00  0.000000e+00
     vertex  2.288524e+01  4.390685e+00  0.000000e+00
     vertex  1.732671e+01  4.877015e+00  0.000000e+00
   endloop
 endfacet
 facet normal  0.000000e+00  0.000000e+00 -1.000000e+00
   outer loop
     vertex  2.201455e+01  7.640177e+00  0.000000e+00
     vertex  1.732671e+01  4.877015e+00  0.000000e+00
     vertex  1.718639e+01  5.350521e+00  0.000000e+00
   endloop
 endfacet
 facet normal  0.000000e+00  0.000000e+00 -1.000000e+00
   outer loop
     vertex  2.201455e+01  7.640177e+00  0.000000e+00
     vertex  1.718639e+01  5.350521e+00  0.000000e+00
     vertex  1.703313e+01  5.819999e+00  0.000000e+00
   endloop
 endfacet
 facet normal  0.000000e+00  0.000000e+00 -1.000000e+00
   outer loop
     vertex  2.201455e+01  7.640177e+00  0.000000e+00
     vertex  1.703313e+01  5.819999e+00  0.000000e+00
     vertex  1.686706e+01  6.285097e+00  0.000000e+00
   endloop
 endfacet
 facet normal  0.000000e+00 -0.000000e+00 -1.000000e+00
   outer loop
     vertex  2.443526e+01  5.283736e+00  0.000000e+00
     vertex  2.455700e+01  4.685462e+00  0.000000e+00
     vertex  2.288524e+01  4.390685e+00  0.000000e+00
   endloop
 endfacet
 facet normal -0.000000e+00  0.000000e+00 -1.000000e+00
   outer loop
     vertex  5.283736e+00  2.443526e+01  0.000000e+00
     vertex  4.390685e+00  2.288524e+01  0.000000e+00
     vertex  4.685462e+00  2.455700e+01  0.000000e+00
   endloop
 endfacet
 facet normal  0.000000e+00  0.000000e+00 -1.000000e+00
   outer loop
     vertex  1.052369e+01  1.932756e+01  0.000000e+00
     vertex  9.071190e+00  1.554714e+01  0.000000e+00
     vertex  8.641255e+00  1.579015e+01  0.000000e+00
   endloop
 endfacet
 facet normal  0.000000e+00  0.000000e+00 -1.000000e+00
   outer loop
     vertex  1.052369e+01  1.932756e+01  0.000000e+00
     vertex  8.641255e+00  1.579015e+01  0.000000e+00
     vertex  8.204815e+00  1.602127e+01  0.000000e+00
   endloop
 endfacet
 facet normal  0.000000e+00  0.000000e+00 -1.000000e+00
   outer loop
     vertex  1.052369e+01  1.932756e+01  0.000000e+00
     vertex  8.204815e+00  1.602127e+01  0.000000e+00
     vertex  7.762199e+00  1.624033e+01  0.000000e+00
   endloop
 endfacet
 facet normal  0.000000e+00  0.000000e+00 -1.000000e+00
   outer loop
     vertex  1.052369e+01  1.932756e+01  0.000000e+00
     vertex  7.762199e+00  1.624033e+01  0.000000e+00
     vertex  7.313739e+00  1.644716e+01  0.000000e+00
   endloop
 endfacet
 facet normal  0.000000e+00  0.000000e+00 -1.000000e+00
   outer loop
     vertex  1.052369e+01  1.932756e+01  0.000000e+00
     vertex  7.313739e+00  1.644716e+01  0.000000e+00
     vertex  6.859774e+00  1.664162e+01  0.000000e+00
   endloop
 endfacet
 facet normal  0.000000e+00  0.000000e+00 -1.000000e+00
   outer loop
     vertex  1.932756e+01  1.052369e+01  0.000000e+00
     vertex  1.668828e+01  6.745463e+00  0.000000e+00
     vertex  1.649694e+01  7.200751e+00  0.000000e+00
   endloop
 endfacet
 facet normal  0.000000e+00  0.000000e+00 -1.000000e+00
   outer loop
     vertex  1.932756e+01  1.052369e+01  0.000000e+00
     vertex  1.649694e+01  7.200751e+00  0.000000e+00
     vertex  1.629319e+01  7.650619e+00  0.000000e+00
   endloop
 endfacet
 facet normal  0.000000e+00  0.000000e+00 -1.000000e+00
   outer loop
     vertex  1.932756e+01  1.052369e+01  0.000000e+00
     vertex  1.629319e+01  7.650619e+00  0.000000e+00
     vertex  1.607717e+01  8.094727e+00  0.000000e+00
   endloop
 endfacet
 facet normal  0.000000e+00  0.000000e+00 -1.000000e+00
   outer loop
     vertex  1.932756e+01  1.052369e+01  0.000000e+00
     vertex  1.607717e+01  8.094727e+00  0.000000e+00
     vertex  1.584905e+01  8.532742e+00  0.000000e+00
   endloop
 endfacet
 facet normal  0.000000e+00  0.000000e+00 -1.000000e+00
   outer loop
     vertex  1.932756e+01  1.052369e+01  0.000000e+00
     vertex  1.584905e+01  8.532742e+00  0.000000e+00
     vertex  1.560899e+01  8.964334e+00  0.000000e+00
   endloop
 endfacet
 facet normal  0.000000e+00  0.000000e+00 -1.000000e+00
   outer loop
     vertex  8.297962e+00  2.177513e+01  0.000000e+00
     vertex  6.859774e+00  1.664162e+01  0.000000e+00
     vertex  6.400645e+00  1.682355e+01  0.000000e+00
   endloop
 endfacet
 facet normal  0.000000e+00  0.000000e+00 -1.000000e+00
   outer loop
     vertex  8.297962e+00  2.177513e+01  0.000000e+00
     vertex  6.400645e+00  1.682355e+01  0.000000e+00
     vertex  5.936698e+00  1.699281e+01  0.000000e+00
   endloop
 endfacet
 facet normal -0.000000e+00  0.000000e+00 -1.000000e+00
   outer loop
     vertex  8.297962e+00  2.177513e+01  0.000000e+00
     vertex  5.936698e+00  1.699281e+01  0.000000e+00
     vertex  7.640177e+00  2.201455e+01  0.000000e+00
   endloop
 endfacet
 facet normal  0.000000e+00 -0.000000e+00 -1.000000e+00
   outer loop
     vertex  8.297962e+00  2.177513e+01  0.000000e+00
     vertex  1.052369e+01  1.932756e+01  0.000000e+00
     vertex  6.859774e+00  1.664162e+01  0.000000e+00
   endloop
 endfacet
 facet normal -0.000000e+00  0.000000e+00 -1.000000e+00
   outer loop
     vertex  2.177513e+01  8.297962e+00  0.000000e+00
     vertex  1.668828e+01  6.745463e+00  0.000000e+00
     vertex  1.932756e+01  1.052369e+01  0.000000e+00
   endloop
 endfacet
 facet normal  0.000000e+00 -0.000000e+00 -1.000000e+00
   outer loop
     vertex  2.177513e+01  8.297962e+00  0.000000e+00
     vertex  2.201455e+01  7.640177e+00  0.000000e+00
     vertex  1.686706e+01  6.285097e+00  0.000000e+00
   endloop
 endfacet
 facet normal  0.000000e+00  0.000000e+00 -1.000000e+00
   outer loop
     vertex  2.177513e+01  8.297962e+00  0.000000e+00
     vertex  1.686706e+01  6.285097e+00  0.000000e+00
     vertex  1.668828e+01  6.745463e+00  0.000000e+00
   endloop
 endfacet
 facet normal -0.000000e+00  0.000000e+00 -1.000000e+00
   outer loop
     vertex  5.878859e+00  2.429895e+01  0.000000e+00
     vertex  4.390685e+00  2.288524e+01  0.000000e+00
     vertex  5.283736e+00  2.443526e+01  0.000000e+00
   endloop
 endfacet
 facet normal  0.000000e+00 -0.000000e+00 -1.000000e+00
   outer loop
     vertex  2.429895e+01  5.878859e+00  0.000000e+00
     vertex  2.443526e+01  5.283736e+00  0.000000e+00
     vertex  2.288524e+01  4.390685e+00  0.000000e+00
   endloop
 endfacet
 facet normal  0.000000e+00  0.000000e+00 -1.000000e+00
   outer loop
     vertex  1.147631e+01  1.877756e+01  0.000000e+00
     vertex  1.111215e+01  1.416051e+01  0.000000e+00
     vertex  1.071949e+01  1.446003e+01  0.000000e+00
   endloop
 endfacet
 facet normal  0.000000e+00  0.000000e+00 -1.000000e+00
   outer loop
     vertex  1.147631e+01  1.877756e+01  0.000000e+00
     vertex  1.071949e+01  1.446003e+01  0.000000e+00
     vertex  1.031876e+01  1.474867e+01  0.000000e+00
   endloop
 endfacet
 facet normal  0.000000e+00  0.000000e+00 -1.000000e+00
   outer loop
     vertex  1.147631e+01  1.877756e+01  0.000000e+00
     vertex  1.031876e+01  1.474867e+01  0.000000e+00
     vertex  9.910257e+00  1.502620e+01  0.000000e+00
   endloop
 endfacet
 facet normal  0.000000e+00  0.000000e+00 -1.000000e+00
   outer loop
     vertex  1.147631e+01  1.877756e+01  0.000000e+00
     vertex  9.910257e+00  1.502620e+01  0.000000e+00
     vertex  9.494297e+00  1.529243e+01  0.000000e+00
   endloop
 endfacet
 facet normal  0.000000e+00  0.000000e+00 -1.000000e+00
   outer loop
     vertex  1.147631e+01  1.877756e+01  0.000000e+00
     vertex  9.494297e+00  1.529243e+01  0.000000e+00
     vertex  9.071190e+00  1.554714e+01  0.000000e+00
   endloop
 endfacet
 facet normal -0.000000e+00  0.000000e+00 -1.000000e+00
   outer loop
     vertex  1.147631e+01  1.877756e+01  0.000000e+00
     vertex  9.071190e+00  1.554714e+01  0.000000e+00
     vertex  1.052369e+01  1.932756e+01  0.000000e+00
   endloop
 endfacet
 facet normal  0.000000e+00 -0.000000e+00 -1.000000e+00
   outer loop
     vertex  1.877756e+01  1.147631e+01  0.000000e+00
     vertex  1.932756e+01  1.052369e+01  0.000000e+00
     vertex  1.560899e+01  8.964334e+00  0.000000e+00
   endloop
 endfacet
 facet normal  0.000000e+00  0.000000e+00 -1.000000e+00
   outer loop
     vertex  1.877756e+01  1.147631e+01  0.000000e+00
     vertex  1.560899e+01  8.964334e+00  0.000000e+00
     vertex  1.535719e+01  9.389178e+00  0.000000e+00
   endloop
 endfacet
 facet normal  0.000000e+00  0.000000e+00 -1.000000e+00
   outer loop
     vertex  1.877756e+01  1.147631e+01  0.000000e+00
     vertex  1.535719e+01  9.389178e+00  0.000000e+00
     vertex  1.509383e+01  9.806954e+00  0.000000e+00
   endloop
 endfacet
 facet normal  0.000000e+00  0.000000e+00 -1.000000e+00
   outer loop
     vertex  1.877756e+01  1.147631e+01  0.000000e+00
     vertex  1.509383e+01  9.806954e+00  0.000000e+00
     vertex  1.481910e+01  1.021735e+01  0.000000e+00
   endloop
 endfacet
 facet normal  0.000000e+00  0.000000e+00 -1.000000e+00
   outer loop
     vertex  1.877756e+01  1.147631e+01  0.000000e+00
     vertex  1.481910e+01  1.021735e+01  0.000000e+00
     vertex  1.453322e+01  1.062005e+01  0.000000e+00
   endloop
 endfacet
 facet normal  0.000000e+00  0.000000e+00 -1.000000e+00
   outer loop
     vertex  1.877756e+01  1.147631e+01  0.000000e+00
     vertex  1.453322e+01  1.062005e+01  0.000000e+00
     vertex  1.423640e+01  1.101476e+01  0.000000e+00
   endloop
 endfacet
 facet normal -0.000000e+00  0.000000e+00 -1.000000e+00
   outer loop
     vertex  6.470476e+00  2.414815e+01  0.000000e+00
     vertex  4.390685e+00  2.288524e+01  0.000000e+00
     vertex  5.878859e+00  2.429895e+01  0.000000e+00
   endloop
 endfacet
 facet normal  0.000000e+00 -0.000000e+00 -1.000000e+00
   outer loop
     vertex  6.470476e+00  2.414815e+01  0.000000e+00
     vertex  7.640177e+00  2.201455e+01  0.000000e+00
     vertex  4.390685e+00  2.288524e+01  0.000000e+00
   endloop
 endfacet
 facet normal  0.000000e+00 -0.000000e+00 -1.000000e+00
   outer loop
     vertex  2.414815e+01  6.470476e+00  0.000000e+00
     vertex  2.429895e+01  5.878859e+00  0.000000e+00
     vertex  2.288524e+01  4.390685e+00  0.000000e+00
   endloop
 endfacet
 facet normal -0.000000e+00  0.000000e+00 -1.000000e+00
   outer loop
     vertex  2.414815e+01  6.470476e+00  0.000000e+00
     vertex  2.288524e+01  4.390685e+00  0.000000e+00
     vertex  2.201455e+01  7.640177e+00  0.000000e+00
   endloop
 endfacet
 facet normal -0.000000e+00 -0.000000e+00 -1.000000e+00
   outer loop
     vertex  7.058234e+00  2.398294e+01  0.000000e+00
     vertex  7.640177e+00  2.201455e+01  0.000000e+00
     vertex  6.470476e+00  2.414815e+01  0.000000e+00
   endloop
 endfacet
 facet normal -0.000000e+00 -0.000000e+00 -1.000000e+00
   outer loop
     vertex  2.398294e+01  7.058234e+00  0.000000e+00
     vertex  2.414815e+01  6.470476e+00  0.000000e+00
     vertex  2.201455e+01  7.640177e+00  0.000000e+00
   endloop
 endfacet
 facet normal -0.000000e+00  0.000000e+00 -1.000000e+00
   outer loop
     vertex  7.641782e+00  2.380343e+01  0.000000e+00
     vertex  7.640177e+00  2.201455e+01  0.000000e+00
     vertex  7.058234e+00  2.398294e+01  0.000000e+00
   endloop
 endfacet
 facet normal  0.000000e+00 -0.000000e+00 -1.000000e+00
   outer loop
     vertex  2.380343e+01  7.641782e+00  0.000000e+00
     vertex  2.398294e+01  7.058234e+00  0.000000e+00
     vertex  2.201455e+01  7.640177e+00  0.000000e+00
   endloop
 endfacet
 facet normal -0.000000e+00  0.000000e+00 -1.000000e+00
   outer loop
     vertex  8.220773e+00  2.360972e+01  0.000000e+00
     vertex  7.640177e+00  2.201455e+01  0.000000e+00
     vertex  7.641782e+00  2.380343e+01  0.000000e+00
   endloop
 endfacet
 facet normal  0.000000e+00 -0.000000e+00 -1.000000e+00
   outer loop
     vertex  2.360972e+01  8.220773e+00  0.000000e+00
     vertex  2.380343e+01  7.641782e+00  0.000000e+00
     vertex  2.201455e+01  7.640177e+00  0.000000e+00
   endloop
 endfacet
 facet normal -0.000000e+00  0.000000e+00 -1.000000e+00
   outer loop
     vertex  9.415728e+00  2.315910e+01  0.000000e+00
     vertex  8.297962e+00  2.177513e+01  0.000000e+00
     vertex  8.878558e+00  2.337031e+01  0.000000e+00
   endloop
 endfacet
 facet normal  0.000000e+00 -0.000000e+00 -1.000000e+00
   outer loop
     vertex  2.315910e+01  9.415728e+00  0.000000e+00
     vertex  2.337031e+01  8.878558e+00  0.000000e+00
     vertex  2.177513e+01  8.297962e+00  0.000000e+00
   endloop
 endfacet
 facet normal  0.000000e+00  0.000000e+00 -1.000000e+00
   outer loop
     vertex  1.470884e+01  1.807381e+01  0.000000e+00
     vertex  1.149645e+01  1.385033e+01  0.000000e+00
     vertex  1.111215e+01  1.416051e+01  0.000000e+00
   endloop
 endfacet
 facet normal -0.000000e+00  0.000000e+00 -1.000000e+00
   outer loop
     vertex  1.470884e+01  1.807381e+01  0.000000e+00
     vertex  1.111215e+01  1.416051e+01  0.000000e+00
     vertex  1.147631e+01  1.877756e+01  0.000000e+00
   endloop
 endfacet
 facet normal  0.000000e+00  0.000000e+00 -1.000000e+00
   outer loop
     vertex  1.807381e+01  1.470884e+01  0.000000e+00
     vertex  1.423640e+01  1.101476e+01  0.000000e+00
     vertex  1.392886e+01  1.140117e+01  0.000000e+00
   endloop
 endfacet
 facet normal  0.000000e+00 -0.000000e+00 -1.000000e+00
   outer loop
     vertex  1.807381e+01  1.470884e+01  0.000000e+00
     vertex  1.877756e+01  1.147631e+01  0.000000e+00
     vertex  1.423640e+01  1.101476e+01  0.000000e+00
   endloop
 endfacet
 facet normal  0.000000e+00  0.000000e+00 -1.000000e+00
   outer loop
     vertex  1.762386e+01  1.524507e+01  0.000000e+00
     vertex  1.392886e+01  1.140117e+01  0.000000e+00
     vertex  1.361084e+01  1.177901e+01  0.000000e+00
   endloop
 endfacet
 facet normal  0.000000e+00  0.000000e+00 -1.000000e+00
   outer loop
     vertex  1.762386e+01  1.524507e+01  0.000000e+00
     vertex  1.361084e+01  1.177901e+01  0.000000e+00
     vertex  1.328257e+01  1.214798e+01  0.000000e+00
   endloop
 endfacet
 facet normal  0.000000e+00  0.000000e+00 -1.000000e+00
   outer loop
     vertex  1.762386e+01  1.524507e+01  0.000000e+00
     vertex  1.328257e+01  1.214798e+01  0.000000e+00
     vertex  1.294430e+01  1.250780e+01  0.000000e+00
   endloop
 endfacet
 facet normal  0.000000e+00  0.000000e+00 -1.000000e+00
   outer loop
     vertex  1.762386e+01  1.524507e+01  0.000000e+00
     vertex  1.294430e+01  1.250780e+01  0.000000e+00
     vertex  1.259629e+01  1.285820e+01  0.000000e+00
   endloop
 endfacet
 facet normal  0.000000e+00 -0.000000e+00 -1.000000e+00
   outer loop
     vertex  1.762386e+01  1.524507e+01  0.000000e+00
     vertex  1.807381e+01  1.470884e+01  0.000000e+00
     vertex  1.392886e+01  1.140117e+01  0.000000e+00
   endloop
 endfacet
 facet normal -0.000000e+00  0.000000e+00 -1.000000e+00
   outer loop
     vertex  1.524507e+01  1.762386e+01  0.000000e+00
     vertex  1.149645e+01  1.385033e+01  0.000000e+00
     vertex  1.470884e+01  1.807381e+01  0.000000e+00
   endloop
 endfacet
 facet normal  0.000000e+00  0.000000e+00 -1.000000e+00
   outer loop
     vertex  1.524507e+01  1.762386e+01  0.000000e+00
     vertex  1.259629e+01  1.285820e+01  0.000000e+00
     vertex  1.223880e+01  1.319893e+01  0.000000e+00
   endloop
 endfacet
 facet normal  0.000000e+00  0.000000e+00 -1.000000e+00
   outer loop
     vertex  1.524507e+01  1.762386e+01  0.000000e+00
     vertex  1.223880e+01  1.319893e+01  0.000000e+00
     vertex  1.187209e+01  1.352972e+01  0.000000e+00
   endloop
 endfacet
 facet normal  0.000000e+00  0.000000e+00 -1.000000e+00
   outer loop
     vertex  1.524507e+01  1.762386e+01  0.000000e+00
     vertex  1.187209e+01  1.352972e+01  0.000000e+00
     vertex  1.149645e+01  1.385033e+01  0.000000e+00
   endloop
 endfacet
 facet normal  0.000000e+00 -0.000000e+00 -1.000000e+00
   outer loop
     vertex  1.524507e+01  1.762386e+01  0.000000e+00
     vertex  1.762386e+01  1.524507e+01  0.000000e+00
     vertex  1.259629e+01  1.285820e+01  0.000000e+00
   endloop
 endfacet
 facet normal -0.000000e+00  0.000000e+00 -1.000000e+00
   outer loop
     vertex  9.947879e+00  2.293556e+01  0.000000e+00
     vertex  8.297962e+00  2.177513e+01  0.000000e+00
     vertex  9.415728e+00  2.315910e+01  0.000000e+00
   endloop
 endfacet
 facet normal  0.000000e+00 -0.000000e+00 -1.000000e+00
   outer loop
     vertex  2.293556e+01  9.947879e+00  0.000000e+00
     vertex  2.315910e+01  9.415728e+00  0.000000e+00
     vertex  2.177513e+01  8.297962e+00  0.000000e+00
   endloop
 endfacet
 facet normal -0.000000e+00  0.000000e+00 -1.000000e+00
   outer loop
     vertex  1.047473e+01  2.269978e+01  0.000000e+00
     vertex  8.297962e+00  2.177513e+01  0.000000e+00
     vertex  9.947879e+00  2.293556e+01  0.000000e+00
   endloop
 endfacet
 facet normal  0.000000e+00 -0.000000e+00 -1.000000e+00
   outer loop
     vertex  1.047473e+01  2.269978e+01  0.000000e+00
     vertex  1.052369e+01  1.932756e+01  0.000000e+00
     vertex  8.297962e+00  2.177513e+01  0.000000e+00
   endloop
 endfacet
 facet normal  0.000000e+00 -0.000000e+00 -1.000000e+00
   outer loop
     vertex  2.269978e+01  1.047473e+01  0.000000e+00
     vertex  2.293556e+01  9.947879e+00  0.000000e+00
     vertex  2.177513e+01  8.297962e+00  0.000000e+00
   endloop
 endfacet
 facet normal -0.000000e+00  0.000000e+00 -1.000000e+00
   outer loop
     vertex  2.269978e+01  1.047473e+01  0.000000e+00
     vertex  2.177513e+01  8.297962e+00  0.000000e+00
     vertex  1.932756e+01  1.052369e+01  0.000000e+00
   endloop
 endfacet
 facet normal -0.000000e+00  0.000000e+00 -1.000000e+00
   outer loop
     vertex  1.099599e+01  2.245191e+01  0.000000e+00
     vertex  1.052369e+01  1.932756e+01  0.000000e+00
     vertex  1.047473e+01  2.269978e+01  0.000000e+00
   endloop
 endfacet
 facet normal  0.000000e+00 -0.000000e+00 -1.000000e+00
   outer loop
     vertex  2.245191e+01  1.099599e+01  0.000000e+00
     vertex  2.269978e+01  1.047473e+01  0.000000e+00
     vertex  1.932756e+01  1.052369e+01  0.000000e+00
   endloop
 endfacet
 facet normal  0.000000e+00 -0.000000e+00 -1.000000e+00
   outer loop
     vertex  2.219207e+01  1.151139e+01  0.000000e+00
     vertex  2.245191e+01  1.099599e+01  0.000000e+00
     vertex  1.932756e+01  1.052369e+01  0.000000e+00
   endloop
 endfacet
 facet normal -0.000000e+00  0.000000e+00 -1.000000e+00
   outer loop
     vertex  1.151139e+01  2.219207e+01  0.000000e+00
     vertex  1.052369e+01  1.932756e+01  0.000000e+00
     vertex  1.099599e+01  2.245191e+01  0.000000e+00
   endloop
 endfacet
 facet normal -0.000000e+00  0.000000e+00 -1.000000e+00
   outer loop
     vertex  1.202066e+01  2.192040e+01  0.000000e+00
     vertex  1.052369e+01  1.932756e+01  0.000000e+00
     vertex  1.151139e+01  2.219207e+01  0.000000e+00
   endloop
 endfacet
 facet normal  0.000000e+00 -0.000000e+00 -1.000000e+00
   outer loop
     vertex  2.192040e+01  1.202066e+01  0.000000e+00
     vertex  2.219207e+01  1.151139e+01  0.000000e+00
     vertex  1.932756e+01  1.052369e+01  0.000000e+00
   endloop
 endfacet
 facet normal -0.000000e+00  0.000000e+00 -1.000000e+00
   outer loop
     vertex  1.346320e+01  2.106519e+01  0.000000e+00
     vertex  1.147631e+01  1.877756e+01  0.000000e+00
     vertex  1.297329e+01  2.137040e+01  0.000000e+00
   endloop
 endfacet
 facet normal  0.000000e+00 -0.000000e+00 -1.000000e+00
   outer loop
     vertex  2.106519e+01  1.346320e+01  0.000000e+00
     vertex  2.137040e+01  1.297329e+01  0.000000e+00
     vertex  1.877756e+01  1.147631e+01  0.000000e+00
   endloop
 endfacet
 facet normal -0.000000e+00  0.000000e+00 -1.000000e+00
   outer loop
     vertex  1.394593e+01  2.074876e+01  0.000000e+00
     vertex  1.147631e+01  1.877756e+01  0.000000e+00
     vertex  1.346320e+01  2.106519e+01  0.000000e+00
   endloop
 endfacet
 facet normal  0.000000e+00 -0.000000e+00 -1.000000e+00
   outer loop
     vertex  2.074876e+01  1.394593e+01  0.000000e+00
     vertex  2.106519e+01  1.346320e+01  0.000000e+00
     vertex  1.877756e+01  1.147631e+01  0.000000e+00
   endloop
 endfacet
 facet normal  0.000000e+00 -0.000000e+00 -1.000000e+00
   outer loop
     vertex  1.442122e+01  2.042127e+01  0.000000e+00
     vertex  1.470884e+01  1.807381e+01  0.000000e+00
     vertex  1.147631e+01  1.877756e+01  0.000000e+00
   endloop
 endfacet
 facet normal -0.000000e+00  0.000000e+00 -1.000000e+00
   outer loop
     vertex  1.442122e+01  2.042127e+01  0.000000e+00
     vertex  1.147631e+01  1.877756e+01  0.000000e+00
     vertex  1.394593e+01  2.074876e+01  0.000000e+00
   endloop
 endfacet
 facet normal  0.000000e+00 -0.000000e+00 -1.000000e+00
   outer loop
     vertex  2.042127e+01  1.442122e+01  0.000000e+00
     vertex  2.074876e+01  1.394593e+01  0.000000e+00
     vertex  1.877756e+01  1.147631e+01  0.000000e+00
   endloop
 endfacet
 facet normal -0.000000e+00  0.000000e+00 -1.000000e+00
   outer loop
     vertex  2.042127e+01  1.442122e+01  0.000000e+00
     vertex  1.877756e+01  1.147631e+01  0.000000e+00
     vertex  1.807381e+01  1.470884e+01  0.000000e+00
   endloop
 endfacet
 facet normal -0.000000e+00  0.000000e+00 -1.000000e+00
   outer loop
     vertex  1.488883e+01  2.008289e+01  0.000000e+00
     vertex  1.470884e+01  1.807381e+01  0.000000e+00
     vertex  1.442122e+01  2.042127e+01  0.000000e+00
   endloop
 endfacet
 facet normal  0.000000e+00 -0.000000e+00 -1.000000e+00
   outer loop
     vertex  2.008289e+01  1.488883e+01  0.000000e+00
     vertex  2.042127e+01  1.442122e+01  0.000000e+00
     vertex  1.807381e+01  1.470884e+01  0.000000e+00
   endloop
 endfacet
 facet normal -0.000000e+00  0.000000e+00 -1.000000e+00
   outer loop
     vertex  1.534851e+01  1.973381e+01  0.000000e+00
     vertex  1.470884e+01  1.807381e+01  0.000000e+00
     vertex  1.488883e+01  2.008289e+01  0.000000e+00
   endloop
 endfacet
 facet normal  0.000000e+00 -0.000000e+00 -1.000000e+00
   outer loop
     vertex  1.973381e+01  1.534851e+01  0.000000e+00
     vertex  2.008289e+01  1.488883e+01  0.000000e+00
     vertex  1.807381e+01  1.470884e+01  0.000000e+00
   endloop
 endfacet
 facet normal -0.000000e+00  0.000000e+00 -1.000000e+00
   outer loop
     vertex  1.580000e+01  1.937421e+01  0.000000e+00
     vertex  1.470884e+01  1.807381e+01  0.000000e+00
     vertex  1.534851e+01  1.973381e+01  0.000000e+00
   endloop
 endfacet
 facet normal  0.000000e+00 -0.000000e+00 -1.000000e+00
   outer loop
     vertex  1.937421e+01  1.580000e+01  0.000000e+00
     vertex  1.973381e+01  1.534851e+01  0.000000e+00
     vertex  1.807381e+01  1.470884e+01  0.000000e+00
   endloop
 endfacet
 facet normal  0.000000e+00 -0.000000e+00 -1.000000e+00
   outer loop
     vertex  1.851969e+01  1.679348e+01  0.000000e+00
     vertex  1.892426e+01  1.633623e+01  0.000000e+00
     vertex  1.762386e+01  1.524507e+01  0.000000e+00
   endloop
 endfacet
 facet normal -0.000000e+00  0.000000e+00 -1.000000e+00
   outer loop
     vertex  1.679348e+01  1.851969e+01  0.000000e+00
     vertex  1.524507e+01  1.762386e+01  0.000000e+00
     vertex  1.633623e+01  1.892426e+01  0.000000e+00
   endloop
 endfacet
 facet normal  0.000000e+00 -0.000000e+00 -1.000000e+00
   outer loop
     vertex  1.810408e+01  1.724072e+01  0.000000e+00
     vertex  1.851969e+01  1.679348e+01  0.000000e+00
     vertex  1.762386e+01  1.524507e+01  0.000000e+00
   endloop
 endfacet
 facet normal -0.000000e+00  0.000000e+00 -1.000000e+00
   outer loop
     vertex  1.724072e+01  1.810408e+01  0.000000e+00
     vertex  1.524507e+01  1.762386e+01  0.000000e+00
     vertex  1.679348e+01  1.851969e+01  0.000000e+00
   endloop
 endfacet
 facet normal -0.000000e+00  0.000000e+00 -1.000000e+00
   outer loop
     vertex  1.767767e+01  1.767767e+01  0.000000e+00
     vertex  1.524507e+01  1.762386e+01  0.000000e+00
     vertex  1.724072e+01  1.810408e+01  0.000000e+00
   endloop
 endfacet
 facet normal  0.000000e+00 -0.000000e+00 -1.000000e+00
   outer loop
     vertex  1.767767e+01  1.767767e+01  0.000000e+00
     vertex  1.810408e+01  1.724072e+01  0.000000e+00
     vertex  1.762386e+01  1.524507e+01  0.000000e+00
   endloop
 endfacet
 facet normal  0.000000e+00  0.000000e+00 -1.000000e+00
   outer loop
     vertex  1.767767e+01  1.767767e+01  0.000000e+00
     vertex  1.762386e+01  1.524507e+01  0.000000e+00
     vertex  1.524507e+01  1.762386e+01  0.000000e+00
   endloop
 endfacet
 facet normal -1.736482e-01 -9.848078e-01 -0.000000e+00
   outer loop
     vertex  2.467856e+01 -3.996096e+00  2.000000e+00
     vertex  2.300680e+01 -3.701320e+00  0.000000e+00
     vertex  2.467856e+01 -3.996096e+00  0.000000e+00
   endloop
 endfacet
 facet normal -1.736482e-01 -9.848078e-01  0.000000e+00
   outer loop
     vertex  2.467856e+01 -3.996096e+00  2.000000e+00
     vertex  2.300680e+01 -3.701320e+00  2.000000e+00
     vertex  2.300680e+01 -3.701320e+00  0.000000e+00
   endloop
 endfacet
 facet normal  0.000000e+00  0.000000e+00  1.000000e+00
   outer loop
     vertex -1.277150e+01 -1.268419e+01  2.000000e+00
     vertex -1.775084e+01 -1.760419e+01  2.000000e+00
     vertex -1.726166e+01 -1.808411e+01  2.000000e+00
   endloop
 endfacet
 facet normal  0.000000e+00  0.000000e+00  1.000000e+00
   outer loop
     vertex -1.241871e+01 -1.302979e+01  2.000000e+00
     vertex -1.726166e+01 -1.808411e+01  2.000000e+00
     vertex -1.675951e+01 -1.855044e+01  2.000000e+00
   endloop
 endfacet
 facet normal  0.000000e+00  0.000000e+00  1.000000e+00
   outer loop
     vertex -1.241871e+01 -1.302979e+01  2.000000e+00
     vertex -1.277150e+01 -1.268419e+01  2.000000e+00
     vertex -1.726166e+01 -1.808411e+01  2.000000e+00
   endloop
 endfacet
 facet normal  0.000000e+00  0.000000e+00  1.000000e+00
   outer loop
     vertex -1.311467e+01 -1.232905e+01  2.000000e+00
     vertex -1.822668e+01 -1.711105e+01  2.000000e+00
     vertex -1.775084e+01 -1.760419e+01  2.000000e+00
   endloop
 endfacet
 facet normal  0.000000e+00  0.000000e+00  1.000000e+00
   outer loop
     vertex -1.311467e+01 -1.232905e+01  2.000000e+00
     vertex -1.775084e+01 -1.760419e+01  2.000000e+00
     vertex -1.277150e+01 -1.268419e+01  2.000000e+00
   endloop
 endfacet
 facet normal  0.000000e+00  0.000000e+00  1.000000e+00
   outer loop
     vertex -1.205658e+01 -1.336559e+01  2.000000e+00
     vertex -1.241871e+01 -1.302979e+01  2.000000e+00
     vertex -1.675951e+01 -1.855044e+01  2.000000e+00
   endloop
 endfacet
 facet normal  0.000000e+00  0.000000e+00  1.000000e+00
   outer loop
     vertex -1.205658e+01 -1.336559e+01  2.000000e+00
     vertex -1.675951e+01 -1.855044e+01  2.000000e+00
     vertex -1.624477e+01 -1.900283e+01  2.000000e+00
   endloop
 endfacet
 facet normal  0.000000e+00  0.000000e+00  1.000000e+00
   outer loop
     vertex -1.344797e+01 -1.196462e+01  2.000000e+00
     vertex -1.822668e+01 -1.711105e+01  2.000000e+00
     vertex -1.311467e+01 -1.232905e+01  2.000000e+00
   endloop
 endfacet
 facet normal  0.000000e+00  0.000000e+00  1.000000e+00
   outer loop
     vertex -1.344797e+01 -1.196462e+01  2.000000e+00
     vertex -1.868883e+01 -1.660505e+01  2.000000e+00
     vertex -1.822668e+01 -1.711105e+01  2.000000e+00
   endloop
 endfacet
 facet normal  0.000000e+00  0.000000e+00  1.000000e+00
   outer loop
     vertex -1.168537e+01 -1.369132e+01  2.000000e+00
     vertex -1.624477e+01 -1.900283e+01  2.000000e+00
     vertex -1.571782e+01 -1.944094e+01  2.000000e+00
   endloop
 endfacet
 facet normal  0.000000e+00  0.000000e+00  1.000000e+00
   outer loop
     vertex -1.168537e+01 -1.369132e+01  2.000000e+00
     vertex -1.205658e+01 -1.336559e+01  2.000000e+00
     vertex -1.624477e+01 -1.900283e+01  2.000000e+00
   endloop
 endfacet
 facet normal  0.000000e+00  0.000000e+00  1.000000e+00
   outer loop
     vertex -1.377115e+01 -1.159118e+01  2.000000e+00
     vertex -1.868883e+01 -1.660505e+01  2.000000e+00
     vertex -1.344797e+01 -1.196462e+01  2.000000e+00
   endloop
 endfacet
 facet normal  0.000000e+00  0.000000e+00  1.000000e+00
   outer loop
     vertex -1.377115e+01 -1.159118e+01  2.000000e+00
     vertex -1.913693e+01 -1.608657e+01  2.000000e+00
     vertex -1.868883e+01 -1.660505e+01  2.000000e+00
   endloop
 endfacet
 facet normal  0.000000e+00  0.000000e+00  1.000000e+00
   outer loop
     vertex -1.130536e+01 -1.400674e+01  2.000000e+00
     vertex -1.168537e+01 -1.369132e+01  2.000000e+00
     vertex -1.571782e+01 -1.944094e+01  2.000000e+00
   endloop
 endfacet
 facet normal  0.000000e+00  0.000000e+00  1.000000e+00
   outer loop
     vertex -1.130536e+01 -1.400674e+01  2.000000e+00
     vertex -1.571782e+01 -1.944094e+01  2.000000e+00
     vertex -1.517906e+01 -1.986444e+01  2.000000e+00
   endloop
 endfacet
 facet normal  0.000000e+00  0.000000e+00  1.000000e+00
   outer loop
     vertex -1.408396e+01 -1.120902e+01  2.000000e+00
     vertex -1.913693e+01 -1.608657e+01  2.000000e+00
     vertex -1.377115e+01 -1.159118e+01  2.000000e+00
   endloop
 endfacet
 facet normal  0.000000e+00  0.000000e+00  1.000000e+00
   outer loop
     vertex -1.408396e+01 -1.120902e+01  2.000000e+00
     vertex -1.957066e+01 -1.555601e+01  2.000000e+00
     vertex -1.913693e+01 -1.608657e+01  2.000000e+00
   endloop
 endfacet
 facet normal  0.000000e+00  0.000000e+00  1.000000e+00
   outer loop
     vertex -1.091685e+01 -1.431162e+01  2.000000e+00
     vertex -1.130536e+01 -1.400674e+01  2.000000e+00
     vertex -1.517906e+01 -1.986444e+01  2.000000e+00
   endloop
 endfacet
 facet normal  0.000000e+00  0.000000e+00  1.000000e+00
   outer loop
     vertex -1.091685e+01 -1.431162e+01  2.000000e+00
     vertex -1.517906e+01 -1.986444e+01  2.000000e+00
     vertex -1.462890e+01 -2.027302e+01  2.000000e+00
   endloop
 endfacet
 facet normal  0.000000e+00  0.000000e+00  1.000000e+00
   outer loop
     vertex -1.438617e+01 -1.081842e+01  2.000000e+00
     vertex -1.957066e+01 -1.555601e+01  2.000000e+00
     vertex -1.408396e+01 -1.120902e+01  2.000000e+00
   endloop
 endfacet
 facet normal  0.000000e+00  0.000000e+00  1.000000e+00
   outer loop
     vertex -1.438617e+01 -1.081842e+01  2.000000e+00
     vertex -1.998968e+01 -1.501375e+01  2.000000e+00
     vertex -1.957066e+01 -1.555601e+01  2.000000e+00
   endloop
 endfacet
 facet normal  0.000000e+00  0.000000e+00  1.000000e+00
   outer loop
     vertex -1.052011e+01 -1.460573e+01  2.000000e+00
     vertex -1.091685e+01 -1.431162e+01  2.000000e+00
     vertex -1.462890e+01 -2.027302e+01  2.000000e+00
   endloop
 endfacet
 facet normal  0.000000e+00  0.000000e+00  1.000000e+00
   outer loop
     vertex -1.052011e+01 -1.460573e+01  2.000000e+00
     vertex -1.462890e+01 -2.027302e+01  2.000000e+00
     vertex -1.406774e+01 -2.066637e+01  2.000000e+00
   endloop
 endfacet
 facet normal  0.000000e+00  0.000000e+00  1.000000e+00
   outer loop
     vertex -1.467754e+01 -1.041968e+01  2.000000e+00
     vertex -2.039368e+01 -1.446022e+01  2.000000e+00
     vertex -1.998968e+01 -1.501375e+01  2.000000e+00
   endloop
 endfacet
 facet normal  0.000000e+00  0.000000e+00  1.000000e+00
   outer loop
     vertex -1.467754e+01 -1.041968e+01  2.000000e+00
     vertex -1.998968e+01 -1.501375e+01  2.000000e+00
     vertex -1.438617e+01 -1.081842e+01  2.000000e+00
   endloop
 endfacet
 facet normal  0.000000e+00  0.000000e+00  1.000000e+00
   outer loop
     vertex -1.011546e+01 -1.488884e+01  2.000000e+00
     vertex -1.052011e+01 -1.460573e+01  2.000000e+00
     vertex -1.406774e+01 -2.066637e+01  2.000000e+00
   endloop
 endfacet
 facet normal  0.000000e+00  0.000000e+00  1.000000e+00
   outer loop
     vertex -1.011546e+01 -1.488884e+01  2.000000e+00
     vertex -1.406774e+01 -2.066637e+01  2.000000e+00
     vertex -1.349601e+01 -2.104418e+01  2.000000e+00
   endloop
 endfacet
 facet normal  0.000000e+00  0.000000e+00  1.000000e+00
   outer loop
     vertex -1.495787e+01 -1.001309e+01  2.000000e+00
     vertex -2.078235e+01 -1.389582e+01  2.000000e+00
     vertex -2.039368e+01 -1.446022e+01  2.000000e+00
   endloop
 endfacet
 facet normal  0.000000e+00  0.000000e+00  1.000000e+00
   outer loop
     vertex -1.495787e+01 -1.001309e+01  2.000000e+00
     vertex -2.039368e+01 -1.446022e+01  2.000000e+00
     vertex -1.467754e+01 -1.041968e+01  2.000000e+00
   endloop
 endfacet
 facet normal  0.000000e+00  0.000000e+00  1.000000e+00
   outer loop
     vertex -9.703190e+00 -1.516074e+01  2.000000e+00
     vertex -1.011546e+01 -1.488884e+01  2.000000e+00
     vertex -1.349601e+01 -2.104418e+01  2.000000e+00
   endloop
 endfacet
 facet normal  0.000000e+00  0.000000e+00  1.000000e+00
   outer loop
     vertex -9.703190e+00 -1.516074e+01  2.000000e+00
     vertex -1.349601e+01 -2.104418e+01  2.000000e+00
     vertex -1.291415e+01 -2.140619e+01  2.000000e+00
   endloop
 endfacet
 facet normal  0.000000e+00  0.000000e+00  1.000000e+00
   outer loop
     vertex -1.522694e+01 -9.598969e+00  2.000000e+00
     vertex -2.115542e+01 -1.332098e+01  2.000000e+00
     vertex -2.078235e+01 -1.389582e+01  2.000000e+00
   endloop
 endfacet
 facet normal  0.000000e+00  0.000000e+00  1.000000e+00
   outer loop
     vertex -1.522694e+01 -9.598969e+00  2.000000e+00
     vertex -2.078235e+01 -1.389582e+01  2.000000e+00
     vertex -1.495787e+01 -1.001309e+01  2.000000e+00
   endloop
 endfacet
 facet normal  0.000000e+00  0.000000e+00  1.000000e+00
   outer loop
     vertex -9.283617e+00 -1.542123e+01  2.000000e+00
     vertex -9.703190e+00 -1.516074e+01  2.000000e+00
     vertex -1.291415e+01 -2.140619e+01  2.000000e+00
   endloop
 endfacet
 facet normal  0.000000e+00  0.000000e+00  1.000000e+00
   outer loop
     vertex -9.283617e+00 -1.542123e+01  2.000000e+00
     vertex -1.291415e+01 -2.140619e+01  2.000000e+00
     vertex -1.232257e+01 -2.175211e+01  2.000000e+00
   endloop
 endfacet
 facet normal  0.000000e+00  0.000000e+00  1.000000e+00
   outer loop
     vertex -1.548455e+01 -9.177620e+00  2.000000e+00
     vertex -2.151258e+01 -1.273613e+01  2.000000e+00
     vertex -2.115542e+01 -1.332098e+01  2.000000e+00
   endloop
 endfacet
 facet normal  0.000000e+00  0.000000e+00  1.000000e+00
   outer loop
     vertex -1.548455e+01 -9.177620e+00  2.000000e+00
     vertex -2.115542e+01 -1.332098e+01  2.000000e+00
     vertex -1.522694e+01 -9.598969e+00  2.000000e+00
   endloop
 endfacet
 facet normal  0.000000e+00  0.000000e+00  1.000000e+00
   outer loop
     vertex -8.857056e+00 -1.567012e+01  2.000000e+00
     vertex -9.283617e+00 -1.542123e+01  2.000000e+00
     vertex -1.232257e+01 -2.175211e+01  2.000000e+00
   endloop
 endfacet
 facet normal  0.000000e+00  0.000000e+00  1.000000e+00
   outer loop
     vertex -8.857056e+00 -1.567012e+01  2.000000e+00
     vertex -1.232257e+01 -2.175211e+01  2.000000e+00
     vertex -1.172174e+01 -2.208168e+01  2.000000e+00
   endloop
 endfacet
 facet normal  0.000000e+00  0.000000e+00  1.000000e+00
   outer loop
     vertex -1.573050e+01 -8.749362e+00  2.000000e+00
     vertex -2.151258e+01 -1.273613e+01  2.000000e+00
     vertex -1.548455e+01 -9.177620e+00  2.000000e+00
   endloop
 endfacet
 facet normal  0.000000e+00  0.000000e+00  1.000000e+00
   outer loop
     vertex -1.573050e+01 -8.749362e+00  2.000000e+00
     vertex -2.185358e+01 -1.214171e+01  2.000000e+00
     vertex -2.151258e+01 -1.273613e+01  2.000000e+00
   endloop
 endfacet
 facet normal  0.000000e+00  0.000000e+00  1.000000e+00
   outer loop
     vertex -8.423828e+00 -1.590720e+01  2.000000e+00
     vertex -1.172174e+01 -2.208168e+01  2.000000e+00
     vertex -1.111211e+01 -2.239467e+01  2.000000e+00
   endloop
 endfacet
 facet normal  0.000000e+00  0.000000e+00  1.000000e+00
   outer loop
     vertex -8.423828e+00 -1.590720e+01  2.000000e+00
     vertex -8.857056e+00 -1.567012e+01  2.000000e+00
     vertex -1.172174e+01 -2.208168e+01  2.000000e+00
   endloop
 endfacet
 facet normal  0.000000e+00  0.000000e+00  1.000000e+00
   outer loop
     vertex -1.596461e+01 -8.314517e+00  2.000000e+00
     vertex -2.217816e+01 -1.153816e+01  2.000000e+00
     vertex -2.185358e+01 -1.214171e+01  2.000000e+00
   endloop
 endfacet
 facet normal  0.000000e+00  0.000000e+00  1.000000e+00
   outer loop
     vertex -1.596461e+01 -8.314517e+00  2.000000e+00
     vertex -2.185358e+01 -1.214171e+01  2.000000e+00
     vertex -1.573050e+01 -8.749362e+00  2.000000e+00
   endloop
 endfacet
 facet normal  0.000000e+00  0.000000e+00  1.000000e+00
   outer loop
     vertex -7.984258e+00 -1.613232e+01  2.000000e+00
     vertex -8.423828e+00 -1.590720e+01  2.000000e+00
     vertex -1.111211e+01 -2.239467e+01  2.000000e+00
   endloop
 endfacet
 facet normal  0.000000e+00  0.000000e+00  1.000000e+00
   outer loop
     vertex -7.984258e+00 -1.613232e+01  2.000000e+00
     vertex -1.111211e+01 -2.239467e+01  2.000000e+00
     vertex -1.049412e+01 -2.269082e+01  2.000000e+00
   endloop
 endfacet
 facet normal  0.000000e+00  0.000000e+00  1.000000e+00
   outer loop
     vertex -1.618670e+01 -7.873414e+00  2.000000e+00
     vertex -2.248608e+01 -1.092595e+01  2.000000e+00
     vertex -2.217816e+01 -1.153816e+01  2.000000e+00
   endloop
 endfacet
 facet normal  0.000000e+00  0.000000e+00  1.000000e+00
   outer loop
     vertex -1.618670e+01 -7.873414e+00  2.000000e+00
     vertex -2.217816e+01 -1.153816e+01  2.000000e+00
     vertex -1.596461e+01 -8.314517e+00  2.000000e+00
   endloop
 endfacet
 facet normal  0.000000e+00  0.000000e+00  1.000000e+00
   outer loop
     vertex -7.538678e+00 -1.634528e+01  2.000000e+00
     vertex -7.984258e+00 -1.613232e+01  2.000000e+00
     vertex -1.049412e+01 -2.269082e+01  2.000000e+00
   endloop
 endfacet
 facet normal  0.000000e+00  0.000000e+00  1.000000e+00
   outer loop
     vertex -7.538678e+00 -1.634528e+01  2.000000e+00
     vertex -1.049412e+01 -2.269082e+01  2.000000e+00
     vertex -9.868248e+00 -2.296993e+01  2.000000e+00
   endloop
 endfacet
 facet normal  0.000000e+00  0.000000e+00  1.000000e+00
   outer loop
     vertex -1.639661e+01 -7.426383e+00  2.000000e+00
     vertex -2.277710e+01 -1.030553e+01  2.000000e+00
     vertex -2.248608e+01 -1.092595e+01  2.000000e+00
   endloop
 endfacet
 facet normal  0.000000e+00  0.000000e+00  1.000000e+00
   outer loop
     vertex -1.639661e+01 -7.426383e+00  2.000000e+00
     vertex -2.248608e+01 -1.092595e+01  2.000000e+00
     vertex -1.618670e+01 -7.873414e+00  2.000000e+00
   endloop
 endfacet
 facet normal  0.000000e+00  0.000000e+00  1.000000e+00
   outer loop
     vertex -7.087424e+00 -1.654595e+01  2.000000e+00
     vertex -9.868248e+00 -2.296993e+01  2.000000e+00
     vertex -9.234961e+00 -2.323178e+01  2.000000e+00
   endloop
 endfacet
 facet normal  0.000000e+00  0.000000e+00  1.000000e+00
   outer loop
     vertex -7.087424e+00 -1.654595e+01  2.000000e+00
     vertex -7.538678e+00 -1.634528e+01  2.000000e+00
     vertex -9.868248e+00 -2.296993e+01  2.000000e+00
   endloop
 endfacet
 facet normal  0.000000e+00  0.000000e+00  1.000000e+00
   outer loop
     vertex -1.659417e+01 -6.973763e+00  2.000000e+00
     vertex -2.305100e+01 -9.677360e+00  2.000000e+00
     vertex -2.277710e+01 -1.030553e+01  2.000000e+00
   endloop
 endfacet
 facet normal  0.000000e+00  0.000000e+00  1.000000e+00
   outer loop
     vertex -1.659417e+01 -6.973763e+00  2.000000e+00
     vertex -2.277710e+01 -1.030553e+01  2.000000e+00
     vertex -1.639661e+01 -7.426383e+00  2.000000e+00
   endloop
 endfacet
 facet normal  0.000000e+00  0.000000e+00  1.000000e+00
   outer loop
     vertex -6.630834e+00 -1.673416e+01  2.000000e+00
     vertex -7.087424e+00 -1.654595e+01  2.000000e+00
     vertex -9.234961e+00 -2.323178e+01  2.000000e+00
   endloop
 endfacet
 facet normal  0.000000e+00  0.000000e+00  1.000000e+00
   outer loop
     vertex -6.630834e+00 -1.673416e+01  2.000000e+00
     vertex -9.234961e+00 -2.323178e+01  2.000000e+00
     vertex -8.594735e+00 -2.347617e+01  2.000000e+00
   endloop
 endfacet
 facet normal  0.000000e+00  0.000000e+00  1.000000e+00
   outer loop
     vertex -1.677925e+01 -6.515893e+00  2.000000e+00
     vertex -2.330759e+01 -9.041923e+00  2.000000e+00
     vertex -2.305100e+01 -9.677360e+00  2.000000e+00
   endloop
 endfacet
 facet normal  0.000000e+00  0.000000e+00  1.000000e+00
   outer loop
     vertex -1.677925e+01 -6.515893e+00  2.000000e+00
     vertex -2.305100e+01 -9.677360e+00  2.000000e+00
     vertex -1.659417e+01 -6.973763e+00  2.000000e+00
   endloop
 endfacet
 facet normal  0.000000e+00  0.000000e+00  1.000000e+00
   outer loop
     vertex -6.169252e+00 -1.690977e+01  2.000000e+00
     vertex -6.630834e+00 -1.673416e+01  2.000000e+00
     vertex -8.594735e+00 -2.347617e+01  2.000000e+00
   endloop
 endfacet
 facet normal  0.000000e+00  0.000000e+00  1.000000e+00
   outer loop
     vertex -6.169252e+00 -1.690977e+01  2.000000e+00
     vertex -8.594735e+00 -2.347617e+01  2.000000e+00
     vertex -7.948051e+00 -2.370292e+01  2.000000e+00
   endloop
 endfacet
 facet normal  0.000000e+00  0.000000e+00  1.000000e+00
   outer loop
     vertex -1.695169e+01 -6.053118e+00  2.000000e+00
     vertex -2.330759e+01 -9.041923e+00  2.000000e+00
     vertex -1.677925e+01 -6.515893e+00  2.000000e+00
   endloop
 endfacet
 facet normal  0.000000e+00  0.000000e+00  1.000000e+00
   outer loop
     vertex -1.695169e+01 -6.053118e+00  2.000000e+00
     vertex -2.354666e+01 -8.399692e+00  2.000000e+00
     vertex -2.330759e+01 -9.041923e+00  2.000000e+00
   endloop
 endfacet
 facet normal  0.000000e+00  0.000000e+00  1.000000e+00
   outer loop
     vertex -5.703027e+00 -1.707265e+01  2.000000e+00
     vertex -6.169252e+00 -1.690977e+01  2.000000e+00
     vertex -7.948051e+00 -2.370292e+01  2.000000e+00
   endloop
 endfacet
 facet normal  0.000000e+00  0.000000e+00  1.000000e+00
   outer loop
     vertex -5.703027e+00 -1.707265e+01  2.000000e+00
     vertex -7.948051e+00 -2.370292e+01  2.000000e+00
     vertex -7.295395e+00 -2.391186e+01  2.000000e+00
   endloop
 endfacet
 facet normal  0.000000e+00  0.000000e+00  1.000000e+00
   outer loop
     vertex -1.711137e+01 -5.585786e+00  2.000000e+00
     vertex -2.376804e+01 -7.751149e+00  2.000000e+00
     vertex -2.354666e+01 -8.399692e+00  2.000000e+00
   endloop
 endfacet
 facet normal  0.000000e+00  0.000000e+00  1.000000e+00
   outer loop
     vertex -1.711137e+01 -5.585786e+00  2.000000e+00
     vertex -2.354666e+01 -8.399692e+00  2.000000e+00
     vertex -1.695169e+01 -6.053118e+00  2.000000e+00
   endloop
 endfacet
 facet normal  0.000000e+00  0.000000e+00  1.000000e+00
   outer loop
     vertex -5.500000e-01 -2.200000e+01  2.000000e+00
     vertex -4.634917e+00 -2.456659e+01  2.000000e+00
     vertex -3.959834e+00 -2.468440e+01  2.000000e+00
   endloop
 endfacet
 facet normal  0.000000e+00  0.000000e+00  1.000000e+00
   outer loop
     vertex -5.500000e-01 -2.200000e+01  2.000000e+00
     vertex -3.959834e+00 -2.468440e+01  2.000000e+00
     vertex -3.281775e+00 -2.478366e+01  2.000000e+00
   endloop
 endfacet
 facet normal  0.000000e+00  0.000000e+00  1.000000e+00
   outer loop
     vertex -5.500000e-01 -2.200000e+01  2.000000e+00
     vertex -3.281775e+00 -2.478366e+01  2.000000e+00
     vertex -2.601250e+00 -2.486430e+01  2.000000e+00
   endloop
 endfacet
 facet normal  0.000000e+00  0.000000e+00  1.000000e+00
   outer loop
     vertex -5.500000e-01 -2.200000e+01  2.000000e+00
     vertex -2.601250e+00 -2.486430e+01  2.000000e+00
     vertex -1.918770e+00 -2.492626e+01  2.000000e+00
   endloop
 endfacet
 facet normal  0.000000e+00  0.000000e+00  1.000000e+00
   outer loop
     vertex -5.500000e-01 -2.200000e+01  2.000000e+00
     vertex -1.918770e+00 -2.492626e+01  2.000000e+00
     vertex -1.234849e+00 -2.496948e+01  2.000000e+00
   endloop
 endfacet
 facet normal  0.000000e+00  0.000000e+00  1.000000e+00
   outer loop
     vertex -5.500000e-01 -2.200000e+01  2.000000e+00
     vertex -1.234849e+00 -2.496948e+01  2.000000e+00
     vertex -5.500000e-01 -2.499395e+01  2.000000e+00
   endloop
 endfacet
 facet normal  0.000000e+00  0.000000e+00  1.000000e+00
   outer loop
     vertex -5.232508e+00 -1.722268e+01  2.000000e+00
     vertex -5.703027e+00 -1.707265e+01  2.000000e+00
     vertex -7.295395e+00 -2.391186e+01  2.000000e+00
   endloop
 endfacet
 facet normal  0.000000e+00  0.000000e+00  1.000000e+00
   outer loop
     vertex -5.232508e+00 -1.722268e+01  2.000000e+00
     vertex -7.295395e+00 -2.391186e+01  2.000000e+00
     vertex -6.637257e+00 -2.410284e+01  2.000000e+00
   endloop
 endfacet
 facet normal  0.000000e+00  0.000000e+00  1.000000e+00
   outer loop
     vertex -1.725817e+01 -5.114249e+00  2.000000e+00
     vertex -2.376804e+01 -7.751149e+00  2.000000e+00
     vertex -1.711137e+01 -5.585786e+00  2.000000e+00
   endloop
 endfacet
 facet normal  0.000000e+00  0.000000e+00  1.000000e+00
   outer loop
     vertex -1.725817e+01 -5.114249e+00  2.000000e+00
     vertex -2.397156e+01 -7.096782e+00  2.000000e+00
     vertex -2.376804e+01 -7.751149e+00  2.000000e+00
   endloop
 endfacet
 facet normal  0.000000e+00  0.000000e+00  1.000000e+00
   outer loop
     vertex -4.758051e+00 -1.735975e+01  2.000000e+00
     vertex -6.637257e+00 -2.410284e+01  2.000000e+00
     vertex -5.974132e+00 -2.427570e+01  2.000000e+00
   endloop
 endfacet
 facet normal  0.000000e+00  0.000000e+00  1.000000e+00
   outer loop
     vertex -4.758051e+00 -1.735975e+01  2.000000e+00
     vertex -5.232508e+00 -1.722268e+01  2.000000e+00
     vertex -6.637257e+00 -2.410284e+01  2.000000e+00
   endloop
 endfacet
 facet normal  0.000000e+00  0.000000e+00  1.000000e+00
   outer loop
     vertex -1.739198e+01 -4.638863e+00  2.000000e+00
     vertex -2.415707e+01 -6.437083e+00  2.000000e+00
     vertex -2.397156e+01 -7.096782e+00  2.000000e+00
   endloop
 endfacet
 facet normal  0.000000e+00  0.000000e+00  1.000000e+00
   outer loop
     vertex -1.739198e+01 -4.638863e+00  2.000000e+00
     vertex -2.397156e+01 -7.096782e+00  2.000000e+00
     vertex -1.725817e+01 -5.114249e+00  2.000000e+00
   endloop
 endfacet
 facet normal  0.000000e+00  0.000000e+00  1.000000e+00
   outer loop
     vertex -4.280012e+00 -1.748375e+01  2.000000e+00
     vertex -5.974132e+00 -2.427570e+01  2.000000e+00
     vertex -5.306518e+00 -2.443033e+01  2.000000e+00
   endloop
 endfacet
 facet normal  0.000000e+00  0.000000e+00  1.000000e+00
   outer loop
     vertex -4.280012e+00 -1.748375e+01  2.000000e+00
     vertex -4.758051e+00 -1.735975e+01  2.000000e+00
     vertex -5.974132e+00 -2.427570e+01  2.000000e+00
   endloop
 endfacet
 facet normal  0.000000e+00  0.000000e+00  1.000000e+00
   outer loop
     vertex -1.751270e+01 -4.159984e+00  2.000000e+00
     vertex -2.415707e+01 -6.437083e+00  2.000000e+00
     vertex -1.739198e+01 -4.638863e+00  2.000000e+00
   endloop
 endfacet
 facet normal  0.000000e+00  0.000000e+00  1.000000e+00
   outer loop
     vertex -1.751270e+01 -4.159984e+00  2.000000e+00
     vertex -2.432443e+01 -5.772547e+00  2.000000e+00
     vertex -2.415707e+01 -6.437083e+00  2.000000e+00
   endloop
 endfacet
 facet normal  0.000000e+00  0.000000e+00  1.000000e+00
   outer loop
     vertex  5.500000e-01 -2.200000e+01  2.000000e+00
     vertex  5.500000e-01 -2.499395e+01  2.000000e+00
     vertex  1.126874e+00 -2.497459e+01  2.000000e+00
   endloop
 endfacet
 facet normal  0.000000e+00  0.000000e+00  1.000000e+00
   outer loop
     vertex  5.500000e-01 -2.200000e+01  2.000000e+00
     vertex  1.126874e+00 -2.497459e+01  2.000000e+00
     vertex  1.703147e+00 -2.494192e+01  2.000000e+00
   endloop
 endfacet
 facet normal  0.000000e+00  0.000000e+00  1.000000e+00
   outer loop
     vertex  5.500000e-01 -2.200000e+01  2.000000e+00
     vertex  1.703147e+00 -2.494192e+01  2.000000e+00
     vertex  2.278512e+00 -2.489595e+01  2.000000e+00
   endloop
 endfacet
 facet normal  0.000000e+00  0.000000e+00  1.000000e+00
   outer loop
     vertex -3.798751e+00 -1.759459e+01  2.000000e+00
     vertex -4.280012e+00 -1.748375e+01  2.000000e+00
     vertex -5.306518e+00 -2.443033e+01  2.000000e+00
   endloop
 endfacet
 facet normal  0.000000e+00  0.000000e+00  1.000000e+00
   outer loop
     vertex -3.798751e+00 -1.759459e+01  2.000000e+00
     vertex -5.306518e+00 -2.443033e+01  2.000000e+00
     vertex -4.634917e+00 -2.456659e+01  2.000000e+00
   endloop
 endfacet
 facet normal  0.000000e+00  0.000000e+00  1.000000e+00
   outer loop
     vertex -1.762023e+01 -3.677975e+00  2.000000e+00
     vertex -2.432443e+01 -5.772547e+00  2.000000e+00
     vertex -1.751270e+01 -4.159984e+00  2.000000e+00
   endloop
 endfacet
 facet normal  0.000000e+00  0.000000e+00  1.000000e+00
   outer loop
     vertex -1.762023e+01 -3.677975e+00  2.000000e+00
     vertex -2.447351e+01 -5.103673e+00  2.000000e+00
     vertex -2.432443e+01 -5.772547e+00  2.000000e+00
   endloop
 endfacet
 facet normal  0.000000e+00  0.000000e+00  1.000000e+00
   outer loop
     vertex -3.314630e+00 -1.769218e+01  2.000000e+00
     vertex -3.798751e+00 -1.759459e+01  2.000000e+00
     vertex -4.634917e+00 -2.456659e+01  2.000000e+00
   endloop
 endfacet
 facet normal  0.000000e+00  0.000000e+00  1.000000e+00
   outer loop
     vertex -3.314630e+00 -1.769218e+01  2.000000e+00
     vertex -4.634917e+00 -2.456659e+01  2.000000e+00
     vertex -5.500000e-01 -2.200000e+01  2.000000e+00
   endloop
 endfacet
 facet normal  0.000000e+00  0.000000e+00  1.000000e+00
   outer loop
     vertex -1.771450e+01 -3.193196e+00  2.000000e+00
     vertex -2.460420e+01 -4.430965e+00  2.000000e+00
     vertex -2.447351e+01 -5.103673e+00  2.000000e+00
   endloop
 endfacet
 facet normal  0.000000e+00  0.000000e+00  1.000000e+00
   outer loop
     vertex -1.771450e+01 -3.193196e+00  2.000000e+00
     vertex -2.447351e+01 -5.103673e+00  2.000000e+00
     vertex -1.762023e+01 -3.677975e+00  2.000000e+00
   endloop
 endfacet
 facet normal  0.000000e+00  0.000000e+00  1.000000e+00
   outer loop
     vertex -2.828015e+00 -1.777645e+01  2.000000e+00
     vertex -3.314630e+00 -1.769218e+01  2.000000e+00
     vertex -5.500000e-01 -2.200000e+01  2.000000e+00
   endloop
 endfacet
 facet normal  0.000000e+00  0.000000e+00  1.000000e+00
   outer loop
     vertex -1.779543e+01 -2.706014e+00  2.000000e+00
     vertex -2.471640e+01 -3.754927e+00  2.000000e+00
     vertex -2.460420e+01 -4.430965e+00  2.000000e+00
   endloop
 endfacet
 facet normal  0.000000e+00  0.000000e+00  1.000000e+00
   outer loop
     vertex -1.779543e+01 -2.706014e+00  2.000000e+00
     vertex -2.460420e+01 -4.430965e+00  2.000000e+00
     vertex -1.771450e+01 -3.193196e+00  2.000000e+00
   endloop
 endfacet
 facet normal  0.000000e+00  0.000000e+00  1.000000e+00
   outer loop
     vertex -2.339270e+00 -1.784735e+01  2.000000e+00
     vertex -2.828015e+00 -1.777645e+01  2.000000e+00
     vertex -5.500000e-01 -2.200000e+01  2.000000e+00
   endloop
 endfacet
 facet normal  0.000000e+00  0.000000e+00  1.000000e+00
   outer loop
     vertex -1.786297e+01 -2.216794e+00  2.000000e+00
     vertex -2.471640e+01 -3.754927e+00  2.000000e+00
     vertex -1.779543e+01 -2.706014e+00  2.000000e+00
   endloop
 endfacet
 facet normal  0.000000e+00  0.000000e+00  1.000000e+00
   outer loop
     vertex -1.786297e+01 -2.216794e+00  2.000000e+00
     vertex -2.481003e+01 -3.076068e+00  2.000000e+00
     vertex -2.471640e+01 -3.754927e+00  2.000000e+00
   endloop
 endfacet
 facet normal  0.000000e+00  0.000000e+00  1.000000e+00
   outer loop
     vertex -1.848765e+00 -1.790481e+01  2.000000e+00
     vertex -2.339270e+00 -1.784735e+01  2.000000e+00
     vertex -5.500000e-01 -2.200000e+01  2.000000e+00
   endloop
 endfacet
 facet normal  0.000000e+00  0.000000e+00  1.000000e+00
   outer loop
     vertex -1.791707e+01 -1.725906e+00  2.000000e+00
     vertex -2.481003e+01 -3.076068e+00  2.000000e+00
     vertex -1.786297e+01 -2.216794e+00  2.000000e+00
   endloop
 endfacet
 facet normal  0.000000e+00  0.000000e+00  1.000000e+00
   outer loop
     vertex -1.791707e+01 -1.725906e+00  2.000000e+00
     vertex -2.488502e+01 -2.394897e+00  2.000000e+00
     vertex -2.481003e+01 -3.076068e+00  2.000000e+00
   endloop
 endfacet
 facet normal  0.000000e+00  0.000000e+00  1.000000e+00
   outer loop
     vertex -1.356867e+00 -1.794879e+01  2.000000e+00
     vertex -1.848765e+00 -1.790481e+01  2.000000e+00
     vertex -5.500000e-01 -2.200000e+01  2.000000e+00
   endloop
 endfacet
 facet normal  0.000000e+00  0.000000e+00  1.000000e+00
   outer loop
     vertex  3.701320e+00 -2.300680e+01  2.000000e+00
     vertex  2.278512e+00 -2.489595e+01  2.000000e+00
     vertex  2.852662e+00 -2.483671e+01  2.000000e+00
   endloop
 endfacet
 facet normal  0.000000e+00  0.000000e+00  1.000000e+00
   outer loop
     vertex  3.701320e+00 -2.300680e+01  2.000000e+00
     vertex  2.852662e+00 -2.483671e+01  2.000000e+00
     vertex  3.425292e+00 -2.476424e+01  2.000000e+00
   endloop
 endfacet
 facet normal  0.000000e+00  0.000000e+00  1.000000e+00
   outer loop
     vertex  3.701320e+00 -2.300680e+01  2.000000e+00
     vertex  3.425292e+00 -2.476424e+01  2.000000e+00
     vertex  3.996096e+00 -2.467856e+01  2.000000e+00
   endloop
 endfacet
 facet normal  0.000000e+00  0.000000e+00  1.000000e+00
   outer loop
     vertex  3.701320e+00 -2.300680e+01  2.000000e+00
     vertex  5.500000e-01 -2.200000e+01  2.000000e+00
     vertex  2.278512e+00 -2.489595e+01  2.000000e+00
   endloop
 endfacet
 facet normal  0.000000e+00  0.000000e+00  1.000000e+00
   outer loop
     vertex -1.795767e+01 -1.233719e+00  2.000000e+00
     vertex -2.494132e+01 -1.711928e+00  2.000000e+00
     vertex -2.488502e+01 -2.394897e+00  2.000000e+00
   endloop
 endfacet
 facet normal  0.000000e+00  0.000000e+00  1.000000e+00
   outer loop
     vertex -1.795767e+01 -1.233719e+00  2.000000e+00
     vertex -2.488502e+01 -2.394897e+00  2.000000e+00
     vertex -1.791707e+01 -1.725906e+00  2.000000e+00
   endloop
 endfacet
 facet normal  0.000000e+00  0.000000e+00  1.000000e+00
   outer loop
     vertex -8.639489e-01 -1.797925e+01  2.000000e+00
     vertex -1.356867e+00 -1.794879e+01  2.000000e+00
     vertex -5.500000e-01 -2.200000e+01  2.000000e+00
   endloop
 endfacet
 facet normal  0.000000e+00  0.000000e+00  1.000000e+00
   outer loop
     vertex -1.798476e+01 -7.406031e-01  2.000000e+00
     vertex -2.497887e+01 -1.027671e+00  2.000000e+00
     vertex -2.494132e+01 -1.711928e+00  2.000000e+00
   endloop
 endfacet
 facet normal  0.000000e+00  0.000000e+00  1.000000e+00
   outer loop
     vertex -1.798476e+01 -7.406031e-01  2.000000e+00
     vertex -2.494132e+01 -1.711928e+00  2.000000e+00
     vertex -1.795767e+01 -1.233719e+00  2.000000e+00
   endloop
 endfacet
 facet normal  0.000000e+00  0.000000e+00  1.000000e+00
   outer loop
     vertex  4.390685e+00 -2.288524e+01  2.000000e+00
     vertex  4.685462e+00 -2.455700e+01  2.000000e+00
     vertex  5.283736e+00 -2.443526e+01  2.000000e+00
   endloop
 endfacet
 facet normal  0.000000e+00  0.000000e+00  1.000000e+00
   outer loop
     vertex  5.878859e+00 -2.429895e+01  2.000000e+00
     vertex  4.390685e+00 -2.288524e+01  2.000000e+00
     vertex  5.283736e+00 -2.443526e+01  2.000000e+00
   endloop
 endfacet
 facet normal  0.000000e+00  0.000000e+00  1.000000e+00
   outer loop
     vertex -3.703800e-01 -1.799619e+01  2.000000e+00
     vertex -8.639489e-01 -1.797925e+01  2.000000e+00
     vertex -5.500000e-01 -2.200000e+01  2.000000e+00
   endloop
 endfacet
 facet normal  0.000000e+00  0.000000e+00  1.000000e+00
   outer loop
     vertex -1.799831e+01 -2.469297e-01  2.000000e+00
     vertex -2.499765e+01 -3.426429e-01  2.000000e+00
     vertex -2.497887e+01 -1.027671e+00  2.000000e+00
   endloop
 endfacet
 facet normal  0.000000e+00  0.000000e+00  1.000000e+00
   outer loop
     vertex -1.799831e+01 -2.469297e-01  2.000000e+00
     vertex -2.497887e+01 -1.027671e+00  2.000000e+00
     vertex -1.798476e+01 -7.406031e-01  2.000000e+00
   endloop
 endfacet
 facet normal  0.000000e+00  0.000000e+00  1.000000e+00
   outer loop
     vertex  1.234677e-01 -1.799958e+01  2.000000e+00
     vertex -5.500000e-01 -2.200000e+01  2.000000e+00
     vertex  5.500000e-01 -2.200000e+01  2.000000e+00
   endloop
 endfacet
 facet normal  0.000000e+00  0.000000e+00  1.000000e+00
   outer loop
     vertex  1.234677e-01 -1.799958e+01  2.000000e+00
     vertex -3.703800e-01 -1.799619e+01  2.000000e+00
     vertex -5.500000e-01 -2.200000e+01  2.000000e+00
   endloop
 endfacet
 facet normal  0.000000e+00  0.000000e+00  1.000000e+00
   outer loop
     vertex -1.799831e+01  2.469297e-01  2.000000e+00
     vertex -2.497887e+01  1.027671e+00  2.000000e+00
     vertex -2.499765e+01  3.426429e-01  2.000000e+00
   endloop
 endfacet
 facet normal  0.000000e+00  0.000000e+00  1.000000e+00
   outer loop
     vertex -1.799831e+01  2.469297e-01  2.000000e+00
     vertex -2.499765e+01  3.426429e-01  2.000000e+00
     vertex -2.499765e+01 -3.426429e-01  2.000000e+00
   endloop
 endfacet
 facet normal  0.000000e+00  0.000000e+00  1.000000e+00
   outer loop
     vertex -1.799831e+01  2.469297e-01  2.000000e+00
     vertex -2.499765e+01 -3.426429e-01  2.000000e+00
     vertex -1.799831e+01 -2.469297e-01  2.000000e+00
   endloop
 endfacet
 facet normal  0.000000e+00  0.000000e+00  1.000000e+00
   outer loop
     vertex  6.470476e+00 -2.414815e+01  2.000000e+00
     vertex  4.390685e+00 -2.288524e+01  2.000000e+00
     vertex  5.878859e+00 -2.429895e+01  2.000000e+00
   endloop
 endfacet
 facet normal  0.000000e+00  0.000000e+00  1.000000e+00
   outer loop
     vertex  6.172225e-01 -1.798941e+01  2.000000e+00
     vertex  1.234677e-01 -1.799958e+01  2.000000e+00
     vertex  5.500000e-01 -2.200000e+01  2.000000e+00
   endloop
 endfacet
 facet normal  0.000000e+00  0.000000e+00  1.000000e+00
   outer loop
     vertex -1.798476e+01  7.406031e-01  2.000000e+00
     vertex -2.494132e+01  1.711928e+00  2.000000e+00
     vertex -2.497887e+01  1.027671e+00  2.000000e+00
   endloop
 endfacet
 facet normal  0.000000e+00  0.000000e+00  1.000000e+00
   outer loop
     vertex -1.798476e+01  7.406031e-01  2.000000e+00
     vertex -2.497887e+01  1.027671e+00  2.000000e+00
     vertex -1.799831e+01  2.469297e-01  2.000000e+00
   endloop
 endfacet
 facet normal  0.000000e+00  0.000000e+00  1.000000e+00
   outer loop
     vertex  1.110513e+00 -1.796571e+01  2.000000e+00
     vertex  6.172225e-01 -1.798941e+01  2.000000e+00
     vertex  5.500000e-01 -2.200000e+01  2.000000e+00
   endloop
 endfacet
 facet normal  0.000000e+00  0.000000e+00  1.000000e+00
   outer loop
     vertex -1.795767e+01  1.233719e+00  2.000000e+00
     vertex -2.488502e+01  2.394897e+00  2.000000e+00
     vertex -2.494132e+01  1.711928e+00  2.000000e+00
   endloop
 endfacet
 facet normal  0.000000e+00  0.000000e+00  1.000000e+00
   outer loop
     vertex -1.795767e+01  1.233719e+00  2.000000e+00
     vertex -2.494132e+01  1.711928e+00  2.000000e+00
     vertex -1.798476e+01  7.406031e-01  2.000000e+00
   endloop
 endfacet
 facet normal  0.000000e+00  0.000000e+00  1.000000e+00
   outer loop
     vertex  1.602967e+00 -1.792848e+01  2.000000e+00
     vertex  1.110513e+00 -1.796571e+01  2.000000e+00
     vertex  5.500000e-01 -2.200000e+01  2.000000e+00
   endloop
 endfacet
 facet normal  0.000000e+00  0.000000e+00  1.000000e+00
   outer loop
     vertex -1.791707e+01  1.725906e+00  2.000000e+00
     vertex -2.481003e+01  3.076068e+00  2.000000e+00
     vertex -2.488502e+01  2.394897e+00  2.000000e+00
   endloop
 endfacet
 facet normal  0.000000e+00  0.000000e+00  1.000000e+00
   outer loop
     vertex -1.791707e+01  1.725906e+00  2.000000e+00
     vertex -2.488502e+01  2.394897e+00  2.000000e+00
     vertex -1.795767e+01  1.233719e+00  2.000000e+00
   endloop
 endfacet
 facet normal  0.000000e+00  0.000000e+00  1.000000e+00
   outer loop
     vertex  2.094214e+00 -1.787776e+01  2.000000e+00
     vertex  1.602967e+00 -1.792848e+01  2.000000e+00
     vertex  5.500000e-01 -2.200000e+01  2.000000e+00
   endloop
 endfacet
 facet normal  0.000000e+00  0.000000e+00  1.000000e+00
   outer loop
     vertex -1.786297e+01  2.216794e+00  2.000000e+00
     vertex -2.471640e+01  3.754927e+00  2.000000e+00
     vertex -2.481003e+01  3.076068e+00  2.000000e+00
   endloop
 endfacet
 facet normal  0.000000e+00  0.000000e+00  1.000000e+00
   outer loop
     vertex -1.786297e+01  2.216794e+00  2.000000e+00
     vertex -2.481003e+01  3.076068e+00  2.000000e+00
     vertex -1.791707e+01  1.725906e+00  2.000000e+00
   endloop
 endfacet
 facet normal  0.000000e+00  0.000000e+00  1.000000e+00
   outer loop
     vertex  2.583885e+00 -1.781358e+01  2.000000e+00
     vertex  2.094214e+00 -1.787776e+01  2.000000e+00
     vertex  5.500000e-01 -2.200000e+01  2.000000e+00
   endloop
 endfacet
 facet normal  0.000000e+00  0.000000e+00  1.000000e+00
   outer loop
     vertex  2.583885e+00 -1.781358e+01  2.000000e+00
     vertex  5.500000e-01 -2.200000e+01  2.000000e+00
     vertex  3.701320e+00 -2.300680e+01  2.000000e+00
   endloop
 endfacet
 facet normal  0.000000e+00  0.000000e+00  1.000000e+00
   outer loop
     vertex -1.779543e+01  2.706014e+00  2.000000e+00
     vertex -2.460420e+01  4.430965e+00  2.000000e+00
     vertex -2.471640e+01  3.754927e+00  2.000000e+00
   endloop
 endfacet
 facet normal  0.000000e+00  0.000000e+00  1.000000e+00
   outer loop
     vertex -1.779543e+01  2.706014e+00  2.000000e+00
     vertex -2.471640e+01  3.754927e+00  2.000000e+00
     vertex -1.786297e+01  2.216794e+00  2.000000e+00
   endloop
 endfacet
 facet normal  0.000000e+00  0.000000e+00  1.000000e+00
   outer loop
     vertex  3.071611e+00 -1.773599e+01  2.000000e+00
     vertex  3.701320e+00 -2.300680e+01  2.000000e+00
     vertex  4.390685e+00 -2.288524e+01  2.000000e+00
   endloop
 endfacet
 facet normal  0.000000e+00  0.000000e+00  1.000000e+00
   outer loop
     vertex  3.071611e+00 -1.773599e+01  2.000000e+00
     vertex  2.583885e+00 -1.781358e+01  2.000000e+00
     vertex  3.701320e+00 -2.300680e+01  2.000000e+00
   endloop
 endfacet
 facet normal  0.000000e+00  0.000000e+00  1.000000e+00
   outer loop
     vertex -1.771450e+01  3.193196e+00  2.000000e+00
     vertex -2.447351e+01  5.103673e+00  2.000000e+00
     vertex -2.460420e+01  4.430965e+00  2.000000e+00
   endloop
 endfacet
 facet normal  0.000000e+00  0.000000e+00  1.000000e+00
   outer loop
     vertex -1.771450e+01  3.193196e+00  2.000000e+00
     vertex -2.460420e+01  4.430965e+00  2.000000e+00
     vertex -1.779543e+01  2.706014e+00  2.000000e+00
   endloop
 endfacet
 facet normal  0.000000e+00  0.000000e+00  1.000000e+00
   outer loop
     vertex  7.640177e+00 -2.201455e+01  2.000000e+00
     vertex  6.470476e+00 -2.414815e+01  2.000000e+00
     vertex  7.058234e+00 -2.398294e+01  2.000000e+00
   endloop
 endfacet
 facet normal  0.000000e+00  0.000000e+00  1.000000e+00
   outer loop
     vertex  7.640177e+00 -2.201455e+01  2.000000e+00
     vertex  7.058234e+00 -2.398294e+01  2.000000e+00
     vertex  7.641782e+00 -2.380343e+01  2.000000e+00
   endloop
 endfacet
 facet normal  0.000000e+00  0.000000e+00  1.000000e+00
   outer loop
     vertex  7.640177e+00 -2.201455e+01  2.000000e+00
     vertex  7.641782e+00 -2.380343e+01  2.000000e+00
     vertex  8.220773e+00 -2.360972e+01  2.000000e+00
   endloop
 endfacet
 facet normal  0.000000e+00  0.000000e+00  1.000000e+00
   outer loop
     vertex  7.640177e+00 -2.201455e+01  2.000000e+00
     vertex  4.390685e+00 -2.288524e+01  2.000000e+00
     vertex  6.470476e+00 -2.414815e+01  2.000000e+00
   endloop
 endfacet
 facet normal  0.000000e+00  0.000000e+00  1.000000e+00
   outer loop
     vertex  3.557025e+00 -1.764504e+01  2.000000e+00
     vertex  3.071611e+00 -1.773599e+01  2.000000e+00
     vertex  4.390685e+00 -2.288524e+01  2.000000e+00
   endloop
 endfacet
 facet normal  0.000000e+00  0.000000e+00  1.000000e+00
   outer loop
     vertex -1.762023e+01  3.677975e+00  2.000000e+00
     vertex -2.432443e+01  5.772547e+00  2.000000e+00
     vertex -2.447351e+01  5.103673e+00  2.000000e+00
   endloop
 endfacet
 facet normal  0.000000e+00  0.000000e+00  1.000000e+00
   outer loop
     vertex -1.762023e+01  3.677975e+00  2.000000e+00
     vertex -2.447351e+01  5.103673e+00  2.000000e+00
     vertex -1.771450e+01  3.193196e+00  2.000000e+00
   endloop
 endfacet
 facet normal  0.000000e+00  0.000000e+00  1.000000e+00
   outer loop
     vertex  4.039761e+00 -1.754082e+01  2.000000e+00
     vertex  3.557025e+00 -1.764504e+01  2.000000e+00
     vertex  4.390685e+00 -2.288524e+01  2.000000e+00
   endloop
 endfacet
 facet normal  0.000000e+00  0.000000e+00  1.000000e+00
   outer loop
     vertex  8.297962e+00 -2.177513e+01  2.000000e+00
     vertex  8.878558e+00 -2.337031e+01  2.000000e+00
     vertex  9.415728e+00 -2.315910e+01  2.000000e+00
   endloop
 endfacet
 facet normal  0.000000e+00  0.000000e+00  1.000000e+00
   outer loop
     vertex -1.751270e+01  4.159984e+00  2.000000e+00
     vertex -2.415707e+01  6.437083e+00  2.000000e+00
     vertex -2.432443e+01  5.772547e+00  2.000000e+00
   endloop
 endfacet
 facet normal  0.000000e+00  0.000000e+00  1.000000e+00
   outer loop
     vertex -1.751270e+01  4.159984e+00  2.000000e+00
     vertex -2.432443e+01  5.772547e+00  2.000000e+00
     vertex -1.762023e+01  3.677975e+00  2.000000e+00
   endloop
 endfacet
 facet normal  0.000000e+00  0.000000e+00  1.000000e+00
   outer loop
     vertex  9.947879e+00 -2.293556e+01  2.000000e+00
     vertex  8.297962e+00 -2.177513e+01  2.000000e+00
     vertex  9.415728e+00 -2.315910e+01  2.000000e+00
   endloop
 endfacet
 facet normal  0.000000e+00  0.000000e+00  1.000000e+00
   outer loop
     vertex  4.519457e+00 -1.742339e+01  2.000000e+00
     vertex  4.390685e+00 -2.288524e+01  2.000000e+00
     vertex  7.640177e+00 -2.201455e+01  2.000000e+00
   endloop
 endfacet
 facet normal  0.000000e+00  0.000000e+00  1.000000e+00
   outer loop
     vertex  4.519457e+00 -1.742339e+01  2.000000e+00
     vertex  4.039761e+00 -1.754082e+01  2.000000e+00
     vertex  4.390685e+00 -2.288524e+01  2.000000e+00
   endloop
 endfacet
 facet normal  0.000000e+00  0.000000e+00  1.000000e+00
   outer loop
     vertex -1.739198e+01  4.638863e+00  2.000000e+00
     vertex -2.397156e+01  7.096782e+00  2.000000e+00
     vertex -2.415707e+01  6.437083e+00  2.000000e+00
   endloop
 endfacet
 facet normal  0.000000e+00  0.000000e+00  1.000000e+00
   outer loop
     vertex -1.739198e+01  4.638863e+00  2.000000e+00
     vertex -2.415707e+01  6.437083e+00  2.000000e+00
     vertex -1.751270e+01  4.159984e+00  2.000000e+00
   endloop
 endfacet
 facet normal  0.000000e+00  0.000000e+00  1.000000e+00
   outer loop
     vertex  4.995750e+00 -1.729284e+01  2.000000e+00
     vertex  4.519457e+00 -1.742339e+01  2.000000e+00
     vertex  7.640177e+00 -2.201455e+01  2.000000e+00
   endloop
 endfacet
 facet normal  0.000000e+00  0.000000e+00  1.000000e+00
   outer loop
     vertex  1.047473e+01 -2.269978e+01  2.000000e+00
     vertex  8.297962e+00 -2.177513e+01  2.000000e+00
     vertex  9.947879e+00 -2.293556e+01  2.000000e+00
   endloop
 endfacet
 facet normal  0.000000e+00  0.000000e+00  1.000000e+00
   outer loop
     vertex -1.725817e+01  5.114249e+00  2.000000e+00
     vertex -2.376804e+01  7.751149e+00  2.000000e+00
     vertex -2.397156e+01  7.096782e+00  2.000000e+00
   endloop
 endfacet
 facet normal  0.000000e+00  0.000000e+00  1.000000e+00
   outer loop
     vertex -1.725817e+01  5.114249e+00  2.000000e+00
     vertex -2.397156e+01  7.096782e+00  2.000000e+00
     vertex -1.739198e+01  4.638863e+00  2.000000e+00
   endloop
 endfacet
 facet normal  0.000000e+00  0.000000e+00  1.000000e+00
   outer loop
     vertex  5.468282e+00 -1.714928e+01  2.000000e+00
     vertex  4.995750e+00 -1.729284e+01  2.000000e+00
     vertex  7.640177e+00 -2.201455e+01  2.000000e+00
   endloop
 endfacet
 facet normal  0.000000e+00  0.000000e+00  1.000000e+00
   outer loop
     vertex -1.711137e+01  5.585786e+00  2.000000e+00
     vertex -2.354666e+01  8.399692e+00  2.000000e+00
     vertex -2.376804e+01  7.751149e+00  2.000000e+00
   endloop
 endfacet
 facet normal  0.000000e+00  0.000000e+00  1.000000e+00
   outer loop
     vertex -1.711137e+01  5.585786e+00  2.000000e+00
     vertex -2.376804e+01  7.751149e+00  2.000000e+00
     vertex -1.725817e+01  5.114249e+00  2.000000e+00
   endloop
 endfacet
 facet normal  0.000000e+00  0.000000e+00  1.000000e+00
   outer loop
     vertex  5.936698e+00 -1.699281e+01  2.000000e+00
     vertex  7.640177e+00 -2.201455e+01  2.000000e+00
     vertex  8.297962e+00 -2.177513e+01  2.000000e+00
   endloop
 endfacet
 facet normal  0.000000e+00  0.000000e+00  1.000000e+00
   outer loop
     vertex  5.936698e+00 -1.699281e+01  2.000000e+00
     vertex  5.468282e+00 -1.714928e+01  2.000000e+00
     vertex  7.640177e+00 -2.201455e+01  2.000000e+00
   endloop
 endfacet
 facet normal  0.000000e+00  0.000000e+00  1.000000e+00
   outer loop
     vertex -1.695169e+01  6.053118e+00  2.000000e+00
     vertex -2.354666e+01  8.399692e+00  2.000000e+00
     vertex -1.711137e+01  5.585786e+00  2.000000e+00
   endloop
 endfacet
 facet normal  0.000000e+00  0.000000e+00  1.000000e+00
   outer loop
     vertex -1.695169e+01  6.053118e+00  2.000000e+00
     vertex -2.330759e+01  9.041923e+00  2.000000e+00
     vertex -2.354666e+01  8.399692e+00  2.000000e+00
   endloop
 endfacet
 facet normal  0.000000e+00  0.000000e+00  1.000000e+00
   outer loop
     vertex  6.400645e+00 -1.682355e+01  2.000000e+00
     vertex  5.936698e+00 -1.699281e+01  2.000000e+00
     vertex  8.297962e+00 -2.177513e+01  2.000000e+00
   endloop
 endfacet
 facet normal  0.000000e+00  0.000000e+00  1.000000e+00
   outer loop
     vertex -1.677925e+01  6.515893e+00  2.000000e+00
     vertex -2.305100e+01  9.677360e+00  2.000000e+00
     vertex -2.330759e+01  9.041923e+00  2.000000e+00
   endloop
 endfacet
 facet normal  0.000000e+00  0.000000e+00  1.000000e+00
   outer loop
     vertex -1.677925e+01  6.515893e+00  2.000000e+00
     vertex -2.330759e+01  9.041923e+00  2.000000e+00
     vertex -1.695169e+01  6.053118e+00  2.000000e+00
   endloop
 endfacet
 facet normal  0.000000e+00  0.000000e+00  1.000000e+00
   outer loop
     vertex  6.859774e+00 -1.664162e+01  2.000000e+00
     vertex  6.400645e+00 -1.682355e+01  2.000000e+00
     vertex  8.297962e+00 -2.177513e+01  2.000000e+00
   endloop
 endfacet
 facet normal  0.000000e+00  0.000000e+00  1.000000e+00
   outer loop
     vertex -1.659417e+01  6.973763e+00  2.000000e+00
     vertex -2.277710e+01  1.030553e+01  2.000000e+00
     vertex -2.305100e+01  9.677360e+00  2.000000e+00
   endloop
 endfacet
 facet normal  0.000000e+00  0.000000e+00  1.000000e+00
   outer loop
     vertex -1.659417e+01  6.973763e+00  2.000000e+00
     vertex -2.305100e+01  9.677360e+00  2.000000e+00
     vertex -1.677925e+01  6.515893e+00  2.000000e+00
   endloop
 endfacet
 facet normal  0.000000e+00  0.000000e+00  1.000000e+00
   outer loop
     vertex -1.639661e+01  7.426383e+00  2.000000e+00
     vertex -2.248608e+01  1.092595e+01  2.000000e+00
     vertex -2.277710e+01  1.030553e+01  2.000000e+00
   endloop
 endfacet
 facet normal  0.000000e+00  0.000000e+00  1.000000e+00
   outer loop
     vertex -1.639661e+01  7.426383e+00  2.000000e+00
     vertex -2.277710e+01  1.030553e+01  2.000000e+00
     vertex -1.659417e+01  6.973763e+00  2.000000e+00
   endloop
 endfacet
 facet normal  0.000000e+00  0.000000e+00  1.000000e+00
   outer loop
     vertex  1.052369e+01 -1.932756e+01  2.000000e+00
     vertex  1.047473e+01 -2.269978e+01  2.000000e+00
     vertex  1.099599e+01 -2.245191e+01  2.000000e+00
   endloop
 endfacet
 facet normal  0.000000e+00  0.000000e+00  1.000000e+00
   outer loop
     vertex  1.052369e+01 -1.932756e+01  2.000000e+00
     vertex  1.099599e+01 -2.245191e+01  2.000000e+00
     vertex  1.151139e+01 -2.219207e+01  2.000000e+00
   endloop
 endfacet
 facet normal  0.000000e+00  0.000000e+00  1.000000e+00
   outer loop
     vertex  1.052369e+01 -1.932756e+01  2.000000e+00
     vertex  1.151139e+01 -2.219207e+01  2.000000e+00
     vertex  1.202066e+01 -2.192040e+01  2.000000e+00
   endloop
 endfacet
 facet normal  0.000000e+00  0.000000e+00  1.000000e+00
   outer loop
     vertex  1.052369e+01 -1.932756e+01  2.000000e+00
     vertex  8.297962e+00 -2.177513e+01  2.000000e+00
     vertex  1.047473e+01 -2.269978e+01  2.000000e+00
   endloop
 endfacet
 facet normal  0.000000e+00  0.000000e+00  1.000000e+00
   outer loop
     vertex  1.052369e+01 -1.932756e+01  2.000000e+00
     vertex  7.313739e+00 -1.644716e+01  2.000000e+00
     vertex  6.859774e+00 -1.664162e+01  2.000000e+00
   endloop
 endfacet
 facet normal  0.000000e+00  0.000000e+00  1.000000e+00
   outer loop
     vertex  1.052369e+01 -1.932756e+01  2.000000e+00
     vertex  6.859774e+00 -1.664162e+01  2.000000e+00
     vertex  8.297962e+00 -2.177513e+01  2.000000e+00
   endloop
 endfacet
 facet normal  0.000000e+00  0.000000e+00  1.000000e+00
   outer loop
     vertex  7.762199e+00 -1.624033e+01  2.000000e+00
     vertex  7.313739e+00 -1.644716e+01  2.000000e+00
     vertex  1.052369e+01 -1.932756e+01  2.000000e+00
   endloop
 endfacet
 facet normal  0.000000e+00  0.000000e+00  1.000000e+00
   outer loop
     vertex -1.618670e+01  7.873414e+00  2.000000e+00
     vertex -2.217816e+01  1.153816e+01  2.000000e+00
     vertex -2.248608e+01  1.092595e+01  2.000000e+00
   endloop
 endfacet
 facet normal  0.000000e+00  0.000000e+00  1.000000e+00
   outer loop
     vertex -1.618670e+01  7.873414e+00  2.000000e+00
     vertex -2.248608e+01  1.092595e+01  2.000000e+00
     vertex -1.639661e+01  7.426383e+00  2.000000e+00
   endloop
 endfacet
 facet normal  0.000000e+00  0.000000e+00  1.000000e+00
   outer loop
     vertex  8.204815e+00 -1.602127e+01  2.000000e+00
     vertex  7.762199e+00 -1.624033e+01  2.000000e+00
     vertex  1.052369e+01 -1.932756e+01  2.000000e+00
   endloop
 endfacet
 facet normal  0.000000e+00  0.000000e+00  1.000000e+00
   outer loop
     vertex -1.596461e+01  8.314517e+00  2.000000e+00
     vertex -2.185358e+01  1.214171e+01  2.000000e+00
     vertex -2.217816e+01  1.153816e+01  2.000000e+00
   endloop
 endfacet
 facet normal  0.000000e+00  0.000000e+00  1.000000e+00
   outer loop
     vertex -1.596461e+01  8.314517e+00  2.000000e+00
     vertex -2.217816e+01  1.153816e+01  2.000000e+00
     vertex -1.618670e+01  7.873414e+00  2.000000e+00
   endloop
 endfacet
 facet normal  0.000000e+00  0.000000e+00  1.000000e+00
   outer loop
     vertex  1.147631e+01 -1.877756e+01  2.000000e+00
     vertex  1.297329e+01 -2.137040e+01  2.000000e+00
     vertex  1.346320e+01 -2.106519e+01  2.000000e+00
   endloop
 endfacet
 facet normal  0.000000e+00  0.000000e+00  1.000000e+00
   outer loop
     vertex  8.641255e+00 -1.579015e+01  2.000000e+00
     vertex  8.204815e+00 -1.602127e+01  2.000000e+00
     vertex  1.052369e+01 -1.932756e+01  2.000000e+00
   endloop
 endfacet
 facet normal  0.000000e+00  0.000000e+00  1.000000e+00
   outer loop
     vertex -1.573050e+01  8.749362e+00  2.000000e+00
     vertex -2.185358e+01  1.214171e+01  2.000000e+00
     vertex -1.596461e+01  8.314517e+00  2.000000e+00
   endloop
 endfacet
 facet normal  0.000000e+00  0.000000e+00  1.000000e+00
   outer loop
     vertex -1.573050e+01  8.749362e+00  2.000000e+00
     vertex -2.151258e+01  1.273613e+01  2.000000e+00
     vertex -2.185358e+01  1.214171e+01  2.000000e+00
   endloop
 endfacet
 facet normal  0.000000e+00  0.000000e+00  1.000000e+00
   outer loop
     vertex  1.394593e+01 -2.074876e+01  2.000000e+00
     vertex  1.147631e+01 -1.877756e+01  2.000000e+00
     vertex  1.346320e+01 -2.106519e+01  2.000000e+00
   endloop
 endfacet
 facet normal  0.000000e+00  0.000000e+00  1.000000e+00
   outer loop
     vertex  9.071190e+00 -1.554714e+01  2.000000e+00
     vertex  1.052369e+01 -1.932756e+01  2.000000e+00
     vertex  1.147631e+01 -1.877756e+01  2.000000e+00
   endloop
 endfacet
 facet normal  0.000000e+00  0.000000e+00  1.000000e+00
   outer loop
     vertex  9.071190e+00 -1.554714e+01  2.000000e+00
     vertex  8.641255e+00 -1.579015e+01  2.000000e+00
     vertex  1.052369e+01 -1.932756e+01  2.000000e+00
   endloop
 endfacet
 facet normal  0.000000e+00  0.000000e+00  1.000000e+00
   outer loop
     vertex -1.548455e+01  9.177620e+00  2.000000e+00
     vertex -2.151258e+01  1.273613e+01  2.000000e+00
     vertex -1.573050e+01  8.749362e+00  2.000000e+00
   endloop
 endfacet
 facet normal  0.000000e+00  0.000000e+00  1.000000e+00
   outer loop
     vertex -1.548455e+01  9.177620e+00  2.000000e+00
     vertex -2.115542e+01  1.332098e+01  2.000000e+00
     vertex -2.151258e+01  1.273613e+01  2.000000e+00
   endloop
 endfacet
 facet normal  0.000000e+00  0.000000e+00  1.000000e+00
   outer loop
     vertex  1.442122e+01 -2.042127e+01  2.000000e+00
     vertex  1.147631e+01 -1.877756e+01  2.000000e+00
     vertex  1.394593e+01 -2.074876e+01  2.000000e+00
   endloop
 endfacet
 facet normal  0.000000e+00  0.000000e+00  1.000000e+00
   outer loop
     vertex  9.494297e+00 -1.529243e+01  2.000000e+00
     vertex  9.071190e+00 -1.554714e+01  2.000000e+00
     vertex  1.147631e+01 -1.877756e+01  2.000000e+00
   endloop
 endfacet
 facet normal  0.000000e+00  0.000000e+00  1.000000e+00
   outer loop
     vertex -1.522694e+01  9.598969e+00  2.000000e+00
     vertex -2.115542e+01  1.332098e+01  2.000000e+00
     vertex -1.548455e+01  9.177620e+00  2.000000e+00
   endloop
 endfacet
 facet normal  0.000000e+00  0.000000e+00  1.000000e+00
   outer loop
     vertex -1.522694e+01  9.598969e+00  2.000000e+00
     vertex -2.078235e+01  1.389582e+01  2.000000e+00
     vertex -2.115542e+01  1.332098e+01  2.000000e+00
   endloop
 endfacet
 facet normal  0.000000e+00  0.000000e+00  1.000000e+00
   outer loop
     vertex  9.910257e+00 -1.502620e+01  2.000000e+00
     vertex  9.494297e+00 -1.529243e+01  2.000000e+00
     vertex  1.147631e+01 -1.877756e+01  2.000000e+00
   endloop
 endfacet
 facet normal  0.000000e+00  0.000000e+00  1.000000e+00
   outer loop
     vertex -1.495787e+01  1.001309e+01  2.000000e+00
     vertex -2.078235e+01  1.389582e+01  2.000000e+00
     vertex -1.522694e+01  9.598969e+00  2.000000e+00
   endloop
 endfacet
 facet normal  0.000000e+00  0.000000e+00  1.000000e+00
   outer loop
     vertex -1.495787e+01  1.001309e+01  2.000000e+00
     vertex -2.039368e+01  1.446022e+01  2.000000e+00
     vertex -2.078235e+01  1.389582e+01  2.000000e+00
   endloop
 endfacet
 facet normal  0.000000e+00  0.000000e+00  1.000000e+00
   outer loop
     vertex  1.031876e+01 -1.474867e+01  2.000000e+00
     vertex  9.910257e+00 -1.502620e+01  2.000000e+00
     vertex  1.147631e+01 -1.877756e+01  2.000000e+00
   endloop
 endfacet
 facet normal  0.000000e+00  0.000000e+00  1.000000e+00
   outer loop
     vertex -1.467754e+01  1.041968e+01  2.000000e+00
     vertex -2.039368e+01  1.446022e+01  2.000000e+00
     vertex -1.495787e+01  1.001309e+01  2.000000e+00
   endloop
 endfacet
 facet normal  0.000000e+00  0.000000e+00  1.000000e+00
   outer loop
     vertex -1.467754e+01  1.041968e+01  2.000000e+00
     vertex -1.998968e+01  1.501375e+01  2.000000e+00
     vertex -2.039368e+01  1.446022e+01  2.000000e+00
   endloop
 endfacet
 facet normal  0.000000e+00  0.000000e+00  1.000000e+00
   outer loop
     vertex  1.071949e+01 -1.446003e+01  2.000000e+00
     vertex  1.031876e+01 -1.474867e+01  2.000000e+00
     vertex  1.147631e+01 -1.877756e+01  2.000000e+00
   endloop
 endfacet
 facet normal  0.000000e+00  0.000000e+00  1.000000e+00
   outer loop
     vertex -1.438617e+01  1.081842e+01  2.000000e+00
     vertex -1.998968e+01  1.501375e+01  2.000000e+00
     vertex -1.467754e+01  1.041968e+01  2.000000e+00
   endloop
 endfacet
 facet normal  0.000000e+00  0.000000e+00  1.000000e+00
   outer loop
     vertex -1.438617e+01  1.081842e+01  2.000000e+00
     vertex -1.957066e+01  1.555601e+01  2.000000e+00
     vertex -1.998968e+01  1.501375e+01  2.000000e+00
   endloop
 endfacet
 facet normal  0.000000e+00  0.000000e+00  1.000000e+00
   outer loop
     vertex  1.470884e+01 -1.807381e+01  2.000000e+00
     vertex  1.147631e+01 -1.877756e+01  2.000000e+00
     vertex  1.442122e+01 -2.042127e+01  2.000000e+00
   endloop
 endfacet
 facet normal  0.000000e+00  0.000000e+00  1.000000e+00
   outer loop
     vertex  1.470884e+01 -1.807381e+01  2.000000e+00
     vertex  1.442122e+01 -2.042127e+01  2.000000e+00
     vertex  1.488883e+01 -2.008289e+01  2.000000e+00
   endloop
 endfacet
 facet normal  0.000000e+00  0.000000e+00  1.000000e+00
   outer loop
     vertex  1.470884e+01 -1.807381e+01  2.000000e+00
     vertex  1.488883e+01 -2.008289e+01  2.000000e+00
     vertex  1.534851e+01 -1.973381e+01  2.000000e+00
   endloop
 endfacet
 facet normal  0.000000e+00  0.000000e+00  1.000000e+00
   outer loop
     vertex  1.470884e+01 -1.807381e+01  2.000000e+00
     vertex  1.534851e+01 -1.973381e+01  2.000000e+00
     vertex  1.580000e+01 -1.937421e+01  2.000000e+00
   endloop
 endfacet
 facet normal  0.000000e+00  0.000000e+00  1.000000e+00
   outer loop
     vertex  1.111215e+01 -1.416051e+01  2.000000e+00
     vertex  1.071949e+01 -1.446003e+01  2.000000e+00
     vertex  1.147631e+01 -1.877756e+01  2.000000e+00
   endloop
 endfacet
 facet normal  0.000000e+00  0.000000e+00  1.000000e+00
   outer loop
     vertex  1.111215e+01 -1.416051e+01  2.000000e+00
     vertex  1.147631e+01 -1.877756e+01  2.000000e+00
     vertex  1.470884e+01 -1.807381e+01  2.000000e+00
   endloop
 endfacet
 facet normal  0.000000e+00  0.000000e+00  1.000000e+00
   outer loop
     vertex -1.408396e+01  1.120902e+01  2.000000e+00
     vertex -1.957066e+01  1.555601e+01  2.000000e+00
     vertex -1.438617e+01  1.081842e+01  2.000000e+00
   endloop
 endfacet
 facet normal  0.000000e+00  0.000000e+00  1.000000e+00
   outer loop
     vertex -1.408396e+01  1.120902e+01  2.000000e+00
     vertex -1.913693e+01  1.608657e+01  2.000000e+00
     vertex -1.957066e+01  1.555601e+01  2.000000e+00
   endloop
 endfacet
 facet normal  0.000000e+00  0.000000e+00  1.000000e+00
   outer loop
     vertex  1.149645e+01 -1.385033e+01  2.000000e+00
     vertex  1.470884e+01 -1.807381e+01  2.000000e+00
     vertex  1.524507e+01 -1.762386e+01  2.000000e+00
   endloop
 endfacet
 facet normal  0.000000e+00  0.000000e+00  1.000000e+00
   outer loop
     vertex  1.149645e+01 -1.385033e+01  2.000000e+00
     vertex  1.111215e+01 -1.416051e+01  2.000000e+00
     vertex  1.470884e+01 -1.807381e+01  2.000000e+00
   endloop
 endfacet
 facet normal  0.000000e+00  0.000000e+00  1.000000e+00
   outer loop
     vertex -1.377115e+01  1.159118e+01  2.000000e+00
     vertex -1.913693e+01  1.608657e+01  2.000000e+00
     vertex -1.408396e+01  1.120902e+01  2.000000e+00
   endloop
 endfacet
 facet normal  0.000000e+00  0.000000e+00  1.000000e+00
   outer loop
     vertex -1.868883e+01  1.660505e+01  2.000000e+00
     vertex -1.913693e+01  1.608657e+01  2.000000e+00
     vertex -1.377115e+01  1.159118e+01  2.000000e+00
   endloop
 endfacet
 facet normal  0.000000e+00  0.000000e+00  1.000000e+00
   outer loop
     vertex  1.679348e+01 -1.851969e+01  2.000000e+00
     vertex  1.524507e+01 -1.762386e+01  2.000000e+00
     vertex  1.633623e+01 -1.892426e+01  2.000000e+00
   endloop
 endfacet
 facet normal  0.000000e+00  0.000000e+00  1.000000e+00
   outer loop
     vertex  1.187209e+01 -1.352972e+01  2.000000e+00
     vertex  1.149645e+01 -1.385033e+01  2.000000e+00
     vertex  1.524507e+01 -1.762386e+01  2.000000e+00
   endloop
 endfacet
 facet normal  0.000000e+00  0.000000e+00  1.000000e+00
   outer loop
     vertex -1.344797e+01  1.196462e+01  2.000000e+00
     vertex -1.868883e+01  1.660505e+01  2.000000e+00
     vertex -1.377115e+01  1.159118e+01  2.000000e+00
   endloop
 endfacet
 facet normal  0.000000e+00  0.000000e+00  1.000000e+00
   outer loop
     vertex -1.822668e+01  1.711105e+01  2.000000e+00
     vertex -1.868883e+01  1.660505e+01  2.000000e+00
     vertex -1.344797e+01  1.196462e+01  2.000000e+00
   endloop
 endfacet
 facet normal  0.000000e+00  0.000000e+00  1.000000e+00
   outer loop
     vertex  1.223880e+01 -1.319893e+01  2.000000e+00
     vertex  1.187209e+01 -1.352972e+01  2.000000e+00
     vertex  1.524507e+01 -1.762386e+01  2.000000e+00
   endloop
 endfacet
 facet normal  0.000000e+00  0.000000e+00  1.000000e+00
   outer loop
     vertex  1.724072e+01 -1.810408e+01  2.000000e+00
     vertex  1.524507e+01 -1.762386e+01  2.000000e+00
     vertex  1.679348e+01 -1.851969e+01  2.000000e+00
   endloop
 endfacet
 facet normal  0.000000e+00  0.000000e+00  1.000000e+00
   outer loop
     vertex -1.311467e+01  1.232905e+01  2.000000e+00
     vertex -1.822668e+01  1.711105e+01  2.000000e+00
     vertex -1.344797e+01  1.196462e+01  2.000000e+00
   endloop
 endfacet
 facet normal  0.000000e+00  0.000000e+00  1.000000e+00
   outer loop
     vertex  1.259629e+01 -1.285820e+01  2.000000e+00
     vertex  1.223880e+01 -1.319893e+01  2.000000e+00
     vertex  1.524507e+01 -1.762386e+01  2.000000e+00
   endloop
 endfacet
 facet normal  0.000000e+00  0.000000e+00  1.000000e+00
   outer loop
     vertex -1.775084e+01  1.760419e+01  2.000000e+00
     vertex -1.822668e+01  1.711105e+01  2.000000e+00
     vertex -1.311467e+01  1.232905e+01  2.000000e+00
   endloop
 endfacet
 facet normal  0.000000e+00  0.000000e+00  1.000000e+00
   outer loop
     vertex -1.277150e+01  1.268419e+01  2.000000e+00
     vertex -1.775084e+01  1.760419e+01  2.000000e+00
     vertex -1.311467e+01  1.232905e+01  2.000000e+00
   endloop
 endfacet
 facet normal  0.000000e+00  0.000000e+00  1.000000e+00
   outer loop
     vertex  1.767767e+01 -1.767767e+01  2.000000e+00
     vertex  1.524507e+01 -1.762386e+01  2.000000e+00
     vertex  1.724072e+01 -1.810408e+01  2.000000e+00
   endloop
 endfacet
 facet normal  0.000000e+00  0.000000e+00  1.000000e+00
   outer loop
     vertex -1.726166e+01  1.808411e+01  2.000000e+00
     vertex -1.277150e+01  1.268419e+01  2.000000e+00
     vertex -1.241871e+01  1.302979e+01  2.000000e+00
   endloop
 endfacet
 facet normal  0.000000e+00  0.000000e+00  1.000000e+00
   outer loop
     vertex -1.726166e+01  1.808411e+01  2.000000e+00
     vertex -1.775084e+01  1.760419e+01  2.000000e+00
     vertex -1.277150e+01  1.268419e+01  2.000000e+00
   endloop
 endfacet
 facet normal  0.000000e+00  0.000000e+00  1.000000e+00
   outer loop
     vertex -1.675951e+01  1.855044e+01  2.000000e+00
     vertex -1.241871e+01  1.302979e+01  2.000000e+00
     vertex -1.205658e+01  1.336559e+01  2.000000e+00
   endloop
 endfacet
 facet normal  0.000000e+00  0.000000e+00  1.000000e+00
   outer loop
     vertex -1.675951e+01  1.855044e+01  2.000000e+00
     vertex -1.726166e+01  1.808411e+01  2.000000e+00
     vertex -1.241871e+01  1.302979e+01  2.000000e+00
   endloop
 endfacet
 facet normal  0.000000e+00  0.000000e+00  1.000000e+00
   outer loop
     vertex  1.762386e+01 -1.524507e+01  2.000000e+00
     vertex  1.767767e+01 -1.767767e+01  2.000000e+00
     vertex  1.810408e+01 -1.724072e+01  2.000000e+00
   endloop
 endfacet
 facet normal  0.000000e+00  0.000000e+00  1.000000e+00
   outer loop
     vertex  1.762386e+01 -1.524507e+01  2.000000e+00
     vertex  1.810408e+01 -1.724072e+01  2.000000e+00
     vertex  1.851969e+01 -1.679348e+01  2.000000e+00
   endloop
 endfacet
 facet normal  0.000000e+00  0.000000e+00  1.000000e+00
   outer loop
     vertex  1.762386e+01 -1.524507e+01  2.000000e+00
     vertex  1.294430e+01 -1.250780e+01  2.000000e+00
     vertex  1.259629e+01 -1.285820e+01  2.000000e+00
   endloop
 endfacet
 facet normal  0.000000e+00  0.000000e+00  1.000000e+00
   outer loop
     vertex  1.762386e+01 -1.524507e+01  2.000000e+00
     vertex  1.328257e+01 -1.214798e+01  2.000000e+00
     vertex  1.294430e+01 -1.250780e+01  2.000000e+00
   endloop
 endfacet
 facet normal  0.000000e+00  0.000000e+00  1.000000e+00
   outer loop
     vertex  1.762386e+01 -1.524507e+01  2.000000e+00
     vertex  1.361084e+01 -1.177901e+01  2.000000e+00
     vertex  1.328257e+01 -1.214798e+01  2.000000e+00
   endloop
 endfacet
 facet normal  0.000000e+00  0.000000e+00  1.000000e+00
   outer loop
     vertex  1.762386e+01 -1.524507e+01  2.000000e+00
     vertex  1.259629e+01 -1.285820e+01  2.000000e+00
     vertex  1.524507e+01 -1.762386e+01  2.000000e+00
   endloop
 endfacet
 facet normal  0.000000e+00  0.000000e+00  1.000000e+00
   outer loop
     vertex  1.762386e+01 -1.524507e+01  2.000000e+00
     vertex  1.524507e+01 -1.762386e+01  2.000000e+00
     vertex  1.767767e+01 -1.767767e+01  2.000000e+00
   endloop
 endfacet
 facet normal  0.000000e+00  0.000000e+00  1.000000e+00
   outer loop
     vertex  1.392886e+01 -1.140117e+01  2.000000e+00
     vertex  1.361084e+01 -1.177901e+01  2.000000e+00
     vertex  1.762386e+01 -1.524507e+01  2.000000e+00
   endloop
 endfacet
 facet normal  0.000000e+00  0.000000e+00  1.000000e+00
   outer loop
     vertex  1.892426e+01 -1.633623e+01  2.000000e+00
     vertex  1.762386e+01 -1.524507e+01  2.000000e+00
     vertex  1.851969e+01 -1.679348e+01  2.000000e+00
   endloop
 endfacet
 facet normal  0.000000e+00  0.000000e+00  1.000000e+00
   outer loop
     vertex -1.624477e+01  1.900283e+01  2.000000e+00
     vertex -1.675951e+01  1.855044e+01  2.000000e+00
     vertex -1.205658e+01  1.336559e+01  2.000000e+00
   endloop
 endfacet
 facet normal  0.000000e+00  0.000000e+00  1.000000e+00
   outer loop
     vertex -1.624477e+01  1.900283e+01  2.000000e+00
     vertex -1.205658e+01  1.336559e+01  2.000000e+00
     vertex -1.168537e+01  1.369132e+01  2.000000e+00
   endloop
 endfacet
 facet normal  0.000000e+00  0.000000e+00  1.000000e+00
   outer loop
     vertex  1.807381e+01 -1.470884e+01  2.000000e+00
     vertex  1.392886e+01 -1.140117e+01  2.000000e+00
     vertex  1.762386e+01 -1.524507e+01  2.000000e+00
   endloop
 endfacet
 facet normal  0.000000e+00  0.000000e+00  1.000000e+00
   outer loop
     vertex  1.807381e+01 -1.470884e+01  2.000000e+00
     vertex  1.423640e+01 -1.101476e+01  2.000000e+00
     vertex  1.392886e+01 -1.140117e+01  2.000000e+00
   endloop
 endfacet
 facet normal  0.000000e+00  0.000000e+00  1.000000e+00
   outer loop
     vertex -1.571782e+01  1.944094e+01  2.000000e+00
     vertex -1.624477e+01  1.900283e+01  2.000000e+00
     vertex -1.168537e+01  1.369132e+01  2.000000e+00
   endloop
 endfacet
 facet normal  0.000000e+00  0.000000e+00  1.000000e+00
   outer loop
     vertex -1.571782e+01  1.944094e+01  2.000000e+00
     vertex -1.168537e+01  1.369132e+01  2.000000e+00
     vertex -1.130536e+01  1.400674e+01  2.000000e+00
   endloop
 endfacet
 facet normal  0.000000e+00  0.000000e+00  1.000000e+00
   outer loop
     vertex  1.973381e+01 -1.534851e+01  2.000000e+00
     vertex  1.807381e+01 -1.470884e+01  2.000000e+00
     vertex  1.937421e+01 -1.580000e+01  2.000000e+00
   endloop
 endfacet
 facet normal  0.000000e+00  0.000000e+00  1.000000e+00
   outer loop
     vertex -1.517906e+01  1.986444e+01  2.000000e+00
     vertex -1.571782e+01  1.944094e+01  2.000000e+00
     vertex -1.130536e+01  1.400674e+01  2.000000e+00
   endloop
 endfacet
 facet normal  0.000000e+00  0.000000e+00  1.000000e+00
   outer loop
     vertex -1.517906e+01  1.986444e+01  2.000000e+00
     vertex -1.130536e+01  1.400674e+01  2.000000e+00
     vertex -1.091685e+01  1.431162e+01  2.000000e+00
   endloop
 endfacet
 facet normal  0.000000e+00  0.000000e+00  1.000000e+00
   outer loop
     vertex  2.008289e+01 -1.488883e+01  2.000000e+00
     vertex  1.807381e+01 -1.470884e+01  2.000000e+00
     vertex  1.973381e+01 -1.534851e+01  2.000000e+00
   endloop
 endfacet
 facet normal  0.000000e+00  0.000000e+00  1.000000e+00
   outer loop
     vertex -1.462890e+01  2.027302e+01  2.000000e+00
     vertex -1.517906e+01  1.986444e+01  2.000000e+00
     vertex -1.091685e+01  1.431162e+01  2.000000e+00
   endloop
 endfacet
 facet normal  0.000000e+00  0.000000e+00  1.000000e+00
   outer loop
     vertex -1.462890e+01  2.027302e+01  2.000000e+00
     vertex -1.091685e+01  1.431162e+01  2.000000e+00
     vertex -1.052011e+01  1.460573e+01  2.000000e+00
   endloop
 endfacet
 facet normal  0.000000e+00  0.000000e+00  1.000000e+00
   outer loop
     vertex  2.042127e+01 -1.442122e+01  2.000000e+00
     vertex  1.807381e+01 -1.470884e+01  2.000000e+00
     vertex  2.008289e+01 -1.488883e+01  2.000000e+00
   endloop
 endfacet
 facet normal  0.000000e+00  0.000000e+00  1.000000e+00
   outer loop
     vertex -1.406774e+01  2.066637e+01  2.000000e+00
     vertex -1.462890e+01  2.027302e+01  2.000000e+00
     vertex -1.052011e+01  1.460573e+01  2.000000e+00
   endloop
 endfacet
 facet normal  0.000000e+00  0.000000e+00  1.000000e+00
   outer loop
     vertex -1.406774e+01  2.066637e+01  2.000000e+00
     vertex -1.052011e+01  1.460573e+01  2.000000e+00
     vertex -1.011546e+01  1.488884e+01  2.000000e+00
   endloop
 endfacet
 facet normal  0.000000e+00  0.000000e+00  1.000000e+00
   outer loop
     vertex  1.877756e+01 -1.147631e+01  2.000000e+00
     vertex  1.423640e+01 -1.101476e+01  2.000000e+00
     vertex  1.807381e+01 -1.470884e+01  2.000000e+00
   endloop
 endfacet
 facet normal  0.000000e+00  0.000000e+00  1.000000e+00
   outer loop
     vertex  1.877756e+01 -1.147631e+01  2.000000e+00
     vertex  2.042127e+01 -1.442122e+01  2.000000e+00
     vertex  2.074876e+01 -1.394593e+01  2.000000e+00
   endloop
 endfacet
 facet normal  0.000000e+00  0.000000e+00  1.000000e+00
   outer loop
     vertex  1.877756e+01 -1.147631e+01  2.000000e+00
     vertex  1.807381e+01 -1.470884e+01  2.000000e+00
     vertex  2.042127e+01 -1.442122e+01  2.000000e+00
   endloop
 endfacet
 facet normal  0.000000e+00  0.000000e+00  1.000000e+00
   outer loop
     vertex  1.877756e+01 -1.147631e+01  2.000000e+00
     vertex  1.453322e+01 -1.062005e+01  2.000000e+00
     vertex  1.423640e+01 -1.101476e+01  2.000000e+00
   endloop
 endfacet
 facet normal  0.000000e+00  0.000000e+00  1.000000e+00
   outer loop
     vertex  1.877756e+01 -1.147631e+01  2.000000e+00
     vertex  1.481910e+01 -1.021735e+01  2.000000e+00
     vertex  1.453322e+01 -1.062005e+01  2.000000e+00
   endloop
 endfacet
 facet normal  0.000000e+00  0.000000e+00  1.000000e+00
   outer loop
     vertex  1.877756e+01 -1.147631e+01  2.000000e+00
     vertex  1.509383e+01 -9.806954e+00  2.000000e+00
     vertex  1.481910e+01 -1.021735e+01  2.000000e+00
   endloop
 endfacet
 facet normal  0.000000e+00  0.000000e+00  1.000000e+00
   outer loop
     vertex  1.877756e+01 -1.147631e+01  2.000000e+00
     vertex  1.535719e+01 -9.389178e+00  2.000000e+00
     vertex  1.509383e+01 -9.806954e+00  2.000000e+00
   endloop
 endfacet
 facet normal  0.000000e+00  0.000000e+00  1.000000e+00
   outer loop
     vertex  1.877756e+01 -1.147631e+01  2.000000e+00
     vertex  1.560899e+01 -8.964334e+00  2.000000e+00
     vertex  1.535719e+01 -9.389178e+00  2.000000e+00
   endloop
 endfacet
 facet normal  0.000000e+00  0.000000e+00  1.000000e+00
   outer loop
     vertex -1.349601e+01  2.104418e+01  2.000000e+00
     vertex -1.011546e+01  1.488884e+01  2.000000e+00
     vertex -9.703190e+00  1.516074e+01  2.000000e+00
   endloop
 endfacet
 facet normal  0.000000e+00  0.000000e+00  1.000000e+00
   outer loop
     vertex -1.349601e+01  2.104418e+01  2.000000e+00
     vertex -1.406774e+01  2.066637e+01  2.000000e+00
     vertex -1.011546e+01  1.488884e+01  2.000000e+00
   endloop
 endfacet
 facet normal  0.000000e+00  0.000000e+00  1.000000e+00
   outer loop
     vertex  2.106519e+01 -1.346320e+01  2.000000e+00
     vertex  1.877756e+01 -1.147631e+01  2.000000e+00
     vertex  2.074876e+01 -1.394593e+01  2.000000e+00
   endloop
 endfacet
 facet normal  0.000000e+00  0.000000e+00  1.000000e+00
   outer loop
     vertex  2.137040e+01 -1.297329e+01  2.000000e+00
     vertex  1.877756e+01 -1.147631e+01  2.000000e+00
     vertex  2.106519e+01 -1.346320e+01  2.000000e+00
   endloop
 endfacet
 facet normal  0.000000e+00  0.000000e+00  1.000000e+00
   outer loop
     vertex -1.291415e+01  2.140619e+01  2.000000e+00
     vertex -9.703190e+00  1.516074e+01  2.000000e+00
     vertex -9.283617e+00  1.542123e+01  2.000000e+00
   endloop
 endfacet
 facet normal  0.000000e+00  0.000000e+00  1.000000e+00
   outer loop
     vertex -1.291415e+01  2.140619e+01  2.000000e+00
     vertex -1.349601e+01  2.104418e+01  2.000000e+00
     vertex -9.703190e+00  1.516074e+01  2.000000e+00
   endloop
 endfacet
 facet normal  0.000000e+00  0.000000e+00  1.000000e+00
   outer loop
     vertex  1.932756e+01 -1.052369e+01  2.000000e+00
     vertex  1.560899e+01 -8.964334e+00  2.000000e+00
     vertex  1.877756e+01 -1.147631e+01  2.000000e+00
   endloop
 endfacet
 facet normal  0.000000e+00  0.000000e+00  1.000000e+00
   outer loop
     vertex  1.932756e+01 -1.052369e+01  2.000000e+00
     vertex  1.584905e+01 -8.532742e+00  2.000000e+00
     vertex  1.560899e+01 -8.964334e+00  2.000000e+00
   endloop
 endfacet
 facet normal  0.000000e+00  0.000000e+00  1.000000e+00
   outer loop
     vertex  1.932756e+01 -1.052369e+01  2.000000e+00
     vertex  1.607717e+01 -8.094727e+00  2.000000e+00
     vertex  1.584905e+01 -8.532742e+00  2.000000e+00
   endloop
 endfacet
 facet normal  0.000000e+00  0.000000e+00  1.000000e+00
   outer loop
     vertex  1.932756e+01 -1.052369e+01  2.000000e+00
     vertex  1.629319e+01 -7.650619e+00  2.000000e+00
     vertex  1.607717e+01 -8.094727e+00  2.000000e+00
   endloop
 endfacet
 facet normal  0.000000e+00  0.000000e+00  1.000000e+00
   outer loop
     vertex  1.649694e+01 -7.200751e+00  2.000000e+00
     vertex  1.629319e+01 -7.650619e+00  2.000000e+00
     vertex  1.932756e+01 -1.052369e+01  2.000000e+00
   endloop
 endfacet
 facet normal  0.000000e+00  0.000000e+00  1.000000e+00
   outer loop
     vertex -1.232257e+01  2.175211e+01  2.000000e+00
     vertex -9.283617e+00  1.542123e+01  2.000000e+00
     vertex -8.857056e+00  1.567012e+01  2.000000e+00
   endloop
 endfacet
 facet normal  0.000000e+00  0.000000e+00  1.000000e+00
   outer loop
     vertex -1.232257e+01  2.175211e+01  2.000000e+00
     vertex -1.291415e+01  2.140619e+01  2.000000e+00
     vertex -9.283617e+00  1.542123e+01  2.000000e+00
   endloop
 endfacet
 facet normal  0.000000e+00  0.000000e+00  1.000000e+00
   outer loop
     vertex  1.668828e+01 -6.745463e+00  2.000000e+00
     vertex  1.649694e+01 -7.200751e+00  2.000000e+00
     vertex  1.932756e+01 -1.052369e+01  2.000000e+00
   endloop
 endfacet
 facet normal  0.000000e+00  0.000000e+00  1.000000e+00
   outer loop
     vertex -1.172174e+01  2.208168e+01  2.000000e+00
     vertex -1.232257e+01  2.175211e+01  2.000000e+00
     vertex -8.857056e+00  1.567012e+01  2.000000e+00
   endloop
 endfacet
 facet normal  0.000000e+00  0.000000e+00  1.000000e+00
   outer loop
     vertex -1.172174e+01  2.208168e+01  2.000000e+00
     vertex -8.857056e+00  1.567012e+01  2.000000e+00
     vertex -8.423828e+00  1.590720e+01  2.000000e+00
   endloop
 endfacet
 facet normal  0.000000e+00  0.000000e+00  1.000000e+00
   outer loop
     vertex  2.219207e+01 -1.151139e+01  2.000000e+00
     vertex  1.932756e+01 -1.052369e+01  2.000000e+00
     vertex  2.192040e+01 -1.202066e+01  2.000000e+00
   endloop
 endfacet
 facet normal  0.000000e+00  0.000000e+00  1.000000e+00
   outer loop
     vertex -1.111211e+01  2.239467e+01  2.000000e+00
     vertex -8.423828e+00  1.590720e+01  2.000000e+00
     vertex -7.984258e+00  1.613232e+01  2.000000e+00
   endloop
 endfacet
 facet normal  0.000000e+00  0.000000e+00  1.000000e+00
   outer loop
     vertex -1.111211e+01  2.239467e+01  2.000000e+00
     vertex -1.172174e+01  2.208168e+01  2.000000e+00
     vertex -8.423828e+00  1.590720e+01  2.000000e+00
   endloop
 endfacet
 facet normal  0.000000e+00  0.000000e+00  1.000000e+00
   outer loop
     vertex  2.245191e+01 -1.099599e+01  2.000000e+00
     vertex  1.932756e+01 -1.052369e+01  2.000000e+00
     vertex  2.219207e+01 -1.151139e+01  2.000000e+00
   endloop
 endfacet
 facet normal  0.000000e+00  0.000000e+00  1.000000e+00
   outer loop
     vertex -1.049412e+01  2.269082e+01  2.000000e+00
     vertex -1.111211e+01  2.239467e+01  2.000000e+00
     vertex -7.984258e+00  1.613232e+01  2.000000e+00
   endloop
 endfacet
 facet normal  0.000000e+00  0.000000e+00  1.000000e+00
   outer loop
     vertex -1.049412e+01  2.269082e+01  2.000000e+00
     vertex -7.984258e+00  1.613232e+01  2.000000e+00
     vertex -7.538678e+00  1.634528e+01  2.000000e+00
   endloop
 endfacet
 facet normal  0.000000e+00  0.000000e+00  1.000000e+00
   outer loop
     vertex  2.269978e+01 -1.047473e+01  2.000000e+00
     vertex  1.932756e+01 -1.052369e+01  2.000000e+00
     vertex  2.245191e+01 -1.099599e+01  2.000000e+00
   endloop
 endfacet
 facet normal  0.000000e+00  0.000000e+00  1.000000e+00
   outer loop
     vertex -9.868248e+00  2.296993e+01  2.000000e+00
     vertex -1.049412e+01  2.269082e+01  2.000000e+00
     vertex -7.538678e+00  1.634528e+01  2.000000e+00
   endloop
 endfacet
 facet normal  0.000000e+00  0.000000e+00  1.000000e+00
   outer loop
     vertex -9.868248e+00  2.296993e+01  2.000000e+00
     vertex -7.538678e+00  1.634528e+01  2.000000e+00
     vertex -7.087424e+00  1.654595e+01  2.000000e+00
   endloop
 endfacet
 facet normal  0.000000e+00  0.000000e+00  1.000000e+00
   outer loop
     vertex  2.177513e+01 -8.297962e+00  2.000000e+00
     vertex  1.932756e+01 -1.052369e+01  2.000000e+00
     vertex  2.269978e+01 -1.047473e+01  2.000000e+00
   endloop
 endfacet
 facet normal  0.000000e+00  0.000000e+00  1.000000e+00
   outer loop
     vertex  2.177513e+01 -8.297962e+00  2.000000e+00
     vertex  2.269978e+01 -1.047473e+01  2.000000e+00
     vertex  2.293556e+01 -9.947879e+00  2.000000e+00
   endloop
 endfacet
 facet normal  0.000000e+00  0.000000e+00  1.000000e+00
   outer loop
     vertex  2.177513e+01 -8.297962e+00  2.000000e+00
     vertex  1.686706e+01 -6.285097e+00  2.000000e+00
     vertex  1.668828e+01 -6.745463e+00  2.000000e+00
   endloop
 endfacet
 facet normal  0.000000e+00  0.000000e+00  1.000000e+00
   outer loop
     vertex  2.177513e+01 -8.297962e+00  2.000000e+00
     vertex  1.668828e+01 -6.745463e+00  2.000000e+00
     vertex  1.932756e+01 -1.052369e+01  2.000000e+00
   endloop
 endfacet
 facet normal  0.000000e+00  0.000000e+00  1.000000e+00
   outer loop
     vertex  2.315910e+01 -9.415728e+00  2.000000e+00
     vertex  2.177513e+01 -8.297962e+00  2.000000e+00
     vertex  2.293556e+01 -9.947879e+00  2.000000e+00
   endloop
 endfacet
 facet normal  0.000000e+00  0.000000e+00  1.000000e+00
   outer loop
     vertex -9.234961e+00  2.323178e+01  2.000000e+00
     vertex -9.868248e+00  2.296993e+01  2.000000e+00
     vertex -7.087424e+00  1.654595e+01  2.000000e+00
   endloop
 endfacet
 facet normal  0.000000e+00  0.000000e+00  1.000000e+00
   outer loop
     vertex -9.234961e+00  2.323178e+01  2.000000e+00
     vertex -7.087424e+00  1.654595e+01  2.000000e+00
     vertex -6.630834e+00  1.673416e+01  2.000000e+00
   endloop
 endfacet
 facet normal  0.000000e+00  0.000000e+00  1.000000e+00
   outer loop
     vertex  2.201455e+01 -7.640177e+00  2.000000e+00
     vertex  1.703313e+01 -5.819999e+00  2.000000e+00
     vertex  1.686706e+01 -6.285097e+00  2.000000e+00
   endloop
 endfacet
 facet normal  0.000000e+00  0.000000e+00  1.000000e+00
   outer loop
     vertex  2.201455e+01 -7.640177e+00  2.000000e+00
     vertex  1.718639e+01 -5.350521e+00  2.000000e+00
     vertex  1.703313e+01 -5.819999e+00  2.000000e+00
   endloop
 endfacet
 facet normal  0.000000e+00  0.000000e+00  1.000000e+00
   outer loop
     vertex  2.201455e+01 -7.640177e+00  2.000000e+00
     vertex  1.732671e+01 -4.877015e+00  2.000000e+00
     vertex  1.718639e+01 -5.350521e+00  2.000000e+00
   endloop
 endfacet
 facet normal  0.000000e+00  0.000000e+00  1.000000e+00
   outer loop
     vertex  2.201455e+01 -7.640177e+00  2.000000e+00
     vertex  1.686706e+01 -6.285097e+00  2.000000e+00
     vertex  2.177513e+01 -8.297962e+00  2.000000e+00
   endloop
 endfacet
 facet normal  0.000000e+00  0.000000e+00  1.000000e+00
   outer loop
     vertex  2.337031e+01 -8.878558e+00  2.000000e+00
     vertex  2.177513e+01 -8.297962e+00  2.000000e+00
     vertex  2.315910e+01 -9.415728e+00  2.000000e+00
   endloop
 endfacet
 facet normal  0.000000e+00  0.000000e+00  1.000000e+00
   outer loop
     vertex -8.594735e+00  2.347617e+01  2.000000e+00
     vertex -9.234961e+00  2.323178e+01  2.000000e+00
     vertex -6.630834e+00  1.673416e+01  2.000000e+00
   endloop
 endfacet
 facet normal  0.000000e+00  0.000000e+00  1.000000e+00
   outer loop
     vertex -8.594735e+00  2.347617e+01  2.000000e+00
     vertex -6.630834e+00  1.673416e+01  2.000000e+00
     vertex -6.169252e+00  1.690977e+01  2.000000e+00
   endloop
 endfacet
 facet normal  0.000000e+00  0.000000e+00  1.000000e+00
   outer loop
     vertex -7.948051e+00  2.370292e+01  2.000000e+00
     vertex -6.169252e+00  1.690977e+01  2.000000e+00
     vertex -5.703027e+00  1.707265e+01  2.000000e+00
   endloop
 endfacet
 facet normal  0.000000e+00  0.000000e+00  1.000000e+00
   outer loop
     vertex -7.948051e+00  2.370292e+01  2.000000e+00
     vertex -8.594735e+00  2.347617e+01  2.000000e+00
     vertex -6.169252e+00  1.690977e+01  2.000000e+00
   endloop
 endfacet
 facet normal  0.000000e+00  0.000000e+00  1.000000e+00
   outer loop
     vertex  2.380343e+01 -7.641782e+00  2.000000e+00
     vertex  2.201455e+01 -7.640177e+00  2.000000e+00
     vertex  2.360972e+01 -8.220773e+00  2.000000e+00
   endloop
 endfacet
 facet normal  0.000000e+00  0.000000e+00  1.000000e+00
   outer loop
     vertex -7.295395e+00  2.391186e+01  2.000000e+00
     vertex -5.703027e+00  1.707265e+01  2.000000e+00
     vertex -5.232508e+00  1.722268e+01  2.000000e+00
   endloop
 endfacet
 facet normal  0.000000e+00  0.000000e+00  1.000000e+00
   outer loop
     vertex -7.295395e+00  2.391186e+01  2.000000e+00
     vertex -7.948051e+00  2.370292e+01  2.000000e+00
     vertex -5.703027e+00  1.707265e+01  2.000000e+00
   endloop
 endfacet
 facet normal  0.000000e+00  0.000000e+00  1.000000e+00
   outer loop
     vertex  2.398294e+01 -7.058234e+00  2.000000e+00
     vertex  2.201455e+01 -7.640177e+00  2.000000e+00
     vertex  2.380343e+01 -7.641782e+00  2.000000e+00
   endloop
 endfacet
 facet normal  0.000000e+00  0.000000e+00  1.000000e+00
   outer loop
     vertex -6.637257e+00  2.410284e+01  2.000000e+00
     vertex -5.232508e+00  1.722268e+01  2.000000e+00
     vertex -4.758051e+00  1.735975e+01  2.000000e+00
   endloop
 endfacet
 facet normal  0.000000e+00  0.000000e+00  1.000000e+00
   outer loop
     vertex -6.637257e+00  2.410284e+01  2.000000e+00
     vertex -7.295395e+00  2.391186e+01  2.000000e+00
     vertex -5.232508e+00  1.722268e+01  2.000000e+00
   endloop
 endfacet
 facet normal  0.000000e+00  0.000000e+00  1.000000e+00
   outer loop
     vertex  2.414815e+01 -6.470476e+00  2.000000e+00
     vertex  2.201455e+01 -7.640177e+00  2.000000e+00
     vertex  2.398294e+01 -7.058234e+00  2.000000e+00
   endloop
 endfacet
 facet normal  0.000000e+00  0.000000e+00  1.000000e+00
   outer loop
     vertex -5.974132e+00  2.427570e+01  2.000000e+00
     vertex -6.637257e+00  2.410284e+01  2.000000e+00
     vertex -4.758051e+00  1.735975e+01  2.000000e+00
   endloop
 endfacet
 facet normal  0.000000e+00  0.000000e+00  1.000000e+00
   outer loop
     vertex -5.974132e+00  2.427570e+01  2.000000e+00
     vertex -4.758051e+00  1.735975e+01  2.000000e+00
     vertex -4.280012e+00  1.748375e+01  2.000000e+00
   endloop
 endfacet
 facet normal  0.000000e+00  0.000000e+00  1.000000e+00
   outer loop
     vertex  2.288524e+01 -4.390685e+00  2.000000e+00
     vertex  1.732671e+01 -4.877015e+00  2.000000e+00
     vertex  2.201455e+01 -7.640177e+00  2.000000e+00
   endloop
 endfacet
 facet normal  0.000000e+00  0.000000e+00  1.000000e+00
   outer loop
     vertex  2.288524e+01 -4.390685e+00  2.000000e+00
     vertex  2.414815e+01 -6.470476e+00  2.000000e+00
     vertex  2.429895e+01 -5.878859e+00  2.000000e+00
   endloop
 endfacet
 facet normal  0.000000e+00  0.000000e+00  1.000000e+00
   outer loop
     vertex  2.288524e+01 -4.390685e+00  2.000000e+00
     vertex  2.201455e+01 -7.640177e+00  2.000000e+00
     vertex  2.414815e+01 -6.470476e+00  2.000000e+00
   endloop
 endfacet
 facet normal  0.000000e+00  0.000000e+00  1.000000e+00
   outer loop
     vertex  2.288524e+01 -4.390685e+00  2.000000e+00
     vertex  1.745398e+01 -4.399838e+00  2.000000e+00
     vertex  1.732671e+01 -4.877015e+00  2.000000e+00
   endloop
 endfacet
 facet normal  0.000000e+00  0.000000e+00  1.000000e+00
   outer loop
     vertex  2.288524e+01 -4.390685e+00  2.000000e+00
     vertex  1.756812e+01 -3.919348e+00  2.000000e+00
     vertex  1.745398e+01 -4.399838e+00  2.000000e+00
   endloop
 endfacet
 facet normal  0.000000e+00  0.000000e+00  1.000000e+00
   outer loop
     vertex  2.288524e+01 -4.390685e+00  2.000000e+00
     vertex  1.766903e+01 -3.435909e+00  2.000000e+00
     vertex  1.756812e+01 -3.919348e+00  2.000000e+00
   endloop
 endfacet
 facet normal  0.000000e+00  0.000000e+00  1.000000e+00
   outer loop
     vertex  2.288524e+01 -4.390685e+00  2.000000e+00
     vertex  1.775664e+01 -2.949882e+00  2.000000e+00
     vertex  1.766903e+01 -3.435909e+00  2.000000e+00
   endloop
 endfacet
 facet normal  0.000000e+00  0.000000e+00  1.000000e+00
   outer loop
     vertex -5.306518e+00  2.443033e+01  2.000000e+00
     vertex -4.280012e+00  1.748375e+01  2.000000e+00
     vertex -3.798751e+00  1.759459e+01  2.000000e+00
   endloop
 endfacet
 facet normal  0.000000e+00  0.000000e+00  1.000000e+00
   outer loop
     vertex -5.306518e+00  2.443033e+01  2.000000e+00
     vertex -5.974132e+00  2.427570e+01  2.000000e+00
     vertex -4.280012e+00  1.748375e+01  2.000000e+00
   endloop
 endfacet
 facet normal  0.000000e+00  0.000000e+00  1.000000e+00
   outer loop
     vertex  2.443526e+01 -5.283736e+00  2.000000e+00
     vertex  2.288524e+01 -4.390685e+00  2.000000e+00
     vertex  2.429895e+01 -5.878859e+00  2.000000e+00
   endloop
 endfacet
 facet normal  0.000000e+00  0.000000e+00  1.000000e+00
   outer loop
     vertex  2.300680e+01 -3.701320e+00  2.000000e+00
     vertex  1.775664e+01 -2.949882e+00  2.000000e+00
     vertex  2.288524e+01 -4.390685e+00  2.000000e+00
   endloop
 endfacet
 facet normal  0.000000e+00  0.000000e+00  1.000000e+00
   outer loop
     vertex  2.300680e+01 -3.701320e+00  2.000000e+00
     vertex  1.783088e+01 -2.461636e+00  2.000000e+00
     vertex  1.775664e+01 -2.949882e+00  2.000000e+00
   endloop
 endfacet
 facet normal  0.000000e+00  0.000000e+00  1.000000e+00
   outer loop
     vertex  2.455700e+01 -4.685462e+00  2.000000e+00
     vertex  2.288524e+01 -4.390685e+00  2.000000e+00
     vertex  2.443526e+01 -5.283736e+00  2.000000e+00
   endloop
 endfacet
 facet normal  0.000000e+00  0.000000e+00  1.000000e+00
   outer loop
     vertex -4.634917e+00  2.456659e+01  2.000000e+00
     vertex -5.306518e+00  2.443033e+01  2.000000e+00
     vertex -3.798751e+00  1.759459e+01  2.000000e+00
   endloop
 endfacet
 facet normal  0.000000e+00  0.000000e+00  1.000000e+00
   outer loop
     vertex -4.634917e+00  2.456659e+01  2.000000e+00
     vertex -3.798751e+00  1.759459e+01  2.000000e+00
     vertex -3.314630e+00  1.769218e+01  2.000000e+00
   endloop
 endfacet
 facet normal  0.000000e+00  0.000000e+00  1.000000e+00
   outer loop
     vertex  2.476424e+01 -3.425292e+00  2.000000e+00
     vertex  2.300680e+01 -3.701320e+00  2.000000e+00
     vertex  2.467856e+01 -3.996096e+00  2.000000e+00
   endloop
 endfacet
 facet normal  0.000000e+00  0.000000e+00  1.000000e+00
   outer loop
     vertex  2.200000e+01 -5.500000e-01  2.000000e+00
     vertex  1.797291e+01 -9.872540e-01  2.000000e+00
     vertex  1.793906e+01 -1.479952e+00  2.000000e+00
   endloop
 endfacet
 facet normal  0.000000e+00  0.000000e+00  1.000000e+00
   outer loop
     vertex  2.200000e+01 -5.500000e-01  2.000000e+00
     vertex  1.799323e+01 -4.938129e-01  2.000000e+00
     vertex  1.797291e+01 -9.872540e-01  2.000000e+00
   endloop
 endfacet
 facet normal  0.000000e+00  0.000000e+00  1.000000e+00
   outer loop
     vertex  2.200000e+01 -5.500000e-01  2.000000e+00
     vertex  1.800000e+01 -4.408728e-15  2.000000e+00
     vertex  1.799323e+01 -4.938129e-01  2.000000e+00
   endloop
 endfacet
 facet normal  0.000000e+00  0.000000e+00  1.000000e+00
   outer loop
     vertex  2.200000e+01 -5.500000e-01  2.000000e+00
     vertex  1.783088e+01 -2.461636e+00  2.000000e+00
     vertex  2.300680e+01 -3.701320e+00  2.000000e+00
   endloop
 endfacet
 facet normal  0.000000e+00  0.000000e+00  1.000000e+00
   outer loop
     vertex  2.200000e+01 -5.500000e-01  2.000000e+00
     vertex  1.789170e+01 -1.971536e+00  2.000000e+00
     vertex  1.783088e+01 -2.461636e+00  2.000000e+00
   endloop
 endfacet
 facet normal  0.000000e+00  0.000000e+00  1.000000e+00
   outer loop
     vertex  2.200000e+01 -5.500000e-01  2.000000e+00
     vertex  1.793906e+01 -1.479952e+00  2.000000e+00
     vertex  1.789170e+01 -1.971536e+00  2.000000e+00
   endloop
 endfacet
 facet normal  0.000000e+00  0.000000e+00  1.000000e+00
   outer loop
     vertex -5.500000e-01  2.200000e+01  2.000000e+00
     vertex -4.634917e+00  2.456659e+01  2.000000e+00
     vertex -3.314630e+00  1.769218e+01  2.000000e+00
   endloop
 endfacet
 facet normal  0.000000e+00  0.000000e+00  1.000000e+00
   outer loop
     vertex -5.500000e-01  2.200000e+01  2.000000e+00
     vertex -3.703800e-01  1.799619e+01  2.000000e+00
     vertex  1.234677e-01  1.799958e+01  2.000000e+00
   endloop
 endfacet
 facet normal  0.000000e+00  0.000000e+00  1.000000e+00
   outer loop
     vertex -5.500000e-01  2.200000e+01  2.000000e+00
     vertex -8.639489e-01  1.797925e+01  2.000000e+00
     vertex -3.703800e-01  1.799619e+01  2.000000e+00
   endloop
 endfacet
 facet normal  0.000000e+00  0.000000e+00  1.000000e+00
   outer loop
     vertex -5.500000e-01  2.200000e+01  2.000000e+00
     vertex -1.356867e+00  1.794879e+01  2.000000e+00
     vertex -8.639489e-01  1.797925e+01  2.000000e+00
   endloop
 endfacet
 facet normal  0.000000e+00  0.000000e+00  1.000000e+00
   outer loop
     vertex -5.500000e-01  2.200000e+01  2.000000e+00
     vertex -1.848765e+00  1.790481e+01  2.000000e+00
     vertex -1.356867e+00  1.794879e+01  2.000000e+00
   endloop
 endfacet
 facet normal  0.000000e+00  0.000000e+00  1.000000e+00
   outer loop
     vertex -5.500000e-01  2.200000e+01  2.000000e+00
     vertex -2.339270e+00  1.784735e+01  2.000000e+00
     vertex -1.848765e+00  1.790481e+01  2.000000e+00
   endloop
 endfacet
 facet normal  0.000000e+00  0.000000e+00  1.000000e+00
   outer loop
     vertex -5.500000e-01  2.200000e+01  2.000000e+00
     vertex -2.828015e+00  1.777645e+01  2.000000e+00
     vertex -2.339270e+00  1.784735e+01  2.000000e+00
   endloop
 endfacet
 facet normal  0.000000e+00  0.000000e+00  1.000000e+00
   outer loop
     vertex -5.500000e-01  2.200000e+01  2.000000e+00
     vertex -3.314630e+00  1.769218e+01  2.000000e+00
     vertex -2.828015e+00  1.777645e+01  2.000000e+00
   endloop
 endfacet
 facet normal  0.000000e+00  0.000000e+00  1.000000e+00
   outer loop
     vertex -5.500000e-01  2.200000e+01  2.000000e+00
     vertex -3.959834e+00  2.468440e+01  2.000000e+00
     vertex -4.634917e+00  2.456659e+01  2.000000e+00
   endloop
 endfacet
 facet normal  0.000000e+00  0.000000e+00  1.000000e+00
   outer loop
     vertex -3.281775e+00  2.478366e+01  2.000000e+00
     vertex -3.959834e+00  2.468440e+01  2.000000e+00
     vertex -5.500000e-01  2.200000e+01  2.000000e+00
   endloop
 endfacet
 facet normal  0.000000e+00  0.000000e+00  1.000000e+00
   outer loop
     vertex  2.483671e+01 -2.852662e+00  2.000000e+00
     vertex  2.300680e+01 -3.701320e+00  2.000000e+00
     vertex  2.476424e+01 -3.425292e+00  2.000000e+00
   endloop
 endfacet
 facet normal  0.000000e+00  0.000000e+00  1.000000e+00
   outer loop
     vertex -2.601250e+00  2.486430e+01  2.000000e+00
     vertex -3.281775e+00  2.478366e+01  2.000000e+00
     vertex -5.500000e-01  2.200000e+01  2.000000e+00
   endloop
 endfacet
 facet normal  0.000000e+00  0.000000e+00  1.000000e+00
   outer loop
     vertex  5.500000e-01  2.200000e+01  2.000000e+00
     vertex -5.500000e-01  2.200000e+01  2.000000e+00
     vertex  1.234677e-01  1.799958e+01  2.000000e+00
   endloop
 endfacet
 facet normal  0.000000e+00  0.000000e+00  1.000000e+00
   outer loop
     vertex  5.500000e-01  2.200000e+01  2.000000e+00
     vertex  2.094214e+00  1.787776e+01  2.000000e+00
     vertex  2.583885e+00  1.781358e+01  2.000000e+00
   endloop
 endfacet
 facet normal  0.000000e+00  0.000000e+00  1.000000e+00
   outer loop
     vertex  5.500000e-01  2.200000e+01  2.000000e+00
     vertex  1.602967e+00  1.792848e+01  2.000000e+00
     vertex  2.094214e+00  1.787776e+01  2.000000e+00
   endloop
 endfacet
 facet normal  0.000000e+00  0.000000e+00  1.000000e+00
   outer loop
     vertex  5.500000e-01  2.200000e+01  2.000000e+00
     vertex  1.110513e+00  1.796571e+01  2.000000e+00
     vertex  1.602967e+00  1.792848e+01  2.000000e+00
   endloop
 endfacet
 facet normal  0.000000e+00  0.000000e+00  1.000000e+00
   outer loop
     vertex  5.500000e-01  2.200000e+01  2.000000e+00
     vertex  6.172225e-01  1.798941e+01  2.000000e+00
     vertex  1.110513e+00  1.796571e+01  2.000000e+00
   endloop
 endfacet
 facet normal  0.000000e+00  0.000000e+00  1.000000e+00
   outer loop
     vertex  5.500000e-01  2.200000e+01  2.000000e+00
     vertex  1.234677e-01  1.799958e+01  2.000000e+00
     vertex  6.172225e-01  1.798941e+01  2.000000e+00
   endloop
 endfacet
 facet normal  0.000000e+00  0.000000e+00  1.000000e+00
   outer loop
     vertex  2.200000e+01  5.500000e-01  2.000000e+00
     vertex  1.800000e+01 -4.408728e-15  2.000000e+00
     vertex  2.200000e+01 -5.500000e-01  2.000000e+00
   endloop
 endfacet
 facet normal  0.000000e+00  0.000000e+00  1.000000e+00
   outer loop
     vertex  2.200000e+01  5.500000e-01  2.000000e+00
     vertex  1.799323e+01  4.938129e-01  2.000000e+00
     vertex  1.800000e+01 -4.408728e-15  2.000000e+00
   endloop
 endfacet
 facet normal  0.000000e+00  0.000000e+00  1.000000e+00
   outer loop
     vertex  2.200000e+01  5.500000e-01  2.000000e+00
     vertex  1.797291e+01  9.872540e-01  2.000000e+00
     vertex  1.799323e+01  4.938129e-01  2.000000e+00
   endloop
 endfacet
 facet normal  0.000000e+00  0.000000e+00  1.000000e+00
   outer loop
     vertex  2.200000e+01  5.500000e-01  2.000000e+00
     vertex  1.793906e+01  1.479952e+00  2.000000e+00
     vertex  1.797291e+01  9.872540e-01  2.000000e+00
   endloop
 endfacet
 facet normal  0.000000e+00  0.000000e+00  1.000000e+00
   outer loop
     vertex  2.200000e+01  5.500000e-01  2.000000e+00
     vertex  1.789170e+01  1.971536e+00  2.000000e+00
     vertex  1.793906e+01  1.479952e+00  2.000000e+00
   endloop
 endfacet
 facet normal  0.000000e+00  0.000000e+00  1.000000e+00
   outer loop
     vertex  2.200000e+01  5.500000e-01  2.000000e+00
     vertex  1.783088e+01  2.461636e+00  2.000000e+00
     vertex  1.789170e+01  1.971536e+00  2.000000e+00
   endloop
 endfacet
 facet normal  0.000000e+00  0.000000e+00  1.000000e+00
   outer loop
     vertex  2.489595e+01 -2.278512e+00  2.000000e+00
     vertex  2.200000e+01 -5.500000e-01  2.000000e+00
     vertex  2.300680e+01 -3.701320e+00  2.000000e+00
   endloop
 endfacet
 facet normal  0.000000e+00  0.000000e+00  1.000000e+00
   outer loop
     vertex  2.489595e+01 -2.278512e+00  2.000000e+00
     vertex  2.300680e+01 -3.701320e+00  2.000000e+00
     vertex  2.483671e+01 -2.852662e+00  2.000000e+00
   endloop
 endfacet
 facet normal  0.000000e+00  0.000000e+00  1.000000e+00
   outer loop
     vertex -1.918770e+00  2.492626e+01  2.000000e+00
     vertex -2.601250e+00  2.486430e+01  2.000000e+00
     vertex -5.500000e-01  2.200000e+01  2.000000e+00
   endloop
 endfacet
 facet normal  0.000000e+00  0.000000e+00  1.000000e+00
   outer loop
     vertex  2.494192e+01 -1.703147e+00  2.000000e+00
     vertex  2.200000e+01 -5.500000e-01  2.000000e+00
     vertex  2.489595e+01 -2.278512e+00  2.000000e+00
   endloop
 endfacet
 facet normal  0.000000e+00  0.000000e+00  1.000000e+00
   outer loop
     vertex -1.234849e+00  2.496948e+01  2.000000e+00
     vertex -1.918770e+00  2.492626e+01  2.000000e+00
     vertex -5.500000e-01  2.200000e+01  2.000000e+00
   endloop
 endfacet
 facet normal  0.000000e+00  0.000000e+00  1.000000e+00
   outer loop
     vertex  2.497459e+01 -1.126874e+00  2.000000e+00
     vertex  2.200000e+01 -5.500000e-01  2.000000e+00
     vertex  2.494192e+01 -1.703147e+00  2.000000e+00
   endloop
 endfacet
 facet normal  0.000000e+00  0.000000e+00  1.000000e+00
   outer loop
     vertex  2.499395e+01 -5.500000e-01  2.000000e+00
     vertex  2.200000e+01 -5.500000e-01  2.000000e+00
     vertex  2.497459e+01 -1.126874e+00  2.000000e+00
   endloop
 endfacet
 facet normal  0.000000e+00  0.000000e+00  1.000000e+00
   outer loop
     vertex -5.500000e-01  2.499395e+01  2.000000e+00
     vertex -1.234849e+00  2.496948e+01  2.000000e+00
     vertex -5.500000e-01  2.200000e+01  2.000000e+00
   endloop
 endfacet
 facet normal  0.000000e+00  0.000000e+00  1.000000e+00
   outer loop
     vertex  1.126874e+00  2.497459e+01  2.000000e+00
     vertex  5.500000e-01  2.499395e+01  2.000000e+00
     vertex  5.500000e-01  2.200000e+01  2.000000e+00
   endloop
 endfacet
 facet normal  0.000000e+00  0.000000e+00  1.000000e+00
   outer loop
     vertex  2.497459e+01  1.126874e+00  2.000000e+00
     vertex  2.200000e+01  5.500000e-01  2.000000e+00
     vertex  2.499395e+01  5.500000e-01  2.000000e+00
   endloop
 endfacet
 facet normal  0.000000e+00  0.000000e+00  1.000000e+00
   outer loop
     vertex  1.703147e+00  2.494192e+01  2.000000e+00
     vertex  1.126874e+00  2.497459e+01  2.000000e+00
     vertex  5.500000e-01  2.200000e+01  2.000000e+00
   endloop
 endfacet
 facet normal  0.000000e+00  0.000000e+00  1.000000e+00
   outer loop
     vertex  2.494192e+01  1.703147e+00  2.000000e+00
     vertex  2.200000e+01  5.500000e-01  2.000000e+00
     vertex  2.497459e+01  1.126874e+00  2.000000e+00
   endloop
 endfacet
 facet normal  0.000000e+00  0.000000e+00  1.000000e+00
   outer loop
     vertex  3.701320e+00  2.300680e+01  2.000000e+00
     vertex  2.583885e+00  1.781358e+01  2.000000e+00
     vertex  3.071611e+00  1.773599e+01  2.000000e+00
   endloop
 endfacet
 facet normal  0.000000e+00  0.000000e+00  1.000000e+00
   outer loop
     vertex  3.701320e+00  2.300680e+01  2.000000e+00
     vertex  5.500000e-01  2.200000e+01  2.000000e+00
     vertex  2.583885e+00  1.781358e+01  2.000000e+00
   endloop
 endfacet
 facet normal  0.000000e+00  0.000000e+00  1.000000e+00
   outer loop
     vertex  2.300680e+01  3.701320e+00  2.000000e+00
     vertex  1.783088e+01  2.461636e+00  2.000000e+00
     vertex  2.200000e+01  5.500000e-01  2.000000e+00
   endloop
 endfacet
 facet normal  0.000000e+00  0.000000e+00  1.000000e+00
   outer loop
     vertex  2.300680e+01  3.701320e+00  2.000000e+00
     vertex  1.775664e+01  2.949882e+00  2.000000e+00
     vertex  1.783088e+01  2.461636e+00  2.000000e+00
   endloop
 endfacet
 facet normal  0.000000e+00  0.000000e+00  1.000000e+00
   outer loop
     vertex  2.278512e+00  2.489595e+01  2.000000e+00
     vertex  1.703147e+00  2.494192e+01  2.000000e+00
     vertex  5.500000e-01  2.200000e+01  2.000000e+00
   endloop
 endfacet
 facet normal  0.000000e+00  0.000000e+00  1.000000e+00
   outer loop
     vertex  2.278512e+00  2.489595e+01  2.000000e+00
     vertex  5.500000e-01  2.200000e+01  2.000000e+00
     vertex  3.701320e+00  2.300680e+01  2.000000e+00
   endloop
 endfacet
 facet normal  0.000000e+00  0.000000e+00  1.000000e+00
   outer loop
     vertex  2.489595e+01  2.278512e+00  2.000000e+00
     vertex  2.200000e+01  5.500000e-01  2.000000e+00
     vertex  2.494192e+01  1.703147e+00  2.000000e+00
   endloop
 endfacet
 facet normal  0.000000e+00  0.000000e+00  1.000000e+00
   outer loop
     vertex  2.489595e+01  2.278512e+00  2.000000e+00
     vertex  2.300680e+01  3.701320e+00  2.000000e+00
     vertex  2.200000e+01  5.500000e-01  2.000000e+00
   endloop
 endfacet
 facet normal  0.000000e+00  0.000000e+00  1.000000e+00
   outer loop
     vertex  4.390685e+00  2.288524e+01  2.000000e+00
     vertex  4.039761e+00  1.754082e+01  2.000000e+00
     vertex  4.519457e+00  1.742339e+01  2.000000e+00
   endloop
 endfacet
 facet normal  0.000000e+00  0.000000e+00  1.000000e+00
   outer loop
     vertex  4.390685e+00  2.288524e+01  2.000000e+00
     vertex  3.557025e+00  1.764504e+01  2.000000e+00
     vertex  4.039761e+00  1.754082e+01  2.000000e+00
   endloop
 endfacet
 facet normal  0.000000e+00  0.000000e+00  1.000000e+00
   outer loop
     vertex  4.390685e+00  2.288524e+01  2.000000e+00
     vertex  3.071611e+00  1.773599e+01  2.000000e+00
     vertex  3.557025e+00  1.764504e+01  2.000000e+00
   endloop
 endfacet
 facet normal  0.000000e+00  0.000000e+00  1.000000e+00
   outer loop
     vertex  4.390685e+00  2.288524e+01  2.000000e+00
     vertex  3.701320e+00  2.300680e+01  2.000000e+00
     vertex  3.071611e+00  1.773599e+01  2.000000e+00
   endloop
 endfacet
 facet normal  0.000000e+00  0.000000e+00  1.000000e+00
   outer loop
     vertex  2.288524e+01  4.390685e+00  2.000000e+00
     vertex  1.775664e+01  2.949882e+00  2.000000e+00
     vertex  2.300680e+01  3.701320e+00  2.000000e+00
   endloop
 endfacet
 facet normal  0.000000e+00  0.000000e+00  1.000000e+00
   outer loop
     vertex  2.288524e+01  4.390685e+00  2.000000e+00
     vertex  1.766903e+01  3.435909e+00  2.000000e+00
     vertex  1.775664e+01  2.949882e+00  2.000000e+00
   endloop
 endfacet
 facet normal  0.000000e+00  0.000000e+00  1.000000e+00
   outer loop
     vertex  2.288524e+01  4.390685e+00  2.000000e+00
     vertex  1.756812e+01  3.919348e+00  2.000000e+00
     vertex  1.766903e+01  3.435909e+00  2.000000e+00
   endloop
 endfacet
 facet normal  0.000000e+00  0.000000e+00  1.000000e+00
   outer loop
     vertex  2.288524e+01  4.390685e+00  2.000000e+00
     vertex  1.745398e+01  4.399838e+00  2.000000e+00
     vertex  1.756812e+01  3.919348e+00  2.000000e+00
   endloop
 endfacet
 facet normal  0.000000e+00  0.000000e+00  1.000000e+00
   outer loop
     vertex  2.288524e+01  4.390685e+00  2.000000e+00
     vertex  1.732671e+01  4.877015e+00  2.000000e+00
     vertex  1.745398e+01  4.399838e+00  2.000000e+00
   endloop
 endfacet
 facet normal  0.000000e+00  0.000000e+00  1.000000e+00
   outer loop
     vertex  2.852662e+00  2.483671e+01  2.000000e+00
     vertex  2.278512e+00  2.489595e+01  2.000000e+00
     vertex  3.701320e+00  2.300680e+01  2.000000e+00
   endloop
 endfacet
 facet normal  0.000000e+00  0.000000e+00  1.000000e+00
   outer loop
     vertex  2.483671e+01  2.852662e+00  2.000000e+00
     vertex  2.300680e+01  3.701320e+00  2.000000e+00
     vertex  2.489595e+01  2.278512e+00  2.000000e+00
   endloop
 endfacet
 facet normal  0.000000e+00  0.000000e+00  1.000000e+00
   outer loop
     vertex  3.425292e+00  2.476424e+01  2.000000e+00
     vertex  2.852662e+00  2.483671e+01  2.000000e+00
     vertex  3.701320e+00  2.300680e+01  2.000000e+00
   endloop
 endfacet
 facet normal  0.000000e+00  0.000000e+00  1.000000e+00
   outer loop
     vertex  2.476424e+01  3.425292e+00  2.000000e+00
     vertex  2.300680e+01  3.701320e+00  2.000000e+00
     vertex  2.483671e+01  2.852662e+00  2.000000e+00
   endloop
 endfacet
 facet normal  0.000000e+00  0.000000e+00  1.000000e+00
   outer loop
     vertex  3.996096e+00  2.467856e+01  2.000000e+00
     vertex  3.425292e+00  2.476424e+01  2.000000e+00
     vertex  3.701320e+00  2.300680e+01  2.000000e+00
   endloop
 endfacet
 facet normal  0.000000e+00  0.000000e+00  1.000000e+00
   outer loop
     vertex  2.467856e+01  3.996096e+00  2.000000e+00
     vertex  2.300680e+01  3.701320e+00  2.000000e+00
     vertex  2.476424e+01  3.425292e+00  2.000000e+00
   endloop
 endfacet
 facet normal  0.000000e+00  0.000000e+00  1.000000e+00
   outer loop
     vertex  7.640177e+00  2.201455e+01  2.000000e+00
     vertex  5.468282e+00  1.714928e+01  2.000000e+00
     vertex  5.936698e+00  1.699281e+01  2.000000e+00
   endloop
 endfacet
 facet normal  0.000000e+00  0.000000e+00  1.000000e+00
   outer loop
     vertex  7.640177e+00  2.201455e+01  2.000000e+00
     vertex  4.995750e+00  1.729284e+01  2.000000e+00
     vertex  5.468282e+00  1.714928e+01  2.000000e+00
   endloop
 endfacet
 facet normal  0.000000e+00  0.000000e+00  1.000000e+00
   outer loop
     vertex  7.640177e+00  2.201455e+01  2.000000e+00
     vertex  4.519457e+00  1.742339e+01  2.000000e+00
     vertex  4.995750e+00  1.729284e+01  2.000000e+00
   endloop
 endfacet
 facet normal  0.000000e+00  0.000000e+00  1.000000e+00
   outer loop
     vertex  7.640177e+00  2.201455e+01  2.000000e+00
     vertex  4.390685e+00  2.288524e+01  2.000000e+00
     vertex  4.519457e+00  1.742339e+01  2.000000e+00
   endloop
 endfacet
 facet normal  0.000000e+00  0.000000e+00  1.000000e+00
   outer loop
     vertex  2.201455e+01  7.640177e+00  2.000000e+00
     vertex  1.732671e+01  4.877015e+00  2.000000e+00
     vertex  2.288524e+01  4.390685e+00  2.000000e+00
   endloop
 endfacet
 facet normal  0.000000e+00  0.000000e+00  1.000000e+00
   outer loop
     vertex  2.201455e+01  7.640177e+00  2.000000e+00
     vertex  1.718639e+01  5.350521e+00  2.000000e+00
     vertex  1.732671e+01  4.877015e+00  2.000000e+00
   endloop
 endfacet
 facet normal  0.000000e+00  0.000000e+00  1.000000e+00
   outer loop
     vertex  2.201455e+01  7.640177e+00  2.000000e+00
     vertex  1.703313e+01  5.819999e+00  2.000000e+00
     vertex  1.718639e+01  5.350521e+00  2.000000e+00
   endloop
 endfacet
 facet normal  0.000000e+00  0.000000e+00  1.000000e+00
   outer loop
     vertex  2.201455e+01  7.640177e+00  2.000000e+00
     vertex  1.686706e+01  6.285097e+00  2.000000e+00
     vertex  1.703313e+01  5.819999e+00  2.000000e+00
   endloop
 endfacet
 facet normal  0.000000e+00  0.000000e+00  1.000000e+00
   outer loop
     vertex  2.443526e+01  5.283736e+00  2.000000e+00
     vertex  2.288524e+01  4.390685e+00  2.000000e+00
     vertex  2.455700e+01  4.685462e+00  2.000000e+00
   endloop
 endfacet
 facet normal  0.000000e+00  0.000000e+00  1.000000e+00
   outer loop
     vertex  5.283736e+00  2.443526e+01  2.000000e+00
     vertex  4.685462e+00  2.455700e+01  2.000000e+00
     vertex  4.390685e+00  2.288524e+01  2.000000e+00
   endloop
 endfacet
 facet normal  0.000000e+00  0.000000e+00  1.000000e+00
   outer loop
     vertex  1.052369e+01  1.932756e+01  2.000000e+00
     vertex  8.641255e+00  1.579015e+01  2.000000e+00
     vertex  9.071190e+00  1.554714e+01  2.000000e+00
   endloop
 endfacet
 facet normal  0.000000e+00  0.000000e+00  1.000000e+00
   outer loop
     vertex  1.052369e+01  1.932756e+01  2.000000e+00
     vertex  8.204815e+00  1.602127e+01  2.000000e+00
     vertex  8.641255e+00  1.579015e+01  2.000000e+00
   endloop
 endfacet
 facet normal  0.000000e+00  0.000000e+00  1.000000e+00
   outer loop
     vertex  1.052369e+01  1.932756e+01  2.000000e+00
     vertex  7.762199e+00  1.624033e+01  2.000000e+00
     vertex  8.204815e+00  1.602127e+01  2.000000e+00
   endloop
 endfacet
 facet normal  0.000000e+00  0.000000e+00  1.000000e+00
   outer loop
     vertex  1.052369e+01  1.932756e+01  2.000000e+00
     vertex  7.313739e+00  1.644716e+01  2.000000e+00
     vertex  7.762199e+00  1.624033e+01  2.000000e+00
   endloop
 endfacet
 facet normal  0.000000e+00  0.000000e+00  1.000000e+00
   outer loop
     vertex  1.052369e+01  1.932756e+01  2.000000e+00
     vertex  6.859774e+00  1.664162e+01  2.000000e+00
     vertex  7.313739e+00  1.644716e+01  2.000000e+00
   endloop
 endfacet
 facet normal  0.000000e+00  0.000000e+00  1.000000e+00
   outer loop
     vertex  1.932756e+01  1.052369e+01  2.000000e+00
     vertex  1.649694e+01  7.200751e+00  2.000000e+00
     vertex  1.668828e+01  6.745463e+00  2.000000e+00
   endloop
 endfacet
 facet normal  0.000000e+00  0.000000e+00  1.000000e+00
   outer loop
     vertex  1.932756e+01  1.052369e+01  2.000000e+00
     vertex  1.629319e+01  7.650619e+00  2.000000e+00
     vertex  1.649694e+01  7.200751e+00  2.000000e+00
   endloop
 endfacet
 facet normal  0.000000e+00  0.000000e+00  1.000000e+00
   outer loop
     vertex  1.932756e+01  1.052369e+01  2.000000e+00
     vertex  1.607717e+01  8.094727e+00  2.000000e+00
     vertex  1.629319e+01  7.650619e+00  2.000000e+00
   endloop
 endfacet
 facet normal  0.000000e+00  0.000000e+00  1.000000e+00
   outer loop
     vertex  1.932756e+01  1.052369e+01  2.000000e+00
     vertex  1.584905e+01  8.532742e+00  2.000000e+00
     vertex  1.607717e+01  8.094727e+00  2.000000e+00
   endloop
 endfacet
 facet normal  0.000000e+00  0.000000e+00  1.000000e+00
   outer loop
     vertex  1.932756e+01  1.052369e+01  2.000000e+00
     vertex  1.560899e+01  8.964334e+00  2.000000e+00
     vertex  1.584905e+01  8.532742e+00  2.000000e+00
   endloop
 endfacet
 facet normal  0.000000e+00  0.000000e+00  1.000000e+00
   outer loop
     vertex  8.297962e+00  2.177513e+01  2.000000e+00
     vertex  6.400645e+00  1.682355e+01  2.000000e+00
     vertex  6.859774e+00  1.664162e+01  2.000000e+00
   endloop
 endfacet
 facet normal  0.000000e+00  0.000000e+00  1.000000e+00
   outer loop
     vertex  8.297962e+00  2.177513e+01  2.000000e+00
     vertex  5.936698e+00  1.699281e+01  2.000000e+00
     vertex  6.400645e+00  1.682355e+01  2.000000e+00
   endloop
 endfacet
 facet normal  0.000000e+00  0.000000e+00  1.000000e+00
   outer loop
     vertex  8.297962e+00  2.177513e+01  2.000000e+00
     vertex  7.640177e+00  2.201455e+01  2.000000e+00
     vertex  5.936698e+00  1.699281e+01  2.000000e+00
   endloop
 endfacet
 facet normal  0.000000e+00  0.000000e+00  1.000000e+00
   outer loop
     vertex  8.297962e+00  2.177513e+01  2.000000e+00
     vertex  6.859774e+00  1.664162e+01  2.000000e+00
     vertex  1.052369e+01  1.932756e+01  2.000000e+00
   endloop
 endfacet
 facet normal  0.000000e+00  0.000000e+00  1.000000e+00
   outer loop
     vertex  2.177513e+01  8.297962e+00  2.000000e+00
     vertex  1.932756e+01  1.052369e+01  2.000000e+00
     vertex  1.668828e+01  6.745463e+00  2.000000e+00
   endloop
 endfacet
 facet normal  0.000000e+00  0.000000e+00  1.000000e+00
   outer loop
     vertex  2.177513e+01  8.297962e+00  2.000000e+00
     vertex  1.686706e+01  6.285097e+00  2.000000e+00
     vertex  2.201455e+01  7.640177e+00  2.000000e+00
   endloop
 endfacet
 facet normal  0.000000e+00  0.000000e+00  1.000000e+00
   outer loop
     vertex  2.177513e+01  8.297962e+00  2.000000e+00
     vertex  1.668828e+01  6.745463e+00  2.000000e+00
     vertex  1.686706e+01  6.285097e+00  2.000000e+00
   endloop
 endfacet
 facet normal  0.000000e+00  0.000000e+00  1.000000e+00
   outer loop
     vertex  5.878859e+00  2.429895e+01  2.000000e+00
     vertex  5.283736e+00  2.443526e+01  2.000000e+00
     vertex  4.390685e+00  2.288524e+01  2.000000e+00
   endloop
 endfacet
 facet normal  0.000000e+00  0.000000e+00  1.000000e+00
   outer loop
     vertex  2.429895e+01  5.878859e+00  2.000000e+00
     vertex  2.288524e+01  4.390685e+00  2.000000e+00
     vertex  2.443526e+01  5.283736e+00  2.000000e+00
   endloop
 endfacet
 facet normal  0.000000e+00  0.000000e+00  1.000000e+00
   outer loop
     vertex  1.147631e+01  1.877756e+01  2.000000e+00
     vertex  1.071949e+01  1.446003e+01  2.000000e+00
     vertex  1.111215e+01  1.416051e+01  2.000000e+00
   endloop
 endfacet
 facet normal  0.000000e+00  0.000000e+00  1.000000e+00
   outer loop
     vertex  1.147631e+01  1.877756e+01  2.000000e+00
     vertex  1.031876e+01  1.474867e+01  2.000000e+00
     vertex  1.071949e+01  1.446003e+01  2.000000e+00
   endloop
 endfacet
 facet normal  0.000000e+00  0.000000e+00  1.000000e+00
   outer loop
     vertex  1.147631e+01  1.877756e+01  2.000000e+00
     vertex  9.910257e+00  1.502620e+01  2.000000e+00
     vertex  1.031876e+01  1.474867e+01  2.000000e+00
   endloop
 endfacet
 facet normal  0.000000e+00  0.000000e+00  1.000000e+00
   outer loop
     vertex  1.147631e+01  1.877756e+01  2.000000e+00
     vertex  9.494297e+00  1.529243e+01  2.000000e+00
     vertex  9.910257e+00  1.502620e+01  2.000000e+00
   endloop
 endfacet
 facet normal  0.000000e+00  0.000000e+00  1.000000e+00
   outer loop
     vertex  1.147631e+01  1.877756e+01  2.000000e+00
     vertex  9.071190e+00  1.554714e+01  2.000000e+00
     vertex  9.494297e+00  1.529243e+01  2.000000e+00
   endloop
 endfacet
 facet normal  0.000000e+00  0.000000e+00  1.000000e+00
   outer loop
     vertex  1.147631e+01  1.877756e+01  2.000000e+00
     vertex  1.052369e+01  1.932756e+01  2.000000e+00
     vertex  9.071190e+00  1.554714e+01  2.000000e+00
   endloop
 endfacet
 facet normal  0.000000e+00  0.000000e+00  1.000000e+00
   outer loop
     vertex  1.877756e+01  1.147631e+01  2.000000e+00
     vertex  1.560899e+01  8.964334e+00  2.000000e+00
     vertex  1.932756e+01  1.052369e+01  2.000000e+00
   endloop
 endfacet
 facet normal  0.000000e+00  0.000000e+00  1.000000e+00
   outer loop
     vertex  1.877756e+01  1.147631e+01  2.000000e+00
     vertex  1.535719e+01  9.389178e+00  2.000000e+00
     vertex  1.560899e+01  8.964334e+00  2.000000e+00
   endloop
 endfacet
 facet normal  0.000000e+00  0.000000e+00  1.000000e+00
   outer loop
     vertex  1.877756e+01  1.147631e+01  2.000000e+00
     vertex  1.509383e+01  9.806954e+00  2.000000e+00
     vertex  1.535719e+01  9.389178e+00  2.000000e+00
   endloop
 endfacet
 facet normal  0.000000e+00  0.000000e+00  1.000000e+00
   outer loop
     vertex  1.877756e+01  1.147631e+01  2.000000e+00
     vertex  1.481910e+01  1.021735e+01  2.000000e+00
     vertex  1.509383e+01  9.806954e+00  2.000000e+00
   endloop
 endfacet
 facet normal  0.000000e+00  0.000000e+00  1.000000e+00
   outer loop
     vertex  1.877756e+01  1.147631e+01  2.000000e+00
     vertex  1.453322e+01  1.062005e+01  2.000000e+00
     vertex  1.481910e+01  1.021735e+01  2.000000e+00
   endloop
 endfacet
 facet normal  0.000000e+00  0.000000e+00  1.000000e+00
   outer loop
     vertex  1.877756e+01  1.147631e+01  2.000000e+00
     vertex  1.423640e+01  1.101476e+01  2.000000e+00
     vertex  1.453322e+01  1.062005e+01  2.000000e+00
   endloop
 endfacet
 facet normal  0.000000e+00  0.000000e+00  1.000000e+00
   outer loop
     vertex  6.470476e+00  2.414815e+01  2.000000e+00
     vertex  5.878859e+00  2.429895e+01  2.000000e+00
     vertex  4.390685e+00  2.288524e+01  2.000000e+00
   endloop
 endfacet
 facet normal  0.000000e+00  0.000000e+00  1.000000e+00
   outer loop
     vertex  6.470476e+00  2.414815e+01  2.000000e+00
     vertex  4.390685e+00  2.288524e+01  2.000000e+00
     vertex  7.640177e+00  2.201455e+01  2.000000e+00
   endloop
 endfacet
 facet normal  0.000000e+00  0.000000e+00  1.000000e+00
   outer loop
     vertex  2.414815e+01  6.470476e+00  2.000000e+00
     vertex  2.288524e+01  4.390685e+00  2.000000e+00
     vertex  2.429895e+01  5.878859e+00  2.000000e+00
   endloop
 endfacet
 facet normal  0.000000e+00  0.000000e+00  1.000000e+00
   outer loop
     vertex  2.414815e+01  6.470476e+00  2.000000e+00
     vertex  2.201455e+01  7.640177e+00  2.000000e+00
     vertex  2.288524e+01  4.390685e+00  2.000000e+00
   endloop
 endfacet
 facet normal  0.000000e+00  0.000000e+00  1.000000e+00
   outer loop
     vertex  7.058234e+00  2.398294e+01  2.000000e+00
     vertex  6.470476e+00  2.414815e+01  2.000000e+00
     vertex  7.640177e+00  2.201455e+01  2.000000e+00
   endloop
 endfacet
 facet normal  0.000000e+00  0.000000e+00  1.000000e+00
   outer loop
     vertex  2.398294e+01  7.058234e+00  2.000000e+00
     vertex  2.201455e+01  7.640177e+00  2.000000e+00
     vertex  2.414815e+01  6.470476e+00  2.000000e+00
   endloop
 endfacet
 facet normal  0.000000e+00  0.000000e+00  1.000000e+00
   outer loop
     vertex  7.641782e+00  2.380343e+01  2.000000e+00
     vertex  7.058234e+00  2.398294e+01  2.000000e+00
     vertex  7.640177e+00  2.201455e+01  2.000000e+00
   endloop
 endfacet
 facet normal  0.000000e+00  0.000000e+00  1.000000e+00
   outer loop
     vertex  2.380343e+01  7.641782e+00  2.000000e+00
     vertex  2.201455e+01  7.640177e+00  2.000000e+00
     vertex  2.398294e+01  7.058234e+00  2.000000e+00
   endloop
 endfacet
 facet normal  0.000000e+00  0.000000e+00  1.000000e+00
   outer loop
     vertex  8.220773e+00  2.360972e+01  2.000000e+00
     vertex  7.641782e+00  2.380343e+01  2.000000e+00
     vertex  7.640177e+00  2.201455e+01  2.000000e+00
   endloop
 endfacet
 facet normal  0.000000e+00  0.000000e+00  1.000000e+00
   outer loop
     vertex  2.360972e+01  8.220773e+00  2.000000e+00
     vertex  2.201455e+01  7.640177e+00  2.000000e+00
     vertex  2.380343e+01  7.641782e+00  2.000000e+00
   endloop
 endfacet
 facet normal  0.000000e+00  0.000000e+00  1.000000e+00
   outer loop
     vertex  9.415728e+00  2.315910e+01  2.000000e+00
     vertex  8.878558e+00  2.337031e+01  2.000000e+00
     vertex  8.297962e+00  2.177513e+01  2.000000e+00
   endloop
 endfacet
 facet normal  0.000000e+00  0.000000e+00  1.000000e+00
   outer loop
     vertex  2.315910e+01  9.415728e+00  2.000000e+00
     vertex  2.177513e+01  8.297962e+00  2.000000e+00
     vertex  2.337031e+01  8.878558e+00  2.000000e+00
   endloop
 endfacet
 facet normal  0.000000e+00  0.000000e+00  1.000000e+00
   outer loop
     vertex  1.470884e+01  1.807381e+01  2.000000e+00
     vertex  1.111215e+01  1.416051e+01  2.000000e+00
     vertex  1.149645e+01  1.385033e+01  2.000000e+00
   endloop
 endfacet
 facet normal  0.000000e+00  0.000000e+00  1.000000e+00
   outer loop
     vertex  1.470884e+01  1.807381e+01  2.000000e+00
     vertex  1.147631e+01  1.877756e+01  2.000000e+00
     vertex  1.111215e+01  1.416051e+01  2.000000e+00
   endloop
 endfacet
 facet normal  0.000000e+00  0.000000e+00  1.000000e+00
   outer loop
     vertex  1.807381e+01  1.470884e+01  2.000000e+00
     vertex  1.392886e+01  1.140117e+01  2.000000e+00
     vertex  1.423640e+01  1.101476e+01  2.000000e+00
   endloop
 endfacet
 facet normal  0.000000e+00  0.000000e+00  1.000000e+00
   outer loop
     vertex  1.807381e+01  1.470884e+01  2.000000e+00
     vertex  1.423640e+01  1.101476e+01  2.000000e+00
     vertex  1.877756e+01  1.147631e+01  2.000000e+00
   endloop
 endfacet
 facet normal  0.000000e+00  0.000000e+00  1.000000e+00
   outer loop
     vertex  1.762386e+01  1.524507e+01  2.000000e+00
     vertex  1.361084e+01  1.177901e+01  2.000000e+00
     vertex  1.392886e+01  1.140117e+01  2.000000e+00
   endloop
 endfacet
 facet normal  0.000000e+00  0.000000e+00  1.000000e+00
   outer loop
     vertex  1.762386e+01  1.524507e+01  2.000000e+00
     vertex  1.328257e+01  1.214798e+01  2.000000e+00
     vertex  1.361084e+01  1.177901e+01  2.000000e+00
   endloop
 endfacet
 facet normal  0.000000e+00  0.000000e+00  1.000000e+00
   outer loop
     vertex  1.762386e+01  1.524507e+01  2.000000e+00
     vertex  1.294430e+01  1.250780e+01  2.000000e+00
     vertex  1.328257e+01  1.214798e+01  2.000000e+00
   endloop
 endfacet
 facet normal  0.000000e+00  0.000000e+00  1.000000e+00
   outer loop
     vertex  1.762386e+01  1.524507e+01  2.000000e+00
     vertex  1.259629e+01  1.285820e+01  2.000000e+00
     vertex  1.294430e+01  1.250780e+01  2.000000e+00
   endloop
 endfacet
 facet normal  0.000000e+00  0.000000e+00  1.000000e+00
   outer loop
     vertex  1.762386e+01  1.524507e+01  2.000000e+00
     vertex  1.392886e+01  1.140117e+01  2.000000e+00
     vertex  1.807381e+01  1.470884e+01  2.000000e+00
   endloop
 endfacet
 facet normal  0.000000e+00  0.000000e+00  1.000000e+00
   outer loop
     vertex  1.524507e+01  1.762386e+01  2.000000e+00
     vertex  1.470884e+01  1.807381e+01  2.000000e+00
     vertex  1.149645e+01  1.385033e+01  2.000000e+00
   endloop
 endfacet
 facet normal  0.000000e+00  0.000000e+00  1.000000e+00
   outer loop
     vertex  1.524507e+01  1.762386e+01  2.000000e+00
     vertex  1.223880e+01  1.319893e+01  2.000000e+00
     vertex  1.259629e+01  1.285820e+01  2.000000e+00
   endloop
 endfacet
 facet normal  0.000000e+00  0.000000e+00  1.000000e+00
   outer loop
     vertex  1.524507e+01  1.762386e+01  2.000000e+00
     vertex  1.187209e+01  1.352972e+01  2.000000e+00
     vertex  1.223880e+01  1.319893e+01  2.000000e+00
   endloop
 endfacet
 facet normal  0.000000e+00  0.000000e+00  1.000000e+00
   outer loop
     vertex  1.524507e+01  1.762386e+01  2.000000e+00
     vertex  1.149645e+01  1.385033e+01  2.000000e+00
     vertex  1.187209e+01  1.352972e+01  2.000000e+00
   endloop
 endfacet
 facet normal  0.000000e+00  0.000000e+00  1.000000e+00
   outer loop
     vertex  1.524507e+01  1.762386e+01  2.000000e+00
     vertex  1.259629e+01  1.285820e+01  2.000000e+00
     vertex  1.762386e+01  1.524507e+01  2.000000e+00
   endloop
 endfacet
 facet normal  0.000000e+00  0.000000e+00  1.000000e+00
   outer loop
     vertex  9.947879e+00  2.293556e+01  2.000000e+00
     vertex  9.415728e+00  2.315910e+01  2.000000e+00
     vertex  8.297962e+00  2.177513e+01  2.000000e+00
   endloop
 endfacet
 facet normal  0.000000e+00  0.000000e+00  1.000000e+00
   outer loop
     vertex  2.293556e+01  9.947879e+00  2.000000e+00
     vertex  2.177513e+01  8.297962e+00  2.000000e+00
     vertex  2.315910e+01  9.415728e+00  2.000000e+00
   endloop
 endfacet
 facet normal  0.000000e+00  0.000000e+00  1.000000e+00
   outer loop
     vertex  1.047473e+01  2.269978e+01  2.000000e+00
     vertex  9.947879e+00  2.293556e+01  2.000000e+00
     vertex  8.297962e+00  2.177513e+01  2.000000e+00
   endloop
 endfacet
 facet normal  0.000000e+00  0.000000e+00  1.000000e+00
   outer loop
     vertex  1.047473e+01  2.269978e+01  2.000000e+00
     vertex  8.297962e+00  2.177513e+01  2.000000e+00
     vertex  1.052369e+01  1.932756e+01  2.000000e+00
   endloop
 endfacet
 facet normal  0.000000e+00  0.000000e+00  1.000000e+00
   outer loop
     vertex  2.269978e+01  1.047473e+01  2.000000e+00
     vertex  2.177513e+01  8.297962e+00  2.000000e+00
     vertex  2.293556e+01  9.947879e+00  2.000000e+00
   endloop
 endfacet
 facet normal  0.000000e+00  0.000000e+00  1.000000e+00
   outer loop
     vertex  2.269978e+01  1.047473e+01  2.000000e+00
     vertex  1.932756e+01  1.052369e+01  2.000000e+00
     vertex  2.177513e+01  8.297962e+00  2.000000e+00
   endloop
 endfacet
 facet normal  0.000000e+00  0.000000e+00  1.000000e+00
   outer loop
     vertex  1.099599e+01  2.245191e+01  2.000000e+00
     vertex  1.047473e+01  2.269978e+01  2.000000e+00
     vertex  1.052369e+01  1.932756e+01  2.000000e+00
   endloop
 endfacet
 facet normal  0.000000e+00  0.000000e+00  1.000000e+00
   outer loop
     vertex  2.245191e+01  1.099599e+01  2.000000e+00
     vertex  1.932756e+01  1.052369e+01  2.000000e+00
     vertex  2.269978e+01  1.047473e+01  2.000000e+00
   endloop
 endfacet
 facet normal  0.000000e+00  0.000000e+00  1.000000e+00
   outer loop
     vertex  2.219207e+01  1.151139e+01  2.000000e+00
     vertex  1.932756e+01  1.052369e+01  2.000000e+00
     vertex  2.245191e+01  1.099599e+01  2.000000e+00
   endloop
 endfacet
 facet normal  0.000000e+00  0.000000e+00  1.000000e+00
   outer loop
     vertex  1.151139e+01  2.219207e+01  2.000000e+00
     vertex  1.099599e+01  2.245191e+01  2.000000e+00
     vertex  1.052369e+01  1.932756e+01  2.000000e+00
   endloop
 endfacet
 facet normal  0.000000e+00  0.000000e+00  1.000000e+00
   outer loop
     vertex  1.202066e+01  2.192040e+01  2.000000e+00
     vertex  1.151139e+01  2.219207e+01  2.000000e+00
     vertex  1.052369e+01  1.932756e+01  2.000000e+00
   endloop
 endfacet
 facet normal  0.000000e+00  0.000000e+00  1.000000e+00
   outer loop
     vertex  2.192040e+01  1.202066e+01  2.000000e+00
     vertex  1.932756e+01  1.052369e+01  2.000000e+00
     vertex  2.219207e+01  1.151139e+01  2.000000e+00
   endloop
 endfacet
 facet normal  0.000000e+00  0.000000e+00  1.000000e+00
   outer loop
     vertex  1.346320e+01  2.106519e+01  2.000000e+00
     vertex  1.297329e+01  2.137040e+01  2.000000e+00
     vertex  1.147631e+01  1.877756e+01  2.000000e+00
   endloop
 endfacet
 facet normal  0.000000e+00  0.000000e+00  1.000000e+00
   outer loop
     vertex  2.106519e+01  1.346320e+01  2.000000e+00
     vertex  1.877756e+01  1.147631e+01  2.000000e+00
     vertex  2.137040e+01  1.297329e+01  2.000000e+00
   endloop
 endfacet
 facet normal  0.000000e+00  0.000000e+00  1.000000e+00
   outer loop
     vertex  1.394593e+01  2.074876e+01  2.000000e+00
     vertex  1.346320e+01  2.106519e+01  2.000000e+00
     vertex  1.147631e+01  1.877756e+01  2.000000e+00
   endloop
 endfacet
 facet normal  0.000000e+00  0.000000e+00  1.000000e+00
   outer loop
     vertex  2.074876e+01  1.394593e+01  2.000000e+00
     vertex  1.877756e+01  1.147631e+01  2.000000e+00
     vertex  2.106519e+01  1.346320e+01  2.000000e+00
   endloop
 endfacet
 facet normal  0.000000e+00  0.000000e+00  1.000000e+00
   outer loop
     vertex  1.442122e+01  2.042127e+01  2.000000e+00
     vertex  1.147631e+01  1.877756e+01  2.000000e+00
     vertex  1.470884e+01  1.807381e+01  2.000000e+00
   endloop
 endfacet
 facet normal  0.000000e+00  0.000000e+00  1.000000e+00
   outer loop
     vertex  1.442122e+01  2.042127e+01  2.000000e+00
     vertex  1.394593e+01  2.074876e+01  2.000000e+00
     vertex  1.147631e+01  1.877756e+01  2.000000e+00
   endloop
 endfacet
 facet normal  0.000000e+00  0.000000e+00  1.000000e+00
   outer loop
     vertex  2.042127e+01  1.442122e+01  2.000000e+00
     vertex  1.877756e+01  1.147631e+01  2.000000e+00
     vertex  2.074876e+01  1.394593e+01  2.000000e+00
   endloop
 endfacet
 facet normal  0.000000e+00  0.000000e+00  1.000000e+00
   outer loop
     vertex  2.042127e+01  1.442122e+01  2.000000e+00
     vertex  1.807381e+01  1.470884e+01  2.000000e+00
     vertex  1.877756e+01  1.147631e+01  2.000000e+00
   endloop
 endfacet
 facet normal  0.000000e+00  0.000000e+00  1.000000e+00
   outer loop
     vertex  1.488883e+01  2.008289e+01  2.000000e+00
     vertex  1.442122e+01  2.042127e+01  2.000000e+00
     vertex  1.470884e+01  1.807381e+01  2.000000e+00
   endloop
 endfacet
 facet normal  0.000000e+00  0.000000e+00  1.000000e+00
   outer loop
     vertex  2.008289e+01  1.488883e+01  2.000000e+00
     vertex  1.807381e+01  1.470884e+01  2.000000e+00
     vertex  2.042127e+01  1.442122e+01  2.000000e+00
   endloop
 endfacet
 facet normal  0.000000e+00  0.000000e+00  1.000000e+00
   outer loop
     vertex  1.534851e+01  1.973381e+01  2.000000e+00
     vertex  1.488883e+01  2.008289e+01  2.000000e+00
     vertex  1.470884e+01  1.807381e+01  2.000000e+00
   endloop
 endfacet
 facet normal  0.000000e+00  0.000000e+00  1.000000e+00
   outer loop
     vertex  1.973381e+01  1.534851e+01  2.000000e+00
     vertex  1.807381e+01  1.470884e+01  2.000000e+00
     vertex  2.008289e+01  1.488883e+01  2.000000e+00
   endloop
 endfacet
 facet normal  0.000000e+00  0.000000e+00  1.000000e+00
   outer loop
     vertex  1.580000e+01  1.937421e+01  2.000000e+00
     vertex  1.534851e+01  1.973381e+01  2.000000e+00
     vertex  1.470884e+01  1.807381e+01  2.000000e+00
   endloop
 endfacet
 facet normal  0.000000e+00  0.000000e+00  1.000000e+00
   outer loop
     vertex  1.937421e+01  1.580000e+01  2.000000e+00
     vertex  1.807381e+01  1.470884e+01  2.000000e+00
     vertex  1.973381e+01  1.534851e+01  2.000000e+00
   endloop
 endfacet
 facet normal  0.000000e+00  0.000000e+00  1.000000e+00
   outer loop
     vertex  1.851969e+01  1.679348e+01  2.000000e+00
     vertex  1.762386e+01  1.524507e+01  2.000000e+00
     vertex  1.892426e+01  1.633623e+01  2.000000e+00
   endloop
 endfacet
 facet normal  0.000000e+00  0.000000e+00  1.000000e+00
   outer loop
     vertex  1.679348e+01  1.851969e+01  2.000000e+00
     vertex  1.633623e+01  1.892426e+01  2.000000e+00
     vertex  1.524507e+01  1.762386e+01  2.000000e+00
   endloop
 endfacet
 facet normal  0.000000e+00  0.000000e+00  1.000000e+00
   outer loop
     vertex  1.810408e+01  1.724072e+01  2.000000e+00
     vertex  1.762386e+01  1.524507e+01  2.000000e+00
     vertex  1.851969e+01  1.679348e+01  2.000000e+00
   endloop
 endfacet
 facet normal  0.000000e+00  0.000000e+00  1.000000e+00
   outer loop
     vertex  1.724072e+01  1.810408e+01  2.000000e+00
     vertex  1.679348e+01  1.851969e+01  2.000000e+00
     vertex  1.524507e+01  1.762386e+01  2.000000e+00
   endloop
 endfacet
 facet normal  0.000000e+00  0.000000e+00  1.000000e+00
   outer loop
     vertex  1.767767e+01  1.767767e+01  2.000000e+00
     vertex  1.724072e+01  1.810408e+01  2.000000e+00
     vertex  1.524507e+01  1.762386e+01  2.000000e+00
   endloop
 endfacet
 facet normal  0.000000e+00  0.000000e+00  1.000000e+00
   outer loop
     vertex  1.767767e+01  1.767767e+01  2.000000e+00
     vertex  1.762386e+01  1.524507e+01  2.000000e+00
     vertex  1.810408e+01  1.724072e+01  2.000000e+00
   endloop
 endfacet
 facet normal  0.000000e+00  0.000000e+00  1.000000e+00
   outer loop
     vertex  1.767767e+01  1.767767e+01  2.000000e+00
     vertex  1.524507e+01  1.762386e+01  2.000000e+00
     vertex  1.762386e+01  1.524507e+01  2.000000e+00
   endloop
 endfacet
 facet normal -5.933156e-16  1.000000e+00  0.000000e+00
   outer loop
     vertex  2.499395e+01 -5.500000e-01  2.000000e+00
     vertex  2.499395e+01 -5.500000e-01  0.000000e+00
     vertex  2.200000e+01 -5.500000e-01  0.000000e+00
   endloop
 endfacet
 facet normal -5.933156e-16  1.000000e+00  0.000000e+00
   outer loop
     vertex  2.499395e+01 -5.500000e-01  2.000000e+00
     vertex  2.200000e+01 -5.500000e-01  0.000000e+00
     vertex  2.200000e+01 -5.500000e-01  2.000000e+00
   endloop
 endfacet
 facet normal -1.000000e+00 -2.410345e-15 -0.000000e+00
   outer loop
     vertex  5.500000e-01 -2.499395e+01  2.000000e+00
     vertex  5.500000e-01 -2.200000e+01  0.000000e+00
     vertex  5.500000e-01 -2.499395e+01  0.000000e+00
   endloop
 endfacet
 facet normal -1.000000e+00 -2.410345e-15  0.000000e+00
   outer loop
     vertex  5.500000e-01 -2.499395e+01  2.000000e+00
     vertex  5.500000e-01 -2.200000e+01  2.000000e+00
     vertex  5.500000e-01 -2.200000e+01  0.000000e+00
   endloop
 endfacet
 facet normal  0.000000e+00 -1.000000e+00  0.000000e+00
   outer loop
     vertex -5.500000e-01 -2.200000e+01  2.000000e+00
     vertex -5.500000e-01 -2.200000e+01  0.000000e+00
     vertex  5.500000e-01 -2.200000e+01  0.000000e+00
   endloop
 endfacet
 facet normal  0.000000e+00 -1.000000e+00  0.000000e+00
   outer loop
     vertex -5.500000e-01 -2.200000e+01  2.000000e+00
     vertex  5.500000e-01 -2.200000e+01  0.000000e+00
     vertex  5.500000e-01 -2.200000e+01  2.000000e+00
   endloop
 endfacet
 facet normal  1.000000e+00  2.966578e-16  0.000000e+00
   outer loop
     vertex -5.500000e-01 -2.499395e+01  2.000000e+00
     vertex -5.500000e-01 -2.499395e+01  0.000000e+00
     vertex -5.500000e-01 -2.200000e+01  0.000000e+00
   endloop
 endfacet
 facet normal  1.000000e+00  2.966578e-16  0.000000e+00
   outer loop
     vertex -5.500000e-01 -2.499395e+01  2.000000e+00
     vertex -5.500000e-01 -2.200000e+01  0.000000e+00
     vertex -5.500000e-01 -2.200000e+01  2.000000e+00
   endloop
 endfacet
 facet normal -3.570033e-02  9.993625e-01  0.000000e+00
   outer loop
     vertex -1.234849e+00  2.496948e+01  2.000000e+00
     vertex -5.500000e-01  2.499395e+01  2.000000e+00
     vertex -5.500000e-01  2.499395e+01  0.000000e+00
   endloop
 endfacet
 facet normal -3.570033e-02  9.993625e-01  0.000000e+00
   outer loop
     vertex -1.234849e+00  2.496948e+01  2.000000e+00
     vertex -5.500000e-01  2.499395e+01  0.000000e+00
     vertex -1.234849e+00  2.496948e+01  0.000000e+00
   endloop
 endfacet
 facet normal -6.307831e-02  9.980086e-01  0.000000e+00
   outer loop
     vertex -1.918770e+00  2.492626e+01  2.000000e+00
     vertex -1.234849e+00  2.496948e+01  0.000000e+00
     vertex -1.918770e+00  2.492626e+01  0.000000e+00
   endloop
 endfacet
 facet normal -6.307831e-02  9.980086e-01  0.000000e+00
   outer loop
     vertex -1.918770e+00  2.492626e+01  2.000000e+00
     vertex -1.234849e+00  2.496948e+01  2.000000e+00
     vertex -1.234849e+00  2.496948e+01  0.000000e+00
   endloop
 endfacet
 facet normal -9.040889e-02  9.959047e-01  0.000000e+00
   outer loop
     vertex -2.601250e+00  2.486430e+01  2.000000e+00
     vertex -1.918770e+00  2.492626e+01  0.000000e+00
     vertex -2.601250e+00  2.486430e+01  0.000000e+00
   endloop
 endfacet
 facet normal -9.040889e-02  9.959047e-01  0.000000e+00
   outer loop
     vertex -2.601250e+00  2.486430e+01  2.000000e+00
     vertex -1.918770e+00  2.492626e+01  2.000000e+00
     vertex -1.918770e+00  2.492626e+01  0.000000e+00
   endloop
 endfacet
 facet normal -1.176715e-01  9.930526e-01  0.000000e+00
   outer loop
     vertex -3.281775e+00  2.478366e+01  2.000000e+00
     vertex -2.601250e+00  2.486430e+01  0.000000e+00
     vertex -3.281775e+00  2.478366e+01  0.000000e+00
   endloop
 endfacet
 facet normal -1.176715e-01  9.930526e-01  0.000000e+00
   outer loop
     vertex -3.281775e+00  2.478366e+01  2.000000e+00
     vertex -2.601250e+00  2.486430e+01  2.000000e+00
     vertex -2.601250e+00  2.486430e+01  0.000000e+00
   endloop
 endfacet
 facet normal -1.448458e-01  9.894542e-01  0.000000e+00
   outer loop
     vertex -3.959834e+00  2.468440e+01  2.000000e+00
     vertex -3.281775e+00  2.478366e+01  0.000000e+00
     vertex -3.959834e+00  2.468440e+01  0.000000e+00
   endloop
 endfacet
 facet normal -1.448458e-01  9.894542e-01  0.000000e+00
   outer loop
     vertex -3.959834e+00  2.468440e+01  2.000000e+00
     vertex -3.281775e+00  2.478366e+01  2.000000e+00
     vertex -3.281775e+00  2.478366e+01  0.000000e+00
   endloop
 endfacet
 facet normal -1.719112e-01  9.851125e-01  0.000000e+00
   outer loop
     vertex -4.634917e+00  2.456659e+01  2.000000e+00
     vertex -3.959834e+00  2.468440e+01  0.000000e+00
     vertex -4.634917e+00  2.456659e+01  0.000000e+00
   endloop
 endfacet
 facet normal -1.719112e-01  9.851125e-01  0.000000e+00
   outer loop
     vertex -4.634917e+00  2.456659e+01  2.000000e+00
     vertex -3.959834e+00  2.468440e+01  2.000000e+00
     vertex -3.959834e+00  2.468440e+01  0.000000e+00
   endloop
 endfacet
 facet normal -1.988474e-01  9.800305e-01  0.000000e+00
   outer loop
     vertex -5.306518e+00  2.443033e+01  2.000000e+00
     vertex -4.634917e+00  2.456659e+01  0.000000e+00
     vertex -5.306518e+00  2.443033e+01  0.000000e+00
   endloop
 endfacet
 facet normal -1.988474e-01  9.800305e-01  0.000000e+00
   outer loop
     vertex -5.306518e+00  2.443033e+01  2.000000e+00
     vertex -4.634917e+00  2.456659e+01  2.000000e+00
     vertex -4.634917e+00  2.456659e+01  0.000000e+00
   endloop
 endfacet
 facet normal -2.256342e-01  9.742121e-01  0.000000e+00
   outer loop
     vertex -5.974132e+00  2.427570e+01  2.000000e+00
     vertex -5.306518e+00  2.443033e+01  0.000000e+00
     vertex -5.974132e+00  2.427570e+01  0.000000e+00
   endloop
 endfacet
 facet normal -2.256342e-01  9.742121e-01  0.000000e+00
   outer loop
     vertex -5.974132e+00  2.427570e+01  2.000000e+00
     vertex -5.306518e+00  2.443033e+01  2.000000e+00
     vertex -5.306518e+00  2.443033e+01  0.000000e+00
   endloop
 endfacet
 facet normal -2.522515e-01  9.676617e-01  0.000000e+00
   outer loop
     vertex -6.637257e+00  2.410284e+01  2.000000e+00
     vertex -5.974132e+00  2.427570e+01  0.000000e+00
     vertex -6.637257e+00  2.410284e+01  0.000000e+00
   endloop
 endfacet
 facet normal -2.522515e-01  9.676617e-01  0.000000e+00
   outer loop
     vertex -6.637257e+00  2.410284e+01  2.000000e+00
     vertex -5.974132e+00  2.427570e+01  2.000000e+00
     vertex -5.974132e+00  2.427570e+01  0.000000e+00
   endloop
 endfacet
 facet normal -2.786792e-01  9.603842e-01  0.000000e+00
   outer loop
     vertex -7.295395e+00  2.391186e+01  2.000000e+00
     vertex -6.637257e+00  2.410284e+01  0.000000e+00
     vertex -7.295395e+00  2.391186e+01  0.000000e+00
   endloop
 endfacet
 facet normal -2.786792e-01  9.603842e-01  0.000000e+00
   outer loop
     vertex -7.295395e+00  2.391186e+01  2.000000e+00
     vertex -6.637257e+00  2.410284e+01  2.000000e+00
     vertex -6.637257e+00  2.410284e+01  0.000000e+00
   endloop
 endfacet
 facet normal -3.048975e-01  9.523852e-01  0.000000e+00
   outer loop
     vertex -7.948051e+00  2.370292e+01  2.000000e+00
     vertex -7.295395e+00  2.391186e+01  0.000000e+00
     vertex -7.948051e+00  2.370292e+01  0.000000e+00
   endloop
 endfacet
 facet normal -3.048975e-01  9.523852e-01  0.000000e+00
   outer loop
     vertex -7.948051e+00  2.370292e+01  2.000000e+00
     vertex -7.295395e+00  2.391186e+01  2.000000e+00
     vertex -7.295395e+00  2.391186e+01  0.000000e+00
   endloop
 endfacet
 facet normal -3.308868e-01  9.436705e-01  0.000000e+00
   outer loop
     vertex -8.594735e+00  2.347617e+01  2.000000e+00
     vertex -7.948051e+00  2.370292e+01  0.000000e+00
     vertex -8.594735e+00  2.347617e+01  0.000000e+00
   endloop
 endfacet
 facet normal -3.566274e-01  9.342467e-01  0.000000e+00
   outer loop
     vertex -8.594735e+00  2.347617e+01  2.000000e+00
     vertex -8.594735e+00  2.347617e+01  0.000000e+00
     vertex -9.234961e+00  2.323178e+01  0.000000e+00
   endloop
 endfacet
 facet normal -3.308868e-01  9.436705e-01  0.000000e+00
   outer loop
     vertex -8.594735e+00  2.347617e+01  2.000000e+00
     vertex -7.948051e+00  2.370292e+01  2.000000e+00
     vertex -7.948051e+00  2.370292e+01  0.000000e+00
   endloop
 endfacet
 facet normal -3.566274e-01  9.342467e-01  0.000000e+00
   outer loop
     vertex -9.234961e+00  2.323178e+01  2.000000e+00
     vertex -8.594735e+00  2.347617e+01  2.000000e+00
     vertex -9.234961e+00  2.323178e+01  0.000000e+00
   endloop
 endfacet
 facet normal -3.821001e-01  9.241210e-01  0.000000e+00
   outer loop
     vertex -9.868248e+00  2.296993e+01  2.000000e+00
     vertex -9.234961e+00  2.323178e+01  0.000000e+00
     vertex -9.868248e+00  2.296993e+01  0.000000e+00
   endloop
 endfacet
 facet normal -3.821001e-01  9.241210e-01  0.000000e+00
   outer loop
     vertex -9.868248e+00  2.296993e+01  2.000000e+00
     vertex -9.234961e+00  2.323178e+01  2.000000e+00
     vertex -9.234961e+00  2.323178e+01  0.000000e+00
   endloop
 endfacet
 facet normal -4.072856e-01  9.133008e-01  0.000000e+00
   outer loop
     vertex -1.049412e+01  2.269082e+01  2.000000e+00
     vertex -9.868248e+00  2.296993e+01  0.000000e+00
     vertex -1.049412e+01  2.269082e+01  0.000000e+00
   endloop
 endfacet
 facet normal -4.321651e-01  9.017945e-01  0.000000e+00
   outer loop
     vertex -1.049412e+01  2.269082e+01  2.000000e+00
     vertex -1.049412e+01  2.269082e+01  0.000000e+00
     vertex -1.111211e+01  2.239467e+01  0.000000e+00
   endloop
 endfacet
 facet normal -4.072856e-01  9.133008e-01  0.000000e+00
   outer loop
     vertex -1.049412e+01  2.269082e+01  2.000000e+00
     vertex -9.868248e+00  2.296993e+01  2.000000e+00
     vertex -9.868248e+00  2.296993e+01  0.000000e+00
   endloop
 endfacet
 facet normal -4.567199e-01  8.896105e-01  0.000000e+00
   outer loop
     vertex -1.111211e+01  2.239467e+01  2.000000e+00
     vertex -1.111211e+01  2.239467e+01  0.000000e+00
     vertex -1.172174e+01  2.208168e+01  0.000000e+00
   endloop
 endfacet
 facet normal -4.321651e-01  9.017945e-01  0.000000e+00
   outer loop
     vertex -1.111211e+01  2.239467e+01  2.000000e+00
     vertex -1.049412e+01  2.269082e+01  2.000000e+00
     vertex -1.111211e+01  2.239467e+01  0.000000e+00
   endloop
 endfacet
 facet normal -4.567199e-01  8.896105e-01  0.000000e+00
   outer loop
     vertex -1.172174e+01  2.208168e+01  2.000000e+00
     vertex -1.111211e+01  2.239467e+01  2.000000e+00
     vertex -1.172174e+01  2.208168e+01  0.000000e+00
   endloop
 endfacet
 facet normal -4.809316e-01  8.767581e-01  0.000000e+00
   outer loop
     vertex -1.232257e+01  2.175211e+01  2.000000e+00
     vertex -1.172174e+01  2.208168e+01  2.000000e+00
     vertex -1.172174e+01  2.208168e+01  0.000000e+00
   endloop
 endfacet
 facet normal -4.809316e-01  8.767581e-01  0.000000e+00
   outer loop
     vertex -1.232257e+01  2.175211e+01  2.000000e+00
     vertex -1.172174e+01  2.208168e+01  0.000000e+00
     vertex -1.232257e+01  2.175211e+01  0.000000e+00
   endloop
 endfacet
 facet normal -5.047818e-01  8.632470e-01  0.000000e+00
   outer loop
     vertex -1.232257e+01  2.175211e+01  2.000000e+00
     vertex -1.232257e+01  2.175211e+01  0.000000e+00
     vertex -1.291415e+01  2.140619e+01  0.000000e+00
   endloop
 endfacet
 facet normal -5.047818e-01  8.632470e-01  0.000000e+00
   outer loop
     vertex -1.291415e+01  2.140619e+01  2.000000e+00
     vertex -1.232257e+01  2.175211e+01  2.000000e+00
     vertex -1.291415e+01  2.140619e+01  0.000000e+00
   endloop
 endfacet
 facet normal -5.282528e-01  8.490872e-01  0.000000e+00
   outer loop
     vertex -1.349601e+01  2.104418e+01  2.000000e+00
     vertex -1.291415e+01  2.140619e+01  2.000000e+00
     vertex -1.291415e+01  2.140619e+01  0.000000e+00
   endloop
 endfacet
 facet normal -5.282528e-01  8.490872e-01  0.000000e+00
   outer loop
     vertex -1.349601e+01  2.104418e+01  2.000000e+00
     vertex -1.291415e+01  2.140619e+01  0.000000e+00
     vertex -1.349601e+01  2.104418e+01  0.000000e+00
   endloop
 endfacet
 facet normal -5.513268e-01  8.342894e-01  0.000000e+00
   outer loop
     vertex -1.406774e+01  2.066637e+01  2.000000e+00
     vertex -1.349601e+01  2.104418e+01  2.000000e+00
     vertex -1.349601e+01  2.104418e+01  0.000000e+00
   endloop
 endfacet
 facet normal -5.513268e-01  8.342894e-01  0.000000e+00
   outer loop
     vertex -1.406774e+01  2.066637e+01  2.000000e+00
     vertex -1.349601e+01  2.104418e+01  0.000000e+00
     vertex -1.406774e+01  2.066637e+01  0.000000e+00
   endloop
 endfacet
 facet normal -5.739866e-01  8.188647e-01  0.000000e+00
   outer loop
     vertex -1.406774e+01  2.066637e+01  2.000000e+00
     vertex -1.406774e+01  2.066637e+01  0.000000e+00
     vertex -1.462890e+01  2.027302e+01  0.000000e+00
   endloop
 endfacet
 facet normal -5.739866e-01  8.188647e-01  0.000000e+00
   outer loop
     vertex -1.462890e+01  2.027302e+01  2.000000e+00
     vertex -1.406774e+01  2.066637e+01  2.000000e+00
     vertex -1.462890e+01  2.027302e+01  0.000000e+00
   endloop
 endfacet
 facet normal -5.962151e-01  8.028247e-01  0.000000e+00
   outer loop
     vertex -1.462890e+01  2.027302e+01  2.000000e+00
     vertex -1.462890e+01  2.027302e+01  0.000000e+00
     vertex -1.517906e+01  1.986444e+01  0.000000e+00
   endloop
 endfacet
 facet normal -5.962151e-01  8.028247e-01  0.000000e+00
   outer loop
     vertex -1.517906e+01  1.986444e+01  2.000000e+00
     vertex -1.462890e+01  2.027302e+01  2.000000e+00
     vertex -1.517906e+01  1.986444e+01  0.000000e+00
   endloop
 endfacet
 facet normal -6.179956e-01  7.861815e-01  0.000000e+00
   outer loop
     vertex -1.571782e+01  1.944094e+01  2.000000e+00
     vertex -1.517906e+01  1.986444e+01  2.000000e+00
     vertex -1.517906e+01  1.986444e+01  0.000000e+00
   endloop
 endfacet
 facet normal -6.179956e-01  7.861815e-01  0.000000e+00
   outer loop
     vertex -1.571782e+01  1.944094e+01  2.000000e+00
     vertex -1.517906e+01  1.986444e+01  0.000000e+00
     vertex -1.571782e+01  1.944094e+01  0.000000e+00
   endloop
 endfacet
 facet normal -6.393118e-01  7.689476e-01  0.000000e+00
   outer loop
     vertex -1.624477e+01  1.900283e+01  2.000000e+00
     vertex -1.571782e+01  1.944094e+01  2.000000e+00
     vertex -1.571782e+01  1.944094e+01  0.000000e+00
   endloop
 endfacet
 facet normal -6.393118e-01  7.689476e-01  0.000000e+00
   outer loop
     vertex -1.624477e+01  1.900283e+01  2.000000e+00
     vertex -1.571782e+01  1.944094e+01  0.000000e+00
     vertex -1.624477e+01  1.900283e+01  0.000000e+00
   endloop
 endfacet
 facet normal -6.601476e-01  7.511359e-01  0.000000e+00
   outer loop
     vertex -1.675951e+01  1.855044e+01  2.000000e+00
     vertex -1.624477e+01  1.900283e+01  2.000000e+00
     vertex -1.624477e+01  1.900283e+01  0.000000e+00
   endloop
 endfacet
 facet normal -6.601476e-01  7.511359e-01  0.000000e+00
   outer loop
     vertex -1.675951e+01  1.855044e+01  2.000000e+00
     vertex -1.624477e+01  1.900283e+01  0.000000e+00
     vertex -1.675951e+01  1.855044e+01  0.000000e+00
   endloop
 endfacet
 facet normal -6.804874e-01  7.327598e-01  0.000000e+00
   outer loop
     vertex -1.675951e+01  1.855044e+01  2.000000e+00
     vertex -1.675951e+01  1.855044e+01  0.000000e+00
     vertex -1.726166e+01  1.808411e+01  0.000000e+00
   endloop
 endfacet
 facet normal -6.804874e-01  7.327598e-01  0.000000e+00
   outer loop
     vertex -1.726166e+01  1.808411e+01  2.000000e+00
     vertex -1.675951e+01  1.855044e+01  2.000000e+00
     vertex -1.726166e+01  1.808411e+01  0.000000e+00
   endloop
 endfacet
 facet normal -7.003158e-01  7.138331e-01  0.000000e+00
   outer loop
     vertex -1.775084e+01  1.760419e+01  2.000000e+00
     vertex -1.726166e+01  1.808411e+01  2.000000e+00
     vertex -1.726166e+01  1.808411e+01  0.000000e+00
   endloop
 endfacet
 facet normal -7.003158e-01  7.138331e-01  0.000000e+00
   outer loop
     vertex -1.775084e+01  1.760419e+01  2.000000e+00
     vertex -1.726166e+01  1.808411e+01  0.000000e+00
     vertex -1.775084e+01  1.760419e+01  0.000000e+00
   endloop
 endfacet
 facet normal -7.196181e-01  6.943701e-01  0.000000e+00
   outer loop
     vertex -1.775084e+01  1.760419e+01  2.000000e+00
     vertex -1.775084e+01  1.760419e+01  0.000000e+00
     vertex -1.822668e+01  1.711105e+01  0.000000e+00
   endloop
 endfacet
 facet normal -7.196181e-01  6.943701e-01  0.000000e+00
   outer loop
     vertex -1.822668e+01  1.711105e+01  2.000000e+00
     vertex -1.775084e+01  1.760419e+01  2.000000e+00
     vertex -1.822668e+01  1.711105e+01  0.000000e+00
   endloop
 endfacet
 facet normal -7.383796e-01  6.743853e-01  0.000000e+00
   outer loop
     vertex -1.868883e+01  1.660505e+01  2.000000e+00
     vertex -1.822668e+01  1.711105e+01  0.000000e+00
     vertex -1.868883e+01  1.660505e+01  0.000000e+00
   endloop
 endfacet
 facet normal -7.383796e-01  6.743853e-01  0.000000e+00
   outer loop
     vertex -1.868883e+01  1.660505e+01  2.000000e+00
     vertex -1.822668e+01  1.711105e+01  2.000000e+00
     vertex -1.822668e+01  1.711105e+01  0.000000e+00
   endloop
 endfacet
 facet normal -7.565863e-01  6.538938e-01  0.000000e+00
   outer loop
     vertex -1.913693e+01  1.608657e+01  2.000000e+00
     vertex -1.868883e+01  1.660505e+01  0.000000e+00
     vertex -1.913693e+01  1.608657e+01  0.000000e+00
   endloop
 endfacet
 facet normal -7.742246e-01  6.329110e-01  0.000000e+00
   outer loop
     vertex -1.913693e+01  1.608657e+01  2.000000e+00
     vertex -1.913693e+01  1.608657e+01  0.000000e+00
     vertex -1.957066e+01  1.555601e+01  0.000000e+00
   endloop
 endfacet
 facet normal -7.565863e-01  6.538938e-01  0.000000e+00
   outer loop
     vertex -1.913693e+01  1.608657e+01  2.000000e+00
     vertex -1.868883e+01  1.660505e+01  2.000000e+00
     vertex -1.868883e+01  1.660505e+01  0.000000e+00
   endloop
 endfacet
 facet normal -7.742246e-01  6.329110e-01  0.000000e+00
   outer loop
     vertex -1.957066e+01  1.555601e+01  2.000000e+00
     vertex -1.913693e+01  1.608657e+01  2.000000e+00
     vertex -1.957066e+01  1.555601e+01  0.000000e+00
   endloop
 endfacet
 facet normal -7.912811e-01  6.114526e-01  0.000000e+00
   outer loop
     vertex -1.998968e+01  1.501375e+01  2.000000e+00
     vertex -1.957066e+01  1.555601e+01  0.000000e+00
     vertex -1.998968e+01  1.501375e+01  0.000000e+00
   endloop
 endfacet
 facet normal -7.912811e-01  6.114526e-01  0.000000e+00
   outer loop
     vertex -1.998968e+01  1.501375e+01  2.000000e+00
     vertex -1.957066e+01  1.555601e+01  2.000000e+00
     vertex -1.957066e+01  1.555601e+01  0.000000e+00
   endloop
 endfacet
 facet normal -8.077430e-01  5.895348e-01  0.000000e+00
   outer loop
     vertex -2.039368e+01  1.446022e+01  2.000000e+00
     vertex -1.998968e+01  1.501375e+01  0.000000e+00
     vertex -2.039368e+01  1.446022e+01  0.000000e+00
   endloop
 endfacet
 facet normal -8.077430e-01  5.895348e-01  0.000000e+00
   outer loop
     vertex -2.039368e+01  1.446022e+01  2.000000e+00
     vertex -1.998968e+01  1.501375e+01  2.000000e+00
     vertex -1.998968e+01  1.501375e+01  0.000000e+00
   endloop
 endfacet
 facet normal -8.235980e-01  5.671740e-01  0.000000e+00
   outer loop
     vertex -2.078235e+01  1.389582e+01  2.000000e+00
     vertex -2.039368e+01  1.446022e+01  0.000000e+00
     vertex -2.078235e+01  1.389582e+01  0.000000e+00
   endloop
 endfacet
 facet normal -8.235980e-01  5.671740e-01  0.000000e+00
   outer loop
     vertex -2.078235e+01  1.389582e+01  2.000000e+00
     vertex -2.039368e+01  1.446022e+01  2.000000e+00
     vertex -2.039368e+01  1.446022e+01  0.000000e+00
   endloop
 endfacet
 facet normal -8.388342e-01  5.443870e-01  0.000000e+00
   outer loop
     vertex -2.115542e+01  1.332098e+01  2.000000e+00
     vertex -2.078235e+01  1.389582e+01  0.000000e+00
     vertex -2.115542e+01  1.332098e+01  0.000000e+00
   endloop
 endfacet
 facet normal -8.534401e-01  5.211910e-01  0.000000e+00
   outer loop
     vertex -2.115542e+01  1.332098e+01  2.000000e+00
     vertex -2.115542e+01  1.332098e+01  0.000000e+00
     vertex -2.151258e+01  1.273613e+01  0.000000e+00
   endloop
 endfacet
 facet normal -8.388342e-01  5.443870e-01  0.000000e+00
   outer loop
     vertex -2.115542e+01  1.332098e+01  2.000000e+00
     vertex -2.078235e+01  1.389582e+01  2.000000e+00
     vertex -2.078235e+01  1.389582e+01  0.000000e+00
   endloop
 endfacet
 facet normal -8.534401e-01  5.211910e-01  0.000000e+00
   outer loop
     vertex -2.151258e+01  1.273613e+01  2.000000e+00
     vertex -2.115542e+01  1.332098e+01  2.000000e+00
     vertex -2.151258e+01  1.273613e+01  0.000000e+00
   endloop
 endfacet
 facet normal -8.674047e-01  4.976033e-01  0.000000e+00
   outer loop
     vertex -2.185358e+01  1.214171e+01  2.000000e+00
     vertex -2.151258e+01  1.273613e+01  0.000000e+00
     vertex -2.185358e+01  1.214171e+01  0.000000e+00
   endloop
 endfacet
 facet normal -8.807176e-01  4.736418e-01  0.000000e+00
   outer loop
     vertex -2.185358e+01  1.214171e+01  2.000000e+00
     vertex -2.185358e+01  1.214171e+01  0.000000e+00
     vertex -2.217816e+01  1.153816e+01  0.000000e+00
   endloop
 endfacet
 facet normal -8.674047e-01  4.976033e-01  0.000000e+00
   outer loop
     vertex -2.185358e+01  1.214171e+01  2.000000e+00
     vertex -2.151258e+01  1.273613e+01  2.000000e+00
     vertex -2.151258e+01  1.273613e+01  0.000000e+00
   endloop
 endfacet
 facet normal -8.933687e-01  4.493244e-01  0.000000e+00
   outer loop
     vertex -2.217816e+01  1.153816e+01  2.000000e+00
     vertex -2.217816e+01  1.153816e+01  0.000000e+00
     vertex -2.248608e+01  1.092595e+01  0.000000e+00
   endloop
 endfacet
 facet normal -8.807176e-01  4.736418e-01  0.000000e+00
   outer loop
     vertex -2.217816e+01  1.153816e+01  2.000000e+00
     vertex -2.185358e+01  1.214171e+01  2.000000e+00
     vertex -2.217816e+01  1.153816e+01  0.000000e+00
   endloop
 endfacet
 facet normal -8.933687e-01  4.493244e-01  0.000000e+00
   outer loop
     vertex -2.248608e+01  1.092595e+01  2.000000e+00
     vertex -2.217816e+01  1.153816e+01  2.000000e+00
     vertex -2.248608e+01  1.092595e+01  0.000000e+00
   endloop
 endfacet
 facet normal -9.053485e-01  4.246694e-01  0.000000e+00
   outer loop
     vertex -2.277710e+01  1.030553e+01  2.000000e+00
     vertex -2.248608e+01  1.092595e+01  0.000000e+00
     vertex -2.277710e+01  1.030553e+01  0.000000e+00
   endloop
 endfacet
 facet normal -9.053485e-01  4.246694e-01  0.000000e+00
   outer loop
     vertex -2.277710e+01  1.030553e+01  2.000000e+00
     vertex -2.248608e+01  1.092595e+01  2.000000e+00
     vertex -2.248608e+01  1.092595e+01  0.000000e+00
   endloop
 endfacet
 facet normal -9.166481e-01  3.996953e-01  0.000000e+00
   outer loop
     vertex -2.305100e+01  9.677360e+00  2.000000e+00
     vertex -2.277710e+01  1.030553e+01  0.000000e+00
     vertex -2.305100e+01  9.677360e+00  0.000000e+00
   endloop
 endfacet
 facet normal -9.166481e-01  3.996953e-01  0.000000e+00
   outer loop
     vertex -2.305100e+01  9.677360e+00  2.000000e+00
     vertex -2.277710e+01  1.030553e+01  2.000000e+00
     vertex -2.277710e+01  1.030553e+01  0.000000e+00
   endloop
 endfacet
 facet normal -9.272589e-01  3.744208e-01  0.000000e+00
   outer loop
     vertex -2.330759e+01  9.041923e+00  2.000000e+00
     vertex -2.305100e+01  9.677360e+00  0.000000e+00
     vertex -2.330759e+01  9.041923e+00  0.000000e+00
   endloop
 endfacet
 facet normal -9.272589e-01  3.744208e-01  0.000000e+00
   outer loop
     vertex -2.330759e+01  9.041923e+00  2.000000e+00
     vertex -2.305100e+01  9.677360e+00  2.000000e+00
     vertex -2.305100e+01  9.677360e+00  0.000000e+00
   endloop
 endfacet
 facet normal -9.371730e-01  3.488651e-01  0.000000e+00
   outer loop
     vertex -2.354666e+01  8.399692e+00  2.000000e+00
     vertex -2.330759e+01  9.041923e+00  2.000000e+00
     vertex -2.330759e+01  9.041923e+00  0.000000e+00
   endloop
 endfacet
 facet normal -9.371730e-01  3.488651e-01  0.000000e+00
   outer loop
     vertex -2.354666e+01  8.399692e+00  2.000000e+00
     vertex -2.330759e+01  9.041923e+00  0.000000e+00
     vertex -2.354666e+01  8.399692e+00  0.000000e+00
   endloop
 endfacet
 facet normal -9.463829e-01  3.230472e-01  0.000000e+00
   outer loop
     vertex -2.376804e+01  7.751149e+00  2.000000e+00
     vertex -2.354666e+01  8.399692e+00  2.000000e+00
     vertex -2.354666e+01  8.399692e+00  0.000000e+00
   endloop
 endfacet
 facet normal -9.463829e-01  3.230472e-01  0.000000e+00
   outer loop
     vertex -2.376804e+01  7.751149e+00  2.000000e+00
     vertex -2.354666e+01  8.399692e+00  0.000000e+00
     vertex -2.376804e+01  7.751149e+00  0.000000e+00
   endloop
 endfacet
 facet normal -9.548817e-01  2.969865e-01  0.000000e+00
   outer loop
     vertex -2.397156e+01  7.096782e+00  2.000000e+00
     vertex -2.376804e+01  7.751149e+00  2.000000e+00
     vertex -2.376804e+01  7.751149e+00  0.000000e+00
   endloop
 endfacet
 facet normal -9.548817e-01  2.969865e-01  0.000000e+00
   outer loop
     vertex -2.397156e+01  7.096782e+00  2.000000e+00
     vertex -2.376804e+01  7.751149e+00  0.000000e+00
     vertex -2.397156e+01  7.096782e+00  0.000000e+00
   endloop
 endfacet
 facet normal -9.626630e-01  2.707027e-01  0.000000e+00
   outer loop
     vertex -2.397156e+01  7.096782e+00  2.000000e+00
     vertex -2.397156e+01  7.096782e+00  0.000000e+00
     vertex -2.415707e+01  6.437083e+00  0.000000e+00
   endloop
 endfacet
 facet normal -9.626630e-01  2.707027e-01  0.000000e+00
   outer loop
     vertex -2.415707e+01  6.437083e+00  2.000000e+00
     vertex -2.397156e+01  7.096782e+00  2.000000e+00
     vertex -2.415707e+01  6.437083e+00  0.000000e+00
   endloop
 endfacet
 facet normal -9.697210e-01  2.442155e-01  0.000000e+00
   outer loop
     vertex -2.432443e+01  5.772547e+00  2.000000e+00
     vertex -2.415707e+01  6.437083e+00  2.000000e+00
     vertex -2.415707e+01  6.437083e+00  0.000000e+00
   endloop
 endfacet
 facet normal -9.697210e-01  2.442155e-01  0.000000e+00
   outer loop
     vertex -2.432443e+01  5.772547e+00  2.000000e+00
     vertex -2.415707e+01  6.437083e+00  0.000000e+00
     vertex -2.432443e+01  5.772547e+00  0.000000e+00
   endloop
 endfacet
 facet normal -9.760503e-01  2.175448e-01  0.000000e+00
   outer loop
     vertex -2.447351e+01  5.103673e+00  2.000000e+00
     vertex -2.432443e+01  5.772547e+00  2.000000e+00
     vertex -2.432443e+01  5.772547e+00  0.000000e+00
   endloop
 endfacet
 facet normal -9.760503e-01  2.175448e-01  0.000000e+00
   outer loop
     vertex -2.447351e+01  5.103673e+00  2.000000e+00
     vertex -2.432443e+01  5.772547e+00  0.000000e+00
     vertex -2.447351e+01  5.103673e+00  0.000000e+00
   endloop
 endfacet
 facet normal -9.816463e-01  1.907107e-01  0.000000e+00
   outer loop
     vertex -2.447351e+01  5.103673e+00  2.000000e+00
     vertex -2.447351e+01  5.103673e+00  0.000000e+00
     vertex -2.460420e+01  4.430965e+00  0.000000e+00
   endloop
 endfacet
 facet normal -9.816463e-01  1.907107e-01  0.000000e+00
   outer loop
     vertex -2.460420e+01  4.430965e+00  2.000000e+00
     vertex -2.447351e+01  5.103673e+00  2.000000e+00
     vertex -2.460420e+01  4.430965e+00  0.000000e+00
   endloop
 endfacet
 facet normal -9.865047e-01  1.637332e-01  0.000000e+00
   outer loop
     vertex -2.471640e+01  3.754927e+00  2.000000e+00
     vertex -2.460420e+01  4.430965e+00  2.000000e+00
     vertex -2.460420e+01  4.430965e+00  0.000000e+00
   endloop
 endfacet
 facet normal -9.865047e-01  1.637332e-01  0.000000e+00
   outer loop
     vertex -2.471640e+01  3.754927e+00  2.000000e+00
     vertex -2.460420e+01  4.430965e+00  0.000000e+00
     vertex -2.471640e+01  3.754927e+00  0.000000e+00
   endloop
 endfacet
 facet normal -9.906218e-01  1.366327e-01  0.000000e+00
   outer loop
     vertex -2.471640e+01  3.754927e+00  2.000000e+00
     vertex -2.471640e+01  3.754927e+00  0.000000e+00
     vertex -2.481003e+01  3.076068e+00  0.000000e+00
   endloop
 endfacet
 facet normal -9.906218e-01  1.366327e-01  0.000000e+00
   outer loop
     vertex -2.481003e+01  3.076068e+00  2.000000e+00
     vertex -2.471640e+01  3.754927e+00  2.000000e+00
     vertex -2.481003e+01  3.076068e+00  0.000000e+00
   endloop
 endfacet
 facet normal -9.939946e-01  1.094296e-01  0.000000e+00
   outer loop
     vertex -2.488502e+01  2.394897e+00  2.000000e+00
     vertex -2.481003e+01  3.076068e+00  2.000000e+00
     vertex -2.481003e+01  3.076068e+00  0.000000e+00
   endloop
 endfacet
 facet normal -9.939946e-01  1.094296e-01  0.000000e+00
   outer loop
     vertex -2.488502e+01  2.394897e+00  2.000000e+00
     vertex -2.481003e+01  3.076068e+00  0.000000e+00
     vertex -2.488502e+01  2.394897e+00  0.000000e+00
   endloop
 endfacet
 facet normal -9.966205e-01  8.214422e-02  0.000000e+00
   outer loop
     vertex -2.494132e+01  1.711928e+00  2.000000e+00
     vertex -2.488502e+01  2.394897e+00  2.000000e+00
     vertex -2.488502e+01  2.394897e+00  0.000000e+00
   endloop
 endfacet
 facet normal -9.966205e-01  8.214422e-02  0.000000e+00
   outer loop
     vertex -2.494132e+01  1.711928e+00  2.000000e+00
     vertex -2.488502e+01  2.394897e+00  0.000000e+00
     vertex -2.494132e+01  1.711928e+00  0.000000e+00
   endloop
 endfacet
 facet normal -9.984975e-01  5.479713e-02  0.000000e+00
   outer loop
     vertex -2.494132e+01  1.711928e+00  2.000000e+00
     vertex -2.494132e+01  1.711928e+00  0.000000e+00
     vertex -2.497887e+01  1.027671e+00  0.000000e+00
   endloop
 endfacet
 facet normal -9.984975e-01  5.479713e-02  0.000000e+00
   outer loop
     vertex -2.497887e+01  1.027671e+00  2.000000e+00
     vertex -2.494132e+01  1.711928e+00  2.000000e+00
     vertex -2.497887e+01  1.027671e+00  0.000000e+00
   endloop
 endfacet
 facet normal -9.996243e-01  2.740886e-02  0.000000e+00
   outer loop
     vertex -2.499765e+01  3.426429e-01  2.000000e+00
     vertex -2.497887e+01  1.027671e+00  2.000000e+00
     vertex -2.497887e+01  1.027671e+00  0.000000e+00
   endloop
 endfacet
 facet normal -9.996243e-01  2.740886e-02  0.000000e+00
   outer loop
     vertex -2.499765e+01  3.426429e-01  2.000000e+00
     vertex -2.497887e+01  1.027671e+00  0.000000e+00
     vertex -2.499765e+01  3.426429e-01  0.000000e+00
   endloop
 endfacet
 facet normal -1.000000e+00 -1.036856e-14 -0.000000e+00
   outer loop
     vertex -2.499765e+01  3.426429e-01  2.000000e+00
     vertex -2.499765e+01  3.426429e-01  0.000000e+00
     vertex -2.499765e+01 -3.426429e-01  0.000000e+00
   endloop
 endfacet
 facet normal -1.000000e+00 -1.036856e-14 -0.000000e+00
   outer loop
     vertex -2.499765e+01 -3.426429e-01  2.000000e+00
     vertex -2.499765e+01  3.426429e-01  2.000000e+00
     vertex -2.499765e+01 -3.426429e-01  0.000000e+00
   endloop
 endfacet
 facet normal -9.996243e-01 -2.740886e-02  0.000000e+00
   outer loop
     vertex -2.497887e+01 -1.027671e+00  2.000000e+00
     vertex -2.499765e+01 -3.426429e-01  2.000000e+00
     vertex -2.499765e+01 -3.426429e-01  0.000000e+00
   endloop
 endfacet
 facet normal -9.996243e-01 -2.740886e-02 -0.000000e+00
   outer loop
     vertex -2.497887e+01 -1.027671e+00  2.000000e+00
     vertex -2.499765e+01 -3.426429e-01  0.000000e+00
     vertex -2.497887e+01 -1.027671e+00  0.000000e+00
   endloop
 endfacet
 facet normal -9.984975e-01 -5.479713e-02  0.000000e+00
   outer loop
     vertex -2.494132e+01 -1.711928e+00  2.000000e+00
     vertex -2.497887e+01 -1.027671e+00  2.000000e+00
     vertex -2.497887e+01 -1.027671e+00  0.000000e+00
   endloop
 endfacet
 facet normal -9.984975e-01 -5.479713e-02 -0.000000e+00
   outer loop
     vertex -2.494132e+01 -1.711928e+00  2.000000e+00
     vertex -2.497887e+01 -1.027671e+00  0.000000e+00
     vertex -2.494132e+01 -1.711928e+00  0.000000e+00
   endloop
 endfacet
 facet normal -9.966205e-01 -8.214422e-02 -0.000000e+00
   outer loop
     vertex -2.494132e+01 -1.711928e+00  2.000000e+00
     vertex -2.494132e+01 -1.711928e+00  0.000000e+00
     vertex -2.488502e+01 -2.394897e+00  0.000000e+00
   endloop
 endfacet
 facet normal -9.966205e-01 -8.214422e-02 -0.000000e+00
   outer loop
     vertex -2.488502e+01 -2.394897e+00  2.000000e+00
     vertex -2.494132e+01 -1.711928e+00  2.000000e+00
     vertex -2.488502e+01 -2.394897e+00  0.000000e+00
   endloop
 endfacet
 facet normal -9.939946e-01 -1.094296e-01  0.000000e+00
   outer loop
     vertex -2.481003e+01 -3.076068e+00  2.000000e+00
     vertex -2.488502e+01 -2.394897e+00  2.000000e+00
     vertex -2.488502e+01 -2.394897e+00  0.000000e+00
   endloop
 endfacet
 facet normal -9.939946e-01 -1.094296e-01 -0.000000e+00
   outer loop
     vertex -2.481003e+01 -3.076068e+00  2.000000e+00
     vertex -2.488502e+01 -2.394897e+00  0.000000e+00
     vertex -2.481003e+01 -3.076068e+00  0.000000e+00
   endloop
 endfacet
 facet normal -9.906218e-01 -1.366327e-01 -0.000000e+00
   outer loop
     vertex -2.471640e+01 -3.754927e+00  2.000000e+00
     vertex -2.481003e+01 -3.076068e+00  0.000000e+00
     vertex -2.471640e+01 -3.754927e+00  0.000000e+00
   endloop
 endfacet
 facet normal -9.906218e-01 -1.366327e-01  0.000000e+00
   outer loop
     vertex -2.471640e+01 -3.754927e+00  2.000000e+00
     vertex -2.481003e+01 -3.076068e+00  2.000000e+00
     vertex -2.481003e+01 -3.076068e+00  0.000000e+00
   endloop
 endfacet
 facet normal -9.865047e-01 -1.637332e-01 -0.000000e+00
   outer loop
     vertex -2.460420e+01 -4.430965e+00  2.000000e+00
     vertex -2.471640e+01 -3.754927e+00  0.000000e+00
     vertex -2.460420e+01 -4.430965e+00  0.000000e+00
   endloop
 endfacet
 facet normal -9.865047e-01 -1.637332e-01  0.000000e+00
   outer loop
     vertex -2.460420e+01 -4.430965e+00  2.000000e+00
     vertex -2.471640e+01 -3.754927e+00  2.000000e+00
     vertex -2.471640e+01 -3.754927e+00  0.000000e+00
   endloop
 endfacet
 facet normal -9.816463e-01 -1.907107e-01 -0.000000e+00
   outer loop
     vertex -2.447351e+01 -5.103673e+00  2.000000e+00
     vertex -2.460420e+01 -4.430965e+00  0.000000e+00
     vertex -2.447351e+01 -5.103673e+00  0.000000e+00
   endloop
 endfacet
 facet normal -9.816463e-01 -1.907107e-01  0.000000e+00
   outer loop
     vertex -2.447351e+01 -5.103673e+00  2.000000e+00
     vertex -2.460420e+01 -4.430965e+00  2.000000e+00
     vertex -2.460420e+01 -4.430965e+00  0.000000e+00
   endloop
 endfacet
 facet normal -9.760503e-01 -2.175448e-01 -0.000000e+00
   outer loop
     vertex -2.432443e+01 -5.772547e+00  2.000000e+00
     vertex -2.447351e+01 -5.103673e+00  0.000000e+00
     vertex -2.432443e+01 -5.772547e+00  0.000000e+00
   endloop
 endfacet
 facet normal -9.760503e-01 -2.175448e-01  0.000000e+00
   outer loop
     vertex -2.432443e+01 -5.772547e+00  2.000000e+00
     vertex -2.447351e+01 -5.103673e+00  2.000000e+00
     vertex -2.447351e+01 -5.103673e+00  0.000000e+00
   endloop
 endfacet
 facet normal -9.697210e-01 -2.442155e-01 -0.000000e+00
   outer loop
     vertex -2.415707e+01 -6.437083e+00  2.000000e+00
     vertex -2.432443e+01 -5.772547e+00  0.000000e+00
     vertex -2.415707e+01 -6.437083e+00  0.000000e+00
   endloop
 endfacet
 facet normal -9.697210e-01 -2.442155e-01  0.000000e+00
   outer loop
     vertex -2.415707e+01 -6.437083e+00  2.000000e+00
     vertex -2.432443e+01 -5.772547e+00  2.000000e+00
     vertex -2.432443e+01 -5.772547e+00  0.000000e+00
   endloop
 endfacet
 facet normal -9.626630e-01 -2.707027e-01 -0.000000e+00
   outer loop
     vertex -2.397156e+01 -7.096782e+00  2.000000e+00
     vertex -2.415707e+01 -6.437083e+00  0.000000e+00
     vertex -2.397156e+01 -7.096782e+00  0.000000e+00
   endloop
 endfacet
 facet normal -9.626630e-01 -2.707027e-01  0.000000e+00
   outer loop
     vertex -2.397156e+01 -7.096782e+00  2.000000e+00
     vertex -2.415707e+01 -6.437083e+00  2.000000e+00
     vertex -2.415707e+01 -6.437083e+00  0.000000e+00
   endloop
 endfacet
 facet normal -9.548817e-01 -2.969865e-01  0.000000e+00
   outer loop
     vertex -2.376804e+01 -7.751149e+00  2.000000e+00
     vertex -2.397156e+01 -7.096782e+00  2.000000e+00
     vertex -2.397156e+01 -7.096782e+00  0.000000e+00
   endloop
 endfacet
 facet normal -9.548817e-01 -2.969865e-01 -0.000000e+00
   outer loop
     vertex -2.376804e+01 -7.751149e+00  2.000000e+00
     vertex -2.397156e+01 -7.096782e+00  0.000000e+00
     vertex -2.376804e+01 -7.751149e+00  0.000000e+00
   endloop
 endfacet
 facet normal -9.463829e-01 -3.230472e-01 -0.000000e+00
   outer loop
     vertex -2.376804e+01 -7.751149e+00  2.000000e+00
     vertex -2.376804e+01 -7.751149e+00  0.000000e+00
     vertex -2.354666e+01 -8.399692e+00  0.000000e+00
   endloop
 endfacet
 facet normal -9.463829e-01 -3.230472e-01 -0.000000e+00
   outer loop
     vertex -2.354666e+01 -8.399692e+00  2.000000e+00
     vertex -2.376804e+01 -7.751149e+00  2.000000e+00
     vertex -2.354666e+01 -8.399692e+00  0.000000e+00
   endloop
 endfacet
 facet normal -9.371730e-01 -3.488651e-01  0.000000e+00
   outer loop
     vertex -2.330759e+01 -9.041923e+00  2.000000e+00
     vertex -2.354666e+01 -8.399692e+00  2.000000e+00
     vertex -2.354666e+01 -8.399692e+00  0.000000e+00
   endloop
 endfacet
 facet normal -9.371730e-01 -3.488651e-01 -0.000000e+00
   outer loop
     vertex -2.330759e+01 -9.041923e+00  2.000000e+00
     vertex -2.354666e+01 -8.399692e+00  0.000000e+00
     vertex -2.330759e+01 -9.041923e+00  0.000000e+00
   endloop
 endfacet
 facet normal -9.272589e-01 -3.744208e-01  0.000000e+00
   outer loop
     vertex -2.305100e+01 -9.677360e+00  2.000000e+00
     vertex -2.330759e+01 -9.041923e+00  2.000000e+00
     vertex -2.330759e+01 -9.041923e+00  0.000000e+00
   endloop
 endfacet
 facet normal -9.272589e-01 -3.744208e-01 -0.000000e+00
   outer loop
     vertex -2.305100e+01 -9.677360e+00  2.000000e+00
     vertex -2.330759e+01 -9.041923e+00  0.000000e+00
     vertex -2.305100e+01 -9.677360e+00  0.000000e+00
   endloop
 endfacet
 facet normal -9.166481e-01 -3.996953e-01  0.000000e+00
   outer loop
     vertex -2.277710e+01 -1.030553e+01  2.000000e+00
     vertex -2.305100e+01 -9.677360e+00  2.000000e+00
     vertex -2.305100e+01 -9.677360e+00  0.000000e+00
   endloop
 endfacet
 facet normal -9.166481e-01 -3.996953e-01 -0.000000e+00
   outer loop
     vertex -2.277710e+01 -1.030553e+01  2.000000e+00
     vertex -2.305100e+01 -9.677360e+00  0.000000e+00
     vertex -2.277710e+01 -1.030553e+01  0.000000e+00
   endloop
 endfacet
 facet normal -9.053485e-01 -4.246694e-01  0.000000e+00
   outer loop
     vertex -2.248608e+01 -1.092595e+01  2.000000e+00
     vertex -2.277710e+01 -1.030553e+01  2.000000e+00
     vertex -2.277710e+01 -1.030553e+01  0.000000e+00
   endloop
 endfacet
 facet normal -9.053485e-01 -4.246694e-01 -0.000000e+00
   outer loop
     vertex -2.248608e+01 -1.092595e+01  2.000000e+00
     vertex -2.277710e+01 -1.030553e+01  0.000000e+00
     vertex -2.248608e+01 -1.092595e+01  0.000000e+00
   endloop
 endfacet
 facet normal -8.933687e-01 -4.493244e-01  0.000000e+00
   outer loop
     vertex -2.217816e+01 -1.153816e+01  2.000000e+00
     vertex -2.248608e+01 -1.092595e+01  2.000000e+00
     vertex -2.248608e+01 -1.092595e+01  0.000000e+00
   endloop
 endfacet
 facet normal -8.933687e-01 -4.493244e-01 -0.000000e+00
   outer loop
     vertex -2.217816e+01 -1.153816e+01  2.000000e+00
     vertex -2.248608e+01 -1.092595e+01  0.000000e+00
     vertex -2.217816e+01 -1.153816e+01  0.000000e+00
   endloop
 endfacet
 facet normal -8.807176e-01 -4.736418e-01  0.000000e+00
   outer loop
     vertex -2.185358e+01 -1.214171e+01  2.000000e+00
     vertex -2.217816e+01 -1.153816e+01  2.000000e+00
     vertex -2.217816e+01 -1.153816e+01  0.000000e+00
   endloop
 endfacet
 facet normal -8.807176e-01 -4.736418e-01 -0.000000e+00
   outer loop
     vertex -2.185358e+01 -1.214171e+01  2.000000e+00
     vertex -2.217816e+01 -1.153816e+01  0.000000e+00
     vertex -2.185358e+01 -1.214171e+01  0.000000e+00
   endloop
 endfacet
 facet normal -8.674047e-01 -4.976033e-01  0.000000e+00
   outer loop
     vertex -2.151258e+01 -1.273613e+01  2.000000e+00
     vertex -2.185358e+01 -1.214171e+01  2.000000e+00
     vertex -2.185358e+01 -1.214171e+01  0.000000e+00
   endloop
 endfacet
 facet normal -8.674047e-01 -4.976033e-01 -0.000000e+00
   outer loop
     vertex -2.151258e+01 -1.273613e+01  2.000000e+00
     vertex -2.185358e+01 -1.214171e+01  0.000000e+00
     vertex -2.151258e+01 -1.273613e+01  0.000000e+00
   endloop
 endfacet
 facet normal -8.534401e-01 -5.211910e-01 -0.000000e+00
   outer loop
     vertex -2.151258e+01 -1.273613e+01  2.000000e+00
     vertex -2.151258e+01 -1.273613e+01  0.000000e+00
     vertex -2.115542e+01 -1.332098e+01  0.000000e+00
   endloop
 endfacet
 facet normal -8.534401e-01 -5.211910e-01 -0.000000e+00
   outer loop
     vertex -2.115542e+01 -1.332098e+01  2.000000e+00
     vertex -2.151258e+01 -1.273613e+01  2.000000e+00
     vertex -2.115542e+01 -1.332098e+01  0.000000e+00
   endloop
 endfacet
 facet normal -8.388342e-01 -5.443870e-01  0.000000e+00
   outer loop
     vertex -2.078235e+01 -1.389582e+01  2.000000e+00
     vertex -2.115542e+01 -1.332098e+01  2.000000e+00
     vertex -2.115542e+01 -1.332098e+01  0.000000e+00
   endloop
 endfacet
 facet normal -8.388342e-01 -5.443870e-01 -0.000000e+00
   outer loop
     vertex -2.078235e+01 -1.389582e+01  2.000000e+00
     vertex -2.115542e+01 -1.332098e+01  0.000000e+00
     vertex -2.078235e+01 -1.389582e+01  0.000000e+00
   endloop
 endfacet
 facet normal -8.235980e-01 -5.671740e-01  0.000000e+00
   outer loop
     vertex -2.039368e+01 -1.446022e+01  2.000000e+00
     vertex -2.078235e+01 -1.389582e+01  2.000000e+00
     vertex -2.078235e+01 -1.389582e+01  0.000000e+00
   endloop
 endfacet
 facet normal -8.235980e-01 -5.671740e-01 -0.000000e+00
   outer loop
     vertex -2.039368e+01 -1.446022e+01  2.000000e+00
     vertex -2.078235e+01 -1.389582e+01  0.000000e+00
     vertex -2.039368e+01 -1.446022e+01  0.000000e+00
   endloop
 endfacet
 facet normal -8.077430e-01 -5.895348e-01  0.000000e+00
   outer loop
     vertex -1.998968e+01 -1.501375e+01  2.000000e+00
     vertex -2.039368e+01 -1.446022e+01  2.000000e+00
     vertex -2.039368e+01 -1.446022e+01  0.000000e+00
   endloop
 endfacet
 facet normal -8.077430e-01 -5.895348e-01 -0.000000e+00
   outer loop
     vertex -1.998968e+01 -1.501375e+01  2.000000e+00
     vertex -2.039368e+01 -1.446022e+01  0.000000e+00
     vertex -1.998968e+01 -1.501375e+01  0.000000e+00
   endloop
 endfacet
 facet normal -7.912811e-01 -6.114526e-01  0.000000e+00
   outer loop
     vertex -1.957066e+01 -1.555601e+01  2.000000e+00
     vertex -1.998968e+01 -1.501375e+01  2.000000e+00
     vertex -1.998968e+01 -1.501375e+01  0.000000e+00
   endloop
 endfacet
 facet normal -7.912811e-01 -6.114526e-01 -0.000000e+00
   outer loop
     vertex -1.957066e+01 -1.555601e+01  2.000000e+00
     vertex -1.998968e+01 -1.501375e+01  0.000000e+00
     vertex -1.957066e+01 -1.555601e+01  0.000000e+00
   endloop
 endfacet
 facet normal -7.742246e-01 -6.329110e-01  0.000000e+00
   outer loop
     vertex -1.913693e+01 -1.608657e+01  2.000000e+00
     vertex -1.957066e+01 -1.555601e+01  2.000000e+00
     vertex -1.957066e+01 -1.555601e+01  0.000000e+00
   endloop
 endfacet
 facet normal -7.742246e-01 -6.329110e-01 -0.000000e+00
   outer loop
     vertex -1.913693e+01 -1.608657e+01  2.000000e+00
     vertex -1.957066e+01 -1.555601e+01  0.000000e+00
     vertex -1.913693e+01 -1.608657e+01  0.000000e+00
   endloop
 endfacet
 facet normal -7.565863e-01 -6.538938e-01  0.000000e+00
   outer loop
     vertex -1.868883e+01 -1.660505e+01  2.000000e+00
     vertex -1.913693e+01 -1.608657e+01  2.000000e+00
     vertex -1.913693e+01 -1.608657e+01  0.000000e+00
   endloop
 endfacet
 facet normal -7.565863e-01 -6.538938e-01 -0.000000e+00
   outer loop
     vertex -1.868883e+01 -1.660505e+01  2.000000e+00
     vertex -1.913693e+01 -1.608657e+01  0.000000e+00
     vertex -1.868883e+01 -1.660505e+01  0.000000e+00
   endloop
 endfacet
 facet normal -7.383796e-01 -6.743853e-01  0.000000e+00
   outer loop
     vertex -1.822668e+01 -1.711105e+01  2.000000e+00
     vertex -1.868883e+01 -1.660505e+01  2.000000e+00
     vertex -1.868883e+01 -1.660505e+01  0.000000e+00
   endloop
 endfacet
 facet normal -7.383796e-01 -6.743853e-01 -0.000000e+00
   outer loop
     vertex -1.822668e+01 -1.711105e+01  2.000000e+00
     vertex -1.868883e+01 -1.660505e+01  0.000000e+00
     vertex -1.822668e+01 -1.711105e+01  0.000000e+00
   endloop
 endfacet
 facet normal -7.196181e-01 -6.943701e-01  0.000000e+00
   outer loop
     vertex -1.775084e+01 -1.760419e+01  2.000000e+00
     vertex -1.822668e+01 -1.711105e+01  2.000000e+00
     vertex -1.822668e+01 -1.711105e+01  0.000000e+00
   endloop
 endfacet
 facet normal -7.196181e-01 -6.943701e-01 -0.000000e+00
   outer loop
     vertex -1.775084e+01 -1.760419e+01  2.000000e+00
     vertex -1.822668e+01 -1.711105e+01  0.000000e+00
     vertex -1.775084e+01 -1.760419e+01  0.000000e+00
   endloop
 endfacet
 facet normal -7.003158e-01 -7.138331e-01  0.000000e+00
   outer loop
     vertex -1.726166e+01 -1.808411e+01  2.000000e+00
     vertex -1.775084e+01 -1.760419e+01  2.000000e+00
     vertex -1.775084e+01 -1.760419e+01  0.000000e+00
   endloop
 endfacet
 facet normal -7.003158e-01 -7.138331e-01 -0.000000e+00
   outer loop
     vertex -1.726166e+01 -1.808411e+01  2.000000e+00
     vertex -1.775084e+01 -1.760419e+01  0.000000e+00
     vertex -1.726166e+01 -1.808411e+01  0.000000e+00
   endloop
 endfacet
 facet normal -6.804874e-01 -7.327598e-01  0.000000e+00
   outer loop
     vertex -1.675951e+01 -1.855044e+01  2.000000e+00
     vertex -1.726166e+01 -1.808411e+01  2.000000e+00
     vertex -1.726166e+01 -1.808411e+01  0.000000e+00
   endloop
 endfacet
 facet normal -6.804874e-01 -7.327598e-01 -0.000000e+00
   outer loop
     vertex -1.675951e+01 -1.855044e+01  2.000000e+00
     vertex -1.726166e+01 -1.808411e+01  0.000000e+00
     vertex -1.675951e+01 -1.855044e+01  0.000000e+00
   endloop
 endfacet
 facet normal -6.601476e-01 -7.511359e-01 -0.000000e+00
   outer loop
     vertex -1.624477e+01 -1.900283e+01  2.000000e+00
     vertex -1.675951e+01 -1.855044e+01  0.000000e+00
     vertex -1.624477e+01 -1.900283e+01  0.000000e+00
   endloop
 endfacet
 facet normal -6.601476e-01 -7.511359e-01  0.000000e+00
   outer loop
     vertex -1.624477e+01 -1.900283e+01  2.000000e+00
     vertex -1.675951e+01 -1.855044e+01  2.000000e+00
     vertex -1.675951e+01 -1.855044e+01  0.000000e+00
   endloop
 endfacet
 facet normal -6.393118e-01 -7.689476e-01 -0.000000e+00
   outer loop
     vertex -1.571782e+01 -1.944094e+01  2.000000e+00
     vertex -1.624477e+01 -1.900283e+01  0.000000e+00
     vertex -1.571782e+01 -1.944094e+01  0.000000e+00
   endloop
 endfacet
 facet normal -6.393118e-01 -7.689476e-01  0.000000e+00
   outer loop
     vertex -1.571782e+01 -1.944094e+01  2.000000e+00
     vertex -1.624477e+01 -1.900283e+01  2.000000e+00
     vertex -1.624477e+01 -1.900283e+01  0.000000e+00
   endloop
 endfacet
 facet normal -6.179956e-01 -7.861815e-01 -0.000000e+00
   outer loop
     vertex -1.517906e+01 -1.986444e+01  2.000000e+00
     vertex -1.571782e+01 -1.944094e+01  0.000000e+00
     vertex -1.517906e+01 -1.986444e+01  0.000000e+00
   endloop
 endfacet
 facet normal -6.179956e-01 -7.861815e-01  0.000000e+00
   outer loop
     vertex -1.517906e+01 -1.986444e+01  2.000000e+00
     vertex -1.571782e+01 -1.944094e+01  2.000000e+00
     vertex -1.571782e+01 -1.944094e+01  0.000000e+00
   endloop
 endfacet
 facet normal -5.962151e-01 -8.028247e-01 -0.000000e+00
   outer loop
     vertex -1.462890e+01 -2.027302e+01  2.000000e+00
     vertex -1.517906e+01 -1.986444e+01  0.000000e+00
     vertex -1.462890e+01 -2.027302e+01  0.000000e+00
   endloop
 endfacet
 facet normal -5.739866e-01 -8.188647e-01 -0.000000e+00
   outer loop
     vertex -1.462890e+01 -2.027302e+01  2.000000e+00
     vertex -1.462890e+01 -2.027302e+01  0.000000e+00
     vertex -1.406774e+01 -2.066637e+01  0.000000e+00
   endloop
 endfacet
 facet normal -5.962151e-01 -8.028247e-01  0.000000e+00
   outer loop
     vertex -1.462890e+01 -2.027302e+01  2.000000e+00
     vertex -1.517906e+01 -1.986444e+01  2.000000e+00
     vertex -1.517906e+01 -1.986444e+01  0.000000e+00
   endloop
 endfacet
 facet normal -5.739866e-01 -8.188647e-01 -0.000000e+00
   outer loop
     vertex -1.406774e+01 -2.066637e+01  2.000000e+00
     vertex -1.462890e+01 -2.027302e+01  2.000000e+00
     vertex -1.406774e+01 -2.066637e+01  0.000000e+00
   endloop
 endfacet
 facet normal -5.513268e-01 -8.342894e-01  0.000000e+00
   outer loop
     vertex -1.349601e+01 -2.104418e+01  2.000000e+00
     vertex -1.406774e+01 -2.066637e+01  2.000000e+00
     vertex -1.406774e+01 -2.066637e+01  0.000000e+00
   endloop
 endfacet
 facet normal -5.513268e-01 -8.342894e-01 -0.000000e+00
   outer loop
     vertex -1.349601e+01 -2.104418e+01  2.000000e+00
     vertex -1.406774e+01 -2.066637e+01  0.000000e+00
     vertex -1.349601e+01 -2.104418e+01  0.000000e+00
   endloop
 endfacet
 facet normal -5.282528e-01 -8.490872e-01  0.000000e+00
   outer loop
     vertex -1.291415e+01 -2.140619e+01  2.000000e+00
     vertex -1.349601e+01 -2.104418e+01  2.000000e+00
     vertex -1.349601e+01 -2.104418e+01  0.000000e+00
   endloop
 endfacet
 facet normal -5.282528e-01 -8.490872e-01 -0.000000e+00
   outer loop
     vertex -1.291415e+01 -2.140619e+01  2.000000e+00
     vertex -1.349601e+01 -2.104418e+01  0.000000e+00
     vertex -1.291415e+01 -2.140619e+01  0.000000e+00
   endloop
 endfacet
 facet normal -5.047818e-01 -8.632470e-01 -0.000000e+00
   outer loop
     vertex -1.232257e+01 -2.175211e+01  2.000000e+00
     vertex -1.291415e+01 -2.140619e+01  0.000000e+00
     vertex -1.232257e+01 -2.175211e+01  0.000000e+00
   endloop
 endfacet
 facet normal -5.047818e-01 -8.632470e-01  0.000000e+00
   outer loop
     vertex -1.232257e+01 -2.175211e+01  2.000000e+00
     vertex -1.291415e+01 -2.140619e+01  2.000000e+00
     vertex -1.291415e+01 -2.140619e+01  0.000000e+00
   endloop
 endfacet
 facet normal -4.809316e-01 -8.767581e-01 -0.000000e+00
   outer loop
     vertex -1.172174e+01 -2.208168e+01  2.000000e+00
     vertex -1.232257e+01 -2.175211e+01  0.000000e+00
     vertex -1.172174e+01 -2.208168e+01  0.000000e+00
   endloop
 endfacet
 facet normal -4.809316e-01 -8.767581e-01  0.000000e+00
   outer loop
     vertex -1.172174e+01 -2.208168e+01  2.000000e+00
     vertex -1.232257e+01 -2.175211e+01  2.000000e+00
     vertex -1.232257e+01 -2.175211e+01  0.000000e+00
   endloop
 endfacet
 facet normal -4.567199e-01 -8.896105e-01 -0.000000e+00
   outer loop
     vertex -1.111211e+01 -2.239467e+01  2.000000e+00
     vertex -1.172174e+01 -2.208168e+01  0.000000e+00
     vertex -1.111211e+01 -2.239467e+01  0.000000e+00
   endloop
 endfacet
 facet normal -4.567199e-01 -8.896105e-01  0.000000e+00
   outer loop
     vertex -1.111211e+01 -2.239467e+01  2.000000e+00
     vertex -1.172174e+01 -2.208168e+01  2.000000e+00
     vertex -1.172174e+01 -2.208168e+01  0.000000e+00
   endloop
 endfacet
 facet normal -4.321651e-01 -9.017945e-01 -0.000000e+00
   outer loop
     vertex -1.049412e+01 -2.269082e+01  2.000000e+00
     vertex -1.111211e+01 -2.239467e+01  0.000000e+00
     vertex -1.049412e+01 -2.269082e+01  0.000000e+00
   endloop
 endfacet
 facet normal -4.321651e-01 -9.017945e-01  0.000000e+00
   outer loop
     vertex -1.049412e+01 -2.269082e+01  2.000000e+00
     vertex -1.111211e+01 -2.239467e+01  2.000000e+00
     vertex -1.111211e+01 -2.239467e+01  0.000000e+00
   endloop
 endfacet
 facet normal -4.072856e-01 -9.133008e-01 -0.000000e+00
   outer loop
     vertex -9.868248e+00 -2.296993e+01  2.000000e+00
     vertex -1.049412e+01 -2.269082e+01  0.000000e+00
     vertex -9.868248e+00 -2.296993e+01  0.000000e+00
   endloop
 endfacet
 facet normal -4.072856e-01 -9.133008e-01  0.000000e+00
   outer loop
     vertex -9.868248e+00 -2.296993e+01  2.000000e+00
     vertex -1.049412e+01 -2.269082e+01  2.000000e+00
     vertex -1.049412e+01 -2.269082e+01  0.000000e+00
   endloop
 endfacet
 facet normal -3.821001e-01 -9.241210e-01 -0.000000e+00
   outer loop
     vertex -9.234961e+00 -2.323178e+01  2.000000e+00
     vertex -9.868248e+00 -2.296993e+01  0.000000e+00
     vertex -9.234961e+00 -2.323178e+01  0.000000e+00
   endloop
 endfacet
 facet normal -3.821001e-01 -9.241210e-01  0.000000e+00
   outer loop
     vertex -9.234961e+00 -2.323178e+01  2.000000e+00
     vertex -9.868248e+00 -2.296993e+01  2.000000e+00
     vertex -9.868248e+00 -2.296993e+01  0.000000e+00
   endloop
 endfacet
 facet normal -3.566274e-01 -9.342467e-01 -0.000000e+00
   outer loop
     vertex -8.594735e+00 -2.347617e+01  2.000000e+00
     vertex -9.234961e+00 -2.323178e+01  0.000000e+00
     vertex -8.594735e+00 -2.347617e+01  0.000000e+00
   endloop
 endfacet
 facet normal -3.566274e-01 -9.342467e-01  0.000000e+00
   outer loop
     vertex -8.594735e+00 -2.347617e+01  2.000000e+00
     vertex -9.234961e+00 -2.323178e+01  2.000000e+00
     vertex -9.234961e+00 -2.323178e+01  0.000000e+00
   endloop
 endfacet
 facet normal -3.308868e-01 -9.436705e-01 -0.000000e+00
   outer loop
     vertex -7.948051e+00 -2.370292e+01  2.000000e+00
     vertex -8.594735e+00 -2.347617e+01  0.000000e+00
     vertex -7.948051e+00 -2.370292e+01  0.000000e+00
   endloop
 endfacet
 facet normal -3.048975e-01 -9.523852e-01 -0.000000e+00
   outer loop
     vertex -7.948051e+00 -2.370292e+01  2.000000e+00
     vertex -7.948051e+00 -2.370292e+01  0.000000e+00
     vertex -7.295395e+00 -2.391186e+01  0.000000e+00
   endloop
 endfacet
 facet normal -3.308868e-01 -9.436705e-01  0.000000e+00
   outer loop
     vertex -7.948051e+00 -2.370292e+01  2.000000e+00
     vertex -8.594735e+00 -2.347617e+01  2.000000e+00
     vertex -8.594735e+00 -2.347617e+01  0.000000e+00
   endloop
 endfacet
 facet normal -2.786792e-01 -9.603842e-01 -0.000000e+00
   outer loop
     vertex -7.295395e+00 -2.391186e+01  2.000000e+00
     vertex -7.295395e+00 -2.391186e+01  0.000000e+00
     vertex -6.637257e+00 -2.410284e+01  0.000000e+00
   endloop
 endfacet
 facet normal -3.048975e-01 -9.523852e-01 -0.000000e+00
   outer loop
     vertex -7.295395e+00 -2.391186e+01  2.000000e+00
     vertex -7.948051e+00 -2.370292e+01  2.000000e+00
     vertex -7.295395e+00 -2.391186e+01  0.000000e+00
   endloop
 endfacet
 facet normal -2.522515e-01 -9.676617e-01 -0.000000e+00
   outer loop
     vertex -6.637257e+00 -2.410284e+01  2.000000e+00
     vertex -6.637257e+00 -2.410284e+01  0.000000e+00
     vertex -5.974132e+00 -2.427570e+01  0.000000e+00
   endloop
 endfacet
 facet normal -2.786792e-01 -9.603842e-01 -0.000000e+00
   outer loop
     vertex -6.637257e+00 -2.410284e+01  2.000000e+00
     vertex -7.295395e+00 -2.391186e+01  2.000000e+00
     vertex -6.637257e+00 -2.410284e+01  0.000000e+00
   endloop
 endfacet
 facet normal -2.522515e-01 -9.676617e-01 -0.000000e+00
   outer loop
     vertex -5.974132e+00 -2.427570e+01  2.000000e+00
     vertex -6.637257e+00 -2.410284e+01  2.000000e+00
     vertex -5.974132e+00 -2.427570e+01  0.000000e+00
   endloop
 endfacet
 facet normal -2.256342e-01 -9.742121e-01 -0.000000e+00
   outer loop
     vertex -5.306518e+00 -2.443033e+01  2.000000e+00
     vertex -5.974132e+00 -2.427570e+01  0.000000e+00
     vertex -5.306518e+00 -2.443033e+01  0.000000e+00
   endloop
 endfacet
 facet normal -2.256342e-01 -9.742121e-01  0.000000e+00
   outer loop
     vertex -5.306518e+00 -2.443033e+01  2.000000e+00
     vertex -5.974132e+00 -2.427570e+01  2.000000e+00
     vertex -5.974132e+00 -2.427570e+01  0.000000e+00
   endloop
 endfacet
 facet normal -1.988474e-01 -9.800305e-01 -0.000000e+00
   outer loop
     vertex -4.634917e+00 -2.456659e+01  2.000000e+00
     vertex -5.306518e+00 -2.443033e+01  0.000000e+00
     vertex -4.634917e+00 -2.456659e+01  0.000000e+00
   endloop
 endfacet
 facet normal -1.719112e-01 -9.851125e-01 -0.000000e+00
   outer loop
     vertex -4.634917e+00 -2.456659e+01  2.000000e+00
     vertex -4.634917e+00 -2.456659e+01  0.000000e+00
     vertex -3.959834e+00 -2.468440e+01  0.000000e+00
   endloop
 endfacet
 facet normal -1.988474e-01 -9.800305e-01  0.000000e+00
   outer loop
     vertex -4.634917e+00 -2.456659e+01  2.000000e+00
     vertex -5.306518e+00 -2.443033e+01  2.000000e+00
     vertex -5.306518e+00 -2.443033e+01  0.000000e+00
   endloop
 endfacet
 facet normal -1.719112e-01 -9.851125e-01 -0.000000e+00
   outer loop
     vertex -3.959834e+00 -2.468440e+01  2.000000e+00
     vertex -4.634917e+00 -2.456659e+01  2.000000e+00
     vertex -3.959834e+00 -2.468440e+01  0.000000e+00
   endloop
 endfacet
 facet normal -1.448458e-01 -9.894542e-01 -0.000000e+00
   outer loop
     vertex -3.281775e+00 -2.478366e+01  2.000000e+00
     vertex -3.959834e+00 -2.468440e+01  0.000000e+00
     vertex -3.281775e+00 -2.478366e+01  0.000000e+00
   endloop
 endfacet
 facet normal -1.448458e-01 -9.894542e-01  0.000000e+00
   outer loop
     vertex -3.281775e+00 -2.478366e+01  2.000000e+00
     vertex -3.959834e+00 -2.468440e+01  2.000000e+00
     vertex -3.959834e+00 -2.468440e+01  0.000000e+00
   endloop
 endfacet
 facet normal -1.176715e-01 -9.930526e-01 -0.000000e+00
   outer loop
     vertex -2.601250e+00 -2.486430e+01  2.000000e+00
     vertex -3.281775e+00 -2.478366e+01  0.000000e+00
     vertex -2.601250e+00 -2.486430e+01  0.000000e+00
   endloop
 endfacet
 facet normal -9.040889e-02 -9.959047e-01 -0.000000e+00
   outer loop
     vertex -2.601250e+00 -2.486430e+01  2.000000e+00
     vertex -2.601250e+00 -2.486430e+01  0.000000e+00
     vertex -1.918770e+00 -2.492626e+01  0.000000e+00
   endloop
 endfacet
 facet normal -1.176715e-01 -9.930526e-01  0.000000e+00
   outer loop
     vertex -2.601250e+00 -2.486430e+01  2.000000e+00
     vertex -3.281775e+00 -2.478366e+01  2.000000e+00
     vertex -3.281775e+00 -2.478366e+01  0.000000e+00
   endloop
 endfacet
 facet normal -6.307831e-02 -9.980086e-01 -0.000000e+00
   outer loop
     vertex -1.918770e+00 -2.492626e+01  2.000000e+00
     vertex -1.918770e+00 -2.492626e+01  0.000000e+00
     vertex -1.234849e+00 -2.496948e+01  0.000000e+00
   endloop
 endfacet
 facet normal -9.040889e-02 -9.959047e-01 -0.000000e+00
   outer loop
     vertex -1.918770e+00 -2.492626e+01  2.000000e+00
     vertex -2.601250e+00 -2.486430e+01  2.000000e+00
     vertex -1.918770e+00 -2.492626e+01  0.000000e+00
   endloop
 endfacet
 facet normal -3.570033e-02 -9.993625e-01 -0.000000e+00
   outer loop
     vertex -1.234849e+00 -2.496948e+01  2.000000e+00
     vertex -1.234849e+00 -2.496948e+01  0.000000e+00
     vertex -5.500000e-01 -2.499395e+01  0.000000e+00
   endloop
 endfacet
 facet normal -6.307831e-02 -9.980086e-01 -0.000000e+00
   outer loop
     vertex -1.234849e+00 -2.496948e+01  2.000000e+00
     vertex -1.918770e+00 -2.492626e+01  2.000000e+00
     vertex -1.234849e+00 -2.496948e+01  0.000000e+00
   endloop
 endfacet
 facet normal -3.570033e-02 -9.993625e-01 -0.000000e+00
   outer loop
     vertex -5.500000e-01 -2.499395e+01  2.000000e+00
     vertex -1.234849e+00 -2.496948e+01  2.000000e+00
     vertex -5.500000e-01 -2.499395e+01  0.000000e+00
   endloop
 endfacet
 facet normal  1.000000e+00 -4.820689e-16  0.000000e+00
   outer loop
     vertex -5.500000e-01  2.499395e+01  2.000000e+00
     vertex -5.500000e-01  2.200000e+01  0.000000e+00
     vertex -5.500000e-01  2.499395e+01  0.000000e+00
   endloop
 endfacet
 facet normal  1.000000e+00 -4.820689e-16  0.000000e+00
   outer loop
     vertex -5.500000e-01  2.499395e+01  2.000000e+00
     vertex -5.500000e-01  2.200000e+01  2.000000e+00
     vertex -5.500000e-01  2.200000e+01  0.000000e+00
   endloop
 endfacet
 facet normal  0.000000e+00  1.000000e+00  0.000000e+00
   outer loop
     vertex  5.500000e-01  2.200000e+01  2.000000e+00
     vertex  5.500000e-01  2.200000e+01  0.000000e+00
     vertex -5.500000e-01  2.200000e+01  0.000000e+00
   endloop
 endfacet
 facet normal  0.000000e+00  1.000000e+00  0.000000e+00
   outer loop
     vertex  5.500000e-01  2.200000e+01  2.000000e+00
     vertex -5.500000e-01  2.200000e+01  0.000000e+00
     vertex -5.500000e-01  2.200000e+01  2.000000e+00
   endloop
 endfacet
 facet normal -1.000000e+00  7.416445e-16  0.000000e+00
   outer loop
     vertex  5.500000e-01  2.499395e+01  2.000000e+00
     vertex  5.500000e-01  2.499395e+01  0.000000e+00
     vertex  5.500000e-01  2.200000e+01  0.000000e+00
   endloop
 endfacet
 facet normal -1.000000e+00  7.416445e-16  0.000000e+00
   outer loop
     vertex  5.500000e-01  2.499395e+01  2.000000e+00
     vertex  5.500000e-01  2.200000e+01  0.000000e+00
     vertex  5.500000e-01  2.200000e+01  2.000000e+00
   endloop
 endfacet
 facet normal  1.484377e-01  9.889218e-01  0.000000e+00
   outer loop
     vertex  3.425292e+00  2.476424e+01  2.000000e+00
     vertex  3.996096e+00  2.467856e+01  2.000000e+00
     vertex  3.996096e+00  2.467856e+01  0.000000e+00
   endloop
 endfacet
 facet normal  1.484377e-01  9.889218e-01  0.000000e+00
   outer loop
     vertex  3.425292e+00  2.476424e+01  2.000000e+00
     vertex  3.996096e+00  2.467856e+01  0.000000e+00
     vertex  3.425292e+00  2.476424e+01  0.000000e+00
   endloop
 endfacet
 facet normal  1.255675e-01  9.920851e-01  0.000000e+00
   outer loop
     vertex  2.852662e+00  2.483671e+01  2.000000e+00
     vertex  3.425292e+00  2.476424e+01  0.000000e+00
     vertex  2.852662e+00  2.483671e+01  0.000000e+00
   endloop
 endfacet
 facet normal  1.255675e-01  9.920851e-01  0.000000e+00
   outer loop
     vertex  2.852662e+00  2.483671e+01  2.000000e+00
     vertex  3.425292e+00  2.476424e+01  2.000000e+00
     vertex  3.425292e+00  2.476424e+01  0.000000e+00
   endloop
 endfacet
 facet normal  1.026303e-01  9.947196e-01  0.000000e+00
   outer loop
     vertex  2.278512e+00  2.489595e+01  2.000000e+00
     vertex  2.852662e+00  2.483671e+01  0.000000e+00
     vertex  2.278512e+00  2.489595e+01  0.000000e+00
   endloop
 endfacet
 facet normal  1.026303e-01  9.947196e-01  0.000000e+00
   outer loop
     vertex  2.278512e+00  2.489595e+01  2.000000e+00
     vertex  2.852662e+00  2.483671e+01  2.000000e+00
     vertex  2.852662e+00  2.483671e+01  0.000000e+00
   endloop
 endfacet
 facet normal  7.963847e-02  9.968238e-01  0.000000e+00
   outer loop
     vertex  1.703147e+00  2.494192e+01  2.000000e+00
     vertex  2.278512e+00  2.489595e+01  0.000000e+00
     vertex  1.703147e+00  2.494192e+01  0.000000e+00
   endloop
 endfacet
 facet normal  7.963847e-02  9.968238e-01  0.000000e+00
   outer loop
     vertex  1.703147e+00  2.494192e+01  2.000000e+00
     vertex  2.278512e+00  2.489595e+01  2.000000e+00
     vertex  2.278512e+00  2.489595e+01  0.000000e+00
   endloop
 endfacet
 facet normal  5.660418e-02  9.983967e-01  0.000000e+00
   outer loop
     vertex  1.126874e+00  2.497459e+01  2.000000e+00
     vertex  1.703147e+00  2.494192e+01  0.000000e+00
     vertex  1.126874e+00  2.497459e+01  0.000000e+00
   endloop
 endfacet
 facet normal  5.660418e-02  9.983967e-01  0.000000e+00
   outer loop
     vertex  1.126874e+00  2.497459e+01  2.000000e+00
     vertex  1.703147e+00  2.494192e+01  2.000000e+00
     vertex  1.703147e+00  2.494192e+01  0.000000e+00
   endloop
 endfacet
 facet normal  3.353971e-02  9.994374e-01  0.000000e+00
   outer loop
     vertex  5.500000e-01  2.499395e+01  2.000000e+00
     vertex  1.126874e+00  2.497459e+01  0.000000e+00
     vertex  5.500000e-01  2.499395e+01  0.000000e+00
   endloop
 endfacet
 facet normal  3.353971e-02  9.994374e-01  0.000000e+00
   outer loop
     vertex  5.500000e-01  2.499395e+01  2.000000e+00
     vertex  1.126874e+00  2.497459e+01  2.000000e+00
     vertex  1.126874e+00  2.497459e+01  0.000000e+00
   endloop
 endfacet
 facet normal  9.848078e-01 -1.736482e-01  0.000000e+00
   outer loop
     vertex  3.996096e+00  2.467856e+01  2.000000e+00
     vertex  3.701320e+00  2.300680e+01  0.000000e+00
     vertex  3.996096e+00  2.467856e+01  0.000000e+00
   endloop
 endfacet
 facet normal  9.848078e-01 -1.736482e-01  0.000000e+00
   outer loop
     vertex  3.996096e+00  2.467856e+01  2.000000e+00
     vertex  3.701320e+00  2.300680e+01  2.000000e+00
     vertex  3.701320e+00  2.300680e+01  0.000000e+00
   endloop
 endfacet
 facet normal  1.736482e-01  9.848078e-01  0.000000e+00
   outer loop
     vertex  4.390685e+00  2.288524e+01  2.000000e+00
     vertex  4.390685e+00  2.288524e+01  0.000000e+00
     vertex  3.701320e+00  2.300680e+01  0.000000e+00
   endloop
 endfacet
 facet normal  1.736482e-01  9.848078e-01  0.000000e+00
   outer loop
     vertex  4.390685e+00  2.288524e+01  2.000000e+00
     vertex  3.701320e+00  2.300680e+01  0.000000e+00
     vertex  3.701320e+00  2.300680e+01  2.000000e+00
   endloop
 endfacet
 facet normal -9.848078e-01  1.736482e-01  0.000000e+00
   outer loop
     vertex  4.685462e+00  2.455700e+01  2.000000e+00
     vertex  4.685462e+00  2.455700e+01  0.000000e+00
     vertex  4.390685e+00  2.288524e+01  0.000000e+00
   endloop
 endfacet
 facet normal -9.848078e-01  1.736482e-01  0.000000e+00
   outer loop
     vertex  4.685462e+00  2.455700e+01  2.000000e+00
     vertex  4.390685e+00  2.288524e+01  0.000000e+00
     vertex  4.390685e+00  2.288524e+01  2.000000e+00
   endloop
 endfacet
 facet normal  3.172748e-01  9.483337e-01  0.000000e+00
   outer loop
     vertex  7.641782e+00  2.380343e+01  2.000000e+00
     vertex  8.220773e+00  2.360972e+01  2.000000e+00
     vertex  8.220773e+00  2.360972e+01  0.000000e+00
   endloop
 endfacet
 facet normal  3.172748e-01  9.483337e-01  0.000000e+00
   outer loop
     vertex  7.641782e+00  2.380343e+01  2.000000e+00
     vertex  8.220773e+00  2.360972e+01  0.000000e+00
     vertex  7.641782e+00  2.380343e+01  0.000000e+00
   endloop
 endfacet
 facet normal  2.940222e-01  9.557986e-01  0.000000e+00
   outer loop
     vertex  7.058234e+00  2.398294e+01  2.000000e+00
     vertex  7.641782e+00  2.380343e+01  0.000000e+00
     vertex  7.058234e+00  2.398294e+01  0.000000e+00
   endloop
 endfacet
 facet normal  2.940222e-01  9.557986e-01  0.000000e+00
   outer loop
     vertex  7.058234e+00  2.398294e+01  2.000000e+00
     vertex  7.641782e+00  2.380343e+01  2.000000e+00
     vertex  7.641782e+00  2.380343e+01  0.000000e+00
   endloop
 endfacet
 facet normal  2.705944e-01  9.626935e-01  0.000000e+00
   outer loop
     vertex  6.470476e+00  2.414815e+01  2.000000e+00
     vertex  7.058234e+00  2.398294e+01  0.000000e+00
     vertex  6.470476e+00  2.414815e+01  0.000000e+00
   endloop
 endfacet
 facet normal  2.705944e-01  9.626935e-01  0.000000e+00
   outer loop
     vertex  6.470476e+00  2.414815e+01  2.000000e+00
     vertex  7.058234e+00  2.398294e+01  2.000000e+00
     vertex  7.058234e+00  2.398294e+01  0.000000e+00
   endloop
 endfacet
 facet normal  2.470051e-01  9.690142e-01  0.000000e+00
   outer loop
     vertex  5.878859e+00  2.429895e+01  2.000000e+00
     vertex  6.470476e+00  2.414815e+01  0.000000e+00
     vertex  5.878859e+00  2.429895e+01  0.000000e+00
   endloop
 endfacet
 facet normal  2.470051e-01  9.690142e-01  0.000000e+00
   outer loop
     vertex  5.878859e+00  2.429895e+01  2.000000e+00
     vertex  6.470476e+00  2.414815e+01  2.000000e+00
     vertex  6.470476e+00  2.414815e+01  0.000000e+00
   endloop
 endfacet
 facet normal  2.232686e-01  9.747570e-01  0.000000e+00
   outer loop
     vertex  5.283736e+00  2.443526e+01  2.000000e+00
     vertex  5.878859e+00  2.429895e+01  0.000000e+00
     vertex  5.283736e+00  2.443526e+01  0.000000e+00
   endloop
 endfacet
 facet normal  2.232686e-01  9.747570e-01  0.000000e+00
   outer loop
     vertex  5.283736e+00  2.443526e+01  2.000000e+00
     vertex  5.878859e+00  2.429895e+01  2.000000e+00
     vertex  5.878859e+00  2.429895e+01  0.000000e+00
   endloop
 endfacet
 facet normal  1.993988e-01  9.799184e-01  0.000000e+00
   outer loop
     vertex  4.685462e+00  2.455700e+01  2.000000e+00
     vertex  5.283736e+00  2.443526e+01  0.000000e+00
     vertex  4.685462e+00  2.455700e+01  0.000000e+00
   endloop
 endfacet
 facet normal  1.993988e-01  9.799184e-01  0.000000e+00
   outer loop
     vertex  4.685462e+00  2.455700e+01  2.000000e+00
     vertex  5.283736e+00  2.443526e+01  2.000000e+00
     vertex  5.283736e+00  2.443526e+01  0.000000e+00
   endloop
 endfacet
 facet normal  9.396926e-01 -3.420201e-01  0.000000e+00
   outer loop
     vertex  8.220773e+00  2.360972e+01  2.000000e+00
     vertex  7.640177e+00  2.201455e+01  0.000000e+00
     vertex  8.220773e+00  2.360972e+01  0.000000e+00
   endloop
 endfacet
 facet normal  9.396926e-01 -3.420201e-01  0.000000e+00
   outer loop
     vertex  8.220773e+00  2.360972e+01  2.000000e+00
     vertex  7.640177e+00  2.201455e+01  2.000000e+00
     vertex  7.640177e+00  2.201455e+01  0.000000e+00
   endloop
 endfacet
 facet normal  3.420201e-01  9.396926e-01  0.000000e+00
   outer loop
     vertex  8.297962e+00  2.177513e+01  2.000000e+00
     vertex  8.297962e+00  2.177513e+01  0.000000e+00
     vertex  7.640177e+00  2.201455e+01  0.000000e+00
   endloop
 endfacet
 facet normal  3.420201e-01  9.396926e-01  0.000000e+00
   outer loop
     vertex  8.297962e+00  2.177513e+01  2.000000e+00
     vertex  7.640177e+00  2.201455e+01  0.000000e+00
     vertex  7.640177e+00  2.201455e+01  2.000000e+00
   endloop
 endfacet
 facet normal -9.396926e-01  3.420201e-01  0.000000e+00
   outer loop
     vertex  8.878558e+00  2.337031e+01  2.000000e+00
     vertex  8.878558e+00  2.337031e+01  0.000000e+00
     vertex  8.297962e+00  2.177513e+01  0.000000e+00
   endloop
 endfacet
 facet normal -9.396926e-01  3.420201e-01  0.000000e+00
   outer loop
     vertex  8.878558e+00  2.337031e+01  2.000000e+00
     vertex  8.297962e+00  2.177513e+01  0.000000e+00
     vertex  8.297962e+00  2.177513e+01  2.000000e+00
   endloop
 endfacet
 facet normal  4.706725e-01  8.823080e-01  0.000000e+00
   outer loop
     vertex  1.151139e+01  2.219207e+01  2.000000e+00
     vertex  1.202066e+01  2.192040e+01  2.000000e+00
     vertex  1.202066e+01  2.192040e+01  0.000000e+00
   endloop
 endfacet
 facet normal  4.706725e-01  8.823080e-01  0.000000e+00
   outer loop
     vertex  1.151139e+01  2.219207e+01  2.000000e+00
     vertex  1.202066e+01  2.192040e+01  0.000000e+00
     vertex  1.151139e+01  2.219207e+01  0.000000e+00
   endloop
 endfacet
 facet normal  4.501777e-01  8.929390e-01  0.000000e+00
   outer loop
     vertex  1.099599e+01  2.245191e+01  2.000000e+00
     vertex  1.151139e+01  2.219207e+01  0.000000e+00
     vertex  1.099599e+01  2.245191e+01  0.000000e+00
   endloop
 endfacet
 facet normal  4.501777e-01  8.929390e-01  0.000000e+00
   outer loop
     vertex  1.099599e+01  2.245191e+01  2.000000e+00
     vertex  1.151139e+01  2.219207e+01  2.000000e+00
     vertex  1.151139e+01  2.219207e+01  0.000000e+00
   endloop
 endfacet
 facet normal  4.294430e-01  9.030940e-01  0.000000e+00
   outer loop
     vertex  1.047473e+01  2.269978e+01  2.000000e+00
     vertex  1.099599e+01  2.245191e+01  0.000000e+00
     vertex  1.047473e+01  2.269978e+01  0.000000e+00
   endloop
 endfacet
 facet normal  4.294430e-01  9.030940e-01  0.000000e+00
   outer loop
     vertex  1.047473e+01  2.269978e+01  2.000000e+00
     vertex  1.099599e+01  2.245191e+01  2.000000e+00
     vertex  1.099599e+01  2.245191e+01  0.000000e+00
   endloop
 endfacet
 facet normal  4.084793e-01  9.127676e-01  0.000000e+00
   outer loop
     vertex  9.947879e+00  2.293556e+01  2.000000e+00
     vertex  1.047473e+01  2.269978e+01  0.000000e+00
     vertex  9.947879e+00  2.293556e+01  0.000000e+00
   endloop
 endfacet
 facet normal  4.084793e-01  9.127676e-01  0.000000e+00
   outer loop
     vertex  9.947879e+00  2.293556e+01  2.000000e+00
     vertex  1.047473e+01  2.269978e+01  2.000000e+00
     vertex  1.047473e+01  2.269978e+01  0.000000e+00
   endloop
 endfacet
 facet normal  3.872979e-01  9.219546e-01  0.000000e+00
   outer loop
     vertex  9.415728e+00  2.315910e+01  2.000000e+00
     vertex  9.947879e+00  2.293556e+01  0.000000e+00
     vertex  9.415728e+00  2.315910e+01  0.000000e+00
   endloop
 endfacet
 facet normal  3.872979e-01  9.219546e-01  0.000000e+00
   outer loop
     vertex  9.415728e+00  2.315910e+01  2.000000e+00
     vertex  9.947879e+00  2.293556e+01  2.000000e+00
     vertex  9.947879e+00  2.293556e+01  0.000000e+00
   endloop
 endfacet
 facet normal  3.659101e-01  9.306502e-01  0.000000e+00
   outer loop
     vertex  8.878558e+00  2.337031e+01  2.000000e+00
     vertex  9.415728e+00  2.315910e+01  0.000000e+00
     vertex  8.878558e+00  2.337031e+01  0.000000e+00
   endloop
 endfacet
 facet normal  3.659101e-01  9.306502e-01  0.000000e+00
   outer loop
     vertex  8.878558e+00  2.337031e+01  2.000000e+00
     vertex  9.415728e+00  2.315910e+01  2.000000e+00
     vertex  9.415728e+00  2.315910e+01  0.000000e+00
   endloop
 endfacet
 facet normal  8.660254e-01 -5.000000e-01  0.000000e+00
   outer loop
     vertex  1.202066e+01  2.192040e+01  2.000000e+00
     vertex  1.052369e+01  1.932756e+01  0.000000e+00
     vertex  1.202066e+01  2.192040e+01  0.000000e+00
   endloop
 endfacet
 facet normal  8.660254e-01 -5.000000e-01  0.000000e+00
   outer loop
     vertex  1.202066e+01  2.192040e+01  2.000000e+00
     vertex  1.052369e+01  1.932756e+01  2.000000e+00
     vertex  1.052369e+01  1.932756e+01  0.000000e+00
   endloop
 endfacet
 facet normal  5.000000e-01  8.660254e-01  0.000000e+00
   outer loop
     vertex  1.147631e+01  1.877756e+01  2.000000e+00
     vertex  1.147631e+01  1.877756e+01  0.000000e+00
     vertex  1.052369e+01  1.932756e+01  0.000000e+00
   endloop
 endfacet
 facet normal  5.000000e-01  8.660254e-01  0.000000e+00
   outer loop
     vertex  1.147631e+01  1.877756e+01  2.000000e+00
     vertex  1.052369e+01  1.932756e+01  0.000000e+00
     vertex  1.052369e+01  1.932756e+01  2.000000e+00
   endloop
 endfacet
 facet normal -8.660254e-01  5.000000e-01  0.000000e+00
   outer loop
     vertex  1.297329e+01  2.137040e+01  2.000000e+00
     vertex  1.297329e+01  2.137040e+01  0.000000e+00
     vertex  1.147631e+01  1.877756e+01  0.000000e+00
   endloop
 endfacet
 facet normal -8.660254e-01  5.000000e-01  0.000000e+00
   outer loop
     vertex  1.297329e+01  2.137040e+01  2.000000e+00
     vertex  1.147631e+01  1.877756e+01  0.000000e+00
     vertex  1.147631e+01  1.877756e+01  2.000000e+00
   endloop
 endfacet
 facet normal  6.230117e-01  7.822125e-01  0.000000e+00
   outer loop
     vertex  1.534851e+01  1.973381e+01  2.000000e+00
     vertex  1.580000e+01  1.937421e+01  2.000000e+00
     vertex  1.580000e+01  1.937421e+01  0.000000e+00
   endloop
 endfacet
 facet normal  6.230117e-01  7.822125e-01  0.000000e+00
   outer loop
     vertex  1.534851e+01  1.973381e+01  2.000000e+00
     vertex  1.580000e+01  1.937421e+01  0.000000e+00
     vertex  1.534851e+01  1.973381e+01  0.000000e+00
   endloop
 endfacet
 facet normal  6.047871e-01  7.963872e-01  0.000000e+00
   outer loop
     vertex  1.488883e+01  2.008289e+01  2.000000e+00
     vertex  1.534851e+01  1.973381e+01  0.000000e+00
     vertex  1.488883e+01  2.008289e+01  0.000000e+00
   endloop
 endfacet
 facet normal  6.047871e-01  7.963872e-01  0.000000e+00
   outer loop
     vertex  1.488883e+01  2.008289e+01  2.000000e+00
     vertex  1.534851e+01  1.973381e+01  2.000000e+00
     vertex  1.534851e+01  1.973381e+01  0.000000e+00
   endloop
 endfacet
 facet normal  5.862402e-01  8.101373e-01  0.000000e+00
   outer loop
     vertex  1.442122e+01  2.042127e+01  2.000000e+00
     vertex  1.488883e+01  2.008289e+01  0.000000e+00
     vertex  1.442122e+01  2.042127e+01  0.000000e+00
   endloop
 endfacet
 facet normal  5.862402e-01  8.101373e-01  0.000000e+00
   outer loop
     vertex  1.442122e+01  2.042127e+01  2.000000e+00
     vertex  1.488883e+01  2.008289e+01  2.000000e+00
     vertex  1.488883e+01  2.008289e+01  0.000000e+00
   endloop
 endfacet
 facet normal  5.673808e-01  8.234555e-01  0.000000e+00
   outer loop
     vertex  1.394593e+01  2.074876e+01  2.000000e+00
     vertex  1.442122e+01  2.042127e+01  0.000000e+00
     vertex  1.394593e+01  2.074876e+01  0.000000e+00
   endloop
 endfacet
 facet normal  5.673808e-01  8.234555e-01  0.000000e+00
   outer loop
     vertex  1.394593e+01  2.074876e+01  2.000000e+00
     vertex  1.442122e+01  2.042127e+01  2.000000e+00
     vertex  1.442122e+01  2.042127e+01  0.000000e+00
   endloop
 endfacet
 facet normal  5.482190e-01  8.363348e-01  0.000000e+00
   outer loop
     vertex  1.346320e+01  2.106519e+01  2.000000e+00
     vertex  1.394593e+01  2.074876e+01  0.000000e+00
     vertex  1.346320e+01  2.106519e+01  0.000000e+00
   endloop
 endfacet
 facet normal  5.482190e-01  8.363348e-01  0.000000e+00
   outer loop
     vertex  1.346320e+01  2.106519e+01  2.000000e+00
     vertex  1.394593e+01  2.074876e+01  2.000000e+00
     vertex  1.394593e+01  2.074876e+01  0.000000e+00
   endloop
 endfacet
 facet normal  5.287649e-01  8.487683e-01  0.000000e+00
   outer loop
     vertex  1.297329e+01  2.137040e+01  2.000000e+00
     vertex  1.346320e+01  2.106519e+01  0.000000e+00
     vertex  1.297329e+01  2.137040e+01  0.000000e+00
   endloop
 endfacet
 facet normal  5.287649e-01  8.487683e-01  0.000000e+00
   outer loop
     vertex  1.297329e+01  2.137040e+01  2.000000e+00
     vertex  1.346320e+01  2.106519e+01  2.000000e+00
     vertex  1.346320e+01  2.106519e+01  0.000000e+00
   endloop
 endfacet
 facet normal  7.660444e-01 -6.427876e-01  0.000000e+00
   outer loop
     vertex  1.580000e+01  1.937421e+01  2.000000e+00
     vertex  1.470884e+01  1.807381e+01  0.000000e+00
     vertex  1.580000e+01  1.937421e+01  0.000000e+00
   endloop
 endfacet
 facet normal  7.660444e-01 -6.427876e-01  0.000000e+00
   outer loop
     vertex  1.580000e+01  1.937421e+01  2.000000e+00
     vertex  1.470884e+01  1.807381e+01  2.000000e+00
     vertex  1.470884e+01  1.807381e+01  0.000000e+00
   endloop
 endfacet
 facet normal  6.427876e-01  7.660444e-01  0.000000e+00
   outer loop
     vertex  1.524507e+01  1.762386e+01  2.000000e+00
     vertex  1.524507e+01  1.762386e+01  0.000000e+00
     vertex  1.470884e+01  1.807381e+01  0.000000e+00
   endloop
 endfacet
 facet normal  6.427876e-01  7.660444e-01  0.000000e+00
   outer loop
     vertex  1.524507e+01  1.762386e+01  2.000000e+00
     vertex  1.470884e+01  1.807381e+01  0.000000e+00
     vertex  1.470884e+01  1.807381e+01  2.000000e+00
   endloop
 endfacet
 facet normal -7.660444e-01  6.427876e-01  0.000000e+00
   outer loop
     vertex  1.633623e+01  1.892426e+01  2.000000e+00
     vertex  1.633623e+01  1.892426e+01  0.000000e+00
     vertex  1.524507e+01  1.762386e+01  0.000000e+00
   endloop
 endfacet
 facet normal -7.660444e-01  6.427876e-01  0.000000e+00
   outer loop
     vertex  1.633623e+01  1.892426e+01  2.000000e+00
     vertex  1.524507e+01  1.762386e+01  0.000000e+00
     vertex  1.524507e+01  1.762386e+01  2.000000e+00
   endloop
 endfacet
 facet normal  7.489348e-01  6.626437e-01  0.000000e+00
   outer loop
     vertex  1.851969e+01  1.679348e+01  2.000000e+00
     vertex  1.892426e+01  1.633623e+01  2.000000e+00
     vertex  1.892426e+01  1.633623e+01  0.000000e+00
   endloop
 endfacet
 facet normal  7.489348e-01  6.626437e-01  0.000000e+00
   outer loop
     vertex  1.851969e+01  1.679348e+01  2.000000e+00
     vertex  1.892426e+01  1.633623e+01  0.000000e+00
     vertex  1.851969e+01  1.679348e+01  0.000000e+00
   endloop
 endfacet
 facet normal  7.325300e-01  6.807347e-01  0.000000e+00
   outer loop
     vertex  1.810408e+01  1.724072e+01  2.000000e+00
     vertex  1.851969e+01  1.679348e+01  0.000000e+00
     vertex  1.810408e+01  1.724072e+01  0.000000e+00
   endloop
 endfacet
 facet normal  7.325300e-01  6.807347e-01  0.000000e+00
   outer loop
     vertex  1.810408e+01  1.724072e+01  2.000000e+00
     vertex  1.851969e+01  1.679348e+01  2.000000e+00
     vertex  1.851969e+01  1.679348e+01  0.000000e+00
   endloop
 endfacet
 facet normal  7.156883e-01  6.984198e-01  0.000000e+00
   outer loop
     vertex  1.767767e+01  1.767767e+01  2.000000e+00
     vertex  1.810408e+01  1.724072e+01  0.000000e+00
     vertex  1.767767e+01  1.767767e+01  0.000000e+00
   endloop
 endfacet
 facet normal  7.156883e-01  6.984198e-01  0.000000e+00
   outer loop
     vertex  1.767767e+01  1.767767e+01  2.000000e+00
     vertex  1.810408e+01  1.724072e+01  2.000000e+00
     vertex  1.810408e+01  1.724072e+01  0.000000e+00
   endloop
 endfacet
 facet normal  6.984198e-01  7.156883e-01  0.000000e+00
   outer loop
     vertex  1.724072e+01  1.810408e+01  2.000000e+00
     vertex  1.767767e+01  1.767767e+01  0.000000e+00
     vertex  1.724072e+01  1.810408e+01  0.000000e+00
   endloop
 endfacet
 facet normal  6.984198e-01  7.156883e-01  0.000000e+00
   outer loop
     vertex  1.724072e+01  1.810408e+01  2.000000e+00
     vertex  1.767767e+01  1.767767e+01  2.000000e+00
     vertex  1.767767e+01  1.767767e+01  0.000000e+00
   endloop
 endfacet
 facet normal  6.807347e-01  7.325300e-01  0.000000e+00
   outer loop
     vertex  1.679348e+01  1.851969e+01  2.000000e+00
     vertex  1.724072e+01  1.810408e+01  0.000000e+00
     vertex  1.679348e+01  1.851969e+01  0.000000e+00
   endloop
 endfacet
 facet normal  6.807347e-01  7.325300e-01  0.000000e+00
   outer loop
     vertex  1.679348e+01  1.851969e+01  2.000000e+00
     vertex  1.724072e+01  1.810408e+01  2.000000e+00
     vertex  1.724072e+01  1.810408e+01  0.000000e+00
   endloop
 endfacet
 facet normal  6.626437e-01  7.489348e-01  0.000000e+00
   outer loop
     vertex  1.633623e+01  1.892426e+01  2.000000e+00
     vertex  1.679348e+01  1.851969e+01  0.000000e+00
     vertex  1.633623e+01  1.892426e+01  0.000000e+00
   endloop
 endfacet
 facet normal  6.626437e-01  7.489348e-01  0.000000e+00
   outer loop
     vertex  1.633623e+01  1.892426e+01  2.000000e+00
     vertex  1.679348e+01  1.851969e+01  2.000000e+00
     vertex  1.679348e+01  1.851969e+01  0.000000e+00
   endloop
 endfacet
 facet normal  6.427876e-01 -7.660444e-01  0.000000e+00
   outer loop
     vertex  1.892426e+01  1.633623e+01  2.000000e+00
     vertex  1.762386e+01  1.524507e+01  0.000000e+00
     vertex  1.892426e+01  1.633623e+01  0.000000e+00
   endloop
 endfacet
 facet normal  6.427876e-01 -7.660444e-01  0.000000e+00
   outer loop
     vertex  1.892426e+01  1.633623e+01  2.000000e+00
     vertex  1.762386e+01  1.524507e+01  2.000000e+00
     vertex  1.762386e+01  1.524507e+01  0.000000e+00
   endloop
 endfacet
 facet normal  7.660444e-01  6.427876e-01  0.000000e+00
   outer loop
     vertex  1.807381e+01  1.470884e+01  2.000000e+00
     vertex  1.807381e+01  1.470884e+01  0.000000e+00
     vertex  1.762386e+01  1.524507e+01  0.000000e+00
   endloop
 endfacet
 facet normal  7.660444e-01  6.427876e-01  0.000000e+00
   outer loop
     vertex  1.807381e+01  1.470884e+01  2.000000e+00
     vertex  1.762386e+01  1.524507e+01  0.000000e+00
     vertex  1.762386e+01  1.524507e+01  2.000000e+00
   endloop
 endfacet
 facet normal -6.427876e-01  7.660444e-01  0.000000e+00
   outer loop
     vertex  1.937421e+01  1.580000e+01  2.000000e+00
     vertex  1.937421e+01  1.580000e+01  0.000000e+00
     vertex  1.807381e+01  1.470884e+01  0.000000e+00
   endloop
 endfacet
 facet normal -6.427876e-01  7.660444e-01  0.000000e+00
   outer loop
     vertex  1.937421e+01  1.580000e+01  2.000000e+00
     vertex  1.807381e+01  1.470884e+01  0.000000e+00
     vertex  1.807381e+01  1.470884e+01  2.000000e+00
   endloop
 endfacet
 facet normal  8.487683e-01  5.287649e-01  0.000000e+00
   outer loop
     vertex  2.106519e+01  1.346320e+01  2.000000e+00
     vertex  2.137040e+01  1.297329e+01  2.000000e+00
     vertex  2.137040e+01  1.297329e+01  0.000000e+00
   endloop
 endfacet
 facet normal  8.487683e-01  5.287649e-01  0.000000e+00
   outer loop
     vertex  2.106519e+01  1.346320e+01  2.000000e+00
     vertex  2.137040e+01  1.297329e+01  0.000000e+00
     vertex  2.106519e+01  1.346320e+01  0.000000e+00
   endloop
 endfacet
 facet normal  8.363348e-01  5.482190e-01  0.000000e+00
   outer loop
     vertex  2.074876e+01  1.394593e+01  2.000000e+00
     vertex  2.106519e+01  1.346320e+01  0.000000e+00
     vertex  2.074876e+01  1.394593e+01  0.000000e+00
   endloop
 endfacet
 facet normal  8.363348e-01  5.482190e-01  0.000000e+00
   outer loop
     vertex  2.074876e+01  1.394593e+01  2.000000e+00
     vertex  2.106519e+01  1.346320e+01  2.000000e+00
     vertex  2.106519e+01  1.346320e+01  0.000000e+00
   endloop
 endfacet
 facet normal  8.234555e-01  5.673808e-01  0.000000e+00
   outer loop
     vertex  2.042127e+01  1.442122e+01  2.000000e+00
     vertex  2.074876e+01  1.394593e+01  0.000000e+00
     vertex  2.042127e+01  1.442122e+01  0.000000e+00
   endloop
 endfacet
 facet normal  8.234555e-01  5.673808e-01  0.000000e+00
   outer loop
     vertex  2.042127e+01  1.442122e+01  2.000000e+00
     vertex  2.074876e+01  1.394593e+01  2.000000e+00
     vertex  2.074876e+01  1.394593e+01  0.000000e+00
   endloop
 endfacet
 facet normal  8.101373e-01  5.862402e-01  0.000000e+00
   outer loop
     vertex  2.008289e+01  1.488883e+01  2.000000e+00
     vertex  2.042127e+01  1.442122e+01  0.000000e+00
     vertex  2.008289e+01  1.488883e+01  0.000000e+00
   endloop
 endfacet
 facet normal  8.101373e-01  5.862402e-01  0.000000e+00
   outer loop
     vertex  2.008289e+01  1.488883e+01  2.000000e+00
     vertex  2.042127e+01  1.442122e+01  2.000000e+00
     vertex  2.042127e+01  1.442122e+01  0.000000e+00
   endloop
 endfacet
 facet normal  7.963872e-01  6.047871e-01  0.000000e+00
   outer loop
     vertex  1.973381e+01  1.534851e+01  2.000000e+00
     vertex  2.008289e+01  1.488883e+01  0.000000e+00
     vertex  1.973381e+01  1.534851e+01  0.000000e+00
   endloop
 endfacet
 facet normal  7.963872e-01  6.047871e-01  0.000000e+00
   outer loop
     vertex  1.973381e+01  1.534851e+01  2.000000e+00
     vertex  2.008289e+01  1.488883e+01  2.000000e+00
     vertex  2.008289e+01  1.488883e+01  0.000000e+00
   endloop
 endfacet
 facet normal  7.822125e-01  6.230117e-01  0.000000e+00
   outer loop
     vertex  1.937421e+01  1.580000e+01  2.000000e+00
     vertex  1.973381e+01  1.534851e+01  0.000000e+00
     vertex  1.937421e+01  1.580000e+01  0.000000e+00
   endloop
 endfacet
 facet normal  7.822125e-01  6.230117e-01  0.000000e+00
   outer loop
     vertex  1.937421e+01  1.580000e+01  2.000000e+00
     vertex  1.973381e+01  1.534851e+01  2.000000e+00
     vertex  1.973381e+01  1.534851e+01  0.000000e+00
   endloop
 endfacet
 facet normal  5.000000e-01 -8.660254e-01  0.000000e+00
   outer loop
     vertex  2.137040e+01  1.297329e+01  2.000000e+00
     vertex  1.877756e+01  1.147631e+01  0.000000e+00
     vertex  2.137040e+01  1.297329e+01  0.000000e+00
   endloop
 endfacet
 facet normal  5.000000e-01 -8.660254e-01  0.000000e+00
   outer loop
     vertex  2.137040e+01  1.297329e+01  2.000000e+00
     vertex  1.877756e+01  1.147631e+01  2.000000e+00
     vertex  1.877756e+01  1.147631e+01  0.000000e+00
   endloop
 endfacet
 facet normal  8.660254e-01  5.000000e-01  0.000000e+00
   outer loop
     vertex  1.932756e+01  1.052369e+01  2.000000e+00
     vertex  1.932756e+01  1.052369e+01  0.000000e+00
     vertex  1.877756e+01  1.147631e+01  0.000000e+00
   endloop
 endfacet
 facet normal  8.660254e-01  5.000000e-01  0.000000e+00
   outer loop
     vertex  1.932756e+01  1.052369e+01  2.000000e+00
     vertex  1.877756e+01  1.147631e+01  0.000000e+00
     vertex  1.877756e+01  1.147631e+01  2.000000e+00
   endloop
 endfacet
 facet normal -5.000000e-01  8.660254e-01  0.000000e+00
   outer loop
     vertex  2.192040e+01  1.202066e+01  2.000000e+00
     vertex  2.192040e+01  1.202066e+01  0.000000e+00
     vertex  1.932756e+01  1.052369e+01  0.000000e+00
   endloop
 endfacet
 facet normal -5.000000e-01  8.660254e-01  0.000000e+00
   outer loop
     vertex  2.192040e+01  1.202066e+01  2.000000e+00
     vertex  1.932756e+01  1.052369e+01  0.000000e+00
     vertex  1.932756e+01  1.052369e+01  2.000000e+00
   endloop
 endfacet
 facet normal  9.306502e-01  3.659101e-01  0.000000e+00
   outer loop
     vertex  2.315910e+01  9.415728e+00  2.000000e+00
     vertex  2.337031e+01  8.878558e+00  2.000000e+00
     vertex  2.337031e+01  8.878558e+00  0.000000e+00
   endloop
 endfacet
 facet normal  9.306502e-01  3.659101e-01  0.000000e+00
   outer loop
     vertex  2.315910e+01  9.415728e+00  2.000000e+00
     vertex  2.337031e+01  8.878558e+00  0.000000e+00
     vertex  2.315910e+01  9.415728e+00  0.000000e+00
   endloop
 endfacet
 facet normal  9.219546e-01  3.872979e-01  0.000000e+00
   outer loop
     vertex  2.293556e+01  9.947879e+00  2.000000e+00
     vertex  2.315910e+01  9.415728e+00  0.000000e+00
     vertex  2.293556e+01  9.947879e+00  0.000000e+00
   endloop
 endfacet
 facet normal  9.219546e-01  3.872979e-01  0.000000e+00
   outer loop
     vertex  2.293556e+01  9.947879e+00  2.000000e+00
     vertex  2.315910e+01  9.415728e+00  2.000000e+00
     vertex  2.315910e+01  9.415728e+00  0.000000e+00
   endloop
 endfacet
 facet normal  9.127676e-01  4.084793e-01  0.000000e+00
   outer loop
     vertex  2.269978e+01  1.047473e+01  2.000000e+00
     vertex  2.293556e+01  9.947879e+00  0.000000e+00
     vertex  2.269978e+01  1.047473e+01  0.000000e+00
   endloop
 endfacet
 facet normal  9.127676e-01  4.084793e-01  0.000000e+00
   outer loop
     vertex  2.269978e+01  1.047473e+01  2.000000e+00
     vertex  2.293556e+01  9.947879e+00  2.000000e+00
     vertex  2.293556e+01  9.947879e+00  0.000000e+00
   endloop
 endfacet
 facet normal  9.030940e-01  4.294430e-01  0.000000e+00
   outer loop
     vertex  2.245191e+01  1.099599e+01  2.000000e+00
     vertex  2.269978e+01  1.047473e+01  0.000000e+00
     vertex  2.245191e+01  1.099599e+01  0.000000e+00
   endloop
 endfacet
 facet normal  9.030940e-01  4.294430e-01  0.000000e+00
   outer loop
     vertex  2.245191e+01  1.099599e+01  2.000000e+00
     vertex  2.269978e+01  1.047473e+01  2.000000e+00
     vertex  2.269978e+01  1.047473e+01  0.000000e+00
   endloop
 endfacet
 facet normal  8.929390e-01  4.501777e-01  0.000000e+00
   outer loop
     vertex  2.219207e+01  1.151139e+01  2.000000e+00
     vertex  2.245191e+01  1.099599e+01  0.000000e+00
     vertex  2.219207e+01  1.151139e+01  0.000000e+00
   endloop
 endfacet
 facet normal  8.929390e-01  4.501777e-01  0.000000e+00
   outer loop
     vertex  2.219207e+01  1.151139e+01  2.000000e+00
     vertex  2.245191e+01  1.099599e+01  2.000000e+00
     vertex  2.245191e+01  1.099599e+01  0.000000e+00
   endloop
 endfacet
 facet normal  8.823080e-01  4.706725e-01  0.000000e+00
   outer loop
     vertex  2.192040e+01  1.202066e+01  2.000000e+00
     vertex  2.219207e+01  1.151139e+01  0.000000e+00
     vertex  2.192040e+01  1.202066e+01  0.000000e+00
   endloop
 endfacet
 facet normal  8.823080e-01  4.706725e-01  0.000000e+00
   outer loop
     vertex  2.192040e+01  1.202066e+01  2.000000e+00
     vertex  2.219207e+01  1.151139e+01  2.000000e+00
     vertex  2.219207e+01  1.151139e+01  0.000000e+00
   endloop
 endfacet
 facet normal  3.420201e-01 -9.396926e-01  0.000000e+00
   outer loop
     vertex  2.337031e+01  8.878558e+00  2.000000e+00
     vertex  2.177513e+01  8.297962e+00  0.000000e+00
     vertex  2.337031e+01  8.878558e+00  0.000000e+00
   endloop
 endfacet
 facet normal  3.420201e-01 -9.396926e-01  0.000000e+00
   outer loop
     vertex  2.337031e+01  8.878558e+00  2.000000e+00
     vertex  2.177513e+01  8.297962e+00  2.000000e+00
     vertex  2.177513e+01  8.297962e+00  0.000000e+00
   endloop
 endfacet
 facet normal  9.396926e-01  3.420201e-01  0.000000e+00
   outer loop
     vertex  2.201455e+01  7.640177e+00  2.000000e+00
     vertex  2.201455e+01  7.640177e+00  0.000000e+00
     vertex  2.177513e+01  8.297962e+00  0.000000e+00
   endloop
 endfacet
 facet normal  9.396926e-01  3.420201e-01  0.000000e+00
   outer loop
     vertex  2.201455e+01  7.640177e+00  2.000000e+00
     vertex  2.177513e+01  8.297962e+00  0.000000e+00
     vertex  2.177513e+01  8.297962e+00  2.000000e+00
   endloop
 endfacet
 facet normal -3.420201e-01  9.396926e-01  0.000000e+00
   outer loop
     vertex  2.360972e+01  8.220773e+00  2.000000e+00
     vertex  2.360972e+01  8.220773e+00  0.000000e+00
     vertex  2.201455e+01  7.640177e+00  0.000000e+00
   endloop
 endfacet
 facet normal -3.420201e-01  9.396926e-01  0.000000e+00
   outer loop
     vertex  2.360972e+01  8.220773e+00  2.000000e+00
     vertex  2.201455e+01  7.640177e+00  0.000000e+00
     vertex  2.201455e+01  7.640177e+00  2.000000e+00
   endloop
 endfacet
 facet normal  9.799184e-01  1.993988e-01  0.000000e+00
   outer loop
     vertex  2.455700e+01  4.685462e+00  2.000000e+00
     vertex  2.455700e+01  4.685462e+00  0.000000e+00
     vertex  2.443526e+01  5.283736e+00  0.000000e+00
   endloop
 endfacet
 facet normal  9.799184e-01  1.993988e-01  0.000000e+00
   outer loop
     vertex  2.443526e+01  5.283736e+00  2.000000e+00
     vertex  2.455700e+01  4.685462e+00  2.000000e+00
     vertex  2.443526e+01  5.283736e+00  0.000000e+00
   endloop
 endfacet
 facet normal  9.747570e-01  2.232686e-01  0.000000e+00
   outer loop
     vertex  2.429895e+01  5.878859e+00  2.000000e+00
     vertex  2.443526e+01  5.283736e+00  0.000000e+00
     vertex  2.429895e+01  5.878859e+00  0.000000e+00
   endloop
 endfacet
 facet normal  9.747570e-01  2.232686e-01  0.000000e+00
   outer loop
     vertex  2.429895e+01  5.878859e+00  2.000000e+00
     vertex  2.443526e+01  5.283736e+00  2.000000e+00
     vertex  2.443526e+01  5.283736e+00  0.000000e+00
   endloop
 endfacet
 facet normal  9.690142e-01  2.470051e-01  0.000000e+00
   outer loop
     vertex  2.414815e+01  6.470476e+00  2.000000e+00
     vertex  2.429895e+01  5.878859e+00  0.000000e+00
     vertex  2.414815e+01  6.470476e+00  0.000000e+00
   endloop
 endfacet
 facet normal  9.690142e-01  2.470051e-01  0.000000e+00
   outer loop
     vertex  2.414815e+01  6.470476e+00  2.000000e+00
     vertex  2.429895e+01  5.878859e+00  2.000000e+00
     vertex  2.429895e+01  5.878859e+00  0.000000e+00
   endloop
 endfacet
 facet normal  9.626935e-01  2.705944e-01  0.000000e+00
   outer loop
     vertex  2.398294e+01  7.058234e+00  2.000000e+00
     vertex  2.414815e+01  6.470476e+00  0.000000e+00
     vertex  2.398294e+01  7.058234e+00  0.000000e+00
   endloop
 endfacet
 facet normal  9.626935e-01  2.705944e-01  0.000000e+00
   outer loop
     vertex  2.398294e+01  7.058234e+00  2.000000e+00
     vertex  2.414815e+01  6.470476e+00  2.000000e+00
     vertex  2.414815e+01  6.470476e+00  0.000000e+00
   endloop
 endfacet
 facet normal  9.557986e-01  2.940222e-01  0.000000e+00
   outer loop
     vertex  2.380343e+01  7.641782e+00  2.000000e+00
     vertex  2.398294e+01  7.058234e+00  0.000000e+00
     vertex  2.380343e+01  7.641782e+00  0.000000e+00
   endloop
 endfacet
 facet normal  9.557986e-01  2.940222e-01  0.000000e+00
   outer loop
     vertex  2.380343e+01  7.641782e+00  2.000000e+00
     vertex  2.398294e+01  7.058234e+00  2.000000e+00
     vertex  2.398294e+01  7.058234e+00  0.000000e+00
   endloop
 endfacet
 facet normal  9.483337e-01  3.172748e-01  0.000000e+00
   outer loop
     vertex  2.360972e+01  8.220773e+00  2.000000e+00
     vertex  2.380343e+01  7.641782e+00  0.000000e+00
     vertex  2.360972e+01  8.220773e+00  0.000000e+00
   endloop
 endfacet
 facet normal  9.483337e-01  3.172748e-01  0.000000e+00
   outer loop
     vertex  2.360972e+01  8.220773e+00  2.000000e+00
     vertex  2.380343e+01  7.641782e+00  2.000000e+00
     vertex  2.380343e+01  7.641782e+00  0.000000e+00
   endloop
 endfacet
 facet normal  1.736482e-01 -9.848078e-01  0.000000e+00
   outer loop
     vertex  2.455700e+01  4.685462e+00  2.000000e+00
     vertex  2.288524e+01  4.390685e+00  0.000000e+00
     vertex  2.455700e+01  4.685462e+00  0.000000e+00
   endloop
 endfacet
 facet normal  1.736482e-01 -9.848078e-01  0.000000e+00
   outer loop
     vertex  2.455700e+01  4.685462e+00  2.000000e+00
     vertex  2.288524e+01  4.390685e+00  2.000000e+00
     vertex  2.288524e+01  4.390685e+00  0.000000e+00
   endloop
 endfacet
 facet normal  9.848078e-01  1.736482e-01  0.000000e+00
   outer loop
     vertex  2.300680e+01  3.701320e+00  2.000000e+00
     vertex  2.300680e+01  3.701320e+00  0.000000e+00
     vertex  2.288524e+01  4.390685e+00  0.000000e+00
   endloop
 endfacet
 facet normal  9.848078e-01  1.736482e-01  0.000000e+00
   outer loop
     vertex  2.300680e+01  3.701320e+00  2.000000e+00
     vertex  2.288524e+01  4.390685e+00  0.000000e+00
     vertex  2.288524e+01  4.390685e+00  2.000000e+00
   endloop
 endfacet
 facet normal -1.736482e-01  9.848078e-01  0.000000e+00
   outer loop
     vertex  2.467856e+01  3.996096e+00  2.000000e+00
     vertex  2.467856e+01  3.996096e+00  0.000000e+00
     vertex  2.300680e+01  3.701320e+00  0.000000e+00
   endloop
 endfacet
 facet normal -1.736482e-01  9.848078e-01  0.000000e+00
   outer loop
     vertex  2.467856e+01  3.996096e+00  2.000000e+00
     vertex  2.300680e+01  3.701320e+00  0.000000e+00
     vertex  2.300680e+01  3.701320e+00  2.000000e+00
   endloop
 endfacet
 facet normal  9.994374e-01  3.353971e-02  0.000000e+00
   outer loop
     vertex  2.497459e+01  1.126874e+00  2.000000e+00
     vertex  2.499395e+01  5.500000e-01  2.000000e+00
     vertex  2.499395e+01  5.500000e-01  0.000000e+00
   endloop
 endfacet
 facet normal  9.994374e-01  3.353971e-02  0.000000e+00
   outer loop
     vertex  2.497459e+01  1.126874e+00  2.000000e+00
     vertex  2.499395e+01  5.500000e-01  0.000000e+00
     vertex  2.497459e+01  1.126874e+00  0.000000e+00
   endloop
 endfacet
 facet normal  9.983967e-01  5.660418e-02  0.000000e+00
   outer loop
     vertex  2.494192e+01  1.703147e+00  2.000000e+00
     vertex  2.497459e+01  1.126874e+00  0.000000e+00
     vertex  2.494192e+01  1.703147e+00  0.000000e+00
   endloop
 endfacet
 facet normal  9.983967e-01  5.660418e-02  0.000000e+00
   outer loop
     vertex  2.494192e+01  1.703147e+00  2.000000e+00
     vertex  2.497459e+01  1.126874e+00  2.000000e+00
     vertex  2.497459e+01  1.126874e+00  0.000000e+00
   endloop
 endfacet
 facet normal  9.968238e-01  7.963847e-02  0.000000e+00
   outer loop
     vertex  2.489595e+01  2.278512e+00  2.000000e+00
     vertex  2.494192e+01  1.703147e+00  0.000000e+00
     vertex  2.489595e+01  2.278512e+00  0.000000e+00
   endloop
 endfacet
 facet normal  9.968238e-01  7.963847e-02  0.000000e+00
   outer loop
     vertex  2.489595e+01  2.278512e+00  2.000000e+00
     vertex  2.494192e+01  1.703147e+00  2.000000e+00
     vertex  2.494192e+01  1.703147e+00  0.000000e+00
   endloop
 endfacet
 facet normal  9.947196e-01  1.026303e-01  0.000000e+00
   outer loop
     vertex  2.483671e+01  2.852662e+00  2.000000e+00
     vertex  2.489595e+01  2.278512e+00  0.000000e+00
     vertex  2.483671e+01  2.852662e+00  0.000000e+00
   endloop
 endfacet
 facet normal  9.947196e-01  1.026303e-01  0.000000e+00
   outer loop
     vertex  2.483671e+01  2.852662e+00  2.000000e+00
     vertex  2.489595e+01  2.278512e+00  2.000000e+00
     vertex  2.489595e+01  2.278512e+00  0.000000e+00
   endloop
 endfacet
 facet normal  9.920851e-01  1.255675e-01  0.000000e+00
   outer loop
     vertex  2.476424e+01  3.425292e+00  2.000000e+00
     vertex  2.483671e+01  2.852662e+00  0.000000e+00
     vertex  2.476424e+01  3.425292e+00  0.000000e+00
   endloop
 endfacet
 facet normal  9.920851e-01  1.255675e-01  0.000000e+00
   outer loop
     vertex  2.476424e+01  3.425292e+00  2.000000e+00
     vertex  2.483671e+01  2.852662e+00  2.000000e+00
     vertex  2.483671e+01  2.852662e+00  0.000000e+00
   endloop
 endfacet
 facet normal  9.889218e-01  1.484377e-01  0.000000e+00
   outer loop
     vertex  2.467856e+01  3.996096e+00  2.000000e+00
     vertex  2.476424e+01  3.425292e+00  0.000000e+00
     vertex  2.467856e+01  3.996096e+00  0.000000e+00
   endloop
 endfacet
 facet normal  9.889218e-01  1.484377e-01  0.000000e+00
   outer loop
     vertex  2.467856e+01  3.996096e+00  2.000000e+00
     vertex  2.476424e+01  3.425292e+00  2.000000e+00
     vertex  2.476424e+01  3.425292e+00  0.000000e+00
   endloop
 endfacet
 facet normal  0.000000e+00 -1.000000e+00 -0.000000e+00
   outer loop
     vertex  2.499395e+01  5.500000e-01  2.000000e+00
     vertex  2.200000e+01  5.500000e-01  0.000000e+00
     vertex  2.499395e+01  5.500000e-01  0.000000e+00
   endloop
 endfacet
 facet normal -0.000000e+00 -1.000000e+00  0.000000e+00
   outer loop
     vertex  2.499395e+01  5.500000e-01  2.000000e+00
     vertex  2.200000e+01  5.500000e-01  2.000000e+00
     vertex  2.200000e+01  5.500000e-01  0.000000e+00
   endloop
 endfacet
 facet normal  1.000000e+00  0.000000e+00  0.000000e+00
   outer loop
     vertex  2.200000e+01 -5.500000e-01  2.000000e+00
     vertex  2.200000e+01 -5.500000e-01  0.000000e+00
     vertex  2.200000e+01  5.500000e-01  0.000000e+00
   endloop
 endfacet
 facet normal  1.000000e+00 -0.000000e+00  0.000000e+00
   outer loop
     vertex  2.200000e+01 -5.500000e-01  2.000000e+00
     vertex  2.200000e+01  5.500000e-01  0.000000e+00
     vertex  2.200000e+01  5.500000e-01  2.000000e+00
   endloop
 endfacet
 facet normal  9.848078e-01 -1.736482e-01  0.000000e+00
   outer loop
     vertex  2.288524e+01 -4.390685e+00  2.000000e+00
     vertex  2.288524e+01 -4.390685e+00  0.000000e+00
     vertex  2.300680e+01 -3.701320e+00  0.000000e+00
   endloop
 endfacet
 facet normal  9.848078e-01 -1.736482e-01  0.000000e+00
   outer loop
     vertex  2.288524e+01 -4.390685e+00  2.000000e+00
     vertex  2.300680e+01 -3.701320e+00  0.000000e+00
     vertex  2.300680e+01 -3.701320e+00  2.000000e+00
   endloop
 endfacet
 facet normal  1.736482e-01  9.848078e-01  0.000000e+00
   outer loop
     vertex  2.455700e+01 -4.685462e+00  2.000000e+00
     vertex  2.455700e+01 -4.685462e+00  0.000000e+00
     vertex  2.288524e+01 -4.390685e+00  0.000000e+00
   endloop
 endfacet
 facet normal  1.736482e-01  9.848078e-01  0.000000e+00
   outer loop
     vertex  2.455700e+01 -4.685462e+00  2.000000e+00
     vertex  2.288524e+01 -4.390685e+00  0.000000e+00
     vertex  2.288524e+01 -4.390685e+00  2.000000e+00
   endloop
 endfacet
 facet normal  9.483337e-01 -3.172748e-01  0.000000e+00
   outer loop
     vertex  2.380343e+01 -7.641782e+00  2.000000e+00
     vertex  2.360972e+01 -8.220773e+00  2.000000e+00
     vertex  2.360972e+01 -8.220773e+00  0.000000e+00
   endloop
 endfacet
 facet normal  9.483337e-01 -3.172748e-01  0.000000e+00
   outer loop
     vertex  2.380343e+01 -7.641782e+00  2.000000e+00
     vertex  2.360972e+01 -8.220773e+00  0.000000e+00
     vertex  2.380343e+01 -7.641782e+00  0.000000e+00
   endloop
 endfacet
 facet normal  9.557986e-01 -2.940222e-01  0.000000e+00
   outer loop
     vertex  2.398294e+01 -7.058234e+00  2.000000e+00
     vertex  2.380343e+01 -7.641782e+00  0.000000e+00
     vertex  2.398294e+01 -7.058234e+00  0.000000e+00
   endloop
 endfacet
 facet normal  9.557986e-01 -2.940222e-01  0.000000e+00
   outer loop
     vertex  2.398294e+01 -7.058234e+00  2.000000e+00
     vertex  2.380343e+01 -7.641782e+00  2.000000e+00
     vertex  2.380343e+01 -7.641782e+00  0.000000e+00
   endloop
 endfacet
 facet normal  9.626935e-01 -2.705944e-01  0.000000e+00
   outer loop
     vertex  2.414815e+01 -6.470476e+00  2.000000e+00
     vertex  2.398294e+01 -7.058234e+00  0.000000e+00
     vertex  2.414815e+01 -6.470476e+00  0.000000e+00
   endloop
 endfacet
 facet normal  9.626935e-01 -2.705944e-01  0.000000e+00
   outer loop
     vertex  2.414815e+01 -6.470476e+00  2.000000e+00
     vertex  2.398294e+01 -7.058234e+00  2.000000e+00
     vertex  2.398294e+01 -7.058234e+00  0.000000e+00
   endloop
 endfacet
 facet normal  9.690142e-01 -2.470051e-01  0.000000e+00
   outer loop
     vertex  2.429895e+01 -5.878859e+00  2.000000e+00
     vertex  2.414815e+01 -6.470476e+00  0.000000e+00
     vertex  2.429895e+01 -5.878859e+00  0.000000e+00
   endloop
 endfacet
 facet normal  9.690142e-01 -2.470051e-01  0.000000e+00
   outer loop
     vertex  2.429895e+01 -5.878859e+00  2.000000e+00
     vertex  2.414815e+01 -6.470476e+00  2.000000e+00
     vertex  2.414815e+01 -6.470476e+00  0.000000e+00
   endloop
 endfacet
 facet normal  9.747570e-01 -2.232686e-01  0.000000e+00
   outer loop
     vertex  2.443526e+01 -5.283736e+00  2.000000e+00
     vertex  2.429895e+01 -5.878859e+00  0.000000e+00
     vertex  2.443526e+01 -5.283736e+00  0.000000e+00
   endloop
 endfacet
 facet normal  9.747570e-01 -2.232686e-01  0.000000e+00
   outer loop
     vertex  2.443526e+01 -5.283736e+00  2.000000e+00
     vertex  2.429895e+01 -5.878859e+00  2.000000e+00
     vertex  2.429895e+01 -5.878859e+00  0.000000e+00
   endloop
 endfacet
 facet normal  9.799184e-01 -1.993988e-01  0.000000e+00
   outer loop
     vertex  2.455700e+01 -4.685462e+00  2.000000e+00
     vertex  2.443526e+01 -5.283736e+00  0.000000e+00
     vertex  2.455700e+01 -4.685462e+00  0.000000e+00
   endloop
 endfacet
 facet normal  9.799184e-01 -1.993988e-01  0.000000e+00
   outer loop
     vertex  2.455700e+01 -4.685462e+00  2.000000e+00
     vertex  2.443526e+01 -5.283736e+00  2.000000e+00
     vertex  2.443526e+01 -5.283736e+00  0.000000e+00
   endloop
 endfacet
 facet normal -3.420201e-01 -9.396926e-01 -0.000000e+00
   outer loop
     vertex  2.360972e+01 -8.220773e+00  2.000000e+00
     vertex  2.201455e+01 -7.640177e+00  0.000000e+00
     vertex  2.360972e+01 -8.220773e+00  0.000000e+00
   endloop
 endfacet
 facet normal -3.420201e-01 -9.396926e-01  0.000000e+00
   outer loop
     vertex  2.360972e+01 -8.220773e+00  2.000000e+00
     vertex  2.201455e+01 -7.640177e+00  2.000000e+00
     vertex  2.201455e+01 -7.640177e+00  0.000000e+00
   endloop
 endfacet
 facet normal  9.396926e-01 -3.420201e-01  0.000000e+00
   outer loop
     vertex  2.177513e+01 -8.297962e+00  2.000000e+00
     vertex  2.177513e+01 -8.297962e+00  0.000000e+00
     vertex  2.201455e+01 -7.640177e+00  0.000000e+00
   endloop
 endfacet
 facet normal  9.396926e-01 -3.420201e-01  0.000000e+00
   outer loop
     vertex  2.177513e+01 -8.297962e+00  2.000000e+00
     vertex  2.201455e+01 -7.640177e+00  0.000000e+00
     vertex  2.201455e+01 -7.640177e+00  2.000000e+00
   endloop
 endfacet
 facet normal  3.420201e-01  9.396926e-01  0.000000e+00
   outer loop
     vertex  2.337031e+01 -8.878558e+00  2.000000e+00
     vertex  2.337031e+01 -8.878558e+00  0.000000e+00
     vertex  2.177513e+01 -8.297962e+00  0.000000e+00
   endloop
 endfacet
 facet normal  3.420201e-01  9.396926e-01  0.000000e+00
   outer loop
     vertex  2.337031e+01 -8.878558e+00  2.000000e+00
     vertex  2.177513e+01 -8.297962e+00  0.000000e+00
     vertex  2.177513e+01 -8.297962e+00  2.000000e+00
   endloop
 endfacet
 facet normal  8.823080e-01 -4.706725e-01  0.000000e+00
   outer loop
     vertex  2.219207e+01 -1.151139e+01  2.000000e+00
     vertex  2.192040e+01 -1.202066e+01  2.000000e+00
     vertex  2.192040e+01 -1.202066e+01  0.000000e+00
   endloop
 endfacet
 facet normal  8.823080e-01 -4.706725e-01  0.000000e+00
   outer loop
     vertex  2.219207e+01 -1.151139e+01  2.000000e+00
     vertex  2.192040e+01 -1.202066e+01  0.000000e+00
     vertex  2.219207e+01 -1.151139e+01  0.000000e+00
   endloop
 endfacet
 facet normal  8.929390e-01 -4.501777e-01  0.000000e+00
   outer loop
     vertex  2.245191e+01 -1.099599e+01  2.000000e+00
     vertex  2.219207e+01 -1.151139e+01  0.000000e+00
     vertex  2.245191e+01 -1.099599e+01  0.000000e+00
   endloop
 endfacet
 facet normal  8.929390e-01 -4.501777e-01  0.000000e+00
   outer loop
     vertex  2.245191e+01 -1.099599e+01  2.000000e+00
     vertex  2.219207e+01 -1.151139e+01  2.000000e+00
     vertex  2.219207e+01 -1.151139e+01  0.000000e+00
   endloop
 endfacet
 facet normal  9.030940e-01 -4.294430e-01  0.000000e+00
   outer loop
     vertex  2.269978e+01 -1.047473e+01  2.000000e+00
     vertex  2.245191e+01 -1.099599e+01  0.000000e+00
     vertex  2.269978e+01 -1.047473e+01  0.000000e+00
   endloop
 endfacet
 facet normal  9.030940e-01 -4.294430e-01  0.000000e+00
   outer loop
     vertex  2.269978e+01 -1.047473e+01  2.000000e+00
     vertex  2.245191e+01 -1.099599e+01  2.000000e+00
     vertex  2.245191e+01 -1.099599e+01  0.000000e+00
   endloop
 endfacet
 facet normal  9.127676e-01 -4.084793e-01  0.000000e+00
   outer loop
     vertex  2.293556e+01 -9.947879e+00  2.000000e+00
     vertex  2.269978e+01 -1.047473e+01  0.000000e+00
     vertex  2.293556e+01 -9.947879e+00  0.000000e+00
   endloop
 endfacet
 facet normal  9.127676e-01 -4.084793e-01  0.000000e+00
   outer loop
     vertex  2.293556e+01 -9.947879e+00  2.000000e+00
     vertex  2.269978e+01 -1.047473e+01  2.000000e+00
     vertex  2.269978e+01 -1.047473e+01  0.000000e+00
   endloop
 endfacet
 facet normal  9.219546e-01 -3.872979e-01  0.000000e+00
   outer loop
     vertex  2.315910e+01 -9.415728e+00  2.000000e+00
     vertex  2.293556e+01 -9.947879e+00  0.000000e+00
     vertex  2.315910e+01 -9.415728e+00  0.000000e+00
   endloop
 endfacet
 facet normal  9.219546e-01 -3.872979e-01  0.000000e+00
   outer loop
     vertex  2.315910e+01 -9.415728e+00  2.000000e+00
     vertex  2.293556e+01 -9.947879e+00  2.000000e+00
     vertex  2.293556e+01 -9.947879e+00  0.000000e+00
   endloop
 endfacet
 facet normal  9.306502e-01 -3.659101e-01  0.000000e+00
   outer loop
     vertex  2.337031e+01 -8.878558e+00  2.000000e+00
     vertex  2.315910e+01 -9.415728e+00  0.000000e+00
     vertex  2.337031e+01 -8.878558e+00  0.000000e+00
   endloop
 endfacet
 facet normal  9.306502e-01 -3.659101e-01  0.000000e+00
   outer loop
     vertex  2.337031e+01 -8.878558e+00  2.000000e+00
     vertex  2.315910e+01 -9.415728e+00  2.000000e+00
     vertex  2.315910e+01 -9.415728e+00  0.000000e+00
   endloop
 endfacet
 facet normal -5.000000e-01 -8.660254e-01 -0.000000e+00
   outer loop
     vertex  2.192040e+01 -1.202066e+01  2.000000e+00
     vertex  1.932756e+01 -1.052369e+01  0.000000e+00
     vertex  2.192040e+01 -1.202066e+01  0.000000e+00
   endloop
 endfacet
 facet normal -5.000000e-01 -8.660254e-01  0.000000e+00
   outer loop
     vertex  2.192040e+01 -1.202066e+01  2.000000e+00
     vertex  1.932756e+01 -1.052369e+01  2.000000e+00
     vertex  1.932756e+01 -1.052369e+01  0.000000e+00
   endloop
 endfacet
 facet normal  8.660254e-01 -5.000000e-01  0.000000e+00
   outer loop
     vertex  1.877756e+01 -1.147631e+01  2.000000e+00
     vertex  1.877756e+01 -1.147631e+01  0.000000e+00
     vertex  1.932756e+01 -1.052369e+01  0.000000e+00
   endloop
 endfacet
 facet normal  8.660254e-01 -5.000000e-01  0.000000e+00
   outer loop
     vertex  1.877756e+01 -1.147631e+01  2.000000e+00
     vertex  1.932756e+01 -1.052369e+01  0.000000e+00
     vertex  1.932756e+01 -1.052369e+01  2.000000e+00
   endloop
 endfacet
 facet normal  5.000000e-01  8.660254e-01  0.000000e+00
   outer loop
     vertex  2.137040e+01 -1.297329e+01  2.000000e+00
     vertex  2.137040e+01 -1.297329e+01  0.000000e+00
     vertex  1.877756e+01 -1.147631e+01  0.000000e+00
   endloop
 endfacet
 facet normal  5.000000e-01  8.660254e-01  0.000000e+00
   outer loop
     vertex  2.137040e+01 -1.297329e+01  2.000000e+00
     vertex  1.877756e+01 -1.147631e+01  0.000000e+00
     vertex  1.877756e+01 -1.147631e+01  2.000000e+00
   endloop
 endfacet
 facet normal  7.822125e-01 -6.230117e-01  0.000000e+00
   outer loop
     vertex  1.973381e+01 -1.534851e+01  2.000000e+00
     vertex  1.937421e+01 -1.580000e+01  2.000000e+00
     vertex  1.937421e+01 -1.580000e+01  0.000000e+00
   endloop
 endfacet
 facet normal  7.822125e-01 -6.230117e-01  0.000000e+00
   outer loop
     vertex  1.973381e+01 -1.534851e+01  2.000000e+00
     vertex  1.937421e+01 -1.580000e+01  0.000000e+00
     vertex  1.973381e+01 -1.534851e+01  0.000000e+00
   endloop
 endfacet
 facet normal  7.963872e-01 -6.047871e-01  0.000000e+00
   outer loop
     vertex  2.008289e+01 -1.488883e+01  2.000000e+00
     vertex  1.973381e+01 -1.534851e+01  0.000000e+00
     vertex  2.008289e+01 -1.488883e+01  0.000000e+00
   endloop
 endfacet
 facet normal  7.963872e-01 -6.047871e-01  0.000000e+00
   outer loop
     vertex  2.008289e+01 -1.488883e+01  2.000000e+00
     vertex  1.973381e+01 -1.534851e+01  2.000000e+00
     vertex  1.973381e+01 -1.534851e+01  0.000000e+00
   endloop
 endfacet
 facet normal  8.101373e-01 -5.862402e-01  0.000000e+00
   outer loop
     vertex  2.042127e+01 -1.442122e+01  2.000000e+00
     vertex  2.008289e+01 -1.488883e+01  0.000000e+00
     vertex  2.042127e+01 -1.442122e+01  0.000000e+00
   endloop
 endfacet
 facet normal  8.101373e-01 -5.862402e-01  0.000000e+00
   outer loop
     vertex  2.042127e+01 -1.442122e+01  2.000000e+00
     vertex  2.008289e+01 -1.488883e+01  2.000000e+00
     vertex  2.008289e+01 -1.488883e+01  0.000000e+00
   endloop
 endfacet
 facet normal  8.234555e-01 -5.673808e-01  0.000000e+00
   outer loop
     vertex  2.074876e+01 -1.394593e+01  2.000000e+00
     vertex  2.042127e+01 -1.442122e+01  0.000000e+00
     vertex  2.074876e+01 -1.394593e+01  0.000000e+00
   endloop
 endfacet
 facet normal  8.234555e-01 -5.673808e-01  0.000000e+00
   outer loop
     vertex  2.074876e+01 -1.394593e+01  2.000000e+00
     vertex  2.042127e+01 -1.442122e+01  2.000000e+00
     vertex  2.042127e+01 -1.442122e+01  0.000000e+00
   endloop
 endfacet
 facet normal  8.363348e-01 -5.482190e-01  0.000000e+00
   outer loop
     vertex  2.106519e+01 -1.346320e+01  2.000000e+00
     vertex  2.074876e+01 -1.394593e+01  0.000000e+00
     vertex  2.106519e+01 -1.346320e+01  0.000000e+00
   endloop
 endfacet
 facet normal  8.363348e-01 -5.482190e-01  0.000000e+00
   outer loop
     vertex  2.106519e+01 -1.346320e+01  2.000000e+00
     vertex  2.074876e+01 -1.394593e+01  2.000000e+00
     vertex  2.074876e+01 -1.394593e+01  0.000000e+00
   endloop
 endfacet
 facet normal  8.487683e-01 -5.287649e-01  0.000000e+00
   outer loop
     vertex  2.137040e+01 -1.297329e+01  2.000000e+00
     vertex  2.106519e+01 -1.346320e+01  0.000000e+00
     vertex  2.137040e+01 -1.297329e+01  0.000000e+00
   endloop
 endfacet
 facet normal  8.487683e-01 -5.287649e-01  0.000000e+00
   outer loop
     vertex  2.137040e+01 -1.297329e+01  2.000000e+00
     vertex  2.106519e+01 -1.346320e+01  2.000000e+00
     vertex  2.106519e+01 -1.346320e+01  0.000000e+00
   endloop
 endfacet
 facet normal -6.427876e-01 -7.660444e-01 -0.000000e+00
   outer loop
     vertex  1.937421e+01 -1.580000e+01  2.000000e+00
     vertex  1.807381e+01 -1.470884e+01  0.000000e+00
     vertex  1.937421e+01 -1.580000e+01  0.000000e+00
   endloop
 endfacet
 facet normal -6.427876e-01 -7.660444e-01  0.000000e+00
   outer loop
     vertex  1.937421e+01 -1.580000e+01  2.000000e+00
     vertex  1.807381e+01 -1.470884e+01  2.000000e+00
     vertex  1.807381e+01 -1.470884e+01  0.000000e+00
   endloop
 endfacet
 facet normal  7.660444e-01 -6.427876e-01  0.000000e+00
   outer loop
     vertex  1.762386e+01 -1.524507e+01  2.000000e+00
     vertex  1.762386e+01 -1.524507e+01  0.000000e+00
     vertex  1.807381e+01 -1.470884e+01  0.000000e+00
   endloop
 endfacet
 facet normal  7.660444e-01 -6.427876e-01  0.000000e+00
   outer loop
     vertex  1.762386e+01 -1.524507e+01  2.000000e+00
     vertex  1.807381e+01 -1.470884e+01  0.000000e+00
     vertex  1.807381e+01 -1.470884e+01  2.000000e+00
   endloop
 endfacet
 facet normal  6.427876e-01  7.660444e-01  0.000000e+00
   outer loop
     vertex  1.892426e+01 -1.633623e+01  2.000000e+00
     vertex  1.892426e+01 -1.633623e+01  0.000000e+00
     vertex  1.762386e+01 -1.524507e+01  0.000000e+00
   endloop
 endfacet
 facet normal  6.427876e-01  7.660444e-01  0.000000e+00
   outer loop
     vertex  1.892426e+01 -1.633623e+01  2.000000e+00
     vertex  1.762386e+01 -1.524507e+01  0.000000e+00
     vertex  1.762386e+01 -1.524507e+01  2.000000e+00
   endloop
 endfacet
 facet normal  6.626437e-01 -7.489348e-01  0.000000e+00
   outer loop
     vertex  1.679348e+01 -1.851969e+01  2.000000e+00
     vertex  1.633623e+01 -1.892426e+01  2.000000e+00
     vertex  1.633623e+01 -1.892426e+01  0.000000e+00
   endloop
 endfacet
 facet normal  6.626437e-01 -7.489348e-01  0.000000e+00
   outer loop
     vertex  1.679348e+01 -1.851969e+01  2.000000e+00
     vertex  1.633623e+01 -1.892426e+01  0.000000e+00
     vertex  1.679348e+01 -1.851969e+01  0.000000e+00
   endloop
 endfacet
 facet normal  6.807347e-01 -7.325300e-01  0.000000e+00
   outer loop
     vertex  1.724072e+01 -1.810408e+01  2.000000e+00
     vertex  1.679348e+01 -1.851969e+01  0.000000e+00
     vertex  1.724072e+01 -1.810408e+01  0.000000e+00
   endloop
 endfacet
 facet normal  6.807347e-01 -7.325300e-01  0.000000e+00
   outer loop
     vertex  1.724072e+01 -1.810408e+01  2.000000e+00
     vertex  1.679348e+01 -1.851969e+01  2.000000e+00
     vertex  1.679348e+01 -1.851969e+01  0.000000e+00
   endloop
 endfacet
 facet normal  6.984198e-01 -7.156883e-01  0.000000e+00
   outer loop
     vertex  1.767767e+01 -1.767767e+01  2.000000e+00
     vertex  1.724072e+01 -1.810408e+01  0.000000e+00
     vertex  1.767767e+01 -1.767767e+01  0.000000e+00
   endloop
 endfacet
 facet normal  6.984198e-01 -7.156883e-01  0.000000e+00
   outer loop
     vertex  1.767767e+01 -1.767767e+01  2.000000e+00
     vertex  1.724072e+01 -1.810408e+01  2.000000e+00
     vertex  1.724072e+01 -1.810408e+01  0.000000e+00
   endloop
 endfacet
 facet normal  7.156883e-01 -6.984198e-01  0.000000e+00
   outer loop
     vertex  1.810408e+01 -1.724072e+01  2.000000e+00
     vertex  1.767767e+01 -1.767767e+01  0.000000e+00
     vertex  1.810408e+01 -1.724072e+01  0.000000e+00
   endloop
 endfacet
 facet normal  7.156883e-01 -6.984198e-01  0.000000e+00
   outer loop
     vertex  1.810408e+01 -1.724072e+01  2.000000e+00
     vertex  1.767767e+01 -1.767767e+01  2.000000e+00
     vertex  1.767767e+01 -1.767767e+01  0.000000e+00
   endloop
 endfacet
 facet normal  7.325300e-01 -6.807347e-01  0.000000e+00
   outer loop
     vertex  1.851969e+01 -1.679348e+01  2.000000e+00
     vertex  1.810408e+01 -1.724072e+01  0.000000e+00
     vertex  1.851969e+01 -1.679348e+01  0.000000e+00
   endloop
 endfacet
 facet normal  7.325300e-01 -6.807347e-01  0.000000e+00
   outer loop
     vertex  1.851969e+01 -1.679348e+01  2.000000e+00
     vertex  1.810408e+01 -1.724072e+01  2.000000e+00
     vertex  1.810408e+01 -1.724072e+01  0.000000e+00
   endloop
 endfacet
 facet normal  7.489348e-01 -6.626437e-01  0.000000e+00
   outer loop
     vertex  1.892426e+01 -1.633623e+01  2.000000e+00
     vertex  1.851969e+01 -1.679348e+01  0.000000e+00
     vertex  1.892426e+01 -1.633623e+01  0.000000e+00
   endloop
 endfacet
 facet normal  7.489348e-01 -6.626437e-01  0.000000e+00
   outer loop
     vertex  1.892426e+01 -1.633623e+01  2.000000e+00
     vertex  1.851969e+01 -1.679348e+01  2.000000e+00
     vertex  1.851969e+01 -1.679348e+01  0.000000e+00
   endloop
 endfacet
 facet normal -7.660444e-01 -6.427876e-01 -0.000000e+00
   outer loop
     vertex  1.633623e+01 -1.892426e+01  2.000000e+00
     vertex  1.524507e+01 -1.762386e+01  0.000000e+00
     vertex  1.633623e+01 -1.892426e+01  0.000000e+00
   endloop
 endfacet
 facet normal -7.660444e-01 -6.427876e-01  0.000000e+00
   outer loop
     vertex  1.633623e+01 -1.892426e+01  2.000000e+00
     vertex  1.524507e+01 -1.762386e+01  2.000000e+00
     vertex  1.524507e+01 -1.762386e+01  0.000000e+00
   endloop
 endfacet
 facet normal  6.427876e-01 -7.660444e-01  0.000000e+00
   outer loop
     vertex  1.470884e+01 -1.807381e+01  2.000000e+00
     vertex  1.470884e+01 -1.807381e+01  0.000000e+00
     vertex  1.524507e+01 -1.762386e+01  0.000000e+00
   endloop
 endfacet
 facet normal  6.427876e-01 -7.660444e-01  0.000000e+00
   outer loop
     vertex  1.470884e+01 -1.807381e+01  2.000000e+00
     vertex  1.524507e+01 -1.762386e+01  0.000000e+00
     vertex  1.524507e+01 -1.762386e+01  2.000000e+00
   endloop
 endfacet
 facet normal  7.660444e-01  6.427876e-01  0.000000e+00
   outer loop
     vertex  1.580000e+01 -1.937421e+01  2.000000e+00
     vertex  1.580000e+01 -1.937421e+01  0.000000e+00
     vertex  1.470884e+01 -1.807381e+01  0.000000e+00
   endloop
 endfacet
 facet normal  7.660444e-01  6.427876e-01  0.000000e+00
   outer loop
     vertex  1.580000e+01 -1.937421e+01  2.000000e+00
     vertex  1.470884e+01 -1.807381e+01  0.000000e+00
     vertex  1.470884e+01 -1.807381e+01  2.000000e+00
   endloop
 endfacet
 facet normal  5.287649e-01 -8.487683e-01  0.000000e+00
   outer loop
     vertex  1.346320e+01 -2.106519e+01  2.000000e+00
     vertex  1.297329e+01 -2.137040e+01  2.000000e+00
     vertex  1.297329e+01 -2.137040e+01  0.000000e+00
   endloop
 endfacet
 facet normal  5.287649e-01 -8.487683e-01  0.000000e+00
   outer loop
     vertex  1.346320e+01 -2.106519e+01  2.000000e+00
     vertex  1.297329e+01 -2.137040e+01  0.000000e+00
     vertex  1.346320e+01 -2.106519e+01  0.000000e+00
   endloop
 endfacet
 facet normal  5.482190e-01 -8.363348e-01  0.000000e+00
   outer loop
     vertex  1.394593e+01 -2.074876e+01  2.000000e+00
     vertex  1.346320e+01 -2.106519e+01  0.000000e+00
     vertex  1.394593e+01 -2.074876e+01  0.000000e+00
   endloop
 endfacet
 facet normal  5.482190e-01 -8.363348e-01  0.000000e+00
   outer loop
     vertex  1.394593e+01 -2.074876e+01  2.000000e+00
     vertex  1.346320e+01 -2.106519e+01  2.000000e+00
     vertex  1.346320e+01 -2.106519e+01  0.000000e+00
   endloop
 endfacet
 facet normal  5.673808e-01 -8.234555e-01  0.000000e+00
   outer loop
     vertex  1.442122e+01 -2.042127e+01  2.000000e+00
     vertex  1.394593e+01 -2.074876e+01  0.000000e+00
     vertex  1.442122e+01 -2.042127e+01  0.000000e+00
   endloop
 endfacet
 facet normal  5.673808e-01 -8.234555e-01  0.000000e+00
   outer loop
     vertex  1.442122e+01 -2.042127e+01  2.000000e+00
     vertex  1.394593e+01 -2.074876e+01  2.000000e+00
     vertex  1.394593e+01 -2.074876e+01  0.000000e+00
   endloop
 endfacet
 facet normal  5.862402e-01 -8.101373e-01  0.000000e+00
   outer loop
     vertex  1.488883e+01 -2.008289e+01  2.000000e+00
     vertex  1.442122e+01 -2.042127e+01  0.000000e+00
     vertex  1.488883e+01 -2.008289e+01  0.000000e+00
   endloop
 endfacet
 facet normal  5.862402e-01 -8.101373e-01  0.000000e+00
   outer loop
     vertex  1.488883e+01 -2.008289e+01  2.000000e+00
     vertex  1.442122e+01 -2.042127e+01  2.000000e+00
     vertex  1.442122e+01 -2.042127e+01  0.000000e+00
   endloop
 endfacet
 facet normal  6.047871e-01 -7.963872e-01  0.000000e+00
   outer loop
     vertex  1.534851e+01 -1.973381e+01  2.000000e+00
     vertex  1.488883e+01 -2.008289e+01  0.000000e+00
     vertex  1.534851e+01 -1.973381e+01  0.000000e+00
   endloop
 endfacet
 facet normal  6.047871e-01 -7.963872e-01  0.000000e+00
   outer loop
     vertex  1.534851e+01 -1.973381e+01  2.000000e+00
     vertex  1.488883e+01 -2.008289e+01  2.000000e+00
     vertex  1.488883e+01 -2.008289e+01  0.000000e+00
   endloop
 endfacet
 facet normal  6.230117e-01 -7.822125e-01  0.000000e+00
   outer loop
     vertex  1.580000e+01 -1.937421e+01  2.000000e+00
     vertex  1.534851e+01 -1.973381e+01  0.000000e+00
     vertex  1.580000e+01 -1.937421e+01  0.000000e+00
   endloop
 endfacet
 facet normal  6.230117e-01 -7.822125e-01  0.000000e+00
   outer loop
     vertex  1.580000e+01 -1.937421e+01  2.000000e+00
     vertex  1.534851e+01 -1.973381e+01  2.000000e+00
     vertex  1.534851e+01 -1.973381e+01  0.000000e+00
   endloop
 endfacet
 facet normal -8.660254e-01 -5.000000e-01 -0.000000e+00
   outer loop
     vertex  1.297329e+01 -2.137040e+01  2.000000e+00
     vertex  1.147631e+01 -1.877756e+01  0.000000e+00
     vertex  1.297329e+01 -2.137040e+01  0.000000e+00
   endloop
 endfacet
 facet normal -8.660254e-01 -5.000000e-01  0.000000e+00
   outer loop
     vertex  1.297329e+01 -2.137040e+01  2.000000e+00
     vertex  1.147631e+01 -1.877756e+01  2.000000e+00
     vertex  1.147631e+01 -1.877756e+01  0.000000e+00
   endloop
 endfacet
 facet normal  5.000000e-01 -8.660254e-01  0.000000e+00
   outer loop
     vertex  1.052369e+01 -1.932756e+01  2.000000e+00
     vertex  1.052369e+01 -1.932756e+01  0.000000e+00
     vertex  1.147631e+01 -1.877756e+01  0.000000e+00
   endloop
 endfacet
 facet normal  5.000000e-01 -8.660254e-01  0.000000e+00
   outer loop
     vertex  1.052369e+01 -1.932756e+01  2.000000e+00
     vertex  1.147631e+01 -1.877756e+01  0.000000e+00
     vertex  1.147631e+01 -1.877756e+01  2.000000e+00
   endloop
 endfacet
 facet normal  8.660254e-01  5.000000e-01  0.000000e+00
   outer loop
     vertex  1.202066e+01 -2.192040e+01  2.000000e+00
     vertex  1.202066e+01 -2.192040e+01  0.000000e+00
     vertex  1.052369e+01 -1.932756e+01  0.000000e+00
   endloop
 endfacet
 facet normal  8.660254e-01  5.000000e-01  0.000000e+00
   outer loop
     vertex  1.202066e+01 -2.192040e+01  2.000000e+00
     vertex  1.052369e+01 -1.932756e+01  0.000000e+00
     vertex  1.052369e+01 -1.932756e+01  2.000000e+00
   endloop
 endfacet
 facet normal  3.659101e-01 -9.306502e-01  0.000000e+00
   outer loop
     vertex  8.878558e+00 -2.337031e+01  2.000000e+00
     vertex  8.878558e+00 -2.337031e+01  0.000000e+00
     vertex  9.415728e+00 -2.315910e+01  0.000000e+00
   endloop
 endfacet
 facet normal  3.659101e-01 -9.306502e-01  0.000000e+00
   outer loop
     vertex  9.415728e+00 -2.315910e+01  2.000000e+00
     vertex  8.878558e+00 -2.337031e+01  2.000000e+00
     vertex  9.415728e+00 -2.315910e+01  0.000000e+00
   endloop
 endfacet
 facet normal  3.872979e-01 -9.219546e-01  0.000000e+00
   outer loop
     vertex  9.947879e+00 -2.293556e+01  2.000000e+00
     vertex  9.415728e+00 -2.315910e+01  0.000000e+00
     vertex  9.947879e+00 -2.293556e+01  0.000000e+00
   endloop
 endfacet
 facet normal  3.872979e-01 -9.219546e-01  0.000000e+00
   outer loop
     vertex  9.947879e+00 -2.293556e+01  2.000000e+00
     vertex  9.415728e+00 -2.315910e+01  2.000000e+00
     vertex  9.415728e+00 -2.315910e+01  0.000000e+00
   endloop
 endfacet
 facet normal  4.084793e-01 -9.127676e-01  0.000000e+00
   outer loop
     vertex  1.047473e+01 -2.269978e+01  2.000000e+00
     vertex  9.947879e+00 -2.293556e+01  0.000000e+00
     vertex  1.047473e+01 -2.269978e+01  0.000000e+00
   endloop
 endfacet
 facet normal  4.084793e-01 -9.127676e-01  0.000000e+00
   outer loop
     vertex  1.047473e+01 -2.269978e+01  2.000000e+00
     vertex  9.947879e+00 -2.293556e+01  2.000000e+00
     vertex  9.947879e+00 -2.293556e+01  0.000000e+00
   endloop
 endfacet
 facet normal  4.294430e-01 -9.030940e-01  0.000000e+00
   outer loop
     vertex  1.099599e+01 -2.245191e+01  2.000000e+00
     vertex  1.047473e+01 -2.269978e+01  0.000000e+00
     vertex  1.099599e+01 -2.245191e+01  0.000000e+00
   endloop
 endfacet
 facet normal  4.294430e-01 -9.030940e-01  0.000000e+00
   outer loop
     vertex  1.099599e+01 -2.245191e+01  2.000000e+00
     vertex  1.047473e+01 -2.269978e+01  2.000000e+00
     vertex  1.047473e+01 -2.269978e+01  0.000000e+00
   endloop
 endfacet
 facet normal  4.501777e-01 -8.929390e-01  0.000000e+00
   outer loop
     vertex  1.151139e+01 -2.219207e+01  2.000000e+00
     vertex  1.099599e+01 -2.245191e+01  0.000000e+00
     vertex  1.151139e+01 -2.219207e+01  0.000000e+00
   endloop
 endfacet
 facet normal  4.501777e-01 -8.929390e-01  0.000000e+00
   outer loop
     vertex  1.151139e+01 -2.219207e+01  2.000000e+00
     vertex  1.099599e+01 -2.245191e+01  2.000000e+00
     vertex  1.099599e+01 -2.245191e+01  0.000000e+00
   endloop
 endfacet
 facet normal  4.706725e-01 -8.823080e-01  0.000000e+00
   outer loop
     vertex  1.202066e+01 -2.192040e+01  2.000000e+00
     vertex  1.151139e+01 -2.219207e+01  0.000000e+00
     vertex  1.202066e+01 -2.192040e+01  0.000000e+00
   endloop
 endfacet
 facet normal  4.706725e-01 -8.823080e-01  0.000000e+00
   outer loop
     vertex  1.202066e+01 -2.192040e+01  2.000000e+00
     vertex  1.151139e+01 -2.219207e+01  2.000000e+00
     vertex  1.151139e+01 -2.219207e+01  0.000000e+00
   endloop
 endfacet
 facet normal -9.396926e-01 -3.420201e-01 -0.000000e+00
   outer loop
     vertex  8.878558e+00 -2.337031e+01  2.000000e+00
     vertex  8.297962e+00 -2.177513e+01  0.000000e+00
     vertex  8.878558e+00 -2.337031e+01  0.000000e+00
   endloop
 endfacet
 facet normal -9.396926e-01 -3.420201e-01  0.000000e+00
   outer loop
     vertex  8.878558e+00 -2.337031e+01  2.000000e+00
     vertex  8.297962e+00 -2.177513e+01  2.000000e+00
     vertex  8.297962e+00 -2.177513e+01  0.000000e+00
   endloop
 endfacet
 facet normal  3.420201e-01 -9.396926e-01  0.000000e+00
   outer loop
     vertex  7.640177e+00 -2.201455e+01  2.000000e+00
     vertex  7.640177e+00 -2.201455e+01  0.000000e+00
     vertex  8.297962e+00 -2.177513e+01  0.000000e+00
   endloop
 endfacet
 facet normal  3.420201e-01 -9.396926e-01  0.000000e+00
   outer loop
     vertex  7.640177e+00 -2.201455e+01  2.000000e+00
     vertex  8.297962e+00 -2.177513e+01  0.000000e+00
     vertex  8.297962e+00 -2.177513e+01  2.000000e+00
   endloop
 endfacet
 facet normal  9.396926e-01  3.420201e-01  0.000000e+00
   outer loop
     vertex  8.220773e+00 -2.360972e+01  2.000000e+00
     vertex  8.220773e+00 -2.360972e+01  0.000000e+00
     vertex  7.640177e+00 -2.201455e+01  0.000000e+00
   endloop
 endfacet
 facet normal  9.396926e-01  3.420201e-01  0.000000e+00
   outer loop
     vertex  8.220773e+00 -2.360972e+01  2.000000e+00
     vertex  7.640177e+00 -2.201455e+01  0.000000e+00
     vertex  7.640177e+00 -2.201455e+01  2.000000e+00
   endloop
 endfacet
 facet normal  1.993988e-01 -9.799184e-01  0.000000e+00
   outer loop
     vertex  5.283736e+00 -2.443526e+01  2.000000e+00
     vertex  4.685462e+00 -2.455700e+01  2.000000e+00
     vertex  4.685462e+00 -2.455700e+01  0.000000e+00
   endloop
 endfacet
 facet normal  1.993988e-01 -9.799184e-01  0.000000e+00
   outer loop
     vertex  5.283736e+00 -2.443526e+01  2.000000e+00
     vertex  4.685462e+00 -2.455700e+01  0.000000e+00
     vertex  5.283736e+00 -2.443526e+01  0.000000e+00
   endloop
 endfacet
 facet normal  2.232686e-01 -9.747570e-01  0.000000e+00
   outer loop
     vertex  5.878859e+00 -2.429895e+01  2.000000e+00
     vertex  5.283736e+00 -2.443526e+01  0.000000e+00
     vertex  5.878859e+00 -2.429895e+01  0.000000e+00
   endloop
 endfacet
 facet normal  2.232686e-01 -9.747570e-01  0.000000e+00
   outer loop
     vertex  5.878859e+00 -2.429895e+01  2.000000e+00
     vertex  5.283736e+00 -2.443526e+01  2.000000e+00
     vertex  5.283736e+00 -2.443526e+01  0.000000e+00
   endloop
 endfacet
 facet normal  2.470051e-01 -9.690142e-01  0.000000e+00
   outer loop
     vertex  6.470476e+00 -2.414815e+01  2.000000e+00
     vertex  5.878859e+00 -2.429895e+01  0.000000e+00
     vertex  6.470476e+00 -2.414815e+01  0.000000e+00
   endloop
 endfacet
 facet normal  2.470051e-01 -9.690142e-01  0.000000e+00
   outer loop
     vertex  6.470476e+00 -2.414815e+01  2.000000e+00
     vertex  5.878859e+00 -2.429895e+01  2.000000e+00
     vertex  5.878859e+00 -2.429895e+01  0.000000e+00
   endloop
 endfacet
 facet normal  2.705944e-01 -9.626935e-01  0.000000e+00
   outer loop
     vertex  7.058234e+00 -2.398294e+01  2.000000e+00
     vertex  6.470476e+00 -2.414815e+01  0.000000e+00
     vertex  7.058234e+00 -2.398294e+01  0.000000e+00
   endloop
 endfacet
 facet normal  2.705944e-01 -9.626935e-01  0.000000e+00
   outer loop
     vertex  7.058234e+00 -2.398294e+01  2.000000e+00
     vertex  6.470476e+00 -2.414815e+01  2.000000e+00
     vertex  6.470476e+00 -2.414815e+01  0.000000e+00
   endloop
 endfacet
 facet normal  2.940222e-01 -9.557986e-01  0.000000e+00
   outer loop
     vertex  7.641782e+00 -2.380343e+01  2.000000e+00
     vertex  7.058234e+00 -2.398294e+01  0.000000e+00
     vertex  7.641782e+00 -2.380343e+01  0.000000e+00
   endloop
 endfacet
 facet normal  2.940222e-01 -9.557986e-01  0.000000e+00
   outer loop
     vertex  7.641782e+00 -2.380343e+01  2.000000e+00
     vertex  7.058234e+00 -2.398294e+01  2.000000e+00
     vertex  7.058234e+00 -2.398294e+01  0.000000e+00
   endloop
 endfacet
 facet normal  3.172748e-01 -9.483337e-01  0.000000e+00
   outer loop
     vertex  8.220773e+00 -2.360972e+01  2.000000e+00
     vertex  7.641782e+00 -2.380343e+01  0.000000e+00
     vertex  8.220773e+00 -2.360972e+01  0.000000e+00
   endloop
 endfacet
 facet normal  3.172748e-01 -9.483337e-01  0.000000e+00
   outer loop
     vertex  8.220773e+00 -2.360972e+01  2.000000e+00
     vertex  7.641782e+00 -2.380343e+01  2.000000e+00
     vertex  7.641782e+00 -2.380343e+01  0.000000e+00
   endloop
 endfacet
 facet normal -9.848078e-01 -1.736482e-01 -0.000000e+00
   outer loop
     vertex  4.685462e+00 -2.455700e+01  2.000000e+00
     vertex  4.390685e+00 -2.288524e+01  0.000000e+00
     vertex  4.685462e+00 -2.455700e+01  0.000000e+00
   endloop
 endfacet
 facet normal -9.848078e-01 -1.736482e-01  0.000000e+00
   outer loop
     vertex  4.685462e+00 -2.455700e+01  2.000000e+00
     vertex  4.390685e+00 -2.288524e+01  2.000000e+00
     vertex  4.390685e+00 -2.288524e+01  0.000000e+00
   endloop
 endfacet
 facet normal  1.736482e-01 -9.848078e-01  0.000000e+00
   outer loop
     vertex  3.701320e+00 -2.300680e+01  2.000000e+00
     vertex  3.701320e+00 -2.300680e+01  0.000000e+00
     vertex  4.390685e+00 -2.288524e+01  0.000000e+00
   endloop
 endfacet
 facet normal  1.736482e-01 -9.848078e-01  0.000000e+00
   outer loop
     vertex  3.701320e+00 -2.300680e+01  2.000000e+00
     vertex  4.390685e+00 -2.288524e+01  0.000000e+00
     vertex  4.390685e+00 -2.288524e+01  2.000000e+00
   endloop
 endfacet
 facet normal  9.848078e-01  1.736482e-01  0.000000e+00
   outer loop
     vertex  3.996096e+00 -2.467856e+01  2.000000e+00
     vertex  3.996096e+00 -2.467856e+01  0.000000e+00
     vertex  3.701320e+00 -2.300680e+01  0.000000e+00
   endloop
 endfacet
 facet normal  9.848078e-01  1.736482e-01  0.000000e+00
   outer loop
     vertex  3.996096e+00 -2.467856e+01  2.000000e+00
     vertex  3.701320e+00 -2.300680e+01  0.000000e+00
     vertex  3.701320e+00 -2.300680e+01  2.000000e+00
   endloop
 endfacet
 facet normal  3.353971e-02 -9.994374e-01  0.000000e+00
   outer loop
     vertex  1.126874e+00 -2.497459e+01  2.000000e+00
     vertex  5.500000e-01 -2.499395e+01  2.000000e+00
     vertex  5.500000e-01 -2.499395e+01  0.000000e+00
   endloop
 endfacet
 facet normal  3.353971e-02 -9.994374e-01  0.000000e+00
   outer loop
     vertex  1.126874e+00 -2.497459e+01  2.000000e+00
     vertex  5.500000e-01 -2.499395e+01  0.000000e+00
     vertex  1.126874e+00 -2.497459e+01  0.000000e+00
   endloop
 endfacet
 facet normal  5.660418e-02 -9.983967e-01  0.000000e+00
   outer loop
     vertex  1.703147e+00 -2.494192e+01  2.000000e+00
     vertex  1.126874e+00 -2.497459e+01  0.000000e+00
     vertex  1.703147e+00 -2.494192e+01  0.000000e+00
   endloop
 endfacet
 facet normal  5.660418e-02 -9.983967e-01  0.000000e+00
   outer loop
     vertex  1.703147e+00 -2.494192e+01  2.000000e+00
     vertex  1.126874e+00 -2.497459e+01  2.000000e+00
     vertex  1.126874e+00 -2.497459e+01  0.000000e+00
   endloop
 endfacet
 facet normal  7.963847e-02 -9.968238e-01  0.000000e+00
   outer loop
     vertex  2.278512e+00 -2.489595e+01  2.000000e+00
     vertex  1.703147e+00 -2.494192e+01  0.000000e+00
     vertex  2.278512e+00 -2.489595e+01  0.000000e+00
   endloop
 endfacet
 facet normal  7.963847e-02 -9.968238e-01  0.000000e+00
   outer loop
     vertex  2.278512e+00 -2.489595e+01  2.000000e+00
     vertex  1.703147e+00 -2.494192e+01  2.000000e+00
     vertex  1.703147e+00 -2.494192e+01  0.000000e+00
   endloop
 endfacet
 facet normal  1.026303e-01 -9.947196e-01  0.000000e+00
   outer loop
     vertex  2.852662e+00 -2.483671e+01  2.000000e+00
     vertex  2.278512e+00 -2.489595e+01  0.000000e+00
     vertex  2.852662e+00 -2.483671e+01  0.000000e+00
   endloop
 endfacet
 facet normal  1.026303e-01 -9.947196e-01  0.000000e+00
   outer loop
     vertex  2.852662e+00 -2.483671e+01  2.000000e+00
     vertex  2.278512e+00 -2.489595e+01  2.000000e+00
     vertex  2.278512e+00 -2.489595e+01  0.000000e+00
   endloop
 endfacet
 facet normal  1.255675e-01 -9.920851e-01  0.000000e+00
   outer loop
     vertex  3.425292e+00 -2.476424e+01  2.000000e+00
     vertex  2.852662e+00 -2.483671e+01  0.000000e+00
     vertex  3.425292e+00 -2.476424e+01  0.000000e+00
   endloop
 endfacet
 facet normal  1.255675e-01 -9.920851e-01  0.000000e+00
   outer loop
     vertex  3.425292e+00 -2.476424e+01  2.000000e+00
     vertex  2.852662e+00 -2.483671e+01  2.000000e+00
     vertex  2.852662e+00 -2.483671e+01  0.000000e+00
   endloop
 endfacet
 facet normal  1.484377e-01 -9.889218e-01  0.000000e+00
   outer loop
     vertex  3.996096e+00 -2.467856e+01  2.000000e+00
     vertex  3.425292e+00 -2.476424e+01  0.000000e+00
     vertex  3.996096e+00 -2.467856e+01  0.000000e+00
   endloop
 endfacet
 facet normal  1.484377e-01 -9.889218e-01  0.000000e+00
   outer loop
     vertex  3.996096e+00 -2.467856e+01  2.000000e+00
     vertex  3.425292e+00 -2.476424e+01  2.000000e+00
     vertex  3.425292e+00 -2.476424e+01  0.000000e+00
   endloop
 endfacet
 facet normal -9.999059e-01 -1.371831e-02  0.000000e+00
   outer loop
     vertex  1.799323e+01  4.938129e-01  2.000000e+00
     vertex  1.800000e+01 -4.408728e-15  0.000000e+00
     vertex  1.800000e+01 -4.408728e-15  2.000000e+00
   endloop
 endfacet
 facet normal -9.999059e-01 -1.371831e-02 -0.000000e+00
   outer loop
     vertex  1.799323e+01  4.938129e-01  2.000000e+00
     vertex  1.799323e+01  4.938129e-01  0.000000e+00
     vertex  1.800000e+01 -4.408728e-15  0.000000e+00
   endloop
 endfacet
 facet normal -9.991532e-01 -4.114462e-02 -0.000000e+00
   outer loop
     vertex  1.797291e+01  9.872540e-01  2.000000e+00
     vertex  1.797291e+01  9.872540e-01  0.000000e+00
     vertex  1.799323e+01  4.938129e-01  0.000000e+00
   endloop
 endfacet
 facet normal -9.991532e-01 -4.114462e-02  0.000000e+00
   outer loop
     vertex  1.797291e+01  9.872540e-01  2.000000e+00
     vertex  1.799323e+01  4.938129e-01  0.000000e+00
     vertex  1.799323e+01  4.938129e-01  2.000000e+00
   endloop
 endfacet
 facet normal -9.976484e-01 -6.853995e-02 -0.000000e+00
   outer loop
     vertex  1.793906e+01  1.479952e+00  2.000000e+00
     vertex  1.793906e+01  1.479952e+00  0.000000e+00
     vertex  1.797291e+01  9.872540e-01  0.000000e+00
   endloop
 endfacet
 facet normal -9.976484e-01 -6.853995e-02  0.000000e+00
   outer loop
     vertex  1.793906e+01  1.479952e+00  2.000000e+00
     vertex  1.797291e+01  9.872540e-01  0.000000e+00
     vertex  1.797291e+01  9.872540e-01  2.000000e+00
   endloop
 endfacet
 facet normal -9.953925e-01 -9.588368e-02 -0.000000e+00
   outer loop
     vertex  1.789170e+01  1.971536e+00  2.000000e+00
     vertex  1.789170e+01  1.971536e+00  0.000000e+00
     vertex  1.793906e+01  1.479952e+00  0.000000e+00
   endloop
 endfacet
 facet normal -9.953925e-01 -9.588368e-02  0.000000e+00
   outer loop
     vertex  1.789170e+01  1.971536e+00  2.000000e+00
     vertex  1.793906e+01  1.479952e+00  0.000000e+00
     vertex  1.793906e+01  1.479952e+00  2.000000e+00
   endloop
 endfacet
 facet normal -9.923874e-01 -1.231552e-01 -0.000000e+00
   outer loop
     vertex  1.783088e+01  2.461636e+00  2.000000e+00
     vertex  1.783088e+01  2.461636e+00  0.000000e+00
     vertex  1.789170e+01  1.971536e+00  0.000000e+00
   endloop
 endfacet
 facet normal -9.923874e-01 -1.231552e-01  0.000000e+00
   outer loop
     vertex  1.783088e+01  2.461636e+00  2.000000e+00
     vertex  1.789170e+01  1.971536e+00  0.000000e+00
     vertex  1.789170e+01  1.971536e+00  2.000000e+00
   endloop
 endfacet
 facet normal -9.886353e-01 -1.503341e-01 -0.000000e+00
   outer loop
     vertex  1.775664e+01  2.949882e+00  2.000000e+00
     vertex  1.775664e+01  2.949882e+00  0.000000e+00
     vertex  1.783088e+01  2.461636e+00  0.000000e+00
   endloop
 endfacet
 facet normal -9.886353e-01 -1.503341e-01  0.000000e+00
   outer loop
     vertex  1.775664e+01  2.949882e+00  2.000000e+00
     vertex  1.783088e+01  2.461636e+00  0.000000e+00
     vertex  1.783088e+01  2.461636e+00  2.000000e+00
   endloop
 endfacet
 facet normal -9.841389e-01 -1.773998e-01 -0.000000e+00
   outer loop
     vertex  1.766903e+01  3.435909e+00  2.000000e+00
     vertex  1.766903e+01  3.435909e+00  0.000000e+00
     vertex  1.775664e+01  2.949882e+00  0.000000e+00
   endloop
 endfacet
 facet normal -9.841389e-01 -1.773998e-01  0.000000e+00
   outer loop
     vertex  1.766903e+01  3.435909e+00  2.000000e+00
     vertex  1.775664e+01  2.949882e+00  0.000000e+00
     vertex  1.775664e+01  2.949882e+00  2.000000e+00
   endloop
 endfacet
 facet normal -9.789017e-01 -2.043319e-01 -0.000000e+00
   outer loop
     vertex  1.756812e+01  3.919348e+00  2.000000e+00
     vertex  1.756812e+01  3.919348e+00  0.000000e+00
     vertex  1.766903e+01  3.435909e+00  0.000000e+00
   endloop
 endfacet
 facet normal -9.789017e-01 -2.043319e-01  0.000000e+00
   outer loop
     vertex  1.756812e+01  3.919348e+00  2.000000e+00
     vertex  1.766903e+01  3.435909e+00  0.000000e+00
     vertex  1.766903e+01  3.435909e+00  2.000000e+00
   endloop
 endfacet
 facet normal -9.729276e-01 -2.311102e-01 -0.000000e+00
   outer loop
     vertex  1.745398e+01  4.399838e+00  2.000000e+00
     vertex  1.745398e+01  4.399838e+00  0.000000e+00
     vertex  1.756812e+01  3.919348e+00  0.000000e+00
   endloop
 endfacet
 facet normal -9.729276e-01 -2.311102e-01  0.000000e+00
   outer loop
     vertex  1.745398e+01  4.399838e+00  2.000000e+00
     vertex  1.756812e+01  3.919348e+00  0.000000e+00
     vertex  1.756812e+01  3.919348e+00  2.000000e+00
   endloop
 endfacet
 facet normal -9.662211e-01 -2.577146e-01  0.000000e+00
   outer loop
     vertex  1.732671e+01  4.877015e+00  2.000000e+00
     vertex  1.745398e+01  4.399838e+00  0.000000e+00
     vertex  1.745398e+01  4.399838e+00  2.000000e+00
   endloop
 endfacet
 facet normal -9.662211e-01 -2.577146e-01 -0.000000e+00
   outer loop
     vertex  1.732671e+01  4.877015e+00  2.000000e+00
     vertex  1.732671e+01  4.877015e+00  0.000000e+00
     vertex  1.745398e+01  4.399838e+00  0.000000e+00
   endloop
 endfacet
 facet normal -9.587873e-01 -2.841250e-01  0.000000e+00
   outer loop
     vertex  1.718639e+01  5.350521e+00  2.000000e+00
     vertex  1.732671e+01  4.877015e+00  0.000000e+00
     vertex  1.732671e+01  4.877015e+00  2.000000e+00
   endloop
 endfacet
 facet normal -9.587873e-01 -2.841250e-01 -0.000000e+00
   outer loop
     vertex  1.718639e+01  5.350521e+00  2.000000e+00
     vertex  1.718639e+01  5.350521e+00  0.000000e+00
     vertex  1.732671e+01  4.877015e+00  0.000000e+00
   endloop
 endfacet
 facet normal -9.506317e-01 -3.103214e-01  0.000000e+00
   outer loop
     vertex  1.703313e+01  5.819999e+00  2.000000e+00
     vertex  1.718639e+01  5.350521e+00  0.000000e+00
     vertex  1.718639e+01  5.350521e+00  2.000000e+00
   endloop
 endfacet
 facet normal -9.506317e-01 -3.103214e-01 -0.000000e+00
   outer loop
     vertex  1.703313e+01  5.819999e+00  2.000000e+00
     vertex  1.703313e+01  5.819999e+00  0.000000e+00
     vertex  1.718639e+01  5.350521e+00  0.000000e+00
   endloop
 endfacet
 facet normal -9.417605e-01 -3.362843e-01 -0.000000e+00
   outer loop
     vertex  1.703313e+01  5.819999e+00  2.000000e+00
     vertex  1.686706e+01  6.285097e+00  0.000000e+00
     vertex  1.703313e+01  5.819999e+00  0.000000e+00
   endloop
 endfacet
 facet normal -9.417605e-01 -3.362843e-01 -0.000000e+00
   outer loop
     vertex  1.686706e+01  6.285097e+00  2.000000e+00
     vertex  1.686706e+01  6.285097e+00  0.000000e+00
     vertex  1.703313e+01  5.819999e+00  2.000000e+00
   endloop
 endfacet
 facet normal -9.321804e-01 -3.619940e-01  0.000000e+00
   outer loop
     vertex  1.668828e+01  6.745463e+00  2.000000e+00
     vertex  1.686706e+01  6.285097e+00  0.000000e+00
     vertex  1.686706e+01  6.285097e+00  2.000000e+00
   endloop
 endfacet
 facet normal -9.321804e-01 -3.619940e-01 -0.000000e+00
   outer loop
     vertex  1.668828e+01  6.745463e+00  2.000000e+00
     vertex  1.668828e+01  6.745463e+00  0.000000e+00
     vertex  1.686706e+01  6.285097e+00  0.000000e+00
   endloop
 endfacet
 facet normal -9.218986e-01 -3.874313e-01 -0.000000e+00
   outer loop
     vertex  1.668828e+01  6.745463e+00  2.000000e+00
     vertex  1.649694e+01  7.200751e+00  0.000000e+00
     vertex  1.668828e+01  6.745463e+00  0.000000e+00
   endloop
 endfacet
 facet normal -9.218986e-01 -3.874313e-01 -0.000000e+00
   outer loop
     vertex  1.649694e+01  7.200751e+00  2.000000e+00
     vertex  1.649694e+01  7.200751e+00  0.000000e+00
     vertex  1.668828e+01  6.745463e+00  2.000000e+00
   endloop
 endfacet
 facet normal -9.109228e-01 -4.125769e-01  0.000000e+00
   outer loop
     vertex  1.629319e+01  7.650619e+00  2.000000e+00
     vertex  1.649694e+01  7.200751e+00  0.000000e+00
     vertex  1.649694e+01  7.200751e+00  2.000000e+00
   endloop
 endfacet
 facet normal -9.109228e-01 -4.125769e-01 -0.000000e+00
   outer loop
     vertex  1.629319e+01  7.650619e+00  2.000000e+00
     vertex  1.629319e+01  7.650619e+00  0.000000e+00
     vertex  1.649694e+01  7.200751e+00  0.000000e+00
   endloop
 endfacet
 facet normal -8.992613e-01 -4.374119e-01  0.000000e+00
   outer loop
     vertex  1.607717e+01  8.094727e+00  2.000000e+00
     vertex  1.629319e+01  7.650619e+00  0.000000e+00
     vertex  1.629319e+01  7.650619e+00  2.000000e+00
   endloop
 endfacet
 facet normal -8.992613e-01 -4.374119e-01 -0.000000e+00
   outer loop
     vertex  1.607717e+01  8.094727e+00  2.000000e+00
     vertex  1.607717e+01  8.094727e+00  0.000000e+00
     vertex  1.629319e+01  7.650619e+00  0.000000e+00
   endloop
 endfacet
 facet normal -8.869228e-01 -4.619176e-01 -0.000000e+00
   outer loop
     vertex  1.607717e+01  8.094727e+00  2.000000e+00
     vertex  1.584905e+01  8.532742e+00  0.000000e+00
     vertex  1.607717e+01  8.094727e+00  0.000000e+00
   endloop
 endfacet
 facet normal -8.869228e-01 -4.619176e-01 -0.000000e+00
   outer loop
     vertex  1.584905e+01  8.532742e+00  2.000000e+00
     vertex  1.584905e+01  8.532742e+00  0.000000e+00
     vertex  1.607717e+01  8.094727e+00  2.000000e+00
   endloop
 endfacet
 facet normal -8.739167e-01 -4.860756e-01  0.000000e+00
   outer loop
     vertex  1.560899e+01  8.964334e+00  2.000000e+00
     vertex  1.584905e+01  8.532742e+00  0.000000e+00
     vertex  1.584905e+01  8.532742e+00  2.000000e+00
   endloop
 endfacet
 facet normal -8.739167e-01 -4.860756e-01 -0.000000e+00
   outer loop
     vertex  1.560899e+01  8.964334e+00  2.000000e+00
     vertex  1.560899e+01  8.964334e+00  0.000000e+00
     vertex  1.584905e+01  8.532742e+00  0.000000e+00
   endloop
 endfacet
 facet normal -8.602528e-01 -5.098678e-01  0.000000e+00
   outer loop
     vertex  1.535719e+01  9.389178e+00  2.000000e+00
     vertex  1.560899e+01  8.964334e+00  0.000000e+00
     vertex  1.560899e+01  8.964334e+00  2.000000e+00
   endloop
 endfacet
 facet normal -8.602528e-01 -5.098678e-01 -0.000000e+00
   outer loop
     vertex  1.535719e+01  9.389178e+00  2.000000e+00
     vertex  1.535719e+01  9.389178e+00  0.000000e+00
     vertex  1.560899e+01  8.964334e+00  0.000000e+00
   endloop
 endfacet
 facet normal -8.459413e-01 -5.332761e-01  0.000000e+00
   outer loop
     vertex  1.509383e+01  9.806954e+00  2.000000e+00
     vertex  1.535719e+01  9.389178e+00  0.000000e+00
     vertex  1.535719e+01  9.389178e+00  2.000000e+00
   endloop
 endfacet
 facet normal -8.459413e-01 -5.332761e-01 -0.000000e+00
   outer loop
     vertex  1.509383e+01  9.806954e+00  2.000000e+00
     vertex  1.509383e+01  9.806954e+00  0.000000e+00
     vertex  1.535719e+01  9.389178e+00  0.000000e+00
   endloop
 endfacet
 facet normal -8.309929e-01 -5.562829e-01 -0.000000e+00
   outer loop
     vertex  1.481910e+01  1.021735e+01  2.000000e+00
     vertex  1.481910e+01  1.021735e+01  0.000000e+00
     vertex  1.509383e+01  9.806954e+00  0.000000e+00
   endloop
 endfacet
 facet normal -8.309929e-01 -5.562829e-01  0.000000e+00
   outer loop
     vertex  1.481910e+01  1.021735e+01  2.000000e+00
     vertex  1.509383e+01  9.806954e+00  0.000000e+00
     vertex  1.509383e+01  9.806954e+00  2.000000e+00
   endloop
 endfacet
 facet normal -8.154191e-01 -5.788711e-01 -0.000000e+00
   outer loop
     vertex  1.453322e+01  1.062005e+01  2.000000e+00
     vertex  1.453322e+01  1.062005e+01  0.000000e+00
     vertex  1.481910e+01  1.021735e+01  0.000000e+00
   endloop
 endfacet
 facet normal -8.154191e-01 -5.788711e-01  0.000000e+00
   outer loop
     vertex  1.453322e+01  1.062005e+01  2.000000e+00
     vertex  1.481910e+01  1.021735e+01  0.000000e+00
     vertex  1.481910e+01  1.021735e+01  2.000000e+00
   endloop
 endfacet
 facet normal -7.992314e-01 -6.010234e-01 -0.000000e+00
   outer loop
     vertex  1.423640e+01  1.101476e+01  2.000000e+00
     vertex  1.423640e+01  1.101476e+01  0.000000e+00
     vertex  1.453322e+01  1.062005e+01  0.000000e+00
   endloop
 endfacet
 facet normal -7.992314e-01 -6.010234e-01  0.000000e+00
   outer loop
     vertex  1.423640e+01  1.101476e+01  2.000000e+00
     vertex  1.453322e+01  1.062005e+01  0.000000e+00
     vertex  1.453322e+01  1.062005e+01  2.000000e+00
   endloop
 endfacet
 facet normal -7.824421e-01 -6.227234e-01 -0.000000e+00
   outer loop
     vertex  1.392886e+01  1.140117e+01  2.000000e+00
     vertex  1.392886e+01  1.140117e+01  0.000000e+00
     vertex  1.423640e+01  1.101476e+01  0.000000e+00
   endloop
 endfacet
 facet normal -7.824421e-01 -6.227234e-01  0.000000e+00
   outer loop
     vertex  1.392886e+01  1.140117e+01  2.000000e+00
     vertex  1.423640e+01  1.101476e+01  0.000000e+00
     vertex  1.423640e+01  1.101476e+01  2.000000e+00
   endloop
 endfacet
 facet normal -7.650637e-01 -6.439545e-01 -0.000000e+00
   outer loop
     vertex  1.361084e+01  1.177901e+01  2.000000e+00
     vertex  1.361084e+01  1.177901e+01  0.000000e+00
     vertex  1.392886e+01  1.140117e+01  0.000000e+00
   endloop
 endfacet
 facet normal -7.650637e-01 -6.439545e-01  0.000000e+00
   outer loop
     vertex  1.361084e+01  1.177901e+01  2.000000e+00
     vertex  1.392886e+01  1.140117e+01  0.000000e+00
     vertex  1.392886e+01  1.140117e+01  2.000000e+00
   endloop
 endfacet
 facet normal -7.471095e-01 -6.647010e-01 -0.000000e+00
   outer loop
     vertex  1.328257e+01  1.214798e+01  2.000000e+00
     vertex  1.328257e+01  1.214798e+01  0.000000e+00
     vertex  1.361084e+01  1.177901e+01  0.000000e+00
   endloop
 endfacet
 facet normal -7.471095e-01 -6.647010e-01  0.000000e+00
   outer loop
     vertex  1.328257e+01  1.214798e+01  2.000000e+00
     vertex  1.361084e+01  1.177901e+01  0.000000e+00
     vertex  1.361084e+01  1.177901e+01  2.000000e+00
   endloop
 endfacet
 facet normal -7.285929e-01 -6.849470e-01 -0.000000e+00
   outer loop
     vertex  1.294430e+01  1.250780e+01  2.000000e+00
     vertex  1.294430e+01  1.250780e+01  0.000000e+00
     vertex  1.328257e+01  1.214798e+01  0.000000e+00
   endloop
 endfacet
 facet normal -7.285929e-01 -6.849470e-01  0.000000e+00
   outer loop
     vertex  1.294430e+01  1.250780e+01  2.000000e+00
     vertex  1.328257e+01  1.214798e+01  0.000000e+00
     vertex  1.328257e+01  1.214798e+01  2.000000e+00
   endloop
 endfacet
 facet normal -7.095278e-01 -7.046775e-01 -0.000000e+00
   outer loop
     vertex  1.259629e+01  1.285820e+01  2.000000e+00
     vertex  1.259629e+01  1.285820e+01  0.000000e+00
     vertex  1.294430e+01  1.250780e+01  0.000000e+00
   endloop
 endfacet
 facet normal -7.095278e-01 -7.046775e-01  0.000000e+00
   outer loop
     vertex  1.259629e+01  1.285820e+01  2.000000e+00
     vertex  1.294430e+01  1.250780e+01  0.000000e+00
     vertex  1.294430e+01  1.250780e+01  2.000000e+00
   endloop
 endfacet
 facet normal -6.899286e-01 -7.238775e-01 -0.000000e+00
   outer loop
     vertex  1.223880e+01  1.319893e+01  2.000000e+00
     vertex  1.223880e+01  1.319893e+01  0.000000e+00
     vertex  1.259629e+01  1.285820e+01  0.000000e+00
   endloop
 endfacet
 facet normal -6.899286e-01 -7.238775e-01  0.000000e+00
   outer loop
     vertex  1.223880e+01  1.319893e+01  2.000000e+00
     vertex  1.259629e+01  1.285820e+01  0.000000e+00
     vertex  1.259629e+01  1.285820e+01  2.000000e+00
   endloop
 endfacet
 facet normal -6.698100e-01 -7.425325e-01 -0.000000e+00
   outer loop
     vertex  1.187209e+01  1.352972e+01  2.000000e+00
     vertex  1.187209e+01  1.352972e+01  0.000000e+00
     vertex  1.223880e+01  1.319893e+01  0.000000e+00
   endloop
 endfacet
 facet normal -6.698100e-01 -7.425325e-01  0.000000e+00
   outer loop
     vertex  1.187209e+01  1.352972e+01  2.000000e+00
     vertex  1.223880e+01  1.319893e+01  0.000000e+00
     vertex  1.223880e+01  1.319893e+01  2.000000e+00
   endloop
 endfacet
 facet normal -6.491872e-01 -7.606287e-01 -0.000000e+00
   outer loop
     vertex  1.149645e+01  1.385033e+01  2.000000e+00
     vertex  1.149645e+01  1.385033e+01  0.000000e+00
     vertex  1.187209e+01  1.352972e+01  0.000000e+00
   endloop
 endfacet
 facet normal -6.491872e-01 -7.606287e-01  0.000000e+00
   outer loop
     vertex  1.149645e+01  1.385033e+01  2.000000e+00
     vertex  1.187209e+01  1.352972e+01  0.000000e+00
     vertex  1.187209e+01  1.352972e+01  2.000000e+00
   endloop
 endfacet
 facet normal -6.280757e-01 -7.781522e-01 -0.000000e+00
   outer loop
     vertex  1.111215e+01  1.416051e+01  2.000000e+00
     vertex  1.111215e+01  1.416051e+01  0.000000e+00
     vertex  1.149645e+01  1.385033e+01  0.000000e+00
   endloop
 endfacet
 facet normal -6.064915e-01 -7.950900e-01 -0.000000e+00
   outer loop
     vertex  1.111215e+01  1.416051e+01  2.000000e+00
     vertex  1.071949e+01  1.446003e+01  0.000000e+00
     vertex  1.111215e+01  1.416051e+01  0.000000e+00
   endloop
 endfacet
 facet normal -6.280757e-01 -7.781522e-01  0.000000e+00
   outer loop
     vertex  1.111215e+01  1.416051e+01  2.000000e+00
     vertex  1.149645e+01  1.385033e+01  0.000000e+00
     vertex  1.149645e+01  1.385033e+01  2.000000e+00
   endloop
 endfacet
 facet normal -6.064915e-01 -7.950900e-01 -0.000000e+00
   outer loop
     vertex  1.071949e+01  1.446003e+01  2.000000e+00
     vertex  1.071949e+01  1.446003e+01  0.000000e+00
     vertex  1.111215e+01  1.416051e+01  2.000000e+00
   endloop
 endfacet
 facet normal -5.844507e-01 -8.114292e-01  0.000000e+00
   outer loop
     vertex  1.031876e+01  1.474867e+01  2.000000e+00
     vertex  1.071949e+01  1.446003e+01  0.000000e+00
     vertex  1.071949e+01  1.446003e+01  2.000000e+00
   endloop
 endfacet
 facet normal -5.844507e-01 -8.114292e-01 -0.000000e+00
   outer loop
     vertex  1.031876e+01  1.474867e+01  2.000000e+00
     vertex  1.031876e+01  1.474867e+01  0.000000e+00
     vertex  1.071949e+01  1.446003e+01  0.000000e+00
   endloop
 endfacet
 facet normal -5.619699e-01 -8.271577e-01 -0.000000e+00
   outer loop
     vertex  1.031876e+01  1.474867e+01  2.000000e+00
     vertex  9.910257e+00  1.502620e+01  0.000000e+00
     vertex  1.031876e+01  1.474867e+01  0.000000e+00
   endloop
 endfacet
 facet normal -5.619699e-01 -8.271577e-01 -0.000000e+00
   outer loop
     vertex  9.910257e+00  1.502620e+01  2.000000e+00
     vertex  9.910257e+00  1.502620e+01  0.000000e+00
     vertex  1.031876e+01  1.474867e+01  2.000000e+00
   endloop
 endfacet
 facet normal -5.390661e-01 -8.422635e-01  0.000000e+00
   outer loop
     vertex  9.494297e+00  1.529243e+01  2.000000e+00
     vertex  9.910257e+00  1.502620e+01  0.000000e+00
     vertex  9.910257e+00  1.502620e+01  2.000000e+00
   endloop
 endfacet
 facet normal -5.390661e-01 -8.422635e-01 -0.000000e+00
   outer loop
     vertex  9.494297e+00  1.529243e+01  2.000000e+00
     vertex  9.494297e+00  1.529243e+01  0.000000e+00
     vertex  9.910257e+00  1.502620e+01  0.000000e+00
   endloop
 endfacet
 facet normal -5.157565e-01 -8.567352e-01  0.000000e+00
   outer loop
     vertex  9.071190e+00  1.554714e+01  2.000000e+00
     vertex  9.494297e+00  1.529243e+01  0.000000e+00
     vertex  9.494297e+00  1.529243e+01  2.000000e+00
   endloop
 endfacet
 facet normal -5.157565e-01 -8.567352e-01 -0.000000e+00
   outer loop
     vertex  9.071190e+00  1.554714e+01  2.000000e+00
     vertex  9.071190e+00  1.554714e+01  0.000000e+00
     vertex  9.494297e+00  1.529243e+01  0.000000e+00
   endloop
 endfacet
 facet normal -4.920587e-01 -8.705620e-01  0.000000e+00
   outer loop
     vertex  8.641255e+00  1.579015e+01  2.000000e+00
     vertex  9.071190e+00  1.554714e+01  0.000000e+00
     vertex  9.071190e+00  1.554714e+01  2.000000e+00
   endloop
 endfacet
 facet normal -4.920587e-01 -8.705620e-01 -0.000000e+00
   outer loop
     vertex  8.641255e+00  1.579015e+01  2.000000e+00
     vertex  8.641255e+00  1.579015e+01  0.000000e+00
     vertex  9.071190e+00  1.554714e+01  0.000000e+00
   endloop
 endfacet
 facet normal -4.679904e-01 -8.837335e-01 -0.000000e+00
   outer loop
     vertex  8.641255e+00  1.579015e+01  2.000000e+00
     vertex  8.204815e+00  1.602127e+01  0.000000e+00
     vertex  8.641255e+00  1.579015e+01  0.000000e+00
   endloop
 endfacet
 facet normal -4.679904e-01 -8.837335e-01 -0.000000e+00
   outer loop
     vertex  8.204815e+00  1.602127e+01  2.000000e+00
     vertex  8.204815e+00  1.602127e+01  0.000000e+00
     vertex  8.641255e+00  1.579015e+01  2.000000e+00
   endloop
 endfacet
 facet normal -4.435699e-01 -8.962398e-01  0.000000e+00
   outer loop
     vertex  7.762199e+00  1.624033e+01  2.000000e+00
     vertex  8.204815e+00  1.602127e+01  0.000000e+00
     vertex  8.204815e+00  1.602127e+01  2.000000e+00
   endloop
 endfacet
 facet normal -4.435699e-01 -8.962398e-01 -0.000000e+00
   outer loop
     vertex  7.762199e+00  1.624033e+01  2.000000e+00
     vertex  7.762199e+00  1.624033e+01  0.000000e+00
     vertex  8.204815e+00  1.602127e+01  0.000000e+00
   endloop
 endfacet
 facet normal -4.188155e-01 -9.080714e-01  0.000000e+00
   outer loop
     vertex  7.313739e+00  1.644716e+01  2.000000e+00
     vertex  7.762199e+00  1.624033e+01  0.000000e+00
     vertex  7.762199e+00  1.624033e+01  2.000000e+00
   endloop
 endfacet
 facet normal -4.188155e-01 -9.080714e-01 -0.000000e+00
   outer loop
     vertex  7.313739e+00  1.644716e+01  2.000000e+00
     vertex  7.313739e+00  1.644716e+01  0.000000e+00
     vertex  7.762199e+00  1.624033e+01  0.000000e+00
   endloop
 endfacet
 facet normal -3.937458e-01 -9.192194e-01  0.000000e+00
   outer loop
     vertex  6.859774e+00  1.664162e+01  2.000000e+00
     vertex  7.313739e+00  1.644716e+01  0.000000e+00
     vertex  7.313739e+00  1.644716e+01  2.000000e+00
   endloop
 endfacet
 facet normal -3.937458e-01 -9.192194e-01 -0.000000e+00
   outer loop
     vertex  6.859774e+00  1.664162e+01  2.000000e+00
     vertex  6.859774e+00  1.664162e+01  0.000000e+00
     vertex  7.313739e+00  1.644716e+01  0.000000e+00
   endloop
 endfacet
 facet normal -3.683796e-01 -9.296754e-01  0.000000e+00
   outer loop
     vertex  6.400645e+00  1.682355e+01  2.000000e+00
     vertex  6.859774e+00  1.664162e+01  0.000000e+00
     vertex  6.859774e+00  1.664162e+01  2.000000e+00
   endloop
 endfacet
 facet normal -3.683796e-01 -9.296754e-01 -0.000000e+00
   outer loop
     vertex  6.400645e+00  1.682355e+01  2.000000e+00
     vertex  6.400645e+00  1.682355e+01  0.000000e+00
     vertex  6.859774e+00  1.664162e+01  0.000000e+00
   endloop
 endfacet
 facet normal -3.427362e-01 -9.394317e-01  0.000000e+00
   outer loop
     vertex  5.936698e+00  1.699281e+01  2.000000e+00
     vertex  6.400645e+00  1.682355e+01  0.000000e+00
     vertex  6.400645e+00  1.682355e+01  2.000000e+00
   endloop
 endfacet
 facet normal -3.427362e-01 -9.394317e-01 -0.000000e+00
   outer loop
     vertex  5.936698e+00  1.699281e+01  2.000000e+00
     vertex  5.936698e+00  1.699281e+01  0.000000e+00
     vertex  6.400645e+00  1.682355e+01  0.000000e+00
   endloop
 endfacet
 facet normal -3.168348e-01 -9.484807e-01  0.000000e+00
   outer loop
     vertex  5.468282e+00  1.714928e+01  2.000000e+00
     vertex  5.936698e+00  1.699281e+01  0.000000e+00
     vertex  5.936698e+00  1.699281e+01  2.000000e+00
   endloop
 endfacet
 facet normal -3.168348e-01 -9.484807e-01 -0.000000e+00
   outer loop
     vertex  5.468282e+00  1.714928e+01  2.000000e+00
     vertex  5.468282e+00  1.714928e+01  0.000000e+00
     vertex  5.936698e+00  1.699281e+01  0.000000e+00
   endloop
 endfacet
 facet normal -2.906949e-01 -9.568158e-01  0.000000e+00
   outer loop
     vertex  4.995750e+00  1.729284e+01  2.000000e+00
     vertex  5.468282e+00  1.714928e+01  0.000000e+00
     vertex  5.468282e+00  1.714928e+01  2.000000e+00
   endloop
 endfacet
 facet normal -2.906949e-01 -9.568158e-01 -0.000000e+00
   outer loop
     vertex  4.995750e+00  1.729284e+01  2.000000e+00
     vertex  4.995750e+00  1.729284e+01  0.000000e+00
     vertex  5.468282e+00  1.714928e+01  0.000000e+00
   endloop
 endfacet
 facet normal -2.643362e-01 -9.644306e-01 -0.000000e+00
   outer loop
     vertex  4.995750e+00  1.729284e+01  2.000000e+00
     vertex  4.519457e+00  1.742339e+01  0.000000e+00
     vertex  4.995750e+00  1.729284e+01  0.000000e+00
   endloop
 endfacet
 facet normal -2.643362e-01 -9.644306e-01 -0.000000e+00
   outer loop
     vertex  4.519457e+00  1.742339e+01  2.000000e+00
     vertex  4.519457e+00  1.742339e+01  0.000000e+00
     vertex  4.995750e+00  1.729284e+01  2.000000e+00
   endloop
 endfacet
 facet normal -2.377784e-01 -9.713194e-01  0.000000e+00
   outer loop
     vertex  4.039761e+00  1.754082e+01  2.000000e+00
     vertex  4.519457e+00  1.742339e+01  0.000000e+00
     vertex  4.519457e+00  1.742339e+01  2.000000e+00
   endloop
 endfacet
 facet normal -2.377784e-01 -9.713194e-01 -0.000000e+00
   outer loop
     vertex  4.039761e+00  1.754082e+01  2.000000e+00
     vertex  4.039761e+00  1.754082e+01  0.000000e+00
     vertex  4.519457e+00  1.742339e+01  0.000000e+00
   endloop
 endfacet
 facet normal -2.110417e-01 -9.774771e-01  0.000000e+00
   outer loop
     vertex  3.557025e+00  1.764504e+01  2.000000e+00
     vertex  4.039761e+00  1.754082e+01  0.000000e+00
     vertex  4.039761e+00  1.754082e+01  2.000000e+00
   endloop
 endfacet
 facet normal -2.110417e-01 -9.774771e-01 -0.000000e+00
   outer loop
     vertex  3.557025e+00  1.764504e+01  2.000000e+00
     vertex  3.557025e+00  1.764504e+01  0.000000e+00
     vertex  4.039761e+00  1.754082e+01  0.000000e+00
   endloop
 endfacet
 facet normal -1.841461e-01 -9.828989e-01  0.000000e+00
   outer loop
     vertex  3.071611e+00  1.773599e+01  2.000000e+00
     vertex  3.557025e+00  1.764504e+01  0.000000e+00
     vertex  3.557025e+00  1.764504e+01  2.000000e+00
   endloop
 endfacet
 facet normal -1.841461e-01 -9.828989e-01 -0.000000e+00
   outer loop
     vertex  3.071611e+00  1.773599e+01  2.000000e+00
     vertex  3.071611e+00  1.773599e+01  0.000000e+00
     vertex  3.557025e+00  1.764504e+01  0.000000e+00
   endloop
 endfacet
 facet normal -1.571119e-01 -9.875808e-01 -0.000000e+00
   outer loop
     vertex  3.071611e+00  1.773599e+01  2.000000e+00
     vertex  2.583885e+00  1.781358e+01  0.000000e+00
     vertex  3.071611e+00  1.773599e+01  0.000000e+00
   endloop
 endfacet
 facet normal -1.571119e-01 -9.875808e-01 -0.000000e+00
   outer loop
     vertex  2.583885e+00  1.781358e+01  2.000000e+00
     vertex  2.583885e+00  1.781358e+01  0.000000e+00
     vertex  3.071611e+00  1.773599e+01  2.000000e+00
   endloop
 endfacet
 facet normal -1.299594e-01 -9.915193e-01  0.000000e+00
   outer loop
     vertex  2.094214e+00  1.787776e+01  2.000000e+00
     vertex  2.583885e+00  1.781358e+01  0.000000e+00
     vertex  2.583885e+00  1.781358e+01  2.000000e+00
   endloop
 endfacet
 facet normal -1.299594e-01 -9.915193e-01 -0.000000e+00
   outer loop
     vertex  2.094214e+00  1.787776e+01  2.000000e+00
     vertex  2.094214e+00  1.787776e+01  0.000000e+00
     vertex  2.583885e+00  1.781358e+01  0.000000e+00
   endloop
 endfacet
 facet normal -1.027091e-01 -9.947114e-01  0.000000e+00
   outer loop
     vertex  1.602967e+00  1.792848e+01  2.000000e+00
     vertex  2.094214e+00  1.787776e+01  0.000000e+00
     vertex  2.094214e+00  1.787776e+01  2.000000e+00
   endloop
 endfacet
 facet normal -1.027091e-01 -9.947114e-01 -0.000000e+00
   outer loop
     vertex  1.602967e+00  1.792848e+01  2.000000e+00
     vertex  1.602967e+00  1.792848e+01  0.000000e+00
     vertex  2.094214e+00  1.787776e+01  0.000000e+00
   endloop
 endfacet
 facet normal -7.538152e-02 -9.971548e-01  0.000000e+00
   outer loop
     vertex  1.110513e+00  1.796571e+01  2.000000e+00
     vertex  1.602967e+00  1.792848e+01  0.000000e+00
     vertex  1.602967e+00  1.792848e+01  2.000000e+00
   endloop
 endfacet
 facet normal -7.538152e-02 -9.971548e-01 -0.000000e+00
   outer loop
     vertex  1.110513e+00  1.796571e+01  2.000000e+00
     vertex  1.110513e+00  1.796571e+01  0.000000e+00
     vertex  1.602967e+00  1.792848e+01  0.000000e+00
   endloop
 endfacet
 facet normal -4.799716e-02 -9.988475e-01  0.000000e+00
   outer loop
     vertex  6.172225e-01  1.798941e+01  2.000000e+00
     vertex  1.110513e+00  1.796571e+01  0.000000e+00
     vertex  1.110513e+00  1.796571e+01  2.000000e+00
   endloop
 endfacet
 facet normal -4.799716e-02 -9.988475e-01 -0.000000e+00
   outer loop
     vertex  6.172225e-01  1.798941e+01  2.000000e+00
     vertex  6.172225e-01  1.798941e+01  0.000000e+00
     vertex  1.110513e+00  1.796571e+01  0.000000e+00
   endloop
 endfacet
 facet normal -2.057667e-02 -9.997883e-01 -0.000000e+00
   outer loop
     vertex  1.234677e-01  1.799958e+01  2.000000e+00
     vertex  1.234677e-01  1.799958e+01  0.000000e+00
     vertex  6.172225e-01  1.798941e+01  0.000000e+00
   endloop
 endfacet
 facet normal -2.057667e-02 -9.997883e-01  0.000000e+00
   outer loop
     vertex  1.234677e-01  1.799958e+01  2.000000e+00
     vertex  6.172225e-01  1.798941e+01  0.000000e+00
     vertex  6.172225e-01  1.798941e+01  2.000000e+00
   endloop
 endfacet
 facet normal  6.859319e-03 -9.999765e-01  0.000000e+00
   outer loop
     vertex -3.703800e-01  1.799619e+01  2.000000e+00
     vertex -3.703800e-01  1.799619e+01  0.000000e+00
     vertex  1.234677e-01  1.799958e+01  0.000000e+00
   endloop
 endfacet
 facet normal  6.859319e-03 -9.999765e-01  0.000000e+00
   outer loop
     vertex -3.703800e-01  1.799619e+01  2.000000e+00
     vertex  1.234677e-01  1.799958e+01  0.000000e+00
     vertex  1.234677e-01  1.799958e+01  2.000000e+00
   endloop
 endfacet
 facet normal  3.429014e-02 -9.994119e-01  0.000000e+00
   outer loop
     vertex -8.639489e-01  1.797925e+01  2.000000e+00
     vertex -8.639489e-01  1.797925e+01  0.000000e+00
     vertex -3.703800e-01  1.799619e+01  0.000000e+00
   endloop
 endfacet
 facet normal  3.429014e-02 -9.994119e-01  0.000000e+00
   outer loop
     vertex -8.639489e-01  1.797925e+01  2.000000e+00
     vertex -3.703800e-01  1.799619e+01  0.000000e+00
     vertex -3.703800e-01  1.799619e+01  2.000000e+00
   endloop
 endfacet
 facet normal  6.169515e-02 -9.980950e-01  0.000000e+00
   outer loop
     vertex -1.356867e+00  1.794879e+01  2.000000e+00
     vertex -1.356867e+00  1.794879e+01  0.000000e+00
     vertex -8.639489e-01  1.797925e+01  0.000000e+00
   endloop
 endfacet
 facet normal  8.905371e-02 -9.960268e-01  0.000000e+00
   outer loop
     vertex -1.356867e+00  1.794879e+01  2.000000e+00
     vertex -1.848765e+00  1.790481e+01  0.000000e+00
     vertex -1.356867e+00  1.794879e+01  0.000000e+00
   endloop
 endfacet
 facet normal  6.169515e-02 -9.980950e-01  0.000000e+00
   outer loop
     vertex -1.356867e+00  1.794879e+01  2.000000e+00
     vertex -8.639489e-01  1.797925e+01  0.000000e+00
     vertex -8.639489e-01  1.797925e+01  2.000000e+00
   endloop
 endfacet
 facet normal  8.905371e-02 -9.960268e-01  0.000000e+00
   outer loop
     vertex -1.848765e+00  1.790481e+01  2.000000e+00
     vertex -1.848765e+00  1.790481e+01  0.000000e+00
     vertex -1.356867e+00  1.794879e+01  2.000000e+00
   endloop
 endfacet
 facet normal  1.163452e-01 -9.932088e-01  0.000000e+00
   outer loop
     vertex -1.848765e+00  1.790481e+01  2.000000e+00
     vertex -2.339270e+00  1.784735e+01  0.000000e+00
     vertex -1.848765e+00  1.790481e+01  0.000000e+00
   endloop
 endfacet
 facet normal  1.163452e-01 -9.932088e-01  0.000000e+00
   outer loop
     vertex -2.339270e+00  1.784735e+01  2.000000e+00
     vertex -2.339270e+00  1.784735e+01  0.000000e+00
     vertex -1.848765e+00  1.790481e+01  2.000000e+00
   endloop
 endfacet
 facet normal  1.435492e-01 -9.896432e-01  0.000000e+00
   outer loop
     vertex -2.828015e+00  1.777645e+01  2.000000e+00
     vertex -2.339270e+00  1.784735e+01  0.000000e+00
     vertex -2.339270e+00  1.784735e+01  2.000000e+00
   endloop
 endfacet
 facet normal  1.435492e-01 -9.896432e-01  0.000000e+00
   outer loop
     vertex -2.828015e+00  1.777645e+01  2.000000e+00
     vertex -2.828015e+00  1.777645e+01  0.000000e+00
     vertex -2.339270e+00  1.784735e+01  0.000000e+00
   endloop
 endfacet
 facet normal  1.706451e-01 -9.853326e-01  0.000000e+00
   outer loop
     vertex -3.314630e+00  1.769218e+01  2.000000e+00
     vertex -2.828015e+00  1.777645e+01  0.000000e+00
     vertex -2.828015e+00  1.777645e+01  2.000000e+00
   endloop
 endfacet
 facet normal  1.706451e-01 -9.853326e-01  0.000000e+00
   outer loop
     vertex -3.314630e+00  1.769218e+01  2.000000e+00
     vertex -3.314630e+00  1.769218e+01  0.000000e+00
     vertex -2.828015e+00  1.777645e+01  0.000000e+00
   endloop
 endfacet
 facet normal  1.976125e-01 -9.802802e-01  0.000000e+00
   outer loop
     vertex -3.314630e+00  1.769218e+01  2.000000e+00
     vertex -3.798751e+00  1.759459e+01  0.000000e+00
     vertex -3.314630e+00  1.769218e+01  0.000000e+00
   endloop
 endfacet
 facet normal  1.976125e-01 -9.802802e-01  0.000000e+00
   outer loop
     vertex -3.798751e+00  1.759459e+01  2.000000e+00
     vertex -3.798751e+00  1.759459e+01  0.000000e+00
     vertex -3.314630e+00  1.769218e+01  2.000000e+00
   endloop
 endfacet
 facet normal  2.244312e-01 -9.744899e-01  0.000000e+00
   outer loop
     vertex -4.280012e+00  1.748375e+01  2.000000e+00
     vertex -3.798751e+00  1.759459e+01  0.000000e+00
     vertex -3.798751e+00  1.759459e+01  2.000000e+00
   endloop
 endfacet
 facet normal  2.244312e-01 -9.744899e-01  0.000000e+00
   outer loop
     vertex -4.280012e+00  1.748375e+01  2.000000e+00
     vertex -4.280012e+00  1.748375e+01  0.000000e+00
     vertex -3.798751e+00  1.759459e+01  0.000000e+00
   endloop
 endfacet
 facet normal  2.510809e-01 -9.679661e-01  0.000000e+00
   outer loop
     vertex -4.758051e+00  1.735975e+01  2.000000e+00
     vertex -4.280012e+00  1.748375e+01  0.000000e+00
     vertex -4.280012e+00  1.748375e+01  2.000000e+00
   endloop
 endfacet
 facet normal  2.510809e-01 -9.679661e-01  0.000000e+00
   outer loop
     vertex -4.758051e+00  1.735975e+01  2.000000e+00
     vertex -4.758051e+00  1.735975e+01  0.000000e+00
     vertex -4.280012e+00  1.748375e+01  0.000000e+00
   endloop
 endfacet
 facet normal  2.775416e-01 -9.607136e-01  0.000000e+00
   outer loop
     vertex -4.758051e+00  1.735975e+01  2.000000e+00
     vertex -5.232508e+00  1.722268e+01  0.000000e+00
     vertex -4.758051e+00  1.735975e+01  0.000000e+00
   endloop
 endfacet
 facet normal  2.775416e-01 -9.607136e-01  0.000000e+00
   outer loop
     vertex -5.232508e+00  1.722268e+01  2.000000e+00
     vertex -5.232508e+00  1.722268e+01  0.000000e+00
     vertex -4.758051e+00  1.735975e+01  2.000000e+00
   endloop
 endfacet
 facet normal  3.037934e-01 -9.527379e-01  0.000000e+00
   outer loop
     vertex -5.703027e+00  1.707265e+01  2.000000e+00
     vertex -5.232508e+00  1.722268e+01  0.000000e+00
     vertex -5.232508e+00  1.722268e+01  2.000000e+00
   endloop
 endfacet
 facet normal  3.037934e-01 -9.527379e-01  0.000000e+00
   outer loop
     vertex -5.703027e+00  1.707265e+01  2.000000e+00
     vertex -5.703027e+00  1.707265e+01  0.000000e+00
     vertex -5.232508e+00  1.722268e+01  0.000000e+00
   endloop
 endfacet
 facet normal  3.298166e-01 -9.440450e-01  0.000000e+00
   outer loop
     vertex -6.169252e+00  1.690977e+01  2.000000e+00
     vertex -5.703027e+00  1.707265e+01  0.000000e+00
     vertex -5.703027e+00  1.707265e+01  2.000000e+00
   endloop
 endfacet
 facet normal  3.298166e-01 -9.440450e-01  0.000000e+00
   outer loop
     vertex -6.169252e+00  1.690977e+01  2.000000e+00
     vertex -6.169252e+00  1.690977e+01  0.000000e+00
     vertex -5.703027e+00  1.707265e+01  0.000000e+00
   endloop
 endfacet
 facet normal  3.555914e-01 -9.346415e-01  0.000000e+00
   outer loop
     vertex -6.630834e+00  1.673416e+01  2.000000e+00
     vertex -6.169252e+00  1.690977e+01  0.000000e+00
     vertex -6.169252e+00  1.690977e+01  2.000000e+00
   endloop
 endfacet
 facet normal  3.555914e-01 -9.346415e-01  0.000000e+00
   outer loop
     vertex -6.630834e+00  1.673416e+01  2.000000e+00
     vertex -6.630834e+00  1.673416e+01  0.000000e+00
     vertex -6.169252e+00  1.690977e+01  0.000000e+00
   endloop
 endfacet
 facet normal  3.810986e-01 -9.245344e-01  0.000000e+00
   outer loop
     vertex -6.630834e+00  1.673416e+01  2.000000e+00
     vertex -7.087424e+00  1.654595e+01  0.000000e+00
     vertex -6.630834e+00  1.673416e+01  0.000000e+00
   endloop
 endfacet
 facet normal  3.810986e-01 -9.245344e-01  0.000000e+00
   outer loop
     vertex -7.087424e+00  1.654595e+01  2.000000e+00
     vertex -7.087424e+00  1.654595e+01  0.000000e+00
     vertex -6.630834e+00  1.673416e+01  2.000000e+00
   endloop
 endfacet
 facet normal  4.063188e-01 -9.137314e-01  0.000000e+00
   outer loop
     vertex -7.538678e+00  1.634528e+01  2.000000e+00
     vertex -7.538678e+00  1.634528e+01  0.000000e+00
     vertex -7.087424e+00  1.654595e+01  0.000000e+00
   endloop
 endfacet
 facet normal  4.063188e-01 -9.137314e-01  0.000000e+00
   outer loop
     vertex -7.538678e+00  1.634528e+01  2.000000e+00
     vertex -7.087424e+00  1.654595e+01  0.000000e+00
     vertex -7.087424e+00  1.654595e+01  2.000000e+00
   endloop
 endfacet
 facet normal  4.312333e-01 -9.022405e-01  0.000000e+00
   outer loop
     vertex -7.984258e+00  1.613232e+01  2.000000e+00
     vertex -7.984258e+00  1.613232e+01  0.000000e+00
     vertex -7.538678e+00  1.634528e+01  0.000000e+00
   endloop
 endfacet
 facet normal  4.312333e-01 -9.022405e-01  0.000000e+00
   outer loop
     vertex -7.984258e+00  1.613232e+01  2.000000e+00
     vertex -7.538678e+00  1.634528e+01  0.000000e+00
     vertex -7.538678e+00  1.634528e+01  2.000000e+00
   endloop
 endfacet
 facet normal  4.558231e-01 -8.900704e-01  0.000000e+00
   outer loop
     vertex -8.423828e+00  1.590720e+01  2.000000e+00
     vertex -8.423828e+00  1.590720e+01  0.000000e+00
     vertex -7.984258e+00  1.613232e+01  0.000000e+00
   endloop
 endfacet
 facet normal  4.800697e-01 -8.772303e-01  0.000000e+00
   outer loop
     vertex -8.423828e+00  1.590720e+01  2.000000e+00
     vertex -8.857056e+00  1.567012e+01  0.000000e+00
     vertex -8.423828e+00  1.590720e+01  0.000000e+00
   endloop
 endfacet
 facet normal  4.558231e-01 -8.900704e-01  0.000000e+00
   outer loop
     vertex -8.423828e+00  1.590720e+01  2.000000e+00
     vertex -7.984258e+00  1.613232e+01  0.000000e+00
     vertex -7.984258e+00  1.613232e+01  2.000000e+00
   endloop
 endfacet
 facet normal  5.039550e-01 -8.637299e-01  0.000000e+00
   outer loop
     vertex -8.857056e+00  1.567012e+01  2.000000e+00
     vertex -9.283617e+00  1.542123e+01  0.000000e+00
     vertex -8.857056e+00  1.567012e+01  0.000000e+00
   endloop
 endfacet
 facet normal  4.800697e-01 -8.772303e-01  0.000000e+00
   outer loop
     vertex -8.857056e+00  1.567012e+01  2.000000e+00
     vertex -8.857056e+00  1.567012e+01  0.000000e+00
     vertex -8.423828e+00  1.590720e+01  2.000000e+00
   endloop
 endfacet
 facet normal  5.039550e-01 -8.637299e-01  0.000000e+00
   outer loop
     vertex -9.283617e+00  1.542123e+01  2.000000e+00
     vertex -9.283617e+00  1.542123e+01  0.000000e+00
     vertex -8.857056e+00  1.567012e+01  2.000000e+00
   endloop
 endfacet
 facet normal  5.274609e-01 -8.495793e-01  0.000000e+00
   outer loop
     vertex -9.703190e+00  1.516074e+01  2.000000e+00
     vertex -9.703190e+00  1.516074e+01  0.000000e+00
     vertex -9.283617e+00  1.542123e+01  0.000000e+00
   endloop
 endfacet
 facet normal  5.505698e-01 -8.347891e-01  0.000000e+00
   outer loop
     vertex -9.703190e+00  1.516074e+01  2.000000e+00
     vertex -1.011546e+01  1.488884e+01  0.000000e+00
     vertex -9.703190e+00  1.516074e+01  0.000000e+00
   endloop
 endfacet
 facet normal  5.274609e-01 -8.495793e-01  0.000000e+00
   outer loop
     vertex -9.703190e+00  1.516074e+01  2.000000e+00
     vertex -9.283617e+00  1.542123e+01  0.000000e+00
     vertex -9.283617e+00  1.542123e+01  2.000000e+00
   endloop
 endfacet
 facet normal  5.505698e-01 -8.347891e-01  0.000000e+00
   outer loop
     vertex -1.011546e+01  1.488884e+01  2.000000e+00
     vertex -1.011546e+01  1.488884e+01  0.000000e+00
     vertex -9.703190e+00  1.516074e+01  2.000000e+00
   endloop
 endfacet
 facet normal  5.732642e-01 -8.193706e-01  0.000000e+00
   outer loop
     vertex -1.052011e+01  1.460573e+01  2.000000e+00
     vertex -1.052011e+01  1.460573e+01  0.000000e+00
     vertex -1.011546e+01  1.488884e+01  0.000000e+00
   endloop
 endfacet
 facet normal  5.732642e-01 -8.193706e-01  0.000000e+00
   outer loop
     vertex -1.052011e+01  1.460573e+01  2.000000e+00
     vertex -1.011546e+01  1.488884e+01  0.000000e+00
     vertex -1.011546e+01  1.488884e+01  2.000000e+00
   endloop
 endfacet
 facet normal  5.955271e-01 -8.033352e-01  0.000000e+00
   outer loop
     vertex -1.091685e+01  1.431162e+01  2.000000e+00
     vertex -1.091685e+01  1.431162e+01  0.000000e+00
     vertex -1.052011e+01  1.460573e+01  0.000000e+00
   endloop
 endfacet
 facet normal  5.955271e-01 -8.033352e-01  0.000000e+00
   outer loop
     vertex -1.091685e+01  1.431162e+01  2.000000e+00
     vertex -1.052011e+01  1.460573e+01  0.000000e+00
     vertex -1.052011e+01  1.460573e+01  2.000000e+00
   endloop
 endfacet
 facet normal  6.173417e-01 -7.866951e-01  0.000000e+00
   outer loop
     vertex -1.130536e+01  1.400674e+01  2.000000e+00
     vertex -1.130536e+01  1.400674e+01  0.000000e+00
     vertex -1.091685e+01  1.431162e+01  0.000000e+00
   endloop
 endfacet
 facet normal  6.386916e-01 -7.694628e-01  0.000000e+00
   outer loop
     vertex -1.130536e+01  1.400674e+01  2.000000e+00
     vertex -1.168537e+01  1.369132e+01  0.000000e+00
     vertex -1.130536e+01  1.400674e+01  0.000000e+00
   endloop
 endfacet
 facet normal  6.173417e-01 -7.866951e-01  0.000000e+00
   outer loop
     vertex -1.130536e+01  1.400674e+01  2.000000e+00
     vertex -1.091685e+01  1.431162e+01  0.000000e+00
     vertex -1.091685e+01  1.431162e+01  2.000000e+00
   endloop
 endfacet
 facet normal  6.595607e-01 -7.516513e-01  0.000000e+00
   outer loop
     vertex -1.168537e+01  1.369132e+01  2.000000e+00
     vertex -1.205658e+01  1.336559e+01  0.000000e+00
     vertex -1.168537e+01  1.369132e+01  0.000000e+00
   endloop
 endfacet
 facet normal  6.386916e-01 -7.694628e-01  0.000000e+00
   outer loop
     vertex -1.168537e+01  1.369132e+01  2.000000e+00
     vertex -1.168537e+01  1.369132e+01  0.000000e+00
     vertex -1.130536e+01  1.400674e+01  2.000000e+00
   endloop
 endfacet
 facet normal  6.799333e-01 -7.332740e-01  0.000000e+00
   outer loop
     vertex -1.205658e+01  1.336559e+01  2.000000e+00
     vertex -1.241871e+01  1.302979e+01  0.000000e+00
     vertex -1.205658e+01  1.336559e+01  0.000000e+00
   endloop
 endfacet
 facet normal  6.595607e-01 -7.516513e-01  0.000000e+00
   outer loop
     vertex -1.205658e+01  1.336559e+01  2.000000e+00
     vertex -1.205658e+01  1.336559e+01  0.000000e+00
     vertex -1.168537e+01  1.369132e+01  2.000000e+00
   endloop
 endfacet
 facet normal  6.799333e-01 -7.332740e-01  0.000000e+00
   outer loop
     vertex -1.241871e+01  1.302979e+01  2.000000e+00
     vertex -1.241871e+01  1.302979e+01  0.000000e+00
     vertex -1.205658e+01  1.336559e+01  2.000000e+00
   endloop
 endfacet
 facet normal  6.997940e-01 -7.143447e-01  0.000000e+00
   outer loop
     vertex -1.277150e+01  1.268419e+01  2.000000e+00
     vertex -1.277150e+01  1.268419e+01  0.000000e+00
     vertex -1.241871e+01  1.302979e+01  0.000000e+00
   endloop
 endfacet
 facet normal  7.191280e-01 -6.948776e-01  0.000000e+00
   outer loop
     vertex -1.277150e+01  1.268419e+01  2.000000e+00
     vertex -1.311467e+01  1.232905e+01  0.000000e+00
     vertex -1.277150e+01  1.268419e+01  0.000000e+00
   endloop
 endfacet
 facet normal  6.997940e-01 -7.143447e-01  0.000000e+00
   outer loop
     vertex -1.277150e+01  1.268419e+01  2.000000e+00
     vertex -1.241871e+01  1.302979e+01  0.000000e+00
     vertex -1.241871e+01  1.302979e+01  2.000000e+00
   endloop
 endfacet
 facet normal  7.191280e-01 -6.948776e-01  0.000000e+00
   outer loop
     vertex -1.311467e+01  1.232905e+01  2.000000e+00
     vertex -1.311467e+01  1.232905e+01  0.000000e+00
     vertex -1.277150e+01  1.268419e+01  2.000000e+00
   endloop
 endfacet
 facet normal  7.379206e-01 -6.748875e-01  0.000000e+00
   outer loop
     vertex -1.344797e+01  1.196462e+01  2.000000e+00
     vertex -1.311467e+01  1.232905e+01  0.000000e+00
     vertex -1.311467e+01  1.232905e+01  2.000000e+00
   endloop
 endfacet
 facet normal  7.379206e-01 -6.748875e-01  0.000000e+00
   outer loop
     vertex -1.344797e+01  1.196462e+01  2.000000e+00
     vertex -1.344797e+01  1.196462e+01  0.000000e+00
     vertex -1.311467e+01  1.232905e+01  0.000000e+00
   endloop
 endfacet
 facet normal  7.561578e-01 -6.543893e-01  0.000000e+00
   outer loop
     vertex -1.344797e+01  1.196462e+01  2.000000e+00
     vertex -1.377115e+01  1.159118e+01  0.000000e+00
     vertex -1.344797e+01  1.196462e+01  0.000000e+00
   endloop
 endfacet
 facet normal  7.561578e-01 -6.543893e-01  0.000000e+00
   outer loop
     vertex -1.377115e+01  1.159118e+01  2.000000e+00
     vertex -1.377115e+01  1.159118e+01  0.000000e+00
     vertex -1.344797e+01  1.196462e+01  2.000000e+00
   endloop
 endfacet
 facet normal  7.738257e-01 -6.333986e-01  0.000000e+00
   outer loop
     vertex -1.408396e+01  1.120902e+01  2.000000e+00
     vertex -1.408396e+01  1.120902e+01  0.000000e+00
     vertex -1.377115e+01  1.159118e+01  0.000000e+00
   endloop
 endfacet
 facet normal  7.909112e-01 -6.119310e-01  0.000000e+00
   outer loop
     vertex -1.408396e+01  1.120902e+01  2.000000e+00
     vertex -1.438617e+01  1.081842e+01  0.000000e+00
     vertex -1.408396e+01  1.120902e+01  0.000000e+00
   endloop
 endfacet
 facet normal  7.738257e-01 -6.333986e-01  0.000000e+00
   outer loop
     vertex -1.408396e+01  1.120902e+01  2.000000e+00
     vertex -1.377115e+01  1.159118e+01  0.000000e+00
     vertex -1.377115e+01  1.159118e+01  2.000000e+00
   endloop
 endfacet
 facet normal  7.909112e-01 -6.119310e-01  0.000000e+00
   outer loop
     vertex -1.438617e+01  1.081842e+01  2.000000e+00
     vertex -1.438617e+01  1.081842e+01  0.000000e+00
     vertex -1.408396e+01  1.120902e+01  2.000000e+00
   endloop
 endfacet
 facet normal  8.074012e-01 -5.900028e-01  0.000000e+00
   outer loop
     vertex -1.467754e+01  1.041968e+01  2.000000e+00
     vertex -1.467754e+01  1.041968e+01  0.000000e+00
     vertex -1.438617e+01  1.081842e+01  0.000000e+00
   endloop
 endfacet
 facet normal  8.232835e-01 -5.676304e-01  0.000000e+00
   outer loop
     vertex -1.467754e+01  1.041968e+01  2.000000e+00
     vertex -1.495787e+01  1.001309e+01  0.000000e+00
     vertex -1.467754e+01  1.041968e+01  0.000000e+00
   endloop
 endfacet
 facet normal  8.074012e-01 -5.900028e-01  0.000000e+00
   outer loop
     vertex -1.467754e+01  1.041968e+01  2.000000e+00
     vertex -1.438617e+01  1.081842e+01  0.000000e+00
     vertex -1.438617e+01  1.081842e+01  2.000000e+00
   endloop
 endfacet
 facet normal  8.232835e-01 -5.676304e-01  0.000000e+00
   outer loop
     vertex -1.495787e+01  1.001309e+01  2.000000e+00
     vertex -1.495787e+01  1.001309e+01  0.000000e+00
     vertex -1.467754e+01  1.041968e+01  2.000000e+00
   endloop
 endfacet
 facet normal  8.385460e-01 -5.448308e-01  0.000000e+00
   outer loop
     vertex -1.522694e+01  9.598969e+00  2.000000e+00
     vertex -1.522694e+01  9.598969e+00  0.000000e+00
     vertex -1.495787e+01  1.001309e+01  0.000000e+00
   endloop
 endfacet
 facet normal  8.385460e-01 -5.448308e-01  0.000000e+00
   outer loop
     vertex -1.522694e+01  9.598969e+00  2.000000e+00
     vertex -1.495787e+01  1.001309e+01  0.000000e+00
     vertex -1.495787e+01  1.001309e+01  2.000000e+00
   endloop
 endfacet
 facet normal  8.531773e-01 -5.216210e-01  0.000000e+00
   outer loop
     vertex -1.548455e+01  9.177620e+00  2.000000e+00
     vertex -1.548455e+01  9.177620e+00  0.000000e+00
     vertex -1.522694e+01  9.598969e+00  0.000000e+00
   endloop
 endfacet
 facet normal  8.531773e-01 -5.216210e-01  0.000000e+00
   outer loop
     vertex -1.548455e+01  9.177620e+00  2.000000e+00
     vertex -1.522694e+01  9.598969e+00  0.000000e+00
     vertex -1.522694e+01  9.598969e+00  2.000000e+00
   endloop
 endfacet
 facet normal  8.671664e-01 -4.980186e-01  0.000000e+00
   outer loop
     vertex -1.573050e+01  8.749362e+00  2.000000e+00
     vertex -1.573050e+01  8.749362e+00  0.000000e+00
     vertex -1.548455e+01  9.177620e+00  0.000000e+00
   endloop
 endfacet
 facet normal  8.805026e-01 -4.740412e-01  0.000000e+00
   outer loop
     vertex -1.573050e+01  8.749362e+00  2.000000e+00
     vertex -1.596461e+01  8.314517e+00  0.000000e+00
     vertex -1.573050e+01  8.749362e+00  0.000000e+00
   endloop
 endfacet
 facet normal  8.671664e-01 -4.980186e-01  0.000000e+00
   outer loop
     vertex -1.573050e+01  8.749362e+00  2.000000e+00
     vertex -1.548455e+01  9.177620e+00  0.000000e+00
     vertex -1.548455e+01  9.177620e+00  2.000000e+00
   endloop
 endfacet
 facet normal  8.931761e-01 -4.497071e-01  0.000000e+00
   outer loop
     vertex -1.596461e+01  8.314517e+00  2.000000e+00
     vertex -1.618670e+01  7.873414e+00  0.000000e+00
     vertex -1.596461e+01  8.314517e+00  0.000000e+00
   endloop
 endfacet
 facet normal  8.805026e-01 -4.740412e-01  0.000000e+00
   outer loop
     vertex -1.596461e+01  8.314517e+00  2.000000e+00
     vertex -1.596461e+01  8.314517e+00  0.000000e+00
     vertex -1.573050e+01  8.749362e+00  2.000000e+00
   endloop
 endfacet
 facet normal  8.931761e-01 -4.497071e-01  0.000000e+00
   outer loop
     vertex -1.618670e+01  7.873414e+00  2.000000e+00
     vertex -1.618670e+01  7.873414e+00  0.000000e+00
     vertex -1.596461e+01  8.314517e+00  2.000000e+00
   endloop
 endfacet
 facet normal  9.051772e-01 -4.250344e-01  0.000000e+00
   outer loop
     vertex -1.639661e+01  7.426383e+00  2.000000e+00
     vertex -1.639661e+01  7.426383e+00  0.000000e+00
     vertex -1.618670e+01  7.873414e+00  0.000000e+00
   endloop
 endfacet
 facet normal  9.051772e-01 -4.250344e-01  0.000000e+00
   outer loop
     vertex -1.639661e+01  7.426383e+00  2.000000e+00
     vertex -1.618670e+01  7.873414e+00  0.000000e+00
     vertex -1.618670e+01  7.873414e+00  2.000000e+00
   endloop
 endfacet
 facet normal  9.164969e-01 -4.000417e-01  0.000000e+00
   outer loop
     vertex -1.659417e+01  6.973763e+00  2.000000e+00
     vertex -1.659417e+01  6.973763e+00  0.000000e+00
     vertex -1.639661e+01  7.426383e+00  0.000000e+00
   endloop
 endfacet
 facet normal  9.164969e-01 -4.000417e-01  0.000000e+00
   outer loop
     vertex -1.659417e+01  6.973763e+00  2.000000e+00
     vertex -1.639661e+01  7.426383e+00  0.000000e+00
     vertex -1.639661e+01  7.426383e+00  2.000000e+00
   endloop
 endfacet
 facet normal  9.271267e-01 -3.747479e-01  0.000000e+00
   outer loop
     vertex -1.677925e+01  6.515893e+00  2.000000e+00
     vertex -1.677925e+01  6.515893e+00  0.000000e+00
     vertex -1.659417e+01  6.973763e+00  0.000000e+00
   endloop
 endfacet
 facet normal  9.370586e-01 -3.491720e-01  0.000000e+00
   outer loop
     vertex -1.677925e+01  6.515893e+00  2.000000e+00
     vertex -1.695169e+01  6.053118e+00  0.000000e+00
     vertex -1.677925e+01  6.515893e+00  0.000000e+00
   endloop
 endfacet
 facet normal  9.271267e-01 -3.747479e-01  0.000000e+00
   outer loop
     vertex -1.677925e+01  6.515893e+00  2.000000e+00
     vertex -1.659417e+01  6.973763e+00  0.000000e+00
     vertex -1.659417e+01  6.973763e+00  2.000000e+00
   endloop
 endfacet
 facet normal  9.370586e-01 -3.491720e-01  0.000000e+00
   outer loop
     vertex -1.695169e+01  6.053118e+00  2.000000e+00
     vertex -1.695169e+01  6.053118e+00  0.000000e+00
     vertex -1.677925e+01  6.515893e+00  2.000000e+00
   endloop
 endfacet
 facet normal  9.462851e-01 -3.233333e-01  0.000000e+00
   outer loop
     vertex -1.711137e+01  5.585786e+00  2.000000e+00
     vertex -1.711137e+01  5.585786e+00  0.000000e+00
     vertex -1.695169e+01  6.053118e+00  0.000000e+00
   endloop
 endfacet
 facet normal  9.462851e-01 -3.233333e-01  0.000000e+00
   outer loop
     vertex -1.711137e+01  5.585786e+00  2.000000e+00
     vertex -1.695169e+01  6.053118e+00  0.000000e+00
     vertex -1.695169e+01  6.053118e+00  2.000000e+00
   endloop
 endfacet
 facet normal  9.547993e-01 -2.972512e-01  0.000000e+00
   outer loop
     vertex -1.725817e+01  5.114249e+00  2.000000e+00
     vertex -1.725817e+01  5.114249e+00  0.000000e+00
     vertex -1.711137e+01  5.585786e+00  0.000000e+00
   endloop
 endfacet
 facet normal  9.547993e-01 -2.972512e-01  0.000000e+00
   outer loop
     vertex -1.725817e+01  5.114249e+00  2.000000e+00
     vertex -1.711137e+01  5.585786e+00  0.000000e+00
     vertex -1.711137e+01  5.585786e+00  2.000000e+00
   endloop
 endfacet
 facet normal  9.625948e-01 -2.709453e-01  0.000000e+00
   outer loop
     vertex -1.739198e+01  4.638863e+00  2.000000e+00
     vertex -1.739198e+01  4.638863e+00  0.000000e+00
     vertex -1.725817e+01  5.114249e+00  0.000000e+00
   endloop
 endfacet
 facet normal  9.625948e-01 -2.709453e-01  0.000000e+00
   outer loop
     vertex -1.739198e+01  4.638863e+00  2.000000e+00
     vertex -1.725817e+01  5.114249e+00  0.000000e+00
     vertex -1.725817e+01  5.114249e+00  2.000000e+00
   endloop
 endfacet
 facet normal  9.696656e-01 -2.444354e-01  0.000000e+00
   outer loop
     vertex -1.751270e+01  4.159984e+00  2.000000e+00
     vertex -1.751270e+01  4.159984e+00  0.000000e+00
     vertex -1.739198e+01  4.638863e+00  0.000000e+00
   endloop
 endfacet
 facet normal  9.760065e-01 -2.177416e-01  0.000000e+00
   outer loop
     vertex -1.751270e+01  4.159984e+00  2.000000e+00
     vertex -1.762023e+01  3.677975e+00  0.000000e+00
     vertex -1.751270e+01  4.159984e+00  0.000000e+00
   endloop
 endfacet
 facet normal  9.696656e-01 -2.444354e-01  0.000000e+00
   outer loop
     vertex -1.751270e+01  4.159984e+00  2.000000e+00
     vertex -1.739198e+01  4.638863e+00  0.000000e+00
     vertex -1.739198e+01  4.638863e+00  2.000000e+00
   endloop
 endfacet
 facet normal  9.816126e-01 -1.908838e-01  0.000000e+00
   outer loop
     vertex -1.762023e+01  3.677975e+00  2.000000e+00
     vertex -1.771450e+01  3.193196e+00  0.000000e+00
     vertex -1.762023e+01  3.677975e+00  0.000000e+00
   endloop
 endfacet
 facet normal  9.760065e-01 -2.177416e-01  0.000000e+00
   outer loop
     vertex -1.762023e+01  3.677975e+00  2.000000e+00
     vertex -1.762023e+01  3.677975e+00  0.000000e+00
     vertex -1.751270e+01  4.159984e+00  2.000000e+00
   endloop
 endfacet
 facet normal  9.864799e-01 -1.638824e-01  0.000000e+00
   outer loop
     vertex -1.771450e+01  3.193196e+00  2.000000e+00
     vertex -1.779543e+01  2.706014e+00  0.000000e+00
     vertex -1.771450e+01  3.193196e+00  0.000000e+00
   endloop
 endfacet
 facet normal  9.816126e-01 -1.908838e-01  0.000000e+00
   outer loop
     vertex -1.771450e+01  3.193196e+00  2.000000e+00
     vertex -1.771450e+01  3.193196e+00  0.000000e+00
     vertex -1.762023e+01  3.677975e+00  2.000000e+00
   endloop
 endfacet
 facet normal  9.906046e-01 -1.367575e-01  0.000000e+00
   outer loop
     vertex -1.779543e+01  2.706014e+00  2.000000e+00
     vertex -1.786297e+01  2.216794e+00  0.000000e+00
     vertex -1.779543e+01  2.706014e+00  0.000000e+00
   endloop
 endfacet
 facet normal  9.864799e-01 -1.638824e-01  0.000000e+00
   outer loop
     vertex -1.779543e+01  2.706014e+00  2.000000e+00
     vertex -1.779543e+01  2.706014e+00  0.000000e+00
     vertex -1.771450e+01  3.193196e+00  2.000000e+00
   endloop
 endfacet
 facet normal  9.939835e-01 -1.095298e-01  0.000000e+00
   outer loop
     vertex -1.786297e+01  2.216794e+00  2.000000e+00
     vertex -1.791707e+01  1.725906e+00  0.000000e+00
     vertex -1.786297e+01  2.216794e+00  0.000000e+00
   endloop
 endfacet
 facet normal  9.906046e-01 -1.367575e-01  0.000000e+00
   outer loop
     vertex -1.786297e+01  2.216794e+00  2.000000e+00
     vertex -1.786297e+01  2.216794e+00  0.000000e+00
     vertex -1.779543e+01  2.706014e+00  2.000000e+00
   endloop
 endfacet
 facet normal  9.939835e-01 -1.095298e-01  0.000000e+00
   outer loop
     vertex -1.791707e+01  1.725906e+00  2.000000e+00
     vertex -1.791707e+01  1.725906e+00  0.000000e+00
     vertex -1.786297e+01  2.216794e+00  2.000000e+00
   endloop
 endfacet
 facet normal  9.966142e-01 -8.221955e-02  0.000000e+00
   outer loop
     vertex -1.795767e+01  1.233719e+00  2.000000e+00
     vertex -1.791707e+01  1.725906e+00  0.000000e+00
     vertex -1.791707e+01  1.725906e+00  2.000000e+00
   endloop
 endfacet
 facet normal  9.966142e-01 -8.221955e-02  0.000000e+00
   outer loop
     vertex -1.795767e+01  1.233719e+00  2.000000e+00
     vertex -1.795767e+01  1.233719e+00  0.000000e+00
     vertex -1.791707e+01  1.725906e+00  0.000000e+00
   endloop
 endfacet
 facet normal  9.984947e-01 -5.484744e-02  0.000000e+00
   outer loop
     vertex -1.795767e+01  1.233719e+00  2.000000e+00
     vertex -1.798476e+01  7.406031e-01  0.000000e+00
     vertex -1.795767e+01  1.233719e+00  0.000000e+00
   endloop
 endfacet
 facet normal  9.984947e-01 -5.484744e-02  0.000000e+00
   outer loop
     vertex -1.798476e+01  7.406031e-01  2.000000e+00
     vertex -1.798476e+01  7.406031e-01  0.000000e+00
     vertex -1.795767e+01  1.233719e+00  2.000000e+00
   endloop
 endfacet
 facet normal  9.996236e-01 -2.743405e-02  0.000000e+00
   outer loop
     vertex -1.798476e+01  7.406031e-01  2.000000e+00
     vertex -1.799831e+01  2.469297e-01  0.000000e+00
     vertex -1.798476e+01  7.406031e-01  0.000000e+00
   endloop
 endfacet
 facet normal  9.996236e-01 -2.743405e-02  0.000000e+00
   outer loop
     vertex -1.799831e+01  2.469297e-01  2.000000e+00
     vertex -1.799831e+01  2.469297e-01  0.000000e+00
     vertex -1.798476e+01  7.406031e-01  2.000000e+00
   endloop
 endfacet
 facet normal  1.000000e+00 -0.000000e+00  0.000000e+00
   outer loop
     vertex -1.799831e+01 -2.469297e-01  2.000000e+00
     vertex -1.799831e+01  2.469297e-01  0.000000e+00
     vertex -1.799831e+01  2.469297e-01  2.000000e+00
   endloop
 endfacet
 facet normal  1.000000e+00  0.000000e+00  0.000000e+00
   outer loop
     vertex -1.799831e+01 -2.469297e-01  2.000000e+00
     vertex -1.799831e+01 -2.469297e-01  0.000000e+00
     vertex -1.799831e+01  2.469297e-01  0.000000e+00
   endloop
 endfacet
 facet normal  9.996236e-01  2.743405e-02  0.000000e+00
   outer loop
     vertex -1.799831e+01 -2.469297e-01  2.000000e+00
     vertex -1.798476e+01 -7.406031e-01  0.000000e+00
     vertex -1.799831e+01 -2.469297e-01  0.000000e+00
   endloop
 endfacet
 facet normal  9.996236e-01  2.743405e-02  0.000000e+00
   outer loop
     vertex -1.798476e+01 -7.406031e-01  2.000000e+00
     vertex -1.798476e+01 -7.406031e-01  0.000000e+00
     vertex -1.799831e+01 -2.469297e-01  2.000000e+00
   endloop
 endfacet
 facet normal  9.984947e-01  5.484744e-02  0.000000e+00
   outer loop
     vertex -1.795767e+01 -1.233719e+00  2.000000e+00
     vertex -1.798476e+01 -7.406031e-01  0.000000e+00
     vertex -1.798476e+01 -7.406031e-01  2.000000e+00
   endloop
 endfacet
 facet normal  9.984947e-01  5.484744e-02  0.000000e+00
   outer loop
     vertex -1.795767e+01 -1.233719e+00  2.000000e+00
     vertex -1.795767e+01 -1.233719e+00  0.000000e+00
     vertex -1.798476e+01 -7.406031e-01  0.000000e+00
   endloop
 endfacet
 facet normal  9.966142e-01  8.221955e-02  0.000000e+00
   outer loop
     vertex -1.795767e+01 -1.233719e+00  2.000000e+00
     vertex -1.791707e+01 -1.725906e+00  0.000000e+00
     vertex -1.795767e+01 -1.233719e+00  0.000000e+00
   endloop
 endfacet
 facet normal  9.966142e-01  8.221955e-02  0.000000e+00
   outer loop
     vertex -1.791707e+01 -1.725906e+00  2.000000e+00
     vertex -1.791707e+01 -1.725906e+00  0.000000e+00
     vertex -1.795767e+01 -1.233719e+00  2.000000e+00
   endloop
 endfacet
 facet normal  9.939835e-01  1.095298e-01  0.000000e+00
   outer loop
     vertex -1.786297e+01 -2.216794e+00  2.000000e+00
     vertex -1.791707e+01 -1.725906e+00  0.000000e+00
     vertex -1.791707e+01 -1.725906e+00  2.000000e+00
   endloop
 endfacet
 facet normal  9.939835e-01  1.095298e-01  0.000000e+00
   outer loop
     vertex -1.786297e+01 -2.216794e+00  2.000000e+00
     vertex -1.786297e+01 -2.216794e+00  0.000000e+00
     vertex -1.791707e+01 -1.725906e+00  0.000000e+00
   endloop
 endfacet
 facet normal  9.906046e-01  1.367575e-01  0.000000e+00
   outer loop
     vertex -1.786297e+01 -2.216794e+00  2.000000e+00
     vertex -1.779543e+01 -2.706014e+00  0.000000e+00
     vertex -1.786297e+01 -2.216794e+00  0.000000e+00
   endloop
 endfacet
 facet normal  9.906046e-01  1.367575e-01  0.000000e+00
   outer loop
     vertex -1.779543e+01 -2.706014e+00  2.000000e+00
     vertex -1.779543e+01 -2.706014e+00  0.000000e+00
     vertex -1.786297e+01 -2.216794e+00  2.000000e+00
   endloop
 endfacet
 facet normal  9.864799e-01  1.638824e-01  0.000000e+00
   outer loop
     vertex -1.771450e+01 -3.193196e+00  2.000000e+00
     vertex -1.779543e+01 -2.706014e+00  0.000000e+00
     vertex -1.779543e+01 -2.706014e+00  2.000000e+00
   endloop
 endfacet
 facet normal  9.864799e-01  1.638824e-01  0.000000e+00
   outer loop
     vertex -1.771450e+01 -3.193196e+00  2.000000e+00
     vertex -1.771450e+01 -3.193196e+00  0.000000e+00
     vertex -1.779543e+01 -2.706014e+00  0.000000e+00
   endloop
 endfacet
 facet normal  9.816126e-01  1.908838e-01  0.000000e+00
   outer loop
     vertex -1.762023e+01 -3.677975e+00  2.000000e+00
     vertex -1.771450e+01 -3.193196e+00  0.000000e+00
     vertex -1.771450e+01 -3.193196e+00  2.000000e+00
   endloop
 endfacet
 facet normal  9.816126e-01  1.908838e-01  0.000000e+00
   outer loop
     vertex -1.762023e+01 -3.677975e+00  2.000000e+00
     vertex -1.762023e+01 -3.677975e+00  0.000000e+00
     vertex -1.771450e+01 -3.193196e+00  0.000000e+00
   endloop
 endfacet
 facet normal  9.760065e-01  2.177416e-01  0.000000e+00
   outer loop
     vertex -1.751270e+01 -4.159984e+00  2.000000e+00
     vertex -1.751270e+01 -4.159984e+00  0.000000e+00
     vertex -1.762023e+01 -3.677975e+00  0.000000e+00
   endloop
 endfacet
 facet normal  9.760065e-01  2.177416e-01  0.000000e+00
   outer loop
     vertex -1.751270e+01 -4.159984e+00  2.000000e+00
     vertex -1.762023e+01 -3.677975e+00  0.000000e+00
     vertex -1.762023e+01 -3.677975e+00  2.000000e+00
   endloop
 endfacet
 facet normal  9.696656e-01  2.444354e-01  0.000000e+00
   outer loop
     vertex -1.751270e+01 -4.159984e+00  2.000000e+00
     vertex -1.739198e+01 -4.638863e+00  0.000000e+00
     vertex -1.751270e+01 -4.159984e+00  0.000000e+00
   endloop
 endfacet
 facet normal  9.696656e-01  2.444354e-01  0.000000e+00
   outer loop
     vertex -1.739198e+01 -4.638863e+00  2.000000e+00
     vertex -1.739198e+01 -4.638863e+00  0.000000e+00
     vertex -1.751270e+01 -4.159984e+00  2.000000e+00
   endloop
 endfacet
 facet normal  9.625948e-01  2.709453e-01  0.000000e+00
   outer loop
     vertex -1.725817e+01 -5.114249e+00  2.000000e+00
     vertex -1.725817e+01 -5.114249e+00  0.000000e+00
     vertex -1.739198e+01 -4.638863e+00  0.000000e+00
   endloop
 endfacet
 facet normal  9.625948e-01  2.709453e-01  0.000000e+00
   outer loop
     vertex -1.725817e+01 -5.114249e+00  2.000000e+00
     vertex -1.739198e+01 -4.638863e+00  0.000000e+00
     vertex -1.739198e+01 -4.638863e+00  2.000000e+00
   endloop
 endfacet
 facet normal  9.547993e-01  2.972512e-01  0.000000e+00
   outer loop
     vertex -1.711137e+01 -5.585786e+00  2.000000e+00
     vertex -1.711137e+01 -5.585786e+00  0.000000e+00
     vertex -1.725817e+01 -5.114249e+00  0.000000e+00
   endloop
 endfacet
 facet normal  9.547993e-01  2.972512e-01  0.000000e+00
   outer loop
     vertex -1.711137e+01 -5.585786e+00  2.000000e+00
     vertex -1.725817e+01 -5.114249e+00  0.000000e+00
     vertex -1.725817e+01 -5.114249e+00  2.000000e+00
   endloop
 endfacet
 facet normal  9.462851e-01  3.233333e-01  0.000000e+00
   outer loop
     vertex -1.695169e+01 -6.053118e+00  2.000000e+00
     vertex -1.695169e+01 -6.053118e+00  0.000000e+00
     vertex -1.711137e+01 -5.585786e+00  0.000000e+00
   endloop
 endfacet
 facet normal  9.462851e-01  3.233333e-01  0.000000e+00
   outer loop
     vertex -1.695169e+01 -6.053118e+00  2.000000e+00
     vertex -1.711137e+01 -5.585786e+00  0.000000e+00
     vertex -1.711137e+01 -5.585786e+00  2.000000e+00
   endloop
 endfacet
 facet normal  9.370586e-01  3.491720e-01  0.000000e+00
   outer loop
     vertex -1.677925e+01 -6.515893e+00  2.000000e+00
     vertex -1.677925e+01 -6.515893e+00  0.000000e+00
     vertex -1.695169e+01 -6.053118e+00  0.000000e+00
   endloop
 endfacet
 facet normal  9.271267e-01  3.747479e-01  0.000000e+00
   outer loop
     vertex -1.677925e+01 -6.515893e+00  2.000000e+00
     vertex -1.659417e+01 -6.973763e+00  0.000000e+00
     vertex -1.677925e+01 -6.515893e+00  0.000000e+00
   endloop
 endfacet
 facet normal  9.370586e-01  3.491720e-01  0.000000e+00
   outer loop
     vertex -1.677925e+01 -6.515893e+00  2.000000e+00
     vertex -1.695169e+01 -6.053118e+00  0.000000e+00
     vertex -1.695169e+01 -6.053118e+00  2.000000e+00
   endloop
 endfacet
 facet normal  9.164969e-01  4.000417e-01  0.000000e+00
   outer loop
     vertex -1.659417e+01 -6.973763e+00  2.000000e+00
     vertex -1.639661e+01 -7.426383e+00  0.000000e+00
     vertex -1.659417e+01 -6.973763e+00  0.000000e+00
   endloop
 endfacet
 facet normal  9.271267e-01  3.747479e-01  0.000000e+00
   outer loop
     vertex -1.659417e+01 -6.973763e+00  2.000000e+00
     vertex -1.659417e+01 -6.973763e+00  0.000000e+00
     vertex -1.677925e+01 -6.515893e+00  2.000000e+00
   endloop
 endfacet
 facet normal  9.164969e-01  4.000417e-01  0.000000e+00
   outer loop
     vertex -1.639661e+01 -7.426383e+00  2.000000e+00
     vertex -1.639661e+01 -7.426383e+00  0.000000e+00
     vertex -1.659417e+01 -6.973763e+00  2.000000e+00
   endloop
 endfacet
 facet normal  9.051772e-01  4.250344e-01  0.000000e+00
   outer loop
     vertex -1.618670e+01 -7.873414e+00  2.000000e+00
     vertex -1.618670e+01 -7.873414e+00  0.000000e+00
     vertex -1.639661e+01 -7.426383e+00  0.000000e+00
   endloop
 endfacet
 facet normal  9.051772e-01  4.250344e-01  0.000000e+00
   outer loop
     vertex -1.618670e+01 -7.873414e+00  2.000000e+00
     vertex -1.639661e+01 -7.426383e+00  0.000000e+00
     vertex -1.639661e+01 -7.426383e+00  2.000000e+00
   endloop
 endfacet
 facet normal  8.931761e-01  4.497071e-01  0.000000e+00
   outer loop
     vertex -1.596461e+01 -8.314517e+00  2.000000e+00
     vertex -1.596461e+01 -8.314517e+00  0.000000e+00
     vertex -1.618670e+01 -7.873414e+00  0.000000e+00
   endloop
 endfacet
 facet normal  8.931761e-01  4.497071e-01  0.000000e+00
   outer loop
     vertex -1.596461e+01 -8.314517e+00  2.000000e+00
     vertex -1.618670e+01 -7.873414e+00  0.000000e+00
     vertex -1.618670e+01 -7.873414e+00  2.000000e+00
   endloop
 endfacet
 facet normal  8.805026e-01  4.740412e-01  0.000000e+00
   outer loop
     vertex -1.573050e+01 -8.749362e+00  2.000000e+00
     vertex -1.573050e+01 -8.749362e+00  0.000000e+00
     vertex -1.596461e+01 -8.314517e+00  0.000000e+00
   endloop
 endfacet
 facet normal  8.805026e-01  4.740412e-01  0.000000e+00
   outer loop
     vertex -1.573050e+01 -8.749362e+00  2.000000e+00
     vertex -1.596461e+01 -8.314517e+00  0.000000e+00
     vertex -1.596461e+01 -8.314517e+00  2.000000e+00
   endloop
 endfacet
 facet normal  8.671664e-01  4.980186e-01  0.000000e+00
   outer loop
     vertex -1.548455e+01 -9.177620e+00  2.000000e+00
     vertex -1.548455e+01 -9.177620e+00  0.000000e+00
     vertex -1.573050e+01 -8.749362e+00  0.000000e+00
   endloop
 endfacet
 facet normal  8.531773e-01  5.216210e-01  0.000000e+00
   outer loop
     vertex -1.548455e+01 -9.177620e+00  2.000000e+00
     vertex -1.522694e+01 -9.598969e+00  0.000000e+00
     vertex -1.548455e+01 -9.177620e+00  0.000000e+00
   endloop
 endfacet
 facet normal  8.671664e-01  4.980186e-01  0.000000e+00
   outer loop
     vertex -1.548455e+01 -9.177620e+00  2.000000e+00
     vertex -1.573050e+01 -8.749362e+00  0.000000e+00
     vertex -1.573050e+01 -8.749362e+00  2.000000e+00
   endloop
 endfacet
 facet normal  8.385460e-01  5.448308e-01  0.000000e+00
   outer loop
     vertex -1.522694e+01 -9.598969e+00  2.000000e+00
     vertex -1.495787e+01 -1.001309e+01  0.000000e+00
     vertex -1.522694e+01 -9.598969e+00  0.000000e+00
   endloop
 endfacet
 facet normal  8.531773e-01  5.216210e-01  0.000000e+00
   outer loop
     vertex -1.522694e+01 -9.598969e+00  2.000000e+00
     vertex -1.522694e+01 -9.598969e+00  0.000000e+00
     vertex -1.548455e+01 -9.177620e+00  2.000000e+00
   endloop
 endfacet
 facet normal  8.385460e-01  5.448308e-01  0.000000e+00
   outer loop
     vertex -1.495787e+01 -1.001309e+01  2.000000e+00
     vertex -1.495787e+01 -1.001309e+01  0.000000e+00
     vertex -1.522694e+01 -9.598969e+00  2.000000e+00
   endloop
 endfacet
 facet normal  8.232835e-01  5.676304e-01  0.000000e+00
   outer loop
     vertex -1.467754e+01 -1.041968e+01  2.000000e+00
     vertex -1.495787e+01 -1.001309e+01  0.000000e+00
     vertex -1.495787e+01 -1.001309e+01  2.000000e+00
   endloop
 endfacet
 facet normal  8.232835e-01  5.676304e-01  0.000000e+00
   outer loop
     vertex -1.467754e+01 -1.041968e+01  2.000000e+00
     vertex -1.467754e+01 -1.041968e+01  0.000000e+00
     vertex -1.495787e+01 -1.001309e+01  0.000000e+00
   endloop
 endfacet
 facet normal  8.074012e-01  5.900028e-01  0.000000e+00
   outer loop
     vertex -1.467754e+01 -1.041968e+01  2.000000e+00
     vertex -1.438617e+01 -1.081842e+01  0.000000e+00
     vertex -1.467754e+01 -1.041968e+01  0.000000e+00
   endloop
 endfacet
 facet normal  8.074012e-01  5.900028e-01  0.000000e+00
   outer loop
     vertex -1.438617e+01 -1.081842e+01  2.000000e+00
     vertex -1.438617e+01 -1.081842e+01  0.000000e+00
     vertex -1.467754e+01 -1.041968e+01  2.000000e+00
   endloop
 endfacet
 facet normal  7.909112e-01  6.119310e-01  0.000000e+00
   outer loop
     vertex -1.408396e+01 -1.120902e+01  2.000000e+00
     vertex -1.438617e+01 -1.081842e+01  0.000000e+00
     vertex -1.438617e+01 -1.081842e+01  2.000000e+00
   endloop
 endfacet
 facet normal  7.909112e-01  6.119310e-01  0.000000e+00
   outer loop
     vertex -1.408396e+01 -1.120902e+01  2.000000e+00
     vertex -1.408396e+01 -1.120902e+01  0.000000e+00
     vertex -1.438617e+01 -1.081842e+01  0.000000e+00
   endloop
 endfacet
 facet normal  7.738257e-01  6.333986e-01  0.000000e+00
   outer loop
     vertex -1.408396e+01 -1.120902e+01  2.000000e+00
     vertex -1.377115e+01 -1.159118e+01  0.000000e+00
     vertex -1.408396e+01 -1.120902e+01  0.000000e+00
   endloop
 endfacet
 facet normal  7.738257e-01  6.333986e-01  0.000000e+00
   outer loop
     vertex -1.377115e+01 -1.159118e+01  2.000000e+00
     vertex -1.377115e+01 -1.159118e+01  0.000000e+00
     vertex -1.408396e+01 -1.120902e+01  2.000000e+00
   endloop
 endfacet
 facet normal  7.561578e-01  6.543893e-01  0.000000e+00
   outer loop
     vertex -1.344797e+01 -1.196462e+01  2.000000e+00
     vertex -1.377115e+01 -1.159118e+01  0.000000e+00
     vertex -1.377115e+01 -1.159118e+01  2.000000e+00
   endloop
 endfacet
 facet normal  7.561578e-01  6.543893e-01  0.000000e+00
   outer loop
     vertex -1.344797e+01 -1.196462e+01  2.000000e+00
     vertex -1.344797e+01 -1.196462e+01  0.000000e+00
     vertex -1.377115e+01 -1.159118e+01  0.000000e+00
   endloop
 endfacet
 facet normal  7.379206e-01  6.748875e-01  0.000000e+00
   outer loop
     vertex -1.311467e+01 -1.232905e+01  2.000000e+00
     vertex -1.344797e+01 -1.196462e+01  0.000000e+00
     vertex -1.344797e+01 -1.196462e+01  2.000000e+00
   endloop
 endfacet
 facet normal  7.379206e-01  6.748875e-01  0.000000e+00
   outer loop
     vertex -1.311467e+01 -1.232905e+01  2.000000e+00
     vertex -1.311467e+01 -1.232905e+01  0.000000e+00
     vertex -1.344797e+01 -1.196462e+01  0.000000e+00
   endloop
 endfacet
 facet normal  7.191280e-01  6.948776e-01  0.000000e+00
   outer loop
     vertex -1.277150e+01 -1.268419e+01  2.000000e+00
     vertex -1.311467e+01 -1.232905e+01  0.000000e+00
     vertex -1.311467e+01 -1.232905e+01  2.000000e+00
   endloop
 endfacet
 facet normal  7.191280e-01  6.948776e-01  0.000000e+00
   outer loop
     vertex -1.277150e+01 -1.268419e+01  2.000000e+00
     vertex -1.277150e+01 -1.268419e+01  0.000000e+00
     vertex -1.311467e+01 -1.232905e+01  0.000000e+00
   endloop
 endfacet
 facet normal  6.997940e-01  7.143447e-01  0.000000e+00
   outer loop
     vertex -1.241871e+01 -1.302979e+01  2.000000e+00
     vertex -1.277150e+01 -1.268419e+01  0.000000e+00
     vertex -1.277150e+01 -1.268419e+01  2.000000e+00
   endloop
 endfacet
 facet normal  6.997940e-01  7.143447e-01  0.000000e+00
   outer loop
     vertex -1.241871e+01 -1.302979e+01  2.000000e+00
     vertex -1.241871e+01 -1.302979e+01  0.000000e+00
     vertex -1.277150e+01 -1.268419e+01  0.000000e+00
   endloop
 endfacet
 facet normal  6.799333e-01  7.332740e-01  0.000000e+00
   outer loop
     vertex -1.205658e+01 -1.336559e+01  2.000000e+00
     vertex -1.241871e+01 -1.302979e+01  0.000000e+00
     vertex -1.241871e+01 -1.302979e+01  2.000000e+00
   endloop
 endfacet
 facet normal  6.799333e-01  7.332740e-01  0.000000e+00
   outer loop
     vertex -1.205658e+01 -1.336559e+01  2.000000e+00
     vertex -1.205658e+01 -1.336559e+01  0.000000e+00
     vertex -1.241871e+01 -1.302979e+01  0.000000e+00
   endloop
 endfacet
 facet normal  6.595607e-01  7.516513e-01  0.000000e+00
   outer loop
     vertex -1.205658e+01 -1.336559e+01  2.000000e+00
     vertex -1.168537e+01 -1.369132e+01  0.000000e+00
     vertex -1.205658e+01 -1.336559e+01  0.000000e+00
   endloop
 endfacet
 facet normal  6.595607e-01  7.516513e-01  0.000000e+00
   outer loop
     vertex -1.168537e+01 -1.369132e+01  2.000000e+00
     vertex -1.168537e+01 -1.369132e+01  0.000000e+00
     vertex -1.205658e+01 -1.336559e+01  2.000000e+00
   endloop
 endfacet
 facet normal  6.386916e-01  7.694628e-01  0.000000e+00
   outer loop
     vertex -1.130536e+01 -1.400674e+01  2.000000e+00
     vertex -1.168537e+01 -1.369132e+01  0.000000e+00
     vertex -1.168537e+01 -1.369132e+01  2.000000e+00
   endloop
 endfacet
 facet normal  6.386916e-01  7.694628e-01  0.000000e+00
   outer loop
     vertex -1.130536e+01 -1.400674e+01  2.000000e+00
     vertex -1.130536e+01 -1.400674e+01  0.000000e+00
     vertex -1.168537e+01 -1.369132e+01  0.000000e+00
   endloop
 endfacet
 facet normal  6.173417e-01  7.866951e-01  0.000000e+00
   outer loop
     vertex -1.091685e+01 -1.431162e+01  2.000000e+00
     vertex -1.130536e+01 -1.400674e+01  0.000000e+00
     vertex -1.130536e+01 -1.400674e+01  2.000000e+00
   endloop
 endfacet
 facet normal  6.173417e-01  7.866951e-01  0.000000e+00
   outer loop
     vertex -1.091685e+01 -1.431162e+01  2.000000e+00
     vertex -1.091685e+01 -1.431162e+01  0.000000e+00
     vertex -1.130536e+01 -1.400674e+01  0.000000e+00
   endloop
 endfacet
 facet normal  5.955271e-01  8.033352e-01  0.000000e+00
   outer loop
     vertex -1.052011e+01 -1.460573e+01  2.000000e+00
     vertex -1.091685e+01 -1.431162e+01  0.000000e+00
     vertex -1.091685e+01 -1.431162e+01  2.000000e+00
   endloop
 endfacet
 facet normal  5.955271e-01  8.033352e-01  0.000000e+00
   outer loop
     vertex -1.052011e+01 -1.460573e+01  2.000000e+00
     vertex -1.052011e+01 -1.460573e+01  0.000000e+00
     vertex -1.091685e+01 -1.431162e+01  0.000000e+00
   endloop
 endfacet
 facet normal  5.732642e-01  8.193706e-01  0.000000e+00
   outer loop
     vertex -1.011546e+01 -1.488884e+01  2.000000e+00
     vertex -1.052011e+01 -1.460573e+01  0.000000e+00
     vertex -1.052011e+01 -1.460573e+01  2.000000e+00
   endloop
 endfacet
 facet normal  5.732642e-01  8.193706e-01  0.000000e+00
   outer loop
     vertex -1.011546e+01 -1.488884e+01  2.000000e+00
     vertex -1.011546e+01 -1.488884e+01  0.000000e+00
     vertex -1.052011e+01 -1.460573e+01  0.000000e+00
   endloop
 endfacet
 facet normal  5.505698e-01  8.347891e-01  0.000000e+00
   outer loop
     vertex -9.703190e+00 -1.516074e+01  2.000000e+00
     vertex -1.011546e+01 -1.488884e+01  0.000000e+00
     vertex -1.011546e+01 -1.488884e+01  2.000000e+00
   endloop
 endfacet
 facet normal  5.505698e-01  8.347891e-01  0.000000e+00
   outer loop
     vertex -9.703190e+00 -1.516074e+01  2.000000e+00
     vertex -9.703190e+00 -1.516074e+01  0.000000e+00
     vertex -1.011546e+01 -1.488884e+01  0.000000e+00
   endloop
 endfacet
 facet normal  5.274609e-01  8.495793e-01  0.000000e+00
   outer loop
     vertex -9.703190e+00 -1.516074e+01  2.000000e+00
     vertex -9.283617e+00 -1.542123e+01  0.000000e+00
     vertex -9.703190e+00 -1.516074e+01  0.000000e+00
   endloop
 endfacet
 facet normal  5.274609e-01  8.495793e-01  0.000000e+00
   outer loop
     vertex -9.283617e+00 -1.542123e+01  2.000000e+00
     vertex -9.283617e+00 -1.542123e+01  0.000000e+00
     vertex -9.703190e+00 -1.516074e+01  2.000000e+00
   endloop
 endfacet
 facet normal  5.039550e-01  8.637299e-01  0.000000e+00
   outer loop
     vertex -8.857056e+00 -1.567012e+01  2.000000e+00
     vertex -9.283617e+00 -1.542123e+01  0.000000e+00
     vertex -9.283617e+00 -1.542123e+01  2.000000e+00
   endloop
 endfacet
 facet normal  5.039550e-01  8.637299e-01  0.000000e+00
   outer loop
     vertex -8.857056e+00 -1.567012e+01  2.000000e+00
     vertex -8.857056e+00 -1.567012e+01  0.000000e+00
     vertex -9.283617e+00 -1.542123e+01  0.000000e+00
   endloop
 endfacet
 facet normal  4.800697e-01  8.772303e-01  0.000000e+00
   outer loop
     vertex -8.857056e+00 -1.567012e+01  2.000000e+00
     vertex -8.423828e+00 -1.590720e+01  0.000000e+00
     vertex -8.857056e+00 -1.567012e+01  0.000000e+00
   endloop
 endfacet
 facet normal  4.800697e-01  8.772303e-01  0.000000e+00
   outer loop
     vertex -8.423828e+00 -1.590720e+01  2.000000e+00
     vertex -8.423828e+00 -1.590720e+01  0.000000e+00
     vertex -8.857056e+00 -1.567012e+01  2.000000e+00
   endloop
 endfacet
 facet normal  4.558231e-01  8.900704e-01  0.000000e+00
   outer loop
     vertex -7.984258e+00 -1.613232e+01  2.000000e+00
     vertex -8.423828e+00 -1.590720e+01  0.000000e+00
     vertex -8.423828e+00 -1.590720e+01  2.000000e+00
   endloop
 endfacet
 facet normal  4.558231e-01  8.900704e-01  0.000000e+00
   outer loop
     vertex -7.984258e+00 -1.613232e+01  2.000000e+00
     vertex -7.984258e+00 -1.613232e+01  0.000000e+00
     vertex -8.423828e+00 -1.590720e+01  0.000000e+00
   endloop
 endfacet
 facet normal  4.312333e-01  9.022405e-01  0.000000e+00
   outer loop
     vertex -7.538678e+00 -1.634528e+01  2.000000e+00
     vertex -7.984258e+00 -1.613232e+01  0.000000e+00
     vertex -7.984258e+00 -1.613232e+01  2.000000e+00
   endloop
 endfacet
 facet normal  4.312333e-01  9.022405e-01  0.000000e+00
   outer loop
     vertex -7.538678e+00 -1.634528e+01  2.000000e+00
     vertex -7.538678e+00 -1.634528e+01  0.000000e+00
     vertex -7.984258e+00 -1.613232e+01  0.000000e+00
   endloop
 endfacet
 facet normal  4.063188e-01  9.137314e-01  0.000000e+00
   outer loop
     vertex -7.538678e+00 -1.634528e+01  2.000000e+00
     vertex -7.087424e+00 -1.654595e+01  0.000000e+00
     vertex -7.538678e+00 -1.634528e+01  0.000000e+00
   endloop
 endfacet
 facet normal  4.063188e-01  9.137314e-01  0.000000e+00
   outer loop
     vertex -7.087424e+00 -1.654595e+01  2.000000e+00
     vertex -7.087424e+00 -1.654595e+01  0.000000e+00
     vertex -7.538678e+00 -1.634528e+01  2.000000e+00
   endloop
 endfacet
 facet normal  3.810986e-01  9.245344e-01  0.000000e+00
   outer loop
     vertex -6.630834e+00 -1.673416e+01  2.000000e+00
     vertex -6.630834e+00 -1.673416e+01  0.000000e+00
     vertex -7.087424e+00 -1.654595e+01  0.000000e+00
   endloop
 endfacet
 facet normal  3.810986e-01  9.245344e-01  0.000000e+00
   outer loop
     vertex -6.630834e+00 -1.673416e+01  2.000000e+00
     vertex -7.087424e+00 -1.654595e+01  0.000000e+00
     vertex -7.087424e+00 -1.654595e+01  2.000000e+00
   endloop
 endfacet
 facet normal  3.555914e-01  9.346415e-01  0.000000e+00
   outer loop
     vertex -6.169252e+00 -1.690977e+01  2.000000e+00
     vertex -6.169252e+00 -1.690977e+01  0.000000e+00
     vertex -6.630834e+00 -1.673416e+01  0.000000e+00
   endloop
 endfacet
 facet normal  3.555914e-01  9.346415e-01  0.000000e+00
   outer loop
     vertex -6.169252e+00 -1.690977e+01  2.000000e+00
     vertex -6.630834e+00 -1.673416e+01  0.000000e+00
     vertex -6.630834e+00 -1.673416e+01  2.000000e+00
   endloop
 endfacet
 facet normal  3.298166e-01  9.440450e-01  0.000000e+00
   outer loop
     vertex -5.703027e+00 -1.707265e+01  2.000000e+00
     vertex -5.703027e+00 -1.707265e+01  0.000000e+00
     vertex -6.169252e+00 -1.690977e+01  0.000000e+00
   endloop
 endfacet
 facet normal  3.298166e-01  9.440450e-01  0.000000e+00
   outer loop
     vertex -5.703027e+00 -1.707265e+01  2.000000e+00
     vertex -6.169252e+00 -1.690977e+01  0.000000e+00
     vertex -6.169252e+00 -1.690977e+01  2.000000e+00
   endloop
 endfacet
 facet normal  3.037934e-01  9.527379e-01  0.000000e+00
   outer loop
     vertex -5.232508e+00 -1.722268e+01  2.000000e+00
     vertex -5.232508e+00 -1.722268e+01  0.000000e+00
     vertex -5.703027e+00 -1.707265e+01  0.000000e+00
   endloop
 endfacet
 facet normal  2.775416e-01  9.607136e-01  0.000000e+00
   outer loop
     vertex -5.232508e+00 -1.722268e+01  2.000000e+00
     vertex -4.758051e+00 -1.735975e+01  0.000000e+00
     vertex -5.232508e+00 -1.722268e+01  0.000000e+00
   endloop
 endfacet
 facet normal  3.037934e-01  9.527379e-01  0.000000e+00
   outer loop
     vertex -5.232508e+00 -1.722268e+01  2.000000e+00
     vertex -5.703027e+00 -1.707265e+01  0.000000e+00
     vertex -5.703027e+00 -1.707265e+01  2.000000e+00
   endloop
 endfacet
 facet normal  2.775416e-01  9.607136e-01  0.000000e+00
   outer loop
     vertex -4.758051e+00 -1.735975e+01  2.000000e+00
     vertex -4.758051e+00 -1.735975e+01  0.000000e+00
     vertex -5.232508e+00 -1.722268e+01  2.000000e+00
   endloop
 endfacet
 facet normal  2.510809e-01  9.679661e-01  0.000000e+00
   outer loop
     vertex -4.280012e+00 -1.748375e+01  2.000000e+00
     vertex -4.758051e+00 -1.735975e+01  0.000000e+00
     vertex -4.758051e+00 -1.735975e+01  2.000000e+00
   endloop
 endfacet
 facet normal  2.510809e-01  9.679661e-01  0.000000e+00
   outer loop
     vertex -4.280012e+00 -1.748375e+01  2.000000e+00
     vertex -4.280012e+00 -1.748375e+01  0.000000e+00
     vertex -4.758051e+00 -1.735975e+01  0.000000e+00
   endloop
 endfacet
 facet normal  2.244312e-01  9.744899e-01  0.000000e+00
   outer loop
     vertex -4.280012e+00 -1.748375e+01  2.000000e+00
     vertex -3.798751e+00 -1.759459e+01  0.000000e+00
     vertex -4.280012e+00 -1.748375e+01  0.000000e+00
   endloop
 endfacet
 facet normal  2.244312e-01  9.744899e-01  0.000000e+00
   outer loop
     vertex -3.798751e+00 -1.759459e+01  2.000000e+00
     vertex -3.798751e+00 -1.759459e+01  0.000000e+00
     vertex -4.280012e+00 -1.748375e+01  2.000000e+00
   endloop
 endfacet
 facet normal  1.976125e-01  9.802802e-01  0.000000e+00
   outer loop
     vertex -3.314630e+00 -1.769218e+01  2.000000e+00
     vertex -3.798751e+00 -1.759459e+01  0.000000e+00
     vertex -3.798751e+00 -1.759459e+01  2.000000e+00
   endloop
 endfacet
 facet normal  1.976125e-01  9.802802e-01  0.000000e+00
   outer loop
     vertex -3.314630e+00 -1.769218e+01  2.000000e+00
     vertex -3.314630e+00 -1.769218e+01  0.000000e+00
     vertex -3.798751e+00 -1.759459e+01  0.000000e+00
   endloop
 endfacet
 facet normal  1.706451e-01  9.853326e-01  0.000000e+00
   outer loop
     vertex -3.314630e+00 -1.769218e+01  2.000000e+00
     vertex -2.828015e+00 -1.777645e+01  0.000000e+00
     vertex -3.314630e+00 -1.769218e+01  0.000000e+00
   endloop
 endfacet
 facet normal  1.706451e-01  9.853326e-01  0.000000e+00
   outer loop
     vertex -2.828015e+00 -1.777645e+01  2.000000e+00
     vertex -2.828015e+00 -1.777645e+01  0.000000e+00
     vertex -3.314630e+00 -1.769218e+01  2.000000e+00
   endloop
 endfacet
 facet normal  1.435492e-01  9.896432e-01  0.000000e+00
   outer loop
     vertex -2.339270e+00 -1.784735e+01  2.000000e+00
     vertex -2.828015e+00 -1.777645e+01  0.000000e+00
     vertex -2.828015e+00 -1.777645e+01  2.000000e+00
   endloop
 endfacet
 facet normal  1.435492e-01  9.896432e-01  0.000000e+00
   outer loop
     vertex -2.339270e+00 -1.784735e+01  2.000000e+00
     vertex -2.339270e+00 -1.784735e+01  0.000000e+00
     vertex -2.828015e+00 -1.777645e+01  0.000000e+00
   endloop
 endfacet
 facet normal  1.163452e-01  9.932088e-01  0.000000e+00
   outer loop
     vertex -1.848765e+00 -1.790481e+01  2.000000e+00
     vertex -2.339270e+00 -1.784735e+01  0.000000e+00
     vertex -2.339270e+00 -1.784735e+01  2.000000e+00
   endloop
 endfacet
 facet normal  1.163452e-01  9.932088e-01  0.000000e+00
   outer loop
     vertex -1.848765e+00 -1.790481e+01  2.000000e+00
     vertex -1.848765e+00 -1.790481e+01  0.000000e+00
     vertex -2.339270e+00 -1.784735e+01  0.000000e+00
   endloop
 endfacet
 facet normal  8.905371e-02  9.960268e-01  0.000000e+00
   outer loop
     vertex -1.356867e+00 -1.794879e+01  2.000000e+00
     vertex -1.848765e+00 -1.790481e+01  0.000000e+00
     vertex -1.848765e+00 -1.790481e+01  2.000000e+00
   endloop
 endfacet
 facet normal  8.905371e-02  9.960268e-01  0.000000e+00
   outer loop
     vertex -1.356867e+00 -1.794879e+01  2.000000e+00
     vertex -1.356867e+00 -1.794879e+01  0.000000e+00
     vertex -1.848765e+00 -1.790481e+01  0.000000e+00
   endloop
 endfacet
 facet normal  6.169515e-02  9.980950e-01  0.000000e+00
   outer loop
     vertex -8.639489e-01 -1.797925e+01  2.000000e+00
     vertex -1.356867e+00 -1.794879e+01  0.000000e+00
     vertex -1.356867e+00 -1.794879e+01  2.000000e+00
   endloop
 endfacet
 facet normal  6.169515e-02  9.980950e-01  0.000000e+00
   outer loop
     vertex -8.639489e-01 -1.797925e+01  2.000000e+00
     vertex -8.639489e-01 -1.797925e+01  0.000000e+00
     vertex -1.356867e+00 -1.794879e+01  0.000000e+00
   endloop
 endfacet
 facet normal  3.429014e-02  9.994119e-01  0.000000e+00
   outer loop
     vertex -3.703800e-01 -1.799619e+01  2.000000e+00
     vertex -8.639489e-01 -1.797925e+01  0.000000e+00
     vertex -8.639489e-01 -1.797925e+01  2.000000e+00
   endloop
 endfacet
 facet normal  3.429014e-02  9.994119e-01  0.000000e+00
   outer loop
     vertex -3.703800e-01 -1.799619e+01  2.000000e+00
     vertex -3.703800e-01 -1.799619e+01  0.000000e+00
     vertex -8.639489e-01 -1.797925e+01  0.000000e+00
   endloop
 endfacet
 facet normal  6.859319e-03  9.999765e-01  0.000000e+00
   outer loop
     vertex -3.703800e-01 -1.799619e+01  2.000000e+00
     vertex  1.234677e-01 -1.799958e+01  0.000000e+00
     vertex -3.703800e-01 -1.799619e+01  0.000000e+00
   endloop
 endfacet
 facet normal  6.859319e-03  9.999765e-01  0.000000e+00
   outer loop
     vertex  1.234677e-01 -1.799958e+01  2.000000e+00
     vertex  1.234677e-01 -1.799958e+01  0.000000e+00
     vertex -3.703800e-01 -1.799619e+01  2.000000e+00
   endloop
 endfacet
 facet normal -2.057667e-02  9.997883e-01  0.000000e+00
   outer loop
     vertex  6.172225e-01 -1.798941e+01  2.000000e+00
     vertex  1.234677e-01 -1.799958e+01  0.000000e+00
     vertex  1.234677e-01 -1.799958e+01  2.000000e+00
   endloop
 endfacet
 facet normal -2.057667e-02  9.997883e-01  0.000000e+00
   outer loop
     vertex  6.172225e-01 -1.798941e+01  2.000000e+00
     vertex  6.172225e-01 -1.798941e+01  0.000000e+00
     vertex  1.234677e-01 -1.799958e+01  0.000000e+00
   endloop
 endfacet
 facet normal -4.799716e-02  9.988475e-01  0.000000e+00
   outer loop
     vertex  1.110513e+00 -1.796571e+01  2.000000e+00
     vertex  1.110513e+00 -1.796571e+01  0.000000e+00
     vertex  6.172225e-01 -1.798941e+01  0.000000e+00
   endloop
 endfacet
 facet normal -7.538152e-02  9.971548e-01  0.000000e+00
   outer loop
     vertex  1.110513e+00 -1.796571e+01  2.000000e+00
     vertex  1.602967e+00 -1.792848e+01  0.000000e+00
     vertex  1.110513e+00 -1.796571e+01  0.000000e+00
   endloop
 endfacet
 facet normal -4.799716e-02  9.988475e-01  0.000000e+00
   outer loop
     vertex  1.110513e+00 -1.796571e+01  2.000000e+00
     vertex  6.172225e-01 -1.798941e+01  0.000000e+00
     vertex  6.172225e-01 -1.798941e+01  2.000000e+00
   endloop
 endfacet
 facet normal -7.538152e-02  9.971548e-01  0.000000e+00
   outer loop
     vertex  1.602967e+00 -1.792848e+01  2.000000e+00
     vertex  1.602967e+00 -1.792848e+01  0.000000e+00
     vertex  1.110513e+00 -1.796571e+01  2.000000e+00
   endloop
 endfacet
 facet normal -1.027091e-01  9.947114e-01  0.000000e+00
   outer loop
     vertex  2.094214e+00 -1.787776e+01  2.000000e+00
     vertex  2.094214e+00 -1.787776e+01  0.000000e+00
     vertex  1.602967e+00 -1.792848e+01  0.000000e+00
   endloop
 endfacet
 facet normal -1.027091e-01  9.947114e-01  0.000000e+00
   outer loop
     vertex  2.094214e+00 -1.787776e+01  2.000000e+00
     vertex  1.602967e+00 -1.792848e+01  0.000000e+00
     vertex  1.602967e+00 -1.792848e+01  2.000000e+00
   endloop
 endfacet
 facet normal -1.299594e-01  9.915193e-01  0.000000e+00
   outer loop
     vertex  2.583885e+00 -1.781358e+01  2.000000e+00
     vertex  2.583885e+00 -1.781358e+01  0.000000e+00
     vertex  2.094214e+00 -1.787776e+01  0.000000e+00
   endloop
 endfacet
 facet normal -1.299594e-01  9.915193e-01  0.000000e+00
   outer loop
     vertex  2.583885e+00 -1.781358e+01  2.000000e+00
     vertex  2.094214e+00 -1.787776e+01  0.000000e+00
     vertex  2.094214e+00 -1.787776e+01  2.000000e+00
   endloop
 endfacet
 facet normal -1.571119e-01  9.875808e-01  0.000000e+00
   outer loop
     vertex  3.071611e+00 -1.773599e+01  2.000000e+00
     vertex  3.071611e+00 -1.773599e+01  0.000000e+00
     vertex  2.583885e+00 -1.781358e+01  0.000000e+00
   endloop
 endfacet
 facet normal -1.841461e-01  9.828989e-01  0.000000e+00
   outer loop
     vertex  3.071611e+00 -1.773599e+01  2.000000e+00
     vertex  3.557025e+00 -1.764504e+01  0.000000e+00
     vertex  3.071611e+00 -1.773599e+01  0.000000e+00
   endloop
 endfacet
 facet normal -1.571119e-01  9.875808e-01  0.000000e+00
   outer loop
     vertex  3.071611e+00 -1.773599e+01  2.000000e+00
     vertex  2.583885e+00 -1.781358e+01  0.000000e+00
     vertex  2.583885e+00 -1.781358e+01  2.000000e+00
   endloop
 endfacet
 facet normal -1.841461e-01  9.828989e-01  0.000000e+00
   outer loop
     vertex  3.557025e+00 -1.764504e+01  2.000000e+00
     vertex  3.557025e+00 -1.764504e+01  0.000000e+00
     vertex  3.071611e+00 -1.773599e+01  2.000000e+00
   endloop
 endfacet
 facet normal -2.110417e-01  9.774771e-01  0.000000e+00
   outer loop
     vertex  4.039761e+00 -1.754082e+01  2.000000e+00
     vertex  4.039761e+00 -1.754082e+01  0.000000e+00
     vertex  3.557025e+00 -1.764504e+01  0.000000e+00
   endloop
 endfacet
 facet normal -2.110417e-01  9.774771e-01  0.000000e+00
   outer loop
     vertex  4.039761e+00 -1.754082e+01  2.000000e+00
     vertex  3.557025e+00 -1.764504e+01  0.000000e+00
     vertex  3.557025e+00 -1.764504e+01  2.000000e+00
   endloop
 endfacet
 facet normal -2.377784e-01  9.713194e-01  0.000000e+00
   outer loop
     vertex  4.519457e+00 -1.742339e+01  2.000000e+00
     vertex  4.519457e+00 -1.742339e+01  0.000000e+00
     vertex  4.039761e+00 -1.754082e+01  0.000000e+00
   endloop
 endfacet
 facet normal -2.377784e-01  9.713194e-01  0.000000e+00
   outer loop
     vertex  4.519457e+00 -1.742339e+01  2.000000e+00
     vertex  4.039761e+00 -1.754082e+01  0.000000e+00
     vertex  4.039761e+00 -1.754082e+01  2.000000e+00
   endloop
 endfacet
 facet normal -2.643362e-01  9.644306e-01  0.000000e+00
   outer loop
     vertex  4.995750e+00 -1.729284e+01  2.000000e+00
     vertex  4.995750e+00 -1.729284e+01  0.000000e+00
     vertex  4.519457e+00 -1.742339e+01  0.000000e+00
   endloop
 endfacet
 facet normal -2.643362e-01  9.644306e-01  0.000000e+00
   outer loop
     vertex  4.995750e+00 -1.729284e+01  2.000000e+00
     vertex  4.519457e+00 -1.742339e+01  0.000000e+00
     vertex  4.519457e+00 -1.742339e+01  2.000000e+00
   endloop
 endfacet
 facet normal -2.906949e-01  9.568158e-01  0.000000e+00
   outer loop
     vertex  5.468282e+00 -1.714928e+01  2.000000e+00
     vertex  5.468282e+00 -1.714928e+01  0.000000e+00
     vertex  4.995750e+00 -1.729284e+01  0.000000e+00
   endloop
 endfacet
 facet normal -2.906949e-01  9.568158e-01  0.000000e+00
   outer loop
     vertex  5.468282e+00 -1.714928e+01  2.000000e+00
     vertex  4.995750e+00 -1.729284e+01  0.000000e+00
     vertex  4.995750e+00 -1.729284e+01  2.000000e+00
   endloop
 endfacet
 facet normal -3.168348e-01  9.484807e-01  0.000000e+00
   outer loop
     vertex  5.936698e+00 -1.699281e+01  2.000000e+00
     vertex  5.936698e+00 -1.699281e+01  0.000000e+00
     vertex  5.468282e+00 -1.714928e+01  0.000000e+00
   endloop
 endfacet
 facet normal -3.168348e-01  9.484807e-01  0.000000e+00
   outer loop
     vertex  5.936698e+00 -1.699281e+01  2.000000e+00
     vertex  5.468282e+00 -1.714928e+01  0.000000e+00
     vertex  5.468282e+00 -1.714928e+01  2.000000e+00
   endloop
 endfacet
 facet normal -3.427362e-01  9.394317e-01  0.000000e+00
   outer loop
     vertex  6.400645e+00 -1.682355e+01  2.000000e+00
     vertex  6.400645e+00 -1.682355e+01  0.000000e+00
     vertex  5.936698e+00 -1.699281e+01  0.000000e+00
   endloop
 endfacet
 facet normal -3.427362e-01  9.394317e-01  0.000000e+00
   outer loop
     vertex  6.400645e+00 -1.682355e+01  2.000000e+00
     vertex  5.936698e+00 -1.699281e+01  0.000000e+00
     vertex  5.936698e+00 -1.699281e+01  2.000000e+00
   endloop
 endfacet
 facet normal -3.683796e-01  9.296754e-01  0.000000e+00
   outer loop
     vertex  6.859774e+00 -1.664162e+01  2.000000e+00
     vertex  6.859774e+00 -1.664162e+01  0.000000e+00
     vertex  6.400645e+00 -1.682355e+01  0.000000e+00
   endloop
 endfacet
 facet normal -3.937458e-01  9.192194e-01  0.000000e+00
   outer loop
     vertex  6.859774e+00 -1.664162e+01  2.000000e+00
     vertex  7.313739e+00 -1.644716e+01  0.000000e+00
     vertex  6.859774e+00 -1.664162e+01  0.000000e+00
   endloop
 endfacet
 facet normal -3.683796e-01  9.296754e-01  0.000000e+00
   outer loop
     vertex  6.859774e+00 -1.664162e+01  2.000000e+00
     vertex  6.400645e+00 -1.682355e+01  0.000000e+00
     vertex  6.400645e+00 -1.682355e+01  2.000000e+00
   endloop
 endfacet
 facet normal -3.937458e-01  9.192194e-01  0.000000e+00
   outer loop
     vertex  7.313739e+00 -1.644716e+01  2.000000e+00
     vertex  7.313739e+00 -1.644716e+01  0.000000e+00
     vertex  6.859774e+00 -1.664162e+01  2.000000e+00
   endloop
 endfacet
 facet normal -4.188155e-01  9.080714e-01  0.000000e+00
   outer loop
     vertex  7.762199e+00 -1.624033e+01  2.000000e+00
     vertex  7.313739e+00 -1.644716e+01  0.000000e+00
     vertex  7.313739e+00 -1.644716e+01  2.000000e+00
   endloop
 endfacet
 facet normal -4.188155e-01  9.080714e-01  0.000000e+00
   outer loop
     vertex  7.762199e+00 -1.624033e+01  2.000000e+00
     vertex  7.762199e+00 -1.624033e+01  0.000000e+00
     vertex  7.313739e+00 -1.644716e+01  0.000000e+00
   endloop
 endfacet
 facet normal -4.435699e-01  8.962398e-01  0.000000e+00
   outer loop
     vertex  8.204815e+00 -1.602127e+01  2.000000e+00
     vertex  7.762199e+00 -1.624033e+01  0.000000e+00
     vertex  7.762199e+00 -1.624033e+01  2.000000e+00
   endloop
 endfacet
 facet normal -4.435699e-01  8.962398e-01  0.000000e+00
   outer loop
     vertex  8.204815e+00 -1.602127e+01  2.000000e+00
     vertex  8.204815e+00 -1.602127e+01  0.000000e+00
     vertex  7.762199e+00 -1.624033e+01  0.000000e+00
   endloop
 endfacet
 facet normal -4.679904e-01  8.837335e-01  0.000000e+00
   outer loop
     vertex  8.641255e+00 -1.579015e+01  2.000000e+00
     vertex  8.204815e+00 -1.602127e+01  0.000000e+00
     vertex  8.204815e+00 -1.602127e+01  2.000000e+00
   endloop
 endfacet
 facet normal -4.679904e-01  8.837335e-01  0.000000e+00
   outer loop
     vertex  8.641255e+00 -1.579015e+01  2.000000e+00
     vertex  8.641255e+00 -1.579015e+01  0.000000e+00
     vertex  8.204815e+00 -1.602127e+01  0.000000e+00
   endloop
 endfacet
 facet normal -4.920587e-01  8.705620e-01  0.000000e+00
   outer loop
     vertex  9.071190e+00 -1.554714e+01  2.000000e+00
     vertex  9.071190e+00 -1.554714e+01  0.000000e+00
     vertex  8.641255e+00 -1.579015e+01  0.000000e+00
   endloop
 endfacet
 facet normal -4.920587e-01  8.705620e-01  0.000000e+00
   outer loop
     vertex  9.071190e+00 -1.554714e+01  2.000000e+00
     vertex  8.641255e+00 -1.579015e+01  0.000000e+00
     vertex  8.641255e+00 -1.579015e+01  2.000000e+00
   endloop
 endfacet
 facet normal -5.157565e-01  8.567352e-01  0.000000e+00
   outer loop
     vertex  9.494297e+00 -1.529243e+01  2.000000e+00
     vertex  9.071190e+00 -1.554714e+01  0.000000e+00
     vertex  9.071190e+00 -1.554714e+01  2.000000e+00
   endloop
 endfacet
 facet normal -5.157565e-01  8.567352e-01  0.000000e+00
   outer loop
     vertex  9.494297e+00 -1.529243e+01  2.000000e+00
     vertex  9.494297e+00 -1.529243e+01  0.000000e+00
     vertex  9.071190e+00 -1.554714e+01  0.000000e+00
   endloop
 endfacet
 facet normal -5.390661e-01  8.422635e-01  0.000000e+00
   outer loop
     vertex  9.910257e+00 -1.502620e+01  2.000000e+00
     vertex  9.910257e+00 -1.502620e+01  0.000000e+00
     vertex  9.494297e+00 -1.529243e+01  0.000000e+00
   endloop
 endfacet
 facet normal -5.390661e-01  8.422635e-01  0.000000e+00
   outer loop
     vertex  9.910257e+00 -1.502620e+01  2.000000e+00
     vertex  9.494297e+00 -1.529243e+01  0.000000e+00
     vertex  9.494297e+00 -1.529243e+01  2.000000e+00
   endloop
 endfacet
 facet normal -5.619699e-01  8.271577e-01  0.000000e+00
   outer loop
     vertex  1.031876e+01 -1.474867e+01  2.000000e+00
     vertex  1.031876e+01 -1.474867e+01  0.000000e+00
     vertex  9.910257e+00 -1.502620e+01  0.000000e+00
   endloop
 endfacet
 facet normal -5.619699e-01  8.271577e-01  0.000000e+00
   outer loop
     vertex  1.031876e+01 -1.474867e+01  2.000000e+00
     vertex  9.910257e+00 -1.502620e+01  0.000000e+00
     vertex  9.910257e+00 -1.502620e+01  2.000000e+00
   endloop
 endfacet
 facet normal -5.844507e-01  8.114292e-01  0.000000e+00
   outer loop
     vertex  1.071949e+01 -1.446003e+01  2.000000e+00
     vertex  1.071949e+01 -1.446003e+01  0.000000e+00
     vertex  1.031876e+01 -1.474867e+01  0.000000e+00
   endloop
 endfacet
 facet normal -5.844507e-01  8.114292e-01  0.000000e+00
   outer loop
     vertex  1.071949e+01 -1.446003e+01  2.000000e+00
     vertex  1.031876e+01 -1.474867e+01  0.000000e+00
     vertex  1.031876e+01 -1.474867e+01  2.000000e+00
   endloop
 endfacet
 facet normal -6.064915e-01  7.950900e-01  0.000000e+00
   outer loop
     vertex  1.111215e+01 -1.416051e+01  2.000000e+00
     vertex  1.111215e+01 -1.416051e+01  0.000000e+00
     vertex  1.071949e+01 -1.446003e+01  0.000000e+00
   endloop
 endfacet
 facet normal -6.064915e-01  7.950900e-01  0.000000e+00
   outer loop
     vertex  1.111215e+01 -1.416051e+01  2.000000e+00
     vertex  1.071949e+01 -1.446003e+01  0.000000e+00
     vertex  1.071949e+01 -1.446003e+01  2.000000e+00
   endloop
 endfacet
 facet normal -6.280757e-01  7.781522e-01  0.000000e+00
   outer loop
     vertex  1.149645e+01 -1.385033e+01  2.000000e+00
     vertex  1.149645e+01 -1.385033e+01  0.000000e+00
     vertex  1.111215e+01 -1.416051e+01  0.000000e+00
   endloop
 endfacet
 facet normal -6.280757e-01  7.781522e-01  0.000000e+00
   outer loop
     vertex  1.149645e+01 -1.385033e+01  2.000000e+00
     vertex  1.111215e+01 -1.416051e+01  0.000000e+00
     vertex  1.111215e+01 -1.416051e+01  2.000000e+00
   endloop
 endfacet
 facet normal -6.491872e-01  7.606287e-01  0.000000e+00
   outer loop
     vertex  1.187209e+01 -1.352972e+01  2.000000e+00
     vertex  1.187209e+01 -1.352972e+01  0.000000e+00
     vertex  1.149645e+01 -1.385033e+01  0.000000e+00
   endloop
 endfacet
 facet normal -6.491872e-01  7.606287e-01  0.000000e+00
   outer loop
     vertex  1.187209e+01 -1.352972e+01  2.000000e+00
     vertex  1.149645e+01 -1.385033e+01  0.000000e+00
     vertex  1.149645e+01 -1.385033e+01  2.000000e+00
   endloop
 endfacet
 facet normal -6.698100e-01  7.425325e-01  0.000000e+00
   outer loop
     vertex  1.223880e+01 -1.319893e+01  2.000000e+00
     vertex  1.223880e+01 -1.319893e+01  0.000000e+00
     vertex  1.187209e+01 -1.352972e+01  0.000000e+00
   endloop
 endfacet
 facet normal -6.899286e-01  7.238775e-01  0.000000e+00
   outer loop
     vertex  1.223880e+01 -1.319893e+01  2.000000e+00
     vertex  1.259629e+01 -1.285820e+01  0.000000e+00
     vertex  1.223880e+01 -1.319893e+01  0.000000e+00
   endloop
 endfacet
 facet normal -6.698100e-01  7.425325e-01  0.000000e+00
   outer loop
     vertex  1.223880e+01 -1.319893e+01  2.000000e+00
     vertex  1.187209e+01 -1.352972e+01  0.000000e+00
     vertex  1.187209e+01 -1.352972e+01  2.000000e+00
   endloop
 endfacet
 facet normal -6.899286e-01  7.238775e-01  0.000000e+00
   outer loop
     vertex  1.259629e+01 -1.285820e+01  2.000000e+00
     vertex  1.259629e+01 -1.285820e+01  0.000000e+00
     vertex  1.223880e+01 -1.319893e+01  2.000000e+00
   endloop
 endfacet
 facet normal -7.095278e-01  7.046775e-01  0.000000e+00
   outer loop
     vertex  1.294430e+01 -1.250780e+01  2.000000e+00
     vertex  1.294430e+01 -1.250780e+01  0.000000e+00
     vertex  1.259629e+01 -1.285820e+01  0.000000e+00
   endloop
 endfacet
 facet normal -7.095278e-01  7.046775e-01  0.000000e+00
   outer loop
     vertex  1.294430e+01 -1.250780e+01  2.000000e+00
     vertex  1.259629e+01 -1.285820e+01  0.000000e+00
     vertex  1.259629e+01 -1.285820e+01  2.000000e+00
   endloop
 endfacet
 facet normal -7.285929e-01  6.849470e-01  0.000000e+00
   outer loop
     vertex  1.328257e+01 -1.214798e+01  2.000000e+00
     vertex  1.328257e+01 -1.214798e+01  0.000000e+00
     vertex  1.294430e+01 -1.250780e+01  0.000000e+00
   endloop
 endfacet
 facet normal -7.285929e-01  6.849470e-01  0.000000e+00
   outer loop
     vertex  1.328257e+01 -1.214798e+01  2.000000e+00
     vertex  1.294430e+01 -1.250780e+01  0.000000e+00
     vertex  1.294430e+01 -1.250780e+01  2.000000e+00
   endloop
 endfacet
 facet normal -7.471095e-01  6.647010e-01  0.000000e+00
   outer loop
     vertex  1.361084e+01 -1.177901e+01  2.000000e+00
     vertex  1.361084e+01 -1.177901e+01  0.000000e+00
     vertex  1.328257e+01 -1.214798e+01  0.000000e+00
   endloop
 endfacet
 facet normal -7.471095e-01  6.647010e-01  0.000000e+00
   outer loop
     vertex  1.361084e+01 -1.177901e+01  2.000000e+00
     vertex  1.328257e+01 -1.214798e+01  0.000000e+00
     vertex  1.328257e+01 -1.214798e+01  2.000000e+00
   endloop
 endfacet
 facet normal -7.650637e-01  6.439545e-01  0.000000e+00
   outer loop
     vertex  1.392886e+01 -1.140117e+01  2.000000e+00
     vertex  1.392886e+01 -1.140117e+01  0.000000e+00
     vertex  1.361084e+01 -1.177901e+01  0.000000e+00
   endloop
 endfacet
 facet normal -7.650637e-01  6.439545e-01  0.000000e+00
   outer loop
     vertex  1.392886e+01 -1.140117e+01  2.000000e+00
     vertex  1.361084e+01 -1.177901e+01  0.000000e+00
     vertex  1.361084e+01 -1.177901e+01  2.000000e+00
   endloop
 endfacet
 facet normal -7.824421e-01  6.227234e-01  0.000000e+00
   outer loop
     vertex  1.423640e+01 -1.101476e+01  2.000000e+00
     vertex  1.423640e+01 -1.101476e+01  0.000000e+00
     vertex  1.392886e+01 -1.140117e+01  0.000000e+00
   endloop
 endfacet
 facet normal -7.824421e-01  6.227234e-01  0.000000e+00
   outer loop
     vertex  1.423640e+01 -1.101476e+01  2.000000e+00
     vertex  1.392886e+01 -1.140117e+01  0.000000e+00
     vertex  1.392886e+01 -1.140117e+01  2.000000e+00
   endloop
 endfacet
 facet normal -7.992314e-01  6.010234e-01  0.000000e+00
   outer loop
     vertex  1.453322e+01 -1.062005e+01  2.000000e+00
     vertex  1.453322e+01 -1.062005e+01  0.000000e+00
     vertex  1.423640e+01 -1.101476e+01  0.000000e+00
   endloop
 endfacet
 facet normal -7.992314e-01  6.010234e-01  0.000000e+00
   outer loop
     vertex  1.453322e+01 -1.062005e+01  2.000000e+00
     vertex  1.423640e+01 -1.101476e+01  0.000000e+00
     vertex  1.423640e+01 -1.101476e+01  2.000000e+00
   endloop
 endfacet
 facet normal -8.154191e-01  5.788711e-01  0.000000e+00
   outer loop
     vertex  1.481910e+01 -1.021735e+01  2.000000e+00
     vertex  1.481910e+01 -1.021735e+01  0.000000e+00
     vertex  1.453322e+01 -1.062005e+01  0.000000e+00
   endloop
 endfacet
 facet normal -8.154191e-01  5.788711e-01  0.000000e+00
   outer loop
     vertex  1.481910e+01 -1.021735e+01  2.000000e+00
     vertex  1.453322e+01 -1.062005e+01  0.000000e+00
     vertex  1.453322e+01 -1.062005e+01  2.000000e+00
   endloop
 endfacet
 facet normal -8.309929e-01  5.562829e-01  0.000000e+00
   outer loop
     vertex  1.509383e+01 -9.806954e+00  2.000000e+00
     vertex  1.509383e+01 -9.806954e+00  0.000000e+00
     vertex  1.481910e+01 -1.021735e+01  0.000000e+00
   endloop
 endfacet
 facet normal -8.309929e-01  5.562829e-01  0.000000e+00
   outer loop
     vertex  1.509383e+01 -9.806954e+00  2.000000e+00
     vertex  1.481910e+01 -1.021735e+01  0.000000e+00
     vertex  1.481910e+01 -1.021735e+01  2.000000e+00
   endloop
 endfacet
 facet normal -8.459413e-01  5.332761e-01  0.000000e+00
   outer loop
     vertex  1.535719e+01 -9.389178e+00  2.000000e+00
     vertex  1.535719e+01 -9.389178e+00  0.000000e+00
     vertex  1.509383e+01 -9.806954e+00  0.000000e+00
   endloop
 endfacet
 facet normal -8.459413e-01  5.332761e-01  0.000000e+00
   outer loop
     vertex  1.535719e+01 -9.389178e+00  2.000000e+00
     vertex  1.509383e+01 -9.806954e+00  0.000000e+00
     vertex  1.509383e+01 -9.806954e+00  2.000000e+00
   endloop
 endfacet
 facet normal -8.602528e-01  5.098678e-01  0.000000e+00
   outer loop
     vertex  1.560899e+01 -8.964334e+00  2.000000e+00
     vertex  1.560899e+01 -8.964334e+00  0.000000e+00
     vertex  1.535719e+01 -9.389178e+00  0.000000e+00
   endloop
 endfacet
 facet normal -8.602528e-01  5.098678e-01  0.000000e+00
   outer loop
     vertex  1.560899e+01 -8.964334e+00  2.000000e+00
     vertex  1.535719e+01 -9.389178e+00  0.000000e+00
     vertex  1.535719e+01 -9.389178e+00  2.000000e+00
   endloop
 endfacet
 facet normal -8.739167e-01  4.860756e-01  0.000000e+00
   outer loop
     vertex  1.584905e+01 -8.532742e+00  2.000000e+00
     vertex  1.584905e+01 -8.532742e+00  0.000000e+00
     vertex  1.560899e+01 -8.964334e+00  0.000000e+00
   endloop
 endfacet
 facet normal -8.869228e-01  4.619176e-01  0.000000e+00
   outer loop
     vertex  1.584905e+01 -8.532742e+00  2.000000e+00
     vertex  1.607717e+01 -8.094727e+00  0.000000e+00
     vertex  1.584905e+01 -8.532742e+00  0.000000e+00
   endloop
 endfacet
 facet normal -8.739167e-01  4.860756e-01  0.000000e+00
   outer loop
     vertex  1.584905e+01 -8.532742e+00  2.000000e+00
     vertex  1.560899e+01 -8.964334e+00  0.000000e+00
     vertex  1.560899e+01 -8.964334e+00  2.000000e+00
   endloop
 endfacet
 facet normal -8.869228e-01  4.619176e-01  0.000000e+00
   outer loop
     vertex  1.607717e+01 -8.094727e+00  2.000000e+00
     vertex  1.607717e+01 -8.094727e+00  0.000000e+00
     vertex  1.584905e+01 -8.532742e+00  2.000000e+00
   endloop
 endfacet
 facet normal -8.992613e-01  4.374119e-01  0.000000e+00
   outer loop
     vertex  1.607717e+01 -8.094727e+00  2.000000e+00
     vertex  1.629319e+01 -7.650619e+00  0.000000e+00
     vertex  1.607717e+01 -8.094727e+00  0.000000e+00
   endloop
 endfacet
 facet normal -8.992613e-01  4.374119e-01  0.000000e+00
   outer loop
     vertex  1.629319e+01 -7.650619e+00  2.000000e+00
     vertex  1.629319e+01 -7.650619e+00  0.000000e+00
     vertex  1.607717e+01 -8.094727e+00  2.000000e+00
   endloop
 endfacet
 facet normal -9.109228e-01  4.125769e-01  0.000000e+00
   outer loop
     vertex  1.649694e+01 -7.200751e+00  2.000000e+00
     vertex  1.629319e+01 -7.650619e+00  0.000000e+00
     vertex  1.629319e+01 -7.650619e+00  2.000000e+00
   endloop
 endfacet
 facet normal -9.109228e-01  4.125769e-01  0.000000e+00
   outer loop
     vertex  1.649694e+01 -7.200751e+00  2.000000e+00
     vertex  1.649694e+01 -7.200751e+00  0.000000e+00
     vertex  1.629319e+01 -7.650619e+00  0.000000e+00
   endloop
 endfacet
 facet normal -9.218986e-01  3.874313e-01  0.000000e+00
   outer loop
     vertex  1.668828e+01 -6.745463e+00  2.000000e+00
     vertex  1.649694e+01 -7.200751e+00  0.000000e+00
     vertex  1.649694e+01 -7.200751e+00  2.000000e+00
   endloop
 endfacet
 facet normal -9.218986e-01  3.874313e-01  0.000000e+00
   outer loop
     vertex  1.668828e+01 -6.745463e+00  2.000000e+00
     vertex  1.668828e+01 -6.745463e+00  0.000000e+00
     vertex  1.649694e+01 -7.200751e+00  0.000000e+00
   endloop
 endfacet
 facet normal -9.321804e-01  3.619940e-01  0.000000e+00
   outer loop
     vertex  1.686706e+01 -6.285097e+00  2.000000e+00
     vertex  1.668828e+01 -6.745463e+00  0.000000e+00
     vertex  1.668828e+01 -6.745463e+00  2.000000e+00
   endloop
 endfacet
 facet normal -9.321804e-01  3.619940e-01  0.000000e+00
   outer loop
     vertex  1.686706e+01 -6.285097e+00  2.000000e+00
     vertex  1.686706e+01 -6.285097e+00  0.000000e+00
     vertex  1.668828e+01 -6.745463e+00  0.000000e+00
   endloop
 endfacet
 facet normal -9.417605e-01  3.362843e-01  0.000000e+00
   outer loop
     vertex  1.703313e+01 -5.819999e+00  2.000000e+00
     vertex  1.686706e+01 -6.285097e+00  0.000000e+00
     vertex  1.686706e+01 -6.285097e+00  2.000000e+00
   endloop
 endfacet
 facet normal -9.417605e-01  3.362843e-01  0.000000e+00
   outer loop
     vertex  1.703313e+01 -5.819999e+00  2.000000e+00
     vertex  1.703313e+01 -5.819999e+00  0.000000e+00
     vertex  1.686706e+01 -6.285097e+00  0.000000e+00
   endloop
 endfacet
 facet normal -9.506317e-01  3.103214e-01  0.000000e+00
   outer loop
     vertex  1.718639e+01 -5.350521e+00  2.000000e+00
     vertex  1.703313e+01 -5.819999e+00  0.000000e+00
     vertex  1.703313e+01 -5.819999e+00  2.000000e+00
   endloop
 endfacet
 facet normal -9.506317e-01  3.103214e-01  0.000000e+00
   outer loop
     vertex  1.718639e+01 -5.350521e+00  2.000000e+00
     vertex  1.718639e+01 -5.350521e+00  0.000000e+00
     vertex  1.703313e+01 -5.819999e+00  0.000000e+00
   endloop
 endfacet
 facet normal -9.587873e-01  2.841250e-01  0.000000e+00
   outer loop
     vertex  1.732671e+01 -4.877015e+00  2.000000e+00
     vertex  1.718639e+01 -5.350521e+00  0.000000e+00
     vertex  1.718639e+01 -5.350521e+00  2.000000e+00
   endloop
 endfacet
 facet normal -9.587873e-01  2.841250e-01  0.000000e+00
   outer loop
     vertex  1.732671e+01 -4.877015e+00  2.000000e+00
     vertex  1.732671e+01 -4.877015e+00  0.000000e+00
     vertex  1.718639e+01 -5.350521e+00  0.000000e+00
   endloop
 endfacet
 facet normal -9.662211e-01  2.577146e-01  0.000000e+00
   outer loop
     vertex  1.745398e+01 -4.399838e+00  2.000000e+00
     vertex  1.732671e+01 -4.877015e+00  0.000000e+00
     vertex  1.732671e+01 -4.877015e+00  2.000000e+00
   endloop
 endfacet
 facet normal -9.662211e-01  2.577146e-01  0.000000e+00
   outer loop
     vertex  1.745398e+01 -4.399838e+00  2.000000e+00
     vertex  1.745398e+01 -4.399838e+00  0.000000e+00
     vertex  1.732671e+01 -4.877015e+00  0.000000e+00
   endloop
 endfacet
 facet normal -9.729276e-01  2.311102e-01  0.000000e+00
   outer loop
     vertex  1.756812e+01 -3.919348e+00  2.000000e+00
     vertex  1.745398e+01 -4.399838e+00  0.000000e+00
     vertex  1.745398e+01 -4.399838e+00  2.000000e+00
   endloop
 endfacet
 facet normal -9.729276e-01  2.311102e-01  0.000000e+00
   outer loop
     vertex  1.756812e+01 -3.919348e+00  2.000000e+00
     vertex  1.756812e+01 -3.919348e+00  0.000000e+00
     vertex  1.745398e+01 -4.399838e+00  0.000000e+00
   endloop
 endfacet
 facet normal -9.789017e-01  2.043319e-01  0.000000e+00
   outer loop
     vertex  1.766903e+01 -3.435909e+00  2.000000e+00
     vertex  1.756812e+01 -3.919348e+00  0.000000e+00
     vertex  1.756812e+01 -3.919348e+00  2.000000e+00
   endloop
 endfacet
 facet normal -9.789017e-01  2.043319e-01  0.000000e+00
   outer loop
     vertex  1.766903e+01 -3.435909e+00  2.000000e+00
     vertex  1.766903e+01 -3.435909e+00  0.000000e+00
     vertex  1.756812e+01 -3.919348e+00  0.000000e+00
   endloop
 endfacet
 facet normal -9.841389e-01  1.773998e-01  0.000000e+00
   outer loop
     vertex  1.775664e+01 -2.949882e+00  2.000000e+00
     vertex  1.766903e+01 -3.435909e+00  0.000000e+00
     vertex  1.766903e+01 -3.435909e+00  2.000000e+00
   endloop
 endfacet
 facet normal -9.841389e-01  1.773998e-01  0.000000e+00
   outer loop
     vertex  1.775664e+01 -2.949882e+00  2.000000e+00
     vertex  1.775664e+01 -2.949882e+00  0.000000e+00
     vertex  1.766903e+01 -3.435909e+00  0.000000e+00
   endloop
 endfacet
 facet normal -9.886353e-01  1.503341e-01  0.000000e+00
   outer loop
     vertex  1.775664e+01 -2.949882e+00  2.000000e+00
     vertex  1.783088e+01 -2.461636e+00  0.000000e+00
     vertex  1.775664e+01 -2.949882e+00  0.000000e+00
   endloop
 endfacet
 facet normal -9.886353e-01  1.503341e-01  0.000000e+00
   outer loop
     vertex  1.783088e+01 -2.461636e+00  2.000000e+00
     vertex  1.783088e+01 -2.461636e+00  0.000000e+00
     vertex  1.775664e+01 -2.949882e+00  2.000000e+00
   endloop
 endfacet
 facet normal -9.923874e-01  1.231552e-01  0.000000e+00
   outer loop
     vertex  1.789170e+01 -1.971536e+00  2.000000e+00
     vertex  1.789170e+01 -1.971536e+00  0.000000e+00
     vertex  1.783088e+01 -2.461636e+00  0.000000e+00
   endloop
 endfacet
 facet normal -9.923874e-01  1.231552e-01  0.000000e+00
   outer loop
     vertex  1.789170e+01 -1.971536e+00  2.000000e+00
     vertex  1.783088e+01 -2.461636e+00  0.000000e+00
     vertex  1.783088e+01 -2.461636e+00  2.000000e+00
   endloop
 endfacet
 facet normal -9.953925e-01  9.588368e-02  0.000000e+00
   outer loop
     vertex  1.793906e+01 -1.479952e+00  2.000000e+00
     vertex  1.793906e+01 -1.479952e+00  0.000000e+00
     vertex  1.789170e+01 -1.971536e+00  0.000000e+00
   endloop
 endfacet
 facet normal -9.953925e-01  9.588368e-02  0.000000e+00
   outer loop
     vertex  1.793906e+01 -1.479952e+00  2.000000e+00
     vertex  1.789170e+01 -1.971536e+00  0.000000e+00
     vertex  1.789170e+01 -1.971536e+00  2.000000e+00
   endloop
 endfacet
 facet normal -9.976484e-01  6.853995e-02  0.000000e+00
   outer loop
     vertex  1.797291e+01 -9.872540e-01  2.000000e+00
     vertex  1.797291e+01 -9.872540e-01  0.000000e+00
     vertex  1.793906e+01 -1.479952e+00  0.000000e+00
   endloop
 endfacet
 facet normal -9.976484e-01  6.853995e-02  0.000000e+00
   outer loop
     vertex  1.797291e+01 -9.872540e-01  2.000000e+00
     vertex  1.793906e+01 -1.479952e+00  0.000000e+00
     vertex  1.793906e+01 -1.479952e+00  2.000000e+00
   endloop
 endfacet
 facet normal -9.991532e-01  4.114462e-02  0.000000e+00
   outer loop
     vertex  1.799323e+01 -4.938129e-01  2.000000e+00
     vertex  1.799323e+01 -4.938129e-01  0.000000e+00
     vertex  1.797291e+01 -9.872540e-01  0.000000e+00
   endloop
 endfacet
 facet normal -9.991532e-01  4.114462e-02  0.000000e+00
   outer loop
     vertex  1.799323e+01 -4.938129e-01  2.000000e+00
     vertex  1.797291e+01 -9.872540e-01  0.000000e+00
     vertex  1.797291e+01 -9.872540e-01  2.000000e+00
   endloop
 endfacet
 facet normal -9.999059e-01  1.371831e-02  0.000000e+00
   outer loop
     vertex  1.800000e+01 -4.408728e-15  2.000000e+00
     vertex  1.800000e+01 -4.408728e-15  0.000000e+00
     vertex  1.799323e+01 -4.938129e-01  0.000000e+00
   endloop
 endfacet
 facet normal -9.999059e-01  1.371831e-02  0.000000e+00
   outer loop
     vertex  1.800000e+01 -4.408728e-15  2.000000e+00
     vertex  1.799323e+01 -4.938129e-01  0.000000e+00
     vertex  1.799323e+01 -4.938129e-01  2.000000e+00
   endloop
 endfacet
endsolid
