ISO-10303-21;
HEADER;
FILE_DESCRIPTION(('FreeCAD Model'),'2;1');
FILE_NAME('Open CASCADE Shape Model','2026-08-01T09:39:07',('FreeCAD'),(
    'FreeCAD'),'Open CASCADE STEP processor 7.8','FreeCAD','Unknown');
FILE_SCHEMA(('AUTOMOTIVE_DESIGN { 1 0 10303 214 1 1 1 1 }'));
ENDSEC;
DATA;
#1 = APPLICATION_PROTOCOL_DEFINITION('international standard',
  'automotive_design',2000,#2);
#2 = APPLICATION_CONTEXT(
  'core data for automotive mechanical design processes');
#3 = SHAPE_DEFINITION_REPRESENTATION(#4,#10);
#4 = PRODUCT_DEFINITION_SHAPE('','',#5);
#5 = PRODUCT_DEFINITION('design','',#6,#9);
#6 = PRODUCT_DEFINITION_FORMATION('','',#7);
#7 = PRODUCT('Open CASCADE STEP translator 7.8 53',
  'Open CASCADE STEP translator 7.8 53','',(#8));
#8 = PRODUCT_CONTEXT('',#2,'mechanical');
#9 = PRODUCT_DEFINITION_CONTEXT('part definition',#2,'design');
#10 = ADVANCED_BREP_SHAPE_REPRESENTATION('',(#11,#15),#11353);
#11 = AXIS2_PLACEMENT_3D('',#12,#13,#14);
#12 = CARTESIAN_POINT('',(0.,0.,0.));
#13 = DIRECTION('',(0.,0.,1.));
#14 = DIRECTION('',(1.,0.,-0.));
#15 = MANIFOLD_SOLID_BREP('',#16);
#16 = CLOSED_SHELL('',(#17,#77,#397,#421,#577,#594,#626,#650,#674,#698,
    #723,#747,#771,#795,#820,#844,#868,#892,#917,#941,#965,#982,#999,
    #1016,#1035,#1052,#1069,#1086,#1105,#1122,#1139,#1156,#1175,#1192,
    #1204,#1229,#1289,#1349,#1456,#1476,#1509,#1534,#1554,#1594,#2226,
    #2289,#2320,#2367,#2398,#2429,#2460,#2491,#2522,#2553,#2584,#2606,
    #2637,#2668,#2699,#2730,#2761,#2792,#2823,#2854,#2885,#2916,#2947,
    #2978,#3009,#3040,#3071,#3102,#3133,#3164,#3186,#3217,#3248,#3279,
    #3310,#3341,#3372,#3403,#3434,#3481,#3512,#3566,#3597,#3660,#3691,
    #3722,#3753,#3816,#3847,#3894,#3925,#3956,#3987,#4018,#4049,#4080,
    #4111,#4133,#4164,#4195,#4226,#4257,#4288,#4319,#4350,#4381,#4412,
    #4443,#4474,#4505,#4536,#4567,#4598,#4629,#4660,#4691,#4713,#4744,
    #4775,#4806,#4837,#4868,#4899,#4930,#4961,#4999,#5021,#5110,#5132,
    #5195,#5347,#5371,#5402,#5554,#5578,#5609,#5761,#5817,#5839,#5928,
    #5956,#6045,#6067,#6130,#6282,#6306,#6337,#6489,#6513,#6544,#6696,
    #6752,#6841,#6870,#6957,#6981,#6999,#7016,#7035,#7060,#7093,#7171,
    #7188,#7200,#7225,#7312,#7329,#7346,#7433,#7457,#7475,#7492,#7511,
    #7530,#7547,#7564,#7581,#7598,#7615,#7632,#7644,#7675,#7706,#7744,
    #7768,#7792,#7816,#7840,#7864,#7888,#7905,#7929,#7953,#7977,#8017,
    #8048,#8086,#8110,#8134,#8151,#8175,#8199,#8223,#8247,#8271,#8295,
    #8319,#8350,#8437,#8461,#8479,#8496,#8513,#8530,#8547,#8564,#8581,
    #8598,#8615,#8629,#8653,#8693,#8717,#8741,#8765,#8789,#8813,#8853,
    #8870,#8910,#8934,#8958,#8982,#9006,#9030,#9054,#9078,#9095,#9119,
    #9137,#9149,#9166,#9183,#9200,#9217,#9234,#9251,#9263,#9280,#9297,
    #9314,#9331,#9348,#9365,#9377,#9408,#9446,#9470,#9494,#9518,#9542,
    #9566,#9590,#9607,#9631,#9655,#9679,#9719,#9750,#9788,#9812,#9836,
    #9853,#9877,#9901,#9925,#9949,#9973,#9997,#10021,#10061,#10083,
    #10170,#10194,#10212,#10229,#10246,#10263,#10280,#10297,#10314,
    #10331,#10348,#10362,#10386,#10426,#10450,#10474,#10498,#10522,
    #10546,#10586,#10603,#10643,#10667,#10691,#10715,#10739,#10763,
    #10787,#10811,#10828,#10852,#10870,#10882,#10899,#10916,#10933,
    #10950,#10967,#10984,#10996,#11017,#11038,#11050,#11071,#11092,
    #11104,#11301,#11314,#11327,#11340));
#17 = ADVANCED_FACE('',(#18),#72,.F.);
#18 = FACE_BOUND('',#19,.F.);
#19 = EDGE_LOOP('',(#20,#31,#39,#48,#56,#65));
#20 = ORIENTED_EDGE('',*,*,#21,.F.);
#21 = EDGE_CURVE('',#22,#24,#26,.T.);
#22 = VERTEX_POINT('',#23);
#23 = CARTESIAN_POINT('',(6.644734757686,2.9,22.4));
#24 = VERTEX_POINT('',#25);
#25 = CARTESIAN_POINT('',(6.046693311224,4.,22.4));
#26 = CIRCLE('',#27,7.25);
#27 = AXIS2_PLACEMENT_3D('',#28,#29,#30);
#28 = CARTESIAN_POINT('',(0.,0.,22.4));
#29 = DIRECTION('',(0.,0.,1.));
#30 = DIRECTION('',(1.,0.,0.));
#31 = ORIENTED_EDGE('',*,*,#32,.F.);
#32 = EDGE_CURVE('',#33,#22,#35,.T.);
#33 = VERTEX_POINT('',#34);
#34 = CARTESIAN_POINT('',(6.644734757686,2.9,20.3));
#35 = LINE('',#36,#37);
#36 = CARTESIAN_POINT('',(6.644734757686,2.9,20.3));
#37 = VECTOR('',#38,1.);
#38 = DIRECTION('',(0.,0.,1.));
#39 = ORIENTED_EDGE('',*,*,#40,.T.);
#40 = EDGE_CURVE('',#33,#41,#43,.T.);
#41 = VERTEX_POINT('',#42);
#42 = CARTESIAN_POINT('',(2.9,6.644734757686,20.3));
#43 = CIRCLE('',#44,7.25);
#44 = AXIS2_PLACEMENT_3D('',#45,#46,#47);
#45 = CARTESIAN_POINT('',(0.,0.,20.3));
#46 = DIRECTION('',(0.,0.,1.));
#47 = DIRECTION('',(1.,0.,0.));
#48 = ORIENTED_EDGE('',*,*,#49,.T.);
#49 = EDGE_CURVE('',#41,#50,#52,.T.);
#50 = VERTEX_POINT('',#51);
#51 = CARTESIAN_POINT('',(2.9,6.644734757686,22.4));
#52 = LINE('',#53,#54);
#53 = CARTESIAN_POINT('',(2.9,6.644734757686,20.3));
#54 = VECTOR('',#55,1.);
#55 = DIRECTION('',(0.,0.,1.));
#56 = ORIENTED_EDGE('',*,*,#57,.F.);
#57 = EDGE_CURVE('',#58,#50,#60,.T.);
#58 = VERTEX_POINT('',#59);
#59 = CARTESIAN_POINT('',(4.,6.046693311224,22.4));
#60 = CIRCLE('',#61,7.25);
#61 = AXIS2_PLACEMENT_3D('',#62,#63,#64);
#62 = CARTESIAN_POINT('',(0.,0.,22.4));
#63 = DIRECTION('',(0.,0.,1.));
#64 = DIRECTION('',(1.,0.,0.));
#65 = ORIENTED_EDGE('',*,*,#66,.F.);
#66 = EDGE_CURVE('',#24,#58,#67,.T.);
#67 = CIRCLE('',#68,7.25);
#68 = AXIS2_PLACEMENT_3D('',#69,#70,#71);
#69 = CARTESIAN_POINT('',(0.,0.,22.4));
#70 = DIRECTION('',(0.,0.,1.));
#71 = DIRECTION('',(1.,0.,0.));
#72 = CYLINDRICAL_SURFACE('',#73,7.25);
#73 = AXIS2_PLACEMENT_3D('',#74,#75,#76);
#74 = CARTESIAN_POINT('',(0.,0.,20.3));
#75 = DIRECTION('',(0.,0.,1.));
#76 = DIRECTION('',(1.,0.,0.));
#77 = ADVANCED_FACE('',(#78,#212),#392,.T.);
#78 = FACE_BOUND('',#79,.T.);
#79 = EDGE_LOOP('',(#80,#91,#99,#107,#115,#124,#132,#140,#148,#157,#165,
    #173,#181,#190,#198,#206));
#80 = ORIENTED_EDGE('',*,*,#81,.T.);
#81 = EDGE_CURVE('',#82,#84,#86,.T.);
#82 = VERTEX_POINT('',#83);
#83 = CARTESIAN_POINT('',(7.5,4.,22.4));
#84 = VERTEX_POINT('',#85);
#85 = CARTESIAN_POINT('',(4.,7.5,22.4));
#86 = CIRCLE('',#87,8.5);
#87 = AXIS2_PLACEMENT_3D('',#88,#89,#90);
#88 = CARTESIAN_POINT('',(0.,0.,22.4));
#89 = DIRECTION('',(0.,0.,1.));
#90 = DIRECTION('',(1.,0.,0.));
#91 = ORIENTED_EDGE('',*,*,#92,.T.);
#92 = EDGE_CURVE('',#84,#93,#95,.T.);
#93 = VERTEX_POINT('',#94);
#94 = CARTESIAN_POINT('',(4.,8.5,22.4));
#95 = LINE('',#96,#97);
#96 = CARTESIAN_POINT('',(4.,-8.5,22.4));
#97 = VECTOR('',#98,1.);
#98 = DIRECTION('',(0.,1.,0.));
#99 = ORIENTED_EDGE('',*,*,#100,.F.);
#100 = EDGE_CURVE('',#101,#93,#103,.T.);
#101 = VERTEX_POINT('',#102);
#102 = CARTESIAN_POINT('',(-4.,8.5,22.4));
#103 = LINE('',#104,#105);
#104 = CARTESIAN_POINT('',(-4.,8.5,22.4));
#105 = VECTOR('',#106,1.);
#106 = DIRECTION('',(1.,0.,0.));
#107 = ORIENTED_EDGE('',*,*,#108,.F.);
#108 = EDGE_CURVE('',#109,#101,#111,.T.);
#109 = VERTEX_POINT('',#110);
#110 = CARTESIAN_POINT('',(-4.,7.5,22.4));
#111 = LINE('',#112,#113);
#112 = CARTESIAN_POINT('',(-4.,-8.5,22.4));
#113 = VECTOR('',#114,1.);
#114 = DIRECTION('',(0.,1.,0.));
#115 = ORIENTED_EDGE('',*,*,#116,.T.);
#116 = EDGE_CURVE('',#109,#117,#119,.T.);
#117 = VERTEX_POINT('',#118);
#118 = CARTESIAN_POINT('',(-7.5,4.,22.4));
#119 = CIRCLE('',#120,8.5);
#120 = AXIS2_PLACEMENT_3D('',#121,#122,#123);
#121 = CARTESIAN_POINT('',(0.,0.,22.4));
#122 = DIRECTION('',(0.,0.,1.));
#123 = DIRECTION('',(1.,0.,0.));
#124 = ORIENTED_EDGE('',*,*,#125,.F.);
#125 = EDGE_CURVE('',#126,#117,#128,.T.);
#126 = VERTEX_POINT('',#127);
#127 = CARTESIAN_POINT('',(-16.,4.,22.4));
#128 = LINE('',#129,#130);
#129 = CARTESIAN_POINT('',(-16.,4.,22.4));
#130 = VECTOR('',#131,1.);
#131 = DIRECTION('',(1.,0.,0.));
#132 = ORIENTED_EDGE('',*,*,#133,.F.);
#133 = EDGE_CURVE('',#134,#126,#136,.T.);
#134 = VERTEX_POINT('',#135);
#135 = CARTESIAN_POINT('',(-16.,-4.,22.4));
#136 = LINE('',#137,#138);
#137 = CARTESIAN_POINT('',(-16.,-4.,22.4));
#138 = VECTOR('',#139,1.);
#139 = DIRECTION('',(0.,1.,0.));
#140 = ORIENTED_EDGE('',*,*,#141,.T.);
#141 = EDGE_CURVE('',#134,#142,#144,.T.);
#142 = VERTEX_POINT('',#143);
#143 = CARTESIAN_POINT('',(-7.5,-4.,22.4));
#144 = LINE('',#145,#146);
#145 = CARTESIAN_POINT('',(-16.,-4.,22.4));
#146 = VECTOR('',#147,1.);
#147 = DIRECTION('',(1.,0.,0.));
#148 = ORIENTED_EDGE('',*,*,#149,.T.);
#149 = EDGE_CURVE('',#142,#150,#152,.T.);
#150 = VERTEX_POINT('',#151);
#151 = CARTESIAN_POINT('',(-4.,-7.5,22.4));
#152 = CIRCLE('',#153,8.5);
#153 = AXIS2_PLACEMENT_3D('',#154,#155,#156);
#154 = CARTESIAN_POINT('',(0.,0.,22.4));
#155 = DIRECTION('',(0.,0.,1.));
#156 = DIRECTION('',(1.,0.,0.));
#157 = ORIENTED_EDGE('',*,*,#158,.F.);
#158 = EDGE_CURVE('',#159,#150,#161,.T.);
#159 = VERTEX_POINT('',#160);
#160 = CARTESIAN_POINT('',(-4.,-8.5,22.4));
#161 = LINE('',#162,#163);
#162 = CARTESIAN_POINT('',(-4.,-8.5,22.4));
#163 = VECTOR('',#164,1.);
#164 = DIRECTION('',(0.,1.,0.));
#165 = ORIENTED_EDGE('',*,*,#166,.T.);
#166 = EDGE_CURVE('',#159,#167,#169,.T.);
#167 = VERTEX_POINT('',#168);
#168 = CARTESIAN_POINT('',(4.,-8.5,22.4));
#169 = LINE('',#170,#171);
#170 = CARTESIAN_POINT('',(-4.,-8.5,22.4));
#171 = VECTOR('',#172,1.);
#172 = DIRECTION('',(1.,0.,0.));
#173 = ORIENTED_EDGE('',*,*,#174,.T.);
#174 = EDGE_CURVE('',#167,#175,#177,.T.);
#175 = VERTEX_POINT('',#176);
#176 = CARTESIAN_POINT('',(4.,-7.5,22.4));
#177 = LINE('',#178,#179);
#178 = CARTESIAN_POINT('',(4.,-8.5,22.4));
#179 = VECTOR('',#180,1.);
#180 = DIRECTION('',(0.,1.,0.));
#181 = ORIENTED_EDGE('',*,*,#182,.T.);
#182 = EDGE_CURVE('',#175,#183,#185,.T.);
#183 = VERTEX_POINT('',#184);
#184 = CARTESIAN_POINT('',(7.5,-4.,22.4));
#185 = CIRCLE('',#186,8.5);
#186 = AXIS2_PLACEMENT_3D('',#187,#188,#189);
#187 = CARTESIAN_POINT('',(0.,0.,22.4));
#188 = DIRECTION('',(0.,0.,1.));
#189 = DIRECTION('',(1.,0.,0.));
#190 = ORIENTED_EDGE('',*,*,#191,.T.);
#191 = EDGE_CURVE('',#183,#192,#194,.T.);
#192 = VERTEX_POINT('',#193);
#193 = CARTESIAN_POINT('',(16.,-4.,22.4));
#194 = LINE('',#195,#196);
#195 = CARTESIAN_POINT('',(-16.,-4.,22.4));
#196 = VECTOR('',#197,1.);
#197 = DIRECTION('',(1.,0.,0.));
#198 = ORIENTED_EDGE('',*,*,#199,.T.);
#199 = EDGE_CURVE('',#192,#200,#202,.T.);
#200 = VERTEX_POINT('',#201);
#201 = CARTESIAN_POINT('',(16.,4.,22.4));
#202 = LINE('',#203,#204);
#203 = CARTESIAN_POINT('',(16.,-4.,22.4));
#204 = VECTOR('',#205,1.);
#205 = DIRECTION('',(0.,1.,0.));
#206 = ORIENTED_EDGE('',*,*,#207,.F.);
#207 = EDGE_CURVE('',#82,#200,#208,.T.);
#208 = LINE('',#209,#210);
#209 = CARTESIAN_POINT('',(-16.,4.,22.4));
#210 = VECTOR('',#211,1.);
#211 = DIRECTION('',(1.,0.,0.));
#212 = FACE_BOUND('',#213,.T.);
#213 = EDGE_LOOP('',(#214,#215,#216,#224,#232,#240,#249,#258,#267,#275,
    #283,#291,#300,#309,#318,#326,#334,#342,#351,#360,#369,#377,#385,
    #391));
#214 = ORIENTED_EDGE('',*,*,#66,.F.);
#215 = ORIENTED_EDGE('',*,*,#21,.F.);
#216 = ORIENTED_EDGE('',*,*,#217,.F.);
#217 = EDGE_CURVE('',#218,#22,#220,.T.);
#218 = VERTEX_POINT('',#219);
#219 = CARTESIAN_POINT('',(14.8,2.9,22.4));
#220 = LINE('',#221,#222);
#221 = CARTESIAN_POINT('',(-15.4,2.9,22.4));
#222 = VECTOR('',#223,1.);
#223 = DIRECTION('',(-1.,0.,0.));
#224 = ORIENTED_EDGE('',*,*,#225,.F.);
#225 = EDGE_CURVE('',#226,#218,#228,.T.);
#226 = VERTEX_POINT('',#227);
#227 = CARTESIAN_POINT('',(14.8,-2.9,22.4));
#228 = LINE('',#229,#230);
#229 = CARTESIAN_POINT('',(14.8,-3.45,22.4));
#230 = VECTOR('',#231,1.);
#231 = DIRECTION('',(0.,1.,0.));
#232 = ORIENTED_EDGE('',*,*,#233,.T.);
#233 = EDGE_CURVE('',#226,#234,#236,.T.);
#234 = VERTEX_POINT('',#235);
#235 = CARTESIAN_POINT('',(6.644734757686,-2.9,22.4));
#236 = LINE('',#237,#238);
#237 = CARTESIAN_POINT('',(-15.4,-2.9,22.4));
#238 = VECTOR('',#239,1.);
#239 = DIRECTION('',(-1.,0.,0.));
#240 = ORIENTED_EDGE('',*,*,#241,.F.);
#241 = EDGE_CURVE('',#242,#234,#244,.T.);
#242 = VERTEX_POINT('',#243);
#243 = CARTESIAN_POINT('',(6.046693311224,-4.,22.4));
#244 = CIRCLE('',#245,7.25);
#245 = AXIS2_PLACEMENT_3D('',#246,#247,#248);
#246 = CARTESIAN_POINT('',(0.,0.,22.4));
#247 = DIRECTION('',(0.,0.,1.));
#248 = DIRECTION('',(1.,0.,0.));
#249 = ORIENTED_EDGE('',*,*,#250,.F.);
#250 = EDGE_CURVE('',#251,#242,#253,.T.);
#251 = VERTEX_POINT('',#252);
#252 = CARTESIAN_POINT('',(4.,-6.046693311224,22.4));
#253 = CIRCLE('',#254,7.25);
#254 = AXIS2_PLACEMENT_3D('',#255,#256,#257);
#255 = CARTESIAN_POINT('',(0.,0.,22.4));
#256 = DIRECTION('',(0.,0.,1.));
#257 = DIRECTION('',(1.,0.,0.));
#258 = ORIENTED_EDGE('',*,*,#259,.F.);
#259 = EDGE_CURVE('',#260,#251,#262,.T.);
#260 = VERTEX_POINT('',#261);
#261 = CARTESIAN_POINT('',(2.9,-6.644734757686,22.4));
#262 = CIRCLE('',#263,7.25);
#263 = AXIS2_PLACEMENT_3D('',#264,#265,#266);
#264 = CARTESIAN_POINT('',(0.,0.,22.4));
#265 = DIRECTION('',(0.,0.,1.));
#266 = DIRECTION('',(1.,0.,0.));
#267 = ORIENTED_EDGE('',*,*,#268,.F.);
#268 = EDGE_CURVE('',#269,#260,#271,.T.);
#269 = VERTEX_POINT('',#270);
#270 = CARTESIAN_POINT('',(2.9,-7.3,22.4));
#271 = LINE('',#272,#273);
#272 = CARTESIAN_POINT('',(2.9,-7.9,22.4));
#273 = VECTOR('',#274,1.);
#274 = DIRECTION('',(0.,1.,0.));
#275 = ORIENTED_EDGE('',*,*,#276,.T.);
#276 = EDGE_CURVE('',#269,#277,#279,.T.);
#277 = VERTEX_POINT('',#278);
#278 = CARTESIAN_POINT('',(-2.9,-7.3,22.4));
#279 = LINE('',#280,#281);
#280 = CARTESIAN_POINT('',(-3.45,-7.3,22.4));
#281 = VECTOR('',#282,1.);
#282 = DIRECTION('',(-1.,0.,0.));
#283 = ORIENTED_EDGE('',*,*,#284,.T.);
#284 = EDGE_CURVE('',#277,#285,#287,.T.);
#285 = VERTEX_POINT('',#286);
#286 = CARTESIAN_POINT('',(-2.9,-6.644734757686,22.4));
#287 = LINE('',#288,#289);
#288 = CARTESIAN_POINT('',(-2.9,-7.9,22.4));
#289 = VECTOR('',#290,1.);
#290 = DIRECTION('',(0.,1.,0.));
#291 = ORIENTED_EDGE('',*,*,#292,.F.);
#292 = EDGE_CURVE('',#293,#285,#295,.T.);
#293 = VERTEX_POINT('',#294);
#294 = CARTESIAN_POINT('',(-4.,-6.046693311224,22.4));
#295 = CIRCLE('',#296,7.25);
#296 = AXIS2_PLACEMENT_3D('',#297,#298,#299);
#297 = CARTESIAN_POINT('',(0.,0.,22.4));
#298 = DIRECTION('',(0.,0.,1.));
#299 = DIRECTION('',(1.,0.,0.));
#300 = ORIENTED_EDGE('',*,*,#301,.F.);
#301 = EDGE_CURVE('',#302,#293,#304,.T.);
#302 = VERTEX_POINT('',#303);
#303 = CARTESIAN_POINT('',(-6.046693311224,-4.,22.4));
#304 = CIRCLE('',#305,7.25);
#305 = AXIS2_PLACEMENT_3D('',#306,#307,#308);
#306 = CARTESIAN_POINT('',(0.,0.,22.4));
#307 = DIRECTION('',(0.,0.,1.));
#308 = DIRECTION('',(1.,0.,0.));
#309 = ORIENTED_EDGE('',*,*,#310,.F.);
#310 = EDGE_CURVE('',#311,#302,#313,.T.);
#311 = VERTEX_POINT('',#312);
#312 = CARTESIAN_POINT('',(-6.644734757686,-2.9,22.4));
#313 = CIRCLE('',#314,7.25);
#314 = AXIS2_PLACEMENT_3D('',#315,#316,#317);
#315 = CARTESIAN_POINT('',(0.,0.,22.4));
#316 = DIRECTION('',(0.,0.,1.));
#317 = DIRECTION('',(1.,0.,0.));
#318 = ORIENTED_EDGE('',*,*,#319,.T.);
#319 = EDGE_CURVE('',#311,#320,#322,.T.);
#320 = VERTEX_POINT('',#321);
#321 = CARTESIAN_POINT('',(-14.8,-2.9,22.4));
#322 = LINE('',#323,#324);
#323 = CARTESIAN_POINT('',(-15.4,-2.9,22.4));
#324 = VECTOR('',#325,1.);
#325 = DIRECTION('',(-1.,0.,0.));
#326 = ORIENTED_EDGE('',*,*,#327,.T.);
#327 = EDGE_CURVE('',#320,#328,#330,.T.);
#328 = VERTEX_POINT('',#329);
#329 = CARTESIAN_POINT('',(-14.8,2.9,22.4));
#330 = LINE('',#331,#332);
#331 = CARTESIAN_POINT('',(-14.8,-3.45,22.4));
#332 = VECTOR('',#333,1.);
#333 = DIRECTION('',(0.,1.,0.));
#334 = ORIENTED_EDGE('',*,*,#335,.F.);
#335 = EDGE_CURVE('',#336,#328,#338,.T.);
#336 = VERTEX_POINT('',#337);
#337 = CARTESIAN_POINT('',(-6.644734757686,2.9,22.4));
#338 = LINE('',#339,#340);
#339 = CARTESIAN_POINT('',(-15.4,2.9,22.4));
#340 = VECTOR('',#341,1.);
#341 = DIRECTION('',(-1.,0.,0.));
#342 = ORIENTED_EDGE('',*,*,#343,.F.);
#343 = EDGE_CURVE('',#344,#336,#346,.T.);
#344 = VERTEX_POINT('',#345);
#345 = CARTESIAN_POINT('',(-6.046693311224,4.,22.4));
#346 = CIRCLE('',#347,7.25);
#347 = AXIS2_PLACEMENT_3D('',#348,#349,#350);
#348 = CARTESIAN_POINT('',(0.,0.,22.4));
#349 = DIRECTION('',(0.,0.,1.));
#350 = DIRECTION('',(1.,0.,0.));
#351 = ORIENTED_EDGE('',*,*,#352,.F.);
#352 = EDGE_CURVE('',#353,#344,#355,.T.);
#353 = VERTEX_POINT('',#354);
#354 = CARTESIAN_POINT('',(-4.,6.046693311224,22.4));
#355 = CIRCLE('',#356,7.25);
#356 = AXIS2_PLACEMENT_3D('',#357,#358,#359);
#357 = CARTESIAN_POINT('',(0.,0.,22.4));
#358 = DIRECTION('',(0.,0.,1.));
#359 = DIRECTION('',(1.,0.,0.));
#360 = ORIENTED_EDGE('',*,*,#361,.F.);
#361 = EDGE_CURVE('',#362,#353,#364,.T.);
#362 = VERTEX_POINT('',#363);
#363 = CARTESIAN_POINT('',(-2.9,6.644734757686,22.4));
#364 = CIRCLE('',#365,7.25);
#365 = AXIS2_PLACEMENT_3D('',#366,#367,#368);
#366 = CARTESIAN_POINT('',(0.,0.,22.4));
#367 = DIRECTION('',(0.,0.,1.));
#368 = DIRECTION('',(1.,0.,0.));
#369 = ORIENTED_EDGE('',*,*,#370,.T.);
#370 = EDGE_CURVE('',#362,#371,#373,.T.);
#371 = VERTEX_POINT('',#372);
#372 = CARTESIAN_POINT('',(-2.9,7.3,22.4));
#373 = LINE('',#374,#375);
#374 = CARTESIAN_POINT('',(-2.9,-7.9,22.4));
#375 = VECTOR('',#376,1.);
#376 = DIRECTION('',(0.,1.,0.));
#377 = ORIENTED_EDGE('',*,*,#378,.F.);
#378 = EDGE_CURVE('',#379,#371,#381,.T.);
#379 = VERTEX_POINT('',#380);
#380 = CARTESIAN_POINT('',(2.9,7.3,22.4));
#381 = LINE('',#382,#383);
#382 = CARTESIAN_POINT('',(-3.45,7.3,22.4));
#383 = VECTOR('',#384,1.);
#384 = DIRECTION('',(-1.,0.,0.));
#385 = ORIENTED_EDGE('',*,*,#386,.F.);
#386 = EDGE_CURVE('',#50,#379,#387,.T.);
#387 = LINE('',#388,#389);
#388 = CARTESIAN_POINT('',(2.9,-7.9,22.4));
#389 = VECTOR('',#390,1.);
#390 = DIRECTION('',(0.,1.,0.));
#391 = ORIENTED_EDGE('',*,*,#57,.F.);
#392 = PLANE('',#393);
#393 = AXIS2_PLACEMENT_3D('',#394,#395,#396);
#394 = CARTESIAN_POINT('',(-2.745677138781E-14,-5.522913784904E-16,22.4)
  );
#395 = DIRECTION('',(0.,0.,1.));
#396 = DIRECTION('',(1.,0.,0.));
#397 = ADVANCED_FACE('',(#398),#416,.F.);
#398 = FACE_BOUND('',#399,.F.);
#399 = EDGE_LOOP('',(#400,#401,#402,#410));
#400 = ORIENTED_EDGE('',*,*,#386,.F.);
#401 = ORIENTED_EDGE('',*,*,#49,.F.);
#402 = ORIENTED_EDGE('',*,*,#403,.T.);
#403 = EDGE_CURVE('',#41,#404,#406,.T.);
#404 = VERTEX_POINT('',#405);
#405 = CARTESIAN_POINT('',(2.9,7.3,20.3));
#406 = LINE('',#407,#408);
#407 = CARTESIAN_POINT('',(2.9,-7.3,20.3));
#408 = VECTOR('',#409,1.);
#409 = DIRECTION('',(0.,1.,0.));
#410 = ORIENTED_EDGE('',*,*,#411,.T.);
#411 = EDGE_CURVE('',#404,#379,#412,.T.);
#412 = LINE('',#413,#414);
#413 = CARTESIAN_POINT('',(2.9,7.3,20.3));
#414 = VECTOR('',#415,1.);
#415 = DIRECTION('',(0.,0.,1.));
#416 = PLANE('',#417);
#417 = AXIS2_PLACEMENT_3D('',#418,#419,#420);
#418 = CARTESIAN_POINT('',(2.9,-7.3,20.3));
#419 = DIRECTION('',(1.,0.,0.));
#420 = DIRECTION('',(0.,0.,1.));
#421 = ADVANCED_FACE('',(#422,#539,#550,#561),#572,.T.);
#422 = FACE_BOUND('',#423,.T.);
#423 = EDGE_LOOP('',(#424,#425,#426,#434,#442,#451,#459,#467,#475,#484,
    #492,#500,#508,#517,#525,#533));
#424 = ORIENTED_EDGE('',*,*,#40,.T.);
#425 = ORIENTED_EDGE('',*,*,#403,.T.);
#426 = ORIENTED_EDGE('',*,*,#427,.F.);
#427 = EDGE_CURVE('',#428,#404,#430,.T.);
#428 = VERTEX_POINT('',#429);
#429 = CARTESIAN_POINT('',(-2.9,7.3,20.3));
#430 = LINE('',#431,#432);
#431 = CARTESIAN_POINT('',(-2.9,7.3,20.3));
#432 = VECTOR('',#433,1.);
#433 = DIRECTION('',(1.,0.,0.));
#434 = ORIENTED_EDGE('',*,*,#435,.F.);
#435 = EDGE_CURVE('',#436,#428,#438,.T.);
#436 = VERTEX_POINT('',#437);
#437 = CARTESIAN_POINT('',(-2.9,6.644734757686,20.3));
#438 = LINE('',#439,#440);
#439 = CARTESIAN_POINT('',(-2.9,-7.3,20.3));
#440 = VECTOR('',#441,1.);
#441 = DIRECTION('',(0.,1.,0.));
#442 = ORIENTED_EDGE('',*,*,#443,.T.);
#443 = EDGE_CURVE('',#436,#444,#446,.T.);
#444 = VERTEX_POINT('',#445);
#445 = CARTESIAN_POINT('',(-6.644734757686,2.9,20.3));
#446 = CIRCLE('',#447,7.25);
#447 = AXIS2_PLACEMENT_3D('',#448,#449,#450);
#448 = CARTESIAN_POINT('',(0.,0.,20.3));
#449 = DIRECTION('',(0.,0.,1.));
#450 = DIRECTION('',(1.,0.,0.));
#451 = ORIENTED_EDGE('',*,*,#452,.F.);
#452 = EDGE_CURVE('',#453,#444,#455,.T.);
#453 = VERTEX_POINT('',#454);
#454 = CARTESIAN_POINT('',(-14.8,2.9,20.3));
#455 = LINE('',#456,#457);
#456 = CARTESIAN_POINT('',(-14.8,2.9,20.3));
#457 = VECTOR('',#458,1.);
#458 = DIRECTION('',(1.,0.,0.));
#459 = ORIENTED_EDGE('',*,*,#460,.F.);
#460 = EDGE_CURVE('',#461,#453,#463,.T.);
#461 = VERTEX_POINT('',#462);
#462 = CARTESIAN_POINT('',(-14.8,-2.9,20.3));
#463 = LINE('',#464,#465);
#464 = CARTESIAN_POINT('',(-14.8,-2.9,20.3));
#465 = VECTOR('',#466,1.);
#466 = DIRECTION('',(0.,1.,0.));
#467 = ORIENTED_EDGE('',*,*,#468,.T.);
#468 = EDGE_CURVE('',#461,#469,#471,.T.);
#469 = VERTEX_POINT('',#470);
#470 = CARTESIAN_POINT('',(-6.644734757686,-2.9,20.3));
#471 = LINE('',#472,#473);
#472 = CARTESIAN_POINT('',(-14.8,-2.9,20.3));
#473 = VECTOR('',#474,1.);
#474 = DIRECTION('',(1.,0.,0.));
#475 = ORIENTED_EDGE('',*,*,#476,.T.);
#476 = EDGE_CURVE('',#469,#477,#479,.T.);
#477 = VERTEX_POINT('',#478);
#478 = CARTESIAN_POINT('',(-2.9,-6.644734757686,20.3));
#479 = CIRCLE('',#480,7.25);
#480 = AXIS2_PLACEMENT_3D('',#481,#482,#483);
#481 = CARTESIAN_POINT('',(0.,0.,20.3));
#482 = DIRECTION('',(0.,0.,1.));
#483 = DIRECTION('',(1.,0.,0.));
#484 = ORIENTED_EDGE('',*,*,#485,.F.);
#485 = EDGE_CURVE('',#486,#477,#488,.T.);
#486 = VERTEX_POINT('',#487);
#487 = CARTESIAN_POINT('',(-2.9,-7.3,20.3));
#488 = LINE('',#489,#490);
#489 = CARTESIAN_POINT('',(-2.9,-7.3,20.3));
#490 = VECTOR('',#491,1.);
#491 = DIRECTION('',(0.,1.,0.));
#492 = ORIENTED_EDGE('',*,*,#493,.T.);
#493 = EDGE_CURVE('',#486,#494,#496,.T.);
#494 = VERTEX_POINT('',#495);
#495 = CARTESIAN_POINT('',(2.9,-7.3,20.3));
#496 = LINE('',#497,#498);
#497 = CARTESIAN_POINT('',(-2.9,-7.3,20.3));
#498 = VECTOR('',#499,1.);
#499 = DIRECTION('',(1.,0.,0.));
#500 = ORIENTED_EDGE('',*,*,#501,.T.);
#501 = EDGE_CURVE('',#494,#502,#504,.T.);
#502 = VERTEX_POINT('',#503);
#503 = CARTESIAN_POINT('',(2.9,-6.644734757686,20.3));
#504 = LINE('',#505,#506);
#505 = CARTESIAN_POINT('',(2.9,-7.3,20.3));
#506 = VECTOR('',#507,1.);
#507 = DIRECTION('',(0.,1.,0.));
#508 = ORIENTED_EDGE('',*,*,#509,.T.);
#509 = EDGE_CURVE('',#502,#510,#512,.T.);
#510 = VERTEX_POINT('',#511);
#511 = CARTESIAN_POINT('',(6.644734757686,-2.9,20.3));
#512 = CIRCLE('',#513,7.25);
#513 = AXIS2_PLACEMENT_3D('',#514,#515,#516);
#514 = CARTESIAN_POINT('',(0.,0.,20.3));
#515 = DIRECTION('',(0.,0.,1.));
#516 = DIRECTION('',(1.,0.,0.));
#517 = ORIENTED_EDGE('',*,*,#518,.T.);
#518 = EDGE_CURVE('',#510,#519,#521,.T.);
#519 = VERTEX_POINT('',#520);
#520 = CARTESIAN_POINT('',(14.8,-2.9,20.3));
#521 = LINE('',#522,#523);
#522 = CARTESIAN_POINT('',(-14.8,-2.9,20.3));
#523 = VECTOR('',#524,1.);
#524 = DIRECTION('',(1.,0.,0.));
#525 = ORIENTED_EDGE('',*,*,#526,.T.);
#526 = EDGE_CURVE('',#519,#527,#529,.T.);
#527 = VERTEX_POINT('',#528);
#528 = CARTESIAN_POINT('',(14.8,2.9,20.3));
#529 = LINE('',#530,#531);
#530 = CARTESIAN_POINT('',(14.8,-2.9,20.3));
#531 = VECTOR('',#532,1.);
#532 = DIRECTION('',(0.,1.,0.));
#533 = ORIENTED_EDGE('',*,*,#534,.F.);
#534 = EDGE_CURVE('',#33,#527,#535,.T.);
#535 = LINE('',#536,#537);
#536 = CARTESIAN_POINT('',(-14.8,2.9,20.3));
#537 = VECTOR('',#538,1.);
#538 = DIRECTION('',(1.,0.,0.));
#539 = FACE_BOUND('',#540,.T.);
#540 = EDGE_LOOP('',(#541));
#541 = ORIENTED_EDGE('',*,*,#542,.F.);
#542 = EDGE_CURVE('',#543,#543,#545,.T.);
#543 = VERTEX_POINT('',#544);
#544 = CARTESIAN_POINT('',(2.5,-6.123233995737E-16,20.3));
#545 = CIRCLE('',#546,2.5);
#546 = AXIS2_PLACEMENT_3D('',#547,#548,#549);
#547 = CARTESIAN_POINT('',(0.,0.,20.3));
#548 = DIRECTION('',(0.,0.,1.));
#549 = DIRECTION('',(1.,0.,0.));
#550 = FACE_BOUND('',#551,.T.);
#551 = EDGE_LOOP('',(#552));
#552 = ORIENTED_EDGE('',*,*,#553,.F.);
#553 = EDGE_CURVE('',#554,#554,#556,.T.);
#554 = VERTEX_POINT('',#555);
#555 = CARTESIAN_POINT('',(5.6,-2.694222958124E-16,20.3));
#556 = CIRCLE('',#557,1.1);
#557 = AXIS2_PLACEMENT_3D('',#558,#559,#560);
#558 = CARTESIAN_POINT('',(4.5,0.,20.3));
#559 = DIRECTION('',(0.,0.,1.));
#560 = DIRECTION('',(1.,0.,0.));
#561 = FACE_BOUND('',#562,.T.);
#562 = EDGE_LOOP('',(#563));
#563 = ORIENTED_EDGE('',*,*,#564,.F.);
#564 = EDGE_CURVE('',#565,#565,#567,.T.);
#565 = VERTEX_POINT('',#566);
#566 = CARTESIAN_POINT('',(-3.4,-2.694222958124E-16,20.3));
#567 = CIRCLE('',#568,1.1);
#568 = AXIS2_PLACEMENT_3D('',#569,#570,#571);
#569 = CARTESIAN_POINT('',(-4.5,0.,20.3));
#570 = DIRECTION('',(0.,0.,1.));
#571 = DIRECTION('',(1.,0.,0.));
#572 = PLANE('',#573);
#573 = AXIS2_PLACEMENT_3D('',#574,#575,#576);
#574 = CARTESIAN_POINT('',(-6.122985718897E-15,0.,20.3));
#575 = DIRECTION('',(0.,0.,1.));
#576 = DIRECTION('',(1.,0.,0.));
#577 = ADVANCED_FACE('',(#578),#589,.F.);
#578 = FACE_BOUND('',#579,.F.);
#579 = EDGE_LOOP('',(#580,#581,#582,#583));
#580 = ORIENTED_EDGE('',*,*,#534,.F.);
#581 = ORIENTED_EDGE('',*,*,#32,.T.);
#582 = ORIENTED_EDGE('',*,*,#217,.F.);
#583 = ORIENTED_EDGE('',*,*,#584,.F.);
#584 = EDGE_CURVE('',#527,#218,#585,.T.);
#585 = LINE('',#586,#587);
#586 = CARTESIAN_POINT('',(14.8,2.9,20.3));
#587 = VECTOR('',#588,1.);
#588 = DIRECTION('',(0.,0.,1.));
#589 = PLANE('',#590);
#590 = AXIS2_PLACEMENT_3D('',#591,#592,#593);
#591 = CARTESIAN_POINT('',(-14.8,2.9,20.3));
#592 = DIRECTION('',(0.,1.,0.));
#593 = DIRECTION('',(0.,0.,1.));
#594 = ADVANCED_FACE('',(#595),#621,.T.);
#595 = FACE_BOUND('',#596,.T.);
#596 = EDGE_LOOP('',(#597,#598,#606,#615));
#597 = ORIENTED_EDGE('',*,*,#81,.F.);
#598 = ORIENTED_EDGE('',*,*,#599,.F.);
#599 = EDGE_CURVE('',#600,#82,#602,.T.);
#600 = VERTEX_POINT('',#601);
#601 = CARTESIAN_POINT('',(7.5,4.,19.2));
#602 = LINE('',#603,#604);
#603 = CARTESIAN_POINT('',(7.5,4.,19.2));
#604 = VECTOR('',#605,1.);
#605 = DIRECTION('',(0.,0.,1.));
#606 = ORIENTED_EDGE('',*,*,#607,.T.);
#607 = EDGE_CURVE('',#600,#608,#610,.T.);
#608 = VERTEX_POINT('',#609);
#609 = CARTESIAN_POINT('',(4.,7.5,19.2));
#610 = CIRCLE('',#611,8.5);
#611 = AXIS2_PLACEMENT_3D('',#612,#613,#614);
#612 = CARTESIAN_POINT('',(0.,0.,19.2));
#613 = DIRECTION('',(0.,0.,1.));
#614 = DIRECTION('',(1.,0.,0.));
#615 = ORIENTED_EDGE('',*,*,#616,.T.);
#616 = EDGE_CURVE('',#608,#84,#617,.T.);
#617 = LINE('',#618,#619);
#618 = CARTESIAN_POINT('',(4.,7.5,19.2));
#619 = VECTOR('',#620,1.);
#620 = DIRECTION('',(0.,0.,1.));
#621 = CYLINDRICAL_SURFACE('',#622,8.5);
#622 = AXIS2_PLACEMENT_3D('',#623,#624,#625);
#623 = CARTESIAN_POINT('',(0.,0.,19.2));
#624 = DIRECTION('',(0.,0.,1.));
#625 = DIRECTION('',(1.,0.,0.));
#626 = ADVANCED_FACE('',(#627),#645,.T.);
#627 = FACE_BOUND('',#628,.T.);
#628 = EDGE_LOOP('',(#629,#630,#631,#639));
#629 = ORIENTED_EDGE('',*,*,#92,.F.);
#630 = ORIENTED_EDGE('',*,*,#616,.F.);
#631 = ORIENTED_EDGE('',*,*,#632,.T.);
#632 = EDGE_CURVE('',#608,#633,#635,.T.);
#633 = VERTEX_POINT('',#634);
#634 = CARTESIAN_POINT('',(4.,8.5,19.2));
#635 = LINE('',#636,#637);
#636 = CARTESIAN_POINT('',(4.,-8.5,19.2));
#637 = VECTOR('',#638,1.);
#638 = DIRECTION('',(0.,1.,0.));
#639 = ORIENTED_EDGE('',*,*,#640,.T.);
#640 = EDGE_CURVE('',#633,#93,#641,.T.);
#641 = LINE('',#642,#643);
#642 = CARTESIAN_POINT('',(4.,8.5,19.2));
#643 = VECTOR('',#644,1.);
#644 = DIRECTION('',(0.,0.,1.));
#645 = PLANE('',#646);
#646 = AXIS2_PLACEMENT_3D('',#647,#648,#649);
#647 = CARTESIAN_POINT('',(4.,-8.5,19.2));
#648 = DIRECTION('',(1.,0.,0.));
#649 = DIRECTION('',(0.,0.,1.));
#650 = ADVANCED_FACE('',(#651),#669,.T.);
#651 = FACE_BOUND('',#652,.T.);
#652 = EDGE_LOOP('',(#653,#661,#667,#668));
#653 = ORIENTED_EDGE('',*,*,#654,.F.);
#654 = EDGE_CURVE('',#655,#633,#657,.T.);
#655 = VERTEX_POINT('',#656);
#656 = CARTESIAN_POINT('',(-4.,8.5,19.2));
#657 = LINE('',#658,#659);
#658 = CARTESIAN_POINT('',(-4.,8.5,19.2));
#659 = VECTOR('',#660,1.);
#660 = DIRECTION('',(1.,0.,0.));
#661 = ORIENTED_EDGE('',*,*,#662,.T.);
#662 = EDGE_CURVE('',#655,#101,#663,.T.);
#663 = LINE('',#664,#665);
#664 = CARTESIAN_POINT('',(-4.,8.5,19.2));
#665 = VECTOR('',#666,1.);
#666 = DIRECTION('',(0.,0.,1.));
#667 = ORIENTED_EDGE('',*,*,#100,.T.);
#668 = ORIENTED_EDGE('',*,*,#640,.F.);
#669 = PLANE('',#670);
#670 = AXIS2_PLACEMENT_3D('',#671,#672,#673);
#671 = CARTESIAN_POINT('',(-4.,8.5,19.2));
#672 = DIRECTION('',(0.,1.,0.));
#673 = DIRECTION('',(0.,0.,1.));
#674 = ADVANCED_FACE('',(#675),#693,.F.);
#675 = FACE_BOUND('',#676,.F.);
#676 = EDGE_LOOP('',(#677,#678,#686,#692));
#677 = ORIENTED_EDGE('',*,*,#108,.F.);
#678 = ORIENTED_EDGE('',*,*,#679,.F.);
#679 = EDGE_CURVE('',#680,#109,#682,.T.);
#680 = VERTEX_POINT('',#681);
#681 = CARTESIAN_POINT('',(-4.,7.5,19.2));
#682 = LINE('',#683,#684);
#683 = CARTESIAN_POINT('',(-4.,7.5,19.2));
#684 = VECTOR('',#685,1.);
#685 = DIRECTION('',(0.,0.,1.));
#686 = ORIENTED_EDGE('',*,*,#687,.T.);
#687 = EDGE_CURVE('',#680,#655,#688,.T.);
#688 = LINE('',#689,#690);
#689 = CARTESIAN_POINT('',(-4.,-8.5,19.2));
#690 = VECTOR('',#691,1.);
#691 = DIRECTION('',(0.,1.,0.));
#692 = ORIENTED_EDGE('',*,*,#662,.T.);
#693 = PLANE('',#694);
#694 = AXIS2_PLACEMENT_3D('',#695,#696,#697);
#695 = CARTESIAN_POINT('',(-4.,-8.5,19.2));
#696 = DIRECTION('',(1.,0.,0.));
#697 = DIRECTION('',(0.,0.,1.));
#698 = ADVANCED_FACE('',(#699),#718,.T.);
#699 = FACE_BOUND('',#700,.T.);
#700 = EDGE_LOOP('',(#701,#702,#703,#712));
#701 = ORIENTED_EDGE('',*,*,#116,.F.);
#702 = ORIENTED_EDGE('',*,*,#679,.F.);
#703 = ORIENTED_EDGE('',*,*,#704,.T.);
#704 = EDGE_CURVE('',#680,#705,#707,.T.);
#705 = VERTEX_POINT('',#706);
#706 = CARTESIAN_POINT('',(-7.5,4.,19.2));
#707 = CIRCLE('',#708,8.5);
#708 = AXIS2_PLACEMENT_3D('',#709,#710,#711);
#709 = CARTESIAN_POINT('',(0.,0.,19.2));
#710 = DIRECTION('',(0.,0.,1.));
#711 = DIRECTION('',(1.,0.,0.));
#712 = ORIENTED_EDGE('',*,*,#713,.T.);
#713 = EDGE_CURVE('',#705,#117,#714,.T.);
#714 = LINE('',#715,#716);
#715 = CARTESIAN_POINT('',(-7.5,4.,19.2));
#716 = VECTOR('',#717,1.);
#717 = DIRECTION('',(0.,0.,1.));
#718 = CYLINDRICAL_SURFACE('',#719,8.5);
#719 = AXIS2_PLACEMENT_3D('',#720,#721,#722);
#720 = CARTESIAN_POINT('',(0.,0.,19.2));
#721 = DIRECTION('',(0.,0.,1.));
#722 = DIRECTION('',(1.,0.,0.));
#723 = ADVANCED_FACE('',(#724),#742,.T.);
#724 = FACE_BOUND('',#725,.T.);
#725 = EDGE_LOOP('',(#726,#734,#740,#741));
#726 = ORIENTED_EDGE('',*,*,#727,.F.);
#727 = EDGE_CURVE('',#728,#705,#730,.T.);
#728 = VERTEX_POINT('',#729);
#729 = CARTESIAN_POINT('',(-16.,4.,19.2));
#730 = LINE('',#731,#732);
#731 = CARTESIAN_POINT('',(-16.,4.,19.2));
#732 = VECTOR('',#733,1.);
#733 = DIRECTION('',(1.,0.,0.));
#734 = ORIENTED_EDGE('',*,*,#735,.T.);
#735 = EDGE_CURVE('',#728,#126,#736,.T.);
#736 = LINE('',#737,#738);
#737 = CARTESIAN_POINT('',(-16.,4.,19.2));
#738 = VECTOR('',#739,1.);
#739 = DIRECTION('',(0.,0.,1.));
#740 = ORIENTED_EDGE('',*,*,#125,.T.);
#741 = ORIENTED_EDGE('',*,*,#713,.F.);
#742 = PLANE('',#743);
#743 = AXIS2_PLACEMENT_3D('',#744,#745,#746);
#744 = CARTESIAN_POINT('',(-16.,4.,19.2));
#745 = DIRECTION('',(0.,1.,0.));
#746 = DIRECTION('',(0.,0.,1.));
#747 = ADVANCED_FACE('',(#748),#766,.F.);
#748 = FACE_BOUND('',#749,.F.);
#749 = EDGE_LOOP('',(#750,#758,#764,#765));
#750 = ORIENTED_EDGE('',*,*,#751,.F.);
#751 = EDGE_CURVE('',#752,#134,#754,.T.);
#752 = VERTEX_POINT('',#753);
#753 = CARTESIAN_POINT('',(-16.,-4.,19.2));
#754 = LINE('',#755,#756);
#755 = CARTESIAN_POINT('',(-16.,-4.,19.2));
#756 = VECTOR('',#757,1.);
#757 = DIRECTION('',(0.,0.,1.));
#758 = ORIENTED_EDGE('',*,*,#759,.T.);
#759 = EDGE_CURVE('',#752,#728,#760,.T.);
#760 = LINE('',#761,#762);
#761 = CARTESIAN_POINT('',(-16.,-4.,19.2));
#762 = VECTOR('',#763,1.);
#763 = DIRECTION('',(0.,1.,0.));
#764 = ORIENTED_EDGE('',*,*,#735,.T.);
#765 = ORIENTED_EDGE('',*,*,#133,.F.);
#766 = PLANE('',#767);
#767 = AXIS2_PLACEMENT_3D('',#768,#769,#770);
#768 = CARTESIAN_POINT('',(-16.,-4.,19.2));
#769 = DIRECTION('',(1.,0.,0.));
#770 = DIRECTION('',(0.,0.,1.));
#771 = ADVANCED_FACE('',(#772),#790,.F.);
#772 = FACE_BOUND('',#773,.F.);
#773 = EDGE_LOOP('',(#774,#782,#783,#784));
#774 = ORIENTED_EDGE('',*,*,#775,.F.);
#775 = EDGE_CURVE('',#752,#776,#778,.T.);
#776 = VERTEX_POINT('',#777);
#777 = CARTESIAN_POINT('',(-7.5,-4.,19.2));
#778 = LINE('',#779,#780);
#779 = CARTESIAN_POINT('',(-16.,-4.,19.2));
#780 = VECTOR('',#781,1.);
#781 = DIRECTION('',(1.,0.,0.));
#782 = ORIENTED_EDGE('',*,*,#751,.T.);
#783 = ORIENTED_EDGE('',*,*,#141,.T.);
#784 = ORIENTED_EDGE('',*,*,#785,.F.);
#785 = EDGE_CURVE('',#776,#142,#786,.T.);
#786 = LINE('',#787,#788);
#787 = CARTESIAN_POINT('',(-7.5,-4.,19.2));
#788 = VECTOR('',#789,1.);
#789 = DIRECTION('',(0.,0.,1.));
#790 = PLANE('',#791);
#791 = AXIS2_PLACEMENT_3D('',#792,#793,#794);
#792 = CARTESIAN_POINT('',(-16.,-4.,19.2));
#793 = DIRECTION('',(0.,1.,0.));
#794 = DIRECTION('',(0.,0.,1.));
#795 = ADVANCED_FACE('',(#796),#815,.T.);
#796 = FACE_BOUND('',#797,.T.);
#797 = EDGE_LOOP('',(#798,#806,#807,#808));
#798 = ORIENTED_EDGE('',*,*,#799,.T.);
#799 = EDGE_CURVE('',#800,#150,#802,.T.);
#800 = VERTEX_POINT('',#801);
#801 = CARTESIAN_POINT('',(-4.,-7.5,19.2));
#802 = LINE('',#803,#804);
#803 = CARTESIAN_POINT('',(-4.,-7.5,19.2));
#804 = VECTOR('',#805,1.);
#805 = DIRECTION('',(0.,0.,1.));
#806 = ORIENTED_EDGE('',*,*,#149,.F.);
#807 = ORIENTED_EDGE('',*,*,#785,.F.);
#808 = ORIENTED_EDGE('',*,*,#809,.T.);
#809 = EDGE_CURVE('',#776,#800,#810,.T.);
#810 = CIRCLE('',#811,8.5);
#811 = AXIS2_PLACEMENT_3D('',#812,#813,#814);
#812 = CARTESIAN_POINT('',(0.,0.,19.2));
#813 = DIRECTION('',(0.,0.,1.));
#814 = DIRECTION('',(1.,0.,0.));
#815 = CYLINDRICAL_SURFACE('',#816,8.5);
#816 = AXIS2_PLACEMENT_3D('',#817,#818,#819);
#817 = CARTESIAN_POINT('',(0.,0.,19.2));
#818 = DIRECTION('',(0.,0.,1.));
#819 = DIRECTION('',(1.,0.,0.));
#820 = ADVANCED_FACE('',(#821),#839,.F.);
#821 = FACE_BOUND('',#822,.F.);
#822 = EDGE_LOOP('',(#823,#824,#832,#838));
#823 = ORIENTED_EDGE('',*,*,#158,.F.);
#824 = ORIENTED_EDGE('',*,*,#825,.F.);
#825 = EDGE_CURVE('',#826,#159,#828,.T.);
#826 = VERTEX_POINT('',#827);
#827 = CARTESIAN_POINT('',(-4.,-8.5,19.2));
#828 = LINE('',#829,#830);
#829 = CARTESIAN_POINT('',(-4.,-8.5,19.2));
#830 = VECTOR('',#831,1.);
#831 = DIRECTION('',(0.,0.,1.));
#832 = ORIENTED_EDGE('',*,*,#833,.T.);
#833 = EDGE_CURVE('',#826,#800,#834,.T.);
#834 = LINE('',#835,#836);
#835 = CARTESIAN_POINT('',(-4.,-8.5,19.2));
#836 = VECTOR('',#837,1.);
#837 = DIRECTION('',(0.,1.,0.));
#838 = ORIENTED_EDGE('',*,*,#799,.T.);
#839 = PLANE('',#840);
#840 = AXIS2_PLACEMENT_3D('',#841,#842,#843);
#841 = CARTESIAN_POINT('',(-4.,-8.5,19.2));
#842 = DIRECTION('',(1.,0.,0.));
#843 = DIRECTION('',(0.,0.,1.));
#844 = ADVANCED_FACE('',(#845),#863,.F.);
#845 = FACE_BOUND('',#846,.T.);
#846 = EDGE_LOOP('',(#847,#855,#861,#862));
#847 = ORIENTED_EDGE('',*,*,#848,.T.);
#848 = EDGE_CURVE('',#826,#849,#851,.T.);
#849 = VERTEX_POINT('',#850);
#850 = CARTESIAN_POINT('',(4.,-8.5,19.2));
#851 = LINE('',#852,#853);
#852 = CARTESIAN_POINT('',(-4.,-8.5,19.2));
#853 = VECTOR('',#854,1.);
#854 = DIRECTION('',(1.,0.,0.));
#855 = ORIENTED_EDGE('',*,*,#856,.T.);
#856 = EDGE_CURVE('',#849,#167,#857,.T.);
#857 = LINE('',#858,#859);
#858 = CARTESIAN_POINT('',(4.,-8.5,19.2));
#859 = VECTOR('',#860,1.);
#860 = DIRECTION('',(0.,0.,1.));
#861 = ORIENTED_EDGE('',*,*,#166,.F.);
#862 = ORIENTED_EDGE('',*,*,#825,.F.);
#863 = PLANE('',#864);
#864 = AXIS2_PLACEMENT_3D('',#865,#866,#867);
#865 = CARTESIAN_POINT('',(-4.,-8.5,19.2));
#866 = DIRECTION('',(0.,1.,0.));
#867 = DIRECTION('',(0.,0.,1.));
#868 = ADVANCED_FACE('',(#869),#887,.T.);
#869 = FACE_BOUND('',#870,.T.);
#870 = EDGE_LOOP('',(#871,#872,#873,#881));
#871 = ORIENTED_EDGE('',*,*,#174,.F.);
#872 = ORIENTED_EDGE('',*,*,#856,.F.);
#873 = ORIENTED_EDGE('',*,*,#874,.T.);
#874 = EDGE_CURVE('',#849,#875,#877,.T.);
#875 = VERTEX_POINT('',#876);
#876 = CARTESIAN_POINT('',(4.,-7.5,19.2));
#877 = LINE('',#878,#879);
#878 = CARTESIAN_POINT('',(4.,-8.5,19.2));
#879 = VECTOR('',#880,1.);
#880 = DIRECTION('',(0.,1.,0.));
#881 = ORIENTED_EDGE('',*,*,#882,.T.);
#882 = EDGE_CURVE('',#875,#175,#883,.T.);
#883 = LINE('',#884,#885);
#884 = CARTESIAN_POINT('',(4.,-7.5,19.2));
#885 = VECTOR('',#886,1.);
#886 = DIRECTION('',(0.,0.,1.));
#887 = PLANE('',#888);
#888 = AXIS2_PLACEMENT_3D('',#889,#890,#891);
#889 = CARTESIAN_POINT('',(4.,-8.5,19.2));
#890 = DIRECTION('',(1.,0.,0.));
#891 = DIRECTION('',(0.,0.,1.));
#892 = ADVANCED_FACE('',(#893),#912,.T.);
#893 = FACE_BOUND('',#894,.T.);
#894 = EDGE_LOOP('',(#895,#903,#904,#905));
#895 = ORIENTED_EDGE('',*,*,#896,.T.);
#896 = EDGE_CURVE('',#897,#183,#899,.T.);
#897 = VERTEX_POINT('',#898);
#898 = CARTESIAN_POINT('',(7.5,-4.,19.2));
#899 = LINE('',#900,#901);
#900 = CARTESIAN_POINT('',(7.5,-4.,19.2));
#901 = VECTOR('',#902,1.);
#902 = DIRECTION('',(0.,0.,1.));
#903 = ORIENTED_EDGE('',*,*,#182,.F.);
#904 = ORIENTED_EDGE('',*,*,#882,.F.);
#905 = ORIENTED_EDGE('',*,*,#906,.T.);
#906 = EDGE_CURVE('',#875,#897,#907,.T.);
#907 = CIRCLE('',#908,8.5);
#908 = AXIS2_PLACEMENT_3D('',#909,#910,#911);
#909 = CARTESIAN_POINT('',(0.,0.,19.2));
#910 = DIRECTION('',(0.,0.,1.));
#911 = DIRECTION('',(1.,0.,0.));
#912 = CYLINDRICAL_SURFACE('',#913,8.5);
#913 = AXIS2_PLACEMENT_3D('',#914,#915,#916);
#914 = CARTESIAN_POINT('',(0.,0.,19.2));
#915 = DIRECTION('',(0.,0.,1.));
#916 = DIRECTION('',(1.,0.,0.));
#917 = ADVANCED_FACE('',(#918),#936,.F.);
#918 = FACE_BOUND('',#919,.F.);
#919 = EDGE_LOOP('',(#920,#928,#929,#930));
#920 = ORIENTED_EDGE('',*,*,#921,.F.);
#921 = EDGE_CURVE('',#897,#922,#924,.T.);
#922 = VERTEX_POINT('',#923);
#923 = CARTESIAN_POINT('',(16.,-4.,19.2));
#924 = LINE('',#925,#926);
#925 = CARTESIAN_POINT('',(-16.,-4.,19.2));
#926 = VECTOR('',#927,1.);
#927 = DIRECTION('',(1.,0.,0.));
#928 = ORIENTED_EDGE('',*,*,#896,.T.);
#929 = ORIENTED_EDGE('',*,*,#191,.T.);
#930 = ORIENTED_EDGE('',*,*,#931,.F.);
#931 = EDGE_CURVE('',#922,#192,#932,.T.);
#932 = LINE('',#933,#934);
#933 = CARTESIAN_POINT('',(16.,-4.,19.2));
#934 = VECTOR('',#935,1.);
#935 = DIRECTION('',(0.,0.,1.));
#936 = PLANE('',#937);
#937 = AXIS2_PLACEMENT_3D('',#938,#939,#940);
#938 = CARTESIAN_POINT('',(-16.,-4.,19.2));
#939 = DIRECTION('',(0.,1.,0.));
#940 = DIRECTION('',(0.,0.,1.));
#941 = ADVANCED_FACE('',(#942),#960,.T.);
#942 = FACE_BOUND('',#943,.T.);
#943 = EDGE_LOOP('',(#944,#945,#953,#959));
#944 = ORIENTED_EDGE('',*,*,#931,.F.);
#945 = ORIENTED_EDGE('',*,*,#946,.T.);
#946 = EDGE_CURVE('',#922,#947,#949,.T.);
#947 = VERTEX_POINT('',#948);
#948 = CARTESIAN_POINT('',(16.,4.,19.2));
#949 = LINE('',#950,#951);
#950 = CARTESIAN_POINT('',(16.,-4.,19.2));
#951 = VECTOR('',#952,1.);
#952 = DIRECTION('',(0.,1.,0.));
#953 = ORIENTED_EDGE('',*,*,#954,.T.);
#954 = EDGE_CURVE('',#947,#200,#955,.T.);
#955 = LINE('',#956,#957);
#956 = CARTESIAN_POINT('',(16.,4.,19.2));
#957 = VECTOR('',#958,1.);
#958 = DIRECTION('',(0.,0.,1.));
#959 = ORIENTED_EDGE('',*,*,#199,.F.);
#960 = PLANE('',#961);
#961 = AXIS2_PLACEMENT_3D('',#962,#963,#964);
#962 = CARTESIAN_POINT('',(16.,-4.,19.2));
#963 = DIRECTION('',(1.,0.,0.));
#964 = DIRECTION('',(0.,0.,1.));
#965 = ADVANCED_FACE('',(#966),#977,.T.);
#966 = FACE_BOUND('',#967,.T.);
#967 = EDGE_LOOP('',(#968,#974,#975,#976));
#968 = ORIENTED_EDGE('',*,*,#969,.F.);
#969 = EDGE_CURVE('',#600,#947,#970,.T.);
#970 = LINE('',#971,#972);
#971 = CARTESIAN_POINT('',(-16.,4.,19.2));
#972 = VECTOR('',#973,1.);
#973 = DIRECTION('',(1.,0.,0.));
#974 = ORIENTED_EDGE('',*,*,#599,.T.);
#975 = ORIENTED_EDGE('',*,*,#207,.T.);
#976 = ORIENTED_EDGE('',*,*,#954,.F.);
#977 = PLANE('',#978);
#978 = AXIS2_PLACEMENT_3D('',#979,#980,#981);
#979 = CARTESIAN_POINT('',(-16.,4.,19.2));
#980 = DIRECTION('',(0.,1.,0.));
#981 = DIRECTION('',(0.,0.,1.));
#982 = ADVANCED_FACE('',(#983),#994,.F.);
#983 = FACE_BOUND('',#984,.F.);
#984 = EDGE_LOOP('',(#985,#991,#992,#993));
#985 = ORIENTED_EDGE('',*,*,#986,.F.);
#986 = EDGE_CURVE('',#519,#226,#987,.T.);
#987 = LINE('',#988,#989);
#988 = CARTESIAN_POINT('',(14.8,-2.9,20.3));
#989 = VECTOR('',#990,1.);
#990 = DIRECTION('',(0.,0.,1.));
#991 = ORIENTED_EDGE('',*,*,#526,.T.);
#992 = ORIENTED_EDGE('',*,*,#584,.T.);
#993 = ORIENTED_EDGE('',*,*,#225,.F.);
#994 = PLANE('',#995);
#995 = AXIS2_PLACEMENT_3D('',#996,#997,#998);
#996 = CARTESIAN_POINT('',(14.8,-2.9,20.3));
#997 = DIRECTION('',(1.,0.,0.));
#998 = DIRECTION('',(0.,0.,1.));
#999 = ADVANCED_FACE('',(#1000),#1011,.T.);
#1000 = FACE_BOUND('',#1001,.T.);
#1001 = EDGE_LOOP('',(#1002,#1003,#1009,#1010));
#1002 = ORIENTED_EDGE('',*,*,#518,.F.);
#1003 = ORIENTED_EDGE('',*,*,#1004,.T.);
#1004 = EDGE_CURVE('',#510,#234,#1005,.T.);
#1005 = LINE('',#1006,#1007);
#1006 = CARTESIAN_POINT('',(6.644734757686,-2.9,20.3));
#1007 = VECTOR('',#1008,1.);
#1008 = DIRECTION('',(0.,0.,1.));
#1009 = ORIENTED_EDGE('',*,*,#233,.F.);
#1010 = ORIENTED_EDGE('',*,*,#986,.F.);
#1011 = PLANE('',#1012);
#1012 = AXIS2_PLACEMENT_3D('',#1013,#1014,#1015);
#1013 = CARTESIAN_POINT('',(-14.8,-2.9,20.3));
#1014 = DIRECTION('',(0.,1.,0.));
#1015 = DIRECTION('',(0.,0.,1.));
#1016 = ADVANCED_FACE('',(#1017),#1030,.F.);
#1017 = FACE_BOUND('',#1018,.F.);
#1018 = EDGE_LOOP('',(#1019,#1020,#1021,#1022,#1023,#1024));
#1019 = ORIENTED_EDGE('',*,*,#509,.T.);
#1020 = ORIENTED_EDGE('',*,*,#1004,.T.);
#1021 = ORIENTED_EDGE('',*,*,#241,.F.);
#1022 = ORIENTED_EDGE('',*,*,#250,.F.);
#1023 = ORIENTED_EDGE('',*,*,#259,.F.);
#1024 = ORIENTED_EDGE('',*,*,#1025,.F.);
#1025 = EDGE_CURVE('',#502,#260,#1026,.T.);
#1026 = LINE('',#1027,#1028);
#1027 = CARTESIAN_POINT('',(2.9,-6.644734757686,20.3));
#1028 = VECTOR('',#1029,1.);
#1029 = DIRECTION('',(0.,0.,1.));
#1030 = CYLINDRICAL_SURFACE('',#1031,7.25);
#1031 = AXIS2_PLACEMENT_3D('',#1032,#1033,#1034);
#1032 = CARTESIAN_POINT('',(0.,0.,20.3));
#1033 = DIRECTION('',(0.,0.,1.));
#1034 = DIRECTION('',(1.,0.,0.));
#1035 = ADVANCED_FACE('',(#1036),#1047,.F.);
#1036 = FACE_BOUND('',#1037,.F.);
#1037 = EDGE_LOOP('',(#1038,#1039,#1045,#1046));
#1038 = ORIENTED_EDGE('',*,*,#268,.F.);
#1039 = ORIENTED_EDGE('',*,*,#1040,.F.);
#1040 = EDGE_CURVE('',#494,#269,#1041,.T.);
#1041 = LINE('',#1042,#1043);
#1042 = CARTESIAN_POINT('',(2.9,-7.3,20.3));
#1043 = VECTOR('',#1044,1.);
#1044 = DIRECTION('',(0.,0.,1.));
#1045 = ORIENTED_EDGE('',*,*,#501,.T.);
#1046 = ORIENTED_EDGE('',*,*,#1025,.T.);
#1047 = PLANE('',#1048);
#1048 = AXIS2_PLACEMENT_3D('',#1049,#1050,#1051);
#1049 = CARTESIAN_POINT('',(2.9,-7.3,20.3));
#1050 = DIRECTION('',(1.,0.,0.));
#1051 = DIRECTION('',(0.,0.,1.));
#1052 = ADVANCED_FACE('',(#1053),#1064,.T.);
#1053 = FACE_BOUND('',#1054,.T.);
#1054 = EDGE_LOOP('',(#1055,#1056,#1057,#1063));
#1055 = ORIENTED_EDGE('',*,*,#1040,.F.);
#1056 = ORIENTED_EDGE('',*,*,#493,.F.);
#1057 = ORIENTED_EDGE('',*,*,#1058,.T.);
#1058 = EDGE_CURVE('',#486,#277,#1059,.T.);
#1059 = LINE('',#1060,#1061);
#1060 = CARTESIAN_POINT('',(-2.9,-7.3,20.3));
#1061 = VECTOR('',#1062,1.);
#1062 = DIRECTION('',(0.,0.,1.));
#1063 = ORIENTED_EDGE('',*,*,#276,.F.);
#1064 = PLANE('',#1065);
#1065 = AXIS2_PLACEMENT_3D('',#1066,#1067,#1068);
#1066 = CARTESIAN_POINT('',(-2.9,-7.3,20.3));
#1067 = DIRECTION('',(0.,1.,0.));
#1068 = DIRECTION('',(0.,0.,1.));
#1069 = ADVANCED_FACE('',(#1070),#1081,.T.);
#1070 = FACE_BOUND('',#1071,.T.);
#1071 = EDGE_LOOP('',(#1072,#1073,#1074,#1075));
#1072 = ORIENTED_EDGE('',*,*,#284,.F.);
#1073 = ORIENTED_EDGE('',*,*,#1058,.F.);
#1074 = ORIENTED_EDGE('',*,*,#485,.T.);
#1075 = ORIENTED_EDGE('',*,*,#1076,.T.);
#1076 = EDGE_CURVE('',#477,#285,#1077,.T.);
#1077 = LINE('',#1078,#1079);
#1078 = CARTESIAN_POINT('',(-2.9,-6.644734757686,20.3));
#1079 = VECTOR('',#1080,1.);
#1080 = DIRECTION('',(0.,0.,1.));
#1081 = PLANE('',#1082);
#1082 = AXIS2_PLACEMENT_3D('',#1083,#1084,#1085);
#1083 = CARTESIAN_POINT('',(-2.9,-7.3,20.3));
#1084 = DIRECTION('',(1.,0.,0.));
#1085 = DIRECTION('',(0.,0.,1.));
#1086 = ADVANCED_FACE('',(#1087),#1100,.F.);
#1087 = FACE_BOUND('',#1088,.F.);
#1088 = EDGE_LOOP('',(#1089,#1090,#1091,#1092,#1093,#1094));
#1089 = ORIENTED_EDGE('',*,*,#476,.T.);
#1090 = ORIENTED_EDGE('',*,*,#1076,.T.);
#1091 = ORIENTED_EDGE('',*,*,#292,.F.);
#1092 = ORIENTED_EDGE('',*,*,#301,.F.);
#1093 = ORIENTED_EDGE('',*,*,#310,.F.);
#1094 = ORIENTED_EDGE('',*,*,#1095,.F.);
#1095 = EDGE_CURVE('',#469,#311,#1096,.T.);
#1096 = LINE('',#1097,#1098);
#1097 = CARTESIAN_POINT('',(-6.644734757686,-2.9,20.3));
#1098 = VECTOR('',#1099,1.);
#1099 = DIRECTION('',(0.,0.,1.));
#1100 = CYLINDRICAL_SURFACE('',#1101,7.25);
#1101 = AXIS2_PLACEMENT_3D('',#1102,#1103,#1104);
#1102 = CARTESIAN_POINT('',(0.,0.,20.3));
#1103 = DIRECTION('',(0.,0.,1.));
#1104 = DIRECTION('',(1.,0.,0.));
#1105 = ADVANCED_FACE('',(#1106),#1117,.T.);
#1106 = FACE_BOUND('',#1107,.T.);
#1107 = EDGE_LOOP('',(#1108,#1109,#1115,#1116));
#1108 = ORIENTED_EDGE('',*,*,#468,.F.);
#1109 = ORIENTED_EDGE('',*,*,#1110,.T.);
#1110 = EDGE_CURVE('',#461,#320,#1111,.T.);
#1111 = LINE('',#1112,#1113);
#1112 = CARTESIAN_POINT('',(-14.8,-2.9,20.3));
#1113 = VECTOR('',#1114,1.);
#1114 = DIRECTION('',(0.,0.,1.));
#1115 = ORIENTED_EDGE('',*,*,#319,.F.);
#1116 = ORIENTED_EDGE('',*,*,#1095,.F.);
#1117 = PLANE('',#1118);
#1118 = AXIS2_PLACEMENT_3D('',#1119,#1120,#1121);
#1119 = CARTESIAN_POINT('',(-14.8,-2.9,20.3));
#1120 = DIRECTION('',(0.,1.,0.));
#1121 = DIRECTION('',(0.,0.,1.));
#1122 = ADVANCED_FACE('',(#1123),#1134,.T.);
#1123 = FACE_BOUND('',#1124,.T.);
#1124 = EDGE_LOOP('',(#1125,#1126,#1127,#1133));
#1125 = ORIENTED_EDGE('',*,*,#1110,.F.);
#1126 = ORIENTED_EDGE('',*,*,#460,.T.);
#1127 = ORIENTED_EDGE('',*,*,#1128,.T.);
#1128 = EDGE_CURVE('',#453,#328,#1129,.T.);
#1129 = LINE('',#1130,#1131);
#1130 = CARTESIAN_POINT('',(-14.8,2.9,20.3));
#1131 = VECTOR('',#1132,1.);
#1132 = DIRECTION('',(0.,0.,1.));
#1133 = ORIENTED_EDGE('',*,*,#327,.F.);
#1134 = PLANE('',#1135);
#1135 = AXIS2_PLACEMENT_3D('',#1136,#1137,#1138);
#1136 = CARTESIAN_POINT('',(-14.8,-2.9,20.3));
#1137 = DIRECTION('',(1.,0.,0.));
#1138 = DIRECTION('',(0.,0.,1.));
#1139 = ADVANCED_FACE('',(#1140),#1151,.F.);
#1140 = FACE_BOUND('',#1141,.F.);
#1141 = EDGE_LOOP('',(#1142,#1143,#1144,#1145));
#1142 = ORIENTED_EDGE('',*,*,#452,.F.);
#1143 = ORIENTED_EDGE('',*,*,#1128,.T.);
#1144 = ORIENTED_EDGE('',*,*,#335,.F.);
#1145 = ORIENTED_EDGE('',*,*,#1146,.F.);
#1146 = EDGE_CURVE('',#444,#336,#1147,.T.);
#1147 = LINE('',#1148,#1149);
#1148 = CARTESIAN_POINT('',(-6.644734757686,2.9,20.3));
#1149 = VECTOR('',#1150,1.);
#1150 = DIRECTION('',(0.,0.,1.));
#1151 = PLANE('',#1152);
#1152 = AXIS2_PLACEMENT_3D('',#1153,#1154,#1155);
#1153 = CARTESIAN_POINT('',(-14.8,2.9,20.3));
#1154 = DIRECTION('',(0.,1.,0.));
#1155 = DIRECTION('',(0.,0.,1.));
#1156 = ADVANCED_FACE('',(#1157),#1170,.F.);
#1157 = FACE_BOUND('',#1158,.F.);
#1158 = EDGE_LOOP('',(#1159,#1160,#1166,#1167,#1168,#1169));
#1159 = ORIENTED_EDGE('',*,*,#361,.F.);
#1160 = ORIENTED_EDGE('',*,*,#1161,.F.);
#1161 = EDGE_CURVE('',#436,#362,#1162,.T.);
#1162 = LINE('',#1163,#1164);
#1163 = CARTESIAN_POINT('',(-2.9,6.644734757686,20.3));
#1164 = VECTOR('',#1165,1.);
#1165 = DIRECTION('',(0.,0.,1.));
#1166 = ORIENTED_EDGE('',*,*,#443,.T.);
#1167 = ORIENTED_EDGE('',*,*,#1146,.T.);
#1168 = ORIENTED_EDGE('',*,*,#343,.F.);
#1169 = ORIENTED_EDGE('',*,*,#352,.F.);
#1170 = CYLINDRICAL_SURFACE('',#1171,7.25);
#1171 = AXIS2_PLACEMENT_3D('',#1172,#1173,#1174);
#1172 = CARTESIAN_POINT('',(0.,0.,20.3));
#1173 = DIRECTION('',(0.,0.,1.));
#1174 = DIRECTION('',(1.,0.,0.));
#1175 = ADVANCED_FACE('',(#1176),#1187,.T.);
#1176 = FACE_BOUND('',#1177,.T.);
#1177 = EDGE_LOOP('',(#1178,#1179,#1180,#1181));
#1178 = ORIENTED_EDGE('',*,*,#370,.F.);
#1179 = ORIENTED_EDGE('',*,*,#1161,.F.);
#1180 = ORIENTED_EDGE('',*,*,#435,.T.);
#1181 = ORIENTED_EDGE('',*,*,#1182,.T.);
#1182 = EDGE_CURVE('',#428,#371,#1183,.T.);
#1183 = LINE('',#1184,#1185);
#1184 = CARTESIAN_POINT('',(-2.9,7.3,20.3));
#1185 = VECTOR('',#1186,1.);
#1186 = DIRECTION('',(0.,0.,1.));
#1187 = PLANE('',#1188);
#1188 = AXIS2_PLACEMENT_3D('',#1189,#1190,#1191);
#1189 = CARTESIAN_POINT('',(-2.9,-7.3,20.3));
#1190 = DIRECTION('',(1.,0.,0.));
#1191 = DIRECTION('',(0.,0.,1.));
#1192 = ADVANCED_FACE('',(#1193),#1199,.F.);
#1193 = FACE_BOUND('',#1194,.F.);
#1194 = EDGE_LOOP('',(#1195,#1196,#1197,#1198));
#1195 = ORIENTED_EDGE('',*,*,#411,.F.);
#1196 = ORIENTED_EDGE('',*,*,#427,.F.);
#1197 = ORIENTED_EDGE('',*,*,#1182,.T.);
#1198 = ORIENTED_EDGE('',*,*,#378,.F.);
#1199 = PLANE('',#1200);
#1200 = AXIS2_PLACEMENT_3D('',#1201,#1202,#1203);
#1201 = CARTESIAN_POINT('',(-2.9,7.3,20.3));
#1202 = DIRECTION('',(0.,1.,0.));
#1203 = DIRECTION('',(0.,0.,1.));
#1204 = ADVANCED_FACE('',(#1205),#1224,.F.);
#1205 = FACE_BOUND('',#1206,.F.);
#1206 = EDGE_LOOP('',(#1207,#1208,#1216,#1223));
#1207 = ORIENTED_EDGE('',*,*,#542,.F.);
#1208 = ORIENTED_EDGE('',*,*,#1209,.F.);
#1209 = EDGE_CURVE('',#1210,#543,#1212,.T.);
#1210 = VERTEX_POINT('',#1211);
#1211 = CARTESIAN_POINT('',(2.5,-6.123233995737E-16,13.));
#1212 = LINE('',#1213,#1214);
#1213 = CARTESIAN_POINT('',(2.5,-6.123233995737E-16,13.));
#1214 = VECTOR('',#1215,1.);
#1215 = DIRECTION('',(0.,0.,1.));
#1216 = ORIENTED_EDGE('',*,*,#1217,.T.);
#1217 = EDGE_CURVE('',#1210,#1210,#1218,.T.);
#1218 = CIRCLE('',#1219,2.5);
#1219 = AXIS2_PLACEMENT_3D('',#1220,#1221,#1222);
#1220 = CARTESIAN_POINT('',(0.,0.,13.));
#1221 = DIRECTION('',(0.,0.,1.));
#1222 = DIRECTION('',(1.,0.,0.));
#1223 = ORIENTED_EDGE('',*,*,#1209,.T.);
#1224 = CYLINDRICAL_SURFACE('',#1225,2.5);
#1225 = AXIS2_PLACEMENT_3D('',#1226,#1227,#1228);
#1226 = CARTESIAN_POINT('',(0.,0.,13.));
#1227 = DIRECTION('',(0.,0.,1.));
#1228 = DIRECTION('',(1.,0.,0.));
#1229 = ADVANCED_FACE('',(#1230),#1284,.F.);
#1230 = FACE_BOUND('',#1231,.F.);
#1231 = EDGE_LOOP('',(#1232,#1239,#1240,#1241,#1250,#1259,#1268,#1277));
#1232 = ORIENTED_EDGE('',*,*,#1233,.T.);
#1233 = EDGE_CURVE('',#1234,#554,#1236,.T.);
#1234 = VERTEX_POINT('',#1235);
#1235 = CARTESIAN_POINT('',(5.6,-2.694222958124E-16,2.65));
#1236 = B_SPLINE_CURVE_WITH_KNOTS('',1,(#1237,#1238),.UNSPECIFIED.,.F.,
  .F.,(2,2),(2.,22.3),.PIECEWISE_BEZIER_KNOTS.);
#1237 = CARTESIAN_POINT('',(5.6,-2.694222958124E-16,0.));
#1238 = CARTESIAN_POINT('',(5.6,-2.694222958124E-16,20.3));
#1239 = ORIENTED_EDGE('',*,*,#553,.F.);
#1240 = ORIENTED_EDGE('',*,*,#1233,.F.);
#1241 = ORIENTED_EDGE('',*,*,#1242,.T.);
#1242 = EDGE_CURVE('',#1234,#1243,#1245,.T.);
#1243 = VERTEX_POINT('',#1244);
#1244 = CARTESIAN_POINT('',(4.365555555556,1.091753035882,2.65));
#1245 = CIRCLE('',#1246,1.1);
#1246 = AXIS2_PLACEMENT_3D('',#1247,#1248,#1249);
#1247 = CARTESIAN_POINT('',(4.5,0.,2.65));
#1248 = DIRECTION('',(0.,0.,1.));
#1249 = DIRECTION('',(1.,0.,0.));
#1250 = ORIENTED_EDGE('',*,*,#1251,.T.);
#1251 = EDGE_CURVE('',#1243,#1252,#1254,.T.);
#1252 = VERTEX_POINT('',#1253);
#1253 = CARTESIAN_POINT('',(3.9,0.921954445729,2.65));
#1254 = CIRCLE('',#1255,1.1);
#1255 = AXIS2_PLACEMENT_3D('',#1256,#1257,#1258);
#1256 = CARTESIAN_POINT('',(4.5,0.,2.65));
#1257 = DIRECTION('',(0.,0.,1.));
#1258 = DIRECTION('',(1.,0.,0.));
#1259 = ORIENTED_EDGE('',*,*,#1260,.T.);
#1260 = EDGE_CURVE('',#1252,#1261,#1263,.T.);
#1261 = VERTEX_POINT('',#1262);
#1262 = CARTESIAN_POINT('',(3.9,-0.921954445729,2.65));
#1263 = CIRCLE('',#1264,1.1);
#1264 = AXIS2_PLACEMENT_3D('',#1265,#1266,#1267);
#1265 = CARTESIAN_POINT('',(4.5,0.,2.65));
#1266 = DIRECTION('',(0.,0.,1.));
#1267 = DIRECTION('',(1.,0.,0.));
#1268 = ORIENTED_EDGE('',*,*,#1269,.T.);
#1269 = EDGE_CURVE('',#1261,#1270,#1272,.T.);
#1270 = VERTEX_POINT('',#1271);
#1271 = CARTESIAN_POINT('',(4.365555555556,-1.091753035882,2.65));
#1272 = CIRCLE('',#1273,1.1);
#1273 = AXIS2_PLACEMENT_3D('',#1274,#1275,#1276);
#1274 = CARTESIAN_POINT('',(4.5,0.,2.65));
#1275 = DIRECTION('',(0.,0.,1.));
#1276 = DIRECTION('',(1.,0.,0.));
#1277 = ORIENTED_EDGE('',*,*,#1278,.T.);
#1278 = EDGE_CURVE('',#1270,#1234,#1279,.T.);
#1279 = CIRCLE('',#1280,1.1);
#1280 = AXIS2_PLACEMENT_3D('',#1281,#1282,#1283);
#1281 = CARTESIAN_POINT('',(4.5,0.,2.65));
#1282 = DIRECTION('',(0.,0.,1.));
#1283 = DIRECTION('',(1.,0.,0.));
#1284 = CYLINDRICAL_SURFACE('',#1285,1.1);
#1285 = AXIS2_PLACEMENT_3D('',#1286,#1287,#1288);
#1286 = CARTESIAN_POINT('',(4.5,0.,-2.));
#1287 = DIRECTION('',(0.,0.,1.));
#1288 = DIRECTION('',(1.,0.,0.));
#1289 = ADVANCED_FACE('',(#1290),#1344,.F.);
#1290 = FACE_BOUND('',#1291,.F.);
#1291 = EDGE_LOOP('',(#1292,#1299,#1300,#1301,#1310,#1319,#1328,#1337));
#1292 = ORIENTED_EDGE('',*,*,#1293,.T.);
#1293 = EDGE_CURVE('',#1294,#565,#1296,.T.);
#1294 = VERTEX_POINT('',#1295);
#1295 = CARTESIAN_POINT('',(-3.4,-2.694222958124E-16,2.65));
#1296 = B_SPLINE_CURVE_WITH_KNOTS('',1,(#1297,#1298),.UNSPECIFIED.,.F.,
  .F.,(2,2),(2.,22.3),.PIECEWISE_BEZIER_KNOTS.);
#1297 = CARTESIAN_POINT('',(-3.4,-2.694222958124E-16,0.));
#1298 = CARTESIAN_POINT('',(-3.4,-2.694222958124E-16,20.3));
#1299 = ORIENTED_EDGE('',*,*,#564,.F.);
#1300 = ORIENTED_EDGE('',*,*,#1293,.F.);
#1301 = ORIENTED_EDGE('',*,*,#1302,.T.);
#1302 = EDGE_CURVE('',#1294,#1303,#1305,.T.);
#1303 = VERTEX_POINT('',#1304);
#1304 = CARTESIAN_POINT('',(-3.9,0.921954445729,2.65));
#1305 = CIRCLE('',#1306,1.1);
#1306 = AXIS2_PLACEMENT_3D('',#1307,#1308,#1309);
#1307 = CARTESIAN_POINT('',(-4.5,0.,2.65));
#1308 = DIRECTION('',(0.,0.,1.));
#1309 = DIRECTION('',(1.,0.,0.));
#1310 = ORIENTED_EDGE('',*,*,#1311,.T.);
#1311 = EDGE_CURVE('',#1303,#1312,#1314,.T.);
#1312 = VERTEX_POINT('',#1313);
#1313 = CARTESIAN_POINT('',(-4.365555555556,1.091753035882,2.65));
#1314 = CIRCLE('',#1315,1.1);
#1315 = AXIS2_PLACEMENT_3D('',#1316,#1317,#1318);
#1316 = CARTESIAN_POINT('',(-4.5,0.,2.65));
#1317 = DIRECTION('',(0.,0.,1.));
#1318 = DIRECTION('',(1.,0.,0.));
#1319 = ORIENTED_EDGE('',*,*,#1320,.T.);
#1320 = EDGE_CURVE('',#1312,#1321,#1323,.T.);
#1321 = VERTEX_POINT('',#1322);
#1322 = CARTESIAN_POINT('',(-4.365555555556,-1.091753035882,2.65));
#1323 = CIRCLE('',#1324,1.1);
#1324 = AXIS2_PLACEMENT_3D('',#1325,#1326,#1327);
#1325 = CARTESIAN_POINT('',(-4.5,0.,2.65));
#1326 = DIRECTION('',(0.,0.,1.));
#1327 = DIRECTION('',(1.,0.,0.));
#1328 = ORIENTED_EDGE('',*,*,#1329,.T.);
#1329 = EDGE_CURVE('',#1321,#1330,#1332,.T.);
#1330 = VERTEX_POINT('',#1331);
#1331 = CARTESIAN_POINT('',(-3.9,-0.921954445729,2.65));
#1332 = CIRCLE('',#1333,1.1);
#1333 = AXIS2_PLACEMENT_3D('',#1334,#1335,#1336);
#1334 = CARTESIAN_POINT('',(-4.5,0.,2.65));
#1335 = DIRECTION('',(0.,0.,1.));
#1336 = DIRECTION('',(1.,0.,0.));
#1337 = ORIENTED_EDGE('',*,*,#1338,.T.);
#1338 = EDGE_CURVE('',#1330,#1294,#1339,.T.);
#1339 = CIRCLE('',#1340,1.1);
#1340 = AXIS2_PLACEMENT_3D('',#1341,#1342,#1343);
#1341 = CARTESIAN_POINT('',(-4.5,0.,2.65));
#1342 = DIRECTION('',(0.,0.,1.));
#1343 = DIRECTION('',(1.,0.,0.));
#1344 = CYLINDRICAL_SURFACE('',#1345,1.1);
#1345 = AXIS2_PLACEMENT_3D('',#1346,#1347,#1348);
#1346 = CARTESIAN_POINT('',(-4.5,0.,-2.));
#1347 = DIRECTION('',(0.,0.,1.));
#1348 = DIRECTION('',(1.,0.,0.));
#1349 = ADVANCED_FACE('',(#1350,#1368),#1451,.T.);
#1350 = FACE_BOUND('',#1351,.T.);
#1351 = EDGE_LOOP('',(#1352,#1353,#1354,#1355,#1356,#1357,#1358,#1359,
    #1360,#1361,#1362,#1363,#1364,#1365,#1366,#1367));
#1352 = ORIENTED_EDGE('',*,*,#607,.F.);
#1353 = ORIENTED_EDGE('',*,*,#969,.T.);
#1354 = ORIENTED_EDGE('',*,*,#946,.F.);
#1355 = ORIENTED_EDGE('',*,*,#921,.F.);
#1356 = ORIENTED_EDGE('',*,*,#906,.F.);
#1357 = ORIENTED_EDGE('',*,*,#874,.F.);
#1358 = ORIENTED_EDGE('',*,*,#848,.F.);
#1359 = ORIENTED_EDGE('',*,*,#833,.T.);
#1360 = ORIENTED_EDGE('',*,*,#809,.F.);
#1361 = ORIENTED_EDGE('',*,*,#775,.F.);
#1362 = ORIENTED_EDGE('',*,*,#759,.T.);
#1363 = ORIENTED_EDGE('',*,*,#727,.T.);
#1364 = ORIENTED_EDGE('',*,*,#704,.F.);
#1365 = ORIENTED_EDGE('',*,*,#687,.T.);
#1366 = ORIENTED_EDGE('',*,*,#654,.T.);
#1367 = ORIENTED_EDGE('',*,*,#632,.F.);
#1368 = FACE_BOUND('',#1369,.T.);
#1369 = EDGE_LOOP('',(#1370,#1381,#1390,#1399,#1408,#1417,#1426,#1435,
    #1444));
#1370 = ORIENTED_EDGE('',*,*,#1371,.T.);
#1371 = EDGE_CURVE('',#1372,#1374,#1376,.T.);
#1372 = VERTEX_POINT('',#1373);
#1373 = CARTESIAN_POINT('',(4.737087712931,-4.,19.2));
#1374 = VERTEX_POINT('',#1375);
#1375 = CARTESIAN_POINT('',(6.2,-1.518562030943E-15,19.2));
#1376 = CIRCLE('',#1377,6.2);
#1377 = AXIS2_PLACEMENT_3D('',#1378,#1379,#1380);
#1378 = CARTESIAN_POINT('',(0.,0.,19.2));
#1379 = DIRECTION('',(0.,0.,1.));
#1380 = DIRECTION('',(1.,0.,0.));
#1381 = ORIENTED_EDGE('',*,*,#1382,.T.);
#1382 = EDGE_CURVE('',#1374,#1383,#1385,.T.);
#1383 = VERTEX_POINT('',#1384);
#1384 = CARTESIAN_POINT('',(4.737087712931,4.,19.2));
#1385 = CIRCLE('',#1386,6.2);
#1386 = AXIS2_PLACEMENT_3D('',#1387,#1388,#1389);
#1387 = CARTESIAN_POINT('',(0.,0.,19.2));
#1388 = DIRECTION('',(0.,0.,1.));
#1389 = DIRECTION('',(1.,0.,0.));
#1390 = ORIENTED_EDGE('',*,*,#1391,.T.);
#1391 = EDGE_CURVE('',#1383,#1392,#1394,.T.);
#1392 = VERTEX_POINT('',#1393);
#1393 = CARTESIAN_POINT('',(4.,4.737087712931,19.2));
#1394 = CIRCLE('',#1395,6.2);
#1395 = AXIS2_PLACEMENT_3D('',#1396,#1397,#1398);
#1396 = CARTESIAN_POINT('',(0.,0.,19.2));
#1397 = DIRECTION('',(0.,0.,1.));
#1398 = DIRECTION('',(1.,0.,0.));
#1399 = ORIENTED_EDGE('',*,*,#1400,.T.);
#1400 = EDGE_CURVE('',#1392,#1401,#1403,.T.);
#1401 = VERTEX_POINT('',#1402);
#1402 = CARTESIAN_POINT('',(-4.,4.737087712931,19.2));
#1403 = CIRCLE('',#1404,6.2);
#1404 = AXIS2_PLACEMENT_3D('',#1405,#1406,#1407);
#1405 = CARTESIAN_POINT('',(0.,0.,19.2));
#1406 = DIRECTION('',(0.,0.,1.));
#1407 = DIRECTION('',(1.,0.,0.));
#1408 = ORIENTED_EDGE('',*,*,#1409,.T.);
#1409 = EDGE_CURVE('',#1401,#1410,#1412,.T.);
#1410 = VERTEX_POINT('',#1411);
#1411 = CARTESIAN_POINT('',(-4.737087712931,4.,19.2));
#1412 = CIRCLE('',#1413,6.2);
#1413 = AXIS2_PLACEMENT_3D('',#1414,#1415,#1416);
#1414 = CARTESIAN_POINT('',(0.,0.,19.2));
#1415 = DIRECTION('',(0.,0.,1.));
#1416 = DIRECTION('',(1.,0.,0.));
#1417 = ORIENTED_EDGE('',*,*,#1418,.T.);
#1418 = EDGE_CURVE('',#1410,#1419,#1421,.T.);
#1419 = VERTEX_POINT('',#1420);
#1420 = CARTESIAN_POINT('',(-4.737087712931,-4.,19.2));
#1421 = CIRCLE('',#1422,6.2);
#1422 = AXIS2_PLACEMENT_3D('',#1423,#1424,#1425);
#1423 = CARTESIAN_POINT('',(0.,0.,19.2));
#1424 = DIRECTION('',(0.,0.,1.));
#1425 = DIRECTION('',(1.,0.,0.));
#1426 = ORIENTED_EDGE('',*,*,#1427,.T.);
#1427 = EDGE_CURVE('',#1419,#1428,#1430,.T.);
#1428 = VERTEX_POINT('',#1429);
#1429 = CARTESIAN_POINT('',(-4.,-4.737087712931,19.2));
#1430 = CIRCLE('',#1431,6.2);
#1431 = AXIS2_PLACEMENT_3D('',#1432,#1433,#1434);
#1432 = CARTESIAN_POINT('',(0.,0.,19.2));
#1433 = DIRECTION('',(0.,0.,1.));
#1434 = DIRECTION('',(1.,0.,0.));
#1435 = ORIENTED_EDGE('',*,*,#1436,.T.);
#1436 = EDGE_CURVE('',#1428,#1437,#1439,.T.);
#1437 = VERTEX_POINT('',#1438);
#1438 = CARTESIAN_POINT('',(4.,-4.737087712931,19.2));
#1439 = CIRCLE('',#1440,6.2);
#1440 = AXIS2_PLACEMENT_3D('',#1441,#1442,#1443);
#1441 = CARTESIAN_POINT('',(0.,0.,19.2));
#1442 = DIRECTION('',(0.,0.,1.));
#1443 = DIRECTION('',(1.,0.,0.));
#1444 = ORIENTED_EDGE('',*,*,#1445,.T.);
#1445 = EDGE_CURVE('',#1437,#1372,#1446,.T.);
#1446 = CIRCLE('',#1447,6.2);
#1447 = AXIS2_PLACEMENT_3D('',#1448,#1449,#1450);
#1448 = CARTESIAN_POINT('',(0.,0.,19.2));
#1449 = DIRECTION('',(0.,0.,1.));
#1450 = DIRECTION('',(1.,0.,0.));
#1451 = PLANE('',#1452);
#1452 = AXIS2_PLACEMENT_3D('',#1453,#1454,#1455);
#1453 = CARTESIAN_POINT('',(-2.733842323527E-14,-5.325666864015E-16,19.2
    ));
#1454 = DIRECTION('',(-0.,-0.,-1.));
#1455 = DIRECTION('',(-1.,0.,0.));
#1456 = ADVANCED_FACE('',(#1457,#1460),#1471,.T.);
#1457 = FACE_BOUND('',#1458,.T.);
#1458 = EDGE_LOOP('',(#1459));
#1459 = ORIENTED_EDGE('',*,*,#1217,.T.);
#1460 = FACE_BOUND('',#1461,.T.);
#1461 = EDGE_LOOP('',(#1462));
#1462 = ORIENTED_EDGE('',*,*,#1463,.F.);
#1463 = EDGE_CURVE('',#1464,#1464,#1466,.T.);
#1464 = VERTEX_POINT('',#1465);
#1465 = CARTESIAN_POINT('',(2.4,-5.9E-16,13.));
#1466 = CIRCLE('',#1467,2.4);
#1467 = AXIS2_PLACEMENT_3D('',#1468,#1469,#1470);
#1468 = CARTESIAN_POINT('',(0.,0.,13.));
#1469 = DIRECTION('',(0.,0.,1.));
#1470 = DIRECTION('',(1.,0.,0.));
#1471 = PLANE('',#1472);
#1472 = AXIS2_PLACEMENT_3D('',#1473,#1474,#1475);
#1473 = CARTESIAN_POINT('',(0.,0.,13.));
#1474 = DIRECTION('',(0.,0.,1.));
#1475 = DIRECTION('',(1.,0.,0.));
#1476 = ADVANCED_FACE('',(#1477),#1504,.T.);
#1477 = FACE_BOUND('',#1478,.T.);
#1478 = EDGE_LOOP('',(#1479,#1480,#1488,#1495,#1496,#1497,#1498,#1499,
    #1500,#1501,#1502,#1503));
#1479 = ORIENTED_EDGE('',*,*,#1382,.F.);
#1480 = ORIENTED_EDGE('',*,*,#1481,.F.);
#1481 = EDGE_CURVE('',#1482,#1374,#1484,.T.);
#1482 = VERTEX_POINT('',#1483);
#1483 = CARTESIAN_POINT('',(6.2,-1.518562030943E-15,13.5));
#1484 = LINE('',#1485,#1486);
#1485 = CARTESIAN_POINT('',(6.2,-1.518562030943E-15,13.5));
#1486 = VECTOR('',#1487,1.);
#1487 = DIRECTION('',(0.,0.,1.));
#1488 = ORIENTED_EDGE('',*,*,#1489,.T.);
#1489 = EDGE_CURVE('',#1482,#1482,#1490,.T.);
#1490 = CIRCLE('',#1491,6.2);
#1491 = AXIS2_PLACEMENT_3D('',#1492,#1493,#1494);
#1492 = CARTESIAN_POINT('',(0.,0.,13.5));
#1493 = DIRECTION('',(0.,0.,1.));
#1494 = DIRECTION('',(1.,0.,0.));
#1495 = ORIENTED_EDGE('',*,*,#1481,.T.);
#1496 = ORIENTED_EDGE('',*,*,#1371,.F.);
#1497 = ORIENTED_EDGE('',*,*,#1445,.F.);
#1498 = ORIENTED_EDGE('',*,*,#1436,.F.);
#1499 = ORIENTED_EDGE('',*,*,#1427,.F.);
#1500 = ORIENTED_EDGE('',*,*,#1418,.F.);
#1501 = ORIENTED_EDGE('',*,*,#1409,.F.);
#1502 = ORIENTED_EDGE('',*,*,#1400,.F.);
#1503 = ORIENTED_EDGE('',*,*,#1391,.F.);
#1504 = CYLINDRICAL_SURFACE('',#1505,6.2);
#1505 = AXIS2_PLACEMENT_3D('',#1506,#1507,#1508);
#1506 = CARTESIAN_POINT('',(0.,0.,13.5));
#1507 = DIRECTION('',(0.,0.,1.));
#1508 = DIRECTION('',(1.,0.,0.));
#1509 = ADVANCED_FACE('',(#1510),#1529,.F.);
#1510 = FACE_BOUND('',#1511,.F.);
#1511 = EDGE_LOOP('',(#1512,#1520,#1521,#1522));
#1512 = ORIENTED_EDGE('',*,*,#1513,.T.);
#1513 = EDGE_CURVE('',#1514,#1464,#1516,.T.);
#1514 = VERTEX_POINT('',#1515);
#1515 = CARTESIAN_POINT('',(2.4,-5.9E-16,2.65));
#1516 = LINE('',#1517,#1518);
#1517 = CARTESIAN_POINT('',(2.4,-5.9E-16,-1.));
#1518 = VECTOR('',#1519,1.);
#1519 = DIRECTION('',(0.,0.,1.));
#1520 = ORIENTED_EDGE('',*,*,#1463,.F.);
#1521 = ORIENTED_EDGE('',*,*,#1513,.F.);
#1522 = ORIENTED_EDGE('',*,*,#1523,.T.);
#1523 = EDGE_CURVE('',#1514,#1514,#1524,.T.);
#1524 = CIRCLE('',#1525,2.4);
#1525 = AXIS2_PLACEMENT_3D('',#1526,#1527,#1528);
#1526 = CARTESIAN_POINT('',(0.,0.,2.65));
#1527 = DIRECTION('',(0.,0.,1.));
#1528 = DIRECTION('',(1.,0.,0.));
#1529 = CYLINDRICAL_SURFACE('',#1530,2.4);
#1530 = AXIS2_PLACEMENT_3D('',#1531,#1532,#1533);
#1531 = CARTESIAN_POINT('',(0.,0.,-1.));
#1532 = DIRECTION('',(0.,0.,1.));
#1533 = DIRECTION('',(1.,0.,0.));
#1534 = ADVANCED_FACE('',(#1535,#1538),#1549,.F.);
#1535 = FACE_BOUND('',#1536,.F.);
#1536 = EDGE_LOOP('',(#1537));
#1537 = ORIENTED_EDGE('',*,*,#1489,.T.);
#1538 = FACE_BOUND('',#1539,.F.);
#1539 = EDGE_LOOP('',(#1540));
#1540 = ORIENTED_EDGE('',*,*,#1541,.F.);
#1541 = EDGE_CURVE('',#1542,#1542,#1544,.T.);
#1542 = VERTEX_POINT('',#1543);
#1543 = CARTESIAN_POINT('',(6.,-1.47E-15,13.5));
#1544 = CIRCLE('',#1545,6.);
#1545 = AXIS2_PLACEMENT_3D('',#1546,#1547,#1548);
#1546 = CARTESIAN_POINT('',(0.,0.,13.5));
#1547 = DIRECTION('',(0.,0.,1.));
#1548 = DIRECTION('',(1.,0.,0.));
#1549 = PLANE('',#1550);
#1550 = AXIS2_PLACEMENT_3D('',#1551,#1552,#1553);
#1551 = CARTESIAN_POINT('',(0.,0.,13.5));
#1552 = DIRECTION('',(0.,0.,1.));
#1553 = DIRECTION('',(1.,0.,0.));
#1554 = ADVANCED_FACE('',(#1555),#1589,.F.);
#1555 = FACE_BOUND('',#1556,.F.);
#1556 = EDGE_LOOP('',(#1557,#1567,#1575,#1583));
#1557 = ORIENTED_EDGE('',*,*,#1558,.F.);
#1558 = EDGE_CURVE('',#1559,#1561,#1563,.T.);
#1559 = VERTEX_POINT('',#1560);
#1560 = CARTESIAN_POINT('',(4.559605246071,3.9,0.65));
#1561 = VERTEX_POINT('',#1562);
#1562 = CARTESIAN_POINT('',(4.559605246071,3.9,2.65));
#1563 = LINE('',#1564,#1565);
#1564 = CARTESIAN_POINT('',(4.559605246071,3.9,0.));
#1565 = VECTOR('',#1566,1.);
#1566 = DIRECTION('',(0.,0.,1.));
#1567 = ORIENTED_EDGE('',*,*,#1568,.T.);
#1568 = EDGE_CURVE('',#1559,#1569,#1571,.T.);
#1569 = VERTEX_POINT('',#1570);
#1570 = CARTESIAN_POINT('',(3.9,3.9,0.65));
#1571 = LINE('',#1572,#1573);
#1572 = CARTESIAN_POINT('',(-15.6,3.9,0.65));
#1573 = VECTOR('',#1574,1.);
#1574 = DIRECTION('',(-1.,0.,0.));
#1575 = ORIENTED_EDGE('',*,*,#1576,.F.);
#1576 = EDGE_CURVE('',#1577,#1569,#1579,.T.);
#1577 = VERTEX_POINT('',#1578);
#1578 = CARTESIAN_POINT('',(3.9,3.9,2.65));
#1579 = LINE('',#1580,#1581);
#1580 = CARTESIAN_POINT('',(3.9,3.9,0.55));
#1581 = VECTOR('',#1582,1.);
#1582 = DIRECTION('',(0.,0.,-1.));
#1583 = ORIENTED_EDGE('',*,*,#1584,.T.);
#1584 = EDGE_CURVE('',#1577,#1561,#1585,.T.);
#1585 = LINE('',#1586,#1587);
#1586 = CARTESIAN_POINT('',(-15.4,3.9,2.65));
#1587 = VECTOR('',#1588,1.);
#1588 = DIRECTION('',(1.,0.,0.));
#1589 = PLANE('',#1590);
#1590 = AXIS2_PLACEMENT_3D('',#1591,#1592,#1593);
#1591 = CARTESIAN_POINT('',(-15.4,3.9,0.55));
#1592 = DIRECTION('',(0.,1.,0.));
#1593 = DIRECTION('',(0.,0.,1.));
#1594 = ADVANCED_FACE('',(#1595),#2221,.T.);
#1595 = FACE_BOUND('',#1596,.T.);
#1596 = EDGE_LOOP('',(#1597,#1607,#1616,#1622,#1623,#1624,#1633,#1641,
    #1650,#1658,#1667,#1675,#1682,#1683,#1692,#1701,#1710,#1718,#1727,
    #1735,#1744,#1752,#1761,#1769,#1778,#1786,#1795,#1803,#1812,#1820,
    #1829,#1837,#1846,#1855,#1864,#1872,#1881,#1889,#1898,#1906,#1915,
    #1923,#1932,#1940,#1949,#1957,#1966,#1974,#1983,#1991,#2000,#2009,
    #2018,#2026,#2035,#2043,#2052,#2060,#2069,#2077,#2086,#2094,#2103,
    #2111,#2120,#2128,#2137,#2145,#2154,#2163,#2172,#2180,#2189,#2197,
    #2206,#2214));
#1597 = ORIENTED_EDGE('',*,*,#1598,.T.);
#1598 = EDGE_CURVE('',#1599,#1601,#1603,.T.);
#1599 = VERTEX_POINT('',#1600);
#1600 = CARTESIAN_POINT('',(5.93633641714,-0.871728135683,2.65));
#1601 = VERTEX_POINT('',#1602);
#1602 = CARTESIAN_POINT('',(5.93633641714,-0.871728135683,10.));
#1603 = LINE('',#1604,#1605);
#1604 = CARTESIAN_POINT('',(5.93633641714,-0.871728135683,0.));
#1605 = VECTOR('',#1606,1.);
#1606 = DIRECTION('',(0.,0.,1.));
#1607 = ORIENTED_EDGE('',*,*,#1608,.T.);
#1608 = EDGE_CURVE('',#1601,#1609,#1611,.T.);
#1609 = VERTEX_POINT('',#1610);
#1610 = CARTESIAN_POINT('',(6.,-1.7763568394E-15,10.));
#1611 = CIRCLE('',#1612,6.);
#1612 = AXIS2_PLACEMENT_3D('',#1613,#1614,#1615);
#1613 = CARTESIAN_POINT('',(0.,0.,10.));
#1614 = DIRECTION('',(0.,0.,1.));
#1615 = DIRECTION('',(1.,0.,0.));
#1616 = ORIENTED_EDGE('',*,*,#1617,.T.);
#1617 = EDGE_CURVE('',#1609,#1542,#1618,.T.);
#1618 = LINE('',#1619,#1620);
#1619 = CARTESIAN_POINT('',(6.,-1.47E-15,0.));
#1620 = VECTOR('',#1621,1.);
#1621 = DIRECTION('',(0.,0.,1.));
#1622 = ORIENTED_EDGE('',*,*,#1541,.F.);
#1623 = ORIENTED_EDGE('',*,*,#1617,.F.);
#1624 = ORIENTED_EDGE('',*,*,#1625,.T.);
#1625 = EDGE_CURVE('',#1609,#1626,#1628,.T.);
#1626 = VERTEX_POINT('',#1627);
#1627 = CARTESIAN_POINT('',(5.93633641714,0.871728135683,10.));
#1628 = CIRCLE('',#1629,6.);
#1629 = AXIS2_PLACEMENT_3D('',#1630,#1631,#1632);
#1630 = CARTESIAN_POINT('',(0.,0.,10.));
#1631 = DIRECTION('',(0.,0.,1.));
#1632 = DIRECTION('',(1.,0.,0.));
#1633 = ORIENTED_EDGE('',*,*,#1634,.F.);
#1634 = EDGE_CURVE('',#1635,#1626,#1637,.T.);
#1635 = VERTEX_POINT('',#1636);
#1636 = CARTESIAN_POINT('',(5.93633641714,0.871728135683,2.65));
#1637 = LINE('',#1638,#1639);
#1638 = CARTESIAN_POINT('',(5.93633641714,0.871728135683,0.));
#1639 = VECTOR('',#1640,1.);
#1640 = DIRECTION('',(0.,0.,1.));
#1641 = ORIENTED_EDGE('',*,*,#1642,.T.);
#1642 = EDGE_CURVE('',#1635,#1643,#1645,.T.);
#1643 = VERTEX_POINT('',#1644);
#1644 = CARTESIAN_POINT('',(5.576882210495,2.213229497875,2.65));
#1645 = CIRCLE('',#1646,6.);
#1646 = AXIS2_PLACEMENT_3D('',#1647,#1648,#1649);
#1647 = CARTESIAN_POINT('',(0.,0.,2.65));
#1648 = DIRECTION('',(0.,0.,1.));
#1649 = DIRECTION('',(1.,0.,0.));
#1650 = ORIENTED_EDGE('',*,*,#1651,.T.);
#1651 = EDGE_CURVE('',#1643,#1652,#1654,.T.);
#1652 = VERTEX_POINT('',#1653);
#1653 = CARTESIAN_POINT('',(5.576882210495,2.213229497875,10.));
#1654 = LINE('',#1655,#1656);
#1655 = CARTESIAN_POINT('',(5.576882210495,2.213229497875,0.));
#1656 = VECTOR('',#1657,1.);
#1657 = DIRECTION('',(0.,0.,1.));
#1658 = ORIENTED_EDGE('',*,*,#1659,.T.);
#1659 = EDGE_CURVE('',#1652,#1660,#1662,.T.);
#1660 = VERTEX_POINT('',#1661);
#1661 = CARTESIAN_POINT('',(4.705154074812,3.723106919265,10.));
#1662 = CIRCLE('',#1663,6.);
#1663 = AXIS2_PLACEMENT_3D('',#1664,#1665,#1666);
#1664 = CARTESIAN_POINT('',(0.,0.,10.));
#1665 = DIRECTION('',(0.,0.,1.));
#1666 = DIRECTION('',(1.,0.,0.));
#1667 = ORIENTED_EDGE('',*,*,#1668,.F.);
#1668 = EDGE_CURVE('',#1669,#1660,#1671,.T.);
#1669 = VERTEX_POINT('',#1670);
#1670 = CARTESIAN_POINT('',(4.705154074812,3.723106919265,2.65));
#1671 = LINE('',#1672,#1673);
#1672 = CARTESIAN_POINT('',(4.705154074812,3.723106919265,0.));
#1673 = VECTOR('',#1674,1.);
#1674 = DIRECTION('',(0.,0.,1.));
#1675 = ORIENTED_EDGE('',*,*,#1676,.T.);
#1676 = EDGE_CURVE('',#1669,#1561,#1677,.T.);
#1677 = CIRCLE('',#1678,6.);
#1678 = AXIS2_PLACEMENT_3D('',#1679,#1680,#1681);
#1679 = CARTESIAN_POINT('',(0.,0.,2.65));
#1680 = DIRECTION('',(0.,0.,1.));
#1681 = DIRECTION('',(1.,0.,0.));
#1682 = ORIENTED_EDGE('',*,*,#1558,.F.);
#1683 = ORIENTED_EDGE('',*,*,#1684,.T.);
#1684 = EDGE_CURVE('',#1559,#1685,#1687,.T.);
#1685 = VERTEX_POINT('',#1686);
#1686 = CARTESIAN_POINT('',(4.3,4.184495190582,0.65));
#1687 = CIRCLE('',#1688,6.);
#1688 = AXIS2_PLACEMENT_3D('',#1689,#1690,#1691);
#1689 = CARTESIAN_POINT('',(0.,0.,0.65));
#1690 = DIRECTION('',(0.,0.,1.));
#1691 = DIRECTION('',(1.,0.,0.));
#1692 = ORIENTED_EDGE('',*,*,#1693,.T.);
#1693 = EDGE_CURVE('',#1685,#1694,#1696,.T.);
#1694 = VERTEX_POINT('',#1695);
#1695 = CARTESIAN_POINT('',(4.184495190582,4.3,0.65));
#1696 = CIRCLE('',#1697,6.);
#1697 = AXIS2_PLACEMENT_3D('',#1698,#1699,#1700);
#1698 = CARTESIAN_POINT('',(0.,0.,0.65));
#1699 = DIRECTION('',(0.,0.,1.));
#1700 = DIRECTION('',(1.,0.,0.));
#1701 = ORIENTED_EDGE('',*,*,#1702,.T.);
#1702 = EDGE_CURVE('',#1694,#1703,#1705,.T.);
#1703 = VERTEX_POINT('',#1704);
#1704 = CARTESIAN_POINT('',(3.9,4.559605246071,0.65));
#1705 = CIRCLE('',#1706,6.);
#1706 = AXIS2_PLACEMENT_3D('',#1707,#1708,#1709);
#1707 = CARTESIAN_POINT('',(0.,0.,0.65));
#1708 = DIRECTION('',(0.,0.,1.));
#1709 = DIRECTION('',(1.,0.,0.));
#1710 = ORIENTED_EDGE('',*,*,#1711,.T.);
#1711 = EDGE_CURVE('',#1703,#1712,#1714,.T.);
#1712 = VERTEX_POINT('',#1713);
#1713 = CARTESIAN_POINT('',(3.9,4.559605246071,2.65));
#1714 = LINE('',#1715,#1716);
#1715 = CARTESIAN_POINT('',(3.9,4.559605246071,0.));
#1716 = VECTOR('',#1717,1.);
#1717 = DIRECTION('',(0.,0.,1.));
#1718 = ORIENTED_EDGE('',*,*,#1719,.T.);
#1719 = EDGE_CURVE('',#1712,#1720,#1722,.T.);
#1720 = VERTEX_POINT('',#1721);
#1721 = CARTESIAN_POINT('',(3.723106919265,4.705154074812,2.65));
#1722 = CIRCLE('',#1723,6.);
#1723 = AXIS2_PLACEMENT_3D('',#1724,#1725,#1726);
#1724 = CARTESIAN_POINT('',(0.,0.,2.65));
#1725 = DIRECTION('',(0.,0.,1.));
#1726 = DIRECTION('',(1.,0.,0.));
#1727 = ORIENTED_EDGE('',*,*,#1728,.T.);
#1728 = EDGE_CURVE('',#1720,#1729,#1731,.T.);
#1729 = VERTEX_POINT('',#1730);
#1730 = CARTESIAN_POINT('',(3.723106919265,4.705154074812,10.));
#1731 = LINE('',#1732,#1733);
#1732 = CARTESIAN_POINT('',(3.723106919265,4.705154074812,0.));
#1733 = VECTOR('',#1734,1.);
#1734 = DIRECTION('',(0.,0.,1.));
#1735 = ORIENTED_EDGE('',*,*,#1736,.T.);
#1736 = EDGE_CURVE('',#1729,#1737,#1739,.T.);
#1737 = VERTEX_POINT('',#1738);
#1738 = CARTESIAN_POINT('',(2.213229497875,5.576882210495,10.));
#1739 = CIRCLE('',#1740,6.);
#1740 = AXIS2_PLACEMENT_3D('',#1741,#1742,#1743);
#1741 = CARTESIAN_POINT('',(0.,0.,10.));
#1742 = DIRECTION('',(0.,0.,1.));
#1743 = DIRECTION('',(1.,0.,0.));
#1744 = ORIENTED_EDGE('',*,*,#1745,.F.);
#1745 = EDGE_CURVE('',#1746,#1737,#1748,.T.);
#1746 = VERTEX_POINT('',#1747);
#1747 = CARTESIAN_POINT('',(2.213229497875,5.576882210495,2.65));
#1748 = LINE('',#1749,#1750);
#1749 = CARTESIAN_POINT('',(2.213229497875,5.576882210495,0.));
#1750 = VECTOR('',#1751,1.);
#1751 = DIRECTION('',(0.,0.,1.));
#1752 = ORIENTED_EDGE('',*,*,#1753,.T.);
#1753 = EDGE_CURVE('',#1746,#1754,#1756,.T.);
#1754 = VERTEX_POINT('',#1755);
#1755 = CARTESIAN_POINT('',(0.871728135683,5.93633641714,2.65));
#1756 = CIRCLE('',#1757,6.);
#1757 = AXIS2_PLACEMENT_3D('',#1758,#1759,#1760);
#1758 = CARTESIAN_POINT('',(0.,0.,2.65));
#1759 = DIRECTION('',(0.,0.,1.));
#1760 = DIRECTION('',(1.,0.,0.));
#1761 = ORIENTED_EDGE('',*,*,#1762,.T.);
#1762 = EDGE_CURVE('',#1754,#1763,#1765,.T.);
#1763 = VERTEX_POINT('',#1764);
#1764 = CARTESIAN_POINT('',(0.871728135683,5.93633641714,10.));
#1765 = LINE('',#1766,#1767);
#1766 = CARTESIAN_POINT('',(0.871728135683,5.93633641714,0.));
#1767 = VECTOR('',#1768,1.);
#1768 = DIRECTION('',(0.,0.,1.));
#1769 = ORIENTED_EDGE('',*,*,#1770,.T.);
#1770 = EDGE_CURVE('',#1763,#1771,#1773,.T.);
#1771 = VERTEX_POINT('',#1772);
#1772 = CARTESIAN_POINT('',(-0.871728135683,5.93633641714,10.));
#1773 = CIRCLE('',#1774,6.);
#1774 = AXIS2_PLACEMENT_3D('',#1775,#1776,#1777);
#1775 = CARTESIAN_POINT('',(0.,0.,10.));
#1776 = DIRECTION('',(0.,0.,1.));
#1777 = DIRECTION('',(1.,0.,0.));
#1778 = ORIENTED_EDGE('',*,*,#1779,.F.);
#1779 = EDGE_CURVE('',#1780,#1771,#1782,.T.);
#1780 = VERTEX_POINT('',#1781);
#1781 = CARTESIAN_POINT('',(-0.871728135683,5.93633641714,2.65));
#1782 = LINE('',#1783,#1784);
#1783 = CARTESIAN_POINT('',(-0.871728135683,5.93633641714,0.));
#1784 = VECTOR('',#1785,1.);
#1785 = DIRECTION('',(0.,0.,1.));
#1786 = ORIENTED_EDGE('',*,*,#1787,.T.);
#1787 = EDGE_CURVE('',#1780,#1788,#1790,.T.);
#1788 = VERTEX_POINT('',#1789);
#1789 = CARTESIAN_POINT('',(-2.213229497875,5.576882210495,2.65));
#1790 = CIRCLE('',#1791,6.);
#1791 = AXIS2_PLACEMENT_3D('',#1792,#1793,#1794);
#1792 = CARTESIAN_POINT('',(0.,0.,2.65));
#1793 = DIRECTION('',(0.,0.,1.));
#1794 = DIRECTION('',(1.,0.,0.));
#1795 = ORIENTED_EDGE('',*,*,#1796,.T.);
#1796 = EDGE_CURVE('',#1788,#1797,#1799,.T.);
#1797 = VERTEX_POINT('',#1798);
#1798 = CARTESIAN_POINT('',(-2.213229497875,5.576882210495,10.));
#1799 = LINE('',#1800,#1801);
#1800 = CARTESIAN_POINT('',(-2.213229497875,5.576882210495,0.));
#1801 = VECTOR('',#1802,1.);
#1802 = DIRECTION('',(0.,0.,1.));
#1803 = ORIENTED_EDGE('',*,*,#1804,.T.);
#1804 = EDGE_CURVE('',#1797,#1805,#1807,.T.);
#1805 = VERTEX_POINT('',#1806);
#1806 = CARTESIAN_POINT('',(-3.723106919265,4.705154074812,10.));
#1807 = CIRCLE('',#1808,6.);
#1808 = AXIS2_PLACEMENT_3D('',#1809,#1810,#1811);
#1809 = CARTESIAN_POINT('',(0.,0.,10.));
#1810 = DIRECTION('',(0.,0.,1.));
#1811 = DIRECTION('',(1.,0.,0.));
#1812 = ORIENTED_EDGE('',*,*,#1813,.F.);
#1813 = EDGE_CURVE('',#1814,#1805,#1816,.T.);
#1814 = VERTEX_POINT('',#1815);
#1815 = CARTESIAN_POINT('',(-3.723106919265,4.705154074812,2.65));
#1816 = LINE('',#1817,#1818);
#1817 = CARTESIAN_POINT('',(-3.723106919265,4.705154074812,0.));
#1818 = VECTOR('',#1819,1.);
#1819 = DIRECTION('',(0.,0.,1.));
#1820 = ORIENTED_EDGE('',*,*,#1821,.T.);
#1821 = EDGE_CURVE('',#1814,#1822,#1824,.T.);
#1822 = VERTEX_POINT('',#1823);
#1823 = CARTESIAN_POINT('',(-3.9,4.559605246071,2.65));
#1824 = CIRCLE('',#1825,6.);
#1825 = AXIS2_PLACEMENT_3D('',#1826,#1827,#1828);
#1826 = CARTESIAN_POINT('',(0.,0.,2.65));
#1827 = DIRECTION('',(0.,0.,1.));
#1828 = DIRECTION('',(1.,0.,0.));
#1829 = ORIENTED_EDGE('',*,*,#1830,.F.);
#1830 = EDGE_CURVE('',#1831,#1822,#1833,.T.);
#1831 = VERTEX_POINT('',#1832);
#1832 = CARTESIAN_POINT('',(-3.9,4.559605246071,0.65));
#1833 = LINE('',#1834,#1835);
#1834 = CARTESIAN_POINT('',(-3.9,4.559605246071,0.));
#1835 = VECTOR('',#1836,1.);
#1836 = DIRECTION('',(0.,0.,1.));
#1837 = ORIENTED_EDGE('',*,*,#1838,.T.);
#1838 = EDGE_CURVE('',#1831,#1839,#1841,.T.);
#1839 = VERTEX_POINT('',#1840);
#1840 = CARTESIAN_POINT('',(-4.184495190582,4.3,0.65));
#1841 = CIRCLE('',#1842,6.);
#1842 = AXIS2_PLACEMENT_3D('',#1843,#1844,#1845);
#1843 = CARTESIAN_POINT('',(0.,0.,0.65));
#1844 = DIRECTION('',(0.,0.,1.));
#1845 = DIRECTION('',(1.,0.,0.));
#1846 = ORIENTED_EDGE('',*,*,#1847,.T.);
#1847 = EDGE_CURVE('',#1839,#1848,#1850,.T.);
#1848 = VERTEX_POINT('',#1849);
#1849 = CARTESIAN_POINT('',(-4.3,4.184495190582,0.65));
#1850 = CIRCLE('',#1851,6.);
#1851 = AXIS2_PLACEMENT_3D('',#1852,#1853,#1854);
#1852 = CARTESIAN_POINT('',(0.,0.,0.65));
#1853 = DIRECTION('',(0.,0.,1.));
#1854 = DIRECTION('',(1.,0.,0.));
#1855 = ORIENTED_EDGE('',*,*,#1856,.T.);
#1856 = EDGE_CURVE('',#1848,#1857,#1859,.T.);
#1857 = VERTEX_POINT('',#1858);
#1858 = CARTESIAN_POINT('',(-4.559605246071,3.9,0.65));
#1859 = CIRCLE('',#1860,6.);
#1860 = AXIS2_PLACEMENT_3D('',#1861,#1862,#1863);
#1861 = CARTESIAN_POINT('',(0.,0.,0.65));
#1862 = DIRECTION('',(0.,0.,1.));
#1863 = DIRECTION('',(1.,0.,0.));
#1864 = ORIENTED_EDGE('',*,*,#1865,.T.);
#1865 = EDGE_CURVE('',#1857,#1866,#1868,.T.);
#1866 = VERTEX_POINT('',#1867);
#1867 = CARTESIAN_POINT('',(-4.559605246071,3.9,2.65));
#1868 = LINE('',#1869,#1870);
#1869 = CARTESIAN_POINT('',(-4.559605246071,3.9,0.));
#1870 = VECTOR('',#1871,1.);
#1871 = DIRECTION('',(0.,0.,1.));
#1872 = ORIENTED_EDGE('',*,*,#1873,.T.);
#1873 = EDGE_CURVE('',#1866,#1874,#1876,.T.);
#1874 = VERTEX_POINT('',#1875);
#1875 = CARTESIAN_POINT('',(-4.705154074812,3.723106919265,2.65));
#1876 = CIRCLE('',#1877,6.);
#1877 = AXIS2_PLACEMENT_3D('',#1878,#1879,#1880);
#1878 = CARTESIAN_POINT('',(0.,0.,2.65));
#1879 = DIRECTION('',(0.,0.,1.));
#1880 = DIRECTION('',(1.,0.,0.));
#1881 = ORIENTED_EDGE('',*,*,#1882,.T.);
#1882 = EDGE_CURVE('',#1874,#1883,#1885,.T.);
#1883 = VERTEX_POINT('',#1884);
#1884 = CARTESIAN_POINT('',(-4.705154074812,3.723106919265,10.));
#1885 = LINE('',#1886,#1887);
#1886 = CARTESIAN_POINT('',(-4.705154074812,3.723106919265,0.));
#1887 = VECTOR('',#1888,1.);
#1888 = DIRECTION('',(0.,0.,1.));
#1889 = ORIENTED_EDGE('',*,*,#1890,.T.);
#1890 = EDGE_CURVE('',#1883,#1891,#1893,.T.);
#1891 = VERTEX_POINT('',#1892);
#1892 = CARTESIAN_POINT('',(-5.576882210495,2.213229497875,10.));
#1893 = CIRCLE('',#1894,6.);
#1894 = AXIS2_PLACEMENT_3D('',#1895,#1896,#1897);
#1895 = CARTESIAN_POINT('',(0.,0.,10.));
#1896 = DIRECTION('',(0.,0.,1.));
#1897 = DIRECTION('',(1.,0.,0.));
#1898 = ORIENTED_EDGE('',*,*,#1899,.F.);
#1899 = EDGE_CURVE('',#1900,#1891,#1902,.T.);
#1900 = VERTEX_POINT('',#1901);
#1901 = CARTESIAN_POINT('',(-5.576882210495,2.213229497875,2.65));
#1902 = LINE('',#1903,#1904);
#1903 = CARTESIAN_POINT('',(-5.576882210495,2.213229497875,0.));
#1904 = VECTOR('',#1905,1.);
#1905 = DIRECTION('',(0.,0.,1.));
#1906 = ORIENTED_EDGE('',*,*,#1907,.T.);
#1907 = EDGE_CURVE('',#1900,#1908,#1910,.T.);
#1908 = VERTEX_POINT('',#1909);
#1909 = CARTESIAN_POINT('',(-5.93633641714,0.871728135683,2.65));
#1910 = CIRCLE('',#1911,6.);
#1911 = AXIS2_PLACEMENT_3D('',#1912,#1913,#1914);
#1912 = CARTESIAN_POINT('',(0.,0.,2.65));
#1913 = DIRECTION('',(0.,0.,1.));
#1914 = DIRECTION('',(1.,0.,0.));
#1915 = ORIENTED_EDGE('',*,*,#1916,.T.);
#1916 = EDGE_CURVE('',#1908,#1917,#1919,.T.);
#1917 = VERTEX_POINT('',#1918);
#1918 = CARTESIAN_POINT('',(-5.93633641714,0.871728135683,10.));
#1919 = LINE('',#1920,#1921);
#1920 = CARTESIAN_POINT('',(-5.93633641714,0.871728135683,0.));
#1921 = VECTOR('',#1922,1.);
#1922 = DIRECTION('',(0.,0.,1.));
#1923 = ORIENTED_EDGE('',*,*,#1924,.T.);
#1924 = EDGE_CURVE('',#1917,#1925,#1927,.T.);
#1925 = VERTEX_POINT('',#1926);
#1926 = CARTESIAN_POINT('',(-5.93633641714,-0.871728135683,10.));
#1927 = CIRCLE('',#1928,6.);
#1928 = AXIS2_PLACEMENT_3D('',#1929,#1930,#1931);
#1929 = CARTESIAN_POINT('',(0.,0.,10.));
#1930 = DIRECTION('',(0.,0.,1.));
#1931 = DIRECTION('',(1.,0.,0.));
#1932 = ORIENTED_EDGE('',*,*,#1933,.F.);
#1933 = EDGE_CURVE('',#1934,#1925,#1936,.T.);
#1934 = VERTEX_POINT('',#1935);
#1935 = CARTESIAN_POINT('',(-5.93633641714,-0.871728135683,2.65));
#1936 = LINE('',#1937,#1938);
#1937 = CARTESIAN_POINT('',(-5.93633641714,-0.871728135683,0.));
#1938 = VECTOR('',#1939,1.);
#1939 = DIRECTION('',(0.,0.,1.));
#1940 = ORIENTED_EDGE('',*,*,#1941,.T.);
#1941 = EDGE_CURVE('',#1934,#1942,#1944,.T.);
#1942 = VERTEX_POINT('',#1943);
#1943 = CARTESIAN_POINT('',(-5.576882210495,-2.213229497875,2.65));
#1944 = CIRCLE('',#1945,6.);
#1945 = AXIS2_PLACEMENT_3D('',#1946,#1947,#1948);
#1946 = CARTESIAN_POINT('',(0.,0.,2.65));
#1947 = DIRECTION('',(0.,0.,1.));
#1948 = DIRECTION('',(1.,0.,0.));
#1949 = ORIENTED_EDGE('',*,*,#1950,.T.);
#1950 = EDGE_CURVE('',#1942,#1951,#1953,.T.);
#1951 = VERTEX_POINT('',#1952);
#1952 = CARTESIAN_POINT('',(-5.576882210495,-2.213229497875,10.));
#1953 = LINE('',#1954,#1955);
#1954 = CARTESIAN_POINT('',(-5.576882210495,-2.213229497875,0.));
#1955 = VECTOR('',#1956,1.);
#1956 = DIRECTION('',(0.,0.,1.));
#1957 = ORIENTED_EDGE('',*,*,#1958,.T.);
#1958 = EDGE_CURVE('',#1951,#1959,#1961,.T.);
#1959 = VERTEX_POINT('',#1960);
#1960 = CARTESIAN_POINT('',(-4.705154074812,-3.723106919265,10.));
#1961 = CIRCLE('',#1962,6.);
#1962 = AXIS2_PLACEMENT_3D('',#1963,#1964,#1965);
#1963 = CARTESIAN_POINT('',(0.,0.,10.));
#1964 = DIRECTION('',(0.,0.,1.));
#1965 = DIRECTION('',(1.,0.,0.));
#1966 = ORIENTED_EDGE('',*,*,#1967,.F.);
#1967 = EDGE_CURVE('',#1968,#1959,#1970,.T.);
#1968 = VERTEX_POINT('',#1969);
#1969 = CARTESIAN_POINT('',(-4.705154074812,-3.723106919265,2.65));
#1970 = LINE('',#1971,#1972);
#1971 = CARTESIAN_POINT('',(-4.705154074812,-3.723106919265,0.));
#1972 = VECTOR('',#1973,1.);
#1973 = DIRECTION('',(0.,0.,1.));
#1974 = ORIENTED_EDGE('',*,*,#1975,.T.);
#1975 = EDGE_CURVE('',#1968,#1976,#1978,.T.);
#1976 = VERTEX_POINT('',#1977);
#1977 = CARTESIAN_POINT('',(-4.559605246071,-3.9,2.65));
#1978 = CIRCLE('',#1979,6.);
#1979 = AXIS2_PLACEMENT_3D('',#1980,#1981,#1982);
#1980 = CARTESIAN_POINT('',(0.,0.,2.65));
#1981 = DIRECTION('',(0.,0.,1.));
#1982 = DIRECTION('',(1.,0.,0.));
#1983 = ORIENTED_EDGE('',*,*,#1984,.F.);
#1984 = EDGE_CURVE('',#1985,#1976,#1987,.T.);
#1985 = VERTEX_POINT('',#1986);
#1986 = CARTESIAN_POINT('',(-4.559605246071,-3.9,0.65));
#1987 = LINE('',#1988,#1989);
#1988 = CARTESIAN_POINT('',(-4.559605246071,-3.9,0.));
#1989 = VECTOR('',#1990,1.);
#1990 = DIRECTION('',(0.,0.,1.));
#1991 = ORIENTED_EDGE('',*,*,#1992,.T.);
#1992 = EDGE_CURVE('',#1985,#1993,#1995,.T.);
#1993 = VERTEX_POINT('',#1994);
#1994 = CARTESIAN_POINT('',(-4.3,-4.184495190582,0.65));
#1995 = CIRCLE('',#1996,6.);
#1996 = AXIS2_PLACEMENT_3D('',#1997,#1998,#1999);
#1997 = CARTESIAN_POINT('',(0.,0.,0.65));
#1998 = DIRECTION('',(0.,0.,1.));
#1999 = DIRECTION('',(1.,0.,0.));
#2000 = ORIENTED_EDGE('',*,*,#2001,.T.);
#2001 = EDGE_CURVE('',#1993,#2002,#2004,.T.);
#2002 = VERTEX_POINT('',#2003);
#2003 = CARTESIAN_POINT('',(-4.184495190582,-4.3,0.65));
#2004 = CIRCLE('',#2005,6.);
#2005 = AXIS2_PLACEMENT_3D('',#2006,#2007,#2008);
#2006 = CARTESIAN_POINT('',(0.,0.,0.65));
#2007 = DIRECTION('',(0.,0.,1.));
#2008 = DIRECTION('',(1.,0.,0.));
#2009 = ORIENTED_EDGE('',*,*,#2010,.T.);
#2010 = EDGE_CURVE('',#2002,#2011,#2013,.T.);
#2011 = VERTEX_POINT('',#2012);
#2012 = CARTESIAN_POINT('',(-3.9,-4.559605246071,0.65));
#2013 = CIRCLE('',#2014,6.);
#2014 = AXIS2_PLACEMENT_3D('',#2015,#2016,#2017);
#2015 = CARTESIAN_POINT('',(0.,0.,0.65));
#2016 = DIRECTION('',(0.,0.,1.));
#2017 = DIRECTION('',(1.,0.,0.));
#2018 = ORIENTED_EDGE('',*,*,#2019,.T.);
#2019 = EDGE_CURVE('',#2011,#2020,#2022,.T.);
#2020 = VERTEX_POINT('',#2021);
#2021 = CARTESIAN_POINT('',(-3.9,-4.559605246071,2.65));
#2022 = LINE('',#2023,#2024);
#2023 = CARTESIAN_POINT('',(-3.9,-4.559605246071,0.));
#2024 = VECTOR('',#2025,1.);
#2025 = DIRECTION('',(0.,0.,1.));
#2026 = ORIENTED_EDGE('',*,*,#2027,.T.);
#2027 = EDGE_CURVE('',#2020,#2028,#2030,.T.);
#2028 = VERTEX_POINT('',#2029);
#2029 = CARTESIAN_POINT('',(-3.723106919265,-4.705154074812,2.65));
#2030 = CIRCLE('',#2031,6.);
#2031 = AXIS2_PLACEMENT_3D('',#2032,#2033,#2034);
#2032 = CARTESIAN_POINT('',(0.,0.,2.65));
#2033 = DIRECTION('',(0.,0.,1.));
#2034 = DIRECTION('',(1.,0.,0.));
#2035 = ORIENTED_EDGE('',*,*,#2036,.T.);
#2036 = EDGE_CURVE('',#2028,#2037,#2039,.T.);
#2037 = VERTEX_POINT('',#2038);
#2038 = CARTESIAN_POINT('',(-3.723106919265,-4.705154074812,10.));
#2039 = LINE('',#2040,#2041);
#2040 = CARTESIAN_POINT('',(-3.723106919265,-4.705154074812,0.));
#2041 = VECTOR('',#2042,1.);
#2042 = DIRECTION('',(0.,0.,1.));
#2043 = ORIENTED_EDGE('',*,*,#2044,.T.);
#2044 = EDGE_CURVE('',#2037,#2045,#2047,.T.);
#2045 = VERTEX_POINT('',#2046);
#2046 = CARTESIAN_POINT('',(-2.213229497875,-5.576882210495,10.));
#2047 = CIRCLE('',#2048,6.);
#2048 = AXIS2_PLACEMENT_3D('',#2049,#2050,#2051);
#2049 = CARTESIAN_POINT('',(0.,0.,10.));
#2050 = DIRECTION('',(0.,0.,1.));
#2051 = DIRECTION('',(1.,0.,0.));
#2052 = ORIENTED_EDGE('',*,*,#2053,.F.);
#2053 = EDGE_CURVE('',#2054,#2045,#2056,.T.);
#2054 = VERTEX_POINT('',#2055);
#2055 = CARTESIAN_POINT('',(-2.213229497875,-5.576882210495,2.65));
#2056 = LINE('',#2057,#2058);
#2057 = CARTESIAN_POINT('',(-2.213229497875,-5.576882210495,0.));
#2058 = VECTOR('',#2059,1.);
#2059 = DIRECTION('',(0.,0.,1.));
#2060 = ORIENTED_EDGE('',*,*,#2061,.T.);
#2061 = EDGE_CURVE('',#2054,#2062,#2064,.T.);
#2062 = VERTEX_POINT('',#2063);
#2063 = CARTESIAN_POINT('',(-0.871728135683,-5.93633641714,2.65));
#2064 = CIRCLE('',#2065,6.);
#2065 = AXIS2_PLACEMENT_3D('',#2066,#2067,#2068);
#2066 = CARTESIAN_POINT('',(0.,0.,2.65));
#2067 = DIRECTION('',(0.,0.,1.));
#2068 = DIRECTION('',(1.,0.,0.));
#2069 = ORIENTED_EDGE('',*,*,#2070,.T.);
#2070 = EDGE_CURVE('',#2062,#2071,#2073,.T.);
#2071 = VERTEX_POINT('',#2072);
#2072 = CARTESIAN_POINT('',(-0.871728135683,-5.93633641714,10.));
#2073 = LINE('',#2074,#2075);
#2074 = CARTESIAN_POINT('',(-0.871728135683,-5.93633641714,0.));
#2075 = VECTOR('',#2076,1.);
#2076 = DIRECTION('',(0.,0.,1.));
#2077 = ORIENTED_EDGE('',*,*,#2078,.T.);
#2078 = EDGE_CURVE('',#2071,#2079,#2081,.T.);
#2079 = VERTEX_POINT('',#2080);
#2080 = CARTESIAN_POINT('',(0.871728135683,-5.93633641714,10.));
#2081 = CIRCLE('',#2082,6.);
#2082 = AXIS2_PLACEMENT_3D('',#2083,#2084,#2085);
#2083 = CARTESIAN_POINT('',(0.,0.,10.));
#2084 = DIRECTION('',(0.,0.,1.));
#2085 = DIRECTION('',(1.,0.,0.));
#2086 = ORIENTED_EDGE('',*,*,#2087,.F.);
#2087 = EDGE_CURVE('',#2088,#2079,#2090,.T.);
#2088 = VERTEX_POINT('',#2089);
#2089 = CARTESIAN_POINT('',(0.871728135683,-5.93633641714,2.65));
#2090 = LINE('',#2091,#2092);
#2091 = CARTESIAN_POINT('',(0.871728135683,-5.93633641714,0.));
#2092 = VECTOR('',#2093,1.);
#2093 = DIRECTION('',(0.,0.,1.));
#2094 = ORIENTED_EDGE('',*,*,#2095,.T.);
#2095 = EDGE_CURVE('',#2088,#2096,#2098,.T.);
#2096 = VERTEX_POINT('',#2097);
#2097 = CARTESIAN_POINT('',(2.213229497875,-5.576882210495,2.65));
#2098 = CIRCLE('',#2099,6.);
#2099 = AXIS2_PLACEMENT_3D('',#2100,#2101,#2102);
#2100 = CARTESIAN_POINT('',(0.,0.,2.65));
#2101 = DIRECTION('',(0.,0.,1.));
#2102 = DIRECTION('',(1.,0.,0.));
#2103 = ORIENTED_EDGE('',*,*,#2104,.T.);
#2104 = EDGE_CURVE('',#2096,#2105,#2107,.T.);
#2105 = VERTEX_POINT('',#2106);
#2106 = CARTESIAN_POINT('',(2.213229497875,-5.576882210495,10.));
#2107 = LINE('',#2108,#2109);
#2108 = CARTESIAN_POINT('',(2.213229497875,-5.576882210495,0.));
#2109 = VECTOR('',#2110,1.);
#2110 = DIRECTION('',(0.,0.,1.));
#2111 = ORIENTED_EDGE('',*,*,#2112,.T.);
#2112 = EDGE_CURVE('',#2105,#2113,#2115,.T.);
#2113 = VERTEX_POINT('',#2114);
#2114 = CARTESIAN_POINT('',(3.723106919265,-4.705154074812,10.));
#2115 = CIRCLE('',#2116,6.);
#2116 = AXIS2_PLACEMENT_3D('',#2117,#2118,#2119);
#2117 = CARTESIAN_POINT('',(0.,0.,10.));
#2118 = DIRECTION('',(0.,0.,1.));
#2119 = DIRECTION('',(1.,0.,0.));
#2120 = ORIENTED_EDGE('',*,*,#2121,.F.);
#2121 = EDGE_CURVE('',#2122,#2113,#2124,.T.);
#2122 = VERTEX_POINT('',#2123);
#2123 = CARTESIAN_POINT('',(3.723106919265,-4.705154074812,2.65));
#2124 = LINE('',#2125,#2126);
#2125 = CARTESIAN_POINT('',(3.723106919265,-4.705154074812,0.));
#2126 = VECTOR('',#2127,1.);
#2127 = DIRECTION('',(0.,0.,1.));
#2128 = ORIENTED_EDGE('',*,*,#2129,.T.);
#2129 = EDGE_CURVE('',#2122,#2130,#2132,.T.);
#2130 = VERTEX_POINT('',#2131);
#2131 = CARTESIAN_POINT('',(3.9,-4.559605246071,2.65));
#2132 = CIRCLE('',#2133,6.);
#2133 = AXIS2_PLACEMENT_3D('',#2134,#2135,#2136);
#2134 = CARTESIAN_POINT('',(0.,0.,2.65));
#2135 = DIRECTION('',(0.,0.,1.));
#2136 = DIRECTION('',(1.,0.,0.));
#2137 = ORIENTED_EDGE('',*,*,#2138,.F.);
#2138 = EDGE_CURVE('',#2139,#2130,#2141,.T.);
#2139 = VERTEX_POINT('',#2140);
#2140 = CARTESIAN_POINT('',(3.9,-4.559605246071,0.65));
#2141 = LINE('',#2142,#2143);
#2142 = CARTESIAN_POINT('',(3.9,-4.559605246071,0.));
#2143 = VECTOR('',#2144,1.);
#2144 = DIRECTION('',(0.,0.,1.));
#2145 = ORIENTED_EDGE('',*,*,#2146,.T.);
#2146 = EDGE_CURVE('',#2139,#2147,#2149,.T.);
#2147 = VERTEX_POINT('',#2148);
#2148 = CARTESIAN_POINT('',(4.184495190582,-4.3,0.65));
#2149 = CIRCLE('',#2150,6.);
#2150 = AXIS2_PLACEMENT_3D('',#2151,#2152,#2153);
#2151 = CARTESIAN_POINT('',(0.,0.,0.65));
#2152 = DIRECTION('',(0.,0.,1.));
#2153 = DIRECTION('',(1.,0.,0.));
#2154 = ORIENTED_EDGE('',*,*,#2155,.T.);
#2155 = EDGE_CURVE('',#2147,#2156,#2158,.T.);
#2156 = VERTEX_POINT('',#2157);
#2157 = CARTESIAN_POINT('',(4.3,-4.184495190582,0.65));
#2158 = CIRCLE('',#2159,6.);
#2159 = AXIS2_PLACEMENT_3D('',#2160,#2161,#2162);
#2160 = CARTESIAN_POINT('',(0.,0.,0.65));
#2161 = DIRECTION('',(0.,0.,1.));
#2162 = DIRECTION('',(1.,0.,0.));
#2163 = ORIENTED_EDGE('',*,*,#2164,.T.);
#2164 = EDGE_CURVE('',#2156,#2165,#2167,.T.);
#2165 = VERTEX_POINT('',#2166);
#2166 = CARTESIAN_POINT('',(4.559605246071,-3.9,0.65));
#2167 = CIRCLE('',#2168,6.);
#2168 = AXIS2_PLACEMENT_3D('',#2169,#2170,#2171);
#2169 = CARTESIAN_POINT('',(0.,0.,0.65));
#2170 = DIRECTION('',(0.,0.,1.));
#2171 = DIRECTION('',(1.,0.,0.));
#2172 = ORIENTED_EDGE('',*,*,#2173,.T.);
#2173 = EDGE_CURVE('',#2165,#2174,#2176,.T.);
#2174 = VERTEX_POINT('',#2175);
#2175 = CARTESIAN_POINT('',(4.559605246071,-3.9,2.65));
#2176 = LINE('',#2177,#2178);
#2177 = CARTESIAN_POINT('',(4.559605246071,-3.9,0.));
#2178 = VECTOR('',#2179,1.);
#2179 = DIRECTION('',(0.,0.,1.));
#2180 = ORIENTED_EDGE('',*,*,#2181,.T.);
#2181 = EDGE_CURVE('',#2174,#2182,#2184,.T.);
#2182 = VERTEX_POINT('',#2183);
#2183 = CARTESIAN_POINT('',(4.705154074812,-3.723106919265,2.65));
#2184 = CIRCLE('',#2185,6.);
#2185 = AXIS2_PLACEMENT_3D('',#2186,#2187,#2188);
#2186 = CARTESIAN_POINT('',(0.,0.,2.65));
#2187 = DIRECTION('',(0.,0.,1.));
#2188 = DIRECTION('',(1.,0.,0.));
#2189 = ORIENTED_EDGE('',*,*,#2190,.T.);
#2190 = EDGE_CURVE('',#2182,#2191,#2193,.T.);
#2191 = VERTEX_POINT('',#2192);
#2192 = CARTESIAN_POINT('',(4.705154074812,-3.723106919265,10.));
#2193 = LINE('',#2194,#2195);
#2194 = CARTESIAN_POINT('',(4.705154074812,-3.723106919265,0.));
#2195 = VECTOR('',#2196,1.);
#2196 = DIRECTION('',(0.,0.,1.));
#2197 = ORIENTED_EDGE('',*,*,#2198,.T.);
#2198 = EDGE_CURVE('',#2191,#2199,#2201,.T.);
#2199 = VERTEX_POINT('',#2200);
#2200 = CARTESIAN_POINT('',(5.576882210495,-2.213229497875,10.));
#2201 = CIRCLE('',#2202,6.);
#2202 = AXIS2_PLACEMENT_3D('',#2203,#2204,#2205);
#2203 = CARTESIAN_POINT('',(0.,0.,10.));
#2204 = DIRECTION('',(0.,0.,1.));
#2205 = DIRECTION('',(1.,0.,0.));
#2206 = ORIENTED_EDGE('',*,*,#2207,.F.);
#2207 = EDGE_CURVE('',#2208,#2199,#2210,.T.);
#2208 = VERTEX_POINT('',#2209);
#2209 = CARTESIAN_POINT('',(5.576882210495,-2.213229497875,2.65));
#2210 = LINE('',#2211,#2212);
#2211 = CARTESIAN_POINT('',(5.576882210495,-2.213229497875,0.));
#2212 = VECTOR('',#2213,1.);
#2213 = DIRECTION('',(0.,0.,1.));
#2214 = ORIENTED_EDGE('',*,*,#2215,.T.);
#2215 = EDGE_CURVE('',#2208,#1599,#2216,.T.);
#2216 = CIRCLE('',#2217,6.);
#2217 = AXIS2_PLACEMENT_3D('',#2218,#2219,#2220);
#2218 = CARTESIAN_POINT('',(0.,0.,2.65));
#2219 = DIRECTION('',(0.,0.,1.));
#2220 = DIRECTION('',(1.,0.,0.));
#2221 = CYLINDRICAL_SURFACE('',#2222,6.);
#2222 = AXIS2_PLACEMENT_3D('',#2223,#2224,#2225);
#2223 = CARTESIAN_POINT('',(0.,0.,0.));
#2224 = DIRECTION('',(0.,0.,1.));
#2225 = DIRECTION('',(1.,0.,0.));
#2226 = ADVANCED_FACE('',(#2227),#2284,.F.);
#2227 = FACE_BOUND('',#2228,.F.);
#2228 = EDGE_LOOP('',(#2229,#2239,#2247,#2253,#2254,#2262,#2270,#2278));
#2229 = ORIENTED_EDGE('',*,*,#2230,.F.);
#2230 = EDGE_CURVE('',#2231,#2233,#2235,.T.);
#2231 = VERTEX_POINT('',#2232);
#2232 = CARTESIAN_POINT('',(5.526748204702,4.373220123038,0.));
#2233 = VERTEX_POINT('',#2234);
#2234 = CARTESIAN_POINT('',(5.434214746024,4.3,0.));
#2235 = LINE('',#2236,#2237);
#2236 = CARTESIAN_POINT('',(5.526748204702,4.373220123038,0.));
#2237 = VECTOR('',#2238,1.);
#2238 = DIRECTION('',(-0.784192345802,-0.620517819877,0.));
#2239 = ORIENTED_EDGE('',*,*,#2240,.T.);
#2240 = EDGE_CURVE('',#2231,#2241,#2243,.T.);
#2241 = VERTEX_POINT('',#2242);
#2242 = CARTESIAN_POINT('',(5.526748204702,4.373220123038,10.));
#2243 = LINE('',#2244,#2245);
#2244 = CARTESIAN_POINT('',(5.526748204702,4.373220123038,0.));
#2245 = VECTOR('',#2246,1.);
#2246 = DIRECTION('',(0.,0.,1.));
#2247 = ORIENTED_EDGE('',*,*,#2248,.T.);
#2248 = EDGE_CURVE('',#2241,#1660,#2249,.T.);
#2249 = LINE('',#2250,#2251);
#2250 = CARTESIAN_POINT('',(5.526748204702,4.373220123038,10.));
#2251 = VECTOR('',#2252,1.);
#2252 = DIRECTION('',(-0.784192345802,-0.620517819877,0.));
#2253 = ORIENTED_EDGE('',*,*,#1668,.F.);
#2254 = ORIENTED_EDGE('',*,*,#2255,.F.);
#2255 = EDGE_CURVE('',#2256,#1669,#2258,.T.);
#2256 = VERTEX_POINT('',#2257);
#2257 = CARTESIAN_POINT('',(4.928706397557,3.9,2.65));
#2258 = LINE('',#2259,#2260);
#2259 = CARTESIAN_POINT('',(-2.920680072125,-2.311083550632,2.65));
#2260 = VECTOR('',#2261,1.);
#2261 = DIRECTION('',(-0.784192345802,-0.620517819877,0.));
#2262 = ORIENTED_EDGE('',*,*,#2263,.F.);
#2263 = EDGE_CURVE('',#2264,#2256,#2266,.T.);
#2264 = VERTEX_POINT('',#2265);
#2265 = CARTESIAN_POINT('',(4.928706397557,3.9,0.65));
#2266 = LINE('',#2267,#2268);
#2267 = CARTESIAN_POINT('',(4.928706397557,3.9,0.275));
#2268 = VECTOR('',#2269,1.);
#2269 = DIRECTION('',(0.,0.,1.));
#2270 = ORIENTED_EDGE('',*,*,#2271,.F.);
#2271 = EDGE_CURVE('',#2272,#2264,#2274,.T.);
#2272 = VERTEX_POINT('',#2273);
#2273 = CARTESIAN_POINT('',(5.434214746024,4.3,0.65));
#2274 = LINE('',#2275,#2276);
#2275 = CARTESIAN_POINT('',(-3.140992664124,-2.485413088545,0.65));
#2276 = VECTOR('',#2277,1.);
#2277 = DIRECTION('',(-0.784192345802,-0.620517819877,0.));
#2278 = ORIENTED_EDGE('',*,*,#2279,.F.);
#2279 = EDGE_CURVE('',#2233,#2272,#2280,.T.);
#2280 = LINE('',#2281,#2282);
#2281 = CARTESIAN_POINT('',(5.434214746024,4.3,-7.5E-02));
#2282 = VECTOR('',#2283,1.);
#2283 = DIRECTION('',(0.,0.,1.));
#2284 = PLANE('',#2285);
#2285 = AXIS2_PLACEMENT_3D('',#2286,#2287,#2288);
#2286 = CARTESIAN_POINT('',(5.526748204702,4.373220123038,0.));
#2287 = DIRECTION('',(0.620517819877,-0.784192345802,0.));
#2288 = DIRECTION('',(-0.784192345802,-0.620517819877,0.));
#2289 = ADVANCED_FACE('',(#2290),#2315,.F.);
#2290 = FACE_BOUND('',#2291,.F.);
#2291 = EDGE_LOOP('',(#2292,#2300,#2301,#2309));
#2292 = ORIENTED_EDGE('',*,*,#2293,.T.);
#2293 = EDGE_CURVE('',#2294,#2264,#2296,.T.);
#2294 = VERTEX_POINT('',#2295);
#2295 = CARTESIAN_POINT('',(7.69358591332,3.9,0.65));
#2296 = LINE('',#2297,#2298);
#2297 = CARTESIAN_POINT('',(-15.6,3.9,0.65));
#2298 = VECTOR('',#2299,1.);
#2299 = DIRECTION('',(-1.,0.,0.));
#2300 = ORIENTED_EDGE('',*,*,#2263,.T.);
#2301 = ORIENTED_EDGE('',*,*,#2302,.T.);
#2302 = EDGE_CURVE('',#2256,#2303,#2305,.T.);
#2303 = VERTEX_POINT('',#2304);
#2304 = CARTESIAN_POINT('',(7.69358591332,3.9,2.65));
#2305 = LINE('',#2306,#2307);
#2306 = CARTESIAN_POINT('',(-15.4,3.9,2.65));
#2307 = VECTOR('',#2308,1.);
#2308 = DIRECTION('',(1.,0.,0.));
#2309 = ORIENTED_EDGE('',*,*,#2310,.T.);
#2310 = EDGE_CURVE('',#2303,#2294,#2311,.T.);
#2311 = LINE('',#2312,#2313);
#2312 = CARTESIAN_POINT('',(7.69358591332,3.9,0.275));
#2313 = VECTOR('',#2314,1.);
#2314 = DIRECTION('',(0.,0.,-1.));
#2315 = PLANE('',#2316);
#2316 = AXIS2_PLACEMENT_3D('',#2317,#2318,#2319);
#2317 = CARTESIAN_POINT('',(-15.4,3.9,0.55));
#2318 = DIRECTION('',(0.,1.,0.));
#2319 = DIRECTION('',(0.,0.,1.));
#2320 = ADVANCED_FACE('',(#2321),#2362,.F.);
#2321 = FACE_BOUND('',#2322,.F.);
#2322 = EDGE_LOOP('',(#2323,#2331,#2339,#2347,#2355,#2361));
#2323 = ORIENTED_EDGE('',*,*,#2324,.F.);
#2324 = EDGE_CURVE('',#2325,#2303,#2327,.T.);
#2325 = VERTEX_POINT('',#2326);
#2326 = CARTESIAN_POINT('',(7.643056828569,3.803638807704,2.65));
#2327 = LINE('',#2328,#2329);
#2328 = CARTESIAN_POINT('',(3.574076486391,-3.956086093944,2.65));
#2329 = VECTOR('',#2330,1.);
#2330 = DIRECTION('',(0.464397651666,0.885626795624,0.));
#2331 = ORIENTED_EDGE('',*,*,#2332,.T.);
#2332 = EDGE_CURVE('',#2325,#2333,#2335,.T.);
#2333 = VERTEX_POINT('',#2334);
#2334 = CARTESIAN_POINT('',(7.643056828569,3.803638807704,10.));
#2335 = LINE('',#2336,#2337);
#2336 = CARTESIAN_POINT('',(7.643056828569,3.803638807704,0.));
#2337 = VECTOR('',#2338,1.);
#2338 = DIRECTION('',(0.,0.,1.));
#2339 = ORIENTED_EDGE('',*,*,#2340,.T.);
#2340 = EDGE_CURVE('',#2333,#2341,#2343,.T.);
#2341 = VERTEX_POINT('',#2342);
#2342 = CARTESIAN_POINT('',(7.764238274662,4.034737167929,10.));
#2343 = LINE('',#2344,#2345);
#2344 = CARTESIAN_POINT('',(7.643056828569,3.803638807704,10.));
#2345 = VECTOR('',#2346,1.);
#2346 = DIRECTION('',(0.464397651666,0.885626795624,0.));
#2347 = ORIENTED_EDGE('',*,*,#2348,.F.);
#2348 = EDGE_CURVE('',#2349,#2341,#2351,.T.);
#2349 = VERTEX_POINT('',#2350);
#2350 = CARTESIAN_POINT('',(7.764238274662,4.034737167929,0.65));
#2351 = LINE('',#2352,#2353);
#2352 = CARTESIAN_POINT('',(7.764238274662,4.034737167929,0.));
#2353 = VECTOR('',#2354,1.);
#2354 = DIRECTION('',(0.,0.,1.));
#2355 = ORIENTED_EDGE('',*,*,#2356,.F.);
#2356 = EDGE_CURVE('',#2294,#2349,#2357,.T.);
#2357 = LINE('',#2358,#2359);
#2358 = CARTESIAN_POINT('',(3.448686849788,-4.195209658998,0.65));
#2359 = VECTOR('',#2360,1.);
#2360 = DIRECTION('',(0.464397651666,0.885626795624,0.));
#2361 = ORIENTED_EDGE('',*,*,#2310,.F.);
#2362 = PLANE('',#2363);
#2363 = AXIS2_PLACEMENT_3D('',#2364,#2365,#2366);
#2364 = CARTESIAN_POINT('',(7.643056828569,3.803638807704,0.));
#2365 = DIRECTION('',(-0.885626795624,0.464397651666,0.));
#2366 = DIRECTION('',(0.464397651666,0.885626795624,0.));
#2367 = ADVANCED_FACE('',(#2368),#2393,.F.);
#2368 = FACE_BOUND('',#2369,.F.);
#2369 = EDGE_LOOP('',(#2370,#2378,#2386,#2392));
#2370 = ORIENTED_EDGE('',*,*,#2371,.F.);
#2371 = EDGE_CURVE('',#2372,#2325,#2374,.T.);
#2372 = VERTEX_POINT('',#2373);
#2373 = CARTESIAN_POINT('',(7.512965723529,3.584881500747,2.65));
#2374 = LINE('',#2375,#2376);
#2375 = CARTESIAN_POINT('',(2.875778418571,-4.212873821379,2.65));
#2376 = VECTOR('',#2377,1.);
#2377 = DIRECTION('',(0.511131104088,0.859502759992,0.));
#2378 = ORIENTED_EDGE('',*,*,#2379,.T.);
#2379 = EDGE_CURVE('',#2372,#2380,#2382,.T.);
#2380 = VERTEX_POINT('',#2381);
#2381 = CARTESIAN_POINT('',(7.512965723529,3.584881500747,10.));
#2382 = LINE('',#2383,#2384);
#2383 = CARTESIAN_POINT('',(7.512965723529,3.584881500747,0.));
#2384 = VECTOR('',#2385,1.);
#2385 = DIRECTION('',(0.,0.,1.));
#2386 = ORIENTED_EDGE('',*,*,#2387,.T.);
#2387 = EDGE_CURVE('',#2380,#2333,#2388,.T.);
#2388 = LINE('',#2389,#2390);
#2389 = CARTESIAN_POINT('',(7.512965723529,3.584881500747,10.));
#2390 = VECTOR('',#2391,1.);
#2391 = DIRECTION('',(0.511131104088,0.859502759992,0.));
#2392 = ORIENTED_EDGE('',*,*,#2332,.F.);
#2393 = PLANE('',#2394);
#2394 = AXIS2_PLACEMENT_3D('',#2395,#2396,#2397);
#2395 = CARTESIAN_POINT('',(7.512965723529,3.584881500747,0.));
#2396 = DIRECTION('',(-0.859502759992,0.511131104088,0.));
#2397 = DIRECTION('',(0.511131104088,0.859502759992,0.));
#2398 = ADVANCED_FACE('',(#2399),#2424,.F.);
#2399 = FACE_BOUND('',#2400,.F.);
#2400 = EDGE_LOOP('',(#2401,#2409,#2417,#2423));
#2401 = ORIENTED_EDGE('',*,*,#2402,.F.);
#2402 = EDGE_CURVE('',#2403,#2372,#2405,.T.);
#2403 = VERTEX_POINT('',#2404);
#2404 = CARTESIAN_POINT('',(7.374258462235,3.379192588693,2.65));
#2405 = LINE('',#2406,#2407);
#2406 = CARTESIAN_POINT('',(2.127514552927,-4.401200712025,2.65));
#2407 = VECTOR('',#2408,1.);
#2408 = DIRECTION('',(0.559105184694,0.829096732866,0.));
#2409 = ORIENTED_EDGE('',*,*,#2410,.T.);
#2410 = EDGE_CURVE('',#2403,#2411,#2413,.T.);
#2411 = VERTEX_POINT('',#2412);
#2412 = CARTESIAN_POINT('',(7.374258462235,3.379192588693,10.));
#2413 = LINE('',#2414,#2415);
#2414 = CARTESIAN_POINT('',(7.374258462235,3.379192588693,0.));
#2415 = VECTOR('',#2416,1.);
#2416 = DIRECTION('',(0.,0.,1.));
#2417 = ORIENTED_EDGE('',*,*,#2418,.T.);
#2418 = EDGE_CURVE('',#2411,#2380,#2419,.T.);
#2419 = LINE('',#2420,#2421);
#2420 = CARTESIAN_POINT('',(7.374258462235,3.379192588693,10.));
#2421 = VECTOR('',#2422,1.);
#2422 = DIRECTION('',(0.559105184694,0.829096732866,0.));
#2423 = ORIENTED_EDGE('',*,*,#2379,.F.);
#2424 = PLANE('',#2425);
#2425 = AXIS2_PLACEMENT_3D('',#2426,#2427,#2428);
#2426 = CARTESIAN_POINT('',(7.374258462235,3.379192588693,0.));
#2427 = DIRECTION('',(-0.829096732866,0.559105184694,0.));
#2428 = DIRECTION('',(0.559105184694,0.829096732866,0.));
#2429 = ADVANCED_FACE('',(#2430),#2455,.F.);
#2430 = FACE_BOUND('',#2431,.F.);
#2431 = EDGE_LOOP('',(#2432,#2440,#2448,#2454));
#2432 = ORIENTED_EDGE('',*,*,#2433,.F.);
#2433 = EDGE_CURVE('',#2434,#2403,#2436,.T.);
#2434 = VERTEX_POINT('',#2435);
#2435 = CARTESIAN_POINT('',(7.227163610706,3.187459059236,2.65));
#2436 = LINE('',#2437,#2438);
#2437 = CARTESIAN_POINT('',(1.324035850496,-4.507082989876,2.65));
#2438 = VECTOR('',#2439,1.);
#2439 = DIRECTION('',(0.608689905396,0.793408217168,0.));
#2440 = ORIENTED_EDGE('',*,*,#2441,.T.);
#2441 = EDGE_CURVE('',#2434,#2442,#2444,.T.);
#2442 = VERTEX_POINT('',#2443);
#2443 = CARTESIAN_POINT('',(7.227163610706,3.187459059236,10.));
#2444 = LINE('',#2445,#2446);
#2445 = CARTESIAN_POINT('',(7.227163610706,3.187459059236,0.));
#2446 = VECTOR('',#2447,1.);
#2447 = DIRECTION('',(0.,0.,1.));
#2448 = ORIENTED_EDGE('',*,*,#2449,.T.);
#2449 = EDGE_CURVE('',#2442,#2411,#2450,.T.);
#2450 = LINE('',#2451,#2452);
#2451 = CARTESIAN_POINT('',(7.227163610706,3.187459059236,10.));
#2452 = VECTOR('',#2453,1.);
#2453 = DIRECTION('',(0.608689905396,0.793408217168,0.));
#2454 = ORIENTED_EDGE('',*,*,#2410,.F.);
#2455 = PLANE('',#2456);
#2456 = AXIS2_PLACEMENT_3D('',#2457,#2458,#2459);
#2457 = CARTESIAN_POINT('',(7.227163610706,3.187459059236,0.));
#2458 = DIRECTION('',(-0.793408217168,0.608689905396,0.));
#2459 = DIRECTION('',(0.608689905396,0.793408217168,0.));
#2460 = ADVANCED_FACE('',(#2461),#2486,.F.);
#2461 = FACE_BOUND('',#2462,.F.);
#2462 = EDGE_LOOP('',(#2463,#2471,#2479,#2485));
#2463 = ORIENTED_EDGE('',*,*,#2464,.F.);
#2464 = EDGE_CURVE('',#2465,#2434,#2467,.T.);
#2465 = VERTEX_POINT('',#2466);
#2466 = CARTESIAN_POINT('',(7.071796701356,3.010846529583,2.65));
#2467 = LINE('',#2468,#2469);
#2468 = CARTESIAN_POINT('',(0.456358687187,-4.509218375691,2.65));
#2469 = VECTOR('',#2470,1.);
#2470 = DIRECTION('',(0.660503020377,0.75082338807,0.));
#2471 = ORIENTED_EDGE('',*,*,#2472,.T.);
#2472 = EDGE_CURVE('',#2465,#2473,#2475,.T.);
#2473 = VERTEX_POINT('',#2474);
#2474 = CARTESIAN_POINT('',(7.071796701356,3.010846529583,10.));
#2475 = LINE('',#2476,#2477);
#2476 = CARTESIAN_POINT('',(7.071796701356,3.010846529583,0.));
#2477 = VECTOR('',#2478,1.);
#2478 = DIRECTION('',(0.,0.,1.));
#2479 = ORIENTED_EDGE('',*,*,#2480,.T.);
#2480 = EDGE_CURVE('',#2473,#2442,#2481,.T.);
#2481 = LINE('',#2482,#2483);
#2482 = CARTESIAN_POINT('',(7.071796701356,3.010846529583,10.));
#2483 = VECTOR('',#2484,1.);
#2484 = DIRECTION('',(0.660503020377,0.75082338807,0.));
#2485 = ORIENTED_EDGE('',*,*,#2441,.F.);
#2486 = PLANE('',#2487);
#2487 = AXIS2_PLACEMENT_3D('',#2488,#2489,#2490);
#2488 = CARTESIAN_POINT('',(7.071796701356,3.010846529583,0.));
#2489 = DIRECTION('',(-0.75082338807,0.660503020377,0.));
#2490 = DIRECTION('',(0.660503020377,0.75082338807,0.));
#2491 = ADVANCED_FACE('',(#2492),#2517,.F.);
#2492 = FACE_BOUND('',#2493,.F.);
#2493 = EDGE_LOOP('',(#2494,#2502,#2510,#2516));
#2494 = ORIENTED_EDGE('',*,*,#2495,.F.);
#2495 = EDGE_CURVE('',#2496,#2465,#2498,.T.);
#2496 = VERTEX_POINT('',#2497);
#2497 = CARTESIAN_POINT('',(6.908055611187,2.851060678313,2.65));
#2498 = LINE('',#2499,#2500);
#2499 = CARTESIAN_POINT('',(-0.492560850109,-4.37079059904,2.65));
#2500 = VECTOR('',#2501,1.);
#2501 = DIRECTION('',(0.715697946264,0.698409943882,0.));
#2502 = ORIENTED_EDGE('',*,*,#2503,.T.);
#2503 = EDGE_CURVE('',#2496,#2504,#2506,.T.);
#2504 = VERTEX_POINT('',#2505);
#2505 = CARTESIAN_POINT('',(6.908055611187,2.851060678313,10.));
#2506 = LINE('',#2507,#2508);
#2507 = CARTESIAN_POINT('',(6.908055611187,2.851060678313,0.));
#2508 = VECTOR('',#2509,1.);
#2509 = DIRECTION('',(0.,0.,1.));
#2510 = ORIENTED_EDGE('',*,*,#2511,.T.);
#2511 = EDGE_CURVE('',#2504,#2473,#2512,.T.);
#2512 = LINE('',#2513,#2514);
#2513 = CARTESIAN_POINT('',(6.908055611187,2.851060678313,10.));
#2514 = VECTOR('',#2515,1.);
#2515 = DIRECTION('',(0.715697946264,0.698409943882,0.));
#2516 = ORIENTED_EDGE('',*,*,#2472,.F.);
#2517 = PLANE('',#2518);
#2518 = AXIS2_PLACEMENT_3D('',#2519,#2520,#2521);
#2519 = CARTESIAN_POINT('',(6.908055611187,2.851060678313,0.));
#2520 = DIRECTION('',(-0.698409943882,0.715697946264,0.));
#2521 = DIRECTION('',(0.715697946264,0.698409943882,0.));
#2522 = ADVANCED_FACE('',(#2523),#2548,.F.);
#2523 = FACE_BOUND('',#2524,.F.);
#2524 = EDGE_LOOP('',(#2525,#2533,#2541,#2547));
#2525 = ORIENTED_EDGE('',*,*,#2526,.F.);
#2526 = EDGE_CURVE('',#2527,#2496,#2529,.T.);
#2527 = VERTEX_POINT('',#2528);
#2528 = CARTESIAN_POINT('',(6.735325356359,2.711088928872,2.65));
#2529 = LINE('',#2530,#2531);
#2530 = CARTESIAN_POINT('',(-1.562251706173,-4.012842432898,2.65));
#2531 = VECTOR('',#2532,1.);
#2532 = DIRECTION('',(0.776931329639,0.629585346895,0.));
#2533 = ORIENTED_EDGE('',*,*,#2534,.T.);
#2534 = EDGE_CURVE('',#2527,#2535,#2537,.T.);
#2535 = VERTEX_POINT('',#2536);
#2536 = CARTESIAN_POINT('',(6.735325356358,2.711088928872,10.));
#2537 = LINE('',#2538,#2539);
#2538 = CARTESIAN_POINT('',(6.735325356359,2.711088928872,0.));
#2539 = VECTOR('',#2540,1.);
#2540 = DIRECTION('',(0.,0.,1.));
#2541 = ORIENTED_EDGE('',*,*,#2542,.T.);
#2542 = EDGE_CURVE('',#2535,#2504,#2543,.T.);
#2543 = LINE('',#2544,#2545);
#2544 = CARTESIAN_POINT('',(6.735325356359,2.711088928872,10.));
#2545 = VECTOR('',#2546,1.);
#2546 = DIRECTION('',(0.776931329639,0.629585346895,0.));
#2547 = ORIENTED_EDGE('',*,*,#2503,.F.);
#2548 = PLANE('',#2549);
#2549 = AXIS2_PLACEMENT_3D('',#2550,#2551,#2552);
#2550 = CARTESIAN_POINT('',(6.735325356359,2.711088928872,0.));
#2551 = DIRECTION('',(-0.629585346895,0.776931329639,0.));
#2552 = DIRECTION('',(0.776931329639,0.629585346895,0.));
#2553 = ADVANCED_FACE('',(#2554),#2579,.F.);
#2554 = FACE_BOUND('',#2555,.F.);
#2555 = EDGE_LOOP('',(#2556,#2564,#2572,#2578));
#2556 = ORIENTED_EDGE('',*,*,#2557,.F.);
#2557 = EDGE_CURVE('',#2558,#2527,#2560,.T.);
#2558 = VERTEX_POINT('',#2559);
#2559 = CARTESIAN_POINT('',(6.550693825243,2.599694284074,2.65));
#2560 = LINE('',#2561,#2562);
#2561 = CARTESIAN_POINT('',(-2.933155058694,-3.12224265358,2.65));
#2562 = VECTOR('',#2563,1.);
#2563 = DIRECTION('',(0.856230604015,0.516593798596,0.));
#2564 = ORIENTED_EDGE('',*,*,#2565,.T.);
#2565 = EDGE_CURVE('',#2558,#2566,#2568,.T.);
#2566 = VERTEX_POINT('',#2567);
#2567 = CARTESIAN_POINT('',(6.550693825243,2.599694284074,10.));
#2568 = LINE('',#2569,#2570);
#2569 = CARTESIAN_POINT('',(6.550693825243,2.599694284074,0.));
#2570 = VECTOR('',#2571,1.);
#2571 = DIRECTION('',(0.,0.,1.));
#2572 = ORIENTED_EDGE('',*,*,#2573,.T.);
#2573 = EDGE_CURVE('',#2566,#2535,#2574,.T.);
#2574 = LINE('',#2575,#2576);
#2575 = CARTESIAN_POINT('',(6.550693825243,2.599694284074,10.));
#2576 = VECTOR('',#2577,1.);
#2577 = DIRECTION('',(0.856230604015,0.516593798596,0.));
#2578 = ORIENTED_EDGE('',*,*,#2534,.F.);
#2579 = PLANE('',#2580);
#2580 = AXIS2_PLACEMENT_3D('',#2581,#2582,#2583);
#2581 = CARTESIAN_POINT('',(6.550693825243,2.599694284074,0.));
#2582 = DIRECTION('',(-0.516593798596,0.856230604015,0.));
#2583 = DIRECTION('',(0.856230604015,0.516593798596,0.));
#2584 = ADVANCED_FACE('',(#2585),#2601,.F.);
#2585 = FACE_BOUND('',#2586,.F.);
#2586 = EDGE_LOOP('',(#2587,#2593,#2594,#2600));
#2587 = ORIENTED_EDGE('',*,*,#2588,.F.);
#2588 = EDGE_CURVE('',#1643,#2558,#2589,.T.);
#2589 = LINE('',#2590,#2591);
#2590 = CARTESIAN_POINT('',(-4.561469916797,-1.810255155564,2.65));
#2591 = VECTOR('',#2592,1.);
#2592 = DIRECTION('',(0.929480368416,0.368871582979,0.));
#2593 = ORIENTED_EDGE('',*,*,#1651,.T.);
#2594 = ORIENTED_EDGE('',*,*,#2595,.T.);
#2595 = EDGE_CURVE('',#1652,#2566,#2596,.T.);
#2596 = LINE('',#2597,#2598);
#2597 = CARTESIAN_POINT('',(5.518789687469,2.190175023939,10.));
#2598 = VECTOR('',#2599,1.);
#2599 = DIRECTION('',(0.929480368416,0.368871582979,0.));
#2600 = ORIENTED_EDGE('',*,*,#2565,.F.);
#2601 = PLANE('',#2602);
#2602 = AXIS2_PLACEMENT_3D('',#2603,#2604,#2605);
#2603 = CARTESIAN_POINT('',(5.518789687469,2.190175023939,0.));
#2604 = DIRECTION('',(-0.368871582979,0.929480368416,0.));
#2605 = DIRECTION('',(0.929480368416,0.368871582979,0.));
#2606 = ADVANCED_FACE('',(#2607),#2632,.F.);
#2607 = FACE_BOUND('',#2608,.F.);
#2608 = EDGE_LOOP('',(#2609,#2617,#2625,#2631));
#2609 = ORIENTED_EDGE('',*,*,#2610,.F.);
#2610 = EDGE_CURVE('',#2611,#1635,#2613,.T.);
#2611 = VERTEX_POINT('',#2612);
#2612 = CARTESIAN_POINT('',(6.972914407111,1.023945620541,2.65));
#2613 = LINE('',#2614,#2615);
#2614 = CARTESIAN_POINT('',(-4.331312041554,-0.636036488792,2.65));
#2615 = VECTOR('',#2616,1.);
#2616 = DIRECTION('',(-0.989389402857,-0.145288022614,0.));
#2617 = ORIENTED_EDGE('',*,*,#2618,.T.);
#2618 = EDGE_CURVE('',#2611,#2619,#2621,.T.);
#2619 = VERTEX_POINT('',#2620);
#2620 = CARTESIAN_POINT('',(6.972914407111,1.023945620541,10.));
#2621 = LINE('',#2622,#2623);
#2622 = CARTESIAN_POINT('',(6.972914407111,1.023945620541,0.));
#2623 = VECTOR('',#2624,1.);
#2624 = DIRECTION('',(0.,0.,1.));
#2625 = ORIENTED_EDGE('',*,*,#2626,.T.);
#2626 = EDGE_CURVE('',#2619,#1626,#2627,.T.);
#2627 = LINE('',#2628,#2629);
#2628 = CARTESIAN_POINT('',(6.972914407111,1.023945620541,10.));
#2629 = VECTOR('',#2630,1.);
#2630 = DIRECTION('',(-0.989389402857,-0.145288022614,0.));
#2631 = ORIENTED_EDGE('',*,*,#1634,.F.);
#2632 = PLANE('',#2633);
#2633 = AXIS2_PLACEMENT_3D('',#2634,#2635,#2636);
#2634 = CARTESIAN_POINT('',(6.972914407111,1.023945620541,0.));
#2635 = DIRECTION('',(0.145288022614,-0.989389402857,0.));
#2636 = DIRECTION('',(-0.989389402857,-0.145288022614,0.));
#2637 = ADVANCED_FACE('',(#2638),#2663,.F.);
#2638 = FACE_BOUND('',#2639,.F.);
#2639 = EDGE_LOOP('',(#2640,#2648,#2656,#2662));
#2640 = ORIENTED_EDGE('',*,*,#2641,.F.);
#2641 = EDGE_CURVE('',#2642,#2611,#2644,.T.);
#2642 = VERTEX_POINT('',#2643);
#2643 = CARTESIAN_POINT('',(7.188507325796,1.019790793858,2.65));
#2644 = LINE('',#2645,#2646);
#2645 = CARTESIAN_POINT('',(-4.054164666593,1.236455394286,2.65));
#2646 = VECTOR('',#2647,1.);
#2647 = DIRECTION('',(-0.999814353873,1.92680510141E-02,0.));
#2648 = ORIENTED_EDGE('',*,*,#2649,.T.);
#2649 = EDGE_CURVE('',#2642,#2650,#2652,.T.);
#2650 = VERTEX_POINT('',#2651);
#2651 = CARTESIAN_POINT('',(7.188507325796,1.019790793858,10.));
#2652 = LINE('',#2653,#2654);
#2653 = CARTESIAN_POINT('',(7.188507325796,1.019790793858,0.));
#2654 = VECTOR('',#2655,1.);
#2655 = DIRECTION('',(0.,0.,1.));
#2656 = ORIENTED_EDGE('',*,*,#2657,.T.);
#2657 = EDGE_CURVE('',#2650,#2619,#2658,.T.);
#2658 = LINE('',#2659,#2660);
#2659 = CARTESIAN_POINT('',(7.188507325796,1.019790793858,10.));
#2660 = VECTOR('',#2661,1.);
#2661 = DIRECTION('',(-0.999814353873,1.92680510141E-02,0.));
#2662 = ORIENTED_EDGE('',*,*,#2618,.F.);
#2663 = PLANE('',#2664);
#2664 = AXIS2_PLACEMENT_3D('',#2665,#2666,#2667);
#2665 = CARTESIAN_POINT('',(7.188507325796,1.019790793858,0.));
#2666 = DIRECTION('',(-1.92680510141E-02,-0.999814353873,0.));
#2667 = DIRECTION('',(-0.999814353873,1.92680510141E-02,0.));
#2668 = ADVANCED_FACE('',(#2669),#2694,.F.);
#2669 = FACE_BOUND('',#2670,.F.);
#2670 = EDGE_LOOP('',(#2671,#2679,#2687,#2693));
#2671 = ORIENTED_EDGE('',*,*,#2672,.F.);
#2672 = EDGE_CURVE('',#2673,#2642,#2675,.T.);
#2673 = VERTEX_POINT('',#2674);
#2674 = CARTESIAN_POINT('',(7.408081989201,0.984936830443,2.65));
#2675 = LINE('',#2676,#2677);
#2676 = CARTESIAN_POINT('',(-3.337505252508,2.690626816618,2.65));
#2677 = VECTOR('',#2678,1.);
#2678 = DIRECTION('',(-0.987634941911,0.156771239442,0.));
#2679 = ORIENTED_EDGE('',*,*,#2680,.T.);
#2680 = EDGE_CURVE('',#2673,#2681,#2683,.T.);
#2681 = VERTEX_POINT('',#2682);
#2682 = CARTESIAN_POINT('',(7.408081989201,0.984936830443,10.));
#2683 = LINE('',#2684,#2685);
#2684 = CARTESIAN_POINT('',(7.408081989201,0.984936830443,0.));
#2685 = VECTOR('',#2686,1.);
#2686 = DIRECTION('',(0.,0.,1.));
#2687 = ORIENTED_EDGE('',*,*,#2688,.T.);
#2688 = EDGE_CURVE('',#2681,#2650,#2689,.T.);
#2689 = LINE('',#2690,#2691);
#2690 = CARTESIAN_POINT('',(7.408081989201,0.984936830443,10.));
#2691 = VECTOR('',#2692,1.);
#2692 = DIRECTION('',(-0.987634941911,0.156771239442,0.));
#2693 = ORIENTED_EDGE('',*,*,#2649,.F.);
#2694 = PLANE('',#2695);
#2695 = AXIS2_PLACEMENT_3D('',#2696,#2697,#2698);
#2696 = CARTESIAN_POINT('',(7.408081989201,0.984936830443,0.));
#2697 = DIRECTION('',(-0.156771239442,-0.987634941911,0.));
#2698 = DIRECTION('',(-0.987634941911,0.156771239442,0.));
#2699 = ADVANCED_FACE('',(#2700),#2725,.F.);
#2700 = FACE_BOUND('',#2701,.F.);
#2701 = EDGE_LOOP('',(#2702,#2710,#2718,#2724));
#2702 = ORIENTED_EDGE('',*,*,#2703,.F.);
#2703 = EDGE_CURVE('',#2704,#2673,#2706,.T.);
#2704 = VERTEX_POINT('',#2705);
#2705 = CARTESIAN_POINT('',(7.629778858564,0.928428769163,2.65));
#2706 = LINE('',#2707,#2708);
#2707 = CARTESIAN_POINT('',(-2.604828871293,3.537116219016,2.65));
#2708 = VECTOR('',#2709,1.);
#2709 = DIRECTION('',(-0.969017574842,0.246991780525,0.));
#2710 = ORIENTED_EDGE('',*,*,#2711,.T.);
#2711 = EDGE_CURVE('',#2704,#2712,#2714,.T.);
#2712 = VERTEX_POINT('',#2713);
#2713 = CARTESIAN_POINT('',(7.629778858564,0.928428769163,10.));
#2714 = LINE('',#2715,#2716);
#2715 = CARTESIAN_POINT('',(7.629778858564,0.928428769163,0.));
#2716 = VECTOR('',#2717,1.);
#2717 = DIRECTION('',(0.,0.,1.));
#2718 = ORIENTED_EDGE('',*,*,#2719,.T.);
#2719 = EDGE_CURVE('',#2712,#2681,#2720,.T.);
#2720 = LINE('',#2721,#2722);
#2721 = CARTESIAN_POINT('',(7.629778858564,0.928428769163,10.));
#2722 = VECTOR('',#2723,1.);
#2723 = DIRECTION('',(-0.969017574842,0.246991780525,0.));
#2724 = ORIENTED_EDGE('',*,*,#2680,.F.);
#2725 = PLANE('',#2726);
#2726 = AXIS2_PLACEMENT_3D('',#2727,#2728,#2729);
#2727 = CARTESIAN_POINT('',(7.629778858564,0.928428769163,0.));
#2728 = DIRECTION('',(-0.246991780525,-0.969017574842,0.));
#2729 = DIRECTION('',(-0.969017574842,0.246991780525,0.));
#2730 = ADVANCED_FACE('',(#2731),#2756,.F.);
#2731 = FACE_BOUND('',#2732,.F.);
#2732 = EDGE_LOOP('',(#2733,#2741,#2749,#2755));
#2733 = ORIENTED_EDGE('',*,*,#2734,.F.);
#2734 = EDGE_CURVE('',#2735,#2704,#2737,.T.);
#2735 = VERTEX_POINT('',#2736);
#2736 = CARTESIAN_POINT('',(7.852636813796,0.853161286532,2.65));
#2737 = LINE('',#2738,#2739);
#2738 = CARTESIAN_POINT('',(-1.862812926673,4.134432730645,2.65));
#2739 = VECTOR('',#2740,1.);
#2740 = DIRECTION('',(-0.947424088958,0.319980617636,0.));
#2741 = ORIENTED_EDGE('',*,*,#2742,.T.);
#2742 = EDGE_CURVE('',#2735,#2743,#2745,.T.);
#2743 = VERTEX_POINT('',#2744);
#2744 = CARTESIAN_POINT('',(7.852636813796,0.853161286532,10.));
#2745 = LINE('',#2746,#2747);
#2746 = CARTESIAN_POINT('',(7.852636813796,0.853161286532,0.));
#2747 = VECTOR('',#2748,1.);
#2748 = DIRECTION('',(0.,0.,1.));
#2749 = ORIENTED_EDGE('',*,*,#2750,.T.);
#2750 = EDGE_CURVE('',#2743,#2712,#2751,.T.);
#2751 = LINE('',#2752,#2753);
#2752 = CARTESIAN_POINT('',(7.852636813796,0.853161286532,10.));
#2753 = VECTOR('',#2754,1.);
#2754 = DIRECTION('',(-0.947424088958,0.319980617636,0.));
#2755 = ORIENTED_EDGE('',*,*,#2711,.F.);
#2756 = PLANE('',#2757);
#2757 = AXIS2_PLACEMENT_3D('',#2758,#2759,#2760);
#2758 = CARTESIAN_POINT('',(7.852636813796,0.853161286532,0.));
#2759 = DIRECTION('',(-0.319980617636,-0.947424088958,0.));
#2760 = DIRECTION('',(-0.947424088958,0.319980617636,0.));
#2761 = ADVANCED_FACE('',(#2762),#2787,.F.);
#2762 = FACE_BOUND('',#2763,.F.);
#2763 = EDGE_LOOP('',(#2764,#2772,#2780,#2786));
#2764 = ORIENTED_EDGE('',*,*,#2765,.F.);
#2765 = EDGE_CURVE('',#2766,#2735,#2768,.T.);
#2766 = VERTEX_POINT('',#2767);
#2767 = CARTESIAN_POINT('',(8.075891456714,0.760662605029,2.65));
#2768 = LINE('',#2769,#2770);
#2769 = CARTESIAN_POINT('',(-1.118278535017,4.569983614549,2.65));
#2770 = VECTOR('',#2771,1.);
#2771 = DIRECTION('',(-0.923845029684,0.38276671894,0.));
#2772 = ORIENTED_EDGE('',*,*,#2773,.T.);
#2773 = EDGE_CURVE('',#2766,#2774,#2776,.T.);
#2774 = VERTEX_POINT('',#2775);
#2775 = CARTESIAN_POINT('',(8.075891456714,0.760662605029,10.));
#2776 = LINE('',#2777,#2778);
#2777 = CARTESIAN_POINT('',(8.075891456714,0.760662605029,0.));
#2778 = VECTOR('',#2779,1.);
#2779 = DIRECTION('',(0.,0.,1.));
#2780 = ORIENTED_EDGE('',*,*,#2781,.T.);
#2781 = EDGE_CURVE('',#2774,#2743,#2782,.T.);
#2782 = LINE('',#2783,#2784);
#2783 = CARTESIAN_POINT('',(8.075891456714,0.760662605029,10.));
#2784 = VECTOR('',#2785,1.);
#2785 = DIRECTION('',(-0.923845029684,0.38276671894,0.));
#2786 = ORIENTED_EDGE('',*,*,#2742,.F.);
#2787 = PLANE('',#2788);
#2788 = AXIS2_PLACEMENT_3D('',#2789,#2790,#2791);
#2789 = CARTESIAN_POINT('',(8.075891456714,0.760662605029,0.));
#2790 = DIRECTION('',(-0.38276671894,-0.923845029684,0.));
#2791 = DIRECTION('',(-0.923845029684,0.38276671894,0.));
#2792 = ADVANCED_FACE('',(#2793),#2818,.F.);
#2793 = FACE_BOUND('',#2794,.F.);
#2794 = EDGE_LOOP('',(#2795,#2803,#2811,#2817));
#2795 = ORIENTED_EDGE('',*,*,#2796,.F.);
#2796 = EDGE_CURVE('',#2797,#2766,#2799,.T.);
#2797 = VERTEX_POINT('',#2798);
#2798 = CARTESIAN_POINT('',(8.298859924712,0.651884412561,2.65));
#2799 = LINE('',#2800,#2801);
#2800 = CARTESIAN_POINT('',(-0.375604096333,4.883839385031,2.65));
#2801 = VECTOR('',#2802,1.);
#2802 = DIRECTION('',(-0.898747659765,0.438466240509,0.));
#2803 = ORIENTED_EDGE('',*,*,#2804,.T.);
#2804 = EDGE_CURVE('',#2797,#2805,#2807,.T.);
#2805 = VERTEX_POINT('',#2806);
#2806 = CARTESIAN_POINT('',(8.298859924712,0.651884412561,10.));
#2807 = LINE('',#2808,#2809);
#2808 = CARTESIAN_POINT('',(8.298859924712,0.651884412561,0.));
#2809 = VECTOR('',#2810,1.);
#2810 = DIRECTION('',(0.,0.,1.));
#2811 = ORIENTED_EDGE('',*,*,#2812,.T.);
#2812 = EDGE_CURVE('',#2805,#2774,#2813,.T.);
#2813 = LINE('',#2814,#2815);
#2814 = CARTESIAN_POINT('',(8.298859924712,0.651884412561,10.));
#2815 = VECTOR('',#2816,1.);
#2816 = DIRECTION('',(-0.898747659765,0.438466240509,0.));
#2817 = ORIENTED_EDGE('',*,*,#2773,.F.);
#2818 = PLANE('',#2819);
#2819 = AXIS2_PLACEMENT_3D('',#2820,#2821,#2822);
#2820 = CARTESIAN_POINT('',(8.298859924712,0.651884412561,0.));
#2821 = DIRECTION('',(-0.438466240509,-0.898747659765,0.));
#2822 = DIRECTION('',(-0.898747659765,0.438466240509,0.));
#2823 = ADVANCED_FACE('',(#2824),#2849,.F.);
#2824 = FACE_BOUND('',#2825,.F.);
#2825 = EDGE_LOOP('',(#2826,#2834,#2842,#2848));
#2826 = ORIENTED_EDGE('',*,*,#2827,.F.);
#2827 = EDGE_CURVE('',#2828,#2797,#2830,.T.);
#2828 = VERTEX_POINT('',#2829);
#2829 = CARTESIAN_POINT('',(8.520900779961,0.527480579992,2.65));
#2830 = LINE('',#2831,#2832);
#2831 = CARTESIAN_POINT('',(0.361918617183,5.098750357187,2.65));
#2832 = VECTOR('',#2833,1.);
#2833 = DIRECTION('',(-0.872403900801,0.488785672731,0.));
#2834 = ORIENTED_EDGE('',*,*,#2835,.T.);
#2835 = EDGE_CURVE('',#2828,#2836,#2838,.T.);
#2836 = VERTEX_POINT('',#2837);
#2837 = CARTESIAN_POINT('',(8.520900779961,0.527480579992,10.));
#2838 = LINE('',#2839,#2840);
#2839 = CARTESIAN_POINT('',(8.520900779961,0.527480579992,0.));
#2840 = VECTOR('',#2841,1.);
#2841 = DIRECTION('',(0.,0.,1.));
#2842 = ORIENTED_EDGE('',*,*,#2843,.T.);
#2843 = EDGE_CURVE('',#2836,#2805,#2844,.T.);
#2844 = LINE('',#2845,#2846);
#2845 = CARTESIAN_POINT('',(8.520900779961,0.527480579992,10.));
#2846 = VECTOR('',#2847,1.);
#2847 = DIRECTION('',(-0.872403900801,0.488785672731,0.));
#2848 = ORIENTED_EDGE('',*,*,#2804,.F.);
#2849 = PLANE('',#2850);
#2850 = AXIS2_PLACEMENT_3D('',#2851,#2852,#2853);
#2851 = CARTESIAN_POINT('',(8.520900779961,0.527480579992,0.));
#2852 = DIRECTION('',(-0.488785672731,-0.872403900801,0.));
#2853 = DIRECTION('',(-0.872403900801,0.488785672731,0.));
#2854 = ADVANCED_FACE('',(#2855),#2880,.F.);
#2855 = FACE_BOUND('',#2856,.F.);
#2856 = EDGE_LOOP('',(#2857,#2865,#2873,#2879));
#2857 = ORIENTED_EDGE('',*,*,#2858,.F.);
#2858 = EDGE_CURVE('',#2859,#2828,#2861,.T.);
#2859 = VERTEX_POINT('',#2860);
#2860 = CARTESIAN_POINT('',(8.741396170858,0.387934252311,2.65));
#2861 = LINE('',#2862,#2863);
#2862 = CARTESIAN_POINT('',(1.091568921205,5.229329329759,2.65));
#2863 = VECTOR('',#2864,1.);
#2864 = DIRECTION('',(-0.844993561613,0.534776477449,0.));
#2865 = ORIENTED_EDGE('',*,*,#2866,.T.);
#2866 = EDGE_CURVE('',#2859,#2867,#2869,.T.);
#2867 = VERTEX_POINT('',#2868);
#2868 = CARTESIAN_POINT('',(8.741396170858,0.387934252311,10.));
#2869 = LINE('',#2870,#2871);
#2870 = CARTESIAN_POINT('',(8.741396170858,0.387934252311,0.));
#2871 = VECTOR('',#2872,1.);
#2872 = DIRECTION('',(0.,0.,1.));
#2873 = ORIENTED_EDGE('',*,*,#2874,.T.);
#2874 = EDGE_CURVE('',#2867,#2836,#2875,.T.);
#2875 = LINE('',#2876,#2877);
#2876 = CARTESIAN_POINT('',(8.741396170858,0.387934252311,10.));
#2877 = VECTOR('',#2878,1.);
#2878 = DIRECTION('',(-0.844993561613,0.534776477449,0.));
#2879 = ORIENTED_EDGE('',*,*,#2835,.F.);
#2880 = PLANE('',#2881);
#2881 = AXIS2_PLACEMENT_3D('',#2882,#2883,#2884);
#2882 = CARTESIAN_POINT('',(8.741396170858,0.387934252311,0.));
#2883 = DIRECTION('',(-0.534776477449,-0.844993561613,0.));
#2884 = DIRECTION('',(-0.844993561613,0.534776477449,0.));
#2885 = ADVANCED_FACE('',(#2886),#2911,.F.);
#2886 = FACE_BOUND('',#2887,.F.);
#2887 = EDGE_LOOP('',(#2888,#2896,#2904,#2910));
#2888 = ORIENTED_EDGE('',*,*,#2889,.F.);
#2889 = EDGE_CURVE('',#2890,#2859,#2892,.T.);
#2890 = VERTEX_POINT('',#2891);
#2891 = CARTESIAN_POINT('',(8.741396170858,-0.387934252311,2.65));
#2892 = LINE('',#2893,#2894);
#2893 = CARTESIAN_POINT('',(8.741396170858,-2.143967126156,2.65));
#2894 = VECTOR('',#2895,1.);
#2895 = DIRECTION('',(0.,1.,0.));
#2896 = ORIENTED_EDGE('',*,*,#2897,.T.);
#2897 = EDGE_CURVE('',#2890,#2898,#2900,.T.);
#2898 = VERTEX_POINT('',#2899);
#2899 = CARTESIAN_POINT('',(8.741396170858,-0.387934252311,10.));
#2900 = LINE('',#2901,#2902);
#2901 = CARTESIAN_POINT('',(8.741396170858,-0.387934252311,0.));
#2902 = VECTOR('',#2903,1.);
#2903 = DIRECTION('',(0.,0.,1.));
#2904 = ORIENTED_EDGE('',*,*,#2905,.T.);
#2905 = EDGE_CURVE('',#2898,#2867,#2906,.T.);
#2906 = LINE('',#2907,#2908);
#2907 = CARTESIAN_POINT('',(8.741396170858,-0.387934252311,10.));
#2908 = VECTOR('',#2909,1.);
#2909 = DIRECTION('',(0.,1.,0.));
#2910 = ORIENTED_EDGE('',*,*,#2866,.F.);
#2911 = PLANE('',#2912);
#2912 = AXIS2_PLACEMENT_3D('',#2913,#2914,#2915);
#2913 = CARTESIAN_POINT('',(8.741396170858,-0.387934252311,0.));
#2914 = DIRECTION('',(-1.,0.,0.));
#2915 = DIRECTION('',(0.,1.,0.));
#2916 = ADVANCED_FACE('',(#2917),#2942,.F.);
#2917 = FACE_BOUND('',#2918,.F.);
#2918 = EDGE_LOOP('',(#2919,#2927,#2935,#2941));
#2919 = ORIENTED_EDGE('',*,*,#2920,.F.);
#2920 = EDGE_CURVE('',#2921,#2890,#2923,.T.);
#2921 = VERTEX_POINT('',#2922);
#2922 = CARTESIAN_POINT('',(8.520900779961,-0.527480579992,2.65));
#2923 = LINE('',#2924,#2925);
#2924 = CARTESIAN_POINT('',(-0.781021227595,-6.414447428849,2.65));
#2925 = VECTOR('',#2926,1.);
#2926 = DIRECTION('',(0.844993561613,0.534776477449,0.));
#2927 = ORIENTED_EDGE('',*,*,#2928,.T.);
#2928 = EDGE_CURVE('',#2921,#2929,#2931,.T.);
#2929 = VERTEX_POINT('',#2930);
#2930 = CARTESIAN_POINT('',(8.520900779961,-0.527480579992,10.));
#2931 = LINE('',#2932,#2933);
#2932 = CARTESIAN_POINT('',(8.520900779961,-0.527480579992,0.));
#2933 = VECTOR('',#2934,1.);
#2934 = DIRECTION('',(0.,0.,1.));
#2935 = ORIENTED_EDGE('',*,*,#2936,.T.);
#2936 = EDGE_CURVE('',#2929,#2898,#2937,.T.);
#2937 = LINE('',#2938,#2939);
#2938 = CARTESIAN_POINT('',(8.520900779961,-0.527480579992,10.));
#2939 = VECTOR('',#2940,1.);
#2940 = DIRECTION('',(0.844993561613,0.534776477449,0.));
#2941 = ORIENTED_EDGE('',*,*,#2897,.F.);
#2942 = PLANE('',#2943);
#2943 = AXIS2_PLACEMENT_3D('',#2944,#2945,#2946);
#2944 = CARTESIAN_POINT('',(8.520900779961,-0.527480579992,0.));
#2945 = DIRECTION('',(-0.534776477449,0.844993561613,0.));
#2946 = DIRECTION('',(0.844993561613,0.534776477449,0.));
#2947 = ADVANCED_FACE('',(#2948),#2973,.F.);
#2948 = FACE_BOUND('',#2949,.F.);
#2949 = EDGE_LOOP('',(#2950,#2958,#2966,#2972));
#2950 = ORIENTED_EDGE('',*,*,#2951,.F.);
#2951 = EDGE_CURVE('',#2952,#2921,#2954,.T.);
#2952 = VERTEX_POINT('',#2953);
#2953 = CARTESIAN_POINT('',(8.298859924712,-0.651884412561,2.65));
#2954 = LINE('',#2955,#2956);
#2955 = CARTESIAN_POINT('',(-1.412134067873,-6.092706865555,2.65));
#2956 = VECTOR('',#2957,1.);
#2957 = DIRECTION('',(0.872403900801,0.488785672731,0.));
#2958 = ORIENTED_EDGE('',*,*,#2959,.T.);
#2959 = EDGE_CURVE('',#2952,#2960,#2962,.T.);
#2960 = VERTEX_POINT('',#2961);
#2961 = CARTESIAN_POINT('',(8.298859924712,-0.651884412561,10.));
#2962 = LINE('',#2963,#2964);
#2963 = CARTESIAN_POINT('',(8.298859924712,-0.651884412561,0.));
#2964 = VECTOR('',#2965,1.);
#2965 = DIRECTION('',(0.,0.,1.));
#2966 = ORIENTED_EDGE('',*,*,#2967,.T.);
#2967 = EDGE_CURVE('',#2960,#2929,#2968,.T.);
#2968 = LINE('',#2969,#2970);
#2969 = CARTESIAN_POINT('',(8.298859924712,-0.651884412561,10.));
#2970 = VECTOR('',#2971,1.);
#2971 = DIRECTION('',(0.872403900801,0.488785672731,0.));
#2972 = ORIENTED_EDGE('',*,*,#2928,.F.);
#2973 = PLANE('',#2974);
#2974 = AXIS2_PLACEMENT_3D('',#2975,#2976,#2977);
#2975 = CARTESIAN_POINT('',(8.298859924712,-0.651884412561,0.));
#2976 = DIRECTION('',(-0.488785672731,0.872403900801,0.));
#2977 = DIRECTION('',(0.872403900801,0.488785672731,0.));
#2978 = ADVANCED_FACE('',(#2979),#3004,.F.);
#2979 = FACE_BOUND('',#2980,.F.);
#2980 = EDGE_LOOP('',(#2981,#2989,#2997,#3003));
#2981 = ORIENTED_EDGE('',*,*,#2982,.F.);
#2982 = EDGE_CURVE('',#2983,#2952,#2985,.T.);
#2983 = VERTEX_POINT('',#2984);
#2984 = CARTESIAN_POINT('',(8.075891456714,-0.760662605029,2.65));
#2985 = LINE('',#2986,#2987);
#2986 = CARTESIAN_POINT('',(-2.023963309753,-5.688013793125,2.65));
#2987 = VECTOR('',#2988,1.);
#2988 = DIRECTION('',(0.898747659765,0.438466240509,0.));
#2989 = ORIENTED_EDGE('',*,*,#2990,.T.);
#2990 = EDGE_CURVE('',#2983,#2991,#2993,.T.);
#2991 = VERTEX_POINT('',#2992);
#2992 = CARTESIAN_POINT('',(8.075891456714,-0.760662605029,10.));
#2993 = LINE('',#2994,#2995);
#2994 = CARTESIAN_POINT('',(8.075891456714,-0.760662605029,0.));
#2995 = VECTOR('',#2996,1.);
#2996 = DIRECTION('',(0.,0.,1.));
#2997 = ORIENTED_EDGE('',*,*,#2998,.T.);
#2998 = EDGE_CURVE('',#2991,#2960,#2999,.T.);
#2999 = LINE('',#3000,#3001);
#3000 = CARTESIAN_POINT('',(8.075891456714,-0.760662605029,10.));
#3001 = VECTOR('',#3002,1.);
#3002 = DIRECTION('',(0.898747659765,0.438466240509,0.));
#3003 = ORIENTED_EDGE('',*,*,#2959,.F.);
#3004 = PLANE('',#3005);
#3005 = AXIS2_PLACEMENT_3D('',#3006,#3007,#3008);
#3006 = CARTESIAN_POINT('',(8.075891456714,-0.760662605029,0.));
#3007 = DIRECTION('',(-0.438466240509,0.898747659765,0.));
#3008 = DIRECTION('',(0.898747659765,0.438466240509,0.));
#3009 = ADVANCED_FACE('',(#3010),#3035,.F.);
#3010 = FACE_BOUND('',#3011,.F.);
#3011 = EDGE_LOOP('',(#3012,#3020,#3028,#3034));
#3012 = ORIENTED_EDGE('',*,*,#3013,.F.);
#3013 = EDGE_CURVE('',#3014,#2983,#3016,.T.);
#3014 = VERTEX_POINT('',#3015);
#3015 = CARTESIAN_POINT('',(7.852636813796,-0.853161286532,2.65));
#3016 = LINE('',#3017,#3018);
#3017 = CARTESIAN_POINT('',(-2.60901266668,-5.187623363701,2.65));
#3018 = VECTOR('',#3019,1.);
#3019 = DIRECTION('',(0.923845029684,0.38276671894,0.));
#3020 = ORIENTED_EDGE('',*,*,#3021,.T.);
#3021 = EDGE_CURVE('',#3014,#3022,#3024,.T.);
#3022 = VERTEX_POINT('',#3023);
#3023 = CARTESIAN_POINT('',(7.852636813796,-0.853161286532,10.));
#3024 = LINE('',#3025,#3026);
#3025 = CARTESIAN_POINT('',(7.852636813796,-0.853161286532,0.));
#3026 = VECTOR('',#3027,1.);
#3027 = DIRECTION('',(0.,0.,1.));
#3028 = ORIENTED_EDGE('',*,*,#3029,.T.);
#3029 = EDGE_CURVE('',#3022,#2991,#3030,.T.);
#3030 = LINE('',#3031,#3032);
#3031 = CARTESIAN_POINT('',(7.852636813796,-0.853161286532,10.));
#3032 = VECTOR('',#3033,1.);
#3033 = DIRECTION('',(0.923845029684,0.38276671894,0.));
#3034 = ORIENTED_EDGE('',*,*,#2990,.F.);
#3035 = PLANE('',#3036);
#3036 = AXIS2_PLACEMENT_3D('',#3037,#3038,#3039);
#3037 = CARTESIAN_POINT('',(7.852636813796,-0.853161286532,0.));
#3038 = DIRECTION('',(-0.38276671894,0.923845029684,0.));
#3039 = DIRECTION('',(0.923845029684,0.38276671894,0.));
#3040 = ADVANCED_FACE('',(#3041),#3066,.F.);
#3041 = FACE_BOUND('',#3042,.F.);
#3042 = EDGE_LOOP('',(#3043,#3051,#3059,#3065));
#3043 = ORIENTED_EDGE('',*,*,#3044,.F.);
#3044 = EDGE_CURVE('',#3045,#3014,#3047,.T.);
#3045 = VERTEX_POINT('',#3046);
#3046 = CARTESIAN_POINT('',(7.629778858564,-0.928428769163,2.65));
#3047 = LINE('',#3048,#3049);
#3048 = CARTESIAN_POINT('',(-3.156555550364,-4.571378095044,2.65));
#3049 = VECTOR('',#3050,1.);
#3050 = DIRECTION('',(0.947424088958,0.319980617636,0.));
#3051 = ORIENTED_EDGE('',*,*,#3052,.T.);
#3052 = EDGE_CURVE('',#3045,#3053,#3055,.T.);
#3053 = VERTEX_POINT('',#3054);
#3054 = CARTESIAN_POINT('',(7.629778858564,-0.928428769163,10.));
#3055 = LINE('',#3056,#3057);
#3056 = CARTESIAN_POINT('',(7.629778858564,-0.928428769163,0.));
#3057 = VECTOR('',#3058,1.);
#3058 = DIRECTION('',(0.,0.,1.));
#3059 = ORIENTED_EDGE('',*,*,#3060,.T.);
#3060 = EDGE_CURVE('',#3053,#3022,#3061,.T.);
#3061 = LINE('',#3062,#3063);
#3062 = CARTESIAN_POINT('',(7.629778858564,-0.928428769163,10.));
#3063 = VECTOR('',#3064,1.);
#3064 = DIRECTION('',(0.947424088958,0.319980617636,0.));
#3065 = ORIENTED_EDGE('',*,*,#3021,.F.);
#3066 = PLANE('',#3067);
#3067 = AXIS2_PLACEMENT_3D('',#3068,#3069,#3070);
#3068 = CARTESIAN_POINT('',(7.629778858564,-0.928428769163,0.));
#3069 = DIRECTION('',(-0.319980617636,0.947424088958,0.));
#3070 = DIRECTION('',(0.947424088958,0.319980617636,0.));
#3071 = ADVANCED_FACE('',(#3072),#3097,.F.);
#3072 = FACE_BOUND('',#3073,.F.);
#3073 = EDGE_LOOP('',(#3074,#3082,#3090,#3096));
#3074 = ORIENTED_EDGE('',*,*,#3075,.F.);
#3075 = EDGE_CURVE('',#3076,#3045,#3078,.T.);
#3076 = VERTEX_POINT('',#3077);
#3077 = CARTESIAN_POINT('',(7.408081989201,-0.984936830443,2.65));
#3078 = LINE('',#3079,#3080);
#3079 = CARTESIAN_POINT('',(-3.64910087304,-3.80328951428,2.65));
#3080 = VECTOR('',#3081,1.);
#3081 = DIRECTION('',(0.969017574842,0.246991780525,0.));
#3082 = ORIENTED_EDGE('',*,*,#3083,.T.);
#3083 = EDGE_CURVE('',#3076,#3084,#3086,.T.);
#3084 = VERTEX_POINT('',#3085);
#3085 = CARTESIAN_POINT('',(7.408081989201,-0.984936830443,10.));
#3086 = LINE('',#3087,#3088);
#3087 = CARTESIAN_POINT('',(7.408081989201,-0.984936830443,0.));
#3088 = VECTOR('',#3089,1.);
#3089 = DIRECTION('',(0.,0.,1.));
#3090 = ORIENTED_EDGE('',*,*,#3091,.T.);
#3091 = EDGE_CURVE('',#3084,#3053,#3092,.T.);
#3092 = LINE('',#3093,#3094);
#3093 = CARTESIAN_POINT('',(7.408081989201,-0.984936830443,10.));
#3094 = VECTOR('',#3095,1.);
#3095 = DIRECTION('',(0.969017574842,0.246991780525,0.));
#3096 = ORIENTED_EDGE('',*,*,#3052,.F.);
#3097 = PLANE('',#3098);
#3098 = AXIS2_PLACEMENT_3D('',#3099,#3100,#3101);
#3099 = CARTESIAN_POINT('',(7.408081989201,-0.984936830443,0.));
#3100 = DIRECTION('',(-0.246991780525,0.969017574842,0.));
#3101 = DIRECTION('',(0.969017574842,0.246991780525,0.));
#3102 = ADVANCED_FACE('',(#3103),#3128,.F.);
#3103 = FACE_BOUND('',#3104,.F.);
#3104 = EDGE_LOOP('',(#3105,#3113,#3121,#3127));
#3105 = ORIENTED_EDGE('',*,*,#3106,.F.);
#3106 = EDGE_CURVE('',#3107,#3076,#3109,.T.);
#3107 = VERTEX_POINT('',#3108);
#3108 = CARTESIAN_POINT('',(7.188507325796,-1.019790793858,2.65));
#3109 = LINE('',#3110,#3111);
#3110 = CARTESIAN_POINT('',(-4.051140324653,-2.803904962239,2.65));
#3111 = VECTOR('',#3112,1.);
#3112 = DIRECTION('',(0.987634941911,0.156771239442,0.));
#3113 = ORIENTED_EDGE('',*,*,#3114,.T.);
#3114 = EDGE_CURVE('',#3107,#3115,#3117,.T.);
#3115 = VERTEX_POINT('',#3116);
#3116 = CARTESIAN_POINT('',(7.188507325796,-1.019790793858,10.));
#3117 = LINE('',#3118,#3119);
#3118 = CARTESIAN_POINT('',(7.188507325796,-1.019790793858,0.));
#3119 = VECTOR('',#3120,1.);
#3120 = DIRECTION('',(0.,0.,1.));
#3121 = ORIENTED_EDGE('',*,*,#3122,.T.);
#3122 = EDGE_CURVE('',#3115,#3084,#3123,.T.);
#3123 = LINE('',#3124,#3125);
#3124 = CARTESIAN_POINT('',(7.188507325796,-1.019790793858,10.));
#3125 = VECTOR('',#3126,1.);
#3126 = DIRECTION('',(0.987634941911,0.156771239442,0.));
#3127 = ORIENTED_EDGE('',*,*,#3083,.F.);
#3128 = PLANE('',#3129);
#3129 = AXIS2_PLACEMENT_3D('',#3130,#3131,#3132);
#3130 = CARTESIAN_POINT('',(7.188507325796,-1.019790793858,0.));
#3131 = DIRECTION('',(-0.156771239442,0.987634941911,0.));
#3132 = DIRECTION('',(0.987634941911,0.156771239442,0.));
#3133 = ADVANCED_FACE('',(#3134),#3159,.F.);
#3134 = FACE_BOUND('',#3135,.F.);
#3135 = EDGE_LOOP('',(#3136,#3144,#3152,#3158));
#3136 = ORIENTED_EDGE('',*,*,#3137,.F.);
#3137 = EDGE_CURVE('',#3138,#3107,#3140,.T.);
#3138 = VERTEX_POINT('',#3139);
#3139 = CARTESIAN_POINT('',(6.972914407111,-1.023945620541,2.65));
#3140 = LINE('',#3141,#3142);
#3141 = CARTESIAN_POINT('',(-4.237092574438,-1.239980713008,2.65));
#3142 = VECTOR('',#3143,1.);
#3143 = DIRECTION('',(0.999814353873,1.92680510141E-02,0.));
#3144 = ORIENTED_EDGE('',*,*,#3145,.T.);
#3145 = EDGE_CURVE('',#3138,#3146,#3148,.T.);
#3146 = VERTEX_POINT('',#3147);
#3147 = CARTESIAN_POINT('',(6.972914407111,-1.023945620541,10.));
#3148 = LINE('',#3149,#3150);
#3149 = CARTESIAN_POINT('',(6.972914407111,-1.023945620541,0.));
#3150 = VECTOR('',#3151,1.);
#3151 = DIRECTION('',(0.,0.,1.));
#3152 = ORIENTED_EDGE('',*,*,#3153,.T.);
#3153 = EDGE_CURVE('',#3146,#3115,#3154,.T.);
#3154 = LINE('',#3155,#3156);
#3155 = CARTESIAN_POINT('',(6.972914407111,-1.023945620541,10.));
#3156 = VECTOR('',#3157,1.);
#3157 = DIRECTION('',(0.999814353873,1.92680510141E-02,0.));
#3158 = ORIENTED_EDGE('',*,*,#3114,.F.);
#3159 = PLANE('',#3160);
#3160 = AXIS2_PLACEMENT_3D('',#3161,#3162,#3163);
#3161 = CARTESIAN_POINT('',(6.972914407111,-1.023945620541,0.));
#3162 = DIRECTION('',(-1.92680510141E-02,0.999814353873,0.));
#3163 = DIRECTION('',(0.999814353873,1.92680510141E-02,0.));
#3164 = ADVANCED_FACE('',(#3165),#3181,.F.);
#3165 = FACE_BOUND('',#3166,.F.);
#3166 = EDGE_LOOP('',(#3167,#3173,#3174,#3180));
#3167 = ORIENTED_EDGE('',*,*,#3168,.F.);
#3168 = EDGE_CURVE('',#1599,#3138,#3169,.T.);
#3169 = LINE('',#3170,#3171);
#3170 = CARTESIAN_POINT('',(-4.319908378628,0.634361904819,2.65));
#3171 = VECTOR('',#3172,1.);
#3172 = DIRECTION('',(0.989389402857,-0.145288022614,0.));
#3173 = ORIENTED_EDGE('',*,*,#1598,.T.);
#3174 = ORIENTED_EDGE('',*,*,#3175,.T.);
#3175 = EDGE_CURVE('',#1601,#3146,#3176,.T.);
#3176 = LINE('',#3177,#3178);
#3177 = CARTESIAN_POINT('',(5.874499579461,-0.862647634269,10.));
#3178 = VECTOR('',#3179,1.);
#3179 = DIRECTION('',(0.989389402857,-0.145288022614,0.));
#3180 = ORIENTED_EDGE('',*,*,#3145,.F.);
#3181 = PLANE('',#3182);
#3182 = AXIS2_PLACEMENT_3D('',#3183,#3184,#3185);
#3183 = CARTESIAN_POINT('',(5.874499579461,-0.862647634269,0.));
#3184 = DIRECTION('',(0.145288022614,0.989389402857,0.));
#3185 = DIRECTION('',(0.989389402857,-0.145288022614,0.));
#3186 = ADVANCED_FACE('',(#3187),#3212,.F.);
#3187 = FACE_BOUND('',#3188,.F.);
#3188 = EDGE_LOOP('',(#3189,#3197,#3205,#3211));
#3189 = ORIENTED_EDGE('',*,*,#3190,.F.);
#3190 = EDGE_CURVE('',#3191,#2208,#3193,.T.);
#3191 = VERTEX_POINT('',#3192);
#3192 = CARTESIAN_POINT('',(6.550693825243,-2.599694284074,2.65));
#3193 = LINE('',#3194,#3195);
#3194 = CARTESIAN_POINT('',(-2.708368158012,1.074837171052,2.65));
#3195 = VECTOR('',#3196,1.);
#3196 = DIRECTION('',(-0.929480368416,0.368871582979,0.));
#3197 = ORIENTED_EDGE('',*,*,#3198,.T.);
#3198 = EDGE_CURVE('',#3191,#3199,#3201,.T.);
#3199 = VERTEX_POINT('',#3200);
#3200 = CARTESIAN_POINT('',(6.550693825243,-2.599694284074,10.));
#3201 = LINE('',#3202,#3203);
#3202 = CARTESIAN_POINT('',(6.550693825243,-2.599694284074,0.));
#3203 = VECTOR('',#3204,1.);
#3204 = DIRECTION('',(0.,0.,1.));
#3205 = ORIENTED_EDGE('',*,*,#3206,.T.);
#3206 = EDGE_CURVE('',#3199,#2199,#3207,.T.);
#3207 = LINE('',#3208,#3209);
#3208 = CARTESIAN_POINT('',(6.550693825243,-2.599694284074,10.));
#3209 = VECTOR('',#3210,1.);
#3210 = DIRECTION('',(-0.929480368416,0.368871582979,0.));
#3211 = ORIENTED_EDGE('',*,*,#2207,.F.);
#3212 = PLANE('',#3213);
#3213 = AXIS2_PLACEMENT_3D('',#3214,#3215,#3216);
#3214 = CARTESIAN_POINT('',(6.550693825243,-2.599694284074,0.));
#3215 = DIRECTION('',(-0.368871582979,-0.929480368416,0.));
#3216 = DIRECTION('',(-0.929480368416,0.368871582979,0.));
#3217 = ADVANCED_FACE('',(#3218),#3243,.F.);
#3218 = FACE_BOUND('',#3219,.F.);
#3219 = EDGE_LOOP('',(#3220,#3228,#3236,#3242));
#3220 = ORIENTED_EDGE('',*,*,#3221,.F.);
#3221 = EDGE_CURVE('',#3222,#3191,#3224,.T.);
#3222 = VERTEX_POINT('',#3223);
#3223 = CARTESIAN_POINT('',(6.735325356359,-2.711088928872,2.65));
#3224 = LINE('',#3225,#3226);
#3225 = CARTESIAN_POINT('',(-1.115777954347,2.025755635464,2.65));
#3226 = VECTOR('',#3227,1.);
#3227 = DIRECTION('',(-0.856230604015,0.516593798596,0.));
#3228 = ORIENTED_EDGE('',*,*,#3229,.T.);
#3229 = EDGE_CURVE('',#3222,#3230,#3232,.T.);
#3230 = VERTEX_POINT('',#3231);
#3231 = CARTESIAN_POINT('',(6.735325356358,-2.711088928872,10.));
#3232 = LINE('',#3233,#3234);
#3233 = CARTESIAN_POINT('',(6.735325356359,-2.711088928872,0.));
#3234 = VECTOR('',#3235,1.);
#3235 = DIRECTION('',(0.,0.,1.));
#3236 = ORIENTED_EDGE('',*,*,#3237,.T.);
#3237 = EDGE_CURVE('',#3230,#3199,#3238,.T.);
#3238 = LINE('',#3239,#3240);
#3239 = CARTESIAN_POINT('',(6.735325356359,-2.711088928872,10.));
#3240 = VECTOR('',#3241,1.);
#3241 = DIRECTION('',(-0.856230604015,0.516593798596,0.));
#3242 = ORIENTED_EDGE('',*,*,#3198,.F.);
#3243 = PLANE('',#3244);
#3244 = AXIS2_PLACEMENT_3D('',#3245,#3246,#3247);
#3245 = CARTESIAN_POINT('',(6.735325356359,-2.711088928872,0.));
#3246 = DIRECTION('',(-0.516593798596,-0.856230604015,0.));
#3247 = DIRECTION('',(-0.856230604015,0.516593798596,0.));
#3248 = ADVANCED_FACE('',(#3249),#3274,.F.);
#3249 = FACE_BOUND('',#3250,.F.);
#3250 = EDGE_LOOP('',(#3251,#3259,#3267,#3273));
#3251 = ORIENTED_EDGE('',*,*,#3252,.F.);
#3252 = EDGE_CURVE('',#3253,#3222,#3255,.T.);
#3253 = VERTEX_POINT('',#3254);
#3254 = CARTESIAN_POINT('',(6.908055611187,-2.851060678313,2.65));
#3255 = LINE('',#3256,#3257);
#3256 = CARTESIAN_POINT('',(0.431777285911,2.39698349298,2.65));
#3257 = VECTOR('',#3258,1.);
#3258 = DIRECTION('',(-0.776931329639,0.629585346895,0.));
#3259 = ORIENTED_EDGE('',*,*,#3260,.T.);
#3260 = EDGE_CURVE('',#3253,#3261,#3263,.T.);
#3261 = VERTEX_POINT('',#3262);
#3262 = CARTESIAN_POINT('',(6.908055611187,-2.851060678313,10.));
#3263 = LINE('',#3264,#3265);
#3264 = CARTESIAN_POINT('',(6.908055611187,-2.851060678313,0.));
#3265 = VECTOR('',#3266,1.);
#3266 = DIRECTION('',(0.,0.,1.));
#3267 = ORIENTED_EDGE('',*,*,#3268,.T.);
#3268 = EDGE_CURVE('',#3261,#3230,#3269,.T.);
#3269 = LINE('',#3270,#3271);
#3270 = CARTESIAN_POINT('',(6.908055611187,-2.851060678313,10.));
#3271 = VECTOR('',#3272,1.);
#3272 = DIRECTION('',(-0.776931329639,0.629585346895,0.));
#3273 = ORIENTED_EDGE('',*,*,#3229,.F.);
#3274 = PLANE('',#3275);
#3275 = AXIS2_PLACEMENT_3D('',#3276,#3277,#3278);
#3276 = CARTESIAN_POINT('',(6.908055611187,-2.851060678313,0.));
#3277 = DIRECTION('',(-0.629585346895,-0.776931329639,0.));
#3278 = DIRECTION('',(-0.776931329639,0.629585346895,0.));
#3279 = ADVANCED_FACE('',(#3280),#3305,.F.);
#3280 = FACE_BOUND('',#3281,.F.);
#3281 = EDGE_LOOP('',(#3282,#3290,#3298,#3304));
#3282 = ORIENTED_EDGE('',*,*,#3283,.F.);
#3283 = EDGE_CURVE('',#3284,#3253,#3286,.T.);
#3284 = VERTEX_POINT('',#3285);
#3285 = CARTESIAN_POINT('',(7.071796701356,-3.010846529583,2.65));
#3286 = LINE('',#3287,#3288);
#3287 = CARTESIAN_POINT('',(1.538726888674,2.388569519523,2.65));
#3288 = VECTOR('',#3289,1.);
#3289 = DIRECTION('',(-0.715697946264,0.698409943882,0.));
#3290 = ORIENTED_EDGE('',*,*,#3291,.T.);
#3291 = EDGE_CURVE('',#3284,#3292,#3294,.T.);
#3292 = VERTEX_POINT('',#3293);
#3293 = CARTESIAN_POINT('',(7.071796701356,-3.010846529583,10.));
#3294 = LINE('',#3295,#3296);
#3295 = CARTESIAN_POINT('',(7.071796701356,-3.010846529583,0.));
#3296 = VECTOR('',#3297,1.);
#3297 = DIRECTION('',(0.,0.,1.));
#3298 = ORIENTED_EDGE('',*,*,#3299,.T.);
#3299 = EDGE_CURVE('',#3292,#3261,#3300,.T.);
#3300 = LINE('',#3301,#3302);
#3301 = CARTESIAN_POINT('',(7.071796701356,-3.010846529583,10.));
#3302 = VECTOR('',#3303,1.);
#3303 = DIRECTION('',(-0.715697946264,0.698409943882,0.));
#3304 = ORIENTED_EDGE('',*,*,#3260,.F.);
#3305 = PLANE('',#3306);
#3306 = AXIS2_PLACEMENT_3D('',#3307,#3308,#3309);
#3307 = CARTESIAN_POINT('',(7.071796701356,-3.010846529583,0.));
#3308 = DIRECTION('',(-0.698409943882,-0.715697946264,0.));
#3309 = DIRECTION('',(-0.715697946264,0.698409943882,0.));
#3310 = ADVANCED_FACE('',(#3311),#3336,.F.);
#3311 = FACE_BOUND('',#3312,.F.);
#3312 = EDGE_LOOP('',(#3313,#3321,#3329,#3335));
#3313 = ORIENTED_EDGE('',*,*,#3314,.F.);
#3314 = EDGE_CURVE('',#3315,#3284,#3317,.T.);
#3315 = VERTEX_POINT('',#3316);
#3316 = CARTESIAN_POINT('',(7.227163610706,-3.187459059236,2.65));
#3317 = LINE('',#3318,#3319);
#3318 = CARTESIAN_POINT('',(2.468134492663,2.22234264658,2.65));
#3319 = VECTOR('',#3320,1.);
#3320 = DIRECTION('',(-0.660503020377,0.75082338807,0.));
#3321 = ORIENTED_EDGE('',*,*,#3322,.T.);
#3322 = EDGE_CURVE('',#3315,#3323,#3325,.T.);
#3323 = VERTEX_POINT('',#3324);
#3324 = CARTESIAN_POINT('',(7.227163610706,-3.187459059236,10.));
#3325 = LINE('',#3326,#3327);
#3326 = CARTESIAN_POINT('',(7.227163610706,-3.187459059236,0.));
#3327 = VECTOR('',#3328,1.);
#3328 = DIRECTION('',(0.,0.,1.));
#3329 = ORIENTED_EDGE('',*,*,#3330,.T.);
#3330 = EDGE_CURVE('',#3323,#3292,#3331,.T.);
#3331 = LINE('',#3332,#3333);
#3332 = CARTESIAN_POINT('',(7.227163610706,-3.187459059236,10.));
#3333 = VECTOR('',#3334,1.);
#3334 = DIRECTION('',(-0.660503020377,0.75082338807,0.));
#3335 = ORIENTED_EDGE('',*,*,#3291,.F.);
#3336 = PLANE('',#3337);
#3337 = AXIS2_PLACEMENT_3D('',#3338,#3339,#3340);
#3338 = CARTESIAN_POINT('',(7.227163610706,-3.187459059236,0.));
#3339 = DIRECTION('',(-0.75082338807,-0.660503020377,0.));
#3340 = DIRECTION('',(-0.660503020377,0.75082338807,0.));
#3341 = ADVANCED_FACE('',(#3342),#3367,.F.);
#3342 = FACE_BOUND('',#3343,.F.);
#3343 = EDGE_LOOP('',(#3344,#3352,#3360,#3366));
#3344 = ORIENTED_EDGE('',*,*,#3345,.F.);
#3345 = EDGE_CURVE('',#3346,#3315,#3348,.T.);
#3346 = VERTEX_POINT('',#3347);
#3347 = CARTESIAN_POINT('',(7.374258462235,-3.379192588693,2.65));
#3348 = LINE('',#3349,#3350);
#3349 = CARTESIAN_POINT('',(3.281047609589,1.956179488779,2.65));
#3350 = VECTOR('',#3351,1.);
#3351 = DIRECTION('',(-0.608689905396,0.793408217168,0.));
#3352 = ORIENTED_EDGE('',*,*,#3353,.T.);
#3353 = EDGE_CURVE('',#3346,#3354,#3356,.T.);
#3354 = VERTEX_POINT('',#3355);
#3355 = CARTESIAN_POINT('',(7.374258462235,-3.379192588693,10.));
#3356 = LINE('',#3357,#3358);
#3357 = CARTESIAN_POINT('',(7.374258462235,-3.379192588693,0.));
#3358 = VECTOR('',#3359,1.);
#3359 = DIRECTION('',(0.,0.,1.));
#3360 = ORIENTED_EDGE('',*,*,#3361,.T.);
#3361 = EDGE_CURVE('',#3354,#3323,#3362,.T.);
#3362 = LINE('',#3363,#3364);
#3363 = CARTESIAN_POINT('',(7.374258462235,-3.379192588693,10.));
#3364 = VECTOR('',#3365,1.);
#3365 = DIRECTION('',(-0.608689905396,0.793408217168,0.));
#3366 = ORIENTED_EDGE('',*,*,#3322,.F.);
#3367 = PLANE('',#3368);
#3368 = AXIS2_PLACEMENT_3D('',#3369,#3370,#3371);
#3369 = CARTESIAN_POINT('',(7.374258462235,-3.379192588693,0.));
#3370 = DIRECTION('',(-0.793408217168,-0.608689905396,0.));
#3371 = DIRECTION('',(-0.608689905396,0.793408217168,0.));
#3372 = ADVANCED_FACE('',(#3373),#3398,.F.);
#3373 = FACE_BOUND('',#3374,.F.);
#3374 = EDGE_LOOP('',(#3375,#3383,#3391,#3397));
#3375 = ORIENTED_EDGE('',*,*,#3376,.F.);
#3376 = EDGE_CURVE('',#3377,#3346,#3379,.T.);
#3377 = VERTEX_POINT('',#3378);
#3378 = CARTESIAN_POINT('',(7.512965723529,-3.584881500747,2.65));
#3379 = LINE('',#3380,#3381);
#3380 = CARTESIAN_POINT('',(4.00472208321,1.61749082545,2.65));
#3381 = VECTOR('',#3382,1.);
#3382 = DIRECTION('',(-0.559105184694,0.829096732866,0.));
#3383 = ORIENTED_EDGE('',*,*,#3384,.T.);
#3384 = EDGE_CURVE('',#3377,#3385,#3387,.T.);
#3385 = VERTEX_POINT('',#3386);
#3386 = CARTESIAN_POINT('',(7.512965723529,-3.584881500747,10.));
#3387 = LINE('',#3388,#3389);
#3388 = CARTESIAN_POINT('',(7.512965723529,-3.584881500747,0.));
#3389 = VECTOR('',#3390,1.);
#3390 = DIRECTION('',(0.,0.,1.));
#3391 = ORIENTED_EDGE('',*,*,#3392,.T.);
#3392 = EDGE_CURVE('',#3385,#3354,#3393,.T.);
#3393 = LINE('',#3394,#3395);
#3394 = CARTESIAN_POINT('',(7.512965723529,-3.584881500747,10.));
#3395 = VECTOR('',#3396,1.);
#3396 = DIRECTION('',(-0.559105184694,0.829096732866,0.));
#3397 = ORIENTED_EDGE('',*,*,#3353,.F.);
#3398 = PLANE('',#3399);
#3399 = AXIS2_PLACEMENT_3D('',#3400,#3401,#3402);
#3400 = CARTESIAN_POINT('',(7.512965723529,-3.584881500747,0.));
#3401 = DIRECTION('',(-0.829096732866,-0.559105184694,0.));
#3402 = DIRECTION('',(-0.559105184694,0.829096732866,0.));
#3403 = ADVANCED_FACE('',(#3404),#3429,.F.);
#3404 = FACE_BOUND('',#3405,.F.);
#3405 = EDGE_LOOP('',(#3406,#3414,#3422,#3428));
#3406 = ORIENTED_EDGE('',*,*,#3407,.F.);
#3407 = EDGE_CURVE('',#3408,#3377,#3410,.T.);
#3408 = VERTEX_POINT('',#3409);
#3409 = CARTESIAN_POINT('',(7.643056828569,-3.803638807704,2.65));
#3410 = LINE('',#3411,#3412);
#3411 = CARTESIAN_POINT('',(4.65416649035,1.222389689611,2.65));
#3412 = VECTOR('',#3413,1.);
#3413 = DIRECTION('',(-0.511131104088,0.859502759992,0.));
#3414 = ORIENTED_EDGE('',*,*,#3415,.T.);
#3415 = EDGE_CURVE('',#3408,#3416,#3418,.T.);
#3416 = VERTEX_POINT('',#3417);
#3417 = CARTESIAN_POINT('',(7.643056828569,-3.803638807704,10.));
#3418 = LINE('',#3419,#3420);
#3419 = CARTESIAN_POINT('',(7.643056828569,-3.803638807704,0.));
#3420 = VECTOR('',#3421,1.);
#3421 = DIRECTION('',(0.,0.,1.));
#3422 = ORIENTED_EDGE('',*,*,#3423,.T.);
#3423 = EDGE_CURVE('',#3416,#3385,#3424,.T.);
#3424 = LINE('',#3425,#3426);
#3425 = CARTESIAN_POINT('',(7.643056828569,-3.803638807704,10.));
#3426 = VECTOR('',#3427,1.);
#3427 = DIRECTION('',(-0.511131104088,0.859502759992,0.));
#3428 = ORIENTED_EDGE('',*,*,#3384,.F.);
#3429 = PLANE('',#3430);
#3430 = AXIS2_PLACEMENT_3D('',#3431,#3432,#3433);
#3431 = CARTESIAN_POINT('',(7.643056828569,-3.803638807704,0.));
#3432 = DIRECTION('',(-0.859502759992,-0.511131104088,0.));
#3433 = DIRECTION('',(-0.511131104088,0.859502759992,0.));
#3434 = ADVANCED_FACE('',(#3435),#3476,.F.);
#3435 = FACE_BOUND('',#3436,.F.);
#3436 = EDGE_LOOP('',(#3437,#3447,#3455,#3461,#3462,#3470));
#3437 = ORIENTED_EDGE('',*,*,#3438,.F.);
#3438 = EDGE_CURVE('',#3439,#3441,#3443,.T.);
#3439 = VERTEX_POINT('',#3440);
#3440 = CARTESIAN_POINT('',(7.764238274662,-4.034737167929,0.65));
#3441 = VERTEX_POINT('',#3442);
#3442 = CARTESIAN_POINT('',(7.69358591332,-3.9,0.65));
#3443 = LINE('',#3444,#3445);
#3444 = CARTESIAN_POINT('',(5.277794490638,0.707020748039,0.65));
#3445 = VECTOR('',#3446,1.);
#3446 = DIRECTION('',(-0.464397651666,0.885626795624,0.));
#3447 = ORIENTED_EDGE('',*,*,#3448,.T.);
#3448 = EDGE_CURVE('',#3439,#3449,#3451,.T.);
#3449 = VERTEX_POINT('',#3450);
#3450 = CARTESIAN_POINT('',(7.764238274662,-4.034737167929,10.));
#3451 = LINE('',#3452,#3453);
#3452 = CARTESIAN_POINT('',(7.764238274662,-4.034737167929,0.));
#3453 = VECTOR('',#3454,1.);
#3454 = DIRECTION('',(0.,0.,1.));
#3455 = ORIENTED_EDGE('',*,*,#3456,.T.);
#3456 = EDGE_CURVE('',#3449,#3416,#3457,.T.);
#3457 = LINE('',#3458,#3459);
#3458 = CARTESIAN_POINT('',(7.764238274662,-4.034737167929,10.));
#3459 = VECTOR('',#3460,1.);
#3460 = DIRECTION('',(-0.464397651666,0.885626795624,0.));
#3461 = ORIENTED_EDGE('',*,*,#3415,.F.);
#3462 = ORIENTED_EDGE('',*,*,#3463,.F.);
#3463 = EDGE_CURVE('',#3464,#3408,#3466,.T.);
#3464 = VERTEX_POINT('',#3465);
#3465 = CARTESIAN_POINT('',(7.69358591332,-3.9,2.65));
#3466 = LINE('',#3467,#3468);
#3467 = CARTESIAN_POINT('',(5.238670925584,0.781631111436,2.65));
#3468 = VECTOR('',#3469,1.);
#3469 = DIRECTION('',(-0.464397651666,0.885626795624,0.));
#3470 = ORIENTED_EDGE('',*,*,#3471,.T.);
#3471 = EDGE_CURVE('',#3464,#3441,#3472,.T.);
#3472 = LINE('',#3473,#3474);
#3473 = CARTESIAN_POINT('',(7.69358591332,-3.9,0.275));
#3474 = VECTOR('',#3475,1.);
#3475 = DIRECTION('',(0.,0.,-1.));
#3476 = PLANE('',#3477);
#3477 = AXIS2_PLACEMENT_3D('',#3478,#3479,#3480);
#3478 = CARTESIAN_POINT('',(7.764238274662,-4.034737167929,0.));
#3479 = DIRECTION('',(-0.885626795624,-0.464397651666,0.));
#3480 = DIRECTION('',(-0.464397651666,0.885626795624,0.));
#3481 = ADVANCED_FACE('',(#3482),#3507,.T.);
#3482 = FACE_BOUND('',#3483,.T.);
#3483 = EDGE_LOOP('',(#3484,#3492,#3500,#3506));
#3484 = ORIENTED_EDGE('',*,*,#3485,.T.);
#3485 = EDGE_CURVE('',#3441,#3486,#3488,.T.);
#3486 = VERTEX_POINT('',#3487);
#3487 = CARTESIAN_POINT('',(4.928706397557,-3.9,0.65));
#3488 = LINE('',#3489,#3490);
#3489 = CARTESIAN_POINT('',(-15.6,-3.9,0.65));
#3490 = VECTOR('',#3491,1.);
#3491 = DIRECTION('',(-1.,0.,0.));
#3492 = ORIENTED_EDGE('',*,*,#3493,.T.);
#3493 = EDGE_CURVE('',#3486,#3494,#3496,.T.);
#3494 = VERTEX_POINT('',#3495);
#3495 = CARTESIAN_POINT('',(4.928706397557,-3.9,2.65));
#3496 = LINE('',#3497,#3498);
#3497 = CARTESIAN_POINT('',(4.928706397557,-3.9,0.275));
#3498 = VECTOR('',#3499,1.);
#3499 = DIRECTION('',(0.,0.,1.));
#3500 = ORIENTED_EDGE('',*,*,#3501,.T.);
#3501 = EDGE_CURVE('',#3494,#3464,#3502,.T.);
#3502 = LINE('',#3503,#3504);
#3503 = CARTESIAN_POINT('',(-15.4,-3.9,2.65));
#3504 = VECTOR('',#3505,1.);
#3505 = DIRECTION('',(1.,0.,0.));
#3506 = ORIENTED_EDGE('',*,*,#3471,.T.);
#3507 = PLANE('',#3508);
#3508 = AXIS2_PLACEMENT_3D('',#3509,#3510,#3511);
#3509 = CARTESIAN_POINT('',(-15.4,-3.9,0.55));
#3510 = DIRECTION('',(0.,1.,0.));
#3511 = DIRECTION('',(0.,0.,1.));
#3512 = ADVANCED_FACE('',(#3513),#3561,.F.);
#3513 = FACE_BOUND('',#3514,.F.);
#3514 = EDGE_LOOP('',(#3515,#3525,#3533,#3539,#3540,#3546,#3547,#3555));
#3515 = ORIENTED_EDGE('',*,*,#3516,.F.);
#3516 = EDGE_CURVE('',#3517,#3519,#3521,.T.);
#3517 = VERTEX_POINT('',#3518);
#3518 = CARTESIAN_POINT('',(5.434214746024,-4.3,0.));
#3519 = VERTEX_POINT('',#3520);
#3520 = CARTESIAN_POINT('',(5.526748204702,-4.373220123038,0.));
#3521 = LINE('',#3522,#3523);
#3522 = CARTESIAN_POINT('',(4.6561420532,-3.684324555522,0.));
#3523 = VECTOR('',#3524,1.);
#3524 = DIRECTION('',(0.784192345802,-0.620517819877,0.));
#3525 = ORIENTED_EDGE('',*,*,#3526,.T.);
#3526 = EDGE_CURVE('',#3517,#3527,#3529,.T.);
#3527 = VERTEX_POINT('',#3528);
#3528 = CARTESIAN_POINT('',(5.434214746024,-4.3,0.65));
#3529 = LINE('',#3530,#3531);
#3530 = CARTESIAN_POINT('',(5.434214746024,-4.3,-7.5E-02));
#3531 = VECTOR('',#3532,1.);
#3532 = DIRECTION('',(0.,0.,1.));
#3533 = ORIENTED_EDGE('',*,*,#3534,.F.);
#3534 = EDGE_CURVE('',#3486,#3527,#3535,.T.);
#3535 = LINE('',#3536,#3537);
#3536 = CARTESIAN_POINT('',(-1.483892843314,1.174178703725,0.65));
#3537 = VECTOR('',#3538,1.);
#3538 = DIRECTION('',(0.784192345802,-0.620517819877,0.));
#3539 = ORIENTED_EDGE('',*,*,#3493,.T.);
#3540 = ORIENTED_EDGE('',*,*,#3541,.F.);
#3541 = EDGE_CURVE('',#2182,#3494,#3542,.T.);
#3542 = LINE('',#3543,#3544);
#3543 = CARTESIAN_POINT('',(-1.458222381228,1.153866111726,2.65));
#3544 = VECTOR('',#3545,1.);
#3545 = DIRECTION('',(0.784192345802,-0.620517819877,0.));
#3546 = ORIENTED_EDGE('',*,*,#2190,.T.);
#3547 = ORIENTED_EDGE('',*,*,#3548,.T.);
#3548 = EDGE_CURVE('',#2191,#3549,#3551,.T.);
#3549 = VERTEX_POINT('',#3550);
#3550 = CARTESIAN_POINT('',(5.526748204702,-4.373220123038,10.));
#3551 = LINE('',#3552,#3553);
#3552 = CARTESIAN_POINT('',(4.6561420532,-3.684324555522,10.));
#3553 = VECTOR('',#3554,1.);
#3554 = DIRECTION('',(0.784192345802,-0.620517819877,0.));
#3555 = ORIENTED_EDGE('',*,*,#3556,.F.);
#3556 = EDGE_CURVE('',#3519,#3549,#3557,.T.);
#3557 = LINE('',#3558,#3559);
#3558 = CARTESIAN_POINT('',(5.526748204702,-4.373220123038,0.));
#3559 = VECTOR('',#3560,1.);
#3560 = DIRECTION('',(0.,0.,1.));
#3561 = PLANE('',#3562);
#3562 = AXIS2_PLACEMENT_3D('',#3563,#3564,#3565);
#3563 = CARTESIAN_POINT('',(4.6561420532,-3.684324555522,0.));
#3564 = DIRECTION('',(0.620517819877,0.784192345802,0.));
#3565 = DIRECTION('',(0.784192345802,-0.620517819877,0.));
#3566 = ADVANCED_FACE('',(#3567),#3592,.T.);
#3567 = FACE_BOUND('',#3568,.T.);
#3568 = EDGE_LOOP('',(#3569,#3577,#3585,#3591));
#3569 = ORIENTED_EDGE('',*,*,#3570,.T.);
#3570 = EDGE_CURVE('',#2165,#3571,#3573,.T.);
#3571 = VERTEX_POINT('',#3572);
#3572 = CARTESIAN_POINT('',(3.9,-3.9,0.65));
#3573 = LINE('',#3574,#3575);
#3574 = CARTESIAN_POINT('',(-15.6,-3.9,0.65));
#3575 = VECTOR('',#3576,1.);
#3576 = DIRECTION('',(-1.,0.,0.));
#3577 = ORIENTED_EDGE('',*,*,#3578,.F.);
#3578 = EDGE_CURVE('',#3579,#3571,#3581,.T.);
#3579 = VERTEX_POINT('',#3580);
#3580 = CARTESIAN_POINT('',(3.9,-3.9,2.65));
#3581 = LINE('',#3582,#3583);
#3582 = CARTESIAN_POINT('',(3.9,-3.9,0.55));
#3583 = VECTOR('',#3584,1.);
#3584 = DIRECTION('',(0.,0.,-1.));
#3585 = ORIENTED_EDGE('',*,*,#3586,.T.);
#3586 = EDGE_CURVE('',#3579,#2174,#3587,.T.);
#3587 = LINE('',#3588,#3589);
#3588 = CARTESIAN_POINT('',(-15.4,-3.9,2.65));
#3589 = VECTOR('',#3590,1.);
#3590 = DIRECTION('',(1.,0.,0.));
#3591 = ORIENTED_EDGE('',*,*,#2173,.F.);
#3592 = PLANE('',#3593);
#3593 = AXIS2_PLACEMENT_3D('',#3594,#3595,#3596);
#3594 = CARTESIAN_POINT('',(-15.4,-3.9,0.55));
#3595 = DIRECTION('',(0.,1.,0.));
#3596 = DIRECTION('',(0.,0.,1.));
#3597 = ADVANCED_FACE('',(#3598),#3655,.F.);
#3598 = FACE_BOUND('',#3599,.F.);
#3599 = EDGE_LOOP('',(#3600,#3610,#3618,#3626,#3634,#3640,#3641,#3649));
#3600 = ORIENTED_EDGE('',*,*,#3601,.F.);
#3601 = EDGE_CURVE('',#3602,#3604,#3606,.T.);
#3602 = VERTEX_POINT('',#3603);
#3603 = CARTESIAN_POINT('',(-5.434214746024,4.3,0.));
#3604 = VERTEX_POINT('',#3605);
#3605 = CARTESIAN_POINT('',(-5.526748204702,4.373220123038,0.));
#3606 = LINE('',#3607,#3608);
#3607 = CARTESIAN_POINT('',(-4.6561420532,3.684324555522,0.));
#3608 = VECTOR('',#3609,1.);
#3609 = DIRECTION('',(-0.784192345802,0.620517819877,0.));
#3610 = ORIENTED_EDGE('',*,*,#3611,.F.);
#3611 = EDGE_CURVE('',#3612,#3602,#3614,.T.);
#3612 = VERTEX_POINT('',#3613);
#3613 = CARTESIAN_POINT('',(-5.434214746024,4.3,0.65));
#3614 = LINE('',#3615,#3616);
#3615 = CARTESIAN_POINT('',(-5.434214746024,4.3,-7.5E-02));
#3616 = VECTOR('',#3617,1.);
#3617 = DIRECTION('',(0.,0.,-1.));
#3618 = ORIENTED_EDGE('',*,*,#3619,.F.);
#3619 = EDGE_CURVE('',#3620,#3612,#3622,.T.);
#3620 = VERTEX_POINT('',#3621);
#3621 = CARTESIAN_POINT('',(-4.928706397557,3.9,0.65));
#3622 = LINE('',#3623,#3624);
#3623 = CARTESIAN_POINT('',(-6.140034896514,4.858503259248,0.65));
#3624 = VECTOR('',#3625,1.);
#3625 = DIRECTION('',(-0.784192345802,0.620517819877,0.));
#3626 = ORIENTED_EDGE('',*,*,#3627,.F.);
#3627 = EDGE_CURVE('',#3628,#3620,#3630,.T.);
#3628 = VERTEX_POINT('',#3629);
#3629 = CARTESIAN_POINT('',(-4.928706397557,3.9,2.65));
#3630 = LINE('',#3631,#3632);
#3631 = CARTESIAN_POINT('',(-4.928706397557,3.9,0.275));
#3632 = VECTOR('',#3633,1.);
#3633 = DIRECTION('',(0.,0.,-1.));
#3634 = ORIENTED_EDGE('',*,*,#3635,.F.);
#3635 = EDGE_CURVE('',#1874,#3628,#3636,.T.);
#3636 = LINE('',#3637,#3638);
#3637 = CARTESIAN_POINT('',(-6.114364434427,4.838190667248,2.65));
#3638 = VECTOR('',#3639,1.);
#3639 = DIRECTION('',(-0.784192345802,0.620517819877,0.));
#3640 = ORIENTED_EDGE('',*,*,#1882,.T.);
#3641 = ORIENTED_EDGE('',*,*,#3642,.T.);
#3642 = EDGE_CURVE('',#1883,#3643,#3645,.T.);
#3643 = VERTEX_POINT('',#3644);
#3644 = CARTESIAN_POINT('',(-5.526748204702,4.373220123038,10.));
#3645 = LINE('',#3646,#3647);
#3646 = CARTESIAN_POINT('',(-4.6561420532,3.684324555522,10.));
#3647 = VECTOR('',#3648,1.);
#3648 = DIRECTION('',(-0.784192345802,0.620517819877,0.));
#3649 = ORIENTED_EDGE('',*,*,#3650,.F.);
#3650 = EDGE_CURVE('',#3604,#3643,#3651,.T.);
#3651 = LINE('',#3652,#3653);
#3652 = CARTESIAN_POINT('',(-5.526748204702,4.373220123038,0.));
#3653 = VECTOR('',#3654,1.);
#3654 = DIRECTION('',(0.,0.,1.));
#3655 = PLANE('',#3656);
#3656 = AXIS2_PLACEMENT_3D('',#3657,#3658,#3659);
#3657 = CARTESIAN_POINT('',(-4.6561420532,3.684324555522,0.));
#3658 = DIRECTION('',(-0.620517819877,-0.784192345802,0.));
#3659 = DIRECTION('',(-0.784192345802,0.620517819877,0.));
#3660 = ADVANCED_FACE('',(#3661),#3686,.F.);
#3661 = FACE_BOUND('',#3662,.F.);
#3662 = EDGE_LOOP('',(#3663,#3664,#3672,#3680));
#3663 = ORIENTED_EDGE('',*,*,#3627,.T.);
#3664 = ORIENTED_EDGE('',*,*,#3665,.T.);
#3665 = EDGE_CURVE('',#3620,#3666,#3668,.T.);
#3666 = VERTEX_POINT('',#3667);
#3667 = CARTESIAN_POINT('',(-7.69358591332,3.9,0.65));
#3668 = LINE('',#3669,#3670);
#3669 = CARTESIAN_POINT('',(-15.6,3.9,0.65));
#3670 = VECTOR('',#3671,1.);
#3671 = DIRECTION('',(-1.,0.,0.));
#3672 = ORIENTED_EDGE('',*,*,#3673,.T.);
#3673 = EDGE_CURVE('',#3666,#3674,#3676,.T.);
#3674 = VERTEX_POINT('',#3675);
#3675 = CARTESIAN_POINT('',(-7.69358591332,3.9,2.65));
#3676 = LINE('',#3677,#3678);
#3677 = CARTESIAN_POINT('',(-7.69358591332,3.9,0.275));
#3678 = VECTOR('',#3679,1.);
#3679 = DIRECTION('',(0.,0.,1.));
#3680 = ORIENTED_EDGE('',*,*,#3681,.T.);
#3681 = EDGE_CURVE('',#3674,#3628,#3682,.T.);
#3682 = LINE('',#3683,#3684);
#3683 = CARTESIAN_POINT('',(-15.4,3.9,2.65));
#3684 = VECTOR('',#3685,1.);
#3685 = DIRECTION('',(1.,0.,0.));
#3686 = PLANE('',#3687);
#3687 = AXIS2_PLACEMENT_3D('',#3688,#3689,#3690);
#3688 = CARTESIAN_POINT('',(-15.4,3.9,0.55));
#3689 = DIRECTION('',(0.,1.,0.));
#3690 = DIRECTION('',(0.,0.,1.));
#3691 = ADVANCED_FACE('',(#3692),#3717,.F.);
#3692 = FACE_BOUND('',#3693,.F.);
#3693 = EDGE_LOOP('',(#3694,#3704,#3710,#3711));
#3694 = ORIENTED_EDGE('',*,*,#3695,.T.);
#3695 = EDGE_CURVE('',#3696,#3698,#3700,.T.);
#3696 = VERTEX_POINT('',#3697);
#3697 = CARTESIAN_POINT('',(-3.9,3.9,2.65));
#3698 = VERTEX_POINT('',#3699);
#3699 = CARTESIAN_POINT('',(-3.9,3.9,0.65));
#3700 = LINE('',#3701,#3702);
#3701 = CARTESIAN_POINT('',(-3.9,3.9,0.55));
#3702 = VECTOR('',#3703,1.);
#3703 = DIRECTION('',(0.,0.,-1.));
#3704 = ORIENTED_EDGE('',*,*,#3705,.T.);
#3705 = EDGE_CURVE('',#3698,#1857,#3706,.T.);
#3706 = LINE('',#3707,#3708);
#3707 = CARTESIAN_POINT('',(-15.6,3.9,0.65));
#3708 = VECTOR('',#3709,1.);
#3709 = DIRECTION('',(-1.,0.,0.));
#3710 = ORIENTED_EDGE('',*,*,#1865,.T.);
#3711 = ORIENTED_EDGE('',*,*,#3712,.T.);
#3712 = EDGE_CURVE('',#1866,#3696,#3713,.T.);
#3713 = LINE('',#3714,#3715);
#3714 = CARTESIAN_POINT('',(-15.4,3.9,2.65));
#3715 = VECTOR('',#3716,1.);
#3716 = DIRECTION('',(1.,0.,0.));
#3717 = PLANE('',#3718);
#3718 = AXIS2_PLACEMENT_3D('',#3719,#3720,#3721);
#3719 = CARTESIAN_POINT('',(-15.4,3.9,0.55));
#3720 = DIRECTION('',(0.,1.,0.));
#3721 = DIRECTION('',(0.,0.,1.));
#3722 = ADVANCED_FACE('',(#3723),#3748,.T.);
#3723 = FACE_BOUND('',#3724,.T.);
#3724 = EDGE_LOOP('',(#3725,#3733,#3734,#3742));
#3725 = ORIENTED_EDGE('',*,*,#3726,.T.);
#3726 = EDGE_CURVE('',#3727,#1985,#3729,.T.);
#3727 = VERTEX_POINT('',#3728);
#3728 = CARTESIAN_POINT('',(-3.9,-3.9,0.65));
#3729 = LINE('',#3730,#3731);
#3730 = CARTESIAN_POINT('',(-15.6,-3.9,0.65));
#3731 = VECTOR('',#3732,1.);
#3732 = DIRECTION('',(-1.,0.,0.));
#3733 = ORIENTED_EDGE('',*,*,#1984,.T.);
#3734 = ORIENTED_EDGE('',*,*,#3735,.T.);
#3735 = EDGE_CURVE('',#1976,#3736,#3738,.T.);
#3736 = VERTEX_POINT('',#3737);
#3737 = CARTESIAN_POINT('',(-3.9,-3.9,2.65));
#3738 = LINE('',#3739,#3740);
#3739 = CARTESIAN_POINT('',(-15.4,-3.9,2.65));
#3740 = VECTOR('',#3741,1.);
#3741 = DIRECTION('',(1.,0.,0.));
#3742 = ORIENTED_EDGE('',*,*,#3743,.T.);
#3743 = EDGE_CURVE('',#3736,#3727,#3744,.T.);
#3744 = LINE('',#3745,#3746);
#3745 = CARTESIAN_POINT('',(-3.9,-3.9,0.55));
#3746 = VECTOR('',#3747,1.);
#3747 = DIRECTION('',(0.,0.,-1.));
#3748 = PLANE('',#3749);
#3749 = AXIS2_PLACEMENT_3D('',#3750,#3751,#3752);
#3750 = CARTESIAN_POINT('',(-15.4,-3.9,0.55));
#3751 = DIRECTION('',(0.,1.,0.));
#3752 = DIRECTION('',(0.,0.,1.));
#3753 = ADVANCED_FACE('',(#3754),#3811,.F.);
#3754 = FACE_BOUND('',#3755,.F.);
#3755 = EDGE_LOOP('',(#3756,#3766,#3774,#3780,#3781,#3789,#3797,#3805));
#3756 = ORIENTED_EDGE('',*,*,#3757,.F.);
#3757 = EDGE_CURVE('',#3758,#3760,#3762,.T.);
#3758 = VERTEX_POINT('',#3759);
#3759 = CARTESIAN_POINT('',(-5.526748204702,-4.373220123038,0.));
#3760 = VERTEX_POINT('',#3761);
#3761 = CARTESIAN_POINT('',(-5.434214746024,-4.3,0.));
#3762 = LINE('',#3763,#3764);
#3763 = CARTESIAN_POINT('',(-5.526748204702,-4.373220123038,0.));
#3764 = VECTOR('',#3765,1.);
#3765 = DIRECTION('',(0.784192345802,0.620517819877,0.));
#3766 = ORIENTED_EDGE('',*,*,#3767,.T.);
#3767 = EDGE_CURVE('',#3758,#3768,#3770,.T.);
#3768 = VERTEX_POINT('',#3769);
#3769 = CARTESIAN_POINT('',(-5.526748204702,-4.373220123038,10.));
#3770 = LINE('',#3771,#3772);
#3771 = CARTESIAN_POINT('',(-5.526748204702,-4.373220123038,0.));
#3772 = VECTOR('',#3773,1.);
#3773 = DIRECTION('',(0.,0.,1.));
#3774 = ORIENTED_EDGE('',*,*,#3775,.T.);
#3775 = EDGE_CURVE('',#3768,#1959,#3776,.T.);
#3776 = LINE('',#3777,#3778);
#3777 = CARTESIAN_POINT('',(-5.526748204702,-4.373220123038,10.));
#3778 = VECTOR('',#3779,1.);
#3779 = DIRECTION('',(0.784192345802,0.620517819877,0.));
#3780 = ORIENTED_EDGE('',*,*,#1967,.F.);
#3781 = ORIENTED_EDGE('',*,*,#3782,.F.);
#3782 = EDGE_CURVE('',#3783,#1968,#3785,.T.);
#3783 = VERTEX_POINT('',#3784);
#3784 = CARTESIAN_POINT('',(-4.928706397557,-3.9,2.65));
#3785 = LINE('',#3786,#3787);
#3786 = CARTESIAN_POINT('',(-8.447428276827,-6.684303673669,2.65));
#3787 = VECTOR('',#3788,1.);
#3788 = DIRECTION('',(0.784192345802,0.620517819877,0.));
#3789 = ORIENTED_EDGE('',*,*,#3790,.T.);
#3790 = EDGE_CURVE('',#3783,#3791,#3793,.T.);
#3791 = VERTEX_POINT('',#3792);
#3792 = CARTESIAN_POINT('',(-4.928706397557,-3.9,0.65));
#3793 = LINE('',#3794,#3795);
#3794 = CARTESIAN_POINT('',(-4.928706397557,-3.9,0.275));
#3795 = VECTOR('',#3796,1.);
#3796 = DIRECTION('',(0.,0.,-1.));
#3797 = ORIENTED_EDGE('',*,*,#3798,.F.);
#3798 = EDGE_CURVE('',#3799,#3791,#3801,.T.);
#3799 = VERTEX_POINT('',#3800);
#3800 = CARTESIAN_POINT('',(-5.434214746024,-4.3,0.65));
#3801 = LINE('',#3802,#3803);
#3802 = CARTESIAN_POINT('',(-8.667740868827,-6.858633211583,0.65));
#3803 = VECTOR('',#3804,1.);
#3804 = DIRECTION('',(0.784192345802,0.620517819877,0.));
#3805 = ORIENTED_EDGE('',*,*,#3806,.T.);
#3806 = EDGE_CURVE('',#3799,#3760,#3807,.T.);
#3807 = LINE('',#3808,#3809);
#3808 = CARTESIAN_POINT('',(-5.434214746024,-4.3,-7.5E-02));
#3809 = VECTOR('',#3810,1.);
#3810 = DIRECTION('',(0.,0.,-1.));
#3811 = PLANE('',#3812);
#3812 = AXIS2_PLACEMENT_3D('',#3813,#3814,#3815);
#3813 = CARTESIAN_POINT('',(-5.526748204702,-4.373220123038,0.));
#3814 = DIRECTION('',(-0.620517819877,0.784192345802,0.));
#3815 = DIRECTION('',(0.784192345802,0.620517819877,0.));
#3816 = ADVANCED_FACE('',(#3817),#3842,.T.);
#3817 = FACE_BOUND('',#3818,.T.);
#3818 = EDGE_LOOP('',(#3819,#3820,#3828,#3836));
#3819 = ORIENTED_EDGE('',*,*,#3790,.T.);
#3820 = ORIENTED_EDGE('',*,*,#3821,.T.);
#3821 = EDGE_CURVE('',#3791,#3822,#3824,.T.);
#3822 = VERTEX_POINT('',#3823);
#3823 = CARTESIAN_POINT('',(-7.69358591332,-3.9,0.65));
#3824 = LINE('',#3825,#3826);
#3825 = CARTESIAN_POINT('',(-15.6,-3.9,0.65));
#3826 = VECTOR('',#3827,1.);
#3827 = DIRECTION('',(-1.,0.,0.));
#3828 = ORIENTED_EDGE('',*,*,#3829,.T.);
#3829 = EDGE_CURVE('',#3822,#3830,#3832,.T.);
#3830 = VERTEX_POINT('',#3831);
#3831 = CARTESIAN_POINT('',(-7.69358591332,-3.9,2.65));
#3832 = LINE('',#3833,#3834);
#3833 = CARTESIAN_POINT('',(-7.69358591332,-3.9,0.275));
#3834 = VECTOR('',#3835,1.);
#3835 = DIRECTION('',(0.,0.,1.));
#3836 = ORIENTED_EDGE('',*,*,#3837,.T.);
#3837 = EDGE_CURVE('',#3830,#3783,#3838,.T.);
#3838 = LINE('',#3839,#3840);
#3839 = CARTESIAN_POINT('',(-15.4,-3.9,2.65));
#3840 = VECTOR('',#3841,1.);
#3841 = DIRECTION('',(1.,0.,0.));
#3842 = PLANE('',#3843);
#3843 = AXIS2_PLACEMENT_3D('',#3844,#3845,#3846);
#3844 = CARTESIAN_POINT('',(-15.4,-3.9,0.55));
#3845 = DIRECTION('',(0.,1.,0.));
#3846 = DIRECTION('',(0.,0.,1.));
#3847 = ADVANCED_FACE('',(#3848),#3889,.F.);
#3848 = FACE_BOUND('',#3849,.F.);
#3849 = EDGE_LOOP('',(#3850,#3858,#3866,#3874,#3882,#3888));
#3850 = ORIENTED_EDGE('',*,*,#3851,.F.);
#3851 = EDGE_CURVE('',#3852,#3830,#3854,.T.);
#3852 = VERTEX_POINT('',#3853);
#3853 = CARTESIAN_POINT('',(-7.643056828569,-3.803638807704,2.65));
#3854 = LINE('',#3855,#3856);
#3855 = CARTESIAN_POINT('',(-8.499323957181,-5.436577972211,2.65));
#3856 = VECTOR('',#3857,1.);
#3857 = DIRECTION('',(-0.464397651666,-0.885626795624,0.));
#3858 = ORIENTED_EDGE('',*,*,#3859,.T.);
#3859 = EDGE_CURVE('',#3852,#3860,#3862,.T.);
#3860 = VERTEX_POINT('',#3861);
#3861 = CARTESIAN_POINT('',(-7.643056828569,-3.803638807704,10.));
#3862 = LINE('',#3863,#3864);
#3863 = CARTESIAN_POINT('',(-7.643056828569,-3.803638807704,0.));
#3864 = VECTOR('',#3865,1.);
#3865 = DIRECTION('',(0.,0.,1.));
#3866 = ORIENTED_EDGE('',*,*,#3867,.T.);
#3867 = EDGE_CURVE('',#3860,#3868,#3870,.T.);
#3868 = VERTEX_POINT('',#3869);
#3869 = CARTESIAN_POINT('',(-7.764238274662,-4.034737167929,10.));
#3870 = LINE('',#3871,#3872);
#3871 = CARTESIAN_POINT('',(-7.643056828569,-3.803638807704,10.));
#3872 = VECTOR('',#3873,1.);
#3873 = DIRECTION('',(-0.464397651666,-0.885626795624,0.));
#3874 = ORIENTED_EDGE('',*,*,#3875,.F.);
#3875 = EDGE_CURVE('',#3876,#3868,#3878,.T.);
#3876 = VERTEX_POINT('',#3877);
#3877 = CARTESIAN_POINT('',(-7.764238274662,-4.034737167929,0.65));
#3878 = LINE('',#3879,#3880);
#3879 = CARTESIAN_POINT('',(-7.764238274662,-4.034737167929,0.));
#3880 = VECTOR('',#3881,1.);
#3881 = DIRECTION('',(0.,0.,1.));
#3882 = ORIENTED_EDGE('',*,*,#3883,.F.);
#3883 = EDGE_CURVE('',#3822,#3876,#3884,.T.);
#3884 = LINE('',#3885,#3886);
#3885 = CARTESIAN_POINT('',(-8.624713593784,-5.675701537265,0.65));
#3886 = VECTOR('',#3887,1.);
#3887 = DIRECTION('',(-0.464397651666,-0.885626795624,0.));
#3888 = ORIENTED_EDGE('',*,*,#3829,.T.);
#3889 = PLANE('',#3890);
#3890 = AXIS2_PLACEMENT_3D('',#3891,#3892,#3893);
#3891 = CARTESIAN_POINT('',(-7.643056828569,-3.803638807704,0.));
#3892 = DIRECTION('',(0.885626795624,-0.464397651666,0.));
#3893 = DIRECTION('',(-0.464397651666,-0.885626795624,0.));
#3894 = ADVANCED_FACE('',(#3895),#3920,.F.);
#3895 = FACE_BOUND('',#3896,.F.);
#3896 = EDGE_LOOP('',(#3897,#3905,#3913,#3919));
#3897 = ORIENTED_EDGE('',*,*,#3898,.F.);
#3898 = EDGE_CURVE('',#3899,#3852,#3901,.T.);
#3899 = VERTEX_POINT('',#3900);
#3900 = CARTESIAN_POINT('',(-7.512965723529,-3.584881500747,2.65));
#3901 = LINE('',#3902,#3903);
#3902 = CARTESIAN_POINT('',(-8.612448023556,-5.433738015008,2.65));
#3903 = VECTOR('',#3904,1.);
#3904 = DIRECTION('',(-0.511131104088,-0.859502759992,0.));
#3905 = ORIENTED_EDGE('',*,*,#3906,.T.);
#3906 = EDGE_CURVE('',#3899,#3907,#3909,.T.);
#3907 = VERTEX_POINT('',#3908);
#3908 = CARTESIAN_POINT('',(-7.512965723529,-3.584881500747,10.));
#3909 = LINE('',#3910,#3911);
#3910 = CARTESIAN_POINT('',(-7.512965723529,-3.584881500747,0.));
#3911 = VECTOR('',#3912,1.);
#3912 = DIRECTION('',(0.,0.,1.));
#3913 = ORIENTED_EDGE('',*,*,#3914,.T.);
#3914 = EDGE_CURVE('',#3907,#3860,#3915,.T.);
#3915 = LINE('',#3916,#3917);
#3916 = CARTESIAN_POINT('',(-7.512965723529,-3.584881500747,10.));
#3917 = VECTOR('',#3918,1.);
#3918 = DIRECTION('',(-0.511131104088,-0.859502759992,0.));
#3919 = ORIENTED_EDGE('',*,*,#3859,.F.);
#3920 = PLANE('',#3921);
#3921 = AXIS2_PLACEMENT_3D('',#3922,#3923,#3924);
#3922 = CARTESIAN_POINT('',(-7.512965723529,-3.584881500747,0.));
#3923 = DIRECTION('',(0.859502759992,-0.511131104088,0.));
#3924 = DIRECTION('',(-0.511131104088,-0.859502759992,0.));
#3925 = ADVANCED_FACE('',(#3926),#3951,.F.);
#3926 = FACE_BOUND('',#3927,.F.);
#3927 = EDGE_LOOP('',(#3928,#3936,#3944,#3950));
#3928 = ORIENTED_EDGE('',*,*,#3929,.F.);
#3929 = EDGE_CURVE('',#3930,#3899,#3932,.T.);
#3930 = VERTEX_POINT('',#3931);
#3931 = CARTESIAN_POINT('',(-7.374258462235,-3.379192588693,2.65));
#3932 = LINE('',#3933,#3934);
#3933 = CARTESIAN_POINT('',(-8.749387008859,-5.418369860676,2.65));
#3934 = VECTOR('',#3935,1.);
#3935 = DIRECTION('',(-0.559105184694,-0.829096732866,0.));
#3936 = ORIENTED_EDGE('',*,*,#3937,.T.);
#3937 = EDGE_CURVE('',#3930,#3938,#3940,.T.);
#3938 = VERTEX_POINT('',#3939);
#3939 = CARTESIAN_POINT('',(-7.374258462235,-3.379192588693,10.));
#3940 = LINE('',#3941,#3942);
#3941 = CARTESIAN_POINT('',(-7.374258462235,-3.379192588693,0.));
#3942 = VECTOR('',#3943,1.);
#3943 = DIRECTION('',(0.,0.,1.));
#3944 = ORIENTED_EDGE('',*,*,#3945,.T.);
#3945 = EDGE_CURVE('',#3938,#3907,#3946,.T.);
#3946 = LINE('',#3947,#3948);
#3947 = CARTESIAN_POINT('',(-7.374258462235,-3.379192588693,10.));
#3948 = VECTOR('',#3949,1.);
#3949 = DIRECTION('',(-0.559105184694,-0.829096732866,0.));
#3950 = ORIENTED_EDGE('',*,*,#3906,.F.);
#3951 = PLANE('',#3952);
#3952 = AXIS2_PLACEMENT_3D('',#3953,#3954,#3955);
#3953 = CARTESIAN_POINT('',(-7.374258462235,-3.379192588693,0.));
#3954 = DIRECTION('',(0.829096732866,-0.559105184694,0.));
#3955 = DIRECTION('',(-0.559105184694,-0.829096732866,0.));
#3956 = ADVANCED_FACE('',(#3957),#3982,.F.);
#3957 = FACE_BOUND('',#3958,.F.);
#3958 = EDGE_LOOP('',(#3959,#3967,#3975,#3981));
#3959 = ORIENTED_EDGE('',*,*,#3960,.F.);
#3960 = EDGE_CURVE('',#3961,#3930,#3963,.T.);
#3961 = VERTEX_POINT('',#3962);
#3962 = CARTESIAN_POINT('',(-7.227163610706,-3.187459059236,2.65));
#3963 = LINE('',#3964,#3965);
#3964 = CARTESIAN_POINT('',(-8.913252558163,-5.385223165275,2.65));
#3965 = VECTOR('',#3966,1.);
#3966 = DIRECTION('',(-0.608689905396,-0.793408217167,0.));
#3967 = ORIENTED_EDGE('',*,*,#3968,.T.);
#3968 = EDGE_CURVE('',#3961,#3969,#3971,.T.);
#3969 = VERTEX_POINT('',#3970);
#3970 = CARTESIAN_POINT('',(-7.227163610706,-3.187459059236,10.));
#3971 = LINE('',#3972,#3973);
#3972 = CARTESIAN_POINT('',(-7.227163610706,-3.187459059236,0.));
#3973 = VECTOR('',#3974,1.);
#3974 = DIRECTION('',(0.,0.,1.));
#3975 = ORIENTED_EDGE('',*,*,#3976,.T.);
#3976 = EDGE_CURVE('',#3969,#3938,#3977,.T.);
#3977 = LINE('',#3978,#3979);
#3978 = CARTESIAN_POINT('',(-7.227163610706,-3.187459059236,10.));
#3979 = VECTOR('',#3980,1.);
#3980 = DIRECTION('',(-0.608689905396,-0.793408217167,0.));
#3981 = ORIENTED_EDGE('',*,*,#3937,.F.);
#3982 = PLANE('',#3983);
#3983 = AXIS2_PLACEMENT_3D('',#3984,#3985,#3986);
#3984 = CARTESIAN_POINT('',(-7.227163610706,-3.187459059236,0.));
#3985 = DIRECTION('',(0.793408217167,-0.608689905396,0.));
#3986 = DIRECTION('',(-0.608689905396,-0.793408217167,0.));
#3987 = ADVANCED_FACE('',(#3988),#4013,.F.);
#3988 = FACE_BOUND('',#3989,.F.);
#3989 = EDGE_LOOP('',(#3990,#3998,#4006,#4012));
#3990 = ORIENTED_EDGE('',*,*,#3991,.F.);
#3991 = EDGE_CURVE('',#3992,#3961,#3994,.T.);
#3992 = VERTEX_POINT('',#3993);
#3993 = CARTESIAN_POINT('',(-7.071796701356,-3.010846529583,2.65));
#3994 = LINE('',#3995,#3996);
#3995 = CARTESIAN_POINT('',(-9.108920332867,-5.326536268678,2.65));
#3996 = VECTOR('',#3997,1.);
#3997 = DIRECTION('',(-0.660503020377,-0.75082338807,0.));
#3998 = ORIENTED_EDGE('',*,*,#3999,.T.);
#3999 = EDGE_CURVE('',#3992,#4000,#4002,.T.);
#4000 = VERTEX_POINT('',#4001);
#4001 = CARTESIAN_POINT('',(-7.071796701356,-3.010846529583,10.));
#4002 = LINE('',#4003,#4004);
#4003 = CARTESIAN_POINT('',(-7.071796701356,-3.010846529583,0.));
#4004 = VECTOR('',#4005,1.);
#4005 = DIRECTION('',(0.,0.,1.));
#4006 = ORIENTED_EDGE('',*,*,#4007,.T.);
#4007 = EDGE_CURVE('',#4000,#3969,#4008,.T.);
#4008 = LINE('',#4009,#4010);
#4009 = CARTESIAN_POINT('',(-7.071796701356,-3.010846529583,10.));
#4010 = VECTOR('',#4011,1.);
#4011 = DIRECTION('',(-0.660503020377,-0.75082338807,0.));
#4012 = ORIENTED_EDGE('',*,*,#3968,.F.);
#4013 = PLANE('',#4014);
#4014 = AXIS2_PLACEMENT_3D('',#4015,#4016,#4017);
#4015 = CARTESIAN_POINT('',(-7.071796701356,-3.010846529583,0.));
#4016 = DIRECTION('',(0.75082338807,-0.660503020377,0.));
#4017 = DIRECTION('',(-0.660503020377,-0.75082338807,0.));
#4018 = ADVANCED_FACE('',(#4019),#4044,.F.);
#4019 = FACE_BOUND('',#4020,.F.);
#4020 = EDGE_LOOP('',(#4021,#4029,#4037,#4043));
#4021 = ORIENTED_EDGE('',*,*,#4022,.F.);
#4022 = EDGE_CURVE('',#4023,#3992,#4025,.T.);
#4023 = VERTEX_POINT('',#4024);
#4024 = CARTESIAN_POINT('',(-6.908055611187,-2.851060678313,2.65));
#4025 = LINE('',#4026,#4027);
#4026 = CARTESIAN_POINT('',(-9.345099018004,-5.229236217139,2.65));
#4027 = VECTOR('',#4028,1.);
#4028 = DIRECTION('',(-0.715697946264,-0.698409943882,0.));
#4029 = ORIENTED_EDGE('',*,*,#4030,.T.);
#4030 = EDGE_CURVE('',#4023,#4031,#4033,.T.);
#4031 = VERTEX_POINT('',#4032);
#4032 = CARTESIAN_POINT('',(-6.908055611187,-2.851060678313,10.));
#4033 = LINE('',#4034,#4035);
#4034 = CARTESIAN_POINT('',(-6.908055611187,-2.851060678313,0.));
#4035 = VECTOR('',#4036,1.);
#4036 = DIRECTION('',(0.,0.,1.));
#4037 = ORIENTED_EDGE('',*,*,#4038,.T.);
#4038 = EDGE_CURVE('',#4031,#4000,#4039,.T.);
#4039 = LINE('',#4040,#4041);
#4040 = CARTESIAN_POINT('',(-6.908055611187,-2.851060678313,10.));
#4041 = VECTOR('',#4042,1.);
#4042 = DIRECTION('',(-0.715697946264,-0.698409943882,0.));
#4043 = ORIENTED_EDGE('',*,*,#3999,.F.);
#4044 = PLANE('',#4045);
#4045 = AXIS2_PLACEMENT_3D('',#4046,#4047,#4048);
#4046 = CARTESIAN_POINT('',(-6.908055611187,-2.851060678313,0.));
#4047 = DIRECTION('',(0.698409943882,-0.715697946264,0.));
#4048 = DIRECTION('',(-0.715697946264,-0.698409943882,0.));
#4049 = ADVANCED_FACE('',(#4050),#4075,.F.);
#4050 = FACE_BOUND('',#4051,.F.);
#4051 = EDGE_LOOP('',(#4052,#4060,#4068,#4074));
#4052 = ORIENTED_EDGE('',*,*,#4053,.F.);
#4053 = EDGE_CURVE('',#4054,#4023,#4056,.T.);
#4054 = VERTEX_POINT('',#4055);
#4055 = CARTESIAN_POINT('',(-6.735325356359,-2.711088928872,2.65));
#4056 = LINE('',#4057,#4058);
#4057 = CARTESIAN_POINT('',(-9.641195439512,-5.065857174842,2.65));
#4058 = VECTOR('',#4059,1.);
#4059 = DIRECTION('',(-0.776931329639,-0.629585346895,0.));
#4060 = ORIENTED_EDGE('',*,*,#4061,.T.);
#4061 = EDGE_CURVE('',#4054,#4062,#4064,.T.);
#4062 = VERTEX_POINT('',#4063);
#4063 = CARTESIAN_POINT('',(-6.735325356359,-2.711088928872,10.));
#4064 = LINE('',#4065,#4066);
#4065 = CARTESIAN_POINT('',(-6.735325356359,-2.711088928872,0.));
#4066 = VECTOR('',#4067,1.);
#4067 = DIRECTION('',(0.,0.,1.));
#4068 = ORIENTED_EDGE('',*,*,#4069,.T.);
#4069 = EDGE_CURVE('',#4062,#4031,#4070,.T.);
#4070 = LINE('',#4071,#4072);
#4071 = CARTESIAN_POINT('',(-6.735325356359,-2.711088928872,10.));
#4072 = VECTOR('',#4073,1.);
#4073 = DIRECTION('',(-0.776931329639,-0.629585346895,0.));
#4074 = ORIENTED_EDGE('',*,*,#4030,.F.);
#4075 = PLANE('',#4076);
#4076 = AXIS2_PLACEMENT_3D('',#4077,#4078,#4079);
#4077 = CARTESIAN_POINT('',(-6.735325356359,-2.711088928872,0.));
#4078 = DIRECTION('',(0.629585346895,-0.776931329639,0.));
#4079 = DIRECTION('',(-0.776931329639,-0.629585346895,0.));
#4080 = ADVANCED_FACE('',(#4081),#4106,.F.);
#4081 = FACE_BOUND('',#4082,.F.);
#4082 = EDGE_LOOP('',(#4083,#4091,#4099,#4105));
#4083 = ORIENTED_EDGE('',*,*,#4084,.F.);
#4084 = EDGE_CURVE('',#4085,#4054,#4087,.T.);
#4085 = VERTEX_POINT('',#4086);
#4086 = CARTESIAN_POINT('',(-6.550693825243,-2.599694284074,2.65));
#4087 = LINE('',#4088,#4089);
#4088 = CARTESIAN_POINT('',(-10.08212132777,-4.730327713253,2.65));
#4089 = VECTOR('',#4090,1.);
#4090 = DIRECTION('',(-0.856230604015,-0.516593798596,0.));
#4091 = ORIENTED_EDGE('',*,*,#4092,.T.);
#4092 = EDGE_CURVE('',#4085,#4093,#4095,.T.);
#4093 = VERTEX_POINT('',#4094);
#4094 = CARTESIAN_POINT('',(-6.550693825243,-2.599694284074,10.));
#4095 = LINE('',#4096,#4097);
#4096 = CARTESIAN_POINT('',(-6.550693825243,-2.599694284074,0.));
#4097 = VECTOR('',#4098,1.);
#4098 = DIRECTION('',(0.,0.,1.));
#4099 = ORIENTED_EDGE('',*,*,#4100,.T.);
#4100 = EDGE_CURVE('',#4093,#4062,#4101,.T.);
#4101 = LINE('',#4102,#4103);
#4102 = CARTESIAN_POINT('',(-6.550693825243,-2.599694284074,10.));
#4103 = VECTOR('',#4104,1.);
#4104 = DIRECTION('',(-0.856230604015,-0.516593798596,0.));
#4105 = ORIENTED_EDGE('',*,*,#4061,.F.);
#4106 = PLANE('',#4107);
#4107 = AXIS2_PLACEMENT_3D('',#4108,#4109,#4110);
#4108 = CARTESIAN_POINT('',(-6.550693825243,-2.599694284074,0.));
#4109 = DIRECTION('',(0.516593798596,-0.856230604015,0.));
#4110 = DIRECTION('',(-0.856230604015,-0.516593798596,0.));
#4111 = ADVANCED_FACE('',(#4112),#4128,.F.);
#4112 = FACE_BOUND('',#4113,.F.);
#4113 = EDGE_LOOP('',(#4114,#4120,#4121,#4127));
#4114 = ORIENTED_EDGE('',*,*,#4115,.F.);
#4115 = EDGE_CURVE('',#1942,#4085,#4116,.T.);
#4116 = LINE('',#4117,#4118);
#4117 = CARTESIAN_POINT('',(-10.08025960426,-4.000430179503,2.65));
#4118 = VECTOR('',#4119,1.);
#4119 = DIRECTION('',(-0.929480368416,-0.368871582979,0.));
#4120 = ORIENTED_EDGE('',*,*,#1950,.T.);
#4121 = ORIENTED_EDGE('',*,*,#4122,.T.);
#4122 = EDGE_CURVE('',#1951,#4093,#4123,.T.);
#4123 = LINE('',#4124,#4125);
#4124 = CARTESIAN_POINT('',(-5.518789687469,-2.190175023939,10.));
#4125 = VECTOR('',#4126,1.);
#4126 = DIRECTION('',(-0.929480368416,-0.368871582979,0.));
#4127 = ORIENTED_EDGE('',*,*,#4092,.F.);
#4128 = PLANE('',#4129);
#4129 = AXIS2_PLACEMENT_3D('',#4130,#4131,#4132);
#4130 = CARTESIAN_POINT('',(-5.518789687469,-2.190175023939,0.));
#4131 = DIRECTION('',(0.368871582979,-0.929480368416,0.));
#4132 = DIRECTION('',(-0.929480368416,-0.368871582979,0.));
#4133 = ADVANCED_FACE('',(#4134),#4159,.F.);
#4134 = FACE_BOUND('',#4135,.F.);
#4135 = EDGE_LOOP('',(#4136,#4144,#4152,#4158));
#4136 = ORIENTED_EDGE('',*,*,#4137,.F.);
#4137 = EDGE_CURVE('',#4138,#1934,#4140,.T.);
#4138 = VERTEX_POINT('',#4139);
#4139 = CARTESIAN_POINT('',(-6.972914407111,-1.023945620541,2.65));
#4140 = LINE('',#4141,#4142);
#4141 = CARTESIAN_POINT('',(-11.30422644866,-1.659982109332,2.65));
#4142 = VECTOR('',#4143,1.);
#4143 = DIRECTION('',(0.989389402857,0.145288022614,0.));
#4144 = ORIENTED_EDGE('',*,*,#4145,.T.);
#4145 = EDGE_CURVE('',#4138,#4146,#4148,.T.);
#4146 = VERTEX_POINT('',#4147);
#4147 = CARTESIAN_POINT('',(-6.972914407111,-1.023945620541,10.));
#4148 = LINE('',#4149,#4150);
#4149 = CARTESIAN_POINT('',(-6.972914407111,-1.023945620541,0.));
#4150 = VECTOR('',#4151,1.);
#4151 = DIRECTION('',(0.,0.,1.));
#4152 = ORIENTED_EDGE('',*,*,#4153,.T.);
#4153 = EDGE_CURVE('',#4146,#1925,#4154,.T.);
#4154 = LINE('',#4155,#4156);
#4155 = CARTESIAN_POINT('',(-6.972914407111,-1.023945620541,10.));
#4156 = VECTOR('',#4157,1.);
#4157 = DIRECTION('',(0.989389402857,0.145288022614,0.));
#4158 = ORIENTED_EDGE('',*,*,#1933,.F.);
#4159 = PLANE('',#4160);
#4160 = AXIS2_PLACEMENT_3D('',#4161,#4162,#4163);
#4161 = CARTESIAN_POINT('',(-6.972914407111,-1.023945620541,0.));
#4162 = DIRECTION('',(-0.145288022614,0.989389402857,0.));
#4163 = DIRECTION('',(0.989389402857,0.145288022614,0.));
#4164 = ADVANCED_FACE('',(#4165),#4190,.F.);
#4165 = FACE_BOUND('',#4166,.F.);
#4166 = EDGE_LOOP('',(#4167,#4175,#4183,#4189));
#4167 = ORIENTED_EDGE('',*,*,#4168,.F.);
#4168 = EDGE_CURVE('',#4169,#4138,#4171,.T.);
#4169 = VERTEX_POINT('',#4170);
#4170 = CARTESIAN_POINT('',(-7.188507325796,-1.019790793858,2.65));
#4171 = LINE('',#4172,#4173);
#4172 = CARTESIAN_POINT('',(-11.26498651494,-0.941230400451,2.65));
#4173 = VECTOR('',#4174,1.);
#4174 = DIRECTION('',(0.999814353873,-1.92680510141E-02,0.));
#4175 = ORIENTED_EDGE('',*,*,#4176,.T.);
#4176 = EDGE_CURVE('',#4169,#4177,#4179,.T.);
#4177 = VERTEX_POINT('',#4178);
#4178 = CARTESIAN_POINT('',(-7.188507325796,-1.019790793858,10.));
#4179 = LINE('',#4180,#4181);
#4180 = CARTESIAN_POINT('',(-7.188507325796,-1.019790793858,0.));
#4181 = VECTOR('',#4182,1.);
#4182 = DIRECTION('',(0.,0.,1.));
#4183 = ORIENTED_EDGE('',*,*,#4184,.T.);
#4184 = EDGE_CURVE('',#4177,#4146,#4185,.T.);
#4185 = LINE('',#4186,#4187);
#4186 = CARTESIAN_POINT('',(-7.188507325796,-1.019790793858,10.));
#4187 = VECTOR('',#4188,1.);
#4188 = DIRECTION('',(0.999814353873,-1.92680510141E-02,0.));
#4189 = ORIENTED_EDGE('',*,*,#4145,.F.);
#4190 = PLANE('',#4191);
#4191 = AXIS2_PLACEMENT_3D('',#4192,#4193,#4194);
#4192 = CARTESIAN_POINT('',(-7.188507325796,-1.019790793858,0.));
#4193 = DIRECTION('',(1.92680510141E-02,0.999814353873,0.));
#4194 = DIRECTION('',(0.999814353873,-1.92680510141E-02,0.));
#4195 = ADVANCED_FACE('',(#4196),#4221,.F.);
#4196 = FACE_BOUND('',#4197,.F.);
#4197 = EDGE_LOOP('',(#4198,#4206,#4214,#4220));
#4198 = ORIENTED_EDGE('',*,*,#4199,.F.);
#4199 = EDGE_CURVE('',#4200,#4169,#4202,.T.);
#4200 = VERTEX_POINT('',#4201);
#4201 = CARTESIAN_POINT('',(-7.408081989201,-0.984936830443,2.65));
#4202 = LINE('',#4203,#4204);
#4203 = CARTESIAN_POINT('',(-11.0801577957,-0.402053569554,2.65));
#4204 = VECTOR('',#4205,1.);
#4205 = DIRECTION('',(0.987634941911,-0.156771239442,0.));
#4206 = ORIENTED_EDGE('',*,*,#4207,.T.);
#4207 = EDGE_CURVE('',#4200,#4208,#4210,.T.);
#4208 = VERTEX_POINT('',#4209);
#4209 = CARTESIAN_POINT('',(-7.408081989201,-0.984936830443,10.));
#4210 = LINE('',#4211,#4212);
#4211 = CARTESIAN_POINT('',(-7.408081989201,-0.984936830443,0.));
#4212 = VECTOR('',#4213,1.);
#4213 = DIRECTION('',(0.,0.,1.));
#4214 = ORIENTED_EDGE('',*,*,#4215,.T.);
#4215 = EDGE_CURVE('',#4208,#4177,#4216,.T.);
#4216 = LINE('',#4217,#4218);
#4217 = CARTESIAN_POINT('',(-7.408081989201,-0.984936830443,10.));
#4218 = VECTOR('',#4219,1.);
#4219 = DIRECTION('',(0.987634941911,-0.156771239442,0.));
#4220 = ORIENTED_EDGE('',*,*,#4176,.F.);
#4221 = PLANE('',#4222);
#4222 = AXIS2_PLACEMENT_3D('',#4223,#4224,#4225);
#4223 = CARTESIAN_POINT('',(-7.408081989201,-0.984936830443,0.));
#4224 = DIRECTION('',(0.156771239442,0.987634941911,0.));
#4225 = DIRECTION('',(0.987634941911,-0.156771239442,0.));
#4226 = ADVANCED_FACE('',(#4227),#4252,.F.);
#4227 = FACE_BOUND('',#4228,.F.);
#4228 = EDGE_LOOP('',(#4229,#4237,#4245,#4251));
#4229 = ORIENTED_EDGE('',*,*,#4230,.F.);
#4230 = EDGE_CURVE('',#4231,#4200,#4233,.T.);
#4231 = VERTEX_POINT('',#4232);
#4232 = CARTESIAN_POINT('',(-7.629778858564,-0.928428769163,2.65));
#4233 = LINE('',#4234,#4235);
#4234 = CARTESIAN_POINT('',(-10.92227149107,-8.920909061021E-02,2.65));
#4235 = VECTOR('',#4236,1.);
#4236 = DIRECTION('',(0.969017574842,-0.246991780525,0.));
#4237 = ORIENTED_EDGE('',*,*,#4238,.T.);
#4238 = EDGE_CURVE('',#4231,#4239,#4241,.T.);
#4239 = VERTEX_POINT('',#4240);
#4240 = CARTESIAN_POINT('',(-7.629778858564,-0.928428769163,10.));
#4241 = LINE('',#4242,#4243);
#4242 = CARTESIAN_POINT('',(-7.629778858564,-0.928428769163,0.));
#4243 = VECTOR('',#4244,1.);
#4244 = DIRECTION('',(0.,0.,1.));
#4245 = ORIENTED_EDGE('',*,*,#4246,.T.);
#4246 = EDGE_CURVE('',#4239,#4208,#4247,.T.);
#4247 = LINE('',#4248,#4249);
#4248 = CARTESIAN_POINT('',(-7.629778858564,-0.928428769163,10.));
#4249 = VECTOR('',#4250,1.);
#4250 = DIRECTION('',(0.969017574842,-0.246991780525,0.));
#4251 = ORIENTED_EDGE('',*,*,#4207,.F.);
#4252 = PLANE('',#4253);
#4253 = AXIS2_PLACEMENT_3D('',#4254,#4255,#4256);
#4254 = CARTESIAN_POINT('',(-7.629778858564,-0.928428769163,0.));
#4255 = DIRECTION('',(0.246991780525,0.969017574842,0.));
#4256 = DIRECTION('',(0.969017574842,-0.246991780525,0.));
#4257 = ADVANCED_FACE('',(#4258),#4283,.F.);
#4258 = FACE_BOUND('',#4259,.F.);
#4259 = EDGE_LOOP('',(#4260,#4268,#4276,#4282));
#4260 = ORIENTED_EDGE('',*,*,#4261,.F.);
#4261 = EDGE_CURVE('',#4262,#4231,#4264,.T.);
#4262 = VERTEX_POINT('',#4263);
#4263 = CARTESIAN_POINT('',(-7.852636813796,-0.853161286532,2.65));
#4264 = LINE('',#4265,#4266);
#4265 = CARTESIAN_POINT('',(-10.77810445405,0.134878761544,2.65));
#4266 = VECTOR('',#4267,1.);
#4267 = DIRECTION('',(0.947424088958,-0.319980617636,0.));
#4268 = ORIENTED_EDGE('',*,*,#4269,.T.);
#4269 = EDGE_CURVE('',#4262,#4270,#4272,.T.);
#4270 = VERTEX_POINT('',#4271);
#4271 = CARTESIAN_POINT('',(-7.852636813796,-0.853161286532,10.));
#4272 = LINE('',#4273,#4274);
#4273 = CARTESIAN_POINT('',(-7.852636813796,-0.853161286532,0.));
#4274 = VECTOR('',#4275,1.);
#4275 = DIRECTION('',(0.,0.,1.));
#4276 = ORIENTED_EDGE('',*,*,#4277,.T.);
#4277 = EDGE_CURVE('',#4270,#4239,#4278,.T.);
#4278 = LINE('',#4279,#4280);
#4279 = CARTESIAN_POINT('',(-7.852636813796,-0.853161286532,10.));
#4280 = VECTOR('',#4281,1.);
#4281 = DIRECTION('',(0.947424088958,-0.319980617636,0.));
#4282 = ORIENTED_EDGE('',*,*,#4238,.F.);
#4283 = PLANE('',#4284);
#4284 = AXIS2_PLACEMENT_3D('',#4285,#4286,#4287);
#4285 = CARTESIAN_POINT('',(-7.852636813796,-0.853161286532,0.));
#4286 = DIRECTION('',(0.319980617636,0.947424088958,0.));
#4287 = DIRECTION('',(0.947424088958,-0.319980617636,0.));
#4288 = ADVANCED_FACE('',(#4289),#4314,.F.);
#4289 = FACE_BOUND('',#4290,.F.);
#4290 = EDGE_LOOP('',(#4291,#4299,#4307,#4313));
#4291 = ORIENTED_EDGE('',*,*,#4292,.F.);
#4292 = EDGE_CURVE('',#4293,#4262,#4295,.T.);
#4293 = VERTEX_POINT('',#4294);
#4294 = CARTESIAN_POINT('',(-8.075891456714,-0.760662605029,2.65));
#4295 = LINE('',#4296,#4297);
#4296 = CARTESIAN_POINT('',(-10.6463550934,0.304329791701,2.65));
#4297 = VECTOR('',#4298,1.);
#4298 = DIRECTION('',(0.923845029684,-0.38276671894,0.));
#4299 = ORIENTED_EDGE('',*,*,#4300,.T.);
#4300 = EDGE_CURVE('',#4293,#4301,#4303,.T.);
#4301 = VERTEX_POINT('',#4302);
#4302 = CARTESIAN_POINT('',(-8.075891456714,-0.760662605029,10.));
#4303 = LINE('',#4304,#4305);
#4304 = CARTESIAN_POINT('',(-8.075891456714,-0.760662605029,0.));
#4305 = VECTOR('',#4306,1.);
#4306 = DIRECTION('',(0.,0.,1.));
#4307 = ORIENTED_EDGE('',*,*,#4308,.T.);
#4308 = EDGE_CURVE('',#4301,#4270,#4309,.T.);
#4309 = LINE('',#4310,#4311);
#4310 = CARTESIAN_POINT('',(-8.075891456714,-0.760662605029,10.));
#4311 = VECTOR('',#4312,1.);
#4312 = DIRECTION('',(0.923845029684,-0.38276671894,0.));
#4313 = ORIENTED_EDGE('',*,*,#4269,.F.);
#4314 = PLANE('',#4315);
#4315 = AXIS2_PLACEMENT_3D('',#4316,#4317,#4318);
#4316 = CARTESIAN_POINT('',(-8.075891456714,-0.760662605029,0.));
#4317 = DIRECTION('',(0.38276671894,0.923845029684,0.));
#4318 = DIRECTION('',(0.923845029684,-0.38276671894,0.));
#4319 = ADVANCED_FACE('',(#4320),#4345,.F.);
#4320 = FACE_BOUND('',#4321,.F.);
#4321 = EDGE_LOOP('',(#4322,#4330,#4338,#4344));
#4322 = ORIENTED_EDGE('',*,*,#4323,.F.);
#4323 = EDGE_CURVE('',#4324,#4293,#4326,.T.);
#4324 = VERTEX_POINT('',#4325);
#4325 = CARTESIAN_POINT('',(-8.298859924712,-0.651884412561,2.65));
#4326 = LINE('',#4327,#4328);
#4327 = CARTESIAN_POINT('',(-10.52683020562,0.435061119284,2.65));
#4328 = VECTOR('',#4329,1.);
#4329 = DIRECTION('',(0.898747659765,-0.438466240509,0.));
#4330 = ORIENTED_EDGE('',*,*,#4331,.T.);
#4331 = EDGE_CURVE('',#4324,#4332,#4334,.T.);
#4332 = VERTEX_POINT('',#4333);
#4333 = CARTESIAN_POINT('',(-8.298859924712,-0.651884412561,10.));
#4334 = LINE('',#4335,#4336);
#4335 = CARTESIAN_POINT('',(-8.298859924712,-0.651884412561,0.));
#4336 = VECTOR('',#4337,1.);
#4337 = DIRECTION('',(0.,0.,1.));
#4338 = ORIENTED_EDGE('',*,*,#4339,.T.);
#4339 = EDGE_CURVE('',#4332,#4301,#4340,.T.);
#4340 = LINE('',#4341,#4342);
#4341 = CARTESIAN_POINT('',(-8.298859924712,-0.651884412561,10.));
#4342 = VECTOR('',#4343,1.);
#4343 = DIRECTION('',(0.898747659765,-0.438466240509,0.));
#4344 = ORIENTED_EDGE('',*,*,#4300,.F.);
#4345 = PLANE('',#4346);
#4346 = AXIS2_PLACEMENT_3D('',#4347,#4348,#4349);
#4347 = CARTESIAN_POINT('',(-8.298859924712,-0.651884412561,0.));
#4348 = DIRECTION('',(0.438466240509,0.898747659765,0.));
#4349 = DIRECTION('',(0.898747659765,-0.438466240509,0.));
#4350 = ADVANCED_FACE('',(#4351),#4376,.F.);
#4351 = FACE_BOUND('',#4352,.F.);
#4352 = EDGE_LOOP('',(#4353,#4361,#4369,#4375));
#4353 = ORIENTED_EDGE('',*,*,#4354,.F.);
#4354 = EDGE_CURVE('',#4355,#4324,#4357,.T.);
#4355 = VERTEX_POINT('',#4356);
#4356 = CARTESIAN_POINT('',(-8.520900779961,-0.527480579992,2.65));
#4357 = LINE('',#4358,#4359);
#4358 = CARTESIAN_POINT('',(-10.41965027819,0.536340374945,2.65));
#4359 = VECTOR('',#4360,1.);
#4360 = DIRECTION('',(0.872403900801,-0.488785672731,0.));
#4361 = ORIENTED_EDGE('',*,*,#4362,.T.);
#4362 = EDGE_CURVE('',#4355,#4363,#4365,.T.);
#4363 = VERTEX_POINT('',#4364);
#4364 = CARTESIAN_POINT('',(-8.520900779961,-0.527480579992,10.));
#4365 = LINE('',#4366,#4367);
#4366 = CARTESIAN_POINT('',(-8.520900779961,-0.527480579992,0.));
#4367 = VECTOR('',#4368,1.);
#4368 = DIRECTION('',(0.,0.,1.));
#4369 = ORIENTED_EDGE('',*,*,#4370,.T.);
#4370 = EDGE_CURVE('',#4363,#4332,#4371,.T.);
#4371 = LINE('',#4372,#4373);
#4372 = CARTESIAN_POINT('',(-8.520900779961,-0.527480579992,10.));
#4373 = VECTOR('',#4374,1.);
#4374 = DIRECTION('',(0.872403900801,-0.488785672731,0.));
#4375 = ORIENTED_EDGE('',*,*,#4331,.F.);
#4376 = PLANE('',#4377);
#4377 = AXIS2_PLACEMENT_3D('',#4378,#4379,#4380);
#4378 = CARTESIAN_POINT('',(-8.520900779961,-0.527480579992,0.));
#4379 = DIRECTION('',(0.488785672731,0.872403900801,0.));
#4380 = DIRECTION('',(0.872403900801,-0.488785672731,0.));
#4381 = ADVANCED_FACE('',(#4382),#4407,.F.);
#4382 = FACE_BOUND('',#4383,.F.);
#4383 = EDGE_LOOP('',(#4384,#4392,#4400,#4406));
#4384 = ORIENTED_EDGE('',*,*,#4385,.F.);
#4385 = EDGE_CURVE('',#4386,#4355,#4388,.T.);
#4386 = VERTEX_POINT('',#4387);
#4387 = CARTESIAN_POINT('',(-8.741396170858,-0.387934252311,2.65));
#4388 = LINE('',#4389,#4390);
#4389 = CARTESIAN_POINT('',(-10.32504390302,0.61431901233,2.65));
#4390 = VECTOR('',#4391,1.);
#4391 = DIRECTION('',(0.844993561613,-0.534776477449,0.));
#4392 = ORIENTED_EDGE('',*,*,#4393,.T.);
#4393 = EDGE_CURVE('',#4386,#4394,#4396,.T.);
#4394 = VERTEX_POINT('',#4395);
#4395 = CARTESIAN_POINT('',(-8.741396170858,-0.387934252311,10.));
#4396 = LINE('',#4397,#4398);
#4397 = CARTESIAN_POINT('',(-8.741396170858,-0.387934252311,0.));
#4398 = VECTOR('',#4399,1.);
#4399 = DIRECTION('',(0.,0.,1.));
#4400 = ORIENTED_EDGE('',*,*,#4401,.T.);
#4401 = EDGE_CURVE('',#4394,#4363,#4402,.T.);
#4402 = LINE('',#4403,#4404);
#4403 = CARTESIAN_POINT('',(-8.741396170858,-0.387934252311,10.));
#4404 = VECTOR('',#4405,1.);
#4405 = DIRECTION('',(0.844993561613,-0.534776477449,0.));
#4406 = ORIENTED_EDGE('',*,*,#4362,.F.);
#4407 = PLANE('',#4408);
#4408 = AXIS2_PLACEMENT_3D('',#4409,#4410,#4411);
#4409 = CARTESIAN_POINT('',(-8.741396170858,-0.387934252311,0.));
#4410 = DIRECTION('',(0.534776477449,0.844993561613,0.));
#4411 = DIRECTION('',(0.844993561613,-0.534776477449,0.));
#4412 = ADVANCED_FACE('',(#4413),#4438,.F.);
#4413 = FACE_BOUND('',#4414,.F.);
#4414 = EDGE_LOOP('',(#4415,#4423,#4431,#4437));
#4415 = ORIENTED_EDGE('',*,*,#4416,.F.);
#4416 = EDGE_CURVE('',#4417,#4386,#4419,.T.);
#4417 = VERTEX_POINT('',#4418);
#4418 = CARTESIAN_POINT('',(-8.741396170858,0.387934252311,2.65));
#4419 = LINE('',#4420,#4421);
#4420 = CARTESIAN_POINT('',(-8.741396170858,-1.756032873844,2.65));
#4421 = VECTOR('',#4422,1.);
#4422 = DIRECTION('',(0.,-1.,0.));
#4423 = ORIENTED_EDGE('',*,*,#4424,.T.);
#4424 = EDGE_CURVE('',#4417,#4425,#4427,.T.);
#4425 = VERTEX_POINT('',#4426);
#4426 = CARTESIAN_POINT('',(-8.741396170858,0.387934252311,10.));
#4427 = LINE('',#4428,#4429);
#4428 = CARTESIAN_POINT('',(-8.741396170858,0.387934252311,0.));
#4429 = VECTOR('',#4430,1.);
#4430 = DIRECTION('',(0.,0.,1.));
#4431 = ORIENTED_EDGE('',*,*,#4432,.T.);
#4432 = EDGE_CURVE('',#4425,#4394,#4433,.T.);
#4433 = LINE('',#4434,#4435);
#4434 = CARTESIAN_POINT('',(-8.741396170858,0.387934252311,10.));
#4435 = VECTOR('',#4436,1.);
#4436 = DIRECTION('',(0.,-1.,0.));
#4437 = ORIENTED_EDGE('',*,*,#4393,.F.);
#4438 = PLANE('',#4439);
#4439 = AXIS2_PLACEMENT_3D('',#4440,#4441,#4442);
#4440 = CARTESIAN_POINT('',(-8.741396170858,0.387934252311,0.));
#4441 = DIRECTION('',(1.,0.,0.));
#4442 = DIRECTION('',(0.,-1.,0.));
#4443 = ADVANCED_FACE('',(#4444),#4469,.F.);
#4444 = FACE_BOUND('',#4445,.F.);
#4445 = EDGE_LOOP('',(#4446,#4454,#4462,#4468));
#4446 = ORIENTED_EDGE('',*,*,#4447,.F.);
#4447 = EDGE_CURVE('',#4448,#4417,#4450,.T.);
#4448 = VERTEX_POINT('',#4449);
#4449 = CARTESIAN_POINT('',(-8.520900779961,0.527480579992,2.65));
#4450 = LINE('',#4451,#4452);
#4451 = CARTESIAN_POINT('',(-11.97713866092,-1.659890783739,2.65));
#4452 = VECTOR('',#4453,1.);
#4453 = DIRECTION('',(-0.844993561613,-0.534776477449,0.));
#4454 = ORIENTED_EDGE('',*,*,#4455,.T.);
#4455 = EDGE_CURVE('',#4448,#4456,#4458,.T.);
#4456 = VERTEX_POINT('',#4457);
#4457 = CARTESIAN_POINT('',(-8.520900779961,0.527480579992,10.));
#4458 = LINE('',#4459,#4460);
#4459 = CARTESIAN_POINT('',(-8.520900779961,0.527480579992,0.));
#4460 = VECTOR('',#4461,1.);
#4461 = DIRECTION('',(0.,0.,1.));
#4462 = ORIENTED_EDGE('',*,*,#4463,.T.);
#4463 = EDGE_CURVE('',#4456,#4425,#4464,.T.);
#4464 = LINE('',#4465,#4466);
#4465 = CARTESIAN_POINT('',(-8.520900779961,0.527480579992,10.));
#4466 = VECTOR('',#4467,1.);
#4467 = DIRECTION('',(-0.844993561613,-0.534776477449,0.));
#4468 = ORIENTED_EDGE('',*,*,#4424,.F.);
#4469 = PLANE('',#4470);
#4470 = AXIS2_PLACEMENT_3D('',#4471,#4472,#4473);
#4471 = CARTESIAN_POINT('',(-8.520900779961,0.527480579992,0.));
#4472 = DIRECTION('',(0.534776477449,-0.844993561613,0.));
#4473 = DIRECTION('',(-0.844993561613,-0.534776477449,0.));
#4474 = ADVANCED_FACE('',(#4475),#4500,.F.);
#4475 = FACE_BOUND('',#4476,.F.);
#4476 = EDGE_LOOP('',(#4477,#4485,#4493,#4499));
#4477 = ORIENTED_EDGE('',*,*,#4478,.F.);
#4478 = EDGE_CURVE('',#4479,#4448,#4481,.T.);
#4479 = VERTEX_POINT('',#4480);
#4480 = CARTESIAN_POINT('',(-8.298859924712,0.651884412561,2.65));
#4481 = LINE('',#4482,#4483);
#4482 = CARTESIAN_POINT('',(-11.97166210799,-1.405893050744,2.65));
#4483 = VECTOR('',#4484,1.);
#4484 = DIRECTION('',(-0.872403900801,-0.488785672731,0.));
#4485 = ORIENTED_EDGE('',*,*,#4486,.T.);
#4486 = EDGE_CURVE('',#4479,#4487,#4489,.T.);
#4487 = VERTEX_POINT('',#4488);
#4488 = CARTESIAN_POINT('',(-8.298859924712,0.651884412561,10.));
#4489 = LINE('',#4490,#4491);
#4490 = CARTESIAN_POINT('',(-8.298859924712,0.651884412561,0.));
#4491 = VECTOR('',#4492,1.);
#4492 = DIRECTION('',(0.,0.,1.));
#4493 = ORIENTED_EDGE('',*,*,#4494,.T.);
#4494 = EDGE_CURVE('',#4487,#4456,#4495,.T.);
#4495 = LINE('',#4496,#4497);
#4496 = CARTESIAN_POINT('',(-8.298859924712,0.651884412561,10.));
#4497 = VECTOR('',#4498,1.);
#4498 = DIRECTION('',(-0.872403900801,-0.488785672731,0.));
#4499 = ORIENTED_EDGE('',*,*,#4455,.F.);
#4500 = PLANE('',#4501);
#4501 = AXIS2_PLACEMENT_3D('',#4502,#4503,#4504);
#4502 = CARTESIAN_POINT('',(-8.298859924712,0.651884412561,0.));
#4503 = DIRECTION('',(0.488785672731,-0.872403900801,0.));
#4504 = DIRECTION('',(-0.872403900801,-0.488785672731,0.));
#4505 = ADVANCED_FACE('',(#4506),#4531,.F.);
#4506 = FACE_BOUND('',#4507,.F.);
#4507 = EDGE_LOOP('',(#4508,#4516,#4524,#4530));
#4508 = ORIENTED_EDGE('',*,*,#4509,.F.);
#4509 = EDGE_CURVE('',#4510,#4479,#4512,.T.);
#4510 = VERTEX_POINT('',#4511);
#4511 = CARTESIAN_POINT('',(-8.075891456714,0.760662605029,2.65));
#4512 = LINE('',#4513,#4514);
#4513 = CARTESIAN_POINT('',(-11.95222095104,-1.130457334909,2.65));
#4514 = VECTOR('',#4515,1.);
#4515 = DIRECTION('',(-0.898747659765,-0.438466240509,0.));
#4516 = ORIENTED_EDGE('',*,*,#4517,.T.);
#4517 = EDGE_CURVE('',#4510,#4518,#4520,.T.);
#4518 = VERTEX_POINT('',#4519);
#4519 = CARTESIAN_POINT('',(-8.075891456714,0.760662605029,10.));
#4520 = LINE('',#4521,#4522);
#4521 = CARTESIAN_POINT('',(-8.075891456714,0.760662605029,0.));
#4522 = VECTOR('',#4523,1.);
#4523 = DIRECTION('',(0.,0.,1.));
#4524 = ORIENTED_EDGE('',*,*,#4525,.T.);
#4525 = EDGE_CURVE('',#4518,#4487,#4526,.T.);
#4526 = LINE('',#4527,#4528);
#4527 = CARTESIAN_POINT('',(-8.075891456714,0.760662605029,10.));
#4528 = VECTOR('',#4529,1.);
#4529 = DIRECTION('',(-0.898747659765,-0.438466240509,0.));
#4530 = ORIENTED_EDGE('',*,*,#4486,.F.);
#4531 = PLANE('',#4532);
#4532 = AXIS2_PLACEMENT_3D('',#4533,#4534,#4535);
#4533 = CARTESIAN_POINT('',(-8.075891456714,0.760662605029,0.));
#4534 = DIRECTION('',(0.438466240509,-0.898747659765,0.));
#4535 = DIRECTION('',(-0.898747659765,-0.438466240509,0.));
#4536 = ADVANCED_FACE('',(#4537),#4562,.F.);
#4537 = FACE_BOUND('',#4538,.F.);
#4538 = EDGE_LOOP('',(#4539,#4547,#4555,#4561));
#4539 = ORIENTED_EDGE('',*,*,#4540,.F.);
#4540 = EDGE_CURVE('',#4541,#4510,#4543,.T.);
#4541 = VERTEX_POINT('',#4542);
#4542 = CARTESIAN_POINT('',(-7.852636813796,0.853161286532,2.65));
#4543 = LINE('',#4544,#4545);
#4544 = CARTESIAN_POINT('',(-11.91383458214,-0.82947085935,2.65));
#4545 = VECTOR('',#4546,1.);
#4546 = DIRECTION('',(-0.923845029684,-0.38276671894,0.));
#4547 = ORIENTED_EDGE('',*,*,#4548,.T.);
#4548 = EDGE_CURVE('',#4541,#4549,#4551,.T.);
#4549 = VERTEX_POINT('',#4550);
#4550 = CARTESIAN_POINT('',(-7.852636813796,0.853161286532,10.));
#4551 = LINE('',#4552,#4553);
#4552 = CARTESIAN_POINT('',(-7.852636813796,0.853161286532,0.));
#4553 = VECTOR('',#4554,1.);
#4554 = DIRECTION('',(0.,0.,1.));
#4555 = ORIENTED_EDGE('',*,*,#4556,.T.);
#4556 = EDGE_CURVE('',#4549,#4518,#4557,.T.);
#4557 = LINE('',#4558,#4559);
#4558 = CARTESIAN_POINT('',(-7.852636813796,0.853161286532,10.));
#4559 = VECTOR('',#4560,1.);
#4560 = DIRECTION('',(-0.923845029684,-0.38276671894,0.));
#4561 = ORIENTED_EDGE('',*,*,#4517,.F.);
#4562 = PLANE('',#4563);
#4563 = AXIS2_PLACEMENT_3D('',#4564,#4565,#4566);
#4564 = CARTESIAN_POINT('',(-7.852636813796,0.853161286532,0.));
#4565 = DIRECTION('',(0.38276671894,-0.923845029684,0.));
#4566 = DIRECTION('',(-0.923845029684,-0.38276671894,0.));
#4567 = ADVANCED_FACE('',(#4568),#4593,.F.);
#4568 = FACE_BOUND('',#4569,.F.);
#4569 = EDGE_LOOP('',(#4570,#4578,#4586,#4592));
#4570 = ORIENTED_EDGE('',*,*,#4571,.F.);
#4571 = EDGE_CURVE('',#4572,#4541,#4574,.T.);
#4572 = VERTEX_POINT('',#4573);
#4573 = CARTESIAN_POINT('',(-7.629778858564,0.928428769163,2.65));
#4574 = LINE('',#4575,#4576);
#4575 = CARTESIAN_POINT('',(-11.84898912251,-0.496556643311,2.65));
#4576 = VECTOR('',#4577,1.);
#4577 = DIRECTION('',(-0.947424088958,-0.319980617636,0.));
#4578 = ORIENTED_EDGE('',*,*,#4579,.T.);
#4579 = EDGE_CURVE('',#4572,#4580,#4582,.T.);
#4580 = VERTEX_POINT('',#4581);
#4581 = CARTESIAN_POINT('',(-7.629778858564,0.928428769163,10.));
#4582 = LINE('',#4583,#4584);
#4583 = CARTESIAN_POINT('',(-7.629778858564,0.928428769163,0.));
#4584 = VECTOR('',#4585,1.);
#4585 = DIRECTION('',(0.,0.,1.));
#4586 = ORIENTED_EDGE('',*,*,#4587,.T.);
#4587 = EDGE_CURVE('',#4580,#4549,#4588,.T.);
#4588 = LINE('',#4589,#4590);
#4589 = CARTESIAN_POINT('',(-7.629778858564,0.928428769163,10.));
#4590 = VECTOR('',#4591,1.);
#4591 = DIRECTION('',(-0.947424088958,-0.319980617636,0.));
#4592 = ORIENTED_EDGE('',*,*,#4548,.F.);
#4593 = PLANE('',#4594);
#4594 = AXIS2_PLACEMENT_3D('',#4595,#4596,#4597);
#4595 = CARTESIAN_POINT('',(-7.629778858564,0.928428769163,0.));
#4596 = DIRECTION('',(0.319980617636,-0.947424088958,0.));
#4597 = DIRECTION('',(-0.947424088958,-0.319980617636,0.));
#4598 = ADVANCED_FACE('',(#4599),#4624,.F.);
#4599 = FACE_BOUND('',#4600,.F.);
#4600 = EDGE_LOOP('',(#4601,#4609,#4617,#4623));
#4601 = ORIENTED_EDGE('',*,*,#4602,.F.);
#4602 = EDGE_CURVE('',#4603,#4572,#4605,.T.);
#4603 = VERTEX_POINT('',#4604);
#4604 = CARTESIAN_POINT('',(-7.408081989201,0.984936830443,2.65));
#4605 = LINE('',#4606,#4607);
#4606 = CARTESIAN_POINT('',(-11.74484662345,-0.120456143373,2.65));
#4607 = VECTOR('',#4608,1.);
#4608 = DIRECTION('',(-0.969017574842,-0.246991780525,0.));
#4609 = ORIENTED_EDGE('',*,*,#4610,.T.);
#4610 = EDGE_CURVE('',#4603,#4611,#4613,.T.);
#4611 = VERTEX_POINT('',#4612);
#4612 = CARTESIAN_POINT('',(-7.408081989201,0.984936830443,10.));
#4613 = LINE('',#4614,#4615);
#4614 = CARTESIAN_POINT('',(-7.408081989201,0.984936830443,0.));
#4615 = VECTOR('',#4616,1.);
#4616 = DIRECTION('',(0.,0.,1.));
#4617 = ORIENTED_EDGE('',*,*,#4618,.T.);
#4618 = EDGE_CURVE('',#4611,#4580,#4619,.T.);
#4619 = LINE('',#4620,#4621);
#4620 = CARTESIAN_POINT('',(-7.408081989201,0.984936830443,10.));
#4621 = VECTOR('',#4622,1.);
#4622 = DIRECTION('',(-0.969017574842,-0.246991780525,0.));
#4623 = ORIENTED_EDGE('',*,*,#4579,.F.);
#4624 = PLANE('',#4625);
#4625 = AXIS2_PLACEMENT_3D('',#4626,#4627,#4628);
#4626 = CARTESIAN_POINT('',(-7.408081989201,0.984936830443,0.));
#4627 = DIRECTION('',(0.246991780525,-0.969017574842,0.));
#4628 = DIRECTION('',(-0.969017574842,-0.246991780525,0.));
#4629 = ADVANCED_FACE('',(#4630),#4655,.F.);
#4630 = FACE_BOUND('',#4631,.F.);
#4631 = EDGE_LOOP('',(#4632,#4640,#4648,#4654));
#4632 = ORIENTED_EDGE('',*,*,#4633,.F.);
#4633 = EDGE_CURVE('',#4634,#4603,#4636,.T.);
#4634 = VERTEX_POINT('',#4635);
#4635 = CARTESIAN_POINT('',(-7.188507325796,1.019790793858,2.65));
#4636 = LINE('',#4637,#4638);
#4637 = CARTESIAN_POINT('',(-11.57421820444,0.323629387348,2.65));
#4638 = VECTOR('',#4639,1.);
#4639 = DIRECTION('',(-0.987634941911,-0.156771239442,0.));
#4640 = ORIENTED_EDGE('',*,*,#4641,.T.);
#4641 = EDGE_CURVE('',#4634,#4642,#4644,.T.);
#4642 = VERTEX_POINT('',#4643);
#4643 = CARTESIAN_POINT('',(-7.188507325796,1.019790793858,10.));
#4644 = LINE('',#4645,#4646);
#4645 = CARTESIAN_POINT('',(-7.188507325796,1.019790793858,0.));
#4646 = VECTOR('',#4647,1.);
#4647 = DIRECTION('',(0.,0.,1.));
#4648 = ORIENTED_EDGE('',*,*,#4649,.T.);
#4649 = EDGE_CURVE('',#4642,#4611,#4650,.T.);
#4650 = LINE('',#4651,#4652);
#4651 = CARTESIAN_POINT('',(-7.188507325796,1.019790793858,10.));
#4652 = VECTOR('',#4653,1.);
#4653 = DIRECTION('',(-0.987634941911,-0.156771239442,0.));
#4654 = ORIENTED_EDGE('',*,*,#4610,.F.);
#4655 = PLANE('',#4656);
#4656 = AXIS2_PLACEMENT_3D('',#4657,#4658,#4659);
#4657 = CARTESIAN_POINT('',(-7.188507325796,1.019790793858,0.));
#4658 = DIRECTION('',(0.156771239442,-0.987634941911,0.));
#4659 = DIRECTION('',(-0.987634941911,-0.156771239442,0.));
#4660 = ADVANCED_FACE('',(#4661),#4686,.F.);
#4661 = FACE_BOUND('',#4662,.F.);
#4662 = EDGE_LOOP('',(#4663,#4671,#4679,#4685));
#4663 = ORIENTED_EDGE('',*,*,#4664,.F.);
#4664 = EDGE_CURVE('',#4665,#4634,#4667,.T.);
#4665 = VERTEX_POINT('',#4666);
#4666 = CARTESIAN_POINT('',(-6.972914407111,1.023945620541,2.65));
#4667 = LINE('',#4668,#4669);
#4668 = CARTESIAN_POINT('',(-11.2323215041,0.941859908411,2.65));
#4669 = VECTOR('',#4670,1.);
#4670 = DIRECTION('',(-0.999814353873,-1.92680510141E-02,0.));
#4671 = ORIENTED_EDGE('',*,*,#4672,.T.);
#4672 = EDGE_CURVE('',#4665,#4673,#4675,.T.);
#4673 = VERTEX_POINT('',#4674);
#4674 = CARTESIAN_POINT('',(-6.972914407111,1.023945620541,10.));
#4675 = LINE('',#4676,#4677);
#4676 = CARTESIAN_POINT('',(-6.972914407111,1.023945620541,0.));
#4677 = VECTOR('',#4678,1.);
#4678 = DIRECTION('',(0.,0.,1.));
#4679 = ORIENTED_EDGE('',*,*,#4680,.T.);
#4680 = EDGE_CURVE('',#4673,#4642,#4681,.T.);
#4681 = LINE('',#4682,#4683);
#4682 = CARTESIAN_POINT('',(-6.972914407111,1.023945620541,10.));
#4683 = VECTOR('',#4684,1.);
#4684 = DIRECTION('',(-0.999814353873,-1.92680510141E-02,0.));
#4685 = ORIENTED_EDGE('',*,*,#4641,.F.);
#4686 = PLANE('',#4687);
#4687 = AXIS2_PLACEMENT_3D('',#4688,#4689,#4690);
#4688 = CARTESIAN_POINT('',(-6.972914407111,1.023945620541,0.));
#4689 = DIRECTION('',(1.92680510141E-02,-0.999814353873,0.));
#4690 = DIRECTION('',(-0.999814353873,-1.92680510141E-02,0.));
#4691 = ADVANCED_FACE('',(#4692),#4708,.F.);
#4692 = FACE_BOUND('',#4693,.F.);
#4693 = EDGE_LOOP('',(#4694,#4700,#4701,#4707));
#4694 = ORIENTED_EDGE('',*,*,#4695,.F.);
#4695 = EDGE_CURVE('',#1908,#4665,#4696,.T.);
#4696 = LINE('',#4697,#4698);
#4697 = CARTESIAN_POINT('',(-10.19440795809,1.497009539088,2.65));
#4698 = VECTOR('',#4699,1.);
#4699 = DIRECTION('',(-0.989389402857,0.145288022614,0.));
#4700 = ORIENTED_EDGE('',*,*,#1916,.T.);
#4701 = ORIENTED_EDGE('',*,*,#4702,.T.);
#4702 = EDGE_CURVE('',#1917,#4673,#4703,.T.);
#4703 = LINE('',#4704,#4705);
#4704 = CARTESIAN_POINT('',(-5.874499579461,0.862647634269,10.));
#4705 = VECTOR('',#4706,1.);
#4706 = DIRECTION('',(-0.989389402857,0.145288022614,0.));
#4707 = ORIENTED_EDGE('',*,*,#4672,.F.);
#4708 = PLANE('',#4709);
#4709 = AXIS2_PLACEMENT_3D('',#4710,#4711,#4712);
#4710 = CARTESIAN_POINT('',(-5.874499579461,0.862647634269,0.));
#4711 = DIRECTION('',(-0.145288022614,-0.989389402857,0.));
#4712 = DIRECTION('',(-0.989389402857,0.145288022614,0.));
#4713 = ADVANCED_FACE('',(#4714),#4739,.F.);
#4714 = FACE_BOUND('',#4715,.F.);
#4715 = EDGE_LOOP('',(#4716,#4724,#4732,#4738));
#4716 = ORIENTED_EDGE('',*,*,#4717,.F.);
#4717 = EDGE_CURVE('',#4718,#1900,#4720,.T.);
#4718 = VERTEX_POINT('',#4719);
#4719 = CARTESIAN_POINT('',(-6.550693825243,2.599694284074,2.65));
#4720 = LINE('',#4721,#4722);
#4721 = CARTESIAN_POINT('',(-9.259061983255,3.674531455125,2.65));
#4722 = VECTOR('',#4723,1.);
#4723 = DIRECTION('',(0.929480368416,-0.368871582979,0.));
#4724 = ORIENTED_EDGE('',*,*,#4725,.T.);
#4725 = EDGE_CURVE('',#4718,#4726,#4728,.T.);
#4726 = VERTEX_POINT('',#4727);
#4727 = CARTESIAN_POINT('',(-6.550693825243,2.599694284074,10.));
#4728 = LINE('',#4729,#4730);
#4729 = CARTESIAN_POINT('',(-6.550693825243,2.599694284074,0.));
#4730 = VECTOR('',#4731,1.);
#4731 = DIRECTION('',(0.,0.,1.));
#4732 = ORIENTED_EDGE('',*,*,#4733,.T.);
#4733 = EDGE_CURVE('',#4726,#1891,#4734,.T.);
#4734 = LINE('',#4735,#4736);
#4735 = CARTESIAN_POINT('',(-6.550693825243,2.599694284074,10.));
#4736 = VECTOR('',#4737,1.);
#4737 = DIRECTION('',(0.929480368416,-0.368871582979,0.));
#4738 = ORIENTED_EDGE('',*,*,#1899,.F.);
#4739 = PLANE('',#4740);
#4740 = AXIS2_PLACEMENT_3D('',#4741,#4742,#4743);
#4741 = CARTESIAN_POINT('',(-6.550693825243,2.599694284074,0.));
#4742 = DIRECTION('',(0.368871582979,0.929480368416,0.));
#4743 = DIRECTION('',(0.929480368416,-0.368871582979,0.));
#4744 = ADVANCED_FACE('',(#4745),#4770,.F.);
#4745 = FACE_BOUND('',#4746,.F.);
#4746 = EDGE_LOOP('',(#4747,#4755,#4763,#4769));
#4747 = ORIENTED_EDGE('',*,*,#4748,.F.);
#4748 = EDGE_CURVE('',#4749,#4718,#4751,.T.);
#4749 = VERTEX_POINT('',#4750);
#4750 = CARTESIAN_POINT('',(-6.735325356359,2.711088928872,2.65));
#4751 = LINE('',#4752,#4753);
#4752 = CARTESIAN_POINT('',(-8.449375754547,3.745235339935,2.65));
#4753 = VECTOR('',#4754,1.);
#4754 = DIRECTION('',(0.856230604015,-0.516593798596,0.));
#4755 = ORIENTED_EDGE('',*,*,#4756,.T.);
#4756 = EDGE_CURVE('',#4749,#4757,#4759,.T.);
#4757 = VERTEX_POINT('',#4758);
#4758 = CARTESIAN_POINT('',(-6.735325356359,2.711088928872,10.));
#4759 = LINE('',#4760,#4761);
#4760 = CARTESIAN_POINT('',(-6.735325356359,2.711088928872,0.));
#4761 = VECTOR('',#4762,1.);
#4762 = DIRECTION('',(0.,0.,1.));
#4763 = ORIENTED_EDGE('',*,*,#4764,.T.);
#4764 = EDGE_CURVE('',#4757,#4726,#4765,.T.);
#4765 = LINE('',#4766,#4767);
#4766 = CARTESIAN_POINT('',(-6.735325356359,2.711088928872,10.));
#4767 = VECTOR('',#4768,1.);
#4768 = DIRECTION('',(0.856230604015,-0.516593798596,0.));
#4769 = ORIENTED_EDGE('',*,*,#4725,.F.);
#4770 = PLANE('',#4771);
#4771 = AXIS2_PLACEMENT_3D('',#4772,#4773,#4774);
#4772 = CARTESIAN_POINT('',(-6.735325356359,2.711088928872,0.));
#4773 = DIRECTION('',(0.516593798596,0.856230604015,0.));
#4774 = DIRECTION('',(0.856230604015,-0.516593798596,0.));
#4775 = ADVANCED_FACE('',(#4776),#4801,.F.);
#4776 = FACE_BOUND('',#4777,.F.);
#4777 = EDGE_LOOP('',(#4778,#4786,#4794,#4800));
#4778 = ORIENTED_EDGE('',*,*,#4779,.F.);
#4779 = EDGE_CURVE('',#4780,#4749,#4782,.T.);
#4780 = VERTEX_POINT('',#4781);
#4781 = CARTESIAN_POINT('',(-6.908055611187,2.851060678313,2.65));
#4782 = LINE('',#4783,#4784);
#4783 = CARTESIAN_POINT('',(-7.819896702256,3.589969984365,2.65));
#4784 = VECTOR('',#4785,1.);
#4785 = DIRECTION('',(0.776931329639,-0.629585346895,0.));
#4786 = ORIENTED_EDGE('',*,*,#4787,.T.);
#4787 = EDGE_CURVE('',#4780,#4788,#4790,.T.);
#4788 = VERTEX_POINT('',#4789);
#4789 = CARTESIAN_POINT('',(-6.908055611187,2.851060678313,10.));
#4790 = LINE('',#4791,#4792);
#4791 = CARTESIAN_POINT('',(-6.908055611187,2.851060678313,0.));
#4792 = VECTOR('',#4793,1.);
#4793 = DIRECTION('',(0.,0.,1.));
#4794 = ORIENTED_EDGE('',*,*,#4795,.T.);
#4795 = EDGE_CURVE('',#4788,#4757,#4796,.T.);
#4796 = LINE('',#4797,#4798);
#4797 = CARTESIAN_POINT('',(-6.908055611187,2.851060678313,10.));
#4798 = VECTOR('',#4799,1.);
#4799 = DIRECTION('',(0.776931329639,-0.629585346895,0.));
#4800 = ORIENTED_EDGE('',*,*,#4756,.F.);
#4801 = PLANE('',#4802);
#4802 = AXIS2_PLACEMENT_3D('',#4803,#4804,#4805);
#4803 = CARTESIAN_POINT('',(-6.908055611187,2.851060678313,0.));
#4804 = DIRECTION('',(0.629585346895,0.776931329639,0.));
#4805 = DIRECTION('',(0.776931329639,-0.629585346895,0.));
#4806 = ADVANCED_FACE('',(#4807),#4832,.F.);
#4807 = FACE_BOUND('',#4808,.F.);
#4808 = EDGE_LOOP('',(#4809,#4817,#4825,#4831));
#4809 = ORIENTED_EDGE('',*,*,#4810,.F.);
#4810 = EDGE_CURVE('',#4811,#4780,#4813,.T.);
#4811 = VERTEX_POINT('',#4812);
#4812 = CARTESIAN_POINT('',(-7.071796701356,3.010846529583,2.65));
#4813 = LINE('',#4814,#4815);
#4814 = CARTESIAN_POINT('',(-7.47755236939,3.406800988892,2.65));
#4815 = VECTOR('',#4816,1.);
#4816 = DIRECTION('',(0.715697946264,-0.698409943882,0.));
#4817 = ORIENTED_EDGE('',*,*,#4818,.T.);
#4818 = EDGE_CURVE('',#4811,#4819,#4821,.T.);
#4819 = VERTEX_POINT('',#4820);
#4820 = CARTESIAN_POINT('',(-7.071796701356,3.010846529583,10.));
#4821 = LINE('',#4822,#4823);
#4822 = CARTESIAN_POINT('',(-7.071796701356,3.010846529583,0.));
#4823 = VECTOR('',#4824,1.);
#4824 = DIRECTION('',(0.,0.,1.));
#4825 = ORIENTED_EDGE('',*,*,#4826,.T.);
#4826 = EDGE_CURVE('',#4819,#4788,#4827,.T.);
#4827 = LINE('',#4828,#4829);
#4828 = CARTESIAN_POINT('',(-7.071796701356,3.010846529583,10.));
#4829 = VECTOR('',#4830,1.);
#4830 = DIRECTION('',(0.715697946264,-0.698409943882,0.));
#4831 = ORIENTED_EDGE('',*,*,#4787,.F.);
#4832 = PLANE('',#4833);
#4833 = AXIS2_PLACEMENT_3D('',#4834,#4835,#4836);
#4834 = CARTESIAN_POINT('',(-7.071796701356,3.010846529583,0.));
#4835 = DIRECTION('',(0.698409943882,0.715697946264,0.));
#4836 = DIRECTION('',(0.715697946264,-0.698409943882,0.));
#4837 = ADVANCED_FACE('',(#4838),#4863,.F.);
#4838 = FACE_BOUND('',#4839,.F.);
#4839 = EDGE_LOOP('',(#4840,#4848,#4856,#4862));
#4840 = ORIENTED_EDGE('',*,*,#4841,.F.);
#4841 = EDGE_CURVE('',#4842,#4811,#4844,.T.);
#4842 = VERTEX_POINT('',#4843);
#4843 = CARTESIAN_POINT('',(-7.227163610706,3.187459059236,2.65));
#4844 = LINE('',#4845,#4846);
#4845 = CARTESIAN_POINT('',(-7.252511436741,3.216273069221,2.65));
#4846 = VECTOR('',#4847,1.);
#4847 = DIRECTION('',(0.660503020377,-0.75082338807,0.));
#4848 = ORIENTED_EDGE('',*,*,#4849,.T.);
#4849 = EDGE_CURVE('',#4842,#4850,#4852,.T.);
#4850 = VERTEX_POINT('',#4851);
#4851 = CARTESIAN_POINT('',(-7.227163610706,3.187459059236,10.));
#4852 = LINE('',#4853,#4854);
#4853 = CARTESIAN_POINT('',(-7.227163610706,3.187459059236,0.));
#4854 = VECTOR('',#4855,1.);
#4855 = DIRECTION('',(0.,0.,1.));
#4856 = ORIENTED_EDGE('',*,*,#4857,.T.);
#4857 = EDGE_CURVE('',#4850,#4819,#4858,.T.);
#4858 = LINE('',#4859,#4860);
#4859 = CARTESIAN_POINT('',(-7.227163610706,3.187459059236,10.));
#4860 = VECTOR('',#4861,1.);
#4861 = DIRECTION('',(0.660503020377,-0.75082338807,0.));
#4862 = ORIENTED_EDGE('',*,*,#4818,.F.);
#4863 = PLANE('',#4864);
#4864 = AXIS2_PLACEMENT_3D('',#4865,#4866,#4867);
#4865 = CARTESIAN_POINT('',(-7.227163610706,3.187459059236,0.));
#4866 = DIRECTION('',(0.75082338807,0.660503020377,0.));
#4867 = DIRECTION('',(0.660503020377,-0.75082338807,0.));
#4868 = ADVANCED_FACE('',(#4869),#4894,.F.);
#4869 = FACE_BOUND('',#4870,.F.);
#4870 = EDGE_LOOP('',(#4871,#4879,#4887,#4893));
#4871 = ORIENTED_EDGE('',*,*,#4872,.F.);
#4872 = EDGE_CURVE('',#4873,#4842,#4875,.T.);
#4873 = VERTEX_POINT('',#4874);
#4874 = CARTESIAN_POINT('',(-7.374258462235,3.379192588693,2.65));
#4875 = LINE('',#4876,#4877);
#4876 = CARTESIAN_POINT('',(-7.1033356506,3.026053193634,2.65));
#4877 = VECTOR('',#4878,1.);
#4878 = DIRECTION('',(0.608689905396,-0.793408217167,0.));
#4879 = ORIENTED_EDGE('',*,*,#4880,.T.);
#4880 = EDGE_CURVE('',#4873,#4881,#4883,.T.);
#4881 = VERTEX_POINT('',#4882);
#4882 = CARTESIAN_POINT('',(-7.374258462235,3.379192588693,10.));
#4883 = LINE('',#4884,#4885);
#4884 = CARTESIAN_POINT('',(-7.374258462235,3.379192588693,0.));
#4885 = VECTOR('',#4886,1.);
#4886 = DIRECTION('',(0.,0.,1.));
#4887 = ORIENTED_EDGE('',*,*,#4888,.T.);
#4888 = EDGE_CURVE('',#4881,#4850,#4889,.T.);
#4889 = LINE('',#4890,#4891);
#4890 = CARTESIAN_POINT('',(-7.374258462235,3.379192588693,10.));
#4891 = VECTOR('',#4892,1.);
#4892 = DIRECTION('',(0.608689905396,-0.793408217167,0.));
#4893 = ORIENTED_EDGE('',*,*,#4849,.F.);
#4894 = PLANE('',#4895);
#4895 = AXIS2_PLACEMENT_3D('',#4896,#4897,#4898);
#4896 = CARTESIAN_POINT('',(-7.374258462235,3.379192588693,0.));
#4897 = DIRECTION('',(0.793408217167,0.608689905396,0.));
#4898 = DIRECTION('',(0.608689905396,-0.793408217167,0.));
#4899 = ADVANCED_FACE('',(#4900),#4925,.F.);
#4900 = FACE_BOUND('',#4901,.F.);
#4901 = EDGE_LOOP('',(#4902,#4910,#4918,#4924));
#4902 = ORIENTED_EDGE('',*,*,#4903,.F.);
#4903 = EDGE_CURVE('',#4904,#4873,#4906,.T.);
#4904 = VERTEX_POINT('',#4905);
#4905 = CARTESIAN_POINT('',(-7.512965723529,3.584881500747,2.65));
#4906 = LINE('',#4907,#4908);
#4907 = CARTESIAN_POINT('',(-7.01088673987,2.840348886154,2.65));
#4908 = VECTOR('',#4909,1.);
#4909 = DIRECTION('',(0.559105184694,-0.829096732866,0.));
#4910 = ORIENTED_EDGE('',*,*,#4911,.T.);
#4911 = EDGE_CURVE('',#4904,#4912,#4914,.T.);
#4912 = VERTEX_POINT('',#4913);
#4913 = CARTESIAN_POINT('',(-7.512965723529,3.584881500747,10.));
#4914 = LINE('',#4915,#4916);
#4915 = CARTESIAN_POINT('',(-7.512965723529,3.584881500747,0.));
#4916 = VECTOR('',#4917,1.);
#4917 = DIRECTION('',(0.,0.,1.));
#4918 = ORIENTED_EDGE('',*,*,#4919,.T.);
#4919 = EDGE_CURVE('',#4912,#4881,#4920,.T.);
#4920 = LINE('',#4921,#4922);
#4921 = CARTESIAN_POINT('',(-7.512965723529,3.584881500747,10.));
#4922 = VECTOR('',#4923,1.);
#4923 = DIRECTION('',(0.559105184694,-0.829096732866,0.));
#4924 = ORIENTED_EDGE('',*,*,#4880,.F.);
#4925 = PLANE('',#4926);
#4926 = AXIS2_PLACEMENT_3D('',#4927,#4928,#4929);
#4927 = CARTESIAN_POINT('',(-7.512965723529,3.584881500747,0.));
#4928 = DIRECTION('',(0.829096732866,0.559105184694,0.));
#4929 = DIRECTION('',(0.559105184694,-0.829096732866,0.));
#4930 = ADVANCED_FACE('',(#4931),#4956,.F.);
#4931 = FACE_BOUND('',#4932,.F.);
#4932 = EDGE_LOOP('',(#4933,#4941,#4949,#4955));
#4933 = ORIENTED_EDGE('',*,*,#4934,.F.);
#4934 = EDGE_CURVE('',#4935,#4904,#4937,.T.);
#4935 = VERTEX_POINT('',#4936);
#4936 = CARTESIAN_POINT('',(-7.643056828569,3.803638807704,2.65));
#4937 = LINE('',#4938,#4939);
#4938 = CARTESIAN_POINT('',(-6.964151056818,2.662011190196,2.65));
#4939 = VECTOR('',#4940,1.);
#4940 = DIRECTION('',(0.511131104088,-0.859502759992,0.));
#4941 = ORIENTED_EDGE('',*,*,#4942,.T.);
#4942 = EDGE_CURVE('',#4935,#4943,#4945,.T.);
#4943 = VERTEX_POINT('',#4944);
#4944 = CARTESIAN_POINT('',(-7.643056828569,3.803638807704,10.));
#4945 = LINE('',#4946,#4947);
#4946 = CARTESIAN_POINT('',(-7.643056828569,3.803638807704,0.));
#4947 = VECTOR('',#4948,1.);
#4948 = DIRECTION('',(0.,0.,1.));
#4949 = ORIENTED_EDGE('',*,*,#4950,.T.);
#4950 = EDGE_CURVE('',#4943,#4912,#4951,.T.);
#4951 = LINE('',#4952,#4953);
#4952 = CARTESIAN_POINT('',(-7.643056828569,3.803638807704,10.));
#4953 = VECTOR('',#4954,1.);
#4954 = DIRECTION('',(0.511131104088,-0.859502759992,0.));
#4955 = ORIENTED_EDGE('',*,*,#4911,.F.);
#4956 = PLANE('',#4957);
#4957 = AXIS2_PLACEMENT_3D('',#4958,#4959,#4960);
#4958 = CARTESIAN_POINT('',(-7.643056828569,3.803638807704,0.));
#4959 = DIRECTION('',(0.859502759992,0.511131104088,0.));
#4960 = DIRECTION('',(0.511131104088,-0.859502759992,0.));
#4961 = ADVANCED_FACE('',(#4962),#4994,.F.);
#4962 = FACE_BOUND('',#4963,.F.);
#4963 = EDGE_LOOP('',(#4964,#4972,#4980,#4986,#4987,#4993));
#4964 = ORIENTED_EDGE('',*,*,#4965,.F.);
#4965 = EDGE_CURVE('',#4966,#3666,#4968,.T.);
#4966 = VERTEX_POINT('',#4967);
#4967 = CARTESIAN_POINT('',(-7.764238274662,4.034737167929,0.65));
#4968 = LINE('',#4969,#4970);
#4969 = CARTESIAN_POINT('',(-6.916787399027,2.418610986531,0.65));
#4970 = VECTOR('',#4971,1.);
#4971 = DIRECTION('',(0.464397651666,-0.885626795624,0.));
#4972 = ORIENTED_EDGE('',*,*,#4973,.T.);
#4973 = EDGE_CURVE('',#4966,#4974,#4976,.T.);
#4974 = VERTEX_POINT('',#4975);
#4975 = CARTESIAN_POINT('',(-7.764238274662,4.034737167929,10.));
#4976 = LINE('',#4977,#4978);
#4977 = CARTESIAN_POINT('',(-7.764238274662,4.034737167929,0.));
#4978 = VECTOR('',#4979,1.);
#4979 = DIRECTION('',(0.,0.,1.));
#4980 = ORIENTED_EDGE('',*,*,#4981,.T.);
#4981 = EDGE_CURVE('',#4974,#4943,#4982,.T.);
#4982 = LINE('',#4983,#4984);
#4983 = CARTESIAN_POINT('',(-7.764238274662,4.034737167929,10.));
#4984 = VECTOR('',#4985,1.);
#4985 = DIRECTION('',(0.464397651666,-0.885626795624,0.));
#4986 = ORIENTED_EDGE('',*,*,#4942,.F.);
#4987 = ORIENTED_EDGE('',*,*,#4988,.F.);
#4988 = EDGE_CURVE('',#3674,#4935,#4989,.T.);
#4989 = LINE('',#4990,#4991);
#4990 = CARTESIAN_POINT('',(-6.955910964081,2.493221349928,2.65));
#4991 = VECTOR('',#4992,1.);
#4992 = DIRECTION('',(0.464397651666,-0.885626795624,0.));
#4993 = ORIENTED_EDGE('',*,*,#3673,.F.);
#4994 = PLANE('',#4995);
#4995 = AXIS2_PLACEMENT_3D('',#4996,#4997,#4998);
#4996 = CARTESIAN_POINT('',(-7.764238274662,4.034737167929,0.));
#4997 = DIRECTION('',(0.885626795624,0.464397651666,0.));
#4998 = DIRECTION('',(0.464397651666,-0.885626795624,0.));
#4999 = ADVANCED_FACE('',(#5000),#5016,.F.);
#5000 = FACE_BOUND('',#5001,.F.);
#5001 = EDGE_LOOP('',(#5002,#5008,#5009,#5015));
#5002 = ORIENTED_EDGE('',*,*,#5003,.F.);
#5003 = EDGE_CURVE('',#1577,#1712,#5004,.T.);
#5004 = LINE('',#5005,#5006);
#5005 = CARTESIAN_POINT('',(3.9,-7.8,2.65));
#5006 = VECTOR('',#5007,1.);
#5007 = DIRECTION('',(0.,1.,0.));
#5008 = ORIENTED_EDGE('',*,*,#1576,.T.);
#5009 = ORIENTED_EDGE('',*,*,#5010,.T.);
#5010 = EDGE_CURVE('',#1569,#1703,#5011,.T.);
#5011 = LINE('',#5012,#5013);
#5012 = CARTESIAN_POINT('',(3.9,-8.,0.65));
#5013 = VECTOR('',#5014,1.);
#5014 = DIRECTION('',(0.,1.,0.));
#5015 = ORIENTED_EDGE('',*,*,#1711,.T.);
#5016 = PLANE('',#5017);
#5017 = AXIS2_PLACEMENT_3D('',#5018,#5019,#5020);
#5018 = CARTESIAN_POINT('',(3.9,-7.8,0.55));
#5019 = DIRECTION('',(1.,0.,0.));
#5020 = DIRECTION('',(0.,0.,1.));
#5021 = ADVANCED_FACE('',(#5022),#5105,.T.);
#5022 = FACE_BOUND('',#5023,.T.);
#5023 = EDGE_LOOP('',(#5024,#5025,#5026,#5034,#5042,#5050,#5058,#5066,
    #5074,#5082,#5090,#5096,#5097,#5098,#5099,#5100,#5101,#5102,#5103,
    #5104));
#5024 = ORIENTED_EDGE('',*,*,#2198,.F.);
#5025 = ORIENTED_EDGE('',*,*,#3548,.T.);
#5026 = ORIENTED_EDGE('',*,*,#5027,.T.);
#5027 = EDGE_CURVE('',#3549,#5028,#5030,.T.);
#5028 = VERTEX_POINT('',#5029);
#5029 = CARTESIAN_POINT('',(5.715534562501,-4.477418396924,10.));
#5030 = LINE('',#5031,#5032);
#5031 = CARTESIAN_POINT('',(5.526748204702,-4.373220123038,10.));
#5032 = VECTOR('',#5033,1.);
#5033 = DIRECTION('',(0.875498655029,-0.483220555277,0.));
#5034 = ORIENTED_EDGE('',*,*,#5035,.T.);
#5035 = EDGE_CURVE('',#5028,#5036,#5038,.T.);
#5036 = VERTEX_POINT('',#5037);
#5037 = CARTESIAN_POINT('',(5.923118780744,-4.557021310887,10.));
#5038 = LINE('',#5039,#5040);
#5039 = CARTESIAN_POINT('',(5.715534562501,-4.477418396924,10.));
#5040 = VECTOR('',#5041,1.);
#5041 = DIRECTION('',(0.933702569081,-0.358049595016,0.));
#5042 = ORIENTED_EDGE('',*,*,#5043,.T.);
#5043 = EDGE_CURVE('',#5036,#5044,#5046,.T.);
#5044 = VERTEX_POINT('',#5045);
#5045 = CARTESIAN_POINT('',(6.143367932193,-4.618932328982,10.));
#5046 = LINE('',#5047,#5048);
#5047 = CARTESIAN_POINT('',(5.923118780744,-4.557021310887,10.));
#5048 = VECTOR('',#5049,1.);
#5049 = DIRECTION('',(0.96268972679,-0.27060763096,0.));
#5050 = ORIENTED_EDGE('',*,*,#5051,.T.);
#5051 = EDGE_CURVE('',#5044,#5052,#5054,.T.);
#5052 = VERTEX_POINT('',#5053);
#5053 = CARTESIAN_POINT('',(6.374002324174,-4.66517775456,10.));
#5054 = LINE('',#5055,#5056);
#5055 = CARTESIAN_POINT('',(6.143367932193,-4.618932328982,10.));
#5056 = VECTOR('',#5057,1.);
#5057 = DIRECTION('',(0.980483638013,-0.196600700888,0.));
#5058 = ORIENTED_EDGE('',*,*,#5059,.T.);
#5059 = EDGE_CURVE('',#5052,#5060,#5062,.T.);
#5060 = VERTEX_POINT('',#5061);
#5061 = CARTESIAN_POINT('',(6.613595857206,-4.696698868022,10.));
#5062 = LINE('',#5063,#5064);
#5063 = CARTESIAN_POINT('',(6.374002324174,-4.66517775456,10.));
#5064 = VECTOR('',#5065,1.);
#5065 = DIRECTION('',(0.991456624336,-0.130436812516,0.));
#5066 = ORIENTED_EDGE('',*,*,#5067,.T.);
#5067 = EDGE_CURVE('',#5060,#5068,#5070,.T.);
#5068 = VERTEX_POINT('',#5069);
#5069 = CARTESIAN_POINT('',(6.861081310968,-4.713978423964,10.));
#5070 = LINE('',#5071,#5072);
#5071 = CARTESIAN_POINT('',(6.613595857206,-4.696698868022,10.));
#5072 = VECTOR('',#5073,1.);
#5073 = DIRECTION('',(0.997571425203,-6.96509268998E-02,0.));
#5074 = ORIENTED_EDGE('',*,*,#5075,.T.);
#5075 = EDGE_CURVE('',#5068,#5076,#5078,.T.);
#5076 = VERTEX_POINT('',#5077);
#5077 = CARTESIAN_POINT('',(7.115576248577,-4.717261972257,10.));
#5078 = LINE('',#5079,#5080);
#5079 = CARTESIAN_POINT('',(6.861081310968,-4.713978423964,10.));
#5080 = VECTOR('',#5081,1.);
#5081 = DIRECTION('',(0.99991677682,-1.290114080913E-02,0.));
#5082 = ORIENTED_EDGE('',*,*,#5083,.T.);
#5083 = EDGE_CURVE('',#5076,#5084,#5086,.T.);
#5084 = VERTEX_POINT('',#5085);
#5085 = CARTESIAN_POINT('',(7.376304022351,-4.706659002928,10.));
#5086 = LINE('',#5087,#5088);
#5087 = CARTESIAN_POINT('',(7.115576248577,-4.717261972257,10.));
#5088 = VECTOR('',#5089,1.);
#5089 = DIRECTION('',(0.999174129116,4.06332340113E-02,0.));
#5090 = ORIENTED_EDGE('',*,*,#5091,.T.);
#5091 = EDGE_CURVE('',#5084,#3449,#5092,.T.);
#5092 = LINE('',#5093,#5094);
#5093 = CARTESIAN_POINT('',(7.376304022351,-4.706659002928,10.));
#5094 = VECTOR('',#5095,1.);
#5095 = DIRECTION('',(0.5,0.866025403784,0.));
#5096 = ORIENTED_EDGE('',*,*,#3456,.T.);
#5097 = ORIENTED_EDGE('',*,*,#3423,.T.);
#5098 = ORIENTED_EDGE('',*,*,#3392,.T.);
#5099 = ORIENTED_EDGE('',*,*,#3361,.T.);
#5100 = ORIENTED_EDGE('',*,*,#3330,.T.);
#5101 = ORIENTED_EDGE('',*,*,#3299,.T.);
#5102 = ORIENTED_EDGE('',*,*,#3268,.T.);
#5103 = ORIENTED_EDGE('',*,*,#3237,.T.);
#5104 = ORIENTED_EDGE('',*,*,#3206,.T.);
#5105 = PLANE('',#5106);
#5106 = AXIS2_PLACEMENT_3D('',#5107,#5108,#5109);
#5107 = CARTESIAN_POINT('',(6.215115133526,-3.588298395386,10.));
#5108 = DIRECTION('',(0.,0.,1.));
#5109 = DIRECTION('',(1.,0.,0.));
#5110 = ADVANCED_FACE('',(#5111),#5127,.F.);
#5111 = FACE_BOUND('',#5112,.F.);
#5112 = EDGE_LOOP('',(#5113,#5119,#5120,#5126));
#5113 = ORIENTED_EDGE('',*,*,#5114,.F.);
#5114 = EDGE_CURVE('',#2130,#3579,#5115,.T.);
#5115 = LINE('',#5116,#5117);
#5116 = CARTESIAN_POINT('',(3.9,-7.8,2.65));
#5117 = VECTOR('',#5118,1.);
#5118 = DIRECTION('',(0.,1.,0.));
#5119 = ORIENTED_EDGE('',*,*,#2138,.F.);
#5120 = ORIENTED_EDGE('',*,*,#5121,.T.);
#5121 = EDGE_CURVE('',#2139,#3571,#5122,.T.);
#5122 = LINE('',#5123,#5124);
#5123 = CARTESIAN_POINT('',(3.9,-6.05,0.65));
#5124 = VECTOR('',#5125,1.);
#5125 = DIRECTION('',(0.,1.,0.));
#5126 = ORIENTED_EDGE('',*,*,#3578,.F.);
#5127 = PLANE('',#5128);
#5128 = AXIS2_PLACEMENT_3D('',#5129,#5130,#5131);
#5129 = CARTESIAN_POINT('',(3.9,-7.8,0.55));
#5130 = DIRECTION('',(1.,0.,0.));
#5131 = DIRECTION('',(0.,0.,1.));
#5132 = ADVANCED_FACE('',(#5133),#5190,.F.);
#5133 = FACE_BOUND('',#5134,.F.);
#5134 = EDGE_LOOP('',(#5135,#5145,#5153,#5159,#5160,#5168,#5176,#5184));
#5135 = ORIENTED_EDGE('',*,*,#5136,.F.);
#5136 = EDGE_CURVE('',#5137,#5139,#5141,.T.);
#5137 = VERTEX_POINT('',#5138);
#5138 = CARTESIAN_POINT('',(4.373220123038,-5.526748204702,0.));
#5139 = VERTEX_POINT('',#5140);
#5140 = CARTESIAN_POINT('',(4.3,-5.434214746024,0.));
#5141 = LINE('',#5142,#5143);
#5142 = CARTESIAN_POINT('',(4.373220123038,-5.526748204702,0.));
#5143 = VECTOR('',#5144,1.);
#5144 = DIRECTION('',(-0.620517819877,0.784192345802,0.));
#5145 = ORIENTED_EDGE('',*,*,#5146,.T.);
#5146 = EDGE_CURVE('',#5137,#5147,#5149,.T.);
#5147 = VERTEX_POINT('',#5148);
#5148 = CARTESIAN_POINT('',(4.373220123038,-5.526748204702,10.));
#5149 = LINE('',#5150,#5151);
#5150 = CARTESIAN_POINT('',(4.373220123038,-5.526748204702,0.));
#5151 = VECTOR('',#5152,1.);
#5152 = DIRECTION('',(0.,0.,1.));
#5153 = ORIENTED_EDGE('',*,*,#5154,.T.);
#5154 = EDGE_CURVE('',#5147,#2113,#5155,.T.);
#5155 = LINE('',#5156,#5157);
#5156 = CARTESIAN_POINT('',(4.373220123038,-5.526748204702,10.));
#5157 = VECTOR('',#5158,1.);
#5158 = DIRECTION('',(-0.620517819877,0.784192345802,0.));
#5159 = ORIENTED_EDGE('',*,*,#2121,.F.);
#5160 = ORIENTED_EDGE('',*,*,#5161,.F.);
#5161 = EDGE_CURVE('',#5162,#2122,#5164,.T.);
#5162 = VERTEX_POINT('',#5163);
#5163 = CARTESIAN_POINT('',(3.9,-4.928706397557,2.65));
#5164 = LINE('',#5165,#5166);
#5165 = CARTESIAN_POINT('',(3.333538216836,-4.212828496364,2.65));
#5166 = VECTOR('',#5167,1.);
#5167 = DIRECTION('',(-0.620517819877,0.784192345802,0.));
#5168 = ORIENTED_EDGE('',*,*,#5169,.F.);
#5169 = EDGE_CURVE('',#5170,#5162,#5172,.T.);
#5170 = VERTEX_POINT('',#5171);
#5171 = CARTESIAN_POINT('',(3.9,-4.928706397557,0.65));
#5172 = LINE('',#5173,#5174);
#5173 = CARTESIAN_POINT('',(3.9,-4.928706397557,0.275));
#5174 = VECTOR('',#5175,1.);
#5175 = DIRECTION('',(0.,0.,1.));
#5176 = ORIENTED_EDGE('',*,*,#5177,.F.);
#5177 = EDGE_CURVE('',#5178,#5170,#5180,.T.);
#5178 = VERTEX_POINT('',#5179);
#5179 = CARTESIAN_POINT('',(4.3,-5.434214746024,0.65));
#5180 = LINE('',#5181,#5182);
#5181 = CARTESIAN_POINT('',(3.353850808835,-4.23849895845,0.65));
#5182 = VECTOR('',#5183,1.);
#5183 = DIRECTION('',(-0.620517819877,0.784192345802,0.));
#5184 = ORIENTED_EDGE('',*,*,#5185,.F.);
#5185 = EDGE_CURVE('',#5139,#5178,#5186,.T.);
#5186 = LINE('',#5187,#5188);
#5187 = CARTESIAN_POINT('',(4.3,-5.434214746024,-7.5E-02));
#5188 = VECTOR('',#5189,1.);
#5189 = DIRECTION('',(0.,0.,1.));
#5190 = PLANE('',#5191);
#5191 = AXIS2_PLACEMENT_3D('',#5192,#5193,#5194);
#5192 = CARTESIAN_POINT('',(4.373220123038,-5.526748204702,0.));
#5193 = DIRECTION('',(-0.784192345802,-0.620517819877,0.));
#5194 = DIRECTION('',(-0.620517819877,0.784192345802,0.));
#5195 = ADVANCED_FACE('',(#5196),#5342,.T.);
#5196 = FACE_BOUND('',#5197,.T.);
#5197 = EDGE_LOOP('',(#5198,#5199,#5207,#5215,#5223,#5231,#5239,#5247,
    #5255,#5263,#5271,#5279,#5287,#5295,#5303,#5311,#5319,#5327,#5335,
    #5341));
#5198 = ORIENTED_EDGE('',*,*,#2112,.F.);
#5199 = ORIENTED_EDGE('',*,*,#5200,.T.);
#5200 = EDGE_CURVE('',#2105,#5201,#5203,.T.);
#5201 = VERTEX_POINT('',#5202);
#5202 = CARTESIAN_POINT('',(2.599694284074,-6.550693825243,10.));
#5203 = LINE('',#5204,#5205);
#5204 = CARTESIAN_POINT('',(2.190175023939,-5.518789687469,10.));
#5205 = VECTOR('',#5206,1.);
#5206 = DIRECTION('',(0.368871582979,-0.929480368416,0.));
#5207 = ORIENTED_EDGE('',*,*,#5208,.T.);
#5208 = EDGE_CURVE('',#5201,#5209,#5211,.T.);
#5209 = VERTEX_POINT('',#5210);
#5210 = CARTESIAN_POINT('',(2.711088928872,-6.735325356359,10.));
#5211 = LINE('',#5212,#5213);
#5212 = CARTESIAN_POINT('',(2.599694284074,-6.550693825243,10.));
#5213 = VECTOR('',#5214,1.);
#5214 = DIRECTION('',(0.516593798596,-0.856230604015,0.));
#5215 = ORIENTED_EDGE('',*,*,#5216,.T.);
#5216 = EDGE_CURVE('',#5209,#5217,#5219,.T.);
#5217 = VERTEX_POINT('',#5218);
#5218 = CARTESIAN_POINT('',(2.851060678313,-6.908055611187,10.));
#5219 = LINE('',#5220,#5221);
#5220 = CARTESIAN_POINT('',(2.711088928872,-6.735325356359,10.));
#5221 = VECTOR('',#5222,1.);
#5222 = DIRECTION('',(0.629585346895,-0.776931329639,0.));
#5223 = ORIENTED_EDGE('',*,*,#5224,.T.);
#5224 = EDGE_CURVE('',#5217,#5225,#5227,.T.);
#5225 = VERTEX_POINT('',#5226);
#5226 = CARTESIAN_POINT('',(3.010846529583,-7.071796701356,10.));
#5227 = LINE('',#5228,#5229);
#5228 = CARTESIAN_POINT('',(2.851060678313,-6.908055611187,10.));
#5229 = VECTOR('',#5230,1.);
#5230 = DIRECTION('',(0.698409943882,-0.715697946264,0.));
#5231 = ORIENTED_EDGE('',*,*,#5232,.T.);
#5232 = EDGE_CURVE('',#5225,#5233,#5235,.T.);
#5233 = VERTEX_POINT('',#5234);
#5234 = CARTESIAN_POINT('',(3.187459059236,-7.227163610706,10.));
#5235 = LINE('',#5236,#5237);
#5236 = CARTESIAN_POINT('',(3.010846529583,-7.071796701356,10.));
#5237 = VECTOR('',#5238,1.);
#5238 = DIRECTION('',(0.75082338807,-0.660503020377,0.));
#5239 = ORIENTED_EDGE('',*,*,#5240,.T.);
#5240 = EDGE_CURVE('',#5233,#5241,#5243,.T.);
#5241 = VERTEX_POINT('',#5242);
#5242 = CARTESIAN_POINT('',(3.379192588693,-7.374258462235,10.));
#5243 = LINE('',#5244,#5245);
#5244 = CARTESIAN_POINT('',(3.187459059236,-7.227163610706,10.));
#5245 = VECTOR('',#5246,1.);
#5246 = DIRECTION('',(0.793408217168,-0.608689905396,0.));
#5247 = ORIENTED_EDGE('',*,*,#5248,.T.);
#5248 = EDGE_CURVE('',#5241,#5249,#5251,.T.);
#5249 = VERTEX_POINT('',#5250);
#5250 = CARTESIAN_POINT('',(3.584881500747,-7.512965723529,10.));
#5251 = LINE('',#5252,#5253);
#5252 = CARTESIAN_POINT('',(3.379192588693,-7.374258462235,10.));
#5253 = VECTOR('',#5254,1.);
#5254 = DIRECTION('',(0.829096732866,-0.559105184694,0.));
#5255 = ORIENTED_EDGE('',*,*,#5256,.T.);
#5256 = EDGE_CURVE('',#5249,#5257,#5259,.T.);
#5257 = VERTEX_POINT('',#5258);
#5258 = CARTESIAN_POINT('',(3.803638807704,-7.643056828569,10.));
#5259 = LINE('',#5260,#5261);
#5260 = CARTESIAN_POINT('',(3.584881500747,-7.512965723529,10.));
#5261 = VECTOR('',#5262,1.);
#5262 = DIRECTION('',(0.859502759992,-0.511131104088,0.));
#5263 = ORIENTED_EDGE('',*,*,#5264,.T.);
#5264 = EDGE_CURVE('',#5257,#5265,#5267,.T.);
#5265 = VERTEX_POINT('',#5266);
#5266 = CARTESIAN_POINT('',(4.034737167929,-7.764238274662,10.));
#5267 = LINE('',#5268,#5269);
#5268 = CARTESIAN_POINT('',(3.803638807704,-7.643056828569,10.));
#5269 = VECTOR('',#5270,1.);
#5270 = DIRECTION('',(0.885626795624,-0.464397651666,0.));
#5271 = ORIENTED_EDGE('',*,*,#5272,.T.);
#5272 = EDGE_CURVE('',#5265,#5273,#5275,.T.);
#5273 = VERTEX_POINT('',#5274);
#5274 = CARTESIAN_POINT('',(4.706659002928,-7.376304022351,10.));
#5275 = LINE('',#5276,#5277);
#5276 = CARTESIAN_POINT('',(4.034737167929,-7.764238274662,10.));
#5277 = VECTOR('',#5278,1.);
#5278 = DIRECTION('',(0.866025403784,0.5,0.));
#5279 = ORIENTED_EDGE('',*,*,#5280,.T.);
#5280 = EDGE_CURVE('',#5273,#5281,#5283,.T.);
#5281 = VERTEX_POINT('',#5282);
#5282 = CARTESIAN_POINT('',(4.717261972257,-7.115576248577,10.));
#5283 = LINE('',#5284,#5285);
#5284 = CARTESIAN_POINT('',(4.706659002928,-7.376304022351,10.));
#5285 = VECTOR('',#5286,1.);
#5286 = DIRECTION('',(4.06332340113E-02,0.999174129116,0.));
#5287 = ORIENTED_EDGE('',*,*,#5288,.T.);
#5288 = EDGE_CURVE('',#5281,#5289,#5291,.T.);
#5289 = VERTEX_POINT('',#5290);
#5290 = CARTESIAN_POINT('',(4.713978423964,-6.861081310968,10.));
#5291 = LINE('',#5292,#5293);
#5292 = CARTESIAN_POINT('',(4.717261972257,-7.115576248577,10.));
#5293 = VECTOR('',#5294,1.);
#5294 = DIRECTION('',(-1.290114080913E-02,0.99991677682,0.));
#5295 = ORIENTED_EDGE('',*,*,#5296,.T.);
#5296 = EDGE_CURVE('',#5289,#5297,#5299,.T.);
#5297 = VERTEX_POINT('',#5298);
#5298 = CARTESIAN_POINT('',(4.696698868022,-6.613595857206,10.));
#5299 = LINE('',#5300,#5301);
#5300 = CARTESIAN_POINT('',(4.713978423964,-6.861081310968,10.));
#5301 = VECTOR('',#5302,1.);
#5302 = DIRECTION('',(-6.96509268998E-02,0.997571425203,0.));
#5303 = ORIENTED_EDGE('',*,*,#5304,.T.);
#5304 = EDGE_CURVE('',#5297,#5305,#5307,.T.);
#5305 = VERTEX_POINT('',#5306);
#5306 = CARTESIAN_POINT('',(4.66517775456,-6.374002324174,10.));
#5307 = LINE('',#5308,#5309);
#5308 = CARTESIAN_POINT('',(4.696698868022,-6.613595857206,10.));
#5309 = VECTOR('',#5310,1.);
#5310 = DIRECTION('',(-0.130436812516,0.991456624336,0.));
#5311 = ORIENTED_EDGE('',*,*,#5312,.T.);
#5312 = EDGE_CURVE('',#5305,#5313,#5315,.T.);
#5313 = VERTEX_POINT('',#5314);
#5314 = CARTESIAN_POINT('',(4.618932328982,-6.143367932193,10.));
#5315 = LINE('',#5316,#5317);
#5316 = CARTESIAN_POINT('',(4.66517775456,-6.374002324174,10.));
#5317 = VECTOR('',#5318,1.);
#5318 = DIRECTION('',(-0.196600700888,0.980483638013,0.));
#5319 = ORIENTED_EDGE('',*,*,#5320,.T.);
#5320 = EDGE_CURVE('',#5313,#5321,#5323,.T.);
#5321 = VERTEX_POINT('',#5322);
#5322 = CARTESIAN_POINT('',(4.557021310887,-5.923118780744,10.));
#5323 = LINE('',#5324,#5325);
#5324 = CARTESIAN_POINT('',(4.618932328982,-6.143367932193,10.));
#5325 = VECTOR('',#5326,1.);
#5326 = DIRECTION('',(-0.27060763096,0.96268972679,0.));
#5327 = ORIENTED_EDGE('',*,*,#5328,.T.);
#5328 = EDGE_CURVE('',#5321,#5329,#5331,.T.);
#5329 = VERTEX_POINT('',#5330);
#5330 = CARTESIAN_POINT('',(4.477418396924,-5.715534562501,10.));
#5331 = LINE('',#5332,#5333);
#5332 = CARTESIAN_POINT('',(4.557021310887,-5.923118780744,10.));
#5333 = VECTOR('',#5334,1.);
#5334 = DIRECTION('',(-0.358049595016,0.933702569081,0.));
#5335 = ORIENTED_EDGE('',*,*,#5336,.T.);
#5336 = EDGE_CURVE('',#5329,#5147,#5337,.T.);
#5337 = LINE('',#5338,#5339);
#5338 = CARTESIAN_POINT('',(4.477418396924,-5.715534562501,10.));
#5339 = VECTOR('',#5340,1.);
#5340 = DIRECTION('',(-0.483220555277,0.875498655029,0.));
#5341 = ORIENTED_EDGE('',*,*,#5154,.T.);
#5342 = PLANE('',#5343);
#5343 = AXIS2_PLACEMENT_3D('',#5344,#5345,#5346);
#5344 = CARTESIAN_POINT('',(3.588298395386,-6.215115133526,10.));
#5345 = DIRECTION('',(0.,0.,1.));
#5346 = DIRECTION('',(1.,0.,0.));
#5347 = ADVANCED_FACE('',(#5348),#5366,.F.);
#5348 = FACE_BOUND('',#5349,.F.);
#5349 = EDGE_LOOP('',(#5350,#5358,#5359,#5360));
#5350 = ORIENTED_EDGE('',*,*,#5351,.F.);
#5351 = EDGE_CURVE('',#2096,#5352,#5354,.T.);
#5352 = VERTEX_POINT('',#5353);
#5353 = CARTESIAN_POINT('',(2.599694284074,-6.550693825243,2.65));
#5354 = LINE('',#5355,#5356);
#5355 = CARTESIAN_POINT('',(2.166908024645,-5.46016164434,2.65));
#5356 = VECTOR('',#5357,1.);
#5357 = DIRECTION('',(0.368871582979,-0.929480368416,0.));
#5358 = ORIENTED_EDGE('',*,*,#2104,.T.);
#5359 = ORIENTED_EDGE('',*,*,#5200,.T.);
#5360 = ORIENTED_EDGE('',*,*,#5361,.F.);
#5361 = EDGE_CURVE('',#5352,#5201,#5362,.T.);
#5362 = LINE('',#5363,#5364);
#5363 = CARTESIAN_POINT('',(2.599694284074,-6.550693825243,0.));
#5364 = VECTOR('',#5365,1.);
#5365 = DIRECTION('',(0.,0.,1.));
#5366 = PLANE('',#5367);
#5367 = AXIS2_PLACEMENT_3D('',#5368,#5369,#5370);
#5368 = CARTESIAN_POINT('',(2.190175023939,-5.518789687469,0.));
#5369 = DIRECTION('',(0.929480368416,0.368871582979,0.));
#5370 = DIRECTION('',(0.368871582979,-0.929480368416,0.));
#5371 = ADVANCED_FACE('',(#5372),#5397,.F.);
#5372 = FACE_BOUND('',#5373,.F.);
#5373 = EDGE_LOOP('',(#5374,#5382,#5390,#5396));
#5374 = ORIENTED_EDGE('',*,*,#5375,.F.);
#5375 = EDGE_CURVE('',#5376,#2088,#5378,.T.);
#5376 = VERTEX_POINT('',#5377);
#5377 = CARTESIAN_POINT('',(1.023945620541,-6.972914407111,2.65));
#5378 = LINE('',#5379,#5380);
#5379 = CARTESIAN_POINT('',(1.031422098467,-7.023828088072,2.65));
#5380 = VECTOR('',#5381,1.);
#5381 = DIRECTION('',(-0.145288022614,0.989389402857,0.));
#5382 = ORIENTED_EDGE('',*,*,#5383,.T.);
#5383 = EDGE_CURVE('',#5376,#5384,#5386,.T.);
#5384 = VERTEX_POINT('',#5385);
#5385 = CARTESIAN_POINT('',(1.023945620541,-6.972914407111,10.));
#5386 = LINE('',#5387,#5388);
#5387 = CARTESIAN_POINT('',(1.023945620541,-6.972914407111,0.));
#5388 = VECTOR('',#5389,1.);
#5389 = DIRECTION('',(0.,0.,1.));
#5390 = ORIENTED_EDGE('',*,*,#5391,.T.);
#5391 = EDGE_CURVE('',#5384,#2079,#5392,.T.);
#5392 = LINE('',#5393,#5394);
#5393 = CARTESIAN_POINT('',(1.023945620541,-6.972914407111,10.));
#5394 = VECTOR('',#5395,1.);
#5395 = DIRECTION('',(-0.145288022614,0.989389402857,0.));
#5396 = ORIENTED_EDGE('',*,*,#2087,.F.);
#5397 = PLANE('',#5398);
#5398 = AXIS2_PLACEMENT_3D('',#5399,#5400,#5401);
#5399 = CARTESIAN_POINT('',(1.023945620541,-6.972914407111,0.));
#5400 = DIRECTION('',(-0.989389402857,-0.145288022614,0.));
#5401 = DIRECTION('',(-0.145288022614,0.989389402857,0.));
#5402 = ADVANCED_FACE('',(#5403),#5549,.T.);
#5403 = FACE_BOUND('',#5404,.T.);
#5404 = EDGE_LOOP('',(#5405,#5406,#5414,#5422,#5430,#5438,#5446,#5454,
    #5462,#5470,#5478,#5486,#5494,#5502,#5510,#5518,#5526,#5534,#5542,
    #5548));
#5405 = ORIENTED_EDGE('',*,*,#2078,.F.);
#5406 = ORIENTED_EDGE('',*,*,#5407,.T.);
#5407 = EDGE_CURVE('',#2071,#5408,#5410,.T.);
#5408 = VERTEX_POINT('',#5409);
#5409 = CARTESIAN_POINT('',(-1.023945620541,-6.972914407111,10.));
#5410 = LINE('',#5411,#5412);
#5411 = CARTESIAN_POINT('',(-0.862647634269,-5.874499579461,10.));
#5412 = VECTOR('',#5413,1.);
#5413 = DIRECTION('',(-0.145288022614,-0.989389402857,0.));
#5414 = ORIENTED_EDGE('',*,*,#5415,.T.);
#5415 = EDGE_CURVE('',#5408,#5416,#5418,.T.);
#5416 = VERTEX_POINT('',#5417);
#5417 = CARTESIAN_POINT('',(-1.019790793858,-7.188507325796,10.));
#5418 = LINE('',#5419,#5420);
#5419 = CARTESIAN_POINT('',(-1.023945620541,-6.972914407111,10.));
#5420 = VECTOR('',#5421,1.);
#5421 = DIRECTION('',(1.926805101411E-02,-0.999814353873,0.));
#5422 = ORIENTED_EDGE('',*,*,#5423,.T.);
#5423 = EDGE_CURVE('',#5416,#5424,#5426,.T.);
#5424 = VERTEX_POINT('',#5425);
#5425 = CARTESIAN_POINT('',(-0.984936830443,-7.408081989201,10.));
#5426 = LINE('',#5427,#5428);
#5427 = CARTESIAN_POINT('',(-1.019790793858,-7.188507325796,10.));
#5428 = VECTOR('',#5429,1.);
#5429 = DIRECTION('',(0.156771239442,-0.987634941911,0.));
#5430 = ORIENTED_EDGE('',*,*,#5431,.T.);
#5431 = EDGE_CURVE('',#5424,#5432,#5434,.T.);
#5432 = VERTEX_POINT('',#5433);
#5433 = CARTESIAN_POINT('',(-0.928428769163,-7.629778858564,10.));
#5434 = LINE('',#5435,#5436);
#5435 = CARTESIAN_POINT('',(-0.984936830443,-7.408081989201,10.));
#5436 = VECTOR('',#5437,1.);
#5437 = DIRECTION('',(0.246991780525,-0.969017574842,0.));
#5438 = ORIENTED_EDGE('',*,*,#5439,.T.);
#5439 = EDGE_CURVE('',#5432,#5440,#5442,.T.);
#5440 = VERTEX_POINT('',#5441);
#5441 = CARTESIAN_POINT('',(-0.853161286532,-7.852636813796,10.));
#5442 = LINE('',#5443,#5444);
#5443 = CARTESIAN_POINT('',(-0.928428769163,-7.629778858564,10.));
#5444 = VECTOR('',#5445,1.);
#5445 = DIRECTION('',(0.319980617636,-0.947424088958,0.));
#5446 = ORIENTED_EDGE('',*,*,#5447,.T.);
#5447 = EDGE_CURVE('',#5440,#5448,#5450,.T.);
#5448 = VERTEX_POINT('',#5449);
#5449 = CARTESIAN_POINT('',(-0.760662605029,-8.075891456714,10.));
#5450 = LINE('',#5451,#5452);
#5451 = CARTESIAN_POINT('',(-0.853161286532,-7.852636813796,10.));
#5452 = VECTOR('',#5453,1.);
#5453 = DIRECTION('',(0.38276671894,-0.923845029684,0.));
#5454 = ORIENTED_EDGE('',*,*,#5455,.T.);
#5455 = EDGE_CURVE('',#5448,#5456,#5458,.T.);
#5456 = VERTEX_POINT('',#5457);
#5457 = CARTESIAN_POINT('',(-0.651884412561,-8.298859924712,10.));
#5458 = LINE('',#5459,#5460);
#5459 = CARTESIAN_POINT('',(-0.760662605029,-8.075891456714,10.));
#5460 = VECTOR('',#5461,1.);
#5461 = DIRECTION('',(0.438466240509,-0.898747659765,0.));
#5462 = ORIENTED_EDGE('',*,*,#5463,.T.);
#5463 = EDGE_CURVE('',#5456,#5464,#5466,.T.);
#5464 = VERTEX_POINT('',#5465);
#5465 = CARTESIAN_POINT('',(-0.527480579992,-8.520900779961,10.));
#5466 = LINE('',#5467,#5468);
#5467 = CARTESIAN_POINT('',(-0.651884412561,-8.298859924712,10.));
#5468 = VECTOR('',#5469,1.);
#5469 = DIRECTION('',(0.488785672731,-0.872403900801,0.));
#5470 = ORIENTED_EDGE('',*,*,#5471,.T.);
#5471 = EDGE_CURVE('',#5464,#5472,#5474,.T.);
#5472 = VERTEX_POINT('',#5473);
#5473 = CARTESIAN_POINT('',(-0.387934252311,-8.741396170858,10.));
#5474 = LINE('',#5475,#5476);
#5475 = CARTESIAN_POINT('',(-0.527480579992,-8.520900779961,10.));
#5476 = VECTOR('',#5477,1.);
#5477 = DIRECTION('',(0.534776477449,-0.844993561613,0.));
#5478 = ORIENTED_EDGE('',*,*,#5479,.T.);
#5479 = EDGE_CURVE('',#5472,#5480,#5482,.T.);
#5480 = VERTEX_POINT('',#5481);
#5481 = CARTESIAN_POINT('',(0.387934252311,-8.741396170858,10.));
#5482 = LINE('',#5483,#5484);
#5483 = CARTESIAN_POINT('',(-0.387934252311,-8.741396170858,10.));
#5484 = VECTOR('',#5485,1.);
#5485 = DIRECTION('',(1.,0.,0.));
#5486 = ORIENTED_EDGE('',*,*,#5487,.T.);
#5487 = EDGE_CURVE('',#5480,#5488,#5490,.T.);
#5488 = VERTEX_POINT('',#5489);
#5489 = CARTESIAN_POINT('',(0.527480579992,-8.520900779961,10.));
#5490 = LINE('',#5491,#5492);
#5491 = CARTESIAN_POINT('',(0.387934252311,-8.741396170858,10.));
#5492 = VECTOR('',#5493,1.);
#5493 = DIRECTION('',(0.534776477449,0.844993561613,0.));
#5494 = ORIENTED_EDGE('',*,*,#5495,.T.);
#5495 = EDGE_CURVE('',#5488,#5496,#5498,.T.);
#5496 = VERTEX_POINT('',#5497);
#5497 = CARTESIAN_POINT('',(0.651884412561,-8.298859924712,10.));
#5498 = LINE('',#5499,#5500);
#5499 = CARTESIAN_POINT('',(0.527480579992,-8.520900779961,10.));
#5500 = VECTOR('',#5501,1.);
#5501 = DIRECTION('',(0.488785672731,0.872403900801,0.));
#5502 = ORIENTED_EDGE('',*,*,#5503,.T.);
#5503 = EDGE_CURVE('',#5496,#5504,#5506,.T.);
#5504 = VERTEX_POINT('',#5505);
#5505 = CARTESIAN_POINT('',(0.760662605029,-8.075891456714,10.));
#5506 = LINE('',#5507,#5508);
#5507 = CARTESIAN_POINT('',(0.651884412561,-8.298859924712,10.));
#5508 = VECTOR('',#5509,1.);
#5509 = DIRECTION('',(0.438466240509,0.898747659765,0.));
#5510 = ORIENTED_EDGE('',*,*,#5511,.T.);
#5511 = EDGE_CURVE('',#5504,#5512,#5514,.T.);
#5512 = VERTEX_POINT('',#5513);
#5513 = CARTESIAN_POINT('',(0.853161286532,-7.852636813796,10.));
#5514 = LINE('',#5515,#5516);
#5515 = CARTESIAN_POINT('',(0.760662605029,-8.075891456714,10.));
#5516 = VECTOR('',#5517,1.);
#5517 = DIRECTION('',(0.38276671894,0.923845029684,0.));
#5518 = ORIENTED_EDGE('',*,*,#5519,.T.);
#5519 = EDGE_CURVE('',#5512,#5520,#5522,.T.);
#5520 = VERTEX_POINT('',#5521);
#5521 = CARTESIAN_POINT('',(0.928428769163,-7.629778858564,10.));
#5522 = LINE('',#5523,#5524);
#5523 = CARTESIAN_POINT('',(0.853161286532,-7.852636813796,10.));
#5524 = VECTOR('',#5525,1.);
#5525 = DIRECTION('',(0.319980617636,0.947424088958,0.));
#5526 = ORIENTED_EDGE('',*,*,#5527,.T.);
#5527 = EDGE_CURVE('',#5520,#5528,#5530,.T.);
#5528 = VERTEX_POINT('',#5529);
#5529 = CARTESIAN_POINT('',(0.984936830443,-7.408081989201,10.));
#5530 = LINE('',#5531,#5532);
#5531 = CARTESIAN_POINT('',(0.928428769163,-7.629778858564,10.));
#5532 = VECTOR('',#5533,1.);
#5533 = DIRECTION('',(0.246991780525,0.969017574842,0.));
#5534 = ORIENTED_EDGE('',*,*,#5535,.T.);
#5535 = EDGE_CURVE('',#5528,#5536,#5538,.T.);
#5536 = VERTEX_POINT('',#5537);
#5537 = CARTESIAN_POINT('',(1.019790793858,-7.188507325796,10.));
#5538 = LINE('',#5539,#5540);
#5539 = CARTESIAN_POINT('',(0.984936830443,-7.408081989201,10.));
#5540 = VECTOR('',#5541,1.);
#5541 = DIRECTION('',(0.156771239442,0.987634941911,0.));
#5542 = ORIENTED_EDGE('',*,*,#5543,.T.);
#5543 = EDGE_CURVE('',#5536,#5384,#5544,.T.);
#5544 = LINE('',#5545,#5546);
#5545 = CARTESIAN_POINT('',(1.019790793858,-7.188507325796,10.));
#5546 = VECTOR('',#5547,1.);
#5547 = DIRECTION('',(1.926805101411E-02,0.999814353873,0.));
#5548 = ORIENTED_EDGE('',*,*,#5391,.T.);
#5549 = PLANE('',#5550);
#5550 = AXIS2_PLACEMENT_3D('',#5551,#5552,#5553);
#5551 = CARTESIAN_POINT('',(-1.27E-15,-7.176596790771,10.));
#5552 = DIRECTION('',(0.,0.,1.));
#5553 = DIRECTION('',(1.,0.,0.));
#5554 = ADVANCED_FACE('',(#5555),#5573,.F.);
#5555 = FACE_BOUND('',#5556,.F.);
#5556 = EDGE_LOOP('',(#5557,#5565,#5566,#5567));
#5557 = ORIENTED_EDGE('',*,*,#5558,.F.);
#5558 = EDGE_CURVE('',#2062,#5559,#5561,.T.);
#5559 = VERTEX_POINT('',#5560);
#5560 = CARTESIAN_POINT('',(-1.023945620541,-6.972914407111,2.65));
#5561 = LINE('',#5562,#5563);
#5562 = CARTESIAN_POINT('',(-1.03309668244,-7.035231750997,2.65));
#5563 = VECTOR('',#5564,1.);
#5564 = DIRECTION('',(-0.145288022614,-0.989389402857,0.));
#5565 = ORIENTED_EDGE('',*,*,#2070,.T.);
#5566 = ORIENTED_EDGE('',*,*,#5407,.T.);
#5567 = ORIENTED_EDGE('',*,*,#5568,.F.);
#5568 = EDGE_CURVE('',#5559,#5408,#5569,.T.);
#5569 = LINE('',#5570,#5571);
#5570 = CARTESIAN_POINT('',(-1.023945620541,-6.972914407111,0.));
#5571 = VECTOR('',#5572,1.);
#5572 = DIRECTION('',(0.,0.,1.));
#5573 = PLANE('',#5574);
#5574 = AXIS2_PLACEMENT_3D('',#5575,#5576,#5577);
#5575 = CARTESIAN_POINT('',(-0.862647634269,-5.874499579461,0.));
#5576 = DIRECTION('',(0.989389402857,-0.145288022614,0.));
#5577 = DIRECTION('',(-0.145288022614,-0.989389402857,0.));
#5578 = ADVANCED_FACE('',(#5579),#5604,.F.);
#5579 = FACE_BOUND('',#5580,.F.);
#5580 = EDGE_LOOP('',(#5581,#5589,#5597,#5603));
#5581 = ORIENTED_EDGE('',*,*,#5582,.F.);
#5582 = EDGE_CURVE('',#5583,#2054,#5585,.T.);
#5583 = VERTEX_POINT('',#5584);
#5584 = CARTESIAN_POINT('',(-2.599694284074,-6.550693825243,2.65));
#5585 = LINE('',#5586,#5587);
#5586 = CARTESIAN_POINT('',(-2.902326009157,-7.313263403125,2.65));
#5587 = VECTOR('',#5588,1.);
#5588 = DIRECTION('',(0.368871582979,0.929480368416,0.));
#5589 = ORIENTED_EDGE('',*,*,#5590,.T.);
#5590 = EDGE_CURVE('',#5583,#5591,#5593,.T.);
#5591 = VERTEX_POINT('',#5592);
#5592 = CARTESIAN_POINT('',(-2.599694284074,-6.550693825243,10.));
#5593 = LINE('',#5594,#5595);
#5594 = CARTESIAN_POINT('',(-2.599694284074,-6.550693825243,0.));
#5595 = VECTOR('',#5596,1.);
#5596 = DIRECTION('',(0.,0.,1.));
#5597 = ORIENTED_EDGE('',*,*,#5598,.T.);
#5598 = EDGE_CURVE('',#5591,#2045,#5599,.T.);
#5599 = LINE('',#5600,#5601);
#5600 = CARTESIAN_POINT('',(-2.599694284074,-6.550693825243,10.));
#5601 = VECTOR('',#5602,1.);
#5602 = DIRECTION('',(0.368871582979,0.929480368416,0.));
#5603 = ORIENTED_EDGE('',*,*,#2053,.F.);
#5604 = PLANE('',#5605);
#5605 = AXIS2_PLACEMENT_3D('',#5606,#5607,#5608);
#5606 = CARTESIAN_POINT('',(-2.599694284074,-6.550693825243,0.));
#5607 = DIRECTION('',(-0.929480368416,0.368871582979,0.));
#5608 = DIRECTION('',(0.368871582979,0.929480368416,0.));
#5609 = ADVANCED_FACE('',(#5610),#5756,.T.);
#5610 = FACE_BOUND('',#5611,.T.);
#5611 = EDGE_LOOP('',(#5612,#5613,#5621,#5629,#5637,#5645,#5653,#5661,
    #5669,#5677,#5685,#5693,#5701,#5709,#5717,#5725,#5733,#5741,#5749,
    #5755));
#5612 = ORIENTED_EDGE('',*,*,#2044,.F.);
#5613 = ORIENTED_EDGE('',*,*,#5614,.T.);
#5614 = EDGE_CURVE('',#2037,#5615,#5617,.T.);
#5615 = VERTEX_POINT('',#5616);
#5616 = CARTESIAN_POINT('',(-4.373220123038,-5.526748204702,10.));
#5617 = LINE('',#5618,#5619);
#5618 = CARTESIAN_POINT('',(-3.684324555522,-4.6561420532,10.));
#5619 = VECTOR('',#5620,1.);
#5620 = DIRECTION('',(-0.620517819877,-0.784192345802,0.));
#5621 = ORIENTED_EDGE('',*,*,#5622,.T.);
#5622 = EDGE_CURVE('',#5615,#5623,#5625,.T.);
#5623 = VERTEX_POINT('',#5624);
#5624 = CARTESIAN_POINT('',(-4.477418396924,-5.715534562501,10.));
#5625 = LINE('',#5626,#5627);
#5626 = CARTESIAN_POINT('',(-4.373220123038,-5.526748204702,10.));
#5627 = VECTOR('',#5628,1.);
#5628 = DIRECTION('',(-0.483220555277,-0.875498655029,0.));
#5629 = ORIENTED_EDGE('',*,*,#5630,.T.);
#5630 = EDGE_CURVE('',#5623,#5631,#5633,.T.);
#5631 = VERTEX_POINT('',#5632);
#5632 = CARTESIAN_POINT('',(-4.557021310887,-5.923118780744,10.));
#5633 = LINE('',#5634,#5635);
#5634 = CARTESIAN_POINT('',(-4.477418396924,-5.715534562501,10.));
#5635 = VECTOR('',#5636,1.);
#5636 = DIRECTION('',(-0.358049595016,-0.933702569081,0.));
#5637 = ORIENTED_EDGE('',*,*,#5638,.T.);
#5638 = EDGE_CURVE('',#5631,#5639,#5641,.T.);
#5639 = VERTEX_POINT('',#5640);
#5640 = CARTESIAN_POINT('',(-4.618932328982,-6.143367932193,10.));
#5641 = LINE('',#5642,#5643);
#5642 = CARTESIAN_POINT('',(-4.557021310887,-5.923118780744,10.));
#5643 = VECTOR('',#5644,1.);
#5644 = DIRECTION('',(-0.27060763096,-0.96268972679,0.));
#5645 = ORIENTED_EDGE('',*,*,#5646,.T.);
#5646 = EDGE_CURVE('',#5639,#5647,#5649,.T.);
#5647 = VERTEX_POINT('',#5648);
#5648 = CARTESIAN_POINT('',(-4.66517775456,-6.374002324174,10.));
#5649 = LINE('',#5650,#5651);
#5650 = CARTESIAN_POINT('',(-4.618932328982,-6.143367932193,10.));
#5651 = VECTOR('',#5652,1.);
#5652 = DIRECTION('',(-0.196600700888,-0.980483638013,0.));
#5653 = ORIENTED_EDGE('',*,*,#5654,.T.);
#5654 = EDGE_CURVE('',#5647,#5655,#5657,.T.);
#5655 = VERTEX_POINT('',#5656);
#5656 = CARTESIAN_POINT('',(-4.696698868022,-6.613595857206,10.));
#5657 = LINE('',#5658,#5659);
#5658 = CARTESIAN_POINT('',(-4.66517775456,-6.374002324174,10.));
#5659 = VECTOR('',#5660,1.);
#5660 = DIRECTION('',(-0.130436812516,-0.991456624336,0.));
#5661 = ORIENTED_EDGE('',*,*,#5662,.T.);
#5662 = EDGE_CURVE('',#5655,#5663,#5665,.T.);
#5663 = VERTEX_POINT('',#5664);
#5664 = CARTESIAN_POINT('',(-4.713978423964,-6.861081310968,10.));
#5665 = LINE('',#5666,#5667);
#5666 = CARTESIAN_POINT('',(-4.696698868022,-6.613595857206,10.));
#5667 = VECTOR('',#5668,1.);
#5668 = DIRECTION('',(-6.96509268998E-02,-0.997571425203,0.));
#5669 = ORIENTED_EDGE('',*,*,#5670,.T.);
#5670 = EDGE_CURVE('',#5663,#5671,#5673,.T.);
#5671 = VERTEX_POINT('',#5672);
#5672 = CARTESIAN_POINT('',(-4.717261972257,-7.115576248577,10.));
#5673 = LINE('',#5674,#5675);
#5674 = CARTESIAN_POINT('',(-4.713978423964,-6.861081310968,10.));
#5675 = VECTOR('',#5676,1.);
#5676 = DIRECTION('',(-1.290114080914E-02,-0.99991677682,0.));
#5677 = ORIENTED_EDGE('',*,*,#5678,.T.);
#5678 = EDGE_CURVE('',#5671,#5679,#5681,.T.);
#5679 = VERTEX_POINT('',#5680);
#5680 = CARTESIAN_POINT('',(-4.706659002928,-7.376304022351,10.));
#5681 = LINE('',#5682,#5683);
#5682 = CARTESIAN_POINT('',(-4.717261972257,-7.115576248577,10.));
#5683 = VECTOR('',#5684,1.);
#5684 = DIRECTION('',(4.06332340113E-02,-0.999174129116,0.));
#5685 = ORIENTED_EDGE('',*,*,#5686,.T.);
#5686 = EDGE_CURVE('',#5679,#5687,#5689,.T.);
#5687 = VERTEX_POINT('',#5688);
#5688 = CARTESIAN_POINT('',(-4.034737167929,-7.764238274662,10.));
#5689 = LINE('',#5690,#5691);
#5690 = CARTESIAN_POINT('',(-4.706659002928,-7.376304022351,10.));
#5691 = VECTOR('',#5692,1.);
#5692 = DIRECTION('',(0.866025403784,-0.5,0.));
#5693 = ORIENTED_EDGE('',*,*,#5694,.T.);
#5694 = EDGE_CURVE('',#5687,#5695,#5697,.T.);
#5695 = VERTEX_POINT('',#5696);
#5696 = CARTESIAN_POINT('',(-3.803638807704,-7.643056828569,10.));
#5697 = LINE('',#5698,#5699);
#5698 = CARTESIAN_POINT('',(-4.034737167929,-7.764238274662,10.));
#5699 = VECTOR('',#5700,1.);
#5700 = DIRECTION('',(0.885626795624,0.464397651666,0.));
#5701 = ORIENTED_EDGE('',*,*,#5702,.T.);
#5702 = EDGE_CURVE('',#5695,#5703,#5705,.T.);
#5703 = VERTEX_POINT('',#5704);
#5704 = CARTESIAN_POINT('',(-3.584881500747,-7.512965723529,10.));
#5705 = LINE('',#5706,#5707);
#5706 = CARTESIAN_POINT('',(-3.803638807704,-7.643056828569,10.));
#5707 = VECTOR('',#5708,1.);
#5708 = DIRECTION('',(0.859502759992,0.511131104088,0.));
#5709 = ORIENTED_EDGE('',*,*,#5710,.T.);
#5710 = EDGE_CURVE('',#5703,#5711,#5713,.T.);
#5711 = VERTEX_POINT('',#5712);
#5712 = CARTESIAN_POINT('',(-3.379192588693,-7.374258462235,10.));
#5713 = LINE('',#5714,#5715);
#5714 = CARTESIAN_POINT('',(-3.584881500747,-7.512965723529,10.));
#5715 = VECTOR('',#5716,1.);
#5716 = DIRECTION('',(0.829096732866,0.559105184694,0.));
#5717 = ORIENTED_EDGE('',*,*,#5718,.T.);
#5718 = EDGE_CURVE('',#5711,#5719,#5721,.T.);
#5719 = VERTEX_POINT('',#5720);
#5720 = CARTESIAN_POINT('',(-3.187459059236,-7.227163610706,10.));
#5721 = LINE('',#5722,#5723);
#5722 = CARTESIAN_POINT('',(-3.379192588693,-7.374258462235,10.));
#5723 = VECTOR('',#5724,1.);
#5724 = DIRECTION('',(0.793408217168,0.608689905396,0.));
#5725 = ORIENTED_EDGE('',*,*,#5726,.T.);
#5726 = EDGE_CURVE('',#5719,#5727,#5729,.T.);
#5727 = VERTEX_POINT('',#5728);
#5728 = CARTESIAN_POINT('',(-3.010846529583,-7.071796701356,10.));
#5729 = LINE('',#5730,#5731);
#5730 = CARTESIAN_POINT('',(-3.187459059236,-7.227163610706,10.));
#5731 = VECTOR('',#5732,1.);
#5732 = DIRECTION('',(0.75082338807,0.660503020377,0.));
#5733 = ORIENTED_EDGE('',*,*,#5734,.T.);
#5734 = EDGE_CURVE('',#5727,#5735,#5737,.T.);
#5735 = VERTEX_POINT('',#5736);
#5736 = CARTESIAN_POINT('',(-2.851060678313,-6.908055611187,10.));
#5737 = LINE('',#5738,#5739);
#5738 = CARTESIAN_POINT('',(-3.010846529583,-7.071796701356,10.));
#5739 = VECTOR('',#5740,1.);
#5740 = DIRECTION('',(0.698409943882,0.715697946264,0.));
#5741 = ORIENTED_EDGE('',*,*,#5742,.T.);
#5742 = EDGE_CURVE('',#5735,#5743,#5745,.T.);
#5743 = VERTEX_POINT('',#5744);
#5744 = CARTESIAN_POINT('',(-2.711088928872,-6.735325356359,10.));
#5745 = LINE('',#5746,#5747);
#5746 = CARTESIAN_POINT('',(-2.851060678313,-6.908055611187,10.));
#5747 = VECTOR('',#5748,1.);
#5748 = DIRECTION('',(0.629585346895,0.776931329639,0.));
#5749 = ORIENTED_EDGE('',*,*,#5750,.T.);
#5750 = EDGE_CURVE('',#5743,#5591,#5751,.T.);
#5751 = LINE('',#5752,#5753);
#5752 = CARTESIAN_POINT('',(-2.711088928872,-6.735325356359,10.));
#5753 = VECTOR('',#5754,1.);
#5754 = DIRECTION('',(0.516593798596,0.856230604015,0.));
#5755 = ORIENTED_EDGE('',*,*,#5598,.T.);
#5756 = PLANE('',#5757);
#5757 = AXIS2_PLACEMENT_3D('',#5758,#5759,#5760);
#5758 = CARTESIAN_POINT('',(-3.588298395386,-6.215115133526,10.));
#5759 = DIRECTION('',(0.,0.,1.));
#5760 = DIRECTION('',(1.,0.,0.));
#5761 = ADVANCED_FACE('',(#5762),#5812,.F.);
#5762 = FACE_BOUND('',#5763,.F.);
#5763 = EDGE_LOOP('',(#5764,#5774,#5782,#5790,#5798,#5804,#5805,#5806));
#5764 = ORIENTED_EDGE('',*,*,#5765,.F.);
#5765 = EDGE_CURVE('',#5766,#5768,#5770,.T.);
#5766 = VERTEX_POINT('',#5767);
#5767 = CARTESIAN_POINT('',(-4.3,-5.434214746024,0.));
#5768 = VERTEX_POINT('',#5769);
#5769 = CARTESIAN_POINT('',(-4.373220123038,-5.526748204702,0.));
#5770 = LINE('',#5771,#5772);
#5771 = CARTESIAN_POINT('',(-3.684324555522,-4.6561420532,0.));
#5772 = VECTOR('',#5773,1.);
#5773 = DIRECTION('',(-0.620517819877,-0.784192345802,0.));
#5774 = ORIENTED_EDGE('',*,*,#5775,.T.);
#5775 = EDGE_CURVE('',#5766,#5776,#5778,.T.);
#5776 = VERTEX_POINT('',#5777);
#5777 = CARTESIAN_POINT('',(-4.3,-5.434214746024,0.65));
#5778 = LINE('',#5779,#5780);
#5779 = CARTESIAN_POINT('',(-4.3,-5.434214746024,-7.5E-02));
#5780 = VECTOR('',#5781,1.);
#5781 = DIRECTION('',(0.,0.,1.));
#5782 = ORIENTED_EDGE('',*,*,#5783,.F.);
#5783 = EDGE_CURVE('',#5784,#5776,#5786,.T.);
#5784 = VERTEX_POINT('',#5785);
#5785 = CARTESIAN_POINT('',(-3.9,-4.928706397557,0.65));
#5786 = LINE('',#5787,#5788);
#5787 = CARTESIAN_POINT('',(-4.665085193655,-5.89559877926,0.65));
#5788 = VECTOR('',#5789,1.);
#5789 = DIRECTION('',(-0.620517819877,-0.784192345802,0.));
#5790 = ORIENTED_EDGE('',*,*,#5791,.T.);
#5791 = EDGE_CURVE('',#5784,#5792,#5794,.T.);
#5792 = VERTEX_POINT('',#5793);
#5793 = CARTESIAN_POINT('',(-3.9,-4.928706397557,2.65));
#5794 = LINE('',#5795,#5796);
#5795 = CARTESIAN_POINT('',(-3.9,-4.928706397557,0.275));
#5796 = VECTOR('',#5797,1.);
#5797 = DIRECTION('',(0.,0.,1.));
#5798 = ORIENTED_EDGE('',*,*,#5799,.F.);
#5799 = EDGE_CURVE('',#2028,#5792,#5800,.T.);
#5800 = LINE('',#5801,#5802);
#5801 = CARTESIAN_POINT('',(-4.490755655741,-5.675286187261,2.65));
#5802 = VECTOR('',#5803,1.);
#5803 = DIRECTION('',(-0.620517819877,-0.784192345802,0.));
#5804 = ORIENTED_EDGE('',*,*,#2036,.T.);
#5805 = ORIENTED_EDGE('',*,*,#5614,.T.);
#5806 = ORIENTED_EDGE('',*,*,#5807,.F.);
#5807 = EDGE_CURVE('',#5768,#5615,#5808,.T.);
#5808 = LINE('',#5809,#5810);
#5809 = CARTESIAN_POINT('',(-4.373220123038,-5.526748204702,0.));
#5810 = VECTOR('',#5811,1.);
#5811 = DIRECTION('',(0.,0.,1.));
#5812 = PLANE('',#5813);
#5813 = AXIS2_PLACEMENT_3D('',#5814,#5815,#5816);
#5814 = CARTESIAN_POINT('',(-3.684324555522,-4.6561420532,0.));
#5815 = DIRECTION('',(0.784192345802,-0.620517819877,0.));
#5816 = DIRECTION('',(-0.620517819877,-0.784192345802,0.));
#5817 = ADVANCED_FACE('',(#5818),#5834,.T.);
#5818 = FACE_BOUND('',#5819,.T.);
#5819 = EDGE_LOOP('',(#5820,#5826,#5827,#5833));
#5820 = ORIENTED_EDGE('',*,*,#5821,.F.);
#5821 = EDGE_CURVE('',#2020,#3736,#5822,.T.);
#5822 = LINE('',#5823,#5824);
#5823 = CARTESIAN_POINT('',(-3.9,-7.8,2.65));
#5824 = VECTOR('',#5825,1.);
#5825 = DIRECTION('',(0.,1.,0.));
#5826 = ORIENTED_EDGE('',*,*,#2019,.F.);
#5827 = ORIENTED_EDGE('',*,*,#5828,.T.);
#5828 = EDGE_CURVE('',#2011,#3727,#5829,.T.);
#5829 = LINE('',#5830,#5831);
#5830 = CARTESIAN_POINT('',(-3.9,-8.,0.65));
#5831 = VECTOR('',#5832,1.);
#5832 = DIRECTION('',(0.,1.,0.));
#5833 = ORIENTED_EDGE('',*,*,#3743,.F.);
#5834 = PLANE('',#5835);
#5835 = AXIS2_PLACEMENT_3D('',#5836,#5837,#5838);
#5836 = CARTESIAN_POINT('',(-3.9,-7.8,0.55));
#5837 = DIRECTION('',(1.,0.,0.));
#5838 = DIRECTION('',(0.,0.,1.));
#5839 = ADVANCED_FACE('',(#5840),#5923,.T.);
#5840 = FACE_BOUND('',#5841,.T.);
#5841 = EDGE_LOOP('',(#5842,#5843,#5844,#5845,#5846,#5847,#5848,#5849,
    #5850,#5851,#5852,#5860,#5868,#5876,#5884,#5892,#5900,#5908,#5916,
    #5922));
#5842 = ORIENTED_EDGE('',*,*,#1958,.F.);
#5843 = ORIENTED_EDGE('',*,*,#4122,.T.);
#5844 = ORIENTED_EDGE('',*,*,#4100,.T.);
#5845 = ORIENTED_EDGE('',*,*,#4069,.T.);
#5846 = ORIENTED_EDGE('',*,*,#4038,.T.);
#5847 = ORIENTED_EDGE('',*,*,#4007,.T.);
#5848 = ORIENTED_EDGE('',*,*,#3976,.T.);
#5849 = ORIENTED_EDGE('',*,*,#3945,.T.);
#5850 = ORIENTED_EDGE('',*,*,#3914,.T.);
#5851 = ORIENTED_EDGE('',*,*,#3867,.T.);
#5852 = ORIENTED_EDGE('',*,*,#5853,.T.);
#5853 = EDGE_CURVE('',#3868,#5854,#5856,.T.);
#5854 = VERTEX_POINT('',#5855);
#5855 = CARTESIAN_POINT('',(-7.376304022351,-4.706659002928,10.));
#5856 = LINE('',#5857,#5858);
#5857 = CARTESIAN_POINT('',(-7.764238274662,-4.034737167929,10.));
#5858 = VECTOR('',#5859,1.);
#5859 = DIRECTION('',(0.5,-0.866025403784,0.));
#5860 = ORIENTED_EDGE('',*,*,#5861,.T.);
#5861 = EDGE_CURVE('',#5854,#5862,#5864,.T.);
#5862 = VERTEX_POINT('',#5863);
#5863 = CARTESIAN_POINT('',(-7.115576248577,-4.717261972257,10.));
#5864 = LINE('',#5865,#5866);
#5865 = CARTESIAN_POINT('',(-7.376304022351,-4.706659002928,10.));
#5866 = VECTOR('',#5867,1.);
#5867 = DIRECTION('',(0.999174129116,-4.06332340113E-02,0.));
#5868 = ORIENTED_EDGE('',*,*,#5869,.T.);
#5869 = EDGE_CURVE('',#5862,#5870,#5872,.T.);
#5870 = VERTEX_POINT('',#5871);
#5871 = CARTESIAN_POINT('',(-6.861081310968,-4.713978423964,10.));
#5872 = LINE('',#5873,#5874);
#5873 = CARTESIAN_POINT('',(-7.115576248577,-4.717261972257,10.));
#5874 = VECTOR('',#5875,1.);
#5875 = DIRECTION('',(0.99991677682,1.290114080913E-02,0.));
#5876 = ORIENTED_EDGE('',*,*,#5877,.T.);
#5877 = EDGE_CURVE('',#5870,#5878,#5880,.T.);
#5878 = VERTEX_POINT('',#5879);
#5879 = CARTESIAN_POINT('',(-6.613595857206,-4.696698868022,10.));
#5880 = LINE('',#5881,#5882);
#5881 = CARTESIAN_POINT('',(-6.861081310968,-4.713978423964,10.));
#5882 = VECTOR('',#5883,1.);
#5883 = DIRECTION('',(0.997571425203,6.965092689979E-02,0.));
#5884 = ORIENTED_EDGE('',*,*,#5885,.T.);
#5885 = EDGE_CURVE('',#5878,#5886,#5888,.T.);
#5886 = VERTEX_POINT('',#5887);
#5887 = CARTESIAN_POINT('',(-6.374002324174,-4.66517775456,10.));
#5888 = LINE('',#5889,#5890);
#5889 = CARTESIAN_POINT('',(-6.613595857206,-4.696698868022,10.));
#5890 = VECTOR('',#5891,1.);
#5891 = DIRECTION('',(0.991456624336,0.130436812516,0.));
#5892 = ORIENTED_EDGE('',*,*,#5893,.T.);
#5893 = EDGE_CURVE('',#5886,#5894,#5896,.T.);
#5894 = VERTEX_POINT('',#5895);
#5895 = CARTESIAN_POINT('',(-6.143367932193,-4.618932328982,10.));
#5896 = LINE('',#5897,#5898);
#5897 = CARTESIAN_POINT('',(-6.374002324174,-4.66517775456,10.));
#5898 = VECTOR('',#5899,1.);
#5899 = DIRECTION('',(0.980483638013,0.196600700888,0.));
#5900 = ORIENTED_EDGE('',*,*,#5901,.T.);
#5901 = EDGE_CURVE('',#5894,#5902,#5904,.T.);
#5902 = VERTEX_POINT('',#5903);
#5903 = CARTESIAN_POINT('',(-5.923118780744,-4.557021310887,10.));
#5904 = LINE('',#5905,#5906);
#5905 = CARTESIAN_POINT('',(-6.143367932193,-4.618932328982,10.));
#5906 = VECTOR('',#5907,1.);
#5907 = DIRECTION('',(0.96268972679,0.27060763096,0.));
#5908 = ORIENTED_EDGE('',*,*,#5909,.T.);
#5909 = EDGE_CURVE('',#5902,#5910,#5912,.T.);
#5910 = VERTEX_POINT('',#5911);
#5911 = CARTESIAN_POINT('',(-5.715534562501,-4.477418396924,10.));
#5912 = LINE('',#5913,#5914);
#5913 = CARTESIAN_POINT('',(-5.923118780744,-4.557021310887,10.));
#5914 = VECTOR('',#5915,1.);
#5915 = DIRECTION('',(0.933702569081,0.358049595016,0.));
#5916 = ORIENTED_EDGE('',*,*,#5917,.T.);
#5917 = EDGE_CURVE('',#5910,#3768,#5918,.T.);
#5918 = LINE('',#5919,#5920);
#5919 = CARTESIAN_POINT('',(-5.715534562501,-4.477418396924,10.));
#5920 = VECTOR('',#5921,1.);
#5921 = DIRECTION('',(0.875498655029,0.483220555277,0.));
#5922 = ORIENTED_EDGE('',*,*,#3775,.T.);
#5923 = PLANE('',#5924);
#5924 = AXIS2_PLACEMENT_3D('',#5925,#5926,#5927);
#5925 = CARTESIAN_POINT('',(-6.215115133526,-3.588298395386,10.));
#5926 = DIRECTION('',(0.,0.,1.));
#5927 = DIRECTION('',(1.,0.,0.));
#5928 = ADVANCED_FACE('',(#5929),#5951,.T.);
#5929 = FACE_BOUND('',#5930,.T.);
#5930 = EDGE_LOOP('',(#5931,#5932,#5933,#5934,#5935,#5936,#5937,#5938,
    #5939,#5940,#5941,#5942,#5943,#5944,#5945,#5946,#5947,#5948,#5949,
    #5950));
#5931 = ORIENTED_EDGE('',*,*,#1924,.F.);
#5932 = ORIENTED_EDGE('',*,*,#4702,.T.);
#5933 = ORIENTED_EDGE('',*,*,#4680,.T.);
#5934 = ORIENTED_EDGE('',*,*,#4649,.T.);
#5935 = ORIENTED_EDGE('',*,*,#4618,.T.);
#5936 = ORIENTED_EDGE('',*,*,#4587,.T.);
#5937 = ORIENTED_EDGE('',*,*,#4556,.T.);
#5938 = ORIENTED_EDGE('',*,*,#4525,.T.);
#5939 = ORIENTED_EDGE('',*,*,#4494,.T.);
#5940 = ORIENTED_EDGE('',*,*,#4463,.T.);
#5941 = ORIENTED_EDGE('',*,*,#4432,.T.);
#5942 = ORIENTED_EDGE('',*,*,#4401,.T.);
#5943 = ORIENTED_EDGE('',*,*,#4370,.T.);
#5944 = ORIENTED_EDGE('',*,*,#4339,.T.);
#5945 = ORIENTED_EDGE('',*,*,#4308,.T.);
#5946 = ORIENTED_EDGE('',*,*,#4277,.T.);
#5947 = ORIENTED_EDGE('',*,*,#4246,.T.);
#5948 = ORIENTED_EDGE('',*,*,#4215,.T.);
#5949 = ORIENTED_EDGE('',*,*,#4184,.T.);
#5950 = ORIENTED_EDGE('',*,*,#4153,.T.);
#5951 = PLANE('',#5952);
#5952 = AXIS2_PLACEMENT_3D('',#5953,#5954,#5955);
#5953 = CARTESIAN_POINT('',(-7.176596790771,8.2E-16,10.));
#5954 = DIRECTION('',(0.,0.,1.));
#5955 = DIRECTION('',(1.,0.,0.));
#5956 = ADVANCED_FACE('',(#5957),#6040,.T.);
#5957 = FACE_BOUND('',#5958,.T.);
#5958 = EDGE_LOOP('',(#5959,#5960,#5961,#5969,#5977,#5985,#5993,#6001,
    #6009,#6017,#6025,#6031,#6032,#6033,#6034,#6035,#6036,#6037,#6038,
    #6039));
#5959 = ORIENTED_EDGE('',*,*,#1890,.F.);
#5960 = ORIENTED_EDGE('',*,*,#3642,.T.);
#5961 = ORIENTED_EDGE('',*,*,#5962,.T.);
#5962 = EDGE_CURVE('',#3643,#5963,#5965,.T.);
#5963 = VERTEX_POINT('',#5964);
#5964 = CARTESIAN_POINT('',(-5.715534562501,4.477418396924,10.));
#5965 = LINE('',#5966,#5967);
#5966 = CARTESIAN_POINT('',(-5.526748204702,4.373220123038,10.));
#5967 = VECTOR('',#5968,1.);
#5968 = DIRECTION('',(-0.875498655029,0.483220555277,0.));
#5969 = ORIENTED_EDGE('',*,*,#5970,.T.);
#5970 = EDGE_CURVE('',#5963,#5971,#5973,.T.);
#5971 = VERTEX_POINT('',#5972);
#5972 = CARTESIAN_POINT('',(-5.923118780744,4.557021310887,10.));
#5973 = LINE('',#5974,#5975);
#5974 = CARTESIAN_POINT('',(-5.715534562501,4.477418396924,10.));
#5975 = VECTOR('',#5976,1.);
#5976 = DIRECTION('',(-0.933702569081,0.358049595016,0.));
#5977 = ORIENTED_EDGE('',*,*,#5978,.T.);
#5978 = EDGE_CURVE('',#5971,#5979,#5981,.T.);
#5979 = VERTEX_POINT('',#5980);
#5980 = CARTESIAN_POINT('',(-6.143367932193,4.618932328982,10.));
#5981 = LINE('',#5982,#5983);
#5982 = CARTESIAN_POINT('',(-5.923118780744,4.557021310887,10.));
#5983 = VECTOR('',#5984,1.);
#5984 = DIRECTION('',(-0.96268972679,0.27060763096,0.));
#5985 = ORIENTED_EDGE('',*,*,#5986,.T.);
#5986 = EDGE_CURVE('',#5979,#5987,#5989,.T.);
#5987 = VERTEX_POINT('',#5988);
#5988 = CARTESIAN_POINT('',(-6.374002324174,4.66517775456,10.));
#5989 = LINE('',#5990,#5991);
#5990 = CARTESIAN_POINT('',(-6.143367932193,4.618932328982,10.));
#5991 = VECTOR('',#5992,1.);
#5992 = DIRECTION('',(-0.980483638013,0.196600700888,0.));
#5993 = ORIENTED_EDGE('',*,*,#5994,.T.);
#5994 = EDGE_CURVE('',#5987,#5995,#5997,.T.);
#5995 = VERTEX_POINT('',#5996);
#5996 = CARTESIAN_POINT('',(-6.613595857206,4.696698868022,10.));
#5997 = LINE('',#5998,#5999);
#5998 = CARTESIAN_POINT('',(-6.374002324174,4.66517775456,10.));
#5999 = VECTOR('',#6000,1.);
#6000 = DIRECTION('',(-0.991456624336,0.130436812516,0.));
#6001 = ORIENTED_EDGE('',*,*,#6002,.T.);
#6002 = EDGE_CURVE('',#5995,#6003,#6005,.T.);
#6003 = VERTEX_POINT('',#6004);
#6004 = CARTESIAN_POINT('',(-6.861081310968,4.713978423964,10.));
#6005 = LINE('',#6006,#6007);
#6006 = CARTESIAN_POINT('',(-6.613595857206,4.696698868022,10.));
#6007 = VECTOR('',#6008,1.);
#6008 = DIRECTION('',(-0.997571425203,6.965092689979E-02,0.));
#6009 = ORIENTED_EDGE('',*,*,#6010,.T.);
#6010 = EDGE_CURVE('',#6003,#6011,#6013,.T.);
#6011 = VERTEX_POINT('',#6012);
#6012 = CARTESIAN_POINT('',(-7.115576248577,4.717261972257,10.));
#6013 = LINE('',#6014,#6015);
#6014 = CARTESIAN_POINT('',(-6.861081310968,4.713978423964,10.));
#6015 = VECTOR('',#6016,1.);
#6016 = DIRECTION('',(-0.99991677682,1.290114080913E-02,0.));
#6017 = ORIENTED_EDGE('',*,*,#6018,.T.);
#6018 = EDGE_CURVE('',#6011,#6019,#6021,.T.);
#6019 = VERTEX_POINT('',#6020);
#6020 = CARTESIAN_POINT('',(-7.376304022351,4.706659002928,10.));
#6021 = LINE('',#6022,#6023);
#6022 = CARTESIAN_POINT('',(-7.115576248577,4.717261972257,10.));
#6023 = VECTOR('',#6024,1.);
#6024 = DIRECTION('',(-0.999174129116,-4.06332340113E-02,0.));
#6025 = ORIENTED_EDGE('',*,*,#6026,.T.);
#6026 = EDGE_CURVE('',#6019,#4974,#6027,.T.);
#6027 = LINE('',#6028,#6029);
#6028 = CARTESIAN_POINT('',(-7.376304022351,4.706659002928,10.));
#6029 = VECTOR('',#6030,1.);
#6030 = DIRECTION('',(-0.5,-0.866025403784,0.));
#6031 = ORIENTED_EDGE('',*,*,#4981,.T.);
#6032 = ORIENTED_EDGE('',*,*,#4950,.T.);
#6033 = ORIENTED_EDGE('',*,*,#4919,.T.);
#6034 = ORIENTED_EDGE('',*,*,#4888,.T.);
#6035 = ORIENTED_EDGE('',*,*,#4857,.T.);
#6036 = ORIENTED_EDGE('',*,*,#4826,.T.);
#6037 = ORIENTED_EDGE('',*,*,#4795,.T.);
#6038 = ORIENTED_EDGE('',*,*,#4764,.T.);
#6039 = ORIENTED_EDGE('',*,*,#4733,.T.);
#6040 = PLANE('',#6041);
#6041 = AXIS2_PLACEMENT_3D('',#6042,#6043,#6044);
#6042 = CARTESIAN_POINT('',(-6.215115133526,3.588298395386,10.));
#6043 = DIRECTION('',(0.,0.,1.));
#6044 = DIRECTION('',(1.,0.,0.));
#6045 = ADVANCED_FACE('',(#6046),#6062,.T.);
#6046 = FACE_BOUND('',#6047,.T.);
#6047 = EDGE_LOOP('',(#6048,#6054,#6055,#6061));
#6048 = ORIENTED_EDGE('',*,*,#6049,.F.);
#6049 = EDGE_CURVE('',#3696,#1822,#6050,.T.);
#6050 = LINE('',#6051,#6052);
#6051 = CARTESIAN_POINT('',(-3.9,-7.8,2.65));
#6052 = VECTOR('',#6053,1.);
#6053 = DIRECTION('',(0.,1.,0.));
#6054 = ORIENTED_EDGE('',*,*,#3695,.T.);
#6055 = ORIENTED_EDGE('',*,*,#6056,.T.);
#6056 = EDGE_CURVE('',#3698,#1831,#6057,.T.);
#6057 = LINE('',#6058,#6059);
#6058 = CARTESIAN_POINT('',(-3.9,-6.05,0.65));
#6059 = VECTOR('',#6060,1.);
#6060 = DIRECTION('',(0.,1.,0.));
#6061 = ORIENTED_EDGE('',*,*,#1830,.T.);
#6062 = PLANE('',#6063);
#6063 = AXIS2_PLACEMENT_3D('',#6064,#6065,#6066);
#6064 = CARTESIAN_POINT('',(-3.9,-7.8,0.55));
#6065 = DIRECTION('',(1.,0.,0.));
#6066 = DIRECTION('',(0.,0.,1.));
#6067 = ADVANCED_FACE('',(#6068),#6125,.F.);
#6068 = FACE_BOUND('',#6069,.F.);
#6069 = EDGE_LOOP('',(#6070,#6080,#6088,#6094,#6095,#6103,#6111,#6119));
#6070 = ORIENTED_EDGE('',*,*,#6071,.F.);
#6071 = EDGE_CURVE('',#6072,#6074,#6076,.T.);
#6072 = VERTEX_POINT('',#6073);
#6073 = CARTESIAN_POINT('',(-4.373220123038,5.526748204702,0.));
#6074 = VERTEX_POINT('',#6075);
#6075 = CARTESIAN_POINT('',(-4.3,5.434214746024,0.));
#6076 = LINE('',#6077,#6078);
#6077 = CARTESIAN_POINT('',(-4.373220123038,5.526748204702,0.));
#6078 = VECTOR('',#6079,1.);
#6079 = DIRECTION('',(0.620517819877,-0.784192345802,0.));
#6080 = ORIENTED_EDGE('',*,*,#6081,.T.);
#6081 = EDGE_CURVE('',#6072,#6082,#6084,.T.);
#6082 = VERTEX_POINT('',#6083);
#6083 = CARTESIAN_POINT('',(-4.373220123038,5.526748204702,10.));
#6084 = LINE('',#6085,#6086);
#6085 = CARTESIAN_POINT('',(-4.373220123038,5.526748204702,0.));
#6086 = VECTOR('',#6087,1.);
#6087 = DIRECTION('',(0.,0.,1.));
#6088 = ORIENTED_EDGE('',*,*,#6089,.T.);
#6089 = EDGE_CURVE('',#6082,#1805,#6090,.T.);
#6090 = LINE('',#6091,#6092);
#6091 = CARTESIAN_POINT('',(-4.373220123038,5.526748204702,10.));
#6092 = VECTOR('',#6093,1.);
#6093 = DIRECTION('',(0.620517819877,-0.784192345802,0.));
#6094 = ORIENTED_EDGE('',*,*,#1813,.F.);
#6095 = ORIENTED_EDGE('',*,*,#6096,.F.);
#6096 = EDGE_CURVE('',#6097,#1814,#6099,.T.);
#6097 = VERTEX_POINT('',#6098);
#6098 = CARTESIAN_POINT('',(-3.9,4.928706397557,2.65));
#6099 = LINE('',#6100,#6101);
#6100 = CARTESIAN_POINT('',(-1.039681906202,1.313919708339,2.65));
#6101 = VECTOR('',#6102,1.);
#6102 = DIRECTION('',(0.620517819877,-0.784192345802,0.));
#6103 = ORIENTED_EDGE('',*,*,#6104,.T.);
#6104 = EDGE_CURVE('',#6097,#6105,#6107,.T.);
#6105 = VERTEX_POINT('',#6106);
#6106 = CARTESIAN_POINT('',(-3.9,4.928706397557,0.65));
#6107 = LINE('',#6108,#6109);
#6108 = CARTESIAN_POINT('',(-3.9,4.928706397557,0.275));
#6109 = VECTOR('',#6110,1.);
#6110 = DIRECTION('',(0.,0.,-1.));
#6111 = ORIENTED_EDGE('',*,*,#6112,.F.);
#6112 = EDGE_CURVE('',#6113,#6105,#6115,.T.);
#6113 = VERTEX_POINT('',#6114);
#6114 = CARTESIAN_POINT('',(-4.3,5.434214746024,0.65));
#6115 = LINE('',#6116,#6117);
#6116 = CARTESIAN_POINT('',(-1.019369314203,1.288249246252,0.65));
#6117 = VECTOR('',#6118,1.);
#6118 = DIRECTION('',(0.620517819877,-0.784192345802,0.));
#6119 = ORIENTED_EDGE('',*,*,#6120,.T.);
#6120 = EDGE_CURVE('',#6113,#6074,#6121,.T.);
#6121 = LINE('',#6122,#6123);
#6122 = CARTESIAN_POINT('',(-4.3,5.434214746024,-7.5E-02));
#6123 = VECTOR('',#6124,1.);
#6124 = DIRECTION('',(0.,0.,-1.));
#6125 = PLANE('',#6126);
#6126 = AXIS2_PLACEMENT_3D('',#6127,#6128,#6129);
#6127 = CARTESIAN_POINT('',(-4.373220123038,5.526748204702,0.));
#6128 = DIRECTION('',(0.784192345802,0.620517819877,0.));
#6129 = DIRECTION('',(0.620517819877,-0.784192345802,0.));
#6130 = ADVANCED_FACE('',(#6131),#6277,.T.);
#6131 = FACE_BOUND('',#6132,.T.);
#6132 = EDGE_LOOP('',(#6133,#6134,#6142,#6150,#6158,#6166,#6174,#6182,
    #6190,#6198,#6206,#6214,#6222,#6230,#6238,#6246,#6254,#6262,#6270,
    #6276));
#6133 = ORIENTED_EDGE('',*,*,#1804,.F.);
#6134 = ORIENTED_EDGE('',*,*,#6135,.T.);
#6135 = EDGE_CURVE('',#1797,#6136,#6138,.T.);
#6136 = VERTEX_POINT('',#6137);
#6137 = CARTESIAN_POINT('',(-2.599694284074,6.550693825243,10.));
#6138 = LINE('',#6139,#6140);
#6139 = CARTESIAN_POINT('',(-2.190175023939,5.518789687469,10.));
#6140 = VECTOR('',#6141,1.);
#6141 = DIRECTION('',(-0.368871582979,0.929480368416,0.));
#6142 = ORIENTED_EDGE('',*,*,#6143,.T.);
#6143 = EDGE_CURVE('',#6136,#6144,#6146,.T.);
#6144 = VERTEX_POINT('',#6145);
#6145 = CARTESIAN_POINT('',(-2.711088928872,6.735325356359,10.));
#6146 = LINE('',#6147,#6148);
#6147 = CARTESIAN_POINT('',(-2.599694284074,6.550693825243,10.));
#6148 = VECTOR('',#6149,1.);
#6149 = DIRECTION('',(-0.516593798596,0.856230604015,0.));
#6150 = ORIENTED_EDGE('',*,*,#6151,.T.);
#6151 = EDGE_CURVE('',#6144,#6152,#6154,.T.);
#6152 = VERTEX_POINT('',#6153);
#6153 = CARTESIAN_POINT('',(-2.851060678313,6.908055611187,10.));
#6154 = LINE('',#6155,#6156);
#6155 = CARTESIAN_POINT('',(-2.711088928872,6.735325356359,10.));
#6156 = VECTOR('',#6157,1.);
#6157 = DIRECTION('',(-0.629585346895,0.776931329639,0.));
#6158 = ORIENTED_EDGE('',*,*,#6159,.T.);
#6159 = EDGE_CURVE('',#6152,#6160,#6162,.T.);
#6160 = VERTEX_POINT('',#6161);
#6161 = CARTESIAN_POINT('',(-3.010846529583,7.071796701356,10.));
#6162 = LINE('',#6163,#6164);
#6163 = CARTESIAN_POINT('',(-2.851060678313,6.908055611187,10.));
#6164 = VECTOR('',#6165,1.);
#6165 = DIRECTION('',(-0.698409943882,0.715697946264,0.));
#6166 = ORIENTED_EDGE('',*,*,#6167,.T.);
#6167 = EDGE_CURVE('',#6160,#6168,#6170,.T.);
#6168 = VERTEX_POINT('',#6169);
#6169 = CARTESIAN_POINT('',(-3.187459059236,7.227163610706,10.));
#6170 = LINE('',#6171,#6172);
#6171 = CARTESIAN_POINT('',(-3.010846529583,7.071796701356,10.));
#6172 = VECTOR('',#6173,1.);
#6173 = DIRECTION('',(-0.75082338807,0.660503020377,0.));
#6174 = ORIENTED_EDGE('',*,*,#6175,.T.);
#6175 = EDGE_CURVE('',#6168,#6176,#6178,.T.);
#6176 = VERTEX_POINT('',#6177);
#6177 = CARTESIAN_POINT('',(-3.379192588693,7.374258462235,10.));
#6178 = LINE('',#6179,#6180);
#6179 = CARTESIAN_POINT('',(-3.187459059236,7.227163610706,10.));
#6180 = VECTOR('',#6181,1.);
#6181 = DIRECTION('',(-0.793408217167,0.608689905396,0.));
#6182 = ORIENTED_EDGE('',*,*,#6183,.T.);
#6183 = EDGE_CURVE('',#6176,#6184,#6186,.T.);
#6184 = VERTEX_POINT('',#6185);
#6185 = CARTESIAN_POINT('',(-3.584881500747,7.512965723529,10.));
#6186 = LINE('',#6187,#6188);
#6187 = CARTESIAN_POINT('',(-3.379192588693,7.374258462235,10.));
#6188 = VECTOR('',#6189,1.);
#6189 = DIRECTION('',(-0.829096732866,0.559105184694,0.));
#6190 = ORIENTED_EDGE('',*,*,#6191,.T.);
#6191 = EDGE_CURVE('',#6184,#6192,#6194,.T.);
#6192 = VERTEX_POINT('',#6193);
#6193 = CARTESIAN_POINT('',(-3.803638807704,7.643056828569,10.));
#6194 = LINE('',#6195,#6196);
#6195 = CARTESIAN_POINT('',(-3.584881500747,7.512965723529,10.));
#6196 = VECTOR('',#6197,1.);
#6197 = DIRECTION('',(-0.859502759992,0.511131104088,0.));
#6198 = ORIENTED_EDGE('',*,*,#6199,.T.);
#6199 = EDGE_CURVE('',#6192,#6200,#6202,.T.);
#6200 = VERTEX_POINT('',#6201);
#6201 = CARTESIAN_POINT('',(-4.034737167929,7.764238274662,10.));
#6202 = LINE('',#6203,#6204);
#6203 = CARTESIAN_POINT('',(-3.803638807704,7.643056828569,10.));
#6204 = VECTOR('',#6205,1.);
#6205 = DIRECTION('',(-0.885626795624,0.464397651666,0.));
#6206 = ORIENTED_EDGE('',*,*,#6207,.T.);
#6207 = EDGE_CURVE('',#6200,#6208,#6210,.T.);
#6208 = VERTEX_POINT('',#6209);
#6209 = CARTESIAN_POINT('',(-4.706659002928,7.376304022351,10.));
#6210 = LINE('',#6211,#6212);
#6211 = CARTESIAN_POINT('',(-4.034737167929,7.764238274662,10.));
#6212 = VECTOR('',#6213,1.);
#6213 = DIRECTION('',(-0.866025403784,-0.5,0.));
#6214 = ORIENTED_EDGE('',*,*,#6215,.T.);
#6215 = EDGE_CURVE('',#6208,#6216,#6218,.T.);
#6216 = VERTEX_POINT('',#6217);
#6217 = CARTESIAN_POINT('',(-4.717261972257,7.115576248577,10.));
#6218 = LINE('',#6219,#6220);
#6219 = CARTESIAN_POINT('',(-4.706659002928,7.376304022351,10.));
#6220 = VECTOR('',#6221,1.);
#6221 = DIRECTION('',(-4.06332340113E-02,-0.999174129116,0.));
#6222 = ORIENTED_EDGE('',*,*,#6223,.T.);
#6223 = EDGE_CURVE('',#6216,#6224,#6226,.T.);
#6224 = VERTEX_POINT('',#6225);
#6225 = CARTESIAN_POINT('',(-4.713978423964,6.861081310968,10.));
#6226 = LINE('',#6227,#6228);
#6227 = CARTESIAN_POINT('',(-4.717261972257,7.115576248577,10.));
#6228 = VECTOR('',#6229,1.);
#6229 = DIRECTION('',(1.290114080913E-02,-0.99991677682,0.));
#6230 = ORIENTED_EDGE('',*,*,#6231,.T.);
#6231 = EDGE_CURVE('',#6224,#6232,#6234,.T.);
#6232 = VERTEX_POINT('',#6233);
#6233 = CARTESIAN_POINT('',(-4.696698868022,6.613595857206,10.));
#6234 = LINE('',#6235,#6236);
#6235 = CARTESIAN_POINT('',(-4.713978423964,6.861081310968,10.));
#6236 = VECTOR('',#6237,1.);
#6237 = DIRECTION('',(6.965092689979E-02,-0.997571425203,0.));
#6238 = ORIENTED_EDGE('',*,*,#6239,.T.);
#6239 = EDGE_CURVE('',#6232,#6240,#6242,.T.);
#6240 = VERTEX_POINT('',#6241);
#6241 = CARTESIAN_POINT('',(-4.66517775456,6.374002324174,10.));
#6242 = LINE('',#6243,#6244);
#6243 = CARTESIAN_POINT('',(-4.696698868022,6.613595857206,10.));
#6244 = VECTOR('',#6245,1.);
#6245 = DIRECTION('',(0.130436812516,-0.991456624336,0.));
#6246 = ORIENTED_EDGE('',*,*,#6247,.T.);
#6247 = EDGE_CURVE('',#6240,#6248,#6250,.T.);
#6248 = VERTEX_POINT('',#6249);
#6249 = CARTESIAN_POINT('',(-4.618932328982,6.143367932193,10.));
#6250 = LINE('',#6251,#6252);
#6251 = CARTESIAN_POINT('',(-4.66517775456,6.374002324174,10.));
#6252 = VECTOR('',#6253,1.);
#6253 = DIRECTION('',(0.196600700888,-0.980483638013,0.));
#6254 = ORIENTED_EDGE('',*,*,#6255,.T.);
#6255 = EDGE_CURVE('',#6248,#6256,#6258,.T.);
#6256 = VERTEX_POINT('',#6257);
#6257 = CARTESIAN_POINT('',(-4.557021310887,5.923118780744,10.));
#6258 = LINE('',#6259,#6260);
#6259 = CARTESIAN_POINT('',(-4.618932328982,6.143367932193,10.));
#6260 = VECTOR('',#6261,1.);
#6261 = DIRECTION('',(0.27060763096,-0.96268972679,0.));
#6262 = ORIENTED_EDGE('',*,*,#6263,.T.);
#6263 = EDGE_CURVE('',#6256,#6264,#6266,.T.);
#6264 = VERTEX_POINT('',#6265);
#6265 = CARTESIAN_POINT('',(-4.477418396924,5.715534562501,10.));
#6266 = LINE('',#6267,#6268);
#6267 = CARTESIAN_POINT('',(-4.557021310887,5.923118780744,10.));
#6268 = VECTOR('',#6269,1.);
#6269 = DIRECTION('',(0.358049595016,-0.933702569081,0.));
#6270 = ORIENTED_EDGE('',*,*,#6271,.T.);
#6271 = EDGE_CURVE('',#6264,#6082,#6272,.T.);
#6272 = LINE('',#6273,#6274);
#6273 = CARTESIAN_POINT('',(-4.477418396924,5.715534562501,10.));
#6274 = VECTOR('',#6275,1.);
#6275 = DIRECTION('',(0.483220555277,-0.875498655029,0.));
#6276 = ORIENTED_EDGE('',*,*,#6089,.T.);
#6277 = PLANE('',#6278);
#6278 = AXIS2_PLACEMENT_3D('',#6279,#6280,#6281);
#6279 = CARTESIAN_POINT('',(-3.588298395386,6.215115133526,10.));
#6280 = DIRECTION('',(0.,0.,1.));
#6281 = DIRECTION('',(1.,0.,0.));
#6282 = ADVANCED_FACE('',(#6283),#6301,.F.);
#6283 = FACE_BOUND('',#6284,.F.);
#6284 = EDGE_LOOP('',(#6285,#6293,#6294,#6295));
#6285 = ORIENTED_EDGE('',*,*,#6286,.F.);
#6286 = EDGE_CURVE('',#1788,#6287,#6289,.T.);
#6287 = VERTEX_POINT('',#6288);
#6288 = CARTESIAN_POINT('',(-2.599694284074,6.550693825243,2.65));
#6289 = LINE('',#6290,#6291);
#6290 = CARTESIAN_POINT('',(-2.326699929415E-02,5.862804312871E-02,2.65)
  );
#6291 = VECTOR('',#6292,1.);
#6292 = DIRECTION('',(-0.368871582979,0.929480368416,0.));
#6293 = ORIENTED_EDGE('',*,*,#1796,.T.);
#6294 = ORIENTED_EDGE('',*,*,#6135,.T.);
#6295 = ORIENTED_EDGE('',*,*,#6296,.F.);
#6296 = EDGE_CURVE('',#6287,#6136,#6297,.T.);
#6297 = LINE('',#6298,#6299);
#6298 = CARTESIAN_POINT('',(-2.599694284074,6.550693825243,0.));
#6299 = VECTOR('',#6300,1.);
#6300 = DIRECTION('',(0.,0.,1.));
#6301 = PLANE('',#6302);
#6302 = AXIS2_PLACEMENT_3D('',#6303,#6304,#6305);
#6303 = CARTESIAN_POINT('',(-2.190175023939,5.518789687469,0.));
#6304 = DIRECTION('',(-0.929480368416,-0.368871582979,0.));
#6305 = DIRECTION('',(-0.368871582979,0.929480368416,0.));
#6306 = ADVANCED_FACE('',(#6307),#6332,.F.);
#6307 = FACE_BOUND('',#6308,.F.);
#6308 = EDGE_LOOP('',(#6309,#6317,#6325,#6331));
#6309 = ORIENTED_EDGE('',*,*,#6310,.F.);
#6310 = EDGE_CURVE('',#6311,#1780,#6313,.T.);
#6311 = VERTEX_POINT('',#6312);
#6312 = CARTESIAN_POINT('',(-1.023945620541,6.972914407111,2.65));
#6313 = LINE('',#6314,#6315);
#6314 = CARTESIAN_POINT('',(7.476477926069E-03,-5.091368096053E-02,2.65)
  );
#6315 = VECTOR('',#6316,1.);
#6316 = DIRECTION('',(0.145288022614,-0.989389402857,0.));
#6317 = ORIENTED_EDGE('',*,*,#6318,.T.);
#6318 = EDGE_CURVE('',#6311,#6319,#6321,.T.);
#6319 = VERTEX_POINT('',#6320);
#6320 = CARTESIAN_POINT('',(-1.023945620541,6.972914407111,10.));
#6321 = LINE('',#6322,#6323);
#6322 = CARTESIAN_POINT('',(-1.023945620541,6.972914407111,0.));
#6323 = VECTOR('',#6324,1.);
#6324 = DIRECTION('',(0.,0.,1.));
#6325 = ORIENTED_EDGE('',*,*,#6326,.T.);
#6326 = EDGE_CURVE('',#6319,#1771,#6327,.T.);
#6327 = LINE('',#6328,#6329);
#6328 = CARTESIAN_POINT('',(-1.023945620541,6.972914407111,10.));
#6329 = VECTOR('',#6330,1.);
#6330 = DIRECTION('',(0.145288022614,-0.989389402857,0.));
#6331 = ORIENTED_EDGE('',*,*,#1779,.F.);
#6332 = PLANE('',#6333);
#6333 = AXIS2_PLACEMENT_3D('',#6334,#6335,#6336);
#6334 = CARTESIAN_POINT('',(-1.023945620541,6.972914407111,0.));
#6335 = DIRECTION('',(0.989389402857,0.145288022614,0.));
#6336 = DIRECTION('',(0.145288022614,-0.989389402857,0.));
#6337 = ADVANCED_FACE('',(#6338),#6484,.T.);
#6338 = FACE_BOUND('',#6339,.T.);
#6339 = EDGE_LOOP('',(#6340,#6341,#6349,#6357,#6365,#6373,#6381,#6389,
    #6397,#6405,#6413,#6421,#6429,#6437,#6445,#6453,#6461,#6469,#6477,
    #6483));
#6340 = ORIENTED_EDGE('',*,*,#1770,.F.);
#6341 = ORIENTED_EDGE('',*,*,#6342,.T.);
#6342 = EDGE_CURVE('',#1763,#6343,#6345,.T.);
#6343 = VERTEX_POINT('',#6344);
#6344 = CARTESIAN_POINT('',(1.023945620541,6.972914407111,10.));
#6345 = LINE('',#6346,#6347);
#6346 = CARTESIAN_POINT('',(0.862647634269,5.874499579461,10.));
#6347 = VECTOR('',#6348,1.);
#6348 = DIRECTION('',(0.145288022614,0.989389402857,0.));
#6349 = ORIENTED_EDGE('',*,*,#6350,.T.);
#6350 = EDGE_CURVE('',#6343,#6351,#6353,.T.);
#6351 = VERTEX_POINT('',#6352);
#6352 = CARTESIAN_POINT('',(1.019790793858,7.188507325796,10.));
#6353 = LINE('',#6354,#6355);
#6354 = CARTESIAN_POINT('',(1.023945620541,6.972914407111,10.));
#6355 = VECTOR('',#6356,1.);
#6356 = DIRECTION('',(-1.926805101411E-02,0.999814353873,0.));
#6357 = ORIENTED_EDGE('',*,*,#6358,.T.);
#6358 = EDGE_CURVE('',#6351,#6359,#6361,.T.);
#6359 = VERTEX_POINT('',#6360);
#6360 = CARTESIAN_POINT('',(0.984936830443,7.408081989201,10.));
#6361 = LINE('',#6362,#6363);
#6362 = CARTESIAN_POINT('',(1.019790793858,7.188507325796,10.));
#6363 = VECTOR('',#6364,1.);
#6364 = DIRECTION('',(-0.156771239442,0.987634941911,0.));
#6365 = ORIENTED_EDGE('',*,*,#6366,.T.);
#6366 = EDGE_CURVE('',#6359,#6367,#6369,.T.);
#6367 = VERTEX_POINT('',#6368);
#6368 = CARTESIAN_POINT('',(0.928428769163,7.629778858564,10.));
#6369 = LINE('',#6370,#6371);
#6370 = CARTESIAN_POINT('',(0.984936830443,7.408081989201,10.));
#6371 = VECTOR('',#6372,1.);
#6372 = DIRECTION('',(-0.246991780525,0.969017574842,0.));
#6373 = ORIENTED_EDGE('',*,*,#6374,.T.);
#6374 = EDGE_CURVE('',#6367,#6375,#6377,.T.);
#6375 = VERTEX_POINT('',#6376);
#6376 = CARTESIAN_POINT('',(0.853161286532,7.852636813796,10.));
#6377 = LINE('',#6378,#6379);
#6378 = CARTESIAN_POINT('',(0.928428769163,7.629778858564,10.));
#6379 = VECTOR('',#6380,1.);
#6380 = DIRECTION('',(-0.319980617636,0.947424088958,0.));
#6381 = ORIENTED_EDGE('',*,*,#6382,.T.);
#6382 = EDGE_CURVE('',#6375,#6383,#6385,.T.);
#6383 = VERTEX_POINT('',#6384);
#6384 = CARTESIAN_POINT('',(0.760662605029,8.075891456714,10.));
#6385 = LINE('',#6386,#6387);
#6386 = CARTESIAN_POINT('',(0.853161286532,7.852636813796,10.));
#6387 = VECTOR('',#6388,1.);
#6388 = DIRECTION('',(-0.38276671894,0.923845029684,0.));
#6389 = ORIENTED_EDGE('',*,*,#6390,.T.);
#6390 = EDGE_CURVE('',#6383,#6391,#6393,.T.);
#6391 = VERTEX_POINT('',#6392);
#6392 = CARTESIAN_POINT('',(0.651884412561,8.298859924712,10.));
#6393 = LINE('',#6394,#6395);
#6394 = CARTESIAN_POINT('',(0.760662605029,8.075891456714,10.));
#6395 = VECTOR('',#6396,1.);
#6396 = DIRECTION('',(-0.438466240509,0.898747659765,0.));
#6397 = ORIENTED_EDGE('',*,*,#6398,.T.);
#6398 = EDGE_CURVE('',#6391,#6399,#6401,.T.);
#6399 = VERTEX_POINT('',#6400);
#6400 = CARTESIAN_POINT('',(0.527480579992,8.520900779961,10.));
#6401 = LINE('',#6402,#6403);
#6402 = CARTESIAN_POINT('',(0.651884412561,8.298859924712,10.));
#6403 = VECTOR('',#6404,1.);
#6404 = DIRECTION('',(-0.488785672731,0.872403900801,0.));
#6405 = ORIENTED_EDGE('',*,*,#6406,.T.);
#6406 = EDGE_CURVE('',#6399,#6407,#6409,.T.);
#6407 = VERTEX_POINT('',#6408);
#6408 = CARTESIAN_POINT('',(0.387934252311,8.741396170858,10.));
#6409 = LINE('',#6410,#6411);
#6410 = CARTESIAN_POINT('',(0.527480579992,8.520900779961,10.));
#6411 = VECTOR('',#6412,1.);
#6412 = DIRECTION('',(-0.534776477449,0.844993561613,0.));
#6413 = ORIENTED_EDGE('',*,*,#6414,.T.);
#6414 = EDGE_CURVE('',#6407,#6415,#6417,.T.);
#6415 = VERTEX_POINT('',#6416);
#6416 = CARTESIAN_POINT('',(-0.387934252311,8.741396170858,10.));
#6417 = LINE('',#6418,#6419);
#6418 = CARTESIAN_POINT('',(0.387934252311,8.741396170858,10.));
#6419 = VECTOR('',#6420,1.);
#6420 = DIRECTION('',(-1.,0.,0.));
#6421 = ORIENTED_EDGE('',*,*,#6422,.T.);
#6422 = EDGE_CURVE('',#6415,#6423,#6425,.T.);
#6423 = VERTEX_POINT('',#6424);
#6424 = CARTESIAN_POINT('',(-0.527480579992,8.520900779961,10.));
#6425 = LINE('',#6426,#6427);
#6426 = CARTESIAN_POINT('',(-0.387934252311,8.741396170858,10.));
#6427 = VECTOR('',#6428,1.);
#6428 = DIRECTION('',(-0.534776477449,-0.844993561613,0.));
#6429 = ORIENTED_EDGE('',*,*,#6430,.T.);
#6430 = EDGE_CURVE('',#6423,#6431,#6433,.T.);
#6431 = VERTEX_POINT('',#6432);
#6432 = CARTESIAN_POINT('',(-0.651884412561,8.298859924712,10.));
#6433 = LINE('',#6434,#6435);
#6434 = CARTESIAN_POINT('',(-0.527480579992,8.520900779961,10.));
#6435 = VECTOR('',#6436,1.);
#6436 = DIRECTION('',(-0.488785672731,-0.872403900801,0.));
#6437 = ORIENTED_EDGE('',*,*,#6438,.T.);
#6438 = EDGE_CURVE('',#6431,#6439,#6441,.T.);
#6439 = VERTEX_POINT('',#6440);
#6440 = CARTESIAN_POINT('',(-0.760662605029,8.075891456714,10.));
#6441 = LINE('',#6442,#6443);
#6442 = CARTESIAN_POINT('',(-0.651884412561,8.298859924712,10.));
#6443 = VECTOR('',#6444,1.);
#6444 = DIRECTION('',(-0.438466240509,-0.898747659765,0.));
#6445 = ORIENTED_EDGE('',*,*,#6446,.T.);
#6446 = EDGE_CURVE('',#6439,#6447,#6449,.T.);
#6447 = VERTEX_POINT('',#6448);
#6448 = CARTESIAN_POINT('',(-0.853161286532,7.852636813796,10.));
#6449 = LINE('',#6450,#6451);
#6450 = CARTESIAN_POINT('',(-0.760662605029,8.075891456714,10.));
#6451 = VECTOR('',#6452,1.);
#6452 = DIRECTION('',(-0.38276671894,-0.923845029684,0.));
#6453 = ORIENTED_EDGE('',*,*,#6454,.T.);
#6454 = EDGE_CURVE('',#6447,#6455,#6457,.T.);
#6455 = VERTEX_POINT('',#6456);
#6456 = CARTESIAN_POINT('',(-0.928428769163,7.629778858564,10.));
#6457 = LINE('',#6458,#6459);
#6458 = CARTESIAN_POINT('',(-0.853161286532,7.852636813796,10.));
#6459 = VECTOR('',#6460,1.);
#6460 = DIRECTION('',(-0.319980617636,-0.947424088958,0.));
#6461 = ORIENTED_EDGE('',*,*,#6462,.T.);
#6462 = EDGE_CURVE('',#6455,#6463,#6465,.T.);
#6463 = VERTEX_POINT('',#6464);
#6464 = CARTESIAN_POINT('',(-0.984936830443,7.408081989201,10.));
#6465 = LINE('',#6466,#6467);
#6466 = CARTESIAN_POINT('',(-0.928428769163,7.629778858564,10.));
#6467 = VECTOR('',#6468,1.);
#6468 = DIRECTION('',(-0.246991780525,-0.969017574842,0.));
#6469 = ORIENTED_EDGE('',*,*,#6470,.T.);
#6470 = EDGE_CURVE('',#6463,#6471,#6473,.T.);
#6471 = VERTEX_POINT('',#6472);
#6472 = CARTESIAN_POINT('',(-1.019790793858,7.188507325796,10.));
#6473 = LINE('',#6474,#6475);
#6474 = CARTESIAN_POINT('',(-0.984936830443,7.408081989201,10.));
#6475 = VECTOR('',#6476,1.);
#6476 = DIRECTION('',(-0.156771239442,-0.987634941911,0.));
#6477 = ORIENTED_EDGE('',*,*,#6478,.T.);
#6478 = EDGE_CURVE('',#6471,#6319,#6479,.T.);
#6479 = LINE('',#6480,#6481);
#6480 = CARTESIAN_POINT('',(-1.019790793858,7.188507325796,10.));
#6481 = VECTOR('',#6482,1.);
#6482 = DIRECTION('',(-1.926805101411E-02,-0.999814353873,0.));
#6483 = ORIENTED_EDGE('',*,*,#6326,.T.);
#6484 = PLANE('',#6485);
#6485 = AXIS2_PLACEMENT_3D('',#6486,#6487,#6488);
#6486 = CARTESIAN_POINT('',(2.5E-16,7.176596790771,10.));
#6487 = DIRECTION('',(0.,0.,1.));
#6488 = DIRECTION('',(1.,0.,0.));
#6489 = ADVANCED_FACE('',(#6490),#6508,.F.);
#6490 = FACE_BOUND('',#6491,.F.);
#6491 = EDGE_LOOP('',(#6492,#6500,#6501,#6502));
#6492 = ORIENTED_EDGE('',*,*,#6493,.F.);
#6493 = EDGE_CURVE('',#1754,#6494,#6496,.T.);
#6494 = VERTEX_POINT('',#6495);
#6495 = CARTESIAN_POINT('',(1.023945620541,6.972914407111,2.65));
#6496 = LINE('',#6497,#6498);
#6497 = CARTESIAN_POINT('',(-0.17044904817,-1.160732171536,2.65));
#6498 = VECTOR('',#6499,1.);
#6499 = DIRECTION('',(0.145288022614,0.989389402857,0.));
#6500 = ORIENTED_EDGE('',*,*,#1762,.T.);
#6501 = ORIENTED_EDGE('',*,*,#6342,.T.);
#6502 = ORIENTED_EDGE('',*,*,#6503,.F.);
#6503 = EDGE_CURVE('',#6494,#6343,#6504,.T.);
#6504 = LINE('',#6505,#6506);
#6505 = CARTESIAN_POINT('',(1.023945620541,6.972914407111,0.));
#6506 = VECTOR('',#6507,1.);
#6507 = DIRECTION('',(0.,0.,1.));
#6508 = PLANE('',#6509);
#6509 = AXIS2_PLACEMENT_3D('',#6510,#6511,#6512);
#6510 = CARTESIAN_POINT('',(0.862647634269,5.874499579461,0.));
#6511 = DIRECTION('',(-0.989389402857,0.145288022614,0.));
#6512 = DIRECTION('',(0.145288022614,0.989389402857,0.));
#6513 = ADVANCED_FACE('',(#6514),#6539,.F.);
#6514 = FACE_BOUND('',#6515,.F.);
#6515 = EDGE_LOOP('',(#6516,#6524,#6532,#6538));
#6516 = ORIENTED_EDGE('',*,*,#6517,.F.);
#6517 = EDGE_CURVE('',#6518,#1746,#6520,.T.);
#6518 = VERTEX_POINT('',#6519);
#6519 = CARTESIAN_POINT('',(2.599694284074,6.550693825243,2.65));
#6520 = LINE('',#6521,#6522);
#6521 = CARTESIAN_POINT('',(-0.302631725084,-0.762569577882,2.65));
#6522 = VECTOR('',#6523,1.);
#6523 = DIRECTION('',(-0.368871582979,-0.929480368416,0.));
#6524 = ORIENTED_EDGE('',*,*,#6525,.T.);
#6525 = EDGE_CURVE('',#6518,#6526,#6528,.T.);
#6526 = VERTEX_POINT('',#6527);
#6527 = CARTESIAN_POINT('',(2.599694284074,6.550693825243,10.));
#6528 = LINE('',#6529,#6530);
#6529 = CARTESIAN_POINT('',(2.599694284074,6.550693825243,0.));
#6530 = VECTOR('',#6531,1.);
#6531 = DIRECTION('',(0.,0.,1.));
#6532 = ORIENTED_EDGE('',*,*,#6533,.T.);
#6533 = EDGE_CURVE('',#6526,#1737,#6534,.T.);
#6534 = LINE('',#6535,#6536);
#6535 = CARTESIAN_POINT('',(2.599694284074,6.550693825243,10.));
#6536 = VECTOR('',#6537,1.);
#6537 = DIRECTION('',(-0.368871582979,-0.929480368416,0.));
#6538 = ORIENTED_EDGE('',*,*,#1745,.F.);
#6539 = PLANE('',#6540);
#6540 = AXIS2_PLACEMENT_3D('',#6541,#6542,#6543);
#6541 = CARTESIAN_POINT('',(2.599694284074,6.550693825243,0.));
#6542 = DIRECTION('',(0.929480368416,-0.368871582979,0.));
#6543 = DIRECTION('',(-0.368871582979,-0.929480368416,0.));
#6544 = ADVANCED_FACE('',(#6545),#6691,.T.);
#6545 = FACE_BOUND('',#6546,.T.);
#6546 = EDGE_LOOP('',(#6547,#6548,#6556,#6564,#6572,#6580,#6588,#6596,
    #6604,#6612,#6620,#6628,#6636,#6644,#6652,#6660,#6668,#6676,#6684,
    #6690));
#6547 = ORIENTED_EDGE('',*,*,#1736,.F.);
#6548 = ORIENTED_EDGE('',*,*,#6549,.T.);
#6549 = EDGE_CURVE('',#1729,#6550,#6552,.T.);
#6550 = VERTEX_POINT('',#6551);
#6551 = CARTESIAN_POINT('',(4.373220123038,5.526748204702,10.));
#6552 = LINE('',#6553,#6554);
#6553 = CARTESIAN_POINT('',(3.684324555522,4.6561420532,10.));
#6554 = VECTOR('',#6555,1.);
#6555 = DIRECTION('',(0.620517819877,0.784192345802,0.));
#6556 = ORIENTED_EDGE('',*,*,#6557,.T.);
#6557 = EDGE_CURVE('',#6550,#6558,#6560,.T.);
#6558 = VERTEX_POINT('',#6559);
#6559 = CARTESIAN_POINT('',(4.477418396924,5.715534562501,10.));
#6560 = LINE('',#6561,#6562);
#6561 = CARTESIAN_POINT('',(4.373220123038,5.526748204702,10.));
#6562 = VECTOR('',#6563,1.);
#6563 = DIRECTION('',(0.483220555277,0.875498655029,0.));
#6564 = ORIENTED_EDGE('',*,*,#6565,.T.);
#6565 = EDGE_CURVE('',#6558,#6566,#6568,.T.);
#6566 = VERTEX_POINT('',#6567);
#6567 = CARTESIAN_POINT('',(4.557021310887,5.923118780744,10.));
#6568 = LINE('',#6569,#6570);
#6569 = CARTESIAN_POINT('',(4.477418396924,5.715534562501,10.));
#6570 = VECTOR('',#6571,1.);
#6571 = DIRECTION('',(0.358049595016,0.933702569081,0.));
#6572 = ORIENTED_EDGE('',*,*,#6573,.T.);
#6573 = EDGE_CURVE('',#6566,#6574,#6576,.T.);
#6574 = VERTEX_POINT('',#6575);
#6575 = CARTESIAN_POINT('',(4.618932328982,6.143367932193,10.));
#6576 = LINE('',#6577,#6578);
#6577 = CARTESIAN_POINT('',(4.557021310887,5.923118780744,10.));
#6578 = VECTOR('',#6579,1.);
#6579 = DIRECTION('',(0.27060763096,0.96268972679,0.));
#6580 = ORIENTED_EDGE('',*,*,#6581,.T.);
#6581 = EDGE_CURVE('',#6574,#6582,#6584,.T.);
#6582 = VERTEX_POINT('',#6583);
#6583 = CARTESIAN_POINT('',(4.66517775456,6.374002324174,10.));
#6584 = LINE('',#6585,#6586);
#6585 = CARTESIAN_POINT('',(4.618932328982,6.143367932193,10.));
#6586 = VECTOR('',#6587,1.);
#6587 = DIRECTION('',(0.196600700888,0.980483638013,0.));
#6588 = ORIENTED_EDGE('',*,*,#6589,.T.);
#6589 = EDGE_CURVE('',#6582,#6590,#6592,.T.);
#6590 = VERTEX_POINT('',#6591);
#6591 = CARTESIAN_POINT('',(4.696698868022,6.613595857206,10.));
#6592 = LINE('',#6593,#6594);
#6593 = CARTESIAN_POINT('',(4.66517775456,6.374002324174,10.));
#6594 = VECTOR('',#6595,1.);
#6595 = DIRECTION('',(0.130436812516,0.991456624336,0.));
#6596 = ORIENTED_EDGE('',*,*,#6597,.T.);
#6597 = EDGE_CURVE('',#6590,#6598,#6600,.T.);
#6598 = VERTEX_POINT('',#6599);
#6599 = CARTESIAN_POINT('',(4.713978423964,6.861081310968,10.));
#6600 = LINE('',#6601,#6602);
#6601 = CARTESIAN_POINT('',(4.696698868022,6.613595857206,10.));
#6602 = VECTOR('',#6603,1.);
#6603 = DIRECTION('',(6.96509268998E-02,0.997571425203,0.));
#6604 = ORIENTED_EDGE('',*,*,#6605,.T.);
#6605 = EDGE_CURVE('',#6598,#6606,#6608,.T.);
#6606 = VERTEX_POINT('',#6607);
#6607 = CARTESIAN_POINT('',(4.717261972257,7.115576248577,10.));
#6608 = LINE('',#6609,#6610);
#6609 = CARTESIAN_POINT('',(4.713978423964,6.861081310968,10.));
#6610 = VECTOR('',#6611,1.);
#6611 = DIRECTION('',(1.290114080913E-02,0.99991677682,0.));
#6612 = ORIENTED_EDGE('',*,*,#6613,.T.);
#6613 = EDGE_CURVE('',#6606,#6614,#6616,.T.);
#6614 = VERTEX_POINT('',#6615);
#6615 = CARTESIAN_POINT('',(4.706659002928,7.376304022351,10.));
#6616 = LINE('',#6617,#6618);
#6617 = CARTESIAN_POINT('',(4.717261972257,7.115576248577,10.));
#6618 = VECTOR('',#6619,1.);
#6619 = DIRECTION('',(-4.06332340113E-02,0.999174129116,0.));
#6620 = ORIENTED_EDGE('',*,*,#6621,.T.);
#6621 = EDGE_CURVE('',#6614,#6622,#6624,.T.);
#6622 = VERTEX_POINT('',#6623);
#6623 = CARTESIAN_POINT('',(4.034737167929,7.764238274662,10.));
#6624 = LINE('',#6625,#6626);
#6625 = CARTESIAN_POINT('',(4.706659002928,7.376304022351,10.));
#6626 = VECTOR('',#6627,1.);
#6627 = DIRECTION('',(-0.866025403784,0.5,0.));
#6628 = ORIENTED_EDGE('',*,*,#6629,.T.);
#6629 = EDGE_CURVE('',#6622,#6630,#6632,.T.);
#6630 = VERTEX_POINT('',#6631);
#6631 = CARTESIAN_POINT('',(3.803638807704,7.643056828569,10.));
#6632 = LINE('',#6633,#6634);
#6633 = CARTESIAN_POINT('',(4.034737167929,7.764238274662,10.));
#6634 = VECTOR('',#6635,1.);
#6635 = DIRECTION('',(-0.885626795624,-0.464397651666,0.));
#6636 = ORIENTED_EDGE('',*,*,#6637,.T.);
#6637 = EDGE_CURVE('',#6630,#6638,#6640,.T.);
#6638 = VERTEX_POINT('',#6639);
#6639 = CARTESIAN_POINT('',(3.584881500747,7.512965723529,10.));
#6640 = LINE('',#6641,#6642);
#6641 = CARTESIAN_POINT('',(3.803638807704,7.643056828569,10.));
#6642 = VECTOR('',#6643,1.);
#6643 = DIRECTION('',(-0.859502759992,-0.511131104088,0.));
#6644 = ORIENTED_EDGE('',*,*,#6645,.T.);
#6645 = EDGE_CURVE('',#6638,#6646,#6648,.T.);
#6646 = VERTEX_POINT('',#6647);
#6647 = CARTESIAN_POINT('',(3.379192588693,7.374258462235,10.));
#6648 = LINE('',#6649,#6650);
#6649 = CARTESIAN_POINT('',(3.584881500747,7.512965723529,10.));
#6650 = VECTOR('',#6651,1.);
#6651 = DIRECTION('',(-0.829096732866,-0.559105184694,0.));
#6652 = ORIENTED_EDGE('',*,*,#6653,.T.);
#6653 = EDGE_CURVE('',#6646,#6654,#6656,.T.);
#6654 = VERTEX_POINT('',#6655);
#6655 = CARTESIAN_POINT('',(3.187459059236,7.227163610706,10.));
#6656 = LINE('',#6657,#6658);
#6657 = CARTESIAN_POINT('',(3.379192588693,7.374258462235,10.));
#6658 = VECTOR('',#6659,1.);
#6659 = DIRECTION('',(-0.793408217168,-0.608689905396,0.));
#6660 = ORIENTED_EDGE('',*,*,#6661,.T.);
#6661 = EDGE_CURVE('',#6654,#6662,#6664,.T.);
#6662 = VERTEX_POINT('',#6663);
#6663 = CARTESIAN_POINT('',(3.010846529583,7.071796701356,10.));
#6664 = LINE('',#6665,#6666);
#6665 = CARTESIAN_POINT('',(3.187459059236,7.227163610706,10.));
#6666 = VECTOR('',#6667,1.);
#6667 = DIRECTION('',(-0.75082338807,-0.660503020377,0.));
#6668 = ORIENTED_EDGE('',*,*,#6669,.T.);
#6669 = EDGE_CURVE('',#6662,#6670,#6672,.T.);
#6670 = VERTEX_POINT('',#6671);
#6671 = CARTESIAN_POINT('',(2.851060678313,6.908055611187,10.));
#6672 = LINE('',#6673,#6674);
#6673 = CARTESIAN_POINT('',(3.010846529583,7.071796701356,10.));
#6674 = VECTOR('',#6675,1.);
#6675 = DIRECTION('',(-0.698409943882,-0.715697946264,0.));
#6676 = ORIENTED_EDGE('',*,*,#6677,.T.);
#6677 = EDGE_CURVE('',#6670,#6678,#6680,.T.);
#6678 = VERTEX_POINT('',#6679);
#6679 = CARTESIAN_POINT('',(2.711088928872,6.735325356359,10.));
#6680 = LINE('',#6681,#6682);
#6681 = CARTESIAN_POINT('',(2.851060678313,6.908055611187,10.));
#6682 = VECTOR('',#6683,1.);
#6683 = DIRECTION('',(-0.629585346895,-0.776931329639,0.));
#6684 = ORIENTED_EDGE('',*,*,#6685,.T.);
#6685 = EDGE_CURVE('',#6678,#6526,#6686,.T.);
#6686 = LINE('',#6687,#6688);
#6687 = CARTESIAN_POINT('',(2.711088928872,6.735325356359,10.));
#6688 = VECTOR('',#6689,1.);
#6689 = DIRECTION('',(-0.516593798596,-0.856230604015,0.));
#6690 = ORIENTED_EDGE('',*,*,#6533,.T.);
#6691 = PLANE('',#6692);
#6692 = AXIS2_PLACEMENT_3D('',#6693,#6694,#6695);
#6693 = CARTESIAN_POINT('',(3.588298395386,6.215115133526,10.));
#6694 = DIRECTION('',(0.,0.,1.));
#6695 = DIRECTION('',(1.,0.,0.));
#6696 = ADVANCED_FACE('',(#6697),#6747,.F.);
#6697 = FACE_BOUND('',#6698,.F.);
#6698 = EDGE_LOOP('',(#6699,#6709,#6717,#6725,#6733,#6739,#6740,#6741));
#6699 = ORIENTED_EDGE('',*,*,#6700,.F.);
#6700 = EDGE_CURVE('',#6701,#6703,#6705,.T.);
#6701 = VERTEX_POINT('',#6702);
#6702 = CARTESIAN_POINT('',(4.3,5.434214746024,0.));
#6703 = VERTEX_POINT('',#6704);
#6704 = CARTESIAN_POINT('',(4.373220123038,5.526748204702,0.));
#6705 = LINE('',#6706,#6707);
#6706 = CARTESIAN_POINT('',(3.684324555522,4.6561420532,0.));
#6707 = VECTOR('',#6708,1.);
#6708 = DIRECTION('',(0.620517819877,0.784192345802,0.));
#6709 = ORIENTED_EDGE('',*,*,#6710,.F.);
#6710 = EDGE_CURVE('',#6711,#6701,#6713,.T.);
#6711 = VERTEX_POINT('',#6712);
#6712 = CARTESIAN_POINT('',(4.3,5.434214746024,0.65));
#6713 = LINE('',#6714,#6715);
#6714 = CARTESIAN_POINT('',(4.3,5.434214746024,-7.5E-02));
#6715 = VECTOR('',#6716,1.);
#6716 = DIRECTION('',(0.,0.,-1.));
#6717 = ORIENTED_EDGE('',*,*,#6718,.F.);
#6718 = EDGE_CURVE('',#6719,#6711,#6721,.T.);
#6719 = VERTEX_POINT('',#6720);
#6720 = CARTESIAN_POINT('',(3.9,4.928706397557,0.65));
#6721 = LINE('',#6722,#6723);
#6722 = CARTESIAN_POINT('',(-0.980760638132,-1.23945672606,0.65));
#6723 = VECTOR('',#6724,1.);
#6724 = DIRECTION('',(0.620517819877,0.784192345802,0.));
#6725 = ORIENTED_EDGE('',*,*,#6726,.F.);
#6726 = EDGE_CURVE('',#6727,#6719,#6729,.T.);
#6727 = VERTEX_POINT('',#6728);
#6728 = CARTESIAN_POINT('',(3.9,4.928706397557,2.65));
#6729 = LINE('',#6730,#6731);
#6730 = CARTESIAN_POINT('',(3.9,4.928706397557,0.275));
#6731 = VECTOR('',#6732,1.);
#6732 = DIRECTION('',(0.,0.,-1.));
#6733 = ORIENTED_EDGE('',*,*,#6734,.F.);
#6734 = EDGE_CURVE('',#1720,#6727,#6735,.T.);
#6735 = LINE('',#6736,#6737);
#6736 = CARTESIAN_POINT('',(-0.806431100219,-1.019144134061,2.65));
#6737 = VECTOR('',#6738,1.);
#6738 = DIRECTION('',(0.620517819877,0.784192345802,0.));
#6739 = ORIENTED_EDGE('',*,*,#1728,.T.);
#6740 = ORIENTED_EDGE('',*,*,#6549,.T.);
#6741 = ORIENTED_EDGE('',*,*,#6742,.F.);
#6742 = EDGE_CURVE('',#6703,#6550,#6743,.T.);
#6743 = LINE('',#6744,#6745);
#6744 = CARTESIAN_POINT('',(4.373220123038,5.526748204702,0.));
#6745 = VECTOR('',#6746,1.);
#6746 = DIRECTION('',(0.,0.,1.));
#6747 = PLANE('',#6748);
#6748 = AXIS2_PLACEMENT_3D('',#6749,#6750,#6751);
#6749 = CARTESIAN_POINT('',(3.684324555522,4.6561420532,0.));
#6750 = DIRECTION('',(-0.784192345802,0.620517819877,0.));
#6751 = DIRECTION('',(0.620517819877,0.784192345802,0.));
#6752 = ADVANCED_FACE('',(#6753),#6836,.T.);
#6753 = FACE_BOUND('',#6754,.T.);
#6754 = EDGE_LOOP('',(#6755,#6756,#6757,#6758,#6759,#6760,#6761,#6762,
    #6763,#6764,#6765,#6773,#6781,#6789,#6797,#6805,#6813,#6821,#6829,
    #6835));
#6755 = ORIENTED_EDGE('',*,*,#1659,.F.);
#6756 = ORIENTED_EDGE('',*,*,#2595,.T.);
#6757 = ORIENTED_EDGE('',*,*,#2573,.T.);
#6758 = ORIENTED_EDGE('',*,*,#2542,.T.);
#6759 = ORIENTED_EDGE('',*,*,#2511,.T.);
#6760 = ORIENTED_EDGE('',*,*,#2480,.T.);
#6761 = ORIENTED_EDGE('',*,*,#2449,.T.);
#6762 = ORIENTED_EDGE('',*,*,#2418,.T.);
#6763 = ORIENTED_EDGE('',*,*,#2387,.T.);
#6764 = ORIENTED_EDGE('',*,*,#2340,.T.);
#6765 = ORIENTED_EDGE('',*,*,#6766,.T.);
#6766 = EDGE_CURVE('',#2341,#6767,#6769,.T.);
#6767 = VERTEX_POINT('',#6768);
#6768 = CARTESIAN_POINT('',(7.376304022351,4.706659002928,10.));
#6769 = LINE('',#6770,#6771);
#6770 = CARTESIAN_POINT('',(7.764238274662,4.034737167929,10.));
#6771 = VECTOR('',#6772,1.);
#6772 = DIRECTION('',(-0.5,0.866025403784,0.));
#6773 = ORIENTED_EDGE('',*,*,#6774,.T.);
#6774 = EDGE_CURVE('',#6767,#6775,#6777,.T.);
#6775 = VERTEX_POINT('',#6776);
#6776 = CARTESIAN_POINT('',(7.115576248577,4.717261972257,10.));
#6777 = LINE('',#6778,#6779);
#6778 = CARTESIAN_POINT('',(7.376304022351,4.706659002928,10.));
#6779 = VECTOR('',#6780,1.);
#6780 = DIRECTION('',(-0.999174129116,4.06332340113E-02,0.));
#6781 = ORIENTED_EDGE('',*,*,#6782,.T.);
#6782 = EDGE_CURVE('',#6775,#6783,#6785,.T.);
#6783 = VERTEX_POINT('',#6784);
#6784 = CARTESIAN_POINT('',(6.861081310968,4.713978423964,10.));
#6785 = LINE('',#6786,#6787);
#6786 = CARTESIAN_POINT('',(7.115576248577,4.717261972257,10.));
#6787 = VECTOR('',#6788,1.);
#6788 = DIRECTION('',(-0.99991677682,-1.290114080914E-02,0.));
#6789 = ORIENTED_EDGE('',*,*,#6790,.T.);
#6790 = EDGE_CURVE('',#6783,#6791,#6793,.T.);
#6791 = VERTEX_POINT('',#6792);
#6792 = CARTESIAN_POINT('',(6.613595857206,4.696698868022,10.));
#6793 = LINE('',#6794,#6795);
#6794 = CARTESIAN_POINT('',(6.861081310968,4.713978423964,10.));
#6795 = VECTOR('',#6796,1.);
#6796 = DIRECTION('',(-0.997571425203,-6.965092689979E-02,0.));
#6797 = ORIENTED_EDGE('',*,*,#6798,.T.);
#6798 = EDGE_CURVE('',#6791,#6799,#6801,.T.);
#6799 = VERTEX_POINT('',#6800);
#6800 = CARTESIAN_POINT('',(6.374002324174,4.66517775456,10.));
#6801 = LINE('',#6802,#6803);
#6802 = CARTESIAN_POINT('',(6.613595857206,4.696698868022,10.));
#6803 = VECTOR('',#6804,1.);
#6804 = DIRECTION('',(-0.991456624336,-0.130436812516,0.));
#6805 = ORIENTED_EDGE('',*,*,#6806,.T.);
#6806 = EDGE_CURVE('',#6799,#6807,#6809,.T.);
#6807 = VERTEX_POINT('',#6808);
#6808 = CARTESIAN_POINT('',(6.143367932193,4.618932328982,10.));
#6809 = LINE('',#6810,#6811);
#6810 = CARTESIAN_POINT('',(6.374002324174,4.66517775456,10.));
#6811 = VECTOR('',#6812,1.);
#6812 = DIRECTION('',(-0.980483638013,-0.196600700888,0.));
#6813 = ORIENTED_EDGE('',*,*,#6814,.T.);
#6814 = EDGE_CURVE('',#6807,#6815,#6817,.T.);
#6815 = VERTEX_POINT('',#6816);
#6816 = CARTESIAN_POINT('',(5.923118780744,4.557021310887,10.));
#6817 = LINE('',#6818,#6819);
#6818 = CARTESIAN_POINT('',(6.143367932193,4.618932328982,10.));
#6819 = VECTOR('',#6820,1.);
#6820 = DIRECTION('',(-0.96268972679,-0.27060763096,0.));
#6821 = ORIENTED_EDGE('',*,*,#6822,.T.);
#6822 = EDGE_CURVE('',#6815,#6823,#6825,.T.);
#6823 = VERTEX_POINT('',#6824);
#6824 = CARTESIAN_POINT('',(5.715534562501,4.477418396924,10.));
#6825 = LINE('',#6826,#6827);
#6826 = CARTESIAN_POINT('',(5.923118780744,4.557021310887,10.));
#6827 = VECTOR('',#6828,1.);
#6828 = DIRECTION('',(-0.933702569081,-0.358049595016,0.));
#6829 = ORIENTED_EDGE('',*,*,#6830,.T.);
#6830 = EDGE_CURVE('',#6823,#2241,#6831,.T.);
#6831 = LINE('',#6832,#6833);
#6832 = CARTESIAN_POINT('',(5.715534562501,4.477418396924,10.));
#6833 = VECTOR('',#6834,1.);
#6834 = DIRECTION('',(-0.875498655029,-0.483220555277,0.));
#6835 = ORIENTED_EDGE('',*,*,#2248,.T.);
#6836 = PLANE('',#6837);
#6837 = AXIS2_PLACEMENT_3D('',#6838,#6839,#6840);
#6838 = CARTESIAN_POINT('',(6.215115133526,3.588298395386,10.));
#6839 = DIRECTION('',(0.,0.,1.));
#6840 = DIRECTION('',(1.,0.,0.));
#6841 = ADVANCED_FACE('',(#6842),#6865,.T.);
#6842 = FACE_BOUND('',#6843,.T.);
#6843 = EDGE_LOOP('',(#6844,#6845,#6846,#6847,#6848,#6849,#6850,#6851,
    #6852,#6853,#6854,#6855,#6856,#6857,#6858,#6859,#6860,#6861,#6862,
    #6863,#6864));
#6844 = ORIENTED_EDGE('',*,*,#1608,.F.);
#6845 = ORIENTED_EDGE('',*,*,#3175,.T.);
#6846 = ORIENTED_EDGE('',*,*,#3153,.T.);
#6847 = ORIENTED_EDGE('',*,*,#3122,.T.);
#6848 = ORIENTED_EDGE('',*,*,#3091,.T.);
#6849 = ORIENTED_EDGE('',*,*,#3060,.T.);
#6850 = ORIENTED_EDGE('',*,*,#3029,.T.);
#6851 = ORIENTED_EDGE('',*,*,#2998,.T.);
#6852 = ORIENTED_EDGE('',*,*,#2967,.T.);
#6853 = ORIENTED_EDGE('',*,*,#2936,.T.);
#6854 = ORIENTED_EDGE('',*,*,#2905,.T.);
#6855 = ORIENTED_EDGE('',*,*,#2874,.T.);
#6856 = ORIENTED_EDGE('',*,*,#2843,.T.);
#6857 = ORIENTED_EDGE('',*,*,#2812,.T.);
#6858 = ORIENTED_EDGE('',*,*,#2781,.T.);
#6859 = ORIENTED_EDGE('',*,*,#2750,.T.);
#6860 = ORIENTED_EDGE('',*,*,#2719,.T.);
#6861 = ORIENTED_EDGE('',*,*,#2688,.T.);
#6862 = ORIENTED_EDGE('',*,*,#2657,.T.);
#6863 = ORIENTED_EDGE('',*,*,#2626,.T.);
#6864 = ORIENTED_EDGE('',*,*,#1625,.F.);
#6865 = PLANE('',#6866);
#6866 = AXIS2_PLACEMENT_3D('',#6867,#6868,#6869);
#6867 = CARTESIAN_POINT('',(7.176596790771,-3.E-17,10.));
#6868 = DIRECTION('',(0.,0.,1.));
#6869 = DIRECTION('',(1.,0.,0.));
#6870 = ADVANCED_FACE('',(#6871),#6952,.T.);
#6871 = FACE_BOUND('',#6872,.T.);
#6872 = EDGE_LOOP('',(#6873,#6883,#6889,#6890,#6898,#6906,#6914,#6922,
    #6930,#6938,#6946));
#6873 = ORIENTED_EDGE('',*,*,#6874,.F.);
#6874 = EDGE_CURVE('',#6875,#6877,#6879,.T.);
#6875 = VERTEX_POINT('',#6876);
#6876 = CARTESIAN_POINT('',(7.61108870716,4.3,0.));
#6877 = VERTEX_POINT('',#6878);
#6878 = CARTESIAN_POINT('',(7.376304022351,4.706659002928,0.));
#6879 = LINE('',#6880,#6881);
#6880 = CARTESIAN_POINT('',(7.764238274662,4.034737167929,0.));
#6881 = VECTOR('',#6882,1.);
#6882 = DIRECTION('',(-0.5,0.866025403784,0.));
#6883 = ORIENTED_EDGE('',*,*,#6884,.F.);
#6884 = EDGE_CURVE('',#2233,#6875,#6885,.T.);
#6885 = LINE('',#6886,#6887);
#6886 = CARTESIAN_POINT('',(-7.9,4.3,0.));
#6887 = VECTOR('',#6888,1.);
#6888 = DIRECTION('',(1.,0.,0.));
#6889 = ORIENTED_EDGE('',*,*,#2230,.F.);
#6890 = ORIENTED_EDGE('',*,*,#6891,.F.);
#6891 = EDGE_CURVE('',#6892,#2231,#6894,.T.);
#6892 = VERTEX_POINT('',#6893);
#6893 = CARTESIAN_POINT('',(5.715534562501,4.477418396924,0.));
#6894 = LINE('',#6895,#6896);
#6895 = CARTESIAN_POINT('',(5.715534562501,4.477418396924,0.));
#6896 = VECTOR('',#6897,1.);
#6897 = DIRECTION('',(-0.875498655029,-0.483220555277,0.));
#6898 = ORIENTED_EDGE('',*,*,#6899,.F.);
#6899 = EDGE_CURVE('',#6900,#6892,#6902,.T.);
#6900 = VERTEX_POINT('',#6901);
#6901 = CARTESIAN_POINT('',(5.923118780744,4.557021310887,0.));
#6902 = LINE('',#6903,#6904);
#6903 = CARTESIAN_POINT('',(5.923118780744,4.557021310887,0.));
#6904 = VECTOR('',#6905,1.);
#6905 = DIRECTION('',(-0.933702569081,-0.358049595016,0.));
#6906 = ORIENTED_EDGE('',*,*,#6907,.F.);
#6907 = EDGE_CURVE('',#6908,#6900,#6910,.T.);
#6908 = VERTEX_POINT('',#6909);
#6909 = CARTESIAN_POINT('',(6.143367932193,4.618932328982,0.));
#6910 = LINE('',#6911,#6912);
#6911 = CARTESIAN_POINT('',(6.143367932193,4.618932328982,0.));
#6912 = VECTOR('',#6913,1.);
#6913 = DIRECTION('',(-0.96268972679,-0.27060763096,0.));
#6914 = ORIENTED_EDGE('',*,*,#6915,.F.);
#6915 = EDGE_CURVE('',#6916,#6908,#6918,.T.);
#6916 = VERTEX_POINT('',#6917);
#6917 = CARTESIAN_POINT('',(6.374002324174,4.66517775456,0.));
#6918 = LINE('',#6919,#6920);
#6919 = CARTESIAN_POINT('',(6.374002324174,4.66517775456,0.));
#6920 = VECTOR('',#6921,1.);
#6921 = DIRECTION('',(-0.980483638013,-0.196600700888,0.));
#6922 = ORIENTED_EDGE('',*,*,#6923,.F.);
#6923 = EDGE_CURVE('',#6924,#6916,#6926,.T.);
#6924 = VERTEX_POINT('',#6925);
#6925 = CARTESIAN_POINT('',(6.613595857206,4.696698868022,0.));
#6926 = LINE('',#6927,#6928);
#6927 = CARTESIAN_POINT('',(6.613595857206,4.696698868022,0.));
#6928 = VECTOR('',#6929,1.);
#6929 = DIRECTION('',(-0.991456624336,-0.130436812516,0.));
#6930 = ORIENTED_EDGE('',*,*,#6931,.F.);
#6931 = EDGE_CURVE('',#6932,#6924,#6934,.T.);
#6932 = VERTEX_POINT('',#6933);
#6933 = CARTESIAN_POINT('',(6.861081310968,4.713978423964,0.));
#6934 = LINE('',#6935,#6936);
#6935 = CARTESIAN_POINT('',(6.861081310968,4.713978423964,0.));
#6936 = VECTOR('',#6937,1.);
#6937 = DIRECTION('',(-0.997571425203,-6.965092689979E-02,0.));
#6938 = ORIENTED_EDGE('',*,*,#6939,.F.);
#6939 = EDGE_CURVE('',#6940,#6932,#6942,.T.);
#6940 = VERTEX_POINT('',#6941);
#6941 = CARTESIAN_POINT('',(7.115576248577,4.717261972257,0.));
#6942 = LINE('',#6943,#6944);
#6943 = CARTESIAN_POINT('',(7.115576248577,4.717261972257,0.));
#6944 = VECTOR('',#6945,1.);
#6945 = DIRECTION('',(-0.99991677682,-1.290114080914E-02,0.));
#6946 = ORIENTED_EDGE('',*,*,#6947,.F.);
#6947 = EDGE_CURVE('',#6877,#6940,#6948,.T.);
#6948 = LINE('',#6949,#6950);
#6949 = CARTESIAN_POINT('',(7.376304022351,4.706659002928,0.));
#6950 = VECTOR('',#6951,1.);
#6951 = DIRECTION('',(-0.999174129116,4.06332340113E-02,0.));
#6952 = PLANE('',#6953);
#6953 = AXIS2_PLACEMENT_3D('',#6954,#6955,#6956);
#6954 = CARTESIAN_POINT('',(-9.E-16,-1.E-17,0.));
#6955 = DIRECTION('',(-0.,-0.,-1.));
#6956 = DIRECTION('',(-1.,0.,0.));
#6957 = ADVANCED_FACE('',(#6958),#6976,.F.);
#6958 = FACE_BOUND('',#6959,.F.);
#6959 = EDGE_LOOP('',(#6960,#6961,#6969,#6975));
#6960 = ORIENTED_EDGE('',*,*,#2279,.T.);
#6961 = ORIENTED_EDGE('',*,*,#6962,.T.);
#6962 = EDGE_CURVE('',#2272,#6963,#6965,.T.);
#6963 = VERTEX_POINT('',#6964);
#6964 = CARTESIAN_POINT('',(7.61108870716,4.3,0.65));
#6965 = LINE('',#6966,#6967);
#6966 = CARTESIAN_POINT('',(-15.8,4.3,0.65));
#6967 = VECTOR('',#6968,1.);
#6968 = DIRECTION('',(1.,0.,0.));
#6969 = ORIENTED_EDGE('',*,*,#6970,.T.);
#6970 = EDGE_CURVE('',#6963,#6875,#6971,.T.);
#6971 = LINE('',#6972,#6973);
#6972 = CARTESIAN_POINT('',(7.61108870716,4.3,-7.5E-02));
#6973 = VECTOR('',#6974,1.);
#6974 = DIRECTION('',(0.,0.,-1.));
#6975 = ORIENTED_EDGE('',*,*,#6884,.F.);
#6976 = PLANE('',#6977);
#6977 = AXIS2_PLACEMENT_3D('',#6978,#6979,#6980);
#6978 = CARTESIAN_POINT('',(-15.8,4.3,-0.15));
#6979 = DIRECTION('',(0.,1.,0.));
#6980 = DIRECTION('',(0.,0.,1.));
#6981 = ADVANCED_FACE('',(#6982),#6994,.F.);
#6982 = FACE_BOUND('',#6983,.F.);
#6983 = EDGE_LOOP('',(#6984,#6985,#6986,#6987,#6988));
#6984 = ORIENTED_EDGE('',*,*,#6962,.F.);
#6985 = ORIENTED_EDGE('',*,*,#2271,.T.);
#6986 = ORIENTED_EDGE('',*,*,#2293,.F.);
#6987 = ORIENTED_EDGE('',*,*,#2356,.T.);
#6988 = ORIENTED_EDGE('',*,*,#6989,.T.);
#6989 = EDGE_CURVE('',#2349,#6963,#6990,.T.);
#6990 = LINE('',#6991,#6992);
#6991 = CARTESIAN_POINT('',(6.623232020653,6.011017971628,0.65));
#6992 = VECTOR('',#6993,1.);
#6993 = DIRECTION('',(-0.5,0.866025403784,0.));
#6994 = PLANE('',#6995);
#6995 = AXIS2_PLACEMENT_3D('',#6996,#6997,#6998);
#6996 = CARTESIAN_POINT('',(-15.8,-4.3,0.65));
#6997 = DIRECTION('',(0.,0.,1.));
#6998 = DIRECTION('',(1.,0.,0.));
#6999 = ADVANCED_FACE('',(#7000),#7011,.F.);
#7000 = FACE_BOUND('',#7001,.F.);
#7001 = EDGE_LOOP('',(#7002,#7008,#7009,#7010));
#7002 = ORIENTED_EDGE('',*,*,#7003,.T.);
#7003 = EDGE_CURVE('',#6892,#6823,#7004,.T.);
#7004 = LINE('',#7005,#7006);
#7005 = CARTESIAN_POINT('',(5.715534562501,4.477418396924,0.));
#7006 = VECTOR('',#7007,1.);
#7007 = DIRECTION('',(0.,0.,1.));
#7008 = ORIENTED_EDGE('',*,*,#6830,.T.);
#7009 = ORIENTED_EDGE('',*,*,#2240,.F.);
#7010 = ORIENTED_EDGE('',*,*,#6891,.F.);
#7011 = PLANE('',#7012);
#7012 = AXIS2_PLACEMENT_3D('',#7013,#7014,#7015);
#7013 = CARTESIAN_POINT('',(5.715534562501,4.477418396924,0.));
#7014 = DIRECTION('',(0.483220555277,-0.875498655029,0.));
#7015 = DIRECTION('',(-0.875498655029,-0.483220555277,0.));
#7016 = ADVANCED_FACE('',(#7017),#7030,.F.);
#7017 = FACE_BOUND('',#7018,.F.);
#7018 = EDGE_LOOP('',(#7019,#7020,#7021,#7022,#7028,#7029));
#7019 = ORIENTED_EDGE('',*,*,#6989,.F.);
#7020 = ORIENTED_EDGE('',*,*,#2348,.T.);
#7021 = ORIENTED_EDGE('',*,*,#6766,.T.);
#7022 = ORIENTED_EDGE('',*,*,#7023,.F.);
#7023 = EDGE_CURVE('',#6877,#6767,#7024,.T.);
#7024 = LINE('',#7025,#7026);
#7025 = CARTESIAN_POINT('',(7.376304022351,4.706659002928,0.));
#7026 = VECTOR('',#7027,1.);
#7027 = DIRECTION('',(0.,0.,1.));
#7028 = ORIENTED_EDGE('',*,*,#6874,.F.);
#7029 = ORIENTED_EDGE('',*,*,#6970,.F.);
#7030 = PLANE('',#7031);
#7031 = AXIS2_PLACEMENT_3D('',#7032,#7033,#7034);
#7032 = CARTESIAN_POINT('',(7.764238274662,4.034737167929,0.));
#7033 = DIRECTION('',(-0.866025403784,-0.5,0.));
#7034 = DIRECTION('',(-0.5,0.866025403784,0.));
#7035 = ADVANCED_FACE('',(#7036),#7055,.F.);
#7036 = FACE_BOUND('',#7037,.F.);
#7037 = EDGE_LOOP('',(#7038,#7046,#7052,#7053,#7054));
#7038 = ORIENTED_EDGE('',*,*,#7039,.T.);
#7039 = EDGE_CURVE('',#3527,#7040,#7042,.T.);
#7040 = VERTEX_POINT('',#7041);
#7041 = CARTESIAN_POINT('',(7.61108870716,-4.3,0.65));
#7042 = LINE('',#7043,#7044);
#7043 = CARTESIAN_POINT('',(-15.8,-4.3,0.65));
#7044 = VECTOR('',#7045,1.);
#7045 = DIRECTION('',(1.,0.,0.));
#7046 = ORIENTED_EDGE('',*,*,#7047,.T.);
#7047 = EDGE_CURVE('',#7040,#3439,#7048,.T.);
#7048 = LINE('',#7049,#7050);
#7049 = CARTESIAN_POINT('',(4.567310276361,-9.571978889127,0.65));
#7050 = VECTOR('',#7051,1.);
#7051 = DIRECTION('',(0.5,0.866025403784,0.));
#7052 = ORIENTED_EDGE('',*,*,#3438,.T.);
#7053 = ORIENTED_EDGE('',*,*,#3485,.T.);
#7054 = ORIENTED_EDGE('',*,*,#3534,.T.);
#7055 = PLANE('',#7056);
#7056 = AXIS2_PLACEMENT_3D('',#7057,#7058,#7059);
#7057 = CARTESIAN_POINT('',(-15.8,-4.3,0.65));
#7058 = DIRECTION('',(0.,0.,1.));
#7059 = DIRECTION('',(1.,0.,0.));
#7060 = ADVANCED_FACE('',(#7061),#7088,.F.);
#7061 = FACE_BOUND('',#7062,.F.);
#7062 = EDGE_LOOP('',(#7063,#7073,#7079,#7080,#7081,#7082));
#7063 = ORIENTED_EDGE('',*,*,#7064,.F.);
#7064 = EDGE_CURVE('',#7065,#7067,#7069,.T.);
#7065 = VERTEX_POINT('',#7066);
#7066 = CARTESIAN_POINT('',(7.376304022351,-4.706659002928,0.));
#7067 = VERTEX_POINT('',#7068);
#7068 = CARTESIAN_POINT('',(7.61108870716,-4.3,0.));
#7069 = LINE('',#7070,#7071);
#7070 = CARTESIAN_POINT('',(7.376304022351,-4.706659002928,0.));
#7071 = VECTOR('',#7072,1.);
#7072 = DIRECTION('',(0.5,0.866025403784,0.));
#7073 = ORIENTED_EDGE('',*,*,#7074,.T.);
#7074 = EDGE_CURVE('',#7065,#5084,#7075,.T.);
#7075 = LINE('',#7076,#7077);
#7076 = CARTESIAN_POINT('',(7.376304022351,-4.706659002928,0.));
#7077 = VECTOR('',#7078,1.);
#7078 = DIRECTION('',(0.,0.,1.));
#7079 = ORIENTED_EDGE('',*,*,#5091,.T.);
#7080 = ORIENTED_EDGE('',*,*,#3448,.F.);
#7081 = ORIENTED_EDGE('',*,*,#7047,.F.);
#7082 = ORIENTED_EDGE('',*,*,#7083,.T.);
#7083 = EDGE_CURVE('',#7040,#7067,#7084,.T.);
#7084 = LINE('',#7085,#7086);
#7085 = CARTESIAN_POINT('',(7.61108870716,-4.3,-7.5E-02));
#7086 = VECTOR('',#7087,1.);
#7087 = DIRECTION('',(0.,0.,-1.));
#7088 = PLANE('',#7089);
#7089 = AXIS2_PLACEMENT_3D('',#7090,#7091,#7092);
#7090 = CARTESIAN_POINT('',(7.376304022351,-4.706659002928,0.));
#7091 = DIRECTION('',(-0.866025403784,0.5,0.));
#7092 = DIRECTION('',(0.5,0.866025403784,0.));
#7093 = ADVANCED_FACE('',(#7094),#7166,.T.);
#7094 = FACE_BOUND('',#7095,.T.);
#7095 = EDGE_LOOP('',(#7096,#7102,#7103,#7111,#7119,#7127,#7135,#7143,
    #7151,#7159,#7165));
#7096 = ORIENTED_EDGE('',*,*,#7097,.T.);
#7097 = EDGE_CURVE('',#3517,#7067,#7098,.T.);
#7098 = LINE('',#7099,#7100);
#7099 = CARTESIAN_POINT('',(-7.9,-4.3,0.));
#7100 = VECTOR('',#7101,1.);
#7101 = DIRECTION('',(1.,0.,0.));
#7102 = ORIENTED_EDGE('',*,*,#7064,.F.);
#7103 = ORIENTED_EDGE('',*,*,#7104,.F.);
#7104 = EDGE_CURVE('',#7105,#7065,#7107,.T.);
#7105 = VERTEX_POINT('',#7106);
#7106 = CARTESIAN_POINT('',(7.115576248577,-4.717261972257,0.));
#7107 = LINE('',#7108,#7109);
#7108 = CARTESIAN_POINT('',(7.115576248577,-4.717261972257,0.));
#7109 = VECTOR('',#7110,1.);
#7110 = DIRECTION('',(0.999174129116,4.06332340113E-02,0.));
#7111 = ORIENTED_EDGE('',*,*,#7112,.F.);
#7112 = EDGE_CURVE('',#7113,#7105,#7115,.T.);
#7113 = VERTEX_POINT('',#7114);
#7114 = CARTESIAN_POINT('',(6.861081310968,-4.713978423964,0.));
#7115 = LINE('',#7116,#7117);
#7116 = CARTESIAN_POINT('',(6.861081310968,-4.713978423964,0.));
#7117 = VECTOR('',#7118,1.);
#7118 = DIRECTION('',(0.99991677682,-1.290114080913E-02,0.));
#7119 = ORIENTED_EDGE('',*,*,#7120,.F.);
#7120 = EDGE_CURVE('',#7121,#7113,#7123,.T.);
#7121 = VERTEX_POINT('',#7122);
#7122 = CARTESIAN_POINT('',(6.613595857206,-4.696698868022,0.));
#7123 = LINE('',#7124,#7125);
#7124 = CARTESIAN_POINT('',(6.613595857206,-4.696698868022,0.));
#7125 = VECTOR('',#7126,1.);
#7126 = DIRECTION('',(0.997571425203,-6.96509268998E-02,0.));
#7127 = ORIENTED_EDGE('',*,*,#7128,.F.);
#7128 = EDGE_CURVE('',#7129,#7121,#7131,.T.);
#7129 = VERTEX_POINT('',#7130);
#7130 = CARTESIAN_POINT('',(6.374002324174,-4.66517775456,0.));
#7131 = LINE('',#7132,#7133);
#7132 = CARTESIAN_POINT('',(6.374002324174,-4.66517775456,0.));
#7133 = VECTOR('',#7134,1.);
#7134 = DIRECTION('',(0.991456624336,-0.130436812516,0.));
#7135 = ORIENTED_EDGE('',*,*,#7136,.F.);
#7136 = EDGE_CURVE('',#7137,#7129,#7139,.T.);
#7137 = VERTEX_POINT('',#7138);
#7138 = CARTESIAN_POINT('',(6.143367932193,-4.618932328982,0.));
#7139 = LINE('',#7140,#7141);
#7140 = CARTESIAN_POINT('',(6.143367932193,-4.618932328982,0.));
#7141 = VECTOR('',#7142,1.);
#7142 = DIRECTION('',(0.980483638013,-0.196600700888,0.));
#7143 = ORIENTED_EDGE('',*,*,#7144,.F.);
#7144 = EDGE_CURVE('',#7145,#7137,#7147,.T.);
#7145 = VERTEX_POINT('',#7146);
#7146 = CARTESIAN_POINT('',(5.923118780744,-4.557021310887,0.));
#7147 = LINE('',#7148,#7149);
#7148 = CARTESIAN_POINT('',(5.923118780744,-4.557021310887,0.));
#7149 = VECTOR('',#7150,1.);
#7150 = DIRECTION('',(0.96268972679,-0.27060763096,0.));
#7151 = ORIENTED_EDGE('',*,*,#7152,.F.);
#7152 = EDGE_CURVE('',#7153,#7145,#7155,.T.);
#7153 = VERTEX_POINT('',#7154);
#7154 = CARTESIAN_POINT('',(5.715534562501,-4.477418396924,0.));
#7155 = LINE('',#7156,#7157);
#7156 = CARTESIAN_POINT('',(5.715534562501,-4.477418396924,0.));
#7157 = VECTOR('',#7158,1.);
#7158 = DIRECTION('',(0.933702569081,-0.358049595016,0.));
#7159 = ORIENTED_EDGE('',*,*,#7160,.F.);
#7160 = EDGE_CURVE('',#3519,#7153,#7161,.T.);
#7161 = LINE('',#7162,#7163);
#7162 = CARTESIAN_POINT('',(5.526748204702,-4.373220123038,0.));
#7163 = VECTOR('',#7164,1.);
#7164 = DIRECTION('',(0.875498655029,-0.483220555277,0.));
#7165 = ORIENTED_EDGE('',*,*,#3516,.F.);
#7166 = PLANE('',#7167);
#7167 = AXIS2_PLACEMENT_3D('',#7168,#7169,#7170);
#7168 = CARTESIAN_POINT('',(-9.E-16,-1.E-17,0.));
#7169 = DIRECTION('',(-0.,-0.,-1.));
#7170 = DIRECTION('',(-1.,0.,0.));
#7171 = ADVANCED_FACE('',(#7172),#7183,.F.);
#7172 = FACE_BOUND('',#7173,.F.);
#7173 = EDGE_LOOP('',(#7174,#7175,#7176,#7182));
#7174 = ORIENTED_EDGE('',*,*,#3556,.T.);
#7175 = ORIENTED_EDGE('',*,*,#5027,.T.);
#7176 = ORIENTED_EDGE('',*,*,#7177,.F.);
#7177 = EDGE_CURVE('',#7153,#5028,#7178,.T.);
#7178 = LINE('',#7179,#7180);
#7179 = CARTESIAN_POINT('',(5.715534562501,-4.477418396924,0.));
#7180 = VECTOR('',#7181,1.);
#7181 = DIRECTION('',(0.,0.,1.));
#7182 = ORIENTED_EDGE('',*,*,#7160,.F.);
#7183 = PLANE('',#7184);
#7184 = AXIS2_PLACEMENT_3D('',#7185,#7186,#7187);
#7185 = CARTESIAN_POINT('',(5.526748204702,-4.373220123038,0.));
#7186 = DIRECTION('',(0.483220555277,0.875498655029,0.));
#7187 = DIRECTION('',(0.875498655029,-0.483220555277,0.));
#7188 = ADVANCED_FACE('',(#7189),#7195,.T.);
#7189 = FACE_BOUND('',#7190,.T.);
#7190 = EDGE_LOOP('',(#7191,#7192,#7193,#7194));
#7191 = ORIENTED_EDGE('',*,*,#3526,.T.);
#7192 = ORIENTED_EDGE('',*,*,#7039,.T.);
#7193 = ORIENTED_EDGE('',*,*,#7083,.T.);
#7194 = ORIENTED_EDGE('',*,*,#7097,.F.);
#7195 = PLANE('',#7196);
#7196 = AXIS2_PLACEMENT_3D('',#7197,#7198,#7199);
#7197 = CARTESIAN_POINT('',(-15.8,-4.3,-0.15));
#7198 = DIRECTION('',(0.,1.,0.));
#7199 = DIRECTION('',(0.,0.,1.));
#7200 = ADVANCED_FACE('',(#7201),#7220,.F.);
#7201 = FACE_BOUND('',#7202,.F.);
#7202 = EDGE_LOOP('',(#7203,#7211,#7217,#7218,#7219));
#7203 = ORIENTED_EDGE('',*,*,#7204,.F.);
#7204 = EDGE_CURVE('',#7205,#3612,#7207,.T.);
#7205 = VERTEX_POINT('',#7206);
#7206 = CARTESIAN_POINT('',(-7.61108870716,4.3,0.65));
#7207 = LINE('',#7208,#7209);
#7208 = CARTESIAN_POINT('',(-15.8,4.3,0.65));
#7209 = VECTOR('',#7210,1.);
#7210 = DIRECTION('',(1.,0.,0.));
#7211 = ORIENTED_EDGE('',*,*,#7212,.T.);
#7212 = EDGE_CURVE('',#7205,#4966,#7213,.T.);
#7213 = LINE('',#7214,#7215);
#7214 = CARTESIAN_POINT('',(-10.37926489449,-0.49462180077,0.65));
#7215 = VECTOR('',#7216,1.);
#7216 = DIRECTION('',(-0.5,-0.866025403784,0.));
#7217 = ORIENTED_EDGE('',*,*,#4965,.T.);
#7218 = ORIENTED_EDGE('',*,*,#3665,.F.);
#7219 = ORIENTED_EDGE('',*,*,#3619,.T.);
#7220 = PLANE('',#7221);
#7221 = AXIS2_PLACEMENT_3D('',#7222,#7223,#7224);
#7222 = CARTESIAN_POINT('',(-15.8,-4.3,0.65));
#7223 = DIRECTION('',(0.,0.,1.));
#7224 = DIRECTION('',(1.,0.,0.));
#7225 = ADVANCED_FACE('',(#7226),#7307,.T.);
#7226 = FACE_BOUND('',#7227,.T.);
#7227 = EDGE_LOOP('',(#7228,#7229,#7237,#7245,#7253,#7261,#7269,#7277,
    #7285,#7293,#7301));
#7228 = ORIENTED_EDGE('',*,*,#3601,.F.);
#7229 = ORIENTED_EDGE('',*,*,#7230,.F.);
#7230 = EDGE_CURVE('',#7231,#3602,#7233,.T.);
#7231 = VERTEX_POINT('',#7232);
#7232 = CARTESIAN_POINT('',(-7.61108870716,4.3,0.));
#7233 = LINE('',#7234,#7235);
#7234 = CARTESIAN_POINT('',(-7.9,4.3,0.));
#7235 = VECTOR('',#7236,1.);
#7236 = DIRECTION('',(1.,0.,0.));
#7237 = ORIENTED_EDGE('',*,*,#7238,.F.);
#7238 = EDGE_CURVE('',#7239,#7231,#7241,.T.);
#7239 = VERTEX_POINT('',#7240);
#7240 = CARTESIAN_POINT('',(-7.376304022351,4.706659002928,0.));
#7241 = LINE('',#7242,#7243);
#7242 = CARTESIAN_POINT('',(-7.376304022351,4.706659002928,0.));
#7243 = VECTOR('',#7244,1.);
#7244 = DIRECTION('',(-0.5,-0.866025403784,0.));
#7245 = ORIENTED_EDGE('',*,*,#7246,.F.);
#7246 = EDGE_CURVE('',#7247,#7239,#7249,.T.);
#7247 = VERTEX_POINT('',#7248);
#7248 = CARTESIAN_POINT('',(-7.115576248577,4.717261972257,0.));
#7249 = LINE('',#7250,#7251);
#7250 = CARTESIAN_POINT('',(-7.115576248577,4.717261972257,0.));
#7251 = VECTOR('',#7252,1.);
#7252 = DIRECTION('',(-0.999174129116,-4.06332340113E-02,0.));
#7253 = ORIENTED_EDGE('',*,*,#7254,.F.);
#7254 = EDGE_CURVE('',#7255,#7247,#7257,.T.);
#7255 = VERTEX_POINT('',#7256);
#7256 = CARTESIAN_POINT('',(-6.861081310968,4.713978423964,0.));
#7257 = LINE('',#7258,#7259);
#7258 = CARTESIAN_POINT('',(-6.861081310968,4.713978423964,0.));
#7259 = VECTOR('',#7260,1.);
#7260 = DIRECTION('',(-0.99991677682,1.290114080913E-02,0.));
#7261 = ORIENTED_EDGE('',*,*,#7262,.F.);
#7262 = EDGE_CURVE('',#7263,#7255,#7265,.T.);
#7263 = VERTEX_POINT('',#7264);
#7264 = CARTESIAN_POINT('',(-6.613595857206,4.696698868022,0.));
#7265 = LINE('',#7266,#7267);
#7266 = CARTESIAN_POINT('',(-6.613595857206,4.696698868022,0.));
#7267 = VECTOR('',#7268,1.);
#7268 = DIRECTION('',(-0.997571425203,6.965092689979E-02,0.));
#7269 = ORIENTED_EDGE('',*,*,#7270,.F.);
#7270 = EDGE_CURVE('',#7271,#7263,#7273,.T.);
#7271 = VERTEX_POINT('',#7272);
#7272 = CARTESIAN_POINT('',(-6.374002324174,4.66517775456,0.));
#7273 = LINE('',#7274,#7275);
#7274 = CARTESIAN_POINT('',(-6.374002324174,4.66517775456,0.));
#7275 = VECTOR('',#7276,1.);
#7276 = DIRECTION('',(-0.991456624336,0.130436812516,0.));
#7277 = ORIENTED_EDGE('',*,*,#7278,.F.);
#7278 = EDGE_CURVE('',#7279,#7271,#7281,.T.);
#7279 = VERTEX_POINT('',#7280);
#7280 = CARTESIAN_POINT('',(-6.143367932193,4.618932328982,0.));
#7281 = LINE('',#7282,#7283);
#7282 = CARTESIAN_POINT('',(-6.143367932193,4.618932328982,0.));
#7283 = VECTOR('',#7284,1.);
#7284 = DIRECTION('',(-0.980483638013,0.196600700888,0.));
#7285 = ORIENTED_EDGE('',*,*,#7286,.F.);
#7286 = EDGE_CURVE('',#7287,#7279,#7289,.T.);
#7287 = VERTEX_POINT('',#7288);
#7288 = CARTESIAN_POINT('',(-5.923118780744,4.557021310887,0.));
#7289 = LINE('',#7290,#7291);
#7290 = CARTESIAN_POINT('',(-5.923118780744,4.557021310887,0.));
#7291 = VECTOR('',#7292,1.);
#7292 = DIRECTION('',(-0.96268972679,0.27060763096,0.));
#7293 = ORIENTED_EDGE('',*,*,#7294,.F.);
#7294 = EDGE_CURVE('',#7295,#7287,#7297,.T.);
#7295 = VERTEX_POINT('',#7296);
#7296 = CARTESIAN_POINT('',(-5.715534562501,4.477418396924,0.));
#7297 = LINE('',#7298,#7299);
#7298 = CARTESIAN_POINT('',(-5.715534562501,4.477418396924,0.));
#7299 = VECTOR('',#7300,1.);
#7300 = DIRECTION('',(-0.933702569081,0.358049595016,0.));
#7301 = ORIENTED_EDGE('',*,*,#7302,.F.);
#7302 = EDGE_CURVE('',#3604,#7295,#7303,.T.);
#7303 = LINE('',#7304,#7305);
#7304 = CARTESIAN_POINT('',(-5.526748204702,4.373220123038,0.));
#7305 = VECTOR('',#7306,1.);
#7306 = DIRECTION('',(-0.875498655029,0.483220555277,0.));
#7307 = PLANE('',#7308);
#7308 = AXIS2_PLACEMENT_3D('',#7309,#7310,#7311);
#7309 = CARTESIAN_POINT('',(-9.E-16,-1.E-17,0.));
#7310 = DIRECTION('',(-0.,-0.,-1.));
#7311 = DIRECTION('',(-1.,0.,0.));
#7312 = ADVANCED_FACE('',(#7313),#7324,.F.);
#7313 = FACE_BOUND('',#7314,.F.);
#7314 = EDGE_LOOP('',(#7315,#7316,#7317,#7323));
#7315 = ORIENTED_EDGE('',*,*,#3650,.T.);
#7316 = ORIENTED_EDGE('',*,*,#5962,.T.);
#7317 = ORIENTED_EDGE('',*,*,#7318,.F.);
#7318 = EDGE_CURVE('',#7295,#5963,#7319,.T.);
#7319 = LINE('',#7320,#7321);
#7320 = CARTESIAN_POINT('',(-5.715534562501,4.477418396924,0.));
#7321 = VECTOR('',#7322,1.);
#7322 = DIRECTION('',(0.,0.,1.));
#7323 = ORIENTED_EDGE('',*,*,#7302,.F.);
#7324 = PLANE('',#7325);
#7325 = AXIS2_PLACEMENT_3D('',#7326,#7327,#7328);
#7326 = CARTESIAN_POINT('',(-5.526748204702,4.373220123038,0.));
#7327 = DIRECTION('',(-0.483220555277,-0.875498655029,0.));
#7328 = DIRECTION('',(-0.875498655029,0.483220555277,0.));
#7329 = ADVANCED_FACE('',(#7330),#7341,.F.);
#7330 = FACE_BOUND('',#7331,.F.);
#7331 = EDGE_LOOP('',(#7332,#7338,#7339,#7340));
#7332 = ORIENTED_EDGE('',*,*,#7333,.T.);
#7333 = EDGE_CURVE('',#7231,#7205,#7334,.T.);
#7334 = LINE('',#7335,#7336);
#7335 = CARTESIAN_POINT('',(-7.61108870716,4.3,-7.5E-02));
#7336 = VECTOR('',#7337,1.);
#7337 = DIRECTION('',(0.,0.,1.));
#7338 = ORIENTED_EDGE('',*,*,#7204,.T.);
#7339 = ORIENTED_EDGE('',*,*,#3611,.T.);
#7340 = ORIENTED_EDGE('',*,*,#7230,.F.);
#7341 = PLANE('',#7342);
#7342 = AXIS2_PLACEMENT_3D('',#7343,#7344,#7345);
#7343 = CARTESIAN_POINT('',(-15.8,4.3,-0.15));
#7344 = DIRECTION('',(0.,1.,0.));
#7345 = DIRECTION('',(0.,0.,1.));
#7346 = ADVANCED_FACE('',(#7347),#7428,.T.);
#7347 = FACE_BOUND('',#7348,.T.);
#7348 = EDGE_LOOP('',(#7349,#7357,#7358,#7366,#7374,#7382,#7390,#7398,
    #7406,#7414,#7422));
#7349 = ORIENTED_EDGE('',*,*,#7350,.T.);
#7350 = EDGE_CURVE('',#7351,#3760,#7353,.T.);
#7351 = VERTEX_POINT('',#7352);
#7352 = CARTESIAN_POINT('',(-7.61108870716,-4.3,0.));
#7353 = LINE('',#7354,#7355);
#7354 = CARTESIAN_POINT('',(-7.9,-4.3,0.));
#7355 = VECTOR('',#7356,1.);
#7356 = DIRECTION('',(1.,0.,0.));
#7357 = ORIENTED_EDGE('',*,*,#3757,.F.);
#7358 = ORIENTED_EDGE('',*,*,#7359,.F.);
#7359 = EDGE_CURVE('',#7360,#3758,#7362,.T.);
#7360 = VERTEX_POINT('',#7361);
#7361 = CARTESIAN_POINT('',(-5.715534562501,-4.477418396924,0.));
#7362 = LINE('',#7363,#7364);
#7363 = CARTESIAN_POINT('',(-5.715534562501,-4.477418396924,0.));
#7364 = VECTOR('',#7365,1.);
#7365 = DIRECTION('',(0.875498655029,0.483220555277,0.));
#7366 = ORIENTED_EDGE('',*,*,#7367,.F.);
#7367 = EDGE_CURVE('',#7368,#7360,#7370,.T.);
#7368 = VERTEX_POINT('',#7369);
#7369 = CARTESIAN_POINT('',(-5.923118780744,-4.557021310887,0.));
#7370 = LINE('',#7371,#7372);
#7371 = CARTESIAN_POINT('',(-5.923118780744,-4.557021310887,0.));
#7372 = VECTOR('',#7373,1.);
#7373 = DIRECTION('',(0.933702569081,0.358049595016,0.));
#7374 = ORIENTED_EDGE('',*,*,#7375,.F.);
#7375 = EDGE_CURVE('',#7376,#7368,#7378,.T.);
#7376 = VERTEX_POINT('',#7377);
#7377 = CARTESIAN_POINT('',(-6.143367932193,-4.618932328982,0.));
#7378 = LINE('',#7379,#7380);
#7379 = CARTESIAN_POINT('',(-6.143367932193,-4.618932328982,0.));
#7380 = VECTOR('',#7381,1.);
#7381 = DIRECTION('',(0.96268972679,0.27060763096,0.));
#7382 = ORIENTED_EDGE('',*,*,#7383,.F.);
#7383 = EDGE_CURVE('',#7384,#7376,#7386,.T.);
#7384 = VERTEX_POINT('',#7385);
#7385 = CARTESIAN_POINT('',(-6.374002324174,-4.66517775456,0.));
#7386 = LINE('',#7387,#7388);
#7387 = CARTESIAN_POINT('',(-6.374002324174,-4.66517775456,0.));
#7388 = VECTOR('',#7389,1.);
#7389 = DIRECTION('',(0.980483638013,0.196600700888,0.));
#7390 = ORIENTED_EDGE('',*,*,#7391,.F.);
#7391 = EDGE_CURVE('',#7392,#7384,#7394,.T.);
#7392 = VERTEX_POINT('',#7393);
#7393 = CARTESIAN_POINT('',(-6.613595857206,-4.696698868022,0.));
#7394 = LINE('',#7395,#7396);
#7395 = CARTESIAN_POINT('',(-6.613595857206,-4.696698868022,0.));
#7396 = VECTOR('',#7397,1.);
#7397 = DIRECTION('',(0.991456624336,0.130436812516,0.));
#7398 = ORIENTED_EDGE('',*,*,#7399,.F.);
#7399 = EDGE_CURVE('',#7400,#7392,#7402,.T.);
#7400 = VERTEX_POINT('',#7401);
#7401 = CARTESIAN_POINT('',(-6.861081310968,-4.713978423964,0.));
#7402 = LINE('',#7403,#7404);
#7403 = CARTESIAN_POINT('',(-6.861081310968,-4.713978423964,0.));
#7404 = VECTOR('',#7405,1.);
#7405 = DIRECTION('',(0.997571425203,6.965092689979E-02,0.));
#7406 = ORIENTED_EDGE('',*,*,#7407,.F.);
#7407 = EDGE_CURVE('',#7408,#7400,#7410,.T.);
#7408 = VERTEX_POINT('',#7409);
#7409 = CARTESIAN_POINT('',(-7.115576248577,-4.717261972257,0.));
#7410 = LINE('',#7411,#7412);
#7411 = CARTESIAN_POINT('',(-7.115576248577,-4.717261972257,0.));
#7412 = VECTOR('',#7413,1.);
#7413 = DIRECTION('',(0.99991677682,1.290114080913E-02,0.));
#7414 = ORIENTED_EDGE('',*,*,#7415,.F.);
#7415 = EDGE_CURVE('',#7416,#7408,#7418,.T.);
#7416 = VERTEX_POINT('',#7417);
#7417 = CARTESIAN_POINT('',(-7.376304022351,-4.706659002928,0.));
#7418 = LINE('',#7419,#7420);
#7419 = CARTESIAN_POINT('',(-7.376304022351,-4.706659002928,0.));
#7420 = VECTOR('',#7421,1.);
#7421 = DIRECTION('',(0.999174129116,-4.06332340113E-02,0.));
#7422 = ORIENTED_EDGE('',*,*,#7423,.F.);
#7423 = EDGE_CURVE('',#7351,#7416,#7424,.T.);
#7424 = LINE('',#7425,#7426);
#7425 = CARTESIAN_POINT('',(-7.764238274662,-4.034737167929,0.));
#7426 = VECTOR('',#7427,1.);
#7427 = DIRECTION('',(0.5,-0.866025403784,0.));
#7428 = PLANE('',#7429);
#7429 = AXIS2_PLACEMENT_3D('',#7430,#7431,#7432);
#7430 = CARTESIAN_POINT('',(-9.E-16,-1.E-17,0.));
#7431 = DIRECTION('',(-0.,-0.,-1.));
#7432 = DIRECTION('',(-1.,0.,0.));
#7433 = ADVANCED_FACE('',(#7434),#7452,.T.);
#7434 = FACE_BOUND('',#7435,.T.);
#7435 = EDGE_LOOP('',(#7436,#7444,#7450,#7451));
#7436 = ORIENTED_EDGE('',*,*,#7437,.T.);
#7437 = EDGE_CURVE('',#7351,#7438,#7440,.T.);
#7438 = VERTEX_POINT('',#7439);
#7439 = CARTESIAN_POINT('',(-7.61108870716,-4.3,0.65));
#7440 = LINE('',#7441,#7442);
#7441 = CARTESIAN_POINT('',(-7.61108870716,-4.3,-7.5E-02));
#7442 = VECTOR('',#7443,1.);
#7443 = DIRECTION('',(0.,0.,1.));
#7444 = ORIENTED_EDGE('',*,*,#7445,.T.);
#7445 = EDGE_CURVE('',#7438,#3799,#7446,.T.);
#7446 = LINE('',#7447,#7448);
#7447 = CARTESIAN_POINT('',(-15.8,-4.3,0.65));
#7448 = VECTOR('',#7449,1.);
#7449 = DIRECTION('',(1.,0.,0.));
#7450 = ORIENTED_EDGE('',*,*,#3806,.T.);
#7451 = ORIENTED_EDGE('',*,*,#7350,.F.);
#7452 = PLANE('',#7453);
#7453 = AXIS2_PLACEMENT_3D('',#7454,#7455,#7456);
#7454 = CARTESIAN_POINT('',(-15.8,-4.3,-0.15));
#7455 = DIRECTION('',(0.,1.,0.));
#7456 = DIRECTION('',(0.,0.,1.));
#7457 = ADVANCED_FACE('',(#7458),#7470,.F.);
#7458 = FACE_BOUND('',#7459,.F.);
#7459 = EDGE_LOOP('',(#7460,#7466,#7467,#7468,#7469));
#7460 = ORIENTED_EDGE('',*,*,#7461,.T.);
#7461 = EDGE_CURVE('',#3876,#7438,#7462,.T.);
#7462 = LINE('',#7463,#7464);
#7463 = CARTESIAN_POINT('',(-8.711277402516,-2.39441728173,0.65));
#7464 = VECTOR('',#7465,1.);
#7465 = DIRECTION('',(0.5,-0.866025403784,0.));
#7466 = ORIENTED_EDGE('',*,*,#7445,.T.);
#7467 = ORIENTED_EDGE('',*,*,#3798,.T.);
#7468 = ORIENTED_EDGE('',*,*,#3821,.T.);
#7469 = ORIENTED_EDGE('',*,*,#3883,.T.);
#7470 = PLANE('',#7471);
#7471 = AXIS2_PLACEMENT_3D('',#7472,#7473,#7474);
#7472 = CARTESIAN_POINT('',(-15.8,-4.3,0.65));
#7473 = DIRECTION('',(0.,0.,1.));
#7474 = DIRECTION('',(1.,0.,0.));
#7475 = ADVANCED_FACE('',(#7476),#7487,.F.);
#7476 = FACE_BOUND('',#7477,.F.);
#7477 = EDGE_LOOP('',(#7478,#7484,#7485,#7486));
#7478 = ORIENTED_EDGE('',*,*,#7479,.T.);
#7479 = EDGE_CURVE('',#7360,#5910,#7480,.T.);
#7480 = LINE('',#7481,#7482);
#7481 = CARTESIAN_POINT('',(-5.715534562501,-4.477418396924,0.));
#7482 = VECTOR('',#7483,1.);
#7483 = DIRECTION('',(0.,0.,1.));
#7484 = ORIENTED_EDGE('',*,*,#5917,.T.);
#7485 = ORIENTED_EDGE('',*,*,#3767,.F.);
#7486 = ORIENTED_EDGE('',*,*,#7359,.F.);
#7487 = PLANE('',#7488);
#7488 = AXIS2_PLACEMENT_3D('',#7489,#7490,#7491);
#7489 = CARTESIAN_POINT('',(-5.715534562501,-4.477418396924,0.));
#7490 = DIRECTION('',(-0.483220555277,0.875498655029,0.));
#7491 = DIRECTION('',(0.875498655029,0.483220555277,0.));
#7492 = ADVANCED_FACE('',(#7493),#7506,.F.);
#7493 = FACE_BOUND('',#7494,.F.);
#7494 = EDGE_LOOP('',(#7495,#7496,#7497,#7498,#7504,#7505));
#7495 = ORIENTED_EDGE('',*,*,#7461,.F.);
#7496 = ORIENTED_EDGE('',*,*,#3875,.T.);
#7497 = ORIENTED_EDGE('',*,*,#5853,.T.);
#7498 = ORIENTED_EDGE('',*,*,#7499,.F.);
#7499 = EDGE_CURVE('',#7416,#5854,#7500,.T.);
#7500 = LINE('',#7501,#7502);
#7501 = CARTESIAN_POINT('',(-7.376304022351,-4.706659002928,0.));
#7502 = VECTOR('',#7503,1.);
#7503 = DIRECTION('',(0.,0.,1.));
#7504 = ORIENTED_EDGE('',*,*,#7423,.F.);
#7505 = ORIENTED_EDGE('',*,*,#7437,.T.);
#7506 = PLANE('',#7507);
#7507 = AXIS2_PLACEMENT_3D('',#7508,#7509,#7510);
#7508 = CARTESIAN_POINT('',(-7.764238274662,-4.034737167929,0.));
#7509 = DIRECTION('',(0.866025403784,0.5,0.));
#7510 = DIRECTION('',(0.5,-0.866025403784,0.));
#7511 = ADVANCED_FACE('',(#7512),#7525,.F.);
#7512 = FACE_BOUND('',#7513,.F.);
#7513 = EDGE_LOOP('',(#7514,#7515,#7521,#7522,#7523,#7524));
#7514 = ORIENTED_EDGE('',*,*,#7238,.F.);
#7515 = ORIENTED_EDGE('',*,*,#7516,.T.);
#7516 = EDGE_CURVE('',#7239,#6019,#7517,.T.);
#7517 = LINE('',#7518,#7519);
#7518 = CARTESIAN_POINT('',(-7.376304022351,4.706659002928,0.));
#7519 = VECTOR('',#7520,1.);
#7520 = DIRECTION('',(0.,0.,1.));
#7521 = ORIENTED_EDGE('',*,*,#6026,.T.);
#7522 = ORIENTED_EDGE('',*,*,#4973,.F.);
#7523 = ORIENTED_EDGE('',*,*,#7212,.F.);
#7524 = ORIENTED_EDGE('',*,*,#7333,.F.);
#7525 = PLANE('',#7526);
#7526 = AXIS2_PLACEMENT_3D('',#7527,#7528,#7529);
#7527 = CARTESIAN_POINT('',(-7.376304022351,4.706659002928,0.));
#7528 = DIRECTION('',(0.866025403784,-0.5,0.));
#7529 = DIRECTION('',(-0.5,-0.866025403784,0.));
#7530 = ADVANCED_FACE('',(#7531),#7542,.F.);
#7531 = FACE_BOUND('',#7532,.F.);
#7532 = EDGE_LOOP('',(#7533,#7539,#7540,#7541));
#7533 = ORIENTED_EDGE('',*,*,#7534,.T.);
#7534 = EDGE_CURVE('',#7105,#5076,#7535,.T.);
#7535 = LINE('',#7536,#7537);
#7536 = CARTESIAN_POINT('',(7.115576248577,-4.717261972257,0.));
#7537 = VECTOR('',#7538,1.);
#7538 = DIRECTION('',(0.,0.,1.));
#7539 = ORIENTED_EDGE('',*,*,#5083,.T.);
#7540 = ORIENTED_EDGE('',*,*,#7074,.F.);
#7541 = ORIENTED_EDGE('',*,*,#7104,.F.);
#7542 = PLANE('',#7543);
#7543 = AXIS2_PLACEMENT_3D('',#7544,#7545,#7546);
#7544 = CARTESIAN_POINT('',(7.115576248577,-4.717261972257,0.));
#7545 = DIRECTION('',(-4.06332340113E-02,0.999174129116,0.));
#7546 = DIRECTION('',(0.999174129116,4.06332340113E-02,0.));
#7547 = ADVANCED_FACE('',(#7548),#7559,.F.);
#7548 = FACE_BOUND('',#7549,.F.);
#7549 = EDGE_LOOP('',(#7550,#7556,#7557,#7558));
#7550 = ORIENTED_EDGE('',*,*,#7551,.T.);
#7551 = EDGE_CURVE('',#7113,#5068,#7552,.T.);
#7552 = LINE('',#7553,#7554);
#7553 = CARTESIAN_POINT('',(6.861081310968,-4.713978423964,0.));
#7554 = VECTOR('',#7555,1.);
#7555 = DIRECTION('',(0.,0.,1.));
#7556 = ORIENTED_EDGE('',*,*,#5075,.T.);
#7557 = ORIENTED_EDGE('',*,*,#7534,.F.);
#7558 = ORIENTED_EDGE('',*,*,#7112,.F.);
#7559 = PLANE('',#7560);
#7560 = AXIS2_PLACEMENT_3D('',#7561,#7562,#7563);
#7561 = CARTESIAN_POINT('',(6.861081310968,-4.713978423964,0.));
#7562 = DIRECTION('',(1.290114080913E-02,0.99991677682,0.));
#7563 = DIRECTION('',(0.99991677682,-1.290114080913E-02,0.));
#7564 = ADVANCED_FACE('',(#7565),#7576,.F.);
#7565 = FACE_BOUND('',#7566,.F.);
#7566 = EDGE_LOOP('',(#7567,#7573,#7574,#7575));
#7567 = ORIENTED_EDGE('',*,*,#7568,.T.);
#7568 = EDGE_CURVE('',#7121,#5060,#7569,.T.);
#7569 = LINE('',#7570,#7571);
#7570 = CARTESIAN_POINT('',(6.613595857206,-4.696698868022,0.));
#7571 = VECTOR('',#7572,1.);
#7572 = DIRECTION('',(0.,0.,1.));
#7573 = ORIENTED_EDGE('',*,*,#5067,.T.);
#7574 = ORIENTED_EDGE('',*,*,#7551,.F.);
#7575 = ORIENTED_EDGE('',*,*,#7120,.F.);
#7576 = PLANE('',#7577);
#7577 = AXIS2_PLACEMENT_3D('',#7578,#7579,#7580);
#7578 = CARTESIAN_POINT('',(6.613595857206,-4.696698868022,0.));
#7579 = DIRECTION('',(6.96509268998E-02,0.997571425203,0.));
#7580 = DIRECTION('',(0.997571425203,-6.96509268998E-02,0.));
#7581 = ADVANCED_FACE('',(#7582),#7593,.F.);
#7582 = FACE_BOUND('',#7583,.F.);
#7583 = EDGE_LOOP('',(#7584,#7590,#7591,#7592));
#7584 = ORIENTED_EDGE('',*,*,#7585,.T.);
#7585 = EDGE_CURVE('',#7129,#5052,#7586,.T.);
#7586 = LINE('',#7587,#7588);
#7587 = CARTESIAN_POINT('',(6.374002324174,-4.66517775456,0.));
#7588 = VECTOR('',#7589,1.);
#7589 = DIRECTION('',(0.,0.,1.));
#7590 = ORIENTED_EDGE('',*,*,#5059,.T.);
#7591 = ORIENTED_EDGE('',*,*,#7568,.F.);
#7592 = ORIENTED_EDGE('',*,*,#7128,.F.);
#7593 = PLANE('',#7594);
#7594 = AXIS2_PLACEMENT_3D('',#7595,#7596,#7597);
#7595 = CARTESIAN_POINT('',(6.374002324174,-4.66517775456,0.));
#7596 = DIRECTION('',(0.130436812516,0.991456624336,0.));
#7597 = DIRECTION('',(0.991456624336,-0.130436812516,0.));
#7598 = ADVANCED_FACE('',(#7599),#7610,.F.);
#7599 = FACE_BOUND('',#7600,.F.);
#7600 = EDGE_LOOP('',(#7601,#7607,#7608,#7609));
#7601 = ORIENTED_EDGE('',*,*,#7602,.T.);
#7602 = EDGE_CURVE('',#7137,#5044,#7603,.T.);
#7603 = LINE('',#7604,#7605);
#7604 = CARTESIAN_POINT('',(6.143367932193,-4.618932328982,0.));
#7605 = VECTOR('',#7606,1.);
#7606 = DIRECTION('',(0.,0.,1.));
#7607 = ORIENTED_EDGE('',*,*,#5051,.T.);
#7608 = ORIENTED_EDGE('',*,*,#7585,.F.);
#7609 = ORIENTED_EDGE('',*,*,#7136,.F.);
#7610 = PLANE('',#7611);
#7611 = AXIS2_PLACEMENT_3D('',#7612,#7613,#7614);
#7612 = CARTESIAN_POINT('',(6.143367932193,-4.618932328982,0.));
#7613 = DIRECTION('',(0.196600700888,0.980483638013,0.));
#7614 = DIRECTION('',(0.980483638013,-0.196600700888,0.));
#7615 = ADVANCED_FACE('',(#7616),#7627,.F.);
#7616 = FACE_BOUND('',#7617,.F.);
#7617 = EDGE_LOOP('',(#7618,#7624,#7625,#7626));
#7618 = ORIENTED_EDGE('',*,*,#7619,.T.);
#7619 = EDGE_CURVE('',#7145,#5036,#7620,.T.);
#7620 = LINE('',#7621,#7622);
#7621 = CARTESIAN_POINT('',(5.923118780744,-4.557021310887,0.));
#7622 = VECTOR('',#7623,1.);
#7623 = DIRECTION('',(0.,0.,1.));
#7624 = ORIENTED_EDGE('',*,*,#5043,.T.);
#7625 = ORIENTED_EDGE('',*,*,#7602,.F.);
#7626 = ORIENTED_EDGE('',*,*,#7144,.F.);
#7627 = PLANE('',#7628);
#7628 = AXIS2_PLACEMENT_3D('',#7629,#7630,#7631);
#7629 = CARTESIAN_POINT('',(5.923118780744,-4.557021310887,0.));
#7630 = DIRECTION('',(0.27060763096,0.96268972679,0.));
#7631 = DIRECTION('',(0.96268972679,-0.27060763096,0.));
#7632 = ADVANCED_FACE('',(#7633),#7639,.F.);
#7633 = FACE_BOUND('',#7634,.F.);
#7634 = EDGE_LOOP('',(#7635,#7636,#7637,#7638));
#7635 = ORIENTED_EDGE('',*,*,#7177,.T.);
#7636 = ORIENTED_EDGE('',*,*,#5035,.T.);
#7637 = ORIENTED_EDGE('',*,*,#7619,.F.);
#7638 = ORIENTED_EDGE('',*,*,#7152,.F.);
#7639 = PLANE('',#7640);
#7640 = AXIS2_PLACEMENT_3D('',#7641,#7642,#7643);
#7641 = CARTESIAN_POINT('',(5.715534562501,-4.477418396924,0.));
#7642 = DIRECTION('',(0.358049595016,0.933702569081,0.));
#7643 = DIRECTION('',(0.933702569081,-0.358049595016,0.));
#7644 = ADVANCED_FACE('',(#7645),#7670,.T.);
#7645 = FACE_BOUND('',#7646,.T.);
#7646 = EDGE_LOOP('',(#7647,#7655,#7663,#7669));
#7647 = ORIENTED_EDGE('',*,*,#7648,.F.);
#7648 = EDGE_CURVE('',#7649,#5792,#7651,.T.);
#7649 = VERTEX_POINT('',#7650);
#7650 = CARTESIAN_POINT('',(-3.9,-7.69358591332,2.65));
#7651 = LINE('',#7652,#7653);
#7652 = CARTESIAN_POINT('',(-3.9,-7.8,2.65));
#7653 = VECTOR('',#7654,1.);
#7654 = DIRECTION('',(0.,1.,0.));
#7655 = ORIENTED_EDGE('',*,*,#7656,.T.);
#7656 = EDGE_CURVE('',#7649,#7657,#7659,.T.);
#7657 = VERTEX_POINT('',#7658);
#7658 = CARTESIAN_POINT('',(-3.9,-7.69358591332,0.65));
#7659 = LINE('',#7660,#7661);
#7660 = CARTESIAN_POINT('',(-3.9,-7.69358591332,0.275));
#7661 = VECTOR('',#7662,1.);
#7662 = DIRECTION('',(0.,0.,-1.));
#7663 = ORIENTED_EDGE('',*,*,#7664,.T.);
#7664 = EDGE_CURVE('',#7657,#5784,#7665,.T.);
#7665 = LINE('',#7666,#7667);
#7666 = CARTESIAN_POINT('',(-3.9,-8.,0.65));
#7667 = VECTOR('',#7668,1.);
#7668 = DIRECTION('',(0.,1.,0.));
#7669 = ORIENTED_EDGE('',*,*,#5791,.T.);
#7670 = PLANE('',#7671);
#7671 = AXIS2_PLACEMENT_3D('',#7672,#7673,#7674);
#7672 = CARTESIAN_POINT('',(-3.9,-7.8,0.55));
#7673 = DIRECTION('',(1.,0.,0.));
#7674 = DIRECTION('',(0.,0.,1.));
#7675 = ADVANCED_FACE('',(#7676),#7701,.F.);
#7676 = FACE_BOUND('',#7677,.F.);
#7677 = EDGE_LOOP('',(#7678,#7686,#7694,#7700));
#7678 = ORIENTED_EDGE('',*,*,#7679,.F.);
#7679 = EDGE_CURVE('',#7680,#5162,#7682,.T.);
#7680 = VERTEX_POINT('',#7681);
#7681 = CARTESIAN_POINT('',(3.9,-7.69358591332,2.65));
#7682 = LINE('',#7683,#7684);
#7683 = CARTESIAN_POINT('',(3.9,-7.8,2.65));
#7684 = VECTOR('',#7685,1.);
#7685 = DIRECTION('',(0.,1.,0.));
#7686 = ORIENTED_EDGE('',*,*,#7687,.T.);
#7687 = EDGE_CURVE('',#7680,#7688,#7690,.T.);
#7688 = VERTEX_POINT('',#7689);
#7689 = CARTESIAN_POINT('',(3.9,-7.69358591332,0.65));
#7690 = LINE('',#7691,#7692);
#7691 = CARTESIAN_POINT('',(3.9,-7.69358591332,0.275));
#7692 = VECTOR('',#7693,1.);
#7693 = DIRECTION('',(0.,0.,-1.));
#7694 = ORIENTED_EDGE('',*,*,#7695,.T.);
#7695 = EDGE_CURVE('',#7688,#5170,#7696,.T.);
#7696 = LINE('',#7697,#7698);
#7697 = CARTESIAN_POINT('',(3.9,-8.,0.65));
#7698 = VECTOR('',#7699,1.);
#7699 = DIRECTION('',(0.,1.,0.));
#7700 = ORIENTED_EDGE('',*,*,#5169,.T.);
#7701 = PLANE('',#7702);
#7702 = AXIS2_PLACEMENT_3D('',#7703,#7704,#7705);
#7703 = CARTESIAN_POINT('',(3.9,-7.8,0.55));
#7704 = DIRECTION('',(1.,0.,0.));
#7705 = DIRECTION('',(0.,0.,1.));
#7706 = ADVANCED_FACE('',(#7707),#7739,.F.);
#7707 = FACE_BOUND('',#7708,.F.);
#7708 = EDGE_LOOP('',(#7709,#7717,#7723,#7724,#7732,#7738));
#7709 = ORIENTED_EDGE('',*,*,#7710,.F.);
#7710 = EDGE_CURVE('',#7711,#7680,#7713,.T.);
#7711 = VERTEX_POINT('',#7712);
#7712 = CARTESIAN_POINT('',(3.803638807704,-7.643056828569,2.65));
#7713 = LINE('',#7714,#7715);
#7714 = CARTESIAN_POINT('',(0.814796754083,-6.075792561317,2.65));
#7715 = VECTOR('',#7716,1.);
#7716 = DIRECTION('',(0.885626795624,-0.464397651666,0.));
#7717 = ORIENTED_EDGE('',*,*,#7718,.T.);
#7718 = EDGE_CURVE('',#7711,#5257,#7719,.T.);
#7719 = LINE('',#7720,#7721);
#7720 = CARTESIAN_POINT('',(3.803638807704,-7.643056828569,0.));
#7721 = VECTOR('',#7722,1.);
#7722 = DIRECTION('',(0.,0.,1.));
#7723 = ORIENTED_EDGE('',*,*,#5264,.T.);
#7724 = ORIENTED_EDGE('',*,*,#7725,.F.);
#7725 = EDGE_CURVE('',#7726,#5265,#7728,.T.);
#7726 = VERTEX_POINT('',#7727);
#7727 = CARTESIAN_POINT('',(4.034737167929,-7.764238274662,0.65));
#7728 = LINE('',#7729,#7730);
#7729 = CARTESIAN_POINT('',(4.034737167929,-7.764238274662,0.));
#7730 = VECTOR('',#7731,1.);
#7731 = DIRECTION('',(0.,0.,1.));
#7732 = ORIENTED_EDGE('',*,*,#7733,.F.);
#7733 = EDGE_CURVE('',#7688,#7726,#7734,.T.);
#7734 = LINE('',#7735,#7736);
#7735 = CARTESIAN_POINT('',(0.740186390685,-6.036668996264,0.65));
#7736 = VECTOR('',#7737,1.);
#7737 = DIRECTION('',(0.885626795624,-0.464397651666,0.));
#7738 = ORIENTED_EDGE('',*,*,#7687,.F.);
#7739 = PLANE('',#7740);
#7740 = AXIS2_PLACEMENT_3D('',#7741,#7742,#7743);
#7741 = CARTESIAN_POINT('',(3.803638807704,-7.643056828569,0.));
#7742 = DIRECTION('',(0.464397651666,0.885626795624,0.));
#7743 = DIRECTION('',(0.885626795624,-0.464397651666,0.));
#7744 = ADVANCED_FACE('',(#7745),#7763,.F.);
#7745 = FACE_BOUND('',#7746,.F.);
#7746 = EDGE_LOOP('',(#7747,#7755,#7761,#7762));
#7747 = ORIENTED_EDGE('',*,*,#7748,.F.);
#7748 = EDGE_CURVE('',#7749,#7711,#7751,.T.);
#7749 = VERTEX_POINT('',#7750);
#7750 = CARTESIAN_POINT('',(3.584881500747,-7.512965723529,2.65));
#7751 = LINE('',#7752,#7753);
#7752 = CARTESIAN_POINT('',(0.883221876928,-5.906336483144,2.65));
#7753 = VECTOR('',#7754,1.);
#7754 = DIRECTION('',(0.859502759992,-0.511131104088,0.));
#7755 = ORIENTED_EDGE('',*,*,#7756,.T.);
#7756 = EDGE_CURVE('',#7749,#5249,#7757,.T.);
#7757 = LINE('',#7758,#7759);
#7758 = CARTESIAN_POINT('',(3.584881500747,-7.512965723529,0.));
#7759 = VECTOR('',#7760,1.);
#7760 = DIRECTION('',(0.,0.,1.));
#7761 = ORIENTED_EDGE('',*,*,#5256,.T.);
#7762 = ORIENTED_EDGE('',*,*,#7718,.F.);
#7763 = PLANE('',#7764);
#7764 = AXIS2_PLACEMENT_3D('',#7765,#7766,#7767);
#7765 = CARTESIAN_POINT('',(3.584881500747,-7.512965723529,0.));
#7766 = DIRECTION('',(0.511131104088,0.859502759992,0.));
#7767 = DIRECTION('',(0.859502759992,-0.511131104088,0.));
#7768 = ADVANCED_FACE('',(#7769),#7787,.F.);
#7769 = FACE_BOUND('',#7770,.F.);
#7770 = EDGE_LOOP('',(#7771,#7779,#7785,#7786));
#7771 = ORIENTED_EDGE('',*,*,#7772,.F.);
#7772 = EDGE_CURVE('',#7773,#7749,#7775,.T.);
#7773 = VERTEX_POINT('',#7774);
#7774 = CARTESIAN_POINT('',(3.379192588693,-7.374258462235,2.65));
#7775 = LINE('',#7776,#7777);
#7776 = CARTESIAN_POINT('',(0.976005758687,-5.753658400526,2.65));
#7777 = VECTOR('',#7778,1.);
#7778 = DIRECTION('',(0.829096732866,-0.559105184694,0.));
#7779 = ORIENTED_EDGE('',*,*,#7780,.T.);
#7780 = EDGE_CURVE('',#7773,#5241,#7781,.T.);
#7781 = LINE('',#7782,#7783);
#7782 = CARTESIAN_POINT('',(3.379192588693,-7.374258462235,0.));
#7783 = VECTOR('',#7784,1.);
#7784 = DIRECTION('',(0.,0.,1.));
#7785 = ORIENTED_EDGE('',*,*,#5248,.T.);
#7786 = ORIENTED_EDGE('',*,*,#7756,.F.);
#7787 = PLANE('',#7788);
#7788 = AXIS2_PLACEMENT_3D('',#7789,#7790,#7791);
#7789 = CARTESIAN_POINT('',(3.379192588693,-7.374258462235,0.));
#7790 = DIRECTION('',(0.559105184694,0.829096732866,0.));
#7791 = DIRECTION('',(0.829096732866,-0.559105184694,0.));
#7792 = ADVANCED_FACE('',(#7793),#7811,.F.);
#7793 = FACE_BOUND('',#7794,.F.);
#7794 = EDGE_LOOP('',(#7795,#7803,#7809,#7810));
#7795 = ORIENTED_EDGE('',*,*,#7796,.F.);
#7796 = EDGE_CURVE('',#7797,#7773,#7799,.T.);
#7797 = VERTEX_POINT('',#7798);
#7798 = CARTESIAN_POINT('',(3.187459059236,-7.227163610706,2.65));
#7799 = LINE('',#7800,#7801);
#7800 = CARTESIAN_POINT('',(1.095016052843,-5.621875301297,2.65));
#7801 = VECTOR('',#7802,1.);
#7802 = DIRECTION('',(0.793408217168,-0.608689905396,0.));
#7803 = ORIENTED_EDGE('',*,*,#7804,.T.);
#7804 = EDGE_CURVE('',#7797,#5233,#7805,.T.);
#7805 = LINE('',#7806,#7807);
#7806 = CARTESIAN_POINT('',(3.187459059236,-7.227163610706,0.));
#7807 = VECTOR('',#7808,1.);
#7808 = DIRECTION('',(0.,0.,1.));
#7809 = ORIENTED_EDGE('',*,*,#5240,.T.);
#7810 = ORIENTED_EDGE('',*,*,#7780,.F.);
#7811 = PLANE('',#7812);
#7812 = AXIS2_PLACEMENT_3D('',#7813,#7814,#7815);
#7813 = CARTESIAN_POINT('',(3.187459059236,-7.227163610706,0.));
#7814 = DIRECTION('',(0.608689905396,0.793408217168,0.));
#7815 = DIRECTION('',(0.793408217168,-0.608689905396,0.));
#7816 = ADVANCED_FACE('',(#7817),#7835,.F.);
#7817 = FACE_BOUND('',#7818,.F.);
#7818 = EDGE_LOOP('',(#7819,#7827,#7833,#7834));
#7819 = ORIENTED_EDGE('',*,*,#7820,.F.);
#7820 = EDGE_CURVE('',#7821,#7797,#7823,.T.);
#7821 = VERTEX_POINT('',#7822);
#7822 = CARTESIAN_POINT('',(3.010846529583,-7.071796701356,2.65));
#7823 = LINE('',#7824,#7825);
#7824 = CARTESIAN_POINT('',(1.243466565152,-5.517023870343,2.65));
#7825 = VECTOR('',#7826,1.);
#7826 = DIRECTION('',(0.75082338807,-0.660503020377,0.));
#7827 = ORIENTED_EDGE('',*,*,#7828,.T.);
#7828 = EDGE_CURVE('',#7821,#5225,#7829,.T.);
#7829 = LINE('',#7830,#7831);
#7830 = CARTESIAN_POINT('',(3.010846529583,-7.071796701356,0.));
#7831 = VECTOR('',#7832,1.);
#7832 = DIRECTION('',(0.,0.,1.));
#7833 = ORIENTED_EDGE('',*,*,#5232,.T.);
#7834 = ORIENTED_EDGE('',*,*,#7804,.F.);
#7835 = PLANE('',#7836);
#7836 = AXIS2_PLACEMENT_3D('',#7837,#7838,#7839);
#7837 = CARTESIAN_POINT('',(3.010846529583,-7.071796701356,0.));
#7838 = DIRECTION('',(0.660503020377,0.75082338807,0.));
#7839 = DIRECTION('',(0.75082338807,-0.660503020377,0.));
#7840 = ADVANCED_FACE('',(#7841),#7859,.F.);
#7841 = FACE_BOUND('',#7842,.F.);
#7842 = EDGE_LOOP('',(#7843,#7851,#7857,#7858));
#7843 = ORIENTED_EDGE('',*,*,#7844,.F.);
#7844 = EDGE_CURVE('',#7845,#7821,#7847,.T.);
#7845 = VERTEX_POINT('',#7846);
#7846 = CARTESIAN_POINT('',(2.851060678313,-6.908055611187,2.65));
#7847 = LINE('',#7848,#7849);
#7848 = CARTESIAN_POINT('',(1.427475925807,-5.449232333217,2.65));
#7849 = VECTOR('',#7850,1.);
#7850 = DIRECTION('',(0.698409943882,-0.715697946264,0.));
#7851 = ORIENTED_EDGE('',*,*,#7852,.T.);
#7852 = EDGE_CURVE('',#7845,#5217,#7853,.T.);
#7853 = LINE('',#7854,#7855);
#7854 = CARTESIAN_POINT('',(2.851060678313,-6.908055611187,0.));
#7855 = VECTOR('',#7856,1.);
#7856 = DIRECTION('',(0.,0.,1.));
#7857 = ORIENTED_EDGE('',*,*,#5224,.T.);
#7858 = ORIENTED_EDGE('',*,*,#7828,.F.);
#7859 = PLANE('',#7860);
#7860 = AXIS2_PLACEMENT_3D('',#7861,#7862,#7863);
#7861 = CARTESIAN_POINT('',(2.851060678313,-6.908055611187,0.));
#7862 = DIRECTION('',(0.715697946264,0.698409943882,0.));
#7863 = DIRECTION('',(0.698409943882,-0.715697946264,0.));
#7864 = ADVANCED_FACE('',(#7865),#7883,.F.);
#7865 = FACE_BOUND('',#7866,.F.);
#7866 = EDGE_LOOP('',(#7867,#7875,#7881,#7882));
#7867 = ORIENTED_EDGE('',*,*,#7868,.F.);
#7868 = EDGE_CURVE('',#7869,#7845,#7871,.T.);
#7869 = VERTEX_POINT('',#7870);
#7870 = CARTESIAN_POINT('',(2.711088928872,-6.735325356359,2.65));
#7871 = LINE('',#7872,#7873);
#7872 = CARTESIAN_POINT('',(1.661234703043,-5.439766869137,2.65));
#7873 = VECTOR('',#7874,1.);
#7874 = DIRECTION('',(0.629585346895,-0.776931329639,0.));
#7875 = ORIENTED_EDGE('',*,*,#7876,.T.);
#7876 = EDGE_CURVE('',#7869,#5209,#7877,.T.);
#7877 = LINE('',#7878,#7879);
#7878 = CARTESIAN_POINT('',(2.711088928872,-6.735325356359,0.));
#7879 = VECTOR('',#7880,1.);
#7880 = DIRECTION('',(0.,0.,1.));
#7881 = ORIENTED_EDGE('',*,*,#5216,.T.);
#7882 = ORIENTED_EDGE('',*,*,#7852,.F.);
#7883 = PLANE('',#7884);
#7884 = AXIS2_PLACEMENT_3D('',#7885,#7886,#7887);
#7885 = CARTESIAN_POINT('',(2.711088928872,-6.735325356359,0.));
#7886 = DIRECTION('',(0.776931329639,0.629585346895,0.));
#7887 = DIRECTION('',(0.629585346895,-0.776931329639,0.));
#7888 = ADVANCED_FACE('',(#7889),#7900,.F.);
#7889 = FACE_BOUND('',#7890,.F.);
#7890 = EDGE_LOOP('',(#7891,#7897,#7898,#7899));
#7891 = ORIENTED_EDGE('',*,*,#7892,.F.);
#7892 = EDGE_CURVE('',#5352,#7869,#7893,.T.);
#7893 = LINE('',#7894,#7895);
#7894 = CARTESIAN_POINT('',(2.008709020767,-5.571162769431,2.65));
#7895 = VECTOR('',#7896,1.);
#7896 = DIRECTION('',(0.516593798596,-0.856230604015,0.));
#7897 = ORIENTED_EDGE('',*,*,#5361,.T.);
#7898 = ORIENTED_EDGE('',*,*,#5208,.T.);
#7899 = ORIENTED_EDGE('',*,*,#7876,.F.);
#7900 = PLANE('',#7901);
#7901 = AXIS2_PLACEMENT_3D('',#7902,#7903,#7904);
#7902 = CARTESIAN_POINT('',(2.599694284074,-6.550693825243,0.));
#7903 = DIRECTION('',(0.856230604015,0.516593798596,0.));
#7904 = DIRECTION('',(0.516593798596,-0.856230604015,0.));
#7905 = ADVANCED_FACE('',(#7906),#7924,.F.);
#7906 = FACE_BOUND('',#7907,.F.);
#7907 = EDGE_LOOP('',(#7908,#7916,#7922,#7923));
#7908 = ORIENTED_EDGE('',*,*,#7909,.F.);
#7909 = EDGE_CURVE('',#7910,#5376,#7912,.T.);
#7910 = VERTEX_POINT('',#7911);
#7911 = CARTESIAN_POINT('',(1.019790793858,-7.188507325796,2.65));
#7912 = LINE('',#7913,#7914);
#7913 = CARTESIAN_POINT('',(1.012987496175,-7.541528743044,2.65));
#7914 = VECTOR('',#7915,1.);
#7915 = DIRECTION('',(1.926805101411E-02,0.999814353873,0.));
#7916 = ORIENTED_EDGE('',*,*,#7917,.T.);
#7917 = EDGE_CURVE('',#7910,#5536,#7918,.T.);
#7918 = LINE('',#7919,#7920);
#7919 = CARTESIAN_POINT('',(1.019790793858,-7.188507325796,0.));
#7920 = VECTOR('',#7921,1.);
#7921 = DIRECTION('',(0.,0.,1.));
#7922 = ORIENTED_EDGE('',*,*,#5543,.T.);
#7923 = ORIENTED_EDGE('',*,*,#5383,.F.);
#7924 = PLANE('',#7925);
#7925 = AXIS2_PLACEMENT_3D('',#7926,#7927,#7928);
#7926 = CARTESIAN_POINT('',(1.019790793858,-7.188507325796,0.));
#7927 = DIRECTION('',(-0.999814353873,1.926805101411E-02,0.));
#7928 = DIRECTION('',(1.926805101411E-02,0.999814353873,0.));
#7929 = ADVANCED_FACE('',(#7930),#7948,.F.);
#7930 = FACE_BOUND('',#7931,.F.);
#7931 = EDGE_LOOP('',(#7932,#7940,#7946,#7947));
#7932 = ORIENTED_EDGE('',*,*,#7933,.F.);
#7933 = EDGE_CURVE('',#7934,#7910,#7936,.T.);
#7934 = VERTEX_POINT('',#7935);
#7935 = CARTESIAN_POINT('',(0.984936830443,-7.408081989201,2.65));
#7936 = LINE('',#7937,#7938);
#7937 = CARTESIAN_POINT('',(0.894566870687,-7.977398977905,2.65));
#7938 = VECTOR('',#7939,1.);
#7939 = DIRECTION('',(0.156771239442,0.987634941911,0.));
#7940 = ORIENTED_EDGE('',*,*,#7941,.T.);
#7941 = EDGE_CURVE('',#7934,#5528,#7942,.T.);
#7942 = LINE('',#7943,#7944);
#7943 = CARTESIAN_POINT('',(0.984936830443,-7.408081989201,0.));
#7944 = VECTOR('',#7945,1.);
#7945 = DIRECTION('',(0.,0.,1.));
#7946 = ORIENTED_EDGE('',*,*,#5535,.T.);
#7947 = ORIENTED_EDGE('',*,*,#7917,.F.);
#7948 = PLANE('',#7949);
#7949 = AXIS2_PLACEMENT_3D('',#7950,#7951,#7952);
#7950 = CARTESIAN_POINT('',(0.984936830443,-7.408081989201,0.));
#7951 = DIRECTION('',(-0.987634941911,0.156771239442,0.));
#7952 = DIRECTION('',(0.156771239442,0.987634941911,0.));
#7953 = ADVANCED_FACE('',(#7954),#7972,.F.);
#7954 = FACE_BOUND('',#7955,.F.);
#7955 = EDGE_LOOP('',(#7956,#7964,#7970,#7971));
#7956 = ORIENTED_EDGE('',*,*,#7957,.F.);
#7957 = EDGE_CURVE('',#7958,#7934,#7960,.T.);
#7958 = VERTEX_POINT('',#7959);
#7959 = CARTESIAN_POINT('',(0.928428769163,-7.629778858564,2.65));
#7960 = LINE('',#7961,#7962);
#7961 = CARTESIAN_POINT('',(0.760779455435,-8.2875138288,2.65));
#7962 = VECTOR('',#7963,1.);
#7963 = DIRECTION('',(0.246991780525,0.969017574842,0.));
#7964 = ORIENTED_EDGE('',*,*,#7965,.T.);
#7965 = EDGE_CURVE('',#7958,#5520,#7966,.T.);
#7966 = LINE('',#7967,#7968);
#7967 = CARTESIAN_POINT('',(0.928428769163,-7.629778858564,0.));
#7968 = VECTOR('',#7969,1.);
#7969 = DIRECTION('',(0.,0.,1.));
#7970 = ORIENTED_EDGE('',*,*,#5527,.T.);
#7971 = ORIENTED_EDGE('',*,*,#7941,.F.);
#7972 = PLANE('',#7973);
#7973 = AXIS2_PLACEMENT_3D('',#7974,#7975,#7976);
#7974 = CARTESIAN_POINT('',(0.928428769163,-7.629778858564,0.));
#7975 = DIRECTION('',(-0.969017574842,0.246991780525,0.));
#7976 = DIRECTION('',(0.246991780525,0.969017574842,0.));
#7977 = ADVANCED_FACE('',(#7978),#8012,.F.);
#7978 = FACE_BOUND('',#7979,.F.);
#7979 = EDGE_LOOP('',(#7980,#7990,#7996,#7997,#7998,#8006));
#7980 = ORIENTED_EDGE('',*,*,#7981,.F.);
#7981 = EDGE_CURVE('',#7982,#7984,#7986,.T.);
#7982 = VERTEX_POINT('',#7983);
#7983 = CARTESIAN_POINT('',(0.853161286532,-7.852636813796,0.65));
#7984 = VERTEX_POINT('',#7985);
#7985 = CARTESIAN_POINT('',(0.870938711008,-7.8,0.65));
#7986 = LINE('',#7987,#7988);
#7987 = CARTESIAN_POINT('',(0.536698538772,-8.78964491354,0.65));
#7988 = VECTOR('',#7989,1.);
#7989 = DIRECTION('',(0.319980617636,0.947424088958,0.));
#7990 = ORIENTED_EDGE('',*,*,#7991,.T.);
#7991 = EDGE_CURVE('',#7982,#5512,#7992,.T.);
#7992 = LINE('',#7993,#7994);
#7993 = CARTESIAN_POINT('',(0.853161286532,-7.852636813796,0.));
#7994 = VECTOR('',#7995,1.);
#7995 = DIRECTION('',(0.,0.,1.));
#7996 = ORIENTED_EDGE('',*,*,#5519,.T.);
#7997 = ORIENTED_EDGE('',*,*,#7965,.F.);
#7998 = ORIENTED_EDGE('',*,*,#7999,.F.);
#7999 = EDGE_CURVE('',#8000,#7958,#8002,.T.);
#8000 = VERTEX_POINT('',#8001);
#8001 = CARTESIAN_POINT('',(0.870938711008,-7.8,2.65));
#8002 = LINE('',#8003,#8004);
#8003 = CARTESIAN_POINT('',(0.617807526934,-8.549490963643,2.65));
#8004 = VECTOR('',#8005,1.);
#8005 = DIRECTION('',(0.319980617636,0.947424088958,0.));
#8006 = ORIENTED_EDGE('',*,*,#8007,.T.);
#8007 = EDGE_CURVE('',#8000,#7984,#8008,.T.);
#8008 = LINE('',#8009,#8010);
#8009 = CARTESIAN_POINT('',(0.870938711008,-7.8,0.275));
#8010 = VECTOR('',#8011,1.);
#8011 = DIRECTION('',(0.,0.,-1.));
#8012 = PLANE('',#8013);
#8013 = AXIS2_PLACEMENT_3D('',#8014,#8015,#8016);
#8014 = CARTESIAN_POINT('',(0.853161286532,-7.852636813796,0.));
#8015 = DIRECTION('',(-0.947424088958,0.319980617636,0.));
#8016 = DIRECTION('',(0.319980617636,0.947424088958,0.));
#8017 = ADVANCED_FACE('',(#8018),#8043,.T.);
#8018 = FACE_BOUND('',#8019,.T.);
#8019 = EDGE_LOOP('',(#8020,#8021,#8029,#8037));
#8020 = ORIENTED_EDGE('',*,*,#8007,.T.);
#8021 = ORIENTED_EDGE('',*,*,#8022,.T.);
#8022 = EDGE_CURVE('',#7984,#8023,#8025,.T.);
#8023 = VERTEX_POINT('',#8024);
#8024 = CARTESIAN_POINT('',(-0.870938711008,-7.8,0.65));
#8025 = LINE('',#8026,#8027);
#8026 = CARTESIAN_POINT('',(-4.1,-7.8,0.65));
#8027 = VECTOR('',#8028,1.);
#8028 = DIRECTION('',(-1.,0.,0.));
#8029 = ORIENTED_EDGE('',*,*,#8030,.T.);
#8030 = EDGE_CURVE('',#8023,#8031,#8033,.T.);
#8031 = VERTEX_POINT('',#8032);
#8032 = CARTESIAN_POINT('',(-0.870938711008,-7.8,2.65));
#8033 = LINE('',#8034,#8035);
#8034 = CARTESIAN_POINT('',(-0.870938711008,-7.8,0.275));
#8035 = VECTOR('',#8036,1.);
#8036 = DIRECTION('',(0.,0.,1.));
#8037 = ORIENTED_EDGE('',*,*,#8038,.T.);
#8038 = EDGE_CURVE('',#8031,#8000,#8039,.T.);
#8039 = LINE('',#8040,#8041);
#8040 = CARTESIAN_POINT('',(-3.9,-7.8,2.65));
#8041 = VECTOR('',#8042,1.);
#8042 = DIRECTION('',(1.,0.,0.));
#8043 = PLANE('',#8044);
#8044 = AXIS2_PLACEMENT_3D('',#8045,#8046,#8047);
#8045 = CARTESIAN_POINT('',(-3.9,-7.8,0.55));
#8046 = DIRECTION('',(0.,1.,0.));
#8047 = DIRECTION('',(0.,0.,1.));
#8048 = ADVANCED_FACE('',(#8049),#8081,.F.);
#8049 = FACE_BOUND('',#8050,.F.);
#8050 = EDGE_LOOP('',(#8051,#8059,#8065,#8066,#8074,#8080));
#8051 = ORIENTED_EDGE('',*,*,#8052,.F.);
#8052 = EDGE_CURVE('',#8053,#8031,#8055,.T.);
#8053 = VERTEX_POINT('',#8054);
#8054 = CARTESIAN_POINT('',(-0.928428769163,-7.629778858564,2.65));
#8055 = LINE('',#8056,#8057);
#8056 = CARTESIAN_POINT('',(-1.054752891333,-7.255748339952,2.65));
#8057 = VECTOR('',#8058,1.);
#8058 = DIRECTION('',(0.319980617636,-0.947424088958,0.));
#8059 = ORIENTED_EDGE('',*,*,#8060,.T.);
#8060 = EDGE_CURVE('',#8053,#5432,#8061,.T.);
#8061 = LINE('',#8062,#8063);
#8062 = CARTESIAN_POINT('',(-0.928428769163,-7.629778858564,0.));
#8063 = VECTOR('',#8064,1.);
#8064 = DIRECTION('',(0.,0.,1.));
#8065 = ORIENTED_EDGE('',*,*,#5439,.T.);
#8066 = ORIENTED_EDGE('',*,*,#8067,.F.);
#8067 = EDGE_CURVE('',#8068,#5440,#8070,.T.);
#8068 = VERTEX_POINT('',#8069);
#8069 = CARTESIAN_POINT('',(-0.853161286532,-7.852636813796,0.65));
#8070 = LINE('',#8071,#8072);
#8071 = CARTESIAN_POINT('',(-0.853161286532,-7.852636813796,0.));
#8072 = VECTOR('',#8073,1.);
#8073 = DIRECTION('',(0.,0.,1.));
#8074 = ORIENTED_EDGE('',*,*,#8075,.F.);
#8075 = EDGE_CURVE('',#8023,#8068,#8076,.T.);
#8076 = LINE('',#8077,#8078);
#8077 = CARTESIAN_POINT('',(-1.014598941436,-7.37463935179,0.65));
#8078 = VECTOR('',#8079,1.);
#8079 = DIRECTION('',(0.319980617636,-0.947424088958,0.));
#8080 = ORIENTED_EDGE('',*,*,#8030,.T.);
#8081 = PLANE('',#8082);
#8082 = AXIS2_PLACEMENT_3D('',#8083,#8084,#8085);
#8083 = CARTESIAN_POINT('',(-0.928428769163,-7.629778858564,0.));
#8084 = DIRECTION('',(0.947424088958,0.319980617636,0.));
#8085 = DIRECTION('',(0.319980617636,-0.947424088958,0.));
#8086 = ADVANCED_FACE('',(#8087),#8105,.F.);
#8087 = FACE_BOUND('',#8088,.F.);
#8088 = EDGE_LOOP('',(#8089,#8097,#8103,#8104));
#8089 = ORIENTED_EDGE('',*,*,#8090,.F.);
#8090 = EDGE_CURVE('',#8091,#8053,#8093,.T.);
#8091 = VERTEX_POINT('',#8092);
#8092 = CARTESIAN_POINT('',(-0.984936830443,-7.408081989201,2.65));
#8093 = LINE('',#8094,#8095);
#8094 = CARTESIAN_POINT('',(-1.026952750699,-7.243241827053,2.65));
#8095 = VECTOR('',#8096,1.);
#8096 = DIRECTION('',(0.246991780525,-0.969017574842,0.));
#8097 = ORIENTED_EDGE('',*,*,#8098,.T.);
#8098 = EDGE_CURVE('',#8091,#5424,#8099,.T.);
#8099 = LINE('',#8100,#8101);
#8100 = CARTESIAN_POINT('',(-0.984936830443,-7.408081989201,0.));
#8101 = VECTOR('',#8102,1.);
#8102 = DIRECTION('',(0.,0.,1.));
#8103 = ORIENTED_EDGE('',*,*,#5431,.T.);
#8104 = ORIENTED_EDGE('',*,*,#8060,.F.);
#8105 = PLANE('',#8106);
#8106 = AXIS2_PLACEMENT_3D('',#8107,#8108,#8109);
#8107 = CARTESIAN_POINT('',(-0.984936830443,-7.408081989201,0.));
#8108 = DIRECTION('',(0.969017574842,0.246991780525,0.));
#8109 = DIRECTION('',(0.246991780525,-0.969017574842,0.));
#8110 = ADVANCED_FACE('',(#8111),#8129,.F.);
#8111 = FACE_BOUND('',#8112,.F.);
#8112 = EDGE_LOOP('',(#8113,#8121,#8127,#8128));
#8113 = ORIENTED_EDGE('',*,*,#8114,.F.);
#8114 = EDGE_CURVE('',#8115,#8091,#8117,.T.);
#8115 = VERTEX_POINT('',#8116);
#8116 = CARTESIAN_POINT('',(-1.019790793858,-7.188507325796,2.65));
#8117 = LINE('',#8118,#8119);
#8118 = CARTESIAN_POINT('',(-1.007845016307,-7.26376390576,2.65));
#8119 = VECTOR('',#8120,1.);
#8120 = DIRECTION('',(0.156771239442,-0.987634941911,0.));
#8121 = ORIENTED_EDGE('',*,*,#8122,.T.);
#8122 = EDGE_CURVE('',#8115,#5416,#8123,.T.);
#8123 = LINE('',#8124,#8125);
#8124 = CARTESIAN_POINT('',(-1.019790793858,-7.188507325796,0.));
#8125 = VECTOR('',#8126,1.);
#8126 = DIRECTION('',(0.,0.,1.));
#8127 = ORIENTED_EDGE('',*,*,#5423,.T.);
#8128 = ORIENTED_EDGE('',*,*,#8098,.F.);
#8129 = PLANE('',#8130);
#8130 = AXIS2_PLACEMENT_3D('',#8131,#8132,#8133);
#8131 = CARTESIAN_POINT('',(-1.019790793858,-7.188507325796,0.));
#8132 = DIRECTION('',(0.987634941911,0.156771239442,0.));
#8133 = DIRECTION('',(0.156771239442,-0.987634941911,0.));
#8134 = ADVANCED_FACE('',(#8135),#8146,.F.);
#8135 = FACE_BOUND('',#8136,.F.);
#8136 = EDGE_LOOP('',(#8137,#8143,#8144,#8145));
#8137 = ORIENTED_EDGE('',*,*,#8138,.F.);
#8138 = EDGE_CURVE('',#5559,#8115,#8139,.T.);
#8139 = LINE('',#8140,#8141);
#8140 = CARTESIAN_POINT('',(-1.016512814897,-7.358600835199,2.65));
#8141 = VECTOR('',#8142,1.);
#8142 = DIRECTION('',(1.926805101411E-02,-0.999814353873,0.));
#8143 = ORIENTED_EDGE('',*,*,#5568,.T.);
#8144 = ORIENTED_EDGE('',*,*,#5415,.T.);
#8145 = ORIENTED_EDGE('',*,*,#8122,.F.);
#8146 = PLANE('',#8147);
#8147 = AXIS2_PLACEMENT_3D('',#8148,#8149,#8150);
#8148 = CARTESIAN_POINT('',(-1.023945620541,-6.972914407111,0.));
#8149 = DIRECTION('',(0.999814353873,1.926805101411E-02,0.));
#8150 = DIRECTION('',(1.926805101411E-02,-0.999814353873,0.));
#8151 = ADVANCED_FACE('',(#8152),#8170,.F.);
#8152 = FACE_BOUND('',#8153,.F.);
#8153 = EDGE_LOOP('',(#8154,#8162,#8168,#8169));
#8154 = ORIENTED_EDGE('',*,*,#8155,.F.);
#8155 = EDGE_CURVE('',#8156,#5583,#8158,.T.);
#8156 = VERTEX_POINT('',#8157);
#8157 = CARTESIAN_POINT('',(-2.711088928872,-6.735325356359,2.65));
#8158 = LINE('',#8159,#8160);
#8159 = CARTESIAN_POINT('',(-3.105196038883,-7.388539873778,2.65));
#8160 = VECTOR('',#8161,1.);
#8161 = DIRECTION('',(0.516593798596,0.856230604015,0.));
#8162 = ORIENTED_EDGE('',*,*,#8163,.T.);
#8163 = EDGE_CURVE('',#8156,#5743,#8164,.T.);
#8164 = LINE('',#8165,#8166);
#8165 = CARTESIAN_POINT('',(-2.711088928872,-6.735325356359,0.));
#8166 = VECTOR('',#8167,1.);
#8167 = DIRECTION('',(0.,0.,1.));
#8168 = ORIENTED_EDGE('',*,*,#5750,.T.);
#8169 = ORIENTED_EDGE('',*,*,#5590,.F.);
#8170 = PLANE('',#8171);
#8171 = AXIS2_PLACEMENT_3D('',#8172,#8173,#8174);
#8172 = CARTESIAN_POINT('',(-2.711088928872,-6.735325356359,0.));
#8173 = DIRECTION('',(-0.856230604015,0.516593798596,0.));
#8174 = DIRECTION('',(0.516593798596,0.856230604015,0.));
#8175 = ADVANCED_FACE('',(#8176),#8194,.F.);
#8176 = FACE_BOUND('',#8177,.F.);
#8177 = EDGE_LOOP('',(#8178,#8186,#8192,#8193));
#8178 = ORIENTED_EDGE('',*,*,#8179,.F.);
#8179 = EDGE_CURVE('',#8180,#8156,#8182,.T.);
#8180 = VERTEX_POINT('',#8181);
#8181 = CARTESIAN_POINT('',(-2.851060678313,-6.908055611187,2.65));
#8182 = LINE('',#8183,#8184);
#8183 = CARTESIAN_POINT('',(-3.277093642961,-7.433795861221,2.65));
#8184 = VECTOR('',#8185,1.);
#8185 = DIRECTION('',(0.629585346895,0.776931329639,0.));
#8186 = ORIENTED_EDGE('',*,*,#8187,.T.);
#8187 = EDGE_CURVE('',#8180,#5735,#8188,.T.);
#8188 = LINE('',#8189,#8190);
#8189 = CARTESIAN_POINT('',(-2.851060678313,-6.908055611187,0.));
#8190 = VECTOR('',#8191,1.);
#8191 = DIRECTION('',(0.,0.,1.));
#8192 = ORIENTED_EDGE('',*,*,#5742,.T.);
#8193 = ORIENTED_EDGE('',*,*,#8163,.F.);
#8194 = PLANE('',#8195);
#8195 = AXIS2_PLACEMENT_3D('',#8196,#8197,#8198);
#8196 = CARTESIAN_POINT('',(-2.851060678313,-6.908055611187,0.));
#8197 = DIRECTION('',(-0.776931329639,0.629585346895,0.));
#8198 = DIRECTION('',(0.629585346895,0.776931329639,0.));
#8199 = ADVANCED_FACE('',(#8200),#8218,.F.);
#8200 = FACE_BOUND('',#8201,.F.);
#8201 = EDGE_LOOP('',(#8202,#8210,#8216,#8217));
#8202 = ORIENTED_EDGE('',*,*,#8203,.F.);
#8203 = EDGE_CURVE('',#8204,#8180,#8206,.T.);
#8204 = VERTEX_POINT('',#8205);
#8205 = CARTESIAN_POINT('',(-3.010846529583,-7.071796701356,2.65));
#8206 = LINE('',#8207,#8208);
#8207 = CARTESIAN_POINT('',(-3.409697005324,-7.480520071999,2.65));
#8208 = VECTOR('',#8209,1.);
#8209 = DIRECTION('',(0.698409943882,0.715697946264,0.));
#8210 = ORIENTED_EDGE('',*,*,#8211,.T.);
#8211 = EDGE_CURVE('',#8204,#5727,#8212,.T.);
#8212 = LINE('',#8213,#8214);
#8213 = CARTESIAN_POINT('',(-3.010846529583,-7.071796701356,0.));
#8214 = VECTOR('',#8215,1.);
#8215 = DIRECTION('',(0.,0.,1.));
#8216 = ORIENTED_EDGE('',*,*,#5734,.T.);
#8217 = ORIENTED_EDGE('',*,*,#8187,.F.);
#8218 = PLANE('',#8219);
#8219 = AXIS2_PLACEMENT_3D('',#8220,#8221,#8222);
#8220 = CARTESIAN_POINT('',(-3.010846529583,-7.071796701356,0.));
#8221 = DIRECTION('',(-0.715697946264,0.698409943882,0.));
#8222 = DIRECTION('',(0.698409943882,0.715697946264,0.));
#8223 = ADVANCED_FACE('',(#8224),#8242,.F.);
#8224 = FACE_BOUND('',#8225,.F.);
#8225 = EDGE_LOOP('',(#8226,#8234,#8240,#8241));
#8226 = ORIENTED_EDGE('',*,*,#8227,.F.);
#8227 = EDGE_CURVE('',#8228,#8204,#8230,.T.);
#8228 = VERTEX_POINT('',#8229);
#8229 = CARTESIAN_POINT('',(-3.187459059236,-7.227163610706,2.65));
#8230 = LINE('',#8231,#8232);
#8231 = CARTESIAN_POINT('',(-3.530342294263,-7.528799675819,2.65));
#8232 = VECTOR('',#8233,1.);
#8233 = DIRECTION('',(0.75082338807,0.660503020377,0.));
#8234 = ORIENTED_EDGE('',*,*,#8235,.T.);
#8235 = EDGE_CURVE('',#8228,#5719,#8236,.T.);
#8236 = LINE('',#8237,#8238);
#8237 = CARTESIAN_POINT('',(-3.187459059236,-7.227163610706,0.));
#8238 = VECTOR('',#8239,1.);
#8239 = DIRECTION('',(0.,0.,1.));
#8240 = ORIENTED_EDGE('',*,*,#5726,.T.);
#8241 = ORIENTED_EDGE('',*,*,#8211,.F.);
#8242 = PLANE('',#8243);
#8243 = AXIS2_PLACEMENT_3D('',#8244,#8245,#8246);
#8244 = CARTESIAN_POINT('',(-3.187459059236,-7.227163610706,0.));
#8245 = DIRECTION('',(-0.660503020377,0.75082338807,0.));
#8246 = DIRECTION('',(0.75082338807,0.660503020377,0.));
#8247 = ADVANCED_FACE('',(#8248),#8266,.F.);
#8248 = FACE_BOUND('',#8249,.F.);
#8249 = EDGE_LOOP('',(#8250,#8258,#8264,#8265));
#8250 = ORIENTED_EDGE('',*,*,#8251,.F.);
#8251 = EDGE_CURVE('',#8252,#8228,#8254,.T.);
#8252 = VERTEX_POINT('',#8253);
#8253 = CARTESIAN_POINT('',(-3.379192588693,-7.374258462235,2.65));
#8254 = LINE('',#8255,#8256);
#8255 = CARTESIAN_POINT('',(-3.64591955394,-7.578887060389,2.65));
#8256 = VECTOR('',#8257,1.);
#8257 = DIRECTION('',(0.793408217168,0.608689905396,0.));
#8258 = ORIENTED_EDGE('',*,*,#8259,.T.);
#8259 = EDGE_CURVE('',#8252,#5711,#8260,.T.);
#8260 = LINE('',#8261,#8262);
#8261 = CARTESIAN_POINT('',(-3.379192588693,-7.374258462235,0.));
#8262 = VECTOR('',#8263,1.);
#8263 = DIRECTION('',(0.,0.,1.));
#8264 = ORIENTED_EDGE('',*,*,#5718,.T.);
#8265 = ORIENTED_EDGE('',*,*,#8235,.F.);
#8266 = PLANE('',#8267);
#8267 = AXIS2_PLACEMENT_3D('',#8268,#8269,#8270);
#8268 = CARTESIAN_POINT('',(-3.379192588693,-7.374258462235,0.));
#8269 = DIRECTION('',(-0.608689905396,0.793408217168,0.));
#8270 = DIRECTION('',(0.793408217168,0.608689905396,0.));
#8271 = ADVANCED_FACE('',(#8272),#8290,.F.);
#8272 = FACE_BOUND('',#8273,.F.);
#8273 = EDGE_LOOP('',(#8274,#8282,#8288,#8289));
#8274 = ORIENTED_EDGE('',*,*,#8275,.F.);
#8275 = EDGE_CURVE('',#8276,#8252,#8278,.T.);
#8276 = VERTEX_POINT('',#8277);
#8277 = CARTESIAN_POINT('',(-3.584881500747,-7.512965723529,2.65));
#8278 = LINE('',#8279,#8280);
#8279 = CARTESIAN_POINT('',(-3.759715645263,-7.630865930809,2.65));
#8280 = VECTOR('',#8281,1.);
#8281 = DIRECTION('',(0.829096732866,0.559105184694,0.));
#8282 = ORIENTED_EDGE('',*,*,#8283,.T.);
#8283 = EDGE_CURVE('',#8276,#5703,#8284,.T.);
#8284 = LINE('',#8285,#8286);
#8285 = CARTESIAN_POINT('',(-3.584881500747,-7.512965723529,0.));
#8286 = VECTOR('',#8287,1.);
#8287 = DIRECTION('',(0.,0.,1.));
#8288 = ORIENTED_EDGE('',*,*,#5710,.T.);
#8289 = ORIENTED_EDGE('',*,*,#8259,.F.);
#8290 = PLANE('',#8291);
#8291 = AXIS2_PLACEMENT_3D('',#8292,#8293,#8294);
#8292 = CARTESIAN_POINT('',(-3.584881500747,-7.512965723529,0.));
#8293 = DIRECTION('',(-0.559105184694,0.829096732866,0.));
#8294 = DIRECTION('',(0.829096732866,0.559105184694,0.));
#8295 = ADVANCED_FACE('',(#8296),#8314,.F.);
#8296 = FACE_BOUND('',#8297,.F.);
#8297 = EDGE_LOOP('',(#8298,#8306,#8312,#8313));
#8298 = ORIENTED_EDGE('',*,*,#8299,.F.);
#8299 = EDGE_CURVE('',#8300,#8276,#8302,.T.);
#8300 = VERTEX_POINT('',#8301);
#8301 = CARTESIAN_POINT('',(-3.803638807704,-7.643056828569,2.65));
#8302 = LINE('',#8303,#8304);
#8303 = CARTESIAN_POINT('',(-3.873706008696,-7.684724554923,2.65));
#8304 = VECTOR('',#8305,1.);
#8305 = DIRECTION('',(0.859502759992,0.511131104088,0.));
#8306 = ORIENTED_EDGE('',*,*,#8307,.T.);
#8307 = EDGE_CURVE('',#8300,#5695,#8308,.T.);
#8308 = LINE('',#8309,#8310);
#8309 = CARTESIAN_POINT('',(-3.803638807704,-7.643056828569,0.));
#8310 = VECTOR('',#8311,1.);
#8311 = DIRECTION('',(0.,0.,1.));
#8312 = ORIENTED_EDGE('',*,*,#5702,.T.);
#8313 = ORIENTED_EDGE('',*,*,#8283,.F.);
#8314 = PLANE('',#8315);
#8315 = AXIS2_PLACEMENT_3D('',#8316,#8317,#8318);
#8316 = CARTESIAN_POINT('',(-3.803638807704,-7.643056828569,0.));
#8317 = DIRECTION('',(-0.511131104088,0.859502759992,0.));
#8318 = DIRECTION('',(0.859502759992,0.511131104088,0.));
#8319 = ADVANCED_FACE('',(#8320),#8345,.F.);
#8320 = FACE_BOUND('',#8321,.F.);
#8321 = EDGE_LOOP('',(#8322,#8330,#8336,#8337,#8338,#8344));
#8322 = ORIENTED_EDGE('',*,*,#8323,.F.);
#8323 = EDGE_CURVE('',#8324,#7657,#8326,.T.);
#8324 = VERTEX_POINT('',#8325);
#8325 = CARTESIAN_POINT('',(-4.034737167929,-7.764238274662,0.65));
#8326 = LINE('',#8327,#8328);
#8327 = CARTESIAN_POINT('',(-4.228375301644,-7.865776637113,0.65));
#8328 = VECTOR('',#8329,1.);
#8329 = DIRECTION('',(0.885626795624,0.464397651666,0.));
#8330 = ORIENTED_EDGE('',*,*,#8331,.T.);
#8331 = EDGE_CURVE('',#8324,#5687,#8332,.T.);
#8332 = LINE('',#8333,#8334);
#8333 = CARTESIAN_POINT('',(-4.034737167929,-7.764238274662,0.));
#8334 = VECTOR('',#8335,1.);
#8335 = DIRECTION('',(0.,0.,1.));
#8336 = ORIENTED_EDGE('',*,*,#5694,.T.);
#8337 = ORIENTED_EDGE('',*,*,#8307,.F.);
#8338 = ORIENTED_EDGE('',*,*,#8339,.F.);
#8339 = EDGE_CURVE('',#7649,#8300,#8340,.T.);
#8340 = LINE('',#8341,#8342);
#8341 = CARTESIAN_POINT('',(-3.989251736591,-7.740387000511,2.65));
#8342 = VECTOR('',#8343,1.);
#8343 = DIRECTION('',(0.885626795624,0.464397651666,0.));
#8344 = ORIENTED_EDGE('',*,*,#7656,.T.);
#8345 = PLANE('',#8346);
#8346 = AXIS2_PLACEMENT_3D('',#8347,#8348,#8349);
#8347 = CARTESIAN_POINT('',(-4.034737167929,-7.764238274662,0.));
#8348 = DIRECTION('',(-0.464397651666,0.885626795624,0.));
#8349 = DIRECTION('',(0.885626795624,0.464397651666,0.));
#8350 = ADVANCED_FACE('',(#8351),#8432,.T.);
#8351 = FACE_BOUND('',#8352,.T.);
#8352 = EDGE_LOOP('',(#8353,#8361,#8362,#8370,#8378,#8386,#8394,#8402,
    #8410,#8418,#8426));
#8353 = ORIENTED_EDGE('',*,*,#8354,.F.);
#8354 = EDGE_CURVE('',#5139,#8355,#8357,.T.);
#8355 = VERTEX_POINT('',#8356);
#8356 = CARTESIAN_POINT('',(4.3,-7.61108870716,0.));
#8357 = LINE('',#8358,#8359);
#8358 = CARTESIAN_POINT('',(4.3,-4.1,0.));
#8359 = VECTOR('',#8360,1.);
#8360 = DIRECTION('',(0.,-1.,0.));
#8361 = ORIENTED_EDGE('',*,*,#5136,.F.);
#8362 = ORIENTED_EDGE('',*,*,#8363,.F.);
#8363 = EDGE_CURVE('',#8364,#5137,#8366,.T.);
#8364 = VERTEX_POINT('',#8365);
#8365 = CARTESIAN_POINT('',(4.477418396924,-5.715534562501,0.));
#8366 = LINE('',#8367,#8368);
#8367 = CARTESIAN_POINT('',(4.477418396924,-5.715534562501,0.));
#8368 = VECTOR('',#8369,1.);
#8369 = DIRECTION('',(-0.483220555277,0.875498655029,0.));
#8370 = ORIENTED_EDGE('',*,*,#8371,.F.);
#8371 = EDGE_CURVE('',#8372,#8364,#8374,.T.);
#8372 = VERTEX_POINT('',#8373);
#8373 = CARTESIAN_POINT('',(4.557021310887,-5.923118780744,0.));
#8374 = LINE('',#8375,#8376);
#8375 = CARTESIAN_POINT('',(4.557021310887,-5.923118780744,0.));
#8376 = VECTOR('',#8377,1.);
#8377 = DIRECTION('',(-0.358049595016,0.933702569081,0.));
#8378 = ORIENTED_EDGE('',*,*,#8379,.F.);
#8379 = EDGE_CURVE('',#8380,#8372,#8382,.T.);
#8380 = VERTEX_POINT('',#8381);
#8381 = CARTESIAN_POINT('',(4.618932328982,-6.143367932193,0.));
#8382 = LINE('',#8383,#8384);
#8383 = CARTESIAN_POINT('',(4.618932328982,-6.143367932193,0.));
#8384 = VECTOR('',#8385,1.);
#8385 = DIRECTION('',(-0.27060763096,0.96268972679,0.));
#8386 = ORIENTED_EDGE('',*,*,#8387,.F.);
#8387 = EDGE_CURVE('',#8388,#8380,#8390,.T.);
#8388 = VERTEX_POINT('',#8389);
#8389 = CARTESIAN_POINT('',(4.66517775456,-6.374002324174,0.));
#8390 = LINE('',#8391,#8392);
#8391 = CARTESIAN_POINT('',(4.66517775456,-6.374002324174,0.));
#8392 = VECTOR('',#8393,1.);
#8393 = DIRECTION('',(-0.196600700888,0.980483638013,0.));
#8394 = ORIENTED_EDGE('',*,*,#8395,.F.);
#8395 = EDGE_CURVE('',#8396,#8388,#8398,.T.);
#8396 = VERTEX_POINT('',#8397);
#8397 = CARTESIAN_POINT('',(4.696698868022,-6.613595857206,0.));
#8398 = LINE('',#8399,#8400);
#8399 = CARTESIAN_POINT('',(4.696698868022,-6.613595857206,0.));
#8400 = VECTOR('',#8401,1.);
#8401 = DIRECTION('',(-0.130436812516,0.991456624336,0.));
#8402 = ORIENTED_EDGE('',*,*,#8403,.F.);
#8403 = EDGE_CURVE('',#8404,#8396,#8406,.T.);
#8404 = VERTEX_POINT('',#8405);
#8405 = CARTESIAN_POINT('',(4.713978423964,-6.861081310968,0.));
#8406 = LINE('',#8407,#8408);
#8407 = CARTESIAN_POINT('',(4.713978423964,-6.861081310968,0.));
#8408 = VECTOR('',#8409,1.);
#8409 = DIRECTION('',(-6.96509268998E-02,0.997571425203,0.));
#8410 = ORIENTED_EDGE('',*,*,#8411,.F.);
#8411 = EDGE_CURVE('',#8412,#8404,#8414,.T.);
#8412 = VERTEX_POINT('',#8413);
#8413 = CARTESIAN_POINT('',(4.717261972257,-7.115576248577,0.));
#8414 = LINE('',#8415,#8416);
#8415 = CARTESIAN_POINT('',(4.717261972257,-7.115576248577,0.));
#8416 = VECTOR('',#8417,1.);
#8417 = DIRECTION('',(-1.290114080913E-02,0.99991677682,0.));
#8418 = ORIENTED_EDGE('',*,*,#8419,.F.);
#8419 = EDGE_CURVE('',#8420,#8412,#8422,.T.);
#8420 = VERTEX_POINT('',#8421);
#8421 = CARTESIAN_POINT('',(4.706659002928,-7.376304022351,0.));
#8422 = LINE('',#8423,#8424);
#8423 = CARTESIAN_POINT('',(4.706659002928,-7.376304022351,0.));
#8424 = VECTOR('',#8425,1.);
#8425 = DIRECTION('',(4.06332340113E-02,0.999174129116,0.));
#8426 = ORIENTED_EDGE('',*,*,#8427,.F.);
#8427 = EDGE_CURVE('',#8355,#8420,#8428,.T.);
#8428 = LINE('',#8429,#8430);
#8429 = CARTESIAN_POINT('',(4.034737167929,-7.764238274662,0.));
#8430 = VECTOR('',#8431,1.);
#8431 = DIRECTION('',(0.866025403784,0.5,0.));
#8432 = PLANE('',#8433);
#8433 = AXIS2_PLACEMENT_3D('',#8434,#8435,#8436);
#8434 = CARTESIAN_POINT('',(-9.E-16,-1.E-17,0.));
#8435 = DIRECTION('',(-0.,-0.,-1.));
#8436 = DIRECTION('',(-1.,0.,0.));
#8437 = ADVANCED_FACE('',(#8438),#8456,.F.);
#8438 = FACE_BOUND('',#8439,.F.);
#8439 = EDGE_LOOP('',(#8440,#8448,#8454,#8455));
#8440 = ORIENTED_EDGE('',*,*,#8441,.F.);
#8441 = EDGE_CURVE('',#8442,#5178,#8444,.T.);
#8442 = VERTEX_POINT('',#8443);
#8443 = CARTESIAN_POINT('',(4.3,-7.61108870716,0.65));
#8444 = LINE('',#8445,#8446);
#8445 = CARTESIAN_POINT('',(4.3,-8.2,0.65));
#8446 = VECTOR('',#8447,1.);
#8447 = DIRECTION('',(0.,1.,0.));
#8448 = ORIENTED_EDGE('',*,*,#8449,.T.);
#8449 = EDGE_CURVE('',#8442,#8355,#8450,.T.);
#8450 = LINE('',#8451,#8452);
#8451 = CARTESIAN_POINT('',(4.3,-7.61108870716,-7.5E-02));
#8452 = VECTOR('',#8453,1.);
#8453 = DIRECTION('',(0.,0.,-1.));
#8454 = ORIENTED_EDGE('',*,*,#8354,.F.);
#8455 = ORIENTED_EDGE('',*,*,#5185,.T.);
#8456 = PLANE('',#8457);
#8457 = AXIS2_PLACEMENT_3D('',#8458,#8459,#8460);
#8458 = CARTESIAN_POINT('',(4.3,-8.2,-0.15));
#8459 = DIRECTION('',(1.,0.,0.));
#8460 = DIRECTION('',(0.,0.,1.));
#8461 = ADVANCED_FACE('',(#8462),#8474,.F.);
#8462 = FACE_BOUND('',#8463,.F.);
#8463 = EDGE_LOOP('',(#8464,#8470,#8471,#8472,#8473));
#8464 = ORIENTED_EDGE('',*,*,#8465,.T.);
#8465 = EDGE_CURVE('',#7726,#8442,#8466,.T.);
#8466 = LINE('',#8467,#8468);
#8467 = CARTESIAN_POINT('',(0.814865548921,-9.623232020653,0.65));
#8468 = VECTOR('',#8469,1.);
#8469 = DIRECTION('',(0.866025403784,0.5,0.));
#8470 = ORIENTED_EDGE('',*,*,#8441,.T.);
#8471 = ORIENTED_EDGE('',*,*,#5177,.T.);
#8472 = ORIENTED_EDGE('',*,*,#7695,.F.);
#8473 = ORIENTED_EDGE('',*,*,#7733,.T.);
#8474 = PLANE('',#8475);
#8475 = AXIS2_PLACEMENT_3D('',#8476,#8477,#8478);
#8476 = CARTESIAN_POINT('',(-4.3,-8.2,0.65));
#8477 = DIRECTION('',(0.,0.,1.));
#8478 = DIRECTION('',(1.,0.,0.));
#8479 = ADVANCED_FACE('',(#8480),#8491,.F.);
#8480 = FACE_BOUND('',#8481,.F.);
#8481 = EDGE_LOOP('',(#8482,#8488,#8489,#8490));
#8482 = ORIENTED_EDGE('',*,*,#8483,.T.);
#8483 = EDGE_CURVE('',#8364,#5329,#8484,.T.);
#8484 = LINE('',#8485,#8486);
#8485 = CARTESIAN_POINT('',(4.477418396924,-5.715534562501,0.));
#8486 = VECTOR('',#8487,1.);
#8487 = DIRECTION('',(0.,0.,1.));
#8488 = ORIENTED_EDGE('',*,*,#5336,.T.);
#8489 = ORIENTED_EDGE('',*,*,#5146,.F.);
#8490 = ORIENTED_EDGE('',*,*,#8363,.F.);
#8491 = PLANE('',#8492);
#8492 = AXIS2_PLACEMENT_3D('',#8493,#8494,#8495);
#8493 = CARTESIAN_POINT('',(4.477418396924,-5.715534562501,0.));
#8494 = DIRECTION('',(-0.875498655029,-0.483220555277,0.));
#8495 = DIRECTION('',(-0.483220555277,0.875498655029,0.));
#8496 = ADVANCED_FACE('',(#8497),#8508,.F.);
#8497 = FACE_BOUND('',#8498,.F.);
#8498 = EDGE_LOOP('',(#8499,#8505,#8506,#8507));
#8499 = ORIENTED_EDGE('',*,*,#8500,.T.);
#8500 = EDGE_CURVE('',#8372,#5321,#8501,.T.);
#8501 = LINE('',#8502,#8503);
#8502 = CARTESIAN_POINT('',(4.557021310887,-5.923118780744,0.));
#8503 = VECTOR('',#8504,1.);
#8504 = DIRECTION('',(0.,0.,1.));
#8505 = ORIENTED_EDGE('',*,*,#5328,.T.);
#8506 = ORIENTED_EDGE('',*,*,#8483,.F.);
#8507 = ORIENTED_EDGE('',*,*,#8371,.F.);
#8508 = PLANE('',#8509);
#8509 = AXIS2_PLACEMENT_3D('',#8510,#8511,#8512);
#8510 = CARTESIAN_POINT('',(4.557021310887,-5.923118780744,0.));
#8511 = DIRECTION('',(-0.933702569081,-0.358049595016,0.));
#8512 = DIRECTION('',(-0.358049595016,0.933702569081,0.));
#8513 = ADVANCED_FACE('',(#8514),#8525,.F.);
#8514 = FACE_BOUND('',#8515,.F.);
#8515 = EDGE_LOOP('',(#8516,#8522,#8523,#8524));
#8516 = ORIENTED_EDGE('',*,*,#8517,.T.);
#8517 = EDGE_CURVE('',#8380,#5313,#8518,.T.);
#8518 = LINE('',#8519,#8520);
#8519 = CARTESIAN_POINT('',(4.618932328982,-6.143367932193,0.));
#8520 = VECTOR('',#8521,1.);
#8521 = DIRECTION('',(0.,0.,1.));
#8522 = ORIENTED_EDGE('',*,*,#5320,.T.);
#8523 = ORIENTED_EDGE('',*,*,#8500,.F.);
#8524 = ORIENTED_EDGE('',*,*,#8379,.F.);
#8525 = PLANE('',#8526);
#8526 = AXIS2_PLACEMENT_3D('',#8527,#8528,#8529);
#8527 = CARTESIAN_POINT('',(4.618932328982,-6.143367932193,0.));
#8528 = DIRECTION('',(-0.96268972679,-0.27060763096,0.));
#8529 = DIRECTION('',(-0.27060763096,0.96268972679,0.));
#8530 = ADVANCED_FACE('',(#8531),#8542,.F.);
#8531 = FACE_BOUND('',#8532,.F.);
#8532 = EDGE_LOOP('',(#8533,#8539,#8540,#8541));
#8533 = ORIENTED_EDGE('',*,*,#8534,.T.);
#8534 = EDGE_CURVE('',#8388,#5305,#8535,.T.);
#8535 = LINE('',#8536,#8537);
#8536 = CARTESIAN_POINT('',(4.66517775456,-6.374002324174,0.));
#8537 = VECTOR('',#8538,1.);
#8538 = DIRECTION('',(0.,0.,1.));
#8539 = ORIENTED_EDGE('',*,*,#5312,.T.);
#8540 = ORIENTED_EDGE('',*,*,#8517,.F.);
#8541 = ORIENTED_EDGE('',*,*,#8387,.F.);
#8542 = PLANE('',#8543);
#8543 = AXIS2_PLACEMENT_3D('',#8544,#8545,#8546);
#8544 = CARTESIAN_POINT('',(4.66517775456,-6.374002324174,0.));
#8545 = DIRECTION('',(-0.980483638013,-0.196600700888,0.));
#8546 = DIRECTION('',(-0.196600700888,0.980483638013,0.));
#8547 = ADVANCED_FACE('',(#8548),#8559,.F.);
#8548 = FACE_BOUND('',#8549,.F.);
#8549 = EDGE_LOOP('',(#8550,#8556,#8557,#8558));
#8550 = ORIENTED_EDGE('',*,*,#8551,.T.);
#8551 = EDGE_CURVE('',#8396,#5297,#8552,.T.);
#8552 = LINE('',#8553,#8554);
#8553 = CARTESIAN_POINT('',(4.696698868022,-6.613595857206,0.));
#8554 = VECTOR('',#8555,1.);
#8555 = DIRECTION('',(0.,0.,1.));
#8556 = ORIENTED_EDGE('',*,*,#5304,.T.);
#8557 = ORIENTED_EDGE('',*,*,#8534,.F.);
#8558 = ORIENTED_EDGE('',*,*,#8395,.F.);
#8559 = PLANE('',#8560);
#8560 = AXIS2_PLACEMENT_3D('',#8561,#8562,#8563);
#8561 = CARTESIAN_POINT('',(4.696698868022,-6.613595857206,0.));
#8562 = DIRECTION('',(-0.991456624336,-0.130436812516,0.));
#8563 = DIRECTION('',(-0.130436812516,0.991456624336,0.));
#8564 = ADVANCED_FACE('',(#8565),#8576,.F.);
#8565 = FACE_BOUND('',#8566,.F.);
#8566 = EDGE_LOOP('',(#8567,#8573,#8574,#8575));
#8567 = ORIENTED_EDGE('',*,*,#8568,.T.);
#8568 = EDGE_CURVE('',#8404,#5289,#8569,.T.);
#8569 = LINE('',#8570,#8571);
#8570 = CARTESIAN_POINT('',(4.713978423964,-6.861081310968,0.));
#8571 = VECTOR('',#8572,1.);
#8572 = DIRECTION('',(0.,0.,1.));
#8573 = ORIENTED_EDGE('',*,*,#5296,.T.);
#8574 = ORIENTED_EDGE('',*,*,#8551,.F.);
#8575 = ORIENTED_EDGE('',*,*,#8403,.F.);
#8576 = PLANE('',#8577);
#8577 = AXIS2_PLACEMENT_3D('',#8578,#8579,#8580);
#8578 = CARTESIAN_POINT('',(4.713978423964,-6.861081310968,0.));
#8579 = DIRECTION('',(-0.997571425203,-6.96509268998E-02,0.));
#8580 = DIRECTION('',(-6.96509268998E-02,0.997571425203,0.));
#8581 = ADVANCED_FACE('',(#8582),#8593,.F.);
#8582 = FACE_BOUND('',#8583,.F.);
#8583 = EDGE_LOOP('',(#8584,#8590,#8591,#8592));
#8584 = ORIENTED_EDGE('',*,*,#8585,.T.);
#8585 = EDGE_CURVE('',#8412,#5281,#8586,.T.);
#8586 = LINE('',#8587,#8588);
#8587 = CARTESIAN_POINT('',(4.717261972257,-7.115576248577,0.));
#8588 = VECTOR('',#8589,1.);
#8589 = DIRECTION('',(0.,0.,1.));
#8590 = ORIENTED_EDGE('',*,*,#5288,.T.);
#8591 = ORIENTED_EDGE('',*,*,#8568,.F.);
#8592 = ORIENTED_EDGE('',*,*,#8411,.F.);
#8593 = PLANE('',#8594);
#8594 = AXIS2_PLACEMENT_3D('',#8595,#8596,#8597);
#8595 = CARTESIAN_POINT('',(4.717261972257,-7.115576248577,0.));
#8596 = DIRECTION('',(-0.99991677682,-1.290114080913E-02,0.));
#8597 = DIRECTION('',(-1.290114080913E-02,0.99991677682,0.));
#8598 = ADVANCED_FACE('',(#8599),#8610,.F.);
#8599 = FACE_BOUND('',#8600,.F.);
#8600 = EDGE_LOOP('',(#8601,#8607,#8608,#8609));
#8601 = ORIENTED_EDGE('',*,*,#8602,.T.);
#8602 = EDGE_CURVE('',#8420,#5273,#8603,.T.);
#8603 = LINE('',#8604,#8605);
#8604 = CARTESIAN_POINT('',(4.706659002928,-7.376304022351,0.));
#8605 = VECTOR('',#8606,1.);
#8606 = DIRECTION('',(0.,0.,1.));
#8607 = ORIENTED_EDGE('',*,*,#5280,.T.);
#8608 = ORIENTED_EDGE('',*,*,#8585,.F.);
#8609 = ORIENTED_EDGE('',*,*,#8419,.F.);
#8610 = PLANE('',#8611);
#8611 = AXIS2_PLACEMENT_3D('',#8612,#8613,#8614);
#8612 = CARTESIAN_POINT('',(4.706659002928,-7.376304022351,0.));
#8613 = DIRECTION('',(-0.999174129116,4.06332340113E-02,0.));
#8614 = DIRECTION('',(4.06332340113E-02,0.999174129116,0.));
#8615 = ADVANCED_FACE('',(#8616),#8624,.F.);
#8616 = FACE_BOUND('',#8617,.F.);
#8617 = EDGE_LOOP('',(#8618,#8619,#8620,#8621,#8622,#8623));
#8618 = ORIENTED_EDGE('',*,*,#8465,.F.);
#8619 = ORIENTED_EDGE('',*,*,#7725,.T.);
#8620 = ORIENTED_EDGE('',*,*,#5272,.T.);
#8621 = ORIENTED_EDGE('',*,*,#8602,.F.);
#8622 = ORIENTED_EDGE('',*,*,#8427,.F.);
#8623 = ORIENTED_EDGE('',*,*,#8449,.F.);
#8624 = PLANE('',#8625);
#8625 = AXIS2_PLACEMENT_3D('',#8626,#8627,#8628);
#8626 = CARTESIAN_POINT('',(4.034737167929,-7.764238274662,0.));
#8627 = DIRECTION('',(-0.5,0.866025403784,0.));
#8628 = DIRECTION('',(0.866025403784,0.5,0.));
#8629 = ADVANCED_FACE('',(#8630),#8648,.F.);
#8630 = FACE_BOUND('',#8631,.F.);
#8631 = EDGE_LOOP('',(#8632,#8640,#8646,#8647));
#8632 = ORIENTED_EDGE('',*,*,#8633,.F.);
#8633 = EDGE_CURVE('',#8634,#7982,#8636,.T.);
#8634 = VERTEX_POINT('',#8635);
#8635 = CARTESIAN_POINT('',(0.760662605029,-8.075891456714,0.65));
#8636 = LINE('',#8637,#8638);
#8637 = CARTESIAN_POINT('',(0.36799939863,-9.023622629832,0.65));
#8638 = VECTOR('',#8639,1.);
#8639 = DIRECTION('',(0.38276671894,0.923845029684,0.));
#8640 = ORIENTED_EDGE('',*,*,#8641,.T.);
#8641 = EDGE_CURVE('',#8634,#5504,#8642,.T.);
#8642 = LINE('',#8643,#8644);
#8643 = CARTESIAN_POINT('',(0.760662605029,-8.075891456714,0.));
#8644 = VECTOR('',#8645,1.);
#8645 = DIRECTION('',(0.,0.,1.));
#8646 = ORIENTED_EDGE('',*,*,#5511,.T.);
#8647 = ORIENTED_EDGE('',*,*,#7991,.F.);
#8648 = PLANE('',#8649);
#8649 = AXIS2_PLACEMENT_3D('',#8650,#8651,#8652);
#8650 = CARTESIAN_POINT('',(0.760662605029,-8.075891456714,0.));
#8651 = DIRECTION('',(-0.923845029684,0.38276671894,0.));
#8652 = DIRECTION('',(0.38276671894,0.923845029684,0.));
#8653 = ADVANCED_FACE('',(#8654),#8688,.F.);
#8654 = FACE_BOUND('',#8655,.F.);
#8655 = EDGE_LOOP('',(#8656,#8666,#8672,#8673,#8674,#8682));
#8656 = ORIENTED_EDGE('',*,*,#8657,.F.);
#8657 = EDGE_CURVE('',#8658,#8660,#8662,.T.);
#8658 = VERTEX_POINT('',#8659);
#8659 = CARTESIAN_POINT('',(0.651884412561,-8.298859924712,0.));
#8660 = VERTEX_POINT('',#8661);
#8661 = CARTESIAN_POINT('',(0.700114568216,-8.2,0.));
#8662 = LINE('',#8663,#8664);
#8663 = CARTESIAN_POINT('',(0.651884412561,-8.298859924712,0.));
#8664 = VECTOR('',#8665,1.);
#8665 = DIRECTION('',(0.438466240509,0.898747659765,0.));
#8666 = ORIENTED_EDGE('',*,*,#8667,.T.);
#8667 = EDGE_CURVE('',#8658,#5496,#8668,.T.);
#8668 = LINE('',#8669,#8670);
#8669 = CARTESIAN_POINT('',(0.651884412561,-8.298859924712,0.));
#8670 = VECTOR('',#8671,1.);
#8671 = DIRECTION('',(0.,0.,1.));
#8672 = ORIENTED_EDGE('',*,*,#5503,.T.);
#8673 = ORIENTED_EDGE('',*,*,#8641,.F.);
#8674 = ORIENTED_EDGE('',*,*,#8675,.F.);
#8675 = EDGE_CURVE('',#8676,#8634,#8678,.T.);
#8676 = VERTEX_POINT('',#8677);
#8677 = CARTESIAN_POINT('',(0.700114568216,-8.2,0.65));
#8678 = LINE('',#8679,#8680);
#8679 = CARTESIAN_POINT('',(0.195356867201,-9.234628805193,0.65));
#8680 = VECTOR('',#8681,1.);
#8681 = DIRECTION('',(0.438466240509,0.898747659765,0.));
#8682 = ORIENTED_EDGE('',*,*,#8683,.T.);
#8683 = EDGE_CURVE('',#8676,#8660,#8684,.T.);
#8684 = LINE('',#8685,#8686);
#8685 = CARTESIAN_POINT('',(0.700114568216,-8.2,-7.5E-02));
#8686 = VECTOR('',#8687,1.);
#8687 = DIRECTION('',(0.,0.,-1.));
#8688 = PLANE('',#8689);
#8689 = AXIS2_PLACEMENT_3D('',#8690,#8691,#8692);
#8690 = CARTESIAN_POINT('',(0.651884412561,-8.298859924712,0.));
#8691 = DIRECTION('',(-0.898747659765,0.438466240509,0.));
#8692 = DIRECTION('',(0.438466240509,0.898747659765,0.));
#8693 = ADVANCED_FACE('',(#8694),#8712,.F.);
#8694 = FACE_BOUND('',#8695,.F.);
#8695 = EDGE_LOOP('',(#8696,#8704,#8705,#8706));
#8696 = ORIENTED_EDGE('',*,*,#8697,.T.);
#8697 = EDGE_CURVE('',#8698,#5488,#8700,.T.);
#8698 = VERTEX_POINT('',#8699);
#8699 = CARTESIAN_POINT('',(0.527480579992,-8.520900779961,0.));
#8700 = LINE('',#8701,#8702);
#8701 = CARTESIAN_POINT('',(0.527480579992,-8.520900779961,0.));
#8702 = VECTOR('',#8703,1.);
#8703 = DIRECTION('',(0.,0.,1.));
#8704 = ORIENTED_EDGE('',*,*,#5495,.T.);
#8705 = ORIENTED_EDGE('',*,*,#8667,.F.);
#8706 = ORIENTED_EDGE('',*,*,#8707,.F.);
#8707 = EDGE_CURVE('',#8698,#8658,#8708,.T.);
#8708 = LINE('',#8709,#8710);
#8709 = CARTESIAN_POINT('',(0.527480579992,-8.520900779961,0.));
#8710 = VECTOR('',#8711,1.);
#8711 = DIRECTION('',(0.488785672731,0.872403900801,0.));
#8712 = PLANE('',#8713);
#8713 = AXIS2_PLACEMENT_3D('',#8714,#8715,#8716);
#8714 = CARTESIAN_POINT('',(0.527480579992,-8.520900779961,0.));
#8715 = DIRECTION('',(-0.872403900801,0.488785672731,0.));
#8716 = DIRECTION('',(0.488785672731,0.872403900801,0.));
#8717 = ADVANCED_FACE('',(#8718),#8736,.F.);
#8718 = FACE_BOUND('',#8719,.F.);
#8719 = EDGE_LOOP('',(#8720,#8728,#8729,#8730));
#8720 = ORIENTED_EDGE('',*,*,#8721,.T.);
#8721 = EDGE_CURVE('',#8722,#5480,#8724,.T.);
#8722 = VERTEX_POINT('',#8723);
#8723 = CARTESIAN_POINT('',(0.387934252311,-8.741396170858,0.));
#8724 = LINE('',#8725,#8726);
#8725 = CARTESIAN_POINT('',(0.387934252311,-8.741396170858,0.));
#8726 = VECTOR('',#8727,1.);
#8727 = DIRECTION('',(0.,0.,1.));
#8728 = ORIENTED_EDGE('',*,*,#5487,.T.);
#8729 = ORIENTED_EDGE('',*,*,#8697,.F.);
#8730 = ORIENTED_EDGE('',*,*,#8731,.F.);
#8731 = EDGE_CURVE('',#8722,#8698,#8732,.T.);
#8732 = LINE('',#8733,#8734);
#8733 = CARTESIAN_POINT('',(0.387934252311,-8.741396170858,0.));
#8734 = VECTOR('',#8735,1.);
#8735 = DIRECTION('',(0.534776477449,0.844993561613,0.));
#8736 = PLANE('',#8737);
#8737 = AXIS2_PLACEMENT_3D('',#8738,#8739,#8740);
#8738 = CARTESIAN_POINT('',(0.387934252311,-8.741396170858,0.));
#8739 = DIRECTION('',(-0.844993561613,0.534776477449,0.));
#8740 = DIRECTION('',(0.534776477449,0.844993561613,0.));
#8741 = ADVANCED_FACE('',(#8742),#8760,.F.);
#8742 = FACE_BOUND('',#8743,.F.);
#8743 = EDGE_LOOP('',(#8744,#8752,#8753,#8754));
#8744 = ORIENTED_EDGE('',*,*,#8745,.T.);
#8745 = EDGE_CURVE('',#8746,#5472,#8748,.T.);
#8746 = VERTEX_POINT('',#8747);
#8747 = CARTESIAN_POINT('',(-0.387934252311,-8.741396170858,0.));
#8748 = LINE('',#8749,#8750);
#8749 = CARTESIAN_POINT('',(-0.387934252311,-8.741396170858,0.));
#8750 = VECTOR('',#8751,1.);
#8751 = DIRECTION('',(0.,0.,1.));
#8752 = ORIENTED_EDGE('',*,*,#5479,.T.);
#8753 = ORIENTED_EDGE('',*,*,#8721,.F.);
#8754 = ORIENTED_EDGE('',*,*,#8755,.F.);
#8755 = EDGE_CURVE('',#8746,#8722,#8756,.T.);
#8756 = LINE('',#8757,#8758);
#8757 = CARTESIAN_POINT('',(-0.387934252311,-8.741396170858,0.));
#8758 = VECTOR('',#8759,1.);
#8759 = DIRECTION('',(1.,0.,0.));
#8760 = PLANE('',#8761);
#8761 = AXIS2_PLACEMENT_3D('',#8762,#8763,#8764);
#8762 = CARTESIAN_POINT('',(-0.387934252311,-8.741396170858,0.));
#8763 = DIRECTION('',(0.,1.,0.));
#8764 = DIRECTION('',(1.,0.,0.));
#8765 = ADVANCED_FACE('',(#8766),#8784,.F.);
#8766 = FACE_BOUND('',#8767,.F.);
#8767 = EDGE_LOOP('',(#8768,#8776,#8777,#8778));
#8768 = ORIENTED_EDGE('',*,*,#8769,.T.);
#8769 = EDGE_CURVE('',#8770,#5464,#8772,.T.);
#8770 = VERTEX_POINT('',#8771);
#8771 = CARTESIAN_POINT('',(-0.527480579992,-8.520900779961,0.));
#8772 = LINE('',#8773,#8774);
#8773 = CARTESIAN_POINT('',(-0.527480579992,-8.520900779961,0.));
#8774 = VECTOR('',#8775,1.);
#8775 = DIRECTION('',(0.,0.,1.));
#8776 = ORIENTED_EDGE('',*,*,#5471,.T.);
#8777 = ORIENTED_EDGE('',*,*,#8745,.F.);
#8778 = ORIENTED_EDGE('',*,*,#8779,.F.);
#8779 = EDGE_CURVE('',#8770,#8746,#8780,.T.);
#8780 = LINE('',#8781,#8782);
#8781 = CARTESIAN_POINT('',(-0.527480579992,-8.520900779961,0.));
#8782 = VECTOR('',#8783,1.);
#8783 = DIRECTION('',(0.534776477449,-0.844993561613,0.));
#8784 = PLANE('',#8785);
#8785 = AXIS2_PLACEMENT_3D('',#8786,#8787,#8788);
#8786 = CARTESIAN_POINT('',(-0.527480579992,-8.520900779961,0.));
#8787 = DIRECTION('',(0.844993561613,0.534776477449,0.));
#8788 = DIRECTION('',(0.534776477449,-0.844993561613,0.));
#8789 = ADVANCED_FACE('',(#8790),#8808,.F.);
#8790 = FACE_BOUND('',#8791,.F.);
#8791 = EDGE_LOOP('',(#8792,#8800,#8801,#8802));
#8792 = ORIENTED_EDGE('',*,*,#8793,.T.);
#8793 = EDGE_CURVE('',#8794,#5456,#8796,.T.);
#8794 = VERTEX_POINT('',#8795);
#8795 = CARTESIAN_POINT('',(-0.651884412561,-8.298859924712,0.));
#8796 = LINE('',#8797,#8798);
#8797 = CARTESIAN_POINT('',(-0.651884412561,-8.298859924712,0.));
#8798 = VECTOR('',#8799,1.);
#8799 = DIRECTION('',(0.,0.,1.));
#8800 = ORIENTED_EDGE('',*,*,#5463,.T.);
#8801 = ORIENTED_EDGE('',*,*,#8769,.F.);
#8802 = ORIENTED_EDGE('',*,*,#8803,.F.);
#8803 = EDGE_CURVE('',#8794,#8770,#8804,.T.);
#8804 = LINE('',#8805,#8806);
#8805 = CARTESIAN_POINT('',(-0.651884412561,-8.298859924712,0.));
#8806 = VECTOR('',#8807,1.);
#8807 = DIRECTION('',(0.488785672731,-0.872403900801,0.));
#8808 = PLANE('',#8809);
#8809 = AXIS2_PLACEMENT_3D('',#8810,#8811,#8812);
#8810 = CARTESIAN_POINT('',(-0.651884412561,-8.298859924712,0.));
#8811 = DIRECTION('',(0.872403900801,0.488785672731,0.));
#8812 = DIRECTION('',(0.488785672731,-0.872403900801,0.));
#8813 = ADVANCED_FACE('',(#8814),#8848,.F.);
#8814 = FACE_BOUND('',#8815,.F.);
#8815 = EDGE_LOOP('',(#8816,#8826,#8832,#8833,#8834,#8842));
#8816 = ORIENTED_EDGE('',*,*,#8817,.F.);
#8817 = EDGE_CURVE('',#8818,#8820,#8822,.T.);
#8818 = VERTEX_POINT('',#8819);
#8819 = CARTESIAN_POINT('',(-0.760662605029,-8.075891456714,0.65));
#8820 = VERTEX_POINT('',#8821);
#8821 = CARTESIAN_POINT('',(-0.700114568216,-8.2,0.65));
#8822 = LINE('',#8823,#8824);
#8823 = CARTESIAN_POINT('',(-1.076432332921,-7.428641388756,0.65));
#8824 = VECTOR('',#8825,1.);
#8825 = DIRECTION('',(0.438466240509,-0.898747659765,0.));
#8826 = ORIENTED_EDGE('',*,*,#8827,.T.);
#8827 = EDGE_CURVE('',#8818,#5448,#8828,.T.);
#8828 = LINE('',#8829,#8830);
#8829 = CARTESIAN_POINT('',(-0.760662605029,-8.075891456714,0.));
#8830 = VECTOR('',#8831,1.);
#8831 = DIRECTION('',(0.,0.,1.));
#8832 = ORIENTED_EDGE('',*,*,#5455,.T.);
#8833 = ORIENTED_EDGE('',*,*,#8793,.F.);
#8834 = ORIENTED_EDGE('',*,*,#8835,.F.);
#8835 = EDGE_CURVE('',#8836,#8794,#8838,.T.);
#8836 = VERTEX_POINT('',#8837);
#8837 = CARTESIAN_POINT('',(-0.700114568216,-8.2,0.));
#8838 = LINE('',#8839,#8840);
#8839 = CARTESIAN_POINT('',(-0.760662605029,-8.075891456714,0.));
#8840 = VECTOR('',#8841,1.);
#8841 = DIRECTION('',(0.438466240509,-0.898747659765,0.));
#8842 = ORIENTED_EDGE('',*,*,#8843,.T.);
#8843 = EDGE_CURVE('',#8836,#8820,#8844,.T.);
#8844 = LINE('',#8845,#8846);
#8845 = CARTESIAN_POINT('',(-0.700114568216,-8.2,-7.5E-02));
#8846 = VECTOR('',#8847,1.);
#8847 = DIRECTION('',(0.,0.,1.));
#8848 = PLANE('',#8849);
#8849 = AXIS2_PLACEMENT_3D('',#8850,#8851,#8852);
#8850 = CARTESIAN_POINT('',(-0.760662605029,-8.075891456714,0.));
#8851 = DIRECTION('',(0.898747659765,0.438466240509,0.));
#8852 = DIRECTION('',(0.438466240509,-0.898747659765,0.));
#8853 = ADVANCED_FACE('',(#8854),#8865,.F.);
#8854 = FACE_BOUND('',#8855,.F.);
#8855 = EDGE_LOOP('',(#8856,#8862,#8863,#8864));
#8856 = ORIENTED_EDGE('',*,*,#8857,.F.);
#8857 = EDGE_CURVE('',#8068,#8818,#8858,.T.);
#8858 = LINE('',#8859,#8860);
#8859 = CARTESIAN_POINT('',(-1.044243292233,-7.391441645841,0.65));
#8860 = VECTOR('',#8861,1.);
#8861 = DIRECTION('',(0.38276671894,-0.923845029684,0.));
#8862 = ORIENTED_EDGE('',*,*,#8067,.T.);
#8863 = ORIENTED_EDGE('',*,*,#5447,.T.);
#8864 = ORIENTED_EDGE('',*,*,#8827,.F.);
#8865 = PLANE('',#8866);
#8866 = AXIS2_PLACEMENT_3D('',#8867,#8868,#8869);
#8867 = CARTESIAN_POINT('',(-0.853161286532,-7.852636813796,0.));
#8868 = DIRECTION('',(0.923845029684,0.38276671894,0.));
#8869 = DIRECTION('',(0.38276671894,-0.923845029684,0.));
#8870 = ADVANCED_FACE('',(#8871),#8905,.F.);
#8871 = FACE_BOUND('',#8872,.F.);
#8872 = EDGE_LOOP('',(#8873,#8883,#8889,#8890,#8891,#8899));
#8873 = ORIENTED_EDGE('',*,*,#8874,.F.);
#8874 = EDGE_CURVE('',#8875,#8877,#8879,.T.);
#8875 = VERTEX_POINT('',#8876);
#8876 = CARTESIAN_POINT('',(-4.706659002928,-7.376304022351,0.));
#8877 = VERTEX_POINT('',#8878);
#8878 = CARTESIAN_POINT('',(-4.3,-7.61108870716,0.));
#8879 = LINE('',#8880,#8881);
#8880 = CARTESIAN_POINT('',(-4.706659002928,-7.376304022351,0.));
#8881 = VECTOR('',#8882,1.);
#8882 = DIRECTION('',(0.866025403784,-0.5,0.));
#8883 = ORIENTED_EDGE('',*,*,#8884,.T.);
#8884 = EDGE_CURVE('',#8875,#5679,#8885,.T.);
#8885 = LINE('',#8886,#8887);
#8886 = CARTESIAN_POINT('',(-4.706659002928,-7.376304022351,0.));
#8887 = VECTOR('',#8888,1.);
#8888 = DIRECTION('',(0.,0.,1.));
#8889 = ORIENTED_EDGE('',*,*,#5686,.T.);
#8890 = ORIENTED_EDGE('',*,*,#8331,.F.);
#8891 = ORIENTED_EDGE('',*,*,#8892,.F.);
#8892 = EDGE_CURVE('',#8893,#8324,#8895,.T.);
#8893 = VERTEX_POINT('',#8894);
#8894 = CARTESIAN_POINT('',(-4.3,-7.61108870716,0.65));
#8895 = LINE('',#8896,#8897);
#8896 = CARTESIAN_POINT('',(-4.375826466421,-7.567310276361,0.65));
#8897 = VECTOR('',#8898,1.);
#8898 = DIRECTION('',(0.866025403784,-0.5,0.));
#8899 = ORIENTED_EDGE('',*,*,#8900,.T.);
#8900 = EDGE_CURVE('',#8893,#8877,#8901,.T.);
#8901 = LINE('',#8902,#8903);
#8902 = CARTESIAN_POINT('',(-4.3,-7.61108870716,-7.5E-02));
#8903 = VECTOR('',#8904,1.);
#8904 = DIRECTION('',(0.,0.,-1.));
#8905 = PLANE('',#8906);
#8906 = AXIS2_PLACEMENT_3D('',#8907,#8908,#8909);
#8907 = CARTESIAN_POINT('',(-4.706659002928,-7.376304022351,0.));
#8908 = DIRECTION('',(0.5,0.866025403784,0.));
#8909 = DIRECTION('',(0.866025403784,-0.5,0.));
#8910 = ADVANCED_FACE('',(#8911),#8929,.F.);
#8911 = FACE_BOUND('',#8912,.F.);
#8912 = EDGE_LOOP('',(#8913,#8921,#8922,#8923));
#8913 = ORIENTED_EDGE('',*,*,#8914,.T.);
#8914 = EDGE_CURVE('',#8915,#5671,#8917,.T.);
#8915 = VERTEX_POINT('',#8916);
#8916 = CARTESIAN_POINT('',(-4.717261972257,-7.115576248577,0.));
#8917 = LINE('',#8918,#8919);
#8918 = CARTESIAN_POINT('',(-4.717261972257,-7.115576248577,0.));
#8919 = VECTOR('',#8920,1.);
#8920 = DIRECTION('',(0.,0.,1.));
#8921 = ORIENTED_EDGE('',*,*,#5678,.T.);
#8922 = ORIENTED_EDGE('',*,*,#8884,.F.);
#8923 = ORIENTED_EDGE('',*,*,#8924,.F.);
#8924 = EDGE_CURVE('',#8915,#8875,#8925,.T.);
#8925 = LINE('',#8926,#8927);
#8926 = CARTESIAN_POINT('',(-4.717261972257,-7.115576248577,0.));
#8927 = VECTOR('',#8928,1.);
#8928 = DIRECTION('',(4.06332340113E-02,-0.999174129116,0.));
#8929 = PLANE('',#8930);
#8930 = AXIS2_PLACEMENT_3D('',#8931,#8932,#8933);
#8931 = CARTESIAN_POINT('',(-4.717261972257,-7.115576248577,0.));
#8932 = DIRECTION('',(0.999174129116,4.06332340113E-02,0.));
#8933 = DIRECTION('',(4.06332340113E-02,-0.999174129116,0.));
#8934 = ADVANCED_FACE('',(#8935),#8953,.F.);
#8935 = FACE_BOUND('',#8936,.F.);
#8936 = EDGE_LOOP('',(#8937,#8945,#8946,#8947));
#8937 = ORIENTED_EDGE('',*,*,#8938,.T.);
#8938 = EDGE_CURVE('',#8939,#5663,#8941,.T.);
#8939 = VERTEX_POINT('',#8940);
#8940 = CARTESIAN_POINT('',(-4.713978423964,-6.861081310968,0.));
#8941 = LINE('',#8942,#8943);
#8942 = CARTESIAN_POINT('',(-4.713978423964,-6.861081310968,0.));
#8943 = VECTOR('',#8944,1.);
#8944 = DIRECTION('',(0.,0.,1.));
#8945 = ORIENTED_EDGE('',*,*,#5670,.T.);
#8946 = ORIENTED_EDGE('',*,*,#8914,.F.);
#8947 = ORIENTED_EDGE('',*,*,#8948,.F.);
#8948 = EDGE_CURVE('',#8939,#8915,#8949,.T.);
#8949 = LINE('',#8950,#8951);
#8950 = CARTESIAN_POINT('',(-4.713978423964,-6.861081310968,0.));
#8951 = VECTOR('',#8952,1.);
#8952 = DIRECTION('',(-1.290114080914E-02,-0.99991677682,0.));
#8953 = PLANE('',#8954);
#8954 = AXIS2_PLACEMENT_3D('',#8955,#8956,#8957);
#8955 = CARTESIAN_POINT('',(-4.713978423964,-6.861081310968,0.));
#8956 = DIRECTION('',(0.99991677682,-1.290114080914E-02,0.));
#8957 = DIRECTION('',(-1.290114080914E-02,-0.99991677682,0.));
#8958 = ADVANCED_FACE('',(#8959),#8977,.F.);
#8959 = FACE_BOUND('',#8960,.F.);
#8960 = EDGE_LOOP('',(#8961,#8969,#8970,#8971));
#8961 = ORIENTED_EDGE('',*,*,#8962,.T.);
#8962 = EDGE_CURVE('',#8963,#5655,#8965,.T.);
#8963 = VERTEX_POINT('',#8964);
#8964 = CARTESIAN_POINT('',(-4.696698868022,-6.613595857206,0.));
#8965 = LINE('',#8966,#8967);
#8966 = CARTESIAN_POINT('',(-4.696698868022,-6.613595857206,0.));
#8967 = VECTOR('',#8968,1.);
#8968 = DIRECTION('',(0.,0.,1.));
#8969 = ORIENTED_EDGE('',*,*,#5662,.T.);
#8970 = ORIENTED_EDGE('',*,*,#8938,.F.);
#8971 = ORIENTED_EDGE('',*,*,#8972,.F.);
#8972 = EDGE_CURVE('',#8963,#8939,#8973,.T.);
#8973 = LINE('',#8974,#8975);
#8974 = CARTESIAN_POINT('',(-4.696698868022,-6.613595857206,0.));
#8975 = VECTOR('',#8976,1.);
#8976 = DIRECTION('',(-6.96509268998E-02,-0.997571425203,0.));
#8977 = PLANE('',#8978);
#8978 = AXIS2_PLACEMENT_3D('',#8979,#8980,#8981);
#8979 = CARTESIAN_POINT('',(-4.696698868022,-6.613595857206,0.));
#8980 = DIRECTION('',(0.997571425203,-6.96509268998E-02,0.));
#8981 = DIRECTION('',(-6.96509268998E-02,-0.997571425203,0.));
#8982 = ADVANCED_FACE('',(#8983),#9001,.F.);
#8983 = FACE_BOUND('',#8984,.F.);
#8984 = EDGE_LOOP('',(#8985,#8993,#8994,#8995));
#8985 = ORIENTED_EDGE('',*,*,#8986,.T.);
#8986 = EDGE_CURVE('',#8987,#5647,#8989,.T.);
#8987 = VERTEX_POINT('',#8988);
#8988 = CARTESIAN_POINT('',(-4.66517775456,-6.374002324174,0.));
#8989 = LINE('',#8990,#8991);
#8990 = CARTESIAN_POINT('',(-4.66517775456,-6.374002324174,0.));
#8991 = VECTOR('',#8992,1.);
#8992 = DIRECTION('',(0.,0.,1.));
#8993 = ORIENTED_EDGE('',*,*,#5654,.T.);
#8994 = ORIENTED_EDGE('',*,*,#8962,.F.);
#8995 = ORIENTED_EDGE('',*,*,#8996,.F.);
#8996 = EDGE_CURVE('',#8987,#8963,#8997,.T.);
#8997 = LINE('',#8998,#8999);
#8998 = CARTESIAN_POINT('',(-4.66517775456,-6.374002324174,0.));
#8999 = VECTOR('',#9000,1.);
#9000 = DIRECTION('',(-0.130436812516,-0.991456624336,0.));
#9001 = PLANE('',#9002);
#9002 = AXIS2_PLACEMENT_3D('',#9003,#9004,#9005);
#9003 = CARTESIAN_POINT('',(-4.66517775456,-6.374002324174,0.));
#9004 = DIRECTION('',(0.991456624336,-0.130436812516,0.));
#9005 = DIRECTION('',(-0.130436812516,-0.991456624336,0.));
#9006 = ADVANCED_FACE('',(#9007),#9025,.F.);
#9007 = FACE_BOUND('',#9008,.F.);
#9008 = EDGE_LOOP('',(#9009,#9017,#9018,#9019));
#9009 = ORIENTED_EDGE('',*,*,#9010,.T.);
#9010 = EDGE_CURVE('',#9011,#5639,#9013,.T.);
#9011 = VERTEX_POINT('',#9012);
#9012 = CARTESIAN_POINT('',(-4.618932328982,-6.143367932193,0.));
#9013 = LINE('',#9014,#9015);
#9014 = CARTESIAN_POINT('',(-4.618932328982,-6.143367932193,0.));
#9015 = VECTOR('',#9016,1.);
#9016 = DIRECTION('',(0.,0.,1.));
#9017 = ORIENTED_EDGE('',*,*,#5646,.T.);
#9018 = ORIENTED_EDGE('',*,*,#8986,.F.);
#9019 = ORIENTED_EDGE('',*,*,#9020,.F.);
#9020 = EDGE_CURVE('',#9011,#8987,#9021,.T.);
#9021 = LINE('',#9022,#9023);
#9022 = CARTESIAN_POINT('',(-4.618932328982,-6.143367932193,0.));
#9023 = VECTOR('',#9024,1.);
#9024 = DIRECTION('',(-0.196600700888,-0.980483638013,0.));
#9025 = PLANE('',#9026);
#9026 = AXIS2_PLACEMENT_3D('',#9027,#9028,#9029);
#9027 = CARTESIAN_POINT('',(-4.618932328982,-6.143367932193,0.));
#9028 = DIRECTION('',(0.980483638013,-0.196600700888,0.));
#9029 = DIRECTION('',(-0.196600700888,-0.980483638013,0.));
#9030 = ADVANCED_FACE('',(#9031),#9049,.F.);
#9031 = FACE_BOUND('',#9032,.F.);
#9032 = EDGE_LOOP('',(#9033,#9041,#9042,#9043));
#9033 = ORIENTED_EDGE('',*,*,#9034,.T.);
#9034 = EDGE_CURVE('',#9035,#5631,#9037,.T.);
#9035 = VERTEX_POINT('',#9036);
#9036 = CARTESIAN_POINT('',(-4.557021310887,-5.923118780744,0.));
#9037 = LINE('',#9038,#9039);
#9038 = CARTESIAN_POINT('',(-4.557021310887,-5.923118780744,0.));
#9039 = VECTOR('',#9040,1.);
#9040 = DIRECTION('',(0.,0.,1.));
#9041 = ORIENTED_EDGE('',*,*,#5638,.T.);
#9042 = ORIENTED_EDGE('',*,*,#9010,.F.);
#9043 = ORIENTED_EDGE('',*,*,#9044,.F.);
#9044 = EDGE_CURVE('',#9035,#9011,#9045,.T.);
#9045 = LINE('',#9046,#9047);
#9046 = CARTESIAN_POINT('',(-4.557021310887,-5.923118780744,0.));
#9047 = VECTOR('',#9048,1.);
#9048 = DIRECTION('',(-0.27060763096,-0.96268972679,0.));
#9049 = PLANE('',#9050);
#9050 = AXIS2_PLACEMENT_3D('',#9051,#9052,#9053);
#9051 = CARTESIAN_POINT('',(-4.557021310887,-5.923118780744,0.));
#9052 = DIRECTION('',(0.96268972679,-0.27060763096,0.));
#9053 = DIRECTION('',(-0.27060763096,-0.96268972679,0.));
#9054 = ADVANCED_FACE('',(#9055),#9073,.F.);
#9055 = FACE_BOUND('',#9056,.F.);
#9056 = EDGE_LOOP('',(#9057,#9065,#9066,#9067));
#9057 = ORIENTED_EDGE('',*,*,#9058,.T.);
#9058 = EDGE_CURVE('',#9059,#5623,#9061,.T.);
#9059 = VERTEX_POINT('',#9060);
#9060 = CARTESIAN_POINT('',(-4.477418396924,-5.715534562501,0.));
#9061 = LINE('',#9062,#9063);
#9062 = CARTESIAN_POINT('',(-4.477418396924,-5.715534562501,0.));
#9063 = VECTOR('',#9064,1.);
#9064 = DIRECTION('',(0.,0.,1.));
#9065 = ORIENTED_EDGE('',*,*,#5630,.T.);
#9066 = ORIENTED_EDGE('',*,*,#9034,.F.);
#9067 = ORIENTED_EDGE('',*,*,#9068,.F.);
#9068 = EDGE_CURVE('',#9059,#9035,#9069,.T.);
#9069 = LINE('',#9070,#9071);
#9070 = CARTESIAN_POINT('',(-4.477418396924,-5.715534562501,0.));
#9071 = VECTOR('',#9072,1.);
#9072 = DIRECTION('',(-0.358049595016,-0.933702569081,0.));
#9073 = PLANE('',#9074);
#9074 = AXIS2_PLACEMENT_3D('',#9075,#9076,#9077);
#9075 = CARTESIAN_POINT('',(-4.477418396924,-5.715534562501,0.));
#9076 = DIRECTION('',(0.933702569081,-0.358049595016,0.));
#9077 = DIRECTION('',(-0.358049595016,-0.933702569081,0.));
#9078 = ADVANCED_FACE('',(#9079),#9090,.F.);
#9079 = FACE_BOUND('',#9080,.F.);
#9080 = EDGE_LOOP('',(#9081,#9082,#9083,#9084));
#9081 = ORIENTED_EDGE('',*,*,#5807,.T.);
#9082 = ORIENTED_EDGE('',*,*,#5622,.T.);
#9083 = ORIENTED_EDGE('',*,*,#9058,.F.);
#9084 = ORIENTED_EDGE('',*,*,#9085,.F.);
#9085 = EDGE_CURVE('',#5768,#9059,#9086,.T.);
#9086 = LINE('',#9087,#9088);
#9087 = CARTESIAN_POINT('',(-4.373220123038,-5.526748204702,0.));
#9088 = VECTOR('',#9089,1.);
#9089 = DIRECTION('',(-0.483220555277,-0.875498655029,0.));
#9090 = PLANE('',#9091);
#9091 = AXIS2_PLACEMENT_3D('',#9092,#9093,#9094);
#9092 = CARTESIAN_POINT('',(-4.373220123038,-5.526748204702,0.));
#9093 = DIRECTION('',(0.875498655029,-0.483220555277,0.));
#9094 = DIRECTION('',(-0.483220555277,-0.875498655029,0.));
#9095 = ADVANCED_FACE('',(#9096),#9114,.T.);
#9096 = FACE_BOUND('',#9097,.T.);
#9097 = EDGE_LOOP('',(#9098,#9104,#9105,#9106,#9107,#9108,#9109,#9110,
    #9111,#9112,#9113));
#9098 = ORIENTED_EDGE('',*,*,#9099,.T.);
#9099 = EDGE_CURVE('',#5766,#8877,#9100,.T.);
#9100 = LINE('',#9101,#9102);
#9101 = CARTESIAN_POINT('',(-4.3,-4.1,0.));
#9102 = VECTOR('',#9103,1.);
#9103 = DIRECTION('',(0.,-1.,0.));
#9104 = ORIENTED_EDGE('',*,*,#8874,.F.);
#9105 = ORIENTED_EDGE('',*,*,#8924,.F.);
#9106 = ORIENTED_EDGE('',*,*,#8948,.F.);
#9107 = ORIENTED_EDGE('',*,*,#8972,.F.);
#9108 = ORIENTED_EDGE('',*,*,#8996,.F.);
#9109 = ORIENTED_EDGE('',*,*,#9020,.F.);
#9110 = ORIENTED_EDGE('',*,*,#9044,.F.);
#9111 = ORIENTED_EDGE('',*,*,#9068,.F.);
#9112 = ORIENTED_EDGE('',*,*,#9085,.F.);
#9113 = ORIENTED_EDGE('',*,*,#5765,.F.);
#9114 = PLANE('',#9115);
#9115 = AXIS2_PLACEMENT_3D('',#9116,#9117,#9118);
#9116 = CARTESIAN_POINT('',(-9.E-16,-1.E-17,0.));
#9117 = DIRECTION('',(-0.,-0.,-1.));
#9118 = DIRECTION('',(-1.,0.,0.));
#9119 = ADVANCED_FACE('',(#9120),#9132,.F.);
#9120 = FACE_BOUND('',#9121,.F.);
#9121 = EDGE_LOOP('',(#9122,#9128,#9129,#9130,#9131));
#9122 = ORIENTED_EDGE('',*,*,#9123,.F.);
#9123 = EDGE_CURVE('',#8893,#5776,#9124,.T.);
#9124 = LINE('',#9125,#9126);
#9125 = CARTESIAN_POINT('',(-4.3,-8.2,0.65));
#9126 = VECTOR('',#9127,1.);
#9127 = DIRECTION('',(0.,1.,0.));
#9128 = ORIENTED_EDGE('',*,*,#8892,.T.);
#9129 = ORIENTED_EDGE('',*,*,#8323,.T.);
#9130 = ORIENTED_EDGE('',*,*,#7664,.T.);
#9131 = ORIENTED_EDGE('',*,*,#5783,.T.);
#9132 = PLANE('',#9133);
#9133 = AXIS2_PLACEMENT_3D('',#9134,#9135,#9136);
#9134 = CARTESIAN_POINT('',(-4.3,-8.2,0.65));
#9135 = DIRECTION('',(0.,0.,1.));
#9136 = DIRECTION('',(1.,0.,0.));
#9137 = ADVANCED_FACE('',(#9138),#9144,.T.);
#9138 = FACE_BOUND('',#9139,.T.);
#9139 = EDGE_LOOP('',(#9140,#9141,#9142,#9143));
#9140 = ORIENTED_EDGE('',*,*,#9123,.F.);
#9141 = ORIENTED_EDGE('',*,*,#8900,.T.);
#9142 = ORIENTED_EDGE('',*,*,#9099,.F.);
#9143 = ORIENTED_EDGE('',*,*,#5775,.T.);
#9144 = PLANE('',#9145);
#9145 = AXIS2_PLACEMENT_3D('',#9146,#9147,#9148);
#9146 = CARTESIAN_POINT('',(-4.3,-8.2,-0.15));
#9147 = DIRECTION('',(1.,0.,0.));
#9148 = DIRECTION('',(0.,0.,1.));
#9149 = ADVANCED_FACE('',(#9150),#9161,.F.);
#9150 = FACE_BOUND('',#9151,.F.);
#9151 = EDGE_LOOP('',(#9152,#9158,#9159,#9160));
#9152 = ORIENTED_EDGE('',*,*,#9153,.T.);
#9153 = EDGE_CURVE('',#7368,#5902,#9154,.T.);
#9154 = LINE('',#9155,#9156);
#9155 = CARTESIAN_POINT('',(-5.923118780744,-4.557021310887,0.));
#9156 = VECTOR('',#9157,1.);
#9157 = DIRECTION('',(0.,0.,1.));
#9158 = ORIENTED_EDGE('',*,*,#5909,.T.);
#9159 = ORIENTED_EDGE('',*,*,#7479,.F.);
#9160 = ORIENTED_EDGE('',*,*,#7367,.F.);
#9161 = PLANE('',#9162);
#9162 = AXIS2_PLACEMENT_3D('',#9163,#9164,#9165);
#9163 = CARTESIAN_POINT('',(-5.923118780744,-4.557021310887,0.));
#9164 = DIRECTION('',(-0.358049595016,0.933702569081,0.));
#9165 = DIRECTION('',(0.933702569081,0.358049595016,0.));
#9166 = ADVANCED_FACE('',(#9167),#9178,.F.);
#9167 = FACE_BOUND('',#9168,.F.);
#9168 = EDGE_LOOP('',(#9169,#9175,#9176,#9177));
#9169 = ORIENTED_EDGE('',*,*,#9170,.T.);
#9170 = EDGE_CURVE('',#7376,#5894,#9171,.T.);
#9171 = LINE('',#9172,#9173);
#9172 = CARTESIAN_POINT('',(-6.143367932193,-4.618932328982,0.));
#9173 = VECTOR('',#9174,1.);
#9174 = DIRECTION('',(0.,0.,1.));
#9175 = ORIENTED_EDGE('',*,*,#5901,.T.);
#9176 = ORIENTED_EDGE('',*,*,#9153,.F.);
#9177 = ORIENTED_EDGE('',*,*,#7375,.F.);
#9178 = PLANE('',#9179);
#9179 = AXIS2_PLACEMENT_3D('',#9180,#9181,#9182);
#9180 = CARTESIAN_POINT('',(-6.143367932193,-4.618932328982,0.));
#9181 = DIRECTION('',(-0.27060763096,0.96268972679,0.));
#9182 = DIRECTION('',(0.96268972679,0.27060763096,0.));
#9183 = ADVANCED_FACE('',(#9184),#9195,.F.);
#9184 = FACE_BOUND('',#9185,.F.);
#9185 = EDGE_LOOP('',(#9186,#9192,#9193,#9194));
#9186 = ORIENTED_EDGE('',*,*,#9187,.T.);
#9187 = EDGE_CURVE('',#7384,#5886,#9188,.T.);
#9188 = LINE('',#9189,#9190);
#9189 = CARTESIAN_POINT('',(-6.374002324174,-4.66517775456,0.));
#9190 = VECTOR('',#9191,1.);
#9191 = DIRECTION('',(0.,0.,1.));
#9192 = ORIENTED_EDGE('',*,*,#5893,.T.);
#9193 = ORIENTED_EDGE('',*,*,#9170,.F.);
#9194 = ORIENTED_EDGE('',*,*,#7383,.F.);
#9195 = PLANE('',#9196);
#9196 = AXIS2_PLACEMENT_3D('',#9197,#9198,#9199);
#9197 = CARTESIAN_POINT('',(-6.374002324174,-4.66517775456,0.));
#9198 = DIRECTION('',(-0.196600700888,0.980483638013,0.));
#9199 = DIRECTION('',(0.980483638013,0.196600700888,0.));
#9200 = ADVANCED_FACE('',(#9201),#9212,.F.);
#9201 = FACE_BOUND('',#9202,.F.);
#9202 = EDGE_LOOP('',(#9203,#9209,#9210,#9211));
#9203 = ORIENTED_EDGE('',*,*,#9204,.T.);
#9204 = EDGE_CURVE('',#7392,#5878,#9205,.T.);
#9205 = LINE('',#9206,#9207);
#9206 = CARTESIAN_POINT('',(-6.613595857206,-4.696698868022,0.));
#9207 = VECTOR('',#9208,1.);
#9208 = DIRECTION('',(0.,0.,1.));
#9209 = ORIENTED_EDGE('',*,*,#5885,.T.);
#9210 = ORIENTED_EDGE('',*,*,#9187,.F.);
#9211 = ORIENTED_EDGE('',*,*,#7391,.F.);
#9212 = PLANE('',#9213);
#9213 = AXIS2_PLACEMENT_3D('',#9214,#9215,#9216);
#9214 = CARTESIAN_POINT('',(-6.613595857206,-4.696698868022,0.));
#9215 = DIRECTION('',(-0.130436812516,0.991456624336,0.));
#9216 = DIRECTION('',(0.991456624336,0.130436812516,0.));
#9217 = ADVANCED_FACE('',(#9218),#9229,.F.);
#9218 = FACE_BOUND('',#9219,.F.);
#9219 = EDGE_LOOP('',(#9220,#9226,#9227,#9228));
#9220 = ORIENTED_EDGE('',*,*,#9221,.T.);
#9221 = EDGE_CURVE('',#7400,#5870,#9222,.T.);
#9222 = LINE('',#9223,#9224);
#9223 = CARTESIAN_POINT('',(-6.861081310968,-4.713978423964,0.));
#9224 = VECTOR('',#9225,1.);
#9225 = DIRECTION('',(0.,0.,1.));
#9226 = ORIENTED_EDGE('',*,*,#5877,.T.);
#9227 = ORIENTED_EDGE('',*,*,#9204,.F.);
#9228 = ORIENTED_EDGE('',*,*,#7399,.F.);
#9229 = PLANE('',#9230);
#9230 = AXIS2_PLACEMENT_3D('',#9231,#9232,#9233);
#9231 = CARTESIAN_POINT('',(-6.861081310968,-4.713978423964,0.));
#9232 = DIRECTION('',(-6.965092689979E-02,0.997571425203,0.));
#9233 = DIRECTION('',(0.997571425203,6.965092689979E-02,0.));
#9234 = ADVANCED_FACE('',(#9235),#9246,.F.);
#9235 = FACE_BOUND('',#9236,.F.);
#9236 = EDGE_LOOP('',(#9237,#9243,#9244,#9245));
#9237 = ORIENTED_EDGE('',*,*,#9238,.T.);
#9238 = EDGE_CURVE('',#7408,#5862,#9239,.T.);
#9239 = LINE('',#9240,#9241);
#9240 = CARTESIAN_POINT('',(-7.115576248577,-4.717261972257,0.));
#9241 = VECTOR('',#9242,1.);
#9242 = DIRECTION('',(0.,0.,1.));
#9243 = ORIENTED_EDGE('',*,*,#5869,.T.);
#9244 = ORIENTED_EDGE('',*,*,#9221,.F.);
#9245 = ORIENTED_EDGE('',*,*,#7407,.F.);
#9246 = PLANE('',#9247);
#9247 = AXIS2_PLACEMENT_3D('',#9248,#9249,#9250);
#9248 = CARTESIAN_POINT('',(-7.115576248577,-4.717261972257,0.));
#9249 = DIRECTION('',(-1.290114080913E-02,0.99991677682,0.));
#9250 = DIRECTION('',(0.99991677682,1.290114080913E-02,0.));
#9251 = ADVANCED_FACE('',(#9252),#9258,.F.);
#9252 = FACE_BOUND('',#9253,.F.);
#9253 = EDGE_LOOP('',(#9254,#9255,#9256,#9257));
#9254 = ORIENTED_EDGE('',*,*,#7499,.T.);
#9255 = ORIENTED_EDGE('',*,*,#5861,.T.);
#9256 = ORIENTED_EDGE('',*,*,#9238,.F.);
#9257 = ORIENTED_EDGE('',*,*,#7415,.F.);
#9258 = PLANE('',#9259);
#9259 = AXIS2_PLACEMENT_3D('',#9260,#9261,#9262);
#9260 = CARTESIAN_POINT('',(-7.376304022351,-4.706659002928,0.));
#9261 = DIRECTION('',(4.06332340113E-02,0.999174129116,0.));
#9262 = DIRECTION('',(0.999174129116,-4.06332340113E-02,0.));
#9263 = ADVANCED_FACE('',(#9264),#9275,.F.);
#9264 = FACE_BOUND('',#9265,.F.);
#9265 = EDGE_LOOP('',(#9266,#9272,#9273,#9274));
#9266 = ORIENTED_EDGE('',*,*,#9267,.T.);
#9267 = EDGE_CURVE('',#7247,#6011,#9268,.T.);
#9268 = LINE('',#9269,#9270);
#9269 = CARTESIAN_POINT('',(-7.115576248577,4.717261972257,0.));
#9270 = VECTOR('',#9271,1.);
#9271 = DIRECTION('',(0.,0.,1.));
#9272 = ORIENTED_EDGE('',*,*,#6018,.T.);
#9273 = ORIENTED_EDGE('',*,*,#7516,.F.);
#9274 = ORIENTED_EDGE('',*,*,#7246,.F.);
#9275 = PLANE('',#9276);
#9276 = AXIS2_PLACEMENT_3D('',#9277,#9278,#9279);
#9277 = CARTESIAN_POINT('',(-7.115576248577,4.717261972257,0.));
#9278 = DIRECTION('',(4.06332340113E-02,-0.999174129116,0.));
#9279 = DIRECTION('',(-0.999174129116,-4.06332340113E-02,0.));
#9280 = ADVANCED_FACE('',(#9281),#9292,.F.);
#9281 = FACE_BOUND('',#9282,.F.);
#9282 = EDGE_LOOP('',(#9283,#9289,#9290,#9291));
#9283 = ORIENTED_EDGE('',*,*,#9284,.T.);
#9284 = EDGE_CURVE('',#7255,#6003,#9285,.T.);
#9285 = LINE('',#9286,#9287);
#9286 = CARTESIAN_POINT('',(-6.861081310968,4.713978423964,0.));
#9287 = VECTOR('',#9288,1.);
#9288 = DIRECTION('',(0.,0.,1.));
#9289 = ORIENTED_EDGE('',*,*,#6010,.T.);
#9290 = ORIENTED_EDGE('',*,*,#9267,.F.);
#9291 = ORIENTED_EDGE('',*,*,#7254,.F.);
#9292 = PLANE('',#9293);
#9293 = AXIS2_PLACEMENT_3D('',#9294,#9295,#9296);
#9294 = CARTESIAN_POINT('',(-6.861081310968,4.713978423964,0.));
#9295 = DIRECTION('',(-1.290114080913E-02,-0.99991677682,0.));
#9296 = DIRECTION('',(-0.99991677682,1.290114080913E-02,0.));
#9297 = ADVANCED_FACE('',(#9298),#9309,.F.);
#9298 = FACE_BOUND('',#9299,.F.);
#9299 = EDGE_LOOP('',(#9300,#9306,#9307,#9308));
#9300 = ORIENTED_EDGE('',*,*,#9301,.T.);
#9301 = EDGE_CURVE('',#7263,#5995,#9302,.T.);
#9302 = LINE('',#9303,#9304);
#9303 = CARTESIAN_POINT('',(-6.613595857206,4.696698868022,0.));
#9304 = VECTOR('',#9305,1.);
#9305 = DIRECTION('',(0.,0.,1.));
#9306 = ORIENTED_EDGE('',*,*,#6002,.T.);
#9307 = ORIENTED_EDGE('',*,*,#9284,.F.);
#9308 = ORIENTED_EDGE('',*,*,#7262,.F.);
#9309 = PLANE('',#9310);
#9310 = AXIS2_PLACEMENT_3D('',#9311,#9312,#9313);
#9311 = CARTESIAN_POINT('',(-6.613595857206,4.696698868022,0.));
#9312 = DIRECTION('',(-6.965092689979E-02,-0.997571425203,0.));
#9313 = DIRECTION('',(-0.997571425203,6.965092689979E-02,0.));
#9314 = ADVANCED_FACE('',(#9315),#9326,.F.);
#9315 = FACE_BOUND('',#9316,.F.);
#9316 = EDGE_LOOP('',(#9317,#9323,#9324,#9325));
#9317 = ORIENTED_EDGE('',*,*,#9318,.T.);
#9318 = EDGE_CURVE('',#7271,#5987,#9319,.T.);
#9319 = LINE('',#9320,#9321);
#9320 = CARTESIAN_POINT('',(-6.374002324174,4.66517775456,0.));
#9321 = VECTOR('',#9322,1.);
#9322 = DIRECTION('',(0.,0.,1.));
#9323 = ORIENTED_EDGE('',*,*,#5994,.T.);
#9324 = ORIENTED_EDGE('',*,*,#9301,.F.);
#9325 = ORIENTED_EDGE('',*,*,#7270,.F.);
#9326 = PLANE('',#9327);
#9327 = AXIS2_PLACEMENT_3D('',#9328,#9329,#9330);
#9328 = CARTESIAN_POINT('',(-6.374002324174,4.66517775456,0.));
#9329 = DIRECTION('',(-0.130436812516,-0.991456624336,0.));
#9330 = DIRECTION('',(-0.991456624336,0.130436812516,0.));
#9331 = ADVANCED_FACE('',(#9332),#9343,.F.);
#9332 = FACE_BOUND('',#9333,.F.);
#9333 = EDGE_LOOP('',(#9334,#9340,#9341,#9342));
#9334 = ORIENTED_EDGE('',*,*,#9335,.T.);
#9335 = EDGE_CURVE('',#7279,#5979,#9336,.T.);
#9336 = LINE('',#9337,#9338);
#9337 = CARTESIAN_POINT('',(-6.143367932193,4.618932328982,0.));
#9338 = VECTOR('',#9339,1.);
#9339 = DIRECTION('',(0.,0.,1.));
#9340 = ORIENTED_EDGE('',*,*,#5986,.T.);
#9341 = ORIENTED_EDGE('',*,*,#9318,.F.);
#9342 = ORIENTED_EDGE('',*,*,#7278,.F.);
#9343 = PLANE('',#9344);
#9344 = AXIS2_PLACEMENT_3D('',#9345,#9346,#9347);
#9345 = CARTESIAN_POINT('',(-6.143367932193,4.618932328982,0.));
#9346 = DIRECTION('',(-0.196600700888,-0.980483638013,0.));
#9347 = DIRECTION('',(-0.980483638013,0.196600700888,0.));
#9348 = ADVANCED_FACE('',(#9349),#9360,.F.);
#9349 = FACE_BOUND('',#9350,.F.);
#9350 = EDGE_LOOP('',(#9351,#9357,#9358,#9359));
#9351 = ORIENTED_EDGE('',*,*,#9352,.T.);
#9352 = EDGE_CURVE('',#7287,#5971,#9353,.T.);
#9353 = LINE('',#9354,#9355);
#9354 = CARTESIAN_POINT('',(-5.923118780744,4.557021310887,0.));
#9355 = VECTOR('',#9356,1.);
#9356 = DIRECTION('',(0.,0.,1.));
#9357 = ORIENTED_EDGE('',*,*,#5978,.T.);
#9358 = ORIENTED_EDGE('',*,*,#9335,.F.);
#9359 = ORIENTED_EDGE('',*,*,#7286,.F.);
#9360 = PLANE('',#9361);
#9361 = AXIS2_PLACEMENT_3D('',#9362,#9363,#9364);
#9362 = CARTESIAN_POINT('',(-5.923118780744,4.557021310887,0.));
#9363 = DIRECTION('',(-0.27060763096,-0.96268972679,0.));
#9364 = DIRECTION('',(-0.96268972679,0.27060763096,0.));
#9365 = ADVANCED_FACE('',(#9366),#9372,.F.);
#9366 = FACE_BOUND('',#9367,.F.);
#9367 = EDGE_LOOP('',(#9368,#9369,#9370,#9371));
#9368 = ORIENTED_EDGE('',*,*,#7318,.T.);
#9369 = ORIENTED_EDGE('',*,*,#5970,.T.);
#9370 = ORIENTED_EDGE('',*,*,#9352,.F.);
#9371 = ORIENTED_EDGE('',*,*,#7294,.F.);
#9372 = PLANE('',#9373);
#9373 = AXIS2_PLACEMENT_3D('',#9374,#9375,#9376);
#9374 = CARTESIAN_POINT('',(-5.715534562501,4.477418396924,0.));
#9375 = DIRECTION('',(-0.358049595016,-0.933702569081,0.));
#9376 = DIRECTION('',(-0.933702569081,0.358049595016,0.));
#9377 = ADVANCED_FACE('',(#9378),#9403,.T.);
#9378 = FACE_BOUND('',#9379,.T.);
#9379 = EDGE_LOOP('',(#9380,#9388,#9389,#9397));
#9380 = ORIENTED_EDGE('',*,*,#9381,.F.);
#9381 = EDGE_CURVE('',#6097,#9382,#9384,.T.);
#9382 = VERTEX_POINT('',#9383);
#9383 = CARTESIAN_POINT('',(-3.9,7.69358591332,2.65));
#9384 = LINE('',#9385,#9386);
#9385 = CARTESIAN_POINT('',(-3.9,-7.8,2.65));
#9386 = VECTOR('',#9387,1.);
#9387 = DIRECTION('',(0.,1.,0.));
#9388 = ORIENTED_EDGE('',*,*,#6104,.T.);
#9389 = ORIENTED_EDGE('',*,*,#9390,.T.);
#9390 = EDGE_CURVE('',#6105,#9391,#9393,.T.);
#9391 = VERTEX_POINT('',#9392);
#9392 = CARTESIAN_POINT('',(-3.9,7.69358591332,0.65));
#9393 = LINE('',#9394,#9395);
#9394 = CARTESIAN_POINT('',(-3.9,-8.,0.65));
#9395 = VECTOR('',#9396,1.);
#9396 = DIRECTION('',(0.,1.,0.));
#9397 = ORIENTED_EDGE('',*,*,#9398,.T.);
#9398 = EDGE_CURVE('',#9391,#9382,#9399,.T.);
#9399 = LINE('',#9400,#9401);
#9400 = CARTESIAN_POINT('',(-3.9,7.69358591332,0.275));
#9401 = VECTOR('',#9402,1.);
#9402 = DIRECTION('',(0.,0.,1.));
#9403 = PLANE('',#9404);
#9404 = AXIS2_PLACEMENT_3D('',#9405,#9406,#9407);
#9405 = CARTESIAN_POINT('',(-3.9,-7.8,0.55));
#9406 = DIRECTION('',(1.,0.,0.));
#9407 = DIRECTION('',(0.,0.,1.));
#9408 = ADVANCED_FACE('',(#9409),#9441,.F.);
#9409 = FACE_BOUND('',#9410,.F.);
#9410 = EDGE_LOOP('',(#9411,#9419,#9425,#9426,#9434,#9440));
#9411 = ORIENTED_EDGE('',*,*,#9412,.F.);
#9412 = EDGE_CURVE('',#9413,#9382,#9415,.T.);
#9413 = VERTEX_POINT('',#9414);
#9414 = CARTESIAN_POINT('',(-3.803638807704,7.643056828569,2.65));
#9415 = LINE('',#9416,#9417);
#9416 = CARTESIAN_POINT('',(-0.665695124184,5.997607882255,2.65));
#9417 = VECTOR('',#9418,1.);
#9418 = DIRECTION('',(-0.885626795624,0.464397651666,0.));
#9419 = ORIENTED_EDGE('',*,*,#9420,.T.);
#9420 = EDGE_CURVE('',#9413,#6192,#9421,.T.);
#9421 = LINE('',#9422,#9423);
#9422 = CARTESIAN_POINT('',(-3.803638807704,7.643056828569,0.));
#9423 = VECTOR('',#9424,1.);
#9424 = DIRECTION('',(0.,0.,1.));
#9425 = ORIENTED_EDGE('',*,*,#6199,.T.);
#9426 = ORIENTED_EDGE('',*,*,#9427,.F.);
#9427 = EDGE_CURVE('',#9428,#6200,#9430,.T.);
#9428 = VERTEX_POINT('',#9429);
#9429 = CARTESIAN_POINT('',(-4.034737167929,7.764238274662,0.65));
#9430 = LINE('',#9431,#9432);
#9431 = CARTESIAN_POINT('',(-4.034737167929,7.764238274662,0.));
#9432 = VECTOR('',#9433,1.);
#9433 = DIRECTION('',(0.,0.,1.));
#9434 = ORIENTED_EDGE('',*,*,#9435,.F.);
#9435 = EDGE_CURVE('',#9391,#9428,#9436,.T.);
#9436 = LINE('',#9437,#9438);
#9437 = CARTESIAN_POINT('',(-0.740305487582,6.036731447309,0.65));
#9438 = VECTOR('',#9439,1.);
#9439 = DIRECTION('',(-0.885626795624,0.464397651666,0.));
#9440 = ORIENTED_EDGE('',*,*,#9398,.T.);
#9441 = PLANE('',#9442);
#9442 = AXIS2_PLACEMENT_3D('',#9443,#9444,#9445);
#9443 = CARTESIAN_POINT('',(-3.803638807704,7.643056828569,0.));
#9444 = DIRECTION('',(-0.464397651666,-0.885626795624,0.));
#9445 = DIRECTION('',(-0.885626795624,0.464397651666,0.));
#9446 = ADVANCED_FACE('',(#9447),#9465,.F.);
#9447 = FACE_BOUND('',#9448,.F.);
#9448 = EDGE_LOOP('',(#9449,#9457,#9463,#9464));
#9449 = ORIENTED_EDGE('',*,*,#9450,.F.);
#9450 = EDGE_CURVE('',#9451,#9413,#9453,.T.);
#9451 = VERTEX_POINT('',#9452);
#9452 = CARTESIAN_POINT('',(-3.584881500747,7.512965723529,2.65));
#9453 = LINE('',#9454,#9455);
#9454 = CARTESIAN_POINT('',(-0.337642316701,5.581889958983,2.65));
#9455 = VECTOR('',#9456,1.);
#9456 = DIRECTION('',(-0.859502759992,0.511131104088,0.));
#9457 = ORIENTED_EDGE('',*,*,#9458,.T.);
#9458 = EDGE_CURVE('',#9451,#6184,#9459,.T.);
#9459 = LINE('',#9460,#9461);
#9460 = CARTESIAN_POINT('',(-3.584881500747,7.512965723529,0.));
#9461 = VECTOR('',#9462,1.);
#9462 = DIRECTION('',(0.,0.,1.));
#9463 = ORIENTED_EDGE('',*,*,#6191,.T.);
#9464 = ORIENTED_EDGE('',*,*,#9420,.F.);
#9465 = PLANE('',#9466);
#9466 = AXIS2_PLACEMENT_3D('',#9467,#9468,#9469);
#9467 = CARTESIAN_POINT('',(-3.584881500747,7.512965723529,0.));
#9468 = DIRECTION('',(-0.511131104088,-0.859502759992,0.));
#9469 = DIRECTION('',(-0.859502759992,0.511131104088,0.));
#9470 = ADVANCED_FACE('',(#9471),#9489,.F.);
#9471 = FACE_BOUND('',#9472,.F.);
#9472 = EDGE_LOOP('',(#9473,#9481,#9487,#9488));
#9473 = ORIENTED_EDGE('',*,*,#9474,.F.);
#9474 = EDGE_CURVE('',#9475,#9451,#9477,.T.);
#9475 = VERTEX_POINT('',#9476);
#9476 = CARTESIAN_POINT('',(-3.379192588693,7.374258462235,2.65));
#9477 = LINE('',#9478,#9479);
#9478 = CARTESIAN_POINT('',(-4.116338996335E-02,5.123243161259,2.65));
#9479 = VECTOR('',#9480,1.);
#9480 = DIRECTION('',(-0.829096732866,0.559105184694,0.));
#9481 = ORIENTED_EDGE('',*,*,#9482,.T.);
#9482 = EDGE_CURVE('',#9475,#6176,#9483,.T.);
#9483 = LINE('',#9484,#9485);
#9484 = CARTESIAN_POINT('',(-3.379192588693,7.374258462235,0.));
#9485 = VECTOR('',#9486,1.);
#9486 = DIRECTION('',(0.,0.,1.));
#9487 = ORIENTED_EDGE('',*,*,#6183,.T.);
#9488 = ORIENTED_EDGE('',*,*,#9458,.F.);
#9489 = PLANE('',#9490);
#9490 = AXIS2_PLACEMENT_3D('',#9491,#9492,#9493);
#9491 = CARTESIAN_POINT('',(-3.379192588693,7.374258462235,0.));
#9492 = DIRECTION('',(-0.559105184694,-0.829096732866,0.));
#9493 = DIRECTION('',(-0.829096732866,0.559105184694,0.));
#9494 = ADVANCED_FACE('',(#9495),#9513,.F.);
#9495 = FACE_BOUND('',#9496,.F.);
#9496 = EDGE_LOOP('',(#9497,#9505,#9511,#9512));
#9497 = ORIENTED_EDGE('',*,*,#9498,.F.);
#9498 = EDGE_CURVE('',#9499,#9475,#9501,.T.);
#9499 = VERTEX_POINT('',#9500);
#9500 = CARTESIAN_POINT('',(-3.187459059236,7.227163610706,2.65));
#9501 = LINE('',#9502,#9503);
#9502 = CARTESIAN_POINT('',(0.216875877444,4.615413107362,2.65));
#9503 = VECTOR('',#9504,1.);
#9504 = DIRECTION('',(-0.793408217167,0.608689905396,0.));
#9505 = ORIENTED_EDGE('',*,*,#9506,.T.);
#9506 = EDGE_CURVE('',#9499,#6168,#9507,.T.);
#9507 = LINE('',#9508,#9509);
#9508 = CARTESIAN_POINT('',(-3.187459059236,7.227163610706,0.));
#9509 = VECTOR('',#9510,1.);
#9510 = DIRECTION('',(0.,0.,1.));
#9511 = ORIENTED_EDGE('',*,*,#6175,.T.);
#9512 = ORIENTED_EDGE('',*,*,#9482,.F.);
#9513 = PLANE('',#9514);
#9514 = AXIS2_PLACEMENT_3D('',#9515,#9516,#9517);
#9515 = CARTESIAN_POINT('',(-3.187459059236,7.227163610706,0.));
#9516 = DIRECTION('',(-0.608689905396,-0.793408217167,0.));
#9517 = DIRECTION('',(-0.793408217167,0.608689905396,0.));
#9518 = ADVANCED_FACE('',(#9519),#9537,.F.);
#9519 = FACE_BOUND('',#9520,.F.);
#9520 = EDGE_LOOP('',(#9521,#9529,#9535,#9536));
#9521 = ORIENTED_EDGE('',*,*,#9522,.F.);
#9522 = EDGE_CURVE('',#9523,#9499,#9525,.T.);
#9523 = VERTEX_POINT('',#9524);
#9524 = CARTESIAN_POINT('',(-3.010846529583,7.071796701356,2.65));
#9525 = LINE('',#9526,#9527);
#9526 = CARTESIAN_POINT('',(0.426148672165,4.048255149711,2.65));
#9527 = VECTOR('',#9528,1.);
#9528 = DIRECTION('',(-0.75082338807,0.660503020377,0.));
#9529 = ORIENTED_EDGE('',*,*,#9530,.T.);
#9530 = EDGE_CURVE('',#9523,#6160,#9531,.T.);
#9531 = LINE('',#9532,#9533);
#9532 = CARTESIAN_POINT('',(-3.010846529583,7.071796701356,0.));
#9533 = VECTOR('',#9534,1.);
#9534 = DIRECTION('',(0.,0.,1.));
#9535 = ORIENTED_EDGE('',*,*,#6167,.T.);
#9536 = ORIENTED_EDGE('',*,*,#9506,.F.);
#9537 = PLANE('',#9538);
#9538 = AXIS2_PLACEMENT_3D('',#9539,#9540,#9541);
#9539 = CARTESIAN_POINT('',(-3.010846529583,7.071796701356,0.));
#9540 = DIRECTION('',(-0.660503020377,-0.75082338807,0.));
#9541 = DIRECTION('',(-0.75082338807,0.660503020377,0.));
#9542 = ADVANCED_FACE('',(#9543),#9561,.F.);
#9543 = FACE_BOUND('',#9544,.F.);
#9544 = EDGE_LOOP('',(#9545,#9553,#9559,#9560));
#9545 = ORIENTED_EDGE('',*,*,#9546,.F.);
#9546 = EDGE_CURVE('',#9547,#9523,#9549,.T.);
#9547 = VERTEX_POINT('',#9548);
#9548 = CARTESIAN_POINT('',(-2.851060678313,6.908055611187,2.65));
#9549 = LINE('',#9550,#9551);
#9550 = CARTESIAN_POINT('',(0.569030307708,3.403305834679,2.65));
#9551 = VECTOR('',#9552,1.);
#9552 = DIRECTION('',(-0.698409943882,0.715697946264,0.));
#9553 = ORIENTED_EDGE('',*,*,#9554,.T.);
#9554 = EDGE_CURVE('',#9547,#6152,#9555,.T.);
#9555 = LINE('',#9556,#9557);
#9556 = CARTESIAN_POINT('',(-2.851060678313,6.908055611187,0.));
#9557 = VECTOR('',#9558,1.);
#9558 = DIRECTION('',(0.,0.,1.));
#9559 = ORIENTED_EDGE('',*,*,#6159,.T.);
#9560 = ORIENTED_EDGE('',*,*,#9530,.F.);
#9561 = PLANE('',#9562);
#9562 = AXIS2_PLACEMENT_3D('',#9563,#9564,#9565);
#9563 = CARTESIAN_POINT('',(-2.851060678313,6.908055611187,0.));
#9564 = DIRECTION('',(-0.715697946264,-0.698409943882,0.));
#9565 = DIRECTION('',(-0.698409943882,0.715697946264,0.));
#9566 = ADVANCED_FACE('',(#9567),#9585,.F.);
#9567 = FACE_BOUND('',#9568,.F.);
#9568 = EDGE_LOOP('',(#9569,#9577,#9583,#9584));
#9569 = ORIENTED_EDGE('',*,*,#9570,.F.);
#9570 = EDGE_CURVE('',#9571,#9547,#9573,.T.);
#9571 = VERTEX_POINT('',#9572);
#9572 = CARTESIAN_POINT('',(-2.711088928872,6.735325356359,2.65));
#9573 = LINE('',#9574,#9575);
#9574 = CARTESIAN_POINT('',(0.608219961099,2.639176864202,2.65));
#9575 = VECTOR('',#9576,1.);
#9576 = DIRECTION('',(-0.629585346895,0.776931329639,0.));
#9577 = ORIENTED_EDGE('',*,*,#9578,.T.);
#9578 = EDGE_CURVE('',#9571,#6144,#9579,.T.);
#9579 = LINE('',#9580,#9581);
#9580 = CARTESIAN_POINT('',(-2.711088928872,6.735325356359,0.));
#9581 = VECTOR('',#9582,1.);
#9582 = DIRECTION('',(0.,0.,1.));
#9583 = ORIENTED_EDGE('',*,*,#6151,.T.);
#9584 = ORIENTED_EDGE('',*,*,#9554,.F.);
#9585 = PLANE('',#9586);
#9586 = AXIS2_PLACEMENT_3D('',#9587,#9588,#9589);
#9587 = CARTESIAN_POINT('',(-2.711088928872,6.735325356359,0.));
#9588 = DIRECTION('',(-0.776931329639,-0.629585346895,0.));
#9589 = DIRECTION('',(-0.629585346895,0.776931329639,0.));
#9590 = ADVANCED_FACE('',(#9591),#9602,.F.);
#9591 = FACE_BOUND('',#9592,.F.);
#9592 = EDGE_LOOP('',(#9593,#9599,#9600,#9601));
#9593 = ORIENTED_EDGE('',*,*,#9594,.F.);
#9594 = EDGE_CURVE('',#6287,#9571,#9595,.T.);
#9595 = LINE('',#9596,#9597);
#9596 = CARTESIAN_POINT('',(0.400623961094,1.577803499654,2.65));
#9597 = VECTOR('',#9598,1.);
#9598 = DIRECTION('',(-0.516593798596,0.856230604015,0.));
#9599 = ORIENTED_EDGE('',*,*,#6296,.T.);
#9600 = ORIENTED_EDGE('',*,*,#6143,.T.);
#9601 = ORIENTED_EDGE('',*,*,#9578,.F.);
#9602 = PLANE('',#9603);
#9603 = AXIS2_PLACEMENT_3D('',#9604,#9605,#9606);
#9604 = CARTESIAN_POINT('',(-2.599694284074,6.550693825243,0.));
#9605 = DIRECTION('',(-0.856230604015,-0.516593798596,0.));
#9606 = DIRECTION('',(-0.516593798596,0.856230604015,0.));
#9607 = ADVANCED_FACE('',(#9608),#9626,.F.);
#9608 = FACE_BOUND('',#9609,.F.);
#9609 = EDGE_LOOP('',(#9610,#9618,#9624,#9625));
#9610 = ORIENTED_EDGE('',*,*,#9611,.F.);
#9611 = EDGE_CURVE('',#9612,#6311,#9614,.T.);
#9612 = VERTEX_POINT('',#9613);
#9613 = CARTESIAN_POINT('',(-1.019790793858,7.188507325796,2.65));
#9614 = LINE('',#9615,#9616);
#9615 = CARTESIAN_POINT('',(-1.164698298561,-0.330706894698,2.65));
#9616 = VECTOR('',#9617,1.);
#9617 = DIRECTION('',(-1.926805101411E-02,-0.999814353873,0.));
#9618 = ORIENTED_EDGE('',*,*,#9619,.T.);
#9619 = EDGE_CURVE('',#9612,#6471,#9620,.T.);
#9620 = LINE('',#9621,#9622);
#9621 = CARTESIAN_POINT('',(-1.019790793858,7.188507325796,0.));
#9622 = VECTOR('',#9623,1.);
#9623 = DIRECTION('',(0.,0.,1.));
#9624 = ORIENTED_EDGE('',*,*,#6478,.T.);
#9625 = ORIENTED_EDGE('',*,*,#6318,.F.);
#9626 = PLANE('',#9627);
#9627 = AXIS2_PLACEMENT_3D('',#9628,#9629,#9630);
#9628 = CARTESIAN_POINT('',(-1.019790793858,7.188507325796,0.));
#9629 = DIRECTION('',(0.999814353873,-1.926805101411E-02,0.));
#9630 = DIRECTION('',(-1.926805101411E-02,-0.999814353873,0.));
#9631 = ADVANCED_FACE('',(#9632),#9650,.F.);
#9632 = FACE_BOUND('',#9633,.F.);
#9633 = EDGE_LOOP('',(#9634,#9642,#9648,#9649));
#9634 = ORIENTED_EDGE('',*,*,#9635,.F.);
#9635 = EDGE_CURVE('',#9636,#9612,#9638,.T.);
#9636 = VERTEX_POINT('',#9637);
#9637 = CARTESIAN_POINT('',(-0.984936830443,7.408081989201,2.65));
#9638 = LINE('',#9639,#9640);
#9639 = CARTESIAN_POINT('',(-2.198113515485,-0.234746434712,2.65));
#9640 = VECTOR('',#9641,1.);
#9641 = DIRECTION('',(-0.156771239442,-0.987634941911,0.));
#9642 = ORIENTED_EDGE('',*,*,#9643,.T.);
#9643 = EDGE_CURVE('',#9636,#6463,#9644,.T.);
#9644 = LINE('',#9645,#9646);
#9645 = CARTESIAN_POINT('',(-0.984936830443,7.408081989201,0.));
#9646 = VECTOR('',#9647,1.);
#9647 = DIRECTION('',(0.,0.,1.));
#9648 = ORIENTED_EDGE('',*,*,#6470,.T.);
#9649 = ORIENTED_EDGE('',*,*,#9619,.F.);
#9650 = PLANE('',#9651);
#9651 = AXIS2_PLACEMENT_3D('',#9652,#9653,#9654);
#9652 = CARTESIAN_POINT('',(-0.984936830443,7.408081989201,0.));
#9653 = DIRECTION('',(0.987634941911,-0.156771239442,0.));
#9654 = DIRECTION('',(-0.156771239442,-0.987634941911,0.));
#9655 = ADVANCED_FACE('',(#9656),#9674,.F.);
#9656 = FACE_BOUND('',#9657,.F.);
#9657 = EDGE_LOOP('',(#9658,#9666,#9672,#9673));
#9658 = ORIENTED_EDGE('',*,*,#9659,.F.);
#9659 = EDGE_CURVE('',#9660,#9636,#9662,.T.);
#9660 = VERTEX_POINT('',#9661);
#9661 = CARTESIAN_POINT('',(-0.928428769163,7.629778858564,2.65));
#9662 = LINE('',#9663,#9664);
#9663 = CARTESIAN_POINT('',(-2.865545854191,2.992879098218E-02,2.65));
#9664 = VECTOR('',#9665,1.);
#9665 = DIRECTION('',(-0.246991780525,-0.969017574842,0.));
#9666 = ORIENTED_EDGE('',*,*,#9667,.T.);
#9667 = EDGE_CURVE('',#9660,#6455,#9668,.T.);
#9668 = LINE('',#9669,#9670);
#9669 = CARTESIAN_POINT('',(-0.928428769163,7.629778858564,0.));
#9670 = VECTOR('',#9671,1.);
#9671 = DIRECTION('',(0.,0.,1.));
#9672 = ORIENTED_EDGE('',*,*,#6462,.T.);
#9673 = ORIENTED_EDGE('',*,*,#9643,.F.);
#9674 = PLANE('',#9675);
#9675 = AXIS2_PLACEMENT_3D('',#9676,#9677,#9678);
#9676 = CARTESIAN_POINT('',(-0.928428769163,7.629778858564,0.));
#9677 = DIRECTION('',(0.969017574842,-0.246991780525,0.));
#9678 = DIRECTION('',(-0.246991780525,-0.969017574842,0.));
#9679 = ADVANCED_FACE('',(#9680),#9714,.F.);
#9680 = FACE_BOUND('',#9681,.F.);
#9681 = EDGE_LOOP('',(#9682,#9692,#9698,#9699,#9700,#9708));
#9682 = ORIENTED_EDGE('',*,*,#9683,.F.);
#9683 = EDGE_CURVE('',#9684,#9686,#9688,.T.);
#9684 = VERTEX_POINT('',#9685);
#9685 = CARTESIAN_POINT('',(-0.853161286532,7.852636813796,0.65));
#9686 = VERTEX_POINT('',#9687);
#9687 = CARTESIAN_POINT('',(-0.870938711008,7.8,0.65));
#9688 = LINE('',#9689,#9690);
#9689 = CARTESIAN_POINT('',(-3.46285543033,0.125646613838,0.65));
#9690 = VECTOR('',#9691,1.);
#9691 = DIRECTION('',(-0.319980617636,-0.947424088958,0.));
#9692 = ORIENTED_EDGE('',*,*,#9693,.T.);
#9693 = EDGE_CURVE('',#9684,#6447,#9694,.T.);
#9694 = LINE('',#9695,#9696);
#9695 = CARTESIAN_POINT('',(-0.853161286532,7.852636813796,0.));
#9696 = VECTOR('',#9697,1.);
#9697 = DIRECTION('',(0.,0.,1.));
#9698 = ORIENTED_EDGE('',*,*,#6454,.T.);
#9699 = ORIENTED_EDGE('',*,*,#9667,.F.);
#9700 = ORIENTED_EDGE('',*,*,#9701,.F.);
#9701 = EDGE_CURVE('',#9702,#9660,#9704,.T.);
#9702 = VERTEX_POINT('',#9703);
#9703 = CARTESIAN_POINT('',(-0.870938711008,7.8,2.65));
#9704 = LINE('',#9705,#9706);
#9705 = CARTESIAN_POINT('',(-3.381746442168,0.365800563735,2.65));
#9706 = VECTOR('',#9707,1.);
#9707 = DIRECTION('',(-0.319980617636,-0.947424088958,0.));
#9708 = ORIENTED_EDGE('',*,*,#9709,.F.);
#9709 = EDGE_CURVE('',#9686,#9702,#9710,.T.);
#9710 = LINE('',#9711,#9712);
#9711 = CARTESIAN_POINT('',(-0.870938711008,7.8,0.275));
#9712 = VECTOR('',#9713,1.);
#9713 = DIRECTION('',(0.,0.,1.));
#9714 = PLANE('',#9715);
#9715 = AXIS2_PLACEMENT_3D('',#9716,#9717,#9718);
#9716 = CARTESIAN_POINT('',(-0.853161286532,7.852636813796,0.));
#9717 = DIRECTION('',(0.947424088958,-0.319980617636,0.));
#9718 = DIRECTION('',(-0.319980617636,-0.947424088958,0.));
#9719 = ADVANCED_FACE('',(#9720),#9745,.F.);
#9720 = FACE_BOUND('',#9721,.F.);
#9721 = EDGE_LOOP('',(#9722,#9732,#9738,#9739));
#9722 = ORIENTED_EDGE('',*,*,#9723,.T.);
#9723 = EDGE_CURVE('',#9724,#9726,#9728,.T.);
#9724 = VERTEX_POINT('',#9725);
#9725 = CARTESIAN_POINT('',(0.870938711008,7.8,2.65));
#9726 = VERTEX_POINT('',#9727);
#9727 = CARTESIAN_POINT('',(0.870938711008,7.8,0.65));
#9728 = LINE('',#9729,#9730);
#9729 = CARTESIAN_POINT('',(0.870938711008,7.8,0.275));
#9730 = VECTOR('',#9731,1.);
#9731 = DIRECTION('',(0.,0.,-1.));
#9732 = ORIENTED_EDGE('',*,*,#9733,.T.);
#9733 = EDGE_CURVE('',#9726,#9686,#9734,.T.);
#9734 = LINE('',#9735,#9736);
#9735 = CARTESIAN_POINT('',(-4.1,7.8,0.65));
#9736 = VECTOR('',#9737,1.);
#9737 = DIRECTION('',(-1.,0.,0.));
#9738 = ORIENTED_EDGE('',*,*,#9709,.T.);
#9739 = ORIENTED_EDGE('',*,*,#9740,.T.);
#9740 = EDGE_CURVE('',#9702,#9724,#9741,.T.);
#9741 = LINE('',#9742,#9743);
#9742 = CARTESIAN_POINT('',(-3.9,7.8,2.65));
#9743 = VECTOR('',#9744,1.);
#9744 = DIRECTION('',(1.,0.,0.));
#9745 = PLANE('',#9746);
#9746 = AXIS2_PLACEMENT_3D('',#9747,#9748,#9749);
#9747 = CARTESIAN_POINT('',(-3.9,7.8,0.55));
#9748 = DIRECTION('',(0.,1.,0.));
#9749 = DIRECTION('',(0.,0.,1.));
#9750 = ADVANCED_FACE('',(#9751),#9783,.F.);
#9751 = FACE_BOUND('',#9752,.F.);
#9752 = EDGE_LOOP('',(#9753,#9761,#9767,#9768,#9776,#9782));
#9753 = ORIENTED_EDGE('',*,*,#9754,.F.);
#9754 = EDGE_CURVE('',#9755,#9724,#9757,.T.);
#9755 = VERTEX_POINT('',#9756);
#9756 = CARTESIAN_POINT('',(0.928428769163,7.629778858564,2.65));
#9757 = LINE('',#9758,#9759);
#9758 = CARTESIAN_POINT('',(3.0200685604,1.436685232195,2.65));
#9759 = VECTOR('',#9760,1.);
#9760 = DIRECTION('',(-0.319980617636,0.947424088958,0.));
#9761 = ORIENTED_EDGE('',*,*,#9762,.T.);
#9762 = EDGE_CURVE('',#9755,#6367,#9763,.T.);
#9763 = LINE('',#9764,#9765);
#9764 = CARTESIAN_POINT('',(0.928428769163,7.629778858564,0.));
#9765 = VECTOR('',#9766,1.);
#9766 = DIRECTION('',(0.,0.,1.));
#9767 = ORIENTED_EDGE('',*,*,#6374,.T.);
#9768 = ORIENTED_EDGE('',*,*,#9769,.F.);
#9769 = EDGE_CURVE('',#9770,#6375,#9772,.T.);
#9770 = VERTEX_POINT('',#9771);
#9771 = CARTESIAN_POINT('',(0.853161286532,7.852636813796,0.65));
#9772 = LINE('',#9773,#9774);
#9773 = CARTESIAN_POINT('',(0.853161286532,7.852636813796,0.));
#9774 = VECTOR('',#9775,1.);
#9775 = DIRECTION('',(0.,0.,1.));
#9776 = ORIENTED_EDGE('',*,*,#9777,.F.);
#9777 = EDGE_CURVE('',#9726,#9770,#9778,.T.);
#9778 = LINE('',#9779,#9780);
#9779 = CARTESIAN_POINT('',(3.060222510297,1.317794220357,0.65));
#9780 = VECTOR('',#9781,1.);
#9781 = DIRECTION('',(-0.319980617636,0.947424088958,0.));
#9782 = ORIENTED_EDGE('',*,*,#9723,.F.);
#9783 = PLANE('',#9784);
#9784 = AXIS2_PLACEMENT_3D('',#9785,#9786,#9787);
#9785 = CARTESIAN_POINT('',(0.928428769163,7.629778858564,0.));
#9786 = DIRECTION('',(-0.947424088958,-0.319980617636,0.));
#9787 = DIRECTION('',(-0.319980617636,0.947424088958,0.));
#9788 = ADVANCED_FACE('',(#9789),#9807,.F.);
#9789 = FACE_BOUND('',#9790,.F.);
#9790 = EDGE_LOOP('',(#9791,#9799,#9805,#9806));
#9791 = ORIENTED_EDGE('',*,*,#9792,.F.);
#9792 = EDGE_CURVE('',#9793,#9755,#9795,.T.);
#9793 = VERTEX_POINT('',#9794);
#9794 = CARTESIAN_POINT('',(0.984936830443,7.408081989201,2.65));
#9795 = LINE('',#9796,#9797);
#9796 = CARTESIAN_POINT('',(2.655880620207,0.852503923366,2.65));
#9797 = VECTOR('',#9798,1.);
#9798 = DIRECTION('',(-0.246991780525,0.969017574842,0.));
#9799 = ORIENTED_EDGE('',*,*,#9800,.T.);
#9800 = EDGE_CURVE('',#9793,#6359,#9801,.T.);
#9801 = LINE('',#9802,#9803);
#9802 = CARTESIAN_POINT('',(0.984936830443,7.408081989201,0.));
#9803 = VECTOR('',#9804,1.);
#9804 = DIRECTION('',(0.,0.,1.));
#9805 = ORIENTED_EDGE('',*,*,#6366,.T.);
#9806 = ORIENTED_EDGE('',*,*,#9762,.F.);
#9807 = PLANE('',#9808);
#9808 = AXIS2_PLACEMENT_3D('',#9809,#9810,#9811);
#9809 = CARTESIAN_POINT('',(0.984936830443,7.408081989201,0.));
#9810 = DIRECTION('',(-0.969017574842,-0.246991780525,0.));
#9811 = DIRECTION('',(-0.246991780525,0.969017574842,0.));
#9812 = ADVANCED_FACE('',(#9813),#9831,.F.);
#9813 = FACE_BOUND('',#9814,.F.);
#9814 = EDGE_LOOP('',(#9815,#9823,#9829,#9830));
#9815 = ORIENTED_EDGE('',*,*,#9816,.F.);
#9816 = EDGE_CURVE('',#9817,#9793,#9819,.T.);
#9817 = VERTEX_POINT('',#9818);
#9818 = CARTESIAN_POINT('',(1.019790793858,7.188507325796,2.65));
#9819 = LINE('',#9820,#9821);
#9820 = CARTESIAN_POINT('',(2.119689333279,0.259313974028,2.65));
#9821 = VECTOR('',#9822,1.);
#9822 = DIRECTION('',(-0.156771239442,0.987634941911,0.));
#9823 = ORIENTED_EDGE('',*,*,#9824,.T.);
#9824 = EDGE_CURVE('',#9817,#6351,#9825,.T.);
#9825 = LINE('',#9826,#9827);
#9826 = CARTESIAN_POINT('',(1.019790793858,7.188507325796,0.));
#9827 = VECTOR('',#9828,1.);
#9828 = DIRECTION('',(0.,0.,1.));
#9829 = ORIENTED_EDGE('',*,*,#6358,.T.);
#9830 = ORIENTED_EDGE('',*,*,#9800,.F.);
#9831 = PLANE('',#9832);
#9832 = AXIS2_PLACEMENT_3D('',#9833,#9834,#9835);
#9833 = CARTESIAN_POINT('',(1.019790793858,7.188507325796,0.));
#9834 = DIRECTION('',(-0.987634941911,-0.156771239442,0.));
#9835 = DIRECTION('',(-0.156771239442,0.987634941911,0.));
#9836 = ADVANCED_FACE('',(#9837),#9848,.F.);
#9837 = FACE_BOUND('',#9838,.F.);
#9838 = EDGE_LOOP('',(#9839,#9845,#9846,#9847));
#9839 = ORIENTED_EDGE('',*,*,#9840,.F.);
#9840 = EDGE_CURVE('',#6494,#9817,#9841,.T.);
#9841 = LINE('',#9842,#9843);
#9842 = CARTESIAN_POINT('',(1.165327806522,-0.363371905537,2.65));
#9843 = VECTOR('',#9844,1.);
#9844 = DIRECTION('',(-1.926805101411E-02,0.999814353873,0.));
#9845 = ORIENTED_EDGE('',*,*,#6503,.T.);
#9846 = ORIENTED_EDGE('',*,*,#6350,.T.);
#9847 = ORIENTED_EDGE('',*,*,#9824,.F.);
#9848 = PLANE('',#9849);
#9849 = AXIS2_PLACEMENT_3D('',#9850,#9851,#9852);
#9850 = CARTESIAN_POINT('',(1.023945620541,6.972914407111,0.));
#9851 = DIRECTION('',(-0.999814353873,-1.926805101411E-02,0.));
#9852 = DIRECTION('',(-1.926805101411E-02,0.999814353873,0.));
#9853 = ADVANCED_FACE('',(#9854),#9872,.F.);
#9854 = FACE_BOUND('',#9855,.F.);
#9855 = EDGE_LOOP('',(#9856,#9864,#9870,#9871));
#9856 = ORIENTED_EDGE('',*,*,#9857,.F.);
#9857 = EDGE_CURVE('',#9858,#6518,#9860,.T.);
#9858 = VERTEX_POINT('',#9859);
#9859 = CARTESIAN_POINT('',(2.711088928872,6.735325356359,2.65));
#9860 = LINE('',#9861,#9862);
#9861 = CARTESIAN_POINT('',(-1.385716334412,-5.494207357784E-02,2.65));
#9862 = VECTOR('',#9863,1.);
#9863 = DIRECTION('',(-0.516593798596,-0.856230604015,0.));
#9864 = ORIENTED_EDGE('',*,*,#9865,.T.);
#9865 = EDGE_CURVE('',#9858,#6678,#9866,.T.);
#9866 = LINE('',#9867,#9868);
#9867 = CARTESIAN_POINT('',(2.711088928872,6.735325356359,0.));
#9868 = VECTOR('',#9869,1.);
#9869 = DIRECTION('',(0.,0.,1.));
#9870 = ORIENTED_EDGE('',*,*,#6685,.T.);
#9871 = ORIENTED_EDGE('',*,*,#6525,.F.);
#9872 = PLANE('',#9873);
#9873 = AXIS2_PLACEMENT_3D('',#9874,#9875,#9876);
#9874 = CARTESIAN_POINT('',(2.711088928872,6.735325356359,0.));
#9875 = DIRECTION('',(0.856230604015,-0.516593798596,0.));
#9876 = DIRECTION('',(-0.516593798596,-0.856230604015,0.));
#9877 = ADVANCED_FACE('',(#9878),#9896,.F.);
#9878 = FACE_BOUND('',#9879,.F.);
#9879 = EDGE_LOOP('',(#9880,#9888,#9894,#9895));
#9880 = ORIENTED_EDGE('',*,*,#9881,.F.);
#9881 = EDGE_CURVE('',#9882,#9858,#9884,.T.);
#9882 = VERTEX_POINT('',#9883);
#9883 = CARTESIAN_POINT('',(2.851060678313,6.908055611187,2.65));
#9884 = LINE('',#9885,#9886);
#9885 = CARTESIAN_POINT('',(-2.084107151576,0.817878126946,2.65));
#9886 = VECTOR('',#9887,1.);
#9887 = DIRECTION('',(-0.629585346895,-0.776931329639,0.));
#9888 = ORIENTED_EDGE('',*,*,#9889,.T.);
#9889 = EDGE_CURVE('',#9882,#6670,#9890,.T.);
#9890 = LINE('',#9891,#9892);
#9891 = CARTESIAN_POINT('',(2.851060678313,6.908055611187,0.));
#9892 = VECTOR('',#9893,1.);
#9893 = DIRECTION('',(0.,0.,1.));
#9894 = ORIENTED_EDGE('',*,*,#6677,.T.);
#9895 = ORIENTED_EDGE('',*,*,#9865,.F.);
#9896 = PLANE('',#9897);
#9897 = AXIS2_PLACEMENT_3D('',#9898,#9899,#9900);
#9898 = CARTESIAN_POINT('',(2.851060678313,6.908055611187,0.));
#9899 = DIRECTION('',(0.776931329639,-0.629585346895,0.));
#9900 = DIRECTION('',(-0.629585346895,-0.776931329639,0.));
#9901 = ADVANCED_FACE('',(#9902),#9920,.F.);
#9902 = FACE_BOUND('',#9903,.F.);
#9903 = EDGE_LOOP('',(#9904,#9912,#9918,#9919));
#9904 = ORIENTED_EDGE('',*,*,#9905,.F.);
#9905 = EDGE_CURVE('',#9906,#9882,#9908,.T.);
#9906 = VERTEX_POINT('',#9907);
#9907 = CARTESIAN_POINT('',(3.010846529583,7.071796701356,2.65));
#9908 = LINE('',#9909,#9910);
#9909 = CARTESIAN_POINT('',(-2.391465535955,1.535759186065,2.65));
#9910 = VECTOR('',#9911,1.);
#9911 = DIRECTION('',(-0.698409943882,-0.715697946264,0.));
#9912 = ORIENTED_EDGE('',*,*,#9913,.T.);
#9913 = EDGE_CURVE('',#9906,#6662,#9914,.T.);
#9914 = LINE('',#9915,#9916);
#9915 = CARTESIAN_POINT('',(3.010846529583,7.071796701356,0.));
#9916 = VECTOR('',#9917,1.);
#9917 = DIRECTION('',(0.,0.,1.));
#9918 = ORIENTED_EDGE('',*,*,#6669,.T.);
#9919 = ORIENTED_EDGE('',*,*,#9889,.F.);
#9920 = PLANE('',#9921);
#9921 = AXIS2_PLACEMENT_3D('',#9922,#9923,#9924);
#9922 = CARTESIAN_POINT('',(3.010846529583,7.071796701356,0.));
#9923 = DIRECTION('',(0.715697946264,-0.698409943882,0.));
#9924 = DIRECTION('',(-0.698409943882,-0.715697946264,0.));
#9925 = ADVANCED_FACE('',(#9926),#9944,.F.);
#9926 = FACE_BOUND('',#9927,.F.);
#9927 = EDGE_LOOP('',(#9928,#9936,#9942,#9943));
#9928 = ORIENTED_EDGE('',*,*,#9929,.F.);
#9929 = EDGE_CURVE('',#9930,#9906,#9932,.T.);
#9930 = VERTEX_POINT('',#9931);
#9931 = CARTESIAN_POINT('',(3.187459059236,7.227163610706,2.65));
#9932 = LINE('',#9933,#9934);
#9933 = CARTESIAN_POINT('',(-2.536411871622,2.191846253586,2.65));
#9934 = VECTOR('',#9935,1.);
#9935 = DIRECTION('',(-0.75082338807,-0.660503020377,0.));
#9936 = ORIENTED_EDGE('',*,*,#9937,.T.);
#9937 = EDGE_CURVE('',#9930,#6654,#9938,.T.);
#9938 = LINE('',#9939,#9940);
#9939 = CARTESIAN_POINT('',(3.187459059236,7.227163610706,0.));
#9940 = VECTOR('',#9941,1.);
#9941 = DIRECTION('',(0.,0.,1.));
#9942 = ORIENTED_EDGE('',*,*,#6661,.T.);
#9943 = ORIENTED_EDGE('',*,*,#9913,.F.);
#9944 = PLANE('',#9945);
#9945 = AXIS2_PLACEMENT_3D('',#9946,#9947,#9948);
#9946 = CARTESIAN_POINT('',(3.187459059236,7.227163610706,0.));
#9947 = DIRECTION('',(0.660503020377,-0.75082338807,0.));
#9948 = DIRECTION('',(-0.75082338807,-0.660503020377,0.));
#9949 = ADVANCED_FACE('',(#9950),#9968,.F.);
#9950 = FACE_BOUND('',#9951,.F.);
#9951 = EDGE_LOOP('',(#9952,#9960,#9966,#9967));
#9952 = ORIENTED_EDGE('',*,*,#9953,.F.);
#9953 = EDGE_CURVE('',#9954,#9930,#9956,.T.);
#9954 = VERTEX_POINT('',#9955);
#9955 = CARTESIAN_POINT('',(3.379192588693,7.374258462235,2.65));
#9956 = LINE('',#9957,#9958);
#9957 = CARTESIAN_POINT('',(-2.576045849084,2.805496199799,2.65));
#9958 = VECTOR('',#9959,1.);
#9959 = DIRECTION('',(-0.793408217168,-0.608689905396,0.));
#9960 = ORIENTED_EDGE('',*,*,#9961,.T.);
#9961 = EDGE_CURVE('',#9954,#6646,#9962,.T.);
#9962 = LINE('',#9963,#9964);
#9963 = CARTESIAN_POINT('',(3.379192588693,7.374258462235,0.));
#9964 = VECTOR('',#9965,1.);
#9965 = DIRECTION('',(0.,0.,1.));
#9966 = ORIENTED_EDGE('',*,*,#6653,.T.);
#9967 = ORIENTED_EDGE('',*,*,#9937,.F.);
#9968 = PLANE('',#9969);
#9969 = AXIS2_PLACEMENT_3D('',#9970,#9971,#9972);
#9970 = CARTESIAN_POINT('',(3.379192588693,7.374258462235,0.));
#9971 = DIRECTION('',(0.608689905396,-0.793408217168,0.));
#9972 = DIRECTION('',(-0.793408217168,-0.608689905396,0.));
#9973 = ADVANCED_FACE('',(#9974),#9992,.F.);
#9974 = FACE_BOUND('',#9975,.F.);
#9975 = EDGE_LOOP('',(#9976,#9984,#9990,#9991));
#9976 = ORIENTED_EDGE('',*,*,#9977,.F.);
#9977 = EDGE_CURVE('',#9978,#9954,#9980,.T.);
#9978 = VERTEX_POINT('',#9979);
#9979 = CARTESIAN_POINT('',(3.584881500747,7.512965723529,2.65));
#9980 = LINE('',#9981,#9982);
#9981 = CARTESIAN_POINT('',(-2.536857584558,3.38474289227,2.65));
#9982 = VECTOR('',#9983,1.);
#9983 = DIRECTION('',(-0.829096732866,-0.559105184694,0.));
#9984 = ORIENTED_EDGE('',*,*,#9985,.T.);
#9985 = EDGE_CURVE('',#9978,#6638,#9986,.T.);
#9986 = LINE('',#9987,#9988);
#9987 = CARTESIAN_POINT('',(3.584881500747,7.512965723529,0.));
#9988 = VECTOR('',#9989,1.);
#9989 = DIRECTION('',(0.,0.,1.));
#9990 = ORIENTED_EDGE('',*,*,#6645,.T.);
#9991 = ORIENTED_EDGE('',*,*,#9961,.F.);
#9992 = PLANE('',#9993);
#9993 = AXIS2_PLACEMENT_3D('',#9994,#9995,#9996);
#9994 = CARTESIAN_POINT('',(3.584881500747,7.512965723529,0.));
#9995 = DIRECTION('',(0.559105184694,-0.829096732866,0.));
#9996 = DIRECTION('',(-0.829096732866,-0.559105184694,0.));
#9997 = ADVANCED_FACE('',(#9998),#10016,.F.);
#9998 = FACE_BOUND('',#9999,.F.);
#9999 = EDGE_LOOP('',(#10000,#10008,#10014,#10015));
#10000 = ORIENTED_EDGE('',*,*,#10001,.F.);
#10001 = EDGE_CURVE('',#10002,#9978,#10004,.T.);
#10002 = VERTEX_POINT('',#10003);
#10003 = CARTESIAN_POINT('',(3.803638807704,7.643056828569,2.65));
#10004 = LINE('',#10005,#10006);
#10005 = CARTESIAN_POINT('',(-2.43408450811,3.933592992245,2.65));
#10006 = VECTOR('',#10007,1.);
#10007 = DIRECTION('',(-0.859502759992,-0.511131104088,0.));
#10008 = ORIENTED_EDGE('',*,*,#10009,.T.);
#10009 = EDGE_CURVE('',#10002,#6630,#10010,.T.);
#10010 = LINE('',#10011,#10012);
#10011 = CARTESIAN_POINT('',(3.803638807704,7.643056828569,0.));
#10012 = VECTOR('',#10013,1.);
#10013 = DIRECTION('',(0.,0.,1.));
#10014 = ORIENTED_EDGE('',*,*,#6637,.T.);
#10015 = ORIENTED_EDGE('',*,*,#9985,.F.);
#10016 = PLANE('',#10017);
#10017 = AXIS2_PLACEMENT_3D('',#10018,#10019,#10020);
#10018 = CARTESIAN_POINT('',(3.803638807704,7.643056828569,0.));
#10019 = DIRECTION('',(0.511131104088,-0.859502759992,0.));
#10020 = DIRECTION('',(-0.859502759992,-0.511131104088,0.));
#10021 = ADVANCED_FACE('',(#10022),#10056,.F.);
#10022 = FACE_BOUND('',#10023,.F.);
#10023 = EDGE_LOOP('',(#10024,#10034,#10040,#10041,#10042,#10050));
#10024 = ORIENTED_EDGE('',*,*,#10025,.F.);
#10025 = EDGE_CURVE('',#10026,#10028,#10030,.T.);
#10026 = VERTEX_POINT('',#10027);
#10027 = CARTESIAN_POINT('',(4.034737167929,7.764238274662,0.65));
#10028 = VERTEX_POINT('',#10029);
#10029 = CARTESIAN_POINT('',(3.9,7.69358591332,0.65));
#10030 = LINE('',#10031,#10032);
#10031 = CARTESIAN_POINT('',(-2.516785063152,4.328805252552,0.65));
#10032 = VECTOR('',#10033,1.);
#10033 = DIRECTION('',(-0.885626795624,-0.464397651666,0.));
#10034 = ORIENTED_EDGE('',*,*,#10035,.T.);
#10035 = EDGE_CURVE('',#10026,#6622,#10036,.T.);
#10036 = LINE('',#10037,#10038);
#10037 = CARTESIAN_POINT('',(4.034737167929,7.764238274662,0.));
#10038 = VECTOR('',#10039,1.);
#10039 = DIRECTION('',(0.,0.,1.));
#10040 = ORIENTED_EDGE('',*,*,#6629,.T.);
#10041 = ORIENTED_EDGE('',*,*,#10009,.F.);
#10042 = ORIENTED_EDGE('',*,*,#10043,.F.);
#10043 = EDGE_CURVE('',#10044,#10002,#10046,.T.);
#10044 = VERTEX_POINT('',#10045);
#10045 = CARTESIAN_POINT('',(3.9,7.69358591332,2.65));
#10046 = LINE('',#10047,#10048);
#10047 = CARTESIAN_POINT('',(-2.277661498099,4.454194889154,2.65));
#10048 = VECTOR('',#10049,1.);
#10049 = DIRECTION('',(-0.885626795624,-0.464397651666,0.));
#10050 = ORIENTED_EDGE('',*,*,#10051,.F.);
#10051 = EDGE_CURVE('',#10028,#10044,#10052,.T.);
#10052 = LINE('',#10053,#10054);
#10053 = CARTESIAN_POINT('',(3.9,7.69358591332,0.275));
#10054 = VECTOR('',#10055,1.);
#10055 = DIRECTION('',(0.,0.,1.));
#10056 = PLANE('',#10057);
#10057 = AXIS2_PLACEMENT_3D('',#10058,#10059,#10060);
#10058 = CARTESIAN_POINT('',(4.034737167929,7.764238274662,0.));
#10059 = DIRECTION('',(0.464397651666,-0.885626795624,0.));
#10060 = DIRECTION('',(-0.885626795624,-0.464397651666,0.));
#10061 = ADVANCED_FACE('',(#10062),#10078,.F.);
#10062 = FACE_BOUND('',#10063,.F.);
#10063 = EDGE_LOOP('',(#10064,#10070,#10071,#10077));
#10064 = ORIENTED_EDGE('',*,*,#10065,.F.);
#10065 = EDGE_CURVE('',#6727,#10044,#10066,.T.);
#10066 = LINE('',#10067,#10068);
#10067 = CARTESIAN_POINT('',(3.9,-7.8,2.65));
#10068 = VECTOR('',#10069,1.);
#10069 = DIRECTION('',(0.,1.,0.));
#10070 = ORIENTED_EDGE('',*,*,#6726,.T.);
#10071 = ORIENTED_EDGE('',*,*,#10072,.T.);
#10072 = EDGE_CURVE('',#6719,#10028,#10073,.T.);
#10073 = LINE('',#10074,#10075);
#10074 = CARTESIAN_POINT('',(3.9,-8.,0.65));
#10075 = VECTOR('',#10076,1.);
#10076 = DIRECTION('',(0.,1.,0.));
#10077 = ORIENTED_EDGE('',*,*,#10051,.T.);
#10078 = PLANE('',#10079);
#10079 = AXIS2_PLACEMENT_3D('',#10080,#10081,#10082);
#10080 = CARTESIAN_POINT('',(3.9,-7.8,0.55));
#10081 = DIRECTION('',(1.,0.,0.));
#10082 = DIRECTION('',(0.,0.,1.));
#10083 = ADVANCED_FACE('',(#10084),#10165,.T.);
#10084 = FACE_BOUND('',#10085,.T.);
#10085 = EDGE_LOOP('',(#10086,#10096,#10102,#10103,#10111,#10119,#10127,
    #10135,#10143,#10151,#10159));
#10086 = ORIENTED_EDGE('',*,*,#10087,.F.);
#10087 = EDGE_CURVE('',#10088,#10090,#10092,.T.);
#10088 = VERTEX_POINT('',#10089);
#10089 = CARTESIAN_POINT('',(-4.3,7.61108870716,0.));
#10090 = VERTEX_POINT('',#10091);
#10091 = CARTESIAN_POINT('',(-4.706659002928,7.376304022351,0.));
#10092 = LINE('',#10093,#10094);
#10093 = CARTESIAN_POINT('',(-4.034737167929,7.764238274662,0.));
#10094 = VECTOR('',#10095,1.);
#10095 = DIRECTION('',(-0.866025403784,-0.5,0.));
#10096 = ORIENTED_EDGE('',*,*,#10097,.T.);
#10097 = EDGE_CURVE('',#10088,#6074,#10098,.T.);
#10098 = LINE('',#10099,#10100);
#10099 = CARTESIAN_POINT('',(-4.3,-4.1,0.));
#10100 = VECTOR('',#10101,1.);
#10101 = DIRECTION('',(0.,-1.,0.));
#10102 = ORIENTED_EDGE('',*,*,#6071,.F.);
#10103 = ORIENTED_EDGE('',*,*,#10104,.F.);
#10104 = EDGE_CURVE('',#10105,#6072,#10107,.T.);
#10105 = VERTEX_POINT('',#10106);
#10106 = CARTESIAN_POINT('',(-4.477418396924,5.715534562501,0.));
#10107 = LINE('',#10108,#10109);
#10108 = CARTESIAN_POINT('',(-4.477418396924,5.715534562501,0.));
#10109 = VECTOR('',#10110,1.);
#10110 = DIRECTION('',(0.483220555277,-0.875498655029,0.));
#10111 = ORIENTED_EDGE('',*,*,#10112,.F.);
#10112 = EDGE_CURVE('',#10113,#10105,#10115,.T.);
#10113 = VERTEX_POINT('',#10114);
#10114 = CARTESIAN_POINT('',(-4.557021310887,5.923118780744,0.));
#10115 = LINE('',#10116,#10117);
#10116 = CARTESIAN_POINT('',(-4.557021310887,5.923118780744,0.));
#10117 = VECTOR('',#10118,1.);
#10118 = DIRECTION('',(0.358049595016,-0.933702569081,0.));
#10119 = ORIENTED_EDGE('',*,*,#10120,.F.);
#10120 = EDGE_CURVE('',#10121,#10113,#10123,.T.);
#10121 = VERTEX_POINT('',#10122);
#10122 = CARTESIAN_POINT('',(-4.618932328982,6.143367932193,0.));
#10123 = LINE('',#10124,#10125);
#10124 = CARTESIAN_POINT('',(-4.618932328982,6.143367932193,0.));
#10125 = VECTOR('',#10126,1.);
#10126 = DIRECTION('',(0.27060763096,-0.96268972679,0.));
#10127 = ORIENTED_EDGE('',*,*,#10128,.F.);
#10128 = EDGE_CURVE('',#10129,#10121,#10131,.T.);
#10129 = VERTEX_POINT('',#10130);
#10130 = CARTESIAN_POINT('',(-4.66517775456,6.374002324174,0.));
#10131 = LINE('',#10132,#10133);
#10132 = CARTESIAN_POINT('',(-4.66517775456,6.374002324174,0.));
#10133 = VECTOR('',#10134,1.);
#10134 = DIRECTION('',(0.196600700888,-0.980483638013,0.));
#10135 = ORIENTED_EDGE('',*,*,#10136,.F.);
#10136 = EDGE_CURVE('',#10137,#10129,#10139,.T.);
#10137 = VERTEX_POINT('',#10138);
#10138 = CARTESIAN_POINT('',(-4.696698868022,6.613595857206,0.));
#10139 = LINE('',#10140,#10141);
#10140 = CARTESIAN_POINT('',(-4.696698868022,6.613595857206,0.));
#10141 = VECTOR('',#10142,1.);
#10142 = DIRECTION('',(0.130436812516,-0.991456624336,0.));
#10143 = ORIENTED_EDGE('',*,*,#10144,.F.);
#10144 = EDGE_CURVE('',#10145,#10137,#10147,.T.);
#10145 = VERTEX_POINT('',#10146);
#10146 = CARTESIAN_POINT('',(-4.713978423964,6.861081310968,0.));
#10147 = LINE('',#10148,#10149);
#10148 = CARTESIAN_POINT('',(-4.713978423964,6.861081310968,0.));
#10149 = VECTOR('',#10150,1.);
#10150 = DIRECTION('',(6.965092689979E-02,-0.997571425203,0.));
#10151 = ORIENTED_EDGE('',*,*,#10152,.F.);
#10152 = EDGE_CURVE('',#10153,#10145,#10155,.T.);
#10153 = VERTEX_POINT('',#10154);
#10154 = CARTESIAN_POINT('',(-4.717261972257,7.115576248577,0.));
#10155 = LINE('',#10156,#10157);
#10156 = CARTESIAN_POINT('',(-4.717261972257,7.115576248577,0.));
#10157 = VECTOR('',#10158,1.);
#10158 = DIRECTION('',(1.290114080913E-02,-0.99991677682,0.));
#10159 = ORIENTED_EDGE('',*,*,#10160,.F.);
#10160 = EDGE_CURVE('',#10090,#10153,#10161,.T.);
#10161 = LINE('',#10162,#10163);
#10162 = CARTESIAN_POINT('',(-4.706659002928,7.376304022351,0.));
#10163 = VECTOR('',#10164,1.);
#10164 = DIRECTION('',(-4.06332340113E-02,-0.999174129116,0.));
#10165 = PLANE('',#10166);
#10166 = AXIS2_PLACEMENT_3D('',#10167,#10168,#10169);
#10167 = CARTESIAN_POINT('',(-9.E-16,-1.E-17,0.));
#10168 = DIRECTION('',(-0.,-0.,-1.));
#10169 = DIRECTION('',(-1.,0.,0.));
#10170 = ADVANCED_FACE('',(#10171),#10189,.T.);
#10171 = FACE_BOUND('',#10172,.T.);
#10172 = EDGE_LOOP('',(#10173,#10181,#10182,#10183));
#10173 = ORIENTED_EDGE('',*,*,#10174,.F.);
#10174 = EDGE_CURVE('',#6113,#10175,#10177,.T.);
#10175 = VERTEX_POINT('',#10176);
#10176 = CARTESIAN_POINT('',(-4.3,7.61108870716,0.65));
#10177 = LINE('',#10178,#10179);
#10178 = CARTESIAN_POINT('',(-4.3,-8.2,0.65));
#10179 = VECTOR('',#10180,1.);
#10180 = DIRECTION('',(0.,1.,0.));
#10181 = ORIENTED_EDGE('',*,*,#6120,.T.);
#10182 = ORIENTED_EDGE('',*,*,#10097,.F.);
#10183 = ORIENTED_EDGE('',*,*,#10184,.T.);
#10184 = EDGE_CURVE('',#10088,#10175,#10185,.T.);
#10185 = LINE('',#10186,#10187);
#10186 = CARTESIAN_POINT('',(-4.3,7.61108870716,-7.5E-02));
#10187 = VECTOR('',#10188,1.);
#10188 = DIRECTION('',(0.,0.,1.));
#10189 = PLANE('',#10190);
#10190 = AXIS2_PLACEMENT_3D('',#10191,#10192,#10193);
#10191 = CARTESIAN_POINT('',(-4.3,-8.2,-0.15));
#10192 = DIRECTION('',(1.,0.,0.));
#10193 = DIRECTION('',(0.,0.,1.));
#10194 = ADVANCED_FACE('',(#10195),#10207,.F.);
#10195 = FACE_BOUND('',#10196,.F.);
#10196 = EDGE_LOOP('',(#10197,#10198,#10199,#10200,#10201));
#10197 = ORIENTED_EDGE('',*,*,#10174,.F.);
#10198 = ORIENTED_EDGE('',*,*,#6112,.T.);
#10199 = ORIENTED_EDGE('',*,*,#9390,.T.);
#10200 = ORIENTED_EDGE('',*,*,#9435,.T.);
#10201 = ORIENTED_EDGE('',*,*,#10202,.T.);
#10202 = EDGE_CURVE('',#9428,#10175,#10203,.T.);
#10203 = LINE('',#10204,#10205);
#10204 = CARTESIAN_POINT('',(-7.590569704437,5.711277402516,0.65));
#10205 = VECTOR('',#10206,1.);
#10206 = DIRECTION('',(-0.866025403784,-0.5,0.));
#10207 = PLANE('',#10208);
#10208 = AXIS2_PLACEMENT_3D('',#10209,#10210,#10211);
#10209 = CARTESIAN_POINT('',(-4.3,-8.2,0.65));
#10210 = DIRECTION('',(0.,0.,1.));
#10211 = DIRECTION('',(1.,0.,0.));
#10212 = ADVANCED_FACE('',(#10213),#10224,.F.);
#10213 = FACE_BOUND('',#10214,.F.);
#10214 = EDGE_LOOP('',(#10215,#10221,#10222,#10223));
#10215 = ORIENTED_EDGE('',*,*,#10216,.T.);
#10216 = EDGE_CURVE('',#10105,#6264,#10217,.T.);
#10217 = LINE('',#10218,#10219);
#10218 = CARTESIAN_POINT('',(-4.477418396924,5.715534562501,0.));
#10219 = VECTOR('',#10220,1.);
#10220 = DIRECTION('',(0.,0.,1.));
#10221 = ORIENTED_EDGE('',*,*,#6271,.T.);
#10222 = ORIENTED_EDGE('',*,*,#6081,.F.);
#10223 = ORIENTED_EDGE('',*,*,#10104,.F.);
#10224 = PLANE('',#10225);
#10225 = AXIS2_PLACEMENT_3D('',#10226,#10227,#10228);
#10226 = CARTESIAN_POINT('',(-4.477418396924,5.715534562501,0.));
#10227 = DIRECTION('',(0.875498655029,0.483220555277,0.));
#10228 = DIRECTION('',(0.483220555277,-0.875498655029,0.));
#10229 = ADVANCED_FACE('',(#10230),#10241,.F.);
#10230 = FACE_BOUND('',#10231,.F.);
#10231 = EDGE_LOOP('',(#10232,#10238,#10239,#10240));
#10232 = ORIENTED_EDGE('',*,*,#10233,.T.);
#10233 = EDGE_CURVE('',#10113,#6256,#10234,.T.);
#10234 = LINE('',#10235,#10236);
#10235 = CARTESIAN_POINT('',(-4.557021310887,5.923118780744,0.));
#10236 = VECTOR('',#10237,1.);
#10237 = DIRECTION('',(0.,0.,1.));
#10238 = ORIENTED_EDGE('',*,*,#6263,.T.);
#10239 = ORIENTED_EDGE('',*,*,#10216,.F.);
#10240 = ORIENTED_EDGE('',*,*,#10112,.F.);
#10241 = PLANE('',#10242);
#10242 = AXIS2_PLACEMENT_3D('',#10243,#10244,#10245);
#10243 = CARTESIAN_POINT('',(-4.557021310887,5.923118780744,0.));
#10244 = DIRECTION('',(0.933702569081,0.358049595016,0.));
#10245 = DIRECTION('',(0.358049595016,-0.933702569081,0.));
#10246 = ADVANCED_FACE('',(#10247),#10258,.F.);
#10247 = FACE_BOUND('',#10248,.F.);
#10248 = EDGE_LOOP('',(#10249,#10255,#10256,#10257));
#10249 = ORIENTED_EDGE('',*,*,#10250,.T.);
#10250 = EDGE_CURVE('',#10121,#6248,#10251,.T.);
#10251 = LINE('',#10252,#10253);
#10252 = CARTESIAN_POINT('',(-4.618932328982,6.143367932193,0.));
#10253 = VECTOR('',#10254,1.);
#10254 = DIRECTION('',(0.,0.,1.));
#10255 = ORIENTED_EDGE('',*,*,#6255,.T.);
#10256 = ORIENTED_EDGE('',*,*,#10233,.F.);
#10257 = ORIENTED_EDGE('',*,*,#10120,.F.);
#10258 = PLANE('',#10259);
#10259 = AXIS2_PLACEMENT_3D('',#10260,#10261,#10262);
#10260 = CARTESIAN_POINT('',(-4.618932328982,6.143367932193,0.));
#10261 = DIRECTION('',(0.96268972679,0.27060763096,0.));
#10262 = DIRECTION('',(0.27060763096,-0.96268972679,0.));
#10263 = ADVANCED_FACE('',(#10264),#10275,.F.);
#10264 = FACE_BOUND('',#10265,.F.);
#10265 = EDGE_LOOP('',(#10266,#10272,#10273,#10274));
#10266 = ORIENTED_EDGE('',*,*,#10267,.T.);
#10267 = EDGE_CURVE('',#10129,#6240,#10268,.T.);
#10268 = LINE('',#10269,#10270);
#10269 = CARTESIAN_POINT('',(-4.66517775456,6.374002324174,0.));
#10270 = VECTOR('',#10271,1.);
#10271 = DIRECTION('',(0.,0.,1.));
#10272 = ORIENTED_EDGE('',*,*,#6247,.T.);
#10273 = ORIENTED_EDGE('',*,*,#10250,.F.);
#10274 = ORIENTED_EDGE('',*,*,#10128,.F.);
#10275 = PLANE('',#10276);
#10276 = AXIS2_PLACEMENT_3D('',#10277,#10278,#10279);
#10277 = CARTESIAN_POINT('',(-4.66517775456,6.374002324174,0.));
#10278 = DIRECTION('',(0.980483638013,0.196600700888,0.));
#10279 = DIRECTION('',(0.196600700888,-0.980483638013,0.));
#10280 = ADVANCED_FACE('',(#10281),#10292,.F.);
#10281 = FACE_BOUND('',#10282,.F.);
#10282 = EDGE_LOOP('',(#10283,#10289,#10290,#10291));
#10283 = ORIENTED_EDGE('',*,*,#10284,.T.);
#10284 = EDGE_CURVE('',#10137,#6232,#10285,.T.);
#10285 = LINE('',#10286,#10287);
#10286 = CARTESIAN_POINT('',(-4.696698868022,6.613595857206,0.));
#10287 = VECTOR('',#10288,1.);
#10288 = DIRECTION('',(0.,0.,1.));
#10289 = ORIENTED_EDGE('',*,*,#6239,.T.);
#10290 = ORIENTED_EDGE('',*,*,#10267,.F.);
#10291 = ORIENTED_EDGE('',*,*,#10136,.F.);
#10292 = PLANE('',#10293);
#10293 = AXIS2_PLACEMENT_3D('',#10294,#10295,#10296);
#10294 = CARTESIAN_POINT('',(-4.696698868022,6.613595857206,0.));
#10295 = DIRECTION('',(0.991456624336,0.130436812516,0.));
#10296 = DIRECTION('',(0.130436812516,-0.991456624336,0.));
#10297 = ADVANCED_FACE('',(#10298),#10309,.F.);
#10298 = FACE_BOUND('',#10299,.F.);
#10299 = EDGE_LOOP('',(#10300,#10306,#10307,#10308));
#10300 = ORIENTED_EDGE('',*,*,#10301,.T.);
#10301 = EDGE_CURVE('',#10145,#6224,#10302,.T.);
#10302 = LINE('',#10303,#10304);
#10303 = CARTESIAN_POINT('',(-4.713978423964,6.861081310968,0.));
#10304 = VECTOR('',#10305,1.);
#10305 = DIRECTION('',(0.,0.,1.));
#10306 = ORIENTED_EDGE('',*,*,#6231,.T.);
#10307 = ORIENTED_EDGE('',*,*,#10284,.F.);
#10308 = ORIENTED_EDGE('',*,*,#10144,.F.);
#10309 = PLANE('',#10310);
#10310 = AXIS2_PLACEMENT_3D('',#10311,#10312,#10313);
#10311 = CARTESIAN_POINT('',(-4.713978423964,6.861081310968,0.));
#10312 = DIRECTION('',(0.997571425203,6.965092689979E-02,0.));
#10313 = DIRECTION('',(6.965092689979E-02,-0.997571425203,0.));
#10314 = ADVANCED_FACE('',(#10315),#10326,.F.);
#10315 = FACE_BOUND('',#10316,.F.);
#10316 = EDGE_LOOP('',(#10317,#10323,#10324,#10325));
#10317 = ORIENTED_EDGE('',*,*,#10318,.T.);
#10318 = EDGE_CURVE('',#10153,#6216,#10319,.T.);
#10319 = LINE('',#10320,#10321);
#10320 = CARTESIAN_POINT('',(-4.717261972257,7.115576248577,0.));
#10321 = VECTOR('',#10322,1.);
#10322 = DIRECTION('',(0.,0.,1.));
#10323 = ORIENTED_EDGE('',*,*,#6223,.T.);
#10324 = ORIENTED_EDGE('',*,*,#10301,.F.);
#10325 = ORIENTED_EDGE('',*,*,#10152,.F.);
#10326 = PLANE('',#10327);
#10327 = AXIS2_PLACEMENT_3D('',#10328,#10329,#10330);
#10328 = CARTESIAN_POINT('',(-4.717261972257,7.115576248577,0.));
#10329 = DIRECTION('',(0.99991677682,1.290114080913E-02,0.));
#10330 = DIRECTION('',(1.290114080913E-02,-0.99991677682,0.));
#10331 = ADVANCED_FACE('',(#10332),#10343,.F.);
#10332 = FACE_BOUND('',#10333,.F.);
#10333 = EDGE_LOOP('',(#10334,#10340,#10341,#10342));
#10334 = ORIENTED_EDGE('',*,*,#10335,.T.);
#10335 = EDGE_CURVE('',#10090,#6208,#10336,.T.);
#10336 = LINE('',#10337,#10338);
#10337 = CARTESIAN_POINT('',(-4.706659002928,7.376304022351,0.));
#10338 = VECTOR('',#10339,1.);
#10339 = DIRECTION('',(0.,0.,1.));
#10340 = ORIENTED_EDGE('',*,*,#6215,.T.);
#10341 = ORIENTED_EDGE('',*,*,#10318,.F.);
#10342 = ORIENTED_EDGE('',*,*,#10160,.F.);
#10343 = PLANE('',#10344);
#10344 = AXIS2_PLACEMENT_3D('',#10345,#10346,#10347);
#10345 = CARTESIAN_POINT('',(-4.706659002928,7.376304022351,0.));
#10346 = DIRECTION('',(0.999174129116,-4.06332340113E-02,0.));
#10347 = DIRECTION('',(-4.06332340113E-02,-0.999174129116,0.));
#10348 = ADVANCED_FACE('',(#10349),#10357,.F.);
#10349 = FACE_BOUND('',#10350,.F.);
#10350 = EDGE_LOOP('',(#10351,#10352,#10353,#10354,#10355,#10356));
#10351 = ORIENTED_EDGE('',*,*,#10202,.F.);
#10352 = ORIENTED_EDGE('',*,*,#9427,.T.);
#10353 = ORIENTED_EDGE('',*,*,#6207,.T.);
#10354 = ORIENTED_EDGE('',*,*,#10335,.F.);
#10355 = ORIENTED_EDGE('',*,*,#10087,.F.);
#10356 = ORIENTED_EDGE('',*,*,#10184,.T.);
#10357 = PLANE('',#10358);
#10358 = AXIS2_PLACEMENT_3D('',#10359,#10360,#10361);
#10359 = CARTESIAN_POINT('',(-4.034737167929,7.764238274662,0.));
#10360 = DIRECTION('',(0.5,-0.866025403784,0.));
#10361 = DIRECTION('',(-0.866025403784,-0.5,0.));
#10362 = ADVANCED_FACE('',(#10363),#10381,.F.);
#10363 = FACE_BOUND('',#10364,.F.);
#10364 = EDGE_LOOP('',(#10365,#10373,#10379,#10380));
#10365 = ORIENTED_EDGE('',*,*,#10366,.F.);
#10366 = EDGE_CURVE('',#10367,#9684,#10369,.T.);
#10367 = VERTEX_POINT('',#10368);
#10368 = CARTESIAN_POINT('',(-0.760662605029,8.075891456714,0.65));
#10369 = LINE('',#10370,#10371);
#10370 = CARTESIAN_POINT('',(-3.897654424218,0.504453928553,0.65));
#10371 = VECTOR('',#10372,1.);
#10372 = DIRECTION('',(-0.38276671894,-0.923845029684,0.));
#10373 = ORIENTED_EDGE('',*,*,#10374,.T.);
#10374 = EDGE_CURVE('',#10367,#6439,#10375,.T.);
#10375 = LINE('',#10376,#10377);
#10376 = CARTESIAN_POINT('',(-0.760662605029,8.075891456714,0.));
#10377 = VECTOR('',#10378,1.);
#10378 = DIRECTION('',(0.,0.,1.));
#10379 = ORIENTED_EDGE('',*,*,#6446,.T.);
#10380 = ORIENTED_EDGE('',*,*,#9693,.F.);
#10381 = PLANE('',#10382);
#10382 = AXIS2_PLACEMENT_3D('',#10383,#10384,#10385);
#10383 = CARTESIAN_POINT('',(-0.760662605029,8.075891456714,0.));
#10384 = DIRECTION('',(0.923845029684,-0.38276671894,0.));
#10385 = DIRECTION('',(-0.38276671894,-0.923845029684,0.));
#10386 = ADVANCED_FACE('',(#10387),#10421,.F.);
#10387 = FACE_BOUND('',#10388,.F.);
#10388 = EDGE_LOOP('',(#10389,#10399,#10405,#10406,#10407,#10415));
#10389 = ORIENTED_EDGE('',*,*,#10390,.F.);
#10390 = EDGE_CURVE('',#10391,#10393,#10395,.T.);
#10391 = VERTEX_POINT('',#10392);
#10392 = CARTESIAN_POINT('',(-0.651884412561,8.298859924712,0.));
#10393 = VERTEX_POINT('',#10394);
#10394 = CARTESIAN_POINT('',(-0.700114568216,8.2,0.));
#10395 = LINE('',#10396,#10397);
#10396 = CARTESIAN_POINT('',(-0.651884412561,8.298859924712,0.));
#10397 = VECTOR('',#10398,1.);
#10398 = DIRECTION('',(-0.438466240509,-0.898747659765,0.));
#10399 = ORIENTED_EDGE('',*,*,#10400,.T.);
#10400 = EDGE_CURVE('',#10391,#6431,#10401,.T.);
#10401 = LINE('',#10402,#10403);
#10402 = CARTESIAN_POINT('',(-0.651884412561,8.298859924712,0.));
#10403 = VECTOR('',#10404,1.);
#10404 = DIRECTION('',(0.,0.,1.));
#10405 = ORIENTED_EDGE('',*,*,#6438,.T.);
#10406 = ORIENTED_EDGE('',*,*,#10374,.F.);
#10407 = ORIENTED_EDGE('',*,*,#10408,.F.);
#10408 = EDGE_CURVE('',#10409,#10367,#10411,.T.);
#10409 = VERTEX_POINT('',#10410);
#10410 = CARTESIAN_POINT('',(-0.700114568216,8.2,0.65));
#10411 = LINE('',#10412,#10413);
#10412 = CARTESIAN_POINT('',(-4.253421398546,0.916597304098,0.65));
#10413 = VECTOR('',#10414,1.);
#10414 = DIRECTION('',(-0.438466240509,-0.898747659765,0.));
#10415 = ORIENTED_EDGE('',*,*,#10416,.F.);
#10416 = EDGE_CURVE('',#10393,#10409,#10417,.T.);
#10417 = LINE('',#10418,#10419);
#10418 = CARTESIAN_POINT('',(-0.700114568216,8.2,-7.5E-02));
#10419 = VECTOR('',#10420,1.);
#10420 = DIRECTION('',(0.,0.,1.));
#10421 = PLANE('',#10422);
#10422 = AXIS2_PLACEMENT_3D('',#10423,#10424,#10425);
#10423 = CARTESIAN_POINT('',(-0.651884412561,8.298859924712,0.));
#10424 = DIRECTION('',(0.898747659765,-0.438466240509,0.));
#10425 = DIRECTION('',(-0.438466240509,-0.898747659765,0.));
#10426 = ADVANCED_FACE('',(#10427),#10445,.F.);
#10427 = FACE_BOUND('',#10428,.F.);
#10428 = EDGE_LOOP('',(#10429,#10437,#10438,#10439));
#10429 = ORIENTED_EDGE('',*,*,#10430,.T.);
#10430 = EDGE_CURVE('',#10431,#6423,#10433,.T.);
#10431 = VERTEX_POINT('',#10432);
#10432 = CARTESIAN_POINT('',(-0.527480579992,8.520900779961,0.));
#10433 = LINE('',#10434,#10435);
#10434 = CARTESIAN_POINT('',(-0.527480579992,8.520900779961,0.));
#10435 = VECTOR('',#10436,1.);
#10436 = DIRECTION('',(0.,0.,1.));
#10437 = ORIENTED_EDGE('',*,*,#6430,.T.);
#10438 = ORIENTED_EDGE('',*,*,#10400,.F.);
#10439 = ORIENTED_EDGE('',*,*,#10440,.F.);
#10440 = EDGE_CURVE('',#10431,#10391,#10441,.T.);
#10441 = LINE('',#10442,#10443);
#10442 = CARTESIAN_POINT('',(-0.527480579992,8.520900779961,0.));
#10443 = VECTOR('',#10444,1.);
#10444 = DIRECTION('',(-0.488785672731,-0.872403900801,0.));
#10445 = PLANE('',#10446);
#10446 = AXIS2_PLACEMENT_3D('',#10447,#10448,#10449);
#10447 = CARTESIAN_POINT('',(-0.527480579992,8.520900779961,0.));
#10448 = DIRECTION('',(0.872403900801,-0.488785672731,0.));
#10449 = DIRECTION('',(-0.488785672731,-0.872403900801,0.));
#10450 = ADVANCED_FACE('',(#10451),#10469,.F.);
#10451 = FACE_BOUND('',#10452,.F.);
#10452 = EDGE_LOOP('',(#10453,#10461,#10462,#10463));
#10453 = ORIENTED_EDGE('',*,*,#10454,.T.);
#10454 = EDGE_CURVE('',#10455,#6415,#10457,.T.);
#10455 = VERTEX_POINT('',#10456);
#10456 = CARTESIAN_POINT('',(-0.387934252311,8.741396170858,0.));
#10457 = LINE('',#10458,#10459);
#10458 = CARTESIAN_POINT('',(-0.387934252311,8.741396170858,0.));
#10459 = VECTOR('',#10460,1.);
#10460 = DIRECTION('',(0.,0.,1.));
#10461 = ORIENTED_EDGE('',*,*,#6422,.T.);
#10462 = ORIENTED_EDGE('',*,*,#10430,.F.);
#10463 = ORIENTED_EDGE('',*,*,#10464,.F.);
#10464 = EDGE_CURVE('',#10455,#10431,#10465,.T.);
#10465 = LINE('',#10466,#10467);
#10466 = CARTESIAN_POINT('',(-0.387934252311,8.741396170858,0.));
#10467 = VECTOR('',#10468,1.);
#10468 = DIRECTION('',(-0.534776477449,-0.844993561613,0.));
#10469 = PLANE('',#10470);
#10470 = AXIS2_PLACEMENT_3D('',#10471,#10472,#10473);
#10471 = CARTESIAN_POINT('',(-0.387934252311,8.741396170858,0.));
#10472 = DIRECTION('',(0.844993561613,-0.534776477449,0.));
#10473 = DIRECTION('',(-0.534776477449,-0.844993561613,0.));
#10474 = ADVANCED_FACE('',(#10475),#10493,.F.);
#10475 = FACE_BOUND('',#10476,.F.);
#10476 = EDGE_LOOP('',(#10477,#10485,#10486,#10487));
#10477 = ORIENTED_EDGE('',*,*,#10478,.T.);
#10478 = EDGE_CURVE('',#10479,#6407,#10481,.T.);
#10479 = VERTEX_POINT('',#10480);
#10480 = CARTESIAN_POINT('',(0.387934252311,8.741396170858,0.));
#10481 = LINE('',#10482,#10483);
#10482 = CARTESIAN_POINT('',(0.387934252311,8.741396170858,0.));
#10483 = VECTOR('',#10484,1.);
#10484 = DIRECTION('',(0.,0.,1.));
#10485 = ORIENTED_EDGE('',*,*,#6414,.T.);
#10486 = ORIENTED_EDGE('',*,*,#10454,.F.);
#10487 = ORIENTED_EDGE('',*,*,#10488,.F.);
#10488 = EDGE_CURVE('',#10479,#10455,#10489,.T.);
#10489 = LINE('',#10490,#10491);
#10490 = CARTESIAN_POINT('',(0.387934252311,8.741396170858,0.));
#10491 = VECTOR('',#10492,1.);
#10492 = DIRECTION('',(-1.,0.,0.));
#10493 = PLANE('',#10494);
#10494 = AXIS2_PLACEMENT_3D('',#10495,#10496,#10497);
#10495 = CARTESIAN_POINT('',(0.387934252311,8.741396170858,0.));
#10496 = DIRECTION('',(0.,-1.,0.));
#10497 = DIRECTION('',(-1.,0.,0.));
#10498 = ADVANCED_FACE('',(#10499),#10517,.F.);
#10499 = FACE_BOUND('',#10500,.F.);
#10500 = EDGE_LOOP('',(#10501,#10509,#10510,#10511));
#10501 = ORIENTED_EDGE('',*,*,#10502,.T.);
#10502 = EDGE_CURVE('',#10503,#6399,#10505,.T.);
#10503 = VERTEX_POINT('',#10504);
#10504 = CARTESIAN_POINT('',(0.527480579992,8.520900779961,0.));
#10505 = LINE('',#10506,#10507);
#10506 = CARTESIAN_POINT('',(0.527480579992,8.520900779961,0.));
#10507 = VECTOR('',#10508,1.);
#10508 = DIRECTION('',(0.,0.,1.));
#10509 = ORIENTED_EDGE('',*,*,#6406,.T.);
#10510 = ORIENTED_EDGE('',*,*,#10478,.F.);
#10511 = ORIENTED_EDGE('',*,*,#10512,.F.);
#10512 = EDGE_CURVE('',#10503,#10479,#10513,.T.);
#10513 = LINE('',#10514,#10515);
#10514 = CARTESIAN_POINT('',(0.527480579992,8.520900779961,0.));
#10515 = VECTOR('',#10516,1.);
#10516 = DIRECTION('',(-0.534776477449,0.844993561613,0.));
#10517 = PLANE('',#10518);
#10518 = AXIS2_PLACEMENT_3D('',#10519,#10520,#10521);
#10519 = CARTESIAN_POINT('',(0.527480579992,8.520900779961,0.));
#10520 = DIRECTION('',(-0.844993561613,-0.534776477449,0.));
#10521 = DIRECTION('',(-0.534776477449,0.844993561613,0.));
#10522 = ADVANCED_FACE('',(#10523),#10541,.F.);
#10523 = FACE_BOUND('',#10524,.F.);
#10524 = EDGE_LOOP('',(#10525,#10533,#10534,#10535));
#10525 = ORIENTED_EDGE('',*,*,#10526,.T.);
#10526 = EDGE_CURVE('',#10527,#6391,#10529,.T.);
#10527 = VERTEX_POINT('',#10528);
#10528 = CARTESIAN_POINT('',(0.651884412561,8.298859924712,0.));
#10529 = LINE('',#10530,#10531);
#10530 = CARTESIAN_POINT('',(0.651884412561,8.298859924712,0.));
#10531 = VECTOR('',#10532,1.);
#10532 = DIRECTION('',(0.,0.,1.));
#10533 = ORIENTED_EDGE('',*,*,#6398,.T.);
#10534 = ORIENTED_EDGE('',*,*,#10502,.F.);
#10535 = ORIENTED_EDGE('',*,*,#10536,.F.);
#10536 = EDGE_CURVE('',#10527,#10503,#10537,.T.);
#10537 = LINE('',#10538,#10539);
#10538 = CARTESIAN_POINT('',(0.651884412561,8.298859924712,0.));
#10539 = VECTOR('',#10540,1.);
#10540 = DIRECTION('',(-0.488785672731,0.872403900801,0.));
#10541 = PLANE('',#10542);
#10542 = AXIS2_PLACEMENT_3D('',#10543,#10544,#10545);
#10543 = CARTESIAN_POINT('',(0.651884412561,8.298859924712,0.));
#10544 = DIRECTION('',(-0.872403900801,-0.488785672731,0.));
#10545 = DIRECTION('',(-0.488785672731,0.872403900801,0.));
#10546 = ADVANCED_FACE('',(#10547),#10581,.F.);
#10547 = FACE_BOUND('',#10548,.F.);
#10548 = EDGE_LOOP('',(#10549,#10559,#10565,#10566,#10567,#10575));
#10549 = ORIENTED_EDGE('',*,*,#10550,.F.);
#10550 = EDGE_CURVE('',#10551,#10553,#10555,.T.);
#10551 = VERTEX_POINT('',#10552);
#10552 = CARTESIAN_POINT('',(0.760662605029,8.075891456714,0.65));
#10553 = VERTEX_POINT('',#10554);
#10554 = CARTESIAN_POINT('',(0.700114568216,8.2,0.65));
#10555 = LINE('',#10556,#10557);
#10556 = CARTESIAN_POINT('',(3.481124125295,2.499616252538,0.65));
#10557 = VECTOR('',#10558,1.);
#10558 = DIRECTION('',(-0.438466240509,0.898747659765,0.));
#10559 = ORIENTED_EDGE('',*,*,#10560,.T.);
#10560 = EDGE_CURVE('',#10551,#6383,#10561,.T.);
#10561 = LINE('',#10562,#10563);
#10562 = CARTESIAN_POINT('',(0.760662605029,8.075891456714,0.));
#10563 = VECTOR('',#10564,1.);
#10564 = DIRECTION('',(0.,0.,1.));
#10565 = ORIENTED_EDGE('',*,*,#6390,.T.);
#10566 = ORIENTED_EDGE('',*,*,#10526,.F.);
#10567 = ORIENTED_EDGE('',*,*,#10568,.F.);
#10568 = EDGE_CURVE('',#10569,#10527,#10571,.T.);
#10569 = VERTEX_POINT('',#10570);
#10570 = CARTESIAN_POINT('',(0.700114568216,8.2,0.));
#10571 = LINE('',#10572,#10573);
#10572 = CARTESIAN_POINT('',(0.760662605029,8.075891456714,0.));
#10573 = VECTOR('',#10574,1.);
#10574 = DIRECTION('',(-0.438466240509,0.898747659765,0.));
#10575 = ORIENTED_EDGE('',*,*,#10576,.F.);
#10576 = EDGE_CURVE('',#10553,#10569,#10577,.T.);
#10577 = LINE('',#10578,#10579);
#10578 = CARTESIAN_POINT('',(0.700114568216,8.2,-7.5E-02));
#10579 = VECTOR('',#10580,1.);
#10580 = DIRECTION('',(0.,0.,-1.));
#10581 = PLANE('',#10582);
#10582 = AXIS2_PLACEMENT_3D('',#10583,#10584,#10585);
#10583 = CARTESIAN_POINT('',(0.760662605029,8.075891456714,0.));
#10584 = DIRECTION('',(-0.898747659765,-0.438466240509,0.));
#10585 = DIRECTION('',(-0.438466240509,0.898747659765,0.));
#10586 = ADVANCED_FACE('',(#10587),#10598,.F.);
#10587 = FACE_BOUND('',#10588,.F.);
#10588 = EDGE_LOOP('',(#10589,#10595,#10596,#10597));
#10589 = ORIENTED_EDGE('',*,*,#10590,.F.);
#10590 = EDGE_CURVE('',#9770,#10551,#10591,.T.);
#10591 = LINE('',#10592,#10593);
#10592 = CARTESIAN_POINT('',(3.313909212117,1.913380269625,0.65));
#10593 = VECTOR('',#10594,1.);
#10594 = DIRECTION('',(-0.38276671894,0.923845029684,0.));
#10595 = ORIENTED_EDGE('',*,*,#9769,.T.);
#10596 = ORIENTED_EDGE('',*,*,#6382,.T.);
#10597 = ORIENTED_EDGE('',*,*,#10560,.F.);
#10598 = PLANE('',#10599);
#10599 = AXIS2_PLACEMENT_3D('',#10600,#10601,#10602);
#10600 = CARTESIAN_POINT('',(0.853161286532,7.852636813796,0.));
#10601 = DIRECTION('',(-0.923845029684,-0.38276671894,0.));
#10602 = DIRECTION('',(-0.38276671894,0.923845029684,0.));
#10603 = ADVANCED_FACE('',(#10604),#10638,.F.);
#10604 = FACE_BOUND('',#10605,.F.);
#10605 = EDGE_LOOP('',(#10606,#10616,#10622,#10623,#10624,#10632));
#10606 = ORIENTED_EDGE('',*,*,#10607,.F.);
#10607 = EDGE_CURVE('',#10608,#10610,#10612,.T.);
#10608 = VERTEX_POINT('',#10609);
#10609 = CARTESIAN_POINT('',(4.706659002928,7.376304022351,0.));
#10610 = VERTEX_POINT('',#10611);
#10611 = CARTESIAN_POINT('',(4.3,7.61108870716,0.));
#10612 = LINE('',#10613,#10614);
#10613 = CARTESIAN_POINT('',(4.706659002928,7.376304022351,0.));
#10614 = VECTOR('',#10615,1.);
#10615 = DIRECTION('',(-0.866025403784,0.5,0.));
#10616 = ORIENTED_EDGE('',*,*,#10617,.T.);
#10617 = EDGE_CURVE('',#10608,#6614,#10618,.T.);
#10618 = LINE('',#10619,#10620);
#10619 = CARTESIAN_POINT('',(4.706659002928,7.376304022351,0.));
#10620 = VECTOR('',#10621,1.);
#10621 = DIRECTION('',(0.,0.,1.));
#10622 = ORIENTED_EDGE('',*,*,#6621,.T.);
#10623 = ORIENTED_EDGE('',*,*,#10035,.F.);
#10624 = ORIENTED_EDGE('',*,*,#10625,.F.);
#10625 = EDGE_CURVE('',#10626,#10026,#10628,.T.);
#10626 = VERTEX_POINT('',#10627);
#10627 = CARTESIAN_POINT('',(4.3,7.61108870716,0.65));
#10628 = LINE('',#10629,#10630);
#10629 = CARTESIAN_POINT('',(4.701530621937,7.379264894497,0.65));
#10630 = VECTOR('',#10631,1.);
#10631 = DIRECTION('',(-0.866025403784,0.5,0.));
#10632 = ORIENTED_EDGE('',*,*,#10633,.F.);
#10633 = EDGE_CURVE('',#10610,#10626,#10634,.T.);
#10634 = LINE('',#10635,#10636);
#10635 = CARTESIAN_POINT('',(4.3,7.61108870716,-7.5E-02));
#10636 = VECTOR('',#10637,1.);
#10637 = DIRECTION('',(0.,0.,1.));
#10638 = PLANE('',#10639);
#10639 = AXIS2_PLACEMENT_3D('',#10640,#10641,#10642);
#10640 = CARTESIAN_POINT('',(4.706659002928,7.376304022351,0.));
#10641 = DIRECTION('',(-0.5,-0.866025403784,0.));
#10642 = DIRECTION('',(-0.866025403784,0.5,0.));
#10643 = ADVANCED_FACE('',(#10644),#10662,.F.);
#10644 = FACE_BOUND('',#10645,.F.);
#10645 = EDGE_LOOP('',(#10646,#10654,#10655,#10656));
#10646 = ORIENTED_EDGE('',*,*,#10647,.T.);
#10647 = EDGE_CURVE('',#10648,#6606,#10650,.T.);
#10648 = VERTEX_POINT('',#10649);
#10649 = CARTESIAN_POINT('',(4.717261972257,7.115576248577,0.));
#10650 = LINE('',#10651,#10652);
#10651 = CARTESIAN_POINT('',(4.717261972257,7.115576248577,0.));
#10652 = VECTOR('',#10653,1.);
#10653 = DIRECTION('',(0.,0.,1.));
#10654 = ORIENTED_EDGE('',*,*,#6613,.T.);
#10655 = ORIENTED_EDGE('',*,*,#10617,.F.);
#10656 = ORIENTED_EDGE('',*,*,#10657,.F.);
#10657 = EDGE_CURVE('',#10648,#10608,#10658,.T.);
#10658 = LINE('',#10659,#10660);
#10659 = CARTESIAN_POINT('',(4.717261972257,7.115576248577,0.));
#10660 = VECTOR('',#10661,1.);
#10661 = DIRECTION('',(-4.06332340113E-02,0.999174129116,0.));
#10662 = PLANE('',#10663);
#10663 = AXIS2_PLACEMENT_3D('',#10664,#10665,#10666);
#10664 = CARTESIAN_POINT('',(4.717261972257,7.115576248577,0.));
#10665 = DIRECTION('',(-0.999174129116,-4.06332340113E-02,0.));
#10666 = DIRECTION('',(-4.06332340113E-02,0.999174129116,0.));
#10667 = ADVANCED_FACE('',(#10668),#10686,.F.);
#10668 = FACE_BOUND('',#10669,.F.);
#10669 = EDGE_LOOP('',(#10670,#10678,#10679,#10680));
#10670 = ORIENTED_EDGE('',*,*,#10671,.T.);
#10671 = EDGE_CURVE('',#10672,#6598,#10674,.T.);
#10672 = VERTEX_POINT('',#10673);
#10673 = CARTESIAN_POINT('',(4.713978423964,6.861081310968,0.));
#10674 = LINE('',#10675,#10676);
#10675 = CARTESIAN_POINT('',(4.713978423964,6.861081310968,0.));
#10676 = VECTOR('',#10677,1.);
#10677 = DIRECTION('',(0.,0.,1.));
#10678 = ORIENTED_EDGE('',*,*,#6605,.T.);
#10679 = ORIENTED_EDGE('',*,*,#10647,.F.);
#10680 = ORIENTED_EDGE('',*,*,#10681,.F.);
#10681 = EDGE_CURVE('',#10672,#10648,#10682,.T.);
#10682 = LINE('',#10683,#10684);
#10683 = CARTESIAN_POINT('',(4.713978423964,6.861081310968,0.));
#10684 = VECTOR('',#10685,1.);
#10685 = DIRECTION('',(1.290114080913E-02,0.99991677682,0.));
#10686 = PLANE('',#10687);
#10687 = AXIS2_PLACEMENT_3D('',#10688,#10689,#10690);
#10688 = CARTESIAN_POINT('',(4.713978423964,6.861081310968,0.));
#10689 = DIRECTION('',(-0.99991677682,1.290114080913E-02,0.));
#10690 = DIRECTION('',(1.290114080913E-02,0.99991677682,0.));
#10691 = ADVANCED_FACE('',(#10692),#10710,.F.);
#10692 = FACE_BOUND('',#10693,.F.);
#10693 = EDGE_LOOP('',(#10694,#10702,#10703,#10704));
#10694 = ORIENTED_EDGE('',*,*,#10695,.T.);
#10695 = EDGE_CURVE('',#10696,#6590,#10698,.T.);
#10696 = VERTEX_POINT('',#10697);
#10697 = CARTESIAN_POINT('',(4.696698868022,6.613595857206,0.));
#10698 = LINE('',#10699,#10700);
#10699 = CARTESIAN_POINT('',(4.696698868022,6.613595857206,0.));
#10700 = VECTOR('',#10701,1.);
#10701 = DIRECTION('',(0.,0.,1.));
#10702 = ORIENTED_EDGE('',*,*,#6597,.T.);
#10703 = ORIENTED_EDGE('',*,*,#10671,.F.);
#10704 = ORIENTED_EDGE('',*,*,#10705,.F.);
#10705 = EDGE_CURVE('',#10696,#10672,#10706,.T.);
#10706 = LINE('',#10707,#10708);
#10707 = CARTESIAN_POINT('',(4.696698868022,6.613595857206,0.));
#10708 = VECTOR('',#10709,1.);
#10709 = DIRECTION('',(6.96509268998E-02,0.997571425203,0.));
#10710 = PLANE('',#10711);
#10711 = AXIS2_PLACEMENT_3D('',#10712,#10713,#10714);
#10712 = CARTESIAN_POINT('',(4.696698868022,6.613595857206,0.));
#10713 = DIRECTION('',(-0.997571425203,6.96509268998E-02,0.));
#10714 = DIRECTION('',(6.96509268998E-02,0.997571425203,0.));
#10715 = ADVANCED_FACE('',(#10716),#10734,.F.);
#10716 = FACE_BOUND('',#10717,.F.);
#10717 = EDGE_LOOP('',(#10718,#10726,#10727,#10728));
#10718 = ORIENTED_EDGE('',*,*,#10719,.T.);
#10719 = EDGE_CURVE('',#10720,#6582,#10722,.T.);
#10720 = VERTEX_POINT('',#10721);
#10721 = CARTESIAN_POINT('',(4.66517775456,6.374002324174,0.));
#10722 = LINE('',#10723,#10724);
#10723 = CARTESIAN_POINT('',(4.66517775456,6.374002324174,0.));
#10724 = VECTOR('',#10725,1.);
#10725 = DIRECTION('',(0.,0.,1.));
#10726 = ORIENTED_EDGE('',*,*,#6589,.T.);
#10727 = ORIENTED_EDGE('',*,*,#10695,.F.);
#10728 = ORIENTED_EDGE('',*,*,#10729,.F.);
#10729 = EDGE_CURVE('',#10720,#10696,#10730,.T.);
#10730 = LINE('',#10731,#10732);
#10731 = CARTESIAN_POINT('',(4.66517775456,6.374002324174,0.));
#10732 = VECTOR('',#10733,1.);
#10733 = DIRECTION('',(0.130436812516,0.991456624336,0.));
#10734 = PLANE('',#10735);
#10735 = AXIS2_PLACEMENT_3D('',#10736,#10737,#10738);
#10736 = CARTESIAN_POINT('',(4.66517775456,6.374002324174,0.));
#10737 = DIRECTION('',(-0.991456624336,0.130436812516,0.));
#10738 = DIRECTION('',(0.130436812516,0.991456624336,0.));
#10739 = ADVANCED_FACE('',(#10740),#10758,.F.);
#10740 = FACE_BOUND('',#10741,.F.);
#10741 = EDGE_LOOP('',(#10742,#10750,#10751,#10752));
#10742 = ORIENTED_EDGE('',*,*,#10743,.T.);
#10743 = EDGE_CURVE('',#10744,#6574,#10746,.T.);
#10744 = VERTEX_POINT('',#10745);
#10745 = CARTESIAN_POINT('',(4.618932328982,6.143367932193,0.));
#10746 = LINE('',#10747,#10748);
#10747 = CARTESIAN_POINT('',(4.618932328982,6.143367932193,0.));
#10748 = VECTOR('',#10749,1.);
#10749 = DIRECTION('',(0.,0.,1.));
#10750 = ORIENTED_EDGE('',*,*,#6581,.T.);
#10751 = ORIENTED_EDGE('',*,*,#10719,.F.);
#10752 = ORIENTED_EDGE('',*,*,#10753,.F.);
#10753 = EDGE_CURVE('',#10744,#10720,#10754,.T.);
#10754 = LINE('',#10755,#10756);
#10755 = CARTESIAN_POINT('',(4.618932328982,6.143367932193,0.));
#10756 = VECTOR('',#10757,1.);
#10757 = DIRECTION('',(0.196600700888,0.980483638013,0.));
#10758 = PLANE('',#10759);
#10759 = AXIS2_PLACEMENT_3D('',#10760,#10761,#10762);
#10760 = CARTESIAN_POINT('',(4.618932328982,6.143367932193,0.));
#10761 = DIRECTION('',(-0.980483638013,0.196600700888,0.));
#10762 = DIRECTION('',(0.196600700888,0.980483638013,0.));
#10763 = ADVANCED_FACE('',(#10764),#10782,.F.);
#10764 = FACE_BOUND('',#10765,.F.);
#10765 = EDGE_LOOP('',(#10766,#10774,#10775,#10776));
#10766 = ORIENTED_EDGE('',*,*,#10767,.T.);
#10767 = EDGE_CURVE('',#10768,#6566,#10770,.T.);
#10768 = VERTEX_POINT('',#10769);
#10769 = CARTESIAN_POINT('',(4.557021310887,5.923118780744,0.));
#10770 = LINE('',#10771,#10772);
#10771 = CARTESIAN_POINT('',(4.557021310887,5.923118780744,0.));
#10772 = VECTOR('',#10773,1.);
#10773 = DIRECTION('',(0.,0.,1.));
#10774 = ORIENTED_EDGE('',*,*,#6573,.T.);
#10775 = ORIENTED_EDGE('',*,*,#10743,.F.);
#10776 = ORIENTED_EDGE('',*,*,#10777,.F.);
#10777 = EDGE_CURVE('',#10768,#10744,#10778,.T.);
#10778 = LINE('',#10779,#10780);
#10779 = CARTESIAN_POINT('',(4.557021310887,5.923118780744,0.));
#10780 = VECTOR('',#10781,1.);
#10781 = DIRECTION('',(0.27060763096,0.96268972679,0.));
#10782 = PLANE('',#10783);
#10783 = AXIS2_PLACEMENT_3D('',#10784,#10785,#10786);
#10784 = CARTESIAN_POINT('',(4.557021310887,5.923118780744,0.));
#10785 = DIRECTION('',(-0.96268972679,0.27060763096,0.));
#10786 = DIRECTION('',(0.27060763096,0.96268972679,0.));
#10787 = ADVANCED_FACE('',(#10788),#10806,.F.);
#10788 = FACE_BOUND('',#10789,.F.);
#10789 = EDGE_LOOP('',(#10790,#10798,#10799,#10800));
#10790 = ORIENTED_EDGE('',*,*,#10791,.T.);
#10791 = EDGE_CURVE('',#10792,#6558,#10794,.T.);
#10792 = VERTEX_POINT('',#10793);
#10793 = CARTESIAN_POINT('',(4.477418396924,5.715534562501,0.));
#10794 = LINE('',#10795,#10796);
#10795 = CARTESIAN_POINT('',(4.477418396924,5.715534562501,0.));
#10796 = VECTOR('',#10797,1.);
#10797 = DIRECTION('',(0.,0.,1.));
#10798 = ORIENTED_EDGE('',*,*,#6565,.T.);
#10799 = ORIENTED_EDGE('',*,*,#10767,.F.);
#10800 = ORIENTED_EDGE('',*,*,#10801,.F.);
#10801 = EDGE_CURVE('',#10792,#10768,#10802,.T.);
#10802 = LINE('',#10803,#10804);
#10803 = CARTESIAN_POINT('',(4.477418396924,5.715534562501,0.));
#10804 = VECTOR('',#10805,1.);
#10805 = DIRECTION('',(0.358049595016,0.933702569081,0.));
#10806 = PLANE('',#10807);
#10807 = AXIS2_PLACEMENT_3D('',#10808,#10809,#10810);
#10808 = CARTESIAN_POINT('',(4.477418396924,5.715534562501,0.));
#10809 = DIRECTION('',(-0.933702569081,0.358049595016,0.));
#10810 = DIRECTION('',(0.358049595016,0.933702569081,0.));
#10811 = ADVANCED_FACE('',(#10812),#10823,.F.);
#10812 = FACE_BOUND('',#10813,.F.);
#10813 = EDGE_LOOP('',(#10814,#10815,#10816,#10817));
#10814 = ORIENTED_EDGE('',*,*,#6742,.T.);
#10815 = ORIENTED_EDGE('',*,*,#6557,.T.);
#10816 = ORIENTED_EDGE('',*,*,#10791,.F.);
#10817 = ORIENTED_EDGE('',*,*,#10818,.F.);
#10818 = EDGE_CURVE('',#6703,#10792,#10819,.T.);
#10819 = LINE('',#10820,#10821);
#10820 = CARTESIAN_POINT('',(4.373220123038,5.526748204702,0.));
#10821 = VECTOR('',#10822,1.);
#10822 = DIRECTION('',(0.483220555277,0.875498655029,0.));
#10823 = PLANE('',#10824);
#10824 = AXIS2_PLACEMENT_3D('',#10825,#10826,#10827);
#10825 = CARTESIAN_POINT('',(4.373220123038,5.526748204702,0.));
#10826 = DIRECTION('',(-0.875498655029,0.483220555277,0.));
#10827 = DIRECTION('',(0.483220555277,0.875498655029,0.));
#10828 = ADVANCED_FACE('',(#10829),#10847,.T.);
#10829 = FACE_BOUND('',#10830,.T.);
#10830 = EDGE_LOOP('',(#10831,#10832,#10838,#10839,#10840,#10841,#10842,
    #10843,#10844,#10845,#10846));
#10831 = ORIENTED_EDGE('',*,*,#6700,.F.);
#10832 = ORIENTED_EDGE('',*,*,#10833,.F.);
#10833 = EDGE_CURVE('',#10610,#6701,#10834,.T.);
#10834 = LINE('',#10835,#10836);
#10835 = CARTESIAN_POINT('',(4.3,-4.1,0.));
#10836 = VECTOR('',#10837,1.);
#10837 = DIRECTION('',(0.,-1.,0.));
#10838 = ORIENTED_EDGE('',*,*,#10607,.F.);
#10839 = ORIENTED_EDGE('',*,*,#10657,.F.);
#10840 = ORIENTED_EDGE('',*,*,#10681,.F.);
#10841 = ORIENTED_EDGE('',*,*,#10705,.F.);
#10842 = ORIENTED_EDGE('',*,*,#10729,.F.);
#10843 = ORIENTED_EDGE('',*,*,#10753,.F.);
#10844 = ORIENTED_EDGE('',*,*,#10777,.F.);
#10845 = ORIENTED_EDGE('',*,*,#10801,.F.);
#10846 = ORIENTED_EDGE('',*,*,#10818,.F.);
#10847 = PLANE('',#10848);
#10848 = AXIS2_PLACEMENT_3D('',#10849,#10850,#10851);
#10849 = CARTESIAN_POINT('',(-9.E-16,-1.E-17,0.));
#10850 = DIRECTION('',(-0.,-0.,-1.));
#10851 = DIRECTION('',(-1.,0.,0.));
#10852 = ADVANCED_FACE('',(#10853),#10865,.F.);
#10853 = FACE_BOUND('',#10854,.F.);
#10854 = EDGE_LOOP('',(#10855,#10861,#10862,#10863,#10864));
#10855 = ORIENTED_EDGE('',*,*,#10856,.T.);
#10856 = EDGE_CURVE('',#6711,#10626,#10857,.T.);
#10857 = LINE('',#10858,#10859);
#10858 = CARTESIAN_POINT('',(4.3,-8.2,0.65));
#10859 = VECTOR('',#10860,1.);
#10860 = DIRECTION('',(0.,1.,0.));
#10861 = ORIENTED_EDGE('',*,*,#10625,.T.);
#10862 = ORIENTED_EDGE('',*,*,#10025,.T.);
#10863 = ORIENTED_EDGE('',*,*,#10072,.F.);
#10864 = ORIENTED_EDGE('',*,*,#6718,.T.);
#10865 = PLANE('',#10866);
#10866 = AXIS2_PLACEMENT_3D('',#10867,#10868,#10869);
#10867 = CARTESIAN_POINT('',(-4.3,-8.2,0.65));
#10868 = DIRECTION('',(0.,0.,1.));
#10869 = DIRECTION('',(1.,0.,0.));
#10870 = ADVANCED_FACE('',(#10871),#10877,.F.);
#10871 = FACE_BOUND('',#10872,.F.);
#10872 = EDGE_LOOP('',(#10873,#10874,#10875,#10876));
#10873 = ORIENTED_EDGE('',*,*,#10856,.F.);
#10874 = ORIENTED_EDGE('',*,*,#6710,.T.);
#10875 = ORIENTED_EDGE('',*,*,#10833,.F.);
#10876 = ORIENTED_EDGE('',*,*,#10633,.T.);
#10877 = PLANE('',#10878);
#10878 = AXIS2_PLACEMENT_3D('',#10879,#10880,#10881);
#10879 = CARTESIAN_POINT('',(4.3,-8.2,-0.15));
#10880 = DIRECTION('',(1.,0.,0.));
#10881 = DIRECTION('',(0.,0.,1.));
#10882 = ADVANCED_FACE('',(#10883),#10894,.F.);
#10883 = FACE_BOUND('',#10884,.F.);
#10884 = EDGE_LOOP('',(#10885,#10891,#10892,#10893));
#10885 = ORIENTED_EDGE('',*,*,#10886,.T.);
#10886 = EDGE_CURVE('',#6900,#6815,#10887,.T.);
#10887 = LINE('',#10888,#10889);
#10888 = CARTESIAN_POINT('',(5.923118780744,4.557021310887,0.));
#10889 = VECTOR('',#10890,1.);
#10890 = DIRECTION('',(0.,0.,1.));
#10891 = ORIENTED_EDGE('',*,*,#6822,.T.);
#10892 = ORIENTED_EDGE('',*,*,#7003,.F.);
#10893 = ORIENTED_EDGE('',*,*,#6899,.F.);
#10894 = PLANE('',#10895);
#10895 = AXIS2_PLACEMENT_3D('',#10896,#10897,#10898);
#10896 = CARTESIAN_POINT('',(5.923118780744,4.557021310887,0.));
#10897 = DIRECTION('',(0.358049595016,-0.933702569081,0.));
#10898 = DIRECTION('',(-0.933702569081,-0.358049595016,0.));
#10899 = ADVANCED_FACE('',(#10900),#10911,.F.);
#10900 = FACE_BOUND('',#10901,.F.);
#10901 = EDGE_LOOP('',(#10902,#10908,#10909,#10910));
#10902 = ORIENTED_EDGE('',*,*,#10903,.T.);
#10903 = EDGE_CURVE('',#6908,#6807,#10904,.T.);
#10904 = LINE('',#10905,#10906);
#10905 = CARTESIAN_POINT('',(6.143367932193,4.618932328982,0.));
#10906 = VECTOR('',#10907,1.);
#10907 = DIRECTION('',(0.,0.,1.));
#10908 = ORIENTED_EDGE('',*,*,#6814,.T.);
#10909 = ORIENTED_EDGE('',*,*,#10886,.F.);
#10910 = ORIENTED_EDGE('',*,*,#6907,.F.);
#10911 = PLANE('',#10912);
#10912 = AXIS2_PLACEMENT_3D('',#10913,#10914,#10915);
#10913 = CARTESIAN_POINT('',(6.143367932193,4.618932328982,0.));
#10914 = DIRECTION('',(0.27060763096,-0.96268972679,0.));
#10915 = DIRECTION('',(-0.96268972679,-0.27060763096,0.));
#10916 = ADVANCED_FACE('',(#10917),#10928,.F.);
#10917 = FACE_BOUND('',#10918,.F.);
#10918 = EDGE_LOOP('',(#10919,#10925,#10926,#10927));
#10919 = ORIENTED_EDGE('',*,*,#10920,.T.);
#10920 = EDGE_CURVE('',#6916,#6799,#10921,.T.);
#10921 = LINE('',#10922,#10923);
#10922 = CARTESIAN_POINT('',(6.374002324174,4.66517775456,0.));
#10923 = VECTOR('',#10924,1.);
#10924 = DIRECTION('',(0.,0.,1.));
#10925 = ORIENTED_EDGE('',*,*,#6806,.T.);
#10926 = ORIENTED_EDGE('',*,*,#10903,.F.);
#10927 = ORIENTED_EDGE('',*,*,#6915,.F.);
#10928 = PLANE('',#10929);
#10929 = AXIS2_PLACEMENT_3D('',#10930,#10931,#10932);
#10930 = CARTESIAN_POINT('',(6.374002324174,4.66517775456,0.));
#10931 = DIRECTION('',(0.196600700888,-0.980483638013,0.));
#10932 = DIRECTION('',(-0.980483638013,-0.196600700888,0.));
#10933 = ADVANCED_FACE('',(#10934),#10945,.F.);
#10934 = FACE_BOUND('',#10935,.F.);
#10935 = EDGE_LOOP('',(#10936,#10942,#10943,#10944));
#10936 = ORIENTED_EDGE('',*,*,#10937,.T.);
#10937 = EDGE_CURVE('',#6924,#6791,#10938,.T.);
#10938 = LINE('',#10939,#10940);
#10939 = CARTESIAN_POINT('',(6.613595857206,4.696698868022,0.));
#10940 = VECTOR('',#10941,1.);
#10941 = DIRECTION('',(0.,0.,1.));
#10942 = ORIENTED_EDGE('',*,*,#6798,.T.);
#10943 = ORIENTED_EDGE('',*,*,#10920,.F.);
#10944 = ORIENTED_EDGE('',*,*,#6923,.F.);
#10945 = PLANE('',#10946);
#10946 = AXIS2_PLACEMENT_3D('',#10947,#10948,#10949);
#10947 = CARTESIAN_POINT('',(6.613595857206,4.696698868022,0.));
#10948 = DIRECTION('',(0.130436812516,-0.991456624336,0.));
#10949 = DIRECTION('',(-0.991456624336,-0.130436812516,0.));
#10950 = ADVANCED_FACE('',(#10951),#10962,.F.);
#10951 = FACE_BOUND('',#10952,.F.);
#10952 = EDGE_LOOP('',(#10953,#10959,#10960,#10961));
#10953 = ORIENTED_EDGE('',*,*,#10954,.T.);
#10954 = EDGE_CURVE('',#6932,#6783,#10955,.T.);
#10955 = LINE('',#10956,#10957);
#10956 = CARTESIAN_POINT('',(6.861081310968,4.713978423964,0.));
#10957 = VECTOR('',#10958,1.);
#10958 = DIRECTION('',(0.,0.,1.));
#10959 = ORIENTED_EDGE('',*,*,#6790,.T.);
#10960 = ORIENTED_EDGE('',*,*,#10937,.F.);
#10961 = ORIENTED_EDGE('',*,*,#6931,.F.);
#10962 = PLANE('',#10963);
#10963 = AXIS2_PLACEMENT_3D('',#10964,#10965,#10966);
#10964 = CARTESIAN_POINT('',(6.861081310968,4.713978423964,0.));
#10965 = DIRECTION('',(6.965092689979E-02,-0.997571425203,0.));
#10966 = DIRECTION('',(-0.997571425203,-6.965092689979E-02,0.));
#10967 = ADVANCED_FACE('',(#10968),#10979,.F.);
#10968 = FACE_BOUND('',#10969,.F.);
#10969 = EDGE_LOOP('',(#10970,#10976,#10977,#10978));
#10970 = ORIENTED_EDGE('',*,*,#10971,.T.);
#10971 = EDGE_CURVE('',#6940,#6775,#10972,.T.);
#10972 = LINE('',#10973,#10974);
#10973 = CARTESIAN_POINT('',(7.115576248577,4.717261972257,0.));
#10974 = VECTOR('',#10975,1.);
#10975 = DIRECTION('',(0.,0.,1.));
#10976 = ORIENTED_EDGE('',*,*,#6782,.T.);
#10977 = ORIENTED_EDGE('',*,*,#10954,.F.);
#10978 = ORIENTED_EDGE('',*,*,#6939,.F.);
#10979 = PLANE('',#10980);
#10980 = AXIS2_PLACEMENT_3D('',#10981,#10982,#10983);
#10981 = CARTESIAN_POINT('',(7.115576248577,4.717261972257,0.));
#10982 = DIRECTION('',(1.290114080914E-02,-0.99991677682,0.));
#10983 = DIRECTION('',(-0.99991677682,-1.290114080914E-02,0.));
#10984 = ADVANCED_FACE('',(#10985),#10991,.F.);
#10985 = FACE_BOUND('',#10986,.F.);
#10986 = EDGE_LOOP('',(#10987,#10988,#10989,#10990));
#10987 = ORIENTED_EDGE('',*,*,#7023,.T.);
#10988 = ORIENTED_EDGE('',*,*,#6774,.T.);
#10989 = ORIENTED_EDGE('',*,*,#10971,.F.);
#10990 = ORIENTED_EDGE('',*,*,#6947,.F.);
#10991 = PLANE('',#10992);
#10992 = AXIS2_PLACEMENT_3D('',#10993,#10994,#10995);
#10993 = CARTESIAN_POINT('',(7.376304022351,4.706659002928,0.));
#10994 = DIRECTION('',(-4.06332340113E-02,-0.999174129116,0.));
#10995 = DIRECTION('',(-0.999174129116,4.06332340113E-02,0.));
#10996 = ADVANCED_FACE('',(#10997),#11012,.F.);
#10997 = FACE_BOUND('',#10998,.F.);
#10998 = EDGE_LOOP('',(#10999,#11000,#11006,#11007,#11008,#11009,#11010,
    #11011));
#10999 = ORIENTED_EDGE('',*,*,#8817,.T.);
#11000 = ORIENTED_EDGE('',*,*,#11001,.T.);
#11001 = EDGE_CURVE('',#8820,#8676,#11002,.T.);
#11002 = LINE('',#11003,#11004);
#11003 = CARTESIAN_POINT('',(-4.3,-8.2,0.65));
#11004 = VECTOR('',#11005,1.);
#11005 = DIRECTION('',(1.,0.,0.));
#11006 = ORIENTED_EDGE('',*,*,#8675,.T.);
#11007 = ORIENTED_EDGE('',*,*,#8633,.T.);
#11008 = ORIENTED_EDGE('',*,*,#7981,.T.);
#11009 = ORIENTED_EDGE('',*,*,#8022,.T.);
#11010 = ORIENTED_EDGE('',*,*,#8075,.T.);
#11011 = ORIENTED_EDGE('',*,*,#8857,.T.);
#11012 = PLANE('',#11013);
#11013 = AXIS2_PLACEMENT_3D('',#11014,#11015,#11016);
#11014 = CARTESIAN_POINT('',(-4.3,-8.2,0.65));
#11015 = DIRECTION('',(0.,0.,1.));
#11016 = DIRECTION('',(1.,0.,0.));
#11017 = ADVANCED_FACE('',(#11018),#11033,.T.);
#11018 = FACE_BOUND('',#11019,.T.);
#11019 = EDGE_LOOP('',(#11020,#11026,#11027,#11028,#11029,#11030,#11031,
    #11032));
#11020 = ORIENTED_EDGE('',*,*,#11021,.T.);
#11021 = EDGE_CURVE('',#8836,#8660,#11022,.T.);
#11022 = LINE('',#11023,#11024);
#11023 = CARTESIAN_POINT('',(-2.15,-8.2,0.));
#11024 = VECTOR('',#11025,1.);
#11025 = DIRECTION('',(1.,0.,0.));
#11026 = ORIENTED_EDGE('',*,*,#8657,.F.);
#11027 = ORIENTED_EDGE('',*,*,#8707,.F.);
#11028 = ORIENTED_EDGE('',*,*,#8731,.F.);
#11029 = ORIENTED_EDGE('',*,*,#8755,.F.);
#11030 = ORIENTED_EDGE('',*,*,#8779,.F.);
#11031 = ORIENTED_EDGE('',*,*,#8803,.F.);
#11032 = ORIENTED_EDGE('',*,*,#8835,.F.);
#11033 = PLANE('',#11034);
#11034 = AXIS2_PLACEMENT_3D('',#11035,#11036,#11037);
#11035 = CARTESIAN_POINT('',(-9.E-16,-1.E-17,0.));
#11036 = DIRECTION('',(-0.,-0.,-1.));
#11037 = DIRECTION('',(-1.,0.,0.));
#11038 = ADVANCED_FACE('',(#11039),#11045,.T.);
#11039 = FACE_BOUND('',#11040,.T.);
#11040 = EDGE_LOOP('',(#11041,#11042,#11043,#11044));
#11041 = ORIENTED_EDGE('',*,*,#11001,.T.);
#11042 = ORIENTED_EDGE('',*,*,#8683,.T.);
#11043 = ORIENTED_EDGE('',*,*,#11021,.F.);
#11044 = ORIENTED_EDGE('',*,*,#8843,.T.);
#11045 = PLANE('',#11046);
#11046 = AXIS2_PLACEMENT_3D('',#11047,#11048,#11049);
#11047 = CARTESIAN_POINT('',(-4.3,-8.2,-0.15));
#11048 = DIRECTION('',(0.,1.,0.));
#11049 = DIRECTION('',(0.,0.,1.));
#11050 = ADVANCED_FACE('',(#11051),#11066,.F.);
#11051 = FACE_BOUND('',#11052,.F.);
#11052 = EDGE_LOOP('',(#11053,#11059,#11060,#11061,#11062,#11063,#11064,
    #11065));
#11053 = ORIENTED_EDGE('',*,*,#11054,.F.);
#11054 = EDGE_CURVE('',#10409,#10553,#11055,.T.);
#11055 = LINE('',#11056,#11057);
#11056 = CARTESIAN_POINT('',(-4.3,8.2,0.65));
#11057 = VECTOR('',#11058,1.);
#11058 = DIRECTION('',(1.,0.,0.));
#11059 = ORIENTED_EDGE('',*,*,#10408,.T.);
#11060 = ORIENTED_EDGE('',*,*,#10366,.T.);
#11061 = ORIENTED_EDGE('',*,*,#9683,.T.);
#11062 = ORIENTED_EDGE('',*,*,#9733,.F.);
#11063 = ORIENTED_EDGE('',*,*,#9777,.T.);
#11064 = ORIENTED_EDGE('',*,*,#10590,.T.);
#11065 = ORIENTED_EDGE('',*,*,#10550,.T.);
#11066 = PLANE('',#11067);
#11067 = AXIS2_PLACEMENT_3D('',#11068,#11069,#11070);
#11068 = CARTESIAN_POINT('',(-4.3,-8.2,0.65));
#11069 = DIRECTION('',(0.,0.,1.));
#11070 = DIRECTION('',(1.,0.,0.));
#11071 = ADVANCED_FACE('',(#11072),#11087,.T.);
#11072 = FACE_BOUND('',#11073,.T.);
#11073 = EDGE_LOOP('',(#11074,#11075,#11081,#11082,#11083,#11084,#11085,
    #11086));
#11074 = ORIENTED_EDGE('',*,*,#10568,.F.);
#11075 = ORIENTED_EDGE('',*,*,#11076,.F.);
#11076 = EDGE_CURVE('',#10393,#10569,#11077,.T.);
#11077 = LINE('',#11078,#11079);
#11078 = CARTESIAN_POINT('',(-2.15,8.2,0.));
#11079 = VECTOR('',#11080,1.);
#11080 = DIRECTION('',(1.,0.,0.));
#11081 = ORIENTED_EDGE('',*,*,#10390,.F.);
#11082 = ORIENTED_EDGE('',*,*,#10440,.F.);
#11083 = ORIENTED_EDGE('',*,*,#10464,.F.);
#11084 = ORIENTED_EDGE('',*,*,#10488,.F.);
#11085 = ORIENTED_EDGE('',*,*,#10512,.F.);
#11086 = ORIENTED_EDGE('',*,*,#10536,.F.);
#11087 = PLANE('',#11088);
#11088 = AXIS2_PLACEMENT_3D('',#11089,#11090,#11091);
#11089 = CARTESIAN_POINT('',(-9.E-16,-1.E-17,0.));
#11090 = DIRECTION('',(-0.,-0.,-1.));
#11091 = DIRECTION('',(-1.,0.,0.));
#11092 = ADVANCED_FACE('',(#11093),#11099,.F.);
#11093 = FACE_BOUND('',#11094,.F.);
#11094 = EDGE_LOOP('',(#11095,#11096,#11097,#11098));
#11095 = ORIENTED_EDGE('',*,*,#11054,.T.);
#11096 = ORIENTED_EDGE('',*,*,#10576,.T.);
#11097 = ORIENTED_EDGE('',*,*,#11076,.F.);
#11098 = ORIENTED_EDGE('',*,*,#10416,.T.);
#11099 = PLANE('',#11100);
#11100 = AXIS2_PLACEMENT_3D('',#11101,#11102,#11103);
#11101 = CARTESIAN_POINT('',(-4.3,8.2,-0.15));
#11102 = DIRECTION('',(0.,1.,0.));
#11103 = DIRECTION('',(0.,0.,1.));
#11104 = ADVANCED_FACE('',(#11105,#11279,#11282,#11289),#11296,.T.);
#11105 = FACE_BOUND('',#11106,.T.);
#11106 = EDGE_LOOP('',(#11107,#11108,#11109,#11110,#11111,#11112,#11113,
    #11114,#11115,#11116,#11117,#11118,#11119,#11120,#11121,#11122,
    #11123,#11124,#11125,#11126,#11127,#11128,#11129,#11130,#11131,
    #11132,#11133,#11134,#11135,#11136,#11137,#11138,#11139,#11140,
    #11141,#11142,#11143,#11144,#11145,#11146,#11147,#11148,#11149,
    #11150,#11151,#11152,#11153,#11154,#11155,#11156,#11157,#11158,
    #11159,#11160,#11161,#11162,#11163,#11164,#11165,#11166,#11167,
    #11168,#11169,#11170,#11171,#11172,#11173,#11174,#11175,#11176,
    #11177,#11178,#11179,#11180,#11181,#11182,#11183,#11184,#11185,
    #11186,#11187,#11188,#11189,#11190,#11191,#11192,#11193,#11194,
    #11195,#11196,#11197,#11198,#11199,#11200,#11201,#11202,#11203,
    #11204,#11205,#11206,#11207,#11208,#11209,#11210,#11211,#11212,
    #11213,#11214,#11215,#11216,#11217,#11218,#11219,#11220,#11221,
    #11222,#11223,#11224,#11225,#11226,#11227,#11228,#11229,#11230,
    #11231,#11232,#11233,#11234,#11235,#11236,#11237,#11238,#11239,
    #11240,#11241,#11242,#11243,#11244,#11245,#11246,#11247,#11248,
    #11249,#11250,#11251,#11252,#11253,#11254,#11255,#11256,#11257,
    #11258,#11259,#11260,#11261,#11262,#11263,#11264,#11265,#11266,
    #11267,#11268,#11269,#11270,#11271,#11272,#11273,#11274,#11275,
    #11276,#11277,#11278));
#11107 = ORIENTED_EDGE('',*,*,#1584,.T.);
#11108 = ORIENTED_EDGE('',*,*,#1676,.F.);
#11109 = ORIENTED_EDGE('',*,*,#2255,.F.);
#11110 = ORIENTED_EDGE('',*,*,#2302,.T.);
#11111 = ORIENTED_EDGE('',*,*,#2324,.F.);
#11112 = ORIENTED_EDGE('',*,*,#2371,.F.);
#11113 = ORIENTED_EDGE('',*,*,#2402,.F.);
#11114 = ORIENTED_EDGE('',*,*,#2433,.F.);
#11115 = ORIENTED_EDGE('',*,*,#2464,.F.);
#11116 = ORIENTED_EDGE('',*,*,#2495,.F.);
#11117 = ORIENTED_EDGE('',*,*,#2526,.F.);
#11118 = ORIENTED_EDGE('',*,*,#2557,.F.);
#11119 = ORIENTED_EDGE('',*,*,#2588,.F.);
#11120 = ORIENTED_EDGE('',*,*,#1642,.F.);
#11121 = ORIENTED_EDGE('',*,*,#2610,.F.);
#11122 = ORIENTED_EDGE('',*,*,#2641,.F.);
#11123 = ORIENTED_EDGE('',*,*,#2672,.F.);
#11124 = ORIENTED_EDGE('',*,*,#2703,.F.);
#11125 = ORIENTED_EDGE('',*,*,#2734,.F.);
#11126 = ORIENTED_EDGE('',*,*,#2765,.F.);
#11127 = ORIENTED_EDGE('',*,*,#2796,.F.);
#11128 = ORIENTED_EDGE('',*,*,#2827,.F.);
#11129 = ORIENTED_EDGE('',*,*,#2858,.F.);
#11130 = ORIENTED_EDGE('',*,*,#2889,.F.);
#11131 = ORIENTED_EDGE('',*,*,#2920,.F.);
#11132 = ORIENTED_EDGE('',*,*,#2951,.F.);
#11133 = ORIENTED_EDGE('',*,*,#2982,.F.);
#11134 = ORIENTED_EDGE('',*,*,#3013,.F.);
#11135 = ORIENTED_EDGE('',*,*,#3044,.F.);
#11136 = ORIENTED_EDGE('',*,*,#3075,.F.);
#11137 = ORIENTED_EDGE('',*,*,#3106,.F.);
#11138 = ORIENTED_EDGE('',*,*,#3137,.F.);
#11139 = ORIENTED_EDGE('',*,*,#3168,.F.);
#11140 = ORIENTED_EDGE('',*,*,#2215,.F.);
#11141 = ORIENTED_EDGE('',*,*,#3190,.F.);
#11142 = ORIENTED_EDGE('',*,*,#3221,.F.);
#11143 = ORIENTED_EDGE('',*,*,#3252,.F.);
#11144 = ORIENTED_EDGE('',*,*,#3283,.F.);
#11145 = ORIENTED_EDGE('',*,*,#3314,.F.);
#11146 = ORIENTED_EDGE('',*,*,#3345,.F.);
#11147 = ORIENTED_EDGE('',*,*,#3376,.F.);
#11148 = ORIENTED_EDGE('',*,*,#3407,.F.);
#11149 = ORIENTED_EDGE('',*,*,#3463,.F.);
#11150 = ORIENTED_EDGE('',*,*,#3501,.F.);
#11151 = ORIENTED_EDGE('',*,*,#3541,.F.);
#11152 = ORIENTED_EDGE('',*,*,#2181,.F.);
#11153 = ORIENTED_EDGE('',*,*,#3586,.F.);
#11154 = ORIENTED_EDGE('',*,*,#5114,.F.);
#11155 = ORIENTED_EDGE('',*,*,#2129,.F.);
#11156 = ORIENTED_EDGE('',*,*,#5161,.F.);
#11157 = ORIENTED_EDGE('',*,*,#7679,.F.);
#11158 = ORIENTED_EDGE('',*,*,#7710,.F.);
#11159 = ORIENTED_EDGE('',*,*,#7748,.F.);
#11160 = ORIENTED_EDGE('',*,*,#7772,.F.);
#11161 = ORIENTED_EDGE('',*,*,#7796,.F.);
#11162 = ORIENTED_EDGE('',*,*,#7820,.F.);
#11163 = ORIENTED_EDGE('',*,*,#7844,.F.);
#11164 = ORIENTED_EDGE('',*,*,#7868,.F.);
#11165 = ORIENTED_EDGE('',*,*,#7892,.F.);
#11166 = ORIENTED_EDGE('',*,*,#5351,.F.);
#11167 = ORIENTED_EDGE('',*,*,#2095,.F.);
#11168 = ORIENTED_EDGE('',*,*,#5375,.F.);
#11169 = ORIENTED_EDGE('',*,*,#7909,.F.);
#11170 = ORIENTED_EDGE('',*,*,#7933,.F.);
#11171 = ORIENTED_EDGE('',*,*,#7957,.F.);
#11172 = ORIENTED_EDGE('',*,*,#7999,.F.);
#11173 = ORIENTED_EDGE('',*,*,#8038,.F.);
#11174 = ORIENTED_EDGE('',*,*,#8052,.F.);
#11175 = ORIENTED_EDGE('',*,*,#8090,.F.);
#11176 = ORIENTED_EDGE('',*,*,#8114,.F.);
#11177 = ORIENTED_EDGE('',*,*,#8138,.F.);
#11178 = ORIENTED_EDGE('',*,*,#5558,.F.);
#11179 = ORIENTED_EDGE('',*,*,#2061,.F.);
#11180 = ORIENTED_EDGE('',*,*,#5582,.F.);
#11181 = ORIENTED_EDGE('',*,*,#8155,.F.);
#11182 = ORIENTED_EDGE('',*,*,#8179,.F.);
#11183 = ORIENTED_EDGE('',*,*,#8203,.F.);
#11184 = ORIENTED_EDGE('',*,*,#8227,.F.);
#11185 = ORIENTED_EDGE('',*,*,#8251,.F.);
#11186 = ORIENTED_EDGE('',*,*,#8275,.F.);
#11187 = ORIENTED_EDGE('',*,*,#8299,.F.);
#11188 = ORIENTED_EDGE('',*,*,#8339,.F.);
#11189 = ORIENTED_EDGE('',*,*,#7648,.T.);
#11190 = ORIENTED_EDGE('',*,*,#5799,.F.);
#11191 = ORIENTED_EDGE('',*,*,#2027,.F.);
#11192 = ORIENTED_EDGE('',*,*,#5821,.T.);
#11193 = ORIENTED_EDGE('',*,*,#3735,.F.);
#11194 = ORIENTED_EDGE('',*,*,#1975,.F.);
#11195 = ORIENTED_EDGE('',*,*,#3782,.F.);
#11196 = ORIENTED_EDGE('',*,*,#3837,.F.);
#11197 = ORIENTED_EDGE('',*,*,#3851,.F.);
#11198 = ORIENTED_EDGE('',*,*,#3898,.F.);
#11199 = ORIENTED_EDGE('',*,*,#3929,.F.);
#11200 = ORIENTED_EDGE('',*,*,#3960,.F.);
#11201 = ORIENTED_EDGE('',*,*,#3991,.F.);
#11202 = ORIENTED_EDGE('',*,*,#4022,.F.);
#11203 = ORIENTED_EDGE('',*,*,#4053,.F.);
#11204 = ORIENTED_EDGE('',*,*,#4084,.F.);
#11205 = ORIENTED_EDGE('',*,*,#4115,.F.);
#11206 = ORIENTED_EDGE('',*,*,#1941,.F.);
#11207 = ORIENTED_EDGE('',*,*,#4137,.F.);
#11208 = ORIENTED_EDGE('',*,*,#4168,.F.);
#11209 = ORIENTED_EDGE('',*,*,#4199,.F.);
#11210 = ORIENTED_EDGE('',*,*,#4230,.F.);
#11211 = ORIENTED_EDGE('',*,*,#4261,.F.);
#11212 = ORIENTED_EDGE('',*,*,#4292,.F.);
#11213 = ORIENTED_EDGE('',*,*,#4323,.F.);
#11214 = ORIENTED_EDGE('',*,*,#4354,.F.);
#11215 = ORIENTED_EDGE('',*,*,#4385,.F.);
#11216 = ORIENTED_EDGE('',*,*,#4416,.F.);
#11217 = ORIENTED_EDGE('',*,*,#4447,.F.);
#11218 = ORIENTED_EDGE('',*,*,#4478,.F.);
#11219 = ORIENTED_EDGE('',*,*,#4509,.F.);
#11220 = ORIENTED_EDGE('',*,*,#4540,.F.);
#11221 = ORIENTED_EDGE('',*,*,#4571,.F.);
#11222 = ORIENTED_EDGE('',*,*,#4602,.F.);
#11223 = ORIENTED_EDGE('',*,*,#4633,.F.);
#11224 = ORIENTED_EDGE('',*,*,#4664,.F.);
#11225 = ORIENTED_EDGE('',*,*,#4695,.F.);
#11226 = ORIENTED_EDGE('',*,*,#1907,.F.);
#11227 = ORIENTED_EDGE('',*,*,#4717,.F.);
#11228 = ORIENTED_EDGE('',*,*,#4748,.F.);
#11229 = ORIENTED_EDGE('',*,*,#4779,.F.);
#11230 = ORIENTED_EDGE('',*,*,#4810,.F.);
#11231 = ORIENTED_EDGE('',*,*,#4841,.F.);
#11232 = ORIENTED_EDGE('',*,*,#4872,.F.);
#11233 = ORIENTED_EDGE('',*,*,#4903,.F.);
#11234 = ORIENTED_EDGE('',*,*,#4934,.F.);
#11235 = ORIENTED_EDGE('',*,*,#4988,.F.);
#11236 = ORIENTED_EDGE('',*,*,#3681,.T.);
#11237 = ORIENTED_EDGE('',*,*,#3635,.F.);
#11238 = ORIENTED_EDGE('',*,*,#1873,.F.);
#11239 = ORIENTED_EDGE('',*,*,#3712,.T.);
#11240 = ORIENTED_EDGE('',*,*,#6049,.T.);
#11241 = ORIENTED_EDGE('',*,*,#1821,.F.);
#11242 = ORIENTED_EDGE('',*,*,#6096,.F.);
#11243 = ORIENTED_EDGE('',*,*,#9381,.T.);
#11244 = ORIENTED_EDGE('',*,*,#9412,.F.);
#11245 = ORIENTED_EDGE('',*,*,#9450,.F.);
#11246 = ORIENTED_EDGE('',*,*,#9474,.F.);
#11247 = ORIENTED_EDGE('',*,*,#9498,.F.);
#11248 = ORIENTED_EDGE('',*,*,#9522,.F.);
#11249 = ORIENTED_EDGE('',*,*,#9546,.F.);
#11250 = ORIENTED_EDGE('',*,*,#9570,.F.);
#11251 = ORIENTED_EDGE('',*,*,#9594,.F.);
#11252 = ORIENTED_EDGE('',*,*,#6286,.F.);
#11253 = ORIENTED_EDGE('',*,*,#1787,.F.);
#11254 = ORIENTED_EDGE('',*,*,#6310,.F.);
#11255 = ORIENTED_EDGE('',*,*,#9611,.F.);
#11256 = ORIENTED_EDGE('',*,*,#9635,.F.);
#11257 = ORIENTED_EDGE('',*,*,#9659,.F.);
#11258 = ORIENTED_EDGE('',*,*,#9701,.F.);
#11259 = ORIENTED_EDGE('',*,*,#9740,.T.);
#11260 = ORIENTED_EDGE('',*,*,#9754,.F.);
#11261 = ORIENTED_EDGE('',*,*,#9792,.F.);
#11262 = ORIENTED_EDGE('',*,*,#9816,.F.);
#11263 = ORIENTED_EDGE('',*,*,#9840,.F.);
#11264 = ORIENTED_EDGE('',*,*,#6493,.F.);
#11265 = ORIENTED_EDGE('',*,*,#1753,.F.);
#11266 = ORIENTED_EDGE('',*,*,#6517,.F.);
#11267 = ORIENTED_EDGE('',*,*,#9857,.F.);
#11268 = ORIENTED_EDGE('',*,*,#9881,.F.);
#11269 = ORIENTED_EDGE('',*,*,#9905,.F.);
#11270 = ORIENTED_EDGE('',*,*,#9929,.F.);
#11271 = ORIENTED_EDGE('',*,*,#9953,.F.);
#11272 = ORIENTED_EDGE('',*,*,#9977,.F.);
#11273 = ORIENTED_EDGE('',*,*,#10001,.F.);
#11274 = ORIENTED_EDGE('',*,*,#10043,.F.);
#11275 = ORIENTED_EDGE('',*,*,#10065,.F.);
#11276 = ORIENTED_EDGE('',*,*,#6734,.F.);
#11277 = ORIENTED_EDGE('',*,*,#1719,.F.);
#11278 = ORIENTED_EDGE('',*,*,#5003,.F.);
#11279 = FACE_BOUND('',#11280,.T.);
#11280 = EDGE_LOOP('',(#11281));
#11281 = ORIENTED_EDGE('',*,*,#1523,.T.);
#11282 = FACE_BOUND('',#11283,.T.);
#11283 = EDGE_LOOP('',(#11284,#11285,#11286,#11287,#11288));
#11284 = ORIENTED_EDGE('',*,*,#1278,.T.);
#11285 = ORIENTED_EDGE('',*,*,#1242,.T.);
#11286 = ORIENTED_EDGE('',*,*,#1251,.T.);
#11287 = ORIENTED_EDGE('',*,*,#1260,.T.);
#11288 = ORIENTED_EDGE('',*,*,#1269,.T.);
#11289 = FACE_BOUND('',#11290,.T.);
#11290 = EDGE_LOOP('',(#11291,#11292,#11293,#11294,#11295));
#11291 = ORIENTED_EDGE('',*,*,#1338,.T.);
#11292 = ORIENTED_EDGE('',*,*,#1302,.T.);
#11293 = ORIENTED_EDGE('',*,*,#1311,.T.);
#11294 = ORIENTED_EDGE('',*,*,#1320,.T.);
#11295 = ORIENTED_EDGE('',*,*,#1329,.T.);
#11296 = PLANE('',#11297);
#11297 = AXIS2_PLACEMENT_3D('',#11298,#11299,#11300);
#11298 = CARTESIAN_POINT('',(-5.805726309133E-16,1.18595605802E-15,2.65)
  );
#11299 = DIRECTION('',(-0.,-0.,-1.));
#11300 = DIRECTION('',(-1.,0.,0.));
#11301 = ADVANCED_FACE('',(#11302),#11309,.T.);
#11302 = FACE_BOUND('',#11303,.T.);
#11303 = EDGE_LOOP('',(#11304,#11305,#11306,#11307,#11308));
#11304 = ORIENTED_EDGE('',*,*,#1684,.F.);
#11305 = ORIENTED_EDGE('',*,*,#1568,.T.);
#11306 = ORIENTED_EDGE('',*,*,#5010,.T.);
#11307 = ORIENTED_EDGE('',*,*,#1702,.F.);
#11308 = ORIENTED_EDGE('',*,*,#1693,.F.);
#11309 = PLANE('',#11310);
#11310 = AXIS2_PLACEMENT_3D('',#11311,#11312,#11313);
#11311 = CARTESIAN_POINT('',(4.136734837779,4.136734837779,0.65));
#11312 = DIRECTION('',(-0.,-0.,-1.));
#11313 = DIRECTION('',(-1.,0.,0.));
#11314 = ADVANCED_FACE('',(#11315),#11322,.T.);
#11315 = FACE_BOUND('',#11316,.T.);
#11316 = EDGE_LOOP('',(#11317,#11318,#11319,#11320,#11321));
#11317 = ORIENTED_EDGE('',*,*,#3570,.F.);
#11318 = ORIENTED_EDGE('',*,*,#2164,.F.);
#11319 = ORIENTED_EDGE('',*,*,#2155,.F.);
#11320 = ORIENTED_EDGE('',*,*,#2146,.F.);
#11321 = ORIENTED_EDGE('',*,*,#5121,.T.);
#11322 = PLANE('',#11323);
#11323 = AXIS2_PLACEMENT_3D('',#11324,#11325,#11326);
#11324 = CARTESIAN_POINT('',(4.136734837779,-4.136734837779,0.65));
#11325 = DIRECTION('',(-0.,-0.,-1.));
#11326 = DIRECTION('',(-1.,0.,0.));
#11327 = ADVANCED_FACE('',(#11328),#11335,.T.);
#11328 = FACE_BOUND('',#11329,.T.);
#11329 = EDGE_LOOP('',(#11330,#11331,#11332,#11333,#11334));
#11330 = ORIENTED_EDGE('',*,*,#5828,.F.);
#11331 = ORIENTED_EDGE('',*,*,#2010,.F.);
#11332 = ORIENTED_EDGE('',*,*,#2001,.F.);
#11333 = ORIENTED_EDGE('',*,*,#1992,.F.);
#11334 = ORIENTED_EDGE('',*,*,#3726,.F.);
#11335 = PLANE('',#11336);
#11336 = AXIS2_PLACEMENT_3D('',#11337,#11338,#11339);
#11337 = CARTESIAN_POINT('',(-4.136734837779,-4.136734837779,0.65));
#11338 = DIRECTION('',(-0.,-0.,-1.));
#11339 = DIRECTION('',(-1.,0.,0.));
#11340 = ADVANCED_FACE('',(#11341),#11348,.T.);
#11341 = FACE_BOUND('',#11342,.T.);
#11342 = EDGE_LOOP('',(#11343,#11344,#11345,#11346,#11347));
#11343 = ORIENTED_EDGE('',*,*,#3705,.T.);
#11344 = ORIENTED_EDGE('',*,*,#1856,.F.);
#11345 = ORIENTED_EDGE('',*,*,#1847,.F.);
#11346 = ORIENTED_EDGE('',*,*,#1838,.F.);
#11347 = ORIENTED_EDGE('',*,*,#6056,.F.);
#11348 = PLANE('',#11349);
#11349 = AXIS2_PLACEMENT_3D('',#11350,#11351,#11352);
#11350 = CARTESIAN_POINT('',(-4.136734837779,4.136734837779,0.65));
#11351 = DIRECTION('',(-0.,-0.,-1.));
#11352 = DIRECTION('',(-1.,0.,0.));
#11353 = ( GEOMETRIC_REPRESENTATION_CONTEXT(3) 
GLOBAL_UNCERTAINTY_ASSIGNED_CONTEXT((#11357)) 
GLOBAL_UNIT_ASSIGNED_CONTEXT((#11354,#11355,#11356)) 
REPRESENTATION_CONTEXT('Context #1',
  '3D Context with UNIT and UNCERTAINTY') );
#11354 = ( LENGTH_UNIT() NAMED_UNIT(*) SI_UNIT(.MILLI.,.METRE.) );
#11355 = ( NAMED_UNIT(*) PLANE_ANGLE_UNIT() SI_UNIT($,.RADIAN.) );
#11356 = ( NAMED_UNIT(*) SI_UNIT($,.STERADIAN.) SOLID_ANGLE_UNIT() );
#11357 = UNCERTAINTY_MEASURE_WITH_UNIT(LENGTH_MEASURE(2.E-07),#11354,
  'distance_accuracy_value','confusion accuracy');
#11358 = PRODUCT_RELATED_PRODUCT_CATEGORY('part',$,(#7));
ENDSEC;
END-ISO-10303-21;
