:10400000007F0020A985000051840000A5850000E4
:10401000A5850000A5850000A5850000A5850000F8
:10402000000000000000000000000000A585000066
:10403000A585000000000000A5850000A585000002
:104040000000000000000000000000000000000070
:104050000000000000000000000000000000000060
:104060000000000000000000000000000000000050
:104070000000000000000000000000000000000040
:104080000000000000000000000000000000000030
:104090000000000000000000000000000000000020
:1040A0000000000000000000000000000000000010
:1040B0000000000000000000000000000000000000
:1040C00010B5054C237833B9044B13B10448AFF352
:1040D00000800123237010BD50020020000000006A
:1040E000D81C010008B5034B1BB103490348AFF3CB
:1040F000008008BD0000000054020020D81C010010
:10410000084611460AF0FCBC084609F097BF08466D
:1041100009F08CBF4FF6FF7399421FBF0368CA09AD
:1041200003EBC20301F07F011ABF586800EBC10026
:104130000020704770B5044616460D46084609B182
:104140000AF05AFDC4E900502672204670BD2DE9E0
:10415000F84F05680446A16831B10B68A3602B686D
:1041600028465B689847F6E7266804F10C0B0D4675
:104170008946228EE76AABB29A420FD907EBC30891
:104180009A46D8F8041019B1336830465B689847EE
:1041900047F83A900135C8F80490EAE700232386EF
:1041A000BB454FF6FF73A38604D0336839465B687E
:1041B000304698472046BDE8F88F38B5C588044694
:1041C00001F12C002946FFF7A5FFA580206008B16A
:1041D000C388E38038BD38B5436A034400251D71A8
:1041E0000446011D006806F0D7F900B16562606AF7
:1041F00038BD38B5436A01331F2B04460D4606D837
:10420000636A5A1C62621C440120257138BDFFF7A5
:10421000E2FF0028F4D00020F8E72DE9F047037909
:10422000DA0705460C4611D50168A36800226BB178
:10423000994233D18B882068013B9BB28B802BB98C
:104240000B684AB3136003685B6898472B79DB06F9
:1042500008D52E8804F12C003146FFF75BFFA38EB2
:104260000380A6862B7913F0600F1CD02E884FF6A2
:10427000FF7A04F12C09564513D031464846FFF722
:1042800049FF21460746B0F80680FFF7C6FFA38E18
:104290003B80A6864646EEE7A360D4E71A461B6835
:1042A000C5E72E806E8000232B71BDE8F08770B5C6
:1042B000002406462546B3689C4207D22146304674
:1042C00006F06FF9013455FA80F5F4E7A8B270BD35
:1042D00008B506F0A1FD003018BF012008BD102070
:1042E000FFF7F6BF08B50F2005F00EFE07EE900AA7
:1042F000F8EEE77AB1EE047A67EE877A9FED037AFB
:1043000087EE870A30EE000A08BD00BF00C07F4478
:1043100008B50E2005F0F8FD07EE900AB8EEE77A32
:10432000F1EE047A27EE277ADFED096AC7EE267AE6
:10433000B0EE047A77EEC77A9FED067A87EE870AA9
:10434000B5EEC00AF1EE10FAD8BF9FED030A08BD22
:1043500000C07F44A4703D3E00000000C0E9001290
:10436000072282600122027370478B8C30B5013BBB
:104370000D6A9AB205EBC204616849B1638835F8E9
:1043800032509D4204D95D1C11EBC301658005D1FB
:10439000002303604FF6FF73838030BD016003EBA1
:1043A000C213F9E72DE9F74F8D8E4FF6FF739D424B
:1043B00006460C460ED0294604F12C00FFF7AAFE53
:1043C0000388A386002303714FF6FF73C380306018
:1043D000B58061E00B8E0F6801F10C0843B16846AF
:1043E0004146FFF7C2FF009810B1BDF80450E9E75D
:1043F000228E638E934218D1B3F5007F45D05B00C7
:104400009DB2E36A396898454FEAC50235D10B6819
:104410003846114698478146002836D0202241462A
:1044200009F026FEC4F82C906586B4F83090D4F8D4
:104430002CB009F101039BB2B3F5007F23863B68E2
:104440000CBF7F258025E9001B68384698470BEB99
:10445000C90A002808BF00250023CAF80400414605
:104460002BF839506846AAF80230FFF77EFF009813
:10447000BDF804500028A5D107E0D1F808903846CF
:104480001946C84781460028CCD101232371002357
:1044900033604FF6FF73B380304603B0BDE8F08F52
:1044A00007B50368082203EBC101684609F0E0FD87
:1044B0009DED000B03B05DF804FB2DE9FF410646BE
:1044C00004A800E90E00019DDDF82880002D67D0CA
:1044D0009DF80C7037B1042333713560384604B051
:1044E000BDE8F081029C032C1BD82A463B46E0B273
:1044F000511BC9B2884206D912F9011B002908BF15
:1045000043F00103F4E763B902223271DAB2904258
:1045100003D9EA56F2540133F8E700233355012753
:10452000DCE7D8F80800B0B1C3889C420AD1002368
:104530009C4209D0C218E95692F90820914201D153
:104540000133F5E70068EEE78388013383800523B4
:1045500033713060E3E7B4F5803F14D2092161186C
:1045600011D2D8F8000003681B68984758B101239E
:104570008380C48000F1080200239C4207D0E956E2
:10458000D1540133F9E7012388F80430A6E7044445
:1045900000232372D8F808300360C8F80800D6E773
:1045A0002F469BE72DE9F04F91B003AC84E80E0055
:1045B000074694E807000AAD1A9E85E80B0080467E
:1045C00020BB0D904FF6FF73ADF8383010AD55F8A5
:1045D0000C3D43B131462846FFF7EFFDDDF834804E
:1045E000B8F1000F0ED194E8070085E807003146C6
:1045F00006A8FFF7D7FEDDF81890B9F1000F50D1EB
:104600004FF00008404611B0BDE8F08F3D88DDF85E
:104610002CA0294606F12C00FFF77CFDADF82450B4
:10462000089010B3C388ADF826300125AB464FF093
:104630000009089999B35DB30B79042B18D0052BA9
:1046400019D0022B1FD100220DA8FFF773FD0E9A7F
:1046500052451DD10D9900239A4247D018F903C045
:10466000C856844514D10133F6E74FF6FF73DAE7F5
:1046700001220968E8E70B68DA888DF83C90083376
:10468000CDE90D32E3E7CDE90D998DF83CB0DEE7D9
:10469000314608A885F00105FFF78FFDC9E70D91A8
:1046A00090E7314608A8FFF77DFEDDF82080B8F1DD
:1046B000000FA5D0009695E80E004846FFF7FDFED6
:1046C00000289DD0BDF82440A9F806407988BDF89F
:1046D0001C504FF6FF73994206D006F12C00FFF7ED
:1046E00019FDC5807C808DE73D80FBE708AA92E834
:1046F00003000DAB83E8030068E770B5036813F1AE
:10470000380686B002D1002006B070BD021D07CA6F
:1047100003AC84E8070002460028F4D093F83C106C
:1047200071B9202183F83C104FF6FF711987598722
:104730000392009394E80E003046FFF733FFE3E75F
:104740002029F5D0DFE710B52DED028B0446B0EE41
:10475000408AFFF7D2FF2168044630B1FFF75DFDC4
:104760000E23237184ED008A0120BDEC028B10BD65
:1047700038B504460D46FFF7C0FF2168044628B14E
:10478000FFF74BFD062323712570012038BDF8B5D6
:10479000054616460C468F18BC4205D014F8011B7E
:1047A0002846FFF726FDF7E7AB6A3344AB62F8BD56
:1047B00038B5054608460C460AF01EFA2146024660
:1047C0002846FFF7E4FF38BD2DE9F04186B00DF132
:1047D0001604054616461F46A046304639460A22AC
:1047E000002309F095FA303204F8012D00233046F9
:1047F00039460A2209F08CFA06460F4656EA0703A4
:10480000EBD1A8EB040221462846FFF7C0FF06B013
:10481000BDE8F08110B50446FFF7EBFCA36A18442D
:10482000A06210BD2DE9F0410D4622211646044636
:10483000FFF7F0FFDFF850802E44B54215D015F990
:10484000011B104B13F9027CAFB1023313F9032C97
:104850008A42F7D15C212046FFF7DCFFF9B20DE078
:1048600041462046FFF7A4FFE7E722212046FFF755
:10487000D1FFBDE8F0810029F2D0C9B22046FFF790
:10488000C9FFDAE7A20D0100AF0D010070B5002AE3
:104890001D4675F100030646144605DA2D21FFF783
:1048A000B9FF644265EB450522462B463046FFF7CB
:1048B0008BFF70BDFFFFFFFF2DE9F04F5BEC10ABEE
:1048C0008BB007460D4610EE102A5B4610EE100A1C
:1048D000594609F015F930B9AF493846FFF768FF76
:1048E0000BB0BDE8F08F002200235046594609F076
:1048F00007F968B952465B465046594608F0E2FC53
:1049000002460B465046594609F0FAF80028E3D112
:10491000002200235046594609F0FCF830B12D2101
:104920003846FFF777FF0BF100439B4601230193C5
:104930002C460A2324B1019A5A43013C0192F9E71B
:1049400091A3D3E900235046594609F0F7F800280F
:104950006AD0DFF850924FF008084FF48076414655
:1049600004A8CDF81090FFF79BFD52465B4651EC32
:10497000100B09F0D9F878B1884B0493414604A88C
:10498000FFF78EFD5046594653EC102B08F050FEB1
:10499000344482468B4624B218F1FF384FEA66064B
:1049A000DDD2CDF80C80002200235046594609F094
:1049B000CFF800283DD076A3D3E9002350465946CE
:1049C00009F0B2F8A8B300230293DDE90223A3EBB8
:1049D000020919F0800F2CD10DF128086F4B48F80F
:1049E000183D49464046FFF75BFD00226C4B51ECF9
:1049F000100B08F01DFE52465B4609F0A9F878B18D
:104A0000684B049349464046FFF74AFD50465946D5
:104A100053EC102B08F00CFEA41B82468B4624B2EC
:104A2000029B76100133CFE708234FF4807603937F
:104A3000B9E75046594609F0ABF80A220646034644
:104A4000092B08D9B3FBF2F3013D0199B1FBF2F157
:104A50006DB20191F4E7304608F070FD02460B4656
:104A60005046594608F02CFC80460198894608F0CB
:104A700065FD02460B464046494608F0D9FD804692
:104A8000894609F085F8824608F058FD02460B4633
:104A90004046494608F014FC0B46024608F012FC5A
:104AA00009F076F8019B0AEB0008434508D8013667
:104AB00094B1092E10D9013424B24FF00008012618
:104AC0000A22B8FBF2F302FB138141B9002D06DD87
:104AD000013D98466DB2F4E74FF00008F0E70DF1A4
:104AE00026010A22B6FBF2F302FB1366303601F808
:104AF000016D1E46002BF5D10DF12606721A3846BF
:104B0000FFF745FEEDB108AA2B4611464FF00A0CFF
:104B1000013B5BB2581C09D0B8FBFCF00CFB1088C1
:104B200008F1300802F8018D8046F1E7EDB2EB4361
:104B30004D1B2E2205F8012C19445A423846FFF726
:104B400026FE002C3FF4CCAE65213846FFF762FE0E
:104B5000002CA5B205DA2D213846FFF75BFE6D4229
:104B6000ADB231460A22B5FBF2F302FB13553035E4
:104B700001F8015D9DB2002DF5D1721A3846FFF79C
:104B800006FEADE6AFF3008000000000D0126341E6
:104B9000F168E388B5F8E43E970D0100900C010040
:104BA00000002440D80C01002DE9FF41057906469C
:104BB0000C46018815F0100003D002F12C00FFF71D
:104BC000A9FA0C2D00F0998016D8042D00F08780EA
:104BD00006D8022D78D0032D00F08880504998E047
:104BE000062D00F093807DD30A2DF7D13268002383
:104BF0002046FFF7E9FD1DE01C2D00F0848006D85B
:104C00000E2D0ED01A2DE9D1D0E90023F0E7202D8A
:104C100035D0402D12D01E2DE0D1092190ED000B92
:104C200005E0306808F0ACFC41EC100B0621204692
:104C3000FFF742FEA06A04B0BDE8F0815B21204688
:104C4000FFF7E8FD35884FF6FF76B54212D0E76AE8
:104C5000294607F12C00FFF75DFA05463A46214642
:104C6000FFF7A2FFED88B542EFD02C212046FFF7D9
:104C7000D1FDEAE75D212046FFF7CCFDDAE77B2195
:104C80002046FFF7C7FD4FF6FF7735880126BD4266
:104C900018D0D4F82C80294608F12C00FFF73AFAF6
:104CA000054642462146FFF77FFFED88BD4206D00C
:104CB000002E0CBF2C213A212046FFF7ABFD86F0D9
:104CC0000106E4E77D21D6E70022314601A8FFF77F
:104CD00031FADDE901122046FFF7A4FDAAE701221F
:104CE0003168F3E73168CA880831F4E73168204653
:104CF000CA880831FFF74BFD9CE73268D31720467E
:104D0000FFF7C4FD96E7D0E90023F8E7337823B135
:104D100004492046FFF74CFD8CE70349F9E700BF43
:104D2000970D0100B60D0100BB0D01002DE9F04308
:104D3000B7B06B46002783E8030002AD3946104642
:104D400002920B9705F0ECFB0FCD0CAC0FC40FCD0E
:104D50000FC495E8030084E803000CAE0FCE16AD37
:104D6000DDE900890FC50FCE0FC594E8030085E883
:104D7000030016AE0FCE20AC0FC40FCE0FC495E8C3
:104D8000030020AE84E803000FCE2AAD0FC50FCE7E
:104D90000FC594E8030085E8030020A83497FFF7C7
:104DA0001AFA16A8CDF8D490FFF715FAB8F1000F4B
:104DB00012D04A462AA94046FFF7F6FE04462AA822
:104DC000FFF709FA0CA8FFF706FA02A8FFF703FAA3
:104DD000204637B0BDE8F08302492AA8FFF7E8FC77
:104DE000349CECE7970D01002DE9F04F2DED028B7F
:104DF0009FB08F4B0E9311AA00238DF83C30109377
:104E000019928DF874304FF480228A4B1A920B93CA
:104E10004FF6FF7201230EAC04260AA8ADF86C20F1
:104E2000ADF876200A940C968DF83430FFF765FCC7
:104E30000A99054620B1FFF7F0F97F4B2E712B60E0
:104E40007E4B0B9303230C930AA801230A948DF83D
:104E50003430FFF752FC0A99054628B1FFF7DDF917
:104E60000C232B7100232B60754A21460AA8FFF7FB
:104E700075FA00210AA8FFF77BFC724B0B930623FF
:104E80000C930AA801230A948DF83430FFF735FCFF
:104E90000A99054638B1FFF7C0F940232B714FF648
:104EA000FF732B806B800A9F00264FF00C094FF692
:104EB000FF7A654B985DFFF70BFA8346EDB13946F3
:104EC0000AA8FFF76FFA0A9ABAB13946104601925A
:104ED000BDF82C80FFF7A1F9019A82F80490C2F87E
:104EE00000B06988514500F09F8007F12C00FFF762
:104EF00011F9A0F80680A5F802800136062ED8D157
:104F0000FFF7F0F9514A2146B0EE408A0AA8FFF7B0
:104F100025FAB0EE480A0AA8FFF715FCFFF7F8F9E2
:104F20004B4A2146B0EE408A0AA8FFF717FAB0EEC6
:104F3000480A0AA8FFF707FCFFF7D1F9454B0B9386
:104F400001460A2301250AA80C938DF834500A94CF
:104F5000FFF70EFC404B0B930AA805238DF8345045
:104F60000A940C93FFF7C9FB0A99054628B1FFF78D
:104F700054F904232B71394B2B6006F061F8384B40
:104F80000A941F68374B0B930E230C93054601239D
:104F90000AA88DF83430FFF7B0FB0A99064628B10D
:104FA000FFF73BF9ED1B0A23337135602E4904A846
:104FB00005F085FA1CABCDE9023402AB04AA93E8F4
:104FC0000300FFF7B3FE04A8FFF771F9069B05463F
:104FD000013B002204A907A805F0ECFA234907A821
:104FE00005F0DAFA0A2229460AA805F087FA0AA982
:104FF00007A805F0C0FA0AA805F016FA1C4907A888
:1050000005F0CAFA07A91B4805F0D8F907A805F06A
:105010000BFA04A805F008FA2046FFF798F81FB02D
:10502000BDEC028BBDE8F08FA5F8008063E700BF00
:1050300000000020200D0100250D01002F0D0100B2
:10504000330D01003B0D0100910D0100420D0100E7
:105050004A0D0100520D0100C11001005D0D01005B
:1050600070020020750D0100AE0D0100840D0100DD
:105070008E0D0100C803002038B54FF4E13110480F
:10508000104D04F0A7FB0A2005F010F801210D20B7
:1050900005F09EFE00210D2005F0B2FE0221102039
:1050A00005F096FE0024285D0221013405F090FEF3
:1050B000062CF8D105F0C4FF034B186038BD00BFC3
:1050C000C8030020910D01007002002038B5104D7A
:1050D000104C0F4804F0C5FB014630B1284604F0DF
:1050E00021FC05F0ADFF2060F3E70D200A4C05F030
:1050F00087FE05F0A5FF2368C01A632806D905F0CE
:105100009FFF2060BDE83840FFF76EBE38BD00BF8E
:10511000C8030020700200206C02002008B505F0D2
:1051200031FF002008BD27207047704737B5FFF7D3
:10513000FCFF01210D2005F04BFE00210D2005F0A4
:105140005FFE68460722032108F01AF8BDF8003018
:105150001C4CC3F384130125684607220521E5543E
:1051600008F00EF8BDF80030C3F384136846072238
:105170000621E55408F004F8BDF80030C3F38413A9
:10518000684607220921E55407F0FAFFBDF8003010
:10519000C3F38413684607220A21E55407F0F0FFA1
:1051A000BDF80030C3F3841307220B216846E55491
:1051B00007F0E6FFBDF80030C3F38413E55403B0F5
:1051C00030BD00BF5203002030B5836A85B004466D
:1051D0008C4601ADABB193E8070085E80700626833
:1051E000117883F804C0E26A9A6019601846626A0E
:1051F0009047A36A1BB195E8070083E8070005B054
:1052000030BD2B46EBE700BF10B4EFF30383103B38
:105210005BB203F1C001204A204C52F821006FF329
:10522000104042F8210054F82330D3E906218A4285
:105230001BD0186940B393F820400F2C0BD9996804
:10524000496840F82210D96901328A429A610CD02B
:105250005DF8044B7047072C19D899680979815477
:10526000D96901328A429A61F2D15B680C4993F99B
:1052700003305DF8044B5809012203F01F0302FAC2
:1052800003F341F82030704798684068DCE79C6879
:10529000A48820F81240D7E700600040C002002038
:1052A00000E100E0F0B5EFF30383103B5BB203F1E4
:1052B000C0022F492F4C51F822006FF3104041F8E3
:1052C000220054F823305868026A002A30D092F83D
:1052D00001C0DC695A69BCF1010F17D094420FD0AC
:1052E000D96841B393F820000F280AD80728986896
:1052F00095BF895C31F812100171818001325A61C9
:10530000F0BD986851F822104160F7E704F1FF3EC4
:10531000724513D001690029E0D090F903101648B6
:105320004D0901F01F010CFA01F140F82510D5E7F5
:105330005A69DC69D2E798684160DFE790F903E0D9
:105340000EF1C0064FEA5E10800051F8267000F1A1
:10535000604000F561400EF01F0E0CFA0EF56FF381
:10536000104741F82670C0F880510560B6E700BFCD
:1053700000600040C002002000E100E010B4EFF344
:105380000383103B5BB2324A324C03F1C00152F846
:1053900021006FF3104042F8210054F82300826886
:1053A000D278920706D54268527A012A02D05DF877
:1053B000044B70475909284C0122203103F01F0388
:1053C00002FA03F344F82130BFF34F8FBFF36F8F1E
:1053D000436893F90230002B2FDB5909203103F089
:1053E0001F0302FA03F344F82130BFF34F8FBFF3DA
:1053F0006F8FD0E90114237891F902106FF38613AF
:105400000029237014DB01F1C00C114C4B099B00E7
:1054100001F01F018A4003F1604354F82C1003F59A
:1054200061436FF3104144F82C10C3F880211A60D7
:105430005DF8044B0121FFF7C7BE82685DF8044B9D
:1054400013786FF3861313700121FFF7BDBE00BF01
:1054500000600040C002002000E100E070B5EFF302
:105460000384103C314B64B253F82460736893F9A1
:105470000230002B42DB5A092D492032012003F073
:105480001F0300FA03F341F82230BFF34F8FBFF33D
:105490006F8FD6E9012392F902101A7800296FF371
:1054A00086121A7015DB01F1C00C224D4A099200D8
:1054B00001F01F0100FA01F102F1604255F82C00E1
:1054C00002F561426FF3104045F82C00C2F88011DC
:1054D0001160DA780021D5B21207D97021D4EB0718
:1054E00012D405F01405142D16D0124BC03453F805
:1054F00024206FF3104243F8242070BDB3681A785B
:105500006FF386121A70E4E70421304605F01405A3
:10551000FFF75AFE142DE8D108213046FFF754FE5C
:10552000E3E705213046FFF74FFED8E7C002002031
:1055300000E100E000600040036A70B5044698781E
:1055400000F07B0098700D46217841B32261E2693A
:10555000E5601069002841D0226982B1A378816892
:1055600000688E68E16803F00303013B22FA03F34D
:10557000002222619BB2B04780B9236A21789A78D1
:1055800042F080029A7039BB94F802C00CF0030C10
:10559000BCF1020F1AD02A78DA70002070BD94F89E
:1055A00002C0E0690CF0030E0069A2EB0E0222615A
:1055B00005EB0E02E2600028CED19A780CF0030CC5
:1055C00042F08002BCF1020F9A70E4D12A8842F4C2
:1055D0007E420020DA8170BD002070BD9A7842F0D2
:1055E00080029A7070BD00BF036A91F801C09A787A
:1055F00000B502F07B0E02F00B029A700022C2602E
:105600008878587010461A786CF301021A70CA78BC
:105610009A7493F807C00A780CF0A30102F05C02B8
:105620000A43DA7183F802E05DF804FB10B5D0E9B3
:105630000721002343608B7092F905202F4904460F
:1056400050090123203002F01F0203FA02F241F850
:105650002020BFF34F8FBFF36F8FE26992F90B20C9
:105660005009203002F01F0203FA02F241F8202014
:10567000BFF34F8FBFF36F8FE26992F90720500994
:10568000203002F01F0203FA02F241F82020BFF39B
:105690004F8FBFF36F8FE26992F90920500902F032
:1056A0001F02934000F1200241F82230BFF34F8FD8
:1056B000BFF36F8FE369DA6822B1936810681B6AE1
:1056C0009847E3691B691BB19A681868136A984781
:1056D000EFF31081012383F31088E369084A1C78F3
:1056E000D2F800014FF00043E3400343C2F8003119
:1056F000D2F8003181F31088002010BD00E100E0F5
:10570000006F0440F0B5846A85B005460F469446A4
:105710006E46B4B194E80F0086E80F00EB691B7881
:1057200084F804C02360EB6A2046C4E902736B6A04
:105730009847AC6A1CB196E80F0084E80F0005B0EA
:10574000F0BD3446EAE700BF8C46516830B4029C95
:105750000D6880B91C609CF8010038B9E8784FF0FA
:10576000010C0B346CF30510E8701C609368106832
:105770001B6830BC184704F10C001860EBE700BF51
:105780002DE9F0470D4609780323CB4013F00103C0
:1057900001F1007218BF1023037002F56052837884
:1057A0005201012161F301030262A9696A6942623F
:1057B0000022C0E90A21C56183706B7882B004467B
:1057C00023B98378022262F30103837095F90B00F9
:1057D000594B95F80AC04209203200F01F060121FA
:1057E00001FA06F643F82260BFF34F8FBFF36F8FC5
:1057F000524A534E00F1C0074FEA0C1C52F827E002
:105800006FF3104E42F827E01F185FFA8CFC87F800
:1058100000C346F8204095F9050095F804C04709F3
:10582000203700F01F0E01FA0EFE43F827E0BFF309
:105830004F8FBFF36F8F00F1C00703EB000852F8E2
:1058400027E04FEA0C1C5FFA8CFC6FF3104E42F815
:1058500027E088F800C346F8204095F9070095F83E
:1058600006C04709203700F01F0E01FA0EFE43F86C
:1058700027E0BFF34F8FBFF36F8F00F1C00703EB3B
:10588000000852F827E04FEA0C1C5FFA8CFC6FF31B
:10589000104E42F827E088F800C346F8204095F9FA
:1058A000090095F808C04709203700F01F0E01FADB
:1058B0000EF143F82710BFF34F8FBFF36F8F00F146
:1058C000C0074FEA0C1152F827C003446FF3104C85
:1058D00042F827C0C9B283F80013EA6846F82040AE
:1058E00072B153681B684FF4002143F8041B216A0E
:1058F00005310091E1692078FFF726FF0646B0B92F
:105900002A69FAB153681B684FF0006143F8081B1D
:10591000216A03310091E1692078FFF715FF0646FF
:1059200080B1EB681BB19A681868136A98473046D3
:1059300002B0BDE8F08700BF00E100E00060004079
:10594000C0020020EFF31080012383F31088984BEE
:105950002E78D3F800214FF00041F14022EA0102F5
:10596000C3F80021D3F8003180F31088236AE0697E
:1059700000229A701A715A729A72DA725A832978CE
:1059800040F20722CA40D20744BF4022DA740622FE
:105990001A7722787AB1C168013A002900F0FE80B6
:1059A0000126120391B2314341F006029A829A8A8B
:1059B00092B29142FBD1EA78A978D20042EA011270
:1059C0006978032900F0D780002914BFF221E22171
:1059D000ED69D2B21A7099712A7B520002F002026C
:1059E0005A736A78A97800261E7295F800C0D20111
:1059F000490101F02001D2B20A43ACF102010129B0
:105A000040F2BD80D2B2DA716A6891785970197823
:105A1000567866F301011970D17899741278D979A2
:105A200002F05C0201F0A3010A43DA710027C4E925
:105A30000377C4E9057790F905105E4E01F1C00EB9
:105A40004A0956F82E80920067F3104802F160422E
:105A500046F82E8002F561424FF0010E01F01F0161
:105A60000EFA01F1C2F88011116090F90B1001F1EA
:105A7000C0094A0956F829A0920002F1604202F5D5
:105A8000614267F3104A01F01F0146F829A00EFA9F
:105A900001F1C2F88011116090F9071001F1C009FD
:105AA0004A0956F829A0920002F1604202F56142CB
:105AB00001F01F0167F3104A46F829A00EFA01F120
:105AC000C2F88011116090F9091001F1C0004A0973
:105AD00056F82090920002F1604267F3104946F8B0
:105AE000209002F561420CF0030C01F01F010EFA48
:105AF00001F14CF0700CC2F88011116083F802C003
:105B00006B8923814FF6FF7843452DD0EFF3108149
:105B10008EF31088284A13681BB92848C3704023A5
:105B2000C37013680133136081F3108821892448FE
:105B30000B0A1B0153FA81F150F8213023F00113B5
:105B400023F4404343F0040340F82130EFF3108185
:105B5000012383F31088136813B11368013B1360AA
:105B60001368B3B181F31088164B6360002630468A
:105B700002B0BDE8F08742F04002F22128E7BCF114
:105B8000020F08BF42F01002FF21D2B25970DA7141
:105B90004CE70A4A8020D370D070E3E7C169097AE4
:105BA0001140090201F4706141F00106F9E600BFFD
:105BB000006F044000600040BC020020000D044063
:105BC00000080440554943532DE9F04F1E46FF237A
:105BD000B37033786FF382038BB033708023F3702C
:105BE000554B0992554A1B6A12680191C3F3026131
:105BF0008A40C3F30233DA40514B07900021100A68
:105C000006920891059002910093A2FB03BA099BAA
:105C1000009A93426EDA9DF8203003930027494B97
:105C2000039ADD5DC5F34003C5F3800504932B4360
:105C3000934256D1444B33F81780079B03FB08F877
:105C4000069BB3FBF8F2541EFF2C4AD802FB08F95E
:105C50001DE0059BB9FBF3F37F2B03FB00F040D95C
:105C60000028B8BFFF300012A0F5C330A0380028CC
:105C7000009AB8BF4042824240DC029BF370337806
:105C800043F00403A9EB0809337054B3013C4A46BE
:105C90004FEAE9735846514607F0EAFF019A002A95
:105CA000D7D1A0F5C333A03B002B009AB8BF5B420D
:105CB0009A4216DD0093234BB470DA5D3378C2F359
:105CC000000161F38613049961F3041365F3C303C0
:105CD00033707378C2F3C10262F301037370019BE6
:105CE000029301370D2F9AD1089BF3B1009B099ABB
:105CF00093421DDC00200BB0BDE8F08F0293114BE6
:105D0000049AD95D33780090C1F3000060F38613E4
:105D100062F3041365F3C30333707378B470C1F393
:105D2000C10161F301037370A7E7012308936EE7D4
:105D300003200BB0BDE8F08F00E001404C030020D1
:105D4000A0860100F80F010008100100F0B5EFF384
:105D50000383103B5BB203F1C001344A344C52F868
:105D600021006FF3104042F8210054F82300C3696A
:105D70001B6913B1036913B1F0BD036983B9D0E99D
:105D80000824937803F07F03002143F00403937009
:105D9000C160002CF0D0BDE8F0408022FFF7B2BC1B
:105DA00005785DB3066AF18AC1F30421A9421ED2C7
:105DB0008478C2681F4F04F0030E74460BE092F81B
:105DC00000C086F80FC001311B1B2244A942C0E964
:105DD00003230CD25BB1BEF1020FF0D1B2F800C0C8
:105DE0004CEA070C1FFA8CFCA6F80EC0EBE73279E0
:105DF0006FF3C7123271002BBED1C0E7827802F078
:105E000003010229C1680BD0046A0D78E57002F025
:105E100003029B1A0A44C0E90323002BACD1AEE76E
:105E20000C88056A44F47E44EC81F0E70060004091
:105E3000C002002000FEFFFF10B582B0EFF3038325
:105E4000103B5BB203F1C001574A584C52F8210095
:105E50006FF3104042F8210054F82340E369DB68F7
:105E600013B1A369002B49D122894FF6FF739A42DF
:105E700075D12278236AF2B1D98AC80612D01B8A5A
:105E8000C3F308030193A369FBB9636A2BB104222E
:105E900001992046FFF736FC22782AB1236AD98A75
:105EA000C906E8D1BE221A7123894FF6FF729342C8
:105EB00031D102B010BDA17801F003010229DED07A
:105EC0005B790193A369002BDFD0A278606902F0AF
:105ED000030201A908F0CCF8D4E90521A37803F066
:105EE00003031A44C91AC4E9052129B9636A1BB11D
:105EF00001222046FFF706FC2278CEE7636A0021E4
:105F0000C4E90511002BD4D00122204602B0BDE81F
:105F10001040FFF7F7BB1A0A1201254952FA83F322
:105F200051F8232022F0011222F4404242F00402F0
:105F300041F82320EFF31082012383F310881D4BD7
:105F4000196811B11968013919601B681BB91A4920
:105F50008020CB70C87082F3108802B010BDEFF3C0
:105F60001081012383F31088124B1A681AB9124862
:105F7000C2704022C2701A6801321A6081F3108820
:105F800022890B49130A1B0153FA82F251F822307D
:105F900023F0011323F4404343F0050341F822307A
:105FA000236A227867E700BF00600040C00200203B
:105FB00000080440BC020020000D044010B5EFF3BF
:105FC0000384103C0B4B64B253F82400D0E9082141
:105FD000937803F07B03937019B102220021FFF73D
:105FE00091FB054BC03453F824206FF3104243F863
:105FF000242010BDC00200200060004010B5EFF367
:106000000384103C194B64B253F82400037843B95D
:10601000837803F00303022B03D0036A5979C9B2D2
:1060200003E0036A198AC1F3080193F804C01CF065
:10603000100F0CF0380206D093F81CC01CF0010FB2
:1060400008BF42F0400293F804C00CF0C70C83F87C
:1060500004C0436A0BB1FFF755FB054BC03453F83E
:1060600024206FF3104243F8242010BDC00200200A
:106070000060004030B5436A85B004468C4601ADEF
:10608000ABB193E8070085E807006268117883F8F0
:1060900004C0A26A9A6019601846226A9047636A2F
:1060A0001BB195E8070083E8070005B030BD2B461B
:1060B000EBE700BF10B4EFF30383103B5BB203F1D7
:1060C000C001144A144C52F821006FF3104042F8FA
:1060D000210054F823305A69D9698A4206D2D3E99B
:1060E0000240A8B1805CE07001325A618A4202D05D
:1060F0005DF8044B70471A69002AF9D19A685DF877
:10610000044B937803F07B0343F0040393707047D0
:10611000E070E9E700600040C002002010B4EFF337
:106120000383103B5BB203F1C001174A174C52F8CE
:1061300021006FF3104042F8210054F823305A69CF
:10614000D9698A4206D2D3E90240D0B1805CE070BE
:1061500001325A619A698A4207D29868196940796E
:10616000541C9C618854D3E90621914206D19A6857
:10617000937803F03B0343F0040393705DF8044B02
:106180007047E070E4E700BF00600040C0020020FC
:1061900010B5EFF30384103C0A4B64B2012153F8AD
:1061A00024008268937803F003039370FFF762FF83
:1061B000C034054B53F824206FF3104243F82420D9
:1061C00010BD00BFC00200200060004010B5EFF31A
:1061D0000384103C0C4B64B24FF0840C53F8240041
:1061E00083689A7802F003029A701A7983F804C0DF
:1061F0000421FFF73FFFC034044B53F824206FF312
:10620000104243F8242010BDC0020020006000406E
:1062100003685969A1B190F82D3070B5044603F0B8
:10622000FF0563B98A68038C96680868A1692A46E5
:10623000B047E269C4E90852012384F8333070BDE5
:10624000704700BF70B5866B82B004460B466D4642
:106250003EB396E8030085E80300E26B33712368E0
:1062600032605A6912B194F82D10A1B19B6913B133
:1062700094F82D2052B9636B30469847A36B1BB13D
:1062800095E8030083E8030002B070BD9A681868BF
:1062900013699847EFE7936810681B69984723686C
:1062A000E4E72E46D9E700BFEFF30383103B5BB270
:1062B000044AC03352F823106FF3104142F8231000
:1062C000704700BF0060004070B5EFF30383103BE0
:1062D0005BB2614AC03352F823106FF3104142F8A9
:1062E0002310EFF30383103B5C4A5BB252F8234068
:1062F0002269137BC3F30000DB072CD494F82C3005
:1063000094F82A10994216D094F82D1009B1022B56
:1063100041D02046FFF77CFF236994F82820DA70EB
:1063200094F82B2094F82C30013A013384F82B2078
:1063300084F82C3070BD94F8333003F0FF053BBB7C
:10634000236A93BB94F82E3063B352210123D17298
:1063500084F8303070BD94F82D308BB194F8313022
:1063600073B9636AA1695279CA54D4E9082394F8CD
:106370002E10013A0133C4E9082379B12269E4E718
:10638000002001215423206284F82F10D37270BDA5
:1063900084F8330070BD5223D37270BD2369542238
:1063A000DA7270BD5423D37270BD94F82D1041B9C8
:1063B000616AA069013B405C0131C4E90831D070D9
:1063C00070BD94F8311000292ED0216884F8315026
:1063D0004869002838D08969002935D0E069022849
:1063E00032D98E68831E0868B668F42191709BB21A
:1063F000A2692946B0472268E3695269916810682A
:106400008E68023B9BB22A462946B047E36922695F
:106410000220023BC4E90803012184F83310002361
:10642000FF209372D070CBE7636AA1695279CA5496
:10643000D4E90832013B0132012BC4E90832226958
:1064400004D0FF20D070BBE7012BE8D12023FF2030
:106450009372D070B4E700BF00600040C00200201B
:1064600010B582B0EFF30383103B374A5BB252F8AA
:1064700023000269D37A6FF3C303D37290F82F30ED
:10648000ABBB90F82A1003F0FF0C90F82C30994227
:106490001BD1036A5BB990F82D1090F830400029A9
:1064A00014BF02210321A4B3D372FFF7CBFEEFF395
:1064B0000383103B5BB2254AC03352F823106FF3BD
:1064C000104142F8231002B010BDB3B9012929D000
:1064D00090F829C00021D17282F803C090F82B20D7
:1064E0000133013A80F82B2080F82C30DFE7F023CD
:1064F000D3720121FFF7A6FED9E790F82D4004F0F2
:10650000FF016CB1022BE5D190F829C04CF0010CD1
:10651000E0E7F023D372937803F0CF039370C4E7DE
:106520008C46D7E70190FFF773FE019890F82A3068
:10653000012B05D190F828C0026990F82C30C9E7EA
:10654000026990F82C30C3E7C002002000600040D0
:10655000F0B583B0EFF30384103C154B64B253F8ED
:106560002450EF68BFB16A682B6992F90D20121BA5
:1065700018BF01226E46C3B193E8030086E803000A
:106580001A706A695A601846B8472B691BB196E8B9
:10659000030083E80300074BC03453F824206FF353
:1065A000104243F8242003B0F0BD3346E8E700BFB3
:1065B000C002002000600040EFF30383103B5BB299
:1065C0000649074A51F823100120C033087252F8D7
:1065D00023106FF3104142F823107047C0020020CF
:1065E000006000400B0A1B01044853FA81F150F887
:1065F0002130C3F3400300201370704700080440AB
:10660000C8B2012383404AB91A040B0A5B0103F1A3
:10661000804303F5802300209A6070479AB2F4E724
:1066200038B50488002C4DD043680021043303EBB7
:10663000C40040F202450C4640F2034C40F2044EC6
:106640000FE0624530D153F8042C02F0B852B2F199
:10665000807F14BF41F0020144F0020408338342FA
:1066600011D01A88AA42ECD153F8042C02F0B85287
:10667000B2F1807F03F1080314BF41F0010144F03F
:1066800001048342EDD1C943CDB2012001F042FFA4
:106690000D4B93F8BB2414432C4083F8BB440120DA
:1066A000BDE8384001F006BF7245D7D153F8042C3D
:1066B00002F0B852B2F1807F0CBF44F0040441F004
:1066C0000401CBE7FF25E0E700E0014070B584B0AE
:1066D00002AB012668460C461546ADF80C10029236
:1066E000ADF800600193FFF79BFFEFF3108286F394
:1066F00010881D490B681BB91C48C3704023C37028
:106700000B6801330B6082F31088EA034FEA14230D
:10671000E4B219D41B01164A234442F82350EFF384
:106720001082012383F310880B6813B10B68013BBF
:106730000B600B681BB90D498020CB70C87082F3C9
:106740001088002004B070BD04EB0310084A52F812
:1067500020606FF3104642F8206025F4803642F83E
:1067600020601B01D7E700BFBC020020000D0440E1
:106770000008044070B5C36A84B004468C461646CF
:1067800001AD9BB193E8070085E8070083F808C0D6
:10679000226B1846C3E90026A26A9047E36A1BB140
:1067A00095E8070083E8070004B070BD2B46EDE7CD
:1067B0008268012370B580F820300226B323D3719C
:1067C00080F82160537904466FF300035371C26966
:1067D0000D46FFF7CFFFA368DE705A7942F0010241
:1067E0005A7194F82120012A16D094F8212002B180
:1067F00070BD052DFCD194F82320002AF8D194F81F
:1068000021201AB95A7A02F0F3025A72BF210122EA
:10681000D97184F8232070BD042DECD0082DE4D16B
:10682000E9E700BF30B583B0EFF30383103B5BB201
:10683000454AC03352F823106FF3104142F8231039
:10684000EFF30383103B5BB2404A52F8234094F8C5
:106850002230B3B9A368012284F82220DA7CD2B2B4
:106860008DF805209DF8052012F0010F5A7A14BF0B
:1068700002F0F70202F0F3025A72AC22DA7103B0AE
:1068800030BD94F820304BB9A3681B7A13F0080F81
:10689000204614BF08210421FFF78AFF2269A2B90C
:1068A000A368D97CC9B28DF806109DF80610197935
:1068B00041F010011971197941F008011971197924
:1068C00062F30411197103B030BDA369A1689A4243
:1068D00009D0E268C97C581CA061D154E369013336
:1068E000E36103B030BD022584F821504B79E269A1
:1068F0006FF300034B7120460621FFF73BFFA368AF
:106900002169DD705A7942F001025A7191B9DA7C3D
:10691000D2B28DF807209DF807201A7942F01002B4
:106920001A711A7942F008021A711A7961F3041285
:106930001A71A4E7A269E168DB7C501CA0618B544A
:10694000E3690133E3619AE700600040C002002080
:1069500038B5EFF30383103B5BB2244AC03352F8DF
:1069600023106FF3104142F82310EFF30383103B21
:106970005BB21F4A52F8234094F8203093B194F848
:10698000213003F0FF0263B9A369216999420ED057
:10699000E269E068A168C05C887401330132C4E92F
:1069A000063238BD05212046FFF702FFE7E72368DE
:1069B0000E4993F90E3003F1C000002B51F820501E
:1069C00062F3104541F8205009DB5A09094803F0E9
:1069D0001F030121603201FA03F340F82230A2685C
:1069E000D37943F04003D37138BD00BF006000404D
:1069F000C002002000E100E038B5EFF30383103B54
:106A0000204A5BB252F82340A1680B795807C3F3C0
:106A1000800217D5CA796FF38612C023CA7101E0CC
:106A2000013B02D0CA795206FAD4EFF30383103B3C
:106A30005BB2154AC03352F823106FF3104142F88D
:106A4000231038BD022584F821504B7962F30003EE
:106A50004B71E26907212046FFF78CFEA168CD70DB
:106A60004B7943F001034B7194F82130002BD1D1C5
:106A7000A369E269E0680132C05C88740133C4E94B
:106A80000632C7E7C00200200060004010B582B0A7
:106A9000EFF30383103B3E4A5BB252F82300836856
:106AA0005A7A91074DD1D1B211F00C0F3CD001228E
:106AB00080F8242090F82120012A65D0016982699C
:106AC0009142C26988BF02F1FF324FF0030188BFD3
:106AD000C2614FF0000EA024DC7180F820E080F845
:106AE00022E093F805C06EF3000C83F805C090F81F
:106AF0002440002C43D1DF241C709F241C700024F0
:106B00000223C46180F82130FFF734FEEFF30383E2
:106B1000103B5BB21F4AC03352F823106FF3104191
:106B200042F8231002B010BDCA06EFD5DA7CD2B20B
:106B30008DF807209DF80720DA7902F0EF02DA716C
:106B4000E4E70022A02180F82420D97180F82020D9
:106B500080F82220597962F30001597190F82410CD
:106B600081B9DF219F2219701A7000210223C269A6
:106B700080F82130C1610121FFF7FCFDC6E783F8F1
:106B800009E0BCE75A72F0E7C2690221A1E700BF41
:106B9000C00200200060004030B5836B83B0044623
:106BA0000A466D46A3B193E8030085E80300E16B54
:106BB0001A71626B196018469047A36B1BB195E878
:106BC000030083E80300002384F82B3003B030BDBA
:106BD0002B46ECE7036902682DE9F04F1F241C7077
:106BE0005F241C70DF241C70546A55682279564E4D
:106BF000DFF8608142F0E0021A74E27842F0E002CD
:106C00005A74A278120102F0700242F008029A70DF
:106C100022786478012A0CBF0522042242EA440249
:106C2000D2B2DA70494A95420CBFF72277225A71E4
:106C30000027B3229F71DA7191F9112091F80DC0EC
:106C4000B4184FEA0C1C5FFA8CFC84F800C302F104
:106C5000C00548F822003E4C4FEA521E54F82590D9
:106C60004FEA8E0E67F310490EF1604E44F82590FE
:106C70000EF5614E012502F01F0205FA02F2CEF870
:106C80008021CEF8002091F90F2006EB020E02F1D0
:106C9000C0098EF800C348F822004FEA521E4FEA9E
:106CA0008E0E54F829B00EF1604E0EF5614E02F0D2
:106CB0001F0205FA02F267F3104B44F829B0CEF830
:106CC0008021CEF8002091F9102006EB020E02F18F
:106CD000C0098EF800C348F822004FEA521E54F84B
:106CE00029B04FEA8E0E0EF1604E0EF5614E02F0A5
:106CF0001F0267F3104B44F829B005FA02F2CEF8F0
:106D00008021CEF8002091F90E100E444A0986F831
:106D100000C348F8210001F1C00001F01F018D40BF
:106D200054F82010920002F1604267F3104144F8D9
:106D3000201002F561424FF09F0AC2F880511560A1
:106D400083F800A0BDE8F08F00E100E040420F00B2
:106D500000600040C002002010B483B0EFF3038352
:106D6000103B5BB2484AC03352F823106FF3104116
:106D700042F82310EFF30383103B444A5BB252F80E
:106D8000233093F82D20BAB99A69022A1A699EBF56
:106D9000117941F040011171D969012917D0D27CD4
:106DA000D2B28DF8072001219DF8072083F82D101D
:106DB00003B05DF8044B7047DA69002AF8D0032A63
:106DC0000ED0022A4ED0012A21D019690DE0117986
:106DD00041F010011171117941F008011171DEE7E4
:106DE00019690A7942F040020A711A6A5869C97C25
:106DF0008154D3E907210131013AC3E90721002A6F
:106E0000D6D119690B7962F386130B71D0E793F829
:106E10002A1089B319681E4C91F90F1048092030C7
:106E200001F01F0102FA01F144F82010BFF34F8F67
:106E3000BFF36F8F1969C87940F08000C871087975
:106E400040F01000087108794FF0040C6FF3C30094
:106E5000087181F801C048796FF30000487183F828
:106E60002C20C2E719690A7942F010020A710A79E6
:106E700042F008020A71B8E719694A7A082002F05C
:106E8000F7024A724870B0E700600040C00200207C
:106E900000E100E0EFF30383103B5BB2354AC033FF
:106EA00052F823106FF3104142F82310EFF30383DD
:106EB000103B5BB2304A52F8232092F82730002B67
:106EC00037D192F829309BBBD36910B4002B42D143
:106ED0001069C1796FF3C711C023C17101E0013B93
:106EE00002D0C179C909FAD11368224A93F9103046
:106EF00003F1C001002B52F821406FF3104442F817
:106F0000214009DB5A091D4C03F01F0301216032A7
:106F100001FA03F344F82230C3795DF8044B43F0DF
:106F20004003C3717047022909D192F8300030B98B
:106F3000704792F82610032992F82810F3D01069B0
:106F400092F824C080F812C00131013B82F8281069
:106F500082F827307047D2E90404116A013B645C6F
:106F600084740131C2E90731002BB2D05DF8044BC3
:106F7000704700BF00600040C002002000E100E058
:106F800010B4EFF30383103B2B4A5BB252F823306B
:106F900093F829201AB193F82720012A47D0DA69FB
:106FA000D2B11969CA796FF38612C023CA7101E0A0
:106FB000013B02D0CA795206FAD4EFF30383103BA7
:106FC0005BB21E4AC03352F823106FF3104142F8EF
:106FD00023105DF8044B704793F82A10F9B1196833
:106FE000174C91F90F10480920304FF0010C01F0B7
:106FF0001F010CFA01F144F82010BFF34F8FBFF3CB
:107000006F8F1969C87940F08000C87104204870FA
:10701000487962F30000487183F82CC0C2E719690F
:107020004B7A082203F0F7034B724A70BAE793F8E1
:107030003020002AB3D1B4E7C00200200060004035
:1070400000E100E038B5EFF30383103B4B4A5BB23D
:10705000E02152F8234023695A7A5972D506D0B2FA
:1070600002F003011FD55A78520648D4E269012183
:1070700084F82B10002A5ED000252168DD7120469F
:10708000FFF7A8FD94F82610A2692369E56184F84A
:107090002810226284F82C50B322DA710121204694
:1070A000FFF77AFD12E00029E0D101071BD594F823
:1070B0002B20002A48D194F82910B322002914BFAC
:1070C00002210321DA712046FFF766FDEFF3038307
:1070D000103B5BB22A4AC03352F823106FF31041C1
:1070E00042F8231038BD94F82C20002AEED0420735
:1070F000ECD594F82B200121002AE4D1DBE700290C
:10710000B4D15A785506C2F38011CED584F82B102D
:107110005A7A216802F0F702496A5A7208205870B8
:107120000A78012A0CBF03220222DA705A7942F04F
:1071300001025A71CAE794F82C20002A9CD194F8D5
:107140002B20002AA8D097E7E2696AB1002294F8C0
:107150002600A169E26184F82800216284F82C20CD
:10716000B322DA710121AEE794F82C20002AEDD188
:1071700094F82B20002AF3D0E8E700BFC0020020DB
:107180000060004010B582B0EFF30384103C164B52
:10719000164964B253F8242050790B5C03F00303C2
:1071A000032B0FD0C03451F824306FF3104341F853
:1071B0002430936823B1D268CDE90020684698470F
:1071C00002B010BD936823B1D268CDE900206846B3
:1071D0009847064BC03453F824206FF3104243F80D
:1071E000242002B010BD00BFC0020020006000409B
:1071F0000346D3E90223002053607047D0E90123FE
:10720000D26930B4D2E9011444F00044D0685C6122
:10721000D2E9045440F0004041F000419861196106
:1072200000205D629C6230BC704700BF002800DA1D
:10723000704710B400F16043114C03F5614309013C
:10724000C9B283F8001344F820200E4900F1C002AF
:1072500000F01F0C400951F82240800000F160400E
:1072600000F561406FF31044012341F8224003FA16
:107270000CF3C0F880315DF8044B0360704700BF29
:10728000C00200200060004070B5836984B00446ED
:107290008C46164601AD9BB193E8070085E80700D0
:1072A00083F804C0E2691A609E60184662699047DC
:1072B000A3691BB195E8070083E8070004B070BD1F
:1072C0002B46EDE790F800C0486EBCF1030F98BF65
:1072D00001300AB1824227D310B4019C496BE40704
:1072E00054BF01F01F01C1F30441BCF1030F09D9E0
:1072F000090981F0010172B9E9B902225DF8044B74
:107300005A60704701F00C01A1F10401B1FA81F15A
:107310004909002AF0D0824201D30029EDD103228D
:107320005DF8044B5A607047BCF1030F98BF02F13F
:10733000FF321A6070470028DFD0F0E72DE9F047F0
:107340000B7C0D46012101FA03F2C260920716BFC1
:10735000002201740274D5E9052103F5800303F5C9
:10736000F0631B0242610022EE694560C0E906211C
:1073700084B004468360EFF31080012383F3108808
:10738000854B297C0229D3F8081134BF6FF0200700
:107390006FF040073940C3F80811D3F8083180F383
:1073A0001088A3686F684FF425411960DA62DA63C8
:1073B0009A642A78297A032A4FEAC15107F1FF3CDF
:1073C00000F0D58084BF41EA0241BC46D6E9068E72
:1073D000D9624FF0004119610020596199614FF065
:1073E000FF315862039098620291C3F81C80C3F881
:1073F00020E0D6F82C80C3F868C0C3F864C0002A27
:1074000040F0A080790801390291404601224FF0F6
:10741000030C5965996500285DD095F800E0B76ABE
:10742000002F71D0B97897F80390090641EA0971E5
:1074300097F8049041EA09419963B968C3F88C1040
:10744000002965D0012148B997F81C9097F81BA036
:107450004FEA496949EA4A2948EA0908C3F8881005
:1074600040B996F8211096F82000490741EA4031CA
:1074700048EA01084FF4AA01BEF1010F196402D1D4
:107480000021D9641965E168D960C3F83480C3F874
:1074900030C01A63697C95F912002246FFF7C6FED8
:1074A00096F8221096F924002246FFF7BFFE96F8C0
:1074B000231096F925002246FFF7B8FE2FB1397840
:1074C00097F901002246FFF7B1FE344B23600020FC
:1074D00004B0BDE8F0873178F9B995F800E0B178EB
:1074E00000299CD0F778BEF1020F4FEA071141EA5C
:1074F00087113FD04BD903273943B76A48EA01487F
:1075000048F08078002F8DD19F63C3F88870A7E77B
:10751000F968003918BF012195E795F800E0717806
:10752000BEF1020F4FEA81194FEA011724D029D981
:10753000032148EA010848EA090848EA070848F42C
:107540008078CCE7012A19D000901946EA68606873
:1075500002ABFFF7B7FEDDE90210020442EA006267
:1075600042F0030CA368F06A42F0010251E741F4D3
:1075700080312BE70927BFE70921DAE740464FF0C2
:10758000030C46E7002914BF09210621D1E7002F8B
:1075900014BF09270627AFE7006F04405450470087
:1075A00030B4436893F91220DB69002A11DB5109DA
:1075B0002E4D02F01F0C2031012404FA0CF445F882
:1075C0002140BFF34F8FBFF36F8F2949002441F84B
:1075D000224093F92420002A11DB5109234D02F0A7
:1075E0001F0C2031012404FA0CF445F82140BFF3AC
:1075F0004F8FBFF36F8F1E49002441F8224093F94B
:107600002520002A11DB5109184D02F01F0C2031F2
:10761000012404FA0CF445F82140BFF34F8FBFF367
:107620006F8F1349002441F822409B6AA3B193F95C
:107630000130002B10DB03F01F045A090121A14087
:1076400020320A4C44F82210BFF34F8FBFF36F8FE4
:10765000074A002142F823108268C16800230360B2
:1076600030BC184691605363704700BF00E100E0F2
:10767000C002002030B4EFF30383103B5BB2184A22
:10768000184C03F1C00152F821006FF3104042F88A
:10769000210054F82300446894F800C0BCF1010FA5
:1076A00015D1D0E90254AC600024AC64EC642C65C4
:1076B00052F8215064F3104542F821505A090A4902
:1076C00003F01F0360320CFA03F341F822304369E0
:1076D00023B1002230BC1146FFF7D6BD30BC704745
:1076E00000600040C002002000E100E01E4B10B42A
:1076F000C3600B7803F001034370EFF3108C012497
:1077000084F31088194BD3F8082122F48012C3F8AF
:107710000821D3F808318CF31088EFF3108C84F330
:1077200010884278D2B9C468237962F38613237132
:107730008CF310884A684B78D278C468D201DB0198
:10774000D2B2DBB26271A3710123E3710A780270D5
:10775000074B43605DF8044B00207047C268137903
:107760006FF3C7131371E3E700E00540006F0440B7
:1077700000434144C3684278002023F81210704748
:10778000EFF31083012282F310884278C1683AB97E
:107790000A7942F040020A7183F310880020704792
:1077A0000A7942F080020A7183F310880020704742
:1077B000EFF31081012383F31088427842B9C06847
:1077C000037962F38613037181F3108800207047F8
:1077D000C26813796FF3C713137181F31088002007
:1077E000704700BFEFF3108C012383F310884378B8
:1077F00073B9C268117963F386111171117A63F359
:10780000861111728CF3108800234360184670476C
:10781000C3681A796FF3C7121A711A7A6FF3C71215
:107820001A72EFE7F0B5076A8BB0064667B3BE463B
:107830008C46BEE80F006C460FC4BEE80F000FC4B4
:107840009EE8030084E80300BCE80F003D460FC536
:10785000BCE80F000FC59CE803008EE80300F36945
:1078600038469847336A6BB1EE469C46BEE80F0037
:10787000ACE80F00BEE80F00ACE80F009EE8030084
:107880008CE803000BB0F0BD0F46E8E730B58BB0D5
:10789000EFF30383103B5BB22E4AC03352F8231040
:1078A0006FF3104142F82310EFF30383103B5BB2F8
:1078B000294A52F8235000212822684606F0FCFB92
:1078C0006C6894F84D380020DBB284F84D08ADF8B0
:1078D0000430B4F84218C1F30012C90638D543F099
:1078E0002003ADF80430022394F8532884F8533869
:1078F00094F8523803F01F03D2B2E11884F85328E9
:1079000091F8202860F3820281F820282A68126802
:10791000009269466A6A039328460492FFF782FF41
:10792000B4F84238DB0611D52B681A69127D6AB1AA
:1079300093F91530002B09DB5A09084803F01F039F
:107940000121403201FA03F340F822300BB030BD80
:107950001346DBE700600040C002002000E100E0C9
:107960002DE9F0418AB0EFF30383103B5BB23F4A4D
:10797000C03352F823106FF3104142F82310EFF395
:107980000384103C3A4B66B2002253F82600D0E93B
:1079900000E595F8533885F8532895F8527807F0A4
:1079A0001F07DBB207F1200285F85338130104F0FA
:1079B000FF0455F803C0CCF380718DF81910E95815
:1079C000DEF810301B7B43EAD17303F001038DF81E
:1079D0001830002B46D1CCF38A4305EB02120593F5
:1079E0009188C1F3030301F00F0108298DF81A30C3
:1079F00035D908218DF81A1008AA002305EB0718BD
:107A000008EB030C01339CF806C202F801CB8B4251
:107A1000F6D3DEF8003003972F440093442387F811
:107A20002038002307934FF48063ADF80430694693
:107A3000436A0493FFF7F6FEB5F84238DB070BD52F
:107A4000002E09DB76090B4A04F01F04012340369F
:107A500003FA04F442F826400AB0BDE8F081002998
:107A6000CAD1D6E72CF06043B7E700BF0060004002
:107A7000C002002000E100E070B58AB0EFF303839C
:107A8000103B5BB2214AC03352F823106FF3104110
:107A900042F82310EFF30383103B1D4A5BB201262B
:107AA00052F823506C6894F8532884F8536894F87B
:107AB0005238D2B203F01F0384F853280393E2181C
:107AC0004FF40063ADF804302B681B6800936B6AB9
:107AD0000493002382F82038694682F8203828462B
:107AE000FFF7A0FEB4F842389B070CD52B6893F93A
:107AF0001730002B07DB5A09064903F01F034032F9
:107B00009E4041F822600AB070BD00BF0060004096
:107B1000C002002000E100E08268117A01F001015A
:107B2000137AC3F340039942FAD1436819780129C3
:107B300008D1C16893F810C004484B1E9BB240F8AE
:107B40002C101380F1231372002070477402002060
:107B5000D0E90223013BF1219BB213800020117276
:107B6000704700BF8268117A01F00101137AC3F3F4
:107B700040039942FAD143684FF0F40C002182F897
:107B800008C0117393F9123013F1210F03D10023B0
:107B90000360184670478B421ADB5A0910B4012162
:107BA0000F4C203203F01F0301FA03F344F8223094
:107BB000BFF34F8FBFF36F8F43680A4A93F91230B8
:107BC0005DF8044B42F82300002303601846704719
:107BD000044A42F82300002303601846704700BFA0
:107BE00000E100E0C0020020F0B40B7C03F1401380
:107BF00003F500631B02C0E90113EFF310850123B5
:107C000083F310880C7C394AC4F10304A340D2F8F2
:107C1000084124EA0303C2F80831D2F8083185F399
:107C20001088826800231372137AC3F3400C9B07F9
:107C3000FAD4CC6982F80AC0E37826780D7A2479E0
:107C400003F00703002E42D1002D47D114734C6876
:107C50004768002696735372631E95729BB2C46088
:107C60003D7C1380224B43F8254091F91230B342FA
:107C700022DB4A7C03F1604404F561441201D2B274
:107C800084F800231B4A1C4C42F8230003F1C00572
:107C90005A0954F82570920002F1604266F31047C9
:107CA00044F8257002F5614203F01F03012404FA31
:107CB00003F3C2F880311360D1E9054100230F4A74
:107CC0000461C0E905310260F0BC18467047502ECF
:107CD00006BF43F0500365463343B7E785F002051E
:107CE00043EA0513DBB23546B0E700BF006F04403E
:107CF00074020020C0020020006000405447410090
:107D0000F0B585B0EFF30383103B5BB203F1C00124
:107D10001B4A1C4C52F821006FF3104042F821001E
:107D200054F82340D4E901120978137A0129DBB20F
:107D300004D1F42103F0F003117213722769B7B173
:107D4000656901AECDB195E8070086E807009B069E
:107D500044BF00232B71A3692B602846B847636991
:107D60001BB196E8070083E80700A268137ADBB22C
:107D700003F00F03137205B0F0BD3546E7E700BF0F
:107D800000600040C0020020034600201A689B8A61
:107D90001380704703681B88C3F3C03300200B7047
:107DA000704700BF03681031002033F81130138092
:107DB000704700BF43682DE9F041D1E901250C6807
:107DC0005E6903681FFA84F8A3F804801FFA82F83A
:107DD000A3F8148022F0405C1FFA85F824F0405E7E
:107DE00025F040572243A3F808804FEA1C4C3F0C73
:107DF0004FEA1E4812F0405FA3F80680A3F816C0B1
:107E00005F8159D1CA68002A00F0988015892F0532
:107E100022D5D2E900C7B2F80A80A3F89050A3F89F
:107E20009C80B2F80C80A3F89E801FFA8CF8A3F80F
:107E30009480CCF30B484FEA1C7CA3F8968083F81F
:107E400092C01FFA87FCA3F898C0C7F30B4C3F0FF2
:107E5000A3F89AC083F89370AF051FD40A8AA3F8D9
:107E60009050A3F88020F27892B11A88BEFA8EF171
:107E70001FFA82FE2EF01F0E0EF11F0E828AAEEB4D
:107E8000010E1FFA8EFE4EEA0202A3F800E0828283
:107E90002B4BC0E903340020BDE8F081977C92F8B9
:107EA00013C047EA0C0783F8A670D789128AA3F893
:107EB000A870A3F8AA20D1E7224FD7F82080224F3C
:107EC0003F68C8F3026C07FA0CFCC8F302181F4F96
:107ED0002CFA08FCA7FB0C7C4FEA9C1C1C4F41F2BF
:107EE000883808FB0CFCA7FB0C7C4FEA9C4C0CF17F
:107EF000010CBCF1070F38BF4FF0070C12F0805790
:107F00000AD05FFA8CF715F0805F83F8DE7040F2DC
:107F1000011708BF4FF48077920009D55FFA8CFCF7
:107F200047F40077AA0083F8DFC048BF47F0020794
:107F3000CA68BFB25F82002A7FF468AF15468DE73A
:107F40004344415200E001404C030020D34D6210F5
:107F500083DE1B432DE9F8430B880C465B02226944
:107F60006669C968026203F1804303F5B823002201
:107F7000036081614460C261317962790546A0780D
:107F80008F074FEA0223F17843EA403354BF43F0AE
:107F9000400343F48863002900F0DF8043F420733A
:107FA000022A08BF764A9BB208BF32F821C0AB82D2
:107FB00018BF4FF0000C2279E178707896F800E055
:107FC000D20342EA410242EA4010EFF31088012155
:107FD00081F310886B4F2288D7F80891C2F1100204
:107FE00001FA02F229EA0202C7F80821D7F80821AB
:107FF00088F3108847F6FF572A6880B23B40138009
:10800000A2F810C0D08182F80CE03379980700F113
:10801000AD8082F88A3094F90630002B22DB227A78
:1080200003F1604101F561411201D2B281F80023F0
:10803000554A564942F8235003F1C0005A0951F8F5
:108040002070920002F160426FF3104741F82070F7
:1080500002F5614203F01F03012101FA03F3C2F8A4
:108060008031136094F90730002B22DB627A03F130
:10807000604101F561411201D2B281F80023424A08
:10808000424942F8235003F1C0005A0951F82040F8
:10809000920002F160426FF3104441F8204002F573
:1080A000614203F01F03012101FA03F3C2F880319A
:1080B000136096F90630002B22DB327A03F160411F
:1080C00001F561411201D2B281F800232E4A2F49F5
:1080D00042F8235003F1C0005A0951F820409200A1
:1080E00002F160426FF3104441F8204002F5614212
:1080F00003F01F03012101FA03F3C2F8803113607A
:1081000096F90730002B22DB727A1F4803F1604199
:1081100001F561411201D2B281F8002340F82350E9
:1081200003F1C001194A52F821006FF3104042F8E0
:1081300021005A09920002F1604202F5614203F007
:108140001F03012101FA03F3C2F880311360104BC1
:10815000AB6000202861BDE8F883002A7FF420AFDF
:1081600043F400439BB2AB82944624E743F00303FD
:1081700082F88A30084600F03DF92A68337948E7EA
:1081800024100100006F0440C00200200060004085
:108190004344415270B40021C0E90211436893F98D
:1081A00006205C698A4211DB5309364E203302F007
:1081B0001F0C012505FA0CF546F82350BFF34F8F2D
:1081C000BFF36F8F304B43F82210436893F90730A9
:1081D000002B11DB5A092B4D03F01F0C203201211B
:1081E00001FA0CF145F82210BFF34F8FBFF36F8FE8
:1081F000254A002142F8231094F90630002B11DBA8
:108200005A09204D03F01F0C2032012101FA0CF114
:1082100045F82210BFF34F8FBFF36F8F1A4A00212A
:1082200042F8231094F90730002B10DB03F01F04F1
:108230005A090121A1402032124C44F82210BFF308
:108240004F8FBFF36F8F104A002142F8231003684D
:1082500000221A821A80EFF31084012383F310881E
:1082600040680A490088C0F110008340D1F8080135
:108270000343C1F80831D1F8083184F3108810465F
:1082800070BC704700E100E0C0020020006F0440B5
:10829000064B074993F826001A6A51F82030054921
:1082A000C2F30262D3400B60704700BF00E00140A0
:1082B000380200204C03002038B5434B434C44485F
:1082C00044494AF20355A3F8FE530022424DA0F858
:1082D000002121604FF4004193F82600C4E90151C8
:1082E000C4E90321196A626154F820203B4DC1F3AF
:1082F0000261CA40082009212A6083F8130483F828
:10830000A21093F88024002A55D02F4B002283F826
:10831000812483F8802493F8A0208AB193F8362032
:10832000002A3FD0284A92F8A030D806C3F30011A3
:10833000F9D4254882F8A01090F8A030D906FBD4D3
:10834000214B002283F8362093F83C20D207FBD53E
:108350000121002283F8311083F82620204A1A6276
:1083600093F8262054F822001C6A194AC4F30264C8
:10837000E04028604FF0040C842083F83EC083F86E
:108380003E004FF4254083F8D010A3F8FE03A2F876
:108390000411B2F804319BB2002BFAD10123A2F8E8
:1083A000003138BD93F83C20D207BBD493F83C2071
:1083B000D207F7D5B6E7012183F8801440F2C44014
:1083C00000F018F8A1E700BF00E0014038020020EB
:1083D00000C00140006CDC0200127A004C03002057
:1083E00000010110704700BFA0F101000028FBD17F
:1083F000704700BF30B5144D144A00FB01F14FF433
:108400007A732868B2FBF0F2A1FB03C44FF0FF308F
:108410004FF0000E60457EEB040407D3BCFBF2F086
:10842000800878B1BDE83040FFF7DEBF9200B1FBB5
:10843000F2F1A1FB031388427EEB0303F2D308465B
:108440000028EFD130BD00BF4C03002000CA9A3B8A
:108450000B4B70B5B3F840510A4E0024ADB225FA6B
:1084600004F3DB07E0B203D556F8243003B1984794
:108470000134102CF3D1024BA3F8305170BD00BF72
:10848000006000407C020020084B10B4084C03F14F
:10849000200C5842C21813F8011FC032634544F83B
:1084A0002210F7D15DF8044B704700BFF4190100AA
:1084B00000600040EFF31081012383F31088124B1A
:1084C00033F8102092B22AB133F81020013A92B258
:1084D00023F8102033F810309BB293B90B4A10B434
:1084E000B2F8FE330A4C9BB234F8100043F4254333
:1084F00023EA0003A2F8FE3381F310885DF8044BF1
:10850000704781F3108870474003002000E001406D
:108510003010010030B4EFF31081012383F3108891
:108520000E4A32F810309BB26BB90D4C0D4DB4F8B9
:10853000FE3335F810C09BB243EA0C0343F42543E5
:108540009BB2A4F8FE3332F8103001339BB222F80C
:10855000103081F3108830BC704700BF400300200A
:1085600000E00140301001000B4A08B503461068D6
:1085700040B10333094923F0030303448B4204D879
:10858000136008BD06481060F3E705F049FD0C23B1
:1085900003604FF0FF3008BD48030020007B00203F
:1085A000781A002000BE704708B500F005F8FCF707
:1085B000B5FDFEE7704700BF70B5464B464A4748D9
:1085C0004FF47004C3F888404AF2025198600123C6
:1085D000A2F8FE1382B082F81F3492F8B134DB06A1
:1085E000FBD500204FF425460446A2F8FE63FFF7B2
:1085F000E1FFFFF761FE8DF8074001209DF807308D
:10860000FFF788FFEFF31081012585F31088344BC5
:10861000D3F8042122F00042C3F80421D3F8042146
:1086200081F310882F4A1168C1F300018DF80710FB
:108630001168C1F300018DF807101268C2F300023F
:108640008DF80720EFF3108185F31088D3F804210B
:1086500042F00042C3F80421D3F8043181F31088BA
:108660002846FFF727FF2846FFF7A4FF1E4B1F49A8
:108670009C801F4A1E8099601E49D9604FF480512A
:10868000A2F820111C481D4A9D80121A214605F0AF
:1086900013FD1B481B4A1C491C4D121A05F0E8FC2F
:1086A0001B4B5B1BA3424FEAA30605DD55F8043BB9
:1086B00001349847A642F9DCFFF7EAFD0220FFF7F4
:1086C00079FFFFF7E1FE002002B0BDE87040FFF740
:1086D00089BE00BF00ED00E000E001400040000066
:1086E000006F044000080440000D0040007B0020A3
:1086F00000600040007F002050020020781A002017
:108700000000002038020020E41C0100F8010020D5
:108710002402002000220270C0E9012280F83520E6
:10872000012280F83620DF22827770472DE9F0475A
:1087300004464FF000081F469DF8283080F800805E
:1087400021730375089B0361099B83610B9B036283
:108750000C9BDFF84091C0E90938FF238A46437734
:108760001546002A3ED184F83520502004F078FDCB
:108770004FF6FF73A0F8423000F12008DF2380F8A5
:10878000205080F8215080F8225080F82350C0E912
:108790000955C562C0E90E55C0E90C5580F8443052
:1087A00080F8453080F8405080F84150C0E91255BB
:1087B000C4F8288020222946064605F07DFC072FB4
:1087C000A6605AD8314ABAF1020FD35D114642D0A1
:1087D00099F80000002856D1002B4ED102232777AC
:1087E000D35548E0012A48D184F83520242004F0EC
:1087F00037FD837880F8008068F302038370437844
:10880000C57003F0F80368F306130646437080F85A
:10881000048080F8058080F80680A0621C22414612
:10882000083005F049FC012F666026D8184BBAF1D4
:10883000020FDA5D194602D099F8000028B1012A2A
:108840001BD802232777CB5515E0B2B90222DA559F
:108850002777257011E0012BF3D92777384601F0EF
:1088600037FC3022816A404605F002FC384601F0B0
:108870002FFC036BA36101232370002389F80030D0
:108880002078BDE8F087012BDAE700BF5203002013
:10889000500300205A03002038B590F835300446C4
:1088A0008BB9806808B9002038BD04F10C01FEF7CF
:1088B00045FD0546A068FEF7A1FC0E2D01D0002D58
:1088C000F1D10120F0E7012BEDD140680028EAD07A
:1088D00004F10C010830FFF787F90546606808309D
:1088E000FFF736F9E9E708B590F835303BB980680D
:1088F00020B1FEF77DFCB0FA80F0400908BD012BE5
:1089000006D140680028F9D00830FFF705F9F2E7F2
:108910000020F3E708B590F835303BB9806820B106
:10892000FEF73EFEB0FA80F0400908BD012B06D1EB
:1089300040680028F9D00830FFF714F9F2E700206A
:10894000F3E7FFFF38B50446FFF7E4FF606838B18E
:10895000237F0C4A00252421D55404F0A9FC65602E
:10896000A56875B1237F084AA86C0021D15410B1C5
:10897000202104F09DFC5021284604F099FC00239E
:10898000A36038BD500300205203002010B50446F8
:10899000FFF7D8FF204610BD01F10C0303608B6880
:1089A00003B1203343604B6883607047836823B111
:1089B0001868003018BF0120704740680028FBD0BD
:1089C0008068F6E7F0B585B004460F46014601A879
:1089D0001546FFF7E1FF2046FFF7E8FF064610B116
:1089E0002046FFF797FF00F057F82A4601A900F04C
:1089F0001FF9054650B167772EB12046FFF74CFFAF
:108A00002046FFF770FF284605B0F0BDDF23A377AF
:108A1000F2E7FFFF0028A8BF00F160404FEA011114
:108A2000AEBF00F5614000F00F00034BC9B2ACBF10
:108A300080F800131954704714ED00E000F1C002F3
:108A40000A4B53F822106FF3104143F8221000F044
:108A50001F024009800000F1604000F561400123E1
:108A60009340C0F880310360704700BF0060004051
:108A70004309012200F01F0002FA00F02033044AEB
:108A800042F82300BFF34F8FBFF36F8F704700BFD3
:108A900000E100E07047FFFF38B50A4D2B78BFF3C7
:108AA0005B8F13F001040BD1284604F0EAFB38B1C8
:108AB000054B28461C6004F0F0FB044802F065FA00
:108AC000014838BD5C03002060030020958A000047
:108AD0002AB9304BC031012243F821207047012AC6
:108AE00003D1C0312B4B0222F6E7022A03D1C03159
:108AF000284B0322F0E7032A03D1C031254B04227F
:108B0000EAE7042A03D1C031224B0522E4E7052A13
:108B100003D1C0311F4B0622DEE7062A03D1C03144
:108B20001C4B0722D8E7072A03D1C031194B082272
:108B3000D2E7082A03D1C031164B0922CCE7092A13
:108B400003D1C031134B0A22C6E70A2A03D1C03130
:108B5000104B0B22C0E70B2A03D1C0310D4B0C2266
:108B6000BAE70C2A03D1C0310A4B0D22B4E70D2A13
:108B700003D1C031074B0E22AEE70E2A03D1C0311C
:108B8000044B0F22A8E70F2AA8D1C031014B1022B5
:108B9000A2E700BF0060004032B91A4BC0315D222D
:108BA00043F8212001207047012A05D1C031154B1F
:108BB000652043F82100F5E7022A03D1C031114BAB
:108BC0006D22EDE7032A03D1C0310E4B7522E7E792
:108BD000042A03D1C0310B4B7D22E1E7052A03D1E2
:108BE000C031084B8522DBE7062A03D1C031054B93
:108BF0008D22D5E7072A03D1C031024B9522CFE75A
:108C0000002070470060004032B9C031074B1E227F
:108C100043F8212001207047012A05D1C031034BC0
:108C2000212043F82100F5E7002070470060004054
:108C3000F8B50E4601681B4B1F29054617469C6870
:108C40002CD8336893F91220213201D00120F8BDCD
:108C50007268403482B11A7CFFF79EFF0028F5D07D
:108C60003268082353742B689374A7B90E4A44F8EA
:108C7000232001332B60EAE7B2688AB11A7CFFF740
:108C8000C3FF0028E2D03268082353742B68937422
:108C90000FB9064AEBE744F82370EAE70020D6E76D
:108CA0001046D4E700ED00E075760000017D00007D
:108CB0002AB9064BC031362243F821207047012AD9
:108CC000FCD1C031014B3B22F6E700BF0060004001
:108CD0002AB9064BC031352243F821207047012ABA
:108CE000FCD1C031014B3A22F6E700BF00600040E2
:108CF0002AB9064BC031372243F821207047012A98
:108D0000FCD1C031014B3C22F6E700BF00600040BF
:108D10002AB9064BC031382243F821207047012A76
:108D2000FCD1C031014B3D22F6E700BF006000409E
:108D30002AB90C4BC031992243F821207047012AEF
:108D400003D1C031074B9F22F6E7022A03D1C0317D
:108D5000044BA422F0E7092AF0D1C031014BA9222B
:108D6000EAE700BF006000402AB90C4BC0319822EE
:108D700043F821207047012A03D1C031074B9E22BE
:108D8000F6E7022A03D1C031044BA322F0E7092AF7
:108D9000F0D1C031014BA822EAE700BF00600040DB
:108DA0002AB90C4BC0319A2243F821207047012A7E
:108DB00003D1C031074BA022F6E7022A03D1C0310C
:108DC000044BA522F0E7092AF0D1C031014BAA22B9
:108DD000EAE700BF006000402AB90C4BC0319B227B
:108DE00043F821207047012A03D1C031074BA1224B
:108DF000F6E7022A03D1C031044BA622F0E7092A84
:108E0000F0D1C031014BAB22EAE700BF0060004067
:108E10002AB9064BC031AE2243F821207047012AFF
:108E2000FCD1C031014BB322F6E700BF0060004027
:108E30002AB9064BC031AD2243F821207047012AE0
:108E4000FCD1C031014BB222F6E700BF0060004008
:108E50002AB9064BC031B12243F821207047012ABC
:108E6000FCD1C031014BB622F6E700BF00600040E4
:108E70002AB9064BC031B02243F821207047012A9D
:108E8000FCD1C031014BB522F6E700BF00600040C5
:108E90002DE9F84FB44B9F6803681F2B0446154615
:108EA00003D9002062B6BDE8F88F403772B60129B9
:108EB00040F09080002AF4D09368213340F08880FD
:108EC000036812681A441F2AEBD86A68DFF8B48274
:108ED00047F82320C033332248F8232090F90000BC
:108EE000FFF7C6FD94F90030C0330C2158F8232059
:108EF0006FF3104248F8232094F90000FFF78AFD31
:108F000094F90000FFF79AFD2368AB605A1C69686A
:108F10002260C13347F82210342248F8232094F904
:108F20000000FFF7A5FD94F90030C0330C2158F87C
:108F300023206FF3104248F8232094F90000FFF734
:108F400069FD94F90000FFF779FD236869685A1CF0
:108F5000C133226047F82210312248F8232094F9C7
:108F60000000FFF785FD94F90030C0330C2158F85C
:108F700023206FF3104248F8232094F90000FFF7F4
:108F800049FD94F90000FFF759FD236869685A1CF0
:108F9000C133226047F82210322248F8232094F986
:108FA0000000FFF765FD94F90030C0330C2158F83C
:108FB00023206FF3104248F8232094F90000FFF7B4
:108FC00029FD94F90000FFF739FD23680133236080
:108FD000012067E702290DD1002A3FF462AF9368B0
:108FE0002133F5D10068136818441F288CBF002076
:108FF000012057E7032911D1002A3FF452AF92F91B
:1090000012302133E4D10E2353740168574B91740D
:1090100047F82130127CFFF7F7FDD6E7042949D144
:10902000002A3FF43EAF92F90730213331D1016875
:109030000B1D202B3FF635AF0C264D4BD171967191
:1090400047F821301278FFF773FE0168494B013170
:10905000016069722E7247F821302A78FFF7A0FE6E
:109060000168454B0131016069712E7147F821306B
:109070002A78FFF779FE0168404B01310160AE723A
:10908000E97247F821302A78FFF7A6FE036801331A
:10909000036095F90700FFF7D1FC95F90900FFF788
:1090A000CDFC95F90500FFF7C9FC95F90B00FFF71A
:1090B000C5FC8DE7002940F09480002A3FF4F1AE12
:1090C000137A3BBB126892F90D3021331ED10C2369
:1090D0001373036853732A4A47F82320C033294A7D
:1090E000262142F823102B68686893F90D101B7B2A
:1090F00001F160421B0102F56142DBB282F80033EC
:10910000214B43F821002368013323602B6893F936
:109110000D00CCE7012B39D1126892F90F302133C1
:109120001ED10C2393730368D373154A47F8232089
:10913000C033144A272142F823102B68686893F93A
:109140000F109B7B01F160421B0102F56142DBB213
:1091500082F800330C4B43F821002368013323606D
:109160002B6893F90F00A2E700ED00E0017D0000FD
:109170004D5D0000BD5F0000395E0000FD5F000036
:109180005165000000600040C0020020022B7FF407
:1091900088AE126892F9113021331ED10C2313745A
:1091A00003685374A84A47F82320C033A74A2821EC
:1091B00042F823102B68686893F911101B7C01F1A9
:1091C00060421B0102F56142DBB282F80033A04B22
:1091D00043F821002368013323602B6893F91100C1
:1091E00065E7052973D1002A3FF45BAE16680C23AE
:1091F000737396F90F30213348D101680B1D202B72
:109200003FF64FAEF1733278DFF87882DFF84092A4
:10921000FFF74EFD90F9003008EB03024FF0C00A53
:1092200082F800A3016849F8236001312B680160CE
:10923000B1731A78FFF74CFD90F9003008EB030288
:1092400082F800A3016849F8236001312B680160AE
:1092500031741A78FFF74CFD90F9003008EB0302E7
:1092600082F800A3016849F8236001312B6801608E
:1092700071741A78FFF74CFD90F90030984488F823
:1092800000A349F8236003680133036096F90F00D7
:10929000704B47F8203096F90E306F4A47F823207C
:1092A00096F910306D4A47F8232096F911306C4A30
:1092B00047F82320FFF7C2FB96F90E00FFF7BEFB2D
:1092C00096F91000FFF7BAFB96F91100EFE60629B0
:1092D00056D1002A3FF4E5AD16680C23737396F956
:1092E0000F30213341D10168CB1C202B3FF6D9AD83
:1092F0005C4BF17347F821303278DFF88881DFF872
:109300005091FFF715FD90F9003008EB03024FF084
:10931000C00A82F800A3016849F823600131524B6A
:109320000160B17347F821302B681A78FFF71CFDF4
:1093300090F9003008EB030282F800A3016849F8B5
:1093400023600131494B0160317447F821302B68AB
:109350001A78FFF725FD90F90030984488F800A3AB
:1093600049F8236003680133036096F90F00FFF7A3
:1093700065FB96F90E00FFF761FB96F9100096E683
:1093800007294CD1002A3FF48CAD556840F60C43B8
:109390002B8295F90D30213320D101680B1D202B34
:1093A0003FF67FAD69732A78FFF782FC01680131CF
:1093B00001602A782973FFF78BFC01680131016095
:1093C0002A78A973FFF794FC0168013101602A78BB
:1093D000E973FFF79DFC03680133036095F90D0005
:1093E000234B47F8203095F90C30224A47F82320C8
:1093F00095F90E30204A47F8232095F90F301F4A7F
:1094000047F82320FFF71AFB95F90C00FFF716FB2E
:1094100095F90E00FFF712FB95F90F0047E60829B2
:1094200032D1002A3FF43DAD92F9023021337FF46E
:10943000CFAD0C2353700168114B917047F8213068
:109440001278FFF745FBC0E5B965000000600040F9
:10945000C0020020956E0000596D0000816F000071
:1094600045700000C9620000A9620000616400004C
:109470005169000025680000F96900008D6A00004C
:109480008571000000E100E0092978D1002A3FF44D
:1094900008AD566896F90230213365D101680B1D7D
:1094A000202B3FF6FEAC92F808A0AC4BD2F800900F
:1094B000B1704FF0060B86F806B0524647F82130DF
:1094C000FFF7A6FCA64D96F90220B379DFF8BC821F
:1094D000A9181B01DBB281F800330168A14B48F8E1
:1094E0002290013101605246717086F805B047F84C
:1094F0002130FFF79DFC96F901207379A9181B0113
:10950000DBB281F800330168974B48F822900131B3
:1095100001605246317186F808B047F82130FFF7F4
:10952000A7FC96F90420337AA9181B01DBB281F855
:10953000003301688D4B48F822900131016052469A
:10954000F17086F807B047F82130FFF781FC96F9F3
:109550000320F37915441B01DBB285F8003303685F
:1095600048F822900133036096F90200FFF766FA8B
:1095700096F90100FFF762FA96F9040097E50A29C7
:109580007CD1002A3FF48DAC566896F90230213325
:1095900065D101680B1D202B3FF683AC92F808A023
:1095A000734BD2F80090B1704FF0060B86F806B0FE
:1095B000524647F82130FFF7BBFB694D96F9022070
:1095C000B379DFF8C881A9181B01DBB281F8003339
:1095D0000168684B48F82290013101605246717071
:1095E00086F805B047F82130FFF7BEFB96F9012059
:1095F0007379A9181B01DBB281F8003301685E4B57
:1096000048F82290013101605246317186F808B065
:1096100047F82130FFF7E0FB96F90420337AA918C8
:109620001B01DBB281F800330168544B48F82290EB
:10963000013101605246F17086F807B047F82130D9
:10964000FFF7AEFB96F90320F37915441B01DBB25B
:1096500085F80033036848F822900133036096F9D7
:109660000200FFF7EBF996F90100FFF7E7F996F929
:109670000400FFF7E3F996F9030018E50B297FF4DE
:1096800010AC002A3FF40DACD2E900150C232B7569
:1096900095F91530213356D10368DA1C202A3FF69C
:1096A00000AC374A6B7547F823202A6822B9C033CB
:1096B000344A4A2042F8230095F915002B7D324E9A
:1096C00000F1604202F561421B01DBB282F8003317
:1096D00022682E4B43F82010501C2060A87547F8D4
:1096E0002060286820B9C13226484D2640F8226003
:1096F00095F916602A7D06F1604000F5614012017F
:10970000D2B280F80023226843F82610501C204E65
:109710002060E87547F82060286820B9C1321948F0
:109720004E2640F8226095F917602A7D06F16040C8
:10973000120100F56140D2B280F8002343F82610F0
:1097400023680133236095F91500FFF777F995F940
:109750001600FFF773F995F91700A8E4A552000069
:1097600000E100E0095200005D5400007D5300005C
:10977000B56000001D610000CD6100009161000036
:109780008D7800000060004061790000C002002078
:10979000797A000008B53C220021024804F08CFCD4
:1097A00008BD00BF6403002070B50024064D2646A6
:1097B00055F8240020B12C2103F07AFD45F82460EF
:1097C00001340F2CF4D170BD6403002000207047D9
:1097D00001207047036840F213421B6A184790F853
:1097E0003D34002BFBD07047D0F82C322BB1D0F891
:1097F0002832184490F8240070474FF0FF3070472B
:1098000013B5044690F8A8048DF80710002378B12A
:1098100084F83C34012284F83D340DF1070104F54D
:109820008860FBF789FE94F83C34002BFBD00120C4
:1098300002B010BD0023C0F82432C0F82832C0F8AE
:109840002C32C0F83034C0F83434C0F8383400F565
:109850008860FBF7EBBE036813B962B6BFF36F8F86
:10986000704713B5EFF3108300930123019372B691
:10987000019B5A1E01923BB1D0F82C426846FFF77B
:10988000EAFF204602B010BD6846FFF7E4FF4FF044
:10989000FF34F6E70268224B53F8223013B54BB180
:1098A0000279042A0CD0802A06D0022A02D1012291
:1098B00083F83D2402B010BD012283F83C24F9E76F
:1098C000D3F82C22B2F5007FF4D0007AEFF31082A7
:1098D00000920122019272B6019A013A511C1AD0EB
:1098E000D3F82C12B1F5007F02F1FF3411D0D3F878
:1098F0002412194481F82400D3F824120131C1F351
:109900000801C3F82412D3F82C120131C3F82C1229
:10991000E3E72246E2E768460192FFF79CFFC9E7CA
:10992000A003002013B5EFF31083009301230193EC
:1099300072B6019B5A1E0192E3B1D0F82C32B3B13A
:10994000D0F82832034493F82440D0F82832013369
:10995000C3F30803C0F82832D0F82C32013BC0F81A
:109960002C326846FFF777FF204602B010BD4FF05B
:10997000FF34F6E76846FFF76EFF4FF0FF34F3E77A
:1099800038B5044600254FF47A70C4E90150A3614C
:109990001848049BE361C4E90412206029464FF48F
:1099A000007204F1240004F087FBC4F824524FF441
:1099B0000072C4F828522946C4F82C5204F50C70E1
:1099C00004F07AFB0123C4F83054C4F83454C4F8CA
:1099D000385484F83C3484F83D34DF2384F8A854A8
:1099E00084F8773484F8793484F8753484F87B34D7
:1099F000204638BD4010010010B50C46FFF74CF86A
:109A000022460421BDE81040FFF742BAF0B50369D1
:109A1000002B85B0044602DA002005B0F0BD426993
:109A2000002AF9DB8B42F7DA8A42F5DAD9B2002252
:109A3000684602AE03F0A4FB0122217D304603F00C
:109A40009FFB00223DF812500021AB11002D45D0A4
:109A500036F81200002841D036F8110083EA90173A
:109A6000FF063BD103F01F0323620028D4D0092B4B
:109A7000D2DC15F4F04F23691C4E0CBF4FF080620E
:109A80004FF0A06236F8331010F4F04F42F48032F9
:109A900017480CBF4FF080654FF0A065FCF716FE2D
:109AA0006369134836F8331045F480352A46FCF7CD
:109AB0000DFEA3695A1C0FD0E26901320CD036F8B2
:109AC00033100B482A46FCF701FEE369084836F8D4
:109AD00033102A46FCF7FAFD01209EE701310329E5
:109AE000B4D10132032AADD196E700BFC00E010008
:109AF000341A00202DE9F04104460E461546FBF7C6
:109B000012FB01462046FFF781FF84F8A8040028D5
:109B100000F0BD8094F891145E4B226A6FF301014E
:109B200084F89114192143F82240A4F8921494F86F
:109B30009034012184F895140F2103F0E70384F891
:109B40009C144FF6FF7143F04003A4F89E14A169E2
:109B50006FF3820384F8903404F592670023013197
:109B600084F8943484F89634C4F8987484F8A03453
:109B700005D0E16901311CBF082184F8A01484F8E4
:109B8000702404F29442C4F88C2440F213424FF63D
:109B9000FF71954284F8A23484F8A334A4F8A41485
:109BA000C4F88834C4F88034C4F87C343ED02DD84E
:109BB00040F21142954248D040F2124295424AD0BA
:109BC000354BC4F8843404F58E6841462046FFF7CF
:109BD00013FF94F8A834184084F8A80401213B46E8
:109BE00040F6B8323046FBF7EFFF94F8931429B9EA
:109BF0003B4640F6B8323046FBF7E6FF04F5886591
:109C000041462846FBF7BCFD78B3FEE740F23242FE
:109C1000954225D040F2334295420FD040F2314375
:109C20009D42CDD1022384F871340AE0022284F8E7
:109C3000712484F8723484F87334C1E7022284F802
:109C4000712484F872340123F5E7022284F8712428
:109C500084F87224EFE7022284F871240322F7E7E4
:109C6000022384F871340323EBE739462846FBF7D7
:109C7000BBFC00B1FEE7C4F82402C4F82802C4F813
:109C80002C02C4F83004C4F83404C4F83804BDE825
:109C9000F08100BFA00300209598000030B58C181B
:109CA000A14208D0D0F8603411F8015BDD701D7955
:109CB0006D07FCD5F4E7104630BDFFFF07B54FF048
:109CC000FF330093172216210248FFF759FE03B015
:109CD0005DF804FBC803002007B54FF0FF33009385
:109CE000002201210248FFF74BFE03B05DF804FBA0
:109CF0007408002007B54FF0FF3300931922182194
:109D00000248FFF73DFE03B05DF804FB200D002084
:109D10000148FEF7FFBC00BFCC1100200148FEF750
:109D200035BE00BFCC110020F8B5094F0546002410
:109D30000126AA6C06FA04F3134205D007EB44028D
:109D400061B22846FEF72EF801341D2CF1D1F8BD82
:109D500010120020837870B5044683B90E4D2A682E
:109D6000AAB103883BB90D48FFF7DEFF2B682078C6
:109D7000BDE870401847012BF8D10948F4E7012BE2
:109D800005D00A2B04D1074B1B68002BEFD170BD07
:109D90000B2BFCD1044BF7E7041200204C120020DF
:109DA000A8120020081200200C120020F0B5044672
:109DB00085B0002843D0002380F83230C1F38415E9
:109DC000836C012707FA05F21343836400F1300125
:109DD000FEF7C0F804AE04F148012046FDF7EAFFA3
:109DE0002046FDF7D1FF06F8047D9DF80C30012BCD
:109DF00004D131462046FDF7CDFFF6E70DF10E0206
:109E000029462046FDF7CEFF0E4BBDF80E0093F815
:109E10003330052B9CBF0C4AD2560C4B1B684FF0BD
:109E2000010101FA03F388BF00220093002301FA25
:109E300002F2194600F096F980B205B0F0BD4FF07D
:109E4000FF30FAE74C1200206C10010004000020E3
:109E500013B50A220C46C1B2684603F091F9BDF869
:109E600000205AB1064B074902F4F040B0F5006FEC
:109E70000CBF18460846228002B010BD1046FAE713
:109E8000A81200204C120020F0B5012680F82560B1
:109E9000C0E90F23022600F12403002540F60C47F9
:109EA00080F826600186DF26032143644FF4C05307
:109EB00080F8245080F8275080F8285080F82950E6
:109EC00080F82A6080F82B60878580F8325080F80F
:109ED000331080F8345080F8355080F8366080F8C0
:109EE00037600787C0E91255C0E91455A0F85850EB
:109EF000A0F85A30F0BD10B50446406D10B11421E1
:109F000003F0D6F9204610BD37B50D28044602A946
:109F100098BF0E34002321F8023D2046FFF798FF3A
:109F2000074B05464FF4004133F8340001F030F898
:109F3000BDF806102846FFF739FF03B030BD00BF5B
:109F4000C00E0100042838B598BF104B104C98BFC4
:109F50001D5CA36888BF002513B12046FEF71AF9DF
:109F60000C4984F828500C4CA1F13000FDF7F2FFA9
:109F7000A36813B12046FEF70DF9084984F828506C
:109F8000A1F13000BDE83840FDF7E4BF72100100D8
:109F90004C1200207C120020A8120020D8120020B1
:109FA0002DE9F04D3C4B93F82830192B2DED028B09
:109FB0006BD057D8012B62D0022B63D0374CD4ED35
:109FC000007AF5EE407AF1EE10FA48D10020FFF762
:109FD000B9FF052000F0ECFF0FF2B40BDBE900AB9A
:109FE0009FED2F8ADFF8C0800A251420FFF78CFF31
:109FF00007EE900AF8EEE77A67EE887A17EE900A95
:10A0000003F0BEFA52465B4603F012FBD8F800306C
:10A010000646012098400F4603F0A0FA02460B4680
:10A020003046394603F02EFC064620680F4603F002
:10A03000A7FA02460B463046394603F043F903F0CF
:10A04000C7FD013D07EE900A2060CED1F2EE046A12
:10A0500087EEA67A052084ED007AFFF773FF94ED72
:10A06000000A08E01D2B04D01F2BA7D1B0EE040A74
:10A0700001E0B0EE000ABDEC028BBDE8F08D9FED73
:10A08000090AF8E79FED060AF5E7B7EE080AF2E7D6
:10A09000295C8FC2F5A820404C1200200413002038
:10A0A0003D0AB73F0000C07F04000020A0F1080176
:10A0B0000829064A04D840F25513CB40DB0702D4E6
:10A0C0000023136070471060704700BF0400002039
:10A0D00030B5094B53F8144B00218C4207D053F88C
:10A0E000042F92F82450A84202D00131F5E7002253
:10A0F00002F1080030BD00BF0813002038B50E4C37
:10A100000E4D0F48002322461946FFF7BDFE0023DF
:10A1100001210C48FFF7B8FE28460024214640F8EC
:10A12000044B142203F0C8FF5022214605F1180009
:10A1300003F0C2FF38BD00BF559D0000081300208A
:10A140004C120020A812002008B50448FFF7D3FEE7
:10A150000348BDE80840FFF7CEBE00BFA8120020AC
:10A160004C12002010B5029C401AE41A6043521AA7
:10A1700090FBF2F0184410BD2DE9F04F027D012A4A
:10A1800085B005460F4640F0978000214FF0FF3B19
:10A1900004460B465E4694F804C048B2BCF1000F7A
:10A1A0007CD194F805C0BCF1000F77D1B6F1FF3F28
:10A1B0001BBF01335BB201233046934201DD1A46D7
:10A1C00083460131082904F1020465D1002402EB21
:10A1D0000B03A1460293CB4502DC029B4B4560DC9E
:10A1E0006E7995F804A04FEA26180AF00F035FFA7B
:10A1F00088F25FEA2A1A019206F00F0677D05FFA1A
:10A200008AF1BAF1090FCABF5731303149B2384625
:10A21000039300F0D8F8039B0444092B8ABF03F191
:10A22000570103F1300149B23846039300F0CBF8EF
:10A230000444BAF1000F04D1039B13B9B8F1000F25
:10A240000DD0019BB8F1090FD4BF03F1300803F121
:10A2500057084FFA88F1384600F0B5F80444092E43
:10A260008ABF573606F1300171B2384600F0ABF8BC
:10A27000B9F1070F044404D03A21384600F0A3F89E
:10A28000044409F10109B9F1080F05F10205A2D151
:10A29000204605B0BDE8F08F06467CE74FF0FF3062
:10A2A0008FE7CB45EDD1BBF1000FE5D13A21384620
:10A2B00000F089F80444DFE700F1100600F113090B
:10A2C000002416F8011B0A22384600F0ABF82E21B4
:10A2D0008046384600F077F8B14540440444F0D158
:10A2E0000A22E97C384600F09DF80444D0E7002BB0
:10A2F00093D1A3E710B5054B036004460175102206
:10A300000021043003F0D8FE204610BD801001006B
:10A31000F8B50F461D460021084B0360044616465B
:10A3200001751022043003F0C7FE9DF81830277421
:10A330006674A574E3742046F8BD00BF8010010068
:10A3400007B501210648FFF7D5FF002300931A4601
:10A3500019460448FFF7DCFF03B05DF804FB00BFBB
:10A3600070130020881300202DE9F04106460D46A9
:10A3700001EB02080C464445A4EB050707D03368FF
:10A3800014F8011B1B68304698470028F3D1384663
:10A39000BDE8F08170B50368044608460D465E6866
:10A3A00004F02AFC2946024633462046BDE87040A8
:10A3B000184709B1FFF7EEBF0846704703688A687F
:10A3C0005B68096818470368C9B21B68184770B50D
:10A3D0008AB00E460AA9002301F8043D012A98BF5D
:10A3E0000A22B6FBF2F502FB1564E3B264B2092C53
:10A3F000D4BF303337335BB22E4601F8013D002D18
:10A40000EFD1FFF7D6FF0AB070BD10B42AB90368C8
:10A410005DF8044B1B68C9B21847D2B25DF8044B13
:10A42000FFF7D5BFFFF7F1BF10B50446006808B1CC
:10A4300003F004FE204610BD10B50446006808B1C4
:10A4400003F0FCFD00232360C4E9013310BD38B5DF
:10A4500004460D460068013104F052FB10B1C4E916
:10A460000005012038BD036810B5044623B14368D8
:10A470008B4201D3012010BD2046FFF7E8FF0028E2
:10A48000F9D0A368002BF5D122681370F3E770B5FB
:10A490000E46114604461546FFF7E5FF20B9204653
:10A4A000FFF7CAFF204670BD2A463146A5602068E6
:10A4B00003F0DEFD2268A3680021D154F2E738B52D
:10A4C00000230446C0E9003383600D4639B10846D5
:10A4D00004F092FB294602462046FFF7D8FF2046AB
:10A4E00038BD38B5054608460C4604F085FB2146C4
:10A4F00002462846BDE83840FFF7C9BF10B50446FC
:10A500008AB00023C4E90033A360084601A900F023
:10A51000CFFC204601A9FFF7E4FF20460AB010BD9A
:10A5200010B5044619B1FFF7DCFF204610BDFFF758
:10A5300083FFFAE72DE9F04105461746884619B929
:10A5400000263046BDE8F0819AB184681444214663
:10A55000FFF789FF06460028F2D0AB6828683A4624
:10A560001844414603F084FD2B68AC6000221A5564
:10A57000E7E70126E5E78A680968FFF7DBBF38B53A
:10A58000054608460C4604F037FB2146024628469D
:10A59000BDE83840FFF7CEBF09B1FFF7F0BF08466E
:10A5A000704783688B4203D9006810B140567047EA
:10A5B00000207047F8B59A420F461D460C4988BFE7
:10A5C00013461446064684BF2C461D46FFF777FF08
:10A5D000BA68A2420AD93968AA4294BFC4EB0202FF
:10A5E000C4EB050221443046FFF751FF3046F8BD69
:10A5F000AE0D01000F4B10494AF20252A3F8FE23A0
:10A600000E4A11604FF42542A3F8FE2303F5E4231C
:10A610001A886FF304121A80BFF34F8F0849094B51
:10A62000CA6802F4E0621343CB60BFF34F8F00BFF0
:10A63000FDE700BF00E001403581730700E5014000
:10A6400000ED00E00400FA05F8B5184B1B7805464C
:10A65000144646184BB11146154804F039FA15480E
:10A6600004F036FAAC4212D22C461348134D114F67
:10A6700004F02EFA0F4804F02BFAB4420BD3104822
:10A6800004F026FA0B48BDE8F84004F021BAB442C1
:10A6900028BF3446E9E722682146284604F018FA24
:10A6A000384604F015FA0434E7E700BF90140020A0
:10A6B000F017010015180100181801003D180100DD
:10A6C0007D11010008B50F4B0F4918600F4B1A6040
:10A6D0000F4B104A1A60104B9B1A104A1360104A15
:10A6E0001160104A521A10490A603BB90F4804F031
:10A6F000EFF90F48BDE8084004F0EAB90D4B01221C
:10A700001A7008BD38140020004000009414002086
:10A7100044140020007B0020007F00204014002013
:10A7200034140020DC1C0100301400208E170100BE
:10A73000151801003C14002008B5064B06481A689D
:10A74000064B196804F0C4F90548BDE8084004F058
:10A75000BFB900BF941400206B170100381400200B
:10A7600015180100304B2DE9F04F1C682F4BD3F822
:10A7700000E02F4B1D782F4B1E782F4B1F682F4B5F
:10A780001B688B4607EB030CDDB1CEB92C4B9969E6
:10A790005B690160013BBB4215D3634513D8BBF134
:10A7A000010F10D943600223A64426B1944203D876
:10A7B000724528BF724614460437DFF888802EE0C1
:10A7C00000252B46F0E735460123EDE72268D10747
:10A7D00024D5561EB74221D866451FD80F2B1DD849
:10A7E00032F8059C32F8032C02EA080ABAF5784FD1
:10A7F00004D109EA0809B9F5704F04D002F47F4288
:10A80000B2F58E4F0AD15B4508D2022B03D115B1A8
:10A810004268B24202D040F82360013304347445E8
:10A82000D4D31846BDE8F08F441400204014002013
:10A83000481400209014002034140020301400200C
:10A840004C14002000F8FFFF2DE9F04391B00446BE
:10A8500040220021684603F02FFC22461021684662
:10A86000FFF780FF164FDFF87080064600244FF098
:10A870002009B44213D1FCB1114B124912480968A6
:10A8800004EBC4041C44002204F8012C0F4A04F019
:10A890001FF90F4804F01CF911B0BDE8F08304EB78
:10A8A000C4053D445DF824204146284604F084F95F
:10A8B000013485F80890DCE7064804F009F9E8E778
:10A8C000A013002038140020631801005E18010056
:10A8D00015180100A0180100581801002DE9F041D9
:10A8E0000D4B1B7886B006460D4643B90B4A0C4902
:10A8F0000C4804F0EDF80C4804F0EAF8FEE70B4BC6
:10A900001A78BAB1054A0A49064804F0E1F806483F
:10A9100004F0DEF8FEE700BF3C14002084100100C4
:10A92000971001009F100100151801004814002025
:10A93000BD100100A64AA7481468A74AA74FD2F83D
:10A94000008001221A7004F0C3F8A54804F0C0F892
:10A95000FFF7F2FEA34804F0BBF8A14804F0B8F8F2
:10A96000F6064CBF05F1200605F16806B44203D88F
:10A9700004EB0803B34201D201233B702046324668
:10A980004146FFF761FE3B78974C002B3DD197483D
:10A9900004F09EF8924804F09BF82F6927616F69D4
:10A9A0002A686B68A968E8686761AF69ED69226029
:10A9B0006360A160E060A761E56104908C48CDE927
:10A9C00002108C498C48CDE900318C4B8C4904F045
:10A9D0007FF8834804F07CF8E3690493894B039380
:10A9E000A3690293884B0193636900932269874BA3
:10A9F0008749814804F06CF8794804F069F8854883
:10AA000004F066F8764804F063F8834B834A1B68C9
:10AA10002362834B1B7884F82430824B1B68A3622B
:10AA2000814B1B7884F82C30804B1B682363804B50
:10AA30001B88A3867F4B1B681288E2637E4AA36350
:10AA4000128822649D0705D57C4804F041F86448CB
:10AA500004F03EF894F83B30580640F1278194F812
:10AA60002430002B3CD0D90705D5754804F030F8C8
:10AA70005B4804F02DF894F824309A0705D5714806
:10AA800004F026F8564804F023F894F824301B0705
:10AA900005D56D4804F01CF8514804F019F894F8F5
:10AAA0002430DF0605D5694804F012F84C4804F05C
:10AAB0000FF894F824309D0605D5654804F008F891
:10AAC000474804F005F894F82430180608D599078B
:10AAD00006D0A16A5F4803F0FBFF414803F0F8FF8E
:10AAE00094F82C30002B46D0DA0705D55A4803F0ED
:10AAF000EFFF3B4803F0ECFF94F82C309B0705D5A3
:10AB0000564803F0E5FF364803F0E2FF94F82C3096
:10AB10005F0705D5524803F0DBFF314803F0D8FF4B
:10AB200094F82C301D0705D54E4803F0D1FF2C4872
:10AB300003F0CEFF94F82C30D80605D54A4803F030
:10AB4000C7FF274803F0C4FF94F82C30990605D5B9
:10AB5000464803F0BDFF224803F0BAFF94F82C30BA
:10AB60001A0608D59F0706D5216B414803F0B0FFB0
:10AB70001B4803F0ADFFA38E002B00F0978094F8E4
:10AB80003430DD0705D53B4803F0A2FF144803F03D
:10AB90009FFF94F83430980705D5374803F098FFA5
:10ABA0000F4803F095FF94F83430590705D5334822
:10ABB00003F08EFF0A4803F08BFF94F834301A0735
:10ABC00060D52F4803F084FF054803F081FF59E06A
:10ABD0004414002016180100401400209014002096
:10ABE00015180100C71001004C140020FB100100D3
:10ABF000C5180100C91801003A110100BD18010073
:10AC0000C1180100D5180100D9180100CD180100A4
:10AC1000D11801006311010024ED00E030ED00E0E7
:10AC200028ED00E034ED00E029ED00E038ED00E033
:10AC30002AED00E02CED00E03CED00E0A211010067
:10AC4000CE110100101201004B120100811201000F
:10AC5000B512010001130100361301006A1301004F
:10AC60009F130100D6130100FE13010024140100FC
:10AC70006214010089140100CF1401001B150100AA
:10AC80007A15010094F83530DB0705D5274803F025
:10AC90001FFF274803F01CFF94F835309F0705D5A8
:10ACA000244803F015FF224803F012FF94F93B30CB
:10ACB000002B34DAE36B002B31D094F83C30DD0705
:10ACC00005D51D4803F004FF194803F001FF94F86F
:10ACD0003C30980705D5194803F0FAFE144803F0F4
:10ACE000F7FE94F83C30590705D5154803F0F0FEFF
:10ACF0000F4803F0EDFE94F83C301A0705D51148D3
:10AD000003F0E6FE0A4803F0E3FE94F83C30DB066D
:10AD100005D50D4803F0DCFE054803F0D9FE3046AA
:10AD200006B0BDE8F041FFF78FBD00BFC1150100BF
:10AD300015180100131601007D160100AD16010063
:10AD4000E01601000C1701003B1701007046694630
:10AD5000FFF7C4FDFEE7FFFF73B50025044680F84A
:10AD600030500D2268460E4602F00AFABDF8003057
:10AD70006363C3F3841203F4F043B3F5006F84F804
:10AD800038602574E5746574A574657522750CD0FA
:10AD900004F11003A361064BE361064B2362064BEB
:10ADA0006362064BA362064BE362204602B070BDAD
:10ADB000ED760000E57700007577000081770000F0
:10ADC000B17700000E210148FFF7C6BF981400209C
:10ADD000042911D8DFE801F0030C0A030E00002259
:10ADE000064B33F830100020FBF770BC1022F7E759
:10ADF0000422F5E78422F3E7704700BFC00E01008C
:10AE0000044B0A1C18BF012233F830100020FBF756
:10AE1000F7BB00BFC00E010007B5084B0DF10702DC
:10AE200033F830100020FBF7DDFB9DF80700003001
:10AE300018BF012003B05DF804FB00BFC00E010085
:10AE4000F0B58BB041B3931E222B2FD80A2A06D11E
:10AE5000002804DA4442012601AB1D4610E00446F6
:10AE60000026F9E7B4FBF2F002FB1047092F044675
:10AE700003F10103F8B294BF3030573003F8010CEE
:10AE8000002CEFD1AB42EDD04EB12D204A1C087002
:10AE9000AB4206D80023137008460BB0F0BD0A463B
:10AEA000F6E713F8010D02F8010BF1E70021F3E7D3
:10AEB000FFF7C6BFEFF31080012383F31088064B22
:10AEC000196819B9054AD1704021D1701A68013248
:10AED0001A6080F310887047BC020020000D044007
:10AEE000704770471A4A38B50023938072B61949E3
:10AEF000194A1A4C0A601859D0500433402BFAD121
:10AF0000174D002302F140005C59C4500433802BDC
:10AF1000FAD1144B9A60BFF34F8F62B60B68124A96
:10AF2000DA601249124A1348FFF7CCFBFFF7C2FF61
:10AF3000FAF7FCF8FFF734F800F04CF8FFF7D1FF10
:10AF4000FAF79AF8FFF7CCFFFAF7C0F8FCE700BF72
:10AF5000000D0040D4140020007F002000400000BD
:10AF60004040000000ED00E04DAD0000EA18010097
:10AF7000DD180100ED1801000148FEF78FBE00BF8B
:10AF8000C803002008B5FFF7ADFF00207047FFFFA2
:10AF90000A4601460148FBF799BB00BF341A00205E
:10AFA000024A136801331360704700BF1015002078
:10AFB0000121FDF71FBA704770B5054C256806469C
:10AFC00023685B1BB34202D2FFF7F5FFF8E770BDC1
:10AFD0001015002030B5164B164C196A164B87B069
:10AFE000012203930323CDE901230025134B04958C
:10AFF0001B68C1F302608340C1F30221CB402046AD
:10B000004FF4FA51B3FBF1F3294600932B46FDF7B9
:10B010008DFB2A4608212046FDF7D4FC2046FDF78B
:10B020003BFC204607B0BDE83040FDF75CBC00BFEC
:10B0300000E00140D8140020A1AF00004C03002024
:10B04000014B1868704700BF101500200148FDF73C
:10B0500061BB00BFD81400200148FDF797BC00BFBA
:10B06000D814002070B500F110050446284600F001
:10B07000C6FD3F2815D9E178002000F019FF80B106
:10B08000284600F0BCFD3F28E17807D904F50A7294
:10B0900040230020BDE8704000F026BF002000F0F3
:10B0A00015FF002070BDFFFF10B5044600F098FEAC
:10B0B00008B9002010BD00F09BFE0028F9D1044B18
:10B0C0004FF42A7202FB0434207900F00100F1E70A
:10B0D0001415002008B5044A4FF42A7303FB00201E
:10B0E000103000F075FD08BD1415002070B54FF448
:10B0F0002A730A4C58434FF6FE764FF6FF73251815
:10B10000B24288BF1A46103092B2204400F098FD37
:10B1100004462846FFF7A6FF204670BD1415002000
:10B12000034A4FF42A7303FB0020103000F09BBD4C
:10B13000141500202DE9F041054600F051FE10B92C
:10B140000020BDE8F08100F053FE07460028F7D14B
:10B150004FF42A746C43174D04F11C062E443046FC
:10B1600000F036FD0028EBD005EB0408384698F8CF
:10B17000021000F09DFE0028E2D004F51A74254468
:10B1800029464022304600F05BFD98F80210044644
:10B1900058B103462A46384600F0A6FE38B9064B99
:10B1A0001B68DB07CCD500BECBE700F08FFE204646
:10B1B000C7E700BF14150020F0ED00E00E4B70B59E
:10B1C0004FF42A7404FB003405464FF6FF734FF624
:10B1D000FE70824288BF1A461C3492B2204600F0AC
:10B1E00046FD0646204600F0F3FC3F2802D92846DB
:10B1F000FFF7A0FF304670BD1415002008B5044AC3
:10B200004FF42A7303FB00201C3000F0F8FC08BD4B
:10B210001415002013B5134C4FF42A720021204658
:10B2200002F04AFFFF2363714FF4E133A360082269
:10B230000023A381A273009304F1280101234FF49A
:10B24000807204F1100000F0ACFC012300934FF475
:10B25000807204F5947104F11C0000F0A2FC02B0AD
:10B2600010BD00BF1415002010B50A4C00210522A6
:10B27000204602F021FF04F110001C3400F0FDFC18
:10B28000204600F0FAFC20460121BDE8104000F005
:10B29000F9BC00BF14150020F7B54B79022B074607
:10B2A00003D00024204603B0F0BD8B79022BF8D1E7
:10B2B0001F4EB3787BBB8B7833700D7809240D4417
:10B2C00003E02B781C44A4B21D446B78242B1BD1C3
:10B2D0009442F6D96B78042B12D16B790A2B0FD1DB
:10B2E000144B2E7801930133009302231A46A919B7
:10B2F000384600F0A9FD70B10E3416FA84F4A4B2F9
:10B300000B48FFF7AFFECDE7052BE3D129463846C2
:10B3100000F076FD28B9084B1B68DB07C1D500BEDD
:10B32000BFE7AB7873702B781C44A4B21D44D1E7FF
:10B330001415002016150020F0ED00E038B50B467E
:10B340001146127802F06002202A47D1244A8C88E4
:10B350001578A54242D14C78203C032C3ED8DFE83A
:10B3600004F002141731012B05D107231D4A01F007
:10B3700051F9012038BD032BFBD11B4B002BF8D01A
:10B380001849002001F050FEF3E7012BF1D1ECE762
:10B39000012B02D101F026F9EBE7032BE9D14C8810
:10B3A0001471E14301F00101104800F06BFC104BF7
:10B3B000002BDED0C4F3400204F00101002001F0B4
:10B3C0001FFED6E7012BE5D0032BD2D1094B002B72
:10B3D000CFD049880020AFF30080CAE70020C9E73A
:10B3E000141500201C15002029D000003015002065
:10B3F00001D00000000000002DE9F0471C46374B4B
:10B40000DA788A4280460F461D4607D09B788B42E9
:10B4100059D1AB78BB4234D001245BE003F50A710B
:10B4200003F11000A2B200F022FC2D4B2BB92D4BE2
:10B43000FBB92A48FFF716FEEBE795F90530013313
:10B44000F5D005F2272606EB0409A6F2172A4E4589
:10B45000EDD095F9052016F8013F9A42F7D15046F4
:10B4600000F0C6FB0028F2D195F90510AFF300807B
:10B47000EDE71D4800F0BCFB0028DAD1AFF30080F7
:10B48000D7E71A4B13B10020AFF300800020FFF77D
:10B4900051FE0028C0D1164800F09AFB0028BBD10D
:10B4A000002CB9D014F03F06B6D1A978404600F080
:10B4B000FFFC04460028AFD033463246A978404608
:10B4C00000F012FD06E00B4B1C6814F0010401D0E3
:10B4D00000BE00242046BDE8F08700BF1415002000
:10B4E0000000000000000000241500200000000003
:10B4F00030150020F0ED00E08C220021014802F020
:10B50000DBBD00BFBC1700200020FFF7F5BFFFFF29
:10B510002DE9F7430E4607467379032B114604D0F5
:10B520000024204603B0BDE8F0833279C2EBC204A8
:10B530001234A4B28C4205D9234B1B68DA07EFD52D
:10B5400000BEEDE7214D95F801E0A846BEF1000FE1
:10B55000F2D196F800C006EB0C0191F80190B9F118
:10B56000210FE9D1C5F8881016F80CC005F1010EBD
:10B570000235CDF804E00095614400F065FC002838
:10B58000DAD0B37998F80210012B04BFF37988F868
:10B590000330012388F80430B37888F80030D8F8F5
:10B5A0008830B3F80730A8F806300029B9D0402316
:10B5B000074A384600F098FC0028B2D1024B1B68BD
:10B5C000DB07AED500BEACE7F0ED00E0BC17002015
:10B5D0000418002013782DE9F341154603F01F02EB
:10B5E000012A06460C4601D000246DE0DFF8C08138
:10B5F000AA8898F80010D2B291424746F4D113F0CD
:10B6000060031FD0202BEFD16B78013B0A2BEBD8C6
:10B6100001A252F823F000BF8BB6000053B7000020
:10B620005FB70000E9B50000E9B50000E9B500002A
:10B63000E9B50000E9B50000E5B600002FB700004D
:10B640006BB70000012C01D001243DE06A78062A86
:10B65000CAD16A88120A212A0AD1D8F88820002A79
:10B66000C2D01378294602B0BDE8F04100F0D2BF45
:10B67000222AB9D1184601F021FDB8F80630024659
:10B680002946304600F0C6FF1EE0012CDCD1EB88D5
:10B690006988402B4FEA1122184628BF402011F03C
:10B6A000FF0115D0012B13D90138384B397280B204
:10B6B0000090002001F060FD0444A4B25CB9344B5A
:10B6C0001B68DB0790D500BE204602B0BDE8F081C4
:10B6D0000024304BECE723462E4A2946304600F042
:10B6E00099FFB1E7012C05D1EB88402B3FF67CAFE9
:10B6F000294AC5E7032CA7D1EB886988402B4FEA7C
:10B700001122184628BF402011F0FF010DD0012B57
:10B710000BD997F848308B4207D101381F4B80B2C4
:10B720000090002001F02AFD8EE71B4BF8E7012C6A
:10B730008AD169881A4B090A79712BB10020AFF3BD
:10B74000008000283FF450AF2946304600F04AFF01
:10B750007AE7012C7FF478AF2346124A90E7012C58
:10B760007FF472AF2346104A8AE7012CECD0032CF9
:10B770007FF46AAF69880D4BC9B23971002B3FF471
:10B7800063AF0020AFF300805EE700BFC517002065
:10B79000F0ED00E0C4170020041800200518002078
:10B7A00000000000C1170020C017002000000000AA
:10B7B000BC17002037B51A4CA2788A42054660783B
:10B7C00013D088420AD1174A12B9012003B030BD04
:10B7D0009AB215490020AFF30080F6E7134B1B68BF
:10B7E000DB0700D500BE0020F0E79042EBD000223E
:10B7F0009BB211461046009304F1480301F0BEFCD1
:10B80000402304F14802A178284600F06DFB00288F
:10B81000DBD1064B1B68DA07E5D500BED6E700BFD3
:10B82000BC17002000000000C4170020F0ED00E06D
:10B830000A4492B291424FEA400001D8824201DBB1
:10B84000121A92B21046704738B50D46D41A818844
:10B85000A4B29A423CBF04EB4104A4B2BCB1A142E1
:10B8600005D2914294BF531A8B189BB243819942DF
:10B870000AD9C2880168C2F30E0202FB03112846EE
:10B8800002F0F6FB012038BD5B1A9BB2EFE72046C1
:10B89000F9E7F7B50446900803460D464FF6FF76E4
:10B8A000013B9BB2B3420ED112F0030201EB8001C7
:10B8B00007D002A8002340F8043D02F0D9FB019B09
:10B8C000236003B0F0BD55F8047B2760E8E72DE95D
:10B8D000F3470F46BDF8281084885E1AB6B28B4233
:10B8E0003CBF06EB4406B6B280466EB3B44206D205
:10B8F0009C4294BF191BE11889B2418126469642A9
:10B9000028BF16468C4223D9B8F80630D8F8005024
:10B91000C3F30E03641A9AB2A4B202FB01559DF858
:10B920002C10A6EB040914FB03FA19FB03F90129F7
:10B930001FFA8AFA1FFA89F918D0A6420BD8724367
:10B940002946384602F094FB304602B0BDE8F08745
:10B95000091B89B2D6E752462946384602F088FBD1
:10B960004A46D8F8001007EB0A00EBE7A64207D8D2
:10B9700016FB03F292B229463846FFF78AFFE3E747
:10B980002AF00304A4B2224629463846FFF781FF75
:10B990001AF0030A28D0CAF104039BB24B4505EB09
:10B9A000040102AC28BF4B460020A9EB030944F870
:10B9B000040D1FFA89F90A5C0255421C92450CD10C
:10B9C000D8F8001020440B44994208D1019B3B60F9
:10B9D000B9F1000FB8D04A46CEE71046EBE711F8B0
:10B9E000012B00F8012FEFE7D8F80010F0E7F7B5CA
:10B9F0009408234605464FF6FF76013B9BB2B342BF
:10BA00000CD112F0030200EB840005D00B6802A9F0
:10BA100041F8043D02F02CFB03B0F0BD0F6845F87F
:10BA2000047BEAE72DE9F74F1446C2790589B0F89F
:10BA300004800F4641899B46D3090646ADB289B2C0
:10BA400015D18D4236BFC1EB4801691A491989B237
:10BA5000414536BFA8EB0101002189B28C4228BFC5
:10BA60000C46002C50D1204603B0BDE8F08F444571
:10BA70000CD3BBF1000F06D1C288A4EB0804C2F3BB
:10BA80000E0202FB04770D464446EAE78D424FEA78
:10BA9000480036BF421A6A1A521992B222448242B0
:10BAA000DFDBA8EB040292B24046FFF7C1FE054679
:10BAB000D7E7ACEB080C1FFA8CFCC445F9D2A8EB15
:10BAC0000C01F088336889B2C0F30E00A4EB0109C1
:10BAD00082B211FB00FA19FB00F9BBF1010F1FFA4A
:10BAE0008AFA1FFA89F902FB0C3819D08C420DD85A
:10BAF00062433946404602F0BBFA22462946B088E6
:10BB0000FFF796FE3081AEE7AC46D6E7524639469F
:10BB1000404602F0ADFA4A4607EB0A013068EAE710
:10BB20008C4207D814FB00F292B239464046FFF728
:10BB30005EFFE2E72AF0030B1FFA8BFB5A463946F9
:10BB40004046FFF754FF1AF0030A28D0CAF1040058
:10BB500080B2484502AB28BF48463A6843F8042DF6
:10BB6000A9EB0009D8441FFA89F90021CA5C08F83A
:10BB7000012001318A45F9D19A4433680AEB00016A
:10BB80005A1E514506D11844B9F1000FB5D04A46A6
:10BB90003946CCE71AF801CB02F801CFF1E730685B
:10BBA000F2E7B2F5004F11D88280C288016063F3DA
:10BBB0000E029DF80030C280C2F3072263F3C71261
:10BBC00000234381C2710381012070470020704728
:10BBD0000389428981889BB292B2934236BFC2EBFD
:10BBE00041029B1A9B1898B2884228BF08467047AA
:10BBF000028943899BB29B1A5842584170478288F8
:10BC0000038940899BB280B2834236BFC0EB4200B9
:10BC1000181AC01880B2824286BF101A80B2002063
:10BC2000704710B5028943890446FFF70DFE61890C
:10BC3000034682B2A088FFF7FBFD6081184610BD65
:10BC400073B5038945890026CDE900560446FFF700
:10BC50003EFE618903460246A088FFF7E9FD608148
:10BC6000184602B070BD02894389FFF7EDBD12B1DD
:10BC70000023FFF7D7BE104670470023438103819E
:10BC800001207047C37961F3C713C3710120704766
:10BC900008B5034640890A4601469888FFF7C8FD63
:10BCA000588108BD70B5058943898488ADB29BB2BF
:10BCB0009D4236BFC3EB4402EA1A521992B2944233
:10BCC00006D2AC4294BF2B1B63199BB24381224620
:10BCD0002AB9C1E900228A6070BD2D1BADB2AC4209
:10BCE000FBD99C420AD90068AB4200EB03064E60C8
:10BCF00007D200230A804B808B60EDE71B1B9BB2B1
:10BD0000EFE7E31A9BB2D21A0B804A808860E3E720
:10BD10000A4B1B78834206D9094B1B6800EB400095
:10BD200003EBC00070475A1C8242A1BFC01A054BEA
:10BD3000182202FB0030B8BF002070474C180020CA
:10BD4000481800205019010070B5134D0646002414
:10BD50002B78E0B20133834210DA3B2200210F48F6
:10BD600002F0AAF91022FF210D4802F0A5F91422D1
:10BD7000FF210C48BDE8704002F09EB9FFF7C8FFF4
:10BD8000013428B9084B1B68DB0700D500BE70BD25
:10BD9000436830469847DBE74C1800204D180020D8
:10BDA0005018002060180020F0ED00E070B50C463F
:10BDB00005461646086800F06DFC236832462846A2
:10BDC0000121BDE870401847044B1B7810B118469C
:10BDD00000F060BE184600F073BE00BF08000020EF
:10BDE000024B5878003018BF012070474D180020D2
:10BDF000024B1878C0F38000704700BF4D18002038
:10BE000038B58B7803F07F03092B0C4606D90B4B12
:10BE10001B68DB0700D500BE002038BD084B1D782D
:10BE2000084B2046997800F0FFFF0028EFD021460C
:10BE30002846BDE8384000F05FBE00BFF0ED00E0EE
:10BE4000080000204D1800202DE9F047DDE90856D4
:10BE500080460C4691469A460027B94501DC0120F0
:10BE60000CE06378052B04D1E17801F00301514522
:10BE700008D00E4B1B68DA0702D40020BDE8F0871B
:10BE800000BEFAE721464046FFF7BAFF28B9074B44
:10BE90001B68DB07F1D500BEF0E7A178CB0914BF22
:10BEA00031702970237801371C44D6E7F0ED00E0AB
:10BEB000CB0901F07F00273303EB40030248002148
:10BEC000184400F089BF00BF4D180020CB0901F0D5
:10BED0007F00273303EB400302480021184400F0A1
:10BEE00092BF00BF4D18002038B5154C01F07F05FA
:10BEF00004EB450404EBD1142034E079C00707D5E6
:10BF0000104B1B68DA0701D4002038BD00BEFBE7E8
:10BF1000E5790D4845F001050078E57100F0D2FEA5
:10BF20000028F2D1E37960F30003E371E37960F371
:10BF30008203E371034B1B68DB07E5D500BEE4E732
:10BF40004D180020F0ED00E00800002010B50C4C6A
:10BF500001F07F0204EB420404EBD1142034E379B6
:10BF60009B070BD4074B187800F0D0FEE37943F021
:10BF70000203E371E37943F00103E37110BD00BFF5
:10BF80004D1800200800002010B50C4C01F07F0275
:10BF900004EB420404EBD1142034E3799B070BD566
:10BFA000074B187800F0DEFEE3796FF34103E3718D
:10BFB000E3796FF30003E37110BD00BF4D1800205B
:10BFC000080000202DE9F04FBA4B1B78FF2B89B0F9
:10BFD00000F09982B84B1D682C46002054F8043BB1
:10BFE0009847204605A9FFF71CFE2B680446012050
:10BFF0009847002C00F087829DF81530013B072BF5
:10C0000000F2AE82DFE813F008001300AC028A02EF
:10C0100099021F005802A5029DF81400FFF794FE34
:10C0200000F030FBA54B9DF818209A70D2E79DF8E0
:10C030001400FFF789FE00F025FBA14B002BC9D0AF
:10C04000AFF30080C6E79D4C9DF81450237843F071
:10C050000103237094F827306FF3000384F827302E
:10C0600094F827306FF3820384F8273094F828304F
:10C070006FF3000384F8283094F828306FF38203BC
:10C0800084F82830002000F005FB9DF8187007F0B8
:10C090006008B8F1600F0FD18A4B1B68DC0700D530
:10C0A00000BE9DF81400002100F030FE80219DF8B4
:10C0B000140000F02BFE8DE7B8F1400F0DD182483F
:10C0C0000028EED000F0E6FA06AA01212846AFF3D8
:10C0D000008000287FF47EAFE3E707F01F07012F01
:10C0E00000F0938119D3022FD6D19DF81C1001F0D6
:10C0F0007F06092ED0D804EB460606EBD116F07C5D
:10C10000FFF706FE8146B8F1000F00F0AA81002873
:10C11000C7D006AA00F10C010FE0B8F1200F10D132
:10C120009DF81C300F2BBCD81C44E078FFF7F0FDC5
:10C130000028B6D006AA00F10C012846FFF736FE0B
:10C14000C7E7B8F1000FA7D19DF81930092BA3D884
:10C1500001A252F823F000BFF3C30000E1C30000C6
:10C1600099C00000CDC3000099C0000081C100004B
:10C170000DC3000099C000009BC10000AFC10000CA
:10C1800006A800F08DFA9DF81A10284600F0B2FCBF
:10C19000237843F0020323701CE708AA637802F8AF
:10C1A0000E3D012306A9284600F034FA12E79DF857
:10C1B0001A906378994531D063783BB1284600F0F6
:10C1C00067FDA6782846FFF7BFFDA670B9F1000FFE
:10C1D00000F0968009F1FF30C0B200F07DFF10B191
:10C1E0004378022B06D0374B1B68DF077FF554AF2F
:10C1F00000BE51E7C2792378511161F30413921103
:10C2000062F3451323704388C31800F109060293B3
:10C21000029BB34209D82D4B002B6ED184F80190BC
:10C2200006A9284600F0DEF9D4E673780B2B03BF8D
:10C23000337896F80380F6184FF001087378042BD2
:10C24000D1D1029B9B1B9BB2039300230193204BF4
:10C250009DF804701B780133BB4225DB3846FFF79D
:10C2600057FD83460028BED08368039A314628468E
:10C270009847082882463DD9039B83423AD3B8F1B8
:10C28000010F06D1DBF80820124B9A4208BF4FF08D
:10C2900002080022D3B2434520D331463B465246E2
:10C2A0000D4800F0F1FD5644094B1B7801339F42C5
:10C2B000AEDD98E708000020881800204D18002007
:10C2C00000000000F0ED00E00000000000000000B1
:10C2D0004C18002099B2000060180020B1780B447F
:10C2E000A34951FA83F30132D978FF297FF47BAF58
:10C2F000DF70CFE7019B0133A8E7AFF300808DE744
:10C300009C4B002B8AD0AFF3008087E7BDF81A0062
:10C31000030A5A1EC0B20E2A3FF6C3AE01A151F85D
:10C3200022F000BF61C300008BC30000ABC300005C
:10C33000A3C00000A3C00000BFC300008BC3000067
:10C34000A3C00000A3C00000A3C00000A3C0000061
:10C35000A3C00000A3C00000A3C000006BC3000086
:10C3600000F0A4FE122302460AE0834B002B3FF4A8
:10C3700098AEAFF30080024600283FF48DAE4388AC
:10C3800006A9284600F046F9A3E6022B06D100F0E4
:10C39000A3FE00283FF480AE4388E4E7774B002BF0
:10C3A0003FF47FAEAFF30080F3E7BDF81C1000F060
:10C3B00099FE024600283FF474AE0378E0E7704B24
:10C3C000002B3FF46EAEAFF30080F2E7BDF81A30F9
:10C3D000012B7FF466AE237843F0080323701FE738
:10C3E000BDF81A30012B7FF45CAE23786FF3C303E2
:10C3F000F4E72378C3F340129B0803F002031343CE
:10C4000008AA22F80E3D0223CCE69DF81C300F2B23
:10C410003FF647AE1C44E078FFF77AFC00283FF473
:10C4200040AE00F10C0106AA2846FFF7BFFC002829
:10C430007FF4D0AD9DF8183013F060047FF431AE76
:10C440009DF819300A3B012B3FF62BAE00F022F984
:10C450009DF819300A2B7FF4E3AE08AA02F80E4DBE
:10C460009FE69DF81930012B03D01DD3032B7FF4D9
:10C4700013AEBDF81A2022B9012B284619D1FFF7B7
:10C4800083FDB9F1000F3FF4A5AD06AA09F10C0137
:10C490002846FFF78BFC002000F0FCF894F82830C9
:10C4A000DE073FF597ADBBE696F82730C3F34003B0
:10C4B000A6E7FFF74BFDE4E79DF818102C4B01F0C1
:10C4C0007F0403EB440303EBD11393F827006FF3CE
:10C4D000000083F8270093F827006FF3820083F8A9
:10C4E00027003CB9079B9DF819209DF8140000F027
:10C4F000E3F86FE5D87CFFF70BFC38B9214B1B68DC
:10C50000D80700D500BE09B0BDE8F08F0469079BCD
:10C510009DF819209DF81400A0475BE5144B1A788C
:10C52000D1077FF557AD184A002A3FF453AD18786C
:10C53000C0F3C000AFF300804CE50D4B1B78DA0769
:10C540007FF548AD114B002B3FF444ADAFF30080B5
:10C5500040E5069B002B3FF43DAD0798984739E531
:10C56000084B1B68DB077FF535AD00BE32E500BF29
:10C570004D18002000000000000000000000000036
:10C5800000000000F0ED00E00000000000000000EE
:10C59000124B9989DA8970B58C1AA4B2054693F9C1
:10C5A0000000402C28BF4024002809DA914212D014
:10C5B00099680B48224601F05BFD8021084A04E09F
:10C5C00091424FF00001F9D1002223462846BDE8F0
:10C5D0007040FFF789BC8021F6E700BF8C1800206F
:10C5E000A018002030B40A4C05460A46086849687D
:10C5F000234603C30023C4E9023392F900209A4280
:10C6000028461A46ACBF8021194630BCFFF76CBCE7
:10C610008C180020F8B5194D0C4607460868496883
:10C62000AA602E4603C60021E981E1888B4228BF1B
:10C630000B46AB8179B143B13AB9114B1B68DA07AC
:10C6400001D40020F8BD00BEFBE73846FFF7A0FF8D
:10C6500068B10120F6E794F90030002B0A460B463A
:10C660003846ACBF80210021FFF73EFCF0E7044BC9
:10C670001B68DB07E5D500BEE4E700BF8C1800208F
:10C68000F0ED00E014220021014801F015BD00BFCB
:10C690008C180020014B1861704700BF8C180020D7
:10C6A0000146044A00684968134603C30023C2E9EF
:10C6B000023370478C18002070B52F4C1E4623782B
:10C6C000C909B1EBD31F054616D03EB12B4B1B68F1
:10C6D000DA0701D4002070BD00BEFBE7284B13B180
:10C6E0002146AFF3008023690BB90120F3E7224A0A
:10C6F000032128469847F8E794F90030002B06DB21
:10C70000A0680028E6D032461E4901F0B1FCA368BB
:10C71000E28933443244A360E38892B29342E281D7
:10C7200001D03F2E24D823699BB994F90030002B07
:10C730004FF000031A46ACBF802119462846FFF788
:10C74000D3FB0028D1D10D4B1B68DB07C2D500BE3F
:10C75000C1E70221084A2846984701460028E4D14B
:10C76000284600F0D3FA8021284600F0CFFABCE733
:10C770002846FFF70DFFE4E78C180020F0ED00E0FD
:10C7800000000000A018002030B503468518EC1A00
:10C79000012C09D854086FF0010303FB042212B1E5
:10C7A00010F814300B7030BD33F8024B0C80EEE7FC
:10C7B000F0B585B00F4601A915460646FFF772FA97
:10C7C000BDF804400298AC4228BF2C462D1B2246DF
:10C7D0003946ADB2FFF7D8FF55B1BDF80630039822
:10C7E0009D4228BF1D462A46FFF7CEFF2C44A4B227
:10C7F00021463046FFF74CFA05B0F0BD2DE9F8436D
:10C80000174BDC8881461F4634B91C705C709C70E5
:10C81000DC700120BDE8F883B0F85E8008F07F0886
:10C820004445254628BF45464DB11E685B7ADB0767
:10C8300000F114012A4630460DD5FFF7B9FF4545F2
:10C8400038BF4FF40043A4EB050438BFA9F82230E9
:10C85000FC800020DEE72E44FFF796FF3E60EEE707
:10C86000E018002070B50446BDF81050FAB14FF43E
:10C8700084602084208C8606FCD51748467A858003
:10C8800061F300064672C580EDB10360BAB1B4F839
:10C890006030DB0B03D0B4F854301B060CD40F4BC4
:10C8A000186810F0010001D000BE002070BD0284A5
:10C8B000208C8006FCD4E0E72046FFF79FFF012094
:10C8C000A4F86000F2E70523057045708570C57017
:10C8D000A4F860300120E9E7E0180020F0ED00E066
:10C8E0002DE9F84F314E0C2303FB01630546B3F8E5
:10C8F00006800C46B8F1000F17D131B101F13702B3
:10C9000035F812305904FBD404E0294B1B68D807D2
:10C9100000D500BE0C235C4332190023335501209F
:10C9200053709370D370BDE8F88F8BB243F480627C
:10C930000285A0F86430B0F86CA01FFA8AFA2B8D3B
:10C9400003F00F039C42FAD16B8D9A04FCD5D045BD
:10C95000474628BF574687B14FF00C0B0BFB04FB33
:10C9600006EB0B0305F1180153F8089B5B78DB0716
:10C970003A46484613D5FFF71BFF57453CBF4FF4D7
:10C9800000436B8500232B85288D10F00F00FBD111
:10C990000C2303FB0464A8EB0707E780C3E7B94453
:10C9A000FFF7F2FE46F80B90E7E700BFE018002023
:10C9B000F0ED00E02DE9F843DFF8D4C0BDF82050D9
:10C9C000D7098E4602F07F020CEB07110A44044699
:10C9D00092F8781041B92D4B186810F0010001D081
:10C9E00000BE0846BDE8F8830C224A430CEB020661
:10C9F0004CF8023096F80990B5806EF3000986F87D
:10CA00000990F580BFB11DB1FFF76AFF0120E9E78A
:10CA10008BB20385238D03F00F039942FAD1638D06
:10CA20009E04FCD54FF40043638500232385238DAA
:10CA30001D07FCD1EAE74B1E042BE7D801F12306C2
:10CA400010EB8603E2D08AB200EB4101A0F864202B
:10CA5000B0F86C20B1F86E00800718BFA1F86E70B6
:10CA600014F82600002004F8260092B258781544E5
:10CA700001205870013D95FBF2F55D805A7842F037
:10CA800002025A70A1F86E00ACE700BFF0ED00E0C2
:10CA9000E0180020084B03EBC000426853B2002BA3
:10CAA00008DB012102F01F0201FA02F25B090349CF
:10CAB00041F82320704700BF0C00002000E100E097
:10CAC0000A4B03EBC000426853B2002B0DDB01217F
:10CAD0005B0902F01F0201FA02F22033044941F817
:10CAE0002320BFF34F8FBFF36F8F70470C000020E0
:10CAF00000E100E07047FFFF2DE9F84FCE78B1F874
:10CB000004A006F00306012E8046CAF30A0A04D1E7
:10CB1000BAF5807F06D9002060E0022E04D067D8E5
:10CB2000012E70D13F4B0CE03E4B93F82C20002A95
:10CB300056D093F83820002A54D093F84420002A85
:10CB400052D01A7D002A51D093F82030002B5AD1B0
:10CB500002248978344B334A53F838704FEAD1199C
:10CB60004FEA09150C2303FB042301F07F0B2A4431
:10CB70005A441972404682F87840FFF7A1FFA3B2E9
:10CB800007EB4402A7F864304FF44073A7F86CA099
:10CB9000022EA2F86E304FF00003A2F86E3045EA84
:10CBA0000B0337D143F485439BB2A7F868300123C8
:10CBB00003FA04F4A4B284F4FF715940A7F84610B4
:10CBC000F98E0C43FC86B9F1000F01D1022E01D081
:10CBD000A2F86E304046FFF75DFF0120BDE8F88FF8
:10CBE0000324B6E70424B4E70524B2E70124B0E740
:10CBF0000C4B06240C2202FB0430007A0028A8D03B
:10CC000001340A2CF7D1094B186810F00100E5D067
:10CC100000BE80E7032E0CBF43F4004343F44243BD
:10CC2000C2E700BFE01800200C000020F0ED00E09B
:10CC3000154B70B553F83050144BE88E01F07F0659
:10CC4000C90909015A183244012492F87820944005
:10CC500020EA0400E8869AB102F1370405EB4404A7
:10CC60000020208094B2A5F864400C2404FB02321A
:10CC70000B443344A5F8680083F87800107270BD47
:10CC800005F16004ECE700BF0C000020E018002074
:10CC9000F8B50546FFF714FF094E0A240C27013C9E
:10CCA00004D12846BDE8F840FFF7F4BE07FB046353
:10CCB000197A0029F3D02846FFF7BAFFEFE700BF43
:10CCC000E01800202DE9F34198460F4B0C4617461B
:10CCD00053F830600546FFF7F3FE14F07F01CDF8FE
:10CCE00000803B4622460AD13046FFF7BBFD044692
:10CCF0002846FFF7CFFE204602B0BDE8F0810021B4
:10CD00003046FFF757FEF2E70C00002038B5134B12
:10CD100011F07F02054653F830401BD0CB09104973
:10CD200001EB0311114491F878309BB1373304EBD8
:10CD300043048CB12846FFF7C3FE238803F00303A6
:10CD400043F002032380022323802846BDE83840B5
:10CD5000FFF7A0BE6034ECE738BD00BF0C00002038
:10CD6000E01800201A4B2DE9F04111F07F0807462A
:10CD70000E4653F8305016D0164ACB0902EB031377
:10CD8000434493F8784074B1373405EB4404ECB174
:10CD90003846FFF795FE4FF480732380F30905D0E2
:10CDA000012323800DE005F16004F0E7094B4344C3
:10CDB00093F87830A5F86430B5F868309B0B012BF8
:10CDC000EED13846BDE8F041FFF764BEBDE8F08122
:10CDD0000C000020E0180020037813F0010310D1AC
:10CDE0000278C2F3800262B9037813F0010308D11C
:10CDF0000278530705D4037843F00403037001203D
:10CE00007047002070470378C3F380034BB102786A
:10CE100012F0010105D1027861F382020270184616
:10CE2000704700207047FFFF8388C07800F0030040
:10CE30000228C3F30A0312D01BD801280DD10229FE
:10CE400040F2FF3208BF4FF480629A420DD20D4B80
:10CE5000186810F0010008D000BE002070470229B9
:10CE600004D1B3F5007FF2D101207047402BEED8FA
:10CE7000FAE702290CBF4FF4806240229A42E6D3BF
:10CE8000F2E700BFF0ED00E030B50A44914200D374
:10CE900030BD4C78052C06D18C7804F07F0500EB72
:10CEA0004505E4092B550C782144EFE70368DB695D
:10CEB0001847037C0BB9012303747047704713B5FF
:10CEC00002AB026803F8011D546819460122A0470D
:10CED00002B010BD007C10B10020FEF7FBB8704717
:10CEE000007C10B10020FEF789B97047037C13B1B4
:10CEF0000020FEF71FB9704707B5007C38B10DF16F
:10CF000007010020FEF70CF920B19DF8070003B0DF
:10CF10005DF804FB4FF0FF30F9E710B50446002040
:10CF2000FEF7C2F800B9607C10BD037C07B513B9E9
:10CF30004FF0FF3012E0FFF7F0FF0028F8D000209C
:10CF4000FEF7C8F80028F3D001220DF107010020F8
:10CF5000FEF7CCF80028EBD09DF8070003B05DF891
:10CF600004FB037C2DE9F0418846174623B3FFF705
:10CF7000D4FF08B30020FEF727FF3D460024FDB193
:10CF80000020FEF73BF930B90120FEF71DFF00201D
:10CF9000FEF7D0F8F3E7A842024608EB040128BFE9
:10CFA0002A460020FEF70AF906460120FEF70CFF8C
:10CFB0001EB13444AD1BEAE700242046BDE8F081F1
:10CFC0003C46FAE738B5037C04460BB9002038BD6F
:10CFD0004FF0FF300021FEF7F5FF2046FFF79DFFE1
:10CFE0000028F3D0054D2C78002CF0D00A20FDF756
:10CFF000E3FF00232B702046E9E700BF1400002068
:10D00000064B1970064B1A70064B1B68B3F5966FEA
:10D0100002D109B9FDF7EEBA704700BF90190020A0
:10D02000911900208C1900200A4A0B6813600A4AE3
:10D0300048791060094A08791060094A89791160B5
:10D04000B3F5966F04D1074B1B780BB9FDF7D2BA35
:10D05000704700BF8C1900209C19002098190020EF
:10D060009419002090190020054B00224FF47A718A
:10D07000C3E90121034919601A745A74704700BF4B
:10D08000781900208819010010B501F1080400F09A
:10D090000F02D3B2092ACCBF3733303304F8013D35
:10D0A000A1424FEA1010F2D110BDFFFF0248002349
:10D0B00003714371837170471500002007B505485F
:10D0C0000023019310B101A8AFF3008003B05DF815
:10D0D00004FB00BF00000000014B1868704700BF50
:10D0E000A019002070B5204C94F900300546B3B962
:10D0F0001E4B1B6803F1140658692146FFF7C4FF55
:10D1000004F108017068FFF7BFFF04F11001B06877
:10D11000FFF7BAFF04F11801F068FFF7B5FF5DB93A
:10D12000134B40F209425A800123013310485B003F
:10D1300043F44073038070BD052D12D80D4B0C4C89
:10D1400053F825100122013911F9010F531EDBB2EA
:10D150000028EAD024F812000132212AF4D1202339
:10D16000E3E70020E7E700BFE61900209CB17F401D
:10D17000A4190020B4190100002070477047FFFF78
:10D18000F8B500260F460446154606804680868080
:10D19000F7F7C9FF874216D8304901EBC70133467C
:10D1A0004868F2B230F812101DB901F03E020A2AA6
:10D1B00004E0012D09D101F03E02082A0BD00A0437
:10D1C00006F10106EDD52046F8BD022D08D101F08B
:10D1D0003E02042AF1D15A1C24F81310D3B2EEE710
:10D1E000032D04D101F03E02062AE0D1F3E7042D1D
:10D1F00002D101F03A02E0E7052D02D101F03A0236
:10D20000D5E7062D03D101F03E02102AD6E7072DFF
:10D2100005D101F03E02122ADDD0182ACEE7082DF2
:10D2200003D101F03E02022AC8E70A2D03D101F022
:10D230003E02142AC2E70B2D03D101F03E021C2A44
:10D24000BCE70C2D03D101F03E021A2AB6E70D2DE2
:10D25000B5D101F03E021E2AB0E700BFC00E0100AA
:10D2600010B5002814BF04460124204600F0DEFE5D
:10D2700030B900F015F808B900F0CAFE8047F4E7AD
:10D2800010BD0368DB0706D4437803B1FFDE01233A
:10D2900043701846704700207047012303607047B1
:10D2A000024B1868BFF35B8F704700BF281A00203D
:10D2B00000F000B800F0C2BE81F0004102E000BF03
:10D2C00083F0004330B54FEA41044FEA430594EA46
:10D2D000050F08BF90EA020F1FBF54EA000C55EA81
:10D2E000020C7FEA645C7FEA655C00F0E2804FEA52
:10D2F0005454D4EB5555B8BF6D420CDD2C4480EA34
:10D30000020281EA030382EA000083EA010180EA63
:10D31000020281EA0303362D88BF30BD11F0004FB1
:10D320004FEA01314FF4801C4CEA113102D04042E7
:10D3300061EB410113F0004F4FEA03334CEA133322
:10D3400002D0524263EB430394EA050F00F0A7803A
:10D35000A4F10104D5F1200E0DDB02FA0EFC22FA35
:10D3600005F2801841F1000103FA0EF2801843FA29
:10D3700005F359410EE0A5F120050EF1200E012A1A
:10D3800003FA0EFC28BF4CF0020C43FA05F3C01858
:10D3900051EBE37101F0004507D54FF0000EDCF1D1
:10D3A000000C7EEB00006EEB0101B1F5801F1BD37A
:10D3B000B1F5001F0CD349085FEA30004FEA3C0C7E
:10D3C00004F101044FEA445212F5800F80F09A8074
:10D3D000BCF1004F08BF5FEA500C50F1000041EB78
:10D3E000045141EA050130BD5FEA4C0C404141EB7C
:10D3F000010111F4801FA4F10104E9D191F0000FA3
:10D4000004BF01460020B1FA81F308BF2033A3F125
:10D410000B03B3F120020CDA0C3208DD02F1140C1C
:10D42000C2F10C0201FA0CF021FA02F10CE002F157
:10D430001402D8BFC2F1200C01FA02F120FA0CFC50
:10D44000DCBF41EA0C019040E41AA2BF01EB045199
:10D45000294330BD6FEA04041F3C1CDA0C340EDC97
:10D4600004F11404C4F1200220FA04F001FA02F3DA
:10D4700040EA030021FA04F345EA030130BDC4F198
:10D480000C04C4F1200220FA02F001FA04F340EA8D
:10D490000300294630BD21FA04F0294630BD94F03E
:10D4A000000F83F4801306BF81F480110134013D25
:10D4B0004EE77FEA645C18BF7FEA655C29D094EA96
:10D4C000050F08BF90EA020F05D054EA000C04BF14
:10D4D0001946104630BD91EA030F1EBF00210020FF
:10D4E00030BD5FEA545C05D14000494128BF41F09E
:10D4F000004130BD14F580043CBF01F5801130BD02
:10D5000001F0004545F0FE4141F470014FF000008C
:10D5100030BD7FEA645C1ABF194610467FEA655C3D
:10D520001CBF0B46024650EA013406BF52EA0335DF
:10D5300091EA030F41F4002130BD00BF90F0000FCD
:10D5400004BF0021704730B54FF4806404F1320409
:10D550004FF000054FF0000150E700BF90F0000FC2
:10D5600004BF0021704730B54FF4806404F13204E9
:10D5700010F0004548BF40424FF000013EE700BFB9
:10D5800042004FEAE2014FEA31014FEA02701FBF49
:10D5900012F07F4393F07F4F81F06051704732F07B
:10D5A0007F4208BF704793F07F4F04BF41F40021D2
:10D5B000704730B54FF4607401F0004521F0004130
:10D5C0001CE700BF50EA010208BF704730B54FF0BA
:10D5D00000050AE050EA010208BF704730B511F0BB
:10D5E000004502D5404261EB41014FF4806404F1F3
:10D5F00032045FEA915C3FF4D8AE4FF003025FEA79
:10D60000DC0C18BF03325FEADC0C18BF033202EBFC
:10D61000DC02C2F1200300FA03FC20FA02F001FA56
:10D6200003FE40EA0E0021FA02F11444BDE600BFF9
:10D6300070B54FF0FF0C4CF4E06C1CEA11541DBFA8
:10D640001CEA135594EA0C0F95EA0C0F00F0DEF873
:10D650002C4481EA030621EA4C5123EA4C5350EA58
:10D66000013518BF52EA033541F4801143F48013A9
:10D6700038D0A0FB02CE4FF00005E1FB02E506F03A
:10D680000042E0FB03E54FF00006E1FB03569CF08F
:10D69000000F18BF4EF0010EA4F1FF04B6F5007F95
:10D6A00064F5407404D25FEA4E0E6D4146EB060607
:10D6B00042EAC62141EA55514FEAC52040EA5E5090
:10D6C0004FEACE2EB4F1FD0C88BFBCF5E06F1ED83A
:10D6D000BEF1004F08BF5FEA500E50F1000041EB71
:10D6E000045170BD06F0004646EA010140EA02001E
:10D6F00081EA0301B4EB5C04C2BFD4EB0C0541EA40
:10D70000045170BD41F480114FF0000E013C00F354
:10D71000AB8014F1360FDEBF002001F0004170BD78
:10D72000C4F10004203C35DA0C341BDC04F1140491
:10D73000C4F1200500FA05F320FA04F001FA05F21D
:10D7400040EA020001F0004221F0004110EBD370EA
:10D7500021FA04F642EB06015EEA430E08BF20EA16
:10D76000D37070BDC4F10C04C4F1200500FA04F3B9
:10D7700020FA05F001FA04F240EA020001F000414B
:10D7800010EBD37041F100015EEA430E08BF20EABE
:10D79000D37070BDC4F1200500FA05F24EEA020E06
:10D7A00020FA04F301FA05F243EA020321FA04F035
:10D7B00001F0004121FA04F220EA020000EBD370EC
:10D7C0005EEA430E08BF20EAD37070BD94F0000FEC
:10D7D0000FD101F00046400041EB010111F4801F20
:10D7E00008BF013CF7D041EA060195F0000F18BFD1
:10D7F000704703F00046520043EB030313F4801F0D
:10D8000008BF013DF7D043EA0603704794EA0C0FC6
:10D810000CEA135518BF95EA0C0F0CD050EA4106DC
:10D8200018BF52EA4306D1D181EA030101F0004159
:10D830004FF0000070BD50EA410606BF1046194681
:10D8400052EA430619D094EA0C0F02D150EA01368D
:10D8500013D195EA0C0F05D152EA03361CBF1046CE
:10D8600019460AD181EA030101F0004141F0FE416D
:10D8700041F470014FF0000070BD41F0FE4141F4F1
:10D88000780170BD70B54FF0FF0C4CF4E06C1CEAF1
:10D8900011541DBF1CEA135594EA0C0F95EA0C0FA6
:10D8A00000F0A7F8A4EB050481EA030E52EA033561
:10D8B0004FEA013100F088804FEA03334FF0805582
:10D8C00045EA131343EA12634FEA022245EA1115AF
:10D8D00045EA10654FEA00260EF000419D4208BF60
:10D8E000964244F1FD0404F5407402D25B084FEA0D
:10D8F0003202B61A65EB03055B084FEA32024FF4B9
:10D9000080104FF4002CB6EB020E75EB030E22BF15
:10D91000B61A754640EA0C005B084FEA3202B6EBD5
:10D92000020E75EB030E22BFB61A754640EA5C0084
:10D930005B084FEA3202B6EB020E75EB030E22BF14
:10D94000B61A754640EA9C005B084FEA3202B6EB15
:10D95000020E75EB030E22BFB61A754640EADC00D4
:10D9600055EA060E18D04FEA051545EA16754FEA36
:10D9700006164FEAC30343EA52734FEAC2025FEA54
:10D980001C1CC0D111F4801F0BD141EA00014FF0E3
:10D9900000004FF0004CB6E711F4801F04BF0143B4
:10D9A0000020B4F1FD0C88BFBCF5E06F3FF6AFAED0
:10D9B000B5EB030C04BFB6EB020C5FEA500C50F160
:10D9C000000041EB045170BD0EF0004E4EEA1131E3
:10D9D00014EB5C04C2BFD4EB0C0541EA045170BDEA
:10D9E00041F480114FF0000E013C90E645EA060E2E
:10D9F0008DE60CEA135594EA0C0F08BF95EA0C0F5C
:10DA00003FF43BAF94EA0C0F0AD150EA01347FF4A3
:10DA100034AF95EA0C0F7FF425AF104619462CE77A
:10DA200095EA0C0F06D152EA03353FF4FDAE1046DD
:10DA3000194622E750EA410618BF52EA43067FF42E
:10DA4000C5AE50EA41047FF40DAF52EA43057FF4BE
:10DA5000EBAE12E74FF0FF3C06E000BF4FF0010CC9
:10DA600002E000BF4FF0010C4DF804CD4FEA410C2D
:10DA70007FEA6C5C4FEA430C18BF7FEA6C5C1BD0FA
:10DA800001B050EA410C0CBF52EA430C91EA030F7B
:10DA900002BF90EA020F0020704710F1000F91EAD8
:10DAA000030F58BF994208BF90422CBFD8176FEAA6
:10DAB000E37040F0010070474FEA410C7FEA6C5C74
:10DAC00002D150EA013C07D14FEA430C7FEA6C5C7B
:10DAD000D6D152EA033CD3D05DF8040B704700BFA7
:10DAE0008446104662468C461946634600E000BFF5
:10DAF00001B5FFF7B7FF002848BF10F1000F01BDC7
:10DB00004DF808EDFFF7F4FF0CBF012000205DF891
:10DB100008FB00BF4DF808EDFFF7EAFF34BF012016
:10DB200000205DF808FB00BF4DF808EDFFF7E0FFAF
:10DB300094BF012000205DF808FB00BF4DF808ED00
:10DB4000FFF7CEFF94BF012000205DF808FB00BF67
:10DB50004DF808EDFFF7C4FF34BF012000205DF849
:10DB600008FB00BF4FEA410C7FEA6C5C02D150EA2F
:10DB7000013C0AD14FEA430C7FEA6C5C02D152EAC5
:10DB8000033C02D14FF0000070474FF00100704796
:10DB90004A0011D212F5001211D20DD56FF478732C
:10DBA000B3EB62520ED44FEAC12343F0004343EA81
:10DBB000505323FA02F070474FF00000704750EACC
:10DBC000013002D14FF0FF3070474FF00000704736
:10DBD0004FEA4102B2F1E04324BFB3F5001CDCF18F
:10DBE000FE5C0DD901F0004C4FEAC0024CEA5070C7
:10DBF000B2F1004F40EB830008BF20F001007047F6
:10DC000011F0804F21D113F13872BCBF01F00040F8
:10DC1000704741F480114FEA5252C2F11802C2F12A
:10DC2000200C10FA0CF320FA02F018BF40F00100AB
:10DC30004FEAC1234FEAD32303FA0CFC40EA0C005D
:10DC400023FA02F34FEA4303CCE77FEA625307D19A
:10DC500050EA01331EBF4FF0FE4040F440007047D1
:10DC600001F0004040F0FE4040F40000704700BF6B
:10DC70007BB972B90029BEBF00204FF0004106E019
:10DC800008BF00281CBF6FF000414FF0FF3000F0CC
:10DC9000BDB9ADF1080C6DE904CE002909DB002BFC
:10DCA0001ADB00F04DF8DDF804E0DDE9022304B0F2
:10DCB0007047404261EB4101002B1BDB00F040F854
:10DCC000DDF804E0DDE9022304B0404261EB4101EC
:10DCD000524263EB43037047524263EB430300F04D
:10DCE0002FF8DDF804E0DDE9022304B0404261EBE7
:10DCF00041017047524263EB430300F021F8DDF825
:10DD000004E0DDE9022304B0524263EB43037047B1
:10DD100053B94AB9002908BF00281CBF4FF0FF3192
:10DD20004FF0FF3000F072B9ADF1080C6DE904CE90
:10DD300000F006F8DDF804E0DDE9022304B07047E6
:10DD40002DE9F047089E04468846002B4BD18A42B5
:10DD5000154667D9B2FA82F24AB1C2F1200701FA38
:10DD600002F320FA07F7954047EA030894404FEA88
:10DD7000154E230CB8FBFEF71FFA85FC0EFB178827
:10DD800043EA084307FB0CF1994209D9EB1807F164
:10DD9000FF3080F01B81994240F21881023F2B44F2
:10DDA0005B1AA4B2B3FBFEF00EFB103344EA03444B
:10DDB00000FB0CFCA44509D92C1900F1FF3380F0BD
:10DDC0000781A44540F2048102382C4440EA074010
:10DDD000A4EB0C0400271EB1D4400023C6E9004385
:10DDE0003946BDE8F0878B4209D9002E00F0EB8060
:10DDF0000027C6E9000138463946BDE8F087B3FA86
:10DE000083F7002F47D18B4202D3824200F2FA807F
:10DE1000841A61EB030301209846002EE0D0C6E986
:10DE20000048DDE702B9FFDEB2FA82F2002A40F0D4
:10DE30008F80491B4FEA154E1FFA85F80127B1FB69
:10DE4000FEFC230C0EFB1C1143EA014308FB0CF102
:10DE5000994207D9EB180CF1FF3002D2994200F237
:10DE6000CD808446591AA3B2B1FBFEF00EFB10140C
:10DE700043EA044408FB00F8A04507D92C1900F137
:10DE8000FF3302D2A04500F2B6801846A4EB080486
:10DE900040EA0C409FE7C7F1200CBB4022FA0CFE81
:10DEA0004EEA030E01FA07F420FA0CF521FA0CF3FE
:10DEB0004FEA1E482543B3FBF8F92C0C08FB193335
:10DEC0001FFA8EFA44EA034309FB0AF49C4202FA61
:10DED00007F200FA07F10BD91EEB030309F1FF303B
:10DEE00080F087809C4240F28480A9F1020973444B
:10DEF0001B1BADB2B3FBF8F008FB103345EA03443B
:10DF000000FB0AFAA24508D91EEB040400F1FF3316
:10DF10006BD2A24569D90238744440EA0940A0FB9B
:10DF20000289A4EB0A044C45C2464B4654D351D057
:10DF3000002E69D0B1EB0A0564EB030404FA0CFC73
:10DF4000FD40FC404CEA0505C6E90054002747E7C0
:10DF5000C2F1200320FA03F7954001FA02F021FAFA
:10DF600003F34FEA154E3843010CB3FBFEF71FFADB
:10DF700085F80EFB173341EA034107FB08F38B4298
:10DF800004FA02F407D9691807F1FF3C2FD28B423B
:10DF90002DD9023F2944CB1A81B2B3FBFEF00EFB10
:10DFA000103341EA034100FB08F38B4207D969189B
:10DFB00000F1FF3C17D28B4215D902382944C91A07
:10DFC00040EA07473BE73746304609E70746E7E6BA
:10DFD0001846FBE64145ABD2B8EB020A69EB0E02EC
:10DFE00001381346A4E76046E9E7184695E7674617
:10DFF000D1E781467CE702382C4447E7ACF1020CBC
:10E000002B442FE7384608E73746E9E6704700BF5C
:10E0100008B5062000F0B4FD012002F0F9FDFFFF75
:10E02000014B1868704700BF28000020024B0146D2
:10E03000186800F097B800BF28000020024B014686
:10E04000186800F041B800BF2800002082B001B974
:10E0500001A942B14BB113780B601278101C18BFA4
:10E06000012002B070471046FBE76FF00100F8E7AF
:10E0700010B5431E0A44914200D110BD11F8014B66
:10E0800003F8014FF7E7884210B501EB020307D808
:10E09000421E99420AD011F8014B02F8014FF8E7ED
:10E0A0008342F5D98118D21AD34200D110BD13F89A
:10E0B000014D01F8014DF7E702440346934200D1B8
:10E0C000704703F8011BF9E738B50546002945D02C
:10E0D00051F8043C0C1F002BB8BFE41801F010FDF0
:10E0E0001F4A1368104633B9636014602846BDE8C0
:10E0F000384001F006BDA3420CD921686218934252
:10E1000004BF1A685B68636004BF52182260046031
:10E11000ECE713465A680AB1A242FAD919685818AE
:10E12000A0420BD120680144581882421960DDD109
:10E13000106852685A6001441960D7E702D90C236D
:10E140002B60D3E7206821188A4204BF1168526807
:10E15000626004BF091821605C60C7E738BD00BF7A
:10E160002C1A002070B5CD1C25F0030508350C2DA8
:10E1700038BF0C25002D064601DBA94203D90C232C
:10E180003360002070BD01F0BBFC214A14682146B9
:10E1900091B9204C23681BB9304600F0B9FC2060CF
:10E1A0002946304600F0B4FC431C24D10C233360D4
:10E1B000304601F0A6FCE4E70B685B1B18D40B2B80
:10E1C0000FD90B60CD50CC18304601F09AFC04F109
:10E1D0000B00231D20F00700C31AD3D05A42E2508F
:10E1E000D0E78C424B6816BF636013600C46EBE7C8
:10E1F0000C464968CCE7C41C24F00304A04205D0B7
:10E20000211A304600F084FC0130CFD02560DBE7D6
:10E210002C1A0020301A00202DE9FF4755EC104B36
:10E220000D9FDDF830A0002D0E4691461946B8BF6F
:10E2300022462B4627F02007BBBF05F100431D46B1
:10E2400000232D23B8BF1446462F0B7004D0452F52
:10E2500000D10136022100E0032103AB019302ABA0
:10E2600000933246534645EC104B00F069FD472FB2
:10E27000804602D119F0010F26D0462F08EB06097F
:10E2800011D198F80030302B0AD10022002320460B
:10E290002946FFF735FC18B9C6F10106CAF8006037
:10E2A000DAF8003099440022002320462946FFF77F
:10E2B00027FC38B93022039B4B4505D2591C0391EA
:10E2C0001A70F8E7CDF80C90039B0E9AA3EB0803A5
:10E2D0004046136004B0BDE8F087F7B50029044656
:10E2E000BABF49422D232B23092904F8022B43707E
:10E2F00020DD0DF107031F460A2691FBF6F506FB0C
:10E3000015113031092D03F8011C03F1FF322946A4
:10E3100009DC3031023B02F8011CBB42224604D327
:10E32000101A03B0F0BD1346E7E713F8012B04F809
:10E33000012BF2E7302319448370021DC170EFE70F
:10E340002DE9F04F8DB00C46DDF8588016461F467B
:10E35000054601F077FB03680493184600F04CFC77
:10E3600000230A93D8F800300590073323F0070301
:10E3700003F1080294F818A0D4F800B0C8F80020FF
:10E38000D3E90023C4E91223D4E9128929F0004318
:10E390000793CDF818804FF0FF32A74BDDE9060157
:10E3A000FFF7E0FB70BB4FF0FF32A34BDDE9060146
:10E3B000FFF7BAFB30BB0022002340464946FFF777
:10E3C000A9FB10B12D2384F843309C4A9C4BBAF131
:10E3D000470F8CBF9046984603232BF0040223611D
:10E3E00022604FF00009009733460BAA21462846C9
:10E3F00000F0E6F9013040F08D804FF0FF300DB0B5
:10E40000BDE8F08F42464B4640464946FFF7AAFB1F
:10E4100010B18C4A8C4BDAE761684B1C4BF480627C
:10E420000AA83ED1062363600023CDE9020309ABAD
:10E43000009349EC108B0DF123032260CDF804A06A
:10E4400061682846FFF7E8FE0AF0DF03472B8046A5
:10E4500009D1099BD81C02DB6268934247DDAAF10F
:10E46000020A5FFA8AFABAF1650F099924D80139CC
:10E47000524604F150000991FFF72FFF0A9A131832
:10E48000012A8146236102DC2268D10701D50133CC
:10E4900023619DF82330002BA5D02D2384F8433031
:10E4A000A1E7BAF1670F00F07781BAF1470FBBD14E
:10E4B0000029B9D10123B6E7BAF1660F19D10029B5
:10E4C00063680CDD216113B92268D20702D50133DC
:10E4D0000B442361099BA3654FF00009D9E713B9E9
:10E4E0002268D00701D50233F3E70123F1E74FF0AB
:10E4F000670ADDE90932934205DB22682361D1070F
:10E50000E8D50133E5E7002BD4BFC3F102030123B3
:10E510001344DEE723685A0507D42369424631468F
:10E520002846B84701302BD167E7BAF1650F40F2B2
:10E53000DC8000220023D4E91201FFF7E1FA002871
:10E5400033D00123414A31462846B84701303FF4D1
:10E5500054AFDDE909239A4202DB2368D8070FD5BF
:10E56000DDE9042331462846B84701303FF445AF82
:10E570004FF0000804F11A090A9B013B434509DCEE
:10E5800023689B0700F10381E0680B9B9842B8BFAA
:10E59000184634E701234A4631462846B847013039
:10E5A0003FF42BAF08F10108E6E7099B002B2BDCB9
:10E5B0000123264A31462846B84701303FF41DAFB3
:10E5C000099B23B90A9B13B92368D907D8D5DDE97C
:10E5D000042331462846B84701303FF40EAF4FF0D0
:10E5E000000904F11A0A099B5B424B4501DC0A9BB6
:10E5F00094E70123524631462846B84701303FF49C
:10E60000FCAE09F10109EEE70A9AA36D9A42A8BF90
:10E610001A46002A914607DD1346314642462846EF
:10E62000B84701303FF4E9AE04F11A034FF0000B94
:10E6300029EAE979069315E0FFFFEF7F261A01002A
:10E64000221A01002E1A01002A1A0100B40D01003D
:10E650000123069A31462846B84701303FF4CDAE33
:10E660000BF1010BD4F858A0AAEB09035B45EFDCD2
:10E67000DDE909239A42D04415DB2368DA0712D476
:10E680000A9B0999A3EB0A02A3EB010A9245A8BFD2
:10E690009246BAF1000F0EDC4FF000082AEAEA7A3F
:10E6A00004F11A0919E0DDE9042331462846B84788
:10E6B0000130E5D1A1E65346424631462846B847E7
:10E6C0000130E9D199E601234A4631462846B84748
:10E6D00001303FF492AE08F10108DDE909239B1AED
:10E6E000A3EB0A034345EEDC4AE70A9A012A01DC60
:10E6F000DB073AD50123424631462846B847013068
:10E700003FF47BAEDDE9042331462846B8470130AB
:10E7100008F101083FF471AE0A9B002203F1FF3AB1
:10E72000D4E912010023FFF7EBF9C8B9534642467A
:10E7300031462846B84701300ED15EE601235246E5
:10E7400031462846B84701303FF457AE08F101087A
:10E750000A9B013B4345F1DC4B4604F15002DEE6E7
:10E760004FF0000804F11A0AF2E70123DFE7012362
:10E770004A4631462846B84701303FF43EAE08F1DC
:10E780000108E3680B9A9B1A4345F0DCFCE64FF066
:10E79000000804F11909F4E700293FF48BAE0023C7
:10E7A000CDE9020309AB009349EC108B2260CDF850
:10E7B00004A00DF123032846FFF72EFD804648E60E
:10E7C0002DE9F04791461F468A680B69DDF82080E5
:10E7D0009342B8BF1346C9F8003091F8432006466B
:10E7E0000C4612B10133C9F800302368990642BFC4
:10E7F000D9F800300233C9F80030256815F0060555
:10E8000007D104F1190AE368D9F800209B1AAB423A
:10E8100028DC94F843302268003318BF01239206A5
:10E820002DD404F1430239463046C047013020D090
:10E830002368E568D9F8002003F00603042B08BF1D
:10E84000AD1AA36822690CBF25EAE575002593423D
:10E85000C4BF9B1AED184FF000091A344D451AD168
:10E86000002008E00123524639463046C0470130B7
:10E8700003D14FF0FF30BDE8F0870135C3E7E11861
:10E880005A1C302081F84300224494F8451082F845
:10E8900043100233C5E70123224639463046C047BC
:10E8A0000130E6D009F10109D8E7FFFF2DE9F04377
:10E8B00001F1430C0C46097E85B06E2917460646C9
:10E8C00098460C9A00F0B38022D8632936D00AD833
:10E8D000002900F0B980582900F0838004F1420536
:10E8E00084F8421032E0642901D06929F6D1206809
:10E8F0001368050603F104012AD51B681160002B7B
:10E9000003DA2D225B4284F843206F480A2239E063
:10E91000732900F09D8008D86F2920D07029DDD19F
:10E92000236843F02003236003E0752917D078297A
:10E93000D4D1782384F84530644855E01368191D14
:10E940001B68116004F1420584F8423001238CE019
:10E950001B68116010F0400F18BF1BB2CFE713689F
:10E960002568181D1060280601D51B6802E068069E
:10E97000FBD51B8854486F2914BF0A2208220021A6
:10E9800084F843106568A560002DC0F29580216869
:10E9900021F004012160002B3DD1002D40F08E803C
:10E9A0006546082A0BD12368DB0708D5236962680E
:10E9B0009A42DEBF302305F8013C05F1FF35ACEB90
:10E9C00005032361CDF800803B4603AA214630466B
:10E9D000FFF7F6FE01304DD14FF0FF3005B0BDE836
:10E9E000F083394884F84510136821681D1D1B68A1
:10E9F00015600A060BD5CA0744BF41F0200121600B
:10EA00001BB9226822F0200222601022B7E74D06CF
:10EA100048BF9BB2EFE76546B3FBF2F102FB11334F
:10EA2000C35C05F8013D0B460029F5D1B9E7136831
:10EA300025686169181D106028061B6801D51960DA
:10EA400002E06A06FBD51980002323616546B9E719
:10EA50001368191D11601D6862680021284600F0C6
:10EA6000FFFF08B1401B606063682361002384F8E6
:10EA70004330A7E723692A4639463046C04701306C
:10EA8000AAD023689B0713D4E068039B9842B8BFC1
:10EA90001846A3E701234A4639463046C0470130AD
:10EAA0009AD00135E368039A9B1AAB42F2DCEBE79C
:10EAB000002504F11909F5E7002BACD1037884F89F
:10EAC000423004F142056CE7321A0100431A01009A
:10EAD0000FB40A4B13B51C6824B1A36913B92046BF
:10EAE00000F026FF05AB049AA1680193204601F0CF
:10EAF00093FC02B0BDE8104004B07047280000202D
:10EB0000024B0A460146186801F0E6BA28000020C8
:10EB100038B5064C0023054608462360F9F724FD66
:10EB2000431C02D1236803B12B6038BD741A002046
:10EB30001F2938B504460D4604D9162303604FF04B
:10EB4000FF3038BD426C12B152F821304BB920462B
:10EB500000F030F82A4601462046BDE8384000F073
:10EB600017B8012B0AD0591C03D1162303600120CA
:10EB7000E7E7002442F82540284698470020E0E7D0
:10EB8000024B01461868FFF7D3BF00BF28000020E2
:10EB900038B5074C0023054608461146236002F0AD
:10EBA0001FF8431C02D1236803B12B6038BD00BF9E
:10EBB000741A002002F004B80EB400B59CB01DAB6E
:10EBC000029006906FF000410948079104910949AD
:10EBD00053F8042B05910068019302A901F0FCFA97
:10EBE000029B00221A701CB05DF804EB03B0704762
:10EBF000280000200802FFFF034613F8012B002A1B
:10EC0000FBD1181A0138704749B1FF2A85BF8A2302
:10EC100003600A704FF0FF3098BF0120704708462C
:10EC200070472DE9F74F03690C69A3428046C0F293
:10EC30008280013C01F114074FEA840C00F11406B4
:10EC400057F8245056F8240006EB0C03013507EB67
:10EC50000C090193B0FBF5F595B34FF0000A384667
:10EC6000B646D34650F8042B93B205FB03A34FEAF4
:10EC7000134A9BB2ABEB0303120CDEF800B005FBAA
:10EC800002A213FA8BF34FEA124A1FFA82FBDEF854
:10EC90000020CBEB124202EB23429BB243EA024339
:10ECA00081454FEA224B4EF8043BDBD256F80C303C
:10ECB00033B9019B043B9E421A4630D3C8F810403A
:10ECC000404601F035F9002825DB013530464FF08C
:10ECD000000C57F8042BD0F800E093B2ACEB030320
:10ECE000120C13FA8EF3C2EB1E4202EB23429BB2CC
:10ECF00043EA0243B9454FEA224C40F8043BE8D2CC
:10ED000056F8242006EB84032AB9043B9E421A4697
:10ED10000BD3C8F81040284603B0BDE8F08F126846
:10ED2000043B002ACAD1013CC5E71268043B002A13
:10ED3000EFD1013CEAE70020EEE7FFFFFFFFFFFF16
:10ED40002DE9F04F57EC106B97B0456A06910446D9
:10ED50000B921293DDF88080CDE900673DB9102059
:10ED6000FFF764F96062C0E901550560C560636A38
:10ED7000196851B15A684A60012393408B6020465C
:10ED800000F0F4FE636A00221A603B1EBBBF23F052
:10ED90000043019300230122ACBFC8F80030C8F83B
:10EDA0000020AF4BDDF8048033EA080314D1129A37
:10EDB00042F20F731360009B23B9C8F313000028BD
:10EDC00000F04285219BDFF8ACB2002B00F04485B7
:10EDD0000BF1030300F03EBDDDE9006700220023D4
:10EDE00030463946FEF78CFE814668B1129A0123FF
:10EDF0001360219B002B00F024859A4B219A03F18C
:10EE0000FF3B136000F028BD14AA15A947EC106B56
:10EE1000204601F004F9C8F30A550490002D7CD077
:10EE2000C7F3130343F07F5BB2464BF4401BA5F2DC
:10EE3000FF35CDF84C9000228B4B50465946FEF7DB
:10EE40003FFA81A3D3E90023FEF7F2FB80A3D3E9C5
:10EE50000023FEF737FA064628460F46FEF77EFBEC
:10EE60007DA3D3E90023FEF7E3FB02460B463046C1
:10EE70003946FEF727FA06460F4601F069FE0022E2
:10EE80008246002330463946FEF744FE48B15046DC
:10EE9000FEF764FB32463B46FEF732FE08B90AF144
:10EEA000FF3ABAF1160F59D8704901EBCA01DDE9F2
:10EEB0000023D1E90001FEF74BFE002850D00AF1F3
:10EEC000FF3A00230F93149B5D1BB5F1010849BF66
:10EED000C5F10103002305934FF0000858BF0593C7
:10EEE000BAF1000F3EDB0023D044CDF838A00793E1
:10EEF000069B092B00F29080052BC4BF043B0693B0
:10EF0000069BA3F10203CCBF00250125032B00F2D1
:10EF10008F80DFE803F07D7F3171DDE914531D44FC
:10EF200005F23240202813DDC0F14000009B08FAB2
:10EF300000F805F2124023FA00F048EA0000FEF75C
:10EF4000FDFA01238246A1F1F87B013D139372E79C
:10EF5000009BC0F1200003FA00F0F0E70123B1E7C5
:10EF60000F90B0E7059BA3EB0A030593CAF10003DA
:10EF7000079300230E93BBE701230A930B9B002BFF
:10EF800059DD02939946666A00227260042202F1FA
:10EF900014009842716853D9204600F0B3FD636AAB
:10EFA0003060B9F10E0FD3F800B000F2E680002D0A
:10EFB00000F0E3809DED007BBAF1000F8DED107B3A
:10EFC00074DD2A4A0AF00F0302EBC30393ED007BC2
:10EFD0004FEA2A16F0068DED087B65D5244BDDE956
:10EFE0001001D3E90823FEF74DFCCDE9000106F03E
:10EFF0000F0603251E4F4CE001230A930B9B53443D
:10F0000003F1010902934B46012BB8BF0123BAE774
:10F010000023B2E70023F0E70125002306930A95B9
:10F020004FF0FF3302939946002212230B92AAE776
:10F0300001230A93F4E70123029399461A46F5E760
:10F04000013171605200A2E761436F63A787D23F2D
:10F05000B3C8608B288AC63FFB799F501344D33FC7
:10F060000000F07FB50D01000000F83FF01B01002B
:10F07000C81B01005E1B0100F10708D5DDE908018E
:10F08000D7E90023FEF7D4FACDE90801013576105F
:10F090000837002EF0D1DDE90823DDE90001FEF795
:10F0A000F1FBCDE900011AE00225A3E700F0A08002
:10F0B000CAF100069F4BA04F06F00F0203EBC203FC
:10F0C000D3E90023DDE91001FEF7B2FACDE9000132
:10F0D000361100230225002E7FD1002BE1D10F9B9A
:10F0E000002B00F08780DDE900670022934B30465B
:10F0F0003946FEF70FFD00287CD0B9F1000F79D01A
:10F10000029B002B35DD0AF1FF33089339460022BC
:10F110008B4B3046FEF78CFACDE90001029F01359A
:10F120002846FEF71BFADDE90023FEF781FA0022EC
:10F13000844BFEF7C7F80546A1F15076002F5DD14C
:10F140000022814BDDE90001FEF7BAF82A4633467A
:10F15000CDE90001FEF7FCFC002840F088822A4639
:10F1600006F10043DDE90001FEF7D4FC002840F081
:10F170007C82DDE91023CDE90023159B002BC0F232
:10F180005081BAF10E0F00F34C816A4B03EBCA03B6
:10F1900093ED007B0B9B002B8DED027B80F2D880E2
:10F1A000B9F1000F00F3D48040F05E820022664B7C
:10F1B00051EC170BFEF73CFADDE90023FEF7BEFC2D
:10F1C0004F464E46002840F0348231230BF10105B2
:10F1D0008BF800300AF1010A2FE2F20705D5D7E9D2
:10F1E0000023FEF725FA013501237610083772E770
:10F1F000022574E7CDF820A04F4691E74D4B03EB75
:10F20000C70353E902010A9B002B47D002460B4675
:10F2100000204E49FEF736FB2A463346FEF750F8EB
:10F22000CDE90C015D46DDE9000101F091FC0646E7
:10F23000FEF794F902460B46DDE90001FEF740F8BF
:10F24000303605F8016BDDE90C23CDE90001FEF74E
:10F2500061FC002863D1DDE9002300203749FEF777
:10F260002FF8DDE90C23FEF755FC002840F0B780AD
:10F27000A5EB0B039F427FF77CAF0022304BDDE90B
:10F280000C01FEF7D5F90022CDE90C012C4BDDE98C
:10F290000001FEF7CDF9CDE90001C4E72A46334667
:10F2A000FEF7C6F9CDE90C010BEB07055E46DDE97B
:10F2B000000101F04DFC0746FEF750F930370246D9
:10F2C0000B46DDE90001FDF7FBFF06F8017BAE42CE
:10F2D000CDE900014FF0000226D11C4BDDE90C0105
:10F2E000FDF7F0FF02460B46DDE90001FEF730FCBA
:10F2F000002874D1DDE90C2300201449FDF7E0FF5C
:10F3000002460B46DDE90001FEF704FC00283FF44D
:10F3100030AF15F8013C302B05F1FF3202D0DDF89B
:10F3200020A04AE01546F4E7054BFEF781F9CDE948
:10F330000001BCE7F01B0100C81B01000000F03F0A
:10F340000000244000001C40000014400000E03F8A
:10F35000DDE900675D46DDE9022330463946FEF708
:10F3600091FA01F0F5FB8046FEF7F8F8DDE902239B
:10F37000FEF75EF902460B463046394608F1300684
:10F38000FDF79EFF05F8016BA5EB0B06B1450246A4
:10F390000B4639D1FDF796FFDDE9022306460F46FD
:10F3A000FEF7D6FBC8B9DDE9022330463946FEF741
:10F3B000A7FB10B118F0010F0FD10499204600F0FF
:10F3C000D5FB0023129A2B700AF101031360219BD5
:10F3D000002B00F041821D603EE2CDF820A015F820
:10F3E000012C392A05F1FF3308D19B450AD1089B2E
:10F3F0000133089330238BF800305B461A780132D2
:10F400001A708CE71D46EAE700229B4BFEF710F9C5
:10F410000022002306460F46FEF772FB00289AD012
:10F42000CBE70A9A002A00F08B80069A012A6EDC4C
:10F43000139A002A67D003F23343079F059D059A6C
:10F4400001211A4420460592984400F02FFC0646FC
:10F45000002D0CDDB8F1000F09DD4545059A2B465E
:10F46000A8BF4346D21A0592ED1AA8EB0308079BE2
:10F47000EBB10A9B002B67D08FB131463A4620464C
:10F4800000F0B4FC049A01460646204600F017FC42
:10F4900004990890204600F069FB089B0493079BA1
:10F4A000DA1B04D00499204600F0A0FC049001214E
:10F4B000204600F0FBFB0E9B0746002B00F0D0819E
:10F4C0001A460146204600F091FC069B012B074698
:10F4D00040DC009B002B39D1019BC3F31303002BAD
:10F4E00036D1019B23F000431B0D1B052BB1059B5F
:10F4F0000133059308F10108012307930E9B002BAC
:10F500002AD1012030E0149BC3F1360395E7079B15
:10F5100009F1FF37BB42BFBF079B0797FA1A0E9B43
:10F52000BBBF9B180E93DF1B0027B9F1000FB5BFBF
:10F53000059B059DA3EB09054B46B8BF00237EE75D
:10F54000079F059D0A9E83E7079AABE70023D4E750
:10F55000009BD2E7002307933B6907EB83031869FD
:10F5600000F056FBC0F12000404410F01F0047D0CF
:10F57000C0F12003042B3BDD059BC0F11C000344BC
:10F58000059305448044059B002B05DD1A4604992C
:10F59000204600F079FC0490B8F1000F05DD3946F3
:10F5A0004246204600F070FC07460F9B53B3394695
:10F5B000049800F0BDFC002824DA00230A220499F4
:10F5C000204600F0EAFA0A9B04900AF1FF3A002B69
:10F5D00000F04D81002331460A22204600F0DDFA7A
:10F5E000029B002B06464FDC069B022B4CDD11E0F4
:10F5F000C9D0059A1C331A4405921D449844C2E7A9
:10F600000346F6E7B9F1000F38DC069B022B35DD27
:10F61000CDF80890029B63B939460522204600F0D8
:10F62000BCFA01460746049800F082FC00283FF728
:10F63000CCAD0B9B5D466FEA030A4FF000093946DB
:10F64000204600F093FA002E3FF4B7AEB9F1000F58
:10F6500005D0B14503D04946204600F087FA31462F
:10F66000204600F083FAA8E600273E46E1E7DDF8F1
:10F6700020A03E46A9E500BF000024400A9BCDF82B
:10F680000890002B00F0FA80002D05DD31462A4657
:10F69000204600F0F9FB0646079B002B4CD0716812
:10F6A000204600F02FFA326902320546920006F138
:10F6B0000C010C30FEF7DCFC01222946204600F04C
:10F6C000E3FB009BCDF814B003F00103B1460793B0
:10F6D000064639460498FFF7A4FA4946054600F164
:10F6E0003008049800F024FC324600903946204649
:10F6F00000F038FCC368024603BB0146089004983A
:10F7000000F016FC089A034611462046089300F0C4
:10F710002DFA089BA3B9069A92B9079A82B9B8F153
:10F72000390F29D0009B002B01DD05F13108059B25
:10F730005D1C83F8008082E73046C2E70123E3E7DF
:10F74000009A002A04DB25D1069A1ABB079A0ABB45
:10F75000002BECDD01220499204600F095FB394690
:10F76000049000F0E5FB002803DCE0D118F0010F65
:10F77000DDD0B8F1390FD8D1059B059A5D1C39232E
:10F78000137015F8013C392B05F1FF324FD00133CE
:10F79000137054E7059A002B02F1010506DDB8F15C
:10F7A000390FE9D008F10108059BC2E7029A05F874
:10F7B000018CA5EB0B03934221D000230A2204996C
:10F7C000204600F0EAF9B14504904FF000034FF0F5
:10F7D0000A024946204605D100F0DFF98146064677
:10F7E000059576E700F0D9F93146814600230A22D3
:10F7F000204600F0D2F90646F2E74FF00009012258
:10F800000499204600F040FB3946049000F090FB3C
:10F810000028B6DC02D118F0010FB2D115F8013C76
:10F82000302B05F1FF327FF40AAF1546F6E793451A
:10F8300005D131230AF1010A8BF80030FFE61546A5
:10F840009FE7DFF864B007E0219BDFF860B01BB1F1
:10F850000BF10803219A1360584617B0BDE8F08FEA
:10F86000069B012B7FF735AE0E9B079349E6029B63
:10F87000002B03DC069B022B3FF7CCAE5D463946DE
:10F880000498FFF7CEF900F1300805F8018B029AD1
:10F89000A5EB0B039A42B0DD00230A22049920460F
:10F8A00000F07BF90490EAE7B40D0100551B01005C
:10F8B000002310B50446C0E90033836081814366AC
:10F8C000C281C0E904338361194608225C30FEF727
:10F8D000F3FB054B6362054BA362054BE362054BEB
:10F8E0002462236310BD00BF4106010063060100CE
:10F8F0009B060100BF060100014900F085B800BF6A
:10F900009909010070B54A1E682555430E4605F158
:10F910007401FEF727FC044640B10021C0E900163F
:10F920000C30A06005F16802FEF7C6FB204670BDF2
:10F93000836910B5044633BBC0E912330365124B2B
:10F94000124A1B688262984204BF0123836100F05F
:10F950001FF86060204600F01BF8A060204600F011
:10F9600017F80022E06004216068FFF7A1FF012280
:10F970000921A068FFF79CFF02221221E068FFF72F
:10F9800097FF0123A36110BD181A0100F9F80000C8
:10F99000F8B51B4B1E68B369074613B93046FFF72D
:10F9A000C7FF4836D6E90134013B03D5336833B18C
:10F9B0003668F7E7B4F90C506DB16834F4E7042108
:10F9C0003846FFF79FFF30600028F1D10C233B60E1
:10F9D00004462046F8BD0B4B6566C4E90055A5609A
:10F9E000C4E90335C4E905550822294604F15C0041
:10F9F000FEF762FBC4E90D55C4E91255E9E700BF03
:10FA0000181A01000100FFFF2DE9F84380468946DE
:10FA100000F14804002614B93046BDE8F883D4E963
:10FA20000175013F01D52468F5E7AB89012B07D9A2
:10FA3000B5F90E30013303D029464046C847064386
:10FA40006835EEE7044B1B68186A044B002808BFB2
:10FA50001846F030704700BF280000208C000020BE
:10FA600001F0FF01102A2BDB10F0070F08D010F86F
:10FA7000013B013A8B422DD010F0070F42B3F6D173
:10FA8000F0B441EA012141EA014122F007047FF08C
:10FA900000070023F0E80256083C85EA010586EAE3
:10FAA000010685FA47F5A3FA87F586FA47F6A5FA1F
:10FAB00087F68EB9EED1F0BC01F0FF0102F007022B
:10FAC00032B110F8013B013A83EA010313B1F8D1D6
:10FAD0000020704701387047002D06BF35460338B7
:10FAE000073815F0010F07D1013015F4807F02BFF0
:10FAF000013015F4C03F0130F0BC0138704700BF41
:10FB00007047704770B5456A04460E463DB91020EF
:10FB1000FEF78CFA6062C0E901550560C560656A50
:10FB2000EB6883B1636ADB6853F82600B8B901213A
:10FB300001FA06F56A1D9200204600F0BFFA60B196
:10FB4000C0E901650EE021220421204600F0B6FA4A
:10FB5000636AE860DB68002BE4D1002070BD0268B6
:10FB600043F826200023C0E90333F7E770B5446A61
:10FB700006460D463CB91020FEF758FA7062C0E9FF
:10FB800001440460C4603DB1736A6A68DB6853F87D
:10FB90002210296043F8225070BD2DE9F0410D6913
:10FBA0001F4606460C4601F1140C0023DCF8000049
:10FBB00081B202FB01710F0C000C02FB007089B2D4
:10FBC000013301EB00419D424FEA10474CF8041B02
:10FBD000ECDCD7B1A368AB4212DC6168304601317E
:10FBE000FFF790FF2269023204F10C018046920077
:10FBF0000C30FEF73DFA21463046FFF7B7FF44468A
:10FC000004EB850301355F6125612046BDE8F08185
:10FC1000020C12040346B2B90304102013F07F4F04
:10FC200004BF1B02083013F0704F04BF1B010430E7
:10FC300013F0404F04BF9B000230002B06DB5B003B
:10FC400003D5013070470020E8E7202070470368A3
:10FC500013F0070201460BD0DA0723D4980749BFF7
:10FC60005B089B0801200B605CBF0B6002207047A3
:10FC700098B2A8B91B0C102013F0FF0F04BF1B0A89
:10FC800008301A0704BF1B0904309A0704BF9B08F9
:10FC90000230DA0702D45B0806D001300B607047EF
:10FCA0001046E9E7002070472020704710B50C4649
:10FCB0000121FFF727FF01224461026110BD2DE9F8
:10FCC000F74F14460A6923699A42B8BF0B46884623
:10FCD000BCBFA0461C46D8F81070D4F81090D8F8D5
:10FCE0000830D8F8041007EB0906B342B8BF013159
:10FCF000FFF708FF00F1140505EB860E2B460022E6
:10FD0000734516D304F1140208F1140102EB8903C0
:10FD100001EB87070093009B019293420CD8002EC1
:10FD200003DD5EF8043D002B5DD0066103B0BDE845
:10FD3000F08F43F8042BE3E7B2F800B0BBF1000FFB
:10FD400023D08946AC464FF0000859F8044BDCF844
:10FD500000A0A3B21FFA8AFA0BFB03A34FEA144ACE
:10FD6000DCF8004043444FEA14480BFB0A8404EBE0
:10FD70001344E2469BB243EA04434F454FEA14481A
:10FD80004AF8043B2BD8CCF80480019BB3F802A0BE
:10FD90000432BAF1000F20D02B688946A8464FF0F4
:10FDA000000BB9F800C0B8F802400AFB0C445C44F0
:10FDB000C4469BB243EA04434CF8043B59F8043B65
:10FDC000B8F804B01B0C0AFB03B303EB14434F4514
:10FDD0004FEA134B05D8C8F8043004359BE7D446E6
:10FDE000B3E7E046DDE7013E99E7FFFF2DE9F84381
:10FDF000154612F0030206460F4607D0013A214C81
:10FE0000002354F82220FFF7C8FE0746AD1035D076
:10FE1000746A3CB91020FEF709F97062C0E9014428
:10FE20000460C460D6F82480D8F808404CB940F289
:10FE300071213046FFF73AFF0023C8F80800044656
:10FE400003604FF00008EB070AD5394622463046DA
:10FE5000FFF735FF394681463046FFF787FE4F46AC
:10FE60006D100BD0206838B9224621463046FFF786
:10FE700026FF2060C0F800800446E4E73846BDE86D
:10FE8000F88300BFB81C01002DE9F0470C464FEA8B
:10FE9000621A236949680AEB0309A36807461646F4
:10FEA00009F10105AB4232DB3846FFF72BFE002398
:10FEB000804600F114011A4653452BDB20692AEADB
:10FEC000EA7A04F1140316F01F0201EB8A0103EB36
:10FED000800C25D0C2F1200E00201E688A46964074
:10FEE00030434AF8040B53F8040B9C4520FA0EF0FB
:10FEF00014D8486008B109F10205013D3846C8F838
:10FF000010502146FFF732FE4046BDE8F087013130
:10FF10005B00C7E741F823200133CDE75146DCE71A
:10FF2000043953F8042B41F8042F9C45F9D8E4E731
:10FF300003690A699B1A30B50CD192001430143150
:10FF40008418114454F8045D51F8042D954203D0EF
:10FF500005D30123184630BDA042F3D3FAE74FF092
:10FF6000FF33F7E72DE9F0470D46074611462846CF
:10FF70001446FFF7DDFF061E08D131463846FFF76D
:10FF8000C1FD0123C0E90436BDE8F087A4BF2346C4
:10FF90002C4638466168A6BF1D4600260126FFF79D
:10FFA000B1FD2B69C660266905F1140904F114023C
:10FFB00002EB860709EB830800F114054FF0000EF1
:10FFC00052F804AB59F8044B1EFA8AF1A3B2C91ACD
:10FFD000230CC3EB1A4303EB214389B24FEA234EB0
:10FFE000C84541EA0343944645F8043BE8D8BC457C
:10FFF00004D355F8043D83B10661C5E75CF8041BE2
:020000021000EC
:100000001EFA81F31A1402EB11429BB243EA024337
:100010004FEA224E45F8043BE9E7013EE9E72DE9C6
:10002000F7430E46012159EC108B1546FFF76AFD88
:10003000C9F30A540746C9F3130334BB0193B8F15B
:10004000000327D002A840F8083DFFF700FE009902
:10005000F0B1019AC0F1200302FA03F30B43C2404E
:100060007B610192019BBB61002B14BF0221012126
:100070003961C4B1A4F2334404443460C0F13500A2
:100080002860384603B0BDE8F08343F48013D5E719
:100090007961E7E701A8FFF7DAFD019B7B610121A8
:1000A00039612030E5E707EB8103A0F23240306090
:1000B0001869FFF7ADFDC0EB4110E1E738B502FB71
:1000C00001F42146FEF74EF8054618B122460021FC
:1000D000FDF7F2FF284638BDF8B5074614460E4630
:1000E00021B91146BDE8F840FEF73CB822B9FDF74A
:1000F000EBFF25462846F8BD00F0EEFCA0420FD2EB
:1001000021463846FEF72EF805460028F2D0314643
:100110002246FDF7ADFF31463846FDF7D5FFE9E74A
:100120003546E7E72DE9F0478E689E4282460C4649
:100130009046994637D88A8912F4906F31D0256855
:1001400009696F1A6569022305EB450595FBF3F50F
:1001500009F101033B449D4238BF1D46530530D58C
:100160002946FDF7FFFF064650B90C23CAF80030B8
:10017000A38943F04003A3814FF0FF30BDE8F0872F
:100180003A462169FDF774FFA38923F4906343F095
:100190008003A381266165613E44ED1B2660A56056
:1001A0004E464E4500D94E46324641462068FDF740
:1001B0006AFFA3689B1BA36023681E44266000207F
:1001C000DCE72A46FFF788FF06460028E2D12169CE
:1001D0005046FDF779FFC8E72DE9F04F9DB0804606
:1001E00003938B891D060C4616460FD50B696BB918
:1001F0004021FDF7B7FF2060206128B90C23C8F823
:1002000000304FF0FF30C7E04023636100230993C3
:1002100020238DF8293030238DF82A304FF0010B40
:1002200037463D4615F8013B0BB1252B3ED1B7EBC8
:10023000060A0BD05346324621464046FFF772FF6E
:10024000013000F0A480099B534409933B78002BB4
:1002500000F09D8000234FF0FF32CDE90523049389
:1002600007938DF853301A932F46052217F8011B78
:100270004F48FFF7F5FB049BD0B9D90644BF2022B5
:100280008DF853201A0744BF2B228DF853202A786B
:100290002A2A15D0079A2F4600200A25394611F838
:1002A000013B303B092B4DD9B8B10FE02F46B8E7E1
:1002B0003F4A801A0BFA00F0184304903D46D3E7FA
:1002C000039A111D12680391002A01DB079204E0D2
:1002D000524243F00203079204933B782E2B0CD139
:1002E0007B782A2B33D1039B1A1D1B680392002BAA
:1002F000B8BF4FF0FF33023705932E4D39780322F4
:100300002846FFF7ADFB38B14023401B03FA00F04D
:10031000049B034301370493397827488DF828104C
:1003200006227E1CFFF79CFB002838D0234B13BB12
:10033000039B073323F0070308330393099B4B44C4
:1003400009936DE705FB023201200F46A6E7002363
:100350000137059319460A25384610F8012B303A23
:10036000092A03D9002BC8D00591C6E705FB012156
:1003700001230746F0E703AB00932246104B04A984
:100380004046FDF7DDFFB0F1FF3F8146D6D1A3899E
:100390005B063FF536AF09981DB0BDE8F08F03ABA3
:1003A00000932246064B04A94046FEF77FFAEAE78F
:1003B000C41C0100CA1C0100CE1C010041E3000066
:1003C000250101009368013B002B10B4936008DA0B
:1003D0009469A34201DB0A2903D15DF8044B00F0C4
:1003E00073B91368581C1060197008465DF8044B07
:1003F0007047F8B506460F461446D518AC4201D1F1
:10040000002007E03A4614F8011B3046FFF7DAFFF8
:10041000431CF3D1F8BDFFFF2DE9F04F9DB00C4612
:1004200017460393064618B183690BB9FFF780FAA4
:100430007B4B9C4257D17468A38918075DD523690B
:10044000002B5AD00023099320238DF82930302324
:100450008DF82A304FF0010BB846454615F8013BA0
:100460000BB1252B54D1B8EB070A0BD053463A46B3
:1004700021463046FFF7BDFF013000F0C280099BE6
:100480005344099398F80030002B00F0BA80002301
:100490004FF0FF32CDE90523049307938DF85330D5
:1004A0001A93A846052218F8011B5E48FFF7D8FAF0
:1004B000049B78BBD90644BF20228DF853201A072D
:1004C00044BF2B228DF853202A782A2A2AD0079A53
:1004D000A84600200A25414611F8013B303B092B74
:1004E00069D960B324E0504B9C4201D1B468A3E7C2
:1004F0004E4B9C4208BFF4689EE72146304600F010
:1005000047F900289ED04FF0FF301DB0BDE8F08FB6
:10051000A846A2E7434A801A0BFA00F01843049059
:100520004546BEE7039A111D12680391002A01DBBC
:10053000079204E0524243F002030792049398F8B2
:1005400000302E2B0ED198F801302A2B38D1039B86
:100550001A1D1B680392002BB8BF4FF0FF3308F140
:1005600002080593324D98F8001003222846FFF741
:1005700077FA40B14023401B03FA00F0049B034389
:1005800008F10108049398F800102A488DF8281003
:10059000062208F10107FFF763FA002837D0264B3F
:1005A0001BBB039B073323F0070308330393099B0B
:1005B0004B44099350E705FB0232012088468AE745
:1005C000002308F10108059319460A25404610F852
:1005D000012B303A092A03D9002BC3D00591C1E77A
:1005E00005FB012101238046F0E703AB009322467F
:1005F000124B04A93046FDF7A3FEB0F1FF3F814640
:10060000D5D1A3895B063FF57EAF09987DE703ABA3
:1006100000932246094B04A93046FEF747F9ECE760
:10062000841B0100C41C0100A41B0100641B010009
:10063000CA1C0100CE1C010041E30000F3030100CD
:1006400010B50C46B1F90E1000F04EFA0028ABBF01
:10065000636DA3891B1823F48053ACBF6365A3812A
:1006600010BD2DE9F0411F468B89DB0505460C4680
:10067000164605D502230022B1F90E1000F0B6F996
:10068000A389B4F90E1023F48053A38132463B466C
:100690002846BDE8F04100F069B810B50C46B1F944
:1006A0000E1000F0A3F9431CA38915BF606523F465
:1006B000805343F48053A38118BFA38110BDB1F9C7
:1006C0000E1000F0D3B8FFFFF8B50E4614460546ED
:1006D00018B183690BB9FFF72BF9214B9C422AD142
:1006E0006C68A369A360A3891A072ED5236963B335
:1006F00023692068C01A6369F6B28342374604DC76
:100700002146284600F048F928BBA368013BA360B6
:1007100023685A1C22601E7063690130834204D032
:10072000A389DB0719D50A2E17D12146284600F0E8
:1007300033F990B10FE00B4B9C4201D1AC68D0E78C
:10074000094B9C4208BFEC68CBE72146284600F0E5
:100750001FF80028CCD04FF0FF373846F8BD00BF57
:10076000841B0100A41B0100641B010038B5074C69
:10077000054608461146002222601A46FAF7FCFB9D
:10078000431C02D1236803B12B6038BD741A0020CA
:10079000324B70B51D6806460C4625B1AB6913B9DE
:1007A0002846FFF7C5F82E4B9C420FD16C68B4F970
:1007B0000C309AB215072CD4D00611D4092232601D
:1007C00043F04003A3814FF0FF303EE0254B9C42B5
:1007D00001D1AC68EBE7244B9C4208BFEC68E6E72C
:1007E000510712D5616B41B104F14403994202D023
:1007F0003046FDF769FC00236363A38923F02403DB
:10080000A3810023636023692360A38943F0080365
:10081000A38123694BB9A38903F42073B3F5007F47
:1008200003D02146304600F017F9A28912F00103E7
:100830000CD00023A36063695B42A361236953B9B1
:10084000B4F90C3013F08000BAD170BD920758BFD4
:100850006369A360F2E70020F7E700BF28000020EB
:10086000841B0100A41B0100641B010038B5064C69
:10087000002305460846236000F092F9431C02D18C
:10088000236803B12B6038BD741A00208A892DE9D2
:10089000F041054610070C4658D44B68002B05DC88
:1008A0000B6C002B02DC0020BDE8F081E66A002E14
:1008B000F9D0002312F480522F68216A2B6032D0C5
:1008C000606DA3895A0705D56368C01A636B0BB1C5
:1008D000236CC01A00230246E66A216A2846B04704
:1008E000431CA38906D129681D2948D8294ACA4032
:1008F000D60744D500226260D9042269226004D55B
:10090000421C01D12B6803B96065616B2F6000291F
:10091000C9D004F14403994202D02846FDF7D4FB24
:1009200000206063C0E701232846B047411CC8D1BE
:100930002B68002BC5D01D2B01D0162B01D12F60A9
:10094000B1E7A38943F04003A381ADE70F69002F0E
:10095000A9D093070E6808BF4B690F6018BF00232A
:10096000A6EB07088B60B8F1000F9CDD43463A46C2
:10097000216AA66A2846B047002806DCA38943F00E
:100980004003A3814FF0FF308EE70744A8EB000837
:10099000E9E700BF0100402038B50B6905460C4669
:1009A000DBB118B183690BB9FEF7C2FF0C4B9C4257
:1009B00009D16C68B4F90C307BB121462846BDE8FA
:1009C0003840FFF763BF074B9C4201D1AC68F1E7A9
:1009D000054B9C4208BFEC68ECE7002038BD00BF27
:1009E000841B0100A41B0100641B010038B5074CE7
:1009F000054608461146002222601A4600F0F8F823
:100A0000431C02D1236803B12B6038BD741A002047
:100A100070B50E46B1F90E10002996B014461D4669
:100A200007DA00232B60B3891A0610D44FF48063D1
:100A30000EE06A4600F06AF80028F2DB019A02F440
:100A40007042A2F500535A425A412A60EEE7402311
:100A50000020236016B070BD8B8973B59D070646D4
:100A60000C4607D504F1470323602361012363612A
:100A700002B070BD01AB6A46FFF7CAFF0099054698
:100A80003046FDF76FFB48B9B4F90C309A05EFD446
:100A900023F0030343F00203A381E3E70D4BB362AA
:100AA000A389206043F08003A381009B6361019BC5
:100AB00020615BB1B4F90E10304600F039F828B16E
:100AC000A38923F0030343F00103A381A3891D43FA
:100AD000A581CDE7F9F8000051F8043C181F002B60
:100AE000BCBF0B58C018704738B5074C05460846C0
:100AF0001146002222601A4600F082F8431C02D1FF
:100B0000236803B12B6038BD741A002038B5074C38
:100B10000023054608461146236000F049F8431CAF
:100B200002D1236803B12B6038BD00BF741A0020C6
:100B300038B5064C002305460846236000F048F807
:100B4000431C02D1236803B12B6038BD741A002006
:100B50004FEA410212F5001215D211D56FF47873E5
:100B6000B3EB625212D94FEAC12343F0004343EA88
:100B7000505311F0004F23FA02F018BF4042704763
:100B80004FF00000704750EA013005D111F00040ED
:100B900008BF6FF0004070474FF00000704700BF83
:100BA000024B58221A604FF0FF307047741A002031
:100BB000024B58221A604FF0FF307047741A002021
:100BC000024B58221A604FF0FF307047741A002011
:100BD000024B58221A600020704700BF741A002090
:100BE000024B58221A604FF0FF307047741A0020F1
:100BF000024B58221A604FF0FF307047741A0020E1
:100C0000024B58221A604FF0FF307047741A0020D0
:100C1000FEE700BF4275696C7420776974682052E2
:100C2000656E6573617320416476616E63656420EF
:100C3000466C657869626C6520536F667477617283
:100C400065205061636B6167652076657273696FBB
:100C50006E20342E302E3000342E302E3000000026
:100C600000000004F8B500BFF8BC08BC9E46704701
:100C7000F8B500BFF8BC08BC9E46704700000000F5
:100C8000000000000F410000094100000141000088
:100C90009A9999999999B93F7B14AE47E17A843F23
:100CA0002D431CEBE2361A3F3A8C30E28E79453EFA
:100CB000BC89D897B2D29C3C33A7A8D523F6493932
:100CC0003DA7F444FD0FA5329D978CCF08BA5B2554
:100CD000436FAC642806C80A0000000000002440EE
:100CE0000000000000005940000000000088C340E0
:100CF0000000000084D797410080E03779C341436A
:100D0000176E05B5B5B89346F5F93FE9034F384D71
:100D1000321D30F94877825A3CBF737FDD4F15751D
:100D2000747970650074656C656D657472790073B3
:100D3000657100656E61626C6564006C696D6974F3
:100D40007300766F6C746167650063757272656EAF
:100D500074006573746F705F6F70656E00636F6DA4
:100D60006D697373696F6E696E675F736166655FE6
:100D70006D6F6465006C6173745F72785F61676545
:100D80005F6D73002C22636865636B223A007D0AF5
:100D9000000203040506076E756C6C002F2F2727D1
:100DA00022225C5C6208660C6E0A720D7409005C9B
:100DB000753030303000747275650066616C736533
:100DC00000FF140082815400C28194008280D4808C
:100DD0001401C2809401C283D48114829402C2811E
:100DE0009405520944008200090051080C80540502
:100DF0005201460042000B0057080E8014051C00EB
:100E0000920811008B081080D4041A0092001780F9
:100E100052084200098052000280128812801A0093
:100E2000520051004B0A4E801C005208C20097002D
:100E3000490A4C80D20002019100510A5080D20828
:100E400051088B80120904001100510A50801201D0
:100E5000440042000B00578A460002000980120835
:100E6000C2004988120082004B8812098201890061
:100E7000578A120142018B80D289D20142829209A3
:100E80000600420117004B889209420109000C80BC
:100E9000920102010B000E80140492805404920807
:100EA000C2024B889404D208020349881E0054826F
:100EB00092010400020011805209C2015700498AC0
:100EC000010300006A0E010002030000720E01001F
:100ED00004010000100E010005010000160E0100C3
:100EE000060100001A0E0100070100001C0E01009F
:100EF0000B010000340E01000C0100003E0E010049
:100F0000040300007A0E010003030000780E0100C4
:100F100003010000080E01000B040000900E010008
:100F20000A040000880E010002010000FC0D01000F
:100F30000E000000AC0E010000000000C20D010018
:100F400001000000C60D010002000000CA0D0100F2
:100F500001010000EE0D010000010000E00D0100A4
:100F600000050000980E010008040000B80E010002
:100F7000090100001E0E01000A010000280E0100F8
:100F8000010500009C0E010002050000A40E0100F6
:100F900000040000B00E0100010400007E0E0100FC
:100FA00003000000CE0D010004000000D00D010080
:100FB0000B000000D40D01000C000000D80D010052
:100FC0000D000000DA0D01000F000000DC0D010033
:100FD00004020000440E0100050200004E0E010054
:100FE00006020000580E01000C0200005E0E010017
:100FF0000D020000640E01000403010C0009140836
:10100000111C101918FFFFFF06000800100018003F
:101010002000400060008000000180010002000408
:101020000008FFFF0A0900000A0900003F0B00004A
:101030000100020008001000000000000000000095
:101040000198000069A30000CD970000DF97000021
:101050006398000025990000E9970000D5970000EB
:10106000F59A000035980000D19700000C0A080E90
:10107000101802191D1F01FF0000000000000000F1
:1010800079A10000636D5F6261636B747261636577
:101090005F6661756C7400696E69745F6F6B0028C0
:1010A00025732920686173206173736572742066EB
:1010B00061696C65642061742025732E00216F6E58
:1010C0005F6661756C74004661756C74206F6E208C
:1010D000696E74657272757074206F7220626172CD
:1010E00065206D6574616C286E6F204F53292065F3
:1010F0006E7669726F6E6D656E74003D3D3D3D3D6F
:101100003D3D3D3D3D3D3D3D3D3D3D3D3D3D205217
:10111000656769737465727320696E666F726D615D
:1011200074696F6E203D3D3D3D3D3D3D3D3D3D3D46
:101130003D3D3D3D3D3D3D3D3D00202025733A2058
:1011400025303878202025733A2025303878202023
:1011500025733A2025303878202025733A20253011
:101160003878003D3D3D3D3D3D3D3D3D3D3D3D3DB6
:101170003D3D3D3D3D3D3D3D3D3D3D3D3D3D3D3D9F
:101180003D3D3D3D3D3D3D3D3D3D3D3D3D3D3D3D8F
:101190003D3D3D3D3D3D3D3D3D3D3D3D3D3D3D3D7F
:1011A0003D0048617264206661756C74206973202B
:1011B000636175736564206279206661696C65643A
:1011C00020766563746F72206665746368004D6590
:1011D0006D6F7279206D616E6167656D656E7420EB
:1011E0006661756C74206973206361757365642032
:1011F000627920696E737472756374696F6E2061B1
:1012000063636573732076696F6C6174696F6E00D8
:101210004D656D6F7279206D616E6167656D656E8C
:1012200074206661756C74206973206361757365E1
:101230006420627920646174612061636365737303
:101240002076696F6C6174696F6E004D656D6F72A9
:1012500079206D616E6167656D656E74206661757C
:101260006C742069732063617573656420627920F2
:10127000756E737461636B696E67206572726F72ED
:10128000004D656D6F7279206D616E6167656D658A
:101290006E74206661756C74206973206361757368
:1012A000656420627920737461636B696E67206581
:1012B00072726F72004D656D6F7279206D616E6133
:1012C00067656D656E74206661756C742069732046
:1012D00063617573656420627920666C6F617469FF
:1012E0006E672D706F696E74206C617A79207374EB
:1012F00061746520707265736572766174696F6E72
:1013000000546865206D656D6F7279206D616E6146
:1013100067656D656E74206661756C74206F6363BC
:101320007572726564206164647265737320697399
:10133000202530387800427573206661756C742002
:1013400069732063617573656420627920696E73C7
:101350007472756374696F6E206163636573732063
:1013600076696F6C6174696F6E0042757320666197
:10137000756C74206973206361757365642062798C
:1013800020707265636973652064617461206163B4
:10139000636573732076696F6C6174696F6E004268
:1013A0007573206661756C74206973206361757351
:1013B000656420627920696D707265636973652068
:1013C00064617461206163636573732076696F6C17
:1013D0006174696F6E00427573206661756C74206C
:1013E00069732063617573656420627920756E731B
:1013F0007461636B696E67206572726F720042750B
:1014000073206661756C7420697320636175736500
:101410006420627920737461636B696E6720657202
:10142000726F7200427573206661756C7420697307
:101430002063617573656420627920666C6F6174E6
:10144000696E672D706F696E74206C617A79207394
:101450007461746520707265736572766174696F0A
:101460006E0054686520627573206661756C742027
:101470006F6363757272656420616464726573730F
:1014800020697320253038780055736167652066C0
:1014900061756C7420697320636175736564206283
:1014A0007920617474656D70747320746F20657831
:1014B000656375746520616E20756E646566696E1E
:1014C000656420696E737472756374696F6E00551C
:1014D00073616765206661756C7420697320636150
:1014E0007573656420627920617474656D707473BE
:1014F00020746F2073776974636820746F20616E45
:1015000020696E76616C696420737461746520284B
:10151000652E672E2C2041524D2900557361676559
:10152000206661756C7420697320636175736564EE
:1015300020627920617474656D70747320746F20FB
:10154000646F20616E20657863657074696F6E20CA
:10155000776974682061206261642076616C7565CA
:1015600020696E20746865204558435F5245545584
:10157000524E206E756D626572005573616765200D
:101580006661756C7420697320636175736564208E
:10159000627920617474656D70747320746F206556
:1015A000786563757465206120636F70726F636521
:1015B00073736F7220696E737472756374696F6E82
:1015C000005573616765206661756C7420697320CE
:1015D00063617573656420627920696E6469636113
:1015E000746573207468617420616E20756E616C1F
:1015F00069676E65642061636365737320666175F6
:101600006C74206861732074616B656E20706C610E
:101610006365005573616765206661756C74206948
:10162000732063617573656420627920496E646913
:101630006361746573206120646976696465206202
:1016400079207A65726F206861732074616B656EB2
:1016500020706C616365202863616E206265207371
:101660006574206F6E6C79206966204449565F303E
:101670005F54525020697320736574290044656279
:101680007567206661756C7420697320636175737A
:1016900065642062792068616C742072657175657B
:1016A0007374656420696E204E5649430044656238
:1016B0007567206661756C7420697320636175734A
:1016C000656420627920424B505420696E737472B5
:1016D000756374696F6E2065786563757465640001
:1016E0004465627567206661756C74206973206358
:1016F000617573656420627920445754206D61746C
:101700006368206F63637572726564004465627517
:1017100067206661756C74206973206361757365F9
:101720006420627920566563746F72206665746305
:1017300068206F63637572726564004465627567E3
:10174000206661756C7420697320636175736564CC
:1017500020627920454442475251207369676E6187
:101760006C206173736572746564004669726D778D
:10177000617265206E616D653A2025732C20636F60
:101780006D70696C6564206F6E3A20257300455258
:10179000524F523A20556E61626C6520746F20671B
:1017A000657420746865206D61696E20737461636F
:1017B0006B20696E666F726D6174696F6E2C20703C
:1017C0006C6561736520636865636B207468652070
:1017D000636F6E66696775726174696F6E206F669C
:1017E00020746865206D61696E20737461636B009D
:1017F0004572726F723A204D61696E207374616335
:101800006B28253038782920776173206F766572D0
:10181000666C6F77000D0A003D3D3D3D3D205468EC
:101820007265616420737461636B20696E666F72A8
:101830006D6174696F6E203D3D3D3D3D002020612E
:101840006464723A20253038782020202064617446
:10185000613A2025303878002530386C78002E65C4
:101860006C660053686F77206D6F72652063616CE2
:101870006C20737461636B20696E666F20627920DF
:1018800072756E3A2061646472326C696E65202DE7
:10189000652025732573202D61202D66202573007A
:1018A00044756D702063616C6C20737461636B2090
:1018B00068617320616E206572726F720052312010
:1018C000005230200052332000523220004C52206F
:1018D000005231320050535200504320004D61728B
:1018E0002020362032303236000052410022433A66
:1018F0005C55736572735C6B6F68616B5C41707093
:10190000446174615C4C6F63616C5C6172647569A5
:101910006E6F5C736B6574636865735C32443238F8
:101920004232344132304142443830393632363036
:101930004635384445424630444537332F736B654E
:101940007463685F6665623139612E696E6F22006B
:1019500015B2000069B2000099B200003DB300006A
:10196000F9B300000000000009B50000F9B4000060
:1019700011B50000D5B50000B5B7000000000000AB
:101980000000000000000000BFCE000063CF000098
:10199000E1CE0000EDCE0000D5CE00002BCF000040
:1019A000F9CE0000B3CE0000ADCE0000BDCE0000E9
:1019B000C5CF0000AE0D0100CC190100D419010003
:1019C000E6190020E0190100E9190100417264756F
:1019D000696E6F00554E4F2052342057694669009A
:1019E00043444320506F7274004446552D52542096
:1019F000506F727400000000000000000000000042
:101A000000000000000000000000000000000000D6
:101A10000000000000FFFFFF2C000020504F534942
:101A20005800494E4600696E66004E414E006E6198
:101A30006E00303132333435363738394142434421
:101A400045460030313233343536373839616263D8
:101A500064656600002020202020202020202828E7
:101A6000282828202020202020202020202020205E
:101A7000202020202088101010101010101010109E
:101A800010101010100404040404040404040410CE
:101A9000101010101010414141414141010101015C
:101AA0000101010101010101010101010101010126
:101AB0001010101010104242424242420202020232
:101AC00002020202020202020202020202020202F6
:101AD00010101010200000000000000000000000A6
:101AE00000000000000000000000000000000000F6
:101AF00000000000000000000000000000000000E6
:101B000000000000000000000000000000000000D5
:101B100000000000000000000000000000000000C5
:101B200000000000000000000000000000000000B5
:101B300000000000000000000000000000000000A5
:101B40000000000000000000000000000000000095
:101B50000000000000496E66696E697479004E618C
:101B60004E00FFFF00000000000000000000000029
:101B70000000000000000000000000000000000065
:101B80000000000000000000000000000000000055
:101B90000000000000000000000000000000000045
:101BA0000000000000000000000000000000000035
:101BB0000000000000000000000000000000000025
:101BC00000000000FFFFFFFF0080E03779C34143C2
:101BD000176E05B5B5B89346F5F93FE9034F384D93
:101BE000321D30F94877825A3CBF737FDD4F15753F
:101BF000000000000000F03F000000000000244052
:101C000000000000000059400000000000408F402C
:101C1000000000000088C34000000000006AF84097
:101C20000000000080842E4100000000D0126341BB
:101C30000000000084D797410000000065CDCD4131
:101C4000000000205FA00242000000E87648374212
:101C5000000000A2941A6D42000040E59C30A242B0
:101C60000000901EC4BCD64200003426F56B0C4325
:101C70000080E03779C3414300A0D88557347643CC
:101C800000C84E676DC1AB43003D9160E458E1432D
:101C9000408CB5781DAF154450EFE2D6E41A4B44A2
:101CA00092D54D06CFF08044F64AE1C7022DB544E7
:101CB000B49DD9794378EA4405000000190000007A
:101CC0007D000000232D302B2000686C4C006566E1
:0C1CD0006745464700FFFFFF00000000D2
:101CE400840C01000A000000FF000000000009400D
:101CF4000A00000001120100020202014041236DAA
:101D040000000101020301002C000020000000007B
:101D1400841B0100A41B0100641B010000000000DF
:101D240000000000000000000000000000000000AF
:101D3400000000000000000000000000000000009F
:101D4400000000000000000000000000000000008F
:101D5400000000000000000000000000000000007F
:101D6400000000000000000000000000430000002C
:101D7400000000000000000000000000000000005F
:101D8400000000000000000000000000430000000C
:101D9400000000000000000000000000000000003F
:101DA40000000000000000000000000043000000EC
:101DB400000000000000000000000000000000001F
:101DC40000000000000000000000000043000000CC
:101DD40000000000000000000000000000000000FF
:101DE40000000000000000000000000043000000AC
:101DF40000000000000000000000000000000000DF
:101E0400000000000000000000000000430000008B
:101E140000000000000000000000000000000000BE
:101E2400000000000000000000000000430000006B
:101E3400000000000000000000000000000000009E
:101E440000000000000000000000000009EC000099
:101E54004DE0000000000000541A0100BB10010016
:101E6400AE0D0100AE0D0100AE0D0100AE0D01007E
:101E7400AE0D0100AE0D0100AE0D0100AE0D01006E
:101E8400AE0D0100FFFFFFFFFFFFFFFFFFFFFFFF9E
:101E9400FFFF0000010041534349490000000000D6
:101EA400000000000000000000000000000000002E
:101EB40000000000000041534349490000000000B5
:101EC400000000000000000000000000000000000E
:101ED4000000000000000000E540000095970000AD
:101EE400BD9C0000D99C0000F59C0000119D0000E1
:101EF400FDA0000041A30000C5AD00004DB00000EE
:101F040069D00000C1400000A99700001D9D000099
:081F140049A1000059B00000D2
:04000003000085A9CB
:00000001FF
