ISO-10303-21;
HEADER;
FILE_DESCRIPTION(('FreeCAD Model'),'2;1');
FILE_NAME('Open CASCADE Shape Model','2026-07-24T16:58:35',('FreeCAD'),(
    'FreeCAD'),'Open CASCADE STEP processor 7.8','FreeCAD','Unknown');
FILE_SCHEMA(('AUTOMOTIVE_DESIGN { 1 0 10303 214 1 1 1 1 }'));
ENDSEC;
DATA;
#1 = APPLICATION_PROTOCOL_DEFINITION('international standard',
  'automotive_design',2000,#2);
#2 = APPLICATION_CONTEXT(
  'core data for automotive mechanical design processes');
#3 = SHAPE_DEFINITION_REPRESENTATION(#4,#10);
#4 = PRODUCT_DEFINITION_SHAPE('','',#5);
#5 = PRODUCT_DEFINITION('design','',#6,#9);
#6 = PRODUCT_DEFINITION_FORMATION('','',#7);
#7 = PRODUCT('Open CASCADE STEP translator 7.8 42',
  'Open CASCADE STEP translator 7.8 42','',(#8));
#8 = PRODUCT_CONTEXT('',#2,'mechanical');
#9 = PRODUCT_DEFINITION_CONTEXT('part definition',#2,'design');
#10 = ADVANCED_BREP_SHAPE_REPRESENTATION('',(#11,#15),#3496);
#11 = AXIS2_PLACEMENT_3D('',#12,#13,#14);
#12 = CARTESIAN_POINT('',(0.,0.,0.));
#13 = DIRECTION('',(0.,0.,1.));
#14 = DIRECTION('',(1.,0.,-0.));
#15 = MANIFOLD_SOLID_BREP('',#16);
#16 = CLOSED_SHELL('',(#17,#59,#913,#937,#1784,#1801,#1823,#1840,#1857,
    #1874,#1891,#1908,#1925,#1942,#1959,#1976,#1993,#2010,#2027,#2044,
    #2061,#2078,#2095,#2112,#2129,#2146,#2163,#2180,#2197,#2214,#2231,
    #2248,#2265,#2282,#2299,#2316,#2333,#2350,#2367,#2384,#2401,#2418,
    #2435,#2452,#2469,#2486,#2503,#2520,#2537,#2554,#2571,#2588,#2605,
    #2622,#2639,#2656,#2673,#2690,#2707,#2724,#2736,#2753,#2770,#2787,
    #2804,#2821,#2838,#2855,#2872,#2889,#2906,#2923,#2940,#2957,#2974,
    #2991,#3008,#3025,#3042,#3059,#3076,#3093,#3110,#3127,#3144,#3161,
    #3178,#3195,#3212,#3229,#3246,#3263,#3280,#3297,#3314,#3331,#3348,
    #3365,#3382,#3399,#3416,#3433,#3450,#3467,#3479));
#17 = ADVANCED_FACE('',(#18),#54,.T.);
#18 = FACE_BOUND('',#19,.T.);
#19 = EDGE_LOOP('',(#20,#31,#39,#48));
#20 = ORIENTED_EDGE('',*,*,#21,.T.);
#21 = EDGE_CURVE('',#22,#24,#26,.T.);
#22 = VERTEX_POINT('',#23);
#23 = CARTESIAN_POINT('',(39.447445502784,-6.625635313305,0.));
#24 = VERTEX_POINT('',#25);
#25 = CARTESIAN_POINT('',(39.99621857126,-0.55,0.));
#26 = CIRCLE('',#27,40.);
#27 = AXIS2_PLACEMENT_3D('',#28,#29,#30);
#28 = CARTESIAN_POINT('',(0.,0.,0.));
#29 = DIRECTION('',(0.,0.,1.));
#30 = DIRECTION('',(1.,0.,0.));
#31 = ORIENTED_EDGE('',*,*,#32,.T.);
#32 = EDGE_CURVE('',#24,#33,#35,.T.);
#33 = VERTEX_POINT('',#34);
#34 = CARTESIAN_POINT('',(39.99621857126,-0.55,2.));
#35 = LINE('',#36,#37);
#36 = CARTESIAN_POINT('',(39.99621857126,-0.55,0.));
#37 = VECTOR('',#38,1.);
#38 = DIRECTION('',(0.,0.,1.));
#39 = ORIENTED_EDGE('',*,*,#40,.F.);
#40 = EDGE_CURVE('',#41,#33,#43,.T.);
#41 = VERTEX_POINT('',#42);
#42 = CARTESIAN_POINT('',(39.447445502784,-6.625635313305,2.));
#43 = CIRCLE('',#44,40.);
#44 = AXIS2_PLACEMENT_3D('',#45,#46,#47);
#45 = CARTESIAN_POINT('',(0.,0.,2.));
#46 = DIRECTION('',(0.,0.,1.));
#47 = DIRECTION('',(1.,0.,0.));
#48 = ORIENTED_EDGE('',*,*,#49,.F.);
#49 = EDGE_CURVE('',#22,#41,#50,.T.);
#50 = LINE('',#51,#52);
#51 = CARTESIAN_POINT('',(39.447445502784,-6.625635313305,0.));
#52 = VECTOR('',#53,1.);
#53 = DIRECTION('',(0.,0.,1.));
#54 = CYLINDRICAL_SURFACE('',#55,40.);
#55 = AXIS2_PLACEMENT_3D('',#56,#57,#58);
#56 = CARTESIAN_POINT('',(0.,0.,0.));
#57 = DIRECTION('',(0.,0.,1.));
#58 = DIRECTION('',(1.,0.,0.));
#59 = ADVANCED_FACE('',(#60,#897),#908,.F.);
#60 = FACE_BOUND('',#61,.F.);
#61 = EDGE_LOOP('',(#62,#72,#81,#89,#97,#105,#114,#122,#130,#138,#147,
    #155,#164,#173,#181,#190,#198,#206,#214,#223,#231,#239,#247,#256,
    #264,#272,#280,#289,#297,#305,#313,#322,#330,#338,#346,#355,#363,
    #371,#379,#388,#396,#404,#412,#421,#429,#437,#443,#444,#452,#460,
    #468,#477,#485,#493,#501,#510,#518,#526,#534,#543,#551,#559,#567,
    #576,#584,#592,#600,#609,#617,#625,#633,#642,#650,#658,#666,#675,
    #683,#691,#699,#708,#716,#724,#732,#741,#749,#758,#767,#775,#784,
    #792,#800,#808,#817,#825,#833,#841,#850,#858,#866,#874,#883,#891));
#62 = ORIENTED_EDGE('',*,*,#63,.F.);
#63 = EDGE_CURVE('',#64,#66,#68,.T.);
#64 = VERTEX_POINT('',#65);
#65 = CARTESIAN_POINT('',(-19.52179531354,-34.91274133802,0.));
#66 = VERTEX_POINT('',#67);
#67 = CARTESIAN_POINT('',(-18.02368602791,-32.31793994002,0.));
#68 = LINE('',#69,#70);
#69 = CARTESIAN_POINT('',(-8.773686027919,-16.29646997001,
    1.387778780781E-17));
#70 = VECTOR('',#71,1.);
#71 = DIRECTION('',(0.5,0.866025403784,0.));
#72 = ORIENTED_EDGE('',*,*,#73,.T.);
#73 = EDGE_CURVE('',#64,#74,#76,.T.);
#74 = VERTEX_POINT('',#75);
#75 = CARTESIAN_POINT('',(-13.98575425385,-37.47530757646,0.));
#76 = CIRCLE('',#77,40.);
#77 = AXIS2_PLACEMENT_3D('',#78,#79,#80);
#78 = CARTESIAN_POINT('',(0.,0.,0.));
#79 = DIRECTION('',(0.,0.,1.));
#80 = DIRECTION('',(1.,0.,0.));
#81 = ORIENTED_EDGE('',*,*,#82,.T.);
#82 = EDGE_CURVE('',#74,#83,#85,.T.);
#83 = VERTEX_POINT('',#84);
#84 = CARTESIAN_POINT('',(-13.40477159112,-35.87907082951,0.));
#85 = LINE('',#86,#87);
#86 = CARTESIAN_POINT('',(-6.855085846442,-17.88395714146,0.));
#87 = VECTOR('',#88,1.);
#88 = DIRECTION('',(0.342020143326,0.939692620786,0.));
#89 = ORIENTED_EDGE('',*,*,#90,.T.);
#90 = EDGE_CURVE('',#83,#91,#93,.T.);
#91 = VERTEX_POINT('',#92);
#92 = CARTESIAN_POINT('',(-12.79397138761,-36.10138392268,0.));
#93 = LINE('',#94,#95);
#94 = CARTESIAN_POINT('',(-13.25207154025,-35.93464910281,0.));
#95 = VECTOR('',#96,1.);
#96 = DIRECTION('',(0.939692620786,-0.342020143326,0.));
#97 = ORIENTED_EDGE('',*,*,#98,.F.);
#98 = EDGE_CURVE('',#99,#91,#101,.T.);
#99 = VERTEX_POINT('',#100);
#100 = CARTESIAN_POINT('',(-13.37495405034,-37.69762066962,0.));
#101 = LINE('',#102,#103);
#102 = CARTESIAN_POINT('',(-6.244285642931,-18.10627023463,0.));
#103 = VECTOR('',#104,1.);
#104 = DIRECTION('',(0.342020143326,0.939692620786,0.));
#105 = ORIENTED_EDGE('',*,*,#106,.T.);
#106 = EDGE_CURVE('',#99,#107,#109,.T.);
#107 = VERTEX_POINT('',#108);
#108 = CARTESIAN_POINT('',(-7.265760352763,-39.3345741873,0.));
#109 = CIRCLE('',#110,40.);
#110 = AXIS2_PLACEMENT_3D('',#111,#112,#113);
#111 = CARTESIAN_POINT('',(0.,0.,0.));
#112 = DIRECTION('',(0.,0.,1.));
#113 = DIRECTION('',(1.,0.,0.));
#114 = ORIENTED_EDGE('',*,*,#115,.T.);
#115 = EDGE_CURVE('',#107,#116,#118,.T.);
#116 = VERTEX_POINT('',#117);
#117 = CARTESIAN_POINT('',(-6.970787724372,-37.66170128262,0.));
#118 = LINE('',#119,#120);
#119 = CARTESIAN_POINT('',(-3.645425122051,-18.80263281244,
    1.387778780781E-17));
#120 = VECTOR('',#121,1.);
#121 = DIRECTION('',(0.173648177667,0.984807753012,0.));
#122 = ORIENTED_EDGE('',*,*,#123,.T.);
#123 = EDGE_CURVE('',#116,#124,#126,.T.);
#124 = VERTEX_POINT('',#125);
#125 = CARTESIAN_POINT('',(-6.330662684914,-37.7745725981,0.));
#126 = LINE('',#127,#128);
#127 = CARTESIAN_POINT('',(-6.810756464508,-37.68991911149,
    1.387778780781E-17));
#128 = VECTOR('',#129,1.);
#129 = DIRECTION('',(0.984807753012,-0.173648177667,0.));
#130 = ORIENTED_EDGE('',*,*,#131,.F.);
#131 = EDGE_CURVE('',#132,#124,#134,.T.);
#132 = VERTEX_POINT('',#133);
#133 = CARTESIAN_POINT('',(-6.625635313305,-39.44744550278,0.));
#134 = LINE('',#135,#136);
#135 = CARTESIAN_POINT('',(-3.005300082593,-18.91550412792,
    1.387778780781E-17));
#136 = VECTOR('',#137,1.);
#137 = DIRECTION('',(0.173648177667,0.984807753012,0.));
#138 = ORIENTED_EDGE('',*,*,#139,.T.);
#139 = EDGE_CURVE('',#132,#140,#142,.T.);
#140 = VERTEX_POINT('',#141);
#141 = CARTESIAN_POINT('',(-0.55,-39.99621857126,0.));
#142 = CIRCLE('',#143,40.);
#143 = AXIS2_PLACEMENT_3D('',#144,#145,#146);
#144 = CARTESIAN_POINT('',(0.,0.,0.));
#145 = DIRECTION('',(0.,0.,1.));
#146 = DIRECTION('',(1.,0.,0.));
#147 = ORIENTED_EDGE('',*,*,#148,.T.);
#148 = EDGE_CURVE('',#140,#149,#151,.T.);
#149 = VERTEX_POINT('',#150);
#150 = CARTESIAN_POINT('',(-0.55,-37.02909286833,0.));
#151 = LINE('',#152,#153);
#152 = CARTESIAN_POINT('',(-0.55,-18.5,0.));
#153 = VECTOR('',#154,1.);
#154 = DIRECTION('',(-1.110223024625E-16,1.,0.));
#155 = ORIENTED_EDGE('',*,*,#156,.F.);
#156 = EDGE_CURVE('',#157,#149,#159,.T.);
#157 = VERTEX_POINT('',#158);
#158 = CARTESIAN_POINT('',(1.625,-35.5,0.));
#159 = CIRCLE('',#160,1.625);
#160 = AXIS2_PLACEMENT_3D('',#161,#162,#163);
#161 = CARTESIAN_POINT('',(2.173748068487E-15,-35.5,0.));
#162 = DIRECTION('',(0.,0.,1.));
#163 = DIRECTION('',(1.,0.,0.));
#164 = ORIENTED_EDGE('',*,*,#165,.F.);
#165 = EDGE_CURVE('',#166,#157,#168,.T.);
#166 = VERTEX_POINT('',#167);
#167 = CARTESIAN_POINT('',(0.55,-37.02909286833,0.));
#168 = CIRCLE('',#169,1.625);
#169 = AXIS2_PLACEMENT_3D('',#170,#171,#172);
#170 = CARTESIAN_POINT('',(2.173748068487E-15,-35.5,0.));
#171 = DIRECTION('',(0.,0.,1.));
#172 = DIRECTION('',(1.,0.,0.));
#173 = ORIENTED_EDGE('',*,*,#174,.F.);
#174 = EDGE_CURVE('',#175,#166,#177,.T.);
#175 = VERTEX_POINT('',#176);
#176 = CARTESIAN_POINT('',(0.55,-39.99621857126,0.));
#177 = LINE('',#178,#179);
#178 = CARTESIAN_POINT('',(0.55,-18.5,0.));
#179 = VECTOR('',#180,1.);
#180 = DIRECTION('',(-1.110223024625E-16,1.,0.));
#181 = ORIENTED_EDGE('',*,*,#182,.T.);
#182 = EDGE_CURVE('',#175,#183,#185,.T.);
#183 = VERTEX_POINT('',#184);
#184 = CARTESIAN_POINT('',(6.625635313305,-39.44744550278,0.));
#185 = CIRCLE('',#186,40.);
#186 = AXIS2_PLACEMENT_3D('',#187,#188,#189);
#187 = CARTESIAN_POINT('',(0.,0.,0.));
#188 = DIRECTION('',(0.,0.,1.));
#189 = DIRECTION('',(1.,0.,0.));
#190 = ORIENTED_EDGE('',*,*,#191,.T.);
#191 = EDGE_CURVE('',#183,#192,#194,.T.);
#192 = VERTEX_POINT('',#193);
#193 = CARTESIAN_POINT('',(6.330662684914,-37.7745725981,0.));
#194 = LINE('',#195,#196);
#195 = CARTESIAN_POINT('',(3.005300082593,-18.91550412792,
    1.387778780781E-17));
#196 = VECTOR('',#197,1.);
#197 = DIRECTION('',(-0.173648177667,0.984807753012,0.));
#198 = ORIENTED_EDGE('',*,*,#199,.T.);
#199 = EDGE_CURVE('',#192,#200,#202,.T.);
#200 = VERTEX_POINT('',#201);
#201 = CARTESIAN_POINT('',(6.970787724372,-37.66170128262,0.));
#202 = LINE('',#203,#204);
#203 = CARTESIAN_POINT('',(6.490693944779,-37.74635476923,
    1.387778780781E-17));
#204 = VECTOR('',#205,1.);
#205 = DIRECTION('',(0.984807753012,0.173648177667,0.));
#206 = ORIENTED_EDGE('',*,*,#207,.F.);
#207 = EDGE_CURVE('',#208,#200,#210,.T.);
#208 = VERTEX_POINT('',#209);
#209 = CARTESIAN_POINT('',(7.265760352763,-39.3345741873,0.));
#210 = LINE('',#211,#212);
#211 = CARTESIAN_POINT('',(3.645425122051,-18.80263281244,
    1.387778780781E-17));
#212 = VECTOR('',#213,1.);
#213 = DIRECTION('',(-0.173648177667,0.984807753012,0.));
#214 = ORIENTED_EDGE('',*,*,#215,.T.);
#215 = EDGE_CURVE('',#208,#216,#218,.T.);
#216 = VERTEX_POINT('',#217);
#217 = CARTESIAN_POINT('',(13.374954050348,-37.69762066962,0.));
#218 = CIRCLE('',#219,40.);
#219 = AXIS2_PLACEMENT_3D('',#220,#221,#222);
#220 = CARTESIAN_POINT('',(0.,0.,0.));
#221 = DIRECTION('',(0.,0.,1.));
#222 = DIRECTION('',(1.,0.,0.));
#223 = ORIENTED_EDGE('',*,*,#224,.T.);
#224 = EDGE_CURVE('',#216,#225,#227,.T.);
#225 = VERTEX_POINT('',#226);
#226 = CARTESIAN_POINT('',(12.793971387618,-36.10138392268,0.));
#227 = LINE('',#228,#229);
#228 = CARTESIAN_POINT('',(6.244285642931,-18.10627023463,
    1.387778780781E-17));
#229 = VECTOR('',#230,1.);
#230 = DIRECTION('',(-0.342020143326,0.939692620786,0.));
#231 = ORIENTED_EDGE('',*,*,#232,.T.);
#232 = EDGE_CURVE('',#225,#233,#235,.T.);
#233 = VERTEX_POINT('',#234);
#234 = CARTESIAN_POINT('',(13.404771591129,-35.87907082951,0.));
#235 = LINE('',#236,#237);
#236 = CARTESIAN_POINT('',(12.946671438495,-36.04580564939,
    1.387778780781E-17));
#237 = VECTOR('',#238,1.);
#238 = DIRECTION('',(0.939692620786,0.342020143326,0.));
#239 = ORIENTED_EDGE('',*,*,#240,.F.);
#240 = EDGE_CURVE('',#241,#233,#243,.T.);
#241 = VERTEX_POINT('',#242);
#242 = CARTESIAN_POINT('',(13.985754253859,-37.47530757646,0.));
#243 = LINE('',#244,#245);
#244 = CARTESIAN_POINT('',(6.855085846442,-17.88395714146,
    1.387778780781E-17));
#245 = VECTOR('',#246,1.);
#246 = DIRECTION('',(-0.342020143326,0.939692620786,0.));
#247 = ORIENTED_EDGE('',*,*,#248,.T.);
#248 = EDGE_CURVE('',#241,#249,#251,.T.);
#249 = VERTEX_POINT('',#250);
#250 = CARTESIAN_POINT('',(19.521795313549,-34.91274133802,0.));
#251 = CIRCLE('',#252,40.);
#252 = AXIS2_PLACEMENT_3D('',#253,#254,#255);
#253 = CARTESIAN_POINT('',(0.,0.,0.));
#254 = DIRECTION('',(0.,0.,1.));
#255 = DIRECTION('',(1.,0.,0.));
#256 = ORIENTED_EDGE('',*,*,#257,.T.);
#257 = EDGE_CURVE('',#249,#258,#260,.T.);
#258 = VERTEX_POINT('',#259);
#259 = CARTESIAN_POINT('',(18.023686027919,-32.31793994002,0.));
#260 = LINE('',#261,#262);
#261 = CARTESIAN_POINT('',(8.773686027919,-16.29646997001,0.));
#262 = VECTOR('',#263,1.);
#263 = DIRECTION('',(-0.5,0.866025403784,0.));
#264 = ORIENTED_EDGE('',*,*,#265,.T.);
#265 = EDGE_CURVE('',#258,#266,#268,.T.);
#266 = VERTEX_POINT('',#267);
#267 = CARTESIAN_POINT('',(18.976313972081,-31.76793994002,0.));
#268 = LINE('',#269,#270);
#269 = CARTESIAN_POINT('',(18.261843013959,-32.18043994002,0.));
#270 = VECTOR('',#271,1.);
#271 = DIRECTION('',(0.866025403784,0.5,0.));
#272 = ORIENTED_EDGE('',*,*,#273,.F.);
#273 = EDGE_CURVE('',#274,#266,#276,.T.);
#274 = VERTEX_POINT('',#275);
#275 = CARTESIAN_POINT('',(20.474423257711,-34.36274133802,0.));
#276 = LINE('',#277,#278);
#277 = CARTESIAN_POINT('',(9.726313972081,-15.74646997001,0.));
#278 = VECTOR('',#279,1.);
#279 = DIRECTION('',(-0.5,0.866025403784,0.));
#280 = ORIENTED_EDGE('',*,*,#281,.T.);
#281 = EDGE_CURVE('',#274,#282,#284,.T.);
#282 = VERTEX_POINT('',#283);
#283 = CARTESIAN_POINT('',(25.461691248925,-30.84967226316,0.));
#284 = CIRCLE('',#285,40.);
#285 = AXIS2_PLACEMENT_3D('',#286,#287,#288);
#286 = CARTESIAN_POINT('',(0.,0.,0.));
#287 = DIRECTION('',(0.,0.,1.));
#288 = DIRECTION('',(1.,0.,0.));
#289 = ORIENTED_EDGE('',*,*,#290,.T.);
#290 = EDGE_CURVE('',#282,#291,#293,.T.);
#291 = VERTEX_POINT('',#292);
#292 = CARTESIAN_POINT('',(24.369801006981,-29.5484081446,0.));
#293 = LINE('',#294,#295);
#294 = CARTESIAN_POINT('',(12.060418281484,-14.87865705887,0.));
#295 = VECTOR('',#296,1.);
#296 = DIRECTION('',(-0.642787609687,0.766044443119,0.));
#297 = ORIENTED_EDGE('',*,*,#298,.T.);
#298 = EDGE_CURVE('',#291,#299,#301,.T.);
#299 = VERTEX_POINT('',#300);
#300 = CARTESIAN_POINT('',(24.867729895008,-29.1305961983,0.));
#301 = LINE('',#302,#303);
#302 = CARTESIAN_POINT('',(24.494283228988,-29.44395515803,0.));
#303 = VECTOR('',#304,1.);
#304 = DIRECTION('',(0.766044443119,0.642787609687,0.));
#305 = ORIENTED_EDGE('',*,*,#306,.F.);
#306 = EDGE_CURVE('',#307,#299,#309,.T.);
#307 = VERTEX_POINT('',#308);
#308 = CARTESIAN_POINT('',(25.959620136952,-30.43186031686,0.));
#309 = LINE('',#310,#311);
#310 = CARTESIAN_POINT('',(12.558347169511,-14.46084511258,0.));
#311 = VECTOR('',#312,1.);
#312 = DIRECTION('',(-0.642787609687,0.766044443119,0.));
#313 = ORIENTED_EDGE('',*,*,#314,.T.);
#314 = EDGE_CURVE('',#307,#315,#317,.T.);
#315 = VERTEX_POINT('',#316);
#316 = CARTESIAN_POINT('',(30.431860316864,-25.95962013695,0.));
#317 = CIRCLE('',#318,40.);
#318 = AXIS2_PLACEMENT_3D('',#319,#320,#321);
#319 = CARTESIAN_POINT('',(0.,0.,0.));
#320 = DIRECTION('',(0.,0.,1.));
#321 = DIRECTION('',(1.,0.,0.));
#322 = ORIENTED_EDGE('',*,*,#323,.T.);
#323 = EDGE_CURVE('',#315,#324,#326,.T.);
#324 = VERTEX_POINT('',#325);
#325 = CARTESIAN_POINT('',(29.130596198309,-24.867729895,0.));
#326 = LINE('',#327,#328);
#327 = CARTESIAN_POINT('',(14.46084511258,-12.55834716951,0.));
#328 = VECTOR('',#329,1.);
#329 = DIRECTION('',(-0.766044443119,0.642787609687,0.));
#330 = ORIENTED_EDGE('',*,*,#331,.T.);
#331 = EDGE_CURVE('',#324,#332,#334,.T.);
#332 = VERTEX_POINT('',#333);
#333 = CARTESIAN_POINT('',(29.548408144605,-24.36980100698,0.));
#334 = LINE('',#335,#336);
#335 = CARTESIAN_POINT('',(29.235049184883,-24.743247673,0.));
#336 = VECTOR('',#337,1.);
#337 = DIRECTION('',(0.642787609687,0.766044443119,0.));
#338 = ORIENTED_EDGE('',*,*,#339,.F.);
#339 = EDGE_CURVE('',#340,#332,#342,.T.);
#340 = VERTEX_POINT('',#341);
#341 = CARTESIAN_POINT('',(30.849672263161,-25.46169124892,0.));
#342 = LINE('',#343,#344);
#343 = CARTESIAN_POINT('',(14.878657058877,-12.06041828148,0.));
#344 = VECTOR('',#345,1.);
#345 = DIRECTION('',(-0.766044443119,0.642787609687,0.));
#346 = ORIENTED_EDGE('',*,*,#347,.T.);
#347 = EDGE_CURVE('',#340,#348,#350,.T.);
#348 = VERTEX_POINT('',#349);
#349 = CARTESIAN_POINT('',(34.362741338026,-20.47442325771,0.));
#350 = CIRCLE('',#351,40.);
#351 = AXIS2_PLACEMENT_3D('',#352,#353,#354);
#352 = CARTESIAN_POINT('',(0.,0.,0.));
#353 = DIRECTION('',(0.,0.,1.));
#354 = DIRECTION('',(1.,0.,0.));
#355 = ORIENTED_EDGE('',*,*,#356,.T.);
#356 = EDGE_CURVE('',#348,#357,#359,.T.);
#357 = VERTEX_POINT('',#358);
#358 = CARTESIAN_POINT('',(31.767939940024,-18.97631397208,0.));
#359 = LINE('',#360,#361);
#360 = CARTESIAN_POINT('',(15.746469970012,-9.726313972081,0.));
#361 = VECTOR('',#362,1.);
#362 = DIRECTION('',(-0.866025403784,0.5,0.));
#363 = ORIENTED_EDGE('',*,*,#364,.T.);
#364 = EDGE_CURVE('',#357,#365,#367,.T.);
#365 = VERTEX_POINT('',#366);
#366 = CARTESIAN_POINT('',(32.317939940024,-18.02368602791,0.));
#367 = LINE('',#368,#369);
#368 = CARTESIAN_POINT('',(31.905439940024,-18.73815698604,0.));
#369 = VECTOR('',#370,1.);
#370 = DIRECTION('',(0.5,0.866025403784,0.));
#371 = ORIENTED_EDGE('',*,*,#372,.F.);
#372 = EDGE_CURVE('',#373,#365,#375,.T.);
#373 = VERTEX_POINT('',#374);
#374 = CARTESIAN_POINT('',(34.912741338026,-19.52179531354,0.));
#375 = LINE('',#376,#377);
#376 = CARTESIAN_POINT('',(16.296469970012,-8.773686027919,0.));
#377 = VECTOR('',#378,1.);
#378 = DIRECTION('',(-0.866025403784,0.5,0.));
#379 = ORIENTED_EDGE('',*,*,#380,.T.);
#380 = EDGE_CURVE('',#373,#381,#383,.T.);
#381 = VERTEX_POINT('',#382);
#382 = CARTESIAN_POINT('',(37.475307576465,-13.98575425385,0.));
#383 = CIRCLE('',#384,40.);
#384 = AXIS2_PLACEMENT_3D('',#385,#386,#387);
#385 = CARTESIAN_POINT('',(0.,0.,0.));
#386 = DIRECTION('',(0.,0.,1.));
#387 = DIRECTION('',(1.,0.,0.));
#388 = ORIENTED_EDGE('',*,*,#389,.T.);
#389 = EDGE_CURVE('',#381,#390,#392,.T.);
#390 = VERTEX_POINT('',#391);
#391 = CARTESIAN_POINT('',(35.879070829519,-13.40477159112,0.));
#392 = LINE('',#393,#394);
#393 = CARTESIAN_POINT('',(17.883957141469,-6.855085846442,0.));
#394 = VECTOR('',#395,1.);
#395 = DIRECTION('',(-0.939692620786,0.342020143326,0.));
#396 = ORIENTED_EDGE('',*,*,#397,.T.);
#397 = EDGE_CURVE('',#390,#398,#400,.T.);
#398 = VERTEX_POINT('',#399);
#399 = CARTESIAN_POINT('',(36.101383922681,-12.79397138761,0.));
#400 = LINE('',#401,#402);
#401 = CARTESIAN_POINT('',(35.93464910281,-13.25207154025,0.));
#402 = VECTOR('',#403,1.);
#403 = DIRECTION('',(0.342020143326,0.939692620786,0.));
#404 = ORIENTED_EDGE('',*,*,#405,.F.);
#405 = EDGE_CURVE('',#406,#398,#408,.T.);
#406 = VERTEX_POINT('',#407);
#407 = CARTESIAN_POINT('',(37.697620669627,-13.37495405034,0.));
#408 = LINE('',#409,#410);
#409 = CARTESIAN_POINT('',(18.106270234631,-6.244285642931,0.));
#410 = VECTOR('',#411,1.);
#411 = DIRECTION('',(-0.939692620786,0.342020143326,0.));
#412 = ORIENTED_EDGE('',*,*,#413,.T.);
#413 = EDGE_CURVE('',#406,#414,#416,.T.);
#414 = VERTEX_POINT('',#415);
#415 = CARTESIAN_POINT('',(39.3345741873,-7.265760352763,0.));
#416 = CIRCLE('',#417,40.);
#417 = AXIS2_PLACEMENT_3D('',#418,#419,#420);
#418 = CARTESIAN_POINT('',(0.,0.,0.));
#419 = DIRECTION('',(0.,0.,1.));
#420 = DIRECTION('',(1.,0.,0.));
#421 = ORIENTED_EDGE('',*,*,#422,.T.);
#422 = EDGE_CURVE('',#414,#423,#425,.T.);
#423 = VERTEX_POINT('',#424);
#424 = CARTESIAN_POINT('',(37.661701282626,-6.970787724372,0.));
#425 = LINE('',#426,#427);
#426 = CARTESIAN_POINT('',(18.802632812442,-3.645425122051,
    1.387778780781E-17));
#427 = VECTOR('',#428,1.);
#428 = DIRECTION('',(-0.984807753012,0.173648177667,0.));
#429 = ORIENTED_EDGE('',*,*,#430,.T.);
#430 = EDGE_CURVE('',#423,#431,#433,.T.);
#431 = VERTEX_POINT('',#432);
#432 = CARTESIAN_POINT('',(37.774572598109,-6.330662684914,0.));
#433 = LINE('',#434,#435);
#434 = CARTESIAN_POINT('',(37.689919111497,-6.810756464508,
    1.387778780781E-17));
#435 = VECTOR('',#436,1.);
#436 = DIRECTION('',(0.173648177667,0.984807753012,0.));
#437 = ORIENTED_EDGE('',*,*,#438,.F.);
#438 = EDGE_CURVE('',#22,#431,#439,.T.);
#439 = LINE('',#440,#441);
#440 = CARTESIAN_POINT('',(18.915504127926,-3.005300082593,
    1.387778780781E-17));
#441 = VECTOR('',#442,1.);
#442 = DIRECTION('',(-0.984807753012,0.173648177667,0.));
#443 = ORIENTED_EDGE('',*,*,#21,.T.);
#444 = ORIENTED_EDGE('',*,*,#445,.T.);
#445 = EDGE_CURVE('',#24,#446,#448,.T.);
#446 = VERTEX_POINT('',#447);
#447 = CARTESIAN_POINT('',(37.,-0.55,0.));
#448 = LINE('',#449,#450);
#449 = CARTESIAN_POINT('',(18.5,-0.55,0.));
#450 = VECTOR('',#451,1.);
#451 = DIRECTION('',(-1.,0.,0.));
#452 = ORIENTED_EDGE('',*,*,#453,.T.);
#453 = EDGE_CURVE('',#446,#454,#456,.T.);
#454 = VERTEX_POINT('',#455);
#455 = CARTESIAN_POINT('',(37.,0.55,0.));
#456 = LINE('',#457,#458);
#457 = CARTESIAN_POINT('',(37.,-0.275,0.));
#458 = VECTOR('',#459,1.);
#459 = DIRECTION('',(0.,1.,0.));
#460 = ORIENTED_EDGE('',*,*,#461,.F.);
#461 = EDGE_CURVE('',#462,#454,#464,.T.);
#462 = VERTEX_POINT('',#463);
#463 = CARTESIAN_POINT('',(39.99621857126,0.55,0.));
#464 = LINE('',#465,#466);
#465 = CARTESIAN_POINT('',(18.5,0.55,0.));
#466 = VECTOR('',#467,1.);
#467 = DIRECTION('',(-1.,0.,0.));
#468 = ORIENTED_EDGE('',*,*,#469,.T.);
#469 = EDGE_CURVE('',#462,#470,#472,.T.);
#470 = VERTEX_POINT('',#471);
#471 = CARTESIAN_POINT('',(39.447445502784,6.625635313305,0.));
#472 = CIRCLE('',#473,40.);
#473 = AXIS2_PLACEMENT_3D('',#474,#475,#476);
#474 = CARTESIAN_POINT('',(0.,0.,0.));
#475 = DIRECTION('',(0.,0.,1.));
#476 = DIRECTION('',(1.,0.,0.));
#477 = ORIENTED_EDGE('',*,*,#478,.T.);
#478 = EDGE_CURVE('',#470,#479,#481,.T.);
#479 = VERTEX_POINT('',#480);
#480 = CARTESIAN_POINT('',(37.774572598109,6.330662684914,0.));
#481 = LINE('',#482,#483);
#482 = CARTESIAN_POINT('',(18.915504127926,3.005300082593,
    1.387778780781E-17));
#483 = VECTOR('',#484,1.);
#484 = DIRECTION('',(-0.984807753012,-0.173648177667,0.));
#485 = ORIENTED_EDGE('',*,*,#486,.T.);
#486 = EDGE_CURVE('',#479,#487,#489,.T.);
#487 = VERTEX_POINT('',#488);
#488 = CARTESIAN_POINT('',(37.661701282626,6.970787724372,0.));
#489 = LINE('',#490,#491);
#490 = CARTESIAN_POINT('',(37.746354769238,6.490693944779,
    1.387778780781E-17));
#491 = VECTOR('',#492,1.);
#492 = DIRECTION('',(-0.173648177667,0.984807753012,0.));
#493 = ORIENTED_EDGE('',*,*,#494,.F.);
#494 = EDGE_CURVE('',#495,#487,#497,.T.);
#495 = VERTEX_POINT('',#496);
#496 = CARTESIAN_POINT('',(39.3345741873,7.265760352763,0.));
#497 = LINE('',#498,#499);
#498 = CARTESIAN_POINT('',(18.802632812442,3.645425122051,
    1.387778780781E-17));
#499 = VECTOR('',#500,1.);
#500 = DIRECTION('',(-0.984807753012,-0.173648177667,0.));
#501 = ORIENTED_EDGE('',*,*,#502,.T.);
#502 = EDGE_CURVE('',#495,#503,#505,.T.);
#503 = VERTEX_POINT('',#504);
#504 = CARTESIAN_POINT('',(37.697620669627,13.374954050348,0.));
#505 = CIRCLE('',#506,40.);
#506 = AXIS2_PLACEMENT_3D('',#507,#508,#509);
#507 = CARTESIAN_POINT('',(0.,0.,0.));
#508 = DIRECTION('',(0.,0.,1.));
#509 = DIRECTION('',(1.,0.,0.));
#510 = ORIENTED_EDGE('',*,*,#511,.T.);
#511 = EDGE_CURVE('',#503,#512,#514,.T.);
#512 = VERTEX_POINT('',#513);
#513 = CARTESIAN_POINT('',(36.101383922681,12.793971387618,0.));
#514 = LINE('',#515,#516);
#515 = CARTESIAN_POINT('',(18.106270234631,6.244285642931,0.));
#516 = VECTOR('',#517,1.);
#517 = DIRECTION('',(-0.939692620786,-0.342020143326,0.));
#518 = ORIENTED_EDGE('',*,*,#519,.T.);
#519 = EDGE_CURVE('',#512,#520,#522,.T.);
#520 = VERTEX_POINT('',#521);
#521 = CARTESIAN_POINT('',(35.879070829519,13.404771591129,0.));
#522 = LINE('',#523,#524);
#523 = CARTESIAN_POINT('',(36.045805649391,12.946671438495,0.));
#524 = VECTOR('',#525,1.);
#525 = DIRECTION('',(-0.342020143326,0.939692620786,0.));
#526 = ORIENTED_EDGE('',*,*,#527,.F.);
#527 = EDGE_CURVE('',#528,#520,#530,.T.);
#528 = VERTEX_POINT('',#529);
#529 = CARTESIAN_POINT('',(37.475307576465,13.985754253859,0.));
#530 = LINE('',#531,#532);
#531 = CARTESIAN_POINT('',(17.883957141469,6.855085846442,0.));
#532 = VECTOR('',#533,1.);
#533 = DIRECTION('',(-0.939692620786,-0.342020143326,0.));
#534 = ORIENTED_EDGE('',*,*,#535,.T.);
#535 = EDGE_CURVE('',#528,#536,#538,.T.);
#536 = VERTEX_POINT('',#537);
#537 = CARTESIAN_POINT('',(34.912741338026,19.521795313549,0.));
#538 = CIRCLE('',#539,40.);
#539 = AXIS2_PLACEMENT_3D('',#540,#541,#542);
#540 = CARTESIAN_POINT('',(0.,0.,0.));
#541 = DIRECTION('',(0.,0.,1.));
#542 = DIRECTION('',(1.,0.,0.));
#543 = ORIENTED_EDGE('',*,*,#544,.T.);
#544 = EDGE_CURVE('',#536,#545,#547,.T.);
#545 = VERTEX_POINT('',#546);
#546 = CARTESIAN_POINT('',(32.317939940024,18.023686027919,0.));
#547 = LINE('',#548,#549);
#548 = CARTESIAN_POINT('',(16.296469970012,8.773686027919,0.));
#549 = VECTOR('',#550,1.);
#550 = DIRECTION('',(-0.866025403784,-0.5,0.));
#551 = ORIENTED_EDGE('',*,*,#552,.T.);
#552 = EDGE_CURVE('',#545,#553,#555,.T.);
#553 = VERTEX_POINT('',#554);
#554 = CARTESIAN_POINT('',(31.767939940024,18.976313972081,0.));
#555 = LINE('',#556,#557);
#556 = CARTESIAN_POINT('',(32.180439940024,18.261843013959,0.));
#557 = VECTOR('',#558,1.);
#558 = DIRECTION('',(-0.5,0.866025403784,0.));
#559 = ORIENTED_EDGE('',*,*,#560,.F.);
#560 = EDGE_CURVE('',#561,#553,#563,.T.);
#561 = VERTEX_POINT('',#562);
#562 = CARTESIAN_POINT('',(34.362741338026,20.474423257711,0.));
#563 = LINE('',#564,#565);
#564 = CARTESIAN_POINT('',(15.746469970012,9.726313972081,0.));
#565 = VECTOR('',#566,1.);
#566 = DIRECTION('',(-0.866025403784,-0.5,0.));
#567 = ORIENTED_EDGE('',*,*,#568,.T.);
#568 = EDGE_CURVE('',#561,#569,#571,.T.);
#569 = VERTEX_POINT('',#570);
#570 = CARTESIAN_POINT('',(30.849672263161,25.461691248925,0.));
#571 = CIRCLE('',#572,40.);
#572 = AXIS2_PLACEMENT_3D('',#573,#574,#575);
#573 = CARTESIAN_POINT('',(0.,0.,0.));
#574 = DIRECTION('',(0.,0.,1.));
#575 = DIRECTION('',(1.,0.,0.));
#576 = ORIENTED_EDGE('',*,*,#577,.T.);
#577 = EDGE_CURVE('',#569,#578,#580,.T.);
#578 = VERTEX_POINT('',#579);
#579 = CARTESIAN_POINT('',(29.548408144605,24.369801006981,0.));
#580 = LINE('',#581,#582);
#581 = CARTESIAN_POINT('',(14.878657058877,12.060418281484,0.));
#582 = VECTOR('',#583,1.);
#583 = DIRECTION('',(-0.766044443119,-0.642787609687,0.));
#584 = ORIENTED_EDGE('',*,*,#585,.T.);
#585 = EDGE_CURVE('',#578,#586,#588,.T.);
#586 = VERTEX_POINT('',#587);
#587 = CARTESIAN_POINT('',(29.130596198309,24.867729895008,0.));
#588 = LINE('',#589,#590);
#589 = CARTESIAN_POINT('',(29.443955158031,24.494283228988,0.));
#590 = VECTOR('',#591,1.);
#591 = DIRECTION('',(-0.642787609687,0.766044443119,0.));
#592 = ORIENTED_EDGE('',*,*,#593,.F.);
#593 = EDGE_CURVE('',#594,#586,#596,.T.);
#594 = VERTEX_POINT('',#595);
#595 = CARTESIAN_POINT('',(30.431860316864,25.959620136952,0.));
#596 = LINE('',#597,#598);
#597 = CARTESIAN_POINT('',(14.46084511258,12.558347169511,0.));
#598 = VECTOR('',#599,1.);
#599 = DIRECTION('',(-0.766044443119,-0.642787609687,0.));
#600 = ORIENTED_EDGE('',*,*,#601,.T.);
#601 = EDGE_CURVE('',#594,#602,#604,.T.);
#602 = VERTEX_POINT('',#603);
#603 = CARTESIAN_POINT('',(25.959620136952,30.431860316864,0.));
#604 = CIRCLE('',#605,40.);
#605 = AXIS2_PLACEMENT_3D('',#606,#607,#608);
#606 = CARTESIAN_POINT('',(0.,0.,0.));
#607 = DIRECTION('',(0.,0.,1.));
#608 = DIRECTION('',(1.,0.,0.));
#609 = ORIENTED_EDGE('',*,*,#610,.T.);
#610 = EDGE_CURVE('',#602,#611,#613,.T.);
#611 = VERTEX_POINT('',#612);
#612 = CARTESIAN_POINT('',(24.867729895008,29.130596198309,0.));
#613 = LINE('',#614,#615);
#614 = CARTESIAN_POINT('',(12.558347169511,14.46084511258,0.));
#615 = VECTOR('',#616,1.);
#616 = DIRECTION('',(-0.642787609687,-0.766044443119,0.));
#617 = ORIENTED_EDGE('',*,*,#618,.T.);
#618 = EDGE_CURVE('',#611,#619,#621,.T.);
#619 = VERTEX_POINT('',#620);
#620 = CARTESIAN_POINT('',(24.369801006981,29.548408144605,0.));
#621 = LINE('',#622,#623);
#622 = CARTESIAN_POINT('',(24.743247673001,29.235049184883,0.));
#623 = VECTOR('',#624,1.);
#624 = DIRECTION('',(-0.766044443119,0.642787609687,0.));
#625 = ORIENTED_EDGE('',*,*,#626,.F.);
#626 = EDGE_CURVE('',#627,#619,#629,.T.);
#627 = VERTEX_POINT('',#628);
#628 = CARTESIAN_POINT('',(25.461691248925,30.849672263161,0.));
#629 = LINE('',#630,#631);
#630 = CARTESIAN_POINT('',(12.060418281484,14.878657058877,0.));
#631 = VECTOR('',#632,1.);
#632 = DIRECTION('',(-0.642787609687,-0.766044443119,0.));
#633 = ORIENTED_EDGE('',*,*,#634,.T.);
#634 = EDGE_CURVE('',#627,#635,#637,.T.);
#635 = VERTEX_POINT('',#636);
#636 = CARTESIAN_POINT('',(20.474423257711,34.362741338026,0.));
#637 = CIRCLE('',#638,40.);
#638 = AXIS2_PLACEMENT_3D('',#639,#640,#641);
#639 = CARTESIAN_POINT('',(0.,0.,0.));
#640 = DIRECTION('',(0.,0.,1.));
#641 = DIRECTION('',(1.,0.,0.));
#642 = ORIENTED_EDGE('',*,*,#643,.T.);
#643 = EDGE_CURVE('',#635,#644,#646,.T.);
#644 = VERTEX_POINT('',#645);
#645 = CARTESIAN_POINT('',(18.976313972081,31.767939940024,0.));
#646 = LINE('',#647,#648);
#647 = CARTESIAN_POINT('',(9.726313972081,15.746469970012,0.));
#648 = VECTOR('',#649,1.);
#649 = DIRECTION('',(-0.5,-0.866025403784,0.));
#650 = ORIENTED_EDGE('',*,*,#651,.T.);
#651 = EDGE_CURVE('',#644,#652,#654,.T.);
#652 = VERTEX_POINT('',#653);
#653 = CARTESIAN_POINT('',(18.023686027919,32.317939940024,0.));
#654 = LINE('',#655,#656);
#655 = CARTESIAN_POINT('',(18.738156986041,31.905439940024,0.));
#656 = VECTOR('',#657,1.);
#657 = DIRECTION('',(-0.866025403784,0.5,0.));
#658 = ORIENTED_EDGE('',*,*,#659,.F.);
#659 = EDGE_CURVE('',#660,#652,#662,.T.);
#660 = VERTEX_POINT('',#661);
#661 = CARTESIAN_POINT('',(19.521795313549,34.912741338026,0.));
#662 = LINE('',#663,#664);
#663 = CARTESIAN_POINT('',(8.773686027919,16.296469970012,0.));
#664 = VECTOR('',#665,1.);
#665 = DIRECTION('',(-0.5,-0.866025403784,0.));
#666 = ORIENTED_EDGE('',*,*,#667,.T.);
#667 = EDGE_CURVE('',#660,#668,#670,.T.);
#668 = VERTEX_POINT('',#669);
#669 = CARTESIAN_POINT('',(13.985754253859,37.475307576465,0.));
#670 = CIRCLE('',#671,40.);
#671 = AXIS2_PLACEMENT_3D('',#672,#673,#674);
#672 = CARTESIAN_POINT('',(0.,0.,0.));
#673 = DIRECTION('',(0.,0.,1.));
#674 = DIRECTION('',(1.,0.,0.));
#675 = ORIENTED_EDGE('',*,*,#676,.T.);
#676 = EDGE_CURVE('',#668,#677,#679,.T.);
#677 = VERTEX_POINT('',#678);
#678 = CARTESIAN_POINT('',(13.404771591129,35.879070829519,0.));
#679 = LINE('',#680,#681);
#680 = CARTESIAN_POINT('',(6.855085846442,17.883957141469,
    1.387778780781E-17));
#681 = VECTOR('',#682,1.);
#682 = DIRECTION('',(-0.342020143326,-0.939692620786,0.));
#683 = ORIENTED_EDGE('',*,*,#684,.T.);
#684 = EDGE_CURVE('',#677,#685,#687,.T.);
#685 = VERTEX_POINT('',#686);
#686 = CARTESIAN_POINT('',(12.793971387618,36.101383922681,0.));
#687 = LINE('',#688,#689);
#688 = CARTESIAN_POINT('',(13.252071540251,35.93464910281,
    1.387778780781E-17));
#689 = VECTOR('',#690,1.);
#690 = DIRECTION('',(-0.939692620786,0.342020143326,0.));
#691 = ORIENTED_EDGE('',*,*,#692,.F.);
#692 = EDGE_CURVE('',#693,#685,#695,.T.);
#693 = VERTEX_POINT('',#694);
#694 = CARTESIAN_POINT('',(13.374954050348,37.697620669627,0.));
#695 = LINE('',#696,#697);
#696 = CARTESIAN_POINT('',(6.244285642931,18.106270234631,
    1.387778780781E-17));
#697 = VECTOR('',#698,1.);
#698 = DIRECTION('',(-0.342020143326,-0.939692620786,0.));
#699 = ORIENTED_EDGE('',*,*,#700,.T.);
#700 = EDGE_CURVE('',#693,#701,#703,.T.);
#701 = VERTEX_POINT('',#702);
#702 = CARTESIAN_POINT('',(7.265760352763,39.3345741873,0.));
#703 = CIRCLE('',#704,40.);
#704 = AXIS2_PLACEMENT_3D('',#705,#706,#707);
#705 = CARTESIAN_POINT('',(0.,0.,0.));
#706 = DIRECTION('',(0.,0.,1.));
#707 = DIRECTION('',(1.,0.,0.));
#708 = ORIENTED_EDGE('',*,*,#709,.T.);
#709 = EDGE_CURVE('',#701,#710,#712,.T.);
#710 = VERTEX_POINT('',#711);
#711 = CARTESIAN_POINT('',(6.970787724372,37.661701282626,0.));
#712 = LINE('',#713,#714);
#713 = CARTESIAN_POINT('',(3.645425122051,18.802632812442,
    1.387778780781E-17));
#714 = VECTOR('',#715,1.);
#715 = DIRECTION('',(-0.173648177667,-0.984807753012,0.));
#716 = ORIENTED_EDGE('',*,*,#717,.T.);
#717 = EDGE_CURVE('',#710,#718,#720,.T.);
#718 = VERTEX_POINT('',#719);
#719 = CARTESIAN_POINT('',(6.330662684914,37.774572598109,0.));
#720 = LINE('',#721,#722);
#721 = CARTESIAN_POINT('',(6.810756464508,37.689919111497,
    1.387778780781E-17));
#722 = VECTOR('',#723,1.);
#723 = DIRECTION('',(-0.984807753012,0.173648177667,0.));
#724 = ORIENTED_EDGE('',*,*,#725,.F.);
#725 = EDGE_CURVE('',#726,#718,#728,.T.);
#726 = VERTEX_POINT('',#727);
#727 = CARTESIAN_POINT('',(6.625635313305,39.447445502784,0.));
#728 = LINE('',#729,#730);
#729 = CARTESIAN_POINT('',(3.005300082593,18.915504127926,
    1.387778780781E-17));
#730 = VECTOR('',#731,1.);
#731 = DIRECTION('',(-0.173648177667,-0.984807753012,0.));
#732 = ORIENTED_EDGE('',*,*,#733,.T.);
#733 = EDGE_CURVE('',#726,#734,#736,.T.);
#734 = VERTEX_POINT('',#735);
#735 = CARTESIAN_POINT('',(0.55,39.99621857126,0.));
#736 = CIRCLE('',#737,40.);
#737 = AXIS2_PLACEMENT_3D('',#738,#739,#740);
#738 = CARTESIAN_POINT('',(0.,0.,0.));
#739 = DIRECTION('',(0.,0.,1.));
#740 = DIRECTION('',(1.,0.,0.));
#741 = ORIENTED_EDGE('',*,*,#742,.T.);
#742 = EDGE_CURVE('',#734,#743,#745,.T.);
#743 = VERTEX_POINT('',#744);
#744 = CARTESIAN_POINT('',(0.55,37.029092868337,0.));
#745 = LINE('',#746,#747);
#746 = CARTESIAN_POINT('',(0.55,18.5,0.));
#747 = VECTOR('',#748,1.);
#748 = DIRECTION('',(-1.110223024625E-16,-1.,0.));
#749 = ORIENTED_EDGE('',*,*,#750,.F.);
#750 = EDGE_CURVE('',#751,#743,#753,.T.);
#751 = VERTEX_POINT('',#752);
#752 = CARTESIAN_POINT('',(1.625,35.5,0.));
#753 = CIRCLE('',#754,1.625);
#754 = AXIS2_PLACEMENT_3D('',#755,#756,#757);
#755 = CARTESIAN_POINT('',(2.173748068487E-15,35.5,0.));
#756 = DIRECTION('',(0.,0.,1.));
#757 = DIRECTION('',(1.,0.,0.));
#758 = ORIENTED_EDGE('',*,*,#759,.F.);
#759 = EDGE_CURVE('',#760,#751,#762,.T.);
#760 = VERTEX_POINT('',#761);
#761 = CARTESIAN_POINT('',(-0.55,37.029092868337,0.));
#762 = CIRCLE('',#763,1.625);
#763 = AXIS2_PLACEMENT_3D('',#764,#765,#766);
#764 = CARTESIAN_POINT('',(2.173748068487E-15,35.5,0.));
#765 = DIRECTION('',(0.,0.,1.));
#766 = DIRECTION('',(1.,0.,0.));
#767 = ORIENTED_EDGE('',*,*,#768,.F.);
#768 = EDGE_CURVE('',#769,#760,#771,.T.);
#769 = VERTEX_POINT('',#770);
#770 = CARTESIAN_POINT('',(-0.55,39.99621857126,0.));
#771 = LINE('',#772,#773);
#772 = CARTESIAN_POINT('',(-0.55,18.5,0.));
#773 = VECTOR('',#774,1.);
#774 = DIRECTION('',(-1.110223024625E-16,-1.,0.));
#775 = ORIENTED_EDGE('',*,*,#776,.T.);
#776 = EDGE_CURVE('',#769,#777,#779,.T.);
#777 = VERTEX_POINT('',#778);
#778 = CARTESIAN_POINT('',(-6.625635313305,39.447445502784,0.));
#779 = CIRCLE('',#780,40.);
#780 = AXIS2_PLACEMENT_3D('',#781,#782,#783);
#781 = CARTESIAN_POINT('',(0.,0.,0.));
#782 = DIRECTION('',(0.,0.,1.));
#783 = DIRECTION('',(1.,0.,0.));
#784 = ORIENTED_EDGE('',*,*,#785,.T.);
#785 = EDGE_CURVE('',#777,#786,#788,.T.);
#786 = VERTEX_POINT('',#787);
#787 = CARTESIAN_POINT('',(-6.330662684914,37.774572598109,0.));
#788 = LINE('',#789,#790);
#789 = CARTESIAN_POINT('',(-3.005300082593,18.915504127926,
    1.387778780781E-17));
#790 = VECTOR('',#791,1.);
#791 = DIRECTION('',(0.173648177667,-0.984807753012,0.));
#792 = ORIENTED_EDGE('',*,*,#793,.T.);
#793 = EDGE_CURVE('',#786,#794,#796,.T.);
#794 = VERTEX_POINT('',#795);
#795 = CARTESIAN_POINT('',(-6.970787724372,37.661701282626,0.));
#796 = LINE('',#797,#798);
#797 = CARTESIAN_POINT('',(-6.490693944779,37.746354769238,
    1.387778780781E-17));
#798 = VECTOR('',#799,1.);
#799 = DIRECTION('',(-0.984807753012,-0.173648177667,0.));
#800 = ORIENTED_EDGE('',*,*,#801,.F.);
#801 = EDGE_CURVE('',#802,#794,#804,.T.);
#802 = VERTEX_POINT('',#803);
#803 = CARTESIAN_POINT('',(-7.265760352763,39.3345741873,0.));
#804 = LINE('',#805,#806);
#805 = CARTESIAN_POINT('',(-3.645425122051,18.802632812442,
    1.387778780781E-17));
#806 = VECTOR('',#807,1.);
#807 = DIRECTION('',(0.173648177667,-0.984807753012,0.));
#808 = ORIENTED_EDGE('',*,*,#809,.T.);
#809 = EDGE_CURVE('',#802,#810,#812,.T.);
#810 = VERTEX_POINT('',#811);
#811 = CARTESIAN_POINT('',(-13.37495405034,37.697620669627,0.));
#812 = CIRCLE('',#813,40.);
#813 = AXIS2_PLACEMENT_3D('',#814,#815,#816);
#814 = CARTESIAN_POINT('',(0.,0.,0.));
#815 = DIRECTION('',(0.,0.,1.));
#816 = DIRECTION('',(1.,0.,0.));
#817 = ORIENTED_EDGE('',*,*,#818,.T.);
#818 = EDGE_CURVE('',#810,#819,#821,.T.);
#819 = VERTEX_POINT('',#820);
#820 = CARTESIAN_POINT('',(-12.79397138761,36.101383922681,0.));
#821 = LINE('',#822,#823);
#822 = CARTESIAN_POINT('',(-6.244285642931,18.106270234631,0.));
#823 = VECTOR('',#824,1.);
#824 = DIRECTION('',(0.342020143326,-0.939692620786,0.));
#825 = ORIENTED_EDGE('',*,*,#826,.T.);
#826 = EDGE_CURVE('',#819,#827,#829,.T.);
#827 = VERTEX_POINT('',#828);
#828 = CARTESIAN_POINT('',(-13.40477159112,35.879070829519,0.));
#829 = LINE('',#830,#831);
#830 = CARTESIAN_POINT('',(-12.94667143849,36.045805649391,0.));
#831 = VECTOR('',#832,1.);
#832 = DIRECTION('',(-0.939692620786,-0.342020143326,0.));
#833 = ORIENTED_EDGE('',*,*,#834,.F.);
#834 = EDGE_CURVE('',#835,#827,#837,.T.);
#835 = VERTEX_POINT('',#836);
#836 = CARTESIAN_POINT('',(-13.98575425385,37.475307576465,0.));
#837 = LINE('',#838,#839);
#838 = CARTESIAN_POINT('',(-6.855085846442,17.883957141469,0.));
#839 = VECTOR('',#840,1.);
#840 = DIRECTION('',(0.342020143326,-0.939692620786,0.));
#841 = ORIENTED_EDGE('',*,*,#842,.T.);
#842 = EDGE_CURVE('',#835,#843,#845,.T.);
#843 = VERTEX_POINT('',#844);
#844 = CARTESIAN_POINT('',(-19.52179531354,34.912741338026,0.));
#845 = CIRCLE('',#846,40.);
#846 = AXIS2_PLACEMENT_3D('',#847,#848,#849);
#847 = CARTESIAN_POINT('',(0.,0.,0.));
#848 = DIRECTION('',(0.,0.,1.));
#849 = DIRECTION('',(1.,0.,0.));
#850 = ORIENTED_EDGE('',*,*,#851,.T.);
#851 = EDGE_CURVE('',#843,#852,#854,.T.);
#852 = VERTEX_POINT('',#853);
#853 = CARTESIAN_POINT('',(-18.02368602791,32.317939940024,0.));
#854 = LINE('',#855,#856);
#855 = CARTESIAN_POINT('',(-8.773686027919,16.296469970012,
    1.387778780781E-17));
#856 = VECTOR('',#857,1.);
#857 = DIRECTION('',(0.5,-0.866025403784,0.));
#858 = ORIENTED_EDGE('',*,*,#859,.T.);
#859 = EDGE_CURVE('',#852,#860,#862,.T.);
#860 = VERTEX_POINT('',#861);
#861 = CARTESIAN_POINT('',(-18.97631397208,31.767939940024,0.));
#862 = LINE('',#863,#864);
#863 = CARTESIAN_POINT('',(-18.26184301395,32.180439940024,
    1.387778780781E-17));
#864 = VECTOR('',#865,1.);
#865 = DIRECTION('',(-0.866025403784,-0.5,0.));
#866 = ORIENTED_EDGE('',*,*,#867,.F.);
#867 = EDGE_CURVE('',#868,#860,#870,.T.);
#868 = VERTEX_POINT('',#869);
#869 = CARTESIAN_POINT('',(-20.47442325771,34.362741338026,0.));
#870 = LINE('',#871,#872);
#871 = CARTESIAN_POINT('',(-9.726313972081,15.746469970012,
    1.387778780781E-17));
#872 = VECTOR('',#873,1.);
#873 = DIRECTION('',(0.5,-0.866025403784,0.));
#874 = ORIENTED_EDGE('',*,*,#875,.T.);
#875 = EDGE_CURVE('',#868,#876,#878,.T.);
#876 = VERTEX_POINT('',#877);
#877 = CARTESIAN_POINT('',(-20.47442325771,-34.36274133802,0.));
#878 = CIRCLE('',#879,40.);
#879 = AXIS2_PLACEMENT_3D('',#880,#881,#882);
#880 = CARTESIAN_POINT('',(0.,0.,0.));
#881 = DIRECTION('',(0.,0.,1.));
#882 = DIRECTION('',(1.,0.,0.));
#883 = ORIENTED_EDGE('',*,*,#884,.T.);
#884 = EDGE_CURVE('',#876,#885,#887,.T.);
#885 = VERTEX_POINT('',#886);
#886 = CARTESIAN_POINT('',(-18.97631397208,-31.76793994002,0.));
#887 = LINE('',#888,#889);
#888 = CARTESIAN_POINT('',(-9.726313972081,-15.74646997001,
    1.387778780781E-17));
#889 = VECTOR('',#890,1.);
#890 = DIRECTION('',(0.5,0.866025403784,0.));
#891 = ORIENTED_EDGE('',*,*,#892,.T.);
#892 = EDGE_CURVE('',#885,#66,#893,.T.);
#893 = LINE('',#894,#895);
#894 = CARTESIAN_POINT('',(-18.73815698604,-31.90543994002,
    1.387778780781E-17));
#895 = VECTOR('',#896,1.);
#896 = DIRECTION('',(0.866025403784,-0.5,0.));
#897 = FACE_BOUND('',#898,.F.);
#898 = EDGE_LOOP('',(#899));
#899 = ORIENTED_EDGE('',*,*,#900,.F.);
#900 = EDGE_CURVE('',#901,#901,#903,.T.);
#901 = VERTEX_POINT('',#902);
#902 = CARTESIAN_POINT('',(31.,-7.592810154714E-15,0.));
#903 = CIRCLE('',#904,31.);
#904 = AXIS2_PLACEMENT_3D('',#905,#906,#907);
#905 = CARTESIAN_POINT('',(0.,0.,0.));
#906 = DIRECTION('',(0.,0.,1.));
#907 = DIRECTION('',(1.,0.,0.));
#908 = PLANE('',#909);
#909 = AXIS2_PLACEMENT_3D('',#910,#911,#912);
#910 = CARTESIAN_POINT('',(0.,0.,0.));
#911 = DIRECTION('',(0.,0.,1.));
#912 = DIRECTION('',(1.,0.,0.));
#913 = ADVANCED_FACE('',(#914),#932,.F.);
#914 = FACE_BOUND('',#915,.F.);
#915 = EDGE_LOOP('',(#916,#917,#925,#931));
#916 = ORIENTED_EDGE('',*,*,#438,.T.);
#917 = ORIENTED_EDGE('',*,*,#918,.T.);
#918 = EDGE_CURVE('',#431,#919,#921,.T.);
#919 = VERTEX_POINT('',#920);
#920 = CARTESIAN_POINT('',(37.774572598109,-6.330662684914,2.));
#921 = LINE('',#922,#923);
#922 = CARTESIAN_POINT('',(37.774572598109,-6.330662684914,-0.1));
#923 = VECTOR('',#924,1.);
#924 = DIRECTION('',(0.,0.,1.));
#925 = ORIENTED_EDGE('',*,*,#926,.F.);
#926 = EDGE_CURVE('',#41,#919,#927,.T.);
#927 = LINE('',#928,#929);
#928 = CARTESIAN_POINT('',(18.915504127926,-3.005300082593,2.));
#929 = VECTOR('',#930,1.);
#930 = DIRECTION('',(-0.984807753012,0.173648177667,0.));
#931 = ORIENTED_EDGE('',*,*,#49,.F.);
#932 = PLANE('',#933);
#933 = AXIS2_PLACEMENT_3D('',#934,#935,#936);
#934 = CARTESIAN_POINT('',(37.774572598109,-6.330662684914,-0.1));
#935 = DIRECTION('',(0.173648177667,0.984807753012,0.));
#936 = DIRECTION('',(0.,0.,1.));
#937 = ADVANCED_FACE('',(#938,#1768),#1779,.T.);
#938 = FACE_BOUND('',#939,.T.);
#939 = EDGE_LOOP('',(#940,#950,#959,#967,#975,#983,#992,#1000,#1008,
    #1016,#1025,#1033,#1042,#1051,#1059,#1068,#1076,#1084,#1092,#1101,
    #1109,#1117,#1125,#1134,#1142,#1150,#1158,#1167,#1175,#1183,#1191,
    #1200,#1208,#1216,#1224,#1233,#1241,#1249,#1257,#1266,#1274,#1282,
    #1290,#1299,#1307,#1313,#1314,#1315,#1323,#1331,#1339,#1348,#1356,
    #1364,#1372,#1381,#1389,#1397,#1405,#1414,#1422,#1430,#1438,#1447,
    #1455,#1463,#1471,#1480,#1488,#1496,#1504,#1513,#1521,#1529,#1537,
    #1546,#1554,#1562,#1570,#1579,#1587,#1595,#1603,#1612,#1620,#1629,
    #1638,#1646,#1655,#1663,#1671,#1679,#1688,#1696,#1704,#1712,#1721,
    #1729,#1737,#1745,#1754,#1762));
#940 = ORIENTED_EDGE('',*,*,#941,.F.);
#941 = EDGE_CURVE('',#942,#944,#946,.T.);
#942 = VERTEX_POINT('',#943);
#943 = CARTESIAN_POINT('',(-19.52179531354,-34.91274133802,2.));
#944 = VERTEX_POINT('',#945);
#945 = CARTESIAN_POINT('',(-18.02368602791,-32.31793994002,2.));
#946 = LINE('',#947,#948);
#947 = CARTESIAN_POINT('',(-8.773686027919,-16.29646997001,2.));
#948 = VECTOR('',#949,1.);
#949 = DIRECTION('',(0.5,0.866025403784,0.));
#950 = ORIENTED_EDGE('',*,*,#951,.T.);
#951 = EDGE_CURVE('',#942,#952,#954,.T.);
#952 = VERTEX_POINT('',#953);
#953 = CARTESIAN_POINT('',(-13.98575425385,-37.47530757646,2.));
#954 = CIRCLE('',#955,40.);
#955 = AXIS2_PLACEMENT_3D('',#956,#957,#958);
#956 = CARTESIAN_POINT('',(0.,0.,2.));
#957 = DIRECTION('',(0.,0.,1.));
#958 = DIRECTION('',(1.,0.,0.));
#959 = ORIENTED_EDGE('',*,*,#960,.T.);
#960 = EDGE_CURVE('',#952,#961,#963,.T.);
#961 = VERTEX_POINT('',#962);
#962 = CARTESIAN_POINT('',(-13.40477159112,-35.87907082951,2.));
#963 = LINE('',#964,#965);
#964 = CARTESIAN_POINT('',(-6.855085846442,-17.88395714146,2.));
#965 = VECTOR('',#966,1.);
#966 = DIRECTION('',(0.342020143326,0.939692620786,0.));
#967 = ORIENTED_EDGE('',*,*,#968,.T.);
#968 = EDGE_CURVE('',#961,#969,#971,.T.);
#969 = VERTEX_POINT('',#970);
#970 = CARTESIAN_POINT('',(-12.79397138761,-36.10138392268,2.));
#971 = LINE('',#972,#973);
#972 = CARTESIAN_POINT('',(-13.25207154025,-35.93464910281,2.));
#973 = VECTOR('',#974,1.);
#974 = DIRECTION('',(0.939692620786,-0.342020143326,0.));
#975 = ORIENTED_EDGE('',*,*,#976,.F.);
#976 = EDGE_CURVE('',#977,#969,#979,.T.);
#977 = VERTEX_POINT('',#978);
#978 = CARTESIAN_POINT('',(-13.37495405034,-37.69762066962,2.));
#979 = LINE('',#980,#981);
#980 = CARTESIAN_POINT('',(-6.244285642931,-18.10627023463,2.));
#981 = VECTOR('',#982,1.);
#982 = DIRECTION('',(0.342020143326,0.939692620786,0.));
#983 = ORIENTED_EDGE('',*,*,#984,.T.);
#984 = EDGE_CURVE('',#977,#985,#987,.T.);
#985 = VERTEX_POINT('',#986);
#986 = CARTESIAN_POINT('',(-7.265760352763,-39.3345741873,2.));
#987 = CIRCLE('',#988,40.);
#988 = AXIS2_PLACEMENT_3D('',#989,#990,#991);
#989 = CARTESIAN_POINT('',(0.,0.,2.));
#990 = DIRECTION('',(0.,0.,1.));
#991 = DIRECTION('',(1.,0.,0.));
#992 = ORIENTED_EDGE('',*,*,#993,.T.);
#993 = EDGE_CURVE('',#985,#994,#996,.T.);
#994 = VERTEX_POINT('',#995);
#995 = CARTESIAN_POINT('',(-6.970787724372,-37.66170128262,2.));
#996 = LINE('',#997,#998);
#997 = CARTESIAN_POINT('',(-3.645425122051,-18.80263281244,2.));
#998 = VECTOR('',#999,1.);
#999 = DIRECTION('',(0.173648177667,0.984807753012,0.));
#1000 = ORIENTED_EDGE('',*,*,#1001,.T.);
#1001 = EDGE_CURVE('',#994,#1002,#1004,.T.);
#1002 = VERTEX_POINT('',#1003);
#1003 = CARTESIAN_POINT('',(-6.330662684914,-37.7745725981,2.));
#1004 = LINE('',#1005,#1006);
#1005 = CARTESIAN_POINT('',(-6.810756464508,-37.68991911149,2.));
#1006 = VECTOR('',#1007,1.);
#1007 = DIRECTION('',(0.984807753012,-0.173648177667,0.));
#1008 = ORIENTED_EDGE('',*,*,#1009,.F.);
#1009 = EDGE_CURVE('',#1010,#1002,#1012,.T.);
#1010 = VERTEX_POINT('',#1011);
#1011 = CARTESIAN_POINT('',(-6.625635313305,-39.44744550278,2.));
#1012 = LINE('',#1013,#1014);
#1013 = CARTESIAN_POINT('',(-3.005300082593,-18.91550412792,2.));
#1014 = VECTOR('',#1015,1.);
#1015 = DIRECTION('',(0.173648177667,0.984807753012,0.));
#1016 = ORIENTED_EDGE('',*,*,#1017,.T.);
#1017 = EDGE_CURVE('',#1010,#1018,#1020,.T.);
#1018 = VERTEX_POINT('',#1019);
#1019 = CARTESIAN_POINT('',(-0.55,-39.99621857126,2.));
#1020 = CIRCLE('',#1021,40.);
#1021 = AXIS2_PLACEMENT_3D('',#1022,#1023,#1024);
#1022 = CARTESIAN_POINT('',(0.,0.,2.));
#1023 = DIRECTION('',(0.,0.,1.));
#1024 = DIRECTION('',(1.,0.,0.));
#1025 = ORIENTED_EDGE('',*,*,#1026,.T.);
#1026 = EDGE_CURVE('',#1018,#1027,#1029,.T.);
#1027 = VERTEX_POINT('',#1028);
#1028 = CARTESIAN_POINT('',(-0.55,-37.02909286833,2.));
#1029 = LINE('',#1030,#1031);
#1030 = CARTESIAN_POINT('',(-0.55,-18.5,2.));
#1031 = VECTOR('',#1032,1.);
#1032 = DIRECTION('',(-1.110223024625E-16,1.,0.));
#1033 = ORIENTED_EDGE('',*,*,#1034,.F.);
#1034 = EDGE_CURVE('',#1035,#1027,#1037,.T.);
#1035 = VERTEX_POINT('',#1036);
#1036 = CARTESIAN_POINT('',(1.625,-35.5,2.));
#1037 = CIRCLE('',#1038,1.625);
#1038 = AXIS2_PLACEMENT_3D('',#1039,#1040,#1041);
#1039 = CARTESIAN_POINT('',(2.173748068487E-15,-35.5,2.));
#1040 = DIRECTION('',(0.,0.,1.));
#1041 = DIRECTION('',(1.,0.,0.));
#1042 = ORIENTED_EDGE('',*,*,#1043,.F.);
#1043 = EDGE_CURVE('',#1044,#1035,#1046,.T.);
#1044 = VERTEX_POINT('',#1045);
#1045 = CARTESIAN_POINT('',(0.55,-37.02909286833,2.));
#1046 = CIRCLE('',#1047,1.625);
#1047 = AXIS2_PLACEMENT_3D('',#1048,#1049,#1050);
#1048 = CARTESIAN_POINT('',(2.173748068487E-15,-35.5,2.));
#1049 = DIRECTION('',(0.,0.,1.));
#1050 = DIRECTION('',(1.,0.,0.));
#1051 = ORIENTED_EDGE('',*,*,#1052,.F.);
#1052 = EDGE_CURVE('',#1053,#1044,#1055,.T.);
#1053 = VERTEX_POINT('',#1054);
#1054 = CARTESIAN_POINT('',(0.55,-39.99621857126,2.));
#1055 = LINE('',#1056,#1057);
#1056 = CARTESIAN_POINT('',(0.55,-18.5,2.));
#1057 = VECTOR('',#1058,1.);
#1058 = DIRECTION('',(-1.110223024625E-16,1.,0.));
#1059 = ORIENTED_EDGE('',*,*,#1060,.T.);
#1060 = EDGE_CURVE('',#1053,#1061,#1063,.T.);
#1061 = VERTEX_POINT('',#1062);
#1062 = CARTESIAN_POINT('',(6.625635313305,-39.44744550278,2.));
#1063 = CIRCLE('',#1064,40.);
#1064 = AXIS2_PLACEMENT_3D('',#1065,#1066,#1067);
#1065 = CARTESIAN_POINT('',(0.,0.,2.));
#1066 = DIRECTION('',(0.,0.,1.));
#1067 = DIRECTION('',(1.,0.,0.));
#1068 = ORIENTED_EDGE('',*,*,#1069,.T.);
#1069 = EDGE_CURVE('',#1061,#1070,#1072,.T.);
#1070 = VERTEX_POINT('',#1071);
#1071 = CARTESIAN_POINT('',(6.330662684914,-37.7745725981,2.));
#1072 = LINE('',#1073,#1074);
#1073 = CARTESIAN_POINT('',(3.005300082593,-18.91550412792,2.));
#1074 = VECTOR('',#1075,1.);
#1075 = DIRECTION('',(-0.173648177667,0.984807753012,0.));
#1076 = ORIENTED_EDGE('',*,*,#1077,.T.);
#1077 = EDGE_CURVE('',#1070,#1078,#1080,.T.);
#1078 = VERTEX_POINT('',#1079);
#1079 = CARTESIAN_POINT('',(6.970787724372,-37.66170128262,2.));
#1080 = LINE('',#1081,#1082);
#1081 = CARTESIAN_POINT('',(6.490693944779,-37.74635476923,2.));
#1082 = VECTOR('',#1083,1.);
#1083 = DIRECTION('',(0.984807753012,0.173648177667,0.));
#1084 = ORIENTED_EDGE('',*,*,#1085,.F.);
#1085 = EDGE_CURVE('',#1086,#1078,#1088,.T.);
#1086 = VERTEX_POINT('',#1087);
#1087 = CARTESIAN_POINT('',(7.265760352763,-39.3345741873,2.));
#1088 = LINE('',#1089,#1090);
#1089 = CARTESIAN_POINT('',(3.645425122051,-18.80263281244,2.));
#1090 = VECTOR('',#1091,1.);
#1091 = DIRECTION('',(-0.173648177667,0.984807753012,0.));
#1092 = ORIENTED_EDGE('',*,*,#1093,.T.);
#1093 = EDGE_CURVE('',#1086,#1094,#1096,.T.);
#1094 = VERTEX_POINT('',#1095);
#1095 = CARTESIAN_POINT('',(13.374954050348,-37.69762066962,2.));
#1096 = CIRCLE('',#1097,40.);
#1097 = AXIS2_PLACEMENT_3D('',#1098,#1099,#1100);
#1098 = CARTESIAN_POINT('',(0.,0.,2.));
#1099 = DIRECTION('',(0.,0.,1.));
#1100 = DIRECTION('',(1.,0.,0.));
#1101 = ORIENTED_EDGE('',*,*,#1102,.T.);
#1102 = EDGE_CURVE('',#1094,#1103,#1105,.T.);
#1103 = VERTEX_POINT('',#1104);
#1104 = CARTESIAN_POINT('',(12.793971387618,-36.10138392268,2.));
#1105 = LINE('',#1106,#1107);
#1106 = CARTESIAN_POINT('',(6.244285642931,-18.10627023463,2.));
#1107 = VECTOR('',#1108,1.);
#1108 = DIRECTION('',(-0.342020143326,0.939692620786,0.));
#1109 = ORIENTED_EDGE('',*,*,#1110,.T.);
#1110 = EDGE_CURVE('',#1103,#1111,#1113,.T.);
#1111 = VERTEX_POINT('',#1112);
#1112 = CARTESIAN_POINT('',(13.404771591129,-35.87907082951,2.));
#1113 = LINE('',#1114,#1115);
#1114 = CARTESIAN_POINT('',(12.946671438495,-36.04580564939,2.));
#1115 = VECTOR('',#1116,1.);
#1116 = DIRECTION('',(0.939692620786,0.342020143326,0.));
#1117 = ORIENTED_EDGE('',*,*,#1118,.F.);
#1118 = EDGE_CURVE('',#1119,#1111,#1121,.T.);
#1119 = VERTEX_POINT('',#1120);
#1120 = CARTESIAN_POINT('',(13.985754253859,-37.47530757646,2.));
#1121 = LINE('',#1122,#1123);
#1122 = CARTESIAN_POINT('',(6.855085846442,-17.88395714146,2.));
#1123 = VECTOR('',#1124,1.);
#1124 = DIRECTION('',(-0.342020143326,0.939692620786,0.));
#1125 = ORIENTED_EDGE('',*,*,#1126,.T.);
#1126 = EDGE_CURVE('',#1119,#1127,#1129,.T.);
#1127 = VERTEX_POINT('',#1128);
#1128 = CARTESIAN_POINT('',(19.521795313549,-34.91274133802,2.));
#1129 = CIRCLE('',#1130,40.);
#1130 = AXIS2_PLACEMENT_3D('',#1131,#1132,#1133);
#1131 = CARTESIAN_POINT('',(0.,0.,2.));
#1132 = DIRECTION('',(0.,0.,1.));
#1133 = DIRECTION('',(1.,0.,0.));
#1134 = ORIENTED_EDGE('',*,*,#1135,.T.);
#1135 = EDGE_CURVE('',#1127,#1136,#1138,.T.);
#1136 = VERTEX_POINT('',#1137);
#1137 = CARTESIAN_POINT('',(18.023686027919,-32.31793994002,2.));
#1138 = LINE('',#1139,#1140);
#1139 = CARTESIAN_POINT('',(8.773686027919,-16.29646997001,2.));
#1140 = VECTOR('',#1141,1.);
#1141 = DIRECTION('',(-0.5,0.866025403784,0.));
#1142 = ORIENTED_EDGE('',*,*,#1143,.T.);
#1143 = EDGE_CURVE('',#1136,#1144,#1146,.T.);
#1144 = VERTEX_POINT('',#1145);
#1145 = CARTESIAN_POINT('',(18.976313972081,-31.76793994002,2.));
#1146 = LINE('',#1147,#1148);
#1147 = CARTESIAN_POINT('',(18.261843013959,-32.18043994002,2.));
#1148 = VECTOR('',#1149,1.);
#1149 = DIRECTION('',(0.866025403784,0.5,0.));
#1150 = ORIENTED_EDGE('',*,*,#1151,.F.);
#1151 = EDGE_CURVE('',#1152,#1144,#1154,.T.);
#1152 = VERTEX_POINT('',#1153);
#1153 = CARTESIAN_POINT('',(20.474423257711,-34.36274133802,2.));
#1154 = LINE('',#1155,#1156);
#1155 = CARTESIAN_POINT('',(9.726313972081,-15.74646997001,2.));
#1156 = VECTOR('',#1157,1.);
#1157 = DIRECTION('',(-0.5,0.866025403784,0.));
#1158 = ORIENTED_EDGE('',*,*,#1159,.T.);
#1159 = EDGE_CURVE('',#1152,#1160,#1162,.T.);
#1160 = VERTEX_POINT('',#1161);
#1161 = CARTESIAN_POINT('',(25.461691248925,-30.84967226316,2.));
#1162 = CIRCLE('',#1163,40.);
#1163 = AXIS2_PLACEMENT_3D('',#1164,#1165,#1166);
#1164 = CARTESIAN_POINT('',(0.,0.,2.));
#1165 = DIRECTION('',(0.,0.,1.));
#1166 = DIRECTION('',(1.,0.,0.));
#1167 = ORIENTED_EDGE('',*,*,#1168,.T.);
#1168 = EDGE_CURVE('',#1160,#1169,#1171,.T.);
#1169 = VERTEX_POINT('',#1170);
#1170 = CARTESIAN_POINT('',(24.369801006981,-29.5484081446,2.));
#1171 = LINE('',#1172,#1173);
#1172 = CARTESIAN_POINT('',(12.060418281484,-14.87865705887,2.));
#1173 = VECTOR('',#1174,1.);
#1174 = DIRECTION('',(-0.642787609687,0.766044443119,0.));
#1175 = ORIENTED_EDGE('',*,*,#1176,.T.);
#1176 = EDGE_CURVE('',#1169,#1177,#1179,.T.);
#1177 = VERTEX_POINT('',#1178);
#1178 = CARTESIAN_POINT('',(24.867729895008,-29.1305961983,2.));
#1179 = LINE('',#1180,#1181);
#1180 = CARTESIAN_POINT('',(24.494283228988,-29.44395515803,2.));
#1181 = VECTOR('',#1182,1.);
#1182 = DIRECTION('',(0.766044443119,0.642787609687,0.));
#1183 = ORIENTED_EDGE('',*,*,#1184,.F.);
#1184 = EDGE_CURVE('',#1185,#1177,#1187,.T.);
#1185 = VERTEX_POINT('',#1186);
#1186 = CARTESIAN_POINT('',(25.959620136952,-30.43186031686,2.));
#1187 = LINE('',#1188,#1189);
#1188 = CARTESIAN_POINT('',(12.558347169511,-14.46084511258,2.));
#1189 = VECTOR('',#1190,1.);
#1190 = DIRECTION('',(-0.642787609687,0.766044443119,0.));
#1191 = ORIENTED_EDGE('',*,*,#1192,.T.);
#1192 = EDGE_CURVE('',#1185,#1193,#1195,.T.);
#1193 = VERTEX_POINT('',#1194);
#1194 = CARTESIAN_POINT('',(30.431860316864,-25.95962013695,2.));
#1195 = CIRCLE('',#1196,40.);
#1196 = AXIS2_PLACEMENT_3D('',#1197,#1198,#1199);
#1197 = CARTESIAN_POINT('',(0.,0.,2.));
#1198 = DIRECTION('',(0.,0.,1.));
#1199 = DIRECTION('',(1.,0.,0.));
#1200 = ORIENTED_EDGE('',*,*,#1201,.T.);
#1201 = EDGE_CURVE('',#1193,#1202,#1204,.T.);
#1202 = VERTEX_POINT('',#1203);
#1203 = CARTESIAN_POINT('',(29.130596198309,-24.867729895,2.));
#1204 = LINE('',#1205,#1206);
#1205 = CARTESIAN_POINT('',(14.46084511258,-12.55834716951,2.));
#1206 = VECTOR('',#1207,1.);
#1207 = DIRECTION('',(-0.766044443119,0.642787609687,0.));
#1208 = ORIENTED_EDGE('',*,*,#1209,.T.);
#1209 = EDGE_CURVE('',#1202,#1210,#1212,.T.);
#1210 = VERTEX_POINT('',#1211);
#1211 = CARTESIAN_POINT('',(29.548408144605,-24.36980100698,2.));
#1212 = LINE('',#1213,#1214);
#1213 = CARTESIAN_POINT('',(29.235049184883,-24.743247673,2.));
#1214 = VECTOR('',#1215,1.);
#1215 = DIRECTION('',(0.642787609687,0.766044443119,0.));
#1216 = ORIENTED_EDGE('',*,*,#1217,.F.);
#1217 = EDGE_CURVE('',#1218,#1210,#1220,.T.);
#1218 = VERTEX_POINT('',#1219);
#1219 = CARTESIAN_POINT('',(30.849672263161,-25.46169124892,2.));
#1220 = LINE('',#1221,#1222);
#1221 = CARTESIAN_POINT('',(14.878657058877,-12.06041828148,2.));
#1222 = VECTOR('',#1223,1.);
#1223 = DIRECTION('',(-0.766044443119,0.642787609687,0.));
#1224 = ORIENTED_EDGE('',*,*,#1225,.T.);
#1225 = EDGE_CURVE('',#1218,#1226,#1228,.T.);
#1226 = VERTEX_POINT('',#1227);
#1227 = CARTESIAN_POINT('',(34.362741338026,-20.47442325771,2.));
#1228 = CIRCLE('',#1229,40.);
#1229 = AXIS2_PLACEMENT_3D('',#1230,#1231,#1232);
#1230 = CARTESIAN_POINT('',(0.,0.,2.));
#1231 = DIRECTION('',(0.,0.,1.));
#1232 = DIRECTION('',(1.,0.,0.));
#1233 = ORIENTED_EDGE('',*,*,#1234,.T.);
#1234 = EDGE_CURVE('',#1226,#1235,#1237,.T.);
#1235 = VERTEX_POINT('',#1236);
#1236 = CARTESIAN_POINT('',(31.767939940024,-18.97631397208,2.));
#1237 = LINE('',#1238,#1239);
#1238 = CARTESIAN_POINT('',(15.746469970012,-9.726313972081,2.));
#1239 = VECTOR('',#1240,1.);
#1240 = DIRECTION('',(-0.866025403784,0.5,0.));
#1241 = ORIENTED_EDGE('',*,*,#1242,.T.);
#1242 = EDGE_CURVE('',#1235,#1243,#1245,.T.);
#1243 = VERTEX_POINT('',#1244);
#1244 = CARTESIAN_POINT('',(32.317939940024,-18.02368602791,2.));
#1245 = LINE('',#1246,#1247);
#1246 = CARTESIAN_POINT('',(31.905439940024,-18.73815698604,2.));
#1247 = VECTOR('',#1248,1.);
#1248 = DIRECTION('',(0.5,0.866025403784,0.));
#1249 = ORIENTED_EDGE('',*,*,#1250,.F.);
#1250 = EDGE_CURVE('',#1251,#1243,#1253,.T.);
#1251 = VERTEX_POINT('',#1252);
#1252 = CARTESIAN_POINT('',(34.912741338026,-19.52179531354,2.));
#1253 = LINE('',#1254,#1255);
#1254 = CARTESIAN_POINT('',(16.296469970012,-8.773686027919,2.));
#1255 = VECTOR('',#1256,1.);
#1256 = DIRECTION('',(-0.866025403784,0.5,0.));
#1257 = ORIENTED_EDGE('',*,*,#1258,.T.);
#1258 = EDGE_CURVE('',#1251,#1259,#1261,.T.);
#1259 = VERTEX_POINT('',#1260);
#1260 = CARTESIAN_POINT('',(37.475307576465,-13.98575425385,2.));
#1261 = CIRCLE('',#1262,40.);
#1262 = AXIS2_PLACEMENT_3D('',#1263,#1264,#1265);
#1263 = CARTESIAN_POINT('',(0.,0.,2.));
#1264 = DIRECTION('',(0.,0.,1.));
#1265 = DIRECTION('',(1.,0.,0.));
#1266 = ORIENTED_EDGE('',*,*,#1267,.T.);
#1267 = EDGE_CURVE('',#1259,#1268,#1270,.T.);
#1268 = VERTEX_POINT('',#1269);
#1269 = CARTESIAN_POINT('',(35.879070829519,-13.40477159112,2.));
#1270 = LINE('',#1271,#1272);
#1271 = CARTESIAN_POINT('',(17.883957141469,-6.855085846442,2.));
#1272 = VECTOR('',#1273,1.);
#1273 = DIRECTION('',(-0.939692620786,0.342020143326,0.));
#1274 = ORIENTED_EDGE('',*,*,#1275,.T.);
#1275 = EDGE_CURVE('',#1268,#1276,#1278,.T.);
#1276 = VERTEX_POINT('',#1277);
#1277 = CARTESIAN_POINT('',(36.101383922681,-12.79397138761,2.));
#1278 = LINE('',#1279,#1280);
#1279 = CARTESIAN_POINT('',(35.93464910281,-13.25207154025,2.));
#1280 = VECTOR('',#1281,1.);
#1281 = DIRECTION('',(0.342020143326,0.939692620786,0.));
#1282 = ORIENTED_EDGE('',*,*,#1283,.F.);
#1283 = EDGE_CURVE('',#1284,#1276,#1286,.T.);
#1284 = VERTEX_POINT('',#1285);
#1285 = CARTESIAN_POINT('',(37.697620669627,-13.37495405034,2.));
#1286 = LINE('',#1287,#1288);
#1287 = CARTESIAN_POINT('',(18.106270234631,-6.244285642931,2.));
#1288 = VECTOR('',#1289,1.);
#1289 = DIRECTION('',(-0.939692620786,0.342020143326,0.));
#1290 = ORIENTED_EDGE('',*,*,#1291,.T.);
#1291 = EDGE_CURVE('',#1284,#1292,#1294,.T.);
#1292 = VERTEX_POINT('',#1293);
#1293 = CARTESIAN_POINT('',(39.3345741873,-7.265760352763,2.));
#1294 = CIRCLE('',#1295,40.);
#1295 = AXIS2_PLACEMENT_3D('',#1296,#1297,#1298);
#1296 = CARTESIAN_POINT('',(0.,0.,2.));
#1297 = DIRECTION('',(0.,0.,1.));
#1298 = DIRECTION('',(1.,0.,0.));
#1299 = ORIENTED_EDGE('',*,*,#1300,.T.);
#1300 = EDGE_CURVE('',#1292,#1301,#1303,.T.);
#1301 = VERTEX_POINT('',#1302);
#1302 = CARTESIAN_POINT('',(37.661701282626,-6.970787724372,2.));
#1303 = LINE('',#1304,#1305);
#1304 = CARTESIAN_POINT('',(18.802632812442,-3.645425122051,2.));
#1305 = VECTOR('',#1306,1.);
#1306 = DIRECTION('',(-0.984807753012,0.173648177667,0.));
#1307 = ORIENTED_EDGE('',*,*,#1308,.T.);
#1308 = EDGE_CURVE('',#1301,#919,#1309,.T.);
#1309 = LINE('',#1310,#1311);
#1310 = CARTESIAN_POINT('',(37.689919111497,-6.810756464508,2.));
#1311 = VECTOR('',#1312,1.);
#1312 = DIRECTION('',(0.173648177667,0.984807753012,0.));
#1313 = ORIENTED_EDGE('',*,*,#926,.F.);
#1314 = ORIENTED_EDGE('',*,*,#40,.T.);
#1315 = ORIENTED_EDGE('',*,*,#1316,.T.);
#1316 = EDGE_CURVE('',#33,#1317,#1319,.T.);
#1317 = VERTEX_POINT('',#1318);
#1318 = CARTESIAN_POINT('',(37.,-0.55,2.));
#1319 = LINE('',#1320,#1321);
#1320 = CARTESIAN_POINT('',(18.5,-0.55,2.));
#1321 = VECTOR('',#1322,1.);
#1322 = DIRECTION('',(-1.,0.,0.));
#1323 = ORIENTED_EDGE('',*,*,#1324,.T.);
#1324 = EDGE_CURVE('',#1317,#1325,#1327,.T.);
#1325 = VERTEX_POINT('',#1326);
#1326 = CARTESIAN_POINT('',(37.,0.55,2.));
#1327 = LINE('',#1328,#1329);
#1328 = CARTESIAN_POINT('',(37.,-0.275,2.));
#1329 = VECTOR('',#1330,1.);
#1330 = DIRECTION('',(0.,1.,0.));
#1331 = ORIENTED_EDGE('',*,*,#1332,.F.);
#1332 = EDGE_CURVE('',#1333,#1325,#1335,.T.);
#1333 = VERTEX_POINT('',#1334);
#1334 = CARTESIAN_POINT('',(39.99621857126,0.55,2.));
#1335 = LINE('',#1336,#1337);
#1336 = CARTESIAN_POINT('',(18.5,0.55,2.));
#1337 = VECTOR('',#1338,1.);
#1338 = DIRECTION('',(-1.,0.,0.));
#1339 = ORIENTED_EDGE('',*,*,#1340,.T.);
#1340 = EDGE_CURVE('',#1333,#1341,#1343,.T.);
#1341 = VERTEX_POINT('',#1342);
#1342 = CARTESIAN_POINT('',(39.447445502784,6.625635313305,2.));
#1343 = CIRCLE('',#1344,40.);
#1344 = AXIS2_PLACEMENT_3D('',#1345,#1346,#1347);
#1345 = CARTESIAN_POINT('',(0.,0.,2.));
#1346 = DIRECTION('',(0.,0.,1.));
#1347 = DIRECTION('',(1.,0.,0.));
#1348 = ORIENTED_EDGE('',*,*,#1349,.T.);
#1349 = EDGE_CURVE('',#1341,#1350,#1352,.T.);
#1350 = VERTEX_POINT('',#1351);
#1351 = CARTESIAN_POINT('',(37.774572598109,6.330662684914,2.));
#1352 = LINE('',#1353,#1354);
#1353 = CARTESIAN_POINT('',(18.915504127926,3.005300082593,2.));
#1354 = VECTOR('',#1355,1.);
#1355 = DIRECTION('',(-0.984807753012,-0.173648177667,0.));
#1356 = ORIENTED_EDGE('',*,*,#1357,.T.);
#1357 = EDGE_CURVE('',#1350,#1358,#1360,.T.);
#1358 = VERTEX_POINT('',#1359);
#1359 = CARTESIAN_POINT('',(37.661701282626,6.970787724372,2.));
#1360 = LINE('',#1361,#1362);
#1361 = CARTESIAN_POINT('',(37.746354769238,6.490693944779,2.));
#1362 = VECTOR('',#1363,1.);
#1363 = DIRECTION('',(-0.173648177667,0.984807753012,0.));
#1364 = ORIENTED_EDGE('',*,*,#1365,.F.);
#1365 = EDGE_CURVE('',#1366,#1358,#1368,.T.);
#1366 = VERTEX_POINT('',#1367);
#1367 = CARTESIAN_POINT('',(39.3345741873,7.265760352763,2.));
#1368 = LINE('',#1369,#1370);
#1369 = CARTESIAN_POINT('',(18.802632812442,3.645425122051,2.));
#1370 = VECTOR('',#1371,1.);
#1371 = DIRECTION('',(-0.984807753012,-0.173648177667,0.));
#1372 = ORIENTED_EDGE('',*,*,#1373,.T.);
#1373 = EDGE_CURVE('',#1366,#1374,#1376,.T.);
#1374 = VERTEX_POINT('',#1375);
#1375 = CARTESIAN_POINT('',(37.697620669627,13.374954050348,2.));
#1376 = CIRCLE('',#1377,40.);
#1377 = AXIS2_PLACEMENT_3D('',#1378,#1379,#1380);
#1378 = CARTESIAN_POINT('',(0.,0.,2.));
#1379 = DIRECTION('',(0.,0.,1.));
#1380 = DIRECTION('',(1.,0.,0.));
#1381 = ORIENTED_EDGE('',*,*,#1382,.T.);
#1382 = EDGE_CURVE('',#1374,#1383,#1385,.T.);
#1383 = VERTEX_POINT('',#1384);
#1384 = CARTESIAN_POINT('',(36.101383922681,12.793971387618,2.));
#1385 = LINE('',#1386,#1387);
#1386 = CARTESIAN_POINT('',(18.106270234631,6.244285642931,2.));
#1387 = VECTOR('',#1388,1.);
#1388 = DIRECTION('',(-0.939692620786,-0.342020143326,0.));
#1389 = ORIENTED_EDGE('',*,*,#1390,.T.);
#1390 = EDGE_CURVE('',#1383,#1391,#1393,.T.);
#1391 = VERTEX_POINT('',#1392);
#1392 = CARTESIAN_POINT('',(35.879070829519,13.404771591129,2.));
#1393 = LINE('',#1394,#1395);
#1394 = CARTESIAN_POINT('',(36.045805649391,12.946671438495,2.));
#1395 = VECTOR('',#1396,1.);
#1396 = DIRECTION('',(-0.342020143326,0.939692620786,0.));
#1397 = ORIENTED_EDGE('',*,*,#1398,.F.);
#1398 = EDGE_CURVE('',#1399,#1391,#1401,.T.);
#1399 = VERTEX_POINT('',#1400);
#1400 = CARTESIAN_POINT('',(37.475307576465,13.985754253859,2.));
#1401 = LINE('',#1402,#1403);
#1402 = CARTESIAN_POINT('',(17.883957141469,6.855085846442,2.));
#1403 = VECTOR('',#1404,1.);
#1404 = DIRECTION('',(-0.939692620786,-0.342020143326,0.));
#1405 = ORIENTED_EDGE('',*,*,#1406,.T.);
#1406 = EDGE_CURVE('',#1399,#1407,#1409,.T.);
#1407 = VERTEX_POINT('',#1408);
#1408 = CARTESIAN_POINT('',(34.912741338026,19.521795313549,2.));
#1409 = CIRCLE('',#1410,40.);
#1410 = AXIS2_PLACEMENT_3D('',#1411,#1412,#1413);
#1411 = CARTESIAN_POINT('',(0.,0.,2.));
#1412 = DIRECTION('',(0.,0.,1.));
#1413 = DIRECTION('',(1.,0.,0.));
#1414 = ORIENTED_EDGE('',*,*,#1415,.T.);
#1415 = EDGE_CURVE('',#1407,#1416,#1418,.T.);
#1416 = VERTEX_POINT('',#1417);
#1417 = CARTESIAN_POINT('',(32.317939940024,18.023686027919,2.));
#1418 = LINE('',#1419,#1420);
#1419 = CARTESIAN_POINT('',(16.296469970012,8.773686027919,2.));
#1420 = VECTOR('',#1421,1.);
#1421 = DIRECTION('',(-0.866025403784,-0.5,0.));
#1422 = ORIENTED_EDGE('',*,*,#1423,.T.);
#1423 = EDGE_CURVE('',#1416,#1424,#1426,.T.);
#1424 = VERTEX_POINT('',#1425);
#1425 = CARTESIAN_POINT('',(31.767939940024,18.976313972081,2.));
#1426 = LINE('',#1427,#1428);
#1427 = CARTESIAN_POINT('',(32.180439940024,18.261843013959,2.));
#1428 = VECTOR('',#1429,1.);
#1429 = DIRECTION('',(-0.5,0.866025403784,0.));
#1430 = ORIENTED_EDGE('',*,*,#1431,.F.);
#1431 = EDGE_CURVE('',#1432,#1424,#1434,.T.);
#1432 = VERTEX_POINT('',#1433);
#1433 = CARTESIAN_POINT('',(34.362741338026,20.474423257711,2.));
#1434 = LINE('',#1435,#1436);
#1435 = CARTESIAN_POINT('',(15.746469970012,9.726313972081,2.));
#1436 = VECTOR('',#1437,1.);
#1437 = DIRECTION('',(-0.866025403784,-0.5,0.));
#1438 = ORIENTED_EDGE('',*,*,#1439,.T.);
#1439 = EDGE_CURVE('',#1432,#1440,#1442,.T.);
#1440 = VERTEX_POINT('',#1441);
#1441 = CARTESIAN_POINT('',(30.849672263161,25.461691248925,2.));
#1442 = CIRCLE('',#1443,40.);
#1443 = AXIS2_PLACEMENT_3D('',#1444,#1445,#1446);
#1444 = CARTESIAN_POINT('',(0.,0.,2.));
#1445 = DIRECTION('',(0.,0.,1.));
#1446 = DIRECTION('',(1.,0.,0.));
#1447 = ORIENTED_EDGE('',*,*,#1448,.T.);
#1448 = EDGE_CURVE('',#1440,#1449,#1451,.T.);
#1449 = VERTEX_POINT('',#1450);
#1450 = CARTESIAN_POINT('',(29.548408144605,24.369801006981,2.));
#1451 = LINE('',#1452,#1453);
#1452 = CARTESIAN_POINT('',(14.878657058877,12.060418281484,2.));
#1453 = VECTOR('',#1454,1.);
#1454 = DIRECTION('',(-0.766044443119,-0.642787609687,0.));
#1455 = ORIENTED_EDGE('',*,*,#1456,.T.);
#1456 = EDGE_CURVE('',#1449,#1457,#1459,.T.);
#1457 = VERTEX_POINT('',#1458);
#1458 = CARTESIAN_POINT('',(29.130596198309,24.867729895008,2.));
#1459 = LINE('',#1460,#1461);
#1460 = CARTESIAN_POINT('',(29.443955158031,24.494283228988,2.));
#1461 = VECTOR('',#1462,1.);
#1462 = DIRECTION('',(-0.642787609687,0.766044443119,0.));
#1463 = ORIENTED_EDGE('',*,*,#1464,.F.);
#1464 = EDGE_CURVE('',#1465,#1457,#1467,.T.);
#1465 = VERTEX_POINT('',#1466);
#1466 = CARTESIAN_POINT('',(30.431860316864,25.959620136952,2.));
#1467 = LINE('',#1468,#1469);
#1468 = CARTESIAN_POINT('',(14.46084511258,12.558347169511,2.));
#1469 = VECTOR('',#1470,1.);
#1470 = DIRECTION('',(-0.766044443119,-0.642787609687,0.));
#1471 = ORIENTED_EDGE('',*,*,#1472,.T.);
#1472 = EDGE_CURVE('',#1465,#1473,#1475,.T.);
#1473 = VERTEX_POINT('',#1474);
#1474 = CARTESIAN_POINT('',(25.959620136952,30.431860316864,2.));
#1475 = CIRCLE('',#1476,40.);
#1476 = AXIS2_PLACEMENT_3D('',#1477,#1478,#1479);
#1477 = CARTESIAN_POINT('',(0.,0.,2.));
#1478 = DIRECTION('',(0.,0.,1.));
#1479 = DIRECTION('',(1.,0.,0.));
#1480 = ORIENTED_EDGE('',*,*,#1481,.T.);
#1481 = EDGE_CURVE('',#1473,#1482,#1484,.T.);
#1482 = VERTEX_POINT('',#1483);
#1483 = CARTESIAN_POINT('',(24.867729895008,29.130596198309,2.));
#1484 = LINE('',#1485,#1486);
#1485 = CARTESIAN_POINT('',(12.558347169511,14.46084511258,2.));
#1486 = VECTOR('',#1487,1.);
#1487 = DIRECTION('',(-0.642787609687,-0.766044443119,0.));
#1488 = ORIENTED_EDGE('',*,*,#1489,.T.);
#1489 = EDGE_CURVE('',#1482,#1490,#1492,.T.);
#1490 = VERTEX_POINT('',#1491);
#1491 = CARTESIAN_POINT('',(24.369801006981,29.548408144605,2.));
#1492 = LINE('',#1493,#1494);
#1493 = CARTESIAN_POINT('',(24.743247673001,29.235049184883,2.));
#1494 = VECTOR('',#1495,1.);
#1495 = DIRECTION('',(-0.766044443119,0.642787609687,0.));
#1496 = ORIENTED_EDGE('',*,*,#1497,.F.);
#1497 = EDGE_CURVE('',#1498,#1490,#1500,.T.);
#1498 = VERTEX_POINT('',#1499);
#1499 = CARTESIAN_POINT('',(25.461691248925,30.849672263161,2.));
#1500 = LINE('',#1501,#1502);
#1501 = CARTESIAN_POINT('',(12.060418281484,14.878657058877,2.));
#1502 = VECTOR('',#1503,1.);
#1503 = DIRECTION('',(-0.642787609687,-0.766044443119,0.));
#1504 = ORIENTED_EDGE('',*,*,#1505,.T.);
#1505 = EDGE_CURVE('',#1498,#1506,#1508,.T.);
#1506 = VERTEX_POINT('',#1507);
#1507 = CARTESIAN_POINT('',(20.474423257711,34.362741338026,2.));
#1508 = CIRCLE('',#1509,40.);
#1509 = AXIS2_PLACEMENT_3D('',#1510,#1511,#1512);
#1510 = CARTESIAN_POINT('',(0.,0.,2.));
#1511 = DIRECTION('',(0.,0.,1.));
#1512 = DIRECTION('',(1.,0.,0.));
#1513 = ORIENTED_EDGE('',*,*,#1514,.T.);
#1514 = EDGE_CURVE('',#1506,#1515,#1517,.T.);
#1515 = VERTEX_POINT('',#1516);
#1516 = CARTESIAN_POINT('',(18.976313972081,31.767939940024,2.));
#1517 = LINE('',#1518,#1519);
#1518 = CARTESIAN_POINT('',(9.726313972081,15.746469970012,2.));
#1519 = VECTOR('',#1520,1.);
#1520 = DIRECTION('',(-0.5,-0.866025403784,0.));
#1521 = ORIENTED_EDGE('',*,*,#1522,.T.);
#1522 = EDGE_CURVE('',#1515,#1523,#1525,.T.);
#1523 = VERTEX_POINT('',#1524);
#1524 = CARTESIAN_POINT('',(18.023686027919,32.317939940024,2.));
#1525 = LINE('',#1526,#1527);
#1526 = CARTESIAN_POINT('',(18.738156986041,31.905439940024,2.));
#1527 = VECTOR('',#1528,1.);
#1528 = DIRECTION('',(-0.866025403784,0.5,0.));
#1529 = ORIENTED_EDGE('',*,*,#1530,.F.);
#1530 = EDGE_CURVE('',#1531,#1523,#1533,.T.);
#1531 = VERTEX_POINT('',#1532);
#1532 = CARTESIAN_POINT('',(19.521795313549,34.912741338026,2.));
#1533 = LINE('',#1534,#1535);
#1534 = CARTESIAN_POINT('',(8.773686027919,16.296469970012,2.));
#1535 = VECTOR('',#1536,1.);
#1536 = DIRECTION('',(-0.5,-0.866025403784,0.));
#1537 = ORIENTED_EDGE('',*,*,#1538,.T.);
#1538 = EDGE_CURVE('',#1531,#1539,#1541,.T.);
#1539 = VERTEX_POINT('',#1540);
#1540 = CARTESIAN_POINT('',(13.985754253859,37.475307576465,2.));
#1541 = CIRCLE('',#1542,40.);
#1542 = AXIS2_PLACEMENT_3D('',#1543,#1544,#1545);
#1543 = CARTESIAN_POINT('',(0.,0.,2.));
#1544 = DIRECTION('',(0.,0.,1.));
#1545 = DIRECTION('',(1.,0.,0.));
#1546 = ORIENTED_EDGE('',*,*,#1547,.T.);
#1547 = EDGE_CURVE('',#1539,#1548,#1550,.T.);
#1548 = VERTEX_POINT('',#1549);
#1549 = CARTESIAN_POINT('',(13.404771591129,35.879070829519,2.));
#1550 = LINE('',#1551,#1552);
#1551 = CARTESIAN_POINT('',(6.855085846442,17.883957141469,2.));
#1552 = VECTOR('',#1553,1.);
#1553 = DIRECTION('',(-0.342020143326,-0.939692620786,0.));
#1554 = ORIENTED_EDGE('',*,*,#1555,.T.);
#1555 = EDGE_CURVE('',#1548,#1556,#1558,.T.);
#1556 = VERTEX_POINT('',#1557);
#1557 = CARTESIAN_POINT('',(12.793971387618,36.101383922681,2.));
#1558 = LINE('',#1559,#1560);
#1559 = CARTESIAN_POINT('',(13.252071540251,35.93464910281,2.));
#1560 = VECTOR('',#1561,1.);
#1561 = DIRECTION('',(-0.939692620786,0.342020143326,0.));
#1562 = ORIENTED_EDGE('',*,*,#1563,.F.);
#1563 = EDGE_CURVE('',#1564,#1556,#1566,.T.);
#1564 = VERTEX_POINT('',#1565);
#1565 = CARTESIAN_POINT('',(13.374954050348,37.697620669627,2.));
#1566 = LINE('',#1567,#1568);
#1567 = CARTESIAN_POINT('',(6.244285642931,18.106270234631,2.));
#1568 = VECTOR('',#1569,1.);
#1569 = DIRECTION('',(-0.342020143326,-0.939692620786,0.));
#1570 = ORIENTED_EDGE('',*,*,#1571,.T.);
#1571 = EDGE_CURVE('',#1564,#1572,#1574,.T.);
#1572 = VERTEX_POINT('',#1573);
#1573 = CARTESIAN_POINT('',(7.265760352763,39.3345741873,2.));
#1574 = CIRCLE('',#1575,40.);
#1575 = AXIS2_PLACEMENT_3D('',#1576,#1577,#1578);
#1576 = CARTESIAN_POINT('',(0.,0.,2.));
#1577 = DIRECTION('',(0.,0.,1.));
#1578 = DIRECTION('',(1.,0.,0.));
#1579 = ORIENTED_EDGE('',*,*,#1580,.T.);
#1580 = EDGE_CURVE('',#1572,#1581,#1583,.T.);
#1581 = VERTEX_POINT('',#1582);
#1582 = CARTESIAN_POINT('',(6.970787724372,37.661701282626,2.));
#1583 = LINE('',#1584,#1585);
#1584 = CARTESIAN_POINT('',(3.645425122051,18.802632812442,2.));
#1585 = VECTOR('',#1586,1.);
#1586 = DIRECTION('',(-0.173648177667,-0.984807753012,0.));
#1587 = ORIENTED_EDGE('',*,*,#1588,.T.);
#1588 = EDGE_CURVE('',#1581,#1589,#1591,.T.);
#1589 = VERTEX_POINT('',#1590);
#1590 = CARTESIAN_POINT('',(6.330662684914,37.774572598109,2.));
#1591 = LINE('',#1592,#1593);
#1592 = CARTESIAN_POINT('',(6.810756464508,37.689919111497,2.));
#1593 = VECTOR('',#1594,1.);
#1594 = DIRECTION('',(-0.984807753012,0.173648177667,0.));
#1595 = ORIENTED_EDGE('',*,*,#1596,.F.);
#1596 = EDGE_CURVE('',#1597,#1589,#1599,.T.);
#1597 = VERTEX_POINT('',#1598);
#1598 = CARTESIAN_POINT('',(6.625635313305,39.447445502784,2.));
#1599 = LINE('',#1600,#1601);
#1600 = CARTESIAN_POINT('',(3.005300082593,18.915504127926,2.));
#1601 = VECTOR('',#1602,1.);
#1602 = DIRECTION('',(-0.173648177667,-0.984807753012,0.));
#1603 = ORIENTED_EDGE('',*,*,#1604,.T.);
#1604 = EDGE_CURVE('',#1597,#1605,#1607,.T.);
#1605 = VERTEX_POINT('',#1606);
#1606 = CARTESIAN_POINT('',(0.55,39.99621857126,2.));
#1607 = CIRCLE('',#1608,40.);
#1608 = AXIS2_PLACEMENT_3D('',#1609,#1610,#1611);
#1609 = CARTESIAN_POINT('',(0.,0.,2.));
#1610 = DIRECTION('',(0.,0.,1.));
#1611 = DIRECTION('',(1.,0.,0.));
#1612 = ORIENTED_EDGE('',*,*,#1613,.T.);
#1613 = EDGE_CURVE('',#1605,#1614,#1616,.T.);
#1614 = VERTEX_POINT('',#1615);
#1615 = CARTESIAN_POINT('',(0.55,37.029092868337,2.));
#1616 = LINE('',#1617,#1618);
#1617 = CARTESIAN_POINT('',(0.55,18.5,2.));
#1618 = VECTOR('',#1619,1.);
#1619 = DIRECTION('',(-1.110223024625E-16,-1.,0.));
#1620 = ORIENTED_EDGE('',*,*,#1621,.F.);
#1621 = EDGE_CURVE('',#1622,#1614,#1624,.T.);
#1622 = VERTEX_POINT('',#1623);
#1623 = CARTESIAN_POINT('',(1.625,35.5,2.));
#1624 = CIRCLE('',#1625,1.625);
#1625 = AXIS2_PLACEMENT_3D('',#1626,#1627,#1628);
#1626 = CARTESIAN_POINT('',(2.173748068487E-15,35.5,2.));
#1627 = DIRECTION('',(0.,0.,1.));
#1628 = DIRECTION('',(1.,0.,0.));
#1629 = ORIENTED_EDGE('',*,*,#1630,.F.);
#1630 = EDGE_CURVE('',#1631,#1622,#1633,.T.);
#1631 = VERTEX_POINT('',#1632);
#1632 = CARTESIAN_POINT('',(-0.55,37.029092868337,2.));
#1633 = CIRCLE('',#1634,1.625);
#1634 = AXIS2_PLACEMENT_3D('',#1635,#1636,#1637);
#1635 = CARTESIAN_POINT('',(2.173748068487E-15,35.5,2.));
#1636 = DIRECTION('',(0.,0.,1.));
#1637 = DIRECTION('',(1.,0.,0.));
#1638 = ORIENTED_EDGE('',*,*,#1639,.F.);
#1639 = EDGE_CURVE('',#1640,#1631,#1642,.T.);
#1640 = VERTEX_POINT('',#1641);
#1641 = CARTESIAN_POINT('',(-0.55,39.99621857126,2.));
#1642 = LINE('',#1643,#1644);
#1643 = CARTESIAN_POINT('',(-0.55,18.5,2.));
#1644 = VECTOR('',#1645,1.);
#1645 = DIRECTION('',(-1.110223024625E-16,-1.,0.));
#1646 = ORIENTED_EDGE('',*,*,#1647,.T.);
#1647 = EDGE_CURVE('',#1640,#1648,#1650,.T.);
#1648 = VERTEX_POINT('',#1649);
#1649 = CARTESIAN_POINT('',(-6.625635313305,39.447445502784,2.));
#1650 = CIRCLE('',#1651,40.);
#1651 = AXIS2_PLACEMENT_3D('',#1652,#1653,#1654);
#1652 = CARTESIAN_POINT('',(0.,0.,2.));
#1653 = DIRECTION('',(0.,0.,1.));
#1654 = DIRECTION('',(1.,0.,0.));
#1655 = ORIENTED_EDGE('',*,*,#1656,.T.);
#1656 = EDGE_CURVE('',#1648,#1657,#1659,.T.);
#1657 = VERTEX_POINT('',#1658);
#1658 = CARTESIAN_POINT('',(-6.330662684914,37.774572598109,2.));
#1659 = LINE('',#1660,#1661);
#1660 = CARTESIAN_POINT('',(-3.005300082593,18.915504127926,2.));
#1661 = VECTOR('',#1662,1.);
#1662 = DIRECTION('',(0.173648177667,-0.984807753012,0.));
#1663 = ORIENTED_EDGE('',*,*,#1664,.T.);
#1664 = EDGE_CURVE('',#1657,#1665,#1667,.T.);
#1665 = VERTEX_POINT('',#1666);
#1666 = CARTESIAN_POINT('',(-6.970787724372,37.661701282626,2.));
#1667 = LINE('',#1668,#1669);
#1668 = CARTESIAN_POINT('',(-6.490693944779,37.746354769238,2.));
#1669 = VECTOR('',#1670,1.);
#1670 = DIRECTION('',(-0.984807753012,-0.173648177667,0.));
#1671 = ORIENTED_EDGE('',*,*,#1672,.F.);
#1672 = EDGE_CURVE('',#1673,#1665,#1675,.T.);
#1673 = VERTEX_POINT('',#1674);
#1674 = CARTESIAN_POINT('',(-7.265760352763,39.3345741873,2.));
#1675 = LINE('',#1676,#1677);
#1676 = CARTESIAN_POINT('',(-3.645425122051,18.802632812442,2.));
#1677 = VECTOR('',#1678,1.);
#1678 = DIRECTION('',(0.173648177667,-0.984807753012,0.));
#1679 = ORIENTED_EDGE('',*,*,#1680,.T.);
#1680 = EDGE_CURVE('',#1673,#1681,#1683,.T.);
#1681 = VERTEX_POINT('',#1682);
#1682 = CARTESIAN_POINT('',(-13.37495405034,37.697620669627,2.));
#1683 = CIRCLE('',#1684,40.);
#1684 = AXIS2_PLACEMENT_3D('',#1685,#1686,#1687);
#1685 = CARTESIAN_POINT('',(0.,0.,2.));
#1686 = DIRECTION('',(0.,0.,1.));
#1687 = DIRECTION('',(1.,0.,0.));
#1688 = ORIENTED_EDGE('',*,*,#1689,.T.);
#1689 = EDGE_CURVE('',#1681,#1690,#1692,.T.);
#1690 = VERTEX_POINT('',#1691);
#1691 = CARTESIAN_POINT('',(-12.79397138761,36.101383922681,2.));
#1692 = LINE('',#1693,#1694);
#1693 = CARTESIAN_POINT('',(-6.244285642931,18.106270234631,2.));
#1694 = VECTOR('',#1695,1.);
#1695 = DIRECTION('',(0.342020143326,-0.939692620786,0.));
#1696 = ORIENTED_EDGE('',*,*,#1697,.T.);
#1697 = EDGE_CURVE('',#1690,#1698,#1700,.T.);
#1698 = VERTEX_POINT('',#1699);
#1699 = CARTESIAN_POINT('',(-13.40477159112,35.879070829519,2.));
#1700 = LINE('',#1701,#1702);
#1701 = CARTESIAN_POINT('',(-12.94667143849,36.045805649391,2.));
#1702 = VECTOR('',#1703,1.);
#1703 = DIRECTION('',(-0.939692620786,-0.342020143326,0.));
#1704 = ORIENTED_EDGE('',*,*,#1705,.F.);
#1705 = EDGE_CURVE('',#1706,#1698,#1708,.T.);
#1706 = VERTEX_POINT('',#1707);
#1707 = CARTESIAN_POINT('',(-13.98575425385,37.475307576465,2.));
#1708 = LINE('',#1709,#1710);
#1709 = CARTESIAN_POINT('',(-6.855085846442,17.883957141469,2.));
#1710 = VECTOR('',#1711,1.);
#1711 = DIRECTION('',(0.342020143326,-0.939692620786,0.));
#1712 = ORIENTED_EDGE('',*,*,#1713,.T.);
#1713 = EDGE_CURVE('',#1706,#1714,#1716,.T.);
#1714 = VERTEX_POINT('',#1715);
#1715 = CARTESIAN_POINT('',(-19.52179531354,34.912741338026,2.));
#1716 = CIRCLE('',#1717,40.);
#1717 = AXIS2_PLACEMENT_3D('',#1718,#1719,#1720);
#1718 = CARTESIAN_POINT('',(0.,0.,2.));
#1719 = DIRECTION('',(0.,0.,1.));
#1720 = DIRECTION('',(1.,0.,0.));
#1721 = ORIENTED_EDGE('',*,*,#1722,.T.);
#1722 = EDGE_CURVE('',#1714,#1723,#1725,.T.);
#1723 = VERTEX_POINT('',#1724);
#1724 = CARTESIAN_POINT('',(-18.02368602791,32.317939940024,2.));
#1725 = LINE('',#1726,#1727);
#1726 = CARTESIAN_POINT('',(-8.773686027919,16.296469970012,2.));
#1727 = VECTOR('',#1728,1.);
#1728 = DIRECTION('',(0.5,-0.866025403784,0.));
#1729 = ORIENTED_EDGE('',*,*,#1730,.T.);
#1730 = EDGE_CURVE('',#1723,#1731,#1733,.T.);
#1731 = VERTEX_POINT('',#1732);
#1732 = CARTESIAN_POINT('',(-18.97631397208,31.767939940024,2.));
#1733 = LINE('',#1734,#1735);
#1734 = CARTESIAN_POINT('',(-18.26184301395,32.180439940024,2.));
#1735 = VECTOR('',#1736,1.);
#1736 = DIRECTION('',(-0.866025403784,-0.5,0.));
#1737 = ORIENTED_EDGE('',*,*,#1738,.F.);
#1738 = EDGE_CURVE('',#1739,#1731,#1741,.T.);
#1739 = VERTEX_POINT('',#1740);
#1740 = CARTESIAN_POINT('',(-20.47442325771,34.362741338026,2.));
#1741 = LINE('',#1742,#1743);
#1742 = CARTESIAN_POINT('',(-9.726313972081,15.746469970012,2.));
#1743 = VECTOR('',#1744,1.);
#1744 = DIRECTION('',(0.5,-0.866025403784,0.));
#1745 = ORIENTED_EDGE('',*,*,#1746,.T.);
#1746 = EDGE_CURVE('',#1739,#1747,#1749,.T.);
#1747 = VERTEX_POINT('',#1748);
#1748 = CARTESIAN_POINT('',(-20.47442325771,-34.36274133802,2.));
#1749 = CIRCLE('',#1750,40.);
#1750 = AXIS2_PLACEMENT_3D('',#1751,#1752,#1753);
#1751 = CARTESIAN_POINT('',(0.,0.,2.));
#1752 = DIRECTION('',(0.,0.,1.));
#1753 = DIRECTION('',(1.,0.,0.));
#1754 = ORIENTED_EDGE('',*,*,#1755,.T.);
#1755 = EDGE_CURVE('',#1747,#1756,#1758,.T.);
#1756 = VERTEX_POINT('',#1757);
#1757 = CARTESIAN_POINT('',(-18.97631397208,-31.76793994002,2.));
#1758 = LINE('',#1759,#1760);
#1759 = CARTESIAN_POINT('',(-9.726313972081,-15.74646997001,2.));
#1760 = VECTOR('',#1761,1.);
#1761 = DIRECTION('',(0.5,0.866025403784,0.));
#1762 = ORIENTED_EDGE('',*,*,#1763,.T.);
#1763 = EDGE_CURVE('',#1756,#944,#1764,.T.);
#1764 = LINE('',#1765,#1766);
#1765 = CARTESIAN_POINT('',(-18.73815698604,-31.90543994002,2.));
#1766 = VECTOR('',#1767,1.);
#1767 = DIRECTION('',(0.866025403784,-0.5,0.));
#1768 = FACE_BOUND('',#1769,.T.);
#1769 = EDGE_LOOP('',(#1770));
#1770 = ORIENTED_EDGE('',*,*,#1771,.F.);
#1771 = EDGE_CURVE('',#1772,#1772,#1774,.T.);
#1772 = VERTEX_POINT('',#1773);
#1773 = CARTESIAN_POINT('',(31.,-7.592810154714E-15,2.));
#1774 = CIRCLE('',#1775,31.);
#1775 = AXIS2_PLACEMENT_3D('',#1776,#1777,#1778);
#1776 = CARTESIAN_POINT('',(0.,0.,2.));
#1777 = DIRECTION('',(0.,0.,1.));
#1778 = DIRECTION('',(1.,0.,0.));
#1779 = PLANE('',#1780);
#1780 = AXIS2_PLACEMENT_3D('',#1781,#1782,#1783);
#1781 = CARTESIAN_POINT('',(0.,0.,2.));
#1782 = DIRECTION('',(0.,0.,1.));
#1783 = DIRECTION('',(1.,0.,0.));
#1784 = ADVANCED_FACE('',(#1785),#1796,.T.);
#1785 = FACE_BOUND('',#1786,.T.);
#1786 = EDGE_LOOP('',(#1787,#1788,#1794,#1795));
#1787 = ORIENTED_EDGE('',*,*,#445,.T.);
#1788 = ORIENTED_EDGE('',*,*,#1789,.T.);
#1789 = EDGE_CURVE('',#446,#1317,#1790,.T.);
#1790 = LINE('',#1791,#1792);
#1791 = CARTESIAN_POINT('',(37.,-0.55,-0.1));
#1792 = VECTOR('',#1793,1.);
#1793 = DIRECTION('',(0.,0.,1.));
#1794 = ORIENTED_EDGE('',*,*,#1316,.F.);
#1795 = ORIENTED_EDGE('',*,*,#32,.F.);
#1796 = PLANE('',#1797);
#1797 = AXIS2_PLACEMENT_3D('',#1798,#1799,#1800);
#1798 = CARTESIAN_POINT('',(37.,-0.55,-0.1));
#1799 = DIRECTION('',(0.,1.,0.));
#1800 = DIRECTION('',(0.,0.,1.));
#1801 = ADVANCED_FACE('',(#1802),#1818,.F.);
#1802 = FACE_BOUND('',#1803,.F.);
#1803 = EDGE_LOOP('',(#1804,#1805,#1811,#1812));
#1804 = ORIENTED_EDGE('',*,*,#63,.T.);
#1805 = ORIENTED_EDGE('',*,*,#1806,.T.);
#1806 = EDGE_CURVE('',#66,#944,#1807,.T.);
#1807 = LINE('',#1808,#1809);
#1808 = CARTESIAN_POINT('',(-18.02368602791,-32.31793994002,-0.1));
#1809 = VECTOR('',#1810,1.);
#1810 = DIRECTION('',(0.,0.,1.));
#1811 = ORIENTED_EDGE('',*,*,#941,.F.);
#1812 = ORIENTED_EDGE('',*,*,#1813,.F.);
#1813 = EDGE_CURVE('',#64,#942,#1814,.T.);
#1814 = LINE('',#1815,#1816);
#1815 = CARTESIAN_POINT('',(-19.52179531354,-34.91274133802,0.));
#1816 = VECTOR('',#1817,1.);
#1817 = DIRECTION('',(0.,0.,1.));
#1818 = PLANE('',#1819);
#1819 = AXIS2_PLACEMENT_3D('',#1820,#1821,#1822);
#1820 = CARTESIAN_POINT('',(-18.02368602791,-32.31793994002,-0.1));
#1821 = DIRECTION('',(0.866025403784,-0.5,0.));
#1822 = DIRECTION('',(0.,0.,1.));
#1823 = ADVANCED_FACE('',(#1824),#1835,.T.);
#1824 = FACE_BOUND('',#1825,.T.);
#1825 = EDGE_LOOP('',(#1826,#1832,#1833,#1834));
#1826 = ORIENTED_EDGE('',*,*,#1827,.F.);
#1827 = EDGE_CURVE('',#885,#1756,#1828,.T.);
#1828 = LINE('',#1829,#1830);
#1829 = CARTESIAN_POINT('',(-18.97631397208,-31.76793994002,-0.1));
#1830 = VECTOR('',#1831,1.);
#1831 = DIRECTION('',(0.,0.,1.));
#1832 = ORIENTED_EDGE('',*,*,#892,.T.);
#1833 = ORIENTED_EDGE('',*,*,#1806,.T.);
#1834 = ORIENTED_EDGE('',*,*,#1763,.F.);
#1835 = PLANE('',#1836);
#1836 = AXIS2_PLACEMENT_3D('',#1837,#1838,#1839);
#1837 = CARTESIAN_POINT('',(-18.97631397208,-31.76793994002,-0.1));
#1838 = DIRECTION('',(-0.5,-0.866025403784,0.));
#1839 = DIRECTION('',(0.,0.,1.));
#1840 = ADVANCED_FACE('',(#1841),#1852,.T.);
#1841 = FACE_BOUND('',#1842,.T.);
#1842 = EDGE_LOOP('',(#1843,#1844,#1845,#1846));
#1843 = ORIENTED_EDGE('',*,*,#884,.T.);
#1844 = ORIENTED_EDGE('',*,*,#1827,.T.);
#1845 = ORIENTED_EDGE('',*,*,#1755,.F.);
#1846 = ORIENTED_EDGE('',*,*,#1847,.F.);
#1847 = EDGE_CURVE('',#876,#1747,#1848,.T.);
#1848 = LINE('',#1849,#1850);
#1849 = CARTESIAN_POINT('',(-20.47442325771,-34.36274133802,0.));
#1850 = VECTOR('',#1851,1.);
#1851 = DIRECTION('',(0.,0.,1.));
#1852 = PLANE('',#1853);
#1853 = AXIS2_PLACEMENT_3D('',#1854,#1855,#1856);
#1854 = CARTESIAN_POINT('',(-18.97631397208,-31.76793994002,-0.1));
#1855 = DIRECTION('',(0.866025403784,-0.5,0.));
#1856 = DIRECTION('',(0.,0.,1.));
#1857 = ADVANCED_FACE('',(#1858),#1869,.T.);
#1858 = FACE_BOUND('',#1859,.T.);
#1859 = EDGE_LOOP('',(#1860,#1861,#1867,#1868));
#1860 = ORIENTED_EDGE('',*,*,#1746,.F.);
#1861 = ORIENTED_EDGE('',*,*,#1862,.F.);
#1862 = EDGE_CURVE('',#868,#1739,#1863,.T.);
#1863 = LINE('',#1864,#1865);
#1864 = CARTESIAN_POINT('',(-20.47442325771,34.362741338026,0.));
#1865 = VECTOR('',#1866,1.);
#1866 = DIRECTION('',(0.,0.,1.));
#1867 = ORIENTED_EDGE('',*,*,#875,.T.);
#1868 = ORIENTED_EDGE('',*,*,#1847,.T.);
#1869 = CYLINDRICAL_SURFACE('',#1870,40.);
#1870 = AXIS2_PLACEMENT_3D('',#1871,#1872,#1873);
#1871 = CARTESIAN_POINT('',(0.,0.,0.));
#1872 = DIRECTION('',(0.,0.,1.));
#1873 = DIRECTION('',(1.,0.,0.));
#1874 = ADVANCED_FACE('',(#1875),#1886,.F.);
#1875 = FACE_BOUND('',#1876,.F.);
#1876 = EDGE_LOOP('',(#1877,#1878,#1884,#1885));
#1877 = ORIENTED_EDGE('',*,*,#867,.T.);
#1878 = ORIENTED_EDGE('',*,*,#1879,.T.);
#1879 = EDGE_CURVE('',#860,#1731,#1880,.T.);
#1880 = LINE('',#1881,#1882);
#1881 = CARTESIAN_POINT('',(-18.97631397208,31.767939940024,-0.1));
#1882 = VECTOR('',#1883,1.);
#1883 = DIRECTION('',(0.,0.,1.));
#1884 = ORIENTED_EDGE('',*,*,#1738,.F.);
#1885 = ORIENTED_EDGE('',*,*,#1862,.F.);
#1886 = PLANE('',#1887);
#1887 = AXIS2_PLACEMENT_3D('',#1888,#1889,#1890);
#1888 = CARTESIAN_POINT('',(-18.97631397208,31.767939940024,-0.1));
#1889 = DIRECTION('',(-0.866025403784,-0.5,0.));
#1890 = DIRECTION('',(0.,0.,1.));
#1891 = ADVANCED_FACE('',(#1892),#1903,.T.);
#1892 = FACE_BOUND('',#1893,.T.);
#1893 = EDGE_LOOP('',(#1894,#1900,#1901,#1902));
#1894 = ORIENTED_EDGE('',*,*,#1895,.F.);
#1895 = EDGE_CURVE('',#852,#1723,#1896,.T.);
#1896 = LINE('',#1897,#1898);
#1897 = CARTESIAN_POINT('',(-18.02368602791,32.317939940024,-0.1));
#1898 = VECTOR('',#1899,1.);
#1899 = DIRECTION('',(0.,0.,1.));
#1900 = ORIENTED_EDGE('',*,*,#859,.T.);
#1901 = ORIENTED_EDGE('',*,*,#1879,.T.);
#1902 = ORIENTED_EDGE('',*,*,#1730,.F.);
#1903 = PLANE('',#1904);
#1904 = AXIS2_PLACEMENT_3D('',#1905,#1906,#1907);
#1905 = CARTESIAN_POINT('',(-18.02368602791,32.317939940024,-0.1));
#1906 = DIRECTION('',(-0.5,0.866025403784,0.));
#1907 = DIRECTION('',(0.,0.,1.));
#1908 = ADVANCED_FACE('',(#1909),#1920,.T.);
#1909 = FACE_BOUND('',#1910,.T.);
#1910 = EDGE_LOOP('',(#1911,#1912,#1913,#1914));
#1911 = ORIENTED_EDGE('',*,*,#851,.T.);
#1912 = ORIENTED_EDGE('',*,*,#1895,.T.);
#1913 = ORIENTED_EDGE('',*,*,#1722,.F.);
#1914 = ORIENTED_EDGE('',*,*,#1915,.F.);
#1915 = EDGE_CURVE('',#843,#1714,#1916,.T.);
#1916 = LINE('',#1917,#1918);
#1917 = CARTESIAN_POINT('',(-19.52179531354,34.912741338026,0.));
#1918 = VECTOR('',#1919,1.);
#1919 = DIRECTION('',(0.,0.,1.));
#1920 = PLANE('',#1921);
#1921 = AXIS2_PLACEMENT_3D('',#1922,#1923,#1924);
#1922 = CARTESIAN_POINT('',(-18.02368602791,32.317939940024,-0.1));
#1923 = DIRECTION('',(-0.866025403784,-0.5,0.));
#1924 = DIRECTION('',(0.,0.,1.));
#1925 = ADVANCED_FACE('',(#1926),#1937,.T.);
#1926 = FACE_BOUND('',#1927,.T.);
#1927 = EDGE_LOOP('',(#1928,#1929,#1935,#1936));
#1928 = ORIENTED_EDGE('',*,*,#1713,.F.);
#1929 = ORIENTED_EDGE('',*,*,#1930,.F.);
#1930 = EDGE_CURVE('',#835,#1706,#1931,.T.);
#1931 = LINE('',#1932,#1933);
#1932 = CARTESIAN_POINT('',(-13.98575425385,37.475307576465,0.));
#1933 = VECTOR('',#1934,1.);
#1934 = DIRECTION('',(0.,0.,1.));
#1935 = ORIENTED_EDGE('',*,*,#842,.T.);
#1936 = ORIENTED_EDGE('',*,*,#1915,.T.);
#1937 = CYLINDRICAL_SURFACE('',#1938,40.);
#1938 = AXIS2_PLACEMENT_3D('',#1939,#1940,#1941);
#1939 = CARTESIAN_POINT('',(0.,0.,0.));
#1940 = DIRECTION('',(0.,0.,1.));
#1941 = DIRECTION('',(1.,0.,0.));
#1942 = ADVANCED_FACE('',(#1943),#1954,.F.);
#1943 = FACE_BOUND('',#1944,.F.);
#1944 = EDGE_LOOP('',(#1945,#1946,#1952,#1953));
#1945 = ORIENTED_EDGE('',*,*,#834,.T.);
#1946 = ORIENTED_EDGE('',*,*,#1947,.T.);
#1947 = EDGE_CURVE('',#827,#1698,#1948,.T.);
#1948 = LINE('',#1949,#1950);
#1949 = CARTESIAN_POINT('',(-13.40477159112,35.879070829519,-0.1));
#1950 = VECTOR('',#1951,1.);
#1951 = DIRECTION('',(0.,0.,1.));
#1952 = ORIENTED_EDGE('',*,*,#1705,.F.);
#1953 = ORIENTED_EDGE('',*,*,#1930,.F.);
#1954 = PLANE('',#1955);
#1955 = AXIS2_PLACEMENT_3D('',#1956,#1957,#1958);
#1956 = CARTESIAN_POINT('',(-13.40477159112,35.879070829519,-0.1));
#1957 = DIRECTION('',(-0.939692620786,-0.342020143326,0.));
#1958 = DIRECTION('',(0.,0.,1.));
#1959 = ADVANCED_FACE('',(#1960),#1971,.T.);
#1960 = FACE_BOUND('',#1961,.T.);
#1961 = EDGE_LOOP('',(#1962,#1968,#1969,#1970));
#1962 = ORIENTED_EDGE('',*,*,#1963,.F.);
#1963 = EDGE_CURVE('',#819,#1690,#1964,.T.);
#1964 = LINE('',#1965,#1966);
#1965 = CARTESIAN_POINT('',(-12.79397138761,36.101383922681,-0.1));
#1966 = VECTOR('',#1967,1.);
#1967 = DIRECTION('',(0.,0.,1.));
#1968 = ORIENTED_EDGE('',*,*,#826,.T.);
#1969 = ORIENTED_EDGE('',*,*,#1947,.T.);
#1970 = ORIENTED_EDGE('',*,*,#1697,.F.);
#1971 = PLANE('',#1972);
#1972 = AXIS2_PLACEMENT_3D('',#1973,#1974,#1975);
#1973 = CARTESIAN_POINT('',(-12.79397138761,36.101383922681,-0.1));
#1974 = DIRECTION('',(-0.342020143326,0.939692620786,0.));
#1975 = DIRECTION('',(0.,0.,1.));
#1976 = ADVANCED_FACE('',(#1977),#1988,.T.);
#1977 = FACE_BOUND('',#1978,.T.);
#1978 = EDGE_LOOP('',(#1979,#1980,#1981,#1982));
#1979 = ORIENTED_EDGE('',*,*,#818,.T.);
#1980 = ORIENTED_EDGE('',*,*,#1963,.T.);
#1981 = ORIENTED_EDGE('',*,*,#1689,.F.);
#1982 = ORIENTED_EDGE('',*,*,#1983,.F.);
#1983 = EDGE_CURVE('',#810,#1681,#1984,.T.);
#1984 = LINE('',#1985,#1986);
#1985 = CARTESIAN_POINT('',(-13.37495405034,37.697620669627,0.));
#1986 = VECTOR('',#1987,1.);
#1987 = DIRECTION('',(0.,0.,1.));
#1988 = PLANE('',#1989);
#1989 = AXIS2_PLACEMENT_3D('',#1990,#1991,#1992);
#1990 = CARTESIAN_POINT('',(-12.79397138761,36.101383922681,-0.1));
#1991 = DIRECTION('',(-0.939692620786,-0.342020143326,0.));
#1992 = DIRECTION('',(0.,0.,1.));
#1993 = ADVANCED_FACE('',(#1994),#2005,.T.);
#1994 = FACE_BOUND('',#1995,.T.);
#1995 = EDGE_LOOP('',(#1996,#1997,#2003,#2004));
#1996 = ORIENTED_EDGE('',*,*,#1680,.F.);
#1997 = ORIENTED_EDGE('',*,*,#1998,.F.);
#1998 = EDGE_CURVE('',#802,#1673,#1999,.T.);
#1999 = LINE('',#2000,#2001);
#2000 = CARTESIAN_POINT('',(-7.265760352763,39.3345741873,0.));
#2001 = VECTOR('',#2002,1.);
#2002 = DIRECTION('',(0.,0.,1.));
#2003 = ORIENTED_EDGE('',*,*,#809,.T.);
#2004 = ORIENTED_EDGE('',*,*,#1983,.T.);
#2005 = CYLINDRICAL_SURFACE('',#2006,40.);
#2006 = AXIS2_PLACEMENT_3D('',#2007,#2008,#2009);
#2007 = CARTESIAN_POINT('',(0.,0.,0.));
#2008 = DIRECTION('',(0.,0.,1.));
#2009 = DIRECTION('',(1.,0.,0.));
#2010 = ADVANCED_FACE('',(#2011),#2022,.F.);
#2011 = FACE_BOUND('',#2012,.F.);
#2012 = EDGE_LOOP('',(#2013,#2014,#2020,#2021));
#2013 = ORIENTED_EDGE('',*,*,#801,.T.);
#2014 = ORIENTED_EDGE('',*,*,#2015,.T.);
#2015 = EDGE_CURVE('',#794,#1665,#2016,.T.);
#2016 = LINE('',#2017,#2018);
#2017 = CARTESIAN_POINT('',(-6.970787724372,37.661701282626,-0.1));
#2018 = VECTOR('',#2019,1.);
#2019 = DIRECTION('',(0.,0.,1.));
#2020 = ORIENTED_EDGE('',*,*,#1672,.F.);
#2021 = ORIENTED_EDGE('',*,*,#1998,.F.);
#2022 = PLANE('',#2023);
#2023 = AXIS2_PLACEMENT_3D('',#2024,#2025,#2026);
#2024 = CARTESIAN_POINT('',(-6.970787724372,37.661701282626,-0.1));
#2025 = DIRECTION('',(-0.984807753012,-0.173648177667,0.));
#2026 = DIRECTION('',(0.,0.,1.));
#2027 = ADVANCED_FACE('',(#2028),#2039,.T.);
#2028 = FACE_BOUND('',#2029,.T.);
#2029 = EDGE_LOOP('',(#2030,#2036,#2037,#2038));
#2030 = ORIENTED_EDGE('',*,*,#2031,.F.);
#2031 = EDGE_CURVE('',#786,#1657,#2032,.T.);
#2032 = LINE('',#2033,#2034);
#2033 = CARTESIAN_POINT('',(-6.330662684914,37.774572598109,-0.1));
#2034 = VECTOR('',#2035,1.);
#2035 = DIRECTION('',(0.,0.,1.));
#2036 = ORIENTED_EDGE('',*,*,#793,.T.);
#2037 = ORIENTED_EDGE('',*,*,#2015,.T.);
#2038 = ORIENTED_EDGE('',*,*,#1664,.F.);
#2039 = PLANE('',#2040);
#2040 = AXIS2_PLACEMENT_3D('',#2041,#2042,#2043);
#2041 = CARTESIAN_POINT('',(-6.330662684914,37.774572598109,-0.1));
#2042 = DIRECTION('',(-0.173648177667,0.984807753012,0.));
#2043 = DIRECTION('',(0.,0.,1.));
#2044 = ADVANCED_FACE('',(#2045),#2056,.T.);
#2045 = FACE_BOUND('',#2046,.T.);
#2046 = EDGE_LOOP('',(#2047,#2048,#2049,#2050));
#2047 = ORIENTED_EDGE('',*,*,#785,.T.);
#2048 = ORIENTED_EDGE('',*,*,#2031,.T.);
#2049 = ORIENTED_EDGE('',*,*,#1656,.F.);
#2050 = ORIENTED_EDGE('',*,*,#2051,.F.);
#2051 = EDGE_CURVE('',#777,#1648,#2052,.T.);
#2052 = LINE('',#2053,#2054);
#2053 = CARTESIAN_POINT('',(-6.625635313305,39.447445502784,0.));
#2054 = VECTOR('',#2055,1.);
#2055 = DIRECTION('',(0.,0.,1.));
#2056 = PLANE('',#2057);
#2057 = AXIS2_PLACEMENT_3D('',#2058,#2059,#2060);
#2058 = CARTESIAN_POINT('',(-6.330662684914,37.774572598109,-0.1));
#2059 = DIRECTION('',(-0.984807753012,-0.173648177667,0.));
#2060 = DIRECTION('',(0.,0.,1.));
#2061 = ADVANCED_FACE('',(#2062),#2073,.T.);
#2062 = FACE_BOUND('',#2063,.T.);
#2063 = EDGE_LOOP('',(#2064,#2065,#2071,#2072));
#2064 = ORIENTED_EDGE('',*,*,#1647,.F.);
#2065 = ORIENTED_EDGE('',*,*,#2066,.F.);
#2066 = EDGE_CURVE('',#769,#1640,#2067,.T.);
#2067 = LINE('',#2068,#2069);
#2068 = CARTESIAN_POINT('',(-0.55,39.99621857126,0.));
#2069 = VECTOR('',#2070,1.);
#2070 = DIRECTION('',(0.,0.,1.));
#2071 = ORIENTED_EDGE('',*,*,#776,.T.);
#2072 = ORIENTED_EDGE('',*,*,#2051,.T.);
#2073 = CYLINDRICAL_SURFACE('',#2074,40.);
#2074 = AXIS2_PLACEMENT_3D('',#2075,#2076,#2077);
#2075 = CARTESIAN_POINT('',(0.,0.,0.));
#2076 = DIRECTION('',(0.,0.,1.));
#2077 = DIRECTION('',(1.,0.,0.));
#2078 = ADVANCED_FACE('',(#2079),#2090,.F.);
#2079 = FACE_BOUND('',#2080,.F.);
#2080 = EDGE_LOOP('',(#2081,#2082,#2083,#2089));
#2081 = ORIENTED_EDGE('',*,*,#2066,.F.);
#2082 = ORIENTED_EDGE('',*,*,#768,.T.);
#2083 = ORIENTED_EDGE('',*,*,#2084,.T.);
#2084 = EDGE_CURVE('',#760,#1631,#2085,.T.);
#2085 = LINE('',#2086,#2087);
#2086 = CARTESIAN_POINT('',(-0.55,37.029092868337,0.));
#2087 = VECTOR('',#2088,1.);
#2088 = DIRECTION('',(0.,0.,1.));
#2089 = ORIENTED_EDGE('',*,*,#1639,.F.);
#2090 = PLANE('',#2091);
#2091 = AXIS2_PLACEMENT_3D('',#2092,#2093,#2094);
#2092 = CARTESIAN_POINT('',(-0.55,37.,-0.1));
#2093 = DIRECTION('',(-1.,1.110223024625E-16,0.));
#2094 = DIRECTION('',(0.,0.,1.));
#2095 = ADVANCED_FACE('',(#2096),#2107,.F.);
#2096 = FACE_BOUND('',#2097,.F.);
#2097 = EDGE_LOOP('',(#2098,#2104,#2105,#2106));
#2098 = ORIENTED_EDGE('',*,*,#2099,.T.);
#2099 = EDGE_CURVE('',#751,#1622,#2100,.T.);
#2100 = LINE('',#2101,#2102);
#2101 = CARTESIAN_POINT('',(1.625,35.5,0.));
#2102 = VECTOR('',#2103,1.);
#2103 = DIRECTION('',(0.,0.,1.));
#2104 = ORIENTED_EDGE('',*,*,#1630,.F.);
#2105 = ORIENTED_EDGE('',*,*,#2084,.F.);
#2106 = ORIENTED_EDGE('',*,*,#759,.T.);
#2107 = CYLINDRICAL_SURFACE('',#2108,1.625);
#2108 = AXIS2_PLACEMENT_3D('',#2109,#2110,#2111);
#2109 = CARTESIAN_POINT('',(2.173748068487E-15,35.5,0.));
#2110 = DIRECTION('',(0.,0.,1.));
#2111 = DIRECTION('',(1.,0.,0.));
#2112 = ADVANCED_FACE('',(#2113),#2124,.F.);
#2113 = FACE_BOUND('',#2114,.F.);
#2114 = EDGE_LOOP('',(#2115,#2116,#2117,#2118));
#2115 = ORIENTED_EDGE('',*,*,#1621,.F.);
#2116 = ORIENTED_EDGE('',*,*,#2099,.F.);
#2117 = ORIENTED_EDGE('',*,*,#750,.T.);
#2118 = ORIENTED_EDGE('',*,*,#2119,.T.);
#2119 = EDGE_CURVE('',#743,#1614,#2120,.T.);
#2120 = LINE('',#2121,#2122);
#2121 = CARTESIAN_POINT('',(0.55,37.029092868337,0.));
#2122 = VECTOR('',#2123,1.);
#2123 = DIRECTION('',(0.,0.,1.));
#2124 = CYLINDRICAL_SURFACE('',#2125,1.625);
#2125 = AXIS2_PLACEMENT_3D('',#2126,#2127,#2128);
#2126 = CARTESIAN_POINT('',(2.173748068487E-15,35.5,0.));
#2127 = DIRECTION('',(0.,0.,1.));
#2128 = DIRECTION('',(1.,0.,0.));
#2129 = ADVANCED_FACE('',(#2130),#2141,.T.);
#2130 = FACE_BOUND('',#2131,.T.);
#2131 = EDGE_LOOP('',(#2132,#2138,#2139,#2140));
#2132 = ORIENTED_EDGE('',*,*,#2133,.F.);
#2133 = EDGE_CURVE('',#734,#1605,#2134,.T.);
#2134 = LINE('',#2135,#2136);
#2135 = CARTESIAN_POINT('',(0.55,39.99621857126,0.));
#2136 = VECTOR('',#2137,1.);
#2137 = DIRECTION('',(0.,0.,1.));
#2138 = ORIENTED_EDGE('',*,*,#742,.T.);
#2139 = ORIENTED_EDGE('',*,*,#2119,.T.);
#2140 = ORIENTED_EDGE('',*,*,#1613,.F.);
#2141 = PLANE('',#2142);
#2142 = AXIS2_PLACEMENT_3D('',#2143,#2144,#2145);
#2143 = CARTESIAN_POINT('',(0.55,37.,-0.1));
#2144 = DIRECTION('',(-1.,1.110223024625E-16,0.));
#2145 = DIRECTION('',(0.,0.,1.));
#2146 = ADVANCED_FACE('',(#2147),#2158,.T.);
#2147 = FACE_BOUND('',#2148,.T.);
#2148 = EDGE_LOOP('',(#2149,#2150,#2156,#2157));
#2149 = ORIENTED_EDGE('',*,*,#1604,.F.);
#2150 = ORIENTED_EDGE('',*,*,#2151,.F.);
#2151 = EDGE_CURVE('',#726,#1597,#2152,.T.);
#2152 = LINE('',#2153,#2154);
#2153 = CARTESIAN_POINT('',(6.625635313305,39.447445502784,0.));
#2154 = VECTOR('',#2155,1.);
#2155 = DIRECTION('',(0.,0.,1.));
#2156 = ORIENTED_EDGE('',*,*,#733,.T.);
#2157 = ORIENTED_EDGE('',*,*,#2133,.T.);
#2158 = CYLINDRICAL_SURFACE('',#2159,40.);
#2159 = AXIS2_PLACEMENT_3D('',#2160,#2161,#2162);
#2160 = CARTESIAN_POINT('',(0.,0.,0.));
#2161 = DIRECTION('',(0.,0.,1.));
#2162 = DIRECTION('',(1.,0.,0.));
#2163 = ADVANCED_FACE('',(#2164),#2175,.F.);
#2164 = FACE_BOUND('',#2165,.F.);
#2165 = EDGE_LOOP('',(#2166,#2167,#2173,#2174));
#2166 = ORIENTED_EDGE('',*,*,#725,.T.);
#2167 = ORIENTED_EDGE('',*,*,#2168,.T.);
#2168 = EDGE_CURVE('',#718,#1589,#2169,.T.);
#2169 = LINE('',#2170,#2171);
#2170 = CARTESIAN_POINT('',(6.330662684914,37.774572598109,-0.1));
#2171 = VECTOR('',#2172,1.);
#2172 = DIRECTION('',(0.,0.,1.));
#2173 = ORIENTED_EDGE('',*,*,#1596,.F.);
#2174 = ORIENTED_EDGE('',*,*,#2151,.F.);
#2175 = PLANE('',#2176);
#2176 = AXIS2_PLACEMENT_3D('',#2177,#2178,#2179);
#2177 = CARTESIAN_POINT('',(6.330662684914,37.774572598109,-0.1));
#2178 = DIRECTION('',(-0.984807753012,0.173648177667,0.));
#2179 = DIRECTION('',(0.,0.,1.));
#2180 = ADVANCED_FACE('',(#2181),#2192,.T.);
#2181 = FACE_BOUND('',#2182,.T.);
#2182 = EDGE_LOOP('',(#2183,#2189,#2190,#2191));
#2183 = ORIENTED_EDGE('',*,*,#2184,.F.);
#2184 = EDGE_CURVE('',#710,#1581,#2185,.T.);
#2185 = LINE('',#2186,#2187);
#2186 = CARTESIAN_POINT('',(6.970787724372,37.661701282626,-0.1));
#2187 = VECTOR('',#2188,1.);
#2188 = DIRECTION('',(0.,0.,1.));
#2189 = ORIENTED_EDGE('',*,*,#717,.T.);
#2190 = ORIENTED_EDGE('',*,*,#2168,.T.);
#2191 = ORIENTED_EDGE('',*,*,#1588,.F.);
#2192 = PLANE('',#2193);
#2193 = AXIS2_PLACEMENT_3D('',#2194,#2195,#2196);
#2194 = CARTESIAN_POINT('',(6.970787724372,37.661701282626,-0.1));
#2195 = DIRECTION('',(0.173648177667,0.984807753012,0.));
#2196 = DIRECTION('',(0.,0.,1.));
#2197 = ADVANCED_FACE('',(#2198),#2209,.T.);
#2198 = FACE_BOUND('',#2199,.T.);
#2199 = EDGE_LOOP('',(#2200,#2201,#2202,#2203));
#2200 = ORIENTED_EDGE('',*,*,#709,.T.);
#2201 = ORIENTED_EDGE('',*,*,#2184,.T.);
#2202 = ORIENTED_EDGE('',*,*,#1580,.F.);
#2203 = ORIENTED_EDGE('',*,*,#2204,.F.);
#2204 = EDGE_CURVE('',#701,#1572,#2205,.T.);
#2205 = LINE('',#2206,#2207);
#2206 = CARTESIAN_POINT('',(7.265760352763,39.3345741873,0.));
#2207 = VECTOR('',#2208,1.);
#2208 = DIRECTION('',(0.,0.,1.));
#2209 = PLANE('',#2210);
#2210 = AXIS2_PLACEMENT_3D('',#2211,#2212,#2213);
#2211 = CARTESIAN_POINT('',(6.970787724372,37.661701282626,-0.1));
#2212 = DIRECTION('',(-0.984807753012,0.173648177667,0.));
#2213 = DIRECTION('',(0.,0.,1.));
#2214 = ADVANCED_FACE('',(#2215),#2226,.T.);
#2215 = FACE_BOUND('',#2216,.T.);
#2216 = EDGE_LOOP('',(#2217,#2218,#2224,#2225));
#2217 = ORIENTED_EDGE('',*,*,#1571,.F.);
#2218 = ORIENTED_EDGE('',*,*,#2219,.F.);
#2219 = EDGE_CURVE('',#693,#1564,#2220,.T.);
#2220 = LINE('',#2221,#2222);
#2221 = CARTESIAN_POINT('',(13.374954050348,37.697620669627,0.));
#2222 = VECTOR('',#2223,1.);
#2223 = DIRECTION('',(0.,0.,1.));
#2224 = ORIENTED_EDGE('',*,*,#700,.T.);
#2225 = ORIENTED_EDGE('',*,*,#2204,.T.);
#2226 = CYLINDRICAL_SURFACE('',#2227,40.);
#2227 = AXIS2_PLACEMENT_3D('',#2228,#2229,#2230);
#2228 = CARTESIAN_POINT('',(0.,0.,0.));
#2229 = DIRECTION('',(0.,0.,1.));
#2230 = DIRECTION('',(1.,0.,0.));
#2231 = ADVANCED_FACE('',(#2232),#2243,.F.);
#2232 = FACE_BOUND('',#2233,.F.);
#2233 = EDGE_LOOP('',(#2234,#2235,#2241,#2242));
#2234 = ORIENTED_EDGE('',*,*,#692,.T.);
#2235 = ORIENTED_EDGE('',*,*,#2236,.T.);
#2236 = EDGE_CURVE('',#685,#1556,#2237,.T.);
#2237 = LINE('',#2238,#2239);
#2238 = CARTESIAN_POINT('',(12.793971387618,36.101383922681,-0.1));
#2239 = VECTOR('',#2240,1.);
#2240 = DIRECTION('',(0.,0.,1.));
#2241 = ORIENTED_EDGE('',*,*,#1563,.F.);
#2242 = ORIENTED_EDGE('',*,*,#2219,.F.);
#2243 = PLANE('',#2244);
#2244 = AXIS2_PLACEMENT_3D('',#2245,#2246,#2247);
#2245 = CARTESIAN_POINT('',(12.793971387618,36.101383922681,-0.1));
#2246 = DIRECTION('',(-0.939692620786,0.342020143326,0.));
#2247 = DIRECTION('',(0.,0.,1.));
#2248 = ADVANCED_FACE('',(#2249),#2260,.T.);
#2249 = FACE_BOUND('',#2250,.T.);
#2250 = EDGE_LOOP('',(#2251,#2257,#2258,#2259));
#2251 = ORIENTED_EDGE('',*,*,#2252,.F.);
#2252 = EDGE_CURVE('',#677,#1548,#2253,.T.);
#2253 = LINE('',#2254,#2255);
#2254 = CARTESIAN_POINT('',(13.404771591129,35.879070829519,-0.1));
#2255 = VECTOR('',#2256,1.);
#2256 = DIRECTION('',(0.,0.,1.));
#2257 = ORIENTED_EDGE('',*,*,#684,.T.);
#2258 = ORIENTED_EDGE('',*,*,#2236,.T.);
#2259 = ORIENTED_EDGE('',*,*,#1555,.F.);
#2260 = PLANE('',#2261);
#2261 = AXIS2_PLACEMENT_3D('',#2262,#2263,#2264);
#2262 = CARTESIAN_POINT('',(13.404771591129,35.879070829519,-0.1));
#2263 = DIRECTION('',(0.342020143326,0.939692620786,0.));
#2264 = DIRECTION('',(0.,0.,1.));
#2265 = ADVANCED_FACE('',(#2266),#2277,.T.);
#2266 = FACE_BOUND('',#2267,.T.);
#2267 = EDGE_LOOP('',(#2268,#2269,#2270,#2271));
#2268 = ORIENTED_EDGE('',*,*,#676,.T.);
#2269 = ORIENTED_EDGE('',*,*,#2252,.T.);
#2270 = ORIENTED_EDGE('',*,*,#1547,.F.);
#2271 = ORIENTED_EDGE('',*,*,#2272,.F.);
#2272 = EDGE_CURVE('',#668,#1539,#2273,.T.);
#2273 = LINE('',#2274,#2275);
#2274 = CARTESIAN_POINT('',(13.985754253859,37.475307576465,0.));
#2275 = VECTOR('',#2276,1.);
#2276 = DIRECTION('',(0.,0.,1.));
#2277 = PLANE('',#2278);
#2278 = AXIS2_PLACEMENT_3D('',#2279,#2280,#2281);
#2279 = CARTESIAN_POINT('',(13.404771591129,35.879070829519,-0.1));
#2280 = DIRECTION('',(-0.939692620786,0.342020143326,0.));
#2281 = DIRECTION('',(0.,0.,1.));
#2282 = ADVANCED_FACE('',(#2283),#2294,.T.);
#2283 = FACE_BOUND('',#2284,.T.);
#2284 = EDGE_LOOP('',(#2285,#2286,#2292,#2293));
#2285 = ORIENTED_EDGE('',*,*,#1538,.F.);
#2286 = ORIENTED_EDGE('',*,*,#2287,.F.);
#2287 = EDGE_CURVE('',#660,#1531,#2288,.T.);
#2288 = LINE('',#2289,#2290);
#2289 = CARTESIAN_POINT('',(19.521795313549,34.912741338026,0.));
#2290 = VECTOR('',#2291,1.);
#2291 = DIRECTION('',(0.,0.,1.));
#2292 = ORIENTED_EDGE('',*,*,#667,.T.);
#2293 = ORIENTED_EDGE('',*,*,#2272,.T.);
#2294 = CYLINDRICAL_SURFACE('',#2295,40.);
#2295 = AXIS2_PLACEMENT_3D('',#2296,#2297,#2298);
#2296 = CARTESIAN_POINT('',(0.,0.,0.));
#2297 = DIRECTION('',(0.,0.,1.));
#2298 = DIRECTION('',(1.,0.,0.));
#2299 = ADVANCED_FACE('',(#2300),#2311,.F.);
#2300 = FACE_BOUND('',#2301,.F.);
#2301 = EDGE_LOOP('',(#2302,#2303,#2309,#2310));
#2302 = ORIENTED_EDGE('',*,*,#659,.T.);
#2303 = ORIENTED_EDGE('',*,*,#2304,.T.);
#2304 = EDGE_CURVE('',#652,#1523,#2305,.T.);
#2305 = LINE('',#2306,#2307);
#2306 = CARTESIAN_POINT('',(18.023686027919,32.317939940024,-0.1));
#2307 = VECTOR('',#2308,1.);
#2308 = DIRECTION('',(0.,0.,1.));
#2309 = ORIENTED_EDGE('',*,*,#1530,.F.);
#2310 = ORIENTED_EDGE('',*,*,#2287,.F.);
#2311 = PLANE('',#2312);
#2312 = AXIS2_PLACEMENT_3D('',#2313,#2314,#2315);
#2313 = CARTESIAN_POINT('',(18.023686027919,32.317939940024,-0.1));
#2314 = DIRECTION('',(-0.866025403784,0.5,0.));
#2315 = DIRECTION('',(0.,0.,1.));
#2316 = ADVANCED_FACE('',(#2317),#2328,.T.);
#2317 = FACE_BOUND('',#2318,.T.);
#2318 = EDGE_LOOP('',(#2319,#2325,#2326,#2327));
#2319 = ORIENTED_EDGE('',*,*,#2320,.F.);
#2320 = EDGE_CURVE('',#644,#1515,#2321,.T.);
#2321 = LINE('',#2322,#2323);
#2322 = CARTESIAN_POINT('',(18.976313972081,31.767939940024,-0.1));
#2323 = VECTOR('',#2324,1.);
#2324 = DIRECTION('',(0.,0.,1.));
#2325 = ORIENTED_EDGE('',*,*,#651,.T.);
#2326 = ORIENTED_EDGE('',*,*,#2304,.T.);
#2327 = ORIENTED_EDGE('',*,*,#1522,.F.);
#2328 = PLANE('',#2329);
#2329 = AXIS2_PLACEMENT_3D('',#2330,#2331,#2332);
#2330 = CARTESIAN_POINT('',(18.976313972081,31.767939940024,-0.1));
#2331 = DIRECTION('',(0.5,0.866025403784,0.));
#2332 = DIRECTION('',(0.,0.,1.));
#2333 = ADVANCED_FACE('',(#2334),#2345,.T.);
#2334 = FACE_BOUND('',#2335,.T.);
#2335 = EDGE_LOOP('',(#2336,#2337,#2338,#2339));
#2336 = ORIENTED_EDGE('',*,*,#643,.T.);
#2337 = ORIENTED_EDGE('',*,*,#2320,.T.);
#2338 = ORIENTED_EDGE('',*,*,#1514,.F.);
#2339 = ORIENTED_EDGE('',*,*,#2340,.F.);
#2340 = EDGE_CURVE('',#635,#1506,#2341,.T.);
#2341 = LINE('',#2342,#2343);
#2342 = CARTESIAN_POINT('',(20.474423257711,34.362741338026,0.));
#2343 = VECTOR('',#2344,1.);
#2344 = DIRECTION('',(0.,0.,1.));
#2345 = PLANE('',#2346);
#2346 = AXIS2_PLACEMENT_3D('',#2347,#2348,#2349);
#2347 = CARTESIAN_POINT('',(18.976313972081,31.767939940024,-0.1));
#2348 = DIRECTION('',(-0.866025403784,0.5,0.));
#2349 = DIRECTION('',(0.,0.,1.));
#2350 = ADVANCED_FACE('',(#2351),#2362,.T.);
#2351 = FACE_BOUND('',#2352,.T.);
#2352 = EDGE_LOOP('',(#2353,#2354,#2360,#2361));
#2353 = ORIENTED_EDGE('',*,*,#1505,.F.);
#2354 = ORIENTED_EDGE('',*,*,#2355,.F.);
#2355 = EDGE_CURVE('',#627,#1498,#2356,.T.);
#2356 = LINE('',#2357,#2358);
#2357 = CARTESIAN_POINT('',(25.461691248925,30.849672263161,0.));
#2358 = VECTOR('',#2359,1.);
#2359 = DIRECTION('',(0.,0.,1.));
#2360 = ORIENTED_EDGE('',*,*,#634,.T.);
#2361 = ORIENTED_EDGE('',*,*,#2340,.T.);
#2362 = CYLINDRICAL_SURFACE('',#2363,40.);
#2363 = AXIS2_PLACEMENT_3D('',#2364,#2365,#2366);
#2364 = CARTESIAN_POINT('',(0.,0.,0.));
#2365 = DIRECTION('',(0.,0.,1.));
#2366 = DIRECTION('',(1.,0.,0.));
#2367 = ADVANCED_FACE('',(#2368),#2379,.F.);
#2368 = FACE_BOUND('',#2369,.F.);
#2369 = EDGE_LOOP('',(#2370,#2371,#2377,#2378));
#2370 = ORIENTED_EDGE('',*,*,#626,.T.);
#2371 = ORIENTED_EDGE('',*,*,#2372,.T.);
#2372 = EDGE_CURVE('',#619,#1490,#2373,.T.);
#2373 = LINE('',#2374,#2375);
#2374 = CARTESIAN_POINT('',(24.369801006981,29.548408144605,-0.1));
#2375 = VECTOR('',#2376,1.);
#2376 = DIRECTION('',(0.,0.,1.));
#2377 = ORIENTED_EDGE('',*,*,#1497,.F.);
#2378 = ORIENTED_EDGE('',*,*,#2355,.F.);
#2379 = PLANE('',#2380);
#2380 = AXIS2_PLACEMENT_3D('',#2381,#2382,#2383);
#2381 = CARTESIAN_POINT('',(24.369801006981,29.548408144605,-0.1));
#2382 = DIRECTION('',(-0.766044443119,0.642787609687,0.));
#2383 = DIRECTION('',(0.,0.,1.));
#2384 = ADVANCED_FACE('',(#2385),#2396,.T.);
#2385 = FACE_BOUND('',#2386,.T.);
#2386 = EDGE_LOOP('',(#2387,#2393,#2394,#2395));
#2387 = ORIENTED_EDGE('',*,*,#2388,.F.);
#2388 = EDGE_CURVE('',#611,#1482,#2389,.T.);
#2389 = LINE('',#2390,#2391);
#2390 = CARTESIAN_POINT('',(24.867729895008,29.130596198309,-0.1));
#2391 = VECTOR('',#2392,1.);
#2392 = DIRECTION('',(0.,0.,1.));
#2393 = ORIENTED_EDGE('',*,*,#618,.T.);
#2394 = ORIENTED_EDGE('',*,*,#2372,.T.);
#2395 = ORIENTED_EDGE('',*,*,#1489,.F.);
#2396 = PLANE('',#2397);
#2397 = AXIS2_PLACEMENT_3D('',#2398,#2399,#2400);
#2398 = CARTESIAN_POINT('',(24.867729895008,29.130596198309,-0.1));
#2399 = DIRECTION('',(0.642787609687,0.766044443119,0.));
#2400 = DIRECTION('',(0.,0.,1.));
#2401 = ADVANCED_FACE('',(#2402),#2413,.T.);
#2402 = FACE_BOUND('',#2403,.T.);
#2403 = EDGE_LOOP('',(#2404,#2405,#2406,#2407));
#2404 = ORIENTED_EDGE('',*,*,#610,.T.);
#2405 = ORIENTED_EDGE('',*,*,#2388,.T.);
#2406 = ORIENTED_EDGE('',*,*,#1481,.F.);
#2407 = ORIENTED_EDGE('',*,*,#2408,.F.);
#2408 = EDGE_CURVE('',#602,#1473,#2409,.T.);
#2409 = LINE('',#2410,#2411);
#2410 = CARTESIAN_POINT('',(25.959620136952,30.431860316864,0.));
#2411 = VECTOR('',#2412,1.);
#2412 = DIRECTION('',(0.,0.,1.));
#2413 = PLANE('',#2414);
#2414 = AXIS2_PLACEMENT_3D('',#2415,#2416,#2417);
#2415 = CARTESIAN_POINT('',(24.867729895008,29.130596198309,-0.1));
#2416 = DIRECTION('',(-0.766044443119,0.642787609687,0.));
#2417 = DIRECTION('',(0.,0.,1.));
#2418 = ADVANCED_FACE('',(#2419),#2430,.T.);
#2419 = FACE_BOUND('',#2420,.T.);
#2420 = EDGE_LOOP('',(#2421,#2422,#2428,#2429));
#2421 = ORIENTED_EDGE('',*,*,#1472,.F.);
#2422 = ORIENTED_EDGE('',*,*,#2423,.F.);
#2423 = EDGE_CURVE('',#594,#1465,#2424,.T.);
#2424 = LINE('',#2425,#2426);
#2425 = CARTESIAN_POINT('',(30.431860316864,25.959620136952,0.));
#2426 = VECTOR('',#2427,1.);
#2427 = DIRECTION('',(0.,0.,1.));
#2428 = ORIENTED_EDGE('',*,*,#601,.T.);
#2429 = ORIENTED_EDGE('',*,*,#2408,.T.);
#2430 = CYLINDRICAL_SURFACE('',#2431,40.);
#2431 = AXIS2_PLACEMENT_3D('',#2432,#2433,#2434);
#2432 = CARTESIAN_POINT('',(0.,0.,0.));
#2433 = DIRECTION('',(0.,0.,1.));
#2434 = DIRECTION('',(1.,0.,0.));
#2435 = ADVANCED_FACE('',(#2436),#2447,.F.);
#2436 = FACE_BOUND('',#2437,.F.);
#2437 = EDGE_LOOP('',(#2438,#2439,#2445,#2446));
#2438 = ORIENTED_EDGE('',*,*,#593,.T.);
#2439 = ORIENTED_EDGE('',*,*,#2440,.T.);
#2440 = EDGE_CURVE('',#586,#1457,#2441,.T.);
#2441 = LINE('',#2442,#2443);
#2442 = CARTESIAN_POINT('',(29.130596198309,24.867729895008,-0.1));
#2443 = VECTOR('',#2444,1.);
#2444 = DIRECTION('',(0.,0.,1.));
#2445 = ORIENTED_EDGE('',*,*,#1464,.F.);
#2446 = ORIENTED_EDGE('',*,*,#2423,.F.);
#2447 = PLANE('',#2448);
#2448 = AXIS2_PLACEMENT_3D('',#2449,#2450,#2451);
#2449 = CARTESIAN_POINT('',(29.130596198309,24.867729895008,-0.1));
#2450 = DIRECTION('',(-0.642787609687,0.766044443119,0.));
#2451 = DIRECTION('',(0.,0.,1.));
#2452 = ADVANCED_FACE('',(#2453),#2464,.T.);
#2453 = FACE_BOUND('',#2454,.T.);
#2454 = EDGE_LOOP('',(#2455,#2461,#2462,#2463));
#2455 = ORIENTED_EDGE('',*,*,#2456,.F.);
#2456 = EDGE_CURVE('',#578,#1449,#2457,.T.);
#2457 = LINE('',#2458,#2459);
#2458 = CARTESIAN_POINT('',(29.548408144605,24.369801006981,-0.1));
#2459 = VECTOR('',#2460,1.);
#2460 = DIRECTION('',(0.,0.,1.));
#2461 = ORIENTED_EDGE('',*,*,#585,.T.);
#2462 = ORIENTED_EDGE('',*,*,#2440,.T.);
#2463 = ORIENTED_EDGE('',*,*,#1456,.F.);
#2464 = PLANE('',#2465);
#2465 = AXIS2_PLACEMENT_3D('',#2466,#2467,#2468);
#2466 = CARTESIAN_POINT('',(29.548408144605,24.369801006981,-0.1));
#2467 = DIRECTION('',(0.766044443119,0.642787609687,0.));
#2468 = DIRECTION('',(0.,0.,1.));
#2469 = ADVANCED_FACE('',(#2470),#2481,.T.);
#2470 = FACE_BOUND('',#2471,.T.);
#2471 = EDGE_LOOP('',(#2472,#2473,#2474,#2475));
#2472 = ORIENTED_EDGE('',*,*,#577,.T.);
#2473 = ORIENTED_EDGE('',*,*,#2456,.T.);
#2474 = ORIENTED_EDGE('',*,*,#1448,.F.);
#2475 = ORIENTED_EDGE('',*,*,#2476,.F.);
#2476 = EDGE_CURVE('',#569,#1440,#2477,.T.);
#2477 = LINE('',#2478,#2479);
#2478 = CARTESIAN_POINT('',(30.849672263161,25.461691248925,0.));
#2479 = VECTOR('',#2480,1.);
#2480 = DIRECTION('',(0.,0.,1.));
#2481 = PLANE('',#2482);
#2482 = AXIS2_PLACEMENT_3D('',#2483,#2484,#2485);
#2483 = CARTESIAN_POINT('',(29.548408144605,24.369801006981,-0.1));
#2484 = DIRECTION('',(-0.642787609687,0.766044443119,0.));
#2485 = DIRECTION('',(0.,0.,1.));
#2486 = ADVANCED_FACE('',(#2487),#2498,.T.);
#2487 = FACE_BOUND('',#2488,.T.);
#2488 = EDGE_LOOP('',(#2489,#2490,#2496,#2497));
#2489 = ORIENTED_EDGE('',*,*,#1439,.F.);
#2490 = ORIENTED_EDGE('',*,*,#2491,.F.);
#2491 = EDGE_CURVE('',#561,#1432,#2492,.T.);
#2492 = LINE('',#2493,#2494);
#2493 = CARTESIAN_POINT('',(34.362741338026,20.474423257711,0.));
#2494 = VECTOR('',#2495,1.);
#2495 = DIRECTION('',(0.,0.,1.));
#2496 = ORIENTED_EDGE('',*,*,#568,.T.);
#2497 = ORIENTED_EDGE('',*,*,#2476,.T.);
#2498 = CYLINDRICAL_SURFACE('',#2499,40.);
#2499 = AXIS2_PLACEMENT_3D('',#2500,#2501,#2502);
#2500 = CARTESIAN_POINT('',(0.,0.,0.));
#2501 = DIRECTION('',(0.,0.,1.));
#2502 = DIRECTION('',(1.,0.,0.));
#2503 = ADVANCED_FACE('',(#2504),#2515,.F.);
#2504 = FACE_BOUND('',#2505,.F.);
#2505 = EDGE_LOOP('',(#2506,#2507,#2513,#2514));
#2506 = ORIENTED_EDGE('',*,*,#560,.T.);
#2507 = ORIENTED_EDGE('',*,*,#2508,.T.);
#2508 = EDGE_CURVE('',#553,#1424,#2509,.T.);
#2509 = LINE('',#2510,#2511);
#2510 = CARTESIAN_POINT('',(31.767939940024,18.976313972081,-0.1));
#2511 = VECTOR('',#2512,1.);
#2512 = DIRECTION('',(0.,0.,1.));
#2513 = ORIENTED_EDGE('',*,*,#1431,.F.);
#2514 = ORIENTED_EDGE('',*,*,#2491,.F.);
#2515 = PLANE('',#2516);
#2516 = AXIS2_PLACEMENT_3D('',#2517,#2518,#2519);
#2517 = CARTESIAN_POINT('',(31.767939940024,18.976313972081,-0.1));
#2518 = DIRECTION('',(-0.5,0.866025403784,0.));
#2519 = DIRECTION('',(0.,0.,1.));
#2520 = ADVANCED_FACE('',(#2521),#2532,.T.);
#2521 = FACE_BOUND('',#2522,.T.);
#2522 = EDGE_LOOP('',(#2523,#2529,#2530,#2531));
#2523 = ORIENTED_EDGE('',*,*,#2524,.F.);
#2524 = EDGE_CURVE('',#545,#1416,#2525,.T.);
#2525 = LINE('',#2526,#2527);
#2526 = CARTESIAN_POINT('',(32.317939940024,18.023686027919,-0.1));
#2527 = VECTOR('',#2528,1.);
#2528 = DIRECTION('',(0.,0.,1.));
#2529 = ORIENTED_EDGE('',*,*,#552,.T.);
#2530 = ORIENTED_EDGE('',*,*,#2508,.T.);
#2531 = ORIENTED_EDGE('',*,*,#1423,.F.);
#2532 = PLANE('',#2533);
#2533 = AXIS2_PLACEMENT_3D('',#2534,#2535,#2536);
#2534 = CARTESIAN_POINT('',(32.317939940024,18.023686027919,-0.1));
#2535 = DIRECTION('',(0.866025403784,0.5,0.));
#2536 = DIRECTION('',(0.,0.,1.));
#2537 = ADVANCED_FACE('',(#2538),#2549,.T.);
#2538 = FACE_BOUND('',#2539,.T.);
#2539 = EDGE_LOOP('',(#2540,#2541,#2542,#2543));
#2540 = ORIENTED_EDGE('',*,*,#544,.T.);
#2541 = ORIENTED_EDGE('',*,*,#2524,.T.);
#2542 = ORIENTED_EDGE('',*,*,#1415,.F.);
#2543 = ORIENTED_EDGE('',*,*,#2544,.F.);
#2544 = EDGE_CURVE('',#536,#1407,#2545,.T.);
#2545 = LINE('',#2546,#2547);
#2546 = CARTESIAN_POINT('',(34.912741338026,19.521795313549,0.));
#2547 = VECTOR('',#2548,1.);
#2548 = DIRECTION('',(0.,0.,1.));
#2549 = PLANE('',#2550);
#2550 = AXIS2_PLACEMENT_3D('',#2551,#2552,#2553);
#2551 = CARTESIAN_POINT('',(32.317939940024,18.023686027919,-0.1));
#2552 = DIRECTION('',(-0.5,0.866025403784,0.));
#2553 = DIRECTION('',(0.,0.,1.));
#2554 = ADVANCED_FACE('',(#2555),#2566,.T.);
#2555 = FACE_BOUND('',#2556,.T.);
#2556 = EDGE_LOOP('',(#2557,#2558,#2564,#2565));
#2557 = ORIENTED_EDGE('',*,*,#1406,.F.);
#2558 = ORIENTED_EDGE('',*,*,#2559,.F.);
#2559 = EDGE_CURVE('',#528,#1399,#2560,.T.);
#2560 = LINE('',#2561,#2562);
#2561 = CARTESIAN_POINT('',(37.475307576465,13.985754253859,0.));
#2562 = VECTOR('',#2563,1.);
#2563 = DIRECTION('',(0.,0.,1.));
#2564 = ORIENTED_EDGE('',*,*,#535,.T.);
#2565 = ORIENTED_EDGE('',*,*,#2544,.T.);
#2566 = CYLINDRICAL_SURFACE('',#2567,40.);
#2567 = AXIS2_PLACEMENT_3D('',#2568,#2569,#2570);
#2568 = CARTESIAN_POINT('',(0.,0.,0.));
#2569 = DIRECTION('',(0.,0.,1.));
#2570 = DIRECTION('',(1.,0.,0.));
#2571 = ADVANCED_FACE('',(#2572),#2583,.F.);
#2572 = FACE_BOUND('',#2573,.F.);
#2573 = EDGE_LOOP('',(#2574,#2575,#2581,#2582));
#2574 = ORIENTED_EDGE('',*,*,#527,.T.);
#2575 = ORIENTED_EDGE('',*,*,#2576,.T.);
#2576 = EDGE_CURVE('',#520,#1391,#2577,.T.);
#2577 = LINE('',#2578,#2579);
#2578 = CARTESIAN_POINT('',(35.879070829519,13.404771591129,-0.1));
#2579 = VECTOR('',#2580,1.);
#2580 = DIRECTION('',(0.,0.,1.));
#2581 = ORIENTED_EDGE('',*,*,#1398,.F.);
#2582 = ORIENTED_EDGE('',*,*,#2559,.F.);
#2583 = PLANE('',#2584);
#2584 = AXIS2_PLACEMENT_3D('',#2585,#2586,#2587);
#2585 = CARTESIAN_POINT('',(35.879070829519,13.404771591129,-0.1));
#2586 = DIRECTION('',(-0.342020143326,0.939692620786,0.));
#2587 = DIRECTION('',(0.,0.,1.));
#2588 = ADVANCED_FACE('',(#2589),#2600,.T.);
#2589 = FACE_BOUND('',#2590,.T.);
#2590 = EDGE_LOOP('',(#2591,#2597,#2598,#2599));
#2591 = ORIENTED_EDGE('',*,*,#2592,.F.);
#2592 = EDGE_CURVE('',#512,#1383,#2593,.T.);
#2593 = LINE('',#2594,#2595);
#2594 = CARTESIAN_POINT('',(36.101383922681,12.793971387618,-0.1));
#2595 = VECTOR('',#2596,1.);
#2596 = DIRECTION('',(0.,0.,1.));
#2597 = ORIENTED_EDGE('',*,*,#519,.T.);
#2598 = ORIENTED_EDGE('',*,*,#2576,.T.);
#2599 = ORIENTED_EDGE('',*,*,#1390,.F.);
#2600 = PLANE('',#2601);
#2601 = AXIS2_PLACEMENT_3D('',#2602,#2603,#2604);
#2602 = CARTESIAN_POINT('',(36.101383922681,12.793971387618,-0.1));
#2603 = DIRECTION('',(0.939692620786,0.342020143326,0.));
#2604 = DIRECTION('',(0.,0.,1.));
#2605 = ADVANCED_FACE('',(#2606),#2617,.T.);
#2606 = FACE_BOUND('',#2607,.T.);
#2607 = EDGE_LOOP('',(#2608,#2609,#2610,#2611));
#2608 = ORIENTED_EDGE('',*,*,#511,.T.);
#2609 = ORIENTED_EDGE('',*,*,#2592,.T.);
#2610 = ORIENTED_EDGE('',*,*,#1382,.F.);
#2611 = ORIENTED_EDGE('',*,*,#2612,.F.);
#2612 = EDGE_CURVE('',#503,#1374,#2613,.T.);
#2613 = LINE('',#2614,#2615);
#2614 = CARTESIAN_POINT('',(37.697620669627,13.374954050348,0.));
#2615 = VECTOR('',#2616,1.);
#2616 = DIRECTION('',(0.,0.,1.));
#2617 = PLANE('',#2618);
#2618 = AXIS2_PLACEMENT_3D('',#2619,#2620,#2621);
#2619 = CARTESIAN_POINT('',(36.101383922681,12.793971387618,-0.1));
#2620 = DIRECTION('',(-0.342020143326,0.939692620786,0.));
#2621 = DIRECTION('',(0.,0.,1.));
#2622 = ADVANCED_FACE('',(#2623),#2634,.T.);
#2623 = FACE_BOUND('',#2624,.T.);
#2624 = EDGE_LOOP('',(#2625,#2626,#2632,#2633));
#2625 = ORIENTED_EDGE('',*,*,#1373,.F.);
#2626 = ORIENTED_EDGE('',*,*,#2627,.F.);
#2627 = EDGE_CURVE('',#495,#1366,#2628,.T.);
#2628 = LINE('',#2629,#2630);
#2629 = CARTESIAN_POINT('',(39.3345741873,7.265760352763,0.));
#2630 = VECTOR('',#2631,1.);
#2631 = DIRECTION('',(0.,0.,1.));
#2632 = ORIENTED_EDGE('',*,*,#502,.T.);
#2633 = ORIENTED_EDGE('',*,*,#2612,.T.);
#2634 = CYLINDRICAL_SURFACE('',#2635,40.);
#2635 = AXIS2_PLACEMENT_3D('',#2636,#2637,#2638);
#2636 = CARTESIAN_POINT('',(0.,0.,0.));
#2637 = DIRECTION('',(0.,0.,1.));
#2638 = DIRECTION('',(1.,0.,0.));
#2639 = ADVANCED_FACE('',(#2640),#2651,.F.);
#2640 = FACE_BOUND('',#2641,.F.);
#2641 = EDGE_LOOP('',(#2642,#2643,#2649,#2650));
#2642 = ORIENTED_EDGE('',*,*,#494,.T.);
#2643 = ORIENTED_EDGE('',*,*,#2644,.T.);
#2644 = EDGE_CURVE('',#487,#1358,#2645,.T.);
#2645 = LINE('',#2646,#2647);
#2646 = CARTESIAN_POINT('',(37.661701282626,6.970787724372,-0.1));
#2647 = VECTOR('',#2648,1.);
#2648 = DIRECTION('',(0.,0.,1.));
#2649 = ORIENTED_EDGE('',*,*,#1365,.F.);
#2650 = ORIENTED_EDGE('',*,*,#2627,.F.);
#2651 = PLANE('',#2652);
#2652 = AXIS2_PLACEMENT_3D('',#2653,#2654,#2655);
#2653 = CARTESIAN_POINT('',(37.661701282626,6.970787724372,-0.1));
#2654 = DIRECTION('',(-0.173648177667,0.984807753012,0.));
#2655 = DIRECTION('',(0.,0.,1.));
#2656 = ADVANCED_FACE('',(#2657),#2668,.T.);
#2657 = FACE_BOUND('',#2658,.T.);
#2658 = EDGE_LOOP('',(#2659,#2665,#2666,#2667));
#2659 = ORIENTED_EDGE('',*,*,#2660,.F.);
#2660 = EDGE_CURVE('',#479,#1350,#2661,.T.);
#2661 = LINE('',#2662,#2663);
#2662 = CARTESIAN_POINT('',(37.774572598109,6.330662684914,-0.1));
#2663 = VECTOR('',#2664,1.);
#2664 = DIRECTION('',(0.,0.,1.));
#2665 = ORIENTED_EDGE('',*,*,#486,.T.);
#2666 = ORIENTED_EDGE('',*,*,#2644,.T.);
#2667 = ORIENTED_EDGE('',*,*,#1357,.F.);
#2668 = PLANE('',#2669);
#2669 = AXIS2_PLACEMENT_3D('',#2670,#2671,#2672);
#2670 = CARTESIAN_POINT('',(37.774572598109,6.330662684914,-0.1));
#2671 = DIRECTION('',(0.984807753012,0.173648177667,0.));
#2672 = DIRECTION('',(0.,0.,1.));
#2673 = ADVANCED_FACE('',(#2674),#2685,.T.);
#2674 = FACE_BOUND('',#2675,.T.);
#2675 = EDGE_LOOP('',(#2676,#2677,#2678,#2679));
#2676 = ORIENTED_EDGE('',*,*,#478,.T.);
#2677 = ORIENTED_EDGE('',*,*,#2660,.T.);
#2678 = ORIENTED_EDGE('',*,*,#1349,.F.);
#2679 = ORIENTED_EDGE('',*,*,#2680,.F.);
#2680 = EDGE_CURVE('',#470,#1341,#2681,.T.);
#2681 = LINE('',#2682,#2683);
#2682 = CARTESIAN_POINT('',(39.447445502784,6.625635313305,0.));
#2683 = VECTOR('',#2684,1.);
#2684 = DIRECTION('',(0.,0.,1.));
#2685 = PLANE('',#2686);
#2686 = AXIS2_PLACEMENT_3D('',#2687,#2688,#2689);
#2687 = CARTESIAN_POINT('',(37.774572598109,6.330662684914,-0.1));
#2688 = DIRECTION('',(-0.173648177667,0.984807753012,0.));
#2689 = DIRECTION('',(0.,0.,1.));
#2690 = ADVANCED_FACE('',(#2691),#2702,.T.);
#2691 = FACE_BOUND('',#2692,.T.);
#2692 = EDGE_LOOP('',(#2693,#2694,#2700,#2701));
#2693 = ORIENTED_EDGE('',*,*,#1340,.F.);
#2694 = ORIENTED_EDGE('',*,*,#2695,.F.);
#2695 = EDGE_CURVE('',#462,#1333,#2696,.T.);
#2696 = LINE('',#2697,#2698);
#2697 = CARTESIAN_POINT('',(39.99621857126,0.55,0.));
#2698 = VECTOR('',#2699,1.);
#2699 = DIRECTION('',(0.,0.,1.));
#2700 = ORIENTED_EDGE('',*,*,#469,.T.);
#2701 = ORIENTED_EDGE('',*,*,#2680,.T.);
#2702 = CYLINDRICAL_SURFACE('',#2703,40.);
#2703 = AXIS2_PLACEMENT_3D('',#2704,#2705,#2706);
#2704 = CARTESIAN_POINT('',(0.,0.,0.));
#2705 = DIRECTION('',(0.,0.,1.));
#2706 = DIRECTION('',(1.,0.,0.));
#2707 = ADVANCED_FACE('',(#2708),#2719,.F.);
#2708 = FACE_BOUND('',#2709,.F.);
#2709 = EDGE_LOOP('',(#2710,#2711,#2717,#2718));
#2710 = ORIENTED_EDGE('',*,*,#461,.T.);
#2711 = ORIENTED_EDGE('',*,*,#2712,.T.);
#2712 = EDGE_CURVE('',#454,#1325,#2713,.T.);
#2713 = LINE('',#2714,#2715);
#2714 = CARTESIAN_POINT('',(37.,0.55,-0.1));
#2715 = VECTOR('',#2716,1.);
#2716 = DIRECTION('',(0.,0.,1.));
#2717 = ORIENTED_EDGE('',*,*,#1332,.F.);
#2718 = ORIENTED_EDGE('',*,*,#2695,.F.);
#2719 = PLANE('',#2720);
#2720 = AXIS2_PLACEMENT_3D('',#2721,#2722,#2723);
#2721 = CARTESIAN_POINT('',(37.,0.55,-0.1));
#2722 = DIRECTION('',(0.,1.,0.));
#2723 = DIRECTION('',(0.,0.,1.));
#2724 = ADVANCED_FACE('',(#2725),#2731,.T.);
#2725 = FACE_BOUND('',#2726,.T.);
#2726 = EDGE_LOOP('',(#2727,#2728,#2729,#2730));
#2727 = ORIENTED_EDGE('',*,*,#1789,.F.);
#2728 = ORIENTED_EDGE('',*,*,#453,.T.);
#2729 = ORIENTED_EDGE('',*,*,#2712,.T.);
#2730 = ORIENTED_EDGE('',*,*,#1324,.F.);
#2731 = PLANE('',#2732);
#2732 = AXIS2_PLACEMENT_3D('',#2733,#2734,#2735);
#2733 = CARTESIAN_POINT('',(37.,-0.55,-0.1));
#2734 = DIRECTION('',(1.,0.,0.));
#2735 = DIRECTION('',(0.,0.,1.));
#2736 = ADVANCED_FACE('',(#2737),#2748,.T.);
#2737 = FACE_BOUND('',#2738,.T.);
#2738 = EDGE_LOOP('',(#2739,#2745,#2746,#2747));
#2739 = ORIENTED_EDGE('',*,*,#2740,.F.);
#2740 = EDGE_CURVE('',#423,#1301,#2741,.T.);
#2741 = LINE('',#2742,#2743);
#2742 = CARTESIAN_POINT('',(37.661701282626,-6.970787724372,-0.1));
#2743 = VECTOR('',#2744,1.);
#2744 = DIRECTION('',(0.,0.,1.));
#2745 = ORIENTED_EDGE('',*,*,#430,.T.);
#2746 = ORIENTED_EDGE('',*,*,#918,.T.);
#2747 = ORIENTED_EDGE('',*,*,#1308,.F.);
#2748 = PLANE('',#2749);
#2749 = AXIS2_PLACEMENT_3D('',#2750,#2751,#2752);
#2750 = CARTESIAN_POINT('',(37.661701282626,-6.970787724372,-0.1));
#2751 = DIRECTION('',(0.984807753012,-0.173648177667,0.));
#2752 = DIRECTION('',(0.,0.,1.));
#2753 = ADVANCED_FACE('',(#2754),#2765,.T.);
#2754 = FACE_BOUND('',#2755,.T.);
#2755 = EDGE_LOOP('',(#2756,#2757,#2758,#2759));
#2756 = ORIENTED_EDGE('',*,*,#422,.T.);
#2757 = ORIENTED_EDGE('',*,*,#2740,.T.);
#2758 = ORIENTED_EDGE('',*,*,#1300,.F.);
#2759 = ORIENTED_EDGE('',*,*,#2760,.F.);
#2760 = EDGE_CURVE('',#414,#1292,#2761,.T.);
#2761 = LINE('',#2762,#2763);
#2762 = CARTESIAN_POINT('',(39.3345741873,-7.265760352763,0.));
#2763 = VECTOR('',#2764,1.);
#2764 = DIRECTION('',(0.,0.,1.));
#2765 = PLANE('',#2766);
#2766 = AXIS2_PLACEMENT_3D('',#2767,#2768,#2769);
#2767 = CARTESIAN_POINT('',(37.661701282626,-6.970787724372,-0.1));
#2768 = DIRECTION('',(0.173648177667,0.984807753012,0.));
#2769 = DIRECTION('',(0.,0.,1.));
#2770 = ADVANCED_FACE('',(#2771),#2782,.T.);
#2771 = FACE_BOUND('',#2772,.T.);
#2772 = EDGE_LOOP('',(#2773,#2774,#2775,#2781));
#2773 = ORIENTED_EDGE('',*,*,#2760,.T.);
#2774 = ORIENTED_EDGE('',*,*,#1291,.F.);
#2775 = ORIENTED_EDGE('',*,*,#2776,.F.);
#2776 = EDGE_CURVE('',#406,#1284,#2777,.T.);
#2777 = LINE('',#2778,#2779);
#2778 = CARTESIAN_POINT('',(37.697620669627,-13.37495405034,0.));
#2779 = VECTOR('',#2780,1.);
#2780 = DIRECTION('',(0.,0.,1.));
#2781 = ORIENTED_EDGE('',*,*,#413,.T.);
#2782 = CYLINDRICAL_SURFACE('',#2783,40.);
#2783 = AXIS2_PLACEMENT_3D('',#2784,#2785,#2786);
#2784 = CARTESIAN_POINT('',(0.,0.,0.));
#2785 = DIRECTION('',(0.,0.,1.));
#2786 = DIRECTION('',(1.,0.,0.));
#2787 = ADVANCED_FACE('',(#2788),#2799,.F.);
#2788 = FACE_BOUND('',#2789,.F.);
#2789 = EDGE_LOOP('',(#2790,#2791,#2797,#2798));
#2790 = ORIENTED_EDGE('',*,*,#405,.T.);
#2791 = ORIENTED_EDGE('',*,*,#2792,.T.);
#2792 = EDGE_CURVE('',#398,#1276,#2793,.T.);
#2793 = LINE('',#2794,#2795);
#2794 = CARTESIAN_POINT('',(36.101383922681,-12.79397138761,-0.1));
#2795 = VECTOR('',#2796,1.);
#2796 = DIRECTION('',(0.,0.,1.));
#2797 = ORIENTED_EDGE('',*,*,#1283,.F.);
#2798 = ORIENTED_EDGE('',*,*,#2776,.F.);
#2799 = PLANE('',#2800);
#2800 = AXIS2_PLACEMENT_3D('',#2801,#2802,#2803);
#2801 = CARTESIAN_POINT('',(36.101383922681,-12.79397138761,-0.1));
#2802 = DIRECTION('',(0.342020143326,0.939692620786,0.));
#2803 = DIRECTION('',(0.,0.,1.));
#2804 = ADVANCED_FACE('',(#2805),#2816,.T.);
#2805 = FACE_BOUND('',#2806,.T.);
#2806 = EDGE_LOOP('',(#2807,#2813,#2814,#2815));
#2807 = ORIENTED_EDGE('',*,*,#2808,.F.);
#2808 = EDGE_CURVE('',#390,#1268,#2809,.T.);
#2809 = LINE('',#2810,#2811);
#2810 = CARTESIAN_POINT('',(35.879070829519,-13.40477159112,-0.1));
#2811 = VECTOR('',#2812,1.);
#2812 = DIRECTION('',(0.,0.,1.));
#2813 = ORIENTED_EDGE('',*,*,#397,.T.);
#2814 = ORIENTED_EDGE('',*,*,#2792,.T.);
#2815 = ORIENTED_EDGE('',*,*,#1275,.F.);
#2816 = PLANE('',#2817);
#2817 = AXIS2_PLACEMENT_3D('',#2818,#2819,#2820);
#2818 = CARTESIAN_POINT('',(35.879070829519,-13.40477159112,-0.1));
#2819 = DIRECTION('',(0.939692620786,-0.342020143326,0.));
#2820 = DIRECTION('',(0.,0.,1.));
#2821 = ADVANCED_FACE('',(#2822),#2833,.T.);
#2822 = FACE_BOUND('',#2823,.T.);
#2823 = EDGE_LOOP('',(#2824,#2825,#2826,#2827));
#2824 = ORIENTED_EDGE('',*,*,#389,.T.);
#2825 = ORIENTED_EDGE('',*,*,#2808,.T.);
#2826 = ORIENTED_EDGE('',*,*,#1267,.F.);
#2827 = ORIENTED_EDGE('',*,*,#2828,.F.);
#2828 = EDGE_CURVE('',#381,#1259,#2829,.T.);
#2829 = LINE('',#2830,#2831);
#2830 = CARTESIAN_POINT('',(37.475307576465,-13.98575425385,0.));
#2831 = VECTOR('',#2832,1.);
#2832 = DIRECTION('',(0.,0.,1.));
#2833 = PLANE('',#2834);
#2834 = AXIS2_PLACEMENT_3D('',#2835,#2836,#2837);
#2835 = CARTESIAN_POINT('',(35.879070829519,-13.40477159112,-0.1));
#2836 = DIRECTION('',(0.342020143326,0.939692620786,0.));
#2837 = DIRECTION('',(0.,0.,1.));
#2838 = ADVANCED_FACE('',(#2839),#2850,.T.);
#2839 = FACE_BOUND('',#2840,.T.);
#2840 = EDGE_LOOP('',(#2841,#2842,#2843,#2849));
#2841 = ORIENTED_EDGE('',*,*,#2828,.T.);
#2842 = ORIENTED_EDGE('',*,*,#1258,.F.);
#2843 = ORIENTED_EDGE('',*,*,#2844,.F.);
#2844 = EDGE_CURVE('',#373,#1251,#2845,.T.);
#2845 = LINE('',#2846,#2847);
#2846 = CARTESIAN_POINT('',(34.912741338026,-19.52179531354,0.));
#2847 = VECTOR('',#2848,1.);
#2848 = DIRECTION('',(0.,0.,1.));
#2849 = ORIENTED_EDGE('',*,*,#380,.T.);
#2850 = CYLINDRICAL_SURFACE('',#2851,40.);
#2851 = AXIS2_PLACEMENT_3D('',#2852,#2853,#2854);
#2852 = CARTESIAN_POINT('',(0.,0.,0.));
#2853 = DIRECTION('',(0.,0.,1.));
#2854 = DIRECTION('',(1.,0.,0.));
#2855 = ADVANCED_FACE('',(#2856),#2867,.F.);
#2856 = FACE_BOUND('',#2857,.F.);
#2857 = EDGE_LOOP('',(#2858,#2859,#2865,#2866));
#2858 = ORIENTED_EDGE('',*,*,#372,.T.);
#2859 = ORIENTED_EDGE('',*,*,#2860,.T.);
#2860 = EDGE_CURVE('',#365,#1243,#2861,.T.);
#2861 = LINE('',#2862,#2863);
#2862 = CARTESIAN_POINT('',(32.317939940024,-18.02368602791,-0.1));
#2863 = VECTOR('',#2864,1.);
#2864 = DIRECTION('',(0.,0.,1.));
#2865 = ORIENTED_EDGE('',*,*,#1250,.F.);
#2866 = ORIENTED_EDGE('',*,*,#2844,.F.);
#2867 = PLANE('',#2868);
#2868 = AXIS2_PLACEMENT_3D('',#2869,#2870,#2871);
#2869 = CARTESIAN_POINT('',(32.317939940024,-18.02368602791,-0.1));
#2870 = DIRECTION('',(0.5,0.866025403784,0.));
#2871 = DIRECTION('',(0.,0.,1.));
#2872 = ADVANCED_FACE('',(#2873),#2884,.T.);
#2873 = FACE_BOUND('',#2874,.T.);
#2874 = EDGE_LOOP('',(#2875,#2881,#2882,#2883));
#2875 = ORIENTED_EDGE('',*,*,#2876,.F.);
#2876 = EDGE_CURVE('',#357,#1235,#2877,.T.);
#2877 = LINE('',#2878,#2879);
#2878 = CARTESIAN_POINT('',(31.767939940024,-18.97631397208,-0.1));
#2879 = VECTOR('',#2880,1.);
#2880 = DIRECTION('',(0.,0.,1.));
#2881 = ORIENTED_EDGE('',*,*,#364,.T.);
#2882 = ORIENTED_EDGE('',*,*,#2860,.T.);
#2883 = ORIENTED_EDGE('',*,*,#1242,.F.);
#2884 = PLANE('',#2885);
#2885 = AXIS2_PLACEMENT_3D('',#2886,#2887,#2888);
#2886 = CARTESIAN_POINT('',(31.767939940024,-18.97631397208,-0.1));
#2887 = DIRECTION('',(0.866025403784,-0.5,0.));
#2888 = DIRECTION('',(0.,0.,1.));
#2889 = ADVANCED_FACE('',(#2890),#2901,.T.);
#2890 = FACE_BOUND('',#2891,.T.);
#2891 = EDGE_LOOP('',(#2892,#2893,#2894,#2895));
#2892 = ORIENTED_EDGE('',*,*,#356,.T.);
#2893 = ORIENTED_EDGE('',*,*,#2876,.T.);
#2894 = ORIENTED_EDGE('',*,*,#1234,.F.);
#2895 = ORIENTED_EDGE('',*,*,#2896,.F.);
#2896 = EDGE_CURVE('',#348,#1226,#2897,.T.);
#2897 = LINE('',#2898,#2899);
#2898 = CARTESIAN_POINT('',(34.362741338026,-20.47442325771,0.));
#2899 = VECTOR('',#2900,1.);
#2900 = DIRECTION('',(0.,0.,1.));
#2901 = PLANE('',#2902);
#2902 = AXIS2_PLACEMENT_3D('',#2903,#2904,#2905);
#2903 = CARTESIAN_POINT('',(31.767939940024,-18.97631397208,-0.1));
#2904 = DIRECTION('',(0.5,0.866025403784,0.));
#2905 = DIRECTION('',(0.,0.,1.));
#2906 = ADVANCED_FACE('',(#2907),#2918,.T.);
#2907 = FACE_BOUND('',#2908,.T.);
#2908 = EDGE_LOOP('',(#2909,#2910,#2911,#2917));
#2909 = ORIENTED_EDGE('',*,*,#2896,.T.);
#2910 = ORIENTED_EDGE('',*,*,#1225,.F.);
#2911 = ORIENTED_EDGE('',*,*,#2912,.F.);
#2912 = EDGE_CURVE('',#340,#1218,#2913,.T.);
#2913 = LINE('',#2914,#2915);
#2914 = CARTESIAN_POINT('',(30.849672263161,-25.46169124892,0.));
#2915 = VECTOR('',#2916,1.);
#2916 = DIRECTION('',(0.,0.,1.));
#2917 = ORIENTED_EDGE('',*,*,#347,.T.);
#2918 = CYLINDRICAL_SURFACE('',#2919,40.);
#2919 = AXIS2_PLACEMENT_3D('',#2920,#2921,#2922);
#2920 = CARTESIAN_POINT('',(0.,0.,0.));
#2921 = DIRECTION('',(0.,0.,1.));
#2922 = DIRECTION('',(1.,0.,0.));
#2923 = ADVANCED_FACE('',(#2924),#2935,.F.);
#2924 = FACE_BOUND('',#2925,.F.);
#2925 = EDGE_LOOP('',(#2926,#2927,#2933,#2934));
#2926 = ORIENTED_EDGE('',*,*,#339,.T.);
#2927 = ORIENTED_EDGE('',*,*,#2928,.T.);
#2928 = EDGE_CURVE('',#332,#1210,#2929,.T.);
#2929 = LINE('',#2930,#2931);
#2930 = CARTESIAN_POINT('',(29.548408144605,-24.36980100698,-0.1));
#2931 = VECTOR('',#2932,1.);
#2932 = DIRECTION('',(0.,0.,1.));
#2933 = ORIENTED_EDGE('',*,*,#1217,.F.);
#2934 = ORIENTED_EDGE('',*,*,#2912,.F.);
#2935 = PLANE('',#2936);
#2936 = AXIS2_PLACEMENT_3D('',#2937,#2938,#2939);
#2937 = CARTESIAN_POINT('',(29.548408144605,-24.36980100698,-0.1));
#2938 = DIRECTION('',(0.642787609687,0.766044443119,0.));
#2939 = DIRECTION('',(0.,0.,1.));
#2940 = ADVANCED_FACE('',(#2941),#2952,.T.);
#2941 = FACE_BOUND('',#2942,.T.);
#2942 = EDGE_LOOP('',(#2943,#2949,#2950,#2951));
#2943 = ORIENTED_EDGE('',*,*,#2944,.F.);
#2944 = EDGE_CURVE('',#324,#1202,#2945,.T.);
#2945 = LINE('',#2946,#2947);
#2946 = CARTESIAN_POINT('',(29.130596198309,-24.867729895,-0.1));
#2947 = VECTOR('',#2948,1.);
#2948 = DIRECTION('',(0.,0.,1.));
#2949 = ORIENTED_EDGE('',*,*,#331,.T.);
#2950 = ORIENTED_EDGE('',*,*,#2928,.T.);
#2951 = ORIENTED_EDGE('',*,*,#1209,.F.);
#2952 = PLANE('',#2953);
#2953 = AXIS2_PLACEMENT_3D('',#2954,#2955,#2956);
#2954 = CARTESIAN_POINT('',(29.130596198309,-24.867729895,-0.1));
#2955 = DIRECTION('',(0.766044443119,-0.642787609687,0.));
#2956 = DIRECTION('',(0.,0.,1.));
#2957 = ADVANCED_FACE('',(#2958),#2969,.T.);
#2958 = FACE_BOUND('',#2959,.T.);
#2959 = EDGE_LOOP('',(#2960,#2961,#2962,#2963));
#2960 = ORIENTED_EDGE('',*,*,#323,.T.);
#2961 = ORIENTED_EDGE('',*,*,#2944,.T.);
#2962 = ORIENTED_EDGE('',*,*,#1201,.F.);
#2963 = ORIENTED_EDGE('',*,*,#2964,.F.);
#2964 = EDGE_CURVE('',#315,#1193,#2965,.T.);
#2965 = LINE('',#2966,#2967);
#2966 = CARTESIAN_POINT('',(30.431860316864,-25.95962013695,0.));
#2967 = VECTOR('',#2968,1.);
#2968 = DIRECTION('',(0.,0.,1.));
#2969 = PLANE('',#2970);
#2970 = AXIS2_PLACEMENT_3D('',#2971,#2972,#2973);
#2971 = CARTESIAN_POINT('',(29.130596198309,-24.867729895,-0.1));
#2972 = DIRECTION('',(0.642787609687,0.766044443119,0.));
#2973 = DIRECTION('',(0.,0.,1.));
#2974 = ADVANCED_FACE('',(#2975),#2986,.T.);
#2975 = FACE_BOUND('',#2976,.T.);
#2976 = EDGE_LOOP('',(#2977,#2978,#2979,#2985));
#2977 = ORIENTED_EDGE('',*,*,#2964,.T.);
#2978 = ORIENTED_EDGE('',*,*,#1192,.F.);
#2979 = ORIENTED_EDGE('',*,*,#2980,.F.);
#2980 = EDGE_CURVE('',#307,#1185,#2981,.T.);
#2981 = LINE('',#2982,#2983);
#2982 = CARTESIAN_POINT('',(25.959620136952,-30.43186031686,0.));
#2983 = VECTOR('',#2984,1.);
#2984 = DIRECTION('',(0.,0.,1.));
#2985 = ORIENTED_EDGE('',*,*,#314,.T.);
#2986 = CYLINDRICAL_SURFACE('',#2987,40.);
#2987 = AXIS2_PLACEMENT_3D('',#2988,#2989,#2990);
#2988 = CARTESIAN_POINT('',(0.,0.,0.));
#2989 = DIRECTION('',(0.,0.,1.));
#2990 = DIRECTION('',(1.,0.,0.));
#2991 = ADVANCED_FACE('',(#2992),#3003,.F.);
#2992 = FACE_BOUND('',#2993,.F.);
#2993 = EDGE_LOOP('',(#2994,#2995,#3001,#3002));
#2994 = ORIENTED_EDGE('',*,*,#306,.T.);
#2995 = ORIENTED_EDGE('',*,*,#2996,.T.);
#2996 = EDGE_CURVE('',#299,#1177,#2997,.T.);
#2997 = LINE('',#2998,#2999);
#2998 = CARTESIAN_POINT('',(24.867729895008,-29.1305961983,-0.1));
#2999 = VECTOR('',#3000,1.);
#3000 = DIRECTION('',(0.,0.,1.));
#3001 = ORIENTED_EDGE('',*,*,#1184,.F.);
#3002 = ORIENTED_EDGE('',*,*,#2980,.F.);
#3003 = PLANE('',#3004);
#3004 = AXIS2_PLACEMENT_3D('',#3005,#3006,#3007);
#3005 = CARTESIAN_POINT('',(24.867729895008,-29.1305961983,-0.1));
#3006 = DIRECTION('',(0.766044443119,0.642787609687,0.));
#3007 = DIRECTION('',(0.,0.,1.));
#3008 = ADVANCED_FACE('',(#3009),#3020,.T.);
#3009 = FACE_BOUND('',#3010,.T.);
#3010 = EDGE_LOOP('',(#3011,#3017,#3018,#3019));
#3011 = ORIENTED_EDGE('',*,*,#3012,.F.);
#3012 = EDGE_CURVE('',#291,#1169,#3013,.T.);
#3013 = LINE('',#3014,#3015);
#3014 = CARTESIAN_POINT('',(24.369801006981,-29.5484081446,-0.1));
#3015 = VECTOR('',#3016,1.);
#3016 = DIRECTION('',(0.,0.,1.));
#3017 = ORIENTED_EDGE('',*,*,#298,.T.);
#3018 = ORIENTED_EDGE('',*,*,#2996,.T.);
#3019 = ORIENTED_EDGE('',*,*,#1176,.F.);
#3020 = PLANE('',#3021);
#3021 = AXIS2_PLACEMENT_3D('',#3022,#3023,#3024);
#3022 = CARTESIAN_POINT('',(24.369801006981,-29.5484081446,-0.1));
#3023 = DIRECTION('',(0.642787609687,-0.766044443119,0.));
#3024 = DIRECTION('',(0.,0.,1.));
#3025 = ADVANCED_FACE('',(#3026),#3037,.T.);
#3026 = FACE_BOUND('',#3027,.T.);
#3027 = EDGE_LOOP('',(#3028,#3029,#3030,#3031));
#3028 = ORIENTED_EDGE('',*,*,#290,.T.);
#3029 = ORIENTED_EDGE('',*,*,#3012,.T.);
#3030 = ORIENTED_EDGE('',*,*,#1168,.F.);
#3031 = ORIENTED_EDGE('',*,*,#3032,.F.);
#3032 = EDGE_CURVE('',#282,#1160,#3033,.T.);
#3033 = LINE('',#3034,#3035);
#3034 = CARTESIAN_POINT('',(25.461691248925,-30.84967226316,0.));
#3035 = VECTOR('',#3036,1.);
#3036 = DIRECTION('',(0.,0.,1.));
#3037 = PLANE('',#3038);
#3038 = AXIS2_PLACEMENT_3D('',#3039,#3040,#3041);
#3039 = CARTESIAN_POINT('',(24.369801006981,-29.5484081446,-0.1));
#3040 = DIRECTION('',(0.766044443119,0.642787609687,0.));
#3041 = DIRECTION('',(0.,0.,1.));
#3042 = ADVANCED_FACE('',(#3043),#3054,.T.);
#3043 = FACE_BOUND('',#3044,.T.);
#3044 = EDGE_LOOP('',(#3045,#3046,#3047,#3053));
#3045 = ORIENTED_EDGE('',*,*,#3032,.T.);
#3046 = ORIENTED_EDGE('',*,*,#1159,.F.);
#3047 = ORIENTED_EDGE('',*,*,#3048,.F.);
#3048 = EDGE_CURVE('',#274,#1152,#3049,.T.);
#3049 = LINE('',#3050,#3051);
#3050 = CARTESIAN_POINT('',(20.474423257711,-34.36274133802,0.));
#3051 = VECTOR('',#3052,1.);
#3052 = DIRECTION('',(0.,0.,1.));
#3053 = ORIENTED_EDGE('',*,*,#281,.T.);
#3054 = CYLINDRICAL_SURFACE('',#3055,40.);
#3055 = AXIS2_PLACEMENT_3D('',#3056,#3057,#3058);
#3056 = CARTESIAN_POINT('',(0.,0.,0.));
#3057 = DIRECTION('',(0.,0.,1.));
#3058 = DIRECTION('',(1.,0.,0.));
#3059 = ADVANCED_FACE('',(#3060),#3071,.F.);
#3060 = FACE_BOUND('',#3061,.F.);
#3061 = EDGE_LOOP('',(#3062,#3063,#3069,#3070));
#3062 = ORIENTED_EDGE('',*,*,#273,.T.);
#3063 = ORIENTED_EDGE('',*,*,#3064,.T.);
#3064 = EDGE_CURVE('',#266,#1144,#3065,.T.);
#3065 = LINE('',#3066,#3067);
#3066 = CARTESIAN_POINT('',(18.976313972081,-31.76793994002,-0.1));
#3067 = VECTOR('',#3068,1.);
#3068 = DIRECTION('',(0.,0.,1.));
#3069 = ORIENTED_EDGE('',*,*,#1151,.F.);
#3070 = ORIENTED_EDGE('',*,*,#3048,.F.);
#3071 = PLANE('',#3072);
#3072 = AXIS2_PLACEMENT_3D('',#3073,#3074,#3075);
#3073 = CARTESIAN_POINT('',(18.976313972081,-31.76793994002,-0.1));
#3074 = DIRECTION('',(0.866025403784,0.5,0.));
#3075 = DIRECTION('',(0.,0.,1.));
#3076 = ADVANCED_FACE('',(#3077),#3088,.T.);
#3077 = FACE_BOUND('',#3078,.T.);
#3078 = EDGE_LOOP('',(#3079,#3085,#3086,#3087));
#3079 = ORIENTED_EDGE('',*,*,#3080,.F.);
#3080 = EDGE_CURVE('',#258,#1136,#3081,.T.);
#3081 = LINE('',#3082,#3083);
#3082 = CARTESIAN_POINT('',(18.023686027919,-32.31793994002,-0.1));
#3083 = VECTOR('',#3084,1.);
#3084 = DIRECTION('',(0.,0.,1.));
#3085 = ORIENTED_EDGE('',*,*,#265,.T.);
#3086 = ORIENTED_EDGE('',*,*,#3064,.T.);
#3087 = ORIENTED_EDGE('',*,*,#1143,.F.);
#3088 = PLANE('',#3089);
#3089 = AXIS2_PLACEMENT_3D('',#3090,#3091,#3092);
#3090 = CARTESIAN_POINT('',(18.023686027919,-32.31793994002,-0.1));
#3091 = DIRECTION('',(0.5,-0.866025403784,0.));
#3092 = DIRECTION('',(0.,0.,1.));
#3093 = ADVANCED_FACE('',(#3094),#3105,.T.);
#3094 = FACE_BOUND('',#3095,.T.);
#3095 = EDGE_LOOP('',(#3096,#3097,#3098,#3099));
#3096 = ORIENTED_EDGE('',*,*,#257,.T.);
#3097 = ORIENTED_EDGE('',*,*,#3080,.T.);
#3098 = ORIENTED_EDGE('',*,*,#1135,.F.);
#3099 = ORIENTED_EDGE('',*,*,#3100,.F.);
#3100 = EDGE_CURVE('',#249,#1127,#3101,.T.);
#3101 = LINE('',#3102,#3103);
#3102 = CARTESIAN_POINT('',(19.521795313549,-34.91274133802,0.));
#3103 = VECTOR('',#3104,1.);
#3104 = DIRECTION('',(0.,0.,1.));
#3105 = PLANE('',#3106);
#3106 = AXIS2_PLACEMENT_3D('',#3107,#3108,#3109);
#3107 = CARTESIAN_POINT('',(18.023686027919,-32.31793994002,-0.1));
#3108 = DIRECTION('',(0.866025403784,0.5,0.));
#3109 = DIRECTION('',(0.,0.,1.));
#3110 = ADVANCED_FACE('',(#3111),#3122,.T.);
#3111 = FACE_BOUND('',#3112,.T.);
#3112 = EDGE_LOOP('',(#3113,#3114,#3115,#3121));
#3113 = ORIENTED_EDGE('',*,*,#3100,.T.);
#3114 = ORIENTED_EDGE('',*,*,#1126,.F.);
#3115 = ORIENTED_EDGE('',*,*,#3116,.F.);
#3116 = EDGE_CURVE('',#241,#1119,#3117,.T.);
#3117 = LINE('',#3118,#3119);
#3118 = CARTESIAN_POINT('',(13.985754253859,-37.47530757646,0.));
#3119 = VECTOR('',#3120,1.);
#3120 = DIRECTION('',(0.,0.,1.));
#3121 = ORIENTED_EDGE('',*,*,#248,.T.);
#3122 = CYLINDRICAL_SURFACE('',#3123,40.);
#3123 = AXIS2_PLACEMENT_3D('',#3124,#3125,#3126);
#3124 = CARTESIAN_POINT('',(0.,0.,0.));
#3125 = DIRECTION('',(0.,0.,1.));
#3126 = DIRECTION('',(1.,0.,0.));
#3127 = ADVANCED_FACE('',(#3128),#3139,.F.);
#3128 = FACE_BOUND('',#3129,.F.);
#3129 = EDGE_LOOP('',(#3130,#3131,#3137,#3138));
#3130 = ORIENTED_EDGE('',*,*,#240,.T.);
#3131 = ORIENTED_EDGE('',*,*,#3132,.T.);
#3132 = EDGE_CURVE('',#233,#1111,#3133,.T.);
#3133 = LINE('',#3134,#3135);
#3134 = CARTESIAN_POINT('',(13.404771591129,-35.87907082951,-0.1));
#3135 = VECTOR('',#3136,1.);
#3136 = DIRECTION('',(0.,0.,1.));
#3137 = ORIENTED_EDGE('',*,*,#1118,.F.);
#3138 = ORIENTED_EDGE('',*,*,#3116,.F.);
#3139 = PLANE('',#3140);
#3140 = AXIS2_PLACEMENT_3D('',#3141,#3142,#3143);
#3141 = CARTESIAN_POINT('',(13.404771591129,-35.87907082951,-0.1));
#3142 = DIRECTION('',(0.939692620786,0.342020143326,0.));
#3143 = DIRECTION('',(0.,0.,1.));
#3144 = ADVANCED_FACE('',(#3145),#3156,.T.);
#3145 = FACE_BOUND('',#3146,.T.);
#3146 = EDGE_LOOP('',(#3147,#3153,#3154,#3155));
#3147 = ORIENTED_EDGE('',*,*,#3148,.F.);
#3148 = EDGE_CURVE('',#225,#1103,#3149,.T.);
#3149 = LINE('',#3150,#3151);
#3150 = CARTESIAN_POINT('',(12.793971387618,-36.10138392268,-0.1));
#3151 = VECTOR('',#3152,1.);
#3152 = DIRECTION('',(0.,0.,1.));
#3153 = ORIENTED_EDGE('',*,*,#232,.T.);
#3154 = ORIENTED_EDGE('',*,*,#3132,.T.);
#3155 = ORIENTED_EDGE('',*,*,#1110,.F.);
#3156 = PLANE('',#3157);
#3157 = AXIS2_PLACEMENT_3D('',#3158,#3159,#3160);
#3158 = CARTESIAN_POINT('',(12.793971387618,-36.10138392268,-0.1));
#3159 = DIRECTION('',(0.342020143326,-0.939692620786,0.));
#3160 = DIRECTION('',(0.,0.,1.));
#3161 = ADVANCED_FACE('',(#3162),#3173,.T.);
#3162 = FACE_BOUND('',#3163,.T.);
#3163 = EDGE_LOOP('',(#3164,#3165,#3166,#3167));
#3164 = ORIENTED_EDGE('',*,*,#224,.T.);
#3165 = ORIENTED_EDGE('',*,*,#3148,.T.);
#3166 = ORIENTED_EDGE('',*,*,#1102,.F.);
#3167 = ORIENTED_EDGE('',*,*,#3168,.F.);
#3168 = EDGE_CURVE('',#216,#1094,#3169,.T.);
#3169 = LINE('',#3170,#3171);
#3170 = CARTESIAN_POINT('',(13.374954050348,-37.69762066962,0.));
#3171 = VECTOR('',#3172,1.);
#3172 = DIRECTION('',(0.,0.,1.));
#3173 = PLANE('',#3174);
#3174 = AXIS2_PLACEMENT_3D('',#3175,#3176,#3177);
#3175 = CARTESIAN_POINT('',(12.793971387618,-36.10138392268,-0.1));
#3176 = DIRECTION('',(0.939692620786,0.342020143326,0.));
#3177 = DIRECTION('',(0.,0.,1.));
#3178 = ADVANCED_FACE('',(#3179),#3190,.T.);
#3179 = FACE_BOUND('',#3180,.T.);
#3180 = EDGE_LOOP('',(#3181,#3182,#3183,#3189));
#3181 = ORIENTED_EDGE('',*,*,#3168,.T.);
#3182 = ORIENTED_EDGE('',*,*,#1093,.F.);
#3183 = ORIENTED_EDGE('',*,*,#3184,.F.);
#3184 = EDGE_CURVE('',#208,#1086,#3185,.T.);
#3185 = LINE('',#3186,#3187);
#3186 = CARTESIAN_POINT('',(7.265760352763,-39.3345741873,0.));
#3187 = VECTOR('',#3188,1.);
#3188 = DIRECTION('',(0.,0.,1.));
#3189 = ORIENTED_EDGE('',*,*,#215,.T.);
#3190 = CYLINDRICAL_SURFACE('',#3191,40.);
#3191 = AXIS2_PLACEMENT_3D('',#3192,#3193,#3194);
#3192 = CARTESIAN_POINT('',(0.,0.,0.));
#3193 = DIRECTION('',(0.,0.,1.));
#3194 = DIRECTION('',(1.,0.,0.));
#3195 = ADVANCED_FACE('',(#3196),#3207,.F.);
#3196 = FACE_BOUND('',#3197,.F.);
#3197 = EDGE_LOOP('',(#3198,#3199,#3205,#3206));
#3198 = ORIENTED_EDGE('',*,*,#207,.T.);
#3199 = ORIENTED_EDGE('',*,*,#3200,.T.);
#3200 = EDGE_CURVE('',#200,#1078,#3201,.T.);
#3201 = LINE('',#3202,#3203);
#3202 = CARTESIAN_POINT('',(6.970787724372,-37.66170128262,-0.1));
#3203 = VECTOR('',#3204,1.);
#3204 = DIRECTION('',(0.,0.,1.));
#3205 = ORIENTED_EDGE('',*,*,#1085,.F.);
#3206 = ORIENTED_EDGE('',*,*,#3184,.F.);
#3207 = PLANE('',#3208);
#3208 = AXIS2_PLACEMENT_3D('',#3209,#3210,#3211);
#3209 = CARTESIAN_POINT('',(6.970787724372,-37.66170128262,-0.1));
#3210 = DIRECTION('',(0.984807753012,0.173648177667,0.));
#3211 = DIRECTION('',(0.,0.,1.));
#3212 = ADVANCED_FACE('',(#3213),#3224,.T.);
#3213 = FACE_BOUND('',#3214,.T.);
#3214 = EDGE_LOOP('',(#3215,#3221,#3222,#3223));
#3215 = ORIENTED_EDGE('',*,*,#3216,.F.);
#3216 = EDGE_CURVE('',#192,#1070,#3217,.T.);
#3217 = LINE('',#3218,#3219);
#3218 = CARTESIAN_POINT('',(6.330662684914,-37.7745725981,-0.1));
#3219 = VECTOR('',#3220,1.);
#3220 = DIRECTION('',(0.,0.,1.));
#3221 = ORIENTED_EDGE('',*,*,#199,.T.);
#3222 = ORIENTED_EDGE('',*,*,#3200,.T.);
#3223 = ORIENTED_EDGE('',*,*,#1077,.F.);
#3224 = PLANE('',#3225);
#3225 = AXIS2_PLACEMENT_3D('',#3226,#3227,#3228);
#3226 = CARTESIAN_POINT('',(6.330662684914,-37.7745725981,-0.1));
#3227 = DIRECTION('',(0.173648177667,-0.984807753012,0.));
#3228 = DIRECTION('',(0.,0.,1.));
#3229 = ADVANCED_FACE('',(#3230),#3241,.T.);
#3230 = FACE_BOUND('',#3231,.T.);
#3231 = EDGE_LOOP('',(#3232,#3233,#3234,#3235));
#3232 = ORIENTED_EDGE('',*,*,#191,.T.);
#3233 = ORIENTED_EDGE('',*,*,#3216,.T.);
#3234 = ORIENTED_EDGE('',*,*,#1069,.F.);
#3235 = ORIENTED_EDGE('',*,*,#3236,.F.);
#3236 = EDGE_CURVE('',#183,#1061,#3237,.T.);
#3237 = LINE('',#3238,#3239);
#3238 = CARTESIAN_POINT('',(6.625635313305,-39.44744550278,0.));
#3239 = VECTOR('',#3240,1.);
#3240 = DIRECTION('',(0.,0.,1.));
#3241 = PLANE('',#3242);
#3242 = AXIS2_PLACEMENT_3D('',#3243,#3244,#3245);
#3243 = CARTESIAN_POINT('',(6.330662684914,-37.7745725981,-0.1));
#3244 = DIRECTION('',(0.984807753012,0.173648177667,0.));
#3245 = DIRECTION('',(0.,0.,1.));
#3246 = ADVANCED_FACE('',(#3247),#3258,.T.);
#3247 = FACE_BOUND('',#3248,.T.);
#3248 = EDGE_LOOP('',(#3249,#3250,#3251,#3257));
#3249 = ORIENTED_EDGE('',*,*,#3236,.T.);
#3250 = ORIENTED_EDGE('',*,*,#1060,.F.);
#3251 = ORIENTED_EDGE('',*,*,#3252,.F.);
#3252 = EDGE_CURVE('',#175,#1053,#3253,.T.);
#3253 = LINE('',#3254,#3255);
#3254 = CARTESIAN_POINT('',(0.55,-39.99621857126,0.));
#3255 = VECTOR('',#3256,1.);
#3256 = DIRECTION('',(0.,0.,1.));
#3257 = ORIENTED_EDGE('',*,*,#182,.T.);
#3258 = CYLINDRICAL_SURFACE('',#3259,40.);
#3259 = AXIS2_PLACEMENT_3D('',#3260,#3261,#3262);
#3260 = CARTESIAN_POINT('',(0.,0.,0.));
#3261 = DIRECTION('',(0.,0.,1.));
#3262 = DIRECTION('',(1.,0.,0.));
#3263 = ADVANCED_FACE('',(#3264),#3275,.F.);
#3264 = FACE_BOUND('',#3265,.F.);
#3265 = EDGE_LOOP('',(#3266,#3267,#3268,#3274));
#3266 = ORIENTED_EDGE('',*,*,#3252,.F.);
#3267 = ORIENTED_EDGE('',*,*,#174,.T.);
#3268 = ORIENTED_EDGE('',*,*,#3269,.T.);
#3269 = EDGE_CURVE('',#166,#1044,#3270,.T.);
#3270 = LINE('',#3271,#3272);
#3271 = CARTESIAN_POINT('',(0.55,-37.02909286833,0.));
#3272 = VECTOR('',#3273,1.);
#3273 = DIRECTION('',(0.,0.,1.));
#3274 = ORIENTED_EDGE('',*,*,#1052,.F.);
#3275 = PLANE('',#3276);
#3276 = AXIS2_PLACEMENT_3D('',#3277,#3278,#3279);
#3277 = CARTESIAN_POINT('',(0.55,-37.,-0.1));
#3278 = DIRECTION('',(1.,1.110223024625E-16,0.));
#3279 = DIRECTION('',(0.,0.,1.));
#3280 = ADVANCED_FACE('',(#3281),#3292,.F.);
#3281 = FACE_BOUND('',#3282,.F.);
#3282 = EDGE_LOOP('',(#3283,#3289,#3290,#3291));
#3283 = ORIENTED_EDGE('',*,*,#3284,.T.);
#3284 = EDGE_CURVE('',#157,#1035,#3285,.T.);
#3285 = LINE('',#3286,#3287);
#3286 = CARTESIAN_POINT('',(1.625,-35.5,0.));
#3287 = VECTOR('',#3288,1.);
#3288 = DIRECTION('',(0.,0.,1.));
#3289 = ORIENTED_EDGE('',*,*,#1043,.F.);
#3290 = ORIENTED_EDGE('',*,*,#3269,.F.);
#3291 = ORIENTED_EDGE('',*,*,#165,.T.);
#3292 = CYLINDRICAL_SURFACE('',#3293,1.625);
#3293 = AXIS2_PLACEMENT_3D('',#3294,#3295,#3296);
#3294 = CARTESIAN_POINT('',(2.173748068487E-15,-35.5,0.));
#3295 = DIRECTION('',(0.,0.,1.));
#3296 = DIRECTION('',(1.,0.,0.));
#3297 = ADVANCED_FACE('',(#3298),#3309,.F.);
#3298 = FACE_BOUND('',#3299,.F.);
#3299 = EDGE_LOOP('',(#3300,#3301,#3302,#3303));
#3300 = ORIENTED_EDGE('',*,*,#1034,.F.);
#3301 = ORIENTED_EDGE('',*,*,#3284,.F.);
#3302 = ORIENTED_EDGE('',*,*,#156,.T.);
#3303 = ORIENTED_EDGE('',*,*,#3304,.T.);
#3304 = EDGE_CURVE('',#149,#1027,#3305,.T.);
#3305 = LINE('',#3306,#3307);
#3306 = CARTESIAN_POINT('',(-0.55,-37.02909286833,0.));
#3307 = VECTOR('',#3308,1.);
#3308 = DIRECTION('',(0.,0.,1.));
#3309 = CYLINDRICAL_SURFACE('',#3310,1.625);
#3310 = AXIS2_PLACEMENT_3D('',#3311,#3312,#3313);
#3311 = CARTESIAN_POINT('',(2.173748068487E-15,-35.5,0.));
#3312 = DIRECTION('',(0.,0.,1.));
#3313 = DIRECTION('',(1.,0.,0.));
#3314 = ADVANCED_FACE('',(#3315),#3326,.T.);
#3315 = FACE_BOUND('',#3316,.T.);
#3316 = EDGE_LOOP('',(#3317,#3323,#3324,#3325));
#3317 = ORIENTED_EDGE('',*,*,#3318,.F.);
#3318 = EDGE_CURVE('',#140,#1018,#3319,.T.);
#3319 = LINE('',#3320,#3321);
#3320 = CARTESIAN_POINT('',(-0.55,-39.99621857126,0.));
#3321 = VECTOR('',#3322,1.);
#3322 = DIRECTION('',(0.,0.,1.));
#3323 = ORIENTED_EDGE('',*,*,#148,.T.);
#3324 = ORIENTED_EDGE('',*,*,#3304,.T.);
#3325 = ORIENTED_EDGE('',*,*,#1026,.F.);
#3326 = PLANE('',#3327);
#3327 = AXIS2_PLACEMENT_3D('',#3328,#3329,#3330);
#3328 = CARTESIAN_POINT('',(-0.55,-37.,-0.1));
#3329 = DIRECTION('',(1.,1.110223024625E-16,0.));
#3330 = DIRECTION('',(0.,0.,1.));
#3331 = ADVANCED_FACE('',(#3332),#3343,.T.);
#3332 = FACE_BOUND('',#3333,.T.);
#3333 = EDGE_LOOP('',(#3334,#3335,#3336,#3342));
#3334 = ORIENTED_EDGE('',*,*,#3318,.T.);
#3335 = ORIENTED_EDGE('',*,*,#1017,.F.);
#3336 = ORIENTED_EDGE('',*,*,#3337,.F.);
#3337 = EDGE_CURVE('',#132,#1010,#3338,.T.);
#3338 = LINE('',#3339,#3340);
#3339 = CARTESIAN_POINT('',(-6.625635313305,-39.44744550278,0.));
#3340 = VECTOR('',#3341,1.);
#3341 = DIRECTION('',(0.,0.,1.));
#3342 = ORIENTED_EDGE('',*,*,#139,.T.);
#3343 = CYLINDRICAL_SURFACE('',#3344,40.);
#3344 = AXIS2_PLACEMENT_3D('',#3345,#3346,#3347);
#3345 = CARTESIAN_POINT('',(0.,0.,0.));
#3346 = DIRECTION('',(0.,0.,1.));
#3347 = DIRECTION('',(1.,0.,0.));
#3348 = ADVANCED_FACE('',(#3349),#3360,.F.);
#3349 = FACE_BOUND('',#3350,.F.);
#3350 = EDGE_LOOP('',(#3351,#3352,#3358,#3359));
#3351 = ORIENTED_EDGE('',*,*,#131,.T.);
#3352 = ORIENTED_EDGE('',*,*,#3353,.T.);
#3353 = EDGE_CURVE('',#124,#1002,#3354,.T.);
#3354 = LINE('',#3355,#3356);
#3355 = CARTESIAN_POINT('',(-6.330662684914,-37.7745725981,-0.1));
#3356 = VECTOR('',#3357,1.);
#3357 = DIRECTION('',(0.,0.,1.));
#3358 = ORIENTED_EDGE('',*,*,#1009,.F.);
#3359 = ORIENTED_EDGE('',*,*,#3337,.F.);
#3360 = PLANE('',#3361);
#3361 = AXIS2_PLACEMENT_3D('',#3362,#3363,#3364);
#3362 = CARTESIAN_POINT('',(-6.330662684914,-37.7745725981,-0.1));
#3363 = DIRECTION('',(0.984807753012,-0.173648177667,0.));
#3364 = DIRECTION('',(0.,0.,1.));
#3365 = ADVANCED_FACE('',(#3366),#3377,.T.);
#3366 = FACE_BOUND('',#3367,.T.);
#3367 = EDGE_LOOP('',(#3368,#3374,#3375,#3376));
#3368 = ORIENTED_EDGE('',*,*,#3369,.F.);
#3369 = EDGE_CURVE('',#116,#994,#3370,.T.);
#3370 = LINE('',#3371,#3372);
#3371 = CARTESIAN_POINT('',(-6.970787724372,-37.66170128262,-0.1));
#3372 = VECTOR('',#3373,1.);
#3373 = DIRECTION('',(0.,0.,1.));
#3374 = ORIENTED_EDGE('',*,*,#123,.T.);
#3375 = ORIENTED_EDGE('',*,*,#3353,.T.);
#3376 = ORIENTED_EDGE('',*,*,#1001,.F.);
#3377 = PLANE('',#3378);
#3378 = AXIS2_PLACEMENT_3D('',#3379,#3380,#3381);
#3379 = CARTESIAN_POINT('',(-6.970787724372,-37.66170128262,-0.1));
#3380 = DIRECTION('',(-0.173648177667,-0.984807753012,0.));
#3381 = DIRECTION('',(0.,0.,1.));
#3382 = ADVANCED_FACE('',(#3383),#3394,.T.);
#3383 = FACE_BOUND('',#3384,.T.);
#3384 = EDGE_LOOP('',(#3385,#3386,#3387,#3388));
#3385 = ORIENTED_EDGE('',*,*,#115,.T.);
#3386 = ORIENTED_EDGE('',*,*,#3369,.T.);
#3387 = ORIENTED_EDGE('',*,*,#993,.F.);
#3388 = ORIENTED_EDGE('',*,*,#3389,.F.);
#3389 = EDGE_CURVE('',#107,#985,#3390,.T.);
#3390 = LINE('',#3391,#3392);
#3391 = CARTESIAN_POINT('',(-7.265760352763,-39.3345741873,0.));
#3392 = VECTOR('',#3393,1.);
#3393 = DIRECTION('',(0.,0.,1.));
#3394 = PLANE('',#3395);
#3395 = AXIS2_PLACEMENT_3D('',#3396,#3397,#3398);
#3396 = CARTESIAN_POINT('',(-6.970787724372,-37.66170128262,-0.1));
#3397 = DIRECTION('',(0.984807753012,-0.173648177667,0.));
#3398 = DIRECTION('',(0.,0.,1.));
#3399 = ADVANCED_FACE('',(#3400),#3411,.T.);
#3400 = FACE_BOUND('',#3401,.T.);
#3401 = EDGE_LOOP('',(#3402,#3403,#3404,#3410));
#3402 = ORIENTED_EDGE('',*,*,#3389,.T.);
#3403 = ORIENTED_EDGE('',*,*,#984,.F.);
#3404 = ORIENTED_EDGE('',*,*,#3405,.F.);
#3405 = EDGE_CURVE('',#99,#977,#3406,.T.);
#3406 = LINE('',#3407,#3408);
#3407 = CARTESIAN_POINT('',(-13.37495405034,-37.69762066962,0.));
#3408 = VECTOR('',#3409,1.);
#3409 = DIRECTION('',(0.,0.,1.));
#3410 = ORIENTED_EDGE('',*,*,#106,.T.);
#3411 = CYLINDRICAL_SURFACE('',#3412,40.);
#3412 = AXIS2_PLACEMENT_3D('',#3413,#3414,#3415);
#3413 = CARTESIAN_POINT('',(0.,0.,0.));
#3414 = DIRECTION('',(0.,0.,1.));
#3415 = DIRECTION('',(1.,0.,0.));
#3416 = ADVANCED_FACE('',(#3417),#3428,.F.);
#3417 = FACE_BOUND('',#3418,.F.);
#3418 = EDGE_LOOP('',(#3419,#3420,#3426,#3427));
#3419 = ORIENTED_EDGE('',*,*,#98,.T.);
#3420 = ORIENTED_EDGE('',*,*,#3421,.T.);
#3421 = EDGE_CURVE('',#91,#969,#3422,.T.);
#3422 = LINE('',#3423,#3424);
#3423 = CARTESIAN_POINT('',(-12.79397138761,-36.10138392268,-0.1));
#3424 = VECTOR('',#3425,1.);
#3425 = DIRECTION('',(0.,0.,1.));
#3426 = ORIENTED_EDGE('',*,*,#976,.F.);
#3427 = ORIENTED_EDGE('',*,*,#3405,.F.);
#3428 = PLANE('',#3429);
#3429 = AXIS2_PLACEMENT_3D('',#3430,#3431,#3432);
#3430 = CARTESIAN_POINT('',(-12.79397138761,-36.10138392268,-0.1));
#3431 = DIRECTION('',(0.939692620786,-0.342020143326,0.));
#3432 = DIRECTION('',(0.,0.,1.));
#3433 = ADVANCED_FACE('',(#3434),#3445,.T.);
#3434 = FACE_BOUND('',#3435,.T.);
#3435 = EDGE_LOOP('',(#3436,#3442,#3443,#3444));
#3436 = ORIENTED_EDGE('',*,*,#3437,.F.);
#3437 = EDGE_CURVE('',#83,#961,#3438,.T.);
#3438 = LINE('',#3439,#3440);
#3439 = CARTESIAN_POINT('',(-13.40477159112,-35.87907082951,-0.1));
#3440 = VECTOR('',#3441,1.);
#3441 = DIRECTION('',(0.,0.,1.));
#3442 = ORIENTED_EDGE('',*,*,#90,.T.);
#3443 = ORIENTED_EDGE('',*,*,#3421,.T.);
#3444 = ORIENTED_EDGE('',*,*,#968,.F.);
#3445 = PLANE('',#3446);
#3446 = AXIS2_PLACEMENT_3D('',#3447,#3448,#3449);
#3447 = CARTESIAN_POINT('',(-13.40477159112,-35.87907082951,-0.1));
#3448 = DIRECTION('',(-0.342020143326,-0.939692620786,0.));
#3449 = DIRECTION('',(0.,0.,1.));
#3450 = ADVANCED_FACE('',(#3451),#3462,.T.);
#3451 = FACE_BOUND('',#3452,.T.);
#3452 = EDGE_LOOP('',(#3453,#3454,#3455,#3456));
#3453 = ORIENTED_EDGE('',*,*,#82,.T.);
#3454 = ORIENTED_EDGE('',*,*,#3437,.T.);
#3455 = ORIENTED_EDGE('',*,*,#960,.F.);
#3456 = ORIENTED_EDGE('',*,*,#3457,.F.);
#3457 = EDGE_CURVE('',#74,#952,#3458,.T.);
#3458 = LINE('',#3459,#3460);
#3459 = CARTESIAN_POINT('',(-13.98575425385,-37.47530757646,0.));
#3460 = VECTOR('',#3461,1.);
#3461 = DIRECTION('',(0.,0.,1.));
#3462 = PLANE('',#3463);
#3463 = AXIS2_PLACEMENT_3D('',#3464,#3465,#3466);
#3464 = CARTESIAN_POINT('',(-13.40477159112,-35.87907082951,-0.1));
#3465 = DIRECTION('',(0.939692620786,-0.342020143326,0.));
#3466 = DIRECTION('',(0.,0.,1.));
#3467 = ADVANCED_FACE('',(#3468),#3474,.T.);
#3468 = FACE_BOUND('',#3469,.T.);
#3469 = EDGE_LOOP('',(#3470,#3471,#3472,#3473));
#3470 = ORIENTED_EDGE('',*,*,#3457,.T.);
#3471 = ORIENTED_EDGE('',*,*,#951,.F.);
#3472 = ORIENTED_EDGE('',*,*,#1813,.F.);
#3473 = ORIENTED_EDGE('',*,*,#73,.T.);
#3474 = CYLINDRICAL_SURFACE('',#3475,40.);
#3475 = AXIS2_PLACEMENT_3D('',#3476,#3477,#3478);
#3476 = CARTESIAN_POINT('',(0.,0.,0.));
#3477 = DIRECTION('',(0.,0.,1.));
#3478 = DIRECTION('',(1.,0.,0.));
#3479 = ADVANCED_FACE('',(#3480),#3491,.F.);
#3480 = FACE_BOUND('',#3481,.F.);
#3481 = EDGE_LOOP('',(#3482,#3483,#3489,#3490));
#3482 = ORIENTED_EDGE('',*,*,#1771,.F.);
#3483 = ORIENTED_EDGE('',*,*,#3484,.F.);
#3484 = EDGE_CURVE('',#901,#1772,#3485,.T.);
#3485 = LINE('',#3486,#3487);
#3486 = CARTESIAN_POINT('',(31.,-7.592810154714E-15,0.));
#3487 = VECTOR('',#3488,1.);
#3488 = DIRECTION('',(0.,0.,1.));
#3489 = ORIENTED_EDGE('',*,*,#900,.T.);
#3490 = ORIENTED_EDGE('',*,*,#3484,.T.);
#3491 = CYLINDRICAL_SURFACE('',#3492,31.);
#3492 = AXIS2_PLACEMENT_3D('',#3493,#3494,#3495);
#3493 = CARTESIAN_POINT('',(0.,0.,0.));
#3494 = DIRECTION('',(0.,0.,1.));
#3495 = DIRECTION('',(1.,0.,0.));
#3496 = ( GEOMETRIC_REPRESENTATION_CONTEXT(3) 
GLOBAL_UNCERTAINTY_ASSIGNED_CONTEXT((#3500)) 
GLOBAL_UNIT_ASSIGNED_CONTEXT((#3497,#3498,#3499)) REPRESENTATION_CONTEXT
('Context #1','3D Context with UNIT and UNCERTAINTY') );
#3497 = ( LENGTH_UNIT() NAMED_UNIT(*) SI_UNIT(.MILLI.,.METRE.) );
#3498 = ( NAMED_UNIT(*) PLANE_ANGLE_UNIT() SI_UNIT($,.RADIAN.) );
#3499 = ( NAMED_UNIT(*) SI_UNIT($,.STERADIAN.) SOLID_ANGLE_UNIT() );
#3500 = UNCERTAINTY_MEASURE_WITH_UNIT(LENGTH_MEASURE(2.E-07),#3497,
  'distance_accuracy_value','confusion accuracy');
#3501 = PRODUCT_RELATED_PRODUCT_CATEGORY('part',$,(#7));
ENDSEC;
END-ISO-10303-21;
