ISO-10303-21;
HEADER;
FILE_DESCRIPTION(('FreeCAD Model'),'2;1');
FILE_NAME('Open CASCADE Shape Model','2026-08-01T10:21:51',('FreeCAD'),(
    'FreeCAD'),'Open CASCADE STEP processor 7.8','FreeCAD','Unknown');
FILE_SCHEMA(('AUTOMOTIVE_DESIGN { 1 0 10303 214 1 1 1 1 }'));
ENDSEC;
DATA;
#1 = APPLICATION_PROTOCOL_DEFINITION('international standard',
  'automotive_design',2000,#2);
#2 = APPLICATION_CONTEXT(
  'core data for automotive mechanical design processes');
#3 = SHAPE_DEFINITION_REPRESENTATION(#4,#10);
#4 = PRODUCT_DEFINITION_SHAPE('','',#5);
#5 = PRODUCT_DEFINITION('design','',#6,#9);
#6 = PRODUCT_DEFINITION_FORMATION('','',#7);
#7 = PRODUCT('Open CASCADE STEP translator 7.8 166',
  'Open CASCADE STEP translator 7.8 166','',(#8));
#8 = PRODUCT_CONTEXT('',#2,'mechanical');
#9 = PRODUCT_DEFINITION_CONTEXT('part definition',#2,'design');
#10 = ADVANCED_BREP_SHAPE_REPRESENTATION('',(#11,#15),#6536);
#11 = AXIS2_PLACEMENT_3D('',#12,#13,#14);
#12 = CARTESIAN_POINT('',(0.,0.,0.));
#13 = DIRECTION('',(0.,0.,1.));
#14 = DIRECTION('',(1.,0.,-0.));
#15 = MANIFOLD_SOLID_BREP('',#16);
#16 = CLOSED_SHELL('',(#17,#127,#158,#189,#214,#239,#1432,#1753,#1777,
    #1801,#1825,#1849,#1873,#1897,#1921,#1945,#1969,#1993,#2010,#2034,
    #2058,#2082,#2106,#2130,#2154,#2178,#2202,#2226,#2250,#2267,#2291,
    #2315,#2339,#2363,#2387,#2411,#2435,#2459,#2483,#2507,#2524,#2548,
    #2572,#2596,#2620,#2644,#2668,#2692,#2716,#2740,#2764,#2781,#2805,
    #2829,#2853,#2877,#2901,#2925,#2949,#2973,#2997,#3021,#3038,#3062,
    #3086,#3110,#3134,#3158,#3182,#3206,#3230,#3254,#3278,#3295,#3319,
    #3343,#3367,#3391,#3415,#3439,#3463,#3487,#3511,#3535,#3552,#3576,
    #3600,#3624,#3648,#3672,#3696,#3720,#3744,#3768,#3792,#3809,#3833,
    #3857,#3881,#3905,#3929,#3953,#3977,#4001,#4025,#4049,#4066,#4090,
    #4114,#4138,#4162,#4186,#4210,#4234,#4258,#4282,#4306,#4323,#4347,
    #4371,#4395,#4419,#4443,#4467,#4491,#4515,#4539,#4563,#4580,#4604,
    #4628,#4652,#4676,#4700,#4724,#4748,#4772,#4796,#4820,#4837,#4858,
    #4878,#4898,#4918,#4938,#4958,#4978,#4998,#5018,#5038,#5058,#5078,
    #5134,#5166,#5182,#5471,#5503,#5519,#5551,#5567,#5598,#5622,#5653,
    #5678,#5702,#5726,#5750,#5772,#5803,#5827,#5997,#6028,#6052,#6083,
    #6108,#6132,#6156,#6180,#6198,#6229,#6253,#6332,#6346,#6360,#6382,
    #6436,#6462,#6476,#6494,#6508,#6522));
#17 = ADVANCED_FACE('',(#18),#122,.T.);
#18 = FACE_BOUND('',#19,.T.);
#19 = EDGE_LOOP('',(#20,#31,#39,#48,#56,#65,#73,#82,#90,#99,#107,#116));
#20 = ORIENTED_EDGE('',*,*,#21,.F.);
#21 = EDGE_CURVE('',#22,#24,#26,.T.);
#22 = VERTEX_POINT('',#23);
#23 = CARTESIAN_POINT('',(-8.,14.,7.));
#24 = VERTEX_POINT('',#25);
#25 = CARTESIAN_POINT('',(-8.,-14.,7.));
#26 = CIRCLE('',#27,14.);
#27 = AXIS2_PLACEMENT_3D('',#28,#29,#30);
#28 = CARTESIAN_POINT('',(-8.,0.,7.));
#29 = DIRECTION('',(0.,0.,1.));
#30 = DIRECTION('',(1.,0.,0.));
#31 = ORIENTED_EDGE('',*,*,#32,.F.);
#32 = EDGE_CURVE('',#33,#22,#35,.T.);
#33 = VERTEX_POINT('',#34);
#34 = CARTESIAN_POINT('',(-8.,14.,0.));
#35 = LINE('',#36,#37);
#36 = CARTESIAN_POINT('',(-8.,14.,0.));
#37 = VECTOR('',#38,1.);
#38 = DIRECTION('',(0.,0.,1.));
#39 = ORIENTED_EDGE('',*,*,#40,.T.);
#40 = EDGE_CURVE('',#33,#41,#43,.T.);
#41 = VERTEX_POINT('',#42);
#42 = CARTESIAN_POINT('',(-15.37509370553,11.899915665022,0.));
#43 = CIRCLE('',#44,14.);
#44 = AXIS2_PLACEMENT_3D('',#45,#46,#47);
#45 = CARTESIAN_POINT('',(-8.,0.,0.));
#46 = DIRECTION('',(0.,0.,1.));
#47 = DIRECTION('',(1.,0.,0.));
#48 = ORIENTED_EDGE('',*,*,#49,.T.);
#49 = EDGE_CURVE('',#41,#50,#52,.T.);
#50 = VERTEX_POINT('',#51);
#51 = CARTESIAN_POINT('',(-15.37509370553,11.899915665022,4.01));
#52 = LINE('',#53,#54);
#53 = CARTESIAN_POINT('',(-15.37509370553,11.899915665022,0.));
#54 = VECTOR('',#55,1.);
#55 = DIRECTION('',(0.,0.,1.));
#56 = ORIENTED_EDGE('',*,*,#57,.T.);
#57 = EDGE_CURVE('',#50,#58,#60,.T.);
#58 = VERTEX_POINT('',#59);
#59 = CARTESIAN_POINT('',(-19.05998916739,8.583509749343,4.01));
#60 = CIRCLE('',#61,14.);
#61 = AXIS2_PLACEMENT_3D('',#62,#63,#64);
#62 = CARTESIAN_POINT('',(-8.,0.,4.01));
#63 = DIRECTION('',(0.,0.,1.));
#64 = DIRECTION('',(1.,0.,0.));
#65 = ORIENTED_EDGE('',*,*,#66,.F.);
#66 = EDGE_CURVE('',#67,#58,#69,.T.);
#67 = VERTEX_POINT('',#68);
#68 = CARTESIAN_POINT('',(-19.05998916739,8.583509749343,0.));
#69 = LINE('',#70,#71);
#70 = CARTESIAN_POINT('',(-19.05998916739,8.583509749343,0.));
#71 = VECTOR('',#72,1.);
#72 = DIRECTION('',(0.,0.,1.));
#73 = ORIENTED_EDGE('',*,*,#74,.T.);
#74 = EDGE_CURVE('',#67,#75,#77,.T.);
#75 = VERTEX_POINT('',#76);
#76 = CARTESIAN_POINT('',(-19.05998916739,-8.583509749343,0.));
#77 = CIRCLE('',#78,14.);
#78 = AXIS2_PLACEMENT_3D('',#79,#80,#81);
#79 = CARTESIAN_POINT('',(-8.,0.,0.));
#80 = DIRECTION('',(0.,0.,1.));
#81 = DIRECTION('',(1.,0.,0.));
#82 = ORIENTED_EDGE('',*,*,#83,.T.);
#83 = EDGE_CURVE('',#75,#84,#86,.T.);
#84 = VERTEX_POINT('',#85);
#85 = CARTESIAN_POINT('',(-19.05998916739,-8.583509749343,4.01));
#86 = LINE('',#87,#88);
#87 = CARTESIAN_POINT('',(-19.05998916739,-8.583509749343,0.));
#88 = VECTOR('',#89,1.);
#89 = DIRECTION('',(0.,0.,1.));
#90 = ORIENTED_EDGE('',*,*,#91,.T.);
#91 = EDGE_CURVE('',#84,#92,#94,.T.);
#92 = VERTEX_POINT('',#93);
#93 = CARTESIAN_POINT('',(-15.37509370553,-11.89991566502,4.01));
#94 = CIRCLE('',#95,14.);
#95 = AXIS2_PLACEMENT_3D('',#96,#97,#98);
#96 = CARTESIAN_POINT('',(-8.,0.,4.01));
#97 = DIRECTION('',(0.,0.,1.));
#98 = DIRECTION('',(1.,0.,0.));
#99 = ORIENTED_EDGE('',*,*,#100,.F.);
#100 = EDGE_CURVE('',#101,#92,#103,.T.);
#101 = VERTEX_POINT('',#102);
#102 = CARTESIAN_POINT('',(-15.37509370553,-11.89991566502,0.));
#103 = LINE('',#104,#105);
#104 = CARTESIAN_POINT('',(-15.37509370553,-11.89991566502,0.));
#105 = VECTOR('',#106,1.);
#106 = DIRECTION('',(0.,0.,1.));
#107 = ORIENTED_EDGE('',*,*,#108,.T.);
#108 = EDGE_CURVE('',#101,#109,#111,.T.);
#109 = VERTEX_POINT('',#110);
#110 = CARTESIAN_POINT('',(-8.,-14.,0.));
#111 = CIRCLE('',#112,14.);
#112 = AXIS2_PLACEMENT_3D('',#113,#114,#115);
#113 = CARTESIAN_POINT('',(-8.,0.,0.));
#114 = DIRECTION('',(0.,0.,1.));
#115 = DIRECTION('',(1.,0.,0.));
#116 = ORIENTED_EDGE('',*,*,#117,.T.);
#117 = EDGE_CURVE('',#109,#24,#118,.T.);
#118 = LINE('',#119,#120);
#119 = CARTESIAN_POINT('',(-8.,-14.,0.));
#120 = VECTOR('',#121,1.);
#121 = DIRECTION('',(0.,0.,1.));
#122 = CYLINDRICAL_SURFACE('',#123,14.);
#123 = AXIS2_PLACEMENT_3D('',#124,#125,#126);
#124 = CARTESIAN_POINT('',(-8.,0.,0.));
#125 = DIRECTION('',(0.,0.,1.));
#126 = DIRECTION('',(1.,0.,0.));
#127 = ADVANCED_FACE('',(#128),#153,.T.);
#128 = FACE_BOUND('',#129,.T.);
#129 = EDGE_LOOP('',(#130,#138,#139,#147));
#130 = ORIENTED_EDGE('',*,*,#131,.F.);
#131 = EDGE_CURVE('',#33,#132,#134,.T.);
#132 = VERTEX_POINT('',#133);
#133 = CARTESIAN_POINT('',(8.,14.,0.));
#134 = LINE('',#135,#136);
#135 = CARTESIAN_POINT('',(-8.,14.,0.));
#136 = VECTOR('',#137,1.);
#137 = DIRECTION('',(1.,0.,0.));
#138 = ORIENTED_EDGE('',*,*,#32,.T.);
#139 = ORIENTED_EDGE('',*,*,#140,.T.);
#140 = EDGE_CURVE('',#22,#141,#143,.T.);
#141 = VERTEX_POINT('',#142);
#142 = CARTESIAN_POINT('',(8.,14.,7.));
#143 = LINE('',#144,#145);
#144 = CARTESIAN_POINT('',(-8.,14.,7.));
#145 = VECTOR('',#146,1.);
#146 = DIRECTION('',(1.,0.,0.));
#147 = ORIENTED_EDGE('',*,*,#148,.F.);
#148 = EDGE_CURVE('',#132,#141,#149,.T.);
#149 = LINE('',#150,#151);
#150 = CARTESIAN_POINT('',(8.,14.,0.));
#151 = VECTOR('',#152,1.);
#152 = DIRECTION('',(0.,0.,1.));
#153 = PLANE('',#154);
#154 = AXIS2_PLACEMENT_3D('',#155,#156,#157);
#155 = CARTESIAN_POINT('',(-8.,14.,0.));
#156 = DIRECTION('',(0.,1.,0.));
#157 = DIRECTION('',(0.,0.,1.));
#158 = ADVANCED_FACE('',(#159),#184,.F.);
#159 = FACE_BOUND('',#160,.F.);
#160 = EDGE_LOOP('',(#161,#169,#170,#178));
#161 = ORIENTED_EDGE('',*,*,#162,.F.);
#162 = EDGE_CURVE('',#109,#163,#165,.T.);
#163 = VERTEX_POINT('',#164);
#164 = CARTESIAN_POINT('',(8.,-14.,0.));
#165 = LINE('',#166,#167);
#166 = CARTESIAN_POINT('',(-8.,-14.,0.));
#167 = VECTOR('',#168,1.);
#168 = DIRECTION('',(1.,0.,0.));
#169 = ORIENTED_EDGE('',*,*,#117,.T.);
#170 = ORIENTED_EDGE('',*,*,#171,.T.);
#171 = EDGE_CURVE('',#24,#172,#174,.T.);
#172 = VERTEX_POINT('',#173);
#173 = CARTESIAN_POINT('',(8.,-14.,7.));
#174 = LINE('',#175,#176);
#175 = CARTESIAN_POINT('',(-8.,-14.,7.));
#176 = VECTOR('',#177,1.);
#177 = DIRECTION('',(1.,0.,0.));
#178 = ORIENTED_EDGE('',*,*,#179,.F.);
#179 = EDGE_CURVE('',#163,#172,#180,.T.);
#180 = LINE('',#181,#182);
#181 = CARTESIAN_POINT('',(8.,-14.,0.));
#182 = VECTOR('',#183,1.);
#183 = DIRECTION('',(0.,0.,1.));
#184 = PLANE('',#185);
#185 = AXIS2_PLACEMENT_3D('',#186,#187,#188);
#186 = CARTESIAN_POINT('',(-8.,-14.,0.));
#187 = DIRECTION('',(0.,1.,0.));
#188 = DIRECTION('',(0.,0.,1.));
#189 = ADVANCED_FACE('',(#190),#209,.F.);
#190 = FACE_BOUND('',#191,.F.);
#191 = EDGE_LOOP('',(#192,#201,#208));
#192 = ORIENTED_EDGE('',*,*,#193,.T.);
#193 = EDGE_CURVE('',#92,#194,#196,.T.);
#194 = VERTEX_POINT('',#195);
#195 = CARTESIAN_POINT('',(-14.5,-10.,4.01));
#196 = CIRCLE('',#197,2.5);
#197 = AXIS2_PLACEMENT_3D('',#198,#199,#200);
#198 = CARTESIAN_POINT('',(-17.,-10.,4.01));
#199 = DIRECTION('',(0.,0.,1.));
#200 = DIRECTION('',(1.,0.,0.));
#201 = ORIENTED_EDGE('',*,*,#202,.T.);
#202 = EDGE_CURVE('',#194,#84,#203,.T.);
#203 = CIRCLE('',#204,2.5);
#204 = AXIS2_PLACEMENT_3D('',#205,#206,#207);
#205 = CARTESIAN_POINT('',(-17.,-10.,4.01));
#206 = DIRECTION('',(0.,0.,1.));
#207 = DIRECTION('',(1.,0.,0.));
#208 = ORIENTED_EDGE('',*,*,#91,.T.);
#209 = PLANE('',#210);
#210 = AXIS2_PLACEMENT_3D('',#211,#212,#213);
#211 = CARTESIAN_POINT('',(-17.,-10.,4.01));
#212 = DIRECTION('',(0.,0.,1.));
#213 = DIRECTION('',(1.,0.,0.));
#214 = ADVANCED_FACE('',(#215),#234,.F.);
#215 = FACE_BOUND('',#216,.F.);
#216 = EDGE_LOOP('',(#217,#226,#233));
#217 = ORIENTED_EDGE('',*,*,#218,.T.);
#218 = EDGE_CURVE('',#58,#219,#221,.T.);
#219 = VERTEX_POINT('',#220);
#220 = CARTESIAN_POINT('',(-14.5,10.,4.01));
#221 = CIRCLE('',#222,2.5);
#222 = AXIS2_PLACEMENT_3D('',#223,#224,#225);
#223 = CARTESIAN_POINT('',(-17.,10.,4.01));
#224 = DIRECTION('',(0.,0.,1.));
#225 = DIRECTION('',(1.,0.,0.));
#226 = ORIENTED_EDGE('',*,*,#227,.T.);
#227 = EDGE_CURVE('',#219,#50,#228,.T.);
#228 = CIRCLE('',#229,2.5);
#229 = AXIS2_PLACEMENT_3D('',#230,#231,#232);
#230 = CARTESIAN_POINT('',(-17.,10.,4.01));
#231 = DIRECTION('',(0.,0.,1.));
#232 = DIRECTION('',(1.,0.,0.));
#233 = ORIENTED_EDGE('',*,*,#57,.T.);
#234 = PLANE('',#235);
#235 = AXIS2_PLACEMENT_3D('',#236,#237,#238);
#236 = CARTESIAN_POINT('',(-17.,10.,4.01));
#237 = DIRECTION('',(0.,0.,1.));
#238 = DIRECTION('',(1.,0.,0.));
#239 = ADVANCED_FACE('',(#240,#261),#1427,.T.);
#240 = FACE_BOUND('',#241,.T.);
#241 = EDGE_LOOP('',(#242,#243,#244,#253,#260));
#242 = ORIENTED_EDGE('',*,*,#21,.T.);
#243 = ORIENTED_EDGE('',*,*,#171,.T.);
#244 = ORIENTED_EDGE('',*,*,#245,.T.);
#245 = EDGE_CURVE('',#172,#246,#248,.T.);
#246 = VERTEX_POINT('',#247);
#247 = CARTESIAN_POINT('',(22.,-3.429011037613E-15,7.));
#248 = CIRCLE('',#249,14.);
#249 = AXIS2_PLACEMENT_3D('',#250,#251,#252);
#250 = CARTESIAN_POINT('',(8.,0.,7.));
#251 = DIRECTION('',(0.,0.,1.));
#252 = DIRECTION('',(1.,0.,0.));
#253 = ORIENTED_EDGE('',*,*,#254,.T.);
#254 = EDGE_CURVE('',#246,#141,#255,.T.);
#255 = CIRCLE('',#256,14.);
#256 = AXIS2_PLACEMENT_3D('',#257,#258,#259);
#257 = CARTESIAN_POINT('',(8.,0.,7.));
#258 = DIRECTION('',(0.,0.,1.));
#259 = DIRECTION('',(1.,0.,0.));
#260 = ORIENTED_EDGE('',*,*,#140,.F.);
#261 = FACE_BOUND('',#262,.T.);
#262 = EDGE_LOOP('',(#263,#274,#282,#290,#298,#306,#314,#322,#330,#338,
    #346,#354,#362,#371,#379,#387,#395,#403,#411,#419,#427,#435,#443,
    #451,#459,#468,#476,#484,#492,#500,#508,#516,#524,#532,#540,#548,
    #556,#565,#573,#581,#589,#597,#605,#613,#621,#629,#637,#645,#653,
    #662,#670,#678,#686,#694,#702,#710,#718,#726,#734,#742,#750,#759,
    #767,#775,#783,#791,#799,#807,#815,#823,#831,#839,#847,#856,#864,
    #872,#880,#888,#896,#904,#912,#920,#928,#936,#944,#953,#961,#969,
    #977,#985,#993,#1001,#1009,#1017,#1025,#1033,#1041,#1050,#1058,#1066
    ,#1074,#1082,#1090,#1098,#1106,#1114,#1122,#1130,#1138,#1147,#1155,
    #1163,#1171,#1179,#1187,#1195,#1203,#1211,#1219,#1227,#1235,#1244,
    #1252,#1260,#1268,#1276,#1284,#1292,#1300,#1308,#1316,#1324,#1332,
    #1341,#1349,#1357,#1365,#1373,#1381,#1389,#1397,#1405,#1413,#1421));
#263 = ORIENTED_EDGE('',*,*,#264,.F.);
#264 = EDGE_CURVE('',#265,#267,#269,.T.);
#265 = VERTEX_POINT('',#266);
#266 = CARTESIAN_POINT('',(4.967914006744,0.565535517542,7.));
#267 = VERTEX_POINT('',#268);
#268 = CARTESIAN_POINT('',(4.585107492427,1.994188878438,7.));
#269 = CIRCLE('',#270,5.);
#270 = AXIS2_PLACEMENT_3D('',#271,#272,#273);
#271 = CARTESIAN_POINT('',(0.,0.,7.));
#272 = DIRECTION('',(0.,0.,1.));
#273 = DIRECTION('',(1.,0.,0.));
#274 = ORIENTED_EDGE('',*,*,#275,.T.);
#275 = EDGE_CURVE('',#265,#276,#278,.T.);
#276 = VERTEX_POINT('',#277);
#277 = CARTESIAN_POINT('',(5.025687560829,0.54602322338,7.));
#278 = LINE('',#279,#280);
#279 = CARTESIAN_POINT('',(1.384545087443,1.775773481066,7.));
#280 = VECTOR('',#281,1.);
#281 = DIRECTION('',(0.947424088958,-0.319980617636,0.));
#282 = ORIENTED_EDGE('',*,*,#283,.T.);
#283 = EDGE_CURVE('',#276,#284,#286,.T.);
#284 = VERTEX_POINT('',#285);
#285 = CARTESIAN_POINT('',(5.168570532297,0.486824067219,7.));
#286 = LINE('',#287,#288);
#287 = CARTESIAN_POINT('',(2.110345858947,1.753905218699,7.));
#288 = VECTOR('',#289,1.);
#289 = DIRECTION('',(0.923845029684,-0.38276671894,0.));
#290 = ORIENTED_EDGE('',*,*,#291,.T.);
#291 = EDGE_CURVE('',#284,#292,#294,.T.);
#292 = VERTEX_POINT('',#293);
#293 = CARTESIAN_POINT('',(5.311270351815,0.417206024039,7.));
#294 = LINE('',#295,#296);
#295 = CARTESIAN_POINT('',(2.775896484045,1.65412256675,7.));
#296 = VECTOR('',#297,1.);
#297 = DIRECTION('',(0.898747659765,-0.438466240509,0.));
#298 = ORIENTED_EDGE('',*,*,#299,.T.);
#299 = EDGE_CURVE('',#292,#300,#302,.T.);
#300 = VERTEX_POINT('',#301);
#301 = CARTESIAN_POINT('',(5.453376499175,0.337587571195,7.));
#302 = LINE('',#303,#304);
#303 = CARTESIAN_POINT('',(3.390677474815,1.493265267431,7.));
#304 = VECTOR('',#305,1.);
#305 = DIRECTION('',(0.872403900801,-0.488785672731,0.));
#306 = ORIENTED_EDGE('',*,*,#307,.T.);
#307 = EDGE_CURVE('',#300,#308,#310,.T.);
#308 = VERTEX_POINT('',#309);
#309 = CARTESIAN_POINT('',(5.594493549349,0.248277921479,7.));
#310 = LINE('',#311,#312);
#311 = CARTESIAN_POINT('',(3.960438389512,1.282432857131,7.));
#312 = VECTOR('',#313,1.);
#313 = DIRECTION('',(0.844993561613,-0.534776477449,0.));
#314 = ORIENTED_EDGE('',*,*,#315,.T.);
#315 = EDGE_CURVE('',#308,#316,#318,.T.);
#316 = VERTEX_POINT('',#317);
#317 = CARTESIAN_POINT('',(5.594493549349,-0.248277921479,7.));
#318 = LINE('',#319,#320);
#319 = CARTESIAN_POINT('',(5.594493549349,-7.12413896074,7.));
#320 = VECTOR('',#321,1.);
#321 = DIRECTION('',(0.,-1.,0.));
#322 = ORIENTED_EDGE('',*,*,#323,.T.);
#323 = EDGE_CURVE('',#316,#324,#326,.T.);
#324 = VERTEX_POINT('',#325);
#325 = CARTESIAN_POINT('',(5.453376499175,-0.337587571195,7.));
#326 = LINE('',#327,#328);
#327 = CARTESIAN_POINT('',(-2.436477660428,-5.330890013655,7.));
#328 = VECTOR('',#329,1.);
#329 = DIRECTION('',(-0.844993561613,-0.534776477449,0.));
#330 = ORIENTED_EDGE('',*,*,#331,.T.);
#331 = EDGE_CURVE('',#324,#332,#334,.T.);
#332 = VERTEX_POINT('',#333);
#333 = CARTESIAN_POINT('',(5.311270351815,-0.417206024039,7.));
#334 = LINE('',#335,#336);
#335 = CARTESIAN_POINT('',(-2.650234984515,-4.877834567998,7.));
#336 = VECTOR('',#337,1.);
#337 = DIRECTION('',(-0.872403900801,-0.488785672731,0.));
#338 = ORIENTED_EDGE('',*,*,#339,.T.);
#339 = EDGE_CURVE('',#332,#340,#342,.T.);
#340 = VERTEX_POINT('',#341);
#341 = CARTESIAN_POINT('',(5.168570532297,-0.486824067219,7.));
#342 = LINE('',#343,#344);
#343 = CARTESIAN_POINT('',(-2.812440531327,-4.380468605269,7.));
#344 = VECTOR('',#345,1.);
#345 = DIRECTION('',(-0.898747659765,-0.438466240509,0.));
#346 = ORIENTED_EDGE('',*,*,#347,.T.);
#347 = EDGE_CURVE('',#340,#348,#350,.T.);
#348 = VERTEX_POINT('',#349);
#349 = CARTESIAN_POINT('',(5.025687560829,-0.54602322338,7.));
#350 = LINE('',#351,#352);
#351 = CARTESIAN_POINT('',(-2.911735458288,-3.834649852576,7.));
#352 = VECTOR('',#353,1.);
#353 = DIRECTION('',(-0.923845029684,-0.38276671894,0.));
#354 = ORIENTED_EDGE('',*,*,#355,.T.);
#355 = EDGE_CURVE('',#348,#356,#358,.T.);
#356 = VERTEX_POINT('',#357);
#357 = CARTESIAN_POINT('',(4.967914006744,-0.565535517542,7.));
#358 = LINE('',#359,#360);
#359 = CARTESIAN_POINT('',(-2.930972290296,-3.233285414781,7.));
#360 = VECTOR('',#361,1.);
#361 = DIRECTION('',(-0.947424088958,-0.319980617636,0.));
#362 = ORIENTED_EDGE('',*,*,#363,.F.);
#363 = EDGE_CURVE('',#364,#356,#366,.T.);
#364 = VERTEX_POINT('',#365);
#365 = CARTESIAN_POINT('',(4.585107492427,-1.994188878438,7.));
#366 = CIRCLE('',#367,5.);
#367 = AXIS2_PLACEMENT_3D('',#368,#369,#370);
#368 = CARTESIAN_POINT('',(0.,0.,7.));
#369 = DIRECTION('',(0.,0.,1.));
#370 = DIRECTION('',(1.,0.,0.));
#371 = ORIENTED_EDGE('',*,*,#372,.T.);
#372 = EDGE_CURVE('',#364,#373,#375,.T.);
#373 = VERTEX_POINT('',#374);
#374 = CARTESIAN_POINT('',(4.625384710852,-2.039973797911,7.));
#375 = LINE('',#376,#377);
#376 = CARTESIAN_POINT('',(4.83699754683,-2.280523593395,7.));
#377 = VECTOR('',#378,1.);
#378 = DIRECTION('',(0.660503020377,-0.75082338807,0.));
#379 = ORIENTED_EDGE('',*,*,#380,.T.);
#380 = EDGE_CURVE('',#373,#381,#383,.T.);
#381 = VERTEX_POINT('',#382);
#382 = CARTESIAN_POINT('',(4.719525415831,-2.162683256763,7.));
#383 = LINE('',#384,#385);
#384 = CARTESIAN_POINT('',(5.221566048073,-2.817077488444,7.));
#385 = VECTOR('',#386,1.);
#386 = DIRECTION('',(0.608689905396,-0.793408217168,0.));
#387 = ORIENTED_EDGE('',*,*,#388,.T.);
#388 = EDGE_CURVE('',#381,#389,#391,.T.);
#389 = VERTEX_POINT('',#390);
#390 = CARTESIAN_POINT('',(4.808298063059,-2.294324160478,7.));
#391 = LINE('',#392,#393);
#392 = CARTESIAN_POINT('',(5.519466366884,-3.348915198732,7.));
#393 = VECTOR('',#394,1.);
#394 = DIRECTION('',(0.559105184694,-0.829096732866,0.));
#395 = ORIENTED_EDGE('',*,*,#396,.T.);
#396 = EDGE_CURVE('',#389,#397,#399,.T.);
#397 = VERTEX_POINT('',#398);
#398 = CARTESIAN_POINT('',(4.891556370284,-2.434328836931,7.));
#399 = LINE('',#400,#401);
#400 = CARTESIAN_POINT('',(5.748071755598,-3.874619462494,7.));
#401 = VECTOR('',#402,1.);
#402 = DIRECTION('',(0.511131104088,-0.859502759992,0.));
#403 = ORIENTED_EDGE('',*,*,#404,.T.);
#404 = EDGE_CURVE('',#397,#405,#407,.T.);
#405 = VERTEX_POINT('',#406);
#406 = CARTESIAN_POINT('',(4.969112495784,-2.582231787475,7.));
#407 = LINE('',#408,#409);
#408 = CARTESIAN_POINT('',(5.918586518183,-4.392920607646,7.));
#409 = VECTOR('',#410,1.);
#410 = DIRECTION('',(0.464397651666,-0.885626795624,0.));
#411 = ORIENTED_EDGE('',*,*,#412,.T.);
#412 = EDGE_CURVE('',#405,#413,#415,.T.);
#413 = VERTEX_POINT('',#414);
#414 = CARTESIAN_POINT('',(4.720834574305,-3.012261761874,7.));
#415 = LINE('',#416,#417);
#416 = CARTESIAN_POINT('',(0.751815141429,-9.886805075843,7.));
#417 = VECTOR('',#418,1.);
#418 = DIRECTION('',(-0.5,-0.866025403784,0.));
#419 = ORIENTED_EDGE('',*,*,#420,.T.);
#420 = EDGE_CURVE('',#413,#421,#423,.T.);
#421 = VERTEX_POINT('',#422);
#422 = CARTESIAN_POINT('',(4.553968799089,-3.019047662245,7.));
#423 = LINE('',#424,#425);
#424 = CARTESIAN_POINT('',(-1.935563479112,-3.282956300389,7.));
#425 = VECTOR('',#426,1.);
#426 = DIRECTION('',(-0.999174129116,-4.06332340113E-02,0.));
#427 = ORIENTED_EDGE('',*,*,#428,.T.);
#428 = EDGE_CURVE('',#421,#429,#431,.T.);
#429 = VERTEX_POINT('',#430);
#430 = CARTESIAN_POINT('',(4.39109203902,-3.016946191337,7.));
#431 = LINE('',#432,#433);
#432 = CARTESIAN_POINT('',(-1.732581731576,-2.937937238377,7.));
#433 = VECTOR('',#434,1.);
#434 = DIRECTION('',(-0.99991677682,1.290114080913E-02,0.));
#435 = ORIENTED_EDGE('',*,*,#436,.T.);
#436 = EDGE_CURVE('',#429,#437,#439,.T.);
#437 = VERTEX_POINT('',#438);
#438 = CARTESIAN_POINT('',(4.232701348612,-3.005887275534,7.));
#439 = LINE('',#440,#441);
#440 = CARTESIAN_POINT('',(-1.472032139487,-2.607579981315,7.));
#441 = VECTOR('',#442,1.);
#442 = DIRECTION('',(-0.997571425203,6.96509268998E-02,0.));
#443 = ORIENTED_EDGE('',*,*,#444,.T.);
#444 = EDGE_CURVE('',#437,#445,#447,.T.);
#445 = VERTEX_POINT('',#446);
#446 = CARTESIAN_POINT('',(4.079361487471,-2.985713762918,7.));
#447 = LINE('',#448,#449);
#448 = CARTESIAN_POINT('',(-1.145364369597,-2.298344723931,7.));
#449 = VECTOR('',#450,1.);
#450 = DIRECTION('',(-0.991456624336,0.130436812516,0.));
#451 = ORIENTED_EDGE('',*,*,#452,.T.);
#452 = EDGE_CURVE('',#445,#453,#455,.T.);
#453 = VERTEX_POINT('',#454);
#454 = CARTESIAN_POINT('',(4.019571974886,-2.973725128305,7.));
#455 = LINE('',#456,#457);
#456 = CARTESIAN_POINT('',(-0.739099842682,-2.019544784689,7.));
#457 = VECTOR('',#458,1.);
#458 = DIRECTION('',(-0.980483638013,0.196600700888,0.));
#459 = ORIENTED_EDGE('',*,*,#460,.F.);
#460 = EDGE_CURVE('',#461,#453,#463,.T.);
#461 = VERTEX_POINT('',#462);
#462 = CARTESIAN_POINT('',(2.973725128305,-4.019571974886,7.));
#463 = CIRCLE('',#464,5.);
#464 = AXIS2_PLACEMENT_3D('',#465,#466,#467);
#465 = CARTESIAN_POINT('',(0.,0.,7.));
#466 = DIRECTION('',(0.,0.,1.));
#467 = DIRECTION('',(1.,0.,0.));
#468 = ORIENTED_EDGE('',*,*,#469,.T.);
#469 = EDGE_CURVE('',#461,#470,#472,.T.);
#470 = VERTEX_POINT('',#471);
#471 = CARTESIAN_POINT('',(2.985713762918,-4.079361487471,7.));
#472 = LINE('',#473,#474);
#473 = CARTESIAN_POINT('',(3.729574604254,-7.7891314964,7.));
#474 = VECTOR('',#475,1.);
#475 = DIRECTION('',(0.196600700888,-0.980483638013,0.));
#476 = ORIENTED_EDGE('',*,*,#477,.T.);
#477 = EDGE_CURVE('',#470,#478,#480,.T.);
#478 = VERTEX_POINT('',#479);
#479 = CARTESIAN_POINT('',(3.005887275534,-4.232701348612,7.));
#480 = LINE('',#481,#482);
#481 = CARTESIAN_POINT('',(3.543826957678,-8.321607318226,7.));
#482 = VECTOR('',#483,1.);
#483 = DIRECTION('',(0.130436812516,-0.991456624336,0.));
#484 = ORIENTED_EDGE('',*,*,#485,.T.);
#485 = EDGE_CURVE('',#478,#486,#488,.T.);
#486 = VERTEX_POINT('',#487);
#487 = CARTESIAN_POINT('',(3.016946191337,-4.39109203902,7.));
#488 = LINE('',#489,#490);
#489 = CARTESIAN_POINT('',(3.324045189975,-8.789499919364,7.));
#490 = VECTOR('',#491,1.);
#491 = DIRECTION('',(6.965092689981E-02,-0.997571425203,0.));
#492 = ORIENTED_EDGE('',*,*,#493,.T.);
#493 = EDGE_CURVE('',#486,#494,#496,.T.);
#494 = VERTEX_POINT('',#495);
#495 = CARTESIAN_POINT('',(3.019047662245,-4.553968799089,7.));
#496 = LINE('',#497,#498);
#497 = CARTESIAN_POINT('',(3.079057878542,-9.205125076196,7.));
#498 = VECTOR('',#499,1.);
#499 = DIRECTION('',(1.290114080913E-02,-0.99991677682,0.));
#500 = ORIENTED_EDGE('',*,*,#501,.T.);
#501 = EDGE_CURVE('',#494,#502,#504,.T.);
#502 = VERTEX_POINT('',#503);
#503 = CARTESIAN_POINT('',(3.012261761874,-4.720834574305,7.));
#504 = LINE('',#505,#506);
#505 = CARTESIAN_POINT('',(2.814805255165,-9.576304189998,7.));
#506 = VECTOR('',#507,1.);
#507 = DIRECTION('',(-4.063323401129E-02,-0.999174129116,0.));
#508 = ORIENTED_EDGE('',*,*,#509,.T.);
#509 = EDGE_CURVE('',#502,#510,#512,.T.);
#510 = VERTEX_POINT('',#511);
#511 = CARTESIAN_POINT('',(2.582231787475,-4.969112495784,7.));
#512 = LINE('',#513,#514);
#513 = CARTESIAN_POINT('',(-3.341349632171,-8.389093822983,7.));
#514 = VECTOR('',#515,1.);
#515 = DIRECTION('',(-0.866025403784,-0.5,0.));
#516 = ORIENTED_EDGE('',*,*,#517,.T.);
#517 = EDGE_CURVE('',#510,#518,#520,.T.);
#518 = VERTEX_POINT('',#519);
#519 = CARTESIAN_POINT('',(2.434328836931,-4.891556370284,7.));
#520 = LINE('',#521,#522);
#521 = CARTESIAN_POINT('',(0.215399145519,-3.728012377493,7.));
#522 = VECTOR('',#523,1.);
#523 = DIRECTION('',(-0.885626795624,0.464397651666,0.));
#524 = ORIENTED_EDGE('',*,*,#525,.T.);
#525 = EDGE_CURVE('',#518,#526,#528,.T.);
#526 = VERTEX_POINT('',#527);
#527 = CARTESIAN_POINT('',(2.294324160478,-4.808298063059,7.));
#528 = LINE('',#529,#530);
#529 = CARTESIAN_POINT('',(0.510926726999,-3.747743121721,7.));
#530 = VECTOR('',#531,1.);
#531 = DIRECTION('',(-0.859502759992,0.511131104088,0.));
#532 = ORIENTED_EDGE('',*,*,#533,.T.);
#533 = EDGE_CURVE('',#526,#534,#536,.T.);
#534 = VERTEX_POINT('',#535);
#535 = CARTESIAN_POINT('',(2.162683256763,-4.719525415831,7.));
#536 = LINE('',#537,#538);
#537 = CARTESIAN_POINT('',(0.820754531481,-3.814589624801,7.));
#538 = VECTOR('',#539,1.);
#539 = DIRECTION('',(-0.829096732866,0.559105184694,0.));
#540 = ORIENTED_EDGE('',*,*,#541,.T.);
#541 = EDGE_CURVE('',#534,#542,#544,.T.);
#542 = VERTEX_POINT('',#543);
#543 = CARTESIAN_POINT('',(2.039973797911,-4.625384710852,7.));
#544 = LINE('',#545,#546);
#545 = CARTESIAN_POINT('',(1.143595468389,-3.937697806696,7.));
#546 = VECTOR('',#547,1.);
#547 = DIRECTION('',(-0.793408217168,0.608689905396,0.));
#548 = ORIENTED_EDGE('',*,*,#549,.T.);
#549 = EDGE_CURVE('',#542,#550,#552,.T.);
#550 = VERTEX_POINT('',#551);
#551 = CARTESIAN_POINT('',(1.994188878438,-4.585107492427,7.));
#552 = LINE('',#553,#554);
#553 = CARTESIAN_POINT('',(1.478046494594,-4.131054503548,7.));
#554 = VECTOR('',#555,1.);
#555 = DIRECTION('',(-0.75082338807,0.660503020377,0.));
#556 = ORIENTED_EDGE('',*,*,#557,.F.);
#557 = EDGE_CURVE('',#558,#550,#560,.T.);
#558 = VERTEX_POINT('',#559);
#559 = CARTESIAN_POINT('',(0.565535517542,-4.967914006744,7.));
#560 = CIRCLE('',#561,5.);
#561 = AXIS2_PLACEMENT_3D('',#562,#563,#564);
#562 = CARTESIAN_POINT('',(0.,0.,7.));
#563 = DIRECTION('',(0.,0.,1.));
#564 = DIRECTION('',(1.,0.,0.));
#565 = ORIENTED_EDGE('',*,*,#566,.T.);
#566 = EDGE_CURVE('',#558,#567,#569,.T.);
#567 = VERTEX_POINT('',#568);
#568 = CARTESIAN_POINT('',(0.54602322338,-5.025687560829,7.));
#569 = LINE('',#570,#571);
#570 = CARTESIAN_POINT('',(-1.25179452857,-10.34880949971,7.));
#571 = VECTOR('',#572,1.);
#572 = DIRECTION('',(-0.319980617636,-0.947424088958,0.));
#573 = ORIENTED_EDGE('',*,*,#574,.T.);
#574 = EDGE_CURVE('',#567,#575,#577,.T.);
#575 = VERTEX_POINT('',#576);
#576 = CARTESIAN_POINT('',(0.486824067219,-5.168570532297,7.));
#577 = LINE('',#578,#579);
#578 = CARTESIAN_POINT('',(-1.696352136952,-10.43788049407,7.));
#579 = VECTOR('',#580,1.);
#580 = DIRECTION('',(-0.38276671894,-0.923845029684,0.));
#581 = ORIENTED_EDGE('',*,*,#582,.T.);
#582 = EDGE_CURVE('',#575,#583,#585,.T.);
#583 = VERTEX_POINT('',#584);
#584 = CARTESIAN_POINT('',(0.417206024039,-5.311270351815,7.));
#585 = LINE('',#586,#587);
#586 = CARTESIAN_POINT('',(-2.103895084033,-10.47890587668,7.));
#587 = VECTOR('',#588,1.);
#588 = DIRECTION('',(-0.438466240509,-0.898747659765,0.));
#589 = ORIENTED_EDGE('',*,*,#590,.T.);
#590 = EDGE_CURVE('',#583,#591,#593,.T.);
#591 = VERTEX_POINT('',#592);
#592 = CARTESIAN_POINT('',(0.337587571195,-5.453376499175,7.));
#593 = LINE('',#594,#595);
#594 = CARTESIAN_POINT('',(-2.480604233978,-10.48339611963,7.));
#595 = VECTOR('',#596,1.);
#596 = DIRECTION('',(-0.488785672731,-0.872403900801,0.));
#597 = ORIENTED_EDGE('',*,*,#598,.T.);
#598 = EDGE_CURVE('',#591,#599,#601,.T.);
#599 = VERTEX_POINT('',#600);
#600 = CARTESIAN_POINT('',(0.248277921479,-5.594493549349,7.));
#601 = LINE('',#602,#603);
#602 = CARTESIAN_POINT('',(-2.830318984182,-10.4589456593,7.));
#603 = VECTOR('',#604,1.);
#604 = DIRECTION('',(-0.534776477449,-0.844993561613,0.));
#605 = ORIENTED_EDGE('',*,*,#606,.T.);
#606 = EDGE_CURVE('',#599,#607,#609,.T.);
#607 = VERTEX_POINT('',#608);
#608 = CARTESIAN_POINT('',(-0.248277921479,-5.594493549349,7.));
#609 = LINE('',#610,#611);
#610 = CARTESIAN_POINT('',(-4.12413896074,-5.594493549349,7.));
#611 = VECTOR('',#612,1.);
#612 = DIRECTION('',(-1.,0.,0.));
#613 = ORIENTED_EDGE('',*,*,#614,.T.);
#614 = EDGE_CURVE('',#607,#615,#617,.T.);
#615 = VERTEX_POINT('',#616);
#616 = CARTESIAN_POINT('',(-0.337587571195,-5.453376499175,7.));
#617 = LINE('',#618,#619);
#618 = CARTESIAN_POINT('',(0.497777112658,-6.773325691446,7.));
#619 = VECTOR('',#620,1.);
#620 = DIRECTION('',(-0.534776477449,0.844993561613,0.));
#621 = ORIENTED_EDGE('',*,*,#622,.T.);
#622 = EDGE_CURVE('',#615,#623,#625,.T.);
#623 = VERTEX_POINT('',#624);
#624 = CARTESIAN_POINT('',(-0.417206024039,-5.311270351815,7.));
#625 = LINE('',#626,#627);
#626 = CARTESIAN_POINT('',(0.529503536616,-7.000994825582,7.));
#627 = VECTOR('',#628,1.);
#628 = DIRECTION('',(-0.488785672731,0.872403900801,0.));
#629 = ORIENTED_EDGE('',*,*,#630,.T.);
#630 = EDGE_CURVE('',#623,#631,#633,.T.);
#631 = VERTEX_POINT('',#632);
#632 = CARTESIAN_POINT('',(-0.486824067219,-5.168570532297,7.));
#633 = LINE('',#634,#635);
#634 = CARTESIAN_POINT('',(0.531064909912,-7.254991906575,7.));
#635 = VECTOR('',#636,1.);
#636 = DIRECTION('',(-0.438466240509,0.898747659765,0.));
#637 = ORIENTED_EDGE('',*,*,#638,.T.);
#638 = EDGE_CURVE('',#631,#639,#641,.T.);
#639 = VERTEX_POINT('',#640);
#640 = CARTESIAN_POINT('',(-0.54602322338,-5.025687560829,7.));
#641 = LINE('',#642,#643);
#642 = CARTESIAN_POINT('',(0.494669669845,-7.537501961765,7.));
#643 = VECTOR('',#644,1.);
#644 = DIRECTION('',(-0.38276671894,0.923845029684,0.));
#645 = ORIENTED_EDGE('',*,*,#646,.T.);
#646 = EDGE_CURVE('',#639,#647,#649,.T.);
#647 = VERTEX_POINT('',#648);
#648 = CARTESIAN_POINT('',(-0.565535517542,-4.967914006744,7.));
#649 = LINE('',#650,#651);
#650 = CARTESIAN_POINT('',(0.408608168829,-7.85223619286,7.));
#651 = VECTOR('',#652,1.);
#652 = DIRECTION('',(-0.319980617636,0.947424088958,0.));
#653 = ORIENTED_EDGE('',*,*,#654,.F.);
#654 = EDGE_CURVE('',#655,#647,#657,.T.);
#655 = VERTEX_POINT('',#656);
#656 = CARTESIAN_POINT('',(-1.994188878438,-4.585107492427,7.));
#657 = CIRCLE('',#658,5.);
#658 = AXIS2_PLACEMENT_3D('',#659,#660,#661);
#659 = CARTESIAN_POINT('',(0.,0.,7.));
#660 = DIRECTION('',(0.,0.,1.));
#661 = DIRECTION('',(1.,0.,0.));
#662 = ORIENTED_EDGE('',*,*,#663,.T.);
#663 = EDGE_CURVE('',#655,#664,#666,.T.);
#664 = VERTEX_POINT('',#665);
#665 = CARTESIAN_POINT('',(-2.039973797911,-4.625384710852,7.));
#666 = LINE('',#667,#668);
#667 = CARTESIAN_POINT('',(-6.044448584666,-8.148140839259,7.));
#668 = VECTOR('',#669,1.);
#669 = DIRECTION('',(-0.75082338807,-0.660503020377,0.));
#670 = ORIENTED_EDGE('',*,*,#671,.T.);
#671 = EDGE_CURVE('',#664,#672,#674,.T.);
#672 = VERTEX_POINT('',#673);
#673 = CARTESIAN_POINT('',(-2.162683256763,-4.719525415831,7.));
#674 = LINE('',#675,#676);
#675 = CARTESIAN_POINT('',(-6.240922990367,-7.84828474037,7.));
#676 = VECTOR('',#677,1.);
#677 = DIRECTION('',(-0.793408217168,-0.608689905396,0.));
#678 = ORIENTED_EDGE('',*,*,#679,.T.);
#679 = EDGE_CURVE('',#672,#680,#682,.T.);
#680 = VERTEX_POINT('',#681);
#681 = CARTESIAN_POINT('',(-2.294324160478,-4.808298063059,7.));
#682 = LINE('',#683,#684);
#683 = CARTESIAN_POINT('',(-6.385786122924,-7.567394204079,7.));
#684 = VECTOR('',#685,1.);
#685 = DIRECTION('',(-0.829096732866,-0.559105184694,0.));
#686 = ORIENTED_EDGE('',*,*,#687,.T.);
#687 = EDGE_CURVE('',#680,#688,#690,.T.);
#688 = VERTEX_POINT('',#689);
#689 = CARTESIAN_POINT('',(-2.434328836931,-4.891556370284,7.));
#690 = LINE('',#691,#692);
#691 = CARTESIAN_POINT('',(-6.490889020692,-7.303921032787,7.));
#692 = VECTOR('',#693,1.);
#693 = DIRECTION('',(-0.859502759992,-0.511131104088,0.));
#694 = ORIENTED_EDGE('',*,*,#695,.T.);
#695 = EDGE_CURVE('',#688,#696,#698,.T.);
#696 = VERTEX_POINT('',#697);
#697 = CARTESIAN_POINT('',(-2.582231787475,-4.969112495784,7.));
#698 = LINE('',#699,#700);
#699 = CARTESIAN_POINT('',(-6.564029189808,-7.057054473365,7.));
#700 = VECTOR('',#701,1.);
#701 = DIRECTION('',(-0.885626795624,-0.464397651666,0.));
#702 = ORIENTED_EDGE('',*,*,#703,.T.);
#703 = EDGE_CURVE('',#696,#704,#706,.T.);
#704 = VERTEX_POINT('',#705);
#705 = CARTESIAN_POINT('',(-3.012261761874,-4.720834574305,7.));
#706 = LINE('',#707,#708);
#707 = CARTESIAN_POINT('',(-2.873665355029,-4.800853247106,7.));
#708 = VECTOR('',#709,1.);
#709 = DIRECTION('',(-0.866025403784,0.5,0.));
#710 = ORIENTED_EDGE('',*,*,#711,.T.);
#711 = EDGE_CURVE('',#704,#712,#714,.T.);
#712 = VERTEX_POINT('',#713);
#713 = CARTESIAN_POINT('',(-3.019047662245,-4.553968799089,7.));
#714 = LINE('',#715,#716);
#715 = CARTESIAN_POINT('',(-2.831406683,-9.168073892739,7.));
#716 = VECTOR('',#717,1.);
#717 = DIRECTION('',(-4.06332340113E-02,0.999174129116,0.));
#718 = ORIENTED_EDGE('',*,*,#719,.T.);
#719 = EDGE_CURVE('',#712,#720,#722,.T.);
#720 = VERTEX_POINT('',#721);
#721 = CARTESIAN_POINT('',(-3.016946191337,-4.39109203902,7.));
#722 = LINE('',#723,#724);
#723 = CARTESIAN_POINT('',(-3.079338658562,-9.226887233243,7.));
#724 = VECTOR('',#725,1.);
#725 = DIRECTION('',(1.290114080913E-02,0.99991677682,0.));
#726 = ORIENTED_EDGE('',*,*,#727,.T.);
#727 = EDGE_CURVE('',#720,#728,#730,.T.);
#728 = VERTEX_POINT('',#729);
#729 = CARTESIAN_POINT('',(-3.005887275534,-4.232701348612,7.));
#730 = LINE('',#731,#732);
#731 = CARTESIAN_POINT('',(-3.357325745017,-9.266158769473,7.));
#732 = VECTOR('',#733,1.);
#733 = DIRECTION('',(6.96509268998E-02,0.997571425203,0.));
#734 = ORIENTED_EDGE('',*,*,#735,.T.);
#735 = EDGE_CURVE('',#728,#736,#738,.T.);
#736 = VERTEX_POINT('',#737);
#737 = CARTESIAN_POINT('',(-2.985713762918,-4.079361487471,7.));
#738 = LINE('',#739,#740);
#739 = CARTESIAN_POINT('',(-3.669850297846,-9.27951692227,7.));
#740 = VECTOR('',#741,1.);
#741 = DIRECTION('',(0.130436812516,0.991456624336,0.));
#742 = ORIENTED_EDGE('',*,*,#743,.T.);
#743 = EDGE_CURVE('',#736,#744,#746,.T.);
#744 = VERTEX_POINT('',#745);
#745 = CARTESIAN_POINT('',(-2.973725128305,-4.019571974886,7.));
#746 = LINE('',#747,#748);
#747 = CARTESIAN_POINT('',(-4.023990752786,-9.257438654505,7.));
#748 = VECTOR('',#749,1.);
#749 = DIRECTION('',(0.196600700888,0.980483638013,0.));
#750 = ORIENTED_EDGE('',*,*,#751,.F.);
#751 = EDGE_CURVE('',#752,#744,#754,.T.);
#752 = VERTEX_POINT('',#753);
#753 = CARTESIAN_POINT('',(-4.019571974886,-2.973725128305,7.));
#754 = CIRCLE('',#755,5.);
#755 = AXIS2_PLACEMENT_3D('',#756,#757,#758);
#756 = CARTESIAN_POINT('',(0.,0.,7.));
#757 = DIRECTION('',(0.,0.,1.));
#758 = DIRECTION('',(1.,0.,0.));
#759 = ORIENTED_EDGE('',*,*,#760,.T.);
#760 = EDGE_CURVE('',#752,#761,#763,.T.);
#761 = VERTEX_POINT('',#762);
#762 = CARTESIAN_POINT('',(-4.079361487471,-2.985713762918,7.));
#763 = LINE('',#764,#765);
#764 = CARTESIAN_POINT('',(-7.025488478035,-3.576453484413,7.));
#765 = VECTOR('',#766,1.);
#766 = DIRECTION('',(-0.980483638013,-0.196600700888,0.));
#767 = ORIENTED_EDGE('',*,*,#768,.T.);
#768 = EDGE_CURVE('',#761,#769,#771,.T.);
#769 = VERTEX_POINT('',#770);
#770 = CARTESIAN_POINT('',(-4.232701348612,-3.005887275534,7.));
#771 = LINE('',#772,#773);
#772 = CARTESIAN_POINT('',(-6.795195464498,-3.343011014852,7.));
#773 = VECTOR('',#774,1.);
#774 = DIRECTION('',(-0.991456624336,-0.130436812516,0.));
#775 = ORIENTED_EDGE('',*,*,#776,.T.);
#776 = EDGE_CURVE('',#769,#777,#779,.T.);
#777 = VERTEX_POINT('',#778);
#778 = CARTESIAN_POINT('',(-4.39109203902,-3.016946191337,7.));
#779 = LINE('',#780,#781);
#780 = CARTESIAN_POINT('',(-6.568353192773,-3.16896363453,7.));
#781 = VECTOR('',#782,1.);
#782 = DIRECTION('',(-0.997571425203,-6.965092689979E-02,0.));
#783 = ORIENTED_EDGE('',*,*,#784,.T.);
#784 = EDGE_CURVE('',#777,#785,#787,.T.);
#785 = VERTEX_POINT('',#786);
#786 = CARTESIAN_POINT('',(-4.553968799089,-3.019047662245,7.));
#787 = LINE('',#788,#789);
#788 = CARTESIAN_POINT('',(-6.347525132986,-3.042188510912,7.));
#789 = VECTOR('',#790,1.);
#790 = DIRECTION('',(-0.99991677682,-1.290114080913E-02,0.));
#791 = ORIENTED_EDGE('',*,*,#792,.T.);
#792 = EDGE_CURVE('',#785,#793,#795,.T.);
#793 = VERTEX_POINT('',#794);
#794 = CARTESIAN_POINT('',(-4.720834574305,-3.012261761874,7.));
#795 = LINE('',#796,#797);
#796 = CARTESIAN_POINT('',(-6.134660930846,-2.954765940553,7.));
#797 = VECTOR('',#798,1.);
#798 = DIRECTION('',(-0.999174129116,4.06332340113E-02,0.));
#799 = ORIENTED_EDGE('',*,*,#800,.T.);
#800 = EDGE_CURVE('',#793,#801,#803,.T.);
#801 = VERTEX_POINT('',#802);
#802 = CARTESIAN_POINT('',(-4.969112495784,-2.582231787475,7.));
#803 = LINE('',#804,#805);
#804 = CARTESIAN_POINT('',(-2.875954102169,-6.207688473506,7.));
#805 = VECTOR('',#806,1.);
#806 = DIRECTION('',(-0.5,0.866025403784,0.));
#807 = ORIENTED_EDGE('',*,*,#808,.T.);
#808 = EDGE_CURVE('',#801,#809,#811,.T.);
#809 = VERTEX_POINT('',#810);
#810 = CARTESIAN_POINT('',(-4.891556370284,-2.434328836931,7.));
#811 = LINE('',#812,#813);
#812 = CARTESIAN_POINT('',(-7.605129886417,-7.609233165496,7.));
#813 = VECTOR('',#814,1.);
#814 = DIRECTION('',(0.464397651666,0.885626795624,0.));
#815 = ORIENTED_EDGE('',*,*,#816,.T.);
#816 = EDGE_CURVE('',#809,#817,#819,.T.);
#817 = VERTEX_POINT('',#818);
#818 = CARTESIAN_POINT('',(-4.808298063059,-2.294324160478,7.));
#819 = LINE('',#820,#821);
#820 = CARTESIAN_POINT('',(-7.796482646519,-7.319165881721,7.));
#821 = VECTOR('',#822,1.);
#822 = DIRECTION('',(0.511131104088,0.859502759992,0.));
#823 = ORIENTED_EDGE('',*,*,#824,.T.);
#824 = EDGE_CURVE('',#817,#825,#827,.T.);
#825 = VERTEX_POINT('',#826);
#826 = CARTESIAN_POINT('',(-4.719525415831,-2.162683256763,7.));
#827 = LINE('',#828,#829);
#828 = CARTESIAN_POINT('',(-7.975868903684,-6.991513002538,7.));
#829 = VECTOR('',#830,1.);
#830 = DIRECTION('',(0.559105184694,0.829096732866,0.));
#831 = ORIENTED_EDGE('',*,*,#832,.T.);
#832 = EDGE_CURVE('',#825,#833,#835,.T.);
#833 = VERTEX_POINT('',#834);
#834 = CARTESIAN_POINT('',(-4.625384710852,-2.039973797911,7.));
#835 = LINE('',#836,#837);
#836 = CARTESIAN_POINT('',(-8.138522903032,-6.619239340203,7.));
#837 = VECTOR('',#838,1.);
#838 = DIRECTION('',(0.608689905396,0.793408217167,0.));
#839 = ORIENTED_EDGE('',*,*,#840,.T.);
#840 = EDGE_CURVE('',#833,#841,#843,.T.);
#841 = VERTEX_POINT('',#842);
#842 = CARTESIAN_POINT('',(-4.585107492427,-1.994188878438,7.));
#843 = LINE('',#844,#845);
#844 = CARTESIAN_POINT('',(-8.277394055255,-6.191376508625,7.));
#845 = VECTOR('',#846,1.);
#846 = DIRECTION('',(0.660503020377,0.75082338807,0.));
#847 = ORIENTED_EDGE('',*,*,#848,.F.);
#848 = EDGE_CURVE('',#849,#841,#851,.T.);
#849 = VERTEX_POINT('',#850);
#850 = CARTESIAN_POINT('',(-4.967914006744,-0.565535517542,7.));
#851 = CIRCLE('',#852,5.);
#852 = AXIS2_PLACEMENT_3D('',#853,#854,#855);
#853 = CARTESIAN_POINT('',(0.,0.,7.));
#854 = DIRECTION('',(0.,0.,1.));
#855 = DIRECTION('',(1.,0.,0.));
#856 = ORIENTED_EDGE('',*,*,#857,.T.);
#857 = EDGE_CURVE('',#849,#858,#860,.T.);
#858 = VERTEX_POINT('',#859);
#859 = CARTESIAN_POINT('',(-5.025687560829,-0.54602322338,7.));
#860 = LINE('',#861,#862);
#861 = CARTESIAN_POINT('',(-4.321241490079,-0.783941059159,7.));
#862 = VECTOR('',#863,1.);
#863 = DIRECTION('',(-0.947424088958,0.319980617636,0.));
#864 = ORIENTED_EDGE('',*,*,#865,.T.);
#865 = EDGE_CURVE('',#858,#866,#868,.T.);
#866 = VERTEX_POINT('',#867);
#867 = CARTESIAN_POINT('',(-5.168570532297,-0.486824067219,7.));
#868 = LINE('',#869,#870);
#869 = CARTESIAN_POINT('',(-3.98762313842,-0.976113227924,7.));
#870 = VECTOR('',#871,1.);
#871 = DIRECTION('',(-0.923845029684,0.38276671894,0.));
#872 = ORIENTED_EDGE('',*,*,#873,.T.);
#873 = EDGE_CURVE('',#866,#874,#876,.T.);
#874 = VERTEX_POINT('',#875);
#875 = CARTESIAN_POINT('',(-5.311270351815,-0.417206024039,7.));
#876 = LINE('',#877,#878);
#877 = CARTESIAN_POINT('',(-3.720888225901,-1.193095523328,7.));
#878 = VECTOR('',#879,1.);
#879 = DIRECTION('',(-0.898747659765,0.438466240509,0.));
#880 = ORIENTED_EDGE('',*,*,#881,.T.);
#881 = EDGE_CURVE('',#874,#882,#884,.T.);
#882 = VERTEX_POINT('',#883);
#883 = CARTESIAN_POINT('',(-5.453376499175,-0.337587571195,7.));
#884 = LINE('',#885,#886);
#885 = CARTESIAN_POINT('',(-3.509526618225,-1.426677121204,7.));
#886 = VECTOR('',#887,1.);
#887 = DIRECTION('',(-0.872403900801,0.488785672731,0.));
#888 = ORIENTED_EDGE('',*,*,#889,.T.);
#889 = EDGE_CURVE('',#882,#890,#892,.T.);
#890 = VERTEX_POINT('',#891);
#891 = CARTESIAN_POINT('',(-5.594493549349,-0.248277921479,7.));
#892 = LINE('',#893,#894);
#893 = CARTESIAN_POINT('',(-3.346193817992,-1.671173746023,7.));
#894 = VECTOR('',#895,1.);
#895 = DIRECTION('',(-0.844993561613,0.534776477449,0.));
#896 = ORIENTED_EDGE('',*,*,#897,.T.);
#897 = EDGE_CURVE('',#890,#898,#900,.T.);
#898 = VERTEX_POINT('',#899);
#899 = CARTESIAN_POINT('',(-5.594493549349,0.248277921479,7.));
#900 = LINE('',#901,#902);
#901 = CARTESIAN_POINT('',(-5.594493549349,-6.87586103926,7.));
#902 = VECTOR('',#903,1.);
#903 = DIRECTION('',(0.,1.,0.));
#904 = ORIENTED_EDGE('',*,*,#905,.T.);
#905 = EDGE_CURVE('',#898,#906,#908,.T.);
#906 = VERTEX_POINT('',#907);
#907 = CARTESIAN_POINT('',(-5.453376499175,0.337587571195,7.));
#908 = LINE('',#909,#910);
#909 = CARTESIAN_POINT('',(-9.601992817759,-2.287973760784,7.));
#910 = VECTOR('',#911,1.);
#911 = DIRECTION('',(0.844993561613,0.534776477449,0.));
#912 = ORIENTED_EDGE('',*,*,#913,.T.);
#913 = EDGE_CURVE('',#906,#914,#916,.T.);
#914 = VERTEX_POINT('',#915);
#915 = CARTESIAN_POINT('',(-5.311270351815,0.417206024039,7.));
#916 = LINE('',#917,#918);
#917 = CARTESIAN_POINT('',(-9.408332930195,-1.878273726519,7.));
#918 = VECTOR('',#919,1.);
#919 = DIRECTION('',(0.872403900801,0.488785672731,0.));
#920 = ORIENTED_EDGE('',*,*,#921,.T.);
#921 = EDGE_CURVE('',#914,#922,#924,.T.);
#922 = VERTEX_POINT('',#923);
#923 = CARTESIAN_POINT('',(-5.168570532297,0.486824067219,7.));
#924 = LINE('',#925,#926);
#925 = CARTESIAN_POINT('',(-9.166525421755,-1.46363247201,7.));
#926 = VECTOR('',#927,1.);
#927 = DIRECTION('',(0.898747659765,0.438466240509,0.));
#928 = ORIENTED_EDGE('',*,*,#929,.T.);
#929 = EDGE_CURVE('',#922,#930,#932,.T.);
#930 = VERTEX_POINT('',#931);
#931 = CARTESIAN_POINT('',(-5.025687560829,0.54602322338,7.));
#932 = LINE('',#933,#934);
#933 = CARTESIAN_POINT('',(-8.866821484186,-1.045432249792,7.));
#934 = VECTOR('',#935,1.);
#935 = DIRECTION('',(0.923845029684,0.38276671894,0.));
#936 = ORIENTED_EDGE('',*,*,#937,.T.);
#937 = EDGE_CURVE('',#930,#938,#940,.T.);
#938 = VERTEX_POINT('',#939);
#939 = CARTESIAN_POINT('',(-4.967914006744,0.565535517542,7.));
#940 = LINE('',#941,#942);
#941 = CARTESIAN_POINT('',(-8.49412977647,-0.625399685673,7.));
#942 = VECTOR('',#943,1.);
#943 = DIRECTION('',(0.947424088958,0.319980617636,0.));
#944 = ORIENTED_EDGE('',*,*,#945,.F.);
#945 = EDGE_CURVE('',#946,#938,#948,.T.);
#946 = VERTEX_POINT('',#947);
#947 = CARTESIAN_POINT('',(-4.585107492427,1.994188878438,7.));
#948 = CIRCLE('',#949,5.);
#949 = AXIS2_PLACEMENT_3D('',#950,#951,#952);
#950 = CARTESIAN_POINT('',(0.,0.,7.));
#951 = DIRECTION('',(0.,0.,1.));
#952 = DIRECTION('',(1.,0.,0.));
#953 = ORIENTED_EDGE('',*,*,#954,.T.);
#954 = EDGE_CURVE('',#946,#955,#957,.T.);
#955 = VERTEX_POINT('',#956);
#956 = CARTESIAN_POINT('',(-4.625384710852,2.039973797911,7.));
#957 = LINE('',#958,#959);
#958 = CARTESIAN_POINT('',(-1.384215847989,-1.644408122905,7.));
#959 = VECTOR('',#960,1.);
#960 = DIRECTION('',(-0.660503020377,0.75082338807,0.));
#961 = ORIENTED_EDGE('',*,*,#962,.T.);
#962 = EDGE_CURVE('',#955,#963,#965,.T.);
#963 = VERTEX_POINT('',#964);
#964 = CARTESIAN_POINT('',(-4.719525415831,2.162683256763,7.));
#965 = LINE('',#966,#967);
#966 = CARTESIAN_POINT('',(-1.424439238447,-2.132358317336,7.));
#967 = VECTOR('',#968,1.);
#968 = DIRECTION('',(-0.608689905396,0.793408217168,0.));
#969 = ORIENTED_EDGE('',*,*,#970,.T.);
#970 = EDGE_CURVE('',#963,#971,#973,.T.);
#971 = VERTEX_POINT('',#972);
#972 = CARTESIAN_POINT('',(-4.808298063059,2.294324160478,7.));
#973 = LINE('',#974,#975);
#974 = CARTESIAN_POINT('',(-1.530523279886,-2.566286039881,7.));
#975 = VECTOR('',#976,1.);
#976 = DIRECTION('',(-0.559105184694,0.829096732866,0.));
#977 = ORIENTED_EDGE('',*,*,#978,.T.);
#978 = EDGE_CURVE('',#971,#979,#981,.T.);
#979 = VERTEX_POINT('',#980);
#980 = CARTESIAN_POINT('',(-4.891556370284,2.434328836931,7.));
#981 = LINE('',#982,#983);
#982 = CARTESIAN_POINT('',(-1.687651474589,-2.953261702119,7.));
#983 = VECTOR('',#984,1.);
#984 = DIRECTION('',(-0.511131104088,0.859502759992,0.));
#985 = ORIENTED_EDGE('',*,*,#986,.T.);
#986 = EDGE_CURVE('',#979,#987,#989,.T.);
#987 = VERTEX_POINT('',#988);
#988 = CARTESIAN_POINT('',(-4.969112495784,2.582231787475,7.));
#989 = LINE('',#990,#991);
#990 = CARTESIAN_POINT('',(-1.885945891203,-3.297502855011,7.));
#991 = VECTOR('',#992,1.);
#992 = DIRECTION('',(-0.464397651666,0.885626795624,0.));
#993 = ORIENTED_EDGE('',*,*,#994,.T.);
#994 = EDGE_CURVE('',#987,#995,#997,.T.);
#995 = VERTEX_POINT('',#996);
#996 = CARTESIAN_POINT('',(-4.720834574305,3.012261761874,7.));
#997 = LINE('',#998,#999);
#998 = CARTESIAN_POINT('',(-8.81399296792,-4.077296539295,7.));
#999 = VECTOR('',#1000,1.);
#1000 = DIRECTION('',(0.5,0.866025403784,0.));
#1001 = ORIENTED_EDGE('',*,*,#1002,.T.);
#1002 = EDGE_CURVE('',#995,#1003,#1005,.T.);
#1003 = VERTEX_POINT('',#1004);
#1004 = CARTESIAN_POINT('',(-4.553968799089,3.019047662245,7.));
#1005 = LINE('',#1006,#1007);
#1006 = CARTESIAN_POINT('',(-6.619623510128,2.935044054851,7.));
#1007 = VECTOR('',#1008,1.);
#1008 = DIRECTION('',(0.999174129116,4.06332340113E-02,0.));
#1009 = ORIENTED_EDGE('',*,*,#1010,.T.);
#1010 = EDGE_CURVE('',#1003,#1011,#1013,.T.);
#1011 = VERTEX_POINT('',#1012);
#1012 = CARTESIAN_POINT('',(-4.39109203902,3.016946191337,7.));
#1013 = LINE('',#1014,#1015);
#1014 = CARTESIAN_POINT('',(-6.085485813059,3.03880762338,7.));
#1015 = VECTOR('',#1016,1.);
#1016 = DIRECTION('',(0.99991677682,-1.290114080913E-02,0.));
#1017 = ORIENTED_EDGE('',*,*,#1018,.T.);
#1018 = EDGE_CURVE('',#1011,#1019,#1021,.T.);
#1019 = VERTEX_POINT('',#1020);
#1020 = CARTESIAN_POINT('',(-4.232701348612,3.005887275534,7.));
#1021 = LINE('',#1022,#1023);
#1022 = CARTESIAN_POINT('',(-5.516413005771,3.095516653977,7.));
#1023 = VECTOR('',#1024,1.);
#1024 = DIRECTION('',(0.997571425203,-6.965092689979E-02,0.));
#1025 = ORIENTED_EDGE('',*,*,#1026,.T.);
#1026 = EDGE_CURVE('',#1019,#1027,#1029,.T.);
#1027 = VERTEX_POINT('',#1028);
#1028 = CARTESIAN_POINT('',(-4.079361487471,2.985713762918,7.));
#1029 = LINE('',#1030,#1031);
#1030 = CARTESIAN_POINT('',(-4.908011348354,3.094731589712,7.));
#1031 = VECTOR('',#1032,1.);
#1032 = DIRECTION('',(0.991456624336,-0.130436812516,0.));
#1033 = ORIENTED_EDGE('',*,*,#1034,.T.);
#1034 = EDGE_CURVE('',#1027,#1035,#1037,.T.);
#1035 = VERTEX_POINT('',#1036);
#1036 = CARTESIAN_POINT('',(-4.019571974886,2.973725128305,7.));
#1037 = LINE('',#1038,#1039);
#1038 = CARTESIAN_POINT('',(-4.252992686408,3.020529249973,7.));
#1039 = VECTOR('',#1040,1.);
#1040 = DIRECTION('',(0.980483638013,-0.196600700888,0.));
#1041 = ORIENTED_EDGE('',*,*,#1042,.F.);
#1042 = EDGE_CURVE('',#1043,#1035,#1045,.T.);
#1043 = VERTEX_POINT('',#1044);
#1044 = CARTESIAN_POINT('',(-2.973725128305,4.019571974886,7.));
#1045 = CIRCLE('',#1046,5.);
#1046 = AXIS2_PLACEMENT_3D('',#1047,#1048,#1049);
#1047 = CARTESIAN_POINT('',(0.,0.,7.));
#1048 = DIRECTION('',(0.,0.,1.));
#1049 = DIRECTION('',(1.,0.,0.));
#1050 = ORIENTED_EDGE('',*,*,#1051,.T.);
#1051 = EDGE_CURVE('',#1043,#1052,#1054,.T.);
#1052 = VERTEX_POINT('',#1053);
#1053 = CARTESIAN_POINT('',(-2.985713762918,4.079361487471,7.));
#1054 = LINE('',#1055,#1056);
#1055 = CARTESIAN_POINT('',(-1.340096502778,-4.127632641806,7.));
#1056 = VECTOR('',#1057,1.);
#1057 = DIRECTION('',(-0.196600700888,0.980483638013,0.));
#1058 = ORIENTED_EDGE('',*,*,#1059,.T.);
#1059 = EDGE_CURVE('',#1052,#1060,#1062,.T.);
#1060 = VERTEX_POINT('',#1061);
#1061 = CARTESIAN_POINT('',(-3.005887275534,4.232701348612,7.));
#1062 = LINE('',#1063,#1064);
#1063 = CARTESIAN_POINT('',(-1.86942286858,-4.405620478328,7.));
#1064 = VECTOR('',#1065,1.);
#1065 = DIRECTION('',(-0.130436812516,0.991456624336,0.));
#1066 = ORIENTED_EDGE('',*,*,#1067,.T.);
#1067 = EDGE_CURVE('',#1060,#1068,#1070,.T.);
#1068 = VERTEX_POINT('',#1069);
#1069 = CARTESIAN_POINT('',(-3.016946191337,4.39109203902,7.));
#1070 = LINE('',#1071,#1072);
#1071 = CARTESIAN_POINT('',(-2.390110361121,-4.586728362671,7.));
#1072 = VECTOR('',#1073,1.);
#1073 = DIRECTION('',(-6.965092689979E-02,0.997571425203,0.));
#1074 = ORIENTED_EDGE('',*,*,#1075,.T.);
#1075 = EDGE_CURVE('',#1068,#1076,#1078,.T.);
#1076 = VERTEX_POINT('',#1077);
#1077 = CARTESIAN_POINT('',(-3.019047662245,4.553968799089,7.));
#1078 = LINE('',#1079,#1080);
#1079 = CARTESIAN_POINT('',(-2.899788454123,-4.689344234644,7.));
#1080 = VECTOR('',#1081,1.);
#1081 = DIRECTION('',(-1.290114080913E-02,0.99991677682,0.));
#1082 = ORIENTED_EDGE('',*,*,#1083,.T.);
#1083 = EDGE_CURVE('',#1076,#1084,#1086,.T.);
#1084 = VERTEX_POINT('',#1085);
#1085 = CARTESIAN_POINT('',(-3.012261761874,4.720834574305,7.));
#1086 = LINE('',#1087,#1088);
#1087 = CARTESIAN_POINT('',(-3.396409199704,-4.725378383767,7.));
#1088 = VECTOR('',#1089,1.);
#1089 = DIRECTION('',(4.06332340113E-02,0.999174129116,0.));
#1090 = ORIENTED_EDGE('',*,*,#1091,.T.);
#1091 = EDGE_CURVE('',#1084,#1092,#1094,.T.);
#1092 = VERTEX_POINT('',#1093);
#1093 = CARTESIAN_POINT('',(-2.582231787475,4.969112495784,7.));
#1094 = LINE('',#1095,#1096);
#1095 = CARTESIAN_POINT('',(-8.72082819432,1.424992207845,7.));
#1096 = VECTOR('',#1097,1.);
#1097 = DIRECTION('',(0.866025403784,0.5,0.));
#1098 = ORIENTED_EDGE('',*,*,#1099,.T.);
#1099 = EDGE_CURVE('',#1092,#1100,#1102,.T.);
#1100 = VERTEX_POINT('',#1101);
#1101 = CARTESIAN_POINT('',(-2.434328836931,4.891556370284,7.));
#1102 = LINE('',#1103,#1104);
#1103 = CARTESIAN_POINT('',(-0.732115656572,3.998963906394,7.));
#1104 = VECTOR('',#1105,1.);
#1105 = DIRECTION('',(0.885626795624,-0.464397651666,0.));
#1106 = ORIENTED_EDGE('',*,*,#1107,.T.);
#1107 = EDGE_CURVE('',#1100,#1108,#1110,.T.);
#1108 = VERTEX_POINT('',#1109);
#1109 = CARTESIAN_POINT('',(-2.294324160478,4.808298063059,7.));
#1110 = LINE('',#1111,#1112);
#1111 = CARTESIAN_POINT('',(-0.270426356923,3.604721801241,7.));
#1112 = VECTOR('',#1113,1.);
#1113 = DIRECTION('',(0.859502759992,-0.511131104088,0.));
#1114 = ORIENTED_EDGE('',*,*,#1115,.T.);
#1115 = EDGE_CURVE('',#1108,#1116,#1118,.T.);
#1116 = VERTEX_POINT('',#1117);
#1117 = CARTESIAN_POINT('',(-2.162683256763,4.719525415831,7.));
#1118 = LINE('',#1119,#1120);
#1119 = CARTESIAN_POINT('',(0.169766276344,3.146627374741,7.));
#1120 = VECTOR('',#1121,1.);
#1121 = DIRECTION('',(0.829096732866,-0.559105184694,0.));
#1122 = ORIENTED_EDGE('',*,*,#1123,.T.);
#1123 = EDGE_CURVE('',#1116,#1124,#1126,.T.);
#1124 = VERTEX_POINT('',#1125);
#1125 = CARTESIAN_POINT('',(-2.039973797911,4.625384710852,7.));
#1126 = LINE('',#1127,#1128);
#1127 = CARTESIAN_POINT('',(0.581585756134,2.614166774846,7.));
#1128 = VECTOR('',#1129,1.);
#1129 = DIRECTION('',(0.793408217167,-0.608689905396,0.));
#1130 = ORIENTED_EDGE('',*,*,#1131,.T.);
#1131 = EDGE_CURVE('',#1124,#1132,#1134,.T.);
#1132 = VERTEX_POINT('',#1133);
#1133 = CARTESIAN_POINT('',(-1.994188878438,4.585107492427,7.));
#1134 = LINE('',#1135,#1136);
#1135 = CARTESIAN_POINT('',(0.954963043082,1.990724069287,7.));
#1136 = VECTOR('',#1137,1.);
#1137 = DIRECTION('',(0.75082338807,-0.660503020377,0.));
#1138 = ORIENTED_EDGE('',*,*,#1139,.F.);
#1139 = EDGE_CURVE('',#1140,#1132,#1142,.T.);
#1140 = VERTEX_POINT('',#1141);
#1141 = CARTESIAN_POINT('',(-0.565535517542,4.967914006744,7.));
#1142 = CIRCLE('',#1143,5.);
#1143 = AXIS2_PLACEMENT_3D('',#1144,#1145,#1146);
#1144 = CARTESIAN_POINT('',(0.,0.,7.));
#1145 = DIRECTION('',(0.,0.,1.));
#1146 = DIRECTION('',(1.,0.,0.));
#1147 = ORIENTED_EDGE('',*,*,#1148,.T.);
#1148 = EDGE_CURVE('',#1140,#1149,#1151,.T.);
#1149 = VERTEX_POINT('',#1150);
#1150 = CARTESIAN_POINT('',(-0.54602322338,5.025687560829,7.));
#1151 = LINE('',#1152,#1153);
#1152 = CARTESIAN_POINT('',(-3.811509068795,-4.643022922192,7.));
#1153 = VECTOR('',#1154,1.);
#1154 = DIRECTION('',(0.319980617636,0.947424088958,0.));
#1155 = ORIENTED_EDGE('',*,*,#1156,.T.);
#1156 = EDGE_CURVE('',#1149,#1157,#1159,.T.);
#1157 = VERTEX_POINT('',#1158);
#1158 = CARTESIAN_POINT('',(-0.486824067219,5.168570532297,7.));
#1159 = LINE('',#1160,#1161);
#1160 = CARTESIAN_POINT('',(-4.426370583575,-4.339911496704,7.));
#1161 = VECTOR('',#1162,1.);
#1162 = DIRECTION('',(0.38276671894,0.923845029684,0.));
#1163 = ORIENTED_EDGE('',*,*,#1164,.T.);
#1164 = EDGE_CURVE('',#1157,#1165,#1167,.T.);
#1165 = VERTEX_POINT('',#1166);
#1166 = CARTESIAN_POINT('',(-0.417206024039,5.311270351815,7.));
#1167 = LINE('',#1168,#1169);
#1168 = CARTESIAN_POINT('',(-4.951113174111,-3.982121166738,7.));
#1169 = VECTOR('',#1170,1.);
#1170 = DIRECTION('',(0.438466240509,0.898747659765,0.));
#1171 = ORIENTED_EDGE('',*,*,#1172,.T.);
#1172 = EDGE_CURVE('',#1165,#1173,#1175,.T.);
#1173 = VERTEX_POINT('',#1174);
#1174 = CARTESIAN_POINT('',(-0.337587571195,5.453376499175,7.));
#1175 = LINE('',#1176,#1177);
#1176 = CARTESIAN_POINT('',(-5.400546622613,-3.583192026593,7.));
#1177 = VECTOR('',#1178,1.);
#1178 = DIRECTION('',(0.488785672731,0.872403900801,0.));
#1179 = ORIENTED_EDGE('',*,*,#1180,.T.);
#1180 = EDGE_CURVE('',#1173,#1181,#1183,.T.);
#1181 = VERTEX_POINT('',#1182);
#1182 = CARTESIAN_POINT('',(-0.248277921479,5.594493549349,7.));
#1183 = LINE('',#1184,#1185);
#1184 = CARTESIAN_POINT('',(-5.783925587337,-3.152313451802,7.));
#1185 = VECTOR('',#1186,1.);
#1186 = DIRECTION('',(0.534776477449,0.844993561613,0.));
#1187 = ORIENTED_EDGE('',*,*,#1188,.T.);
#1188 = EDGE_CURVE('',#1181,#1189,#1191,.T.);
#1189 = VERTEX_POINT('',#1190);
#1190 = CARTESIAN_POINT('',(0.248277921479,5.594493549349,7.));
#1191 = LINE('',#1192,#1193);
#1192 = CARTESIAN_POINT('',(-3.87586103926,5.594493549349,7.));
#1193 = VECTOR('',#1194,1.);
#1194 = DIRECTION('',(1.,0.,0.));
#1195 = ORIENTED_EDGE('',*,*,#1196,.T.);
#1196 = EDGE_CURVE('',#1189,#1197,#1199,.T.);
#1197 = VERTEX_POINT('',#1198);
#1198 = CARTESIAN_POINT('',(0.337587571195,5.453376499175,7.));
#1199 = LINE('',#1200,#1201);
#1200 = CARTESIAN_POINT('',(3.540693365529,0.392189465885,7.));
#1201 = VECTOR('',#1202,1.);
#1202 = DIRECTION('',(0.534776477449,-0.844993561613,0.));
#1203 = ORIENTED_EDGE('',*,*,#1204,.T.);
#1204 = EDGE_CURVE('',#1197,#1205,#1207,.T.);
#1205 = VERTEX_POINT('',#1206);
#1206 = CARTESIAN_POINT('',(0.417206024039,5.311270351815,7.));
#1207 = LINE('',#1208,#1209);
#1208 = CARTESIAN_POINT('',(3.529064378094,-0.242896879902,7.));
#1209 = VECTOR('',#1210,1.);
#1210 = DIRECTION('',(0.488785672731,-0.872403900801,0.));
#1211 = ORIENTED_EDGE('',*,*,#1212,.T.);
#1212 = EDGE_CURVE('',#1205,#1213,#1215,.T.);
#1213 = VERTEX_POINT('',#1214);
#1214 = CARTESIAN_POINT('',(0.486824067219,5.168570532297,7.));
#1215 = LINE('',#1216,#1217);
#1216 = CARTESIAN_POINT('',(3.44790104317,-0.900907016146,7.));
#1217 = VECTOR('',#1218,1.);
#1218 = DIRECTION('',(0.438466240509,-0.898747659765,0.));
#1219 = ORIENTED_EDGE('',*,*,#1220,.T.);
#1220 = EDGE_CURVE('',#1213,#1221,#1223,.T.);
#1221 = VERTEX_POINT('',#1222);
#1222 = CARTESIAN_POINT('',(0.54602322338,5.025687560829,7.));
#1223 = LINE('',#1224,#1225);
#1224 = CARTESIAN_POINT('',(3.283887272629,-1.582415935867,7.));
#1225 = VECTOR('',#1226,1.);
#1226 = DIRECTION('',(0.38276671894,-0.923845029684,0.));
#1227 = ORIENTED_EDGE('',*,*,#1228,.T.);
#1228 = EDGE_CURVE('',#1221,#1229,#1231,.T.);
#1229 = VERTEX_POINT('',#1230);
#1230 = CARTESIAN_POINT('',(0.565535517542,4.967914006744,7.));
#1231 = LINE('',#1232,#1233);
#1232 = CARTESIAN_POINT('',(3.016493897937,-2.289078706686,7.));
#1233 = VECTOR('',#1234,1.);
#1234 = DIRECTION('',(0.319980617636,-0.947424088958,0.));
#1235 = ORIENTED_EDGE('',*,*,#1236,.F.);
#1236 = EDGE_CURVE('',#1237,#1229,#1239,.T.);
#1237 = VERTEX_POINT('',#1238);
#1238 = CARTESIAN_POINT('',(1.994188878438,4.585107492427,7.));
#1239 = CIRCLE('',#1240,5.);
#1240 = AXIS2_PLACEMENT_3D('',#1241,#1242,#1243);
#1241 = CARTESIAN_POINT('',(0.,0.,7.));
#1242 = DIRECTION('',(0.,0.,1.));
#1243 = DIRECTION('',(1.,0.,0.));
#1244 = ORIENTED_EDGE('',*,*,#1245,.T.);
#1245 = EDGE_CURVE('',#1237,#1246,#1248,.T.);
#1246 = VERTEX_POINT('',#1247);
#1247 = CARTESIAN_POINT('',(2.039973797911,4.625384710852,7.));
#1248 = LINE('',#1249,#1250);
#1249 = CARTESIAN_POINT('',(-5.408333114176,-1.926927444441,7.));
#1250 = VECTOR('',#1251,1.);
#1251 = DIRECTION('',(0.75082338807,0.660503020377,0.));
#1252 = ORIENTED_EDGE('',*,*,#1253,.T.);
#1253 = EDGE_CURVE('',#1246,#1254,#1256,.T.);
#1254 = VERTEX_POINT('',#1255);
#1255 = CARTESIAN_POINT('',(2.162683256763,4.719525415831,7.));
#1256 = LINE('',#1257,#1258);
#1257 = CARTESIAN_POINT('',(-5.556203819259,-1.20227945385,7.));
#1258 = VECTOR('',#1259,1.);
#1259 = DIRECTION('',(0.793408217167,0.608689905396,0.));
#1260 = ORIENTED_EDGE('',*,*,#1261,.T.);
#1261 = EDGE_CURVE('',#1254,#1262,#1264,.T.);
#1262 = VERTEX_POINT('',#1263);
#1263 = CARTESIAN_POINT('',(2.294324160478,4.808298063059,7.));
#1264 = LINE('',#1265,#1266);
#1265 = CARTESIAN_POINT('',(-5.603156964074,-0.517404557308,7.));
#1266 = VECTOR('',#1267,1.);
#1267 = DIRECTION('',(0.829096732866,0.559105184694,0.));
#1268 = ORIENTED_EDGE('',*,*,#1269,.T.);
#1269 = EDGE_CURVE('',#1262,#1270,#1272,.T.);
#1270 = VERTEX_POINT('',#1271);
#1271 = CARTESIAN_POINT('',(2.434328836931,4.891556370284,7.));
#1272 = LINE('',#1273,#1274);
#1273 = CARTESIAN_POINT('',(-5.569531260317,0.1318021974,7.));
#1274 = VECTOR('',#1275,1.);
#1275 = DIRECTION('',(0.859502759992,0.511131104088,0.));
#1276 = ORIENTED_EDGE('',*,*,#1277,.T.);
#1277 = EDGE_CURVE('',#1270,#1278,#1280,.T.);
#1278 = VERTEX_POINT('',#1279);
#1279 = CARTESIAN_POINT('',(2.582231787475,4.969112495784,7.));
#1280 = LINE('',#1281,#1282);
#1281 = CARTESIAN_POINT('',(-5.468611437173,0.747477936021,7.));
#1282 = VECTOR('',#1283,1.);
#1283 = DIRECTION('',(0.885626795624,0.464397651666,0.));
#1284 = ORIENTED_EDGE('',*,*,#1285,.T.);
#1285 = EDGE_CURVE('',#1278,#1286,#1288,.T.);
#1286 = VERTEX_POINT('',#1287);
#1287 = CARTESIAN_POINT('',(3.012261761874,4.720834574305,7.));
#1288 = LINE('',#1289,#1290);
#1289 = CARTESIAN_POINT('',(2.93584318152,4.764954862243,7.));
#1290 = VECTOR('',#1291,1.);
#1291 = DIRECTION('',(0.866025403784,-0.5,0.));
#1292 = ORIENTED_EDGE('',*,*,#1293,.T.);
#1293 = EDGE_CURVE('',#1286,#1294,#1296,.T.);
#1294 = VERTEX_POINT('',#1295);
#1295 = CARTESIAN_POINT('',(3.019047662245,4.553968799089,7.));
#1296 = LINE('',#1297,#1298);
#1297 = CARTESIAN_POINT('',(3.38659367224,-4.484013861723,7.));
#1298 = VECTOR('',#1299,1.);
#1299 = DIRECTION('',(4.06332340113E-02,-0.999174129116,0.));
#1300 = ORIENTED_EDGE('',*,*,#1301,.T.);
#1301 = EDGE_CURVE('',#1294,#1302,#1304,.T.);
#1302 = VERTEX_POINT('',#1303);
#1303 = CARTESIAN_POINT('',(3.016946191337,4.39109203902,7.));
#1304 = LINE('',#1305,#1306);
#1305 = CARTESIAN_POINT('',(2.897406203196,-4.87398315176,7.));
#1306 = VECTOR('',#1307,1.);
#1307 = DIRECTION('',(-1.290114080913E-02,-0.99991677682,0.));
#1308 = ORIENTED_EDGE('',*,*,#1309,.T.);
#1309 = EDGE_CURVE('',#1302,#1310,#1312,.T.);
#1310 = VERTEX_POINT('',#1311);
#1311 = CARTESIAN_POINT('',(3.005887275534,4.232701348612,7.));
#1312 = LINE('',#1313,#1314);
#1313 = CARTESIAN_POINT('',(2.345770890275,-5.221777903188,7.));
#1314 = VECTOR('',#1315,1.);
#1315 = DIRECTION('',(-6.96509268998E-02,-0.997571425203,0.));
#1316 = ORIENTED_EDGE('',*,*,#1317,.T.);
#1317 = EDGE_CURVE('',#1310,#1318,#1320,.T.);
#1318 = VERTEX_POINT('',#1319);
#1319 = CARTESIAN_POINT('',(2.985713762918,4.079361487471,7.));
#1320 = LINE('',#1321,#1322);
#1321 = CARTESIAN_POINT('',(1.723226015797,-5.516869943512,7.));
#1322 = VECTOR('',#1323,1.);
#1323 = DIRECTION('',(-0.130436812516,-0.991456624336,0.));
#1324 = ORIENTED_EDGE('',*,*,#1325,.T.);
#1325 = EDGE_CURVE('',#1318,#1326,#1328,.T.);
#1326 = VERTEX_POINT('',#1327);
#1327 = CARTESIAN_POINT('',(2.973725128305,4.019571974886,7.));
#1328 = LINE('',#1329,#1330);
#1329 = CARTESIAN_POINT('',(1.016083281876,-5.743545810779,7.));
#1330 = VECTOR('',#1331,1.);
#1331 = DIRECTION('',(-0.196600700888,-0.980483638013,0.));
#1332 = ORIENTED_EDGE('',*,*,#1333,.F.);
#1333 = EDGE_CURVE('',#1334,#1326,#1336,.T.);
#1334 = VERTEX_POINT('',#1335);
#1335 = CARTESIAN_POINT('',(4.019571974886,2.973725128305,7.));
#1336 = CIRCLE('',#1337,5.);
#1337 = AXIS2_PLACEMENT_3D('',#1338,#1339,#1340);
#1338 = CARTESIAN_POINT('',(0.,0.,7.));
#1339 = DIRECTION('',(0.,0.,1.));
#1340 = DIRECTION('',(1.,0.,0.));
#1341 = ORIENTED_EDGE('',*,*,#1342,.T.);
#1342 = EDGE_CURVE('',#1334,#1343,#1345,.T.);
#1343 = VERTEX_POINT('',#1344);
#1344 = CARTESIAN_POINT('',(4.079361487471,2.985713762918,7.));
#1345 = LINE('',#1346,#1347);
#1346 = CARTESIAN_POINT('',(-3.363989623441,1.493217622619,7.));
#1347 = VECTOR('',#1348,1.);
#1348 = DIRECTION('',(0.980483638013,0.196600700888,0.));
#1349 = ORIENTED_EDGE('',*,*,#1350,.T.);
#1350 = EDGE_CURVE('',#1343,#1351,#1353,.T.);
#1351 = VERTEX_POINT('',#1352);
#1352 = CARTESIAN_POINT('',(4.232701348612,3.005887275534,7.));
#1353 = LINE('',#1354,#1355);
#1354 = CARTESIAN_POINT('',(-2.8792086246,2.070238811406,7.));
#1355 = VECTOR('',#1356,1.);
#1356 = DIRECTION('',(0.991456624336,0.130436812516,0.));
#1357 = ORIENTED_EDGE('',*,*,#1358,.T.);
#1358 = EDGE_CURVE('',#1351,#1359,#1361,.T.);
#1359 = VERTEX_POINT('',#1360);
#1360 = CARTESIAN_POINT('',(4.39109203902,3.016946191337,7.));
#1361 = LINE('',#1362,#1363);
#1362 = CARTESIAN_POINT('',(-2.365581636081,2.545191916565,7.));
#1363 = VECTOR('',#1364,1.);
#1364 = DIRECTION('',(0.997571425203,6.965092689979E-02,0.));
#1365 = ORIENTED_EDGE('',*,*,#1366,.T.);
#1366 = EDGE_CURVE('',#1359,#1367,#1369,.T.);
#1367 = VERTEX_POINT('',#1368);
#1368 = CARTESIAN_POINT('',(4.553968799089,3.019047662245,7.));
#1369 = LINE('',#1370,#1371);
#1370 = CARTESIAN_POINT('',(-1.831744291433,2.936657821752,7.));
#1371 = VECTOR('',#1372,1.);
#1372 = DIRECTION('',(0.99991677682,1.290114080913E-02,0.));
#1373 = ORIENTED_EDGE('',*,*,#1374,.T.);
#1374 = EDGE_CURVE('',#1367,#1375,#1377,.T.);
#1375 = VERTEX_POINT('',#1376);
#1376 = CARTESIAN_POINT('',(4.720834574305,3.012261761874,7.));
#1377 = LINE('',#1378,#1379);
#1378 = CARTESIAN_POINT('',(-1.283735124615,3.256448514317,7.));
#1379 = VECTOR('',#1380,1.);
#1380 = DIRECTION('',(0.999174129116,-4.06332340113E-02,0.));
#1381 = ORIENTED_EDGE('',*,*,#1382,.T.);
#1382 = EDGE_CURVE('',#1375,#1383,#1385,.T.);
#1383 = VERTEX_POINT('',#1384);
#1384 = CARTESIAN_POINT('',(4.969112495784,2.582231787475,7.));
#1385 = LINE('',#1386,#1387);
#1386 = CARTESIAN_POINT('',(6.93813192866,-0.828209911357,7.));
#1387 = VECTOR('',#1388,1.);
#1388 = DIRECTION('',(0.5,-0.866025403784,0.));
#1389 = ORIENTED_EDGE('',*,*,#1390,.T.);
#1390 = EDGE_CURVE('',#1383,#1391,#1393,.T.);
#1391 = VERTEX_POINT('',#1392);
#1392 = CARTESIAN_POINT('',(4.891556370284,2.434328836931,7.));
#1393 = LINE('',#1394,#1395);
#1394 = CARTESIAN_POINT('',(0.121846397469,-6.661718363405,7.));
#1395 = VECTOR('',#1396,1.);
#1396 = DIRECTION('',(-0.464397651666,-0.885626795624,0.));
#1397 = ORIENTED_EDGE('',*,*,#1398,.T.);
#1398 = EDGE_CURVE('',#1391,#1399,#1401,.T.);
#1399 = VERTEX_POINT('',#1400);
#1400 = CARTESIAN_POINT('',(4.808298063059,2.294324160478,7.));
#1401 = LINE('',#1402,#1403);
#1402 = CARTESIAN_POINT('',(-0.444017723557,-6.537812797799,7.));
#1403 = VECTOR('',#1404,1.);
#1404 = DIRECTION('',(-0.511131104088,-0.859502759992,0.));
#1405 = ORIENTED_EDGE('',*,*,#1406,.T.);
#1406 = EDGE_CURVE('',#1399,#1407,#1409,.T.);
#1407 = VERTEX_POINT('',#1408);
#1408 = CARTESIAN_POINT('',(4.719525415831,2.162683256763,7.));
#1409 = LINE('',#1410,#1411);
#1410 = CARTESIAN_POINT('',(-1.014651904141,-6.340524747402,7.));
#1411 = VECTOR('',#1412,1.);
#1412 = DIRECTION('',(-0.559105184694,-0.829096732866,0.));
#1413 = ORIENTED_EDGE('',*,*,#1414,.T.);
#1414 = EDGE_CURVE('',#1407,#1415,#1417,.T.);
#1415 = VERTEX_POINT('',#1416);
#1416 = CARTESIAN_POINT('',(4.625384710852,2.039973797911,7.));
#1417 = LINE('',#1418,#1419);
#1418 = CARTESIAN_POINT('',(-1.586658321491,-6.057229627947,7.));
#1419 = VECTOR('',#1420,1.);
#1420 = DIRECTION('',(-0.608689905396,-0.793408217168,0.));
#1421 = ORIENTED_EDGE('',*,*,#1422,.T.);
#1422 = EDGE_CURVE('',#1415,#267,#1423,.T.);
#1423 = LINE('',#1424,#1425);
#1424 = CARTESIAN_POINT('',(-2.155615482421,-5.668293057113,7.));
#1425 = VECTOR('',#1426,1.);
#1426 = DIRECTION('',(-0.660503020377,-0.75082338807,0.));
#1427 = PLANE('',#1428);
#1428 = AXIS2_PLACEMENT_3D('',#1429,#1430,#1431);
#1429 = CARTESIAN_POINT('',(0.434227678404,4.8384954806E-16,7.));
#1430 = DIRECTION('',(0.,0.,1.));
#1431 = DIRECTION('',(1.,0.,0.));
#1432 = ADVANCED_FACE('',(#1433),#1748,.T.);
#1433 = FACE_BOUND('',#1434,.T.);
#1434 = EDGE_LOOP('',(#1435,#1446,#1454,#1461,#1462,#1471,#1477,#1478,
    #1486,#1495,#1501,#1502,#1510,#1519,#1525,#1526,#1534,#1543,#1549,
    #1550,#1558,#1567,#1573,#1574,#1582,#1591,#1597,#1598,#1606,#1615,
    #1621,#1622,#1630,#1639,#1645,#1646,#1654,#1663,#1669,#1670,#1678,
    #1687,#1693,#1694,#1702,#1711,#1717,#1718,#1726,#1735,#1741,#1742));
#1435 = ORIENTED_EDGE('',*,*,#1436,.T.);
#1436 = EDGE_CURVE('',#1437,#1439,#1441,.T.);
#1437 = VERTEX_POINT('',#1438);
#1438 = CARTESIAN_POINT('',(4.967914006744,-0.565535517542,12.8));
#1439 = VERTEX_POINT('',#1440);
#1440 = CARTESIAN_POINT('',(5.,0.,12.8));
#1441 = CIRCLE('',#1442,5.);
#1442 = AXIS2_PLACEMENT_3D('',#1443,#1444,#1445);
#1443 = CARTESIAN_POINT('',(0.,0.,12.8));
#1444 = DIRECTION('',(0.,0.,1.));
#1445 = DIRECTION('',(1.,0.,0.));
#1446 = ORIENTED_EDGE('',*,*,#1447,.T.);
#1447 = EDGE_CURVE('',#1439,#1448,#1450,.T.);
#1448 = VERTEX_POINT('',#1449);
#1449 = CARTESIAN_POINT('',(5.,0.,15.8));
#1450 = LINE('',#1451,#1452);
#1451 = CARTESIAN_POINT('',(5.,-1.22E-15,6.8));
#1452 = VECTOR('',#1453,1.);
#1453 = DIRECTION('',(0.,0.,1.));
#1454 = ORIENTED_EDGE('',*,*,#1455,.F.);
#1455 = EDGE_CURVE('',#1448,#1448,#1456,.T.);
#1456 = CIRCLE('',#1457,5.);
#1457 = AXIS2_PLACEMENT_3D('',#1458,#1459,#1460);
#1458 = CARTESIAN_POINT('',(0.,0.,15.8));
#1459 = DIRECTION('',(0.,0.,1.));
#1460 = DIRECTION('',(1.,0.,0.));
#1461 = ORIENTED_EDGE('',*,*,#1447,.F.);
#1462 = ORIENTED_EDGE('',*,*,#1463,.T.);
#1463 = EDGE_CURVE('',#1439,#1464,#1466,.T.);
#1464 = VERTEX_POINT('',#1465);
#1465 = CARTESIAN_POINT('',(4.967914006744,0.565535517542,12.8));
#1466 = CIRCLE('',#1467,5.);
#1467 = AXIS2_PLACEMENT_3D('',#1468,#1469,#1470);
#1468 = CARTESIAN_POINT('',(0.,0.,12.8));
#1469 = DIRECTION('',(0.,0.,1.));
#1470 = DIRECTION('',(1.,0.,0.));
#1471 = ORIENTED_EDGE('',*,*,#1472,.F.);
#1472 = EDGE_CURVE('',#265,#1464,#1473,.T.);
#1473 = LINE('',#1474,#1475);
#1474 = CARTESIAN_POINT('',(4.967914006744,0.565535517542,6.8));
#1475 = VECTOR('',#1476,1.);
#1476 = DIRECTION('',(0.,0.,1.));
#1477 = ORIENTED_EDGE('',*,*,#264,.T.);
#1478 = ORIENTED_EDGE('',*,*,#1479,.T.);
#1479 = EDGE_CURVE('',#267,#1480,#1482,.T.);
#1480 = VERTEX_POINT('',#1481);
#1481 = CARTESIAN_POINT('',(4.585107492427,1.994188878438,12.8));
#1482 = LINE('',#1483,#1484);
#1483 = CARTESIAN_POINT('',(4.585107492427,1.994188878438,6.8));
#1484 = VECTOR('',#1485,1.);
#1485 = DIRECTION('',(0.,0.,1.));
#1486 = ORIENTED_EDGE('',*,*,#1487,.T.);
#1487 = EDGE_CURVE('',#1480,#1488,#1490,.T.);
#1488 = VERTEX_POINT('',#1489);
#1489 = CARTESIAN_POINT('',(4.019571974886,2.973725128305,12.8));
#1490 = CIRCLE('',#1491,5.);
#1491 = AXIS2_PLACEMENT_3D('',#1492,#1493,#1494);
#1492 = CARTESIAN_POINT('',(0.,0.,12.8));
#1493 = DIRECTION('',(0.,0.,1.));
#1494 = DIRECTION('',(1.,0.,0.));
#1495 = ORIENTED_EDGE('',*,*,#1496,.F.);
#1496 = EDGE_CURVE('',#1334,#1488,#1497,.T.);
#1497 = LINE('',#1498,#1499);
#1498 = CARTESIAN_POINT('',(4.019571974886,2.973725128305,6.8));
#1499 = VECTOR('',#1500,1.);
#1500 = DIRECTION('',(0.,0.,1.));
#1501 = ORIENTED_EDGE('',*,*,#1333,.T.);
#1502 = ORIENTED_EDGE('',*,*,#1503,.T.);
#1503 = EDGE_CURVE('',#1326,#1504,#1506,.T.);
#1504 = VERTEX_POINT('',#1505);
#1505 = CARTESIAN_POINT('',(2.973725128305,4.019571974886,12.8));
#1506 = LINE('',#1507,#1508);
#1507 = CARTESIAN_POINT('',(2.973725128305,4.019571974886,6.8));
#1508 = VECTOR('',#1509,1.);
#1509 = DIRECTION('',(0.,0.,1.));
#1510 = ORIENTED_EDGE('',*,*,#1511,.T.);
#1511 = EDGE_CURVE('',#1504,#1512,#1514,.T.);
#1512 = VERTEX_POINT('',#1513);
#1513 = CARTESIAN_POINT('',(1.994188878438,4.585107492427,12.8));
#1514 = CIRCLE('',#1515,5.);
#1515 = AXIS2_PLACEMENT_3D('',#1516,#1517,#1518);
#1516 = CARTESIAN_POINT('',(0.,0.,12.8));
#1517 = DIRECTION('',(0.,0.,1.));
#1518 = DIRECTION('',(1.,0.,0.));
#1519 = ORIENTED_EDGE('',*,*,#1520,.F.);
#1520 = EDGE_CURVE('',#1237,#1512,#1521,.T.);
#1521 = LINE('',#1522,#1523);
#1522 = CARTESIAN_POINT('',(1.994188878438,4.585107492427,6.8));
#1523 = VECTOR('',#1524,1.);
#1524 = DIRECTION('',(0.,0.,1.));
#1525 = ORIENTED_EDGE('',*,*,#1236,.T.);
#1526 = ORIENTED_EDGE('',*,*,#1527,.T.);
#1527 = EDGE_CURVE('',#1229,#1528,#1530,.T.);
#1528 = VERTEX_POINT('',#1529);
#1529 = CARTESIAN_POINT('',(0.565535517542,4.967914006744,12.8));
#1530 = LINE('',#1531,#1532);
#1531 = CARTESIAN_POINT('',(0.565535517542,4.967914006744,6.8));
#1532 = VECTOR('',#1533,1.);
#1533 = DIRECTION('',(0.,0.,1.));
#1534 = ORIENTED_EDGE('',*,*,#1535,.T.);
#1535 = EDGE_CURVE('',#1528,#1536,#1538,.T.);
#1536 = VERTEX_POINT('',#1537);
#1537 = CARTESIAN_POINT('',(-0.565535517542,4.967914006744,12.8));
#1538 = CIRCLE('',#1539,5.);
#1539 = AXIS2_PLACEMENT_3D('',#1540,#1541,#1542);
#1540 = CARTESIAN_POINT('',(0.,0.,12.8));
#1541 = DIRECTION('',(0.,0.,1.));
#1542 = DIRECTION('',(1.,0.,0.));
#1543 = ORIENTED_EDGE('',*,*,#1544,.F.);
#1544 = EDGE_CURVE('',#1140,#1536,#1545,.T.);
#1545 = LINE('',#1546,#1547);
#1546 = CARTESIAN_POINT('',(-0.565535517542,4.967914006744,6.8));
#1547 = VECTOR('',#1548,1.);
#1548 = DIRECTION('',(0.,0.,1.));
#1549 = ORIENTED_EDGE('',*,*,#1139,.T.);
#1550 = ORIENTED_EDGE('',*,*,#1551,.T.);
#1551 = EDGE_CURVE('',#1132,#1552,#1554,.T.);
#1552 = VERTEX_POINT('',#1553);
#1553 = CARTESIAN_POINT('',(-1.994188878438,4.585107492427,12.8));
#1554 = LINE('',#1555,#1556);
#1555 = CARTESIAN_POINT('',(-1.994188878438,4.585107492427,6.8));
#1556 = VECTOR('',#1557,1.);
#1557 = DIRECTION('',(0.,0.,1.));
#1558 = ORIENTED_EDGE('',*,*,#1559,.T.);
#1559 = EDGE_CURVE('',#1552,#1560,#1562,.T.);
#1560 = VERTEX_POINT('',#1561);
#1561 = CARTESIAN_POINT('',(-2.973725128305,4.019571974886,12.8));
#1562 = CIRCLE('',#1563,5.);
#1563 = AXIS2_PLACEMENT_3D('',#1564,#1565,#1566);
#1564 = CARTESIAN_POINT('',(0.,0.,12.8));
#1565 = DIRECTION('',(0.,0.,1.));
#1566 = DIRECTION('',(1.,0.,0.));
#1567 = ORIENTED_EDGE('',*,*,#1568,.F.);
#1568 = EDGE_CURVE('',#1043,#1560,#1569,.T.);
#1569 = LINE('',#1570,#1571);
#1570 = CARTESIAN_POINT('',(-2.973725128305,4.019571974886,6.8));
#1571 = VECTOR('',#1572,1.);
#1572 = DIRECTION('',(0.,0.,1.));
#1573 = ORIENTED_EDGE('',*,*,#1042,.T.);
#1574 = ORIENTED_EDGE('',*,*,#1575,.T.);
#1575 = EDGE_CURVE('',#1035,#1576,#1578,.T.);
#1576 = VERTEX_POINT('',#1577);
#1577 = CARTESIAN_POINT('',(-4.019571974886,2.973725128305,12.8));
#1578 = LINE('',#1579,#1580);
#1579 = CARTESIAN_POINT('',(-4.019571974886,2.973725128305,6.8));
#1580 = VECTOR('',#1581,1.);
#1581 = DIRECTION('',(0.,0.,1.));
#1582 = ORIENTED_EDGE('',*,*,#1583,.T.);
#1583 = EDGE_CURVE('',#1576,#1584,#1586,.T.);
#1584 = VERTEX_POINT('',#1585);
#1585 = CARTESIAN_POINT('',(-4.585107492427,1.994188878438,12.8));
#1586 = CIRCLE('',#1587,5.);
#1587 = AXIS2_PLACEMENT_3D('',#1588,#1589,#1590);
#1588 = CARTESIAN_POINT('',(0.,0.,12.8));
#1589 = DIRECTION('',(0.,0.,1.));
#1590 = DIRECTION('',(1.,0.,0.));
#1591 = ORIENTED_EDGE('',*,*,#1592,.F.);
#1592 = EDGE_CURVE('',#946,#1584,#1593,.T.);
#1593 = LINE('',#1594,#1595);
#1594 = CARTESIAN_POINT('',(-4.585107492427,1.994188878438,6.8));
#1595 = VECTOR('',#1596,1.);
#1596 = DIRECTION('',(0.,0.,1.));
#1597 = ORIENTED_EDGE('',*,*,#945,.T.);
#1598 = ORIENTED_EDGE('',*,*,#1599,.T.);
#1599 = EDGE_CURVE('',#938,#1600,#1602,.T.);
#1600 = VERTEX_POINT('',#1601);
#1601 = CARTESIAN_POINT('',(-4.967914006744,0.565535517542,12.8));
#1602 = LINE('',#1603,#1604);
#1603 = CARTESIAN_POINT('',(-4.967914006744,0.565535517542,6.8));
#1604 = VECTOR('',#1605,1.);
#1605 = DIRECTION('',(0.,0.,1.));
#1606 = ORIENTED_EDGE('',*,*,#1607,.T.);
#1607 = EDGE_CURVE('',#1600,#1608,#1610,.T.);
#1608 = VERTEX_POINT('',#1609);
#1609 = CARTESIAN_POINT('',(-4.967914006744,-0.565535517542,12.8));
#1610 = CIRCLE('',#1611,5.);
#1611 = AXIS2_PLACEMENT_3D('',#1612,#1613,#1614);
#1612 = CARTESIAN_POINT('',(0.,0.,12.8));
#1613 = DIRECTION('',(0.,0.,1.));
#1614 = DIRECTION('',(1.,0.,0.));
#1615 = ORIENTED_EDGE('',*,*,#1616,.F.);
#1616 = EDGE_CURVE('',#849,#1608,#1617,.T.);
#1617 = LINE('',#1618,#1619);
#1618 = CARTESIAN_POINT('',(-4.967914006744,-0.565535517542,6.8));
#1619 = VECTOR('',#1620,1.);
#1620 = DIRECTION('',(0.,0.,1.));
#1621 = ORIENTED_EDGE('',*,*,#848,.T.);
#1622 = ORIENTED_EDGE('',*,*,#1623,.T.);
#1623 = EDGE_CURVE('',#841,#1624,#1626,.T.);
#1624 = VERTEX_POINT('',#1625);
#1625 = CARTESIAN_POINT('',(-4.585107492427,-1.994188878438,12.8));
#1626 = LINE('',#1627,#1628);
#1627 = CARTESIAN_POINT('',(-4.585107492427,-1.994188878438,6.8));
#1628 = VECTOR('',#1629,1.);
#1629 = DIRECTION('',(0.,0.,1.));
#1630 = ORIENTED_EDGE('',*,*,#1631,.T.);
#1631 = EDGE_CURVE('',#1624,#1632,#1634,.T.);
#1632 = VERTEX_POINT('',#1633);
#1633 = CARTESIAN_POINT('',(-4.019571974886,-2.973725128305,12.8));
#1634 = CIRCLE('',#1635,5.);
#1635 = AXIS2_PLACEMENT_3D('',#1636,#1637,#1638);
#1636 = CARTESIAN_POINT('',(0.,0.,12.8));
#1637 = DIRECTION('',(0.,0.,1.));
#1638 = DIRECTION('',(1.,0.,0.));
#1639 = ORIENTED_EDGE('',*,*,#1640,.F.);
#1640 = EDGE_CURVE('',#752,#1632,#1641,.T.);
#1641 = LINE('',#1642,#1643);
#1642 = CARTESIAN_POINT('',(-4.019571974886,-2.973725128305,6.8));
#1643 = VECTOR('',#1644,1.);
#1644 = DIRECTION('',(0.,0.,1.));
#1645 = ORIENTED_EDGE('',*,*,#751,.T.);
#1646 = ORIENTED_EDGE('',*,*,#1647,.T.);
#1647 = EDGE_CURVE('',#744,#1648,#1650,.T.);
#1648 = VERTEX_POINT('',#1649);
#1649 = CARTESIAN_POINT('',(-2.973725128305,-4.019571974886,12.8));
#1650 = LINE('',#1651,#1652);
#1651 = CARTESIAN_POINT('',(-2.973725128305,-4.019571974886,6.8));
#1652 = VECTOR('',#1653,1.);
#1653 = DIRECTION('',(0.,0.,1.));
#1654 = ORIENTED_EDGE('',*,*,#1655,.T.);
#1655 = EDGE_CURVE('',#1648,#1656,#1658,.T.);
#1656 = VERTEX_POINT('',#1657);
#1657 = CARTESIAN_POINT('',(-1.994188878438,-4.585107492427,12.8));
#1658 = CIRCLE('',#1659,5.);
#1659 = AXIS2_PLACEMENT_3D('',#1660,#1661,#1662);
#1660 = CARTESIAN_POINT('',(0.,0.,12.8));
#1661 = DIRECTION('',(0.,0.,1.));
#1662 = DIRECTION('',(1.,0.,0.));
#1663 = ORIENTED_EDGE('',*,*,#1664,.F.);
#1664 = EDGE_CURVE('',#655,#1656,#1665,.T.);
#1665 = LINE('',#1666,#1667);
#1666 = CARTESIAN_POINT('',(-1.994188878438,-4.585107492427,6.8));
#1667 = VECTOR('',#1668,1.);
#1668 = DIRECTION('',(0.,0.,1.));
#1669 = ORIENTED_EDGE('',*,*,#654,.T.);
#1670 = ORIENTED_EDGE('',*,*,#1671,.T.);
#1671 = EDGE_CURVE('',#647,#1672,#1674,.T.);
#1672 = VERTEX_POINT('',#1673);
#1673 = CARTESIAN_POINT('',(-0.565535517542,-4.967914006744,12.8));
#1674 = LINE('',#1675,#1676);
#1675 = CARTESIAN_POINT('',(-0.565535517542,-4.967914006744,6.8));
#1676 = VECTOR('',#1677,1.);
#1677 = DIRECTION('',(0.,0.,1.));
#1678 = ORIENTED_EDGE('',*,*,#1679,.T.);
#1679 = EDGE_CURVE('',#1672,#1680,#1682,.T.);
#1680 = VERTEX_POINT('',#1681);
#1681 = CARTESIAN_POINT('',(0.565535517542,-4.967914006744,12.8));
#1682 = CIRCLE('',#1683,5.);
#1683 = AXIS2_PLACEMENT_3D('',#1684,#1685,#1686);
#1684 = CARTESIAN_POINT('',(0.,0.,12.8));
#1685 = DIRECTION('',(0.,0.,1.));
#1686 = DIRECTION('',(1.,0.,0.));
#1687 = ORIENTED_EDGE('',*,*,#1688,.F.);
#1688 = EDGE_CURVE('',#558,#1680,#1689,.T.);
#1689 = LINE('',#1690,#1691);
#1690 = CARTESIAN_POINT('',(0.565535517542,-4.967914006744,6.8));
#1691 = VECTOR('',#1692,1.);
#1692 = DIRECTION('',(0.,0.,1.));
#1693 = ORIENTED_EDGE('',*,*,#557,.T.);
#1694 = ORIENTED_EDGE('',*,*,#1695,.T.);
#1695 = EDGE_CURVE('',#550,#1696,#1698,.T.);
#1696 = VERTEX_POINT('',#1697);
#1697 = CARTESIAN_POINT('',(1.994188878438,-4.585107492427,12.8));
#1698 = LINE('',#1699,#1700);
#1699 = CARTESIAN_POINT('',(1.994188878438,-4.585107492427,6.8));
#1700 = VECTOR('',#1701,1.);
#1701 = DIRECTION('',(0.,0.,1.));
#1702 = ORIENTED_EDGE('',*,*,#1703,.T.);
#1703 = EDGE_CURVE('',#1696,#1704,#1706,.T.);
#1704 = VERTEX_POINT('',#1705);
#1705 = CARTESIAN_POINT('',(2.973725128305,-4.019571974886,12.8));
#1706 = CIRCLE('',#1707,5.);
#1707 = AXIS2_PLACEMENT_3D('',#1708,#1709,#1710);
#1708 = CARTESIAN_POINT('',(0.,0.,12.8));
#1709 = DIRECTION('',(0.,0.,1.));
#1710 = DIRECTION('',(1.,0.,0.));
#1711 = ORIENTED_EDGE('',*,*,#1712,.F.);
#1712 = EDGE_CURVE('',#461,#1704,#1713,.T.);
#1713 = LINE('',#1714,#1715);
#1714 = CARTESIAN_POINT('',(2.973725128305,-4.019571974886,6.8));
#1715 = VECTOR('',#1716,1.);
#1716 = DIRECTION('',(0.,0.,1.));
#1717 = ORIENTED_EDGE('',*,*,#460,.T.);
#1718 = ORIENTED_EDGE('',*,*,#1719,.T.);
#1719 = EDGE_CURVE('',#453,#1720,#1722,.T.);
#1720 = VERTEX_POINT('',#1721);
#1721 = CARTESIAN_POINT('',(4.019571974886,-2.973725128305,12.8));
#1722 = LINE('',#1723,#1724);
#1723 = CARTESIAN_POINT('',(4.019571974886,-2.973725128305,6.8));
#1724 = VECTOR('',#1725,1.);
#1725 = DIRECTION('',(0.,0.,1.));
#1726 = ORIENTED_EDGE('',*,*,#1727,.T.);
#1727 = EDGE_CURVE('',#1720,#1728,#1730,.T.);
#1728 = VERTEX_POINT('',#1729);
#1729 = CARTESIAN_POINT('',(4.585107492427,-1.994188878438,12.8));
#1730 = CIRCLE('',#1731,5.);
#1731 = AXIS2_PLACEMENT_3D('',#1732,#1733,#1734);
#1732 = CARTESIAN_POINT('',(0.,0.,12.8));
#1733 = DIRECTION('',(0.,0.,1.));
#1734 = DIRECTION('',(1.,0.,0.));
#1735 = ORIENTED_EDGE('',*,*,#1736,.F.);
#1736 = EDGE_CURVE('',#364,#1728,#1737,.T.);
#1737 = LINE('',#1738,#1739);
#1738 = CARTESIAN_POINT('',(4.585107492427,-1.994188878438,6.8));
#1739 = VECTOR('',#1740,1.);
#1740 = DIRECTION('',(0.,0.,1.));
#1741 = ORIENTED_EDGE('',*,*,#363,.T.);
#1742 = ORIENTED_EDGE('',*,*,#1743,.T.);
#1743 = EDGE_CURVE('',#356,#1437,#1744,.T.);
#1744 = LINE('',#1745,#1746);
#1745 = CARTESIAN_POINT('',(4.967914006744,-0.565535517542,6.8));
#1746 = VECTOR('',#1747,1.);
#1747 = DIRECTION('',(0.,0.,1.));
#1748 = CYLINDRICAL_SURFACE('',#1749,5.);
#1749 = AXIS2_PLACEMENT_3D('',#1750,#1751,#1752);
#1750 = CARTESIAN_POINT('',(0.,0.,6.8));
#1751 = DIRECTION('',(0.,0.,1.));
#1752 = DIRECTION('',(1.,0.,0.));
#1753 = ADVANCED_FACE('',(#1754),#1772,.F.);
#1754 = FACE_BOUND('',#1755,.F.);
#1755 = EDGE_LOOP('',(#1756,#1757,#1758,#1766));
#1756 = ORIENTED_EDGE('',*,*,#1422,.T.);
#1757 = ORIENTED_EDGE('',*,*,#1479,.T.);
#1758 = ORIENTED_EDGE('',*,*,#1759,.T.);
#1759 = EDGE_CURVE('',#1480,#1760,#1762,.T.);
#1760 = VERTEX_POINT('',#1761);
#1761 = CARTESIAN_POINT('',(4.625384710852,2.039973797911,12.8));
#1762 = LINE('',#1763,#1764);
#1763 = CARTESIAN_POINT('',(4.525949888868,1.926941778933,12.8));
#1764 = VECTOR('',#1765,1.);
#1765 = DIRECTION('',(0.660503020377,0.75082338807,0.));
#1766 = ORIENTED_EDGE('',*,*,#1767,.F.);
#1767 = EDGE_CURVE('',#1415,#1760,#1768,.T.);
#1768 = LINE('',#1769,#1770);
#1769 = CARTESIAN_POINT('',(4.625384710852,2.039973797911,6.8));
#1770 = VECTOR('',#1771,1.);
#1771 = DIRECTION('',(0.,0.,1.));
#1772 = PLANE('',#1773);
#1773 = AXIS2_PLACEMENT_3D('',#1774,#1775,#1776);
#1774 = CARTESIAN_POINT('',(4.525949888868,1.926941778933,6.8));
#1775 = DIRECTION('',(-0.75082338807,0.660503020377,0.));
#1776 = DIRECTION('',(0.660503020377,0.75082338807,0.));
#1777 = ADVANCED_FACE('',(#1778),#1796,.F.);
#1778 = FACE_BOUND('',#1779,.F.);
#1779 = EDGE_LOOP('',(#1780,#1781,#1782,#1790));
#1780 = ORIENTED_EDGE('',*,*,#1414,.T.);
#1781 = ORIENTED_EDGE('',*,*,#1767,.T.);
#1782 = ORIENTED_EDGE('',*,*,#1783,.T.);
#1783 = EDGE_CURVE('',#1760,#1784,#1786,.T.);
#1784 = VERTEX_POINT('',#1785);
#1785 = CARTESIAN_POINT('',(4.719525415831,2.162683256763,12.8));
#1786 = LINE('',#1787,#1788);
#1787 = CARTESIAN_POINT('',(4.625384710852,2.039973797911,12.8));
#1788 = VECTOR('',#1789,1.);
#1789 = DIRECTION('',(0.608689905396,0.793408217168,0.));
#1790 = ORIENTED_EDGE('',*,*,#1791,.F.);
#1791 = EDGE_CURVE('',#1407,#1784,#1792,.T.);
#1792 = LINE('',#1793,#1794);
#1793 = CARTESIAN_POINT('',(4.719525415831,2.162683256763,6.8));
#1794 = VECTOR('',#1795,1.);
#1795 = DIRECTION('',(0.,0.,1.));
#1796 = PLANE('',#1797);
#1797 = AXIS2_PLACEMENT_3D('',#1798,#1799,#1800);
#1798 = CARTESIAN_POINT('',(4.625384710852,2.039973797911,6.8));
#1799 = DIRECTION('',(-0.793408217168,0.608689905396,0.));
#1800 = DIRECTION('',(0.608689905396,0.793408217168,0.));
#1801 = ADVANCED_FACE('',(#1802),#1820,.F.);
#1802 = FACE_BOUND('',#1803,.F.);
#1803 = EDGE_LOOP('',(#1804,#1805,#1806,#1814));
#1804 = ORIENTED_EDGE('',*,*,#1406,.T.);
#1805 = ORIENTED_EDGE('',*,*,#1791,.T.);
#1806 = ORIENTED_EDGE('',*,*,#1807,.T.);
#1807 = EDGE_CURVE('',#1784,#1808,#1810,.T.);
#1808 = VERTEX_POINT('',#1809);
#1809 = CARTESIAN_POINT('',(4.808298063059,2.294324160478,12.8));
#1810 = LINE('',#1811,#1812);
#1811 = CARTESIAN_POINT('',(4.719525415831,2.162683256763,12.8));
#1812 = VECTOR('',#1813,1.);
#1813 = DIRECTION('',(0.559105184694,0.829096732866,0.));
#1814 = ORIENTED_EDGE('',*,*,#1815,.F.);
#1815 = EDGE_CURVE('',#1399,#1808,#1816,.T.);
#1816 = LINE('',#1817,#1818);
#1817 = CARTESIAN_POINT('',(4.808298063059,2.294324160478,6.8));
#1818 = VECTOR('',#1819,1.);
#1819 = DIRECTION('',(0.,0.,1.));
#1820 = PLANE('',#1821);
#1821 = AXIS2_PLACEMENT_3D('',#1822,#1823,#1824);
#1822 = CARTESIAN_POINT('',(4.719525415831,2.162683256763,6.8));
#1823 = DIRECTION('',(-0.829096732866,0.559105184694,0.));
#1824 = DIRECTION('',(0.559105184694,0.829096732866,0.));
#1825 = ADVANCED_FACE('',(#1826),#1844,.F.);
#1826 = FACE_BOUND('',#1827,.F.);
#1827 = EDGE_LOOP('',(#1828,#1829,#1830,#1838));
#1828 = ORIENTED_EDGE('',*,*,#1398,.T.);
#1829 = ORIENTED_EDGE('',*,*,#1815,.T.);
#1830 = ORIENTED_EDGE('',*,*,#1831,.T.);
#1831 = EDGE_CURVE('',#1808,#1832,#1834,.T.);
#1832 = VERTEX_POINT('',#1833);
#1833 = CARTESIAN_POINT('',(4.891556370284,2.434328836931,12.8));
#1834 = LINE('',#1835,#1836);
#1835 = CARTESIAN_POINT('',(4.808298063059,2.294324160478,12.8));
#1836 = VECTOR('',#1837,1.);
#1837 = DIRECTION('',(0.511131104088,0.859502759992,0.));
#1838 = ORIENTED_EDGE('',*,*,#1839,.F.);
#1839 = EDGE_CURVE('',#1391,#1832,#1840,.T.);
#1840 = LINE('',#1841,#1842);
#1841 = CARTESIAN_POINT('',(4.891556370284,2.434328836931,6.8));
#1842 = VECTOR('',#1843,1.);
#1843 = DIRECTION('',(0.,0.,1.));
#1844 = PLANE('',#1845);
#1845 = AXIS2_PLACEMENT_3D('',#1846,#1847,#1848);
#1846 = CARTESIAN_POINT('',(4.808298063059,2.294324160478,6.8));
#1847 = DIRECTION('',(-0.859502759992,0.511131104088,0.));
#1848 = DIRECTION('',(0.511131104088,0.859502759992,0.));
#1849 = ADVANCED_FACE('',(#1850),#1868,.F.);
#1850 = FACE_BOUND('',#1851,.F.);
#1851 = EDGE_LOOP('',(#1852,#1853,#1854,#1862));
#1852 = ORIENTED_EDGE('',*,*,#1390,.T.);
#1853 = ORIENTED_EDGE('',*,*,#1839,.T.);
#1854 = ORIENTED_EDGE('',*,*,#1855,.T.);
#1855 = EDGE_CURVE('',#1832,#1856,#1858,.T.);
#1856 = VERTEX_POINT('',#1857);
#1857 = CARTESIAN_POINT('',(4.969112495784,2.582231787475,12.8));
#1858 = LINE('',#1859,#1860);
#1859 = CARTESIAN_POINT('',(4.891556370284,2.434328836931,12.8));
#1860 = VECTOR('',#1861,1.);
#1861 = DIRECTION('',(0.464397651666,0.885626795624,0.));
#1862 = ORIENTED_EDGE('',*,*,#1863,.F.);
#1863 = EDGE_CURVE('',#1383,#1856,#1864,.T.);
#1864 = LINE('',#1865,#1866);
#1865 = CARTESIAN_POINT('',(4.969112495784,2.582231787475,6.8));
#1866 = VECTOR('',#1867,1.);
#1867 = DIRECTION('',(0.,0.,1.));
#1868 = PLANE('',#1869);
#1869 = AXIS2_PLACEMENT_3D('',#1870,#1871,#1872);
#1870 = CARTESIAN_POINT('',(4.891556370284,2.434328836931,6.8));
#1871 = DIRECTION('',(-0.885626795624,0.464397651666,0.));
#1872 = DIRECTION('',(0.464397651666,0.885626795624,0.));
#1873 = ADVANCED_FACE('',(#1874),#1892,.F.);
#1874 = FACE_BOUND('',#1875,.F.);
#1875 = EDGE_LOOP('',(#1876,#1877,#1878,#1886));
#1876 = ORIENTED_EDGE('',*,*,#1382,.T.);
#1877 = ORIENTED_EDGE('',*,*,#1863,.T.);
#1878 = ORIENTED_EDGE('',*,*,#1879,.T.);
#1879 = EDGE_CURVE('',#1856,#1880,#1882,.T.);
#1880 = VERTEX_POINT('',#1881);
#1881 = CARTESIAN_POINT('',(4.720834574305,3.012261761874,12.8));
#1882 = LINE('',#1883,#1884);
#1883 = CARTESIAN_POINT('',(4.969112495784,2.582231787475,12.8));
#1884 = VECTOR('',#1885,1.);
#1885 = DIRECTION('',(-0.5,0.866025403784,0.));
#1886 = ORIENTED_EDGE('',*,*,#1887,.F.);
#1887 = EDGE_CURVE('',#1375,#1880,#1888,.T.);
#1888 = LINE('',#1889,#1890);
#1889 = CARTESIAN_POINT('',(4.720834574305,3.012261761874,6.8));
#1890 = VECTOR('',#1891,1.);
#1891 = DIRECTION('',(0.,0.,1.));
#1892 = PLANE('',#1893);
#1893 = AXIS2_PLACEMENT_3D('',#1894,#1895,#1896);
#1894 = CARTESIAN_POINT('',(4.969112495784,2.582231787475,6.8));
#1895 = DIRECTION('',(-0.866025403784,-0.5,0.));
#1896 = DIRECTION('',(-0.5,0.866025403784,0.));
#1897 = ADVANCED_FACE('',(#1898),#1916,.F.);
#1898 = FACE_BOUND('',#1899,.F.);
#1899 = EDGE_LOOP('',(#1900,#1901,#1902,#1910));
#1900 = ORIENTED_EDGE('',*,*,#1374,.T.);
#1901 = ORIENTED_EDGE('',*,*,#1887,.T.);
#1902 = ORIENTED_EDGE('',*,*,#1903,.T.);
#1903 = EDGE_CURVE('',#1880,#1904,#1906,.T.);
#1904 = VERTEX_POINT('',#1905);
#1905 = CARTESIAN_POINT('',(4.553968799089,3.019047662245,12.8));
#1906 = LINE('',#1907,#1908);
#1907 = CARTESIAN_POINT('',(4.720834574305,3.012261761874,12.8));
#1908 = VECTOR('',#1909,1.);
#1909 = DIRECTION('',(-0.999174129116,4.06332340113E-02,0.));
#1910 = ORIENTED_EDGE('',*,*,#1911,.F.);
#1911 = EDGE_CURVE('',#1367,#1904,#1912,.T.);
#1912 = LINE('',#1913,#1914);
#1913 = CARTESIAN_POINT('',(4.553968799089,3.019047662245,6.8));
#1914 = VECTOR('',#1915,1.);
#1915 = DIRECTION('',(0.,0.,1.));
#1916 = PLANE('',#1917);
#1917 = AXIS2_PLACEMENT_3D('',#1918,#1919,#1920);
#1918 = CARTESIAN_POINT('',(4.720834574305,3.012261761874,6.8));
#1919 = DIRECTION('',(-4.06332340113E-02,-0.999174129116,0.));
#1920 = DIRECTION('',(-0.999174129116,4.06332340113E-02,0.));
#1921 = ADVANCED_FACE('',(#1922),#1940,.F.);
#1922 = FACE_BOUND('',#1923,.F.);
#1923 = EDGE_LOOP('',(#1924,#1925,#1926,#1934));
#1924 = ORIENTED_EDGE('',*,*,#1366,.T.);
#1925 = ORIENTED_EDGE('',*,*,#1911,.T.);
#1926 = ORIENTED_EDGE('',*,*,#1927,.T.);
#1927 = EDGE_CURVE('',#1904,#1928,#1930,.T.);
#1928 = VERTEX_POINT('',#1929);
#1929 = CARTESIAN_POINT('',(4.39109203902,3.016946191337,12.8));
#1930 = LINE('',#1931,#1932);
#1931 = CARTESIAN_POINT('',(4.553968799089,3.019047662245,12.8));
#1932 = VECTOR('',#1933,1.);
#1933 = DIRECTION('',(-0.99991677682,-1.290114080913E-02,0.));
#1934 = ORIENTED_EDGE('',*,*,#1935,.F.);
#1935 = EDGE_CURVE('',#1359,#1928,#1936,.T.);
#1936 = LINE('',#1937,#1938);
#1937 = CARTESIAN_POINT('',(4.39109203902,3.016946191337,6.8));
#1938 = VECTOR('',#1939,1.);
#1939 = DIRECTION('',(0.,0.,1.));
#1940 = PLANE('',#1941);
#1941 = AXIS2_PLACEMENT_3D('',#1942,#1943,#1944);
#1942 = CARTESIAN_POINT('',(4.553968799089,3.019047662245,6.8));
#1943 = DIRECTION('',(1.290114080913E-02,-0.99991677682,0.));
#1944 = DIRECTION('',(-0.99991677682,-1.290114080913E-02,0.));
#1945 = ADVANCED_FACE('',(#1946),#1964,.F.);
#1946 = FACE_BOUND('',#1947,.F.);
#1947 = EDGE_LOOP('',(#1948,#1949,#1950,#1958));
#1948 = ORIENTED_EDGE('',*,*,#1358,.T.);
#1949 = ORIENTED_EDGE('',*,*,#1935,.T.);
#1950 = ORIENTED_EDGE('',*,*,#1951,.T.);
#1951 = EDGE_CURVE('',#1928,#1952,#1954,.T.);
#1952 = VERTEX_POINT('',#1953);
#1953 = CARTESIAN_POINT('',(4.232701348612,3.005887275534,12.8));
#1954 = LINE('',#1955,#1956);
#1955 = CARTESIAN_POINT('',(4.39109203902,3.016946191337,12.8));
#1956 = VECTOR('',#1957,1.);
#1957 = DIRECTION('',(-0.997571425203,-6.965092689979E-02,0.));
#1958 = ORIENTED_EDGE('',*,*,#1959,.F.);
#1959 = EDGE_CURVE('',#1351,#1952,#1960,.T.);
#1960 = LINE('',#1961,#1962);
#1961 = CARTESIAN_POINT('',(4.232701348612,3.005887275534,6.8));
#1962 = VECTOR('',#1963,1.);
#1963 = DIRECTION('',(0.,0.,1.));
#1964 = PLANE('',#1965);
#1965 = AXIS2_PLACEMENT_3D('',#1966,#1967,#1968);
#1966 = CARTESIAN_POINT('',(4.39109203902,3.016946191337,6.8));
#1967 = DIRECTION('',(6.965092689979E-02,-0.997571425203,0.));
#1968 = DIRECTION('',(-0.997571425203,-6.965092689979E-02,0.));
#1969 = ADVANCED_FACE('',(#1970),#1988,.F.);
#1970 = FACE_BOUND('',#1971,.F.);
#1971 = EDGE_LOOP('',(#1972,#1973,#1974,#1982));
#1972 = ORIENTED_EDGE('',*,*,#1350,.T.);
#1973 = ORIENTED_EDGE('',*,*,#1959,.T.);
#1974 = ORIENTED_EDGE('',*,*,#1975,.T.);
#1975 = EDGE_CURVE('',#1952,#1976,#1978,.T.);
#1976 = VERTEX_POINT('',#1977);
#1977 = CARTESIAN_POINT('',(4.079361487471,2.985713762918,12.8));
#1978 = LINE('',#1979,#1980);
#1979 = CARTESIAN_POINT('',(4.232701348612,3.005887275534,12.8));
#1980 = VECTOR('',#1981,1.);
#1981 = DIRECTION('',(-0.991456624336,-0.130436812516,0.));
#1982 = ORIENTED_EDGE('',*,*,#1983,.F.);
#1983 = EDGE_CURVE('',#1343,#1976,#1984,.T.);
#1984 = LINE('',#1985,#1986);
#1985 = CARTESIAN_POINT('',(4.079361487471,2.985713762918,6.8));
#1986 = VECTOR('',#1987,1.);
#1987 = DIRECTION('',(0.,0.,1.));
#1988 = PLANE('',#1989);
#1989 = AXIS2_PLACEMENT_3D('',#1990,#1991,#1992);
#1990 = CARTESIAN_POINT('',(4.232701348612,3.005887275534,6.8));
#1991 = DIRECTION('',(0.130436812516,-0.991456624336,0.));
#1992 = DIRECTION('',(-0.991456624336,-0.130436812516,0.));
#1993 = ADVANCED_FACE('',(#1994),#2005,.F.);
#1994 = FACE_BOUND('',#1995,.F.);
#1995 = EDGE_LOOP('',(#1996,#1997,#1998,#2004));
#1996 = ORIENTED_EDGE('',*,*,#1342,.T.);
#1997 = ORIENTED_EDGE('',*,*,#1983,.T.);
#1998 = ORIENTED_EDGE('',*,*,#1999,.T.);
#1999 = EDGE_CURVE('',#1976,#1488,#2000,.T.);
#2000 = LINE('',#2001,#2002);
#2001 = CARTESIAN_POINT('',(4.079361487471,2.985713762918,12.8));
#2002 = VECTOR('',#2003,1.);
#2003 = DIRECTION('',(-0.980483638013,-0.196600700888,0.));
#2004 = ORIENTED_EDGE('',*,*,#1496,.F.);
#2005 = PLANE('',#2006);
#2006 = AXIS2_PLACEMENT_3D('',#2007,#2008,#2009);
#2007 = CARTESIAN_POINT('',(4.079361487471,2.985713762918,6.8));
#2008 = DIRECTION('',(0.196600700888,-0.980483638013,0.));
#2009 = DIRECTION('',(-0.980483638013,-0.196600700888,0.));
#2010 = ADVANCED_FACE('',(#2011),#2029,.F.);
#2011 = FACE_BOUND('',#2012,.F.);
#2012 = EDGE_LOOP('',(#2013,#2014,#2015,#2023));
#2013 = ORIENTED_EDGE('',*,*,#1325,.T.);
#2014 = ORIENTED_EDGE('',*,*,#1503,.T.);
#2015 = ORIENTED_EDGE('',*,*,#2016,.T.);
#2016 = EDGE_CURVE('',#1504,#2017,#2019,.T.);
#2017 = VERTEX_POINT('',#2018);
#2018 = CARTESIAN_POINT('',(2.985713762918,4.079361487471,12.8));
#2019 = LINE('',#2020,#2021);
#2020 = CARTESIAN_POINT('',(2.956116690548,3.931755476603,12.8));
#2021 = VECTOR('',#2022,1.);
#2022 = DIRECTION('',(0.196600700888,0.980483638013,0.));
#2023 = ORIENTED_EDGE('',*,*,#2024,.F.);
#2024 = EDGE_CURVE('',#1318,#2017,#2025,.T.);
#2025 = LINE('',#2026,#2027);
#2026 = CARTESIAN_POINT('',(2.985713762918,4.079361487471,6.8));
#2027 = VECTOR('',#2028,1.);
#2028 = DIRECTION('',(0.,0.,1.));
#2029 = PLANE('',#2030);
#2030 = AXIS2_PLACEMENT_3D('',#2031,#2032,#2033);
#2031 = CARTESIAN_POINT('',(2.956116690548,3.931755476603,6.8));
#2032 = DIRECTION('',(-0.980483638013,0.196600700888,0.));
#2033 = DIRECTION('',(0.196600700888,0.980483638013,0.));
#2034 = ADVANCED_FACE('',(#2035),#2053,.F.);
#2035 = FACE_BOUND('',#2036,.F.);
#2036 = EDGE_LOOP('',(#2037,#2038,#2039,#2047));
#2037 = ORIENTED_EDGE('',*,*,#1317,.T.);
#2038 = ORIENTED_EDGE('',*,*,#2024,.T.);
#2039 = ORIENTED_EDGE('',*,*,#2040,.T.);
#2040 = EDGE_CURVE('',#2017,#2041,#2043,.T.);
#2041 = VERTEX_POINT('',#2042);
#2042 = CARTESIAN_POINT('',(3.005887275534,4.232701348612,12.8));
#2043 = LINE('',#2044,#2045);
#2044 = CARTESIAN_POINT('',(2.985713762918,4.079361487471,12.8));
#2045 = VECTOR('',#2046,1.);
#2046 = DIRECTION('',(0.130436812516,0.991456624336,0.));
#2047 = ORIENTED_EDGE('',*,*,#2048,.F.);
#2048 = EDGE_CURVE('',#1310,#2041,#2049,.T.);
#2049 = LINE('',#2050,#2051);
#2050 = CARTESIAN_POINT('',(3.005887275534,4.232701348612,6.8));
#2051 = VECTOR('',#2052,1.);
#2052 = DIRECTION('',(0.,0.,1.));
#2053 = PLANE('',#2054);
#2054 = AXIS2_PLACEMENT_3D('',#2055,#2056,#2057);
#2055 = CARTESIAN_POINT('',(2.985713762918,4.079361487471,6.8));
#2056 = DIRECTION('',(-0.991456624336,0.130436812516,0.));
#2057 = DIRECTION('',(0.130436812516,0.991456624336,0.));
#2058 = ADVANCED_FACE('',(#2059),#2077,.F.);
#2059 = FACE_BOUND('',#2060,.F.);
#2060 = EDGE_LOOP('',(#2061,#2062,#2063,#2071));
#2061 = ORIENTED_EDGE('',*,*,#1309,.T.);
#2062 = ORIENTED_EDGE('',*,*,#2048,.T.);
#2063 = ORIENTED_EDGE('',*,*,#2064,.T.);
#2064 = EDGE_CURVE('',#2041,#2065,#2067,.T.);
#2065 = VERTEX_POINT('',#2066);
#2066 = CARTESIAN_POINT('',(3.016946191337,4.39109203902,12.8));
#2067 = LINE('',#2068,#2069);
#2068 = CARTESIAN_POINT('',(3.005887275534,4.232701348612,12.8));
#2069 = VECTOR('',#2070,1.);
#2070 = DIRECTION('',(6.96509268998E-02,0.997571425203,0.));
#2071 = ORIENTED_EDGE('',*,*,#2072,.F.);
#2072 = EDGE_CURVE('',#1302,#2065,#2073,.T.);
#2073 = LINE('',#2074,#2075);
#2074 = CARTESIAN_POINT('',(3.016946191337,4.39109203902,6.8));
#2075 = VECTOR('',#2076,1.);
#2076 = DIRECTION('',(0.,0.,1.));
#2077 = PLANE('',#2078);
#2078 = AXIS2_PLACEMENT_3D('',#2079,#2080,#2081);
#2079 = CARTESIAN_POINT('',(3.005887275534,4.232701348612,6.8));
#2080 = DIRECTION('',(-0.997571425203,6.96509268998E-02,0.));
#2081 = DIRECTION('',(6.96509268998E-02,0.997571425203,0.));
#2082 = ADVANCED_FACE('',(#2083),#2101,.F.);
#2083 = FACE_BOUND('',#2084,.F.);
#2084 = EDGE_LOOP('',(#2085,#2086,#2087,#2095));
#2085 = ORIENTED_EDGE('',*,*,#1301,.T.);
#2086 = ORIENTED_EDGE('',*,*,#2072,.T.);
#2087 = ORIENTED_EDGE('',*,*,#2088,.T.);
#2088 = EDGE_CURVE('',#2065,#2089,#2091,.T.);
#2089 = VERTEX_POINT('',#2090);
#2090 = CARTESIAN_POINT('',(3.019047662245,4.553968799089,12.8));
#2091 = LINE('',#2092,#2093);
#2092 = CARTESIAN_POINT('',(3.016946191337,4.39109203902,12.8));
#2093 = VECTOR('',#2094,1.);
#2094 = DIRECTION('',(1.290114080913E-02,0.99991677682,0.));
#2095 = ORIENTED_EDGE('',*,*,#2096,.F.);
#2096 = EDGE_CURVE('',#1294,#2089,#2097,.T.);
#2097 = LINE('',#2098,#2099);
#2098 = CARTESIAN_POINT('',(3.019047662245,4.553968799089,6.8));
#2099 = VECTOR('',#2100,1.);
#2100 = DIRECTION('',(0.,0.,1.));
#2101 = PLANE('',#2102);
#2102 = AXIS2_PLACEMENT_3D('',#2103,#2104,#2105);
#2103 = CARTESIAN_POINT('',(3.016946191337,4.39109203902,6.8));
#2104 = DIRECTION('',(-0.99991677682,1.290114080913E-02,0.));
#2105 = DIRECTION('',(1.290114080913E-02,0.99991677682,0.));
#2106 = ADVANCED_FACE('',(#2107),#2125,.F.);
#2107 = FACE_BOUND('',#2108,.F.);
#2108 = EDGE_LOOP('',(#2109,#2110,#2111,#2119));
#2109 = ORIENTED_EDGE('',*,*,#1293,.T.);
#2110 = ORIENTED_EDGE('',*,*,#2096,.T.);
#2111 = ORIENTED_EDGE('',*,*,#2112,.T.);
#2112 = EDGE_CURVE('',#2089,#2113,#2115,.T.);
#2113 = VERTEX_POINT('',#2114);
#2114 = CARTESIAN_POINT('',(3.012261761874,4.720834574305,12.8));
#2115 = LINE('',#2116,#2117);
#2116 = CARTESIAN_POINT('',(3.019047662245,4.553968799089,12.8));
#2117 = VECTOR('',#2118,1.);
#2118 = DIRECTION('',(-4.06332340113E-02,0.999174129116,0.));
#2119 = ORIENTED_EDGE('',*,*,#2120,.F.);
#2120 = EDGE_CURVE('',#1286,#2113,#2121,.T.);
#2121 = LINE('',#2122,#2123);
#2122 = CARTESIAN_POINT('',(3.012261761874,4.720834574305,6.8));
#2123 = VECTOR('',#2124,1.);
#2124 = DIRECTION('',(0.,0.,1.));
#2125 = PLANE('',#2126);
#2126 = AXIS2_PLACEMENT_3D('',#2127,#2128,#2129);
#2127 = CARTESIAN_POINT('',(3.019047662245,4.553968799089,6.8));
#2128 = DIRECTION('',(-0.999174129116,-4.06332340113E-02,0.));
#2129 = DIRECTION('',(-4.06332340113E-02,0.999174129116,0.));
#2130 = ADVANCED_FACE('',(#2131),#2149,.F.);
#2131 = FACE_BOUND('',#2132,.F.);
#2132 = EDGE_LOOP('',(#2133,#2134,#2135,#2143));
#2133 = ORIENTED_EDGE('',*,*,#1285,.T.);
#2134 = ORIENTED_EDGE('',*,*,#2120,.T.);
#2135 = ORIENTED_EDGE('',*,*,#2136,.T.);
#2136 = EDGE_CURVE('',#2113,#2137,#2139,.T.);
#2137 = VERTEX_POINT('',#2138);
#2138 = CARTESIAN_POINT('',(2.582231787475,4.969112495784,12.8));
#2139 = LINE('',#2140,#2141);
#2140 = CARTESIAN_POINT('',(3.012261761874,4.720834574305,12.8));
#2141 = VECTOR('',#2142,1.);
#2142 = DIRECTION('',(-0.866025403784,0.5,0.));
#2143 = ORIENTED_EDGE('',*,*,#2144,.F.);
#2144 = EDGE_CURVE('',#1278,#2137,#2145,.T.);
#2145 = LINE('',#2146,#2147);
#2146 = CARTESIAN_POINT('',(2.582231787475,4.969112495784,6.8));
#2147 = VECTOR('',#2148,1.);
#2148 = DIRECTION('',(0.,0.,1.));
#2149 = PLANE('',#2150);
#2150 = AXIS2_PLACEMENT_3D('',#2151,#2152,#2153);
#2151 = CARTESIAN_POINT('',(3.012261761874,4.720834574305,6.8));
#2152 = DIRECTION('',(-0.5,-0.866025403784,0.));
#2153 = DIRECTION('',(-0.866025403784,0.5,0.));
#2154 = ADVANCED_FACE('',(#2155),#2173,.F.);
#2155 = FACE_BOUND('',#2156,.F.);
#2156 = EDGE_LOOP('',(#2157,#2158,#2159,#2167));
#2157 = ORIENTED_EDGE('',*,*,#1277,.T.);
#2158 = ORIENTED_EDGE('',*,*,#2144,.T.);
#2159 = ORIENTED_EDGE('',*,*,#2160,.T.);
#2160 = EDGE_CURVE('',#2137,#2161,#2163,.T.);
#2161 = VERTEX_POINT('',#2162);
#2162 = CARTESIAN_POINT('',(2.434328836931,4.891556370284,12.8));
#2163 = LINE('',#2164,#2165);
#2164 = CARTESIAN_POINT('',(2.582231787475,4.969112495784,12.8));
#2165 = VECTOR('',#2166,1.);
#2166 = DIRECTION('',(-0.885626795624,-0.464397651666,0.));
#2167 = ORIENTED_EDGE('',*,*,#2168,.F.);
#2168 = EDGE_CURVE('',#1270,#2161,#2169,.T.);
#2169 = LINE('',#2170,#2171);
#2170 = CARTESIAN_POINT('',(2.434328836931,4.891556370284,6.8));
#2171 = VECTOR('',#2172,1.);
#2172 = DIRECTION('',(0.,0.,1.));
#2173 = PLANE('',#2174);
#2174 = AXIS2_PLACEMENT_3D('',#2175,#2176,#2177);
#2175 = CARTESIAN_POINT('',(2.582231787475,4.969112495784,6.8));
#2176 = DIRECTION('',(0.464397651666,-0.885626795624,0.));
#2177 = DIRECTION('',(-0.885626795624,-0.464397651666,0.));
#2178 = ADVANCED_FACE('',(#2179),#2197,.F.);
#2179 = FACE_BOUND('',#2180,.F.);
#2180 = EDGE_LOOP('',(#2181,#2182,#2183,#2191));
#2181 = ORIENTED_EDGE('',*,*,#1269,.T.);
#2182 = ORIENTED_EDGE('',*,*,#2168,.T.);
#2183 = ORIENTED_EDGE('',*,*,#2184,.T.);
#2184 = EDGE_CURVE('',#2161,#2185,#2187,.T.);
#2185 = VERTEX_POINT('',#2186);
#2186 = CARTESIAN_POINT('',(2.294324160478,4.808298063059,12.8));
#2187 = LINE('',#2188,#2189);
#2188 = CARTESIAN_POINT('',(2.434328836931,4.891556370284,12.8));
#2189 = VECTOR('',#2190,1.);
#2190 = DIRECTION('',(-0.859502759992,-0.511131104088,0.));
#2191 = ORIENTED_EDGE('',*,*,#2192,.F.);
#2192 = EDGE_CURVE('',#1262,#2185,#2193,.T.);
#2193 = LINE('',#2194,#2195);
#2194 = CARTESIAN_POINT('',(2.294324160478,4.808298063059,6.8));
#2195 = VECTOR('',#2196,1.);
#2196 = DIRECTION('',(0.,0.,1.));
#2197 = PLANE('',#2198);
#2198 = AXIS2_PLACEMENT_3D('',#2199,#2200,#2201);
#2199 = CARTESIAN_POINT('',(2.434328836931,4.891556370284,6.8));
#2200 = DIRECTION('',(0.511131104088,-0.859502759992,0.));
#2201 = DIRECTION('',(-0.859502759992,-0.511131104088,0.));
#2202 = ADVANCED_FACE('',(#2203),#2221,.F.);
#2203 = FACE_BOUND('',#2204,.F.);
#2204 = EDGE_LOOP('',(#2205,#2206,#2207,#2215));
#2205 = ORIENTED_EDGE('',*,*,#1261,.T.);
#2206 = ORIENTED_EDGE('',*,*,#2192,.T.);
#2207 = ORIENTED_EDGE('',*,*,#2208,.T.);
#2208 = EDGE_CURVE('',#2185,#2209,#2211,.T.);
#2209 = VERTEX_POINT('',#2210);
#2210 = CARTESIAN_POINT('',(2.162683256763,4.719525415831,12.8));
#2211 = LINE('',#2212,#2213);
#2212 = CARTESIAN_POINT('',(2.294324160478,4.808298063059,12.8));
#2213 = VECTOR('',#2214,1.);
#2214 = DIRECTION('',(-0.829096732866,-0.559105184694,0.));
#2215 = ORIENTED_EDGE('',*,*,#2216,.F.);
#2216 = EDGE_CURVE('',#1254,#2209,#2217,.T.);
#2217 = LINE('',#2218,#2219);
#2218 = CARTESIAN_POINT('',(2.162683256763,4.719525415831,6.8));
#2219 = VECTOR('',#2220,1.);
#2220 = DIRECTION('',(0.,0.,1.));
#2221 = PLANE('',#2222);
#2222 = AXIS2_PLACEMENT_3D('',#2223,#2224,#2225);
#2223 = CARTESIAN_POINT('',(2.294324160478,4.808298063059,6.8));
#2224 = DIRECTION('',(0.559105184694,-0.829096732866,0.));
#2225 = DIRECTION('',(-0.829096732866,-0.559105184694,0.));
#2226 = ADVANCED_FACE('',(#2227),#2245,.F.);
#2227 = FACE_BOUND('',#2228,.F.);
#2228 = EDGE_LOOP('',(#2229,#2230,#2231,#2239));
#2229 = ORIENTED_EDGE('',*,*,#1253,.T.);
#2230 = ORIENTED_EDGE('',*,*,#2216,.T.);
#2231 = ORIENTED_EDGE('',*,*,#2232,.T.);
#2232 = EDGE_CURVE('',#2209,#2233,#2235,.T.);
#2233 = VERTEX_POINT('',#2234);
#2234 = CARTESIAN_POINT('',(2.039973797911,4.625384710852,12.8));
#2235 = LINE('',#2236,#2237);
#2236 = CARTESIAN_POINT('',(2.162683256763,4.719525415831,12.8));
#2237 = VECTOR('',#2238,1.);
#2238 = DIRECTION('',(-0.793408217167,-0.608689905396,0.));
#2239 = ORIENTED_EDGE('',*,*,#2240,.F.);
#2240 = EDGE_CURVE('',#1246,#2233,#2241,.T.);
#2241 = LINE('',#2242,#2243);
#2242 = CARTESIAN_POINT('',(2.039973797911,4.625384710852,6.8));
#2243 = VECTOR('',#2244,1.);
#2244 = DIRECTION('',(0.,0.,1.));
#2245 = PLANE('',#2246);
#2246 = AXIS2_PLACEMENT_3D('',#2247,#2248,#2249);
#2247 = CARTESIAN_POINT('',(2.162683256763,4.719525415831,6.8));
#2248 = DIRECTION('',(0.608689905396,-0.793408217167,0.));
#2249 = DIRECTION('',(-0.793408217167,-0.608689905396,0.));
#2250 = ADVANCED_FACE('',(#2251),#2262,.F.);
#2251 = FACE_BOUND('',#2252,.F.);
#2252 = EDGE_LOOP('',(#2253,#2254,#2255,#2261));
#2253 = ORIENTED_EDGE('',*,*,#1245,.T.);
#2254 = ORIENTED_EDGE('',*,*,#2240,.T.);
#2255 = ORIENTED_EDGE('',*,*,#2256,.T.);
#2256 = EDGE_CURVE('',#2233,#1512,#2257,.T.);
#2257 = LINE('',#2258,#2259);
#2258 = CARTESIAN_POINT('',(2.039973797911,4.625384710852,12.8));
#2259 = VECTOR('',#2260,1.);
#2260 = DIRECTION('',(-0.75082338807,-0.660503020377,0.));
#2261 = ORIENTED_EDGE('',*,*,#1520,.F.);
#2262 = PLANE('',#2263);
#2263 = AXIS2_PLACEMENT_3D('',#2264,#2265,#2266);
#2264 = CARTESIAN_POINT('',(2.039973797911,4.625384710852,6.8));
#2265 = DIRECTION('',(0.660503020377,-0.75082338807,0.));
#2266 = DIRECTION('',(-0.75082338807,-0.660503020377,0.));
#2267 = ADVANCED_FACE('',(#2268),#2286,.F.);
#2268 = FACE_BOUND('',#2269,.F.);
#2269 = EDGE_LOOP('',(#2270,#2271,#2272,#2280));
#2270 = ORIENTED_EDGE('',*,*,#1228,.T.);
#2271 = ORIENTED_EDGE('',*,*,#1527,.T.);
#2272 = ORIENTED_EDGE('',*,*,#2273,.T.);
#2273 = EDGE_CURVE('',#1528,#2274,#2276,.T.);
#2274 = VERTEX_POINT('',#2275);
#2275 = CARTESIAN_POINT('',(0.54602322338,5.025687560829,12.8));
#2276 = LINE('',#2277,#2278);
#2277 = CARTESIAN_POINT('',(0.594194412264,4.883058469481,12.8));
#2278 = VECTOR('',#2279,1.);
#2279 = DIRECTION('',(-0.319980617636,0.947424088958,0.));
#2280 = ORIENTED_EDGE('',*,*,#2281,.F.);
#2281 = EDGE_CURVE('',#1221,#2274,#2282,.T.);
#2282 = LINE('',#2283,#2284);
#2283 = CARTESIAN_POINT('',(0.54602322338,5.025687560829,6.8));
#2284 = VECTOR('',#2285,1.);
#2285 = DIRECTION('',(0.,0.,1.));
#2286 = PLANE('',#2287);
#2287 = AXIS2_PLACEMENT_3D('',#2288,#2289,#2290);
#2288 = CARTESIAN_POINT('',(0.594194412264,4.883058469481,6.8));
#2289 = DIRECTION('',(-0.947424088958,-0.319980617636,0.));
#2290 = DIRECTION('',(-0.319980617636,0.947424088958,0.));
#2291 = ADVANCED_FACE('',(#2292),#2310,.F.);
#2292 = FACE_BOUND('',#2293,.F.);
#2293 = EDGE_LOOP('',(#2294,#2295,#2296,#2304));
#2294 = ORIENTED_EDGE('',*,*,#1220,.T.);
#2295 = ORIENTED_EDGE('',*,*,#2281,.T.);
#2296 = ORIENTED_EDGE('',*,*,#2297,.T.);
#2297 = EDGE_CURVE('',#2274,#2298,#2300,.T.);
#2298 = VERTEX_POINT('',#2299);
#2299 = CARTESIAN_POINT('',(0.486824067219,5.168570532297,12.8));
#2300 = LINE('',#2301,#2302);
#2301 = CARTESIAN_POINT('',(0.54602322338,5.025687560829,12.8));
#2302 = VECTOR('',#2303,1.);
#2303 = DIRECTION('',(-0.38276671894,0.923845029684,0.));
#2304 = ORIENTED_EDGE('',*,*,#2305,.F.);
#2305 = EDGE_CURVE('',#1213,#2298,#2306,.T.);
#2306 = LINE('',#2307,#2308);
#2307 = CARTESIAN_POINT('',(0.486824067219,5.168570532297,6.8));
#2308 = VECTOR('',#2309,1.);
#2309 = DIRECTION('',(0.,0.,1.));
#2310 = PLANE('',#2311);
#2311 = AXIS2_PLACEMENT_3D('',#2312,#2313,#2314);
#2312 = CARTESIAN_POINT('',(0.54602322338,5.025687560829,6.8));
#2313 = DIRECTION('',(-0.923845029684,-0.38276671894,0.));
#2314 = DIRECTION('',(-0.38276671894,0.923845029684,0.));
#2315 = ADVANCED_FACE('',(#2316),#2334,.F.);
#2316 = FACE_BOUND('',#2317,.F.);
#2317 = EDGE_LOOP('',(#2318,#2319,#2320,#2328));
#2318 = ORIENTED_EDGE('',*,*,#1212,.T.);
#2319 = ORIENTED_EDGE('',*,*,#2305,.T.);
#2320 = ORIENTED_EDGE('',*,*,#2321,.T.);
#2321 = EDGE_CURVE('',#2298,#2322,#2324,.T.);
#2322 = VERTEX_POINT('',#2323);
#2323 = CARTESIAN_POINT('',(0.417206024039,5.311270351815,12.8));
#2324 = LINE('',#2325,#2326);
#2325 = CARTESIAN_POINT('',(0.486824067219,5.168570532297,12.8));
#2326 = VECTOR('',#2327,1.);
#2327 = DIRECTION('',(-0.438466240509,0.898747659765,0.));
#2328 = ORIENTED_EDGE('',*,*,#2329,.F.);
#2329 = EDGE_CURVE('',#1205,#2322,#2330,.T.);
#2330 = LINE('',#2331,#2332);
#2331 = CARTESIAN_POINT('',(0.417206024039,5.311270351815,6.8));
#2332 = VECTOR('',#2333,1.);
#2333 = DIRECTION('',(0.,0.,1.));
#2334 = PLANE('',#2335);
#2335 = AXIS2_PLACEMENT_3D('',#2336,#2337,#2338);
#2336 = CARTESIAN_POINT('',(0.486824067219,5.168570532297,6.8));
#2337 = DIRECTION('',(-0.898747659765,-0.438466240509,0.));
#2338 = DIRECTION('',(-0.438466240509,0.898747659765,0.));
#2339 = ADVANCED_FACE('',(#2340),#2358,.F.);
#2340 = FACE_BOUND('',#2341,.F.);
#2341 = EDGE_LOOP('',(#2342,#2343,#2344,#2352));
#2342 = ORIENTED_EDGE('',*,*,#1204,.T.);
#2343 = ORIENTED_EDGE('',*,*,#2329,.T.);
#2344 = ORIENTED_EDGE('',*,*,#2345,.T.);
#2345 = EDGE_CURVE('',#2322,#2346,#2348,.T.);
#2346 = VERTEX_POINT('',#2347);
#2347 = CARTESIAN_POINT('',(0.337587571195,5.453376499175,12.8));
#2348 = LINE('',#2349,#2350);
#2349 = CARTESIAN_POINT('',(0.417206024039,5.311270351815,12.8));
#2350 = VECTOR('',#2351,1.);
#2351 = DIRECTION('',(-0.488785672731,0.872403900801,0.));
#2352 = ORIENTED_EDGE('',*,*,#2353,.F.);
#2353 = EDGE_CURVE('',#1197,#2346,#2354,.T.);
#2354 = LINE('',#2355,#2356);
#2355 = CARTESIAN_POINT('',(0.337587571195,5.453376499175,6.8));
#2356 = VECTOR('',#2357,1.);
#2357 = DIRECTION('',(0.,0.,1.));
#2358 = PLANE('',#2359);
#2359 = AXIS2_PLACEMENT_3D('',#2360,#2361,#2362);
#2360 = CARTESIAN_POINT('',(0.417206024039,5.311270351815,6.8));
#2361 = DIRECTION('',(-0.872403900801,-0.488785672731,0.));
#2362 = DIRECTION('',(-0.488785672731,0.872403900801,0.));
#2363 = ADVANCED_FACE('',(#2364),#2382,.F.);
#2364 = FACE_BOUND('',#2365,.F.);
#2365 = EDGE_LOOP('',(#2366,#2367,#2368,#2376));
#2366 = ORIENTED_EDGE('',*,*,#1196,.T.);
#2367 = ORIENTED_EDGE('',*,*,#2353,.T.);
#2368 = ORIENTED_EDGE('',*,*,#2369,.T.);
#2369 = EDGE_CURVE('',#2346,#2370,#2372,.T.);
#2370 = VERTEX_POINT('',#2371);
#2371 = CARTESIAN_POINT('',(0.248277921479,5.594493549349,12.8));
#2372 = LINE('',#2373,#2374);
#2373 = CARTESIAN_POINT('',(0.337587571195,5.453376499175,12.8));
#2374 = VECTOR('',#2375,1.);
#2375 = DIRECTION('',(-0.534776477449,0.844993561613,0.));
#2376 = ORIENTED_EDGE('',*,*,#2377,.F.);
#2377 = EDGE_CURVE('',#1189,#2370,#2378,.T.);
#2378 = LINE('',#2379,#2380);
#2379 = CARTESIAN_POINT('',(0.248277921479,5.594493549349,6.8));
#2380 = VECTOR('',#2381,1.);
#2381 = DIRECTION('',(0.,0.,1.));
#2382 = PLANE('',#2383);
#2383 = AXIS2_PLACEMENT_3D('',#2384,#2385,#2386);
#2384 = CARTESIAN_POINT('',(0.337587571195,5.453376499175,6.8));
#2385 = DIRECTION('',(-0.844993561613,-0.534776477449,0.));
#2386 = DIRECTION('',(-0.534776477449,0.844993561613,0.));
#2387 = ADVANCED_FACE('',(#2388),#2406,.F.);
#2388 = FACE_BOUND('',#2389,.F.);
#2389 = EDGE_LOOP('',(#2390,#2391,#2392,#2400));
#2390 = ORIENTED_EDGE('',*,*,#1188,.T.);
#2391 = ORIENTED_EDGE('',*,*,#2377,.T.);
#2392 = ORIENTED_EDGE('',*,*,#2393,.T.);
#2393 = EDGE_CURVE('',#2370,#2394,#2396,.T.);
#2394 = VERTEX_POINT('',#2395);
#2395 = CARTESIAN_POINT('',(-0.248277921479,5.594493549349,12.8));
#2396 = LINE('',#2397,#2398);
#2397 = CARTESIAN_POINT('',(0.248277921479,5.594493549349,12.8));
#2398 = VECTOR('',#2399,1.);
#2399 = DIRECTION('',(-1.,0.,0.));
#2400 = ORIENTED_EDGE('',*,*,#2401,.F.);
#2401 = EDGE_CURVE('',#1181,#2394,#2402,.T.);
#2402 = LINE('',#2403,#2404);
#2403 = CARTESIAN_POINT('',(-0.248277921479,5.594493549349,6.8));
#2404 = VECTOR('',#2405,1.);
#2405 = DIRECTION('',(0.,0.,1.));
#2406 = PLANE('',#2407);
#2407 = AXIS2_PLACEMENT_3D('',#2408,#2409,#2410);
#2408 = CARTESIAN_POINT('',(0.248277921479,5.594493549349,6.8));
#2409 = DIRECTION('',(0.,-1.,0.));
#2410 = DIRECTION('',(-1.,0.,0.));
#2411 = ADVANCED_FACE('',(#2412),#2430,.F.);
#2412 = FACE_BOUND('',#2413,.F.);
#2413 = EDGE_LOOP('',(#2414,#2415,#2416,#2424));
#2414 = ORIENTED_EDGE('',*,*,#1180,.T.);
#2415 = ORIENTED_EDGE('',*,*,#2401,.T.);
#2416 = ORIENTED_EDGE('',*,*,#2417,.T.);
#2417 = EDGE_CURVE('',#2394,#2418,#2420,.T.);
#2418 = VERTEX_POINT('',#2419);
#2419 = CARTESIAN_POINT('',(-0.337587571195,5.453376499175,12.8));
#2420 = LINE('',#2421,#2422);
#2421 = CARTESIAN_POINT('',(-0.248277921479,5.594493549349,12.8));
#2422 = VECTOR('',#2423,1.);
#2423 = DIRECTION('',(-0.534776477449,-0.844993561613,0.));
#2424 = ORIENTED_EDGE('',*,*,#2425,.F.);
#2425 = EDGE_CURVE('',#1173,#2418,#2426,.T.);
#2426 = LINE('',#2427,#2428);
#2427 = CARTESIAN_POINT('',(-0.337587571195,5.453376499175,6.8));
#2428 = VECTOR('',#2429,1.);
#2429 = DIRECTION('',(0.,0.,1.));
#2430 = PLANE('',#2431);
#2431 = AXIS2_PLACEMENT_3D('',#2432,#2433,#2434);
#2432 = CARTESIAN_POINT('',(-0.248277921479,5.594493549349,6.8));
#2433 = DIRECTION('',(0.844993561613,-0.534776477449,0.));
#2434 = DIRECTION('',(-0.534776477449,-0.844993561613,0.));
#2435 = ADVANCED_FACE('',(#2436),#2454,.F.);
#2436 = FACE_BOUND('',#2437,.F.);
#2437 = EDGE_LOOP('',(#2438,#2439,#2440,#2448));
#2438 = ORIENTED_EDGE('',*,*,#1172,.T.);
#2439 = ORIENTED_EDGE('',*,*,#2425,.T.);
#2440 = ORIENTED_EDGE('',*,*,#2441,.T.);
#2441 = EDGE_CURVE('',#2418,#2442,#2444,.T.);
#2442 = VERTEX_POINT('',#2443);
#2443 = CARTESIAN_POINT('',(-0.417206024039,5.311270351815,12.8));
#2444 = LINE('',#2445,#2446);
#2445 = CARTESIAN_POINT('',(-0.337587571195,5.453376499175,12.8));
#2446 = VECTOR('',#2447,1.);
#2447 = DIRECTION('',(-0.488785672731,-0.872403900801,0.));
#2448 = ORIENTED_EDGE('',*,*,#2449,.F.);
#2449 = EDGE_CURVE('',#1165,#2442,#2450,.T.);
#2450 = LINE('',#2451,#2452);
#2451 = CARTESIAN_POINT('',(-0.417206024039,5.311270351815,6.8));
#2452 = VECTOR('',#2453,1.);
#2453 = DIRECTION('',(0.,0.,1.));
#2454 = PLANE('',#2455);
#2455 = AXIS2_PLACEMENT_3D('',#2456,#2457,#2458);
#2456 = CARTESIAN_POINT('',(-0.337587571195,5.453376499175,6.8));
#2457 = DIRECTION('',(0.872403900801,-0.488785672731,0.));
#2458 = DIRECTION('',(-0.488785672731,-0.872403900801,0.));
#2459 = ADVANCED_FACE('',(#2460),#2478,.F.);
#2460 = FACE_BOUND('',#2461,.F.);
#2461 = EDGE_LOOP('',(#2462,#2463,#2464,#2472));
#2462 = ORIENTED_EDGE('',*,*,#1164,.T.);
#2463 = ORIENTED_EDGE('',*,*,#2449,.T.);
#2464 = ORIENTED_EDGE('',*,*,#2465,.T.);
#2465 = EDGE_CURVE('',#2442,#2466,#2468,.T.);
#2466 = VERTEX_POINT('',#2467);
#2467 = CARTESIAN_POINT('',(-0.486824067219,5.168570532297,12.8));
#2468 = LINE('',#2469,#2470);
#2469 = CARTESIAN_POINT('',(-0.417206024039,5.311270351815,12.8));
#2470 = VECTOR('',#2471,1.);
#2471 = DIRECTION('',(-0.438466240509,-0.898747659765,0.));
#2472 = ORIENTED_EDGE('',*,*,#2473,.F.);
#2473 = EDGE_CURVE('',#1157,#2466,#2474,.T.);
#2474 = LINE('',#2475,#2476);
#2475 = CARTESIAN_POINT('',(-0.486824067219,5.168570532297,6.8));
#2476 = VECTOR('',#2477,1.);
#2477 = DIRECTION('',(0.,0.,1.));
#2478 = PLANE('',#2479);
#2479 = AXIS2_PLACEMENT_3D('',#2480,#2481,#2482);
#2480 = CARTESIAN_POINT('',(-0.417206024039,5.311270351815,6.8));
#2481 = DIRECTION('',(0.898747659765,-0.438466240509,0.));
#2482 = DIRECTION('',(-0.438466240509,-0.898747659765,0.));
#2483 = ADVANCED_FACE('',(#2484),#2502,.F.);
#2484 = FACE_BOUND('',#2485,.F.);
#2485 = EDGE_LOOP('',(#2486,#2487,#2488,#2496));
#2486 = ORIENTED_EDGE('',*,*,#1156,.T.);
#2487 = ORIENTED_EDGE('',*,*,#2473,.T.);
#2488 = ORIENTED_EDGE('',*,*,#2489,.T.);
#2489 = EDGE_CURVE('',#2466,#2490,#2492,.T.);
#2490 = VERTEX_POINT('',#2491);
#2491 = CARTESIAN_POINT('',(-0.54602322338,5.025687560829,12.8));
#2492 = LINE('',#2493,#2494);
#2493 = CARTESIAN_POINT('',(-0.486824067219,5.168570532297,12.8));
#2494 = VECTOR('',#2495,1.);
#2495 = DIRECTION('',(-0.38276671894,-0.923845029684,0.));
#2496 = ORIENTED_EDGE('',*,*,#2497,.F.);
#2497 = EDGE_CURVE('',#1149,#2490,#2498,.T.);
#2498 = LINE('',#2499,#2500);
#2499 = CARTESIAN_POINT('',(-0.54602322338,5.025687560829,6.8));
#2500 = VECTOR('',#2501,1.);
#2501 = DIRECTION('',(0.,0.,1.));
#2502 = PLANE('',#2503);
#2503 = AXIS2_PLACEMENT_3D('',#2504,#2505,#2506);
#2504 = CARTESIAN_POINT('',(-0.486824067219,5.168570532297,6.8));
#2505 = DIRECTION('',(0.923845029684,-0.38276671894,0.));
#2506 = DIRECTION('',(-0.38276671894,-0.923845029684,0.));
#2507 = ADVANCED_FACE('',(#2508),#2519,.F.);
#2508 = FACE_BOUND('',#2509,.F.);
#2509 = EDGE_LOOP('',(#2510,#2511,#2512,#2518));
#2510 = ORIENTED_EDGE('',*,*,#1148,.T.);
#2511 = ORIENTED_EDGE('',*,*,#2497,.T.);
#2512 = ORIENTED_EDGE('',*,*,#2513,.T.);
#2513 = EDGE_CURVE('',#2490,#1536,#2514,.T.);
#2514 = LINE('',#2515,#2516);
#2515 = CARTESIAN_POINT('',(-0.54602322338,5.025687560829,12.8));
#2516 = VECTOR('',#2517,1.);
#2517 = DIRECTION('',(-0.319980617636,-0.947424088958,0.));
#2518 = ORIENTED_EDGE('',*,*,#1544,.F.);
#2519 = PLANE('',#2520);
#2520 = AXIS2_PLACEMENT_3D('',#2521,#2522,#2523);
#2521 = CARTESIAN_POINT('',(-0.54602322338,5.025687560829,6.8));
#2522 = DIRECTION('',(0.947424088958,-0.319980617636,0.));
#2523 = DIRECTION('',(-0.319980617636,-0.947424088958,0.));
#2524 = ADVANCED_FACE('',(#2525),#2543,.F.);
#2525 = FACE_BOUND('',#2526,.F.);
#2526 = EDGE_LOOP('',(#2527,#2528,#2529,#2537));
#2527 = ORIENTED_EDGE('',*,*,#1131,.T.);
#2528 = ORIENTED_EDGE('',*,*,#1551,.T.);
#2529 = ORIENTED_EDGE('',*,*,#2530,.T.);
#2530 = EDGE_CURVE('',#1552,#2531,#2533,.T.);
#2531 = VERTEX_POINT('',#2532);
#2532 = CARTESIAN_POINT('',(-2.039973797911,4.625384710852,12.8));
#2533 = LINE('',#2534,#2535);
#2534 = CARTESIAN_POINT('',(-1.926941778933,4.525949888868,12.8));
#2535 = VECTOR('',#2536,1.);
#2536 = DIRECTION('',(-0.75082338807,0.660503020377,0.));
#2537 = ORIENTED_EDGE('',*,*,#2538,.F.);
#2538 = EDGE_CURVE('',#1124,#2531,#2539,.T.);
#2539 = LINE('',#2540,#2541);
#2540 = CARTESIAN_POINT('',(-2.039973797911,4.625384710852,6.8));
#2541 = VECTOR('',#2542,1.);
#2542 = DIRECTION('',(0.,0.,1.));
#2543 = PLANE('',#2544);
#2544 = AXIS2_PLACEMENT_3D('',#2545,#2546,#2547);
#2545 = CARTESIAN_POINT('',(-1.926941778933,4.525949888868,6.8));
#2546 = DIRECTION('',(-0.660503020377,-0.75082338807,0.));
#2547 = DIRECTION('',(-0.75082338807,0.660503020377,0.));
#2548 = ADVANCED_FACE('',(#2549),#2567,.F.);
#2549 = FACE_BOUND('',#2550,.F.);
#2550 = EDGE_LOOP('',(#2551,#2552,#2553,#2561));
#2551 = ORIENTED_EDGE('',*,*,#1123,.T.);
#2552 = ORIENTED_EDGE('',*,*,#2538,.T.);
#2553 = ORIENTED_EDGE('',*,*,#2554,.T.);
#2554 = EDGE_CURVE('',#2531,#2555,#2557,.T.);
#2555 = VERTEX_POINT('',#2556);
#2556 = CARTESIAN_POINT('',(-2.162683256763,4.719525415831,12.8));
#2557 = LINE('',#2558,#2559);
#2558 = CARTESIAN_POINT('',(-2.039973797911,4.625384710852,12.8));
#2559 = VECTOR('',#2560,1.);
#2560 = DIRECTION('',(-0.793408217167,0.608689905396,0.));
#2561 = ORIENTED_EDGE('',*,*,#2562,.F.);
#2562 = EDGE_CURVE('',#1116,#2555,#2563,.T.);
#2563 = LINE('',#2564,#2565);
#2564 = CARTESIAN_POINT('',(-2.162683256763,4.719525415831,6.8));
#2565 = VECTOR('',#2566,1.);
#2566 = DIRECTION('',(0.,0.,1.));
#2567 = PLANE('',#2568);
#2568 = AXIS2_PLACEMENT_3D('',#2569,#2570,#2571);
#2569 = CARTESIAN_POINT('',(-2.039973797911,4.625384710852,6.8));
#2570 = DIRECTION('',(-0.608689905396,-0.793408217167,0.));
#2571 = DIRECTION('',(-0.793408217167,0.608689905396,0.));
#2572 = ADVANCED_FACE('',(#2573),#2591,.F.);
#2573 = FACE_BOUND('',#2574,.F.);
#2574 = EDGE_LOOP('',(#2575,#2576,#2577,#2585));
#2575 = ORIENTED_EDGE('',*,*,#1115,.T.);
#2576 = ORIENTED_EDGE('',*,*,#2562,.T.);
#2577 = ORIENTED_EDGE('',*,*,#2578,.T.);
#2578 = EDGE_CURVE('',#2555,#2579,#2581,.T.);
#2579 = VERTEX_POINT('',#2580);
#2580 = CARTESIAN_POINT('',(-2.294324160478,4.808298063059,12.8));
#2581 = LINE('',#2582,#2583);
#2582 = CARTESIAN_POINT('',(-2.162683256763,4.719525415831,12.8));
#2583 = VECTOR('',#2584,1.);
#2584 = DIRECTION('',(-0.829096732866,0.559105184694,0.));
#2585 = ORIENTED_EDGE('',*,*,#2586,.F.);
#2586 = EDGE_CURVE('',#1108,#2579,#2587,.T.);
#2587 = LINE('',#2588,#2589);
#2588 = CARTESIAN_POINT('',(-2.294324160478,4.808298063059,6.8));
#2589 = VECTOR('',#2590,1.);
#2590 = DIRECTION('',(0.,0.,1.));
#2591 = PLANE('',#2592);
#2592 = AXIS2_PLACEMENT_3D('',#2593,#2594,#2595);
#2593 = CARTESIAN_POINT('',(-2.162683256763,4.719525415831,6.8));
#2594 = DIRECTION('',(-0.559105184694,-0.829096732866,0.));
#2595 = DIRECTION('',(-0.829096732866,0.559105184694,0.));
#2596 = ADVANCED_FACE('',(#2597),#2615,.F.);
#2597 = FACE_BOUND('',#2598,.F.);
#2598 = EDGE_LOOP('',(#2599,#2600,#2601,#2609));
#2599 = ORIENTED_EDGE('',*,*,#1107,.T.);
#2600 = ORIENTED_EDGE('',*,*,#2586,.T.);
#2601 = ORIENTED_EDGE('',*,*,#2602,.T.);
#2602 = EDGE_CURVE('',#2579,#2603,#2605,.T.);
#2603 = VERTEX_POINT('',#2604);
#2604 = CARTESIAN_POINT('',(-2.434328836931,4.891556370284,12.8));
#2605 = LINE('',#2606,#2607);
#2606 = CARTESIAN_POINT('',(-2.294324160478,4.808298063059,12.8));
#2607 = VECTOR('',#2608,1.);
#2608 = DIRECTION('',(-0.859502759992,0.511131104088,0.));
#2609 = ORIENTED_EDGE('',*,*,#2610,.F.);
#2610 = EDGE_CURVE('',#1100,#2603,#2611,.T.);
#2611 = LINE('',#2612,#2613);
#2612 = CARTESIAN_POINT('',(-2.434328836931,4.891556370284,6.8));
#2613 = VECTOR('',#2614,1.);
#2614 = DIRECTION('',(0.,0.,1.));
#2615 = PLANE('',#2616);
#2616 = AXIS2_PLACEMENT_3D('',#2617,#2618,#2619);
#2617 = CARTESIAN_POINT('',(-2.294324160478,4.808298063059,6.8));
#2618 = DIRECTION('',(-0.511131104088,-0.859502759992,0.));
#2619 = DIRECTION('',(-0.859502759992,0.511131104088,0.));
#2620 = ADVANCED_FACE('',(#2621),#2639,.F.);
#2621 = FACE_BOUND('',#2622,.F.);
#2622 = EDGE_LOOP('',(#2623,#2624,#2625,#2633));
#2623 = ORIENTED_EDGE('',*,*,#1099,.T.);
#2624 = ORIENTED_EDGE('',*,*,#2610,.T.);
#2625 = ORIENTED_EDGE('',*,*,#2626,.T.);
#2626 = EDGE_CURVE('',#2603,#2627,#2629,.T.);
#2627 = VERTEX_POINT('',#2628);
#2628 = CARTESIAN_POINT('',(-2.582231787475,4.969112495784,12.8));
#2629 = LINE('',#2630,#2631);
#2630 = CARTESIAN_POINT('',(-2.434328836931,4.891556370284,12.8));
#2631 = VECTOR('',#2632,1.);
#2632 = DIRECTION('',(-0.885626795624,0.464397651666,0.));
#2633 = ORIENTED_EDGE('',*,*,#2634,.F.);
#2634 = EDGE_CURVE('',#1092,#2627,#2635,.T.);
#2635 = LINE('',#2636,#2637);
#2636 = CARTESIAN_POINT('',(-2.582231787475,4.969112495784,6.8));
#2637 = VECTOR('',#2638,1.);
#2638 = DIRECTION('',(0.,0.,1.));
#2639 = PLANE('',#2640);
#2640 = AXIS2_PLACEMENT_3D('',#2641,#2642,#2643);
#2641 = CARTESIAN_POINT('',(-2.434328836931,4.891556370284,6.8));
#2642 = DIRECTION('',(-0.464397651666,-0.885626795624,0.));
#2643 = DIRECTION('',(-0.885626795624,0.464397651666,0.));
#2644 = ADVANCED_FACE('',(#2645),#2663,.F.);
#2645 = FACE_BOUND('',#2646,.F.);
#2646 = EDGE_LOOP('',(#2647,#2648,#2649,#2657));
#2647 = ORIENTED_EDGE('',*,*,#1091,.T.);
#2648 = ORIENTED_EDGE('',*,*,#2634,.T.);
#2649 = ORIENTED_EDGE('',*,*,#2650,.T.);
#2650 = EDGE_CURVE('',#2627,#2651,#2653,.T.);
#2651 = VERTEX_POINT('',#2652);
#2652 = CARTESIAN_POINT('',(-3.012261761874,4.720834574305,12.8));
#2653 = LINE('',#2654,#2655);
#2654 = CARTESIAN_POINT('',(-2.582231787475,4.969112495784,12.8));
#2655 = VECTOR('',#2656,1.);
#2656 = DIRECTION('',(-0.866025403784,-0.5,0.));
#2657 = ORIENTED_EDGE('',*,*,#2658,.F.);
#2658 = EDGE_CURVE('',#1084,#2651,#2659,.T.);
#2659 = LINE('',#2660,#2661);
#2660 = CARTESIAN_POINT('',(-3.012261761874,4.720834574305,6.8));
#2661 = VECTOR('',#2662,1.);
#2662 = DIRECTION('',(0.,0.,1.));
#2663 = PLANE('',#2664);
#2664 = AXIS2_PLACEMENT_3D('',#2665,#2666,#2667);
#2665 = CARTESIAN_POINT('',(-2.582231787475,4.969112495784,6.8));
#2666 = DIRECTION('',(0.5,-0.866025403784,0.));
#2667 = DIRECTION('',(-0.866025403784,-0.5,0.));
#2668 = ADVANCED_FACE('',(#2669),#2687,.F.);
#2669 = FACE_BOUND('',#2670,.F.);
#2670 = EDGE_LOOP('',(#2671,#2672,#2673,#2681));
#2671 = ORIENTED_EDGE('',*,*,#1083,.T.);
#2672 = ORIENTED_EDGE('',*,*,#2658,.T.);
#2673 = ORIENTED_EDGE('',*,*,#2674,.T.);
#2674 = EDGE_CURVE('',#2651,#2675,#2677,.T.);
#2675 = VERTEX_POINT('',#2676);
#2676 = CARTESIAN_POINT('',(-3.019047662245,4.553968799089,12.8));
#2677 = LINE('',#2678,#2679);
#2678 = CARTESIAN_POINT('',(-3.012261761874,4.720834574305,12.8));
#2679 = VECTOR('',#2680,1.);
#2680 = DIRECTION('',(-4.06332340113E-02,-0.999174129116,0.));
#2681 = ORIENTED_EDGE('',*,*,#2682,.F.);
#2682 = EDGE_CURVE('',#1076,#2675,#2683,.T.);
#2683 = LINE('',#2684,#2685);
#2684 = CARTESIAN_POINT('',(-3.019047662245,4.553968799089,6.8));
#2685 = VECTOR('',#2686,1.);
#2686 = DIRECTION('',(0.,0.,1.));
#2687 = PLANE('',#2688);
#2688 = AXIS2_PLACEMENT_3D('',#2689,#2690,#2691);
#2689 = CARTESIAN_POINT('',(-3.012261761874,4.720834574305,6.8));
#2690 = DIRECTION('',(0.999174129116,-4.06332340113E-02,0.));
#2691 = DIRECTION('',(-4.06332340113E-02,-0.999174129116,0.));
#2692 = ADVANCED_FACE('',(#2693),#2711,.F.);
#2693 = FACE_BOUND('',#2694,.F.);
#2694 = EDGE_LOOP('',(#2695,#2696,#2697,#2705));
#2695 = ORIENTED_EDGE('',*,*,#1075,.T.);
#2696 = ORIENTED_EDGE('',*,*,#2682,.T.);
#2697 = ORIENTED_EDGE('',*,*,#2698,.T.);
#2698 = EDGE_CURVE('',#2675,#2699,#2701,.T.);
#2699 = VERTEX_POINT('',#2700);
#2700 = CARTESIAN_POINT('',(-3.016946191337,4.39109203902,12.8));
#2701 = LINE('',#2702,#2703);
#2702 = CARTESIAN_POINT('',(-3.019047662245,4.553968799089,12.8));
#2703 = VECTOR('',#2704,1.);
#2704 = DIRECTION('',(1.290114080913E-02,-0.99991677682,0.));
#2705 = ORIENTED_EDGE('',*,*,#2706,.F.);
#2706 = EDGE_CURVE('',#1068,#2699,#2707,.T.);
#2707 = LINE('',#2708,#2709);
#2708 = CARTESIAN_POINT('',(-3.016946191337,4.39109203902,6.8));
#2709 = VECTOR('',#2710,1.);
#2710 = DIRECTION('',(0.,0.,1.));
#2711 = PLANE('',#2712);
#2712 = AXIS2_PLACEMENT_3D('',#2713,#2714,#2715);
#2713 = CARTESIAN_POINT('',(-3.019047662245,4.553968799089,6.8));
#2714 = DIRECTION('',(0.99991677682,1.290114080913E-02,0.));
#2715 = DIRECTION('',(1.290114080913E-02,-0.99991677682,0.));
#2716 = ADVANCED_FACE('',(#2717),#2735,.F.);
#2717 = FACE_BOUND('',#2718,.F.);
#2718 = EDGE_LOOP('',(#2719,#2720,#2721,#2729));
#2719 = ORIENTED_EDGE('',*,*,#1067,.T.);
#2720 = ORIENTED_EDGE('',*,*,#2706,.T.);
#2721 = ORIENTED_EDGE('',*,*,#2722,.T.);
#2722 = EDGE_CURVE('',#2699,#2723,#2725,.T.);
#2723 = VERTEX_POINT('',#2724);
#2724 = CARTESIAN_POINT('',(-3.005887275534,4.232701348612,12.8));
#2725 = LINE('',#2726,#2727);
#2726 = CARTESIAN_POINT('',(-3.016946191337,4.39109203902,12.8));
#2727 = VECTOR('',#2728,1.);
#2728 = DIRECTION('',(6.965092689979E-02,-0.997571425203,0.));
#2729 = ORIENTED_EDGE('',*,*,#2730,.F.);
#2730 = EDGE_CURVE('',#1060,#2723,#2731,.T.);
#2731 = LINE('',#2732,#2733);
#2732 = CARTESIAN_POINT('',(-3.005887275534,4.232701348612,6.8));
#2733 = VECTOR('',#2734,1.);
#2734 = DIRECTION('',(0.,0.,1.));
#2735 = PLANE('',#2736);
#2736 = AXIS2_PLACEMENT_3D('',#2737,#2738,#2739);
#2737 = CARTESIAN_POINT('',(-3.016946191337,4.39109203902,6.8));
#2738 = DIRECTION('',(0.997571425203,6.965092689979E-02,0.));
#2739 = DIRECTION('',(6.965092689979E-02,-0.997571425203,0.));
#2740 = ADVANCED_FACE('',(#2741),#2759,.F.);
#2741 = FACE_BOUND('',#2742,.F.);
#2742 = EDGE_LOOP('',(#2743,#2744,#2745,#2753));
#2743 = ORIENTED_EDGE('',*,*,#1059,.T.);
#2744 = ORIENTED_EDGE('',*,*,#2730,.T.);
#2745 = ORIENTED_EDGE('',*,*,#2746,.T.);
#2746 = EDGE_CURVE('',#2723,#2747,#2749,.T.);
#2747 = VERTEX_POINT('',#2748);
#2748 = CARTESIAN_POINT('',(-2.985713762918,4.079361487471,12.8));
#2749 = LINE('',#2750,#2751);
#2750 = CARTESIAN_POINT('',(-3.005887275534,4.232701348612,12.8));
#2751 = VECTOR('',#2752,1.);
#2752 = DIRECTION('',(0.130436812516,-0.991456624336,0.));
#2753 = ORIENTED_EDGE('',*,*,#2754,.F.);
#2754 = EDGE_CURVE('',#1052,#2747,#2755,.T.);
#2755 = LINE('',#2756,#2757);
#2756 = CARTESIAN_POINT('',(-2.985713762918,4.079361487471,6.8));
#2757 = VECTOR('',#2758,1.);
#2758 = DIRECTION('',(0.,0.,1.));
#2759 = PLANE('',#2760);
#2760 = AXIS2_PLACEMENT_3D('',#2761,#2762,#2763);
#2761 = CARTESIAN_POINT('',(-3.005887275534,4.232701348612,6.8));
#2762 = DIRECTION('',(0.991456624336,0.130436812516,0.));
#2763 = DIRECTION('',(0.130436812516,-0.991456624336,0.));
#2764 = ADVANCED_FACE('',(#2765),#2776,.F.);
#2765 = FACE_BOUND('',#2766,.F.);
#2766 = EDGE_LOOP('',(#2767,#2768,#2769,#2775));
#2767 = ORIENTED_EDGE('',*,*,#1051,.T.);
#2768 = ORIENTED_EDGE('',*,*,#2754,.T.);
#2769 = ORIENTED_EDGE('',*,*,#2770,.T.);
#2770 = EDGE_CURVE('',#2747,#1560,#2771,.T.);
#2771 = LINE('',#2772,#2773);
#2772 = CARTESIAN_POINT('',(-2.985713762918,4.079361487471,12.8));
#2773 = VECTOR('',#2774,1.);
#2774 = DIRECTION('',(0.196600700888,-0.980483638013,0.));
#2775 = ORIENTED_EDGE('',*,*,#1568,.F.);
#2776 = PLANE('',#2777);
#2777 = AXIS2_PLACEMENT_3D('',#2778,#2779,#2780);
#2778 = CARTESIAN_POINT('',(-2.985713762918,4.079361487471,6.8));
#2779 = DIRECTION('',(0.980483638013,0.196600700888,0.));
#2780 = DIRECTION('',(0.196600700888,-0.980483638013,0.));
#2781 = ADVANCED_FACE('',(#2782),#2800,.F.);
#2782 = FACE_BOUND('',#2783,.F.);
#2783 = EDGE_LOOP('',(#2784,#2785,#2786,#2794));
#2784 = ORIENTED_EDGE('',*,*,#1034,.T.);
#2785 = ORIENTED_EDGE('',*,*,#1575,.T.);
#2786 = ORIENTED_EDGE('',*,*,#2787,.T.);
#2787 = EDGE_CURVE('',#1576,#2788,#2790,.T.);
#2788 = VERTEX_POINT('',#2789);
#2789 = CARTESIAN_POINT('',(-4.079361487471,2.985713762918,12.8));
#2790 = LINE('',#2791,#2792);
#2791 = CARTESIAN_POINT('',(-3.931755476603,2.956116690548,12.8));
#2792 = VECTOR('',#2793,1.);
#2793 = DIRECTION('',(-0.980483638013,0.196600700888,0.));
#2794 = ORIENTED_EDGE('',*,*,#2795,.F.);
#2795 = EDGE_CURVE('',#1027,#2788,#2796,.T.);
#2796 = LINE('',#2797,#2798);
#2797 = CARTESIAN_POINT('',(-4.079361487471,2.985713762918,6.8));
#2798 = VECTOR('',#2799,1.);
#2799 = DIRECTION('',(0.,0.,1.));
#2800 = PLANE('',#2801);
#2801 = AXIS2_PLACEMENT_3D('',#2802,#2803,#2804);
#2802 = CARTESIAN_POINT('',(-3.931755476603,2.956116690548,6.8));
#2803 = DIRECTION('',(-0.196600700888,-0.980483638013,0.));
#2804 = DIRECTION('',(-0.980483638013,0.196600700888,0.));
#2805 = ADVANCED_FACE('',(#2806),#2824,.F.);
#2806 = FACE_BOUND('',#2807,.F.);
#2807 = EDGE_LOOP('',(#2808,#2809,#2810,#2818));
#2808 = ORIENTED_EDGE('',*,*,#1026,.T.);
#2809 = ORIENTED_EDGE('',*,*,#2795,.T.);
#2810 = ORIENTED_EDGE('',*,*,#2811,.T.);
#2811 = EDGE_CURVE('',#2788,#2812,#2814,.T.);
#2812 = VERTEX_POINT('',#2813);
#2813 = CARTESIAN_POINT('',(-4.232701348612,3.005887275534,12.8));
#2814 = LINE('',#2815,#2816);
#2815 = CARTESIAN_POINT('',(-4.079361487471,2.985713762918,12.8));
#2816 = VECTOR('',#2817,1.);
#2817 = DIRECTION('',(-0.991456624336,0.130436812516,0.));
#2818 = ORIENTED_EDGE('',*,*,#2819,.F.);
#2819 = EDGE_CURVE('',#1019,#2812,#2820,.T.);
#2820 = LINE('',#2821,#2822);
#2821 = CARTESIAN_POINT('',(-4.232701348612,3.005887275534,6.8));
#2822 = VECTOR('',#2823,1.);
#2823 = DIRECTION('',(0.,0.,1.));
#2824 = PLANE('',#2825);
#2825 = AXIS2_PLACEMENT_3D('',#2826,#2827,#2828);
#2826 = CARTESIAN_POINT('',(-4.079361487471,2.985713762918,6.8));
#2827 = DIRECTION('',(-0.130436812516,-0.991456624336,0.));
#2828 = DIRECTION('',(-0.991456624336,0.130436812516,0.));
#2829 = ADVANCED_FACE('',(#2830),#2848,.F.);
#2830 = FACE_BOUND('',#2831,.F.);
#2831 = EDGE_LOOP('',(#2832,#2833,#2834,#2842));
#2832 = ORIENTED_EDGE('',*,*,#1018,.T.);
#2833 = ORIENTED_EDGE('',*,*,#2819,.T.);
#2834 = ORIENTED_EDGE('',*,*,#2835,.T.);
#2835 = EDGE_CURVE('',#2812,#2836,#2838,.T.);
#2836 = VERTEX_POINT('',#2837);
#2837 = CARTESIAN_POINT('',(-4.39109203902,3.016946191337,12.8));
#2838 = LINE('',#2839,#2840);
#2839 = CARTESIAN_POINT('',(-4.232701348612,3.005887275534,12.8));
#2840 = VECTOR('',#2841,1.);
#2841 = DIRECTION('',(-0.997571425203,6.965092689979E-02,0.));
#2842 = ORIENTED_EDGE('',*,*,#2843,.F.);
#2843 = EDGE_CURVE('',#1011,#2836,#2844,.T.);
#2844 = LINE('',#2845,#2846);
#2845 = CARTESIAN_POINT('',(-4.39109203902,3.016946191337,6.8));
#2846 = VECTOR('',#2847,1.);
#2847 = DIRECTION('',(0.,0.,1.));
#2848 = PLANE('',#2849);
#2849 = AXIS2_PLACEMENT_3D('',#2850,#2851,#2852);
#2850 = CARTESIAN_POINT('',(-4.232701348612,3.005887275534,6.8));
#2851 = DIRECTION('',(-6.965092689979E-02,-0.997571425203,0.));
#2852 = DIRECTION('',(-0.997571425203,6.965092689979E-02,0.));
#2853 = ADVANCED_FACE('',(#2854),#2872,.F.);
#2854 = FACE_BOUND('',#2855,.F.);
#2855 = EDGE_LOOP('',(#2856,#2857,#2858,#2866));
#2856 = ORIENTED_EDGE('',*,*,#1010,.T.);
#2857 = ORIENTED_EDGE('',*,*,#2843,.T.);
#2858 = ORIENTED_EDGE('',*,*,#2859,.T.);
#2859 = EDGE_CURVE('',#2836,#2860,#2862,.T.);
#2860 = VERTEX_POINT('',#2861);
#2861 = CARTESIAN_POINT('',(-4.553968799089,3.019047662245,12.8));
#2862 = LINE('',#2863,#2864);
#2863 = CARTESIAN_POINT('',(-4.39109203902,3.016946191337,12.8));
#2864 = VECTOR('',#2865,1.);
#2865 = DIRECTION('',(-0.99991677682,1.290114080913E-02,0.));
#2866 = ORIENTED_EDGE('',*,*,#2867,.F.);
#2867 = EDGE_CURVE('',#1003,#2860,#2868,.T.);
#2868 = LINE('',#2869,#2870);
#2869 = CARTESIAN_POINT('',(-4.553968799089,3.019047662245,6.8));
#2870 = VECTOR('',#2871,1.);
#2871 = DIRECTION('',(0.,0.,1.));
#2872 = PLANE('',#2873);
#2873 = AXIS2_PLACEMENT_3D('',#2874,#2875,#2876);
#2874 = CARTESIAN_POINT('',(-4.39109203902,3.016946191337,6.8));
#2875 = DIRECTION('',(-1.290114080913E-02,-0.99991677682,0.));
#2876 = DIRECTION('',(-0.99991677682,1.290114080913E-02,0.));
#2877 = ADVANCED_FACE('',(#2878),#2896,.F.);
#2878 = FACE_BOUND('',#2879,.F.);
#2879 = EDGE_LOOP('',(#2880,#2881,#2882,#2890));
#2880 = ORIENTED_EDGE('',*,*,#1002,.T.);
#2881 = ORIENTED_EDGE('',*,*,#2867,.T.);
#2882 = ORIENTED_EDGE('',*,*,#2883,.T.);
#2883 = EDGE_CURVE('',#2860,#2884,#2886,.T.);
#2884 = VERTEX_POINT('',#2885);
#2885 = CARTESIAN_POINT('',(-4.720834574305,3.012261761874,12.8));
#2886 = LINE('',#2887,#2888);
#2887 = CARTESIAN_POINT('',(-4.553968799089,3.019047662245,12.8));
#2888 = VECTOR('',#2889,1.);
#2889 = DIRECTION('',(-0.999174129116,-4.06332340113E-02,0.));
#2890 = ORIENTED_EDGE('',*,*,#2891,.F.);
#2891 = EDGE_CURVE('',#995,#2884,#2892,.T.);
#2892 = LINE('',#2893,#2894);
#2893 = CARTESIAN_POINT('',(-4.720834574305,3.012261761874,6.8));
#2894 = VECTOR('',#2895,1.);
#2895 = DIRECTION('',(0.,0.,1.));
#2896 = PLANE('',#2897);
#2897 = AXIS2_PLACEMENT_3D('',#2898,#2899,#2900);
#2898 = CARTESIAN_POINT('',(-4.553968799089,3.019047662245,6.8));
#2899 = DIRECTION('',(4.06332340113E-02,-0.999174129116,0.));
#2900 = DIRECTION('',(-0.999174129116,-4.06332340113E-02,0.));
#2901 = ADVANCED_FACE('',(#2902),#2920,.F.);
#2902 = FACE_BOUND('',#2903,.F.);
#2903 = EDGE_LOOP('',(#2904,#2905,#2906,#2914));
#2904 = ORIENTED_EDGE('',*,*,#994,.T.);
#2905 = ORIENTED_EDGE('',*,*,#2891,.T.);
#2906 = ORIENTED_EDGE('',*,*,#2907,.T.);
#2907 = EDGE_CURVE('',#2884,#2908,#2910,.T.);
#2908 = VERTEX_POINT('',#2909);
#2909 = CARTESIAN_POINT('',(-4.969112495784,2.582231787475,12.8));
#2910 = LINE('',#2911,#2912);
#2911 = CARTESIAN_POINT('',(-4.720834574305,3.012261761874,12.8));
#2912 = VECTOR('',#2913,1.);
#2913 = DIRECTION('',(-0.5,-0.866025403784,0.));
#2914 = ORIENTED_EDGE('',*,*,#2915,.F.);
#2915 = EDGE_CURVE('',#987,#2908,#2916,.T.);
#2916 = LINE('',#2917,#2918);
#2917 = CARTESIAN_POINT('',(-4.969112495784,2.582231787475,6.8));
#2918 = VECTOR('',#2919,1.);
#2919 = DIRECTION('',(0.,0.,1.));
#2920 = PLANE('',#2921);
#2921 = AXIS2_PLACEMENT_3D('',#2922,#2923,#2924);
#2922 = CARTESIAN_POINT('',(-4.720834574305,3.012261761874,6.8));
#2923 = DIRECTION('',(0.866025403784,-0.5,0.));
#2924 = DIRECTION('',(-0.5,-0.866025403784,0.));
#2925 = ADVANCED_FACE('',(#2926),#2944,.F.);
#2926 = FACE_BOUND('',#2927,.F.);
#2927 = EDGE_LOOP('',(#2928,#2929,#2930,#2938));
#2928 = ORIENTED_EDGE('',*,*,#986,.T.);
#2929 = ORIENTED_EDGE('',*,*,#2915,.T.);
#2930 = ORIENTED_EDGE('',*,*,#2931,.T.);
#2931 = EDGE_CURVE('',#2908,#2932,#2934,.T.);
#2932 = VERTEX_POINT('',#2933);
#2933 = CARTESIAN_POINT('',(-4.891556370284,2.434328836931,12.8));
#2934 = LINE('',#2935,#2936);
#2935 = CARTESIAN_POINT('',(-4.969112495784,2.582231787475,12.8));
#2936 = VECTOR('',#2937,1.);
#2937 = DIRECTION('',(0.464397651666,-0.885626795624,0.));
#2938 = ORIENTED_EDGE('',*,*,#2939,.F.);
#2939 = EDGE_CURVE('',#979,#2932,#2940,.T.);
#2940 = LINE('',#2941,#2942);
#2941 = CARTESIAN_POINT('',(-4.891556370284,2.434328836931,6.8));
#2942 = VECTOR('',#2943,1.);
#2943 = DIRECTION('',(0.,0.,1.));
#2944 = PLANE('',#2945);
#2945 = AXIS2_PLACEMENT_3D('',#2946,#2947,#2948);
#2946 = CARTESIAN_POINT('',(-4.969112495784,2.582231787475,6.8));
#2947 = DIRECTION('',(0.885626795624,0.464397651666,0.));
#2948 = DIRECTION('',(0.464397651666,-0.885626795624,0.));
#2949 = ADVANCED_FACE('',(#2950),#2968,.F.);
#2950 = FACE_BOUND('',#2951,.F.);
#2951 = EDGE_LOOP('',(#2952,#2953,#2954,#2962));
#2952 = ORIENTED_EDGE('',*,*,#978,.T.);
#2953 = ORIENTED_EDGE('',*,*,#2939,.T.);
#2954 = ORIENTED_EDGE('',*,*,#2955,.T.);
#2955 = EDGE_CURVE('',#2932,#2956,#2958,.T.);
#2956 = VERTEX_POINT('',#2957);
#2957 = CARTESIAN_POINT('',(-4.808298063059,2.294324160478,12.8));
#2958 = LINE('',#2959,#2960);
#2959 = CARTESIAN_POINT('',(-4.891556370284,2.434328836931,12.8));
#2960 = VECTOR('',#2961,1.);
#2961 = DIRECTION('',(0.511131104088,-0.859502759992,0.));
#2962 = ORIENTED_EDGE('',*,*,#2963,.F.);
#2963 = EDGE_CURVE('',#971,#2956,#2964,.T.);
#2964 = LINE('',#2965,#2966);
#2965 = CARTESIAN_POINT('',(-4.808298063059,2.294324160478,6.8));
#2966 = VECTOR('',#2967,1.);
#2967 = DIRECTION('',(0.,0.,1.));
#2968 = PLANE('',#2969);
#2969 = AXIS2_PLACEMENT_3D('',#2970,#2971,#2972);
#2970 = CARTESIAN_POINT('',(-4.891556370284,2.434328836931,6.8));
#2971 = DIRECTION('',(0.859502759992,0.511131104088,0.));
#2972 = DIRECTION('',(0.511131104088,-0.859502759992,0.));
#2973 = ADVANCED_FACE('',(#2974),#2992,.F.);
#2974 = FACE_BOUND('',#2975,.F.);
#2975 = EDGE_LOOP('',(#2976,#2977,#2978,#2986));
#2976 = ORIENTED_EDGE('',*,*,#970,.T.);
#2977 = ORIENTED_EDGE('',*,*,#2963,.T.);
#2978 = ORIENTED_EDGE('',*,*,#2979,.T.);
#2979 = EDGE_CURVE('',#2956,#2980,#2982,.T.);
#2980 = VERTEX_POINT('',#2981);
#2981 = CARTESIAN_POINT('',(-4.719525415831,2.162683256763,12.8));
#2982 = LINE('',#2983,#2984);
#2983 = CARTESIAN_POINT('',(-4.808298063059,2.294324160478,12.8));
#2984 = VECTOR('',#2985,1.);
#2985 = DIRECTION('',(0.559105184694,-0.829096732866,0.));
#2986 = ORIENTED_EDGE('',*,*,#2987,.F.);
#2987 = EDGE_CURVE('',#963,#2980,#2988,.T.);
#2988 = LINE('',#2989,#2990);
#2989 = CARTESIAN_POINT('',(-4.719525415831,2.162683256763,6.8));
#2990 = VECTOR('',#2991,1.);
#2991 = DIRECTION('',(0.,0.,1.));
#2992 = PLANE('',#2993);
#2993 = AXIS2_PLACEMENT_3D('',#2994,#2995,#2996);
#2994 = CARTESIAN_POINT('',(-4.808298063059,2.294324160478,6.8));
#2995 = DIRECTION('',(0.829096732866,0.559105184694,0.));
#2996 = DIRECTION('',(0.559105184694,-0.829096732866,0.));
#2997 = ADVANCED_FACE('',(#2998),#3016,.F.);
#2998 = FACE_BOUND('',#2999,.F.);
#2999 = EDGE_LOOP('',(#3000,#3001,#3002,#3010));
#3000 = ORIENTED_EDGE('',*,*,#962,.T.);
#3001 = ORIENTED_EDGE('',*,*,#2987,.T.);
#3002 = ORIENTED_EDGE('',*,*,#3003,.T.);
#3003 = EDGE_CURVE('',#2980,#3004,#3006,.T.);
#3004 = VERTEX_POINT('',#3005);
#3005 = CARTESIAN_POINT('',(-4.625384710852,2.039973797911,12.8));
#3006 = LINE('',#3007,#3008);
#3007 = CARTESIAN_POINT('',(-4.719525415831,2.162683256763,12.8));
#3008 = VECTOR('',#3009,1.);
#3009 = DIRECTION('',(0.608689905396,-0.793408217168,0.));
#3010 = ORIENTED_EDGE('',*,*,#3011,.F.);
#3011 = EDGE_CURVE('',#955,#3004,#3012,.T.);
#3012 = LINE('',#3013,#3014);
#3013 = CARTESIAN_POINT('',(-4.625384710852,2.039973797911,6.8));
#3014 = VECTOR('',#3015,1.);
#3015 = DIRECTION('',(0.,0.,1.));
#3016 = PLANE('',#3017);
#3017 = AXIS2_PLACEMENT_3D('',#3018,#3019,#3020);
#3018 = CARTESIAN_POINT('',(-4.719525415831,2.162683256763,6.8));
#3019 = DIRECTION('',(0.793408217168,0.608689905396,0.));
#3020 = DIRECTION('',(0.608689905396,-0.793408217168,0.));
#3021 = ADVANCED_FACE('',(#3022),#3033,.F.);
#3022 = FACE_BOUND('',#3023,.F.);
#3023 = EDGE_LOOP('',(#3024,#3025,#3026,#3032));
#3024 = ORIENTED_EDGE('',*,*,#954,.T.);
#3025 = ORIENTED_EDGE('',*,*,#3011,.T.);
#3026 = ORIENTED_EDGE('',*,*,#3027,.T.);
#3027 = EDGE_CURVE('',#3004,#1584,#3028,.T.);
#3028 = LINE('',#3029,#3030);
#3029 = CARTESIAN_POINT('',(-4.625384710852,2.039973797911,12.8));
#3030 = VECTOR('',#3031,1.);
#3031 = DIRECTION('',(0.660503020377,-0.75082338807,0.));
#3032 = ORIENTED_EDGE('',*,*,#1592,.F.);
#3033 = PLANE('',#3034);
#3034 = AXIS2_PLACEMENT_3D('',#3035,#3036,#3037);
#3035 = CARTESIAN_POINT('',(-4.625384710852,2.039973797911,6.8));
#3036 = DIRECTION('',(0.75082338807,0.660503020377,0.));
#3037 = DIRECTION('',(0.660503020377,-0.75082338807,0.));
#3038 = ADVANCED_FACE('',(#3039),#3057,.F.);
#3039 = FACE_BOUND('',#3040,.F.);
#3040 = EDGE_LOOP('',(#3041,#3042,#3043,#3051));
#3041 = ORIENTED_EDGE('',*,*,#937,.T.);
#3042 = ORIENTED_EDGE('',*,*,#1599,.T.);
#3043 = ORIENTED_EDGE('',*,*,#3044,.T.);
#3044 = EDGE_CURVE('',#1600,#3045,#3047,.T.);
#3045 = VERTEX_POINT('',#3046);
#3046 = CARTESIAN_POINT('',(-5.025687560829,0.54602322338,12.8));
#3047 = LINE('',#3048,#3049);
#3048 = CARTESIAN_POINT('',(-4.883058469481,0.594194412264,12.8));
#3049 = VECTOR('',#3050,1.);
#3050 = DIRECTION('',(-0.947424088958,-0.319980617636,0.));
#3051 = ORIENTED_EDGE('',*,*,#3052,.F.);
#3052 = EDGE_CURVE('',#930,#3045,#3053,.T.);
#3053 = LINE('',#3054,#3055);
#3054 = CARTESIAN_POINT('',(-5.025687560829,0.54602322338,6.8));
#3055 = VECTOR('',#3056,1.);
#3056 = DIRECTION('',(0.,0.,1.));
#3057 = PLANE('',#3058);
#3058 = AXIS2_PLACEMENT_3D('',#3059,#3060,#3061);
#3059 = CARTESIAN_POINT('',(-4.883058469481,0.594194412264,6.8));
#3060 = DIRECTION('',(0.319980617636,-0.947424088958,0.));
#3061 = DIRECTION('',(-0.947424088958,-0.319980617636,0.));
#3062 = ADVANCED_FACE('',(#3063),#3081,.F.);
#3063 = FACE_BOUND('',#3064,.F.);
#3064 = EDGE_LOOP('',(#3065,#3066,#3067,#3075));
#3065 = ORIENTED_EDGE('',*,*,#929,.T.);
#3066 = ORIENTED_EDGE('',*,*,#3052,.T.);
#3067 = ORIENTED_EDGE('',*,*,#3068,.T.);
#3068 = EDGE_CURVE('',#3045,#3069,#3071,.T.);
#3069 = VERTEX_POINT('',#3070);
#3070 = CARTESIAN_POINT('',(-5.168570532297,0.486824067219,12.8));
#3071 = LINE('',#3072,#3073);
#3072 = CARTESIAN_POINT('',(-5.025687560829,0.54602322338,12.8));
#3073 = VECTOR('',#3074,1.);
#3074 = DIRECTION('',(-0.923845029684,-0.38276671894,0.));
#3075 = ORIENTED_EDGE('',*,*,#3076,.F.);
#3076 = EDGE_CURVE('',#922,#3069,#3077,.T.);
#3077 = LINE('',#3078,#3079);
#3078 = CARTESIAN_POINT('',(-5.168570532297,0.486824067219,6.8));
#3079 = VECTOR('',#3080,1.);
#3080 = DIRECTION('',(0.,0.,1.));
#3081 = PLANE('',#3082);
#3082 = AXIS2_PLACEMENT_3D('',#3083,#3084,#3085);
#3083 = CARTESIAN_POINT('',(-5.025687560829,0.54602322338,6.8));
#3084 = DIRECTION('',(0.38276671894,-0.923845029684,0.));
#3085 = DIRECTION('',(-0.923845029684,-0.38276671894,0.));
#3086 = ADVANCED_FACE('',(#3087),#3105,.F.);
#3087 = FACE_BOUND('',#3088,.F.);
#3088 = EDGE_LOOP('',(#3089,#3090,#3091,#3099));
#3089 = ORIENTED_EDGE('',*,*,#921,.T.);
#3090 = ORIENTED_EDGE('',*,*,#3076,.T.);
#3091 = ORIENTED_EDGE('',*,*,#3092,.T.);
#3092 = EDGE_CURVE('',#3069,#3093,#3095,.T.);
#3093 = VERTEX_POINT('',#3094);
#3094 = CARTESIAN_POINT('',(-5.311270351815,0.417206024039,12.8));
#3095 = LINE('',#3096,#3097);
#3096 = CARTESIAN_POINT('',(-5.168570532297,0.486824067219,12.8));
#3097 = VECTOR('',#3098,1.);
#3098 = DIRECTION('',(-0.898747659765,-0.438466240509,0.));
#3099 = ORIENTED_EDGE('',*,*,#3100,.F.);
#3100 = EDGE_CURVE('',#914,#3093,#3101,.T.);
#3101 = LINE('',#3102,#3103);
#3102 = CARTESIAN_POINT('',(-5.311270351815,0.417206024039,6.8));
#3103 = VECTOR('',#3104,1.);
#3104 = DIRECTION('',(0.,0.,1.));
#3105 = PLANE('',#3106);
#3106 = AXIS2_PLACEMENT_3D('',#3107,#3108,#3109);
#3107 = CARTESIAN_POINT('',(-5.168570532297,0.486824067219,6.8));
#3108 = DIRECTION('',(0.438466240509,-0.898747659765,0.));
#3109 = DIRECTION('',(-0.898747659765,-0.438466240509,0.));
#3110 = ADVANCED_FACE('',(#3111),#3129,.F.);
#3111 = FACE_BOUND('',#3112,.F.);
#3112 = EDGE_LOOP('',(#3113,#3114,#3115,#3123));
#3113 = ORIENTED_EDGE('',*,*,#913,.T.);
#3114 = ORIENTED_EDGE('',*,*,#3100,.T.);
#3115 = ORIENTED_EDGE('',*,*,#3116,.T.);
#3116 = EDGE_CURVE('',#3093,#3117,#3119,.T.);
#3117 = VERTEX_POINT('',#3118);
#3118 = CARTESIAN_POINT('',(-5.453376499175,0.337587571195,12.8));
#3119 = LINE('',#3120,#3121);
#3120 = CARTESIAN_POINT('',(-5.311270351815,0.417206024039,12.8));
#3121 = VECTOR('',#3122,1.);
#3122 = DIRECTION('',(-0.872403900801,-0.488785672731,0.));
#3123 = ORIENTED_EDGE('',*,*,#3124,.F.);
#3124 = EDGE_CURVE('',#906,#3117,#3125,.T.);
#3125 = LINE('',#3126,#3127);
#3126 = CARTESIAN_POINT('',(-5.453376499175,0.337587571195,6.8));
#3127 = VECTOR('',#3128,1.);
#3128 = DIRECTION('',(0.,0.,1.));
#3129 = PLANE('',#3130);
#3130 = AXIS2_PLACEMENT_3D('',#3131,#3132,#3133);
#3131 = CARTESIAN_POINT('',(-5.311270351815,0.417206024039,6.8));
#3132 = DIRECTION('',(0.488785672731,-0.872403900801,0.));
#3133 = DIRECTION('',(-0.872403900801,-0.488785672731,0.));
#3134 = ADVANCED_FACE('',(#3135),#3153,.F.);
#3135 = FACE_BOUND('',#3136,.F.);
#3136 = EDGE_LOOP('',(#3137,#3138,#3139,#3147));
#3137 = ORIENTED_EDGE('',*,*,#905,.T.);
#3138 = ORIENTED_EDGE('',*,*,#3124,.T.);
#3139 = ORIENTED_EDGE('',*,*,#3140,.T.);
#3140 = EDGE_CURVE('',#3117,#3141,#3143,.T.);
#3141 = VERTEX_POINT('',#3142);
#3142 = CARTESIAN_POINT('',(-5.594493549349,0.248277921479,12.8));
#3143 = LINE('',#3144,#3145);
#3144 = CARTESIAN_POINT('',(-5.453376499175,0.337587571195,12.8));
#3145 = VECTOR('',#3146,1.);
#3146 = DIRECTION('',(-0.844993561613,-0.534776477449,0.));
#3147 = ORIENTED_EDGE('',*,*,#3148,.F.);
#3148 = EDGE_CURVE('',#898,#3141,#3149,.T.);
#3149 = LINE('',#3150,#3151);
#3150 = CARTESIAN_POINT('',(-5.594493549349,0.248277921479,6.8));
#3151 = VECTOR('',#3152,1.);
#3152 = DIRECTION('',(0.,0.,1.));
#3153 = PLANE('',#3154);
#3154 = AXIS2_PLACEMENT_3D('',#3155,#3156,#3157);
#3155 = CARTESIAN_POINT('',(-5.453376499175,0.337587571195,6.8));
#3156 = DIRECTION('',(0.534776477449,-0.844993561613,0.));
#3157 = DIRECTION('',(-0.844993561613,-0.534776477449,0.));
#3158 = ADVANCED_FACE('',(#3159),#3177,.F.);
#3159 = FACE_BOUND('',#3160,.F.);
#3160 = EDGE_LOOP('',(#3161,#3162,#3163,#3171));
#3161 = ORIENTED_EDGE('',*,*,#897,.T.);
#3162 = ORIENTED_EDGE('',*,*,#3148,.T.);
#3163 = ORIENTED_EDGE('',*,*,#3164,.T.);
#3164 = EDGE_CURVE('',#3141,#3165,#3167,.T.);
#3165 = VERTEX_POINT('',#3166);
#3166 = CARTESIAN_POINT('',(-5.594493549349,-0.248277921479,12.8));
#3167 = LINE('',#3168,#3169);
#3168 = CARTESIAN_POINT('',(-5.594493549349,0.248277921479,12.8));
#3169 = VECTOR('',#3170,1.);
#3170 = DIRECTION('',(0.,-1.,0.));
#3171 = ORIENTED_EDGE('',*,*,#3172,.F.);
#3172 = EDGE_CURVE('',#890,#3165,#3173,.T.);
#3173 = LINE('',#3174,#3175);
#3174 = CARTESIAN_POINT('',(-5.594493549349,-0.248277921479,6.8));
#3175 = VECTOR('',#3176,1.);
#3176 = DIRECTION('',(0.,0.,1.));
#3177 = PLANE('',#3178);
#3178 = AXIS2_PLACEMENT_3D('',#3179,#3180,#3181);
#3179 = CARTESIAN_POINT('',(-5.594493549349,0.248277921479,6.8));
#3180 = DIRECTION('',(1.,0.,0.));
#3181 = DIRECTION('',(0.,-1.,0.));
#3182 = ADVANCED_FACE('',(#3183),#3201,.F.);
#3183 = FACE_BOUND('',#3184,.F.);
#3184 = EDGE_LOOP('',(#3185,#3186,#3187,#3195));
#3185 = ORIENTED_EDGE('',*,*,#889,.T.);
#3186 = ORIENTED_EDGE('',*,*,#3172,.T.);
#3187 = ORIENTED_EDGE('',*,*,#3188,.T.);
#3188 = EDGE_CURVE('',#3165,#3189,#3191,.T.);
#3189 = VERTEX_POINT('',#3190);
#3190 = CARTESIAN_POINT('',(-5.453376499175,-0.337587571195,12.8));
#3191 = LINE('',#3192,#3193);
#3192 = CARTESIAN_POINT('',(-5.594493549349,-0.248277921479,12.8));
#3193 = VECTOR('',#3194,1.);
#3194 = DIRECTION('',(0.844993561613,-0.534776477449,0.));
#3195 = ORIENTED_EDGE('',*,*,#3196,.F.);
#3196 = EDGE_CURVE('',#882,#3189,#3197,.T.);
#3197 = LINE('',#3198,#3199);
#3198 = CARTESIAN_POINT('',(-5.453376499175,-0.337587571195,6.8));
#3199 = VECTOR('',#3200,1.);
#3200 = DIRECTION('',(0.,0.,1.));
#3201 = PLANE('',#3202);
#3202 = AXIS2_PLACEMENT_3D('',#3203,#3204,#3205);
#3203 = CARTESIAN_POINT('',(-5.594493549349,-0.248277921479,6.8));
#3204 = DIRECTION('',(0.534776477449,0.844993561613,0.));
#3205 = DIRECTION('',(0.844993561613,-0.534776477449,0.));
#3206 = ADVANCED_FACE('',(#3207),#3225,.F.);
#3207 = FACE_BOUND('',#3208,.F.);
#3208 = EDGE_LOOP('',(#3209,#3210,#3211,#3219));
#3209 = ORIENTED_EDGE('',*,*,#881,.T.);
#3210 = ORIENTED_EDGE('',*,*,#3196,.T.);
#3211 = ORIENTED_EDGE('',*,*,#3212,.T.);
#3212 = EDGE_CURVE('',#3189,#3213,#3215,.T.);
#3213 = VERTEX_POINT('',#3214);
#3214 = CARTESIAN_POINT('',(-5.311270351815,-0.417206024039,12.8));
#3215 = LINE('',#3216,#3217);
#3216 = CARTESIAN_POINT('',(-5.453376499175,-0.337587571195,12.8));
#3217 = VECTOR('',#3218,1.);
#3218 = DIRECTION('',(0.872403900801,-0.488785672731,0.));
#3219 = ORIENTED_EDGE('',*,*,#3220,.F.);
#3220 = EDGE_CURVE('',#874,#3213,#3221,.T.);
#3221 = LINE('',#3222,#3223);
#3222 = CARTESIAN_POINT('',(-5.311270351815,-0.417206024039,6.8));
#3223 = VECTOR('',#3224,1.);
#3224 = DIRECTION('',(0.,0.,1.));
#3225 = PLANE('',#3226);
#3226 = AXIS2_PLACEMENT_3D('',#3227,#3228,#3229);
#3227 = CARTESIAN_POINT('',(-5.453376499175,-0.337587571195,6.8));
#3228 = DIRECTION('',(0.488785672731,0.872403900801,0.));
#3229 = DIRECTION('',(0.872403900801,-0.488785672731,0.));
#3230 = ADVANCED_FACE('',(#3231),#3249,.F.);
#3231 = FACE_BOUND('',#3232,.F.);
#3232 = EDGE_LOOP('',(#3233,#3234,#3235,#3243));
#3233 = ORIENTED_EDGE('',*,*,#873,.T.);
#3234 = ORIENTED_EDGE('',*,*,#3220,.T.);
#3235 = ORIENTED_EDGE('',*,*,#3236,.T.);
#3236 = EDGE_CURVE('',#3213,#3237,#3239,.T.);
#3237 = VERTEX_POINT('',#3238);
#3238 = CARTESIAN_POINT('',(-5.168570532297,-0.486824067219,12.8));
#3239 = LINE('',#3240,#3241);
#3240 = CARTESIAN_POINT('',(-5.311270351815,-0.417206024039,12.8));
#3241 = VECTOR('',#3242,1.);
#3242 = DIRECTION('',(0.898747659765,-0.438466240509,0.));
#3243 = ORIENTED_EDGE('',*,*,#3244,.F.);
#3244 = EDGE_CURVE('',#866,#3237,#3245,.T.);
#3245 = LINE('',#3246,#3247);
#3246 = CARTESIAN_POINT('',(-5.168570532297,-0.486824067219,6.8));
#3247 = VECTOR('',#3248,1.);
#3248 = DIRECTION('',(0.,0.,1.));
#3249 = PLANE('',#3250);
#3250 = AXIS2_PLACEMENT_3D('',#3251,#3252,#3253);
#3251 = CARTESIAN_POINT('',(-5.311270351815,-0.417206024039,6.8));
#3252 = DIRECTION('',(0.438466240509,0.898747659765,0.));
#3253 = DIRECTION('',(0.898747659765,-0.438466240509,0.));
#3254 = ADVANCED_FACE('',(#3255),#3273,.F.);
#3255 = FACE_BOUND('',#3256,.F.);
#3256 = EDGE_LOOP('',(#3257,#3258,#3259,#3267));
#3257 = ORIENTED_EDGE('',*,*,#865,.T.);
#3258 = ORIENTED_EDGE('',*,*,#3244,.T.);
#3259 = ORIENTED_EDGE('',*,*,#3260,.T.);
#3260 = EDGE_CURVE('',#3237,#3261,#3263,.T.);
#3261 = VERTEX_POINT('',#3262);
#3262 = CARTESIAN_POINT('',(-5.025687560829,-0.54602322338,12.8));
#3263 = LINE('',#3264,#3265);
#3264 = CARTESIAN_POINT('',(-5.168570532297,-0.486824067219,12.8));
#3265 = VECTOR('',#3266,1.);
#3266 = DIRECTION('',(0.923845029684,-0.38276671894,0.));
#3267 = ORIENTED_EDGE('',*,*,#3268,.F.);
#3268 = EDGE_CURVE('',#858,#3261,#3269,.T.);
#3269 = LINE('',#3270,#3271);
#3270 = CARTESIAN_POINT('',(-5.025687560829,-0.54602322338,6.8));
#3271 = VECTOR('',#3272,1.);
#3272 = DIRECTION('',(0.,0.,1.));
#3273 = PLANE('',#3274);
#3274 = AXIS2_PLACEMENT_3D('',#3275,#3276,#3277);
#3275 = CARTESIAN_POINT('',(-5.168570532297,-0.486824067219,6.8));
#3276 = DIRECTION('',(0.38276671894,0.923845029684,0.));
#3277 = DIRECTION('',(0.923845029684,-0.38276671894,0.));
#3278 = ADVANCED_FACE('',(#3279),#3290,.F.);
#3279 = FACE_BOUND('',#3280,.F.);
#3280 = EDGE_LOOP('',(#3281,#3282,#3283,#3289));
#3281 = ORIENTED_EDGE('',*,*,#857,.T.);
#3282 = ORIENTED_EDGE('',*,*,#3268,.T.);
#3283 = ORIENTED_EDGE('',*,*,#3284,.T.);
#3284 = EDGE_CURVE('',#3261,#1608,#3285,.T.);
#3285 = LINE('',#3286,#3287);
#3286 = CARTESIAN_POINT('',(-5.025687560829,-0.54602322338,12.8));
#3287 = VECTOR('',#3288,1.);
#3288 = DIRECTION('',(0.947424088958,-0.319980617636,0.));
#3289 = ORIENTED_EDGE('',*,*,#1616,.F.);
#3290 = PLANE('',#3291);
#3291 = AXIS2_PLACEMENT_3D('',#3292,#3293,#3294);
#3292 = CARTESIAN_POINT('',(-5.025687560829,-0.54602322338,6.8));
#3293 = DIRECTION('',(0.319980617636,0.947424088958,0.));
#3294 = DIRECTION('',(0.947424088958,-0.319980617636,0.));
#3295 = ADVANCED_FACE('',(#3296),#3314,.F.);
#3296 = FACE_BOUND('',#3297,.F.);
#3297 = EDGE_LOOP('',(#3298,#3299,#3300,#3308));
#3298 = ORIENTED_EDGE('',*,*,#840,.T.);
#3299 = ORIENTED_EDGE('',*,*,#1623,.T.);
#3300 = ORIENTED_EDGE('',*,*,#3301,.T.);
#3301 = EDGE_CURVE('',#1624,#3302,#3304,.T.);
#3302 = VERTEX_POINT('',#3303);
#3303 = CARTESIAN_POINT('',(-4.625384710852,-2.039973797911,12.8));
#3304 = LINE('',#3305,#3306);
#3305 = CARTESIAN_POINT('',(-4.525949888868,-1.926941778933,12.8));
#3306 = VECTOR('',#3307,1.);
#3307 = DIRECTION('',(-0.660503020377,-0.75082338807,0.));
#3308 = ORIENTED_EDGE('',*,*,#3309,.F.);
#3309 = EDGE_CURVE('',#833,#3302,#3310,.T.);
#3310 = LINE('',#3311,#3312);
#3311 = CARTESIAN_POINT('',(-4.625384710852,-2.039973797911,6.8));
#3312 = VECTOR('',#3313,1.);
#3313 = DIRECTION('',(0.,0.,1.));
#3314 = PLANE('',#3315);
#3315 = AXIS2_PLACEMENT_3D('',#3316,#3317,#3318);
#3316 = CARTESIAN_POINT('',(-4.525949888868,-1.926941778933,6.8));
#3317 = DIRECTION('',(0.75082338807,-0.660503020377,0.));
#3318 = DIRECTION('',(-0.660503020377,-0.75082338807,0.));
#3319 = ADVANCED_FACE('',(#3320),#3338,.F.);
#3320 = FACE_BOUND('',#3321,.F.);
#3321 = EDGE_LOOP('',(#3322,#3323,#3324,#3332));
#3322 = ORIENTED_EDGE('',*,*,#832,.T.);
#3323 = ORIENTED_EDGE('',*,*,#3309,.T.);
#3324 = ORIENTED_EDGE('',*,*,#3325,.T.);
#3325 = EDGE_CURVE('',#3302,#3326,#3328,.T.);
#3326 = VERTEX_POINT('',#3327);
#3327 = CARTESIAN_POINT('',(-4.719525415831,-2.162683256763,12.8));
#3328 = LINE('',#3329,#3330);
#3329 = CARTESIAN_POINT('',(-4.625384710852,-2.039973797911,12.8));
#3330 = VECTOR('',#3331,1.);
#3331 = DIRECTION('',(-0.608689905396,-0.793408217167,0.));
#3332 = ORIENTED_EDGE('',*,*,#3333,.F.);
#3333 = EDGE_CURVE('',#825,#3326,#3334,.T.);
#3334 = LINE('',#3335,#3336);
#3335 = CARTESIAN_POINT('',(-4.719525415831,-2.162683256763,6.8));
#3336 = VECTOR('',#3337,1.);
#3337 = DIRECTION('',(0.,0.,1.));
#3338 = PLANE('',#3339);
#3339 = AXIS2_PLACEMENT_3D('',#3340,#3341,#3342);
#3340 = CARTESIAN_POINT('',(-4.625384710852,-2.039973797911,6.8));
#3341 = DIRECTION('',(0.793408217167,-0.608689905396,0.));
#3342 = DIRECTION('',(-0.608689905396,-0.793408217167,0.));
#3343 = ADVANCED_FACE('',(#3344),#3362,.F.);
#3344 = FACE_BOUND('',#3345,.F.);
#3345 = EDGE_LOOP('',(#3346,#3347,#3348,#3356));
#3346 = ORIENTED_EDGE('',*,*,#824,.T.);
#3347 = ORIENTED_EDGE('',*,*,#3333,.T.);
#3348 = ORIENTED_EDGE('',*,*,#3349,.T.);
#3349 = EDGE_CURVE('',#3326,#3350,#3352,.T.);
#3350 = VERTEX_POINT('',#3351);
#3351 = CARTESIAN_POINT('',(-4.808298063059,-2.294324160478,12.8));
#3352 = LINE('',#3353,#3354);
#3353 = CARTESIAN_POINT('',(-4.719525415831,-2.162683256763,12.8));
#3354 = VECTOR('',#3355,1.);
#3355 = DIRECTION('',(-0.559105184694,-0.829096732866,0.));
#3356 = ORIENTED_EDGE('',*,*,#3357,.F.);
#3357 = EDGE_CURVE('',#817,#3350,#3358,.T.);
#3358 = LINE('',#3359,#3360);
#3359 = CARTESIAN_POINT('',(-4.808298063059,-2.294324160478,6.8));
#3360 = VECTOR('',#3361,1.);
#3361 = DIRECTION('',(0.,0.,1.));
#3362 = PLANE('',#3363);
#3363 = AXIS2_PLACEMENT_3D('',#3364,#3365,#3366);
#3364 = CARTESIAN_POINT('',(-4.719525415831,-2.162683256763,6.8));
#3365 = DIRECTION('',(0.829096732866,-0.559105184694,0.));
#3366 = DIRECTION('',(-0.559105184694,-0.829096732866,0.));
#3367 = ADVANCED_FACE('',(#3368),#3386,.F.);
#3368 = FACE_BOUND('',#3369,.F.);
#3369 = EDGE_LOOP('',(#3370,#3371,#3372,#3380));
#3370 = ORIENTED_EDGE('',*,*,#816,.T.);
#3371 = ORIENTED_EDGE('',*,*,#3357,.T.);
#3372 = ORIENTED_EDGE('',*,*,#3373,.T.);
#3373 = EDGE_CURVE('',#3350,#3374,#3376,.T.);
#3374 = VERTEX_POINT('',#3375);
#3375 = CARTESIAN_POINT('',(-4.891556370284,-2.434328836931,12.8));
#3376 = LINE('',#3377,#3378);
#3377 = CARTESIAN_POINT('',(-4.808298063059,-2.294324160478,12.8));
#3378 = VECTOR('',#3379,1.);
#3379 = DIRECTION('',(-0.511131104088,-0.859502759992,0.));
#3380 = ORIENTED_EDGE('',*,*,#3381,.F.);
#3381 = EDGE_CURVE('',#809,#3374,#3382,.T.);
#3382 = LINE('',#3383,#3384);
#3383 = CARTESIAN_POINT('',(-4.891556370284,-2.434328836931,6.8));
#3384 = VECTOR('',#3385,1.);
#3385 = DIRECTION('',(0.,0.,1.));
#3386 = PLANE('',#3387);
#3387 = AXIS2_PLACEMENT_3D('',#3388,#3389,#3390);
#3388 = CARTESIAN_POINT('',(-4.808298063059,-2.294324160478,6.8));
#3389 = DIRECTION('',(0.859502759992,-0.511131104088,0.));
#3390 = DIRECTION('',(-0.511131104088,-0.859502759992,0.));
#3391 = ADVANCED_FACE('',(#3392),#3410,.F.);
#3392 = FACE_BOUND('',#3393,.F.);
#3393 = EDGE_LOOP('',(#3394,#3395,#3396,#3404));
#3394 = ORIENTED_EDGE('',*,*,#808,.T.);
#3395 = ORIENTED_EDGE('',*,*,#3381,.T.);
#3396 = ORIENTED_EDGE('',*,*,#3397,.T.);
#3397 = EDGE_CURVE('',#3374,#3398,#3400,.T.);
#3398 = VERTEX_POINT('',#3399);
#3399 = CARTESIAN_POINT('',(-4.969112495784,-2.582231787475,12.8));
#3400 = LINE('',#3401,#3402);
#3401 = CARTESIAN_POINT('',(-4.891556370284,-2.434328836931,12.8));
#3402 = VECTOR('',#3403,1.);
#3403 = DIRECTION('',(-0.464397651666,-0.885626795624,0.));
#3404 = ORIENTED_EDGE('',*,*,#3405,.F.);
#3405 = EDGE_CURVE('',#801,#3398,#3406,.T.);
#3406 = LINE('',#3407,#3408);
#3407 = CARTESIAN_POINT('',(-4.969112495784,-2.582231787475,6.8));
#3408 = VECTOR('',#3409,1.);
#3409 = DIRECTION('',(0.,0.,1.));
#3410 = PLANE('',#3411);
#3411 = AXIS2_PLACEMENT_3D('',#3412,#3413,#3414);
#3412 = CARTESIAN_POINT('',(-4.891556370284,-2.434328836931,6.8));
#3413 = DIRECTION('',(0.885626795624,-0.464397651666,0.));
#3414 = DIRECTION('',(-0.464397651666,-0.885626795624,0.));
#3415 = ADVANCED_FACE('',(#3416),#3434,.F.);
#3416 = FACE_BOUND('',#3417,.F.);
#3417 = EDGE_LOOP('',(#3418,#3419,#3420,#3428));
#3418 = ORIENTED_EDGE('',*,*,#800,.T.);
#3419 = ORIENTED_EDGE('',*,*,#3405,.T.);
#3420 = ORIENTED_EDGE('',*,*,#3421,.T.);
#3421 = EDGE_CURVE('',#3398,#3422,#3424,.T.);
#3422 = VERTEX_POINT('',#3423);
#3423 = CARTESIAN_POINT('',(-4.720834574305,-3.012261761874,12.8));
#3424 = LINE('',#3425,#3426);
#3425 = CARTESIAN_POINT('',(-4.969112495784,-2.582231787475,12.8));
#3426 = VECTOR('',#3427,1.);
#3427 = DIRECTION('',(0.5,-0.866025403784,0.));
#3428 = ORIENTED_EDGE('',*,*,#3429,.F.);
#3429 = EDGE_CURVE('',#793,#3422,#3430,.T.);
#3430 = LINE('',#3431,#3432);
#3431 = CARTESIAN_POINT('',(-4.720834574305,-3.012261761874,6.8));
#3432 = VECTOR('',#3433,1.);
#3433 = DIRECTION('',(0.,0.,1.));
#3434 = PLANE('',#3435);
#3435 = AXIS2_PLACEMENT_3D('',#3436,#3437,#3438);
#3436 = CARTESIAN_POINT('',(-4.969112495784,-2.582231787475,6.8));
#3437 = DIRECTION('',(0.866025403784,0.5,0.));
#3438 = DIRECTION('',(0.5,-0.866025403784,0.));
#3439 = ADVANCED_FACE('',(#3440),#3458,.F.);
#3440 = FACE_BOUND('',#3441,.F.);
#3441 = EDGE_LOOP('',(#3442,#3443,#3444,#3452));
#3442 = ORIENTED_EDGE('',*,*,#792,.T.);
#3443 = ORIENTED_EDGE('',*,*,#3429,.T.);
#3444 = ORIENTED_EDGE('',*,*,#3445,.T.);
#3445 = EDGE_CURVE('',#3422,#3446,#3448,.T.);
#3446 = VERTEX_POINT('',#3447);
#3447 = CARTESIAN_POINT('',(-4.553968799089,-3.019047662245,12.8));
#3448 = LINE('',#3449,#3450);
#3449 = CARTESIAN_POINT('',(-4.720834574305,-3.012261761874,12.8));
#3450 = VECTOR('',#3451,1.);
#3451 = DIRECTION('',(0.999174129116,-4.06332340113E-02,0.));
#3452 = ORIENTED_EDGE('',*,*,#3453,.F.);
#3453 = EDGE_CURVE('',#785,#3446,#3454,.T.);
#3454 = LINE('',#3455,#3456);
#3455 = CARTESIAN_POINT('',(-4.553968799089,-3.019047662245,6.8));
#3456 = VECTOR('',#3457,1.);
#3457 = DIRECTION('',(0.,0.,1.));
#3458 = PLANE('',#3459);
#3459 = AXIS2_PLACEMENT_3D('',#3460,#3461,#3462);
#3460 = CARTESIAN_POINT('',(-4.720834574305,-3.012261761874,6.8));
#3461 = DIRECTION('',(4.06332340113E-02,0.999174129116,0.));
#3462 = DIRECTION('',(0.999174129116,-4.06332340113E-02,0.));
#3463 = ADVANCED_FACE('',(#3464),#3482,.F.);
#3464 = FACE_BOUND('',#3465,.F.);
#3465 = EDGE_LOOP('',(#3466,#3467,#3468,#3476));
#3466 = ORIENTED_EDGE('',*,*,#784,.T.);
#3467 = ORIENTED_EDGE('',*,*,#3453,.T.);
#3468 = ORIENTED_EDGE('',*,*,#3469,.T.);
#3469 = EDGE_CURVE('',#3446,#3470,#3472,.T.);
#3470 = VERTEX_POINT('',#3471);
#3471 = CARTESIAN_POINT('',(-4.39109203902,-3.016946191337,12.8));
#3472 = LINE('',#3473,#3474);
#3473 = CARTESIAN_POINT('',(-4.553968799089,-3.019047662245,12.8));
#3474 = VECTOR('',#3475,1.);
#3475 = DIRECTION('',(0.99991677682,1.290114080913E-02,0.));
#3476 = ORIENTED_EDGE('',*,*,#3477,.F.);
#3477 = EDGE_CURVE('',#777,#3470,#3478,.T.);
#3478 = LINE('',#3479,#3480);
#3479 = CARTESIAN_POINT('',(-4.39109203902,-3.016946191337,6.8));
#3480 = VECTOR('',#3481,1.);
#3481 = DIRECTION('',(0.,0.,1.));
#3482 = PLANE('',#3483);
#3483 = AXIS2_PLACEMENT_3D('',#3484,#3485,#3486);
#3484 = CARTESIAN_POINT('',(-4.553968799089,-3.019047662245,6.8));
#3485 = DIRECTION('',(-1.290114080913E-02,0.99991677682,0.));
#3486 = DIRECTION('',(0.99991677682,1.290114080913E-02,0.));
#3487 = ADVANCED_FACE('',(#3488),#3506,.F.);
#3488 = FACE_BOUND('',#3489,.F.);
#3489 = EDGE_LOOP('',(#3490,#3491,#3492,#3500));
#3490 = ORIENTED_EDGE('',*,*,#776,.T.);
#3491 = ORIENTED_EDGE('',*,*,#3477,.T.);
#3492 = ORIENTED_EDGE('',*,*,#3493,.T.);
#3493 = EDGE_CURVE('',#3470,#3494,#3496,.T.);
#3494 = VERTEX_POINT('',#3495);
#3495 = CARTESIAN_POINT('',(-4.232701348612,-3.005887275534,12.8));
#3496 = LINE('',#3497,#3498);
#3497 = CARTESIAN_POINT('',(-4.39109203902,-3.016946191337,12.8));
#3498 = VECTOR('',#3499,1.);
#3499 = DIRECTION('',(0.997571425203,6.965092689979E-02,0.));
#3500 = ORIENTED_EDGE('',*,*,#3501,.F.);
#3501 = EDGE_CURVE('',#769,#3494,#3502,.T.);
#3502 = LINE('',#3503,#3504);
#3503 = CARTESIAN_POINT('',(-4.232701348612,-3.005887275534,6.8));
#3504 = VECTOR('',#3505,1.);
#3505 = DIRECTION('',(0.,0.,1.));
#3506 = PLANE('',#3507);
#3507 = AXIS2_PLACEMENT_3D('',#3508,#3509,#3510);
#3508 = CARTESIAN_POINT('',(-4.39109203902,-3.016946191337,6.8));
#3509 = DIRECTION('',(-6.965092689979E-02,0.997571425203,0.));
#3510 = DIRECTION('',(0.997571425203,6.965092689979E-02,0.));
#3511 = ADVANCED_FACE('',(#3512),#3530,.F.);
#3512 = FACE_BOUND('',#3513,.F.);
#3513 = EDGE_LOOP('',(#3514,#3515,#3516,#3524));
#3514 = ORIENTED_EDGE('',*,*,#768,.T.);
#3515 = ORIENTED_EDGE('',*,*,#3501,.T.);
#3516 = ORIENTED_EDGE('',*,*,#3517,.T.);
#3517 = EDGE_CURVE('',#3494,#3518,#3520,.T.);
#3518 = VERTEX_POINT('',#3519);
#3519 = CARTESIAN_POINT('',(-4.079361487471,-2.985713762918,12.8));
#3520 = LINE('',#3521,#3522);
#3521 = CARTESIAN_POINT('',(-4.232701348612,-3.005887275534,12.8));
#3522 = VECTOR('',#3523,1.);
#3523 = DIRECTION('',(0.991456624336,0.130436812516,0.));
#3524 = ORIENTED_EDGE('',*,*,#3525,.F.);
#3525 = EDGE_CURVE('',#761,#3518,#3526,.T.);
#3526 = LINE('',#3527,#3528);
#3527 = CARTESIAN_POINT('',(-4.079361487471,-2.985713762918,6.8));
#3528 = VECTOR('',#3529,1.);
#3529 = DIRECTION('',(0.,0.,1.));
#3530 = PLANE('',#3531);
#3531 = AXIS2_PLACEMENT_3D('',#3532,#3533,#3534);
#3532 = CARTESIAN_POINT('',(-4.232701348612,-3.005887275534,6.8));
#3533 = DIRECTION('',(-0.130436812516,0.991456624336,0.));
#3534 = DIRECTION('',(0.991456624336,0.130436812516,0.));
#3535 = ADVANCED_FACE('',(#3536),#3547,.F.);
#3536 = FACE_BOUND('',#3537,.F.);
#3537 = EDGE_LOOP('',(#3538,#3539,#3540,#3546));
#3538 = ORIENTED_EDGE('',*,*,#760,.T.);
#3539 = ORIENTED_EDGE('',*,*,#3525,.T.);
#3540 = ORIENTED_EDGE('',*,*,#3541,.T.);
#3541 = EDGE_CURVE('',#3518,#1632,#3542,.T.);
#3542 = LINE('',#3543,#3544);
#3543 = CARTESIAN_POINT('',(-4.079361487471,-2.985713762918,12.8));
#3544 = VECTOR('',#3545,1.);
#3545 = DIRECTION('',(0.980483638013,0.196600700888,0.));
#3546 = ORIENTED_EDGE('',*,*,#1640,.F.);
#3547 = PLANE('',#3548);
#3548 = AXIS2_PLACEMENT_3D('',#3549,#3550,#3551);
#3549 = CARTESIAN_POINT('',(-4.079361487471,-2.985713762918,6.8));
#3550 = DIRECTION('',(-0.196600700888,0.980483638013,0.));
#3551 = DIRECTION('',(0.980483638013,0.196600700888,0.));
#3552 = ADVANCED_FACE('',(#3553),#3571,.F.);
#3553 = FACE_BOUND('',#3554,.F.);
#3554 = EDGE_LOOP('',(#3555,#3556,#3557,#3565));
#3555 = ORIENTED_EDGE('',*,*,#743,.T.);
#3556 = ORIENTED_EDGE('',*,*,#1647,.T.);
#3557 = ORIENTED_EDGE('',*,*,#3558,.T.);
#3558 = EDGE_CURVE('',#1648,#3559,#3561,.T.);
#3559 = VERTEX_POINT('',#3560);
#3560 = CARTESIAN_POINT('',(-2.985713762918,-4.079361487471,12.8));
#3561 = LINE('',#3562,#3563);
#3562 = CARTESIAN_POINT('',(-2.956116690548,-3.931755476603,12.8));
#3563 = VECTOR('',#3564,1.);
#3564 = DIRECTION('',(-0.196600700888,-0.980483638013,0.));
#3565 = ORIENTED_EDGE('',*,*,#3566,.F.);
#3566 = EDGE_CURVE('',#736,#3559,#3567,.T.);
#3567 = LINE('',#3568,#3569);
#3568 = CARTESIAN_POINT('',(-2.985713762918,-4.079361487471,6.8));
#3569 = VECTOR('',#3570,1.);
#3570 = DIRECTION('',(0.,0.,1.));
#3571 = PLANE('',#3572);
#3572 = AXIS2_PLACEMENT_3D('',#3573,#3574,#3575);
#3573 = CARTESIAN_POINT('',(-2.956116690548,-3.931755476603,6.8));
#3574 = DIRECTION('',(0.980483638013,-0.196600700888,0.));
#3575 = DIRECTION('',(-0.196600700888,-0.980483638013,0.));
#3576 = ADVANCED_FACE('',(#3577),#3595,.F.);
#3577 = FACE_BOUND('',#3578,.F.);
#3578 = EDGE_LOOP('',(#3579,#3580,#3581,#3589));
#3579 = ORIENTED_EDGE('',*,*,#735,.T.);
#3580 = ORIENTED_EDGE('',*,*,#3566,.T.);
#3581 = ORIENTED_EDGE('',*,*,#3582,.T.);
#3582 = EDGE_CURVE('',#3559,#3583,#3585,.T.);
#3583 = VERTEX_POINT('',#3584);
#3584 = CARTESIAN_POINT('',(-3.005887275534,-4.232701348612,12.8));
#3585 = LINE('',#3586,#3587);
#3586 = CARTESIAN_POINT('',(-2.985713762918,-4.079361487471,12.8));
#3587 = VECTOR('',#3588,1.);
#3588 = DIRECTION('',(-0.130436812516,-0.991456624336,0.));
#3589 = ORIENTED_EDGE('',*,*,#3590,.F.);
#3590 = EDGE_CURVE('',#728,#3583,#3591,.T.);
#3591 = LINE('',#3592,#3593);
#3592 = CARTESIAN_POINT('',(-3.005887275534,-4.232701348612,6.8));
#3593 = VECTOR('',#3594,1.);
#3594 = DIRECTION('',(0.,0.,1.));
#3595 = PLANE('',#3596);
#3596 = AXIS2_PLACEMENT_3D('',#3597,#3598,#3599);
#3597 = CARTESIAN_POINT('',(-2.985713762918,-4.079361487471,6.8));
#3598 = DIRECTION('',(0.991456624336,-0.130436812516,0.));
#3599 = DIRECTION('',(-0.130436812516,-0.991456624336,0.));
#3600 = ADVANCED_FACE('',(#3601),#3619,.F.);
#3601 = FACE_BOUND('',#3602,.F.);
#3602 = EDGE_LOOP('',(#3603,#3604,#3605,#3613));
#3603 = ORIENTED_EDGE('',*,*,#727,.T.);
#3604 = ORIENTED_EDGE('',*,*,#3590,.T.);
#3605 = ORIENTED_EDGE('',*,*,#3606,.T.);
#3606 = EDGE_CURVE('',#3583,#3607,#3609,.T.);
#3607 = VERTEX_POINT('',#3608);
#3608 = CARTESIAN_POINT('',(-3.016946191337,-4.39109203902,12.8));
#3609 = LINE('',#3610,#3611);
#3610 = CARTESIAN_POINT('',(-3.005887275534,-4.232701348612,12.8));
#3611 = VECTOR('',#3612,1.);
#3612 = DIRECTION('',(-6.96509268998E-02,-0.997571425203,0.));
#3613 = ORIENTED_EDGE('',*,*,#3614,.F.);
#3614 = EDGE_CURVE('',#720,#3607,#3615,.T.);
#3615 = LINE('',#3616,#3617);
#3616 = CARTESIAN_POINT('',(-3.016946191337,-4.39109203902,6.8));
#3617 = VECTOR('',#3618,1.);
#3618 = DIRECTION('',(0.,0.,1.));
#3619 = PLANE('',#3620);
#3620 = AXIS2_PLACEMENT_3D('',#3621,#3622,#3623);
#3621 = CARTESIAN_POINT('',(-3.005887275534,-4.232701348612,6.8));
#3622 = DIRECTION('',(0.997571425203,-6.96509268998E-02,0.));
#3623 = DIRECTION('',(-6.96509268998E-02,-0.997571425203,0.));
#3624 = ADVANCED_FACE('',(#3625),#3643,.F.);
#3625 = FACE_BOUND('',#3626,.F.);
#3626 = EDGE_LOOP('',(#3627,#3628,#3629,#3637));
#3627 = ORIENTED_EDGE('',*,*,#719,.T.);
#3628 = ORIENTED_EDGE('',*,*,#3614,.T.);
#3629 = ORIENTED_EDGE('',*,*,#3630,.T.);
#3630 = EDGE_CURVE('',#3607,#3631,#3633,.T.);
#3631 = VERTEX_POINT('',#3632);
#3632 = CARTESIAN_POINT('',(-3.019047662245,-4.553968799089,12.8));
#3633 = LINE('',#3634,#3635);
#3634 = CARTESIAN_POINT('',(-3.016946191337,-4.39109203902,12.8));
#3635 = VECTOR('',#3636,1.);
#3636 = DIRECTION('',(-1.290114080913E-02,-0.99991677682,0.));
#3637 = ORIENTED_EDGE('',*,*,#3638,.F.);
#3638 = EDGE_CURVE('',#712,#3631,#3639,.T.);
#3639 = LINE('',#3640,#3641);
#3640 = CARTESIAN_POINT('',(-3.019047662245,-4.553968799089,6.8));
#3641 = VECTOR('',#3642,1.);
#3642 = DIRECTION('',(0.,0.,1.));
#3643 = PLANE('',#3644);
#3644 = AXIS2_PLACEMENT_3D('',#3645,#3646,#3647);
#3645 = CARTESIAN_POINT('',(-3.016946191337,-4.39109203902,6.8));
#3646 = DIRECTION('',(0.99991677682,-1.290114080913E-02,0.));
#3647 = DIRECTION('',(-1.290114080913E-02,-0.99991677682,0.));
#3648 = ADVANCED_FACE('',(#3649),#3667,.F.);
#3649 = FACE_BOUND('',#3650,.F.);
#3650 = EDGE_LOOP('',(#3651,#3652,#3653,#3661));
#3651 = ORIENTED_EDGE('',*,*,#711,.T.);
#3652 = ORIENTED_EDGE('',*,*,#3638,.T.);
#3653 = ORIENTED_EDGE('',*,*,#3654,.T.);
#3654 = EDGE_CURVE('',#3631,#3655,#3657,.T.);
#3655 = VERTEX_POINT('',#3656);
#3656 = CARTESIAN_POINT('',(-3.012261761874,-4.720834574305,12.8));
#3657 = LINE('',#3658,#3659);
#3658 = CARTESIAN_POINT('',(-3.019047662245,-4.553968799089,12.8));
#3659 = VECTOR('',#3660,1.);
#3660 = DIRECTION('',(4.06332340113E-02,-0.999174129116,0.));
#3661 = ORIENTED_EDGE('',*,*,#3662,.F.);
#3662 = EDGE_CURVE('',#704,#3655,#3663,.T.);
#3663 = LINE('',#3664,#3665);
#3664 = CARTESIAN_POINT('',(-3.012261761874,-4.720834574305,6.8));
#3665 = VECTOR('',#3666,1.);
#3666 = DIRECTION('',(0.,0.,1.));
#3667 = PLANE('',#3668);
#3668 = AXIS2_PLACEMENT_3D('',#3669,#3670,#3671);
#3669 = CARTESIAN_POINT('',(-3.019047662245,-4.553968799089,6.8));
#3670 = DIRECTION('',(0.999174129116,4.06332340113E-02,0.));
#3671 = DIRECTION('',(4.06332340113E-02,-0.999174129116,0.));
#3672 = ADVANCED_FACE('',(#3673),#3691,.F.);
#3673 = FACE_BOUND('',#3674,.F.);
#3674 = EDGE_LOOP('',(#3675,#3676,#3677,#3685));
#3675 = ORIENTED_EDGE('',*,*,#703,.T.);
#3676 = ORIENTED_EDGE('',*,*,#3662,.T.);
#3677 = ORIENTED_EDGE('',*,*,#3678,.T.);
#3678 = EDGE_CURVE('',#3655,#3679,#3681,.T.);
#3679 = VERTEX_POINT('',#3680);
#3680 = CARTESIAN_POINT('',(-2.582231787475,-4.969112495784,12.8));
#3681 = LINE('',#3682,#3683);
#3682 = CARTESIAN_POINT('',(-3.012261761874,-4.720834574305,12.8));
#3683 = VECTOR('',#3684,1.);
#3684 = DIRECTION('',(0.866025403784,-0.5,0.));
#3685 = ORIENTED_EDGE('',*,*,#3686,.F.);
#3686 = EDGE_CURVE('',#696,#3679,#3687,.T.);
#3687 = LINE('',#3688,#3689);
#3688 = CARTESIAN_POINT('',(-2.582231787475,-4.969112495784,6.8));
#3689 = VECTOR('',#3690,1.);
#3690 = DIRECTION('',(0.,0.,1.));
#3691 = PLANE('',#3692);
#3692 = AXIS2_PLACEMENT_3D('',#3693,#3694,#3695);
#3693 = CARTESIAN_POINT('',(-3.012261761874,-4.720834574305,6.8));
#3694 = DIRECTION('',(0.5,0.866025403784,0.));
#3695 = DIRECTION('',(0.866025403784,-0.5,0.));
#3696 = ADVANCED_FACE('',(#3697),#3715,.F.);
#3697 = FACE_BOUND('',#3698,.F.);
#3698 = EDGE_LOOP('',(#3699,#3700,#3701,#3709));
#3699 = ORIENTED_EDGE('',*,*,#695,.T.);
#3700 = ORIENTED_EDGE('',*,*,#3686,.T.);
#3701 = ORIENTED_EDGE('',*,*,#3702,.T.);
#3702 = EDGE_CURVE('',#3679,#3703,#3705,.T.);
#3703 = VERTEX_POINT('',#3704);
#3704 = CARTESIAN_POINT('',(-2.434328836931,-4.891556370284,12.8));
#3705 = LINE('',#3706,#3707);
#3706 = CARTESIAN_POINT('',(-2.582231787475,-4.969112495784,12.8));
#3707 = VECTOR('',#3708,1.);
#3708 = DIRECTION('',(0.885626795624,0.464397651666,0.));
#3709 = ORIENTED_EDGE('',*,*,#3710,.F.);
#3710 = EDGE_CURVE('',#688,#3703,#3711,.T.);
#3711 = LINE('',#3712,#3713);
#3712 = CARTESIAN_POINT('',(-2.434328836931,-4.891556370284,6.8));
#3713 = VECTOR('',#3714,1.);
#3714 = DIRECTION('',(0.,0.,1.));
#3715 = PLANE('',#3716);
#3716 = AXIS2_PLACEMENT_3D('',#3717,#3718,#3719);
#3717 = CARTESIAN_POINT('',(-2.582231787475,-4.969112495784,6.8));
#3718 = DIRECTION('',(-0.464397651666,0.885626795624,0.));
#3719 = DIRECTION('',(0.885626795624,0.464397651666,0.));
#3720 = ADVANCED_FACE('',(#3721),#3739,.F.);
#3721 = FACE_BOUND('',#3722,.F.);
#3722 = EDGE_LOOP('',(#3723,#3724,#3725,#3733));
#3723 = ORIENTED_EDGE('',*,*,#687,.T.);
#3724 = ORIENTED_EDGE('',*,*,#3710,.T.);
#3725 = ORIENTED_EDGE('',*,*,#3726,.T.);
#3726 = EDGE_CURVE('',#3703,#3727,#3729,.T.);
#3727 = VERTEX_POINT('',#3728);
#3728 = CARTESIAN_POINT('',(-2.294324160478,-4.808298063059,12.8));
#3729 = LINE('',#3730,#3731);
#3730 = CARTESIAN_POINT('',(-2.434328836931,-4.891556370284,12.8));
#3731 = VECTOR('',#3732,1.);
#3732 = DIRECTION('',(0.859502759992,0.511131104088,0.));
#3733 = ORIENTED_EDGE('',*,*,#3734,.F.);
#3734 = EDGE_CURVE('',#680,#3727,#3735,.T.);
#3735 = LINE('',#3736,#3737);
#3736 = CARTESIAN_POINT('',(-2.294324160478,-4.808298063059,6.8));
#3737 = VECTOR('',#3738,1.);
#3738 = DIRECTION('',(0.,0.,1.));
#3739 = PLANE('',#3740);
#3740 = AXIS2_PLACEMENT_3D('',#3741,#3742,#3743);
#3741 = CARTESIAN_POINT('',(-2.434328836931,-4.891556370284,6.8));
#3742 = DIRECTION('',(-0.511131104088,0.859502759992,0.));
#3743 = DIRECTION('',(0.859502759992,0.511131104088,0.));
#3744 = ADVANCED_FACE('',(#3745),#3763,.F.);
#3745 = FACE_BOUND('',#3746,.F.);
#3746 = EDGE_LOOP('',(#3747,#3748,#3749,#3757));
#3747 = ORIENTED_EDGE('',*,*,#679,.T.);
#3748 = ORIENTED_EDGE('',*,*,#3734,.T.);
#3749 = ORIENTED_EDGE('',*,*,#3750,.T.);
#3750 = EDGE_CURVE('',#3727,#3751,#3753,.T.);
#3751 = VERTEX_POINT('',#3752);
#3752 = CARTESIAN_POINT('',(-2.162683256763,-4.719525415831,12.8));
#3753 = LINE('',#3754,#3755);
#3754 = CARTESIAN_POINT('',(-2.294324160478,-4.808298063059,12.8));
#3755 = VECTOR('',#3756,1.);
#3756 = DIRECTION('',(0.829096732866,0.559105184694,0.));
#3757 = ORIENTED_EDGE('',*,*,#3758,.F.);
#3758 = EDGE_CURVE('',#672,#3751,#3759,.T.);
#3759 = LINE('',#3760,#3761);
#3760 = CARTESIAN_POINT('',(-2.162683256763,-4.719525415831,6.8));
#3761 = VECTOR('',#3762,1.);
#3762 = DIRECTION('',(0.,0.,1.));
#3763 = PLANE('',#3764);
#3764 = AXIS2_PLACEMENT_3D('',#3765,#3766,#3767);
#3765 = CARTESIAN_POINT('',(-2.294324160478,-4.808298063059,6.8));
#3766 = DIRECTION('',(-0.559105184694,0.829096732866,0.));
#3767 = DIRECTION('',(0.829096732866,0.559105184694,0.));
#3768 = ADVANCED_FACE('',(#3769),#3787,.F.);
#3769 = FACE_BOUND('',#3770,.F.);
#3770 = EDGE_LOOP('',(#3771,#3772,#3773,#3781));
#3771 = ORIENTED_EDGE('',*,*,#671,.T.);
#3772 = ORIENTED_EDGE('',*,*,#3758,.T.);
#3773 = ORIENTED_EDGE('',*,*,#3774,.T.);
#3774 = EDGE_CURVE('',#3751,#3775,#3777,.T.);
#3775 = VERTEX_POINT('',#3776);
#3776 = CARTESIAN_POINT('',(-2.039973797911,-4.625384710852,12.8));
#3777 = LINE('',#3778,#3779);
#3778 = CARTESIAN_POINT('',(-2.162683256763,-4.719525415831,12.8));
#3779 = VECTOR('',#3780,1.);
#3780 = DIRECTION('',(0.793408217168,0.608689905396,0.));
#3781 = ORIENTED_EDGE('',*,*,#3782,.F.);
#3782 = EDGE_CURVE('',#664,#3775,#3783,.T.);
#3783 = LINE('',#3784,#3785);
#3784 = CARTESIAN_POINT('',(-2.039973797911,-4.625384710852,6.8));
#3785 = VECTOR('',#3786,1.);
#3786 = DIRECTION('',(0.,0.,1.));
#3787 = PLANE('',#3788);
#3788 = AXIS2_PLACEMENT_3D('',#3789,#3790,#3791);
#3789 = CARTESIAN_POINT('',(-2.162683256763,-4.719525415831,6.8));
#3790 = DIRECTION('',(-0.608689905396,0.793408217168,0.));
#3791 = DIRECTION('',(0.793408217168,0.608689905396,0.));
#3792 = ADVANCED_FACE('',(#3793),#3804,.F.);
#3793 = FACE_BOUND('',#3794,.F.);
#3794 = EDGE_LOOP('',(#3795,#3796,#3797,#3803));
#3795 = ORIENTED_EDGE('',*,*,#663,.T.);
#3796 = ORIENTED_EDGE('',*,*,#3782,.T.);
#3797 = ORIENTED_EDGE('',*,*,#3798,.T.);
#3798 = EDGE_CURVE('',#3775,#1656,#3799,.T.);
#3799 = LINE('',#3800,#3801);
#3800 = CARTESIAN_POINT('',(-2.039973797911,-4.625384710852,12.8));
#3801 = VECTOR('',#3802,1.);
#3802 = DIRECTION('',(0.75082338807,0.660503020377,0.));
#3803 = ORIENTED_EDGE('',*,*,#1664,.F.);
#3804 = PLANE('',#3805);
#3805 = AXIS2_PLACEMENT_3D('',#3806,#3807,#3808);
#3806 = CARTESIAN_POINT('',(-2.039973797911,-4.625384710852,6.8));
#3807 = DIRECTION('',(-0.660503020377,0.75082338807,0.));
#3808 = DIRECTION('',(0.75082338807,0.660503020377,0.));
#3809 = ADVANCED_FACE('',(#3810),#3828,.F.);
#3810 = FACE_BOUND('',#3811,.F.);
#3811 = EDGE_LOOP('',(#3812,#3813,#3814,#3822));
#3812 = ORIENTED_EDGE('',*,*,#646,.T.);
#3813 = ORIENTED_EDGE('',*,*,#1671,.T.);
#3814 = ORIENTED_EDGE('',*,*,#3815,.T.);
#3815 = EDGE_CURVE('',#1672,#3816,#3818,.T.);
#3816 = VERTEX_POINT('',#3817);
#3817 = CARTESIAN_POINT('',(-0.54602322338,-5.025687560829,12.8));
#3818 = LINE('',#3819,#3820);
#3819 = CARTESIAN_POINT('',(-0.594194412264,-4.883058469481,12.8));
#3820 = VECTOR('',#3821,1.);
#3821 = DIRECTION('',(0.319980617636,-0.947424088958,0.));
#3822 = ORIENTED_EDGE('',*,*,#3823,.F.);
#3823 = EDGE_CURVE('',#639,#3816,#3824,.T.);
#3824 = LINE('',#3825,#3826);
#3825 = CARTESIAN_POINT('',(-0.54602322338,-5.025687560829,6.8));
#3826 = VECTOR('',#3827,1.);
#3827 = DIRECTION('',(0.,0.,1.));
#3828 = PLANE('',#3829);
#3829 = AXIS2_PLACEMENT_3D('',#3830,#3831,#3832);
#3830 = CARTESIAN_POINT('',(-0.594194412264,-4.883058469481,6.8));
#3831 = DIRECTION('',(0.947424088958,0.319980617636,0.));
#3832 = DIRECTION('',(0.319980617636,-0.947424088958,0.));
#3833 = ADVANCED_FACE('',(#3834),#3852,.F.);
#3834 = FACE_BOUND('',#3835,.F.);
#3835 = EDGE_LOOP('',(#3836,#3837,#3838,#3846));
#3836 = ORIENTED_EDGE('',*,*,#638,.T.);
#3837 = ORIENTED_EDGE('',*,*,#3823,.T.);
#3838 = ORIENTED_EDGE('',*,*,#3839,.T.);
#3839 = EDGE_CURVE('',#3816,#3840,#3842,.T.);
#3840 = VERTEX_POINT('',#3841);
#3841 = CARTESIAN_POINT('',(-0.486824067219,-5.168570532297,12.8));
#3842 = LINE('',#3843,#3844);
#3843 = CARTESIAN_POINT('',(-0.54602322338,-5.025687560829,12.8));
#3844 = VECTOR('',#3845,1.);
#3845 = DIRECTION('',(0.38276671894,-0.923845029684,0.));
#3846 = ORIENTED_EDGE('',*,*,#3847,.F.);
#3847 = EDGE_CURVE('',#631,#3840,#3848,.T.);
#3848 = LINE('',#3849,#3850);
#3849 = CARTESIAN_POINT('',(-0.486824067219,-5.168570532297,6.8));
#3850 = VECTOR('',#3851,1.);
#3851 = DIRECTION('',(0.,0.,1.));
#3852 = PLANE('',#3853);
#3853 = AXIS2_PLACEMENT_3D('',#3854,#3855,#3856);
#3854 = CARTESIAN_POINT('',(-0.54602322338,-5.025687560829,6.8));
#3855 = DIRECTION('',(0.923845029684,0.38276671894,0.));
#3856 = DIRECTION('',(0.38276671894,-0.923845029684,0.));
#3857 = ADVANCED_FACE('',(#3858),#3876,.F.);
#3858 = FACE_BOUND('',#3859,.F.);
#3859 = EDGE_LOOP('',(#3860,#3861,#3862,#3870));
#3860 = ORIENTED_EDGE('',*,*,#630,.T.);
#3861 = ORIENTED_EDGE('',*,*,#3847,.T.);
#3862 = ORIENTED_EDGE('',*,*,#3863,.T.);
#3863 = EDGE_CURVE('',#3840,#3864,#3866,.T.);
#3864 = VERTEX_POINT('',#3865);
#3865 = CARTESIAN_POINT('',(-0.417206024039,-5.311270351815,12.8));
#3866 = LINE('',#3867,#3868);
#3867 = CARTESIAN_POINT('',(-0.486824067219,-5.168570532297,12.8));
#3868 = VECTOR('',#3869,1.);
#3869 = DIRECTION('',(0.438466240509,-0.898747659765,0.));
#3870 = ORIENTED_EDGE('',*,*,#3871,.F.);
#3871 = EDGE_CURVE('',#623,#3864,#3872,.T.);
#3872 = LINE('',#3873,#3874);
#3873 = CARTESIAN_POINT('',(-0.417206024039,-5.311270351815,6.8));
#3874 = VECTOR('',#3875,1.);
#3875 = DIRECTION('',(0.,0.,1.));
#3876 = PLANE('',#3877);
#3877 = AXIS2_PLACEMENT_3D('',#3878,#3879,#3880);
#3878 = CARTESIAN_POINT('',(-0.486824067219,-5.168570532297,6.8));
#3879 = DIRECTION('',(0.898747659765,0.438466240509,0.));
#3880 = DIRECTION('',(0.438466240509,-0.898747659765,0.));
#3881 = ADVANCED_FACE('',(#3882),#3900,.F.);
#3882 = FACE_BOUND('',#3883,.F.);
#3883 = EDGE_LOOP('',(#3884,#3885,#3886,#3894));
#3884 = ORIENTED_EDGE('',*,*,#622,.T.);
#3885 = ORIENTED_EDGE('',*,*,#3871,.T.);
#3886 = ORIENTED_EDGE('',*,*,#3887,.T.);
#3887 = EDGE_CURVE('',#3864,#3888,#3890,.T.);
#3888 = VERTEX_POINT('',#3889);
#3889 = CARTESIAN_POINT('',(-0.337587571195,-5.453376499175,12.8));
#3890 = LINE('',#3891,#3892);
#3891 = CARTESIAN_POINT('',(-0.417206024039,-5.311270351815,12.8));
#3892 = VECTOR('',#3893,1.);
#3893 = DIRECTION('',(0.488785672731,-0.872403900801,0.));
#3894 = ORIENTED_EDGE('',*,*,#3895,.F.);
#3895 = EDGE_CURVE('',#615,#3888,#3896,.T.);
#3896 = LINE('',#3897,#3898);
#3897 = CARTESIAN_POINT('',(-0.337587571195,-5.453376499175,6.8));
#3898 = VECTOR('',#3899,1.);
#3899 = DIRECTION('',(0.,0.,1.));
#3900 = PLANE('',#3901);
#3901 = AXIS2_PLACEMENT_3D('',#3902,#3903,#3904);
#3902 = CARTESIAN_POINT('',(-0.417206024039,-5.311270351815,6.8));
#3903 = DIRECTION('',(0.872403900801,0.488785672731,0.));
#3904 = DIRECTION('',(0.488785672731,-0.872403900801,0.));
#3905 = ADVANCED_FACE('',(#3906),#3924,.F.);
#3906 = FACE_BOUND('',#3907,.F.);
#3907 = EDGE_LOOP('',(#3908,#3909,#3910,#3918));
#3908 = ORIENTED_EDGE('',*,*,#614,.T.);
#3909 = ORIENTED_EDGE('',*,*,#3895,.T.);
#3910 = ORIENTED_EDGE('',*,*,#3911,.T.);
#3911 = EDGE_CURVE('',#3888,#3912,#3914,.T.);
#3912 = VERTEX_POINT('',#3913);
#3913 = CARTESIAN_POINT('',(-0.248277921479,-5.594493549349,12.8));
#3914 = LINE('',#3915,#3916);
#3915 = CARTESIAN_POINT('',(-0.337587571195,-5.453376499175,12.8));
#3916 = VECTOR('',#3917,1.);
#3917 = DIRECTION('',(0.534776477449,-0.844993561613,0.));
#3918 = ORIENTED_EDGE('',*,*,#3919,.F.);
#3919 = EDGE_CURVE('',#607,#3912,#3920,.T.);
#3920 = LINE('',#3921,#3922);
#3921 = CARTESIAN_POINT('',(-0.248277921479,-5.594493549349,6.8));
#3922 = VECTOR('',#3923,1.);
#3923 = DIRECTION('',(0.,0.,1.));
#3924 = PLANE('',#3925);
#3925 = AXIS2_PLACEMENT_3D('',#3926,#3927,#3928);
#3926 = CARTESIAN_POINT('',(-0.337587571195,-5.453376499175,6.8));
#3927 = DIRECTION('',(0.844993561613,0.534776477449,0.));
#3928 = DIRECTION('',(0.534776477449,-0.844993561613,0.));
#3929 = ADVANCED_FACE('',(#3930),#3948,.F.);
#3930 = FACE_BOUND('',#3931,.F.);
#3931 = EDGE_LOOP('',(#3932,#3933,#3934,#3942));
#3932 = ORIENTED_EDGE('',*,*,#606,.T.);
#3933 = ORIENTED_EDGE('',*,*,#3919,.T.);
#3934 = ORIENTED_EDGE('',*,*,#3935,.T.);
#3935 = EDGE_CURVE('',#3912,#3936,#3938,.T.);
#3936 = VERTEX_POINT('',#3937);
#3937 = CARTESIAN_POINT('',(0.248277921479,-5.594493549349,12.8));
#3938 = LINE('',#3939,#3940);
#3939 = CARTESIAN_POINT('',(-0.248277921479,-5.594493549349,12.8));
#3940 = VECTOR('',#3941,1.);
#3941 = DIRECTION('',(1.,0.,0.));
#3942 = ORIENTED_EDGE('',*,*,#3943,.F.);
#3943 = EDGE_CURVE('',#599,#3936,#3944,.T.);
#3944 = LINE('',#3945,#3946);
#3945 = CARTESIAN_POINT('',(0.248277921479,-5.594493549349,6.8));
#3946 = VECTOR('',#3947,1.);
#3947 = DIRECTION('',(0.,0.,1.));
#3948 = PLANE('',#3949);
#3949 = AXIS2_PLACEMENT_3D('',#3950,#3951,#3952);
#3950 = CARTESIAN_POINT('',(-0.248277921479,-5.594493549349,6.8));
#3951 = DIRECTION('',(0.,1.,0.));
#3952 = DIRECTION('',(1.,0.,0.));
#3953 = ADVANCED_FACE('',(#3954),#3972,.F.);
#3954 = FACE_BOUND('',#3955,.F.);
#3955 = EDGE_LOOP('',(#3956,#3957,#3958,#3966));
#3956 = ORIENTED_EDGE('',*,*,#598,.T.);
#3957 = ORIENTED_EDGE('',*,*,#3943,.T.);
#3958 = ORIENTED_EDGE('',*,*,#3959,.T.);
#3959 = EDGE_CURVE('',#3936,#3960,#3962,.T.);
#3960 = VERTEX_POINT('',#3961);
#3961 = CARTESIAN_POINT('',(0.337587571195,-5.453376499175,12.8));
#3962 = LINE('',#3963,#3964);
#3963 = CARTESIAN_POINT('',(0.248277921479,-5.594493549349,12.8));
#3964 = VECTOR('',#3965,1.);
#3965 = DIRECTION('',(0.534776477449,0.844993561613,0.));
#3966 = ORIENTED_EDGE('',*,*,#3967,.F.);
#3967 = EDGE_CURVE('',#591,#3960,#3968,.T.);
#3968 = LINE('',#3969,#3970);
#3969 = CARTESIAN_POINT('',(0.337587571195,-5.453376499175,6.8));
#3970 = VECTOR('',#3971,1.);
#3971 = DIRECTION('',(0.,0.,1.));
#3972 = PLANE('',#3973);
#3973 = AXIS2_PLACEMENT_3D('',#3974,#3975,#3976);
#3974 = CARTESIAN_POINT('',(0.248277921479,-5.594493549349,6.8));
#3975 = DIRECTION('',(-0.844993561613,0.534776477449,0.));
#3976 = DIRECTION('',(0.534776477449,0.844993561613,0.));
#3977 = ADVANCED_FACE('',(#3978),#3996,.F.);
#3978 = FACE_BOUND('',#3979,.F.);
#3979 = EDGE_LOOP('',(#3980,#3981,#3982,#3990));
#3980 = ORIENTED_EDGE('',*,*,#590,.T.);
#3981 = ORIENTED_EDGE('',*,*,#3967,.T.);
#3982 = ORIENTED_EDGE('',*,*,#3983,.T.);
#3983 = EDGE_CURVE('',#3960,#3984,#3986,.T.);
#3984 = VERTEX_POINT('',#3985);
#3985 = CARTESIAN_POINT('',(0.417206024039,-5.311270351815,12.8));
#3986 = LINE('',#3987,#3988);
#3987 = CARTESIAN_POINT('',(0.337587571195,-5.453376499175,12.8));
#3988 = VECTOR('',#3989,1.);
#3989 = DIRECTION('',(0.488785672731,0.872403900801,0.));
#3990 = ORIENTED_EDGE('',*,*,#3991,.F.);
#3991 = EDGE_CURVE('',#583,#3984,#3992,.T.);
#3992 = LINE('',#3993,#3994);
#3993 = CARTESIAN_POINT('',(0.417206024039,-5.311270351815,6.8));
#3994 = VECTOR('',#3995,1.);
#3995 = DIRECTION('',(0.,0.,1.));
#3996 = PLANE('',#3997);
#3997 = AXIS2_PLACEMENT_3D('',#3998,#3999,#4000);
#3998 = CARTESIAN_POINT('',(0.337587571195,-5.453376499175,6.8));
#3999 = DIRECTION('',(-0.872403900801,0.488785672731,0.));
#4000 = DIRECTION('',(0.488785672731,0.872403900801,0.));
#4001 = ADVANCED_FACE('',(#4002),#4020,.F.);
#4002 = FACE_BOUND('',#4003,.F.);
#4003 = EDGE_LOOP('',(#4004,#4005,#4006,#4014));
#4004 = ORIENTED_EDGE('',*,*,#582,.T.);
#4005 = ORIENTED_EDGE('',*,*,#3991,.T.);
#4006 = ORIENTED_EDGE('',*,*,#4007,.T.);
#4007 = EDGE_CURVE('',#3984,#4008,#4010,.T.);
#4008 = VERTEX_POINT('',#4009);
#4009 = CARTESIAN_POINT('',(0.486824067219,-5.168570532297,12.8));
#4010 = LINE('',#4011,#4012);
#4011 = CARTESIAN_POINT('',(0.417206024039,-5.311270351815,12.8));
#4012 = VECTOR('',#4013,1.);
#4013 = DIRECTION('',(0.438466240509,0.898747659765,0.));
#4014 = ORIENTED_EDGE('',*,*,#4015,.F.);
#4015 = EDGE_CURVE('',#575,#4008,#4016,.T.);
#4016 = LINE('',#4017,#4018);
#4017 = CARTESIAN_POINT('',(0.486824067219,-5.168570532297,6.8));
#4018 = VECTOR('',#4019,1.);
#4019 = DIRECTION('',(0.,0.,1.));
#4020 = PLANE('',#4021);
#4021 = AXIS2_PLACEMENT_3D('',#4022,#4023,#4024);
#4022 = CARTESIAN_POINT('',(0.417206024039,-5.311270351815,6.8));
#4023 = DIRECTION('',(-0.898747659765,0.438466240509,0.));
#4024 = DIRECTION('',(0.438466240509,0.898747659765,0.));
#4025 = ADVANCED_FACE('',(#4026),#4044,.F.);
#4026 = FACE_BOUND('',#4027,.F.);
#4027 = EDGE_LOOP('',(#4028,#4029,#4030,#4038));
#4028 = ORIENTED_EDGE('',*,*,#574,.T.);
#4029 = ORIENTED_EDGE('',*,*,#4015,.T.);
#4030 = ORIENTED_EDGE('',*,*,#4031,.T.);
#4031 = EDGE_CURVE('',#4008,#4032,#4034,.T.);
#4032 = VERTEX_POINT('',#4033);
#4033 = CARTESIAN_POINT('',(0.54602322338,-5.025687560829,12.8));
#4034 = LINE('',#4035,#4036);
#4035 = CARTESIAN_POINT('',(0.486824067219,-5.168570532297,12.8));
#4036 = VECTOR('',#4037,1.);
#4037 = DIRECTION('',(0.38276671894,0.923845029684,0.));
#4038 = ORIENTED_EDGE('',*,*,#4039,.F.);
#4039 = EDGE_CURVE('',#567,#4032,#4040,.T.);
#4040 = LINE('',#4041,#4042);
#4041 = CARTESIAN_POINT('',(0.54602322338,-5.025687560829,6.8));
#4042 = VECTOR('',#4043,1.);
#4043 = DIRECTION('',(0.,0.,1.));
#4044 = PLANE('',#4045);
#4045 = AXIS2_PLACEMENT_3D('',#4046,#4047,#4048);
#4046 = CARTESIAN_POINT('',(0.486824067219,-5.168570532297,6.8));
#4047 = DIRECTION('',(-0.923845029684,0.38276671894,0.));
#4048 = DIRECTION('',(0.38276671894,0.923845029684,0.));
#4049 = ADVANCED_FACE('',(#4050),#4061,.F.);
#4050 = FACE_BOUND('',#4051,.F.);
#4051 = EDGE_LOOP('',(#4052,#4053,#4054,#4060));
#4052 = ORIENTED_EDGE('',*,*,#566,.T.);
#4053 = ORIENTED_EDGE('',*,*,#4039,.T.);
#4054 = ORIENTED_EDGE('',*,*,#4055,.T.);
#4055 = EDGE_CURVE('',#4032,#1680,#4056,.T.);
#4056 = LINE('',#4057,#4058);
#4057 = CARTESIAN_POINT('',(0.54602322338,-5.025687560829,12.8));
#4058 = VECTOR('',#4059,1.);
#4059 = DIRECTION('',(0.319980617636,0.947424088958,0.));
#4060 = ORIENTED_EDGE('',*,*,#1688,.F.);
#4061 = PLANE('',#4062);
#4062 = AXIS2_PLACEMENT_3D('',#4063,#4064,#4065);
#4063 = CARTESIAN_POINT('',(0.54602322338,-5.025687560829,6.8));
#4064 = DIRECTION('',(-0.947424088958,0.319980617636,0.));
#4065 = DIRECTION('',(0.319980617636,0.947424088958,0.));
#4066 = ADVANCED_FACE('',(#4067),#4085,.F.);
#4067 = FACE_BOUND('',#4068,.F.);
#4068 = EDGE_LOOP('',(#4069,#4070,#4071,#4079));
#4069 = ORIENTED_EDGE('',*,*,#549,.T.);
#4070 = ORIENTED_EDGE('',*,*,#1695,.T.);
#4071 = ORIENTED_EDGE('',*,*,#4072,.T.);
#4072 = EDGE_CURVE('',#1696,#4073,#4075,.T.);
#4073 = VERTEX_POINT('',#4074);
#4074 = CARTESIAN_POINT('',(2.039973797911,-4.625384710852,12.8));
#4075 = LINE('',#4076,#4077);
#4076 = CARTESIAN_POINT('',(1.926941778933,-4.525949888868,12.8));
#4077 = VECTOR('',#4078,1.);
#4078 = DIRECTION('',(0.75082338807,-0.660503020377,0.));
#4079 = ORIENTED_EDGE('',*,*,#4080,.F.);
#4080 = EDGE_CURVE('',#542,#4073,#4081,.T.);
#4081 = LINE('',#4082,#4083);
#4082 = CARTESIAN_POINT('',(2.039973797911,-4.625384710852,6.8));
#4083 = VECTOR('',#4084,1.);
#4084 = DIRECTION('',(0.,0.,1.));
#4085 = PLANE('',#4086);
#4086 = AXIS2_PLACEMENT_3D('',#4087,#4088,#4089);
#4087 = CARTESIAN_POINT('',(1.926941778933,-4.525949888868,6.8));
#4088 = DIRECTION('',(0.660503020377,0.75082338807,0.));
#4089 = DIRECTION('',(0.75082338807,-0.660503020377,0.));
#4090 = ADVANCED_FACE('',(#4091),#4109,.F.);
#4091 = FACE_BOUND('',#4092,.F.);
#4092 = EDGE_LOOP('',(#4093,#4094,#4095,#4103));
#4093 = ORIENTED_EDGE('',*,*,#541,.T.);
#4094 = ORIENTED_EDGE('',*,*,#4080,.T.);
#4095 = ORIENTED_EDGE('',*,*,#4096,.T.);
#4096 = EDGE_CURVE('',#4073,#4097,#4099,.T.);
#4097 = VERTEX_POINT('',#4098);
#4098 = CARTESIAN_POINT('',(2.162683256763,-4.719525415831,12.8));
#4099 = LINE('',#4100,#4101);
#4100 = CARTESIAN_POINT('',(2.039973797911,-4.625384710852,12.8));
#4101 = VECTOR('',#4102,1.);
#4102 = DIRECTION('',(0.793408217168,-0.608689905396,0.));
#4103 = ORIENTED_EDGE('',*,*,#4104,.F.);
#4104 = EDGE_CURVE('',#534,#4097,#4105,.T.);
#4105 = LINE('',#4106,#4107);
#4106 = CARTESIAN_POINT('',(2.162683256763,-4.719525415831,6.8));
#4107 = VECTOR('',#4108,1.);
#4108 = DIRECTION('',(0.,0.,1.));
#4109 = PLANE('',#4110);
#4110 = AXIS2_PLACEMENT_3D('',#4111,#4112,#4113);
#4111 = CARTESIAN_POINT('',(2.039973797911,-4.625384710852,6.8));
#4112 = DIRECTION('',(0.608689905396,0.793408217168,0.));
#4113 = DIRECTION('',(0.793408217168,-0.608689905396,0.));
#4114 = ADVANCED_FACE('',(#4115),#4133,.F.);
#4115 = FACE_BOUND('',#4116,.F.);
#4116 = EDGE_LOOP('',(#4117,#4118,#4119,#4127));
#4117 = ORIENTED_EDGE('',*,*,#533,.T.);
#4118 = ORIENTED_EDGE('',*,*,#4104,.T.);
#4119 = ORIENTED_EDGE('',*,*,#4120,.T.);
#4120 = EDGE_CURVE('',#4097,#4121,#4123,.T.);
#4121 = VERTEX_POINT('',#4122);
#4122 = CARTESIAN_POINT('',(2.294324160478,-4.808298063059,12.8));
#4123 = LINE('',#4124,#4125);
#4124 = CARTESIAN_POINT('',(2.162683256763,-4.719525415831,12.8));
#4125 = VECTOR('',#4126,1.);
#4126 = DIRECTION('',(0.829096732866,-0.559105184694,0.));
#4127 = ORIENTED_EDGE('',*,*,#4128,.F.);
#4128 = EDGE_CURVE('',#526,#4121,#4129,.T.);
#4129 = LINE('',#4130,#4131);
#4130 = CARTESIAN_POINT('',(2.294324160478,-4.808298063059,6.8));
#4131 = VECTOR('',#4132,1.);
#4132 = DIRECTION('',(0.,0.,1.));
#4133 = PLANE('',#4134);
#4134 = AXIS2_PLACEMENT_3D('',#4135,#4136,#4137);
#4135 = CARTESIAN_POINT('',(2.162683256763,-4.719525415831,6.8));
#4136 = DIRECTION('',(0.559105184694,0.829096732866,0.));
#4137 = DIRECTION('',(0.829096732866,-0.559105184694,0.));
#4138 = ADVANCED_FACE('',(#4139),#4157,.F.);
#4139 = FACE_BOUND('',#4140,.F.);
#4140 = EDGE_LOOP('',(#4141,#4142,#4143,#4151));
#4141 = ORIENTED_EDGE('',*,*,#525,.T.);
#4142 = ORIENTED_EDGE('',*,*,#4128,.T.);
#4143 = ORIENTED_EDGE('',*,*,#4144,.T.);
#4144 = EDGE_CURVE('',#4121,#4145,#4147,.T.);
#4145 = VERTEX_POINT('',#4146);
#4146 = CARTESIAN_POINT('',(2.434328836931,-4.891556370284,12.8));
#4147 = LINE('',#4148,#4149);
#4148 = CARTESIAN_POINT('',(2.294324160478,-4.808298063059,12.8));
#4149 = VECTOR('',#4150,1.);
#4150 = DIRECTION('',(0.859502759992,-0.511131104088,0.));
#4151 = ORIENTED_EDGE('',*,*,#4152,.F.);
#4152 = EDGE_CURVE('',#518,#4145,#4153,.T.);
#4153 = LINE('',#4154,#4155);
#4154 = CARTESIAN_POINT('',(2.434328836931,-4.891556370284,6.8));
#4155 = VECTOR('',#4156,1.);
#4156 = DIRECTION('',(0.,0.,1.));
#4157 = PLANE('',#4158);
#4158 = AXIS2_PLACEMENT_3D('',#4159,#4160,#4161);
#4159 = CARTESIAN_POINT('',(2.294324160478,-4.808298063059,6.8));
#4160 = DIRECTION('',(0.511131104088,0.859502759992,0.));
#4161 = DIRECTION('',(0.859502759992,-0.511131104088,0.));
#4162 = ADVANCED_FACE('',(#4163),#4181,.F.);
#4163 = FACE_BOUND('',#4164,.F.);
#4164 = EDGE_LOOP('',(#4165,#4166,#4167,#4175));
#4165 = ORIENTED_EDGE('',*,*,#517,.T.);
#4166 = ORIENTED_EDGE('',*,*,#4152,.T.);
#4167 = ORIENTED_EDGE('',*,*,#4168,.T.);
#4168 = EDGE_CURVE('',#4145,#4169,#4171,.T.);
#4169 = VERTEX_POINT('',#4170);
#4170 = CARTESIAN_POINT('',(2.582231787475,-4.969112495784,12.8));
#4171 = LINE('',#4172,#4173);
#4172 = CARTESIAN_POINT('',(2.434328836931,-4.891556370284,12.8));
#4173 = VECTOR('',#4174,1.);
#4174 = DIRECTION('',(0.885626795624,-0.464397651666,0.));
#4175 = ORIENTED_EDGE('',*,*,#4176,.F.);
#4176 = EDGE_CURVE('',#510,#4169,#4177,.T.);
#4177 = LINE('',#4178,#4179);
#4178 = CARTESIAN_POINT('',(2.582231787475,-4.969112495784,6.8));
#4179 = VECTOR('',#4180,1.);
#4180 = DIRECTION('',(0.,0.,1.));
#4181 = PLANE('',#4182);
#4182 = AXIS2_PLACEMENT_3D('',#4183,#4184,#4185);
#4183 = CARTESIAN_POINT('',(2.434328836931,-4.891556370284,6.8));
#4184 = DIRECTION('',(0.464397651666,0.885626795624,0.));
#4185 = DIRECTION('',(0.885626795624,-0.464397651666,0.));
#4186 = ADVANCED_FACE('',(#4187),#4205,.F.);
#4187 = FACE_BOUND('',#4188,.F.);
#4188 = EDGE_LOOP('',(#4189,#4190,#4191,#4199));
#4189 = ORIENTED_EDGE('',*,*,#509,.T.);
#4190 = ORIENTED_EDGE('',*,*,#4176,.T.);
#4191 = ORIENTED_EDGE('',*,*,#4192,.T.);
#4192 = EDGE_CURVE('',#4169,#4193,#4195,.T.);
#4193 = VERTEX_POINT('',#4194);
#4194 = CARTESIAN_POINT('',(3.012261761874,-4.720834574305,12.8));
#4195 = LINE('',#4196,#4197);
#4196 = CARTESIAN_POINT('',(2.582231787475,-4.969112495784,12.8));
#4197 = VECTOR('',#4198,1.);
#4198 = DIRECTION('',(0.866025403784,0.5,0.));
#4199 = ORIENTED_EDGE('',*,*,#4200,.F.);
#4200 = EDGE_CURVE('',#502,#4193,#4201,.T.);
#4201 = LINE('',#4202,#4203);
#4202 = CARTESIAN_POINT('',(3.012261761874,-4.720834574305,6.8));
#4203 = VECTOR('',#4204,1.);
#4204 = DIRECTION('',(0.,0.,1.));
#4205 = PLANE('',#4206);
#4206 = AXIS2_PLACEMENT_3D('',#4207,#4208,#4209);
#4207 = CARTESIAN_POINT('',(2.582231787475,-4.969112495784,6.8));
#4208 = DIRECTION('',(-0.5,0.866025403784,0.));
#4209 = DIRECTION('',(0.866025403784,0.5,0.));
#4210 = ADVANCED_FACE('',(#4211),#4229,.F.);
#4211 = FACE_BOUND('',#4212,.F.);
#4212 = EDGE_LOOP('',(#4213,#4214,#4215,#4223));
#4213 = ORIENTED_EDGE('',*,*,#501,.T.);
#4214 = ORIENTED_EDGE('',*,*,#4200,.T.);
#4215 = ORIENTED_EDGE('',*,*,#4216,.T.);
#4216 = EDGE_CURVE('',#4193,#4217,#4219,.T.);
#4217 = VERTEX_POINT('',#4218);
#4218 = CARTESIAN_POINT('',(3.019047662245,-4.553968799089,12.8));
#4219 = LINE('',#4220,#4221);
#4220 = CARTESIAN_POINT('',(3.012261761874,-4.720834574305,12.8));
#4221 = VECTOR('',#4222,1.);
#4222 = DIRECTION('',(4.063323401129E-02,0.999174129116,0.));
#4223 = ORIENTED_EDGE('',*,*,#4224,.F.);
#4224 = EDGE_CURVE('',#494,#4217,#4225,.T.);
#4225 = LINE('',#4226,#4227);
#4226 = CARTESIAN_POINT('',(3.019047662245,-4.553968799089,6.8));
#4227 = VECTOR('',#4228,1.);
#4228 = DIRECTION('',(0.,0.,1.));
#4229 = PLANE('',#4230);
#4230 = AXIS2_PLACEMENT_3D('',#4231,#4232,#4233);
#4231 = CARTESIAN_POINT('',(3.012261761874,-4.720834574305,6.8));
#4232 = DIRECTION('',(-0.999174129116,4.063323401129E-02,0.));
#4233 = DIRECTION('',(4.063323401129E-02,0.999174129116,0.));
#4234 = ADVANCED_FACE('',(#4235),#4253,.F.);
#4235 = FACE_BOUND('',#4236,.F.);
#4236 = EDGE_LOOP('',(#4237,#4238,#4239,#4247));
#4237 = ORIENTED_EDGE('',*,*,#493,.T.);
#4238 = ORIENTED_EDGE('',*,*,#4224,.T.);
#4239 = ORIENTED_EDGE('',*,*,#4240,.T.);
#4240 = EDGE_CURVE('',#4217,#4241,#4243,.T.);
#4241 = VERTEX_POINT('',#4242);
#4242 = CARTESIAN_POINT('',(3.016946191337,-4.39109203902,12.8));
#4243 = LINE('',#4244,#4245);
#4244 = CARTESIAN_POINT('',(3.019047662245,-4.553968799089,12.8));
#4245 = VECTOR('',#4246,1.);
#4246 = DIRECTION('',(-1.290114080913E-02,0.99991677682,0.));
#4247 = ORIENTED_EDGE('',*,*,#4248,.F.);
#4248 = EDGE_CURVE('',#486,#4241,#4249,.T.);
#4249 = LINE('',#4250,#4251);
#4250 = CARTESIAN_POINT('',(3.016946191337,-4.39109203902,6.8));
#4251 = VECTOR('',#4252,1.);
#4252 = DIRECTION('',(0.,0.,1.));
#4253 = PLANE('',#4254);
#4254 = AXIS2_PLACEMENT_3D('',#4255,#4256,#4257);
#4255 = CARTESIAN_POINT('',(3.019047662245,-4.553968799089,6.8));
#4256 = DIRECTION('',(-0.99991677682,-1.290114080913E-02,0.));
#4257 = DIRECTION('',(-1.290114080913E-02,0.99991677682,0.));
#4258 = ADVANCED_FACE('',(#4259),#4277,.F.);
#4259 = FACE_BOUND('',#4260,.F.);
#4260 = EDGE_LOOP('',(#4261,#4262,#4263,#4271));
#4261 = ORIENTED_EDGE('',*,*,#485,.T.);
#4262 = ORIENTED_EDGE('',*,*,#4248,.T.);
#4263 = ORIENTED_EDGE('',*,*,#4264,.T.);
#4264 = EDGE_CURVE('',#4241,#4265,#4267,.T.);
#4265 = VERTEX_POINT('',#4266);
#4266 = CARTESIAN_POINT('',(3.005887275534,-4.232701348612,12.8));
#4267 = LINE('',#4268,#4269);
#4268 = CARTESIAN_POINT('',(3.016946191337,-4.39109203902,12.8));
#4269 = VECTOR('',#4270,1.);
#4270 = DIRECTION('',(-6.965092689981E-02,0.997571425203,0.));
#4271 = ORIENTED_EDGE('',*,*,#4272,.F.);
#4272 = EDGE_CURVE('',#478,#4265,#4273,.T.);
#4273 = LINE('',#4274,#4275);
#4274 = CARTESIAN_POINT('',(3.005887275534,-4.232701348612,6.8));
#4275 = VECTOR('',#4276,1.);
#4276 = DIRECTION('',(0.,0.,1.));
#4277 = PLANE('',#4278);
#4278 = AXIS2_PLACEMENT_3D('',#4279,#4280,#4281);
#4279 = CARTESIAN_POINT('',(3.016946191337,-4.39109203902,6.8));
#4280 = DIRECTION('',(-0.997571425203,-6.965092689981E-02,0.));
#4281 = DIRECTION('',(-6.965092689981E-02,0.997571425203,0.));
#4282 = ADVANCED_FACE('',(#4283),#4301,.F.);
#4283 = FACE_BOUND('',#4284,.F.);
#4284 = EDGE_LOOP('',(#4285,#4286,#4287,#4295));
#4285 = ORIENTED_EDGE('',*,*,#477,.T.);
#4286 = ORIENTED_EDGE('',*,*,#4272,.T.);
#4287 = ORIENTED_EDGE('',*,*,#4288,.T.);
#4288 = EDGE_CURVE('',#4265,#4289,#4291,.T.);
#4289 = VERTEX_POINT('',#4290);
#4290 = CARTESIAN_POINT('',(2.985713762918,-4.079361487471,12.8));
#4291 = LINE('',#4292,#4293);
#4292 = CARTESIAN_POINT('',(3.005887275534,-4.232701348612,12.8));
#4293 = VECTOR('',#4294,1.);
#4294 = DIRECTION('',(-0.130436812516,0.991456624336,0.));
#4295 = ORIENTED_EDGE('',*,*,#4296,.F.);
#4296 = EDGE_CURVE('',#470,#4289,#4297,.T.);
#4297 = LINE('',#4298,#4299);
#4298 = CARTESIAN_POINT('',(2.985713762918,-4.079361487471,6.8));
#4299 = VECTOR('',#4300,1.);
#4300 = DIRECTION('',(0.,0.,1.));
#4301 = PLANE('',#4302);
#4302 = AXIS2_PLACEMENT_3D('',#4303,#4304,#4305);
#4303 = CARTESIAN_POINT('',(3.005887275534,-4.232701348612,6.8));
#4304 = DIRECTION('',(-0.991456624336,-0.130436812516,0.));
#4305 = DIRECTION('',(-0.130436812516,0.991456624336,0.));
#4306 = ADVANCED_FACE('',(#4307),#4318,.F.);
#4307 = FACE_BOUND('',#4308,.F.);
#4308 = EDGE_LOOP('',(#4309,#4310,#4311,#4317));
#4309 = ORIENTED_EDGE('',*,*,#469,.T.);
#4310 = ORIENTED_EDGE('',*,*,#4296,.T.);
#4311 = ORIENTED_EDGE('',*,*,#4312,.T.);
#4312 = EDGE_CURVE('',#4289,#1704,#4313,.T.);
#4313 = LINE('',#4314,#4315);
#4314 = CARTESIAN_POINT('',(2.985713762918,-4.079361487471,12.8));
#4315 = VECTOR('',#4316,1.);
#4316 = DIRECTION('',(-0.196600700888,0.980483638013,0.));
#4317 = ORIENTED_EDGE('',*,*,#1712,.F.);
#4318 = PLANE('',#4319);
#4319 = AXIS2_PLACEMENT_3D('',#4320,#4321,#4322);
#4320 = CARTESIAN_POINT('',(2.985713762918,-4.079361487471,6.8));
#4321 = DIRECTION('',(-0.980483638013,-0.196600700888,0.));
#4322 = DIRECTION('',(-0.196600700888,0.980483638013,0.));
#4323 = ADVANCED_FACE('',(#4324),#4342,.F.);
#4324 = FACE_BOUND('',#4325,.F.);
#4325 = EDGE_LOOP('',(#4326,#4327,#4328,#4336));
#4326 = ORIENTED_EDGE('',*,*,#452,.T.);
#4327 = ORIENTED_EDGE('',*,*,#1719,.T.);
#4328 = ORIENTED_EDGE('',*,*,#4329,.T.);
#4329 = EDGE_CURVE('',#1720,#4330,#4332,.T.);
#4330 = VERTEX_POINT('',#4331);
#4331 = CARTESIAN_POINT('',(4.079361487471,-2.985713762918,12.8));
#4332 = LINE('',#4333,#4334);
#4333 = CARTESIAN_POINT('',(3.931755476603,-2.956116690548,12.8));
#4334 = VECTOR('',#4335,1.);
#4335 = DIRECTION('',(0.980483638013,-0.196600700888,0.));
#4336 = ORIENTED_EDGE('',*,*,#4337,.F.);
#4337 = EDGE_CURVE('',#445,#4330,#4338,.T.);
#4338 = LINE('',#4339,#4340);
#4339 = CARTESIAN_POINT('',(4.079361487471,-2.985713762918,6.8));
#4340 = VECTOR('',#4341,1.);
#4341 = DIRECTION('',(0.,0.,1.));
#4342 = PLANE('',#4343);
#4343 = AXIS2_PLACEMENT_3D('',#4344,#4345,#4346);
#4344 = CARTESIAN_POINT('',(3.931755476603,-2.956116690548,6.8));
#4345 = DIRECTION('',(0.196600700888,0.980483638013,0.));
#4346 = DIRECTION('',(0.980483638013,-0.196600700888,0.));
#4347 = ADVANCED_FACE('',(#4348),#4366,.F.);
#4348 = FACE_BOUND('',#4349,.F.);
#4349 = EDGE_LOOP('',(#4350,#4351,#4352,#4360));
#4350 = ORIENTED_EDGE('',*,*,#444,.T.);
#4351 = ORIENTED_EDGE('',*,*,#4337,.T.);
#4352 = ORIENTED_EDGE('',*,*,#4353,.T.);
#4353 = EDGE_CURVE('',#4330,#4354,#4356,.T.);
#4354 = VERTEX_POINT('',#4355);
#4355 = CARTESIAN_POINT('',(4.232701348612,-3.005887275534,12.8));
#4356 = LINE('',#4357,#4358);
#4357 = CARTESIAN_POINT('',(4.079361487471,-2.985713762918,12.8));
#4358 = VECTOR('',#4359,1.);
#4359 = DIRECTION('',(0.991456624336,-0.130436812516,0.));
#4360 = ORIENTED_EDGE('',*,*,#4361,.F.);
#4361 = EDGE_CURVE('',#437,#4354,#4362,.T.);
#4362 = LINE('',#4363,#4364);
#4363 = CARTESIAN_POINT('',(4.232701348612,-3.005887275534,6.8));
#4364 = VECTOR('',#4365,1.);
#4365 = DIRECTION('',(0.,0.,1.));
#4366 = PLANE('',#4367);
#4367 = AXIS2_PLACEMENT_3D('',#4368,#4369,#4370);
#4368 = CARTESIAN_POINT('',(4.079361487471,-2.985713762918,6.8));
#4369 = DIRECTION('',(0.130436812516,0.991456624336,0.));
#4370 = DIRECTION('',(0.991456624336,-0.130436812516,0.));
#4371 = ADVANCED_FACE('',(#4372),#4390,.F.);
#4372 = FACE_BOUND('',#4373,.F.);
#4373 = EDGE_LOOP('',(#4374,#4375,#4376,#4384));
#4374 = ORIENTED_EDGE('',*,*,#436,.T.);
#4375 = ORIENTED_EDGE('',*,*,#4361,.T.);
#4376 = ORIENTED_EDGE('',*,*,#4377,.T.);
#4377 = EDGE_CURVE('',#4354,#4378,#4380,.T.);
#4378 = VERTEX_POINT('',#4379);
#4379 = CARTESIAN_POINT('',(4.39109203902,-3.016946191337,12.8));
#4380 = LINE('',#4381,#4382);
#4381 = CARTESIAN_POINT('',(4.232701348612,-3.005887275534,12.8));
#4382 = VECTOR('',#4383,1.);
#4383 = DIRECTION('',(0.997571425203,-6.96509268998E-02,0.));
#4384 = ORIENTED_EDGE('',*,*,#4385,.F.);
#4385 = EDGE_CURVE('',#429,#4378,#4386,.T.);
#4386 = LINE('',#4387,#4388);
#4387 = CARTESIAN_POINT('',(4.39109203902,-3.016946191337,6.8));
#4388 = VECTOR('',#4389,1.);
#4389 = DIRECTION('',(0.,0.,1.));
#4390 = PLANE('',#4391);
#4391 = AXIS2_PLACEMENT_3D('',#4392,#4393,#4394);
#4392 = CARTESIAN_POINT('',(4.232701348612,-3.005887275534,6.8));
#4393 = DIRECTION('',(6.96509268998E-02,0.997571425203,0.));
#4394 = DIRECTION('',(0.997571425203,-6.96509268998E-02,0.));
#4395 = ADVANCED_FACE('',(#4396),#4414,.F.);
#4396 = FACE_BOUND('',#4397,.F.);
#4397 = EDGE_LOOP('',(#4398,#4399,#4400,#4408));
#4398 = ORIENTED_EDGE('',*,*,#428,.T.);
#4399 = ORIENTED_EDGE('',*,*,#4385,.T.);
#4400 = ORIENTED_EDGE('',*,*,#4401,.T.);
#4401 = EDGE_CURVE('',#4378,#4402,#4404,.T.);
#4402 = VERTEX_POINT('',#4403);
#4403 = CARTESIAN_POINT('',(4.553968799089,-3.019047662245,12.8));
#4404 = LINE('',#4405,#4406);
#4405 = CARTESIAN_POINT('',(4.39109203902,-3.016946191337,12.8));
#4406 = VECTOR('',#4407,1.);
#4407 = DIRECTION('',(0.99991677682,-1.290114080913E-02,0.));
#4408 = ORIENTED_EDGE('',*,*,#4409,.F.);
#4409 = EDGE_CURVE('',#421,#4402,#4410,.T.);
#4410 = LINE('',#4411,#4412);
#4411 = CARTESIAN_POINT('',(4.553968799089,-3.019047662245,6.8));
#4412 = VECTOR('',#4413,1.);
#4413 = DIRECTION('',(0.,0.,1.));
#4414 = PLANE('',#4415);
#4415 = AXIS2_PLACEMENT_3D('',#4416,#4417,#4418);
#4416 = CARTESIAN_POINT('',(4.39109203902,-3.016946191337,6.8));
#4417 = DIRECTION('',(1.290114080913E-02,0.99991677682,0.));
#4418 = DIRECTION('',(0.99991677682,-1.290114080913E-02,0.));
#4419 = ADVANCED_FACE('',(#4420),#4438,.F.);
#4420 = FACE_BOUND('',#4421,.F.);
#4421 = EDGE_LOOP('',(#4422,#4423,#4424,#4432));
#4422 = ORIENTED_EDGE('',*,*,#420,.T.);
#4423 = ORIENTED_EDGE('',*,*,#4409,.T.);
#4424 = ORIENTED_EDGE('',*,*,#4425,.T.);
#4425 = EDGE_CURVE('',#4402,#4426,#4428,.T.);
#4426 = VERTEX_POINT('',#4427);
#4427 = CARTESIAN_POINT('',(4.720834574305,-3.012261761874,12.8));
#4428 = LINE('',#4429,#4430);
#4429 = CARTESIAN_POINT('',(4.553968799089,-3.019047662245,12.8));
#4430 = VECTOR('',#4431,1.);
#4431 = DIRECTION('',(0.999174129116,4.06332340113E-02,0.));
#4432 = ORIENTED_EDGE('',*,*,#4433,.F.);
#4433 = EDGE_CURVE('',#413,#4426,#4434,.T.);
#4434 = LINE('',#4435,#4436);
#4435 = CARTESIAN_POINT('',(4.720834574305,-3.012261761874,6.8));
#4436 = VECTOR('',#4437,1.);
#4437 = DIRECTION('',(0.,0.,1.));
#4438 = PLANE('',#4439);
#4439 = AXIS2_PLACEMENT_3D('',#4440,#4441,#4442);
#4440 = CARTESIAN_POINT('',(4.553968799089,-3.019047662245,6.8));
#4441 = DIRECTION('',(-4.06332340113E-02,0.999174129116,0.));
#4442 = DIRECTION('',(0.999174129116,4.06332340113E-02,0.));
#4443 = ADVANCED_FACE('',(#4444),#4462,.F.);
#4444 = FACE_BOUND('',#4445,.F.);
#4445 = EDGE_LOOP('',(#4446,#4447,#4448,#4456));
#4446 = ORIENTED_EDGE('',*,*,#412,.T.);
#4447 = ORIENTED_EDGE('',*,*,#4433,.T.);
#4448 = ORIENTED_EDGE('',*,*,#4449,.T.);
#4449 = EDGE_CURVE('',#4426,#4450,#4452,.T.);
#4450 = VERTEX_POINT('',#4451);
#4451 = CARTESIAN_POINT('',(4.969112495784,-2.582231787475,12.8));
#4452 = LINE('',#4453,#4454);
#4453 = CARTESIAN_POINT('',(4.720834574305,-3.012261761874,12.8));
#4454 = VECTOR('',#4455,1.);
#4455 = DIRECTION('',(0.5,0.866025403784,0.));
#4456 = ORIENTED_EDGE('',*,*,#4457,.F.);
#4457 = EDGE_CURVE('',#405,#4450,#4458,.T.);
#4458 = LINE('',#4459,#4460);
#4459 = CARTESIAN_POINT('',(4.969112495784,-2.582231787475,6.8));
#4460 = VECTOR('',#4461,1.);
#4461 = DIRECTION('',(0.,0.,1.));
#4462 = PLANE('',#4463);
#4463 = AXIS2_PLACEMENT_3D('',#4464,#4465,#4466);
#4464 = CARTESIAN_POINT('',(4.720834574305,-3.012261761874,6.8));
#4465 = DIRECTION('',(-0.866025403784,0.5,0.));
#4466 = DIRECTION('',(0.5,0.866025403784,0.));
#4467 = ADVANCED_FACE('',(#4468),#4486,.F.);
#4468 = FACE_BOUND('',#4469,.F.);
#4469 = EDGE_LOOP('',(#4470,#4471,#4472,#4480));
#4470 = ORIENTED_EDGE('',*,*,#404,.T.);
#4471 = ORIENTED_EDGE('',*,*,#4457,.T.);
#4472 = ORIENTED_EDGE('',*,*,#4473,.T.);
#4473 = EDGE_CURVE('',#4450,#4474,#4476,.T.);
#4474 = VERTEX_POINT('',#4475);
#4475 = CARTESIAN_POINT('',(4.891556370284,-2.434328836931,12.8));
#4476 = LINE('',#4477,#4478);
#4477 = CARTESIAN_POINT('',(4.969112495784,-2.582231787475,12.8));
#4478 = VECTOR('',#4479,1.);
#4479 = DIRECTION('',(-0.464397651666,0.885626795624,0.));
#4480 = ORIENTED_EDGE('',*,*,#4481,.F.);
#4481 = EDGE_CURVE('',#397,#4474,#4482,.T.);
#4482 = LINE('',#4483,#4484);
#4483 = CARTESIAN_POINT('',(4.891556370284,-2.434328836931,6.8));
#4484 = VECTOR('',#4485,1.);
#4485 = DIRECTION('',(0.,0.,1.));
#4486 = PLANE('',#4487);
#4487 = AXIS2_PLACEMENT_3D('',#4488,#4489,#4490);
#4488 = CARTESIAN_POINT('',(4.969112495784,-2.582231787475,6.8));
#4489 = DIRECTION('',(-0.885626795624,-0.464397651666,0.));
#4490 = DIRECTION('',(-0.464397651666,0.885626795624,0.));
#4491 = ADVANCED_FACE('',(#4492),#4510,.F.);
#4492 = FACE_BOUND('',#4493,.F.);
#4493 = EDGE_LOOP('',(#4494,#4495,#4496,#4504));
#4494 = ORIENTED_EDGE('',*,*,#396,.T.);
#4495 = ORIENTED_EDGE('',*,*,#4481,.T.);
#4496 = ORIENTED_EDGE('',*,*,#4497,.T.);
#4497 = EDGE_CURVE('',#4474,#4498,#4500,.T.);
#4498 = VERTEX_POINT('',#4499);
#4499 = CARTESIAN_POINT('',(4.808298063059,-2.294324160478,12.8));
#4500 = LINE('',#4501,#4502);
#4501 = CARTESIAN_POINT('',(4.891556370284,-2.434328836931,12.8));
#4502 = VECTOR('',#4503,1.);
#4503 = DIRECTION('',(-0.511131104088,0.859502759992,0.));
#4504 = ORIENTED_EDGE('',*,*,#4505,.F.);
#4505 = EDGE_CURVE('',#389,#4498,#4506,.T.);
#4506 = LINE('',#4507,#4508);
#4507 = CARTESIAN_POINT('',(4.808298063059,-2.294324160478,6.8));
#4508 = VECTOR('',#4509,1.);
#4509 = DIRECTION('',(0.,0.,1.));
#4510 = PLANE('',#4511);
#4511 = AXIS2_PLACEMENT_3D('',#4512,#4513,#4514);
#4512 = CARTESIAN_POINT('',(4.891556370284,-2.434328836931,6.8));
#4513 = DIRECTION('',(-0.859502759992,-0.511131104088,0.));
#4514 = DIRECTION('',(-0.511131104088,0.859502759992,0.));
#4515 = ADVANCED_FACE('',(#4516),#4534,.F.);
#4516 = FACE_BOUND('',#4517,.F.);
#4517 = EDGE_LOOP('',(#4518,#4519,#4520,#4528));
#4518 = ORIENTED_EDGE('',*,*,#388,.T.);
#4519 = ORIENTED_EDGE('',*,*,#4505,.T.);
#4520 = ORIENTED_EDGE('',*,*,#4521,.T.);
#4521 = EDGE_CURVE('',#4498,#4522,#4524,.T.);
#4522 = VERTEX_POINT('',#4523);
#4523 = CARTESIAN_POINT('',(4.719525415831,-2.162683256763,12.8));
#4524 = LINE('',#4525,#4526);
#4525 = CARTESIAN_POINT('',(4.808298063059,-2.294324160478,12.8));
#4526 = VECTOR('',#4527,1.);
#4527 = DIRECTION('',(-0.559105184694,0.829096732866,0.));
#4528 = ORIENTED_EDGE('',*,*,#4529,.F.);
#4529 = EDGE_CURVE('',#381,#4522,#4530,.T.);
#4530 = LINE('',#4531,#4532);
#4531 = CARTESIAN_POINT('',(4.719525415831,-2.162683256763,6.8));
#4532 = VECTOR('',#4533,1.);
#4533 = DIRECTION('',(0.,0.,1.));
#4534 = PLANE('',#4535);
#4535 = AXIS2_PLACEMENT_3D('',#4536,#4537,#4538);
#4536 = CARTESIAN_POINT('',(4.808298063059,-2.294324160478,6.8));
#4537 = DIRECTION('',(-0.829096732866,-0.559105184694,0.));
#4538 = DIRECTION('',(-0.559105184694,0.829096732866,0.));
#4539 = ADVANCED_FACE('',(#4540),#4558,.F.);
#4540 = FACE_BOUND('',#4541,.F.);
#4541 = EDGE_LOOP('',(#4542,#4543,#4544,#4552));
#4542 = ORIENTED_EDGE('',*,*,#380,.T.);
#4543 = ORIENTED_EDGE('',*,*,#4529,.T.);
#4544 = ORIENTED_EDGE('',*,*,#4545,.T.);
#4545 = EDGE_CURVE('',#4522,#4546,#4548,.T.);
#4546 = VERTEX_POINT('',#4547);
#4547 = CARTESIAN_POINT('',(4.625384710852,-2.039973797911,12.8));
#4548 = LINE('',#4549,#4550);
#4549 = CARTESIAN_POINT('',(4.719525415831,-2.162683256763,12.8));
#4550 = VECTOR('',#4551,1.);
#4551 = DIRECTION('',(-0.608689905396,0.793408217168,0.));
#4552 = ORIENTED_EDGE('',*,*,#4553,.F.);
#4553 = EDGE_CURVE('',#373,#4546,#4554,.T.);
#4554 = LINE('',#4555,#4556);
#4555 = CARTESIAN_POINT('',(4.625384710852,-2.039973797911,6.8));
#4556 = VECTOR('',#4557,1.);
#4557 = DIRECTION('',(0.,0.,1.));
#4558 = PLANE('',#4559);
#4559 = AXIS2_PLACEMENT_3D('',#4560,#4561,#4562);
#4560 = CARTESIAN_POINT('',(4.719525415831,-2.162683256763,6.8));
#4561 = DIRECTION('',(-0.793408217168,-0.608689905396,0.));
#4562 = DIRECTION('',(-0.608689905396,0.793408217168,0.));
#4563 = ADVANCED_FACE('',(#4564),#4575,.F.);
#4564 = FACE_BOUND('',#4565,.F.);
#4565 = EDGE_LOOP('',(#4566,#4567,#4568,#4574));
#4566 = ORIENTED_EDGE('',*,*,#372,.T.);
#4567 = ORIENTED_EDGE('',*,*,#4553,.T.);
#4568 = ORIENTED_EDGE('',*,*,#4569,.T.);
#4569 = EDGE_CURVE('',#4546,#1728,#4570,.T.);
#4570 = LINE('',#4571,#4572);
#4571 = CARTESIAN_POINT('',(4.625384710852,-2.039973797911,12.8));
#4572 = VECTOR('',#4573,1.);
#4573 = DIRECTION('',(-0.660503020377,0.75082338807,0.));
#4574 = ORIENTED_EDGE('',*,*,#1736,.F.);
#4575 = PLANE('',#4576);
#4576 = AXIS2_PLACEMENT_3D('',#4577,#4578,#4579);
#4577 = CARTESIAN_POINT('',(4.625384710852,-2.039973797911,6.8));
#4578 = DIRECTION('',(-0.75082338807,-0.660503020377,0.));
#4579 = DIRECTION('',(-0.660503020377,0.75082338807,0.));
#4580 = ADVANCED_FACE('',(#4581),#4599,.F.);
#4581 = FACE_BOUND('',#4582,.F.);
#4582 = EDGE_LOOP('',(#4583,#4584,#4585,#4593));
#4583 = ORIENTED_EDGE('',*,*,#355,.T.);
#4584 = ORIENTED_EDGE('',*,*,#1743,.T.);
#4585 = ORIENTED_EDGE('',*,*,#4586,.T.);
#4586 = EDGE_CURVE('',#1437,#4587,#4589,.T.);
#4587 = VERTEX_POINT('',#4588);
#4588 = CARTESIAN_POINT('',(5.025687560829,-0.54602322338,12.8));
#4589 = LINE('',#4590,#4591);
#4590 = CARTESIAN_POINT('',(4.883058469481,-0.594194412264,12.8));
#4591 = VECTOR('',#4592,1.);
#4592 = DIRECTION('',(0.947424088958,0.319980617636,0.));
#4593 = ORIENTED_EDGE('',*,*,#4594,.F.);
#4594 = EDGE_CURVE('',#348,#4587,#4595,.T.);
#4595 = LINE('',#4596,#4597);
#4596 = CARTESIAN_POINT('',(5.025687560829,-0.54602322338,6.8));
#4597 = VECTOR('',#4598,1.);
#4598 = DIRECTION('',(0.,0.,1.));
#4599 = PLANE('',#4600);
#4600 = AXIS2_PLACEMENT_3D('',#4601,#4602,#4603);
#4601 = CARTESIAN_POINT('',(4.883058469481,-0.594194412264,6.8));
#4602 = DIRECTION('',(-0.319980617636,0.947424088958,0.));
#4603 = DIRECTION('',(0.947424088958,0.319980617636,0.));
#4604 = ADVANCED_FACE('',(#4605),#4623,.F.);
#4605 = FACE_BOUND('',#4606,.F.);
#4606 = EDGE_LOOP('',(#4607,#4608,#4609,#4617));
#4607 = ORIENTED_EDGE('',*,*,#347,.T.);
#4608 = ORIENTED_EDGE('',*,*,#4594,.T.);
#4609 = ORIENTED_EDGE('',*,*,#4610,.T.);
#4610 = EDGE_CURVE('',#4587,#4611,#4613,.T.);
#4611 = VERTEX_POINT('',#4612);
#4612 = CARTESIAN_POINT('',(5.168570532297,-0.486824067219,12.8));
#4613 = LINE('',#4614,#4615);
#4614 = CARTESIAN_POINT('',(5.025687560829,-0.54602322338,12.8));
#4615 = VECTOR('',#4616,1.);
#4616 = DIRECTION('',(0.923845029684,0.38276671894,0.));
#4617 = ORIENTED_EDGE('',*,*,#4618,.F.);
#4618 = EDGE_CURVE('',#340,#4611,#4619,.T.);
#4619 = LINE('',#4620,#4621);
#4620 = CARTESIAN_POINT('',(5.168570532297,-0.486824067219,6.8));
#4621 = VECTOR('',#4622,1.);
#4622 = DIRECTION('',(0.,0.,1.));
#4623 = PLANE('',#4624);
#4624 = AXIS2_PLACEMENT_3D('',#4625,#4626,#4627);
#4625 = CARTESIAN_POINT('',(5.025687560829,-0.54602322338,6.8));
#4626 = DIRECTION('',(-0.38276671894,0.923845029684,0.));
#4627 = DIRECTION('',(0.923845029684,0.38276671894,0.));
#4628 = ADVANCED_FACE('',(#4629),#4647,.F.);
#4629 = FACE_BOUND('',#4630,.F.);
#4630 = EDGE_LOOP('',(#4631,#4632,#4633,#4641));
#4631 = ORIENTED_EDGE('',*,*,#339,.T.);
#4632 = ORIENTED_EDGE('',*,*,#4618,.T.);
#4633 = ORIENTED_EDGE('',*,*,#4634,.T.);
#4634 = EDGE_CURVE('',#4611,#4635,#4637,.T.);
#4635 = VERTEX_POINT('',#4636);
#4636 = CARTESIAN_POINT('',(5.311270351815,-0.417206024039,12.8));
#4637 = LINE('',#4638,#4639);
#4638 = CARTESIAN_POINT('',(5.168570532297,-0.486824067219,12.8));
#4639 = VECTOR('',#4640,1.);
#4640 = DIRECTION('',(0.898747659765,0.438466240509,0.));
#4641 = ORIENTED_EDGE('',*,*,#4642,.F.);
#4642 = EDGE_CURVE('',#332,#4635,#4643,.T.);
#4643 = LINE('',#4644,#4645);
#4644 = CARTESIAN_POINT('',(5.311270351815,-0.417206024039,6.8));
#4645 = VECTOR('',#4646,1.);
#4646 = DIRECTION('',(0.,0.,1.));
#4647 = PLANE('',#4648);
#4648 = AXIS2_PLACEMENT_3D('',#4649,#4650,#4651);
#4649 = CARTESIAN_POINT('',(5.168570532297,-0.486824067219,6.8));
#4650 = DIRECTION('',(-0.438466240509,0.898747659765,0.));
#4651 = DIRECTION('',(0.898747659765,0.438466240509,0.));
#4652 = ADVANCED_FACE('',(#4653),#4671,.F.);
#4653 = FACE_BOUND('',#4654,.F.);
#4654 = EDGE_LOOP('',(#4655,#4656,#4657,#4665));
#4655 = ORIENTED_EDGE('',*,*,#331,.T.);
#4656 = ORIENTED_EDGE('',*,*,#4642,.T.);
#4657 = ORIENTED_EDGE('',*,*,#4658,.T.);
#4658 = EDGE_CURVE('',#4635,#4659,#4661,.T.);
#4659 = VERTEX_POINT('',#4660);
#4660 = CARTESIAN_POINT('',(5.453376499175,-0.337587571195,12.8));
#4661 = LINE('',#4662,#4663);
#4662 = CARTESIAN_POINT('',(5.311270351815,-0.417206024039,12.8));
#4663 = VECTOR('',#4664,1.);
#4664 = DIRECTION('',(0.872403900801,0.488785672731,0.));
#4665 = ORIENTED_EDGE('',*,*,#4666,.F.);
#4666 = EDGE_CURVE('',#324,#4659,#4667,.T.);
#4667 = LINE('',#4668,#4669);
#4668 = CARTESIAN_POINT('',(5.453376499175,-0.337587571195,6.8));
#4669 = VECTOR('',#4670,1.);
#4670 = DIRECTION('',(0.,0.,1.));
#4671 = PLANE('',#4672);
#4672 = AXIS2_PLACEMENT_3D('',#4673,#4674,#4675);
#4673 = CARTESIAN_POINT('',(5.311270351815,-0.417206024039,6.8));
#4674 = DIRECTION('',(-0.488785672731,0.872403900801,0.));
#4675 = DIRECTION('',(0.872403900801,0.488785672731,0.));
#4676 = ADVANCED_FACE('',(#4677),#4695,.F.);
#4677 = FACE_BOUND('',#4678,.F.);
#4678 = EDGE_LOOP('',(#4679,#4680,#4681,#4689));
#4679 = ORIENTED_EDGE('',*,*,#323,.T.);
#4680 = ORIENTED_EDGE('',*,*,#4666,.T.);
#4681 = ORIENTED_EDGE('',*,*,#4682,.T.);
#4682 = EDGE_CURVE('',#4659,#4683,#4685,.T.);
#4683 = VERTEX_POINT('',#4684);
#4684 = CARTESIAN_POINT('',(5.594493549349,-0.248277921479,12.8));
#4685 = LINE('',#4686,#4687);
#4686 = CARTESIAN_POINT('',(5.453376499175,-0.337587571195,12.8));
#4687 = VECTOR('',#4688,1.);
#4688 = DIRECTION('',(0.844993561613,0.534776477449,0.));
#4689 = ORIENTED_EDGE('',*,*,#4690,.F.);
#4690 = EDGE_CURVE('',#316,#4683,#4691,.T.);
#4691 = LINE('',#4692,#4693);
#4692 = CARTESIAN_POINT('',(5.594493549349,-0.248277921479,6.8));
#4693 = VECTOR('',#4694,1.);
#4694 = DIRECTION('',(0.,0.,1.));
#4695 = PLANE('',#4696);
#4696 = AXIS2_PLACEMENT_3D('',#4697,#4698,#4699);
#4697 = CARTESIAN_POINT('',(5.453376499175,-0.337587571195,6.8));
#4698 = DIRECTION('',(-0.534776477449,0.844993561613,0.));
#4699 = DIRECTION('',(0.844993561613,0.534776477449,0.));
#4700 = ADVANCED_FACE('',(#4701),#4719,.F.);
#4701 = FACE_BOUND('',#4702,.F.);
#4702 = EDGE_LOOP('',(#4703,#4704,#4705,#4713));
#4703 = ORIENTED_EDGE('',*,*,#315,.T.);
#4704 = ORIENTED_EDGE('',*,*,#4690,.T.);
#4705 = ORIENTED_EDGE('',*,*,#4706,.T.);
#4706 = EDGE_CURVE('',#4683,#4707,#4709,.T.);
#4707 = VERTEX_POINT('',#4708);
#4708 = CARTESIAN_POINT('',(5.594493549349,0.248277921479,12.8));
#4709 = LINE('',#4710,#4711);
#4710 = CARTESIAN_POINT('',(5.594493549349,-0.248277921479,12.8));
#4711 = VECTOR('',#4712,1.);
#4712 = DIRECTION('',(0.,1.,0.));
#4713 = ORIENTED_EDGE('',*,*,#4714,.F.);
#4714 = EDGE_CURVE('',#308,#4707,#4715,.T.);
#4715 = LINE('',#4716,#4717);
#4716 = CARTESIAN_POINT('',(5.594493549349,0.248277921479,6.8));
#4717 = VECTOR('',#4718,1.);
#4718 = DIRECTION('',(0.,0.,1.));
#4719 = PLANE('',#4720);
#4720 = AXIS2_PLACEMENT_3D('',#4721,#4722,#4723);
#4721 = CARTESIAN_POINT('',(5.594493549349,-0.248277921479,6.8));
#4722 = DIRECTION('',(-1.,0.,0.));
#4723 = DIRECTION('',(0.,1.,0.));
#4724 = ADVANCED_FACE('',(#4725),#4743,.F.);
#4725 = FACE_BOUND('',#4726,.F.);
#4726 = EDGE_LOOP('',(#4727,#4728,#4729,#4737));
#4727 = ORIENTED_EDGE('',*,*,#307,.T.);
#4728 = ORIENTED_EDGE('',*,*,#4714,.T.);
#4729 = ORIENTED_EDGE('',*,*,#4730,.T.);
#4730 = EDGE_CURVE('',#4707,#4731,#4733,.T.);
#4731 = VERTEX_POINT('',#4732);
#4732 = CARTESIAN_POINT('',(5.453376499175,0.337587571195,12.8));
#4733 = LINE('',#4734,#4735);
#4734 = CARTESIAN_POINT('',(5.594493549349,0.248277921479,12.8));
#4735 = VECTOR('',#4736,1.);
#4736 = DIRECTION('',(-0.844993561613,0.534776477449,0.));
#4737 = ORIENTED_EDGE('',*,*,#4738,.F.);
#4738 = EDGE_CURVE('',#300,#4731,#4739,.T.);
#4739 = LINE('',#4740,#4741);
#4740 = CARTESIAN_POINT('',(5.453376499175,0.337587571195,6.8));
#4741 = VECTOR('',#4742,1.);
#4742 = DIRECTION('',(0.,0.,1.));
#4743 = PLANE('',#4744);
#4744 = AXIS2_PLACEMENT_3D('',#4745,#4746,#4747);
#4745 = CARTESIAN_POINT('',(5.594493549349,0.248277921479,6.8));
#4746 = DIRECTION('',(-0.534776477449,-0.844993561613,0.));
#4747 = DIRECTION('',(-0.844993561613,0.534776477449,0.));
#4748 = ADVANCED_FACE('',(#4749),#4767,.F.);
#4749 = FACE_BOUND('',#4750,.F.);
#4750 = EDGE_LOOP('',(#4751,#4752,#4753,#4761));
#4751 = ORIENTED_EDGE('',*,*,#299,.T.);
#4752 = ORIENTED_EDGE('',*,*,#4738,.T.);
#4753 = ORIENTED_EDGE('',*,*,#4754,.T.);
#4754 = EDGE_CURVE('',#4731,#4755,#4757,.T.);
#4755 = VERTEX_POINT('',#4756);
#4756 = CARTESIAN_POINT('',(5.311270351815,0.417206024039,12.8));
#4757 = LINE('',#4758,#4759);
#4758 = CARTESIAN_POINT('',(5.453376499175,0.337587571195,12.8));
#4759 = VECTOR('',#4760,1.);
#4760 = DIRECTION('',(-0.872403900801,0.488785672731,0.));
#4761 = ORIENTED_EDGE('',*,*,#4762,.F.);
#4762 = EDGE_CURVE('',#292,#4755,#4763,.T.);
#4763 = LINE('',#4764,#4765);
#4764 = CARTESIAN_POINT('',(5.311270351815,0.417206024039,6.8));
#4765 = VECTOR('',#4766,1.);
#4766 = DIRECTION('',(0.,0.,1.));
#4767 = PLANE('',#4768);
#4768 = AXIS2_PLACEMENT_3D('',#4769,#4770,#4771);
#4769 = CARTESIAN_POINT('',(5.453376499175,0.337587571195,6.8));
#4770 = DIRECTION('',(-0.488785672731,-0.872403900801,0.));
#4771 = DIRECTION('',(-0.872403900801,0.488785672731,0.));
#4772 = ADVANCED_FACE('',(#4773),#4791,.F.);
#4773 = FACE_BOUND('',#4774,.F.);
#4774 = EDGE_LOOP('',(#4775,#4776,#4777,#4785));
#4775 = ORIENTED_EDGE('',*,*,#291,.T.);
#4776 = ORIENTED_EDGE('',*,*,#4762,.T.);
#4777 = ORIENTED_EDGE('',*,*,#4778,.T.);
#4778 = EDGE_CURVE('',#4755,#4779,#4781,.T.);
#4779 = VERTEX_POINT('',#4780);
#4780 = CARTESIAN_POINT('',(5.168570532297,0.486824067219,12.8));
#4781 = LINE('',#4782,#4783);
#4782 = CARTESIAN_POINT('',(5.311270351815,0.417206024039,12.8));
#4783 = VECTOR('',#4784,1.);
#4784 = DIRECTION('',(-0.898747659765,0.438466240509,0.));
#4785 = ORIENTED_EDGE('',*,*,#4786,.F.);
#4786 = EDGE_CURVE('',#284,#4779,#4787,.T.);
#4787 = LINE('',#4788,#4789);
#4788 = CARTESIAN_POINT('',(5.168570532297,0.486824067219,6.8));
#4789 = VECTOR('',#4790,1.);
#4790 = DIRECTION('',(0.,0.,1.));
#4791 = PLANE('',#4792);
#4792 = AXIS2_PLACEMENT_3D('',#4793,#4794,#4795);
#4793 = CARTESIAN_POINT('',(5.311270351815,0.417206024039,6.8));
#4794 = DIRECTION('',(-0.438466240509,-0.898747659765,0.));
#4795 = DIRECTION('',(-0.898747659765,0.438466240509,0.));
#4796 = ADVANCED_FACE('',(#4797),#4815,.F.);
#4797 = FACE_BOUND('',#4798,.F.);
#4798 = EDGE_LOOP('',(#4799,#4800,#4801,#4809));
#4799 = ORIENTED_EDGE('',*,*,#283,.T.);
#4800 = ORIENTED_EDGE('',*,*,#4786,.T.);
#4801 = ORIENTED_EDGE('',*,*,#4802,.T.);
#4802 = EDGE_CURVE('',#4779,#4803,#4805,.T.);
#4803 = VERTEX_POINT('',#4804);
#4804 = CARTESIAN_POINT('',(5.025687560829,0.54602322338,12.8));
#4805 = LINE('',#4806,#4807);
#4806 = CARTESIAN_POINT('',(5.168570532297,0.486824067219,12.8));
#4807 = VECTOR('',#4808,1.);
#4808 = DIRECTION('',(-0.923845029684,0.38276671894,0.));
#4809 = ORIENTED_EDGE('',*,*,#4810,.F.);
#4810 = EDGE_CURVE('',#276,#4803,#4811,.T.);
#4811 = LINE('',#4812,#4813);
#4812 = CARTESIAN_POINT('',(5.025687560829,0.54602322338,6.8));
#4813 = VECTOR('',#4814,1.);
#4814 = DIRECTION('',(0.,0.,1.));
#4815 = PLANE('',#4816);
#4816 = AXIS2_PLACEMENT_3D('',#4817,#4818,#4819);
#4817 = CARTESIAN_POINT('',(5.168570532297,0.486824067219,6.8));
#4818 = DIRECTION('',(-0.38276671894,-0.923845029684,0.));
#4819 = DIRECTION('',(-0.923845029684,0.38276671894,0.));
#4820 = ADVANCED_FACE('',(#4821),#4832,.F.);
#4821 = FACE_BOUND('',#4822,.F.);
#4822 = EDGE_LOOP('',(#4823,#4824,#4825,#4831));
#4823 = ORIENTED_EDGE('',*,*,#275,.T.);
#4824 = ORIENTED_EDGE('',*,*,#4810,.T.);
#4825 = ORIENTED_EDGE('',*,*,#4826,.T.);
#4826 = EDGE_CURVE('',#4803,#1464,#4827,.T.);
#4827 = LINE('',#4828,#4829);
#4828 = CARTESIAN_POINT('',(5.025687560829,0.54602322338,12.8));
#4829 = VECTOR('',#4830,1.);
#4830 = DIRECTION('',(-0.947424088958,0.319980617636,0.));
#4831 = ORIENTED_EDGE('',*,*,#1472,.F.);
#4832 = PLANE('',#4833);
#4833 = AXIS2_PLACEMENT_3D('',#4834,#4835,#4836);
#4834 = CARTESIAN_POINT('',(5.025687560829,0.54602322338,6.8));
#4835 = DIRECTION('',(-0.319980617636,-0.947424088958,0.));
#4836 = DIRECTION('',(-0.947424088958,0.319980617636,0.));
#4837 = ADVANCED_FACE('',(#4838),#4853,.T.);
#4838 = FACE_BOUND('',#4839,.T.);
#4839 = EDGE_LOOP('',(#4840,#4841,#4842,#4843,#4844,#4845,#4846,#4847,
    #4848,#4849,#4850,#4851,#4852));
#4840 = ORIENTED_EDGE('',*,*,#1436,.F.);
#4841 = ORIENTED_EDGE('',*,*,#4586,.T.);
#4842 = ORIENTED_EDGE('',*,*,#4610,.T.);
#4843 = ORIENTED_EDGE('',*,*,#4634,.T.);
#4844 = ORIENTED_EDGE('',*,*,#4658,.T.);
#4845 = ORIENTED_EDGE('',*,*,#4682,.T.);
#4846 = ORIENTED_EDGE('',*,*,#4706,.T.);
#4847 = ORIENTED_EDGE('',*,*,#4730,.T.);
#4848 = ORIENTED_EDGE('',*,*,#4754,.T.);
#4849 = ORIENTED_EDGE('',*,*,#4778,.T.);
#4850 = ORIENTED_EDGE('',*,*,#4802,.T.);
#4851 = ORIENTED_EDGE('',*,*,#4826,.T.);
#4852 = ORIENTED_EDGE('',*,*,#1463,.F.);
#4853 = PLANE('',#4854);
#4854 = AXIS2_PLACEMENT_3D('',#4855,#4856,#4857);
#4855 = CARTESIAN_POINT('',(4.593021946093,-1.E-17,12.8));
#4856 = DIRECTION('',(0.,0.,1.));
#4857 = DIRECTION('',(1.,0.,0.));
#4858 = ADVANCED_FACE('',(#4859),#4873,.T.);
#4859 = FACE_BOUND('',#4860,.T.);
#4860 = EDGE_LOOP('',(#4861,#4862,#4863,#4864,#4865,#4866,#4867,#4868,
    #4869,#4870,#4871,#4872));
#4861 = ORIENTED_EDGE('',*,*,#1727,.F.);
#4862 = ORIENTED_EDGE('',*,*,#4329,.T.);
#4863 = ORIENTED_EDGE('',*,*,#4353,.T.);
#4864 = ORIENTED_EDGE('',*,*,#4377,.T.);
#4865 = ORIENTED_EDGE('',*,*,#4401,.T.);
#4866 = ORIENTED_EDGE('',*,*,#4425,.T.);
#4867 = ORIENTED_EDGE('',*,*,#4449,.T.);
#4868 = ORIENTED_EDGE('',*,*,#4473,.T.);
#4869 = ORIENTED_EDGE('',*,*,#4497,.T.);
#4870 = ORIENTED_EDGE('',*,*,#4521,.T.);
#4871 = ORIENTED_EDGE('',*,*,#4545,.T.);
#4872 = ORIENTED_EDGE('',*,*,#4569,.T.);
#4873 = PLANE('',#4874);
#4874 = AXIS2_PLACEMENT_3D('',#4875,#4876,#4877);
#4875 = CARTESIAN_POINT('',(3.977673685456,-2.296510973047,12.8));
#4876 = DIRECTION('',(0.,0.,1.));
#4877 = DIRECTION('',(1.,0.,0.));
#4878 = ADVANCED_FACE('',(#4879),#4893,.T.);
#4879 = FACE_BOUND('',#4880,.T.);
#4880 = EDGE_LOOP('',(#4881,#4882,#4883,#4884,#4885,#4886,#4887,#4888,
    #4889,#4890,#4891,#4892));
#4881 = ORIENTED_EDGE('',*,*,#1703,.F.);
#4882 = ORIENTED_EDGE('',*,*,#4072,.T.);
#4883 = ORIENTED_EDGE('',*,*,#4096,.T.);
#4884 = ORIENTED_EDGE('',*,*,#4120,.T.);
#4885 = ORIENTED_EDGE('',*,*,#4144,.T.);
#4886 = ORIENTED_EDGE('',*,*,#4168,.T.);
#4887 = ORIENTED_EDGE('',*,*,#4192,.T.);
#4888 = ORIENTED_EDGE('',*,*,#4216,.T.);
#4889 = ORIENTED_EDGE('',*,*,#4240,.T.);
#4890 = ORIENTED_EDGE('',*,*,#4264,.T.);
#4891 = ORIENTED_EDGE('',*,*,#4288,.T.);
#4892 = ORIENTED_EDGE('',*,*,#4312,.T.);
#4893 = PLANE('',#4894);
#4894 = AXIS2_PLACEMENT_3D('',#4895,#4896,#4897);
#4895 = CARTESIAN_POINT('',(2.296510973047,-3.977673685456,12.8));
#4896 = DIRECTION('',(0.,0.,1.));
#4897 = DIRECTION('',(1.,0.,0.));
#4898 = ADVANCED_FACE('',(#4899),#4913,.T.);
#4899 = FACE_BOUND('',#4900,.T.);
#4900 = EDGE_LOOP('',(#4901,#4902,#4903,#4904,#4905,#4906,#4907,#4908,
    #4909,#4910,#4911,#4912));
#4901 = ORIENTED_EDGE('',*,*,#1679,.F.);
#4902 = ORIENTED_EDGE('',*,*,#3815,.T.);
#4903 = ORIENTED_EDGE('',*,*,#3839,.T.);
#4904 = ORIENTED_EDGE('',*,*,#3863,.T.);
#4905 = ORIENTED_EDGE('',*,*,#3887,.T.);
#4906 = ORIENTED_EDGE('',*,*,#3911,.T.);
#4907 = ORIENTED_EDGE('',*,*,#3935,.T.);
#4908 = ORIENTED_EDGE('',*,*,#3959,.T.);
#4909 = ORIENTED_EDGE('',*,*,#3983,.T.);
#4910 = ORIENTED_EDGE('',*,*,#4007,.T.);
#4911 = ORIENTED_EDGE('',*,*,#4031,.T.);
#4912 = ORIENTED_EDGE('',*,*,#4055,.T.);
#4913 = PLANE('',#4914);
#4914 = AXIS2_PLACEMENT_3D('',#4915,#4916,#4917);
#4915 = CARTESIAN_POINT('',(-7.6E-16,-4.593021946093,12.8));
#4916 = DIRECTION('',(0.,0.,1.));
#4917 = DIRECTION('',(1.,0.,0.));
#4918 = ADVANCED_FACE('',(#4919),#4933,.T.);
#4919 = FACE_BOUND('',#4920,.T.);
#4920 = EDGE_LOOP('',(#4921,#4922,#4923,#4924,#4925,#4926,#4927,#4928,
    #4929,#4930,#4931,#4932));
#4921 = ORIENTED_EDGE('',*,*,#1655,.F.);
#4922 = ORIENTED_EDGE('',*,*,#3558,.T.);
#4923 = ORIENTED_EDGE('',*,*,#3582,.T.);
#4924 = ORIENTED_EDGE('',*,*,#3606,.T.);
#4925 = ORIENTED_EDGE('',*,*,#3630,.T.);
#4926 = ORIENTED_EDGE('',*,*,#3654,.T.);
#4927 = ORIENTED_EDGE('',*,*,#3678,.T.);
#4928 = ORIENTED_EDGE('',*,*,#3702,.T.);
#4929 = ORIENTED_EDGE('',*,*,#3726,.T.);
#4930 = ORIENTED_EDGE('',*,*,#3750,.T.);
#4931 = ORIENTED_EDGE('',*,*,#3774,.T.);
#4932 = ORIENTED_EDGE('',*,*,#3798,.T.);
#4933 = PLANE('',#4934);
#4934 = AXIS2_PLACEMENT_3D('',#4935,#4936,#4937);
#4935 = CARTESIAN_POINT('',(-2.296510973047,-3.977673685456,12.8));
#4936 = DIRECTION('',(0.,0.,1.));
#4937 = DIRECTION('',(1.,0.,0.));
#4938 = ADVANCED_FACE('',(#4939),#4953,.T.);
#4939 = FACE_BOUND('',#4940,.T.);
#4940 = EDGE_LOOP('',(#4941,#4942,#4943,#4944,#4945,#4946,#4947,#4948,
    #4949,#4950,#4951,#4952));
#4941 = ORIENTED_EDGE('',*,*,#1631,.F.);
#4942 = ORIENTED_EDGE('',*,*,#3301,.T.);
#4943 = ORIENTED_EDGE('',*,*,#3325,.T.);
#4944 = ORIENTED_EDGE('',*,*,#3349,.T.);
#4945 = ORIENTED_EDGE('',*,*,#3373,.T.);
#4946 = ORIENTED_EDGE('',*,*,#3397,.T.);
#4947 = ORIENTED_EDGE('',*,*,#3421,.T.);
#4948 = ORIENTED_EDGE('',*,*,#3445,.T.);
#4949 = ORIENTED_EDGE('',*,*,#3469,.T.);
#4950 = ORIENTED_EDGE('',*,*,#3493,.T.);
#4951 = ORIENTED_EDGE('',*,*,#3517,.T.);
#4952 = ORIENTED_EDGE('',*,*,#3541,.T.);
#4953 = PLANE('',#4954);
#4954 = AXIS2_PLACEMENT_3D('',#4955,#4956,#4957);
#4955 = CARTESIAN_POINT('',(-3.977673685456,-2.296510973047,12.8));
#4956 = DIRECTION('',(0.,0.,1.));
#4957 = DIRECTION('',(1.,0.,0.));
#4958 = ADVANCED_FACE('',(#4959),#4973,.T.);
#4959 = FACE_BOUND('',#4960,.T.);
#4960 = EDGE_LOOP('',(#4961,#4962,#4963,#4964,#4965,#4966,#4967,#4968,
    #4969,#4970,#4971,#4972));
#4961 = ORIENTED_EDGE('',*,*,#1607,.F.);
#4962 = ORIENTED_EDGE('',*,*,#3044,.T.);
#4963 = ORIENTED_EDGE('',*,*,#3068,.T.);
#4964 = ORIENTED_EDGE('',*,*,#3092,.T.);
#4965 = ORIENTED_EDGE('',*,*,#3116,.T.);
#4966 = ORIENTED_EDGE('',*,*,#3140,.T.);
#4967 = ORIENTED_EDGE('',*,*,#3164,.T.);
#4968 = ORIENTED_EDGE('',*,*,#3188,.T.);
#4969 = ORIENTED_EDGE('',*,*,#3212,.T.);
#4970 = ORIENTED_EDGE('',*,*,#3236,.T.);
#4971 = ORIENTED_EDGE('',*,*,#3260,.T.);
#4972 = ORIENTED_EDGE('',*,*,#3284,.T.);
#4973 = PLANE('',#4974);
#4974 = AXIS2_PLACEMENT_3D('',#4975,#4976,#4977);
#4975 = CARTESIAN_POINT('',(-4.593021946093,5.5E-16,12.8));
#4976 = DIRECTION('',(0.,0.,1.));
#4977 = DIRECTION('',(1.,0.,0.));
#4978 = ADVANCED_FACE('',(#4979),#4993,.T.);
#4979 = FACE_BOUND('',#4980,.T.);
#4980 = EDGE_LOOP('',(#4981,#4982,#4983,#4984,#4985,#4986,#4987,#4988,
    #4989,#4990,#4991,#4992));
#4981 = ORIENTED_EDGE('',*,*,#1583,.F.);
#4982 = ORIENTED_EDGE('',*,*,#2787,.T.);
#4983 = ORIENTED_EDGE('',*,*,#2811,.T.);
#4984 = ORIENTED_EDGE('',*,*,#2835,.T.);
#4985 = ORIENTED_EDGE('',*,*,#2859,.T.);
#4986 = ORIENTED_EDGE('',*,*,#2883,.T.);
#4987 = ORIENTED_EDGE('',*,*,#2907,.T.);
#4988 = ORIENTED_EDGE('',*,*,#2931,.T.);
#4989 = ORIENTED_EDGE('',*,*,#2955,.T.);
#4990 = ORIENTED_EDGE('',*,*,#2979,.T.);
#4991 = ORIENTED_EDGE('',*,*,#3003,.T.);
#4992 = ORIENTED_EDGE('',*,*,#3027,.T.);
#4993 = PLANE('',#4994);
#4994 = AXIS2_PLACEMENT_3D('',#4995,#4996,#4997);
#4995 = CARTESIAN_POINT('',(-3.977673685456,2.296510973047,12.8));
#4996 = DIRECTION('',(0.,0.,1.));
#4997 = DIRECTION('',(1.,0.,0.));
#4998 = ADVANCED_FACE('',(#4999),#5013,.T.);
#4999 = FACE_BOUND('',#5000,.T.);
#5000 = EDGE_LOOP('',(#5001,#5002,#5003,#5004,#5005,#5006,#5007,#5008,
    #5009,#5010,#5011,#5012));
#5001 = ORIENTED_EDGE('',*,*,#1559,.F.);
#5002 = ORIENTED_EDGE('',*,*,#2530,.T.);
#5003 = ORIENTED_EDGE('',*,*,#2554,.T.);
#5004 = ORIENTED_EDGE('',*,*,#2578,.T.);
#5005 = ORIENTED_EDGE('',*,*,#2602,.T.);
#5006 = ORIENTED_EDGE('',*,*,#2626,.T.);
#5007 = ORIENTED_EDGE('',*,*,#2650,.T.);
#5008 = ORIENTED_EDGE('',*,*,#2674,.T.);
#5009 = ORIENTED_EDGE('',*,*,#2698,.T.);
#5010 = ORIENTED_EDGE('',*,*,#2722,.T.);
#5011 = ORIENTED_EDGE('',*,*,#2746,.T.);
#5012 = ORIENTED_EDGE('',*,*,#2770,.T.);
#5013 = PLANE('',#5014);
#5014 = AXIS2_PLACEMENT_3D('',#5015,#5016,#5017);
#5015 = CARTESIAN_POINT('',(-2.296510973047,3.977673685456,12.8));
#5016 = DIRECTION('',(0.,0.,1.));
#5017 = DIRECTION('',(1.,0.,0.));
#5018 = ADVANCED_FACE('',(#5019),#5033,.T.);
#5019 = FACE_BOUND('',#5020,.T.);
#5020 = EDGE_LOOP('',(#5021,#5022,#5023,#5024,#5025,#5026,#5027,#5028,
    #5029,#5030,#5031,#5032));
#5021 = ORIENTED_EDGE('',*,*,#1535,.F.);
#5022 = ORIENTED_EDGE('',*,*,#2273,.T.);
#5023 = ORIENTED_EDGE('',*,*,#2297,.T.);
#5024 = ORIENTED_EDGE('',*,*,#2321,.T.);
#5025 = ORIENTED_EDGE('',*,*,#2345,.T.);
#5026 = ORIENTED_EDGE('',*,*,#2369,.T.);
#5027 = ORIENTED_EDGE('',*,*,#2393,.T.);
#5028 = ORIENTED_EDGE('',*,*,#2417,.T.);
#5029 = ORIENTED_EDGE('',*,*,#2441,.T.);
#5030 = ORIENTED_EDGE('',*,*,#2465,.T.);
#5031 = ORIENTED_EDGE('',*,*,#2489,.T.);
#5032 = ORIENTED_EDGE('',*,*,#2513,.T.);
#5033 = PLANE('',#5034);
#5034 = AXIS2_PLACEMENT_3D('',#5035,#5036,#5037);
#5035 = CARTESIAN_POINT('',(2.6E-16,4.593021946093,12.8));
#5036 = DIRECTION('',(0.,0.,1.));
#5037 = DIRECTION('',(1.,0.,0.));
#5038 = ADVANCED_FACE('',(#5039),#5053,.T.);
#5039 = FACE_BOUND('',#5040,.T.);
#5040 = EDGE_LOOP('',(#5041,#5042,#5043,#5044,#5045,#5046,#5047,#5048,
    #5049,#5050,#5051,#5052));
#5041 = ORIENTED_EDGE('',*,*,#1511,.F.);
#5042 = ORIENTED_EDGE('',*,*,#2016,.T.);
#5043 = ORIENTED_EDGE('',*,*,#2040,.T.);
#5044 = ORIENTED_EDGE('',*,*,#2064,.T.);
#5045 = ORIENTED_EDGE('',*,*,#2088,.T.);
#5046 = ORIENTED_EDGE('',*,*,#2112,.T.);
#5047 = ORIENTED_EDGE('',*,*,#2136,.T.);
#5048 = ORIENTED_EDGE('',*,*,#2160,.T.);
#5049 = ORIENTED_EDGE('',*,*,#2184,.T.);
#5050 = ORIENTED_EDGE('',*,*,#2208,.T.);
#5051 = ORIENTED_EDGE('',*,*,#2232,.T.);
#5052 = ORIENTED_EDGE('',*,*,#2256,.T.);
#5053 = PLANE('',#5054);
#5054 = AXIS2_PLACEMENT_3D('',#5055,#5056,#5057);
#5055 = CARTESIAN_POINT('',(2.296510973047,3.977673685456,12.8));
#5056 = DIRECTION('',(0.,0.,1.));
#5057 = DIRECTION('',(1.,0.,0.));
#5058 = ADVANCED_FACE('',(#5059),#5073,.T.);
#5059 = FACE_BOUND('',#5060,.T.);
#5060 = EDGE_LOOP('',(#5061,#5062,#5063,#5064,#5065,#5066,#5067,#5068,
    #5069,#5070,#5071,#5072));
#5061 = ORIENTED_EDGE('',*,*,#1487,.F.);
#5062 = ORIENTED_EDGE('',*,*,#1759,.T.);
#5063 = ORIENTED_EDGE('',*,*,#1783,.T.);
#5064 = ORIENTED_EDGE('',*,*,#1807,.T.);
#5065 = ORIENTED_EDGE('',*,*,#1831,.T.);
#5066 = ORIENTED_EDGE('',*,*,#1855,.T.);
#5067 = ORIENTED_EDGE('',*,*,#1879,.T.);
#5068 = ORIENTED_EDGE('',*,*,#1903,.T.);
#5069 = ORIENTED_EDGE('',*,*,#1927,.T.);
#5070 = ORIENTED_EDGE('',*,*,#1951,.T.);
#5071 = ORIENTED_EDGE('',*,*,#1975,.T.);
#5072 = ORIENTED_EDGE('',*,*,#1999,.T.);
#5073 = PLANE('',#5074);
#5074 = AXIS2_PLACEMENT_3D('',#5075,#5076,#5077);
#5075 = CARTESIAN_POINT('',(3.977673685456,2.296510973047,12.8));
#5076 = DIRECTION('',(0.,0.,1.));
#5077 = DIRECTION('',(1.,0.,0.));
#5078 = ADVANCED_FACE('',(#5079,#5082),#5129,.T.);
#5079 = FACE_BOUND('',#5080,.T.);
#5080 = EDGE_LOOP('',(#5081));
#5081 = ORIENTED_EDGE('',*,*,#1455,.T.);
#5082 = FACE_BOUND('',#5083,.T.);
#5083 = EDGE_LOOP('',(#5084,#5095,#5104,#5113,#5122));
#5084 = ORIENTED_EDGE('',*,*,#5085,.F.);
#5085 = EDGE_CURVE('',#5086,#5088,#5090,.T.);
#5086 = VERTEX_POINT('',#5087);
#5087 = CARTESIAN_POINT('',(2.327734375,0.584510632447,15.8));
#5088 = VERTEX_POINT('',#5089);
#5089 = CARTESIAN_POINT('',(-2.327734375,0.584510632447,15.8));
#5090 = CIRCLE('',#5091,2.4);
#5091 = AXIS2_PLACEMENT_3D('',#5092,#5093,#5094);
#5092 = CARTESIAN_POINT('',(0.,0.,15.8));
#5093 = DIRECTION('',(0.,0.,1.));
#5094 = DIRECTION('',(1.,0.,0.));
#5095 = ORIENTED_EDGE('',*,*,#5096,.F.);
#5096 = EDGE_CURVE('',#5097,#5086,#5099,.T.);
#5097 = VERTEX_POINT('',#5098);
#5098 = CARTESIAN_POINT('',(4.25,-8.881784197001E-16,15.8));
#5099 = CIRCLE('',#5100,1.05);
#5100 = AXIS2_PLACEMENT_3D('',#5101,#5102,#5103);
#5101 = CARTESIAN_POINT('',(3.2,0.,15.8));
#5102 = DIRECTION('',(0.,0.,1.));
#5103 = DIRECTION('',(1.,0.,0.));
#5104 = ORIENTED_EDGE('',*,*,#5105,.F.);
#5105 = EDGE_CURVE('',#5106,#5097,#5108,.T.);
#5106 = VERTEX_POINT('',#5107);
#5107 = CARTESIAN_POINT('',(2.327734375,-0.584510632447,15.8));
#5108 = CIRCLE('',#5109,1.05);
#5109 = AXIS2_PLACEMENT_3D('',#5110,#5111,#5112);
#5110 = CARTESIAN_POINT('',(3.2,0.,15.8));
#5111 = DIRECTION('',(0.,0.,1.));
#5112 = DIRECTION('',(1.,0.,0.));
#5113 = ORIENTED_EDGE('',*,*,#5114,.F.);
#5114 = EDGE_CURVE('',#5115,#5106,#5117,.T.);
#5115 = VERTEX_POINT('',#5116);
#5116 = CARTESIAN_POINT('',(-2.327734375,-0.584510632447,15.8));
#5117 = CIRCLE('',#5118,2.4);
#5118 = AXIS2_PLACEMENT_3D('',#5119,#5120,#5121);
#5119 = CARTESIAN_POINT('',(0.,0.,15.8));
#5120 = DIRECTION('',(0.,0.,1.));
#5121 = DIRECTION('',(1.,0.,0.));
#5122 = ORIENTED_EDGE('',*,*,#5123,.F.);
#5123 = EDGE_CURVE('',#5088,#5115,#5124,.T.);
#5124 = CIRCLE('',#5125,1.05);
#5125 = AXIS2_PLACEMENT_3D('',#5126,#5127,#5128);
#5126 = CARTESIAN_POINT('',(-3.2,0.,15.8));
#5127 = DIRECTION('',(0.,0.,1.));
#5128 = DIRECTION('',(1.,0.,0.));
#5129 = PLANE('',#5130);
#5130 = AXIS2_PLACEMENT_3D('',#5131,#5132,#5133);
#5131 = CARTESIAN_POINT('',(0.,0.,15.8));
#5132 = DIRECTION('',(0.,0.,1.));
#5133 = DIRECTION('',(1.,0.,0.));
#5134 = ADVANCED_FACE('',(#5135),#5161,.F.);
#5135 = FACE_BOUND('',#5136,.F.);
#5136 = EDGE_LOOP('',(#5137,#5138,#5146,#5155));
#5137 = ORIENTED_EDGE('',*,*,#5123,.F.);
#5138 = ORIENTED_EDGE('',*,*,#5139,.F.);
#5139 = EDGE_CURVE('',#5140,#5088,#5142,.T.);
#5140 = VERTEX_POINT('',#5141);
#5141 = CARTESIAN_POINT('',(-2.327734375,0.584510632447,7.));
#5142 = LINE('',#5143,#5144);
#5143 = CARTESIAN_POINT('',(-2.327734375,0.584510632447,5.8));
#5144 = VECTOR('',#5145,1.);
#5145 = DIRECTION('',(0.,0.,1.));
#5146 = ORIENTED_EDGE('',*,*,#5147,.T.);
#5147 = EDGE_CURVE('',#5140,#5148,#5150,.T.);
#5148 = VERTEX_POINT('',#5149);
#5149 = CARTESIAN_POINT('',(-2.327734375,-0.584510632447,7.));
#5150 = CIRCLE('',#5151,1.05);
#5151 = AXIS2_PLACEMENT_3D('',#5152,#5153,#5154);
#5152 = CARTESIAN_POINT('',(-3.2,0.,7.));
#5153 = DIRECTION('',(0.,0.,1.));
#5154 = DIRECTION('',(1.,0.,0.));
#5155 = ORIENTED_EDGE('',*,*,#5156,.T.);
#5156 = EDGE_CURVE('',#5148,#5115,#5157,.T.);
#5157 = LINE('',#5158,#5159);
#5158 = CARTESIAN_POINT('',(-2.327734375,-0.584510632447,5.8));
#5159 = VECTOR('',#5160,1.);
#5160 = DIRECTION('',(0.,0.,1.));
#5161 = CYLINDRICAL_SURFACE('',#5162,1.05);
#5162 = AXIS2_PLACEMENT_3D('',#5163,#5164,#5165);
#5163 = CARTESIAN_POINT('',(-3.2,0.,4.8));
#5164 = DIRECTION('',(0.,0.,1.));
#5165 = DIRECTION('',(1.,0.,0.));
#5166 = ADVANCED_FACE('',(#5167),#5177,.T.);
#5167 = FACE_BOUND('',#5168,.T.);
#5168 = EDGE_LOOP('',(#5169,#5176));
#5169 = ORIENTED_EDGE('',*,*,#5170,.F.);
#5170 = EDGE_CURVE('',#5140,#5148,#5171,.T.);
#5171 = CIRCLE('',#5172,2.4);
#5172 = AXIS2_PLACEMENT_3D('',#5173,#5174,#5175);
#5173 = CARTESIAN_POINT('',(0.,0.,7.));
#5174 = DIRECTION('',(0.,0.,1.));
#5175 = DIRECTION('',(1.,0.,0.));
#5176 = ORIENTED_EDGE('',*,*,#5147,.T.);
#5177 = PLANE('',#5178);
#5178 = AXIS2_PLACEMENT_3D('',#5179,#5180,#5181);
#5179 = CARTESIAN_POINT('',(-8.,-14.,7.));
#5180 = DIRECTION('',(0.,0.,1.));
#5181 = DIRECTION('',(1.,0.,0.));
#5182 = ADVANCED_FACE('',(#5183,#5274),#5466,.T.);
#5183 = FACE_BOUND('',#5184,.T.);
#5184 = EDGE_LOOP('',(#5185,#5186,#5195,#5202,#5203,#5212,#5219,#5220,
    #5221,#5230,#5239,#5248,#5257,#5266,#5273));
#5185 = ORIENTED_EDGE('',*,*,#108,.F.);
#5186 = ORIENTED_EDGE('',*,*,#5187,.T.);
#5187 = EDGE_CURVE('',#101,#5188,#5190,.T.);
#5188 = VERTEX_POINT('',#5189);
#5189 = CARTESIAN_POINT('',(-14.5,-10.,0.));
#5190 = CIRCLE('',#5191,2.5);
#5191 = AXIS2_PLACEMENT_3D('',#5192,#5193,#5194);
#5192 = CARTESIAN_POINT('',(-17.,-10.,0.));
#5193 = DIRECTION('',(0.,0.,1.));
#5194 = DIRECTION('',(1.,0.,0.));
#5195 = ORIENTED_EDGE('',*,*,#5196,.T.);
#5196 = EDGE_CURVE('',#5188,#75,#5197,.T.);
#5197 = CIRCLE('',#5198,2.5);
#5198 = AXIS2_PLACEMENT_3D('',#5199,#5200,#5201);
#5199 = CARTESIAN_POINT('',(-17.,-10.,0.));
#5200 = DIRECTION('',(0.,0.,1.));
#5201 = DIRECTION('',(1.,0.,0.));
#5202 = ORIENTED_EDGE('',*,*,#74,.F.);
#5203 = ORIENTED_EDGE('',*,*,#5204,.T.);
#5204 = EDGE_CURVE('',#67,#5205,#5207,.T.);
#5205 = VERTEX_POINT('',#5206);
#5206 = CARTESIAN_POINT('',(-14.5,10.,0.));
#5207 = CIRCLE('',#5208,2.5);
#5208 = AXIS2_PLACEMENT_3D('',#5209,#5210,#5211);
#5209 = CARTESIAN_POINT('',(-17.,10.,0.));
#5210 = DIRECTION('',(0.,0.,1.));
#5211 = DIRECTION('',(1.,0.,0.));
#5212 = ORIENTED_EDGE('',*,*,#5213,.T.);
#5213 = EDGE_CURVE('',#5205,#41,#5214,.T.);
#5214 = CIRCLE('',#5215,2.5);
#5215 = AXIS2_PLACEMENT_3D('',#5216,#5217,#5218);
#5216 = CARTESIAN_POINT('',(-17.,10.,0.));
#5217 = DIRECTION('',(0.,0.,1.));
#5218 = DIRECTION('',(1.,0.,0.));
#5219 = ORIENTED_EDGE('',*,*,#40,.F.);
#5220 = ORIENTED_EDGE('',*,*,#131,.T.);
#5221 = ORIENTED_EDGE('',*,*,#5222,.F.);
#5222 = EDGE_CURVE('',#5223,#132,#5225,.T.);
#5223 = VERTEX_POINT('',#5224);
#5224 = CARTESIAN_POINT('',(15.375093705531,11.899915665022,0.));
#5225 = CIRCLE('',#5226,14.);
#5226 = AXIS2_PLACEMENT_3D('',#5227,#5228,#5229);
#5227 = CARTESIAN_POINT('',(8.,0.,0.));
#5228 = DIRECTION('',(0.,0.,1.));
#5229 = DIRECTION('',(1.,0.,0.));
#5230 = ORIENTED_EDGE('',*,*,#5231,.T.);
#5231 = EDGE_CURVE('',#5223,#5232,#5234,.T.);
#5232 = VERTEX_POINT('',#5233);
#5233 = CARTESIAN_POINT('',(19.059989167397,8.583509749343,0.));
#5234 = CIRCLE('',#5235,2.5);
#5235 = AXIS2_PLACEMENT_3D('',#5236,#5237,#5238);
#5236 = CARTESIAN_POINT('',(17.,10.,0.));
#5237 = DIRECTION('',(0.,0.,1.));
#5238 = DIRECTION('',(1.,0.,0.));
#5239 = ORIENTED_EDGE('',*,*,#5240,.F.);
#5240 = EDGE_CURVE('',#5241,#5232,#5243,.T.);
#5241 = VERTEX_POINT('',#5242);
#5242 = CARTESIAN_POINT('',(22.,-3.429011037613E-15,0.));
#5243 = CIRCLE('',#5244,14.);
#5244 = AXIS2_PLACEMENT_3D('',#5245,#5246,#5247);
#5245 = CARTESIAN_POINT('',(8.,0.,0.));
#5246 = DIRECTION('',(0.,0.,1.));
#5247 = DIRECTION('',(1.,0.,0.));
#5248 = ORIENTED_EDGE('',*,*,#5249,.F.);
#5249 = EDGE_CURVE('',#5250,#5241,#5252,.T.);
#5250 = VERTEX_POINT('',#5251);
#5251 = CARTESIAN_POINT('',(19.059989167397,-8.583509749343,0.));
#5252 = CIRCLE('',#5253,14.);
#5253 = AXIS2_PLACEMENT_3D('',#5254,#5255,#5256);
#5254 = CARTESIAN_POINT('',(8.,0.,0.));
#5255 = DIRECTION('',(0.,0.,1.));
#5256 = DIRECTION('',(1.,0.,0.));
#5257 = ORIENTED_EDGE('',*,*,#5258,.T.);
#5258 = EDGE_CURVE('',#5250,#5259,#5261,.T.);
#5259 = VERTEX_POINT('',#5260);
#5260 = CARTESIAN_POINT('',(15.375093705531,-11.89991566502,0.));
#5261 = CIRCLE('',#5262,2.5);
#5262 = AXIS2_PLACEMENT_3D('',#5263,#5264,#5265);
#5263 = CARTESIAN_POINT('',(17.,-10.,0.));
#5264 = DIRECTION('',(0.,0.,1.));
#5265 = DIRECTION('',(1.,0.,0.));
#5266 = ORIENTED_EDGE('',*,*,#5267,.F.);
#5267 = EDGE_CURVE('',#163,#5259,#5268,.T.);
#5268 = CIRCLE('',#5269,14.);
#5269 = AXIS2_PLACEMENT_3D('',#5270,#5271,#5272);
#5270 = CARTESIAN_POINT('',(8.,0.,0.));
#5271 = DIRECTION('',(0.,0.,1.));
#5272 = DIRECTION('',(1.,0.,0.));
#5273 = ORIENTED_EDGE('',*,*,#162,.F.);
#5274 = FACE_BOUND('',#5275,.T.);
#5275 = EDGE_LOOP('',(#5276,#5287,#5295,#5303,#5312,#5321,#5330,#5339,
    #5348,#5356,#5364,#5373,#5382,#5390,#5398,#5407,#5416,#5425,#5434,
    #5443,#5452,#5460));
#5276 = ORIENTED_EDGE('',*,*,#5277,.T.);
#5277 = EDGE_CURVE('',#5278,#5280,#5282,.T.);
#5278 = VERTEX_POINT('',#5279);
#5279 = CARTESIAN_POINT('',(-14.6,4.,0.));
#5280 = VERTEX_POINT('',#5281);
#5281 = CARTESIAN_POINT('',(-14.6,-4.,0.));
#5282 = CIRCLE('',#5283,4.);
#5283 = AXIS2_PLACEMENT_3D('',#5284,#5285,#5286);
#5284 = CARTESIAN_POINT('',(-14.6,0.,0.));
#5285 = DIRECTION('',(0.,0.,1.));
#5286 = DIRECTION('',(1.,0.,0.));
#5287 = ORIENTED_EDGE('',*,*,#5288,.F.);
#5288 = EDGE_CURVE('',#5289,#5280,#5291,.T.);
#5289 = VERTEX_POINT('',#5290);
#5290 = CARTESIAN_POINT('',(-4.,-4.,0.));
#5291 = LINE('',#5292,#5293);
#5292 = CARTESIAN_POINT('',(-11.3,-4.,0.));
#5293 = VECTOR('',#5294,1.);
#5294 = DIRECTION('',(-1.,0.,0.));
#5295 = ORIENTED_EDGE('',*,*,#5296,.T.);
#5296 = EDGE_CURVE('',#5289,#5297,#5299,.T.);
#5297 = VERTEX_POINT('',#5298);
#5298 = CARTESIAN_POINT('',(-4.,-6.1,0.));
#5299 = LINE('',#5300,#5301);
#5300 = CARTESIAN_POINT('',(-4.,-10.05,0.));
#5301 = VECTOR('',#5302,1.);
#5302 = DIRECTION('',(-1.110223024625E-16,-1.,0.));
#5303 = ORIENTED_EDGE('',*,*,#5304,.T.);
#5304 = EDGE_CURVE('',#5297,#5305,#5307,.T.);
#5305 = VERTEX_POINT('',#5306);
#5306 = CARTESIAN_POINT('',(-3.608707029342,-7.825466191027,0.));
#5307 = CIRCLE('',#5308,4.);
#5308 = AXIS2_PLACEMENT_3D('',#5309,#5310,#5311);
#5309 = CARTESIAN_POINT('',(-6.772360450213E-16,-6.1,0.));
#5310 = DIRECTION('',(0.,-0.,1.));
#5311 = DIRECTION('',(1.110223024625E-16,1.,0.));
#5312 = ORIENTED_EDGE('',*,*,#5313,.T.);
#5313 = EDGE_CURVE('',#5305,#5314,#5316,.T.);
#5314 = VERTEX_POINT('',#5315);
#5315 = CARTESIAN_POINT('',(-2.619136069166,-9.123264171586,0.));
#5316 = CIRCLE('',#5317,4.);
#5317 = AXIS2_PLACEMENT_3D('',#5318,#5319,#5320);
#5318 = CARTESIAN_POINT('',(-6.772360450213E-16,-6.1,0.));
#5319 = DIRECTION('',(0.,-0.,1.));
#5320 = DIRECTION('',(1.110223024625E-16,1.,0.));
#5321 = ORIENTED_EDGE('',*,*,#5322,.T.);
#5322 = EDGE_CURVE('',#5314,#5323,#5325,.T.);
#5323 = VERTEX_POINT('',#5324);
#5324 = CARTESIAN_POINT('',(2.619136069166,-9.123264171586,0.));
#5325 = CIRCLE('',#5326,4.);
#5326 = AXIS2_PLACEMENT_3D('',#5327,#5328,#5329);
#5327 = CARTESIAN_POINT('',(-6.772360450213E-16,-6.1,0.));
#5328 = DIRECTION('',(0.,-0.,1.));
#5329 = DIRECTION('',(1.110223024625E-16,1.,0.));
#5330 = ORIENTED_EDGE('',*,*,#5331,.T.);
#5331 = EDGE_CURVE('',#5323,#5332,#5334,.T.);
#5332 = VERTEX_POINT('',#5333);
#5333 = CARTESIAN_POINT('',(3.608707029342,-7.825466191026,0.));
#5334 = CIRCLE('',#5335,4.);
#5335 = AXIS2_PLACEMENT_3D('',#5336,#5337,#5338);
#5336 = CARTESIAN_POINT('',(-6.772360450213E-16,-6.1,0.));
#5337 = DIRECTION('',(0.,-0.,1.));
#5338 = DIRECTION('',(1.110223024625E-16,1.,0.));
#5339 = ORIENTED_EDGE('',*,*,#5340,.T.);
#5340 = EDGE_CURVE('',#5332,#5341,#5343,.T.);
#5341 = VERTEX_POINT('',#5342);
#5342 = CARTESIAN_POINT('',(4.,-6.1,0.));
#5343 = CIRCLE('',#5344,4.);
#5344 = AXIS2_PLACEMENT_3D('',#5345,#5346,#5347);
#5345 = CARTESIAN_POINT('',(-6.772360450213E-16,-6.1,0.));
#5346 = DIRECTION('',(0.,-0.,1.));
#5347 = DIRECTION('',(1.110223024625E-16,1.,0.));
#5348 = ORIENTED_EDGE('',*,*,#5349,.F.);
#5349 = EDGE_CURVE('',#5350,#5341,#5352,.T.);
#5350 = VERTEX_POINT('',#5351);
#5351 = CARTESIAN_POINT('',(4.,-4.,0.));
#5352 = LINE('',#5353,#5354);
#5353 = CARTESIAN_POINT('',(4.,-10.05,0.));
#5354 = VECTOR('',#5355,1.);
#5355 = DIRECTION('',(-1.110223024625E-16,-1.,0.));
#5356 = ORIENTED_EDGE('',*,*,#5357,.F.);
#5357 = EDGE_CURVE('',#5358,#5350,#5360,.T.);
#5358 = VERTEX_POINT('',#5359);
#5359 = CARTESIAN_POINT('',(14.6,-4.,0.));
#5360 = LINE('',#5361,#5362);
#5361 = CARTESIAN_POINT('',(-11.3,-4.,0.));
#5362 = VECTOR('',#5363,1.);
#5363 = DIRECTION('',(-1.,0.,0.));
#5364 = ORIENTED_EDGE('',*,*,#5365,.T.);
#5365 = EDGE_CURVE('',#5358,#5366,#5368,.T.);
#5366 = VERTEX_POINT('',#5367);
#5367 = CARTESIAN_POINT('',(18.6,-9.797174393179E-16,0.));
#5368 = CIRCLE('',#5369,4.);
#5369 = AXIS2_PLACEMENT_3D('',#5370,#5371,#5372);
#5370 = CARTESIAN_POINT('',(14.6,0.,0.));
#5371 = DIRECTION('',(0.,0.,1.));
#5372 = DIRECTION('',(1.,0.,0.));
#5373 = ORIENTED_EDGE('',*,*,#5374,.T.);
#5374 = EDGE_CURVE('',#5366,#5375,#5377,.T.);
#5375 = VERTEX_POINT('',#5376);
#5376 = CARTESIAN_POINT('',(14.6,4.,0.));
#5377 = CIRCLE('',#5378,4.);
#5378 = AXIS2_PLACEMENT_3D('',#5379,#5380,#5381);
#5379 = CARTESIAN_POINT('',(14.6,0.,0.));
#5380 = DIRECTION('',(0.,0.,1.));
#5381 = DIRECTION('',(1.,0.,0.));
#5382 = ORIENTED_EDGE('',*,*,#5383,.T.);
#5383 = EDGE_CURVE('',#5375,#5384,#5386,.T.);
#5384 = VERTEX_POINT('',#5385);
#5385 = CARTESIAN_POINT('',(4.,4.,0.));
#5386 = LINE('',#5387,#5388);
#5387 = CARTESIAN_POINT('',(-3.3,4.,0.));
#5388 = VECTOR('',#5389,1.);
#5389 = DIRECTION('',(-1.,0.,0.));
#5390 = ORIENTED_EDGE('',*,*,#5391,.F.);
#5391 = EDGE_CURVE('',#5392,#5384,#5394,.T.);
#5392 = VERTEX_POINT('',#5393);
#5393 = CARTESIAN_POINT('',(4.,6.1,0.));
#5394 = LINE('',#5395,#5396);
#5395 = CARTESIAN_POINT('',(4.,-10.05,0.));
#5396 = VECTOR('',#5397,1.);
#5397 = DIRECTION('',(-1.110223024625E-16,-1.,0.));
#5398 = ORIENTED_EDGE('',*,*,#5399,.T.);
#5399 = EDGE_CURVE('',#5392,#5400,#5402,.T.);
#5400 = VERTEX_POINT('',#5401);
#5401 = CARTESIAN_POINT('',(3.608707029342,7.825466191027,0.));
#5402 = CIRCLE('',#5403,4.);
#5403 = AXIS2_PLACEMENT_3D('',#5404,#5405,#5406);
#5404 = CARTESIAN_POINT('',(6.772360450213E-16,6.1,0.));
#5405 = DIRECTION('',(0.,-0.,1.));
#5406 = DIRECTION('',(1.110223024625E-16,1.,0.));
#5407 = ORIENTED_EDGE('',*,*,#5408,.T.);
#5408 = EDGE_CURVE('',#5400,#5409,#5411,.T.);
#5409 = VERTEX_POINT('',#5410);
#5410 = CARTESIAN_POINT('',(2.619136069166,9.123264171586,0.));
#5411 = CIRCLE('',#5412,4.);
#5412 = AXIS2_PLACEMENT_3D('',#5413,#5414,#5415);
#5413 = CARTESIAN_POINT('',(6.772360450213E-16,6.1,0.));
#5414 = DIRECTION('',(0.,-0.,1.));
#5415 = DIRECTION('',(1.110223024625E-16,1.,0.));
#5416 = ORIENTED_EDGE('',*,*,#5417,.T.);
#5417 = EDGE_CURVE('',#5409,#5418,#5420,.T.);
#5418 = VERTEX_POINT('',#5419);
#5419 = CARTESIAN_POINT('',(2.101042694189E-15,10.1,0.));
#5420 = CIRCLE('',#5421,4.);
#5421 = AXIS2_PLACEMENT_3D('',#5422,#5423,#5424);
#5422 = CARTESIAN_POINT('',(6.772360450213E-16,6.1,0.));
#5423 = DIRECTION('',(0.,-0.,1.));
#5424 = DIRECTION('',(1.110223024625E-16,1.,0.));
#5425 = ORIENTED_EDGE('',*,*,#5426,.T.);
#5426 = EDGE_CURVE('',#5418,#5427,#5429,.T.);
#5427 = VERTEX_POINT('',#5428);
#5428 = CARTESIAN_POINT('',(-2.619136069166,9.123264171586,0.));
#5429 = CIRCLE('',#5430,4.);
#5430 = AXIS2_PLACEMENT_3D('',#5431,#5432,#5433);
#5431 = CARTESIAN_POINT('',(6.772360450213E-16,6.1,0.));
#5432 = DIRECTION('',(0.,-0.,1.));
#5433 = DIRECTION('',(1.110223024625E-16,1.,0.));
#5434 = ORIENTED_EDGE('',*,*,#5435,.T.);
#5435 = EDGE_CURVE('',#5427,#5436,#5438,.T.);
#5436 = VERTEX_POINT('',#5437);
#5437 = CARTESIAN_POINT('',(-3.608707029342,7.825466191026,0.));
#5438 = CIRCLE('',#5439,4.);
#5439 = AXIS2_PLACEMENT_3D('',#5440,#5441,#5442);
#5440 = CARTESIAN_POINT('',(6.772360450213E-16,6.1,0.));
#5441 = DIRECTION('',(0.,-0.,1.));
#5442 = DIRECTION('',(1.110223024625E-16,1.,0.));
#5443 = ORIENTED_EDGE('',*,*,#5444,.T.);
#5444 = EDGE_CURVE('',#5436,#5445,#5447,.T.);
#5445 = VERTEX_POINT('',#5446);
#5446 = CARTESIAN_POINT('',(-4.,6.1,0.));
#5447 = CIRCLE('',#5448,4.);
#5448 = AXIS2_PLACEMENT_3D('',#5449,#5450,#5451);
#5449 = CARTESIAN_POINT('',(6.772360450213E-16,6.1,0.));
#5450 = DIRECTION('',(0.,-0.,1.));
#5451 = DIRECTION('',(1.110223024625E-16,1.,0.));
#5452 = ORIENTED_EDGE('',*,*,#5453,.T.);
#5453 = EDGE_CURVE('',#5445,#5454,#5456,.T.);
#5454 = VERTEX_POINT('',#5455);
#5455 = CARTESIAN_POINT('',(-4.,4.,0.));
#5456 = LINE('',#5457,#5458);
#5457 = CARTESIAN_POINT('',(-4.,-10.05,0.));
#5458 = VECTOR('',#5459,1.);
#5459 = DIRECTION('',(-1.110223024625E-16,-1.,0.));
#5460 = ORIENTED_EDGE('',*,*,#5461,.T.);
#5461 = EDGE_CURVE('',#5454,#5278,#5462,.T.);
#5462 = LINE('',#5463,#5464);
#5463 = CARTESIAN_POINT('',(-11.3,4.,0.));
#5464 = VECTOR('',#5465,1.);
#5465 = DIRECTION('',(-1.,0.,0.));
#5466 = PLANE('',#5467);
#5467 = AXIS2_PLACEMENT_3D('',#5468,#5469,#5470);
#5468 = CARTESIAN_POINT('',(-1.140084037789E-02,-1.07222343019E-15,0.));
#5469 = DIRECTION('',(-0.,-0.,-1.));
#5470 = DIRECTION('',(-1.,0.,0.));
#5471 = ADVANCED_FACE('',(#5472),#5498,.F.);
#5472 = FACE_BOUND('',#5473,.F.);
#5473 = EDGE_LOOP('',(#5474,#5485,#5491,#5492));
#5474 = ORIENTED_EDGE('',*,*,#5475,.F.);
#5475 = EDGE_CURVE('',#5476,#5478,#5480,.T.);
#5476 = VERTEX_POINT('',#5477);
#5477 = CARTESIAN_POINT('',(15.375093705531,11.899915665022,4.01));
#5478 = VERTEX_POINT('',#5479);
#5479 = CARTESIAN_POINT('',(19.059989167397,8.583509749343,4.01));
#5480 = CIRCLE('',#5481,2.5);
#5481 = AXIS2_PLACEMENT_3D('',#5482,#5483,#5484);
#5482 = CARTESIAN_POINT('',(17.,10.,4.01));
#5483 = DIRECTION('',(0.,0.,1.));
#5484 = DIRECTION('',(1.,0.,0.));
#5485 = ORIENTED_EDGE('',*,*,#5486,.F.);
#5486 = EDGE_CURVE('',#5223,#5476,#5487,.T.);
#5487 = LINE('',#5488,#5489);
#5488 = CARTESIAN_POINT('',(15.375093705531,11.899915665022,0.));
#5489 = VECTOR('',#5490,1.);
#5490 = DIRECTION('',(0.,0.,1.));
#5491 = ORIENTED_EDGE('',*,*,#5231,.T.);
#5492 = ORIENTED_EDGE('',*,*,#5493,.T.);
#5493 = EDGE_CURVE('',#5232,#5478,#5494,.T.);
#5494 = LINE('',#5495,#5496);
#5495 = CARTESIAN_POINT('',(19.059989167397,8.583509749343,0.));
#5496 = VECTOR('',#5497,1.);
#5497 = DIRECTION('',(0.,0.,1.));
#5498 = CYLINDRICAL_SURFACE('',#5499,2.5);
#5499 = AXIS2_PLACEMENT_3D('',#5500,#5501,#5502);
#5500 = CARTESIAN_POINT('',(17.,10.,-1.E-02));
#5501 = DIRECTION('',(0.,0.,1.));
#5502 = DIRECTION('',(1.,0.,0.));
#5503 = ADVANCED_FACE('',(#5504),#5514,.F.);
#5504 = FACE_BOUND('',#5505,.F.);
#5505 = EDGE_LOOP('',(#5506,#5513));
#5506 = ORIENTED_EDGE('',*,*,#5507,.T.);
#5507 = EDGE_CURVE('',#5478,#5476,#5508,.T.);
#5508 = CIRCLE('',#5509,14.);
#5509 = AXIS2_PLACEMENT_3D('',#5510,#5511,#5512);
#5510 = CARTESIAN_POINT('',(8.,0.,4.01));
#5511 = DIRECTION('',(0.,0.,1.));
#5512 = DIRECTION('',(1.,0.,0.));
#5513 = ORIENTED_EDGE('',*,*,#5475,.T.);
#5514 = PLANE('',#5515);
#5515 = AXIS2_PLACEMENT_3D('',#5516,#5517,#5518);
#5516 = CARTESIAN_POINT('',(17.,10.,4.01));
#5517 = DIRECTION('',(0.,0.,1.));
#5518 = DIRECTION('',(1.,0.,0.));
#5519 = ADVANCED_FACE('',(#5520),#5546,.F.);
#5520 = FACE_BOUND('',#5521,.F.);
#5521 = EDGE_LOOP('',(#5522,#5533,#5539,#5540));
#5522 = ORIENTED_EDGE('',*,*,#5523,.F.);
#5523 = EDGE_CURVE('',#5524,#5526,#5528,.T.);
#5524 = VERTEX_POINT('',#5525);
#5525 = CARTESIAN_POINT('',(19.059989167397,-8.583509749343,4.01));
#5526 = VERTEX_POINT('',#5527);
#5527 = CARTESIAN_POINT('',(15.375093705531,-11.89991566502,4.01));
#5528 = CIRCLE('',#5529,2.5);
#5529 = AXIS2_PLACEMENT_3D('',#5530,#5531,#5532);
#5530 = CARTESIAN_POINT('',(17.,-10.,4.01));
#5531 = DIRECTION('',(0.,0.,1.));
#5532 = DIRECTION('',(1.,0.,0.));
#5533 = ORIENTED_EDGE('',*,*,#5534,.F.);
#5534 = EDGE_CURVE('',#5250,#5524,#5535,.T.);
#5535 = LINE('',#5536,#5537);
#5536 = CARTESIAN_POINT('',(19.059989167397,-8.583509749343,0.));
#5537 = VECTOR('',#5538,1.);
#5538 = DIRECTION('',(0.,0.,1.));
#5539 = ORIENTED_EDGE('',*,*,#5258,.T.);
#5540 = ORIENTED_EDGE('',*,*,#5541,.T.);
#5541 = EDGE_CURVE('',#5259,#5526,#5542,.T.);
#5542 = LINE('',#5543,#5544);
#5543 = CARTESIAN_POINT('',(15.375093705531,-11.89991566502,0.));
#5544 = VECTOR('',#5545,1.);
#5545 = DIRECTION('',(0.,0.,1.));
#5546 = CYLINDRICAL_SURFACE('',#5547,2.5);
#5547 = AXIS2_PLACEMENT_3D('',#5548,#5549,#5550);
#5548 = CARTESIAN_POINT('',(17.,-10.,-1.E-02));
#5549 = DIRECTION('',(0.,0.,1.));
#5550 = DIRECTION('',(1.,0.,0.));
#5551 = ADVANCED_FACE('',(#5552),#5562,.F.);
#5552 = FACE_BOUND('',#5553,.F.);
#5553 = EDGE_LOOP('',(#5554,#5561));
#5554 = ORIENTED_EDGE('',*,*,#5555,.T.);
#5555 = EDGE_CURVE('',#5526,#5524,#5556,.T.);
#5556 = CIRCLE('',#5557,14.);
#5557 = AXIS2_PLACEMENT_3D('',#5558,#5559,#5560);
#5558 = CARTESIAN_POINT('',(8.,0.,4.01));
#5559 = DIRECTION('',(0.,0.,1.));
#5560 = DIRECTION('',(1.,0.,0.));
#5561 = ORIENTED_EDGE('',*,*,#5523,.T.);
#5562 = PLANE('',#5563);
#5563 = AXIS2_PLACEMENT_3D('',#5564,#5565,#5566);
#5564 = CARTESIAN_POINT('',(17.,-10.,4.01));
#5565 = DIRECTION('',(0.,0.,1.));
#5566 = DIRECTION('',(1.,0.,0.));
#5567 = ADVANCED_FACE('',(#5568),#5593,.T.);
#5568 = FACE_BOUND('',#5569,.T.);
#5569 = EDGE_LOOP('',(#5570,#5571,#5579,#5587));
#5570 = ORIENTED_EDGE('',*,*,#5357,.T.);
#5571 = ORIENTED_EDGE('',*,*,#5572,.T.);
#5572 = EDGE_CURVE('',#5350,#5573,#5575,.T.);
#5573 = VERTEX_POINT('',#5574);
#5574 = CARTESIAN_POINT('',(4.,-4.,0.61));
#5575 = LINE('',#5576,#5577);
#5576 = CARTESIAN_POINT('',(4.,-4.,-1.E-02));
#5577 = VECTOR('',#5578,1.);
#5578 = DIRECTION('',(0.,0.,1.));
#5579 = ORIENTED_EDGE('',*,*,#5580,.T.);
#5580 = EDGE_CURVE('',#5573,#5581,#5583,.T.);
#5581 = VERTEX_POINT('',#5582);
#5582 = CARTESIAN_POINT('',(14.6,-4.,0.61));
#5583 = LINE('',#5584,#5585);
#5584 = CARTESIAN_POINT('',(-14.6,-4.,0.61));
#5585 = VECTOR('',#5586,1.);
#5586 = DIRECTION('',(1.,0.,0.));
#5587 = ORIENTED_EDGE('',*,*,#5588,.F.);
#5588 = EDGE_CURVE('',#5358,#5581,#5589,.T.);
#5589 = LINE('',#5590,#5591);
#5590 = CARTESIAN_POINT('',(14.6,-4.,-1.E-02));
#5591 = VECTOR('',#5592,1.);
#5592 = DIRECTION('',(0.,0.,1.));
#5593 = PLANE('',#5594);
#5594 = AXIS2_PLACEMENT_3D('',#5595,#5596,#5597);
#5595 = CARTESIAN_POINT('',(-14.6,-4.,-1.E-02));
#5596 = DIRECTION('',(0.,1.,0.));
#5597 = DIRECTION('',(0.,0.,1.));
#5598 = ADVANCED_FACE('',(#5599),#5617,.T.);
#5599 = FACE_BOUND('',#5600,.T.);
#5600 = EDGE_LOOP('',(#5601,#5602,#5610,#5616));
#5601 = ORIENTED_EDGE('',*,*,#5349,.T.);
#5602 = ORIENTED_EDGE('',*,*,#5603,.T.);
#5603 = EDGE_CURVE('',#5341,#5604,#5606,.T.);
#5604 = VERTEX_POINT('',#5605);
#5605 = CARTESIAN_POINT('',(4.,-6.1,0.61));
#5606 = LINE('',#5607,#5608);
#5607 = CARTESIAN_POINT('',(4.,-6.1,-1.E-02));
#5608 = VECTOR('',#5609,1.);
#5609 = DIRECTION('',(0.,0.,1.));
#5610 = ORIENTED_EDGE('',*,*,#5611,.T.);
#5611 = EDGE_CURVE('',#5604,#5573,#5612,.T.);
#5612 = LINE('',#5613,#5614);
#5613 = CARTESIAN_POINT('',(4.,-6.1,0.61));
#5614 = VECTOR('',#5615,1.);
#5615 = DIRECTION('',(1.110223024625E-16,1.,0.));
#5616 = ORIENTED_EDGE('',*,*,#5572,.F.);
#5617 = PLANE('',#5618);
#5618 = AXIS2_PLACEMENT_3D('',#5619,#5620,#5621);
#5619 = CARTESIAN_POINT('',(4.,-6.1,-1.E-02));
#5620 = DIRECTION('',(-1.,1.110223024625E-16,0.));
#5621 = DIRECTION('',(0.,0.,1.));
#5622 = ADVANCED_FACE('',(#5623),#5648,.F.);
#5623 = FACE_BOUND('',#5624,.F.);
#5624 = EDGE_LOOP('',(#5625,#5626,#5634,#5642));
#5625 = ORIENTED_EDGE('',*,*,#5461,.T.);
#5626 = ORIENTED_EDGE('',*,*,#5627,.T.);
#5627 = EDGE_CURVE('',#5278,#5628,#5630,.T.);
#5628 = VERTEX_POINT('',#5629);
#5629 = CARTESIAN_POINT('',(-14.6,4.,0.61));
#5630 = LINE('',#5631,#5632);
#5631 = CARTESIAN_POINT('',(-14.6,4.,-1.E-02));
#5632 = VECTOR('',#5633,1.);
#5633 = DIRECTION('',(0.,0.,1.));
#5634 = ORIENTED_EDGE('',*,*,#5635,.T.);
#5635 = EDGE_CURVE('',#5628,#5636,#5638,.T.);
#5636 = VERTEX_POINT('',#5637);
#5637 = CARTESIAN_POINT('',(-4.,4.,0.61));
#5638 = LINE('',#5639,#5640);
#5639 = CARTESIAN_POINT('',(-14.6,4.,0.61));
#5640 = VECTOR('',#5641,1.);
#5641 = DIRECTION('',(1.,0.,0.));
#5642 = ORIENTED_EDGE('',*,*,#5643,.F.);
#5643 = EDGE_CURVE('',#5454,#5636,#5644,.T.);
#5644 = LINE('',#5645,#5646);
#5645 = CARTESIAN_POINT('',(-4.,4.,-1.E-02));
#5646 = VECTOR('',#5647,1.);
#5647 = DIRECTION('',(0.,0.,1.));
#5648 = PLANE('',#5649);
#5649 = AXIS2_PLACEMENT_3D('',#5650,#5651,#5652);
#5650 = CARTESIAN_POINT('',(-14.6,4.,-1.E-02));
#5651 = DIRECTION('',(0.,1.,0.));
#5652 = DIRECTION('',(0.,0.,1.));
#5653 = ADVANCED_FACE('',(#5654),#5673,.F.);
#5654 = FACE_BOUND('',#5655,.F.);
#5655 = EDGE_LOOP('',(#5656,#5665,#5666,#5667));
#5656 = ORIENTED_EDGE('',*,*,#5657,.F.);
#5657 = EDGE_CURVE('',#5628,#5658,#5660,.T.);
#5658 = VERTEX_POINT('',#5659);
#5659 = CARTESIAN_POINT('',(-14.6,-4.,0.61));
#5660 = CIRCLE('',#5661,4.);
#5661 = AXIS2_PLACEMENT_3D('',#5662,#5663,#5664);
#5662 = CARTESIAN_POINT('',(-14.6,0.,0.61));
#5663 = DIRECTION('',(0.,0.,1.));
#5664 = DIRECTION('',(1.,0.,0.));
#5665 = ORIENTED_EDGE('',*,*,#5627,.F.);
#5666 = ORIENTED_EDGE('',*,*,#5277,.T.);
#5667 = ORIENTED_EDGE('',*,*,#5668,.T.);
#5668 = EDGE_CURVE('',#5280,#5658,#5669,.T.);
#5669 = LINE('',#5670,#5671);
#5670 = CARTESIAN_POINT('',(-14.6,-4.,-1.E-02));
#5671 = VECTOR('',#5672,1.);
#5672 = DIRECTION('',(0.,0.,1.));
#5673 = CYLINDRICAL_SURFACE('',#5674,4.);
#5674 = AXIS2_PLACEMENT_3D('',#5675,#5676,#5677);
#5675 = CARTESIAN_POINT('',(-14.6,0.,-1.E-02));
#5676 = DIRECTION('',(0.,0.,1.));
#5677 = DIRECTION('',(1.,0.,0.));
#5678 = ADVANCED_FACE('',(#5679),#5697,.T.);
#5679 = FACE_BOUND('',#5680,.T.);
#5680 = EDGE_LOOP('',(#5681,#5682,#5683,#5691));
#5681 = ORIENTED_EDGE('',*,*,#5288,.T.);
#5682 = ORIENTED_EDGE('',*,*,#5668,.T.);
#5683 = ORIENTED_EDGE('',*,*,#5684,.T.);
#5684 = EDGE_CURVE('',#5658,#5685,#5687,.T.);
#5685 = VERTEX_POINT('',#5686);
#5686 = CARTESIAN_POINT('',(-4.,-4.,0.61));
#5687 = LINE('',#5688,#5689);
#5688 = CARTESIAN_POINT('',(-14.6,-4.,0.61));
#5689 = VECTOR('',#5690,1.);
#5690 = DIRECTION('',(1.,0.,0.));
#5691 = ORIENTED_EDGE('',*,*,#5692,.F.);
#5692 = EDGE_CURVE('',#5289,#5685,#5693,.T.);
#5693 = LINE('',#5694,#5695);
#5694 = CARTESIAN_POINT('',(-4.,-4.,-1.E-02));
#5695 = VECTOR('',#5696,1.);
#5696 = DIRECTION('',(0.,0.,1.));
#5697 = PLANE('',#5698);
#5698 = AXIS2_PLACEMENT_3D('',#5699,#5700,#5701);
#5699 = CARTESIAN_POINT('',(-14.6,-4.,-1.E-02));
#5700 = DIRECTION('',(0.,1.,0.));
#5701 = DIRECTION('',(0.,0.,1.));
#5702 = ADVANCED_FACE('',(#5703),#5721,.F.);
#5703 = FACE_BOUND('',#5704,.F.);
#5704 = EDGE_LOOP('',(#5705,#5706,#5707,#5715));
#5705 = ORIENTED_EDGE('',*,*,#5453,.T.);
#5706 = ORIENTED_EDGE('',*,*,#5643,.T.);
#5707 = ORIENTED_EDGE('',*,*,#5708,.T.);
#5708 = EDGE_CURVE('',#5636,#5709,#5711,.T.);
#5709 = VERTEX_POINT('',#5710);
#5710 = CARTESIAN_POINT('',(-4.,6.1,0.61));
#5711 = LINE('',#5712,#5713);
#5712 = CARTESIAN_POINT('',(-4.,-6.1,0.61));
#5713 = VECTOR('',#5714,1.);
#5714 = DIRECTION('',(1.110223024625E-16,1.,0.));
#5715 = ORIENTED_EDGE('',*,*,#5716,.F.);
#5716 = EDGE_CURVE('',#5445,#5709,#5717,.T.);
#5717 = LINE('',#5718,#5719);
#5718 = CARTESIAN_POINT('',(-4.,6.1,-1.E-02));
#5719 = VECTOR('',#5720,1.);
#5720 = DIRECTION('',(0.,0.,1.));
#5721 = PLANE('',#5722);
#5722 = AXIS2_PLACEMENT_3D('',#5723,#5724,#5725);
#5723 = CARTESIAN_POINT('',(-4.,-6.1,-1.E-02));
#5724 = DIRECTION('',(-1.,1.110223024625E-16,0.));
#5725 = DIRECTION('',(0.,0.,1.));
#5726 = ADVANCED_FACE('',(#5727),#5745,.F.);
#5727 = FACE_BOUND('',#5728,.F.);
#5728 = EDGE_LOOP('',(#5729,#5730,#5738,#5744));
#5729 = ORIENTED_EDGE('',*,*,#5296,.T.);
#5730 = ORIENTED_EDGE('',*,*,#5731,.T.);
#5731 = EDGE_CURVE('',#5297,#5732,#5734,.T.);
#5732 = VERTEX_POINT('',#5733);
#5733 = CARTESIAN_POINT('',(-4.,-6.1,0.61));
#5734 = LINE('',#5735,#5736);
#5735 = CARTESIAN_POINT('',(-4.,-6.1,-1.E-02));
#5736 = VECTOR('',#5737,1.);
#5737 = DIRECTION('',(0.,0.,1.));
#5738 = ORIENTED_EDGE('',*,*,#5739,.T.);
#5739 = EDGE_CURVE('',#5732,#5685,#5740,.T.);
#5740 = LINE('',#5741,#5742);
#5741 = CARTESIAN_POINT('',(-4.,-6.1,0.61));
#5742 = VECTOR('',#5743,1.);
#5743 = DIRECTION('',(1.110223024625E-16,1.,0.));
#5744 = ORIENTED_EDGE('',*,*,#5692,.F.);
#5745 = PLANE('',#5746);
#5746 = AXIS2_PLACEMENT_3D('',#5747,#5748,#5749);
#5747 = CARTESIAN_POINT('',(-4.,-6.1,-1.E-02));
#5748 = DIRECTION('',(-1.,1.110223024625E-16,0.));
#5749 = DIRECTION('',(0.,0.,1.));
#5750 = ADVANCED_FACE('',(#5751),#5767,.F.);
#5751 = FACE_BOUND('',#5752,.F.);
#5752 = EDGE_LOOP('',(#5753,#5760,#5761,#5762,#5763,#5764,#5765,#5766));
#5753 = ORIENTED_EDGE('',*,*,#5754,.F.);
#5754 = EDGE_CURVE('',#5732,#5604,#5755,.T.);
#5755 = CIRCLE('',#5756,4.);
#5756 = AXIS2_PLACEMENT_3D('',#5757,#5758,#5759);
#5757 = CARTESIAN_POINT('',(-6.772360450213E-16,-6.1,0.61));
#5758 = DIRECTION('',(0.,-0.,1.));
#5759 = DIRECTION('',(1.110223024625E-16,1.,0.));
#5760 = ORIENTED_EDGE('',*,*,#5731,.F.);
#5761 = ORIENTED_EDGE('',*,*,#5304,.T.);
#5762 = ORIENTED_EDGE('',*,*,#5313,.T.);
#5763 = ORIENTED_EDGE('',*,*,#5322,.T.);
#5764 = ORIENTED_EDGE('',*,*,#5331,.T.);
#5765 = ORIENTED_EDGE('',*,*,#5340,.T.);
#5766 = ORIENTED_EDGE('',*,*,#5603,.T.);
#5767 = CYLINDRICAL_SURFACE('',#5768,4.);
#5768 = AXIS2_PLACEMENT_3D('',#5769,#5770,#5771);
#5769 = CARTESIAN_POINT('',(-6.772360450213E-16,-6.1,-1.E-02));
#5770 = DIRECTION('',(0.,0.,1.));
#5771 = DIRECTION('',(1.110223024625E-16,1.,0.));
#5772 = ADVANCED_FACE('',(#5773),#5798,.F.);
#5773 = FACE_BOUND('',#5774,.F.);
#5774 = EDGE_LOOP('',(#5775,#5776,#5784,#5792));
#5775 = ORIENTED_EDGE('',*,*,#5383,.T.);
#5776 = ORIENTED_EDGE('',*,*,#5777,.T.);
#5777 = EDGE_CURVE('',#5384,#5778,#5780,.T.);
#5778 = VERTEX_POINT('',#5779);
#5779 = CARTESIAN_POINT('',(4.,4.,0.61));
#5780 = LINE('',#5781,#5782);
#5781 = CARTESIAN_POINT('',(4.,4.,-1.E-02));
#5782 = VECTOR('',#5783,1.);
#5783 = DIRECTION('',(0.,0.,1.));
#5784 = ORIENTED_EDGE('',*,*,#5785,.T.);
#5785 = EDGE_CURVE('',#5778,#5786,#5788,.T.);
#5786 = VERTEX_POINT('',#5787);
#5787 = CARTESIAN_POINT('',(14.6,4.,0.61));
#5788 = LINE('',#5789,#5790);
#5789 = CARTESIAN_POINT('',(-14.6,4.,0.61));
#5790 = VECTOR('',#5791,1.);
#5791 = DIRECTION('',(1.,0.,0.));
#5792 = ORIENTED_EDGE('',*,*,#5793,.F.);
#5793 = EDGE_CURVE('',#5375,#5786,#5794,.T.);
#5794 = LINE('',#5795,#5796);
#5795 = CARTESIAN_POINT('',(14.6,4.,-1.E-02));
#5796 = VECTOR('',#5797,1.);
#5797 = DIRECTION('',(0.,0.,1.));
#5798 = PLANE('',#5799);
#5799 = AXIS2_PLACEMENT_3D('',#5800,#5801,#5802);
#5800 = CARTESIAN_POINT('',(-14.6,4.,-1.E-02));
#5801 = DIRECTION('',(0.,1.,0.));
#5802 = DIRECTION('',(0.,0.,1.));
#5803 = ADVANCED_FACE('',(#5804),#5822,.T.);
#5804 = FACE_BOUND('',#5805,.T.);
#5805 = EDGE_LOOP('',(#5806,#5807,#5808,#5816));
#5806 = ORIENTED_EDGE('',*,*,#5391,.T.);
#5807 = ORIENTED_EDGE('',*,*,#5777,.T.);
#5808 = ORIENTED_EDGE('',*,*,#5809,.T.);
#5809 = EDGE_CURVE('',#5778,#5810,#5812,.T.);
#5810 = VERTEX_POINT('',#5811);
#5811 = CARTESIAN_POINT('',(4.,6.1,0.61));
#5812 = LINE('',#5813,#5814);
#5813 = CARTESIAN_POINT('',(4.,-6.1,0.61));
#5814 = VECTOR('',#5815,1.);
#5815 = DIRECTION('',(1.110223024625E-16,1.,0.));
#5816 = ORIENTED_EDGE('',*,*,#5817,.F.);
#5817 = EDGE_CURVE('',#5392,#5810,#5818,.T.);
#5818 = LINE('',#5819,#5820);
#5819 = CARTESIAN_POINT('',(4.,6.1,-1.E-02));
#5820 = VECTOR('',#5821,1.);
#5821 = DIRECTION('',(0.,0.,1.));
#5822 = PLANE('',#5823);
#5823 = AXIS2_PLACEMENT_3D('',#5824,#5825,#5826);
#5824 = CARTESIAN_POINT('',(4.,-6.1,-1.E-02));
#5825 = DIRECTION('',(-1.,1.110223024625E-16,0.));
#5826 = DIRECTION('',(0.,0.,1.));
#5827 = ADVANCED_FACE('',(#5828,#5872),#5992,.T.);
#5828 = FACE_BOUND('',#5829,.T.);
#5829 = EDGE_LOOP('',(#5830,#5831,#5832,#5841,#5848,#5849,#5850,#5859,
    #5866,#5867,#5868,#5869,#5870,#5871));
#5830 = ORIENTED_EDGE('',*,*,#5635,.T.);
#5831 = ORIENTED_EDGE('',*,*,#5708,.T.);
#5832 = ORIENTED_EDGE('',*,*,#5833,.F.);
#5833 = EDGE_CURVE('',#5834,#5709,#5836,.T.);
#5834 = VERTEX_POINT('',#5835);
#5835 = CARTESIAN_POINT('',(2.101042694189E-15,10.1,0.61));
#5836 = CIRCLE('',#5837,4.);
#5837 = AXIS2_PLACEMENT_3D('',#5838,#5839,#5840);
#5838 = CARTESIAN_POINT('',(6.772360450213E-16,6.1,0.61));
#5839 = DIRECTION('',(0.,-0.,1.));
#5840 = DIRECTION('',(1.110223024625E-16,1.,0.));
#5841 = ORIENTED_EDGE('',*,*,#5842,.F.);
#5842 = EDGE_CURVE('',#5810,#5834,#5843,.T.);
#5843 = CIRCLE('',#5844,4.);
#5844 = AXIS2_PLACEMENT_3D('',#5845,#5846,#5847);
#5845 = CARTESIAN_POINT('',(6.772360450213E-16,6.1,0.61));
#5846 = DIRECTION('',(0.,-0.,1.));
#5847 = DIRECTION('',(1.110223024625E-16,1.,0.));
#5848 = ORIENTED_EDGE('',*,*,#5809,.F.);
#5849 = ORIENTED_EDGE('',*,*,#5785,.T.);
#5850 = ORIENTED_EDGE('',*,*,#5851,.F.);
#5851 = EDGE_CURVE('',#5852,#5786,#5854,.T.);
#5852 = VERTEX_POINT('',#5853);
#5853 = CARTESIAN_POINT('',(18.6,-9.797174393179E-16,0.61));
#5854 = CIRCLE('',#5855,4.);
#5855 = AXIS2_PLACEMENT_3D('',#5856,#5857,#5858);
#5856 = CARTESIAN_POINT('',(14.6,0.,0.61));
#5857 = DIRECTION('',(0.,0.,1.));
#5858 = DIRECTION('',(1.,0.,0.));
#5859 = ORIENTED_EDGE('',*,*,#5860,.F.);
#5860 = EDGE_CURVE('',#5581,#5852,#5861,.T.);
#5861 = CIRCLE('',#5862,4.);
#5862 = AXIS2_PLACEMENT_3D('',#5863,#5864,#5865);
#5863 = CARTESIAN_POINT('',(14.6,0.,0.61));
#5864 = DIRECTION('',(0.,0.,1.));
#5865 = DIRECTION('',(1.,0.,0.));
#5866 = ORIENTED_EDGE('',*,*,#5580,.F.);
#5867 = ORIENTED_EDGE('',*,*,#5611,.F.);
#5868 = ORIENTED_EDGE('',*,*,#5754,.F.);
#5869 = ORIENTED_EDGE('',*,*,#5739,.T.);
#5870 = ORIENTED_EDGE('',*,*,#5684,.F.);
#5871 = ORIENTED_EDGE('',*,*,#5657,.F.);
#5872 = FACE_BOUND('',#5873,.T.);
#5873 = EDGE_LOOP('',(#5874,#5885,#5893,#5901,#5910,#5918,#5926,#5935,
    #5944,#5952,#5960,#5969,#5978,#5986));
#5874 = ORIENTED_EDGE('',*,*,#5875,.T.);
#5875 = EDGE_CURVE('',#5876,#5878,#5880,.T.);
#5876 = VERTEX_POINT('',#5877);
#5877 = CARTESIAN_POINT('',(-14.6,3.7,0.61));
#5878 = VERTEX_POINT('',#5879);
#5879 = CARTESIAN_POINT('',(-14.6,-3.7,0.61));
#5880 = CIRCLE('',#5881,3.7);
#5881 = AXIS2_PLACEMENT_3D('',#5882,#5883,#5884);
#5882 = CARTESIAN_POINT('',(-14.6,0.,0.61));
#5883 = DIRECTION('',(0.,0.,1.));
#5884 = DIRECTION('',(1.,0.,0.));
#5885 = ORIENTED_EDGE('',*,*,#5886,.F.);
#5886 = EDGE_CURVE('',#5887,#5878,#5889,.T.);
#5887 = VERTEX_POINT('',#5888);
#5888 = CARTESIAN_POINT('',(-3.7,-3.7,0.61));
#5889 = LINE('',#5890,#5891);
#5890 = CARTESIAN_POINT('',(-14.6,-3.7,0.61));
#5891 = VECTOR('',#5892,1.);
#5892 = DIRECTION('',(-1.,0.,0.));
#5893 = ORIENTED_EDGE('',*,*,#5894,.T.);
#5894 = EDGE_CURVE('',#5887,#5895,#5897,.T.);
#5895 = VERTEX_POINT('',#5896);
#5896 = CARTESIAN_POINT('',(-3.7,-6.1,0.61));
#5897 = LINE('',#5898,#5899);
#5898 = CARTESIAN_POINT('',(-3.7,-5.05,0.61));
#5899 = VECTOR('',#5900,1.);
#5900 = DIRECTION('',(-1.110223024625E-16,-1.,0.));
#5901 = ORIENTED_EDGE('',*,*,#5902,.T.);
#5902 = EDGE_CURVE('',#5895,#5903,#5905,.T.);
#5903 = VERTEX_POINT('',#5904);
#5904 = CARTESIAN_POINT('',(3.7,-6.1,0.61));
#5905 = CIRCLE('',#5906,3.7);
#5906 = AXIS2_PLACEMENT_3D('',#5907,#5908,#5909);
#5907 = CARTESIAN_POINT('',(-6.772360450213E-16,-6.1,0.61));
#5908 = DIRECTION('',(0.,-0.,1.));
#5909 = DIRECTION('',(1.110223024625E-16,1.,0.));
#5910 = ORIENTED_EDGE('',*,*,#5911,.F.);
#5911 = EDGE_CURVE('',#5912,#5903,#5914,.T.);
#5912 = VERTEX_POINT('',#5913);
#5913 = CARTESIAN_POINT('',(3.7,-3.7,0.61));
#5914 = LINE('',#5915,#5916);
#5915 = CARTESIAN_POINT('',(3.7,-6.1,0.61));
#5916 = VECTOR('',#5917,1.);
#5917 = DIRECTION('',(-1.110223024625E-16,-1.,0.));
#5918 = ORIENTED_EDGE('',*,*,#5919,.F.);
#5919 = EDGE_CURVE('',#5920,#5912,#5922,.T.);
#5920 = VERTEX_POINT('',#5921);
#5921 = CARTESIAN_POINT('',(14.6,-3.7,0.61));
#5922 = LINE('',#5923,#5924);
#5923 = CARTESIAN_POINT('',(-14.6,-3.7,0.61));
#5924 = VECTOR('',#5925,1.);
#5925 = DIRECTION('',(-1.,0.,0.));
#5926 = ORIENTED_EDGE('',*,*,#5927,.T.);
#5927 = EDGE_CURVE('',#5920,#5928,#5930,.T.);
#5928 = VERTEX_POINT('',#5929);
#5929 = CARTESIAN_POINT('',(18.3,-9.06238631369E-16,0.61));
#5930 = CIRCLE('',#5931,3.7);
#5931 = AXIS2_PLACEMENT_3D('',#5932,#5933,#5934);
#5932 = CARTESIAN_POINT('',(14.6,0.,0.61));
#5933 = DIRECTION('',(0.,0.,1.));
#5934 = DIRECTION('',(1.,0.,0.));
#5935 = ORIENTED_EDGE('',*,*,#5936,.T.);
#5936 = EDGE_CURVE('',#5928,#5937,#5939,.T.);
#5937 = VERTEX_POINT('',#5938);
#5938 = CARTESIAN_POINT('',(14.6,3.7,0.61));
#5939 = CIRCLE('',#5940,3.7);
#5940 = AXIS2_PLACEMENT_3D('',#5941,#5942,#5943);
#5941 = CARTESIAN_POINT('',(14.6,0.,0.61));
#5942 = DIRECTION('',(0.,0.,1.));
#5943 = DIRECTION('',(1.,0.,0.));
#5944 = ORIENTED_EDGE('',*,*,#5945,.T.);
#5945 = EDGE_CURVE('',#5937,#5946,#5948,.T.);
#5946 = VERTEX_POINT('',#5947);
#5947 = CARTESIAN_POINT('',(3.7,3.7,0.61));
#5948 = LINE('',#5949,#5950);
#5949 = CARTESIAN_POINT('',(-14.6,3.7,0.61));
#5950 = VECTOR('',#5951,1.);
#5951 = DIRECTION('',(-1.,0.,0.));
#5952 = ORIENTED_EDGE('',*,*,#5953,.F.);
#5953 = EDGE_CURVE('',#5954,#5946,#5956,.T.);
#5954 = VERTEX_POINT('',#5955);
#5955 = CARTESIAN_POINT('',(3.7,6.1,0.61));
#5956 = LINE('',#5957,#5958);
#5957 = CARTESIAN_POINT('',(3.7,-5.05,0.61));
#5958 = VECTOR('',#5959,1.);
#5959 = DIRECTION('',(-1.110223024625E-16,-1.,0.));
#5960 = ORIENTED_EDGE('',*,*,#5961,.T.);
#5961 = EDGE_CURVE('',#5954,#5962,#5964,.T.);
#5962 = VERTEX_POINT('',#5963);
#5963 = CARTESIAN_POINT('',(1.994257195502E-15,9.8,0.61));
#5964 = CIRCLE('',#5965,3.7);
#5965 = AXIS2_PLACEMENT_3D('',#5966,#5967,#5968);
#5966 = CARTESIAN_POINT('',(6.772360450213E-16,6.1,0.61));
#5967 = DIRECTION('',(0.,-0.,1.));
#5968 = DIRECTION('',(1.110223024625E-16,1.,0.));
#5969 = ORIENTED_EDGE('',*,*,#5970,.T.);
#5970 = EDGE_CURVE('',#5962,#5971,#5973,.T.);
#5971 = VERTEX_POINT('',#5972);
#5972 = CARTESIAN_POINT('',(-3.7,6.1,0.61));
#5973 = CIRCLE('',#5974,3.7);
#5974 = AXIS2_PLACEMENT_3D('',#5975,#5976,#5977);
#5975 = CARTESIAN_POINT('',(6.772360450213E-16,6.1,0.61));
#5976 = DIRECTION('',(0.,-0.,1.));
#5977 = DIRECTION('',(1.110223024625E-16,1.,0.));
#5978 = ORIENTED_EDGE('',*,*,#5979,.T.);
#5979 = EDGE_CURVE('',#5971,#5980,#5982,.T.);
#5980 = VERTEX_POINT('',#5981);
#5981 = CARTESIAN_POINT('',(-3.7,3.7,0.61));
#5982 = LINE('',#5983,#5984);
#5983 = CARTESIAN_POINT('',(-3.7,-6.1,0.61));
#5984 = VECTOR('',#5985,1.);
#5985 = DIRECTION('',(-1.110223024625E-16,-1.,0.));
#5986 = ORIENTED_EDGE('',*,*,#5987,.T.);
#5987 = EDGE_CURVE('',#5980,#5876,#5988,.T.);
#5988 = LINE('',#5989,#5990);
#5989 = CARTESIAN_POINT('',(-14.6,3.7,0.61));
#5990 = VECTOR('',#5991,1.);
#5991 = DIRECTION('',(-1.,0.,0.));
#5992 = PLANE('',#5993);
#5993 = AXIS2_PLACEMENT_3D('',#5994,#5995,#5996);
#5994 = CARTESIAN_POINT('',(9.410454207196E-02,5.79952380028E-02,0.61));
#5995 = DIRECTION('',(-0.,-0.,-1.));
#5996 = DIRECTION('',(-1.,0.,0.));
#5997 = ADVANCED_FACE('',(#5998),#6023,.T.);
#5998 = FACE_BOUND('',#5999,.T.);
#5999 = EDGE_LOOP('',(#6000,#6001,#6009,#6017));
#6000 = ORIENTED_EDGE('',*,*,#5919,.T.);
#6001 = ORIENTED_EDGE('',*,*,#6002,.T.);
#6002 = EDGE_CURVE('',#5912,#6003,#6005,.T.);
#6003 = VERTEX_POINT('',#6004);
#6004 = CARTESIAN_POINT('',(3.7,-3.7,2.52));
#6005 = LINE('',#6006,#6007);
#6006 = CARTESIAN_POINT('',(3.7,-3.7,0.6));
#6007 = VECTOR('',#6008,1.);
#6008 = DIRECTION('',(0.,0.,1.));
#6009 = ORIENTED_EDGE('',*,*,#6010,.T.);
#6010 = EDGE_CURVE('',#6003,#6011,#6013,.T.);
#6011 = VERTEX_POINT('',#6012);
#6012 = CARTESIAN_POINT('',(14.6,-3.7,2.52));
#6013 = LINE('',#6014,#6015);
#6014 = CARTESIAN_POINT('',(-14.6,-3.7,2.52));
#6015 = VECTOR('',#6016,1.);
#6016 = DIRECTION('',(1.,0.,0.));
#6017 = ORIENTED_EDGE('',*,*,#6018,.F.);
#6018 = EDGE_CURVE('',#5920,#6011,#6019,.T.);
#6019 = LINE('',#6020,#6021);
#6020 = CARTESIAN_POINT('',(14.6,-3.7,0.6));
#6021 = VECTOR('',#6022,1.);
#6022 = DIRECTION('',(0.,0.,1.));
#6023 = PLANE('',#6024);
#6024 = AXIS2_PLACEMENT_3D('',#6025,#6026,#6027);
#6025 = CARTESIAN_POINT('',(-14.6,-3.7,0.6));
#6026 = DIRECTION('',(0.,1.,0.));
#6027 = DIRECTION('',(0.,0.,1.));
#6028 = ADVANCED_FACE('',(#6029),#6047,.T.);
#6029 = FACE_BOUND('',#6030,.T.);
#6030 = EDGE_LOOP('',(#6031,#6032,#6040,#6046));
#6031 = ORIENTED_EDGE('',*,*,#5911,.T.);
#6032 = ORIENTED_EDGE('',*,*,#6033,.T.);
#6033 = EDGE_CURVE('',#5903,#6034,#6036,.T.);
#6034 = VERTEX_POINT('',#6035);
#6035 = CARTESIAN_POINT('',(3.7,-6.1,2.52));
#6036 = LINE('',#6037,#6038);
#6037 = CARTESIAN_POINT('',(3.7,-6.1,0.6));
#6038 = VECTOR('',#6039,1.);
#6039 = DIRECTION('',(0.,0.,1.));
#6040 = ORIENTED_EDGE('',*,*,#6041,.T.);
#6041 = EDGE_CURVE('',#6034,#6003,#6042,.T.);
#6042 = LINE('',#6043,#6044);
#6043 = CARTESIAN_POINT('',(3.7,-6.1,2.52));
#6044 = VECTOR('',#6045,1.);
#6045 = DIRECTION('',(1.110223024625E-16,1.,0.));
#6046 = ORIENTED_EDGE('',*,*,#6002,.F.);
#6047 = PLANE('',#6048);
#6048 = AXIS2_PLACEMENT_3D('',#6049,#6050,#6051);
#6049 = CARTESIAN_POINT('',(3.7,-6.1,0.6));
#6050 = DIRECTION('',(-1.,1.110223024625E-16,0.));
#6051 = DIRECTION('',(0.,0.,1.));
#6052 = ADVANCED_FACE('',(#6053),#6078,.F.);
#6053 = FACE_BOUND('',#6054,.F.);
#6054 = EDGE_LOOP('',(#6055,#6056,#6064,#6072));
#6055 = ORIENTED_EDGE('',*,*,#5987,.T.);
#6056 = ORIENTED_EDGE('',*,*,#6057,.T.);
#6057 = EDGE_CURVE('',#5876,#6058,#6060,.T.);
#6058 = VERTEX_POINT('',#6059);
#6059 = CARTESIAN_POINT('',(-14.6,3.7,2.52));
#6060 = LINE('',#6061,#6062);
#6061 = CARTESIAN_POINT('',(-14.6,3.7,0.6));
#6062 = VECTOR('',#6063,1.);
#6063 = DIRECTION('',(0.,0.,1.));
#6064 = ORIENTED_EDGE('',*,*,#6065,.T.);
#6065 = EDGE_CURVE('',#6058,#6066,#6068,.T.);
#6066 = VERTEX_POINT('',#6067);
#6067 = CARTESIAN_POINT('',(-3.7,3.7,2.52));
#6068 = LINE('',#6069,#6070);
#6069 = CARTESIAN_POINT('',(-14.6,3.7,2.52));
#6070 = VECTOR('',#6071,1.);
#6071 = DIRECTION('',(1.,0.,0.));
#6072 = ORIENTED_EDGE('',*,*,#6073,.F.);
#6073 = EDGE_CURVE('',#5980,#6066,#6074,.T.);
#6074 = LINE('',#6075,#6076);
#6075 = CARTESIAN_POINT('',(-3.7,3.7,0.6));
#6076 = VECTOR('',#6077,1.);
#6077 = DIRECTION('',(0.,0.,1.));
#6078 = PLANE('',#6079);
#6079 = AXIS2_PLACEMENT_3D('',#6080,#6081,#6082);
#6080 = CARTESIAN_POINT('',(-14.6,3.7,0.6));
#6081 = DIRECTION('',(0.,1.,0.));
#6082 = DIRECTION('',(0.,0.,1.));
#6083 = ADVANCED_FACE('',(#6084),#6103,.F.);
#6084 = FACE_BOUND('',#6085,.F.);
#6085 = EDGE_LOOP('',(#6086,#6095,#6096,#6097));
#6086 = ORIENTED_EDGE('',*,*,#6087,.F.);
#6087 = EDGE_CURVE('',#6058,#6088,#6090,.T.);
#6088 = VERTEX_POINT('',#6089);
#6089 = CARTESIAN_POINT('',(-14.6,-3.7,2.52));
#6090 = CIRCLE('',#6091,3.7);
#6091 = AXIS2_PLACEMENT_3D('',#6092,#6093,#6094);
#6092 = CARTESIAN_POINT('',(-14.6,0.,2.52));
#6093 = DIRECTION('',(0.,0.,1.));
#6094 = DIRECTION('',(1.,0.,0.));
#6095 = ORIENTED_EDGE('',*,*,#6057,.F.);
#6096 = ORIENTED_EDGE('',*,*,#5875,.T.);
#6097 = ORIENTED_EDGE('',*,*,#6098,.T.);
#6098 = EDGE_CURVE('',#5878,#6088,#6099,.T.);
#6099 = LINE('',#6100,#6101);
#6100 = CARTESIAN_POINT('',(-14.6,-3.7,0.6));
#6101 = VECTOR('',#6102,1.);
#6102 = DIRECTION('',(0.,0.,1.));
#6103 = CYLINDRICAL_SURFACE('',#6104,3.7);
#6104 = AXIS2_PLACEMENT_3D('',#6105,#6106,#6107);
#6105 = CARTESIAN_POINT('',(-14.6,0.,0.6));
#6106 = DIRECTION('',(0.,0.,1.));
#6107 = DIRECTION('',(1.,0.,0.));
#6108 = ADVANCED_FACE('',(#6109),#6127,.T.);
#6109 = FACE_BOUND('',#6110,.T.);
#6110 = EDGE_LOOP('',(#6111,#6112,#6113,#6121));
#6111 = ORIENTED_EDGE('',*,*,#5886,.T.);
#6112 = ORIENTED_EDGE('',*,*,#6098,.T.);
#6113 = ORIENTED_EDGE('',*,*,#6114,.T.);
#6114 = EDGE_CURVE('',#6088,#6115,#6117,.T.);
#6115 = VERTEX_POINT('',#6116);
#6116 = CARTESIAN_POINT('',(-3.7,-3.7,2.52));
#6117 = LINE('',#6118,#6119);
#6118 = CARTESIAN_POINT('',(-14.6,-3.7,2.52));
#6119 = VECTOR('',#6120,1.);
#6120 = DIRECTION('',(1.,0.,0.));
#6121 = ORIENTED_EDGE('',*,*,#6122,.F.);
#6122 = EDGE_CURVE('',#5887,#6115,#6123,.T.);
#6123 = LINE('',#6124,#6125);
#6124 = CARTESIAN_POINT('',(-3.7,-3.7,0.6));
#6125 = VECTOR('',#6126,1.);
#6126 = DIRECTION('',(0.,0.,1.));
#6127 = PLANE('',#6128);
#6128 = AXIS2_PLACEMENT_3D('',#6129,#6130,#6131);
#6129 = CARTESIAN_POINT('',(-14.6,-3.7,0.6));
#6130 = DIRECTION('',(0.,1.,0.));
#6131 = DIRECTION('',(0.,0.,1.));
#6132 = ADVANCED_FACE('',(#6133),#6151,.F.);
#6133 = FACE_BOUND('',#6134,.F.);
#6134 = EDGE_LOOP('',(#6135,#6136,#6137,#6145));
#6135 = ORIENTED_EDGE('',*,*,#5979,.T.);
#6136 = ORIENTED_EDGE('',*,*,#6073,.T.);
#6137 = ORIENTED_EDGE('',*,*,#6138,.T.);
#6138 = EDGE_CURVE('',#6066,#6139,#6141,.T.);
#6139 = VERTEX_POINT('',#6140);
#6140 = CARTESIAN_POINT('',(-3.7,6.1,2.52));
#6141 = LINE('',#6142,#6143);
#6142 = CARTESIAN_POINT('',(-3.7,-6.1,2.52));
#6143 = VECTOR('',#6144,1.);
#6144 = DIRECTION('',(1.110223024625E-16,1.,0.));
#6145 = ORIENTED_EDGE('',*,*,#6146,.F.);
#6146 = EDGE_CURVE('',#5971,#6139,#6147,.T.);
#6147 = LINE('',#6148,#6149);
#6148 = CARTESIAN_POINT('',(-3.7,6.1,0.6));
#6149 = VECTOR('',#6150,1.);
#6150 = DIRECTION('',(0.,0.,1.));
#6151 = PLANE('',#6152);
#6152 = AXIS2_PLACEMENT_3D('',#6153,#6154,#6155);
#6153 = CARTESIAN_POINT('',(-3.7,-6.1,0.6));
#6154 = DIRECTION('',(-1.,1.110223024625E-16,0.));
#6155 = DIRECTION('',(0.,0.,1.));
#6156 = ADVANCED_FACE('',(#6157),#6175,.F.);
#6157 = FACE_BOUND('',#6158,.F.);
#6158 = EDGE_LOOP('',(#6159,#6160,#6168,#6174));
#6159 = ORIENTED_EDGE('',*,*,#5894,.T.);
#6160 = ORIENTED_EDGE('',*,*,#6161,.T.);
#6161 = EDGE_CURVE('',#5895,#6162,#6164,.T.);
#6162 = VERTEX_POINT('',#6163);
#6163 = CARTESIAN_POINT('',(-3.7,-6.1,2.52));
#6164 = LINE('',#6165,#6166);
#6165 = CARTESIAN_POINT('',(-3.7,-6.1,0.6));
#6166 = VECTOR('',#6167,1.);
#6167 = DIRECTION('',(0.,0.,1.));
#6168 = ORIENTED_EDGE('',*,*,#6169,.T.);
#6169 = EDGE_CURVE('',#6162,#6115,#6170,.T.);
#6170 = LINE('',#6171,#6172);
#6171 = CARTESIAN_POINT('',(-3.7,-6.1,2.52));
#6172 = VECTOR('',#6173,1.);
#6173 = DIRECTION('',(1.110223024625E-16,1.,0.));
#6174 = ORIENTED_EDGE('',*,*,#6122,.F.);
#6175 = PLANE('',#6176);
#6176 = AXIS2_PLACEMENT_3D('',#6177,#6178,#6179);
#6177 = CARTESIAN_POINT('',(-3.7,-6.1,0.6));
#6178 = DIRECTION('',(-1.,1.110223024625E-16,0.));
#6179 = DIRECTION('',(0.,0.,1.));
#6180 = ADVANCED_FACE('',(#6181),#6193,.F.);
#6181 = FACE_BOUND('',#6182,.F.);
#6182 = EDGE_LOOP('',(#6183,#6190,#6191,#6192));
#6183 = ORIENTED_EDGE('',*,*,#6184,.F.);
#6184 = EDGE_CURVE('',#6162,#6034,#6185,.T.);
#6185 = CIRCLE('',#6186,3.7);
#6186 = AXIS2_PLACEMENT_3D('',#6187,#6188,#6189);
#6187 = CARTESIAN_POINT('',(-6.772360450213E-16,-6.1,2.52));
#6188 = DIRECTION('',(0.,-0.,1.));
#6189 = DIRECTION('',(1.110223024625E-16,1.,0.));
#6190 = ORIENTED_EDGE('',*,*,#6161,.F.);
#6191 = ORIENTED_EDGE('',*,*,#5902,.T.);
#6192 = ORIENTED_EDGE('',*,*,#6033,.T.);
#6193 = CYLINDRICAL_SURFACE('',#6194,3.7);
#6194 = AXIS2_PLACEMENT_3D('',#6195,#6196,#6197);
#6195 = CARTESIAN_POINT('',(-6.772360450213E-16,-6.1,0.6));
#6196 = DIRECTION('',(0.,0.,1.));
#6197 = DIRECTION('',(1.110223024625E-16,1.,0.));
#6198 = ADVANCED_FACE('',(#6199),#6224,.F.);
#6199 = FACE_BOUND('',#6200,.F.);
#6200 = EDGE_LOOP('',(#6201,#6202,#6210,#6218));
#6201 = ORIENTED_EDGE('',*,*,#5945,.T.);
#6202 = ORIENTED_EDGE('',*,*,#6203,.T.);
#6203 = EDGE_CURVE('',#5946,#6204,#6206,.T.);
#6204 = VERTEX_POINT('',#6205);
#6205 = CARTESIAN_POINT('',(3.7,3.7,2.52));
#6206 = LINE('',#6207,#6208);
#6207 = CARTESIAN_POINT('',(3.7,3.7,0.6));
#6208 = VECTOR('',#6209,1.);
#6209 = DIRECTION('',(0.,0.,1.));
#6210 = ORIENTED_EDGE('',*,*,#6211,.T.);
#6211 = EDGE_CURVE('',#6204,#6212,#6214,.T.);
#6212 = VERTEX_POINT('',#6213);
#6213 = CARTESIAN_POINT('',(14.6,3.7,2.52));
#6214 = LINE('',#6215,#6216);
#6215 = CARTESIAN_POINT('',(-14.6,3.7,2.52));
#6216 = VECTOR('',#6217,1.);
#6217 = DIRECTION('',(1.,0.,0.));
#6218 = ORIENTED_EDGE('',*,*,#6219,.F.);
#6219 = EDGE_CURVE('',#5937,#6212,#6220,.T.);
#6220 = LINE('',#6221,#6222);
#6221 = CARTESIAN_POINT('',(14.6,3.7,0.6));
#6222 = VECTOR('',#6223,1.);
#6223 = DIRECTION('',(0.,0.,1.));
#6224 = PLANE('',#6225);
#6225 = AXIS2_PLACEMENT_3D('',#6226,#6227,#6228);
#6226 = CARTESIAN_POINT('',(-14.6,3.7,0.6));
#6227 = DIRECTION('',(0.,1.,0.));
#6228 = DIRECTION('',(0.,0.,1.));
#6229 = ADVANCED_FACE('',(#6230),#6248,.T.);
#6230 = FACE_BOUND('',#6231,.T.);
#6231 = EDGE_LOOP('',(#6232,#6233,#6234,#6242));
#6232 = ORIENTED_EDGE('',*,*,#5953,.T.);
#6233 = ORIENTED_EDGE('',*,*,#6203,.T.);
#6234 = ORIENTED_EDGE('',*,*,#6235,.T.);
#6235 = EDGE_CURVE('',#6204,#6236,#6238,.T.);
#6236 = VERTEX_POINT('',#6237);
#6237 = CARTESIAN_POINT('',(3.7,6.1,2.52));
#6238 = LINE('',#6239,#6240);
#6239 = CARTESIAN_POINT('',(3.7,-6.1,2.52));
#6240 = VECTOR('',#6241,1.);
#6241 = DIRECTION('',(1.110223024625E-16,1.,0.));
#6242 = ORIENTED_EDGE('',*,*,#6243,.F.);
#6243 = EDGE_CURVE('',#5954,#6236,#6244,.T.);
#6244 = LINE('',#6245,#6246);
#6245 = CARTESIAN_POINT('',(3.7,6.1,0.6));
#6246 = VECTOR('',#6247,1.);
#6247 = DIRECTION('',(0.,0.,1.));
#6248 = PLANE('',#6249);
#6249 = AXIS2_PLACEMENT_3D('',#6250,#6251,#6252);
#6250 = CARTESIAN_POINT('',(3.7,-6.1,0.6));
#6251 = DIRECTION('',(-1.,1.110223024625E-16,0.));
#6252 = DIRECTION('',(0.,0.,1.));
#6253 = ADVANCED_FACE('',(#6254,#6298),#6327,.T.);
#6254 = FACE_BOUND('',#6255,.T.);
#6255 = EDGE_LOOP('',(#6256,#6257,#6258,#6267,#6274,#6275,#6276,#6285,
    #6292,#6293,#6294,#6295,#6296,#6297));
#6256 = ORIENTED_EDGE('',*,*,#6065,.T.);
#6257 = ORIENTED_EDGE('',*,*,#6138,.T.);
#6258 = ORIENTED_EDGE('',*,*,#6259,.F.);
#6259 = EDGE_CURVE('',#6260,#6139,#6262,.T.);
#6260 = VERTEX_POINT('',#6261);
#6261 = CARTESIAN_POINT('',(1.994257195502E-15,9.8,2.52));
#6262 = CIRCLE('',#6263,3.7);
#6263 = AXIS2_PLACEMENT_3D('',#6264,#6265,#6266);
#6264 = CARTESIAN_POINT('',(6.772360450213E-16,6.1,2.52));
#6265 = DIRECTION('',(0.,-0.,1.));
#6266 = DIRECTION('',(1.110223024625E-16,1.,0.));
#6267 = ORIENTED_EDGE('',*,*,#6268,.F.);
#6268 = EDGE_CURVE('',#6236,#6260,#6269,.T.);
#6269 = CIRCLE('',#6270,3.7);
#6270 = AXIS2_PLACEMENT_3D('',#6271,#6272,#6273);
#6271 = CARTESIAN_POINT('',(6.772360450213E-16,6.1,2.52));
#6272 = DIRECTION('',(0.,-0.,1.));
#6273 = DIRECTION('',(1.110223024625E-16,1.,0.));
#6274 = ORIENTED_EDGE('',*,*,#6235,.F.);
#6275 = ORIENTED_EDGE('',*,*,#6211,.T.);
#6276 = ORIENTED_EDGE('',*,*,#6277,.F.);
#6277 = EDGE_CURVE('',#6278,#6212,#6280,.T.);
#6278 = VERTEX_POINT('',#6279);
#6279 = CARTESIAN_POINT('',(18.3,-9.06238631369E-16,2.52));
#6280 = CIRCLE('',#6281,3.7);
#6281 = AXIS2_PLACEMENT_3D('',#6282,#6283,#6284);
#6282 = CARTESIAN_POINT('',(14.6,0.,2.52));
#6283 = DIRECTION('',(0.,0.,1.));
#6284 = DIRECTION('',(1.,0.,0.));
#6285 = ORIENTED_EDGE('',*,*,#6286,.F.);
#6286 = EDGE_CURVE('',#6011,#6278,#6287,.T.);
#6287 = CIRCLE('',#6288,3.7);
#6288 = AXIS2_PLACEMENT_3D('',#6289,#6290,#6291);
#6289 = CARTESIAN_POINT('',(14.6,0.,2.52));
#6290 = DIRECTION('',(0.,0.,1.));
#6291 = DIRECTION('',(1.,0.,0.));
#6292 = ORIENTED_EDGE('',*,*,#6010,.F.);
#6293 = ORIENTED_EDGE('',*,*,#6041,.F.);
#6294 = ORIENTED_EDGE('',*,*,#6184,.F.);
#6295 = ORIENTED_EDGE('',*,*,#6169,.T.);
#6296 = ORIENTED_EDGE('',*,*,#6114,.F.);
#6297 = ORIENTED_EDGE('',*,*,#6087,.F.);
#6298 = FACE_BOUND('',#6299,.T.);
#6299 = EDGE_LOOP('',(#6300,#6311,#6320));
#6300 = ORIENTED_EDGE('',*,*,#6301,.T.);
#6301 = EDGE_CURVE('',#6302,#6304,#6306,.T.);
#6302 = VERTEX_POINT('',#6303);
#6303 = CARTESIAN_POINT('',(-1.866657897745E-16,2.4,2.52));
#6304 = VERTEX_POINT('',#6305);
#6305 = CARTESIAN_POINT('',(6.39785105459E-16,-2.4,2.52));
#6306 = CIRCLE('',#6307,2.4);
#6307 = AXIS2_PLACEMENT_3D('',#6308,#6309,#6310);
#6308 = CARTESIAN_POINT('',(0.,0.,2.52));
#6309 = DIRECTION('',(0.,0.,1.));
#6310 = DIRECTION('',(1.,0.,0.));
#6311 = ORIENTED_EDGE('',*,*,#6312,.T.);
#6312 = EDGE_CURVE('',#6304,#6313,#6315,.T.);
#6313 = VERTEX_POINT('',#6314);
#6314 = CARTESIAN_POINT('',(2.4,-5.878304635907E-16,2.52));
#6315 = CIRCLE('',#6316,2.4);
#6316 = AXIS2_PLACEMENT_3D('',#6317,#6318,#6319);
#6317 = CARTESIAN_POINT('',(0.,0.,2.52));
#6318 = DIRECTION('',(0.,0.,1.));
#6319 = DIRECTION('',(1.,0.,0.));
#6320 = ORIENTED_EDGE('',*,*,#6321,.T.);
#6321 = EDGE_CURVE('',#6313,#6302,#6322,.T.);
#6322 = CIRCLE('',#6323,2.4);
#6323 = AXIS2_PLACEMENT_3D('',#6324,#6325,#6326);
#6324 = CARTESIAN_POINT('',(0.,0.,2.52));
#6325 = DIRECTION('',(0.,0.,1.));
#6326 = DIRECTION('',(1.,0.,0.));
#6327 = PLANE('',#6328);
#6328 = AXIS2_PLACEMENT_3D('',#6329,#6330,#6331);
#6329 = CARTESIAN_POINT('',(8.591037164506E-02,5.208030768061E-02,2.52)
  );
#6330 = DIRECTION('',(-0.,-0.,-1.));
#6331 = DIRECTION('',(-1.,0.,0.));
#6332 = ADVANCED_FACE('',(#6333),#6341,.F.);
#6333 = FACE_BOUND('',#6334,.F.);
#6334 = EDGE_LOOP('',(#6335,#6336,#6337,#6338,#6339,#6340));
#6335 = ORIENTED_EDGE('',*,*,#83,.T.);
#6336 = ORIENTED_EDGE('',*,*,#202,.F.);
#6337 = ORIENTED_EDGE('',*,*,#193,.F.);
#6338 = ORIENTED_EDGE('',*,*,#100,.F.);
#6339 = ORIENTED_EDGE('',*,*,#5187,.T.);
#6340 = ORIENTED_EDGE('',*,*,#5196,.T.);
#6341 = CYLINDRICAL_SURFACE('',#6342,2.5);
#6342 = AXIS2_PLACEMENT_3D('',#6343,#6344,#6345);
#6343 = CARTESIAN_POINT('',(-17.,-10.,-1.E-02));
#6344 = DIRECTION('',(0.,0.,1.));
#6345 = DIRECTION('',(1.,0.,0.));
#6346 = ADVANCED_FACE('',(#6347),#6355,.F.);
#6347 = FACE_BOUND('',#6348,.F.);
#6348 = EDGE_LOOP('',(#6349,#6350,#6351,#6352,#6353,#6354));
#6349 = ORIENTED_EDGE('',*,*,#49,.T.);
#6350 = ORIENTED_EDGE('',*,*,#227,.F.);
#6351 = ORIENTED_EDGE('',*,*,#218,.F.);
#6352 = ORIENTED_EDGE('',*,*,#66,.F.);
#6353 = ORIENTED_EDGE('',*,*,#5204,.T.);
#6354 = ORIENTED_EDGE('',*,*,#5213,.T.);
#6355 = CYLINDRICAL_SURFACE('',#6356,2.5);
#6356 = AXIS2_PLACEMENT_3D('',#6357,#6358,#6359);
#6357 = CARTESIAN_POINT('',(-17.,10.,-1.E-02));
#6358 = DIRECTION('',(0.,0.,1.));
#6359 = DIRECTION('',(1.,0.,0.));
#6360 = ADVANCED_FACE('',(#6361),#6377,.T.);
#6361 = FACE_BOUND('',#6362,.T.);
#6362 = EDGE_LOOP('',(#6363,#6364,#6365,#6366,#6367,#6368,#6369,#6370,
    #6371,#6372,#6373,#6374,#6375,#6376));
#6363 = ORIENTED_EDGE('',*,*,#245,.F.);
#6364 = ORIENTED_EDGE('',*,*,#179,.F.);
#6365 = ORIENTED_EDGE('',*,*,#5267,.T.);
#6366 = ORIENTED_EDGE('',*,*,#5541,.T.);
#6367 = ORIENTED_EDGE('',*,*,#5555,.T.);
#6368 = ORIENTED_EDGE('',*,*,#5534,.F.);
#6369 = ORIENTED_EDGE('',*,*,#5249,.T.);
#6370 = ORIENTED_EDGE('',*,*,#5240,.T.);
#6371 = ORIENTED_EDGE('',*,*,#5493,.T.);
#6372 = ORIENTED_EDGE('',*,*,#5507,.T.);
#6373 = ORIENTED_EDGE('',*,*,#5486,.F.);
#6374 = ORIENTED_EDGE('',*,*,#5222,.T.);
#6375 = ORIENTED_EDGE('',*,*,#148,.T.);
#6376 = ORIENTED_EDGE('',*,*,#254,.F.);
#6377 = CYLINDRICAL_SURFACE('',#6378,14.);
#6378 = AXIS2_PLACEMENT_3D('',#6379,#6380,#6381);
#6379 = CARTESIAN_POINT('',(8.,0.,0.));
#6380 = DIRECTION('',(0.,0.,1.));
#6381 = DIRECTION('',(1.,0.,0.));
#6382 = ADVANCED_FACE('',(#6383),#6431,.F.);
#6383 = FACE_BOUND('',#6384,.F.);
#6384 = EDGE_LOOP('',(#6385,#6386,#6387,#6388,#6389,#6390,#6398,#6407,
    #6412,#6413,#6414,#6415,#6416,#6425));
#6385 = ORIENTED_EDGE('',*,*,#5114,.F.);
#6386 = ORIENTED_EDGE('',*,*,#5156,.F.);
#6387 = ORIENTED_EDGE('',*,*,#5170,.F.);
#6388 = ORIENTED_EDGE('',*,*,#5139,.T.);
#6389 = ORIENTED_EDGE('',*,*,#5085,.F.);
#6390 = ORIENTED_EDGE('',*,*,#6391,.F.);
#6391 = EDGE_CURVE('',#6392,#5086,#6394,.T.);
#6392 = VERTEX_POINT('',#6393);
#6393 = CARTESIAN_POINT('',(2.327734375,0.584510632447,7.));
#6394 = LINE('',#6395,#6396);
#6395 = CARTESIAN_POINT('',(2.327734375,0.584510632447,5.8));
#6396 = VECTOR('',#6397,1.);
#6397 = DIRECTION('',(0.,0.,1.));
#6398 = ORIENTED_EDGE('',*,*,#6399,.F.);
#6399 = EDGE_CURVE('',#6400,#6392,#6402,.T.);
#6400 = VERTEX_POINT('',#6401);
#6401 = CARTESIAN_POINT('',(2.4,-5.878304635907E-16,7.));
#6402 = CIRCLE('',#6403,2.4);
#6403 = AXIS2_PLACEMENT_3D('',#6404,#6405,#6406);
#6404 = CARTESIAN_POINT('',(0.,0.,7.));
#6405 = DIRECTION('',(0.,0.,1.));
#6406 = DIRECTION('',(1.,0.,0.));
#6407 = ORIENTED_EDGE('',*,*,#6408,.F.);
#6408 = EDGE_CURVE('',#6313,#6400,#6409,.T.);
#6409 = B_SPLINE_CURVE_WITH_KNOTS('',1,(#6410,#6411),.UNSPECIFIED.,.F.,
  .F.,(2,2),(-3.28,1.2),.PIECEWISE_BEZIER_KNOTS.);
#6410 = CARTESIAN_POINT('',(2.4,-5.878304635907E-16,2.52));
#6411 = CARTESIAN_POINT('',(2.4,-5.878304635907E-16,7.));
#6412 = ORIENTED_EDGE('',*,*,#6321,.T.);
#6413 = ORIENTED_EDGE('',*,*,#6301,.T.);
#6414 = ORIENTED_EDGE('',*,*,#6312,.T.);
#6415 = ORIENTED_EDGE('',*,*,#6408,.T.);
#6416 = ORIENTED_EDGE('',*,*,#6417,.F.);
#6417 = EDGE_CURVE('',#6418,#6400,#6420,.T.);
#6418 = VERTEX_POINT('',#6419);
#6419 = CARTESIAN_POINT('',(2.327734375,-0.584510632447,7.));
#6420 = CIRCLE('',#6421,2.4);
#6421 = AXIS2_PLACEMENT_3D('',#6422,#6423,#6424);
#6422 = CARTESIAN_POINT('',(0.,0.,7.));
#6423 = DIRECTION('',(0.,0.,1.));
#6424 = DIRECTION('',(1.,0.,0.));
#6425 = ORIENTED_EDGE('',*,*,#6426,.T.);
#6426 = EDGE_CURVE('',#6418,#5106,#6427,.T.);
#6427 = LINE('',#6428,#6429);
#6428 = CARTESIAN_POINT('',(2.327734375,-0.584510632447,5.8));
#6429 = VECTOR('',#6430,1.);
#6430 = DIRECTION('',(0.,0.,1.));
#6431 = CYLINDRICAL_SURFACE('',#6432,2.4);
#6432 = AXIS2_PLACEMENT_3D('',#6433,#6434,#6435);
#6433 = CARTESIAN_POINT('',(0.,0.,5.8));
#6434 = DIRECTION('',(0.,0.,1.));
#6435 = DIRECTION('',(1.,0.,0.));
#6436 = ADVANCED_FACE('',(#6437),#6457,.T.);
#6437 = FACE_BOUND('',#6438,.T.);
#6438 = EDGE_LOOP('',(#6439,#6440,#6441,#6450));
#6439 = ORIENTED_EDGE('',*,*,#6399,.F.);
#6440 = ORIENTED_EDGE('',*,*,#6417,.F.);
#6441 = ORIENTED_EDGE('',*,*,#6442,.T.);
#6442 = EDGE_CURVE('',#6418,#6443,#6445,.T.);
#6443 = VERTEX_POINT('',#6444);
#6444 = CARTESIAN_POINT('',(4.25,-8.881784197001E-16,7.));
#6445 = CIRCLE('',#6446,1.05);
#6446 = AXIS2_PLACEMENT_3D('',#6447,#6448,#6449);
#6447 = CARTESIAN_POINT('',(3.2,0.,7.));
#6448 = DIRECTION('',(0.,0.,1.));
#6449 = DIRECTION('',(1.,0.,0.));
#6450 = ORIENTED_EDGE('',*,*,#6451,.T.);
#6451 = EDGE_CURVE('',#6443,#6392,#6452,.T.);
#6452 = CIRCLE('',#6453,1.05);
#6453 = AXIS2_PLACEMENT_3D('',#6454,#6455,#6456);
#6454 = CARTESIAN_POINT('',(3.2,0.,7.));
#6455 = DIRECTION('',(0.,0.,1.));
#6456 = DIRECTION('',(1.,0.,0.));
#6457 = PLANE('',#6458);
#6458 = AXIS2_PLACEMENT_3D('',#6459,#6460,#6461);
#6459 = CARTESIAN_POINT('',(-8.,-14.,7.));
#6460 = DIRECTION('',(0.,0.,1.));
#6461 = DIRECTION('',(1.,0.,0.));
#6462 = ADVANCED_FACE('',(#6463),#6471,.F.);
#6463 = FACE_BOUND('',#6464,.F.);
#6464 = EDGE_LOOP('',(#6465,#6466,#6467,#6468,#6469,#6470));
#6465 = ORIENTED_EDGE('',*,*,#6391,.T.);
#6466 = ORIENTED_EDGE('',*,*,#5096,.F.);
#6467 = ORIENTED_EDGE('',*,*,#5105,.F.);
#6468 = ORIENTED_EDGE('',*,*,#6426,.F.);
#6469 = ORIENTED_EDGE('',*,*,#6442,.T.);
#6470 = ORIENTED_EDGE('',*,*,#6451,.T.);
#6471 = CYLINDRICAL_SURFACE('',#6472,1.05);
#6472 = AXIS2_PLACEMENT_3D('',#6473,#6474,#6475);
#6473 = CARTESIAN_POINT('',(3.2,0.,4.8));
#6474 = DIRECTION('',(0.,0.,1.));
#6475 = DIRECTION('',(1.,0.,0.));
#6476 = ADVANCED_FACE('',(#6477),#6489,.F.);
#6477 = FACE_BOUND('',#6478,.F.);
#6478 = EDGE_LOOP('',(#6479,#6480,#6481,#6482,#6483,#6484,#6485,#6486,
    #6487,#6488));
#6479 = ORIENTED_EDGE('',*,*,#5817,.F.);
#6480 = ORIENTED_EDGE('',*,*,#5399,.T.);
#6481 = ORIENTED_EDGE('',*,*,#5408,.T.);
#6482 = ORIENTED_EDGE('',*,*,#5417,.T.);
#6483 = ORIENTED_EDGE('',*,*,#5426,.T.);
#6484 = ORIENTED_EDGE('',*,*,#5435,.T.);
#6485 = ORIENTED_EDGE('',*,*,#5444,.T.);
#6486 = ORIENTED_EDGE('',*,*,#5716,.T.);
#6487 = ORIENTED_EDGE('',*,*,#5833,.F.);
#6488 = ORIENTED_EDGE('',*,*,#5842,.F.);
#6489 = CYLINDRICAL_SURFACE('',#6490,4.);
#6490 = AXIS2_PLACEMENT_3D('',#6491,#6492,#6493);
#6491 = CARTESIAN_POINT('',(6.772360450213E-16,6.1,-1.E-02));
#6492 = DIRECTION('',(0.,0.,1.));
#6493 = DIRECTION('',(1.110223024625E-16,1.,0.));
#6494 = ADVANCED_FACE('',(#6495),#6503,.F.);
#6495 = FACE_BOUND('',#6496,.F.);
#6496 = EDGE_LOOP('',(#6497,#6498,#6499,#6500,#6501,#6502));
#6497 = ORIENTED_EDGE('',*,*,#5793,.T.);
#6498 = ORIENTED_EDGE('',*,*,#5851,.F.);
#6499 = ORIENTED_EDGE('',*,*,#5860,.F.);
#6500 = ORIENTED_EDGE('',*,*,#5588,.F.);
#6501 = ORIENTED_EDGE('',*,*,#5365,.T.);
#6502 = ORIENTED_EDGE('',*,*,#5374,.T.);
#6503 = CYLINDRICAL_SURFACE('',#6504,4.);
#6504 = AXIS2_PLACEMENT_3D('',#6505,#6506,#6507);
#6505 = CARTESIAN_POINT('',(14.6,0.,-1.E-02));
#6506 = DIRECTION('',(0.,0.,1.));
#6507 = DIRECTION('',(1.,0.,0.));
#6508 = ADVANCED_FACE('',(#6509),#6517,.F.);
#6509 = FACE_BOUND('',#6510,.F.);
#6510 = EDGE_LOOP('',(#6511,#6512,#6513,#6514,#6515,#6516));
#6511 = ORIENTED_EDGE('',*,*,#6146,.T.);
#6512 = ORIENTED_EDGE('',*,*,#6259,.F.);
#6513 = ORIENTED_EDGE('',*,*,#6268,.F.);
#6514 = ORIENTED_EDGE('',*,*,#6243,.F.);
#6515 = ORIENTED_EDGE('',*,*,#5961,.T.);
#6516 = ORIENTED_EDGE('',*,*,#5970,.T.);
#6517 = CYLINDRICAL_SURFACE('',#6518,3.7);
#6518 = AXIS2_PLACEMENT_3D('',#6519,#6520,#6521);
#6519 = CARTESIAN_POINT('',(6.772360450213E-16,6.1,0.6));
#6520 = DIRECTION('',(0.,0.,1.));
#6521 = DIRECTION('',(1.110223024625E-16,1.,0.));
#6522 = ADVANCED_FACE('',(#6523),#6531,.F.);
#6523 = FACE_BOUND('',#6524,.F.);
#6524 = EDGE_LOOP('',(#6525,#6526,#6527,#6528,#6529,#6530));
#6525 = ORIENTED_EDGE('',*,*,#6219,.T.);
#6526 = ORIENTED_EDGE('',*,*,#6277,.F.);
#6527 = ORIENTED_EDGE('',*,*,#6286,.F.);
#6528 = ORIENTED_EDGE('',*,*,#6018,.F.);
#6529 = ORIENTED_EDGE('',*,*,#5927,.T.);
#6530 = ORIENTED_EDGE('',*,*,#5936,.T.);
#6531 = CYLINDRICAL_SURFACE('',#6532,3.7);
#6532 = AXIS2_PLACEMENT_3D('',#6533,#6534,#6535);
#6533 = CARTESIAN_POINT('',(14.6,0.,0.6));
#6534 = DIRECTION('',(0.,0.,1.));
#6535 = DIRECTION('',(1.,0.,0.));
#6536 = ( GEOMETRIC_REPRESENTATION_CONTEXT(3) 
GLOBAL_UNCERTAINTY_ASSIGNED_CONTEXT((#6540)) 
GLOBAL_UNIT_ASSIGNED_CONTEXT((#6537,#6538,#6539)) REPRESENTATION_CONTEXT
('Context #1','3D Context with UNIT and UNCERTAINTY') );
#6537 = ( LENGTH_UNIT() NAMED_UNIT(*) SI_UNIT(.MILLI.,.METRE.) );
#6538 = ( NAMED_UNIT(*) PLANE_ANGLE_UNIT() SI_UNIT($,.RADIAN.) );
#6539 = ( NAMED_UNIT(*) SI_UNIT($,.STERADIAN.) SOLID_ANGLE_UNIT() );
#6540 = UNCERTAINTY_MEASURE_WITH_UNIT(LENGTH_MEASURE(2.E-07),#6537,
  'distance_accuracy_value','confusion accuracy');
#6541 = PRODUCT_RELATED_PRODUCT_CATEGORY('part',$,(#7));
ENDSEC;
END-ISO-10303-21;
