ISO-10303-21;
HEADER;
FILE_DESCRIPTION(('FreeCAD Model'),'2;1');
FILE_NAME('Open CASCADE Shape Model','2026-07-31T07:10:15',('Author'),(
    ''),'Open CASCADE STEP processor 7.8','FreeCAD','Unknown');
FILE_SCHEMA(('AUTOMOTIVE_DESIGN { 1 0 10303 214 1 1 1 1 }'));
ENDSEC;
DATA;
#1 = APPLICATION_PROTOCOL_DEFINITION('international standard',
  'automotive_design',2000,#2);
#2 = APPLICATION_CONTEXT(
  'core data for automotive mechanical design processes');
#3 = SHAPE_DEFINITION_REPRESENTATION(#4,#10);
#4 = PRODUCT_DEFINITION_SHAPE('','',#5);
#5 = PRODUCT_DEFINITION('design','',#6,#9);
#6 = PRODUCT_DEFINITION_FORMATION('','',#7);
#7 = PRODUCT('J1 12T pinion with cross-horn drive socket',
  'J1 12T pinion with cross-horn drive socket','',(#8));
#8 = PRODUCT_CONTEXT('',#2,'mechanical');
#9 = PRODUCT_DEFINITION_CONTEXT('part definition',#2,'design');
#10 = ADVANCED_BREP_SHAPE_REPRESENTATION('',(#11,#15),#9469);
#11 = AXIS2_PLACEMENT_3D('',#12,#13,#14);
#12 = CARTESIAN_POINT('',(0.,0.,0.));
#13 = DIRECTION('',(0.,0.,1.));
#14 = DIRECTION('',(1.,0.,-0.));
#15 = MANIFOLD_SOLID_BREP('',#16);
#16 = CLOSED_SHELL('',(#17,#77,#108,#139,#170,#221,#252,#283,#314,#374,
    #405,#436,#487,#509,#540,#571,#593,#650,#692,#723,#754,#785,#818,
    #849,#880,#1050,#1082,#1106,#1130,#1162,#1186,#1203,#1227,#1668,
    #1828,#1852,#3698,#3722,#3874,#3891,#3915,#4067,#4084,#4108,#4260,
    #4277,#4301,#4453,#4470,#4494,#4646,#4663,#4687,#4839,#4856,#4880,
    #5032,#5049,#5073,#5225,#5242,#5266,#5418,#5435,#5459,#5611,#5628,
    #5652,#5804,#5821,#5838,#5858,#5875,#5892,#5909,#5926,#5943,#5960,
    #5977,#5994,#6011,#6028,#6045,#6062,#6079,#6096,#6113,#6130,#6142,
    #6159,#6176,#6193,#6210,#6227,#6244,#6261,#6278,#6295,#6312,#6329,
    #6346,#6363,#6380,#6397,#6414,#6426,#6443,#6460,#6477,#6494,#6511,
    #6528,#6545,#6562,#6579,#6596,#6613,#6630,#6647,#6664,#6681,#6698,
    #6715,#6732,#6749,#6766,#6783,#6800,#6817,#6834,#6851,#6868,#6885,
    #6902,#6919,#6936,#6953,#6970,#6982,#6994,#7011,#7028,#7045,#7062,
    #7079,#7096,#7113,#7130,#7147,#7164,#7181,#7198,#7215,#7232,#7249,
    #7266,#7283,#7300,#7317,#7334,#7351,#7368,#7385,#7402,#7419,#7436,
    #7453,#7470,#7487,#7504,#7521,#7538,#7550,#7562,#7579,#7596,#7613,
    #7630,#7647,#7664,#7681,#7698,#7715,#7732,#7749,#7766,#7783,#7800,
    #7817,#7834,#7851,#7868,#7885,#7902,#7919,#7936,#7953,#7970,#7987,
    #8004,#8021,#8038,#8055,#8072,#8089,#8106,#8118,#8130,#8147,#8164,
    #8181,#8198,#8215,#8232,#8249,#8266,#8283,#8300,#8317,#8334,#8351,
    #8368,#8385,#8402,#8419,#8436,#8453,#8470,#8487,#8504,#8521,#8538,
    #8555,#8572,#8589,#8606,#8623,#8640,#8657,#8674,#8686,#8698,#8715,
    #8732,#8749,#8766,#8783,#8800,#8817,#8834,#8851,#8868,#8885,#8902,
    #8919,#8936,#8953,#8970,#8987,#9004,#9021,#9038,#9055,#9072,#9089,
    #9106,#9123,#9140,#9157,#9174,#9191,#9208,#9225,#9242,#9254,#9266,
    #9291,#9316,#9336,#9353,#9413,#9425,#9437,#9453));
#17 = ADVANCED_FACE('',(#18),#72,.F.);
#18 = FACE_BOUND('',#19,.F.);
#19 = EDGE_LOOP('',(#20,#31,#39,#48,#56,#65));
#20 = ORIENTED_EDGE('',*,*,#21,.F.);
#21 = EDGE_CURVE('',#22,#24,#26,.T.);
#22 = VERTEX_POINT('',#23);
#23 = CARTESIAN_POINT('',(6.644734757686,2.9,22.4));
#24 = VERTEX_POINT('',#25);
#25 = CARTESIAN_POINT('',(6.046693311224,4.,22.4));
#26 = CIRCLE('',#27,7.25);
#27 = AXIS2_PLACEMENT_3D('',#28,#29,#30);
#28 = CARTESIAN_POINT('',(0.,0.,22.4));
#29 = DIRECTION('',(0.,0.,1.));
#30 = DIRECTION('',(1.,0.,-0.));
#31 = ORIENTED_EDGE('',*,*,#32,.F.);
#32 = EDGE_CURVE('',#33,#22,#35,.T.);
#33 = VERTEX_POINT('',#34);
#34 = CARTESIAN_POINT('',(6.644734757686,2.9,20.3));
#35 = LINE('',#36,#37);
#36 = CARTESIAN_POINT('',(6.644734757686,2.9,20.3));
#37 = VECTOR('',#38,1.);
#38 = DIRECTION('',(0.,0.,1.));
#39 = ORIENTED_EDGE('',*,*,#40,.T.);
#40 = EDGE_CURVE('',#33,#41,#43,.T.);
#41 = VERTEX_POINT('',#42);
#42 = CARTESIAN_POINT('',(2.9,6.644734757686,20.3));
#43 = CIRCLE('',#44,7.25);
#44 = AXIS2_PLACEMENT_3D('',#45,#46,#47);
#45 = CARTESIAN_POINT('',(0.,0.,20.3));
#46 = DIRECTION('',(0.,0.,1.));
#47 = DIRECTION('',(1.,0.,-0.));
#48 = ORIENTED_EDGE('',*,*,#49,.T.);
#49 = EDGE_CURVE('',#41,#50,#52,.T.);
#50 = VERTEX_POINT('',#51);
#51 = CARTESIAN_POINT('',(2.9,6.644734757686,22.4));
#52 = LINE('',#53,#54);
#53 = CARTESIAN_POINT('',(2.9,6.644734757686,20.3));
#54 = VECTOR('',#55,1.);
#55 = DIRECTION('',(0.,0.,1.));
#56 = ORIENTED_EDGE('',*,*,#57,.F.);
#57 = EDGE_CURVE('',#58,#50,#60,.T.);
#58 = VERTEX_POINT('',#59);
#59 = CARTESIAN_POINT('',(4.,6.046693311224,22.4));
#60 = CIRCLE('',#61,7.25);
#61 = AXIS2_PLACEMENT_3D('',#62,#63,#64);
#62 = CARTESIAN_POINT('',(0.,0.,22.4));
#63 = DIRECTION('',(0.,0.,1.));
#64 = DIRECTION('',(1.,0.,-0.));
#65 = ORIENTED_EDGE('',*,*,#66,.F.);
#66 = EDGE_CURVE('',#24,#58,#67,.T.);
#67 = CIRCLE('',#68,7.25);
#68 = AXIS2_PLACEMENT_3D('',#69,#70,#71);
#69 = CARTESIAN_POINT('',(0.,0.,22.4));
#70 = DIRECTION('',(0.,0.,1.));
#71 = DIRECTION('',(1.,0.,-0.));
#72 = CYLINDRICAL_SURFACE('',#73,7.25);
#73 = AXIS2_PLACEMENT_3D('',#74,#75,#76);
#74 = CARTESIAN_POINT('',(0.,0.,20.3));
#75 = DIRECTION('',(0.,0.,1.));
#76 = DIRECTION('',(1.,0.,-0.));
#77 = ADVANCED_FACE('',(#78),#103,.F.);
#78 = FACE_BOUND('',#79,.F.);
#79 = EDGE_LOOP('',(#80,#88,#89,#97));
#80 = ORIENTED_EDGE('',*,*,#81,.F.);
#81 = EDGE_CURVE('',#33,#82,#84,.T.);
#82 = VERTEX_POINT('',#83);
#83 = CARTESIAN_POINT('',(14.8,2.9,20.3));
#84 = LINE('',#85,#86);
#85 = CARTESIAN_POINT('',(-14.8,2.9,20.3));
#86 = VECTOR('',#87,1.);
#87 = DIRECTION('',(1.,0.,-0.));
#88 = ORIENTED_EDGE('',*,*,#32,.T.);
#89 = ORIENTED_EDGE('',*,*,#90,.F.);
#90 = EDGE_CURVE('',#91,#22,#93,.T.);
#91 = VERTEX_POINT('',#92);
#92 = CARTESIAN_POINT('',(14.8,2.9,22.4));
#93 = LINE('',#94,#95);
#94 = CARTESIAN_POINT('',(-15.4,2.9,22.4));
#95 = VECTOR('',#96,1.);
#96 = DIRECTION('',(-1.,-0.,0.));
#97 = ORIENTED_EDGE('',*,*,#98,.F.);
#98 = EDGE_CURVE('',#82,#91,#99,.T.);
#99 = LINE('',#100,#101);
#100 = CARTESIAN_POINT('',(14.8,2.9,20.3));
#101 = VECTOR('',#102,1.);
#102 = DIRECTION('',(0.,0.,1.));
#103 = PLANE('',#104);
#104 = AXIS2_PLACEMENT_3D('',#105,#106,#107);
#105 = CARTESIAN_POINT('',(-14.8,2.9,20.3));
#106 = DIRECTION('',(-0.,1.,0.));
#107 = DIRECTION('',(0.,0.,1.));
#108 = ADVANCED_FACE('',(#109),#134,.F.);
#109 = FACE_BOUND('',#110,.F.);
#110 = EDGE_LOOP('',(#111,#121,#127,#128));
#111 = ORIENTED_EDGE('',*,*,#112,.F.);
#112 = EDGE_CURVE('',#113,#115,#117,.T.);
#113 = VERTEX_POINT('',#114);
#114 = CARTESIAN_POINT('',(14.8,-2.9,20.3));
#115 = VERTEX_POINT('',#116);
#116 = CARTESIAN_POINT('',(14.8,-2.9,22.4));
#117 = LINE('',#118,#119);
#118 = CARTESIAN_POINT('',(14.8,-2.9,20.3));
#119 = VECTOR('',#120,1.);
#120 = DIRECTION('',(0.,0.,1.));
#121 = ORIENTED_EDGE('',*,*,#122,.T.);
#122 = EDGE_CURVE('',#113,#82,#123,.T.);
#123 = LINE('',#124,#125);
#124 = CARTESIAN_POINT('',(14.8,-2.9,20.3));
#125 = VECTOR('',#126,1.);
#126 = DIRECTION('',(-0.,1.,0.));
#127 = ORIENTED_EDGE('',*,*,#98,.T.);
#128 = ORIENTED_EDGE('',*,*,#129,.F.);
#129 = EDGE_CURVE('',#115,#91,#130,.T.);
#130 = LINE('',#131,#132);
#131 = CARTESIAN_POINT('',(14.8,-3.45,22.4));
#132 = VECTOR('',#133,1.);
#133 = DIRECTION('',(-0.,1.,0.));
#134 = PLANE('',#135);
#135 = AXIS2_PLACEMENT_3D('',#136,#137,#138);
#136 = CARTESIAN_POINT('',(14.8,-2.9,20.3));
#137 = DIRECTION('',(1.,0.,-0.));
#138 = DIRECTION('',(0.,0.,1.));
#139 = ADVANCED_FACE('',(#140),#165,.T.);
#140 = FACE_BOUND('',#141,.T.);
#141 = EDGE_LOOP('',(#142,#150,#158,#164));
#142 = ORIENTED_EDGE('',*,*,#143,.F.);
#143 = EDGE_CURVE('',#144,#113,#146,.T.);
#144 = VERTEX_POINT('',#145);
#145 = CARTESIAN_POINT('',(6.644734757686,-2.9,20.3));
#146 = LINE('',#147,#148);
#147 = CARTESIAN_POINT('',(-14.8,-2.9,20.3));
#148 = VECTOR('',#149,1.);
#149 = DIRECTION('',(1.,0.,-0.));
#150 = ORIENTED_EDGE('',*,*,#151,.T.);
#151 = EDGE_CURVE('',#144,#152,#154,.T.);
#152 = VERTEX_POINT('',#153);
#153 = CARTESIAN_POINT('',(6.644734757686,-2.9,22.4));
#154 = LINE('',#155,#156);
#155 = CARTESIAN_POINT('',(6.644734757686,-2.9,20.3));
#156 = VECTOR('',#157,1.);
#157 = DIRECTION('',(0.,0.,1.));
#158 = ORIENTED_EDGE('',*,*,#159,.F.);
#159 = EDGE_CURVE('',#115,#152,#160,.T.);
#160 = LINE('',#161,#162);
#161 = CARTESIAN_POINT('',(-15.4,-2.9,22.4));
#162 = VECTOR('',#163,1.);
#163 = DIRECTION('',(-1.,-0.,0.));
#164 = ORIENTED_EDGE('',*,*,#112,.F.);
#165 = PLANE('',#166);
#166 = AXIS2_PLACEMENT_3D('',#167,#168,#169);
#167 = CARTESIAN_POINT('',(-14.8,-2.9,20.3));
#168 = DIRECTION('',(-0.,1.,0.));
#169 = DIRECTION('',(0.,0.,1.));
#170 = ADVANCED_FACE('',(#171),#216,.F.);
#171 = FACE_BOUND('',#172,.F.);
#172 = EDGE_LOOP('',(#173,#182,#183,#192,#201,#210));
#173 = ORIENTED_EDGE('',*,*,#174,.T.);
#174 = EDGE_CURVE('',#175,#144,#177,.T.);
#175 = VERTEX_POINT('',#176);
#176 = CARTESIAN_POINT('',(2.9,-6.644734757686,20.3));
#177 = CIRCLE('',#178,7.25);
#178 = AXIS2_PLACEMENT_3D('',#179,#180,#181);
#179 = CARTESIAN_POINT('',(0.,0.,20.3));
#180 = DIRECTION('',(0.,0.,1.));
#181 = DIRECTION('',(1.,0.,-0.));
#182 = ORIENTED_EDGE('',*,*,#151,.T.);
#183 = ORIENTED_EDGE('',*,*,#184,.F.);
#184 = EDGE_CURVE('',#185,#152,#187,.T.);
#185 = VERTEX_POINT('',#186);
#186 = CARTESIAN_POINT('',(6.046693311224,-4.,22.4));
#187 = CIRCLE('',#188,7.25);
#188 = AXIS2_PLACEMENT_3D('',#189,#190,#191);
#189 = CARTESIAN_POINT('',(0.,0.,22.4));
#190 = DIRECTION('',(0.,0.,1.));
#191 = DIRECTION('',(1.,0.,-0.));
#192 = ORIENTED_EDGE('',*,*,#193,.F.);
#193 = EDGE_CURVE('',#194,#185,#196,.T.);
#194 = VERTEX_POINT('',#195);
#195 = CARTESIAN_POINT('',(4.,-6.046693311224,22.4));
#196 = CIRCLE('',#197,7.25);
#197 = AXIS2_PLACEMENT_3D('',#198,#199,#200);
#198 = CARTESIAN_POINT('',(0.,0.,22.4));
#199 = DIRECTION('',(0.,0.,1.));
#200 = DIRECTION('',(1.,0.,-0.));
#201 = ORIENTED_EDGE('',*,*,#202,.F.);
#202 = EDGE_CURVE('',#203,#194,#205,.T.);
#203 = VERTEX_POINT('',#204);
#204 = CARTESIAN_POINT('',(2.9,-6.644734757686,22.4));
#205 = CIRCLE('',#206,7.25);
#206 = AXIS2_PLACEMENT_3D('',#207,#208,#209);
#207 = CARTESIAN_POINT('',(0.,0.,22.4));
#208 = DIRECTION('',(0.,0.,1.));
#209 = DIRECTION('',(1.,0.,-0.));
#210 = ORIENTED_EDGE('',*,*,#211,.F.);
#211 = EDGE_CURVE('',#175,#203,#212,.T.);
#212 = LINE('',#213,#214);
#213 = CARTESIAN_POINT('',(2.9,-6.644734757686,20.3));
#214 = VECTOR('',#215,1.);
#215 = DIRECTION('',(0.,0.,1.));
#216 = CYLINDRICAL_SURFACE('',#217,7.25);
#217 = AXIS2_PLACEMENT_3D('',#218,#219,#220);
#218 = CARTESIAN_POINT('',(0.,0.,20.3));
#219 = DIRECTION('',(0.,0.,1.));
#220 = DIRECTION('',(1.,0.,-0.));
#221 = ADVANCED_FACE('',(#222),#247,.F.);
#222 = FACE_BOUND('',#223,.F.);
#223 = EDGE_LOOP('',(#224,#232,#233,#241));
#224 = ORIENTED_EDGE('',*,*,#225,.F.);
#225 = EDGE_CURVE('',#50,#226,#228,.T.);
#226 = VERTEX_POINT('',#227);
#227 = CARTESIAN_POINT('',(2.9,7.3,22.4));
#228 = LINE('',#229,#230);
#229 = CARTESIAN_POINT('',(2.9,-7.9,22.4));
#230 = VECTOR('',#231,1.);
#231 = DIRECTION('',(-0.,1.,0.));
#232 = ORIENTED_EDGE('',*,*,#49,.F.);
#233 = ORIENTED_EDGE('',*,*,#234,.T.);
#234 = EDGE_CURVE('',#41,#235,#237,.T.);
#235 = VERTEX_POINT('',#236);
#236 = CARTESIAN_POINT('',(2.9,7.3,20.3));
#237 = LINE('',#238,#239);
#238 = CARTESIAN_POINT('',(2.9,-7.3,20.3));
#239 = VECTOR('',#240,1.);
#240 = DIRECTION('',(-0.,1.,0.));
#241 = ORIENTED_EDGE('',*,*,#242,.T.);
#242 = EDGE_CURVE('',#235,#226,#243,.T.);
#243 = LINE('',#244,#245);
#244 = CARTESIAN_POINT('',(2.9,7.3,20.3));
#245 = VECTOR('',#246,1.);
#246 = DIRECTION('',(0.,0.,1.));
#247 = PLANE('',#248);
#248 = AXIS2_PLACEMENT_3D('',#249,#250,#251);
#249 = CARTESIAN_POINT('',(2.9,-7.3,20.3));
#250 = DIRECTION('',(1.,0.,-0.));
#251 = DIRECTION('',(0.,0.,1.));
#252 = ADVANCED_FACE('',(#253),#278,.F.);
#253 = FACE_BOUND('',#254,.F.);
#254 = EDGE_LOOP('',(#255,#256,#264,#272));
#255 = ORIENTED_EDGE('',*,*,#242,.F.);
#256 = ORIENTED_EDGE('',*,*,#257,.F.);
#257 = EDGE_CURVE('',#258,#235,#260,.T.);
#258 = VERTEX_POINT('',#259);
#259 = CARTESIAN_POINT('',(-2.9,7.3,20.3));
#260 = LINE('',#261,#262);
#261 = CARTESIAN_POINT('',(-2.9,7.3,20.3));
#262 = VECTOR('',#263,1.);
#263 = DIRECTION('',(1.,0.,-0.));
#264 = ORIENTED_EDGE('',*,*,#265,.T.);
#265 = EDGE_CURVE('',#258,#266,#268,.T.);
#266 = VERTEX_POINT('',#267);
#267 = CARTESIAN_POINT('',(-2.9,7.3,22.4));
#268 = LINE('',#269,#270);
#269 = CARTESIAN_POINT('',(-2.9,7.3,20.3));
#270 = VECTOR('',#271,1.);
#271 = DIRECTION('',(0.,0.,1.));
#272 = ORIENTED_EDGE('',*,*,#273,.F.);
#273 = EDGE_CURVE('',#226,#266,#274,.T.);
#274 = LINE('',#275,#276);
#275 = CARTESIAN_POINT('',(-3.45,7.3,22.4));
#276 = VECTOR('',#277,1.);
#277 = DIRECTION('',(-1.,-0.,0.));
#278 = PLANE('',#279);
#279 = AXIS2_PLACEMENT_3D('',#280,#281,#282);
#280 = CARTESIAN_POINT('',(-2.9,7.3,20.3));
#281 = DIRECTION('',(-0.,1.,0.));
#282 = DIRECTION('',(0.,0.,1.));
#283 = ADVANCED_FACE('',(#284),#309,.T.);
#284 = FACE_BOUND('',#285,.T.);
#285 = EDGE_LOOP('',(#286,#294,#302,#308));
#286 = ORIENTED_EDGE('',*,*,#287,.F.);
#287 = EDGE_CURVE('',#288,#266,#290,.T.);
#288 = VERTEX_POINT('',#289);
#289 = CARTESIAN_POINT('',(-2.9,6.644734757686,22.4));
#290 = LINE('',#291,#292);
#291 = CARTESIAN_POINT('',(-2.9,-7.9,22.4));
#292 = VECTOR('',#293,1.);
#293 = DIRECTION('',(-0.,1.,0.));
#294 = ORIENTED_EDGE('',*,*,#295,.F.);
#295 = EDGE_CURVE('',#296,#288,#298,.T.);
#296 = VERTEX_POINT('',#297);
#297 = CARTESIAN_POINT('',(-2.9,6.644734757686,20.3));
#298 = LINE('',#299,#300);
#299 = CARTESIAN_POINT('',(-2.9,6.644734757686,20.3));
#300 = VECTOR('',#301,1.);
#301 = DIRECTION('',(0.,0.,1.));
#302 = ORIENTED_EDGE('',*,*,#303,.T.);
#303 = EDGE_CURVE('',#296,#258,#304,.T.);
#304 = LINE('',#305,#306);
#305 = CARTESIAN_POINT('',(-2.9,-7.3,20.3));
#306 = VECTOR('',#307,1.);
#307 = DIRECTION('',(-0.,1.,0.));
#308 = ORIENTED_EDGE('',*,*,#265,.T.);
#309 = PLANE('',#310);
#310 = AXIS2_PLACEMENT_3D('',#311,#312,#313);
#311 = CARTESIAN_POINT('',(-2.9,-7.3,20.3));
#312 = DIRECTION('',(1.,0.,-0.));
#313 = DIRECTION('',(0.,0.,1.));
#314 = ADVANCED_FACE('',(#315),#369,.F.);
#315 = FACE_BOUND('',#316,.F.);
#316 = EDGE_LOOP('',(#317,#328,#336,#345,#354,#363));
#317 = ORIENTED_EDGE('',*,*,#318,.T.);
#318 = EDGE_CURVE('',#319,#321,#323,.T.);
#319 = VERTEX_POINT('',#320);
#320 = CARTESIAN_POINT('',(-6.644734757686,-2.9,20.3));
#321 = VERTEX_POINT('',#322);
#322 = CARTESIAN_POINT('',(-2.9,-6.644734757686,20.3));
#323 = CIRCLE('',#324,7.25);
#324 = AXIS2_PLACEMENT_3D('',#325,#326,#327);
#325 = CARTESIAN_POINT('',(0.,0.,20.3));
#326 = DIRECTION('',(0.,0.,1.));
#327 = DIRECTION('',(1.,0.,-0.));
#328 = ORIENTED_EDGE('',*,*,#329,.T.);
#329 = EDGE_CURVE('',#321,#330,#332,.T.);
#330 = VERTEX_POINT('',#331);
#331 = CARTESIAN_POINT('',(-2.9,-6.644734757686,22.4));
#332 = LINE('',#333,#334);
#333 = CARTESIAN_POINT('',(-2.9,-6.644734757686,20.3));
#334 = VECTOR('',#335,1.);
#335 = DIRECTION('',(0.,0.,1.));
#336 = ORIENTED_EDGE('',*,*,#337,.F.);
#337 = EDGE_CURVE('',#338,#330,#340,.T.);
#338 = VERTEX_POINT('',#339);
#339 = CARTESIAN_POINT('',(-4.,-6.046693311224,22.4));
#340 = CIRCLE('',#341,7.25);
#341 = AXIS2_PLACEMENT_3D('',#342,#343,#344);
#342 = CARTESIAN_POINT('',(0.,0.,22.4));
#343 = DIRECTION('',(0.,0.,1.));
#344 = DIRECTION('',(1.,0.,-0.));
#345 = ORIENTED_EDGE('',*,*,#346,.F.);
#346 = EDGE_CURVE('',#347,#338,#349,.T.);
#347 = VERTEX_POINT('',#348);
#348 = CARTESIAN_POINT('',(-6.046693311224,-4.,22.4));
#349 = CIRCLE('',#350,7.25);
#350 = AXIS2_PLACEMENT_3D('',#351,#352,#353);
#351 = CARTESIAN_POINT('',(0.,0.,22.4));
#352 = DIRECTION('',(0.,0.,1.));
#353 = DIRECTION('',(1.,0.,-0.));
#354 = ORIENTED_EDGE('',*,*,#355,.F.);
#355 = EDGE_CURVE('',#356,#347,#358,.T.);
#356 = VERTEX_POINT('',#357);
#357 = CARTESIAN_POINT('',(-6.644734757686,-2.9,22.4));
#358 = CIRCLE('',#359,7.25);
#359 = AXIS2_PLACEMENT_3D('',#360,#361,#362);
#360 = CARTESIAN_POINT('',(0.,0.,22.4));
#361 = DIRECTION('',(0.,0.,1.));
#362 = DIRECTION('',(1.,0.,-0.));
#363 = ORIENTED_EDGE('',*,*,#364,.F.);
#364 = EDGE_CURVE('',#319,#356,#365,.T.);
#365 = LINE('',#366,#367);
#366 = CARTESIAN_POINT('',(-6.644734757686,-2.9,20.3));
#367 = VECTOR('',#368,1.);
#368 = DIRECTION('',(0.,0.,1.));
#369 = CYLINDRICAL_SURFACE('',#370,7.25);
#370 = AXIS2_PLACEMENT_3D('',#371,#372,#373);
#371 = CARTESIAN_POINT('',(0.,0.,20.3));
#372 = DIRECTION('',(0.,0.,1.));
#373 = DIRECTION('',(1.,0.,-0.));
#374 = ADVANCED_FACE('',(#375),#400,.T.);
#375 = FACE_BOUND('',#376,.T.);
#376 = EDGE_LOOP('',(#377,#385,#393,#399));
#377 = ORIENTED_EDGE('',*,*,#378,.F.);
#378 = EDGE_CURVE('',#379,#319,#381,.T.);
#379 = VERTEX_POINT('',#380);
#380 = CARTESIAN_POINT('',(-14.8,-2.9,20.3));
#381 = LINE('',#382,#383);
#382 = CARTESIAN_POINT('',(-14.8,-2.9,20.3));
#383 = VECTOR('',#384,1.);
#384 = DIRECTION('',(1.,0.,-0.));
#385 = ORIENTED_EDGE('',*,*,#386,.T.);
#386 = EDGE_CURVE('',#379,#387,#389,.T.);
#387 = VERTEX_POINT('',#388);
#388 = CARTESIAN_POINT('',(-14.8,-2.9,22.4));
#389 = LINE('',#390,#391);
#390 = CARTESIAN_POINT('',(-14.8,-2.9,20.3));
#391 = VECTOR('',#392,1.);
#392 = DIRECTION('',(0.,0.,1.));
#393 = ORIENTED_EDGE('',*,*,#394,.F.);
#394 = EDGE_CURVE('',#356,#387,#395,.T.);
#395 = LINE('',#396,#397);
#396 = CARTESIAN_POINT('',(-15.4,-2.9,22.4));
#397 = VECTOR('',#398,1.);
#398 = DIRECTION('',(-1.,-0.,0.));
#399 = ORIENTED_EDGE('',*,*,#364,.F.);
#400 = PLANE('',#401);
#401 = AXIS2_PLACEMENT_3D('',#402,#403,#404);
#402 = CARTESIAN_POINT('',(-14.8,-2.9,20.3));
#403 = DIRECTION('',(-0.,1.,0.));
#404 = DIRECTION('',(0.,0.,1.));
#405 = ADVANCED_FACE('',(#406),#431,.T.);
#406 = FACE_BOUND('',#407,.T.);
#407 = EDGE_LOOP('',(#408,#409,#417,#425));
#408 = ORIENTED_EDGE('',*,*,#386,.F.);
#409 = ORIENTED_EDGE('',*,*,#410,.T.);
#410 = EDGE_CURVE('',#379,#411,#413,.T.);
#411 = VERTEX_POINT('',#412);
#412 = CARTESIAN_POINT('',(-14.8,2.9,20.3));
#413 = LINE('',#414,#415);
#414 = CARTESIAN_POINT('',(-14.8,-2.9,20.3));
#415 = VECTOR('',#416,1.);
#416 = DIRECTION('',(-0.,1.,0.));
#417 = ORIENTED_EDGE('',*,*,#418,.T.);
#418 = EDGE_CURVE('',#411,#419,#421,.T.);
#419 = VERTEX_POINT('',#420);
#420 = CARTESIAN_POINT('',(-14.8,2.9,22.4));
#421 = LINE('',#422,#423);
#422 = CARTESIAN_POINT('',(-14.8,2.9,20.3));
#423 = VECTOR('',#424,1.);
#424 = DIRECTION('',(0.,0.,1.));
#425 = ORIENTED_EDGE('',*,*,#426,.F.);
#426 = EDGE_CURVE('',#387,#419,#427,.T.);
#427 = LINE('',#428,#429);
#428 = CARTESIAN_POINT('',(-14.8,-3.45,22.4));
#429 = VECTOR('',#430,1.);
#430 = DIRECTION('',(-0.,1.,0.));
#431 = PLANE('',#432);
#432 = AXIS2_PLACEMENT_3D('',#433,#434,#435);
#433 = CARTESIAN_POINT('',(-14.8,-2.9,20.3));
#434 = DIRECTION('',(1.,0.,-0.));
#435 = DIRECTION('',(0.,0.,1.));
#436 = ADVANCED_FACE('',(#437),#482,.F.);
#437 = FACE_BOUND('',#438,.F.);
#438 = EDGE_LOOP('',(#439,#448,#449,#458,#466,#475));
#439 = ORIENTED_EDGE('',*,*,#440,.F.);
#440 = EDGE_CURVE('',#288,#441,#443,.T.);
#441 = VERTEX_POINT('',#442);
#442 = CARTESIAN_POINT('',(-4.,6.046693311224,22.4));
#443 = CIRCLE('',#444,7.25);
#444 = AXIS2_PLACEMENT_3D('',#445,#446,#447);
#445 = CARTESIAN_POINT('',(0.,0.,22.4));
#446 = DIRECTION('',(0.,0.,1.));
#447 = DIRECTION('',(1.,0.,-0.));
#448 = ORIENTED_EDGE('',*,*,#295,.F.);
#449 = ORIENTED_EDGE('',*,*,#450,.T.);
#450 = EDGE_CURVE('',#296,#451,#453,.T.);
#451 = VERTEX_POINT('',#452);
#452 = CARTESIAN_POINT('',(-6.644734757686,2.9,20.3));
#453 = CIRCLE('',#454,7.25);
#454 = AXIS2_PLACEMENT_3D('',#455,#456,#457);
#455 = CARTESIAN_POINT('',(0.,0.,20.3));
#456 = DIRECTION('',(0.,0.,1.));
#457 = DIRECTION('',(1.,0.,-0.));
#458 = ORIENTED_EDGE('',*,*,#459,.T.);
#459 = EDGE_CURVE('',#451,#460,#462,.T.);
#460 = VERTEX_POINT('',#461);
#461 = CARTESIAN_POINT('',(-6.644734757686,2.9,22.4));
#462 = LINE('',#463,#464);
#463 = CARTESIAN_POINT('',(-6.644734757686,2.9,20.3));
#464 = VECTOR('',#465,1.);
#465 = DIRECTION('',(0.,0.,1.));
#466 = ORIENTED_EDGE('',*,*,#467,.F.);
#467 = EDGE_CURVE('',#468,#460,#470,.T.);
#468 = VERTEX_POINT('',#469);
#469 = CARTESIAN_POINT('',(-6.046693311224,4.,22.4));
#470 = CIRCLE('',#471,7.25);
#471 = AXIS2_PLACEMENT_3D('',#472,#473,#474);
#472 = CARTESIAN_POINT('',(0.,0.,22.4));
#473 = DIRECTION('',(0.,0.,1.));
#474 = DIRECTION('',(1.,0.,-0.));
#475 = ORIENTED_EDGE('',*,*,#476,.F.);
#476 = EDGE_CURVE('',#441,#468,#477,.T.);
#477 = CIRCLE('',#478,7.25);
#478 = AXIS2_PLACEMENT_3D('',#479,#480,#481);
#479 = CARTESIAN_POINT('',(0.,0.,22.4));
#480 = DIRECTION('',(0.,0.,1.));
#481 = DIRECTION('',(1.,0.,-0.));
#482 = CYLINDRICAL_SURFACE('',#483,7.25);
#483 = AXIS2_PLACEMENT_3D('',#484,#485,#486);
#484 = CARTESIAN_POINT('',(0.,0.,20.3));
#485 = DIRECTION('',(0.,0.,1.));
#486 = DIRECTION('',(1.,0.,-0.));
#487 = ADVANCED_FACE('',(#488),#504,.F.);
#488 = FACE_BOUND('',#489,.F.);
#489 = EDGE_LOOP('',(#490,#496,#497,#503));
#490 = ORIENTED_EDGE('',*,*,#491,.F.);
#491 = EDGE_CURVE('',#411,#451,#492,.T.);
#492 = LINE('',#493,#494);
#493 = CARTESIAN_POINT('',(-14.8,2.9,20.3));
#494 = VECTOR('',#495,1.);
#495 = DIRECTION('',(1.,0.,-0.));
#496 = ORIENTED_EDGE('',*,*,#418,.T.);
#497 = ORIENTED_EDGE('',*,*,#498,.F.);
#498 = EDGE_CURVE('',#460,#419,#499,.T.);
#499 = LINE('',#500,#501);
#500 = CARTESIAN_POINT('',(-15.4,2.9,22.4));
#501 = VECTOR('',#502,1.);
#502 = DIRECTION('',(-1.,-0.,0.));
#503 = ORIENTED_EDGE('',*,*,#459,.F.);
#504 = PLANE('',#505);
#505 = AXIS2_PLACEMENT_3D('',#506,#507,#508);
#506 = CARTESIAN_POINT('',(-14.8,2.9,20.3));
#507 = DIRECTION('',(-0.,1.,0.));
#508 = DIRECTION('',(0.,0.,1.));
#509 = ADVANCED_FACE('',(#510),#535,.T.);
#510 = FACE_BOUND('',#511,.T.);
#511 = EDGE_LOOP('',(#512,#520,#528,#534));
#512 = ORIENTED_EDGE('',*,*,#513,.F.);
#513 = EDGE_CURVE('',#514,#330,#516,.T.);
#514 = VERTEX_POINT('',#515);
#515 = CARTESIAN_POINT('',(-2.9,-7.3,22.4));
#516 = LINE('',#517,#518);
#517 = CARTESIAN_POINT('',(-2.9,-7.9,22.4));
#518 = VECTOR('',#519,1.);
#519 = DIRECTION('',(-0.,1.,0.));
#520 = ORIENTED_EDGE('',*,*,#521,.F.);
#521 = EDGE_CURVE('',#522,#514,#524,.T.);
#522 = VERTEX_POINT('',#523);
#523 = CARTESIAN_POINT('',(-2.9,-7.3,20.3));
#524 = LINE('',#525,#526);
#525 = CARTESIAN_POINT('',(-2.9,-7.3,20.3));
#526 = VECTOR('',#527,1.);
#527 = DIRECTION('',(0.,0.,1.));
#528 = ORIENTED_EDGE('',*,*,#529,.T.);
#529 = EDGE_CURVE('',#522,#321,#530,.T.);
#530 = LINE('',#531,#532);
#531 = CARTESIAN_POINT('',(-2.9,-7.3,20.3));
#532 = VECTOR('',#533,1.);
#533 = DIRECTION('',(-0.,1.,0.));
#534 = ORIENTED_EDGE('',*,*,#329,.T.);
#535 = PLANE('',#536);
#536 = AXIS2_PLACEMENT_3D('',#537,#538,#539);
#537 = CARTESIAN_POINT('',(-2.9,-7.3,20.3));
#538 = DIRECTION('',(1.,0.,-0.));
#539 = DIRECTION('',(0.,0.,1.));
#540 = ADVANCED_FACE('',(#541),#566,.T.);
#541 = FACE_BOUND('',#542,.T.);
#542 = EDGE_LOOP('',(#543,#553,#559,#560));
#543 = ORIENTED_EDGE('',*,*,#544,.F.);
#544 = EDGE_CURVE('',#545,#547,#549,.T.);
#545 = VERTEX_POINT('',#546);
#546 = CARTESIAN_POINT('',(2.9,-7.3,20.3));
#547 = VERTEX_POINT('',#548);
#548 = CARTESIAN_POINT('',(2.9,-7.3,22.4));
#549 = LINE('',#550,#551);
#550 = CARTESIAN_POINT('',(2.9,-7.3,20.3));
#551 = VECTOR('',#552,1.);
#552 = DIRECTION('',(0.,0.,1.));
#553 = ORIENTED_EDGE('',*,*,#554,.F.);
#554 = EDGE_CURVE('',#522,#545,#555,.T.);
#555 = LINE('',#556,#557);
#556 = CARTESIAN_POINT('',(-2.9,-7.3,20.3));
#557 = VECTOR('',#558,1.);
#558 = DIRECTION('',(1.,0.,-0.));
#559 = ORIENTED_EDGE('',*,*,#521,.T.);
#560 = ORIENTED_EDGE('',*,*,#561,.F.);
#561 = EDGE_CURVE('',#547,#514,#562,.T.);
#562 = LINE('',#563,#564);
#563 = CARTESIAN_POINT('',(-3.45,-7.3,22.4));
#564 = VECTOR('',#565,1.);
#565 = DIRECTION('',(-1.,-0.,0.));
#566 = PLANE('',#567);
#567 = AXIS2_PLACEMENT_3D('',#568,#569,#570);
#568 = CARTESIAN_POINT('',(-2.9,-7.3,20.3));
#569 = DIRECTION('',(-0.,1.,0.));
#570 = DIRECTION('',(0.,0.,1.));
#571 = ADVANCED_FACE('',(#572),#588,.F.);
#572 = FACE_BOUND('',#573,.F.);
#573 = EDGE_LOOP('',(#574,#580,#581,#587));
#574 = ORIENTED_EDGE('',*,*,#575,.F.);
#575 = EDGE_CURVE('',#547,#203,#576,.T.);
#576 = LINE('',#577,#578);
#577 = CARTESIAN_POINT('',(2.9,-7.9,22.4));
#578 = VECTOR('',#579,1.);
#579 = DIRECTION('',(-0.,1.,0.));
#580 = ORIENTED_EDGE('',*,*,#544,.F.);
#581 = ORIENTED_EDGE('',*,*,#582,.T.);
#582 = EDGE_CURVE('',#545,#175,#583,.T.);
#583 = LINE('',#584,#585);
#584 = CARTESIAN_POINT('',(2.9,-7.3,20.3));
#585 = VECTOR('',#586,1.);
#586 = DIRECTION('',(-0.,1.,0.));
#587 = ORIENTED_EDGE('',*,*,#211,.T.);
#588 = PLANE('',#589);
#589 = AXIS2_PLACEMENT_3D('',#590,#591,#592);
#590 = CARTESIAN_POINT('',(2.9,-7.3,20.3));
#591 = DIRECTION('',(1.,0.,-0.));
#592 = DIRECTION('',(0.,0.,1.));
#593 = ADVANCED_FACE('',(#594,#612,#623,#634),#645,.T.);
#594 = FACE_BOUND('',#595,.T.);
#595 = EDGE_LOOP('',(#596,#597,#598,#599,#600,#601,#602,#603,#604,#605,
    #606,#607,#608,#609,#610,#611));
#596 = ORIENTED_EDGE('',*,*,#40,.T.);
#597 = ORIENTED_EDGE('',*,*,#234,.T.);
#598 = ORIENTED_EDGE('',*,*,#257,.F.);
#599 = ORIENTED_EDGE('',*,*,#303,.F.);
#600 = ORIENTED_EDGE('',*,*,#450,.T.);
#601 = ORIENTED_EDGE('',*,*,#491,.F.);
#602 = ORIENTED_EDGE('',*,*,#410,.F.);
#603 = ORIENTED_EDGE('',*,*,#378,.T.);
#604 = ORIENTED_EDGE('',*,*,#318,.T.);
#605 = ORIENTED_EDGE('',*,*,#529,.F.);
#606 = ORIENTED_EDGE('',*,*,#554,.T.);
#607 = ORIENTED_EDGE('',*,*,#582,.T.);
#608 = ORIENTED_EDGE('',*,*,#174,.T.);
#609 = ORIENTED_EDGE('',*,*,#143,.T.);
#610 = ORIENTED_EDGE('',*,*,#122,.T.);
#611 = ORIENTED_EDGE('',*,*,#81,.F.);
#612 = FACE_BOUND('',#613,.T.);
#613 = EDGE_LOOP('',(#614));
#614 = ORIENTED_EDGE('',*,*,#615,.F.);
#615 = EDGE_CURVE('',#616,#616,#618,.T.);
#616 = VERTEX_POINT('',#617);
#617 = CARTESIAN_POINT('',(2.5,-6.123233995737E-16,20.3));
#618 = CIRCLE('',#619,2.5);
#619 = AXIS2_PLACEMENT_3D('',#620,#621,#622);
#620 = CARTESIAN_POINT('',(0.,0.,20.3));
#621 = DIRECTION('',(0.,0.,1.));
#622 = DIRECTION('',(1.,0.,-0.));
#623 = FACE_BOUND('',#624,.T.);
#624 = EDGE_LOOP('',(#625));
#625 = ORIENTED_EDGE('',*,*,#626,.F.);
#626 = EDGE_CURVE('',#627,#627,#629,.T.);
#627 = VERTEX_POINT('',#628);
#628 = CARTESIAN_POINT('',(5.6,-2.694222958124E-16,20.3));
#629 = CIRCLE('',#630,1.1);
#630 = AXIS2_PLACEMENT_3D('',#631,#632,#633);
#631 = CARTESIAN_POINT('',(4.5,0.,20.3));
#632 = DIRECTION('',(0.,0.,1.));
#633 = DIRECTION('',(1.,0.,-0.));
#634 = FACE_BOUND('',#635,.T.);
#635 = EDGE_LOOP('',(#636));
#636 = ORIENTED_EDGE('',*,*,#637,.F.);
#637 = EDGE_CURVE('',#638,#638,#640,.T.);
#638 = VERTEX_POINT('',#639);
#639 = CARTESIAN_POINT('',(-3.4,-2.694222958124E-16,20.3));
#640 = CIRCLE('',#641,1.1);
#641 = AXIS2_PLACEMENT_3D('',#642,#643,#644);
#642 = CARTESIAN_POINT('',(-4.5,0.,20.3));
#643 = DIRECTION('',(0.,0.,1.));
#644 = DIRECTION('',(1.,0.,-0.));
#645 = PLANE('',#646);
#646 = AXIS2_PLACEMENT_3D('',#647,#648,#649);
#647 = CARTESIAN_POINT('',(-6.122985718897E-15,0.,20.3));
#648 = DIRECTION('',(0.,0.,1.));
#649 = DIRECTION('',(1.,0.,-0.));
#650 = ADVANCED_FACE('',(#651),#687,.T.);
#651 = FACE_BOUND('',#652,.T.);
#652 = EDGE_LOOP('',(#653,#664,#672,#681));
#653 = ORIENTED_EDGE('',*,*,#654,.F.);
#654 = EDGE_CURVE('',#655,#657,#659,.T.);
#655 = VERTEX_POINT('',#656);
#656 = CARTESIAN_POINT('',(7.5,4.,22.4));
#657 = VERTEX_POINT('',#658);
#658 = CARTESIAN_POINT('',(4.,7.5,22.4));
#659 = CIRCLE('',#660,8.5);
#660 = AXIS2_PLACEMENT_3D('',#661,#662,#663);
#661 = CARTESIAN_POINT('',(0.,0.,22.4));
#662 = DIRECTION('',(0.,0.,1.));
#663 = DIRECTION('',(1.,0.,-0.));
#664 = ORIENTED_EDGE('',*,*,#665,.F.);
#665 = EDGE_CURVE('',#666,#655,#668,.T.);
#666 = VERTEX_POINT('',#667);
#667 = CARTESIAN_POINT('',(7.5,4.,19.2));
#668 = LINE('',#669,#670);
#669 = CARTESIAN_POINT('',(7.5,4.,19.2));
#670 = VECTOR('',#671,1.);
#671 = DIRECTION('',(0.,0.,1.));
#672 = ORIENTED_EDGE('',*,*,#673,.T.);
#673 = EDGE_CURVE('',#666,#674,#676,.T.);
#674 = VERTEX_POINT('',#675);
#675 = CARTESIAN_POINT('',(4.,7.5,19.2));
#676 = CIRCLE('',#677,8.5);
#677 = AXIS2_PLACEMENT_3D('',#678,#679,#680);
#678 = CARTESIAN_POINT('',(0.,0.,19.2));
#679 = DIRECTION('',(0.,0.,1.));
#680 = DIRECTION('',(1.,0.,-0.));
#681 = ORIENTED_EDGE('',*,*,#682,.T.);
#682 = EDGE_CURVE('',#674,#657,#683,.T.);
#683 = LINE('',#684,#685);
#684 = CARTESIAN_POINT('',(4.,7.5,19.2));
#685 = VECTOR('',#686,1.);
#686 = DIRECTION('',(0.,0.,1.));
#687 = CYLINDRICAL_SURFACE('',#688,8.5);
#688 = AXIS2_PLACEMENT_3D('',#689,#690,#691);
#689 = CARTESIAN_POINT('',(0.,0.,19.2));
#690 = DIRECTION('',(0.,0.,1.));
#691 = DIRECTION('',(1.,0.,-0.));
#692 = ADVANCED_FACE('',(#693),#718,.T.);
#693 = FACE_BOUND('',#694,.T.);
#694 = EDGE_LOOP('',(#695,#703,#704,#712));
#695 = ORIENTED_EDGE('',*,*,#696,.F.);
#696 = EDGE_CURVE('',#666,#697,#699,.T.);
#697 = VERTEX_POINT('',#698);
#698 = CARTESIAN_POINT('',(16.,4.,19.2));
#699 = LINE('',#700,#701);
#700 = CARTESIAN_POINT('',(-16.,4.,19.2));
#701 = VECTOR('',#702,1.);
#702 = DIRECTION('',(1.,0.,-0.));
#703 = ORIENTED_EDGE('',*,*,#665,.T.);
#704 = ORIENTED_EDGE('',*,*,#705,.T.);
#705 = EDGE_CURVE('',#655,#706,#708,.T.);
#706 = VERTEX_POINT('',#707);
#707 = CARTESIAN_POINT('',(16.,4.,22.4));
#708 = LINE('',#709,#710);
#709 = CARTESIAN_POINT('',(-16.,4.,22.4));
#710 = VECTOR('',#711,1.);
#711 = DIRECTION('',(1.,0.,-0.));
#712 = ORIENTED_EDGE('',*,*,#713,.F.);
#713 = EDGE_CURVE('',#697,#706,#714,.T.);
#714 = LINE('',#715,#716);
#715 = CARTESIAN_POINT('',(16.,4.,19.2));
#716 = VECTOR('',#717,1.);
#717 = DIRECTION('',(0.,0.,1.));
#718 = PLANE('',#719);
#719 = AXIS2_PLACEMENT_3D('',#720,#721,#722);
#720 = CARTESIAN_POINT('',(-16.,4.,19.2));
#721 = DIRECTION('',(-0.,1.,0.));
#722 = DIRECTION('',(0.,0.,1.));
#723 = ADVANCED_FACE('',(#724),#749,.T.);
#724 = FACE_BOUND('',#725,.T.);
#725 = EDGE_LOOP('',(#726,#736,#742,#743));
#726 = ORIENTED_EDGE('',*,*,#727,.F.);
#727 = EDGE_CURVE('',#728,#730,#732,.T.);
#728 = VERTEX_POINT('',#729);
#729 = CARTESIAN_POINT('',(16.,-4.,19.2));
#730 = VERTEX_POINT('',#731);
#731 = CARTESIAN_POINT('',(16.,-4.,22.4));
#732 = LINE('',#733,#734);
#733 = CARTESIAN_POINT('',(16.,-4.,19.2));
#734 = VECTOR('',#735,1.);
#735 = DIRECTION('',(0.,0.,1.));
#736 = ORIENTED_EDGE('',*,*,#737,.T.);
#737 = EDGE_CURVE('',#728,#697,#738,.T.);
#738 = LINE('',#739,#740);
#739 = CARTESIAN_POINT('',(16.,-4.,19.2));
#740 = VECTOR('',#741,1.);
#741 = DIRECTION('',(-0.,1.,0.));
#742 = ORIENTED_EDGE('',*,*,#713,.T.);
#743 = ORIENTED_EDGE('',*,*,#744,.F.);
#744 = EDGE_CURVE('',#730,#706,#745,.T.);
#745 = LINE('',#746,#747);
#746 = CARTESIAN_POINT('',(16.,-4.,22.4));
#747 = VECTOR('',#748,1.);
#748 = DIRECTION('',(-0.,1.,0.));
#749 = PLANE('',#750);
#750 = AXIS2_PLACEMENT_3D('',#751,#752,#753);
#751 = CARTESIAN_POINT('',(16.,-4.,19.2));
#752 = DIRECTION('',(1.,0.,-0.));
#753 = DIRECTION('',(0.,0.,1.));
#754 = ADVANCED_FACE('',(#755),#780,.F.);
#755 = FACE_BOUND('',#756,.F.);
#756 = EDGE_LOOP('',(#757,#765,#773,#779));
#757 = ORIENTED_EDGE('',*,*,#758,.F.);
#758 = EDGE_CURVE('',#759,#728,#761,.T.);
#759 = VERTEX_POINT('',#760);
#760 = CARTESIAN_POINT('',(7.5,-4.,19.2));
#761 = LINE('',#762,#763);
#762 = CARTESIAN_POINT('',(-16.,-4.,19.2));
#763 = VECTOR('',#764,1.);
#764 = DIRECTION('',(1.,0.,-0.));
#765 = ORIENTED_EDGE('',*,*,#766,.T.);
#766 = EDGE_CURVE('',#759,#767,#769,.T.);
#767 = VERTEX_POINT('',#768);
#768 = CARTESIAN_POINT('',(7.5,-4.,22.4));
#769 = LINE('',#770,#771);
#770 = CARTESIAN_POINT('',(7.5,-4.,19.2));
#771 = VECTOR('',#772,1.);
#772 = DIRECTION('',(0.,0.,1.));
#773 = ORIENTED_EDGE('',*,*,#774,.T.);
#774 = EDGE_CURVE('',#767,#730,#775,.T.);
#775 = LINE('',#776,#777);
#776 = CARTESIAN_POINT('',(-16.,-4.,22.4));
#777 = VECTOR('',#778,1.);
#778 = DIRECTION('',(1.,0.,-0.));
#779 = ORIENTED_EDGE('',*,*,#727,.F.);
#780 = PLANE('',#781);
#781 = AXIS2_PLACEMENT_3D('',#782,#783,#784);
#782 = CARTESIAN_POINT('',(-16.,-4.,19.2));
#783 = DIRECTION('',(-0.,1.,0.));
#784 = DIRECTION('',(0.,0.,1.));
#785 = ADVANCED_FACE('',(#786),#813,.T.);
#786 = FACE_BOUND('',#787,.T.);
#787 = EDGE_LOOP('',(#788,#789,#798,#806));
#788 = ORIENTED_EDGE('',*,*,#766,.T.);
#789 = ORIENTED_EDGE('',*,*,#790,.F.);
#790 = EDGE_CURVE('',#791,#767,#793,.T.);
#791 = VERTEX_POINT('',#792);
#792 = CARTESIAN_POINT('',(4.,-7.5,22.4));
#793 = CIRCLE('',#794,8.5);
#794 = AXIS2_PLACEMENT_3D('',#795,#796,#797);
#795 = CARTESIAN_POINT('',(0.,0.,22.4));
#796 = DIRECTION('',(0.,0.,1.));
#797 = DIRECTION('',(1.,0.,-0.));
#798 = ORIENTED_EDGE('',*,*,#799,.F.);
#799 = EDGE_CURVE('',#800,#791,#802,.T.);
#800 = VERTEX_POINT('',#801);
#801 = CARTESIAN_POINT('',(4.,-7.5,19.2));
#802 = LINE('',#803,#804);
#803 = CARTESIAN_POINT('',(4.,-7.5,19.2));
#804 = VECTOR('',#805,1.);
#805 = DIRECTION('',(0.,0.,1.));
#806 = ORIENTED_EDGE('',*,*,#807,.T.);
#807 = EDGE_CURVE('',#800,#759,#808,.T.);
#808 = CIRCLE('',#809,8.5);
#809 = AXIS2_PLACEMENT_3D('',#810,#811,#812);
#810 = CARTESIAN_POINT('',(0.,0.,19.2));
#811 = DIRECTION('',(0.,0.,1.));
#812 = DIRECTION('',(1.,0.,-0.));
#813 = CYLINDRICAL_SURFACE('',#814,8.5);
#814 = AXIS2_PLACEMENT_3D('',#815,#816,#817);
#815 = CARTESIAN_POINT('',(0.,0.,19.2));
#816 = DIRECTION('',(0.,0.,1.));
#817 = DIRECTION('',(1.,0.,-0.));
#818 = ADVANCED_FACE('',(#819),#844,.T.);
#819 = FACE_BOUND('',#820,.T.);
#820 = EDGE_LOOP('',(#821,#829,#830,#838));
#821 = ORIENTED_EDGE('',*,*,#822,.F.);
#822 = EDGE_CURVE('',#657,#823,#825,.T.);
#823 = VERTEX_POINT('',#824);
#824 = CARTESIAN_POINT('',(4.,8.5,22.4));
#825 = LINE('',#826,#827);
#826 = CARTESIAN_POINT('',(4.,-8.5,22.4));
#827 = VECTOR('',#828,1.);
#828 = DIRECTION('',(-0.,1.,0.));
#829 = ORIENTED_EDGE('',*,*,#682,.F.);
#830 = ORIENTED_EDGE('',*,*,#831,.T.);
#831 = EDGE_CURVE('',#674,#832,#834,.T.);
#832 = VERTEX_POINT('',#833);
#833 = CARTESIAN_POINT('',(4.,8.5,19.2));
#834 = LINE('',#835,#836);
#835 = CARTESIAN_POINT('',(4.,-8.5,19.2));
#836 = VECTOR('',#837,1.);
#837 = DIRECTION('',(-0.,1.,0.));
#838 = ORIENTED_EDGE('',*,*,#839,.T.);
#839 = EDGE_CURVE('',#832,#823,#840,.T.);
#840 = LINE('',#841,#842);
#841 = CARTESIAN_POINT('',(4.,8.5,19.2));
#842 = VECTOR('',#843,1.);
#843 = DIRECTION('',(0.,0.,1.));
#844 = PLANE('',#845);
#845 = AXIS2_PLACEMENT_3D('',#846,#847,#848);
#846 = CARTESIAN_POINT('',(4.,-8.5,19.2));
#847 = DIRECTION('',(1.,0.,-0.));
#848 = DIRECTION('',(0.,0.,1.));
#849 = ADVANCED_FACE('',(#850),#875,.T.);
#850 = FACE_BOUND('',#851,.T.);
#851 = EDGE_LOOP('',(#852,#860,#868,#874));
#852 = ORIENTED_EDGE('',*,*,#853,.F.);
#853 = EDGE_CURVE('',#854,#791,#856,.T.);
#854 = VERTEX_POINT('',#855);
#855 = CARTESIAN_POINT('',(4.,-8.5,22.4));
#856 = LINE('',#857,#858);
#857 = CARTESIAN_POINT('',(4.,-8.5,22.4));
#858 = VECTOR('',#859,1.);
#859 = DIRECTION('',(-0.,1.,0.));
#860 = ORIENTED_EDGE('',*,*,#861,.F.);
#861 = EDGE_CURVE('',#862,#854,#864,.T.);
#862 = VERTEX_POINT('',#863);
#863 = CARTESIAN_POINT('',(4.,-8.5,19.2));
#864 = LINE('',#865,#866);
#865 = CARTESIAN_POINT('',(4.,-8.5,19.2));
#866 = VECTOR('',#867,1.);
#867 = DIRECTION('',(0.,0.,1.));
#868 = ORIENTED_EDGE('',*,*,#869,.T.);
#869 = EDGE_CURVE('',#862,#800,#870,.T.);
#870 = LINE('',#871,#872);
#871 = CARTESIAN_POINT('',(4.,-8.5,19.2));
#872 = VECTOR('',#873,1.);
#873 = DIRECTION('',(-0.,1.,0.));
#874 = ORIENTED_EDGE('',*,*,#799,.T.);
#875 = PLANE('',#876);
#876 = AXIS2_PLACEMENT_3D('',#877,#878,#879);
#877 = CARTESIAN_POINT('',(4.,-8.5,19.2));
#878 = DIRECTION('',(1.,0.,-0.));
#879 = DIRECTION('',(0.,0.,1.));
#880 = ADVANCED_FACE('',(#881,#962),#1045,.T.);
#881 = FACE_BOUND('',#882,.T.);
#882 = EDGE_LOOP('',(#883,#884,#885,#886,#887,#888,#889,#897,#905,#914,
    #922,#930,#938,#947,#955,#961));
#883 = ORIENTED_EDGE('',*,*,#673,.F.);
#884 = ORIENTED_EDGE('',*,*,#696,.T.);
#885 = ORIENTED_EDGE('',*,*,#737,.F.);
#886 = ORIENTED_EDGE('',*,*,#758,.F.);
#887 = ORIENTED_EDGE('',*,*,#807,.F.);
#888 = ORIENTED_EDGE('',*,*,#869,.F.);
#889 = ORIENTED_EDGE('',*,*,#890,.F.);
#890 = EDGE_CURVE('',#891,#862,#893,.T.);
#891 = VERTEX_POINT('',#892);
#892 = CARTESIAN_POINT('',(-4.,-8.5,19.2));
#893 = LINE('',#894,#895);
#894 = CARTESIAN_POINT('',(-4.,-8.5,19.2));
#895 = VECTOR('',#896,1.);
#896 = DIRECTION('',(1.,0.,-0.));
#897 = ORIENTED_EDGE('',*,*,#898,.T.);
#898 = EDGE_CURVE('',#891,#899,#901,.T.);
#899 = VERTEX_POINT('',#900);
#900 = CARTESIAN_POINT('',(-4.,-7.5,19.2));
#901 = LINE('',#902,#903);
#902 = CARTESIAN_POINT('',(-4.,-8.5,19.2));
#903 = VECTOR('',#904,1.);
#904 = DIRECTION('',(-0.,1.,0.));
#905 = ORIENTED_EDGE('',*,*,#906,.F.);
#906 = EDGE_CURVE('',#907,#899,#909,.T.);
#907 = VERTEX_POINT('',#908);
#908 = CARTESIAN_POINT('',(-7.5,-4.,19.2));
#909 = CIRCLE('',#910,8.5);
#910 = AXIS2_PLACEMENT_3D('',#911,#912,#913);
#911 = CARTESIAN_POINT('',(0.,0.,19.2));
#912 = DIRECTION('',(0.,0.,1.));
#913 = DIRECTION('',(1.,0.,-0.));
#914 = ORIENTED_EDGE('',*,*,#915,.F.);
#915 = EDGE_CURVE('',#916,#907,#918,.T.);
#916 = VERTEX_POINT('',#917);
#917 = CARTESIAN_POINT('',(-16.,-4.,19.2));
#918 = LINE('',#919,#920);
#919 = CARTESIAN_POINT('',(-16.,-4.,19.2));
#920 = VECTOR('',#921,1.);
#921 = DIRECTION('',(1.,0.,-0.));
#922 = ORIENTED_EDGE('',*,*,#923,.T.);
#923 = EDGE_CURVE('',#916,#924,#926,.T.);
#924 = VERTEX_POINT('',#925);
#925 = CARTESIAN_POINT('',(-16.,4.,19.2));
#926 = LINE('',#927,#928);
#927 = CARTESIAN_POINT('',(-16.,-4.,19.2));
#928 = VECTOR('',#929,1.);
#929 = DIRECTION('',(-0.,1.,0.));
#930 = ORIENTED_EDGE('',*,*,#931,.T.);
#931 = EDGE_CURVE('',#924,#932,#934,.T.);
#932 = VERTEX_POINT('',#933);
#933 = CARTESIAN_POINT('',(-7.5,4.,19.2));
#934 = LINE('',#935,#936);
#935 = CARTESIAN_POINT('',(-16.,4.,19.2));
#936 = VECTOR('',#937,1.);
#937 = DIRECTION('',(1.,0.,-0.));
#938 = ORIENTED_EDGE('',*,*,#939,.F.);
#939 = EDGE_CURVE('',#940,#932,#942,.T.);
#940 = VERTEX_POINT('',#941);
#941 = CARTESIAN_POINT('',(-4.,7.5,19.2));
#942 = CIRCLE('',#943,8.5);
#943 = AXIS2_PLACEMENT_3D('',#944,#945,#946);
#944 = CARTESIAN_POINT('',(0.,0.,19.2));
#945 = DIRECTION('',(0.,0.,1.));
#946 = DIRECTION('',(1.,0.,-0.));
#947 = ORIENTED_EDGE('',*,*,#948,.T.);
#948 = EDGE_CURVE('',#940,#949,#951,.T.);
#949 = VERTEX_POINT('',#950);
#950 = CARTESIAN_POINT('',(-4.,8.5,19.2));
#951 = LINE('',#952,#953);
#952 = CARTESIAN_POINT('',(-4.,-8.5,19.2));
#953 = VECTOR('',#954,1.);
#954 = DIRECTION('',(-0.,1.,0.));
#955 = ORIENTED_EDGE('',*,*,#956,.T.);
#956 = EDGE_CURVE('',#949,#832,#957,.T.);
#957 = LINE('',#958,#959);
#958 = CARTESIAN_POINT('',(-4.,8.5,19.2));
#959 = VECTOR('',#960,1.);
#960 = DIRECTION('',(1.,0.,-0.));
#961 = ORIENTED_EDGE('',*,*,#831,.F.);
#962 = FACE_BOUND('',#963,.T.);
#963 = EDGE_LOOP('',(#964,#975,#984,#993,#1002,#1011,#1020,#1029,#1038)
  );
#964 = ORIENTED_EDGE('',*,*,#965,.T.);
#965 = EDGE_CURVE('',#966,#968,#970,.T.);
#966 = VERTEX_POINT('',#967);
#967 = CARTESIAN_POINT('',(4.737087712931,-4.,19.2));
#968 = VERTEX_POINT('',#969);
#969 = CARTESIAN_POINT('',(6.2,-1.518562030943E-15,19.2));
#970 = CIRCLE('',#971,6.2);
#971 = AXIS2_PLACEMENT_3D('',#972,#973,#974);
#972 = CARTESIAN_POINT('',(0.,0.,19.2));
#973 = DIRECTION('',(0.,0.,1.));
#974 = DIRECTION('',(1.,0.,-0.));
#975 = ORIENTED_EDGE('',*,*,#976,.T.);
#976 = EDGE_CURVE('',#968,#977,#979,.T.);
#977 = VERTEX_POINT('',#978);
#978 = CARTESIAN_POINT('',(4.737087712931,4.,19.2));
#979 = CIRCLE('',#980,6.2);
#980 = AXIS2_PLACEMENT_3D('',#981,#982,#983);
#981 = CARTESIAN_POINT('',(0.,0.,19.2));
#982 = DIRECTION('',(0.,0.,1.));
#983 = DIRECTION('',(1.,0.,-0.));
#984 = ORIENTED_EDGE('',*,*,#985,.T.);
#985 = EDGE_CURVE('',#977,#986,#988,.T.);
#986 = VERTEX_POINT('',#987);
#987 = CARTESIAN_POINT('',(4.,4.737087712931,19.2));
#988 = CIRCLE('',#989,6.2);
#989 = AXIS2_PLACEMENT_3D('',#990,#991,#992);
#990 = CARTESIAN_POINT('',(0.,0.,19.2));
#991 = DIRECTION('',(0.,0.,1.));
#992 = DIRECTION('',(1.,0.,-0.));
#993 = ORIENTED_EDGE('',*,*,#994,.T.);
#994 = EDGE_CURVE('',#986,#995,#997,.T.);
#995 = VERTEX_POINT('',#996);
#996 = CARTESIAN_POINT('',(-4.,4.737087712931,19.2));
#997 = CIRCLE('',#998,6.2);
#998 = AXIS2_PLACEMENT_3D('',#999,#1000,#1001);
#999 = CARTESIAN_POINT('',(0.,0.,19.2));
#1000 = DIRECTION('',(0.,0.,1.));
#1001 = DIRECTION('',(1.,0.,-0.));
#1002 = ORIENTED_EDGE('',*,*,#1003,.T.);
#1003 = EDGE_CURVE('',#995,#1004,#1006,.T.);
#1004 = VERTEX_POINT('',#1005);
#1005 = CARTESIAN_POINT('',(-4.737087712931,4.,19.2));
#1006 = CIRCLE('',#1007,6.2);
#1007 = AXIS2_PLACEMENT_3D('',#1008,#1009,#1010);
#1008 = CARTESIAN_POINT('',(0.,0.,19.2));
#1009 = DIRECTION('',(0.,0.,1.));
#1010 = DIRECTION('',(1.,0.,-0.));
#1011 = ORIENTED_EDGE('',*,*,#1012,.T.);
#1012 = EDGE_CURVE('',#1004,#1013,#1015,.T.);
#1013 = VERTEX_POINT('',#1014);
#1014 = CARTESIAN_POINT('',(-4.737087712931,-4.,19.2));
#1015 = CIRCLE('',#1016,6.2);
#1016 = AXIS2_PLACEMENT_3D('',#1017,#1018,#1019);
#1017 = CARTESIAN_POINT('',(0.,0.,19.2));
#1018 = DIRECTION('',(0.,0.,1.));
#1019 = DIRECTION('',(1.,0.,-0.));
#1020 = ORIENTED_EDGE('',*,*,#1021,.T.);
#1021 = EDGE_CURVE('',#1013,#1022,#1024,.T.);
#1022 = VERTEX_POINT('',#1023);
#1023 = CARTESIAN_POINT('',(-4.,-4.737087712931,19.2));
#1024 = CIRCLE('',#1025,6.2);
#1025 = AXIS2_PLACEMENT_3D('',#1026,#1027,#1028);
#1026 = CARTESIAN_POINT('',(0.,0.,19.2));
#1027 = DIRECTION('',(0.,0.,1.));
#1028 = DIRECTION('',(1.,0.,-0.));
#1029 = ORIENTED_EDGE('',*,*,#1030,.T.);
#1030 = EDGE_CURVE('',#1022,#1031,#1033,.T.);
#1031 = VERTEX_POINT('',#1032);
#1032 = CARTESIAN_POINT('',(4.,-4.737087712931,19.2));
#1033 = CIRCLE('',#1034,6.2);
#1034 = AXIS2_PLACEMENT_3D('',#1035,#1036,#1037);
#1035 = CARTESIAN_POINT('',(0.,0.,19.2));
#1036 = DIRECTION('',(0.,0.,1.));
#1037 = DIRECTION('',(1.,0.,-0.));
#1038 = ORIENTED_EDGE('',*,*,#1039,.T.);
#1039 = EDGE_CURVE('',#1031,#966,#1040,.T.);
#1040 = CIRCLE('',#1041,6.2);
#1041 = AXIS2_PLACEMENT_3D('',#1042,#1043,#1044);
#1042 = CARTESIAN_POINT('',(0.,0.,19.2));
#1043 = DIRECTION('',(0.,0.,1.));
#1044 = DIRECTION('',(1.,0.,-0.));
#1045 = PLANE('',#1046);
#1046 = AXIS2_PLACEMENT_3D('',#1047,#1048,#1049);
#1047 = CARTESIAN_POINT('',(-2.733842323527E-14,-5.325666864015E-16,19.2
    ));
#1048 = DIRECTION('',(-0.,-0.,-1.));
#1049 = DIRECTION('',(-1.,0.,0.));
#1050 = ADVANCED_FACE('',(#1051),#1077,.T.);
#1051 = FACE_BOUND('',#1052,.T.);
#1052 = EDGE_LOOP('',(#1053,#1061,#1070,#1076));
#1053 = ORIENTED_EDGE('',*,*,#1054,.T.);
#1054 = EDGE_CURVE('',#899,#1055,#1057,.T.);
#1055 = VERTEX_POINT('',#1056);
#1056 = CARTESIAN_POINT('',(-4.,-7.5,22.4));
#1057 = LINE('',#1058,#1059);
#1058 = CARTESIAN_POINT('',(-4.,-7.5,19.2));
#1059 = VECTOR('',#1060,1.);
#1060 = DIRECTION('',(0.,0.,1.));
#1061 = ORIENTED_EDGE('',*,*,#1062,.F.);
#1062 = EDGE_CURVE('',#1063,#1055,#1065,.T.);
#1063 = VERTEX_POINT('',#1064);
#1064 = CARTESIAN_POINT('',(-7.5,-4.,22.4));
#1065 = CIRCLE('',#1066,8.5);
#1066 = AXIS2_PLACEMENT_3D('',#1067,#1068,#1069);
#1067 = CARTESIAN_POINT('',(0.,0.,22.4));
#1068 = DIRECTION('',(0.,0.,1.));
#1069 = DIRECTION('',(1.,0.,-0.));
#1070 = ORIENTED_EDGE('',*,*,#1071,.F.);
#1071 = EDGE_CURVE('',#907,#1063,#1072,.T.);
#1072 = LINE('',#1073,#1074);
#1073 = CARTESIAN_POINT('',(-7.5,-4.,19.2));
#1074 = VECTOR('',#1075,1.);
#1075 = DIRECTION('',(0.,0.,1.));
#1076 = ORIENTED_EDGE('',*,*,#906,.T.);
#1077 = CYLINDRICAL_SURFACE('',#1078,8.5);
#1078 = AXIS2_PLACEMENT_3D('',#1079,#1080,#1081);
#1079 = CARTESIAN_POINT('',(0.,0.,19.2));
#1080 = DIRECTION('',(0.,0.,1.));
#1081 = DIRECTION('',(1.,0.,-0.));
#1082 = ADVANCED_FACE('',(#1083),#1101,.F.);
#1083 = FACE_BOUND('',#1084,.F.);
#1084 = EDGE_LOOP('',(#1085,#1086,#1094,#1100));
#1085 = ORIENTED_EDGE('',*,*,#915,.F.);
#1086 = ORIENTED_EDGE('',*,*,#1087,.T.);
#1087 = EDGE_CURVE('',#916,#1088,#1090,.T.);
#1088 = VERTEX_POINT('',#1089);
#1089 = CARTESIAN_POINT('',(-16.,-4.,22.4));
#1090 = LINE('',#1091,#1092);
#1091 = CARTESIAN_POINT('',(-16.,-4.,19.2));
#1092 = VECTOR('',#1093,1.);
#1093 = DIRECTION('',(0.,0.,1.));
#1094 = ORIENTED_EDGE('',*,*,#1095,.T.);
#1095 = EDGE_CURVE('',#1088,#1063,#1096,.T.);
#1096 = LINE('',#1097,#1098);
#1097 = CARTESIAN_POINT('',(-16.,-4.,22.4));
#1098 = VECTOR('',#1099,1.);
#1099 = DIRECTION('',(1.,0.,-0.));
#1100 = ORIENTED_EDGE('',*,*,#1071,.F.);
#1101 = PLANE('',#1102);
#1102 = AXIS2_PLACEMENT_3D('',#1103,#1104,#1105);
#1103 = CARTESIAN_POINT('',(-16.,-4.,19.2));
#1104 = DIRECTION('',(-0.,1.,0.));
#1105 = DIRECTION('',(0.,0.,1.));
#1106 = ADVANCED_FACE('',(#1107),#1125,.F.);
#1107 = FACE_BOUND('',#1108,.F.);
#1108 = EDGE_LOOP('',(#1109,#1110,#1111,#1119));
#1109 = ORIENTED_EDGE('',*,*,#1087,.F.);
#1110 = ORIENTED_EDGE('',*,*,#923,.T.);
#1111 = ORIENTED_EDGE('',*,*,#1112,.T.);
#1112 = EDGE_CURVE('',#924,#1113,#1115,.T.);
#1113 = VERTEX_POINT('',#1114);
#1114 = CARTESIAN_POINT('',(-16.,4.,22.4));
#1115 = LINE('',#1116,#1117);
#1116 = CARTESIAN_POINT('',(-16.,4.,19.2));
#1117 = VECTOR('',#1118,1.);
#1118 = DIRECTION('',(0.,0.,1.));
#1119 = ORIENTED_EDGE('',*,*,#1120,.F.);
#1120 = EDGE_CURVE('',#1088,#1113,#1121,.T.);
#1121 = LINE('',#1122,#1123);
#1122 = CARTESIAN_POINT('',(-16.,-4.,22.4));
#1123 = VECTOR('',#1124,1.);
#1124 = DIRECTION('',(-0.,1.,0.));
#1125 = PLANE('',#1126);
#1126 = AXIS2_PLACEMENT_3D('',#1127,#1128,#1129);
#1127 = CARTESIAN_POINT('',(-16.,-4.,19.2));
#1128 = DIRECTION('',(1.,0.,-0.));
#1129 = DIRECTION('',(0.,0.,1.));
#1130 = ADVANCED_FACE('',(#1131),#1157,.T.);
#1131 = FACE_BOUND('',#1132,.T.);
#1132 = EDGE_LOOP('',(#1133,#1144,#1150,#1151));
#1133 = ORIENTED_EDGE('',*,*,#1134,.F.);
#1134 = EDGE_CURVE('',#1135,#1137,#1139,.T.);
#1135 = VERTEX_POINT('',#1136);
#1136 = CARTESIAN_POINT('',(-4.,7.5,22.4));
#1137 = VERTEX_POINT('',#1138);
#1138 = CARTESIAN_POINT('',(-7.5,4.,22.4));
#1139 = CIRCLE('',#1140,8.5);
#1140 = AXIS2_PLACEMENT_3D('',#1141,#1142,#1143);
#1141 = CARTESIAN_POINT('',(0.,0.,22.4));
#1142 = DIRECTION('',(0.,0.,1.));
#1143 = DIRECTION('',(1.,0.,-0.));
#1144 = ORIENTED_EDGE('',*,*,#1145,.F.);
#1145 = EDGE_CURVE('',#940,#1135,#1146,.T.);
#1146 = LINE('',#1147,#1148);
#1147 = CARTESIAN_POINT('',(-4.,7.5,19.2));
#1148 = VECTOR('',#1149,1.);
#1149 = DIRECTION('',(0.,0.,1.));
#1150 = ORIENTED_EDGE('',*,*,#939,.T.);
#1151 = ORIENTED_EDGE('',*,*,#1152,.T.);
#1152 = EDGE_CURVE('',#932,#1137,#1153,.T.);
#1153 = LINE('',#1154,#1155);
#1154 = CARTESIAN_POINT('',(-7.5,4.,19.2));
#1155 = VECTOR('',#1156,1.);
#1156 = DIRECTION('',(0.,0.,1.));
#1157 = CYLINDRICAL_SURFACE('',#1158,8.5);
#1158 = AXIS2_PLACEMENT_3D('',#1159,#1160,#1161);
#1159 = CARTESIAN_POINT('',(0.,0.,19.2));
#1160 = DIRECTION('',(0.,0.,1.));
#1161 = DIRECTION('',(1.,0.,-0.));
#1162 = ADVANCED_FACE('',(#1163),#1181,.F.);
#1163 = FACE_BOUND('',#1164,.F.);
#1164 = EDGE_LOOP('',(#1165,#1173,#1174,#1175));
#1165 = ORIENTED_EDGE('',*,*,#1166,.F.);
#1166 = EDGE_CURVE('',#1135,#1167,#1169,.T.);
#1167 = VERTEX_POINT('',#1168);
#1168 = CARTESIAN_POINT('',(-4.,8.5,22.4));
#1169 = LINE('',#1170,#1171);
#1170 = CARTESIAN_POINT('',(-4.,-8.5,22.4));
#1171 = VECTOR('',#1172,1.);
#1172 = DIRECTION('',(-0.,1.,0.));
#1173 = ORIENTED_EDGE('',*,*,#1145,.F.);
#1174 = ORIENTED_EDGE('',*,*,#948,.T.);
#1175 = ORIENTED_EDGE('',*,*,#1176,.T.);
#1176 = EDGE_CURVE('',#949,#1167,#1177,.T.);
#1177 = LINE('',#1178,#1179);
#1178 = CARTESIAN_POINT('',(-4.,8.5,19.2));
#1179 = VECTOR('',#1180,1.);
#1180 = DIRECTION('',(0.,0.,1.));
#1181 = PLANE('',#1182);
#1182 = AXIS2_PLACEMENT_3D('',#1183,#1184,#1185);
#1183 = CARTESIAN_POINT('',(-4.,-8.5,19.2));
#1184 = DIRECTION('',(1.,0.,-0.));
#1185 = DIRECTION('',(0.,0.,1.));
#1186 = ADVANCED_FACE('',(#1187),#1198,.T.);
#1187 = FACE_BOUND('',#1188,.T.);
#1188 = EDGE_LOOP('',(#1189,#1190,#1191,#1197));
#1189 = ORIENTED_EDGE('',*,*,#931,.F.);
#1190 = ORIENTED_EDGE('',*,*,#1112,.T.);
#1191 = ORIENTED_EDGE('',*,*,#1192,.T.);
#1192 = EDGE_CURVE('',#1113,#1137,#1193,.T.);
#1193 = LINE('',#1194,#1195);
#1194 = CARTESIAN_POINT('',(-16.,4.,22.4));
#1195 = VECTOR('',#1196,1.);
#1196 = DIRECTION('',(1.,0.,-0.));
#1197 = ORIENTED_EDGE('',*,*,#1152,.F.);
#1198 = PLANE('',#1199);
#1199 = AXIS2_PLACEMENT_3D('',#1200,#1201,#1202);
#1200 = CARTESIAN_POINT('',(-16.,4.,19.2));
#1201 = DIRECTION('',(-0.,1.,0.));
#1202 = DIRECTION('',(0.,0.,1.));
#1203 = ADVANCED_FACE('',(#1204),#1222,.F.);
#1204 = FACE_BOUND('',#1205,.F.);
#1205 = EDGE_LOOP('',(#1206,#1214,#1220,#1221));
#1206 = ORIENTED_EDGE('',*,*,#1207,.F.);
#1207 = EDGE_CURVE('',#1208,#1055,#1210,.T.);
#1208 = VERTEX_POINT('',#1209);
#1209 = CARTESIAN_POINT('',(-4.,-8.5,22.4));
#1210 = LINE('',#1211,#1212);
#1211 = CARTESIAN_POINT('',(-4.,-8.5,22.4));
#1212 = VECTOR('',#1213,1.);
#1213 = DIRECTION('',(-0.,1.,0.));
#1214 = ORIENTED_EDGE('',*,*,#1215,.F.);
#1215 = EDGE_CURVE('',#891,#1208,#1216,.T.);
#1216 = LINE('',#1217,#1218);
#1217 = CARTESIAN_POINT('',(-4.,-8.5,19.2));
#1218 = VECTOR('',#1219,1.);
#1219 = DIRECTION('',(0.,0.,1.));
#1220 = ORIENTED_EDGE('',*,*,#898,.T.);
#1221 = ORIENTED_EDGE('',*,*,#1054,.T.);
#1222 = PLANE('',#1223);
#1223 = AXIS2_PLACEMENT_3D('',#1224,#1225,#1226);
#1224 = CARTESIAN_POINT('',(-4.,-8.5,19.2));
#1225 = DIRECTION('',(1.,0.,-0.));
#1226 = DIRECTION('',(0.,0.,1.));
#1227 = ADVANCED_FACE('',(#1228),#1663,.T.);
#1228 = FACE_BOUND('',#1229,.T.);
#1229 = EDGE_LOOP('',(#1230,#1241,#1249,#1256,#1257,#1266,#1274,#1283,
    #1291,#1300,#1308,#1317,#1325,#1334,#1342,#1351,#1359,#1368,#1376,
    #1385,#1393,#1402,#1410,#1419,#1427,#1436,#1444,#1453,#1461,#1470,
    #1478,#1487,#1495,#1504,#1512,#1521,#1529,#1538,#1546,#1555,#1563,
    #1572,#1580,#1589,#1597,#1606,#1614,#1623,#1631,#1640,#1648,#1657));
#1230 = ORIENTED_EDGE('',*,*,#1231,.T.);
#1231 = EDGE_CURVE('',#1232,#1234,#1236,.T.);
#1232 = VERTEX_POINT('',#1233);
#1233 = CARTESIAN_POINT('',(5.93633641714,-0.871728135683,10.));
#1234 = VERTEX_POINT('',#1235);
#1235 = CARTESIAN_POINT('',(6.,-1.7763568394E-15,10.));
#1236 = CIRCLE('',#1237,6.);
#1237 = AXIS2_PLACEMENT_3D('',#1238,#1239,#1240);
#1238 = CARTESIAN_POINT('',(0.,0.,10.));
#1239 = DIRECTION('',(0.,0.,1.));
#1240 = DIRECTION('',(1.,0.,0.));
#1241 = ORIENTED_EDGE('',*,*,#1242,.T.);
#1242 = EDGE_CURVE('',#1234,#1243,#1245,.T.);
#1243 = VERTEX_POINT('',#1244);
#1244 = CARTESIAN_POINT('',(6.,-1.47E-15,13.5));
#1245 = LINE('',#1246,#1247);
#1246 = CARTESIAN_POINT('',(6.,-1.47E-15,0.));
#1247 = VECTOR('',#1248,1.);
#1248 = DIRECTION('',(0.,0.,1.));
#1249 = ORIENTED_EDGE('',*,*,#1250,.F.);
#1250 = EDGE_CURVE('',#1243,#1243,#1251,.T.);
#1251 = CIRCLE('',#1252,6.);
#1252 = AXIS2_PLACEMENT_3D('',#1253,#1254,#1255);
#1253 = CARTESIAN_POINT('',(0.,0.,13.5));
#1254 = DIRECTION('',(0.,0.,1.));
#1255 = DIRECTION('',(1.,0.,-0.));
#1256 = ORIENTED_EDGE('',*,*,#1242,.F.);
#1257 = ORIENTED_EDGE('',*,*,#1258,.T.);
#1258 = EDGE_CURVE('',#1234,#1259,#1261,.T.);
#1259 = VERTEX_POINT('',#1260);
#1260 = CARTESIAN_POINT('',(5.93633641714,0.871728135683,10.));
#1261 = CIRCLE('',#1262,6.);
#1262 = AXIS2_PLACEMENT_3D('',#1263,#1264,#1265);
#1263 = CARTESIAN_POINT('',(0.,0.,10.));
#1264 = DIRECTION('',(0.,0.,1.));
#1265 = DIRECTION('',(1.,0.,0.));
#1266 = ORIENTED_EDGE('',*,*,#1267,.F.);
#1267 = EDGE_CURVE('',#1268,#1259,#1270,.T.);
#1268 = VERTEX_POINT('',#1269);
#1269 = CARTESIAN_POINT('',(5.93633641714,0.871728135683,0.));
#1270 = LINE('',#1271,#1272);
#1271 = CARTESIAN_POINT('',(5.93633641714,0.871728135683,0.));
#1272 = VECTOR('',#1273,1.);
#1273 = DIRECTION('',(0.,0.,1.));
#1274 = ORIENTED_EDGE('',*,*,#1275,.T.);
#1275 = EDGE_CURVE('',#1268,#1276,#1278,.T.);
#1276 = VERTEX_POINT('',#1277);
#1277 = CARTESIAN_POINT('',(5.576882210495,2.213229497875,0.));
#1278 = CIRCLE('',#1279,6.);
#1279 = AXIS2_PLACEMENT_3D('',#1280,#1281,#1282);
#1280 = CARTESIAN_POINT('',(0.,0.,0.));
#1281 = DIRECTION('',(0.,0.,1.));
#1282 = DIRECTION('',(1.,0.,0.));
#1283 = ORIENTED_EDGE('',*,*,#1284,.T.);
#1284 = EDGE_CURVE('',#1276,#1285,#1287,.T.);
#1285 = VERTEX_POINT('',#1286);
#1286 = CARTESIAN_POINT('',(5.576882210495,2.213229497875,10.));
#1287 = LINE('',#1288,#1289);
#1288 = CARTESIAN_POINT('',(5.576882210495,2.213229497875,0.));
#1289 = VECTOR('',#1290,1.);
#1290 = DIRECTION('',(0.,0.,1.));
#1291 = ORIENTED_EDGE('',*,*,#1292,.T.);
#1292 = EDGE_CURVE('',#1285,#1293,#1295,.T.);
#1293 = VERTEX_POINT('',#1294);
#1294 = CARTESIAN_POINT('',(4.705154074812,3.723106919265,10.));
#1295 = CIRCLE('',#1296,6.);
#1296 = AXIS2_PLACEMENT_3D('',#1297,#1298,#1299);
#1297 = CARTESIAN_POINT('',(0.,0.,10.));
#1298 = DIRECTION('',(0.,0.,1.));
#1299 = DIRECTION('',(1.,0.,0.));
#1300 = ORIENTED_EDGE('',*,*,#1301,.F.);
#1301 = EDGE_CURVE('',#1302,#1293,#1304,.T.);
#1302 = VERTEX_POINT('',#1303);
#1303 = CARTESIAN_POINT('',(4.705154074812,3.723106919265,0.));
#1304 = LINE('',#1305,#1306);
#1305 = CARTESIAN_POINT('',(4.705154074812,3.723106919265,0.));
#1306 = VECTOR('',#1307,1.);
#1307 = DIRECTION('',(0.,0.,1.));
#1308 = ORIENTED_EDGE('',*,*,#1309,.T.);
#1309 = EDGE_CURVE('',#1302,#1310,#1312,.T.);
#1310 = VERTEX_POINT('',#1311);
#1311 = CARTESIAN_POINT('',(3.723106919265,4.705154074812,0.));
#1312 = CIRCLE('',#1313,6.);
#1313 = AXIS2_PLACEMENT_3D('',#1314,#1315,#1316);
#1314 = CARTESIAN_POINT('',(0.,0.,0.));
#1315 = DIRECTION('',(0.,0.,1.));
#1316 = DIRECTION('',(1.,0.,0.));
#1317 = ORIENTED_EDGE('',*,*,#1318,.T.);
#1318 = EDGE_CURVE('',#1310,#1319,#1321,.T.);
#1319 = VERTEX_POINT('',#1320);
#1320 = CARTESIAN_POINT('',(3.723106919265,4.705154074812,10.));
#1321 = LINE('',#1322,#1323);
#1322 = CARTESIAN_POINT('',(3.723106919265,4.705154074812,0.));
#1323 = VECTOR('',#1324,1.);
#1324 = DIRECTION('',(0.,0.,1.));
#1325 = ORIENTED_EDGE('',*,*,#1326,.T.);
#1326 = EDGE_CURVE('',#1319,#1327,#1329,.T.);
#1327 = VERTEX_POINT('',#1328);
#1328 = CARTESIAN_POINT('',(2.213229497875,5.576882210495,10.));
#1329 = CIRCLE('',#1330,6.);
#1330 = AXIS2_PLACEMENT_3D('',#1331,#1332,#1333);
#1331 = CARTESIAN_POINT('',(0.,0.,10.));
#1332 = DIRECTION('',(0.,0.,1.));
#1333 = DIRECTION('',(1.,0.,0.));
#1334 = ORIENTED_EDGE('',*,*,#1335,.F.);
#1335 = EDGE_CURVE('',#1336,#1327,#1338,.T.);
#1336 = VERTEX_POINT('',#1337);
#1337 = CARTESIAN_POINT('',(2.213229497875,5.576882210495,0.));
#1338 = LINE('',#1339,#1340);
#1339 = CARTESIAN_POINT('',(2.213229497875,5.576882210495,0.));
#1340 = VECTOR('',#1341,1.);
#1341 = DIRECTION('',(0.,0.,1.));
#1342 = ORIENTED_EDGE('',*,*,#1343,.T.);
#1343 = EDGE_CURVE('',#1336,#1344,#1346,.T.);
#1344 = VERTEX_POINT('',#1345);
#1345 = CARTESIAN_POINT('',(0.871728135683,5.93633641714,0.));
#1346 = CIRCLE('',#1347,6.);
#1347 = AXIS2_PLACEMENT_3D('',#1348,#1349,#1350);
#1348 = CARTESIAN_POINT('',(0.,0.,0.));
#1349 = DIRECTION('',(0.,0.,1.));
#1350 = DIRECTION('',(1.,0.,0.));
#1351 = ORIENTED_EDGE('',*,*,#1352,.T.);
#1352 = EDGE_CURVE('',#1344,#1353,#1355,.T.);
#1353 = VERTEX_POINT('',#1354);
#1354 = CARTESIAN_POINT('',(0.871728135683,5.93633641714,10.));
#1355 = LINE('',#1356,#1357);
#1356 = CARTESIAN_POINT('',(0.871728135683,5.93633641714,0.));
#1357 = VECTOR('',#1358,1.);
#1358 = DIRECTION('',(0.,0.,1.));
#1359 = ORIENTED_EDGE('',*,*,#1360,.T.);
#1360 = EDGE_CURVE('',#1353,#1361,#1363,.T.);
#1361 = VERTEX_POINT('',#1362);
#1362 = CARTESIAN_POINT('',(-0.871728135683,5.93633641714,10.));
#1363 = CIRCLE('',#1364,6.);
#1364 = AXIS2_PLACEMENT_3D('',#1365,#1366,#1367);
#1365 = CARTESIAN_POINT('',(0.,0.,10.));
#1366 = DIRECTION('',(0.,0.,1.));
#1367 = DIRECTION('',(1.,0.,0.));
#1368 = ORIENTED_EDGE('',*,*,#1369,.F.);
#1369 = EDGE_CURVE('',#1370,#1361,#1372,.T.);
#1370 = VERTEX_POINT('',#1371);
#1371 = CARTESIAN_POINT('',(-0.871728135683,5.93633641714,0.));
#1372 = LINE('',#1373,#1374);
#1373 = CARTESIAN_POINT('',(-0.871728135683,5.93633641714,0.));
#1374 = VECTOR('',#1375,1.);
#1375 = DIRECTION('',(0.,0.,1.));
#1376 = ORIENTED_EDGE('',*,*,#1377,.T.);
#1377 = EDGE_CURVE('',#1370,#1378,#1380,.T.);
#1378 = VERTEX_POINT('',#1379);
#1379 = CARTESIAN_POINT('',(-2.213229497875,5.576882210495,0.));
#1380 = CIRCLE('',#1381,6.);
#1381 = AXIS2_PLACEMENT_3D('',#1382,#1383,#1384);
#1382 = CARTESIAN_POINT('',(0.,0.,0.));
#1383 = DIRECTION('',(0.,0.,1.));
#1384 = DIRECTION('',(1.,0.,0.));
#1385 = ORIENTED_EDGE('',*,*,#1386,.T.);
#1386 = EDGE_CURVE('',#1378,#1387,#1389,.T.);
#1387 = VERTEX_POINT('',#1388);
#1388 = CARTESIAN_POINT('',(-2.213229497875,5.576882210495,10.));
#1389 = LINE('',#1390,#1391);
#1390 = CARTESIAN_POINT('',(-2.213229497875,5.576882210495,0.));
#1391 = VECTOR('',#1392,1.);
#1392 = DIRECTION('',(0.,0.,1.));
#1393 = ORIENTED_EDGE('',*,*,#1394,.T.);
#1394 = EDGE_CURVE('',#1387,#1395,#1397,.T.);
#1395 = VERTEX_POINT('',#1396);
#1396 = CARTESIAN_POINT('',(-3.723106919265,4.705154074812,10.));
#1397 = CIRCLE('',#1398,6.);
#1398 = AXIS2_PLACEMENT_3D('',#1399,#1400,#1401);
#1399 = CARTESIAN_POINT('',(0.,0.,10.));
#1400 = DIRECTION('',(0.,0.,1.));
#1401 = DIRECTION('',(1.,0.,0.));
#1402 = ORIENTED_EDGE('',*,*,#1403,.F.);
#1403 = EDGE_CURVE('',#1404,#1395,#1406,.T.);
#1404 = VERTEX_POINT('',#1405);
#1405 = CARTESIAN_POINT('',(-3.723106919265,4.705154074812,0.));
#1406 = LINE('',#1407,#1408);
#1407 = CARTESIAN_POINT('',(-3.723106919265,4.705154074812,0.));
#1408 = VECTOR('',#1409,1.);
#1409 = DIRECTION('',(0.,0.,1.));
#1410 = ORIENTED_EDGE('',*,*,#1411,.T.);
#1411 = EDGE_CURVE('',#1404,#1412,#1414,.T.);
#1412 = VERTEX_POINT('',#1413);
#1413 = CARTESIAN_POINT('',(-4.705154074812,3.723106919265,0.));
#1414 = CIRCLE('',#1415,6.);
#1415 = AXIS2_PLACEMENT_3D('',#1416,#1417,#1418);
#1416 = CARTESIAN_POINT('',(0.,0.,0.));
#1417 = DIRECTION('',(0.,0.,1.));
#1418 = DIRECTION('',(1.,0.,0.));
#1419 = ORIENTED_EDGE('',*,*,#1420,.T.);
#1420 = EDGE_CURVE('',#1412,#1421,#1423,.T.);
#1421 = VERTEX_POINT('',#1422);
#1422 = CARTESIAN_POINT('',(-4.705154074812,3.723106919265,10.));
#1423 = LINE('',#1424,#1425);
#1424 = CARTESIAN_POINT('',(-4.705154074812,3.723106919265,0.));
#1425 = VECTOR('',#1426,1.);
#1426 = DIRECTION('',(0.,0.,1.));
#1427 = ORIENTED_EDGE('',*,*,#1428,.T.);
#1428 = EDGE_CURVE('',#1421,#1429,#1431,.T.);
#1429 = VERTEX_POINT('',#1430);
#1430 = CARTESIAN_POINT('',(-5.576882210495,2.213229497875,10.));
#1431 = CIRCLE('',#1432,6.);
#1432 = AXIS2_PLACEMENT_3D('',#1433,#1434,#1435);
#1433 = CARTESIAN_POINT('',(0.,0.,10.));
#1434 = DIRECTION('',(0.,0.,1.));
#1435 = DIRECTION('',(1.,0.,0.));
#1436 = ORIENTED_EDGE('',*,*,#1437,.F.);
#1437 = EDGE_CURVE('',#1438,#1429,#1440,.T.);
#1438 = VERTEX_POINT('',#1439);
#1439 = CARTESIAN_POINT('',(-5.576882210495,2.213229497875,0.));
#1440 = LINE('',#1441,#1442);
#1441 = CARTESIAN_POINT('',(-5.576882210495,2.213229497875,0.));
#1442 = VECTOR('',#1443,1.);
#1443 = DIRECTION('',(0.,0.,1.));
#1444 = ORIENTED_EDGE('',*,*,#1445,.T.);
#1445 = EDGE_CURVE('',#1438,#1446,#1448,.T.);
#1446 = VERTEX_POINT('',#1447);
#1447 = CARTESIAN_POINT('',(-5.93633641714,0.871728135683,0.));
#1448 = CIRCLE('',#1449,6.);
#1449 = AXIS2_PLACEMENT_3D('',#1450,#1451,#1452);
#1450 = CARTESIAN_POINT('',(0.,0.,0.));
#1451 = DIRECTION('',(0.,0.,1.));
#1452 = DIRECTION('',(1.,0.,0.));
#1453 = ORIENTED_EDGE('',*,*,#1454,.T.);
#1454 = EDGE_CURVE('',#1446,#1455,#1457,.T.);
#1455 = VERTEX_POINT('',#1456);
#1456 = CARTESIAN_POINT('',(-5.93633641714,0.871728135683,10.));
#1457 = LINE('',#1458,#1459);
#1458 = CARTESIAN_POINT('',(-5.93633641714,0.871728135683,0.));
#1459 = VECTOR('',#1460,1.);
#1460 = DIRECTION('',(0.,0.,1.));
#1461 = ORIENTED_EDGE('',*,*,#1462,.T.);
#1462 = EDGE_CURVE('',#1455,#1463,#1465,.T.);
#1463 = VERTEX_POINT('',#1464);
#1464 = CARTESIAN_POINT('',(-5.93633641714,-0.871728135683,10.));
#1465 = CIRCLE('',#1466,6.);
#1466 = AXIS2_PLACEMENT_3D('',#1467,#1468,#1469);
#1467 = CARTESIAN_POINT('',(0.,0.,10.));
#1468 = DIRECTION('',(0.,0.,1.));
#1469 = DIRECTION('',(1.,0.,0.));
#1470 = ORIENTED_EDGE('',*,*,#1471,.F.);
#1471 = EDGE_CURVE('',#1472,#1463,#1474,.T.);
#1472 = VERTEX_POINT('',#1473);
#1473 = CARTESIAN_POINT('',(-5.93633641714,-0.871728135683,0.));
#1474 = LINE('',#1475,#1476);
#1475 = CARTESIAN_POINT('',(-5.93633641714,-0.871728135683,0.));
#1476 = VECTOR('',#1477,1.);
#1477 = DIRECTION('',(0.,0.,1.));
#1478 = ORIENTED_EDGE('',*,*,#1479,.T.);
#1479 = EDGE_CURVE('',#1472,#1480,#1482,.T.);
#1480 = VERTEX_POINT('',#1481);
#1481 = CARTESIAN_POINT('',(-5.576882210495,-2.213229497875,0.));
#1482 = CIRCLE('',#1483,6.);
#1483 = AXIS2_PLACEMENT_3D('',#1484,#1485,#1486);
#1484 = CARTESIAN_POINT('',(0.,0.,0.));
#1485 = DIRECTION('',(0.,0.,1.));
#1486 = DIRECTION('',(1.,0.,0.));
#1487 = ORIENTED_EDGE('',*,*,#1488,.T.);
#1488 = EDGE_CURVE('',#1480,#1489,#1491,.T.);
#1489 = VERTEX_POINT('',#1490);
#1490 = CARTESIAN_POINT('',(-5.576882210495,-2.213229497875,10.));
#1491 = LINE('',#1492,#1493);
#1492 = CARTESIAN_POINT('',(-5.576882210495,-2.213229497875,0.));
#1493 = VECTOR('',#1494,1.);
#1494 = DIRECTION('',(0.,0.,1.));
#1495 = ORIENTED_EDGE('',*,*,#1496,.T.);
#1496 = EDGE_CURVE('',#1489,#1497,#1499,.T.);
#1497 = VERTEX_POINT('',#1498);
#1498 = CARTESIAN_POINT('',(-4.705154074812,-3.723106919265,10.));
#1499 = CIRCLE('',#1500,6.);
#1500 = AXIS2_PLACEMENT_3D('',#1501,#1502,#1503);
#1501 = CARTESIAN_POINT('',(0.,0.,10.));
#1502 = DIRECTION('',(0.,0.,1.));
#1503 = DIRECTION('',(1.,0.,0.));
#1504 = ORIENTED_EDGE('',*,*,#1505,.F.);
#1505 = EDGE_CURVE('',#1506,#1497,#1508,.T.);
#1506 = VERTEX_POINT('',#1507);
#1507 = CARTESIAN_POINT('',(-4.705154074812,-3.723106919265,0.));
#1508 = LINE('',#1509,#1510);
#1509 = CARTESIAN_POINT('',(-4.705154074812,-3.723106919265,0.));
#1510 = VECTOR('',#1511,1.);
#1511 = DIRECTION('',(0.,0.,1.));
#1512 = ORIENTED_EDGE('',*,*,#1513,.T.);
#1513 = EDGE_CURVE('',#1506,#1514,#1516,.T.);
#1514 = VERTEX_POINT('',#1515);
#1515 = CARTESIAN_POINT('',(-3.723106919265,-4.705154074812,0.));
#1516 = CIRCLE('',#1517,6.);
#1517 = AXIS2_PLACEMENT_3D('',#1518,#1519,#1520);
#1518 = CARTESIAN_POINT('',(0.,0.,0.));
#1519 = DIRECTION('',(0.,0.,1.));
#1520 = DIRECTION('',(1.,0.,0.));
#1521 = ORIENTED_EDGE('',*,*,#1522,.T.);
#1522 = EDGE_CURVE('',#1514,#1523,#1525,.T.);
#1523 = VERTEX_POINT('',#1524);
#1524 = CARTESIAN_POINT('',(-3.723106919265,-4.705154074812,10.));
#1525 = LINE('',#1526,#1527);
#1526 = CARTESIAN_POINT('',(-3.723106919265,-4.705154074812,0.));
#1527 = VECTOR('',#1528,1.);
#1528 = DIRECTION('',(0.,0.,1.));
#1529 = ORIENTED_EDGE('',*,*,#1530,.T.);
#1530 = EDGE_CURVE('',#1523,#1531,#1533,.T.);
#1531 = VERTEX_POINT('',#1532);
#1532 = CARTESIAN_POINT('',(-2.213229497875,-5.576882210495,10.));
#1533 = CIRCLE('',#1534,6.);
#1534 = AXIS2_PLACEMENT_3D('',#1535,#1536,#1537);
#1535 = CARTESIAN_POINT('',(0.,0.,10.));
#1536 = DIRECTION('',(0.,0.,1.));
#1537 = DIRECTION('',(1.,0.,0.));
#1538 = ORIENTED_EDGE('',*,*,#1539,.F.);
#1539 = EDGE_CURVE('',#1540,#1531,#1542,.T.);
#1540 = VERTEX_POINT('',#1541);
#1541 = CARTESIAN_POINT('',(-2.213229497875,-5.576882210495,0.));
#1542 = LINE('',#1543,#1544);
#1543 = CARTESIAN_POINT('',(-2.213229497875,-5.576882210495,0.));
#1544 = VECTOR('',#1545,1.);
#1545 = DIRECTION('',(0.,0.,1.));
#1546 = ORIENTED_EDGE('',*,*,#1547,.T.);
#1547 = EDGE_CURVE('',#1540,#1548,#1550,.T.);
#1548 = VERTEX_POINT('',#1549);
#1549 = CARTESIAN_POINT('',(-0.871728135683,-5.93633641714,0.));
#1550 = CIRCLE('',#1551,6.);
#1551 = AXIS2_PLACEMENT_3D('',#1552,#1553,#1554);
#1552 = CARTESIAN_POINT('',(0.,0.,0.));
#1553 = DIRECTION('',(0.,0.,1.));
#1554 = DIRECTION('',(1.,0.,0.));
#1555 = ORIENTED_EDGE('',*,*,#1556,.T.);
#1556 = EDGE_CURVE('',#1548,#1557,#1559,.T.);
#1557 = VERTEX_POINT('',#1558);
#1558 = CARTESIAN_POINT('',(-0.871728135683,-5.93633641714,10.));
#1559 = LINE('',#1560,#1561);
#1560 = CARTESIAN_POINT('',(-0.871728135683,-5.93633641714,0.));
#1561 = VECTOR('',#1562,1.);
#1562 = DIRECTION('',(0.,0.,1.));
#1563 = ORIENTED_EDGE('',*,*,#1564,.T.);
#1564 = EDGE_CURVE('',#1557,#1565,#1567,.T.);
#1565 = VERTEX_POINT('',#1566);
#1566 = CARTESIAN_POINT('',(0.871728135683,-5.93633641714,10.));
#1567 = CIRCLE('',#1568,6.);
#1568 = AXIS2_PLACEMENT_3D('',#1569,#1570,#1571);
#1569 = CARTESIAN_POINT('',(0.,0.,10.));
#1570 = DIRECTION('',(0.,0.,1.));
#1571 = DIRECTION('',(1.,0.,0.));
#1572 = ORIENTED_EDGE('',*,*,#1573,.F.);
#1573 = EDGE_CURVE('',#1574,#1565,#1576,.T.);
#1574 = VERTEX_POINT('',#1575);
#1575 = CARTESIAN_POINT('',(0.871728135683,-5.93633641714,0.));
#1576 = LINE('',#1577,#1578);
#1577 = CARTESIAN_POINT('',(0.871728135683,-5.93633641714,0.));
#1578 = VECTOR('',#1579,1.);
#1579 = DIRECTION('',(0.,0.,1.));
#1580 = ORIENTED_EDGE('',*,*,#1581,.T.);
#1581 = EDGE_CURVE('',#1574,#1582,#1584,.T.);
#1582 = VERTEX_POINT('',#1583);
#1583 = CARTESIAN_POINT('',(2.213229497875,-5.576882210495,0.));
#1584 = CIRCLE('',#1585,6.);
#1585 = AXIS2_PLACEMENT_3D('',#1586,#1587,#1588);
#1586 = CARTESIAN_POINT('',(0.,0.,0.));
#1587 = DIRECTION('',(0.,0.,1.));
#1588 = DIRECTION('',(1.,0.,0.));
#1589 = ORIENTED_EDGE('',*,*,#1590,.T.);
#1590 = EDGE_CURVE('',#1582,#1591,#1593,.T.);
#1591 = VERTEX_POINT('',#1592);
#1592 = CARTESIAN_POINT('',(2.213229497875,-5.576882210495,10.));
#1593 = LINE('',#1594,#1595);
#1594 = CARTESIAN_POINT('',(2.213229497875,-5.576882210495,0.));
#1595 = VECTOR('',#1596,1.);
#1596 = DIRECTION('',(0.,0.,1.));
#1597 = ORIENTED_EDGE('',*,*,#1598,.T.);
#1598 = EDGE_CURVE('',#1591,#1599,#1601,.T.);
#1599 = VERTEX_POINT('',#1600);
#1600 = CARTESIAN_POINT('',(3.723106919265,-4.705154074812,10.));
#1601 = CIRCLE('',#1602,6.);
#1602 = AXIS2_PLACEMENT_3D('',#1603,#1604,#1605);
#1603 = CARTESIAN_POINT('',(0.,0.,10.));
#1604 = DIRECTION('',(0.,0.,1.));
#1605 = DIRECTION('',(1.,0.,0.));
#1606 = ORIENTED_EDGE('',*,*,#1607,.F.);
#1607 = EDGE_CURVE('',#1608,#1599,#1610,.T.);
#1608 = VERTEX_POINT('',#1609);
#1609 = CARTESIAN_POINT('',(3.723106919265,-4.705154074812,0.));
#1610 = LINE('',#1611,#1612);
#1611 = CARTESIAN_POINT('',(3.723106919265,-4.705154074812,0.));
#1612 = VECTOR('',#1613,1.);
#1613 = DIRECTION('',(0.,0.,1.));
#1614 = ORIENTED_EDGE('',*,*,#1615,.T.);
#1615 = EDGE_CURVE('',#1608,#1616,#1618,.T.);
#1616 = VERTEX_POINT('',#1617);
#1617 = CARTESIAN_POINT('',(4.705154074812,-3.723106919265,0.));
#1618 = CIRCLE('',#1619,6.);
#1619 = AXIS2_PLACEMENT_3D('',#1620,#1621,#1622);
#1620 = CARTESIAN_POINT('',(0.,0.,0.));
#1621 = DIRECTION('',(0.,0.,1.));
#1622 = DIRECTION('',(1.,0.,0.));
#1623 = ORIENTED_EDGE('',*,*,#1624,.T.);
#1624 = EDGE_CURVE('',#1616,#1625,#1627,.T.);
#1625 = VERTEX_POINT('',#1626);
#1626 = CARTESIAN_POINT('',(4.705154074812,-3.723106919265,10.));
#1627 = LINE('',#1628,#1629);
#1628 = CARTESIAN_POINT('',(4.705154074812,-3.723106919265,0.));
#1629 = VECTOR('',#1630,1.);
#1630 = DIRECTION('',(0.,0.,1.));
#1631 = ORIENTED_EDGE('',*,*,#1632,.T.);
#1632 = EDGE_CURVE('',#1625,#1633,#1635,.T.);
#1633 = VERTEX_POINT('',#1634);
#1634 = CARTESIAN_POINT('',(5.576882210495,-2.213229497875,10.));
#1635 = CIRCLE('',#1636,6.);
#1636 = AXIS2_PLACEMENT_3D('',#1637,#1638,#1639);
#1637 = CARTESIAN_POINT('',(0.,0.,10.));
#1638 = DIRECTION('',(0.,0.,1.));
#1639 = DIRECTION('',(1.,0.,0.));
#1640 = ORIENTED_EDGE('',*,*,#1641,.F.);
#1641 = EDGE_CURVE('',#1642,#1633,#1644,.T.);
#1642 = VERTEX_POINT('',#1643);
#1643 = CARTESIAN_POINT('',(5.576882210495,-2.213229497875,0.));
#1644 = LINE('',#1645,#1646);
#1645 = CARTESIAN_POINT('',(5.576882210495,-2.213229497875,0.));
#1646 = VECTOR('',#1647,1.);
#1647 = DIRECTION('',(0.,0.,1.));
#1648 = ORIENTED_EDGE('',*,*,#1649,.T.);
#1649 = EDGE_CURVE('',#1642,#1650,#1652,.T.);
#1650 = VERTEX_POINT('',#1651);
#1651 = CARTESIAN_POINT('',(5.93633641714,-0.871728135683,0.));
#1652 = CIRCLE('',#1653,6.);
#1653 = AXIS2_PLACEMENT_3D('',#1654,#1655,#1656);
#1654 = CARTESIAN_POINT('',(0.,0.,0.));
#1655 = DIRECTION('',(0.,0.,1.));
#1656 = DIRECTION('',(1.,0.,0.));
#1657 = ORIENTED_EDGE('',*,*,#1658,.T.);
#1658 = EDGE_CURVE('',#1650,#1232,#1659,.T.);
#1659 = LINE('',#1660,#1661);
#1660 = CARTESIAN_POINT('',(5.93633641714,-0.871728135683,0.));
#1661 = VECTOR('',#1662,1.);
#1662 = DIRECTION('',(0.,0.,1.));
#1663 = CYLINDRICAL_SURFACE('',#1664,6.);
#1664 = AXIS2_PLACEMENT_3D('',#1665,#1666,#1667);
#1665 = CARTESIAN_POINT('',(0.,0.,0.));
#1666 = DIRECTION('',(0.,0.,1.));
#1667 = DIRECTION('',(1.,0.,0.));
#1668 = ADVANCED_FACE('',(#1669),#1823,.T.);
#1669 = FACE_BOUND('',#1670,.T.);
#1670 = EDGE_LOOP('',(#1671,#1672,#1680,#1688,#1696,#1704,#1712,#1720,
    #1728,#1736,#1744,#1752,#1760,#1768,#1776,#1784,#1792,#1800,#1808,
    #1816,#1822));
#1671 = ORIENTED_EDGE('',*,*,#1231,.F.);
#1672 = ORIENTED_EDGE('',*,*,#1673,.T.);
#1673 = EDGE_CURVE('',#1232,#1674,#1676,.T.);
#1674 = VERTEX_POINT('',#1675);
#1675 = CARTESIAN_POINT('',(6.972914407111,-1.023945620541,10.));
#1676 = LINE('',#1677,#1678);
#1677 = CARTESIAN_POINT('',(5.874499579461,-0.862647634269,10.));
#1678 = VECTOR('',#1679,1.);
#1679 = DIRECTION('',(0.989389402857,-0.145288022614,0.));
#1680 = ORIENTED_EDGE('',*,*,#1681,.T.);
#1681 = EDGE_CURVE('',#1674,#1682,#1684,.T.);
#1682 = VERTEX_POINT('',#1683);
#1683 = CARTESIAN_POINT('',(7.188507325796,-1.019790793858,10.));
#1684 = LINE('',#1685,#1686);
#1685 = CARTESIAN_POINT('',(6.972914407111,-1.023945620541,10.));
#1686 = VECTOR('',#1687,1.);
#1687 = DIRECTION('',(0.999814353873,1.92680510141E-02,0.));
#1688 = ORIENTED_EDGE('',*,*,#1689,.T.);
#1689 = EDGE_CURVE('',#1682,#1690,#1692,.T.);
#1690 = VERTEX_POINT('',#1691);
#1691 = CARTESIAN_POINT('',(7.408081989201,-0.984936830443,10.));
#1692 = LINE('',#1693,#1694);
#1693 = CARTESIAN_POINT('',(7.188507325796,-1.019790793858,10.));
#1694 = VECTOR('',#1695,1.);
#1695 = DIRECTION('',(0.987634941911,0.156771239442,0.));
#1696 = ORIENTED_EDGE('',*,*,#1697,.T.);
#1697 = EDGE_CURVE('',#1690,#1698,#1700,.T.);
#1698 = VERTEX_POINT('',#1699);
#1699 = CARTESIAN_POINT('',(7.629778858564,-0.928428769163,10.));
#1700 = LINE('',#1701,#1702);
#1701 = CARTESIAN_POINT('',(7.408081989201,-0.984936830443,10.));
#1702 = VECTOR('',#1703,1.);
#1703 = DIRECTION('',(0.969017574842,0.246991780525,0.));
#1704 = ORIENTED_EDGE('',*,*,#1705,.T.);
#1705 = EDGE_CURVE('',#1698,#1706,#1708,.T.);
#1706 = VERTEX_POINT('',#1707);
#1707 = CARTESIAN_POINT('',(7.852636813796,-0.853161286532,10.));
#1708 = LINE('',#1709,#1710);
#1709 = CARTESIAN_POINT('',(7.629778858564,-0.928428769163,10.));
#1710 = VECTOR('',#1711,1.);
#1711 = DIRECTION('',(0.947424088958,0.319980617636,0.));
#1712 = ORIENTED_EDGE('',*,*,#1713,.T.);
#1713 = EDGE_CURVE('',#1706,#1714,#1716,.T.);
#1714 = VERTEX_POINT('',#1715);
#1715 = CARTESIAN_POINT('',(8.075891456714,-0.760662605029,10.));
#1716 = LINE('',#1717,#1718);
#1717 = CARTESIAN_POINT('',(7.852636813796,-0.853161286532,10.));
#1718 = VECTOR('',#1719,1.);
#1719 = DIRECTION('',(0.923845029684,0.38276671894,0.));
#1720 = ORIENTED_EDGE('',*,*,#1721,.T.);
#1721 = EDGE_CURVE('',#1714,#1722,#1724,.T.);
#1722 = VERTEX_POINT('',#1723);
#1723 = CARTESIAN_POINT('',(8.298859924712,-0.651884412561,10.));
#1724 = LINE('',#1725,#1726);
#1725 = CARTESIAN_POINT('',(8.075891456714,-0.760662605029,10.));
#1726 = VECTOR('',#1727,1.);
#1727 = DIRECTION('',(0.898747659765,0.438466240509,0.));
#1728 = ORIENTED_EDGE('',*,*,#1729,.T.);
#1729 = EDGE_CURVE('',#1722,#1730,#1732,.T.);
#1730 = VERTEX_POINT('',#1731);
#1731 = CARTESIAN_POINT('',(8.520900779961,-0.527480579992,10.));
#1732 = LINE('',#1733,#1734);
#1733 = CARTESIAN_POINT('',(8.298859924712,-0.651884412561,10.));
#1734 = VECTOR('',#1735,1.);
#1735 = DIRECTION('',(0.872403900801,0.488785672731,0.));
#1736 = ORIENTED_EDGE('',*,*,#1737,.T.);
#1737 = EDGE_CURVE('',#1730,#1738,#1740,.T.);
#1738 = VERTEX_POINT('',#1739);
#1739 = CARTESIAN_POINT('',(8.741396170858,-0.387934252311,10.));
#1740 = LINE('',#1741,#1742);
#1741 = CARTESIAN_POINT('',(8.520900779961,-0.527480579992,10.));
#1742 = VECTOR('',#1743,1.);
#1743 = DIRECTION('',(0.844993561613,0.534776477449,0.));
#1744 = ORIENTED_EDGE('',*,*,#1745,.T.);
#1745 = EDGE_CURVE('',#1738,#1746,#1748,.T.);
#1746 = VERTEX_POINT('',#1747);
#1747 = CARTESIAN_POINT('',(8.741396170858,0.387934252311,10.));
#1748 = LINE('',#1749,#1750);
#1749 = CARTESIAN_POINT('',(8.741396170858,-0.387934252311,10.));
#1750 = VECTOR('',#1751,1.);
#1751 = DIRECTION('',(0.,1.,0.));
#1752 = ORIENTED_EDGE('',*,*,#1753,.T.);
#1753 = EDGE_CURVE('',#1746,#1754,#1756,.T.);
#1754 = VERTEX_POINT('',#1755);
#1755 = CARTESIAN_POINT('',(8.520900779961,0.527480579992,10.));
#1756 = LINE('',#1757,#1758);
#1757 = CARTESIAN_POINT('',(8.741396170858,0.387934252311,10.));
#1758 = VECTOR('',#1759,1.);
#1759 = DIRECTION('',(-0.844993561613,0.534776477449,0.));
#1760 = ORIENTED_EDGE('',*,*,#1761,.T.);
#1761 = EDGE_CURVE('',#1754,#1762,#1764,.T.);
#1762 = VERTEX_POINT('',#1763);
#1763 = CARTESIAN_POINT('',(8.298859924712,0.651884412561,10.));
#1764 = LINE('',#1765,#1766);
#1765 = CARTESIAN_POINT('',(8.520900779961,0.527480579992,10.));
#1766 = VECTOR('',#1767,1.);
#1767 = DIRECTION('',(-0.872403900801,0.488785672731,0.));
#1768 = ORIENTED_EDGE('',*,*,#1769,.T.);
#1769 = EDGE_CURVE('',#1762,#1770,#1772,.T.);
#1770 = VERTEX_POINT('',#1771);
#1771 = CARTESIAN_POINT('',(8.075891456714,0.760662605029,10.));
#1772 = LINE('',#1773,#1774);
#1773 = CARTESIAN_POINT('',(8.298859924712,0.651884412561,10.));
#1774 = VECTOR('',#1775,1.);
#1775 = DIRECTION('',(-0.898747659765,0.438466240509,0.));
#1776 = ORIENTED_EDGE('',*,*,#1777,.T.);
#1777 = EDGE_CURVE('',#1770,#1778,#1780,.T.);
#1778 = VERTEX_POINT('',#1779);
#1779 = CARTESIAN_POINT('',(7.852636813796,0.853161286532,10.));
#1780 = LINE('',#1781,#1782);
#1781 = CARTESIAN_POINT('',(8.075891456714,0.760662605029,10.));
#1782 = VECTOR('',#1783,1.);
#1783 = DIRECTION('',(-0.923845029684,0.38276671894,0.));
#1784 = ORIENTED_EDGE('',*,*,#1785,.T.);
#1785 = EDGE_CURVE('',#1778,#1786,#1788,.T.);
#1786 = VERTEX_POINT('',#1787);
#1787 = CARTESIAN_POINT('',(7.629778858564,0.928428769163,10.));
#1788 = LINE('',#1789,#1790);
#1789 = CARTESIAN_POINT('',(7.852636813796,0.853161286532,10.));
#1790 = VECTOR('',#1791,1.);
#1791 = DIRECTION('',(-0.947424088958,0.319980617636,0.));
#1792 = ORIENTED_EDGE('',*,*,#1793,.T.);
#1793 = EDGE_CURVE('',#1786,#1794,#1796,.T.);
#1794 = VERTEX_POINT('',#1795);
#1795 = CARTESIAN_POINT('',(7.408081989201,0.984936830443,10.));
#1796 = LINE('',#1797,#1798);
#1797 = CARTESIAN_POINT('',(7.629778858564,0.928428769163,10.));
#1798 = VECTOR('',#1799,1.);
#1799 = DIRECTION('',(-0.969017574842,0.246991780525,0.));
#1800 = ORIENTED_EDGE('',*,*,#1801,.T.);
#1801 = EDGE_CURVE('',#1794,#1802,#1804,.T.);
#1802 = VERTEX_POINT('',#1803);
#1803 = CARTESIAN_POINT('',(7.188507325796,1.019790793858,10.));
#1804 = LINE('',#1805,#1806);
#1805 = CARTESIAN_POINT('',(7.408081989201,0.984936830443,10.));
#1806 = VECTOR('',#1807,1.);
#1807 = DIRECTION('',(-0.987634941911,0.156771239442,0.));
#1808 = ORIENTED_EDGE('',*,*,#1809,.T.);
#1809 = EDGE_CURVE('',#1802,#1810,#1812,.T.);
#1810 = VERTEX_POINT('',#1811);
#1811 = CARTESIAN_POINT('',(6.972914407111,1.023945620541,10.));
#1812 = LINE('',#1813,#1814);
#1813 = CARTESIAN_POINT('',(7.188507325796,1.019790793858,10.));
#1814 = VECTOR('',#1815,1.);
#1815 = DIRECTION('',(-0.999814353873,1.92680510141E-02,0.));
#1816 = ORIENTED_EDGE('',*,*,#1817,.T.);
#1817 = EDGE_CURVE('',#1810,#1259,#1818,.T.);
#1818 = LINE('',#1819,#1820);
#1819 = CARTESIAN_POINT('',(6.972914407111,1.023945620541,10.));
#1820 = VECTOR('',#1821,1.);
#1821 = DIRECTION('',(-0.989389402857,-0.145288022614,0.));
#1822 = ORIENTED_EDGE('',*,*,#1258,.F.);
#1823 = PLANE('',#1824);
#1824 = AXIS2_PLACEMENT_3D('',#1825,#1826,#1827);
#1825 = CARTESIAN_POINT('',(7.176596790771,-3.E-17,10.));
#1826 = DIRECTION('',(0.,0.,1.));
#1827 = DIRECTION('',(1.,0.,0.));
#1828 = ADVANCED_FACE('',(#1829),#1847,.F.);
#1829 = FACE_BOUND('',#1830,.F.);
#1830 = EDGE_LOOP('',(#1831,#1839,#1840,#1841));
#1831 = ORIENTED_EDGE('',*,*,#1832,.F.);
#1832 = EDGE_CURVE('',#1650,#1833,#1835,.T.);
#1833 = VERTEX_POINT('',#1834);
#1834 = CARTESIAN_POINT('',(6.972914407111,-1.023945620541,0.));
#1835 = LINE('',#1836,#1837);
#1836 = CARTESIAN_POINT('',(5.874499579461,-0.862647634269,0.));
#1837 = VECTOR('',#1838,1.);
#1838 = DIRECTION('',(0.989389402857,-0.145288022614,0.));
#1839 = ORIENTED_EDGE('',*,*,#1658,.T.);
#1840 = ORIENTED_EDGE('',*,*,#1673,.T.);
#1841 = ORIENTED_EDGE('',*,*,#1842,.F.);
#1842 = EDGE_CURVE('',#1833,#1674,#1843,.T.);
#1843 = LINE('',#1844,#1845);
#1844 = CARTESIAN_POINT('',(6.972914407111,-1.023945620541,0.));
#1845 = VECTOR('',#1846,1.);
#1846 = DIRECTION('',(0.,0.,1.));
#1847 = PLANE('',#1848);
#1848 = AXIS2_PLACEMENT_3D('',#1849,#1850,#1851);
#1849 = CARTESIAN_POINT('',(5.874499579461,-0.862647634269,0.));
#1850 = DIRECTION('',(0.145288022614,0.989389402857,0.));
#1851 = DIRECTION('',(0.989389402857,-0.145288022614,0.));
#1852 = ADVANCED_FACE('',(#1853,#3660,#3671,#3682),#3693,.T.);
#1853 = FACE_BOUND('',#1854,.T.);
#1854 = EDGE_LOOP('',(#1855,#1856,#1864,#1872,#1880,#1888,#1896,#1904,
    #1912,#1920,#1928,#1936,#1944,#1952,#1960,#1968,#1976,#1984,#1992,
    #1998,#1999,#2000,#2008,#2016,#2024,#2032,#2040,#2048,#2056,#2064,
    #2072,#2080,#2088,#2096,#2104,#2112,#2120,#2128,#2136,#2144,#2150,
    #2151,#2159,#2167,#2175,#2183,#2191,#2199,#2207,#2215,#2223,#2231,
    #2239,#2247,#2255,#2263,#2271,#2279,#2287,#2295,#2301,#2302,#2310,
    #2318,#2326,#2334,#2342,#2350,#2358,#2366,#2374,#2382,#2390,#2398,
    #2406,#2414,#2422,#2430,#2438,#2446,#2452,#2453,#2461,#2469,#2477,
    #2485,#2493,#2501,#2509,#2517,#2525,#2533,#2541,#2549,#2557,#2565,
    #2573,#2581,#2589,#2597,#2603,#2604,#2612,#2620,#2628,#2636,#2644,
    #2652,#2660,#2668,#2676,#2684,#2692,#2700,#2708,#2716,#2724,#2732,
    #2740,#2748,#2754,#2755,#2763,#2771,#2779,#2787,#2795,#2803,#2811,
    #2819,#2827,#2835,#2843,#2851,#2859,#2867,#2875,#2883,#2891,#2899,
    #2905,#2906,#2914,#2922,#2930,#2938,#2946,#2954,#2962,#2970,#2978,
    #2986,#2994,#3002,#3010,#3018,#3026,#3034,#3042,#3050,#3056,#3057,
    #3065,#3073,#3081,#3089,#3097,#3105,#3113,#3121,#3129,#3137,#3145,
    #3153,#3161,#3169,#3177,#3185,#3193,#3201,#3207,#3208,#3216,#3224,
    #3232,#3240,#3248,#3256,#3264,#3272,#3280,#3288,#3296,#3304,#3312,
    #3320,#3328,#3336,#3344,#3352,#3358,#3359,#3367,#3375,#3383,#3391,
    #3399,#3407,#3415,#3423,#3431,#3439,#3447,#3455,#3463,#3471,#3479,
    #3487,#3495,#3503,#3509,#3510,#3518,#3526,#3534,#3542,#3550,#3558,
    #3566,#3574,#3582,#3590,#3598,#3606,#3614,#3622,#3630,#3638,#3646,
    #3654));
#1855 = ORIENTED_EDGE('',*,*,#1275,.F.);
#1856 = ORIENTED_EDGE('',*,*,#1857,.F.);
#1857 = EDGE_CURVE('',#1858,#1268,#1860,.T.);
#1858 = VERTEX_POINT('',#1859);
#1859 = CARTESIAN_POINT('',(6.972914407111,1.023945620541,0.));
#1860 = LINE('',#1861,#1862);
#1861 = CARTESIAN_POINT('',(6.972914407111,1.023945620541,0.));
#1862 = VECTOR('',#1863,1.);
#1863 = DIRECTION('',(-0.989389402857,-0.145288022614,0.));
#1864 = ORIENTED_EDGE('',*,*,#1865,.F.);
#1865 = EDGE_CURVE('',#1866,#1858,#1868,.T.);
#1866 = VERTEX_POINT('',#1867);
#1867 = CARTESIAN_POINT('',(7.188507325796,1.019790793858,0.));
#1868 = LINE('',#1869,#1870);
#1869 = CARTESIAN_POINT('',(7.188507325796,1.019790793858,0.));
#1870 = VECTOR('',#1871,1.);
#1871 = DIRECTION('',(-0.999814353873,1.92680510141E-02,0.));
#1872 = ORIENTED_EDGE('',*,*,#1873,.F.);
#1873 = EDGE_CURVE('',#1874,#1866,#1876,.T.);
#1874 = VERTEX_POINT('',#1875);
#1875 = CARTESIAN_POINT('',(7.408081989201,0.984936830443,0.));
#1876 = LINE('',#1877,#1878);
#1877 = CARTESIAN_POINT('',(7.408081989201,0.984936830443,0.));
#1878 = VECTOR('',#1879,1.);
#1879 = DIRECTION('',(-0.987634941911,0.156771239442,0.));
#1880 = ORIENTED_EDGE('',*,*,#1881,.F.);
#1881 = EDGE_CURVE('',#1882,#1874,#1884,.T.);
#1882 = VERTEX_POINT('',#1883);
#1883 = CARTESIAN_POINT('',(7.629778858564,0.928428769163,0.));
#1884 = LINE('',#1885,#1886);
#1885 = CARTESIAN_POINT('',(7.629778858564,0.928428769163,0.));
#1886 = VECTOR('',#1887,1.);
#1887 = DIRECTION('',(-0.969017574842,0.246991780525,0.));
#1888 = ORIENTED_EDGE('',*,*,#1889,.F.);
#1889 = EDGE_CURVE('',#1890,#1882,#1892,.T.);
#1890 = VERTEX_POINT('',#1891);
#1891 = CARTESIAN_POINT('',(7.852636813796,0.853161286532,0.));
#1892 = LINE('',#1893,#1894);
#1893 = CARTESIAN_POINT('',(7.852636813796,0.853161286532,0.));
#1894 = VECTOR('',#1895,1.);
#1895 = DIRECTION('',(-0.947424088958,0.319980617636,0.));
#1896 = ORIENTED_EDGE('',*,*,#1897,.F.);
#1897 = EDGE_CURVE('',#1898,#1890,#1900,.T.);
#1898 = VERTEX_POINT('',#1899);
#1899 = CARTESIAN_POINT('',(8.075891456714,0.760662605029,0.));
#1900 = LINE('',#1901,#1902);
#1901 = CARTESIAN_POINT('',(8.075891456714,0.760662605029,0.));
#1902 = VECTOR('',#1903,1.);
#1903 = DIRECTION('',(-0.923845029684,0.38276671894,0.));
#1904 = ORIENTED_EDGE('',*,*,#1905,.F.);
#1905 = EDGE_CURVE('',#1906,#1898,#1908,.T.);
#1906 = VERTEX_POINT('',#1907);
#1907 = CARTESIAN_POINT('',(8.298859924712,0.651884412561,0.));
#1908 = LINE('',#1909,#1910);
#1909 = CARTESIAN_POINT('',(8.298859924712,0.651884412561,0.));
#1910 = VECTOR('',#1911,1.);
#1911 = DIRECTION('',(-0.898747659765,0.438466240509,0.));
#1912 = ORIENTED_EDGE('',*,*,#1913,.F.);
#1913 = EDGE_CURVE('',#1914,#1906,#1916,.T.);
#1914 = VERTEX_POINT('',#1915);
#1915 = CARTESIAN_POINT('',(8.520900779961,0.527480579992,0.));
#1916 = LINE('',#1917,#1918);
#1917 = CARTESIAN_POINT('',(8.520900779961,0.527480579992,0.));
#1918 = VECTOR('',#1919,1.);
#1919 = DIRECTION('',(-0.872403900801,0.488785672731,0.));
#1920 = ORIENTED_EDGE('',*,*,#1921,.F.);
#1921 = EDGE_CURVE('',#1922,#1914,#1924,.T.);
#1922 = VERTEX_POINT('',#1923);
#1923 = CARTESIAN_POINT('',(8.741396170858,0.387934252311,0.));
#1924 = LINE('',#1925,#1926);
#1925 = CARTESIAN_POINT('',(8.741396170858,0.387934252311,0.));
#1926 = VECTOR('',#1927,1.);
#1927 = DIRECTION('',(-0.844993561613,0.534776477449,0.));
#1928 = ORIENTED_EDGE('',*,*,#1929,.F.);
#1929 = EDGE_CURVE('',#1930,#1922,#1932,.T.);
#1930 = VERTEX_POINT('',#1931);
#1931 = CARTESIAN_POINT('',(8.741396170858,-0.387934252311,0.));
#1932 = LINE('',#1933,#1934);
#1933 = CARTESIAN_POINT('',(8.741396170858,-0.387934252311,0.));
#1934 = VECTOR('',#1935,1.);
#1935 = DIRECTION('',(0.,1.,0.));
#1936 = ORIENTED_EDGE('',*,*,#1937,.F.);
#1937 = EDGE_CURVE('',#1938,#1930,#1940,.T.);
#1938 = VERTEX_POINT('',#1939);
#1939 = CARTESIAN_POINT('',(8.520900779961,-0.527480579992,0.));
#1940 = LINE('',#1941,#1942);
#1941 = CARTESIAN_POINT('',(8.520900779961,-0.527480579992,0.));
#1942 = VECTOR('',#1943,1.);
#1943 = DIRECTION('',(0.844993561613,0.534776477449,0.));
#1944 = ORIENTED_EDGE('',*,*,#1945,.F.);
#1945 = EDGE_CURVE('',#1946,#1938,#1948,.T.);
#1946 = VERTEX_POINT('',#1947);
#1947 = CARTESIAN_POINT('',(8.298859924712,-0.651884412561,0.));
#1948 = LINE('',#1949,#1950);
#1949 = CARTESIAN_POINT('',(8.298859924712,-0.651884412561,0.));
#1950 = VECTOR('',#1951,1.);
#1951 = DIRECTION('',(0.872403900801,0.488785672731,0.));
#1952 = ORIENTED_EDGE('',*,*,#1953,.F.);
#1953 = EDGE_CURVE('',#1954,#1946,#1956,.T.);
#1954 = VERTEX_POINT('',#1955);
#1955 = CARTESIAN_POINT('',(8.075891456714,-0.760662605029,0.));
#1956 = LINE('',#1957,#1958);
#1957 = CARTESIAN_POINT('',(8.075891456714,-0.760662605029,0.));
#1958 = VECTOR('',#1959,1.);
#1959 = DIRECTION('',(0.898747659765,0.438466240509,0.));
#1960 = ORIENTED_EDGE('',*,*,#1961,.F.);
#1961 = EDGE_CURVE('',#1962,#1954,#1964,.T.);
#1962 = VERTEX_POINT('',#1963);
#1963 = CARTESIAN_POINT('',(7.852636813796,-0.853161286532,0.));
#1964 = LINE('',#1965,#1966);
#1965 = CARTESIAN_POINT('',(7.852636813796,-0.853161286532,0.));
#1966 = VECTOR('',#1967,1.);
#1967 = DIRECTION('',(0.923845029684,0.38276671894,0.));
#1968 = ORIENTED_EDGE('',*,*,#1969,.F.);
#1969 = EDGE_CURVE('',#1970,#1962,#1972,.T.);
#1970 = VERTEX_POINT('',#1971);
#1971 = CARTESIAN_POINT('',(7.629778858564,-0.928428769163,0.));
#1972 = LINE('',#1973,#1974);
#1973 = CARTESIAN_POINT('',(7.629778858564,-0.928428769163,0.));
#1974 = VECTOR('',#1975,1.);
#1975 = DIRECTION('',(0.947424088958,0.319980617636,0.));
#1976 = ORIENTED_EDGE('',*,*,#1977,.F.);
#1977 = EDGE_CURVE('',#1978,#1970,#1980,.T.);
#1978 = VERTEX_POINT('',#1979);
#1979 = CARTESIAN_POINT('',(7.408081989201,-0.984936830443,0.));
#1980 = LINE('',#1981,#1982);
#1981 = CARTESIAN_POINT('',(7.408081989201,-0.984936830443,0.));
#1982 = VECTOR('',#1983,1.);
#1983 = DIRECTION('',(0.969017574842,0.246991780525,0.));
#1984 = ORIENTED_EDGE('',*,*,#1985,.F.);
#1985 = EDGE_CURVE('',#1986,#1978,#1988,.T.);
#1986 = VERTEX_POINT('',#1987);
#1987 = CARTESIAN_POINT('',(7.188507325796,-1.019790793858,0.));
#1988 = LINE('',#1989,#1990);
#1989 = CARTESIAN_POINT('',(7.188507325796,-1.019790793858,0.));
#1990 = VECTOR('',#1991,1.);
#1991 = DIRECTION('',(0.987634941911,0.156771239442,0.));
#1992 = ORIENTED_EDGE('',*,*,#1993,.F.);
#1993 = EDGE_CURVE('',#1833,#1986,#1994,.T.);
#1994 = LINE('',#1995,#1996);
#1995 = CARTESIAN_POINT('',(6.972914407111,-1.023945620541,0.));
#1996 = VECTOR('',#1997,1.);
#1997 = DIRECTION('',(0.999814353873,1.92680510141E-02,0.));
#1998 = ORIENTED_EDGE('',*,*,#1832,.F.);
#1999 = ORIENTED_EDGE('',*,*,#1649,.F.);
#2000 = ORIENTED_EDGE('',*,*,#2001,.F.);
#2001 = EDGE_CURVE('',#2002,#1642,#2004,.T.);
#2002 = VERTEX_POINT('',#2003);
#2003 = CARTESIAN_POINT('',(6.550693825243,-2.599694284074,0.));
#2004 = LINE('',#2005,#2006);
#2005 = CARTESIAN_POINT('',(6.550693825243,-2.599694284074,0.));
#2006 = VECTOR('',#2007,1.);
#2007 = DIRECTION('',(-0.929480368416,0.368871582979,0.));
#2008 = ORIENTED_EDGE('',*,*,#2009,.F.);
#2009 = EDGE_CURVE('',#2010,#2002,#2012,.T.);
#2010 = VERTEX_POINT('',#2011);
#2011 = CARTESIAN_POINT('',(6.735325356358,-2.711088928872,0.));
#2012 = LINE('',#2013,#2014);
#2013 = CARTESIAN_POINT('',(6.735325356359,-2.711088928872,0.));
#2014 = VECTOR('',#2015,1.);
#2015 = DIRECTION('',(-0.856230604015,0.516593798596,0.));
#2016 = ORIENTED_EDGE('',*,*,#2017,.F.);
#2017 = EDGE_CURVE('',#2018,#2010,#2020,.T.);
#2018 = VERTEX_POINT('',#2019);
#2019 = CARTESIAN_POINT('',(6.908055611187,-2.851060678313,0.));
#2020 = LINE('',#2021,#2022);
#2021 = CARTESIAN_POINT('',(6.908055611187,-2.851060678313,0.));
#2022 = VECTOR('',#2023,1.);
#2023 = DIRECTION('',(-0.776931329639,0.629585346895,0.));
#2024 = ORIENTED_EDGE('',*,*,#2025,.F.);
#2025 = EDGE_CURVE('',#2026,#2018,#2028,.T.);
#2026 = VERTEX_POINT('',#2027);
#2027 = CARTESIAN_POINT('',(7.071796701356,-3.010846529583,0.));
#2028 = LINE('',#2029,#2030);
#2029 = CARTESIAN_POINT('',(7.071796701356,-3.010846529583,0.));
#2030 = VECTOR('',#2031,1.);
#2031 = DIRECTION('',(-0.715697946264,0.698409943882,0.));
#2032 = ORIENTED_EDGE('',*,*,#2033,.F.);
#2033 = EDGE_CURVE('',#2034,#2026,#2036,.T.);
#2034 = VERTEX_POINT('',#2035);
#2035 = CARTESIAN_POINT('',(7.227163610706,-3.187459059236,0.));
#2036 = LINE('',#2037,#2038);
#2037 = CARTESIAN_POINT('',(7.227163610706,-3.187459059236,0.));
#2038 = VECTOR('',#2039,1.);
#2039 = DIRECTION('',(-0.660503020377,0.75082338807,0.));
#2040 = ORIENTED_EDGE('',*,*,#2041,.F.);
#2041 = EDGE_CURVE('',#2042,#2034,#2044,.T.);
#2042 = VERTEX_POINT('',#2043);
#2043 = CARTESIAN_POINT('',(7.374258462235,-3.379192588693,0.));
#2044 = LINE('',#2045,#2046);
#2045 = CARTESIAN_POINT('',(7.374258462235,-3.379192588693,0.));
#2046 = VECTOR('',#2047,1.);
#2047 = DIRECTION('',(-0.608689905396,0.793408217168,0.));
#2048 = ORIENTED_EDGE('',*,*,#2049,.F.);
#2049 = EDGE_CURVE('',#2050,#2042,#2052,.T.);
#2050 = VERTEX_POINT('',#2051);
#2051 = CARTESIAN_POINT('',(7.512965723529,-3.584881500747,0.));
#2052 = LINE('',#2053,#2054);
#2053 = CARTESIAN_POINT('',(7.512965723529,-3.584881500747,0.));
#2054 = VECTOR('',#2055,1.);
#2055 = DIRECTION('',(-0.559105184694,0.829096732866,0.));
#2056 = ORIENTED_EDGE('',*,*,#2057,.F.);
#2057 = EDGE_CURVE('',#2058,#2050,#2060,.T.);
#2058 = VERTEX_POINT('',#2059);
#2059 = CARTESIAN_POINT('',(7.643056828569,-3.803638807704,0.));
#2060 = LINE('',#2061,#2062);
#2061 = CARTESIAN_POINT('',(7.643056828569,-3.803638807704,0.));
#2062 = VECTOR('',#2063,1.);
#2063 = DIRECTION('',(-0.511131104088,0.859502759992,0.));
#2064 = ORIENTED_EDGE('',*,*,#2065,.F.);
#2065 = EDGE_CURVE('',#2066,#2058,#2068,.T.);
#2066 = VERTEX_POINT('',#2067);
#2067 = CARTESIAN_POINT('',(7.764238274662,-4.034737167929,0.));
#2068 = LINE('',#2069,#2070);
#2069 = CARTESIAN_POINT('',(7.764238274662,-4.034737167929,0.));
#2070 = VECTOR('',#2071,1.);
#2071 = DIRECTION('',(-0.464397651666,0.885626795624,0.));
#2072 = ORIENTED_EDGE('',*,*,#2073,.F.);
#2073 = EDGE_CURVE('',#2074,#2066,#2076,.T.);
#2074 = VERTEX_POINT('',#2075);
#2075 = CARTESIAN_POINT('',(7.376304022351,-4.706659002928,0.));
#2076 = LINE('',#2077,#2078);
#2077 = CARTESIAN_POINT('',(7.376304022351,-4.706659002928,0.));
#2078 = VECTOR('',#2079,1.);
#2079 = DIRECTION('',(0.5,0.866025403784,0.));
#2080 = ORIENTED_EDGE('',*,*,#2081,.F.);
#2081 = EDGE_CURVE('',#2082,#2074,#2084,.T.);
#2082 = VERTEX_POINT('',#2083);
#2083 = CARTESIAN_POINT('',(7.115576248577,-4.717261972257,0.));
#2084 = LINE('',#2085,#2086);
#2085 = CARTESIAN_POINT('',(7.115576248577,-4.717261972257,0.));
#2086 = VECTOR('',#2087,1.);
#2087 = DIRECTION('',(0.999174129116,4.06332340113E-02,0.));
#2088 = ORIENTED_EDGE('',*,*,#2089,.F.);
#2089 = EDGE_CURVE('',#2090,#2082,#2092,.T.);
#2090 = VERTEX_POINT('',#2091);
#2091 = CARTESIAN_POINT('',(6.861081310968,-4.713978423964,0.));
#2092 = LINE('',#2093,#2094);
#2093 = CARTESIAN_POINT('',(6.861081310968,-4.713978423964,0.));
#2094 = VECTOR('',#2095,1.);
#2095 = DIRECTION('',(0.99991677682,-1.290114080913E-02,0.));
#2096 = ORIENTED_EDGE('',*,*,#2097,.F.);
#2097 = EDGE_CURVE('',#2098,#2090,#2100,.T.);
#2098 = VERTEX_POINT('',#2099);
#2099 = CARTESIAN_POINT('',(6.613595857206,-4.696698868022,0.));
#2100 = LINE('',#2101,#2102);
#2101 = CARTESIAN_POINT('',(6.613595857206,-4.696698868022,0.));
#2102 = VECTOR('',#2103,1.);
#2103 = DIRECTION('',(0.997571425203,-6.96509268998E-02,0.));
#2104 = ORIENTED_EDGE('',*,*,#2105,.F.);
#2105 = EDGE_CURVE('',#2106,#2098,#2108,.T.);
#2106 = VERTEX_POINT('',#2107);
#2107 = CARTESIAN_POINT('',(6.374002324174,-4.66517775456,0.));
#2108 = LINE('',#2109,#2110);
#2109 = CARTESIAN_POINT('',(6.374002324174,-4.66517775456,0.));
#2110 = VECTOR('',#2111,1.);
#2111 = DIRECTION('',(0.991456624336,-0.130436812516,0.));
#2112 = ORIENTED_EDGE('',*,*,#2113,.F.);
#2113 = EDGE_CURVE('',#2114,#2106,#2116,.T.);
#2114 = VERTEX_POINT('',#2115);
#2115 = CARTESIAN_POINT('',(6.143367932193,-4.618932328982,0.));
#2116 = LINE('',#2117,#2118);
#2117 = CARTESIAN_POINT('',(6.143367932193,-4.618932328982,0.));
#2118 = VECTOR('',#2119,1.);
#2119 = DIRECTION('',(0.980483638013,-0.196600700888,0.));
#2120 = ORIENTED_EDGE('',*,*,#2121,.F.);
#2121 = EDGE_CURVE('',#2122,#2114,#2124,.T.);
#2122 = VERTEX_POINT('',#2123);
#2123 = CARTESIAN_POINT('',(5.923118780744,-4.557021310887,0.));
#2124 = LINE('',#2125,#2126);
#2125 = CARTESIAN_POINT('',(5.923118780744,-4.557021310887,0.));
#2126 = VECTOR('',#2127,1.);
#2127 = DIRECTION('',(0.96268972679,-0.27060763096,0.));
#2128 = ORIENTED_EDGE('',*,*,#2129,.F.);
#2129 = EDGE_CURVE('',#2130,#2122,#2132,.T.);
#2130 = VERTEX_POINT('',#2131);
#2131 = CARTESIAN_POINT('',(5.715534562501,-4.477418396924,0.));
#2132 = LINE('',#2133,#2134);
#2133 = CARTESIAN_POINT('',(5.715534562501,-4.477418396924,0.));
#2134 = VECTOR('',#2135,1.);
#2135 = DIRECTION('',(0.933702569081,-0.358049595016,0.));
#2136 = ORIENTED_EDGE('',*,*,#2137,.F.);
#2137 = EDGE_CURVE('',#2138,#2130,#2140,.T.);
#2138 = VERTEX_POINT('',#2139);
#2139 = CARTESIAN_POINT('',(5.526748204702,-4.373220123038,0.));
#2140 = LINE('',#2141,#2142);
#2141 = CARTESIAN_POINT('',(5.526748204702,-4.373220123038,0.));
#2142 = VECTOR('',#2143,1.);
#2143 = DIRECTION('',(0.875498655029,-0.483220555277,0.));
#2144 = ORIENTED_EDGE('',*,*,#2145,.F.);
#2145 = EDGE_CURVE('',#1616,#2138,#2146,.T.);
#2146 = LINE('',#2147,#2148);
#2147 = CARTESIAN_POINT('',(4.6561420532,-3.684324555522,0.));
#2148 = VECTOR('',#2149,1.);
#2149 = DIRECTION('',(0.784192345802,-0.620517819877,0.));
#2150 = ORIENTED_EDGE('',*,*,#1615,.F.);
#2151 = ORIENTED_EDGE('',*,*,#2152,.F.);
#2152 = EDGE_CURVE('',#2153,#1608,#2155,.T.);
#2153 = VERTEX_POINT('',#2154);
#2154 = CARTESIAN_POINT('',(4.373220123038,-5.526748204702,0.));
#2155 = LINE('',#2156,#2157);
#2156 = CARTESIAN_POINT('',(4.373220123038,-5.526748204702,0.));
#2157 = VECTOR('',#2158,1.);
#2158 = DIRECTION('',(-0.620517819877,0.784192345802,0.));
#2159 = ORIENTED_EDGE('',*,*,#2160,.F.);
#2160 = EDGE_CURVE('',#2161,#2153,#2163,.T.);
#2161 = VERTEX_POINT('',#2162);
#2162 = CARTESIAN_POINT('',(4.477418396924,-5.715534562501,0.));
#2163 = LINE('',#2164,#2165);
#2164 = CARTESIAN_POINT('',(4.477418396924,-5.715534562501,0.));
#2165 = VECTOR('',#2166,1.);
#2166 = DIRECTION('',(-0.483220555277,0.875498655029,0.));
#2167 = ORIENTED_EDGE('',*,*,#2168,.F.);
#2168 = EDGE_CURVE('',#2169,#2161,#2171,.T.);
#2169 = VERTEX_POINT('',#2170);
#2170 = CARTESIAN_POINT('',(4.557021310887,-5.923118780744,0.));
#2171 = LINE('',#2172,#2173);
#2172 = CARTESIAN_POINT('',(4.557021310887,-5.923118780744,0.));
#2173 = VECTOR('',#2174,1.);
#2174 = DIRECTION('',(-0.358049595016,0.933702569081,0.));
#2175 = ORIENTED_EDGE('',*,*,#2176,.F.);
#2176 = EDGE_CURVE('',#2177,#2169,#2179,.T.);
#2177 = VERTEX_POINT('',#2178);
#2178 = CARTESIAN_POINT('',(4.618932328982,-6.143367932193,0.));
#2179 = LINE('',#2180,#2181);
#2180 = CARTESIAN_POINT('',(4.618932328982,-6.143367932193,0.));
#2181 = VECTOR('',#2182,1.);
#2182 = DIRECTION('',(-0.27060763096,0.96268972679,0.));
#2183 = ORIENTED_EDGE('',*,*,#2184,.F.);
#2184 = EDGE_CURVE('',#2185,#2177,#2187,.T.);
#2185 = VERTEX_POINT('',#2186);
#2186 = CARTESIAN_POINT('',(4.66517775456,-6.374002324174,0.));
#2187 = LINE('',#2188,#2189);
#2188 = CARTESIAN_POINT('',(4.66517775456,-6.374002324174,0.));
#2189 = VECTOR('',#2190,1.);
#2190 = DIRECTION('',(-0.196600700888,0.980483638013,0.));
#2191 = ORIENTED_EDGE('',*,*,#2192,.F.);
#2192 = EDGE_CURVE('',#2193,#2185,#2195,.T.);
#2193 = VERTEX_POINT('',#2194);
#2194 = CARTESIAN_POINT('',(4.696698868022,-6.613595857206,0.));
#2195 = LINE('',#2196,#2197);
#2196 = CARTESIAN_POINT('',(4.696698868022,-6.613595857206,0.));
#2197 = VECTOR('',#2198,1.);
#2198 = DIRECTION('',(-0.130436812516,0.991456624336,0.));
#2199 = ORIENTED_EDGE('',*,*,#2200,.F.);
#2200 = EDGE_CURVE('',#2201,#2193,#2203,.T.);
#2201 = VERTEX_POINT('',#2202);
#2202 = CARTESIAN_POINT('',(4.713978423964,-6.861081310968,0.));
#2203 = LINE('',#2204,#2205);
#2204 = CARTESIAN_POINT('',(4.713978423964,-6.861081310968,0.));
#2205 = VECTOR('',#2206,1.);
#2206 = DIRECTION('',(-6.96509268998E-02,0.997571425203,0.));
#2207 = ORIENTED_EDGE('',*,*,#2208,.F.);
#2208 = EDGE_CURVE('',#2209,#2201,#2211,.T.);
#2209 = VERTEX_POINT('',#2210);
#2210 = CARTESIAN_POINT('',(4.717261972257,-7.115576248577,0.));
#2211 = LINE('',#2212,#2213);
#2212 = CARTESIAN_POINT('',(4.717261972257,-7.115576248577,0.));
#2213 = VECTOR('',#2214,1.);
#2214 = DIRECTION('',(-1.290114080913E-02,0.99991677682,0.));
#2215 = ORIENTED_EDGE('',*,*,#2216,.F.);
#2216 = EDGE_CURVE('',#2217,#2209,#2219,.T.);
#2217 = VERTEX_POINT('',#2218);
#2218 = CARTESIAN_POINT('',(4.706659002928,-7.376304022351,0.));
#2219 = LINE('',#2220,#2221);
#2220 = CARTESIAN_POINT('',(4.706659002928,-7.376304022351,0.));
#2221 = VECTOR('',#2222,1.);
#2222 = DIRECTION('',(4.06332340113E-02,0.999174129116,0.));
#2223 = ORIENTED_EDGE('',*,*,#2224,.F.);
#2224 = EDGE_CURVE('',#2225,#2217,#2227,.T.);
#2225 = VERTEX_POINT('',#2226);
#2226 = CARTESIAN_POINT('',(4.034737167929,-7.764238274662,0.));
#2227 = LINE('',#2228,#2229);
#2228 = CARTESIAN_POINT('',(4.034737167929,-7.764238274662,0.));
#2229 = VECTOR('',#2230,1.);
#2230 = DIRECTION('',(0.866025403784,0.5,0.));
#2231 = ORIENTED_EDGE('',*,*,#2232,.F.);
#2232 = EDGE_CURVE('',#2233,#2225,#2235,.T.);
#2233 = VERTEX_POINT('',#2234);
#2234 = CARTESIAN_POINT('',(3.803638807704,-7.643056828569,0.));
#2235 = LINE('',#2236,#2237);
#2236 = CARTESIAN_POINT('',(3.803638807704,-7.643056828569,0.));
#2237 = VECTOR('',#2238,1.);
#2238 = DIRECTION('',(0.885626795624,-0.464397651666,0.));
#2239 = ORIENTED_EDGE('',*,*,#2240,.F.);
#2240 = EDGE_CURVE('',#2241,#2233,#2243,.T.);
#2241 = VERTEX_POINT('',#2242);
#2242 = CARTESIAN_POINT('',(3.584881500747,-7.512965723529,0.));
#2243 = LINE('',#2244,#2245);
#2244 = CARTESIAN_POINT('',(3.584881500747,-7.512965723529,0.));
#2245 = VECTOR('',#2246,1.);
#2246 = DIRECTION('',(0.859502759992,-0.511131104088,0.));
#2247 = ORIENTED_EDGE('',*,*,#2248,.F.);
#2248 = EDGE_CURVE('',#2249,#2241,#2251,.T.);
#2249 = VERTEX_POINT('',#2250);
#2250 = CARTESIAN_POINT('',(3.379192588693,-7.374258462235,0.));
#2251 = LINE('',#2252,#2253);
#2252 = CARTESIAN_POINT('',(3.379192588693,-7.374258462235,0.));
#2253 = VECTOR('',#2254,1.);
#2254 = DIRECTION('',(0.829096732866,-0.559105184694,0.));
#2255 = ORIENTED_EDGE('',*,*,#2256,.F.);
#2256 = EDGE_CURVE('',#2257,#2249,#2259,.T.);
#2257 = VERTEX_POINT('',#2258);
#2258 = CARTESIAN_POINT('',(3.187459059236,-7.227163610706,0.));
#2259 = LINE('',#2260,#2261);
#2260 = CARTESIAN_POINT('',(3.187459059236,-7.227163610706,0.));
#2261 = VECTOR('',#2262,1.);
#2262 = DIRECTION('',(0.793408217168,-0.608689905396,0.));
#2263 = ORIENTED_EDGE('',*,*,#2264,.F.);
#2264 = EDGE_CURVE('',#2265,#2257,#2267,.T.);
#2265 = VERTEX_POINT('',#2266);
#2266 = CARTESIAN_POINT('',(3.010846529583,-7.071796701356,0.));
#2267 = LINE('',#2268,#2269);
#2268 = CARTESIAN_POINT('',(3.010846529583,-7.071796701356,0.));
#2269 = VECTOR('',#2270,1.);
#2270 = DIRECTION('',(0.75082338807,-0.660503020377,0.));
#2271 = ORIENTED_EDGE('',*,*,#2272,.F.);
#2272 = EDGE_CURVE('',#2273,#2265,#2275,.T.);
#2273 = VERTEX_POINT('',#2274);
#2274 = CARTESIAN_POINT('',(2.851060678313,-6.908055611187,0.));
#2275 = LINE('',#2276,#2277);
#2276 = CARTESIAN_POINT('',(2.851060678313,-6.908055611187,0.));
#2277 = VECTOR('',#2278,1.);
#2278 = DIRECTION('',(0.698409943882,-0.715697946264,0.));
#2279 = ORIENTED_EDGE('',*,*,#2280,.F.);
#2280 = EDGE_CURVE('',#2281,#2273,#2283,.T.);
#2281 = VERTEX_POINT('',#2282);
#2282 = CARTESIAN_POINT('',(2.711088928872,-6.735325356359,0.));
#2283 = LINE('',#2284,#2285);
#2284 = CARTESIAN_POINT('',(2.711088928872,-6.735325356359,0.));
#2285 = VECTOR('',#2286,1.);
#2286 = DIRECTION('',(0.629585346895,-0.776931329639,0.));
#2287 = ORIENTED_EDGE('',*,*,#2288,.F.);
#2288 = EDGE_CURVE('',#2289,#2281,#2291,.T.);
#2289 = VERTEX_POINT('',#2290);
#2290 = CARTESIAN_POINT('',(2.599694284074,-6.550693825243,0.));
#2291 = LINE('',#2292,#2293);
#2292 = CARTESIAN_POINT('',(2.599694284074,-6.550693825243,0.));
#2293 = VECTOR('',#2294,1.);
#2294 = DIRECTION('',(0.516593798596,-0.856230604015,0.));
#2295 = ORIENTED_EDGE('',*,*,#2296,.F.);
#2296 = EDGE_CURVE('',#1582,#2289,#2297,.T.);
#2297 = LINE('',#2298,#2299);
#2298 = CARTESIAN_POINT('',(2.190175023939,-5.518789687469,0.));
#2299 = VECTOR('',#2300,1.);
#2300 = DIRECTION('',(0.368871582979,-0.929480368416,0.));
#2301 = ORIENTED_EDGE('',*,*,#1581,.F.);
#2302 = ORIENTED_EDGE('',*,*,#2303,.F.);
#2303 = EDGE_CURVE('',#2304,#1574,#2306,.T.);
#2304 = VERTEX_POINT('',#2305);
#2305 = CARTESIAN_POINT('',(1.023945620541,-6.972914407111,0.));
#2306 = LINE('',#2307,#2308);
#2307 = CARTESIAN_POINT('',(1.023945620541,-6.972914407111,0.));
#2308 = VECTOR('',#2309,1.);
#2309 = DIRECTION('',(-0.145288022614,0.989389402857,0.));
#2310 = ORIENTED_EDGE('',*,*,#2311,.F.);
#2311 = EDGE_CURVE('',#2312,#2304,#2314,.T.);
#2312 = VERTEX_POINT('',#2313);
#2313 = CARTESIAN_POINT('',(1.019790793858,-7.188507325796,0.));
#2314 = LINE('',#2315,#2316);
#2315 = CARTESIAN_POINT('',(1.019790793858,-7.188507325796,0.));
#2316 = VECTOR('',#2317,1.);
#2317 = DIRECTION('',(1.926805101411E-02,0.999814353873,0.));
#2318 = ORIENTED_EDGE('',*,*,#2319,.F.);
#2319 = EDGE_CURVE('',#2320,#2312,#2322,.T.);
#2320 = VERTEX_POINT('',#2321);
#2321 = CARTESIAN_POINT('',(0.984936830443,-7.408081989201,0.));
#2322 = LINE('',#2323,#2324);
#2323 = CARTESIAN_POINT('',(0.984936830443,-7.408081989201,0.));
#2324 = VECTOR('',#2325,1.);
#2325 = DIRECTION('',(0.156771239442,0.987634941911,0.));
#2326 = ORIENTED_EDGE('',*,*,#2327,.F.);
#2327 = EDGE_CURVE('',#2328,#2320,#2330,.T.);
#2328 = VERTEX_POINT('',#2329);
#2329 = CARTESIAN_POINT('',(0.928428769163,-7.629778858564,0.));
#2330 = LINE('',#2331,#2332);
#2331 = CARTESIAN_POINT('',(0.928428769163,-7.629778858564,0.));
#2332 = VECTOR('',#2333,1.);
#2333 = DIRECTION('',(0.246991780525,0.969017574842,0.));
#2334 = ORIENTED_EDGE('',*,*,#2335,.F.);
#2335 = EDGE_CURVE('',#2336,#2328,#2338,.T.);
#2336 = VERTEX_POINT('',#2337);
#2337 = CARTESIAN_POINT('',(0.853161286532,-7.852636813796,0.));
#2338 = LINE('',#2339,#2340);
#2339 = CARTESIAN_POINT('',(0.853161286532,-7.852636813796,0.));
#2340 = VECTOR('',#2341,1.);
#2341 = DIRECTION('',(0.319980617636,0.947424088958,0.));
#2342 = ORIENTED_EDGE('',*,*,#2343,.F.);
#2343 = EDGE_CURVE('',#2344,#2336,#2346,.T.);
#2344 = VERTEX_POINT('',#2345);
#2345 = CARTESIAN_POINT('',(0.760662605029,-8.075891456714,0.));
#2346 = LINE('',#2347,#2348);
#2347 = CARTESIAN_POINT('',(0.760662605029,-8.075891456714,0.));
#2348 = VECTOR('',#2349,1.);
#2349 = DIRECTION('',(0.38276671894,0.923845029684,0.));
#2350 = ORIENTED_EDGE('',*,*,#2351,.F.);
#2351 = EDGE_CURVE('',#2352,#2344,#2354,.T.);
#2352 = VERTEX_POINT('',#2353);
#2353 = CARTESIAN_POINT('',(0.651884412561,-8.298859924712,0.));
#2354 = LINE('',#2355,#2356);
#2355 = CARTESIAN_POINT('',(0.651884412561,-8.298859924712,0.));
#2356 = VECTOR('',#2357,1.);
#2357 = DIRECTION('',(0.438466240509,0.898747659765,0.));
#2358 = ORIENTED_EDGE('',*,*,#2359,.F.);
#2359 = EDGE_CURVE('',#2360,#2352,#2362,.T.);
#2360 = VERTEX_POINT('',#2361);
#2361 = CARTESIAN_POINT('',(0.527480579992,-8.520900779961,0.));
#2362 = LINE('',#2363,#2364);
#2363 = CARTESIAN_POINT('',(0.527480579992,-8.520900779961,0.));
#2364 = VECTOR('',#2365,1.);
#2365 = DIRECTION('',(0.488785672731,0.872403900801,0.));
#2366 = ORIENTED_EDGE('',*,*,#2367,.F.);
#2367 = EDGE_CURVE('',#2368,#2360,#2370,.T.);
#2368 = VERTEX_POINT('',#2369);
#2369 = CARTESIAN_POINT('',(0.387934252311,-8.741396170858,0.));
#2370 = LINE('',#2371,#2372);
#2371 = CARTESIAN_POINT('',(0.387934252311,-8.741396170858,0.));
#2372 = VECTOR('',#2373,1.);
#2373 = DIRECTION('',(0.534776477449,0.844993561613,0.));
#2374 = ORIENTED_EDGE('',*,*,#2375,.F.);
#2375 = EDGE_CURVE('',#2376,#2368,#2378,.T.);
#2376 = VERTEX_POINT('',#2377);
#2377 = CARTESIAN_POINT('',(-0.387934252311,-8.741396170858,0.));
#2378 = LINE('',#2379,#2380);
#2379 = CARTESIAN_POINT('',(-0.387934252311,-8.741396170858,0.));
#2380 = VECTOR('',#2381,1.);
#2381 = DIRECTION('',(1.,0.,0.));
#2382 = ORIENTED_EDGE('',*,*,#2383,.F.);
#2383 = EDGE_CURVE('',#2384,#2376,#2386,.T.);
#2384 = VERTEX_POINT('',#2385);
#2385 = CARTESIAN_POINT('',(-0.527480579992,-8.520900779961,0.));
#2386 = LINE('',#2387,#2388);
#2387 = CARTESIAN_POINT('',(-0.527480579992,-8.520900779961,0.));
#2388 = VECTOR('',#2389,1.);
#2389 = DIRECTION('',(0.534776477449,-0.844993561613,0.));
#2390 = ORIENTED_EDGE('',*,*,#2391,.F.);
#2391 = EDGE_CURVE('',#2392,#2384,#2394,.T.);
#2392 = VERTEX_POINT('',#2393);
#2393 = CARTESIAN_POINT('',(-0.651884412561,-8.298859924712,0.));
#2394 = LINE('',#2395,#2396);
#2395 = CARTESIAN_POINT('',(-0.651884412561,-8.298859924712,0.));
#2396 = VECTOR('',#2397,1.);
#2397 = DIRECTION('',(0.488785672731,-0.872403900801,0.));
#2398 = ORIENTED_EDGE('',*,*,#2399,.F.);
#2399 = EDGE_CURVE('',#2400,#2392,#2402,.T.);
#2400 = VERTEX_POINT('',#2401);
#2401 = CARTESIAN_POINT('',(-0.760662605029,-8.075891456714,0.));
#2402 = LINE('',#2403,#2404);
#2403 = CARTESIAN_POINT('',(-0.760662605029,-8.075891456714,0.));
#2404 = VECTOR('',#2405,1.);
#2405 = DIRECTION('',(0.438466240509,-0.898747659765,0.));
#2406 = ORIENTED_EDGE('',*,*,#2407,.F.);
#2407 = EDGE_CURVE('',#2408,#2400,#2410,.T.);
#2408 = VERTEX_POINT('',#2409);
#2409 = CARTESIAN_POINT('',(-0.853161286532,-7.852636813796,0.));
#2410 = LINE('',#2411,#2412);
#2411 = CARTESIAN_POINT('',(-0.853161286532,-7.852636813796,0.));
#2412 = VECTOR('',#2413,1.);
#2413 = DIRECTION('',(0.38276671894,-0.923845029684,0.));
#2414 = ORIENTED_EDGE('',*,*,#2415,.F.);
#2415 = EDGE_CURVE('',#2416,#2408,#2418,.T.);
#2416 = VERTEX_POINT('',#2417);
#2417 = CARTESIAN_POINT('',(-0.928428769163,-7.629778858564,0.));
#2418 = LINE('',#2419,#2420);
#2419 = CARTESIAN_POINT('',(-0.928428769163,-7.629778858564,0.));
#2420 = VECTOR('',#2421,1.);
#2421 = DIRECTION('',(0.319980617636,-0.947424088958,0.));
#2422 = ORIENTED_EDGE('',*,*,#2423,.F.);
#2423 = EDGE_CURVE('',#2424,#2416,#2426,.T.);
#2424 = VERTEX_POINT('',#2425);
#2425 = CARTESIAN_POINT('',(-0.984936830443,-7.408081989201,0.));
#2426 = LINE('',#2427,#2428);
#2427 = CARTESIAN_POINT('',(-0.984936830443,-7.408081989201,0.));
#2428 = VECTOR('',#2429,1.);
#2429 = DIRECTION('',(0.246991780525,-0.969017574842,0.));
#2430 = ORIENTED_EDGE('',*,*,#2431,.F.);
#2431 = EDGE_CURVE('',#2432,#2424,#2434,.T.);
#2432 = VERTEX_POINT('',#2433);
#2433 = CARTESIAN_POINT('',(-1.019790793858,-7.188507325796,0.));
#2434 = LINE('',#2435,#2436);
#2435 = CARTESIAN_POINT('',(-1.019790793858,-7.188507325796,0.));
#2436 = VECTOR('',#2437,1.);
#2437 = DIRECTION('',(0.156771239442,-0.987634941911,0.));
#2438 = ORIENTED_EDGE('',*,*,#2439,.F.);
#2439 = EDGE_CURVE('',#2440,#2432,#2442,.T.);
#2440 = VERTEX_POINT('',#2441);
#2441 = CARTESIAN_POINT('',(-1.023945620541,-6.972914407111,0.));
#2442 = LINE('',#2443,#2444);
#2443 = CARTESIAN_POINT('',(-1.023945620541,-6.972914407111,0.));
#2444 = VECTOR('',#2445,1.);
#2445 = DIRECTION('',(1.926805101411E-02,-0.999814353873,0.));
#2446 = ORIENTED_EDGE('',*,*,#2447,.F.);
#2447 = EDGE_CURVE('',#1548,#2440,#2448,.T.);
#2448 = LINE('',#2449,#2450);
#2449 = CARTESIAN_POINT('',(-0.862647634269,-5.874499579461,0.));
#2450 = VECTOR('',#2451,1.);
#2451 = DIRECTION('',(-0.145288022614,-0.989389402857,0.));
#2452 = ORIENTED_EDGE('',*,*,#1547,.F.);
#2453 = ORIENTED_EDGE('',*,*,#2454,.F.);
#2454 = EDGE_CURVE('',#2455,#1540,#2457,.T.);
#2455 = VERTEX_POINT('',#2456);
#2456 = CARTESIAN_POINT('',(-2.599694284074,-6.550693825243,0.));
#2457 = LINE('',#2458,#2459);
#2458 = CARTESIAN_POINT('',(-2.599694284074,-6.550693825243,0.));
#2459 = VECTOR('',#2460,1.);
#2460 = DIRECTION('',(0.368871582979,0.929480368416,0.));
#2461 = ORIENTED_EDGE('',*,*,#2462,.F.);
#2462 = EDGE_CURVE('',#2463,#2455,#2465,.T.);
#2463 = VERTEX_POINT('',#2464);
#2464 = CARTESIAN_POINT('',(-2.711088928872,-6.735325356359,0.));
#2465 = LINE('',#2466,#2467);
#2466 = CARTESIAN_POINT('',(-2.711088928872,-6.735325356359,0.));
#2467 = VECTOR('',#2468,1.);
#2468 = DIRECTION('',(0.516593798596,0.856230604015,0.));
#2469 = ORIENTED_EDGE('',*,*,#2470,.F.);
#2470 = EDGE_CURVE('',#2471,#2463,#2473,.T.);
#2471 = VERTEX_POINT('',#2472);
#2472 = CARTESIAN_POINT('',(-2.851060678313,-6.908055611187,0.));
#2473 = LINE('',#2474,#2475);
#2474 = CARTESIAN_POINT('',(-2.851060678313,-6.908055611187,0.));
#2475 = VECTOR('',#2476,1.);
#2476 = DIRECTION('',(0.629585346895,0.776931329639,0.));
#2477 = ORIENTED_EDGE('',*,*,#2478,.F.);
#2478 = EDGE_CURVE('',#2479,#2471,#2481,.T.);
#2479 = VERTEX_POINT('',#2480);
#2480 = CARTESIAN_POINT('',(-3.010846529583,-7.071796701356,0.));
#2481 = LINE('',#2482,#2483);
#2482 = CARTESIAN_POINT('',(-3.010846529583,-7.071796701356,0.));
#2483 = VECTOR('',#2484,1.);
#2484 = DIRECTION('',(0.698409943882,0.715697946264,0.));
#2485 = ORIENTED_EDGE('',*,*,#2486,.F.);
#2486 = EDGE_CURVE('',#2487,#2479,#2489,.T.);
#2487 = VERTEX_POINT('',#2488);
#2488 = CARTESIAN_POINT('',(-3.187459059236,-7.227163610706,0.));
#2489 = LINE('',#2490,#2491);
#2490 = CARTESIAN_POINT('',(-3.187459059236,-7.227163610706,0.));
#2491 = VECTOR('',#2492,1.);
#2492 = DIRECTION('',(0.75082338807,0.660503020377,0.));
#2493 = ORIENTED_EDGE('',*,*,#2494,.F.);
#2494 = EDGE_CURVE('',#2495,#2487,#2497,.T.);
#2495 = VERTEX_POINT('',#2496);
#2496 = CARTESIAN_POINT('',(-3.379192588693,-7.374258462235,0.));
#2497 = LINE('',#2498,#2499);
#2498 = CARTESIAN_POINT('',(-3.379192588693,-7.374258462235,0.));
#2499 = VECTOR('',#2500,1.);
#2500 = DIRECTION('',(0.793408217168,0.608689905396,0.));
#2501 = ORIENTED_EDGE('',*,*,#2502,.F.);
#2502 = EDGE_CURVE('',#2503,#2495,#2505,.T.);
#2503 = VERTEX_POINT('',#2504);
#2504 = CARTESIAN_POINT('',(-3.584881500747,-7.512965723529,0.));
#2505 = LINE('',#2506,#2507);
#2506 = CARTESIAN_POINT('',(-3.584881500747,-7.512965723529,0.));
#2507 = VECTOR('',#2508,1.);
#2508 = DIRECTION('',(0.829096732866,0.559105184694,0.));
#2509 = ORIENTED_EDGE('',*,*,#2510,.F.);
#2510 = EDGE_CURVE('',#2511,#2503,#2513,.T.);
#2511 = VERTEX_POINT('',#2512);
#2512 = CARTESIAN_POINT('',(-3.803638807704,-7.643056828569,0.));
#2513 = LINE('',#2514,#2515);
#2514 = CARTESIAN_POINT('',(-3.803638807704,-7.643056828569,0.));
#2515 = VECTOR('',#2516,1.);
#2516 = DIRECTION('',(0.859502759992,0.511131104088,0.));
#2517 = ORIENTED_EDGE('',*,*,#2518,.F.);
#2518 = EDGE_CURVE('',#2519,#2511,#2521,.T.);
#2519 = VERTEX_POINT('',#2520);
#2520 = CARTESIAN_POINT('',(-4.034737167929,-7.764238274662,0.));
#2521 = LINE('',#2522,#2523);
#2522 = CARTESIAN_POINT('',(-4.034737167929,-7.764238274662,0.));
#2523 = VECTOR('',#2524,1.);
#2524 = DIRECTION('',(0.885626795624,0.464397651666,0.));
#2525 = ORIENTED_EDGE('',*,*,#2526,.F.);
#2526 = EDGE_CURVE('',#2527,#2519,#2529,.T.);
#2527 = VERTEX_POINT('',#2528);
#2528 = CARTESIAN_POINT('',(-4.706659002928,-7.376304022351,0.));
#2529 = LINE('',#2530,#2531);
#2530 = CARTESIAN_POINT('',(-4.706659002928,-7.376304022351,0.));
#2531 = VECTOR('',#2532,1.);
#2532 = DIRECTION('',(0.866025403784,-0.5,0.));
#2533 = ORIENTED_EDGE('',*,*,#2534,.F.);
#2534 = EDGE_CURVE('',#2535,#2527,#2537,.T.);
#2535 = VERTEX_POINT('',#2536);
#2536 = CARTESIAN_POINT('',(-4.717261972257,-7.115576248577,0.));
#2537 = LINE('',#2538,#2539);
#2538 = CARTESIAN_POINT('',(-4.717261972257,-7.115576248577,0.));
#2539 = VECTOR('',#2540,1.);
#2540 = DIRECTION('',(4.06332340113E-02,-0.999174129116,0.));
#2541 = ORIENTED_EDGE('',*,*,#2542,.F.);
#2542 = EDGE_CURVE('',#2543,#2535,#2545,.T.);
#2543 = VERTEX_POINT('',#2544);
#2544 = CARTESIAN_POINT('',(-4.713978423964,-6.861081310968,0.));
#2545 = LINE('',#2546,#2547);
#2546 = CARTESIAN_POINT('',(-4.713978423964,-6.861081310968,0.));
#2547 = VECTOR('',#2548,1.);
#2548 = DIRECTION('',(-1.290114080914E-02,-0.99991677682,0.));
#2549 = ORIENTED_EDGE('',*,*,#2550,.F.);
#2550 = EDGE_CURVE('',#2551,#2543,#2553,.T.);
#2551 = VERTEX_POINT('',#2552);
#2552 = CARTESIAN_POINT('',(-4.696698868022,-6.613595857206,0.));
#2553 = LINE('',#2554,#2555);
#2554 = CARTESIAN_POINT('',(-4.696698868022,-6.613595857206,0.));
#2555 = VECTOR('',#2556,1.);
#2556 = DIRECTION('',(-6.96509268998E-02,-0.997571425203,0.));
#2557 = ORIENTED_EDGE('',*,*,#2558,.F.);
#2558 = EDGE_CURVE('',#2559,#2551,#2561,.T.);
#2559 = VERTEX_POINT('',#2560);
#2560 = CARTESIAN_POINT('',(-4.66517775456,-6.374002324174,0.));
#2561 = LINE('',#2562,#2563);
#2562 = CARTESIAN_POINT('',(-4.66517775456,-6.374002324174,0.));
#2563 = VECTOR('',#2564,1.);
#2564 = DIRECTION('',(-0.130436812516,-0.991456624336,0.));
#2565 = ORIENTED_EDGE('',*,*,#2566,.F.);
#2566 = EDGE_CURVE('',#2567,#2559,#2569,.T.);
#2567 = VERTEX_POINT('',#2568);
#2568 = CARTESIAN_POINT('',(-4.618932328982,-6.143367932193,0.));
#2569 = LINE('',#2570,#2571);
#2570 = CARTESIAN_POINT('',(-4.618932328982,-6.143367932193,0.));
#2571 = VECTOR('',#2572,1.);
#2572 = DIRECTION('',(-0.196600700888,-0.980483638013,0.));
#2573 = ORIENTED_EDGE('',*,*,#2574,.F.);
#2574 = EDGE_CURVE('',#2575,#2567,#2577,.T.);
#2575 = VERTEX_POINT('',#2576);
#2576 = CARTESIAN_POINT('',(-4.557021310887,-5.923118780744,0.));
#2577 = LINE('',#2578,#2579);
#2578 = CARTESIAN_POINT('',(-4.557021310887,-5.923118780744,0.));
#2579 = VECTOR('',#2580,1.);
#2580 = DIRECTION('',(-0.27060763096,-0.96268972679,0.));
#2581 = ORIENTED_EDGE('',*,*,#2582,.F.);
#2582 = EDGE_CURVE('',#2583,#2575,#2585,.T.);
#2583 = VERTEX_POINT('',#2584);
#2584 = CARTESIAN_POINT('',(-4.477418396924,-5.715534562501,0.));
#2585 = LINE('',#2586,#2587);
#2586 = CARTESIAN_POINT('',(-4.477418396924,-5.715534562501,0.));
#2587 = VECTOR('',#2588,1.);
#2588 = DIRECTION('',(-0.358049595016,-0.933702569081,0.));
#2589 = ORIENTED_EDGE('',*,*,#2590,.F.);
#2590 = EDGE_CURVE('',#2591,#2583,#2593,.T.);
#2591 = VERTEX_POINT('',#2592);
#2592 = CARTESIAN_POINT('',(-4.373220123038,-5.526748204702,0.));
#2593 = LINE('',#2594,#2595);
#2594 = CARTESIAN_POINT('',(-4.373220123038,-5.526748204702,0.));
#2595 = VECTOR('',#2596,1.);
#2596 = DIRECTION('',(-0.483220555277,-0.875498655029,0.));
#2597 = ORIENTED_EDGE('',*,*,#2598,.F.);
#2598 = EDGE_CURVE('',#1514,#2591,#2599,.T.);
#2599 = LINE('',#2600,#2601);
#2600 = CARTESIAN_POINT('',(-3.684324555522,-4.6561420532,0.));
#2601 = VECTOR('',#2602,1.);
#2602 = DIRECTION('',(-0.620517819877,-0.784192345802,0.));
#2603 = ORIENTED_EDGE('',*,*,#1513,.F.);
#2604 = ORIENTED_EDGE('',*,*,#2605,.F.);
#2605 = EDGE_CURVE('',#2606,#1506,#2608,.T.);
#2606 = VERTEX_POINT('',#2607);
#2607 = CARTESIAN_POINT('',(-5.526748204702,-4.373220123038,0.));
#2608 = LINE('',#2609,#2610);
#2609 = CARTESIAN_POINT('',(-5.526748204702,-4.373220123038,0.));
#2610 = VECTOR('',#2611,1.);
#2611 = DIRECTION('',(0.784192345802,0.620517819877,0.));
#2612 = ORIENTED_EDGE('',*,*,#2613,.F.);
#2613 = EDGE_CURVE('',#2614,#2606,#2616,.T.);
#2614 = VERTEX_POINT('',#2615);
#2615 = CARTESIAN_POINT('',(-5.715534562501,-4.477418396924,0.));
#2616 = LINE('',#2617,#2618);
#2617 = CARTESIAN_POINT('',(-5.715534562501,-4.477418396924,0.));
#2618 = VECTOR('',#2619,1.);
#2619 = DIRECTION('',(0.875498655029,0.483220555277,0.));
#2620 = ORIENTED_EDGE('',*,*,#2621,.F.);
#2621 = EDGE_CURVE('',#2622,#2614,#2624,.T.);
#2622 = VERTEX_POINT('',#2623);
#2623 = CARTESIAN_POINT('',(-5.923118780744,-4.557021310887,0.));
#2624 = LINE('',#2625,#2626);
#2625 = CARTESIAN_POINT('',(-5.923118780744,-4.557021310887,0.));
#2626 = VECTOR('',#2627,1.);
#2627 = DIRECTION('',(0.933702569081,0.358049595016,0.));
#2628 = ORIENTED_EDGE('',*,*,#2629,.F.);
#2629 = EDGE_CURVE('',#2630,#2622,#2632,.T.);
#2630 = VERTEX_POINT('',#2631);
#2631 = CARTESIAN_POINT('',(-6.143367932193,-4.618932328982,0.));
#2632 = LINE('',#2633,#2634);
#2633 = CARTESIAN_POINT('',(-6.143367932193,-4.618932328982,0.));
#2634 = VECTOR('',#2635,1.);
#2635 = DIRECTION('',(0.96268972679,0.27060763096,0.));
#2636 = ORIENTED_EDGE('',*,*,#2637,.F.);
#2637 = EDGE_CURVE('',#2638,#2630,#2640,.T.);
#2638 = VERTEX_POINT('',#2639);
#2639 = CARTESIAN_POINT('',(-6.374002324174,-4.66517775456,0.));
#2640 = LINE('',#2641,#2642);
#2641 = CARTESIAN_POINT('',(-6.374002324174,-4.66517775456,0.));
#2642 = VECTOR('',#2643,1.);
#2643 = DIRECTION('',(0.980483638013,0.196600700888,0.));
#2644 = ORIENTED_EDGE('',*,*,#2645,.F.);
#2645 = EDGE_CURVE('',#2646,#2638,#2648,.T.);
#2646 = VERTEX_POINT('',#2647);
#2647 = CARTESIAN_POINT('',(-6.613595857206,-4.696698868022,0.));
#2648 = LINE('',#2649,#2650);
#2649 = CARTESIAN_POINT('',(-6.613595857206,-4.696698868022,0.));
#2650 = VECTOR('',#2651,1.);
#2651 = DIRECTION('',(0.991456624336,0.130436812516,0.));
#2652 = ORIENTED_EDGE('',*,*,#2653,.F.);
#2653 = EDGE_CURVE('',#2654,#2646,#2656,.T.);
#2654 = VERTEX_POINT('',#2655);
#2655 = CARTESIAN_POINT('',(-6.861081310968,-4.713978423964,0.));
#2656 = LINE('',#2657,#2658);
#2657 = CARTESIAN_POINT('',(-6.861081310968,-4.713978423964,0.));
#2658 = VECTOR('',#2659,1.);
#2659 = DIRECTION('',(0.997571425203,6.965092689979E-02,0.));
#2660 = ORIENTED_EDGE('',*,*,#2661,.F.);
#2661 = EDGE_CURVE('',#2662,#2654,#2664,.T.);
#2662 = VERTEX_POINT('',#2663);
#2663 = CARTESIAN_POINT('',(-7.115576248577,-4.717261972257,0.));
#2664 = LINE('',#2665,#2666);
#2665 = CARTESIAN_POINT('',(-7.115576248577,-4.717261972257,0.));
#2666 = VECTOR('',#2667,1.);
#2667 = DIRECTION('',(0.99991677682,1.290114080913E-02,0.));
#2668 = ORIENTED_EDGE('',*,*,#2669,.F.);
#2669 = EDGE_CURVE('',#2670,#2662,#2672,.T.);
#2670 = VERTEX_POINT('',#2671);
#2671 = CARTESIAN_POINT('',(-7.376304022351,-4.706659002928,0.));
#2672 = LINE('',#2673,#2674);
#2673 = CARTESIAN_POINT('',(-7.376304022351,-4.706659002928,0.));
#2674 = VECTOR('',#2675,1.);
#2675 = DIRECTION('',(0.999174129116,-4.06332340113E-02,0.));
#2676 = ORIENTED_EDGE('',*,*,#2677,.F.);
#2677 = EDGE_CURVE('',#2678,#2670,#2680,.T.);
#2678 = VERTEX_POINT('',#2679);
#2679 = CARTESIAN_POINT('',(-7.764238274662,-4.034737167929,0.));
#2680 = LINE('',#2681,#2682);
#2681 = CARTESIAN_POINT('',(-7.764238274662,-4.034737167929,0.));
#2682 = VECTOR('',#2683,1.);
#2683 = DIRECTION('',(0.5,-0.866025403784,0.));
#2684 = ORIENTED_EDGE('',*,*,#2685,.F.);
#2685 = EDGE_CURVE('',#2686,#2678,#2688,.T.);
#2686 = VERTEX_POINT('',#2687);
#2687 = CARTESIAN_POINT('',(-7.643056828569,-3.803638807704,0.));
#2688 = LINE('',#2689,#2690);
#2689 = CARTESIAN_POINT('',(-7.643056828569,-3.803638807704,0.));
#2690 = VECTOR('',#2691,1.);
#2691 = DIRECTION('',(-0.464397651666,-0.885626795624,0.));
#2692 = ORIENTED_EDGE('',*,*,#2693,.F.);
#2693 = EDGE_CURVE('',#2694,#2686,#2696,.T.);
#2694 = VERTEX_POINT('',#2695);
#2695 = CARTESIAN_POINT('',(-7.512965723529,-3.584881500747,0.));
#2696 = LINE('',#2697,#2698);
#2697 = CARTESIAN_POINT('',(-7.512965723529,-3.584881500747,0.));
#2698 = VECTOR('',#2699,1.);
#2699 = DIRECTION('',(-0.511131104088,-0.859502759992,0.));
#2700 = ORIENTED_EDGE('',*,*,#2701,.F.);
#2701 = EDGE_CURVE('',#2702,#2694,#2704,.T.);
#2702 = VERTEX_POINT('',#2703);
#2703 = CARTESIAN_POINT('',(-7.374258462235,-3.379192588693,0.));
#2704 = LINE('',#2705,#2706);
#2705 = CARTESIAN_POINT('',(-7.374258462235,-3.379192588693,0.));
#2706 = VECTOR('',#2707,1.);
#2707 = DIRECTION('',(-0.559105184694,-0.829096732866,0.));
#2708 = ORIENTED_EDGE('',*,*,#2709,.F.);
#2709 = EDGE_CURVE('',#2710,#2702,#2712,.T.);
#2710 = VERTEX_POINT('',#2711);
#2711 = CARTESIAN_POINT('',(-7.227163610706,-3.187459059236,0.));
#2712 = LINE('',#2713,#2714);
#2713 = CARTESIAN_POINT('',(-7.227163610706,-3.187459059236,0.));
#2714 = VECTOR('',#2715,1.);
#2715 = DIRECTION('',(-0.608689905396,-0.793408217167,0.));
#2716 = ORIENTED_EDGE('',*,*,#2717,.F.);
#2717 = EDGE_CURVE('',#2718,#2710,#2720,.T.);
#2718 = VERTEX_POINT('',#2719);
#2719 = CARTESIAN_POINT('',(-7.071796701356,-3.010846529583,0.));
#2720 = LINE('',#2721,#2722);
#2721 = CARTESIAN_POINT('',(-7.071796701356,-3.010846529583,0.));
#2722 = VECTOR('',#2723,1.);
#2723 = DIRECTION('',(-0.660503020377,-0.75082338807,0.));
#2724 = ORIENTED_EDGE('',*,*,#2725,.F.);
#2725 = EDGE_CURVE('',#2726,#2718,#2728,.T.);
#2726 = VERTEX_POINT('',#2727);
#2727 = CARTESIAN_POINT('',(-6.908055611187,-2.851060678313,0.));
#2728 = LINE('',#2729,#2730);
#2729 = CARTESIAN_POINT('',(-6.908055611187,-2.851060678313,0.));
#2730 = VECTOR('',#2731,1.);
#2731 = DIRECTION('',(-0.715697946264,-0.698409943882,0.));
#2732 = ORIENTED_EDGE('',*,*,#2733,.F.);
#2733 = EDGE_CURVE('',#2734,#2726,#2736,.T.);
#2734 = VERTEX_POINT('',#2735);
#2735 = CARTESIAN_POINT('',(-6.735325356359,-2.711088928872,0.));
#2736 = LINE('',#2737,#2738);
#2737 = CARTESIAN_POINT('',(-6.735325356359,-2.711088928872,0.));
#2738 = VECTOR('',#2739,1.);
#2739 = DIRECTION('',(-0.776931329639,-0.629585346895,0.));
#2740 = ORIENTED_EDGE('',*,*,#2741,.F.);
#2741 = EDGE_CURVE('',#2742,#2734,#2744,.T.);
#2742 = VERTEX_POINT('',#2743);
#2743 = CARTESIAN_POINT('',(-6.550693825243,-2.599694284074,0.));
#2744 = LINE('',#2745,#2746);
#2745 = CARTESIAN_POINT('',(-6.550693825243,-2.599694284074,0.));
#2746 = VECTOR('',#2747,1.);
#2747 = DIRECTION('',(-0.856230604015,-0.516593798596,0.));
#2748 = ORIENTED_EDGE('',*,*,#2749,.F.);
#2749 = EDGE_CURVE('',#1480,#2742,#2750,.T.);
#2750 = LINE('',#2751,#2752);
#2751 = CARTESIAN_POINT('',(-5.518789687469,-2.190175023939,0.));
#2752 = VECTOR('',#2753,1.);
#2753 = DIRECTION('',(-0.929480368416,-0.368871582979,0.));
#2754 = ORIENTED_EDGE('',*,*,#1479,.F.);
#2755 = ORIENTED_EDGE('',*,*,#2756,.F.);
#2756 = EDGE_CURVE('',#2757,#1472,#2759,.T.);
#2757 = VERTEX_POINT('',#2758);
#2758 = CARTESIAN_POINT('',(-6.972914407111,-1.023945620541,0.));
#2759 = LINE('',#2760,#2761);
#2760 = CARTESIAN_POINT('',(-6.972914407111,-1.023945620541,0.));
#2761 = VECTOR('',#2762,1.);
#2762 = DIRECTION('',(0.989389402857,0.145288022614,0.));
#2763 = ORIENTED_EDGE('',*,*,#2764,.F.);
#2764 = EDGE_CURVE('',#2765,#2757,#2767,.T.);
#2765 = VERTEX_POINT('',#2766);
#2766 = CARTESIAN_POINT('',(-7.188507325796,-1.019790793858,0.));
#2767 = LINE('',#2768,#2769);
#2768 = CARTESIAN_POINT('',(-7.188507325796,-1.019790793858,0.));
#2769 = VECTOR('',#2770,1.);
#2770 = DIRECTION('',(0.999814353873,-1.92680510141E-02,0.));
#2771 = ORIENTED_EDGE('',*,*,#2772,.F.);
#2772 = EDGE_CURVE('',#2773,#2765,#2775,.T.);
#2773 = VERTEX_POINT('',#2774);
#2774 = CARTESIAN_POINT('',(-7.408081989201,-0.984936830443,0.));
#2775 = LINE('',#2776,#2777);
#2776 = CARTESIAN_POINT('',(-7.408081989201,-0.984936830443,0.));
#2777 = VECTOR('',#2778,1.);
#2778 = DIRECTION('',(0.987634941911,-0.156771239442,0.));
#2779 = ORIENTED_EDGE('',*,*,#2780,.F.);
#2780 = EDGE_CURVE('',#2781,#2773,#2783,.T.);
#2781 = VERTEX_POINT('',#2782);
#2782 = CARTESIAN_POINT('',(-7.629778858564,-0.928428769163,0.));
#2783 = LINE('',#2784,#2785);
#2784 = CARTESIAN_POINT('',(-7.629778858564,-0.928428769163,0.));
#2785 = VECTOR('',#2786,1.);
#2786 = DIRECTION('',(0.969017574842,-0.246991780525,0.));
#2787 = ORIENTED_EDGE('',*,*,#2788,.F.);
#2788 = EDGE_CURVE('',#2789,#2781,#2791,.T.);
#2789 = VERTEX_POINT('',#2790);
#2790 = CARTESIAN_POINT('',(-7.852636813796,-0.853161286532,0.));
#2791 = LINE('',#2792,#2793);
#2792 = CARTESIAN_POINT('',(-7.852636813796,-0.853161286532,0.));
#2793 = VECTOR('',#2794,1.);
#2794 = DIRECTION('',(0.947424088958,-0.319980617636,0.));
#2795 = ORIENTED_EDGE('',*,*,#2796,.F.);
#2796 = EDGE_CURVE('',#2797,#2789,#2799,.T.);
#2797 = VERTEX_POINT('',#2798);
#2798 = CARTESIAN_POINT('',(-8.075891456714,-0.760662605029,0.));
#2799 = LINE('',#2800,#2801);
#2800 = CARTESIAN_POINT('',(-8.075891456714,-0.760662605029,0.));
#2801 = VECTOR('',#2802,1.);
#2802 = DIRECTION('',(0.923845029684,-0.38276671894,0.));
#2803 = ORIENTED_EDGE('',*,*,#2804,.F.);
#2804 = EDGE_CURVE('',#2805,#2797,#2807,.T.);
#2805 = VERTEX_POINT('',#2806);
#2806 = CARTESIAN_POINT('',(-8.298859924712,-0.651884412561,0.));
#2807 = LINE('',#2808,#2809);
#2808 = CARTESIAN_POINT('',(-8.298859924712,-0.651884412561,0.));
#2809 = VECTOR('',#2810,1.);
#2810 = DIRECTION('',(0.898747659765,-0.438466240509,0.));
#2811 = ORIENTED_EDGE('',*,*,#2812,.F.);
#2812 = EDGE_CURVE('',#2813,#2805,#2815,.T.);
#2813 = VERTEX_POINT('',#2814);
#2814 = CARTESIAN_POINT('',(-8.520900779961,-0.527480579992,0.));
#2815 = LINE('',#2816,#2817);
#2816 = CARTESIAN_POINT('',(-8.520900779961,-0.527480579992,0.));
#2817 = VECTOR('',#2818,1.);
#2818 = DIRECTION('',(0.872403900801,-0.488785672731,0.));
#2819 = ORIENTED_EDGE('',*,*,#2820,.F.);
#2820 = EDGE_CURVE('',#2821,#2813,#2823,.T.);
#2821 = VERTEX_POINT('',#2822);
#2822 = CARTESIAN_POINT('',(-8.741396170858,-0.387934252311,0.));
#2823 = LINE('',#2824,#2825);
#2824 = CARTESIAN_POINT('',(-8.741396170858,-0.387934252311,0.));
#2825 = VECTOR('',#2826,1.);
#2826 = DIRECTION('',(0.844993561613,-0.534776477449,0.));
#2827 = ORIENTED_EDGE('',*,*,#2828,.F.);
#2828 = EDGE_CURVE('',#2829,#2821,#2831,.T.);
#2829 = VERTEX_POINT('',#2830);
#2830 = CARTESIAN_POINT('',(-8.741396170858,0.387934252311,0.));
#2831 = LINE('',#2832,#2833);
#2832 = CARTESIAN_POINT('',(-8.741396170858,0.387934252311,0.));
#2833 = VECTOR('',#2834,1.);
#2834 = DIRECTION('',(0.,-1.,0.));
#2835 = ORIENTED_EDGE('',*,*,#2836,.F.);
#2836 = EDGE_CURVE('',#2837,#2829,#2839,.T.);
#2837 = VERTEX_POINT('',#2838);
#2838 = CARTESIAN_POINT('',(-8.520900779961,0.527480579992,0.));
#2839 = LINE('',#2840,#2841);
#2840 = CARTESIAN_POINT('',(-8.520900779961,0.527480579992,0.));
#2841 = VECTOR('',#2842,1.);
#2842 = DIRECTION('',(-0.844993561613,-0.534776477449,0.));
#2843 = ORIENTED_EDGE('',*,*,#2844,.F.);
#2844 = EDGE_CURVE('',#2845,#2837,#2847,.T.);
#2845 = VERTEX_POINT('',#2846);
#2846 = CARTESIAN_POINT('',(-8.298859924712,0.651884412561,0.));
#2847 = LINE('',#2848,#2849);
#2848 = CARTESIAN_POINT('',(-8.298859924712,0.651884412561,0.));
#2849 = VECTOR('',#2850,1.);
#2850 = DIRECTION('',(-0.872403900801,-0.488785672731,0.));
#2851 = ORIENTED_EDGE('',*,*,#2852,.F.);
#2852 = EDGE_CURVE('',#2853,#2845,#2855,.T.);
#2853 = VERTEX_POINT('',#2854);
#2854 = CARTESIAN_POINT('',(-8.075891456714,0.760662605029,0.));
#2855 = LINE('',#2856,#2857);
#2856 = CARTESIAN_POINT('',(-8.075891456714,0.760662605029,0.));
#2857 = VECTOR('',#2858,1.);
#2858 = DIRECTION('',(-0.898747659765,-0.438466240509,0.));
#2859 = ORIENTED_EDGE('',*,*,#2860,.F.);
#2860 = EDGE_CURVE('',#2861,#2853,#2863,.T.);
#2861 = VERTEX_POINT('',#2862);
#2862 = CARTESIAN_POINT('',(-7.852636813796,0.853161286532,0.));
#2863 = LINE('',#2864,#2865);
#2864 = CARTESIAN_POINT('',(-7.852636813796,0.853161286532,0.));
#2865 = VECTOR('',#2866,1.);
#2866 = DIRECTION('',(-0.923845029684,-0.38276671894,0.));
#2867 = ORIENTED_EDGE('',*,*,#2868,.F.);
#2868 = EDGE_CURVE('',#2869,#2861,#2871,.T.);
#2869 = VERTEX_POINT('',#2870);
#2870 = CARTESIAN_POINT('',(-7.629778858564,0.928428769163,0.));
#2871 = LINE('',#2872,#2873);
#2872 = CARTESIAN_POINT('',(-7.629778858564,0.928428769163,0.));
#2873 = VECTOR('',#2874,1.);
#2874 = DIRECTION('',(-0.947424088958,-0.319980617636,0.));
#2875 = ORIENTED_EDGE('',*,*,#2876,.F.);
#2876 = EDGE_CURVE('',#2877,#2869,#2879,.T.);
#2877 = VERTEX_POINT('',#2878);
#2878 = CARTESIAN_POINT('',(-7.408081989201,0.984936830443,0.));
#2879 = LINE('',#2880,#2881);
#2880 = CARTESIAN_POINT('',(-7.408081989201,0.984936830443,0.));
#2881 = VECTOR('',#2882,1.);
#2882 = DIRECTION('',(-0.969017574842,-0.246991780525,0.));
#2883 = ORIENTED_EDGE('',*,*,#2884,.F.);
#2884 = EDGE_CURVE('',#2885,#2877,#2887,.T.);
#2885 = VERTEX_POINT('',#2886);
#2886 = CARTESIAN_POINT('',(-7.188507325796,1.019790793858,0.));
#2887 = LINE('',#2888,#2889);
#2888 = CARTESIAN_POINT('',(-7.188507325796,1.019790793858,0.));
#2889 = VECTOR('',#2890,1.);
#2890 = DIRECTION('',(-0.987634941911,-0.156771239442,0.));
#2891 = ORIENTED_EDGE('',*,*,#2892,.F.);
#2892 = EDGE_CURVE('',#2893,#2885,#2895,.T.);
#2893 = VERTEX_POINT('',#2894);
#2894 = CARTESIAN_POINT('',(-6.972914407111,1.023945620541,0.));
#2895 = LINE('',#2896,#2897);
#2896 = CARTESIAN_POINT('',(-6.972914407111,1.023945620541,0.));
#2897 = VECTOR('',#2898,1.);
#2898 = DIRECTION('',(-0.999814353873,-1.92680510141E-02,0.));
#2899 = ORIENTED_EDGE('',*,*,#2900,.F.);
#2900 = EDGE_CURVE('',#1446,#2893,#2901,.T.);
#2901 = LINE('',#2902,#2903);
#2902 = CARTESIAN_POINT('',(-5.874499579461,0.862647634269,0.));
#2903 = VECTOR('',#2904,1.);
#2904 = DIRECTION('',(-0.989389402857,0.145288022614,0.));
#2905 = ORIENTED_EDGE('',*,*,#1445,.F.);
#2906 = ORIENTED_EDGE('',*,*,#2907,.F.);
#2907 = EDGE_CURVE('',#2908,#1438,#2910,.T.);
#2908 = VERTEX_POINT('',#2909);
#2909 = CARTESIAN_POINT('',(-6.550693825243,2.599694284074,0.));
#2910 = LINE('',#2911,#2912);
#2911 = CARTESIAN_POINT('',(-6.550693825243,2.599694284074,0.));
#2912 = VECTOR('',#2913,1.);
#2913 = DIRECTION('',(0.929480368416,-0.368871582979,0.));
#2914 = ORIENTED_EDGE('',*,*,#2915,.F.);
#2915 = EDGE_CURVE('',#2916,#2908,#2918,.T.);
#2916 = VERTEX_POINT('',#2917);
#2917 = CARTESIAN_POINT('',(-6.735325356359,2.711088928872,0.));
#2918 = LINE('',#2919,#2920);
#2919 = CARTESIAN_POINT('',(-6.735325356359,2.711088928872,0.));
#2920 = VECTOR('',#2921,1.);
#2921 = DIRECTION('',(0.856230604015,-0.516593798596,0.));
#2922 = ORIENTED_EDGE('',*,*,#2923,.F.);
#2923 = EDGE_CURVE('',#2924,#2916,#2926,.T.);
#2924 = VERTEX_POINT('',#2925);
#2925 = CARTESIAN_POINT('',(-6.908055611187,2.851060678313,0.));
#2926 = LINE('',#2927,#2928);
#2927 = CARTESIAN_POINT('',(-6.908055611187,2.851060678313,0.));
#2928 = VECTOR('',#2929,1.);
#2929 = DIRECTION('',(0.776931329639,-0.629585346895,0.));
#2930 = ORIENTED_EDGE('',*,*,#2931,.F.);
#2931 = EDGE_CURVE('',#2932,#2924,#2934,.T.);
#2932 = VERTEX_POINT('',#2933);
#2933 = CARTESIAN_POINT('',(-7.071796701356,3.010846529583,0.));
#2934 = LINE('',#2935,#2936);
#2935 = CARTESIAN_POINT('',(-7.071796701356,3.010846529583,0.));
#2936 = VECTOR('',#2937,1.);
#2937 = DIRECTION('',(0.715697946264,-0.698409943882,0.));
#2938 = ORIENTED_EDGE('',*,*,#2939,.F.);
#2939 = EDGE_CURVE('',#2940,#2932,#2942,.T.);
#2940 = VERTEX_POINT('',#2941);
#2941 = CARTESIAN_POINT('',(-7.227163610706,3.187459059236,0.));
#2942 = LINE('',#2943,#2944);
#2943 = CARTESIAN_POINT('',(-7.227163610706,3.187459059236,0.));
#2944 = VECTOR('',#2945,1.);
#2945 = DIRECTION('',(0.660503020377,-0.75082338807,0.));
#2946 = ORIENTED_EDGE('',*,*,#2947,.F.);
#2947 = EDGE_CURVE('',#2948,#2940,#2950,.T.);
#2948 = VERTEX_POINT('',#2949);
#2949 = CARTESIAN_POINT('',(-7.374258462235,3.379192588693,0.));
#2950 = LINE('',#2951,#2952);
#2951 = CARTESIAN_POINT('',(-7.374258462235,3.379192588693,0.));
#2952 = VECTOR('',#2953,1.);
#2953 = DIRECTION('',(0.608689905396,-0.793408217167,0.));
#2954 = ORIENTED_EDGE('',*,*,#2955,.F.);
#2955 = EDGE_CURVE('',#2956,#2948,#2958,.T.);
#2956 = VERTEX_POINT('',#2957);
#2957 = CARTESIAN_POINT('',(-7.512965723529,3.584881500747,0.));
#2958 = LINE('',#2959,#2960);
#2959 = CARTESIAN_POINT('',(-7.512965723529,3.584881500747,0.));
#2960 = VECTOR('',#2961,1.);
#2961 = DIRECTION('',(0.559105184694,-0.829096732866,0.));
#2962 = ORIENTED_EDGE('',*,*,#2963,.F.);
#2963 = EDGE_CURVE('',#2964,#2956,#2966,.T.);
#2964 = VERTEX_POINT('',#2965);
#2965 = CARTESIAN_POINT('',(-7.643056828569,3.803638807704,0.));
#2966 = LINE('',#2967,#2968);
#2967 = CARTESIAN_POINT('',(-7.643056828569,3.803638807704,0.));
#2968 = VECTOR('',#2969,1.);
#2969 = DIRECTION('',(0.511131104088,-0.859502759992,0.));
#2970 = ORIENTED_EDGE('',*,*,#2971,.F.);
#2971 = EDGE_CURVE('',#2972,#2964,#2974,.T.);
#2972 = VERTEX_POINT('',#2973);
#2973 = CARTESIAN_POINT('',(-7.764238274662,4.034737167929,0.));
#2974 = LINE('',#2975,#2976);
#2975 = CARTESIAN_POINT('',(-7.764238274662,4.034737167929,0.));
#2976 = VECTOR('',#2977,1.);
#2977 = DIRECTION('',(0.464397651666,-0.885626795624,0.));
#2978 = ORIENTED_EDGE('',*,*,#2979,.F.);
#2979 = EDGE_CURVE('',#2980,#2972,#2982,.T.);
#2980 = VERTEX_POINT('',#2981);
#2981 = CARTESIAN_POINT('',(-7.376304022351,4.706659002928,0.));
#2982 = LINE('',#2983,#2984);
#2983 = CARTESIAN_POINT('',(-7.376304022351,4.706659002928,0.));
#2984 = VECTOR('',#2985,1.);
#2985 = DIRECTION('',(-0.5,-0.866025403784,0.));
#2986 = ORIENTED_EDGE('',*,*,#2987,.F.);
#2987 = EDGE_CURVE('',#2988,#2980,#2990,.T.);
#2988 = VERTEX_POINT('',#2989);
#2989 = CARTESIAN_POINT('',(-7.115576248577,4.717261972257,0.));
#2990 = LINE('',#2991,#2992);
#2991 = CARTESIAN_POINT('',(-7.115576248577,4.717261972257,0.));
#2992 = VECTOR('',#2993,1.);
#2993 = DIRECTION('',(-0.999174129116,-4.06332340113E-02,0.));
#2994 = ORIENTED_EDGE('',*,*,#2995,.F.);
#2995 = EDGE_CURVE('',#2996,#2988,#2998,.T.);
#2996 = VERTEX_POINT('',#2997);
#2997 = CARTESIAN_POINT('',(-6.861081310968,4.713978423964,0.));
#2998 = LINE('',#2999,#3000);
#2999 = CARTESIAN_POINT('',(-6.861081310968,4.713978423964,0.));
#3000 = VECTOR('',#3001,1.);
#3001 = DIRECTION('',(-0.99991677682,1.290114080913E-02,0.));
#3002 = ORIENTED_EDGE('',*,*,#3003,.F.);
#3003 = EDGE_CURVE('',#3004,#2996,#3006,.T.);
#3004 = VERTEX_POINT('',#3005);
#3005 = CARTESIAN_POINT('',(-6.613595857206,4.696698868022,0.));
#3006 = LINE('',#3007,#3008);
#3007 = CARTESIAN_POINT('',(-6.613595857206,4.696698868022,0.));
#3008 = VECTOR('',#3009,1.);
#3009 = DIRECTION('',(-0.997571425203,6.965092689979E-02,0.));
#3010 = ORIENTED_EDGE('',*,*,#3011,.F.);
#3011 = EDGE_CURVE('',#3012,#3004,#3014,.T.);
#3012 = VERTEX_POINT('',#3013);
#3013 = CARTESIAN_POINT('',(-6.374002324174,4.66517775456,0.));
#3014 = LINE('',#3015,#3016);
#3015 = CARTESIAN_POINT('',(-6.374002324174,4.66517775456,0.));
#3016 = VECTOR('',#3017,1.);
#3017 = DIRECTION('',(-0.991456624336,0.130436812516,0.));
#3018 = ORIENTED_EDGE('',*,*,#3019,.F.);
#3019 = EDGE_CURVE('',#3020,#3012,#3022,.T.);
#3020 = VERTEX_POINT('',#3021);
#3021 = CARTESIAN_POINT('',(-6.143367932193,4.618932328982,0.));
#3022 = LINE('',#3023,#3024);
#3023 = CARTESIAN_POINT('',(-6.143367932193,4.618932328982,0.));
#3024 = VECTOR('',#3025,1.);
#3025 = DIRECTION('',(-0.980483638013,0.196600700888,0.));
#3026 = ORIENTED_EDGE('',*,*,#3027,.F.);
#3027 = EDGE_CURVE('',#3028,#3020,#3030,.T.);
#3028 = VERTEX_POINT('',#3029);
#3029 = CARTESIAN_POINT('',(-5.923118780744,4.557021310887,0.));
#3030 = LINE('',#3031,#3032);
#3031 = CARTESIAN_POINT('',(-5.923118780744,4.557021310887,0.));
#3032 = VECTOR('',#3033,1.);
#3033 = DIRECTION('',(-0.96268972679,0.27060763096,0.));
#3034 = ORIENTED_EDGE('',*,*,#3035,.F.);
#3035 = EDGE_CURVE('',#3036,#3028,#3038,.T.);
#3036 = VERTEX_POINT('',#3037);
#3037 = CARTESIAN_POINT('',(-5.715534562501,4.477418396924,0.));
#3038 = LINE('',#3039,#3040);
#3039 = CARTESIAN_POINT('',(-5.715534562501,4.477418396924,0.));
#3040 = VECTOR('',#3041,1.);
#3041 = DIRECTION('',(-0.933702569081,0.358049595016,0.));
#3042 = ORIENTED_EDGE('',*,*,#3043,.F.);
#3043 = EDGE_CURVE('',#3044,#3036,#3046,.T.);
#3044 = VERTEX_POINT('',#3045);
#3045 = CARTESIAN_POINT('',(-5.526748204702,4.373220123038,0.));
#3046 = LINE('',#3047,#3048);
#3047 = CARTESIAN_POINT('',(-5.526748204702,4.373220123038,0.));
#3048 = VECTOR('',#3049,1.);
#3049 = DIRECTION('',(-0.875498655029,0.483220555277,0.));
#3050 = ORIENTED_EDGE('',*,*,#3051,.F.);
#3051 = EDGE_CURVE('',#1412,#3044,#3052,.T.);
#3052 = LINE('',#3053,#3054);
#3053 = CARTESIAN_POINT('',(-4.6561420532,3.684324555522,0.));
#3054 = VECTOR('',#3055,1.);
#3055 = DIRECTION('',(-0.784192345802,0.620517819877,0.));
#3056 = ORIENTED_EDGE('',*,*,#1411,.F.);
#3057 = ORIENTED_EDGE('',*,*,#3058,.F.);
#3058 = EDGE_CURVE('',#3059,#1404,#3061,.T.);
#3059 = VERTEX_POINT('',#3060);
#3060 = CARTESIAN_POINT('',(-4.373220123038,5.526748204702,0.));
#3061 = LINE('',#3062,#3063);
#3062 = CARTESIAN_POINT('',(-4.373220123038,5.526748204702,0.));
#3063 = VECTOR('',#3064,1.);
#3064 = DIRECTION('',(0.620517819877,-0.784192345802,0.));
#3065 = ORIENTED_EDGE('',*,*,#3066,.F.);
#3066 = EDGE_CURVE('',#3067,#3059,#3069,.T.);
#3067 = VERTEX_POINT('',#3068);
#3068 = CARTESIAN_POINT('',(-4.477418396924,5.715534562501,0.));
#3069 = LINE('',#3070,#3071);
#3070 = CARTESIAN_POINT('',(-4.477418396924,5.715534562501,0.));
#3071 = VECTOR('',#3072,1.);
#3072 = DIRECTION('',(0.483220555277,-0.875498655029,0.));
#3073 = ORIENTED_EDGE('',*,*,#3074,.F.);
#3074 = EDGE_CURVE('',#3075,#3067,#3077,.T.);
#3075 = VERTEX_POINT('',#3076);
#3076 = CARTESIAN_POINT('',(-4.557021310887,5.923118780744,0.));
#3077 = LINE('',#3078,#3079);
#3078 = CARTESIAN_POINT('',(-4.557021310887,5.923118780744,0.));
#3079 = VECTOR('',#3080,1.);
#3080 = DIRECTION('',(0.358049595016,-0.933702569081,0.));
#3081 = ORIENTED_EDGE('',*,*,#3082,.F.);
#3082 = EDGE_CURVE('',#3083,#3075,#3085,.T.);
#3083 = VERTEX_POINT('',#3084);
#3084 = CARTESIAN_POINT('',(-4.618932328982,6.143367932193,0.));
#3085 = LINE('',#3086,#3087);
#3086 = CARTESIAN_POINT('',(-4.618932328982,6.143367932193,0.));
#3087 = VECTOR('',#3088,1.);
#3088 = DIRECTION('',(0.27060763096,-0.96268972679,0.));
#3089 = ORIENTED_EDGE('',*,*,#3090,.F.);
#3090 = EDGE_CURVE('',#3091,#3083,#3093,.T.);
#3091 = VERTEX_POINT('',#3092);
#3092 = CARTESIAN_POINT('',(-4.66517775456,6.374002324174,0.));
#3093 = LINE('',#3094,#3095);
#3094 = CARTESIAN_POINT('',(-4.66517775456,6.374002324174,0.));
#3095 = VECTOR('',#3096,1.);
#3096 = DIRECTION('',(0.196600700888,-0.980483638013,0.));
#3097 = ORIENTED_EDGE('',*,*,#3098,.F.);
#3098 = EDGE_CURVE('',#3099,#3091,#3101,.T.);
#3099 = VERTEX_POINT('',#3100);
#3100 = CARTESIAN_POINT('',(-4.696698868022,6.613595857206,0.));
#3101 = LINE('',#3102,#3103);
#3102 = CARTESIAN_POINT('',(-4.696698868022,6.613595857206,0.));
#3103 = VECTOR('',#3104,1.);
#3104 = DIRECTION('',(0.130436812516,-0.991456624336,0.));
#3105 = ORIENTED_EDGE('',*,*,#3106,.F.);
#3106 = EDGE_CURVE('',#3107,#3099,#3109,.T.);
#3107 = VERTEX_POINT('',#3108);
#3108 = CARTESIAN_POINT('',(-4.713978423964,6.861081310968,0.));
#3109 = LINE('',#3110,#3111);
#3110 = CARTESIAN_POINT('',(-4.713978423964,6.861081310968,0.));
#3111 = VECTOR('',#3112,1.);
#3112 = DIRECTION('',(6.965092689979E-02,-0.997571425203,0.));
#3113 = ORIENTED_EDGE('',*,*,#3114,.F.);
#3114 = EDGE_CURVE('',#3115,#3107,#3117,.T.);
#3115 = VERTEX_POINT('',#3116);
#3116 = CARTESIAN_POINT('',(-4.717261972257,7.115576248577,0.));
#3117 = LINE('',#3118,#3119);
#3118 = CARTESIAN_POINT('',(-4.717261972257,7.115576248577,0.));
#3119 = VECTOR('',#3120,1.);
#3120 = DIRECTION('',(1.290114080913E-02,-0.99991677682,0.));
#3121 = ORIENTED_EDGE('',*,*,#3122,.F.);
#3122 = EDGE_CURVE('',#3123,#3115,#3125,.T.);
#3123 = VERTEX_POINT('',#3124);
#3124 = CARTESIAN_POINT('',(-4.706659002928,7.376304022351,0.));
#3125 = LINE('',#3126,#3127);
#3126 = CARTESIAN_POINT('',(-4.706659002928,7.376304022351,0.));
#3127 = VECTOR('',#3128,1.);
#3128 = DIRECTION('',(-4.06332340113E-02,-0.999174129116,0.));
#3129 = ORIENTED_EDGE('',*,*,#3130,.F.);
#3130 = EDGE_CURVE('',#3131,#3123,#3133,.T.);
#3131 = VERTEX_POINT('',#3132);
#3132 = CARTESIAN_POINT('',(-4.034737167929,7.764238274662,0.));
#3133 = LINE('',#3134,#3135);
#3134 = CARTESIAN_POINT('',(-4.034737167929,7.764238274662,0.));
#3135 = VECTOR('',#3136,1.);
#3136 = DIRECTION('',(-0.866025403784,-0.5,0.));
#3137 = ORIENTED_EDGE('',*,*,#3138,.F.);
#3138 = EDGE_CURVE('',#3139,#3131,#3141,.T.);
#3139 = VERTEX_POINT('',#3140);
#3140 = CARTESIAN_POINT('',(-3.803638807704,7.643056828569,0.));
#3141 = LINE('',#3142,#3143);
#3142 = CARTESIAN_POINT('',(-3.803638807704,7.643056828569,0.));
#3143 = VECTOR('',#3144,1.);
#3144 = DIRECTION('',(-0.885626795624,0.464397651666,0.));
#3145 = ORIENTED_EDGE('',*,*,#3146,.F.);
#3146 = EDGE_CURVE('',#3147,#3139,#3149,.T.);
#3147 = VERTEX_POINT('',#3148);
#3148 = CARTESIAN_POINT('',(-3.584881500747,7.512965723529,0.));
#3149 = LINE('',#3150,#3151);
#3150 = CARTESIAN_POINT('',(-3.584881500747,7.512965723529,0.));
#3151 = VECTOR('',#3152,1.);
#3152 = DIRECTION('',(-0.859502759992,0.511131104088,0.));
#3153 = ORIENTED_EDGE('',*,*,#3154,.F.);
#3154 = EDGE_CURVE('',#3155,#3147,#3157,.T.);
#3155 = VERTEX_POINT('',#3156);
#3156 = CARTESIAN_POINT('',(-3.379192588693,7.374258462235,0.));
#3157 = LINE('',#3158,#3159);
#3158 = CARTESIAN_POINT('',(-3.379192588693,7.374258462235,0.));
#3159 = VECTOR('',#3160,1.);
#3160 = DIRECTION('',(-0.829096732866,0.559105184694,0.));
#3161 = ORIENTED_EDGE('',*,*,#3162,.F.);
#3162 = EDGE_CURVE('',#3163,#3155,#3165,.T.);
#3163 = VERTEX_POINT('',#3164);
#3164 = CARTESIAN_POINT('',(-3.187459059236,7.227163610706,0.));
#3165 = LINE('',#3166,#3167);
#3166 = CARTESIAN_POINT('',(-3.187459059236,7.227163610706,0.));
#3167 = VECTOR('',#3168,1.);
#3168 = DIRECTION('',(-0.793408217167,0.608689905396,0.));
#3169 = ORIENTED_EDGE('',*,*,#3170,.F.);
#3170 = EDGE_CURVE('',#3171,#3163,#3173,.T.);
#3171 = VERTEX_POINT('',#3172);
#3172 = CARTESIAN_POINT('',(-3.010846529583,7.071796701356,0.));
#3173 = LINE('',#3174,#3175);
#3174 = CARTESIAN_POINT('',(-3.010846529583,7.071796701356,0.));
#3175 = VECTOR('',#3176,1.);
#3176 = DIRECTION('',(-0.75082338807,0.660503020377,0.));
#3177 = ORIENTED_EDGE('',*,*,#3178,.F.);
#3178 = EDGE_CURVE('',#3179,#3171,#3181,.T.);
#3179 = VERTEX_POINT('',#3180);
#3180 = CARTESIAN_POINT('',(-2.851060678313,6.908055611187,0.));
#3181 = LINE('',#3182,#3183);
#3182 = CARTESIAN_POINT('',(-2.851060678313,6.908055611187,0.));
#3183 = VECTOR('',#3184,1.);
#3184 = DIRECTION('',(-0.698409943882,0.715697946264,0.));
#3185 = ORIENTED_EDGE('',*,*,#3186,.F.);
#3186 = EDGE_CURVE('',#3187,#3179,#3189,.T.);
#3187 = VERTEX_POINT('',#3188);
#3188 = CARTESIAN_POINT('',(-2.711088928872,6.735325356359,0.));
#3189 = LINE('',#3190,#3191);
#3190 = CARTESIAN_POINT('',(-2.711088928872,6.735325356359,0.));
#3191 = VECTOR('',#3192,1.);
#3192 = DIRECTION('',(-0.629585346895,0.776931329639,0.));
#3193 = ORIENTED_EDGE('',*,*,#3194,.F.);
#3194 = EDGE_CURVE('',#3195,#3187,#3197,.T.);
#3195 = VERTEX_POINT('',#3196);
#3196 = CARTESIAN_POINT('',(-2.599694284074,6.550693825243,0.));
#3197 = LINE('',#3198,#3199);
#3198 = CARTESIAN_POINT('',(-2.599694284074,6.550693825243,0.));
#3199 = VECTOR('',#3200,1.);
#3200 = DIRECTION('',(-0.516593798596,0.856230604015,0.));
#3201 = ORIENTED_EDGE('',*,*,#3202,.F.);
#3202 = EDGE_CURVE('',#1378,#3195,#3203,.T.);
#3203 = LINE('',#3204,#3205);
#3204 = CARTESIAN_POINT('',(-2.190175023939,5.518789687469,0.));
#3205 = VECTOR('',#3206,1.);
#3206 = DIRECTION('',(-0.368871582979,0.929480368416,0.));
#3207 = ORIENTED_EDGE('',*,*,#1377,.F.);
#3208 = ORIENTED_EDGE('',*,*,#3209,.F.);
#3209 = EDGE_CURVE('',#3210,#1370,#3212,.T.);
#3210 = VERTEX_POINT('',#3211);
#3211 = CARTESIAN_POINT('',(-1.023945620541,6.972914407111,0.));
#3212 = LINE('',#3213,#3214);
#3213 = CARTESIAN_POINT('',(-1.023945620541,6.972914407111,0.));
#3214 = VECTOR('',#3215,1.);
#3215 = DIRECTION('',(0.145288022614,-0.989389402857,0.));
#3216 = ORIENTED_EDGE('',*,*,#3217,.F.);
#3217 = EDGE_CURVE('',#3218,#3210,#3220,.T.);
#3218 = VERTEX_POINT('',#3219);
#3219 = CARTESIAN_POINT('',(-1.019790793858,7.188507325796,0.));
#3220 = LINE('',#3221,#3222);
#3221 = CARTESIAN_POINT('',(-1.019790793858,7.188507325796,0.));
#3222 = VECTOR('',#3223,1.);
#3223 = DIRECTION('',(-1.926805101411E-02,-0.999814353873,0.));
#3224 = ORIENTED_EDGE('',*,*,#3225,.F.);
#3225 = EDGE_CURVE('',#3226,#3218,#3228,.T.);
#3226 = VERTEX_POINT('',#3227);
#3227 = CARTESIAN_POINT('',(-0.984936830443,7.408081989201,0.));
#3228 = LINE('',#3229,#3230);
#3229 = CARTESIAN_POINT('',(-0.984936830443,7.408081989201,0.));
#3230 = VECTOR('',#3231,1.);
#3231 = DIRECTION('',(-0.156771239442,-0.987634941911,0.));
#3232 = ORIENTED_EDGE('',*,*,#3233,.F.);
#3233 = EDGE_CURVE('',#3234,#3226,#3236,.T.);
#3234 = VERTEX_POINT('',#3235);
#3235 = CARTESIAN_POINT('',(-0.928428769163,7.629778858564,0.));
#3236 = LINE('',#3237,#3238);
#3237 = CARTESIAN_POINT('',(-0.928428769163,7.629778858564,0.));
#3238 = VECTOR('',#3239,1.);
#3239 = DIRECTION('',(-0.246991780525,-0.969017574842,0.));
#3240 = ORIENTED_EDGE('',*,*,#3241,.F.);
#3241 = EDGE_CURVE('',#3242,#3234,#3244,.T.);
#3242 = VERTEX_POINT('',#3243);
#3243 = CARTESIAN_POINT('',(-0.853161286532,7.852636813796,0.));
#3244 = LINE('',#3245,#3246);
#3245 = CARTESIAN_POINT('',(-0.853161286532,7.852636813796,0.));
#3246 = VECTOR('',#3247,1.);
#3247 = DIRECTION('',(-0.319980617636,-0.947424088958,0.));
#3248 = ORIENTED_EDGE('',*,*,#3249,.F.);
#3249 = EDGE_CURVE('',#3250,#3242,#3252,.T.);
#3250 = VERTEX_POINT('',#3251);
#3251 = CARTESIAN_POINT('',(-0.760662605029,8.075891456714,0.));
#3252 = LINE('',#3253,#3254);
#3253 = CARTESIAN_POINT('',(-0.760662605029,8.075891456714,0.));
#3254 = VECTOR('',#3255,1.);
#3255 = DIRECTION('',(-0.38276671894,-0.923845029684,0.));
#3256 = ORIENTED_EDGE('',*,*,#3257,.F.);
#3257 = EDGE_CURVE('',#3258,#3250,#3260,.T.);
#3258 = VERTEX_POINT('',#3259);
#3259 = CARTESIAN_POINT('',(-0.651884412561,8.298859924712,0.));
#3260 = LINE('',#3261,#3262);
#3261 = CARTESIAN_POINT('',(-0.651884412561,8.298859924712,0.));
#3262 = VECTOR('',#3263,1.);
#3263 = DIRECTION('',(-0.438466240509,-0.898747659765,0.));
#3264 = ORIENTED_EDGE('',*,*,#3265,.F.);
#3265 = EDGE_CURVE('',#3266,#3258,#3268,.T.);
#3266 = VERTEX_POINT('',#3267);
#3267 = CARTESIAN_POINT('',(-0.527480579992,8.520900779961,0.));
#3268 = LINE('',#3269,#3270);
#3269 = CARTESIAN_POINT('',(-0.527480579992,8.520900779961,0.));
#3270 = VECTOR('',#3271,1.);
#3271 = DIRECTION('',(-0.488785672731,-0.872403900801,0.));
#3272 = ORIENTED_EDGE('',*,*,#3273,.F.);
#3273 = EDGE_CURVE('',#3274,#3266,#3276,.T.);
#3274 = VERTEX_POINT('',#3275);
#3275 = CARTESIAN_POINT('',(-0.387934252311,8.741396170858,0.));
#3276 = LINE('',#3277,#3278);
#3277 = CARTESIAN_POINT('',(-0.387934252311,8.741396170858,0.));
#3278 = VECTOR('',#3279,1.);
#3279 = DIRECTION('',(-0.534776477449,-0.844993561613,0.));
#3280 = ORIENTED_EDGE('',*,*,#3281,.F.);
#3281 = EDGE_CURVE('',#3282,#3274,#3284,.T.);
#3282 = VERTEX_POINT('',#3283);
#3283 = CARTESIAN_POINT('',(0.387934252311,8.741396170858,0.));
#3284 = LINE('',#3285,#3286);
#3285 = CARTESIAN_POINT('',(0.387934252311,8.741396170858,0.));
#3286 = VECTOR('',#3287,1.);
#3287 = DIRECTION('',(-1.,0.,0.));
#3288 = ORIENTED_EDGE('',*,*,#3289,.F.);
#3289 = EDGE_CURVE('',#3290,#3282,#3292,.T.);
#3290 = VERTEX_POINT('',#3291);
#3291 = CARTESIAN_POINT('',(0.527480579992,8.520900779961,0.));
#3292 = LINE('',#3293,#3294);
#3293 = CARTESIAN_POINT('',(0.527480579992,8.520900779961,0.));
#3294 = VECTOR('',#3295,1.);
#3295 = DIRECTION('',(-0.534776477449,0.844993561613,0.));
#3296 = ORIENTED_EDGE('',*,*,#3297,.F.);
#3297 = EDGE_CURVE('',#3298,#3290,#3300,.T.);
#3298 = VERTEX_POINT('',#3299);
#3299 = CARTESIAN_POINT('',(0.651884412561,8.298859924712,0.));
#3300 = LINE('',#3301,#3302);
#3301 = CARTESIAN_POINT('',(0.651884412561,8.298859924712,0.));
#3302 = VECTOR('',#3303,1.);
#3303 = DIRECTION('',(-0.488785672731,0.872403900801,0.));
#3304 = ORIENTED_EDGE('',*,*,#3305,.F.);
#3305 = EDGE_CURVE('',#3306,#3298,#3308,.T.);
#3306 = VERTEX_POINT('',#3307);
#3307 = CARTESIAN_POINT('',(0.760662605029,8.075891456714,0.));
#3308 = LINE('',#3309,#3310);
#3309 = CARTESIAN_POINT('',(0.760662605029,8.075891456714,0.));
#3310 = VECTOR('',#3311,1.);
#3311 = DIRECTION('',(-0.438466240509,0.898747659765,0.));
#3312 = ORIENTED_EDGE('',*,*,#3313,.F.);
#3313 = EDGE_CURVE('',#3314,#3306,#3316,.T.);
#3314 = VERTEX_POINT('',#3315);
#3315 = CARTESIAN_POINT('',(0.853161286532,7.852636813796,0.));
#3316 = LINE('',#3317,#3318);
#3317 = CARTESIAN_POINT('',(0.853161286532,7.852636813796,0.));
#3318 = VECTOR('',#3319,1.);
#3319 = DIRECTION('',(-0.38276671894,0.923845029684,0.));
#3320 = ORIENTED_EDGE('',*,*,#3321,.F.);
#3321 = EDGE_CURVE('',#3322,#3314,#3324,.T.);
#3322 = VERTEX_POINT('',#3323);
#3323 = CARTESIAN_POINT('',(0.928428769163,7.629778858564,0.));
#3324 = LINE('',#3325,#3326);
#3325 = CARTESIAN_POINT('',(0.928428769163,7.629778858564,0.));
#3326 = VECTOR('',#3327,1.);
#3327 = DIRECTION('',(-0.319980617636,0.947424088958,0.));
#3328 = ORIENTED_EDGE('',*,*,#3329,.F.);
#3329 = EDGE_CURVE('',#3330,#3322,#3332,.T.);
#3330 = VERTEX_POINT('',#3331);
#3331 = CARTESIAN_POINT('',(0.984936830443,7.408081989201,0.));
#3332 = LINE('',#3333,#3334);
#3333 = CARTESIAN_POINT('',(0.984936830443,7.408081989201,0.));
#3334 = VECTOR('',#3335,1.);
#3335 = DIRECTION('',(-0.246991780525,0.969017574842,0.));
#3336 = ORIENTED_EDGE('',*,*,#3337,.F.);
#3337 = EDGE_CURVE('',#3338,#3330,#3340,.T.);
#3338 = VERTEX_POINT('',#3339);
#3339 = CARTESIAN_POINT('',(1.019790793858,7.188507325796,0.));
#3340 = LINE('',#3341,#3342);
#3341 = CARTESIAN_POINT('',(1.019790793858,7.188507325796,0.));
#3342 = VECTOR('',#3343,1.);
#3343 = DIRECTION('',(-0.156771239442,0.987634941911,0.));
#3344 = ORIENTED_EDGE('',*,*,#3345,.F.);
#3345 = EDGE_CURVE('',#3346,#3338,#3348,.T.);
#3346 = VERTEX_POINT('',#3347);
#3347 = CARTESIAN_POINT('',(1.023945620541,6.972914407111,0.));
#3348 = LINE('',#3349,#3350);
#3349 = CARTESIAN_POINT('',(1.023945620541,6.972914407111,0.));
#3350 = VECTOR('',#3351,1.);
#3351 = DIRECTION('',(-1.926805101411E-02,0.999814353873,0.));
#3352 = ORIENTED_EDGE('',*,*,#3353,.F.);
#3353 = EDGE_CURVE('',#1344,#3346,#3354,.T.);
#3354 = LINE('',#3355,#3356);
#3355 = CARTESIAN_POINT('',(0.862647634269,5.874499579461,0.));
#3356 = VECTOR('',#3357,1.);
#3357 = DIRECTION('',(0.145288022614,0.989389402857,0.));
#3358 = ORIENTED_EDGE('',*,*,#1343,.F.);
#3359 = ORIENTED_EDGE('',*,*,#3360,.F.);
#3360 = EDGE_CURVE('',#3361,#1336,#3363,.T.);
#3361 = VERTEX_POINT('',#3362);
#3362 = CARTESIAN_POINT('',(2.599694284074,6.550693825243,0.));
#3363 = LINE('',#3364,#3365);
#3364 = CARTESIAN_POINT('',(2.599694284074,6.550693825243,0.));
#3365 = VECTOR('',#3366,1.);
#3366 = DIRECTION('',(-0.368871582979,-0.929480368416,0.));
#3367 = ORIENTED_EDGE('',*,*,#3368,.F.);
#3368 = EDGE_CURVE('',#3369,#3361,#3371,.T.);
#3369 = VERTEX_POINT('',#3370);
#3370 = CARTESIAN_POINT('',(2.711088928872,6.735325356359,0.));
#3371 = LINE('',#3372,#3373);
#3372 = CARTESIAN_POINT('',(2.711088928872,6.735325356359,0.));
#3373 = VECTOR('',#3374,1.);
#3374 = DIRECTION('',(-0.516593798596,-0.856230604015,0.));
#3375 = ORIENTED_EDGE('',*,*,#3376,.F.);
#3376 = EDGE_CURVE('',#3377,#3369,#3379,.T.);
#3377 = VERTEX_POINT('',#3378);
#3378 = CARTESIAN_POINT('',(2.851060678313,6.908055611187,0.));
#3379 = LINE('',#3380,#3381);
#3380 = CARTESIAN_POINT('',(2.851060678313,6.908055611187,0.));
#3381 = VECTOR('',#3382,1.);
#3382 = DIRECTION('',(-0.629585346895,-0.776931329639,0.));
#3383 = ORIENTED_EDGE('',*,*,#3384,.F.);
#3384 = EDGE_CURVE('',#3385,#3377,#3387,.T.);
#3385 = VERTEX_POINT('',#3386);
#3386 = CARTESIAN_POINT('',(3.010846529583,7.071796701356,0.));
#3387 = LINE('',#3388,#3389);
#3388 = CARTESIAN_POINT('',(3.010846529583,7.071796701356,0.));
#3389 = VECTOR('',#3390,1.);
#3390 = DIRECTION('',(-0.698409943882,-0.715697946264,0.));
#3391 = ORIENTED_EDGE('',*,*,#3392,.F.);
#3392 = EDGE_CURVE('',#3393,#3385,#3395,.T.);
#3393 = VERTEX_POINT('',#3394);
#3394 = CARTESIAN_POINT('',(3.187459059236,7.227163610706,0.));
#3395 = LINE('',#3396,#3397);
#3396 = CARTESIAN_POINT('',(3.187459059236,7.227163610706,0.));
#3397 = VECTOR('',#3398,1.);
#3398 = DIRECTION('',(-0.75082338807,-0.660503020377,0.));
#3399 = ORIENTED_EDGE('',*,*,#3400,.F.);
#3400 = EDGE_CURVE('',#3401,#3393,#3403,.T.);
#3401 = VERTEX_POINT('',#3402);
#3402 = CARTESIAN_POINT('',(3.379192588693,7.374258462235,0.));
#3403 = LINE('',#3404,#3405);
#3404 = CARTESIAN_POINT('',(3.379192588693,7.374258462235,0.));
#3405 = VECTOR('',#3406,1.);
#3406 = DIRECTION('',(-0.793408217168,-0.608689905396,0.));
#3407 = ORIENTED_EDGE('',*,*,#3408,.F.);
#3408 = EDGE_CURVE('',#3409,#3401,#3411,.T.);
#3409 = VERTEX_POINT('',#3410);
#3410 = CARTESIAN_POINT('',(3.584881500747,7.512965723529,0.));
#3411 = LINE('',#3412,#3413);
#3412 = CARTESIAN_POINT('',(3.584881500747,7.512965723529,0.));
#3413 = VECTOR('',#3414,1.);
#3414 = DIRECTION('',(-0.829096732866,-0.559105184694,0.));
#3415 = ORIENTED_EDGE('',*,*,#3416,.F.);
#3416 = EDGE_CURVE('',#3417,#3409,#3419,.T.);
#3417 = VERTEX_POINT('',#3418);
#3418 = CARTESIAN_POINT('',(3.803638807704,7.643056828569,0.));
#3419 = LINE('',#3420,#3421);
#3420 = CARTESIAN_POINT('',(3.803638807704,7.643056828569,0.));
#3421 = VECTOR('',#3422,1.);
#3422 = DIRECTION('',(-0.859502759992,-0.511131104088,0.));
#3423 = ORIENTED_EDGE('',*,*,#3424,.F.);
#3424 = EDGE_CURVE('',#3425,#3417,#3427,.T.);
#3425 = VERTEX_POINT('',#3426);
#3426 = CARTESIAN_POINT('',(4.034737167929,7.764238274662,0.));
#3427 = LINE('',#3428,#3429);
#3428 = CARTESIAN_POINT('',(4.034737167929,7.764238274662,0.));
#3429 = VECTOR('',#3430,1.);
#3430 = DIRECTION('',(-0.885626795624,-0.464397651666,0.));
#3431 = ORIENTED_EDGE('',*,*,#3432,.F.);
#3432 = EDGE_CURVE('',#3433,#3425,#3435,.T.);
#3433 = VERTEX_POINT('',#3434);
#3434 = CARTESIAN_POINT('',(4.706659002928,7.376304022351,0.));
#3435 = LINE('',#3436,#3437);
#3436 = CARTESIAN_POINT('',(4.706659002928,7.376304022351,0.));
#3437 = VECTOR('',#3438,1.);
#3438 = DIRECTION('',(-0.866025403784,0.5,0.));
#3439 = ORIENTED_EDGE('',*,*,#3440,.F.);
#3440 = EDGE_CURVE('',#3441,#3433,#3443,.T.);
#3441 = VERTEX_POINT('',#3442);
#3442 = CARTESIAN_POINT('',(4.717261972257,7.115576248577,0.));
#3443 = LINE('',#3444,#3445);
#3444 = CARTESIAN_POINT('',(4.717261972257,7.115576248577,0.));
#3445 = VECTOR('',#3446,1.);
#3446 = DIRECTION('',(-4.06332340113E-02,0.999174129116,0.));
#3447 = ORIENTED_EDGE('',*,*,#3448,.F.);
#3448 = EDGE_CURVE('',#3449,#3441,#3451,.T.);
#3449 = VERTEX_POINT('',#3450);
#3450 = CARTESIAN_POINT('',(4.713978423964,6.861081310968,0.));
#3451 = LINE('',#3452,#3453);
#3452 = CARTESIAN_POINT('',(4.713978423964,6.861081310968,0.));
#3453 = VECTOR('',#3454,1.);
#3454 = DIRECTION('',(1.290114080913E-02,0.99991677682,0.));
#3455 = ORIENTED_EDGE('',*,*,#3456,.F.);
#3456 = EDGE_CURVE('',#3457,#3449,#3459,.T.);
#3457 = VERTEX_POINT('',#3458);
#3458 = CARTESIAN_POINT('',(4.696698868022,6.613595857206,0.));
#3459 = LINE('',#3460,#3461);
#3460 = CARTESIAN_POINT('',(4.696698868022,6.613595857206,0.));
#3461 = VECTOR('',#3462,1.);
#3462 = DIRECTION('',(6.96509268998E-02,0.997571425203,0.));
#3463 = ORIENTED_EDGE('',*,*,#3464,.F.);
#3464 = EDGE_CURVE('',#3465,#3457,#3467,.T.);
#3465 = VERTEX_POINT('',#3466);
#3466 = CARTESIAN_POINT('',(4.66517775456,6.374002324174,0.));
#3467 = LINE('',#3468,#3469);
#3468 = CARTESIAN_POINT('',(4.66517775456,6.374002324174,0.));
#3469 = VECTOR('',#3470,1.);
#3470 = DIRECTION('',(0.130436812516,0.991456624336,0.));
#3471 = ORIENTED_EDGE('',*,*,#3472,.F.);
#3472 = EDGE_CURVE('',#3473,#3465,#3475,.T.);
#3473 = VERTEX_POINT('',#3474);
#3474 = CARTESIAN_POINT('',(4.618932328982,6.143367932193,0.));
#3475 = LINE('',#3476,#3477);
#3476 = CARTESIAN_POINT('',(4.618932328982,6.143367932193,0.));
#3477 = VECTOR('',#3478,1.);
#3478 = DIRECTION('',(0.196600700888,0.980483638013,0.));
#3479 = ORIENTED_EDGE('',*,*,#3480,.F.);
#3480 = EDGE_CURVE('',#3481,#3473,#3483,.T.);
#3481 = VERTEX_POINT('',#3482);
#3482 = CARTESIAN_POINT('',(4.557021310887,5.923118780744,0.));
#3483 = LINE('',#3484,#3485);
#3484 = CARTESIAN_POINT('',(4.557021310887,5.923118780744,0.));
#3485 = VECTOR('',#3486,1.);
#3486 = DIRECTION('',(0.27060763096,0.96268972679,0.));
#3487 = ORIENTED_EDGE('',*,*,#3488,.F.);
#3488 = EDGE_CURVE('',#3489,#3481,#3491,.T.);
#3489 = VERTEX_POINT('',#3490);
#3490 = CARTESIAN_POINT('',(4.477418396924,5.715534562501,0.));
#3491 = LINE('',#3492,#3493);
#3492 = CARTESIAN_POINT('',(4.477418396924,5.715534562501,0.));
#3493 = VECTOR('',#3494,1.);
#3494 = DIRECTION('',(0.358049595016,0.933702569081,0.));
#3495 = ORIENTED_EDGE('',*,*,#3496,.F.);
#3496 = EDGE_CURVE('',#3497,#3489,#3499,.T.);
#3497 = VERTEX_POINT('',#3498);
#3498 = CARTESIAN_POINT('',(4.373220123038,5.526748204702,0.));
#3499 = LINE('',#3500,#3501);
#3500 = CARTESIAN_POINT('',(4.373220123038,5.526748204702,0.));
#3501 = VECTOR('',#3502,1.);
#3502 = DIRECTION('',(0.483220555277,0.875498655029,0.));
#3503 = ORIENTED_EDGE('',*,*,#3504,.F.);
#3504 = EDGE_CURVE('',#1310,#3497,#3505,.T.);
#3505 = LINE('',#3506,#3507);
#3506 = CARTESIAN_POINT('',(3.684324555522,4.6561420532,0.));
#3507 = VECTOR('',#3508,1.);
#3508 = DIRECTION('',(0.620517819877,0.784192345802,0.));
#3509 = ORIENTED_EDGE('',*,*,#1309,.F.);
#3510 = ORIENTED_EDGE('',*,*,#3511,.F.);
#3511 = EDGE_CURVE('',#3512,#1302,#3514,.T.);
#3512 = VERTEX_POINT('',#3513);
#3513 = CARTESIAN_POINT('',(5.526748204702,4.373220123038,0.));
#3514 = LINE('',#3515,#3516);
#3515 = CARTESIAN_POINT('',(5.526748204702,4.373220123038,0.));
#3516 = VECTOR('',#3517,1.);
#3517 = DIRECTION('',(-0.784192345802,-0.620517819877,0.));
#3518 = ORIENTED_EDGE('',*,*,#3519,.F.);
#3519 = EDGE_CURVE('',#3520,#3512,#3522,.T.);
#3520 = VERTEX_POINT('',#3521);
#3521 = CARTESIAN_POINT('',(5.715534562501,4.477418396924,0.));
#3522 = LINE('',#3523,#3524);
#3523 = CARTESIAN_POINT('',(5.715534562501,4.477418396924,0.));
#3524 = VECTOR('',#3525,1.);
#3525 = DIRECTION('',(-0.875498655029,-0.483220555277,0.));
#3526 = ORIENTED_EDGE('',*,*,#3527,.F.);
#3527 = EDGE_CURVE('',#3528,#3520,#3530,.T.);
#3528 = VERTEX_POINT('',#3529);
#3529 = CARTESIAN_POINT('',(5.923118780744,4.557021310887,0.));
#3530 = LINE('',#3531,#3532);
#3531 = CARTESIAN_POINT('',(5.923118780744,4.557021310887,0.));
#3532 = VECTOR('',#3533,1.);
#3533 = DIRECTION('',(-0.933702569081,-0.358049595016,0.));
#3534 = ORIENTED_EDGE('',*,*,#3535,.F.);
#3535 = EDGE_CURVE('',#3536,#3528,#3538,.T.);
#3536 = VERTEX_POINT('',#3537);
#3537 = CARTESIAN_POINT('',(6.143367932193,4.618932328982,0.));
#3538 = LINE('',#3539,#3540);
#3539 = CARTESIAN_POINT('',(6.143367932193,4.618932328982,0.));
#3540 = VECTOR('',#3541,1.);
#3541 = DIRECTION('',(-0.96268972679,-0.27060763096,0.));
#3542 = ORIENTED_EDGE('',*,*,#3543,.F.);
#3543 = EDGE_CURVE('',#3544,#3536,#3546,.T.);
#3544 = VERTEX_POINT('',#3545);
#3545 = CARTESIAN_POINT('',(6.374002324174,4.66517775456,0.));
#3546 = LINE('',#3547,#3548);
#3547 = CARTESIAN_POINT('',(6.374002324174,4.66517775456,0.));
#3548 = VECTOR('',#3549,1.);
#3549 = DIRECTION('',(-0.980483638013,-0.196600700888,0.));
#3550 = ORIENTED_EDGE('',*,*,#3551,.F.);
#3551 = EDGE_CURVE('',#3552,#3544,#3554,.T.);
#3552 = VERTEX_POINT('',#3553);
#3553 = CARTESIAN_POINT('',(6.613595857206,4.696698868022,0.));
#3554 = LINE('',#3555,#3556);
#3555 = CARTESIAN_POINT('',(6.613595857206,4.696698868022,0.));
#3556 = VECTOR('',#3557,1.);
#3557 = DIRECTION('',(-0.991456624336,-0.130436812516,0.));
#3558 = ORIENTED_EDGE('',*,*,#3559,.F.);
#3559 = EDGE_CURVE('',#3560,#3552,#3562,.T.);
#3560 = VERTEX_POINT('',#3561);
#3561 = CARTESIAN_POINT('',(6.861081310968,4.713978423964,0.));
#3562 = LINE('',#3563,#3564);
#3563 = CARTESIAN_POINT('',(6.861081310968,4.713978423964,0.));
#3564 = VECTOR('',#3565,1.);
#3565 = DIRECTION('',(-0.997571425203,-6.965092689979E-02,0.));
#3566 = ORIENTED_EDGE('',*,*,#3567,.F.);
#3567 = EDGE_CURVE('',#3568,#3560,#3570,.T.);
#3568 = VERTEX_POINT('',#3569);
#3569 = CARTESIAN_POINT('',(7.115576248577,4.717261972257,0.));
#3570 = LINE('',#3571,#3572);
#3571 = CARTESIAN_POINT('',(7.115576248577,4.717261972257,0.));
#3572 = VECTOR('',#3573,1.);
#3573 = DIRECTION('',(-0.99991677682,-1.290114080914E-02,0.));
#3574 = ORIENTED_EDGE('',*,*,#3575,.F.);
#3575 = EDGE_CURVE('',#3576,#3568,#3578,.T.);
#3576 = VERTEX_POINT('',#3577);
#3577 = CARTESIAN_POINT('',(7.376304022351,4.706659002928,0.));
#3578 = LINE('',#3579,#3580);
#3579 = CARTESIAN_POINT('',(7.376304022351,4.706659002928,0.));
#3580 = VECTOR('',#3581,1.);
#3581 = DIRECTION('',(-0.999174129116,4.06332340113E-02,0.));
#3582 = ORIENTED_EDGE('',*,*,#3583,.F.);
#3583 = EDGE_CURVE('',#3584,#3576,#3586,.T.);
#3584 = VERTEX_POINT('',#3585);
#3585 = CARTESIAN_POINT('',(7.764238274662,4.034737167929,0.));
#3586 = LINE('',#3587,#3588);
#3587 = CARTESIAN_POINT('',(7.764238274662,4.034737167929,0.));
#3588 = VECTOR('',#3589,1.);
#3589 = DIRECTION('',(-0.5,0.866025403784,0.));
#3590 = ORIENTED_EDGE('',*,*,#3591,.F.);
#3591 = EDGE_CURVE('',#3592,#3584,#3594,.T.);
#3592 = VERTEX_POINT('',#3593);
#3593 = CARTESIAN_POINT('',(7.643056828569,3.803638807704,0.));
#3594 = LINE('',#3595,#3596);
#3595 = CARTESIAN_POINT('',(7.643056828569,3.803638807704,0.));
#3596 = VECTOR('',#3597,1.);
#3597 = DIRECTION('',(0.464397651666,0.885626795624,0.));
#3598 = ORIENTED_EDGE('',*,*,#3599,.F.);
#3599 = EDGE_CURVE('',#3600,#3592,#3602,.T.);
#3600 = VERTEX_POINT('',#3601);
#3601 = CARTESIAN_POINT('',(7.512965723529,3.584881500747,0.));
#3602 = LINE('',#3603,#3604);
#3603 = CARTESIAN_POINT('',(7.512965723529,3.584881500747,0.));
#3604 = VECTOR('',#3605,1.);
#3605 = DIRECTION('',(0.511131104088,0.859502759992,0.));
#3606 = ORIENTED_EDGE('',*,*,#3607,.F.);
#3607 = EDGE_CURVE('',#3608,#3600,#3610,.T.);
#3608 = VERTEX_POINT('',#3609);
#3609 = CARTESIAN_POINT('',(7.374258462235,3.379192588693,0.));
#3610 = LINE('',#3611,#3612);
#3611 = CARTESIAN_POINT('',(7.374258462235,3.379192588693,0.));
#3612 = VECTOR('',#3613,1.);
#3613 = DIRECTION('',(0.559105184694,0.829096732866,0.));
#3614 = ORIENTED_EDGE('',*,*,#3615,.F.);
#3615 = EDGE_CURVE('',#3616,#3608,#3618,.T.);
#3616 = VERTEX_POINT('',#3617);
#3617 = CARTESIAN_POINT('',(7.227163610706,3.187459059236,0.));
#3618 = LINE('',#3619,#3620);
#3619 = CARTESIAN_POINT('',(7.227163610706,3.187459059236,0.));
#3620 = VECTOR('',#3621,1.);
#3621 = DIRECTION('',(0.608689905396,0.793408217168,0.));
#3622 = ORIENTED_EDGE('',*,*,#3623,.F.);
#3623 = EDGE_CURVE('',#3624,#3616,#3626,.T.);
#3624 = VERTEX_POINT('',#3625);
#3625 = CARTESIAN_POINT('',(7.071796701356,3.010846529583,0.));
#3626 = LINE('',#3627,#3628);
#3627 = CARTESIAN_POINT('',(7.071796701356,3.010846529583,0.));
#3628 = VECTOR('',#3629,1.);
#3629 = DIRECTION('',(0.660503020377,0.75082338807,0.));
#3630 = ORIENTED_EDGE('',*,*,#3631,.F.);
#3631 = EDGE_CURVE('',#3632,#3624,#3634,.T.);
#3632 = VERTEX_POINT('',#3633);
#3633 = CARTESIAN_POINT('',(6.908055611187,2.851060678313,0.));
#3634 = LINE('',#3635,#3636);
#3635 = CARTESIAN_POINT('',(6.908055611187,2.851060678313,0.));
#3636 = VECTOR('',#3637,1.);
#3637 = DIRECTION('',(0.715697946264,0.698409943882,0.));
#3638 = ORIENTED_EDGE('',*,*,#3639,.F.);
#3639 = EDGE_CURVE('',#3640,#3632,#3642,.T.);
#3640 = VERTEX_POINT('',#3641);
#3641 = CARTESIAN_POINT('',(6.735325356358,2.711088928872,0.));
#3642 = LINE('',#3643,#3644);
#3643 = CARTESIAN_POINT('',(6.735325356359,2.711088928872,0.));
#3644 = VECTOR('',#3645,1.);
#3645 = DIRECTION('',(0.776931329639,0.629585346895,0.));
#3646 = ORIENTED_EDGE('',*,*,#3647,.F.);
#3647 = EDGE_CURVE('',#3648,#3640,#3650,.T.);
#3648 = VERTEX_POINT('',#3649);
#3649 = CARTESIAN_POINT('',(6.550693825243,2.599694284074,0.));
#3650 = LINE('',#3651,#3652);
#3651 = CARTESIAN_POINT('',(6.550693825243,2.599694284074,0.));
#3652 = VECTOR('',#3653,1.);
#3653 = DIRECTION('',(0.856230604015,0.516593798596,0.));
#3654 = ORIENTED_EDGE('',*,*,#3655,.F.);
#3655 = EDGE_CURVE('',#1276,#3648,#3656,.T.);
#3656 = LINE('',#3657,#3658);
#3657 = CARTESIAN_POINT('',(5.518789687469,2.190175023939,0.));
#3658 = VECTOR('',#3659,1.);
#3659 = DIRECTION('',(0.929480368416,0.368871582979,0.));
#3660 = FACE_BOUND('',#3661,.T.);
#3661 = EDGE_LOOP('',(#3662));
#3662 = ORIENTED_EDGE('',*,*,#3663,.T.);
#3663 = EDGE_CURVE('',#3664,#3664,#3666,.T.);
#3664 = VERTEX_POINT('',#3665);
#3665 = CARTESIAN_POINT('',(5.6,0.,0.));
#3666 = CIRCLE('',#3667,1.1);
#3667 = AXIS2_PLACEMENT_3D('',#3668,#3669,#3670);
#3668 = CARTESIAN_POINT('',(4.5,0.,0.));
#3669 = DIRECTION('',(0.,0.,1.));
#3670 = DIRECTION('',(1.,0.,0.));
#3671 = FACE_BOUND('',#3672,.T.);
#3672 = EDGE_LOOP('',(#3673));
#3673 = ORIENTED_EDGE('',*,*,#3674,.T.);
#3674 = EDGE_CURVE('',#3675,#3675,#3677,.T.);
#3675 = VERTEX_POINT('',#3676);
#3676 = CARTESIAN_POINT('',(2.4,-1.7763568394E-15,0.));
#3677 = CIRCLE('',#3678,2.4);
#3678 = AXIS2_PLACEMENT_3D('',#3679,#3680,#3681);
#3679 = CARTESIAN_POINT('',(0.,0.,0.));
#3680 = DIRECTION('',(0.,0.,1.));
#3681 = DIRECTION('',(1.,0.,0.));
#3682 = FACE_BOUND('',#3683,.T.);
#3683 = EDGE_LOOP('',(#3684));
#3684 = ORIENTED_EDGE('',*,*,#3685,.T.);
#3685 = EDGE_CURVE('',#3686,#3686,#3688,.T.);
#3686 = VERTEX_POINT('',#3687);
#3687 = CARTESIAN_POINT('',(-3.4,0.,0.));
#3688 = CIRCLE('',#3689,1.1);
#3689 = AXIS2_PLACEMENT_3D('',#3690,#3691,#3692);
#3690 = CARTESIAN_POINT('',(-4.5,0.,0.));
#3691 = DIRECTION('',(0.,0.,1.));
#3692 = DIRECTION('',(1.,0.,0.));
#3693 = PLANE('',#3694);
#3694 = AXIS2_PLACEMENT_3D('',#3695,#3696,#3697);
#3695 = CARTESIAN_POINT('',(-9.E-16,-1.E-17,0.));
#3696 = DIRECTION('',(-0.,-0.,-1.));
#3697 = DIRECTION('',(-1.,0.,0.));
#3698 = ADVANCED_FACE('',(#3699),#3717,.F.);
#3699 = FACE_BOUND('',#3700,.F.);
#3700 = EDGE_LOOP('',(#3701,#3702,#3710,#3716));
#3701 = ORIENTED_EDGE('',*,*,#2001,.F.);
#3702 = ORIENTED_EDGE('',*,*,#3703,.T.);
#3703 = EDGE_CURVE('',#2002,#3704,#3706,.T.);
#3704 = VERTEX_POINT('',#3705);
#3705 = CARTESIAN_POINT('',(6.550693825243,-2.599694284074,10.));
#3706 = LINE('',#3707,#3708);
#3707 = CARTESIAN_POINT('',(6.550693825243,-2.599694284074,0.));
#3708 = VECTOR('',#3709,1.);
#3709 = DIRECTION('',(0.,0.,1.));
#3710 = ORIENTED_EDGE('',*,*,#3711,.T.);
#3711 = EDGE_CURVE('',#3704,#1633,#3712,.T.);
#3712 = LINE('',#3713,#3714);
#3713 = CARTESIAN_POINT('',(6.550693825243,-2.599694284074,10.));
#3714 = VECTOR('',#3715,1.);
#3715 = DIRECTION('',(-0.929480368416,0.368871582979,0.));
#3716 = ORIENTED_EDGE('',*,*,#1641,.F.);
#3717 = PLANE('',#3718);
#3718 = AXIS2_PLACEMENT_3D('',#3719,#3720,#3721);
#3719 = CARTESIAN_POINT('',(6.550693825243,-2.599694284074,0.));
#3720 = DIRECTION('',(-0.368871582979,-0.929480368416,0.));
#3721 = DIRECTION('',(-0.929480368416,0.368871582979,0.));
#3722 = ADVANCED_FACE('',(#3723),#3869,.T.);
#3723 = FACE_BOUND('',#3724,.T.);
#3724 = EDGE_LOOP('',(#3725,#3726,#3734,#3742,#3750,#3758,#3766,#3774,
    #3782,#3790,#3798,#3806,#3814,#3822,#3830,#3838,#3846,#3854,#3862,
    #3868));
#3725 = ORIENTED_EDGE('',*,*,#1632,.F.);
#3726 = ORIENTED_EDGE('',*,*,#3727,.T.);
#3727 = EDGE_CURVE('',#1625,#3728,#3730,.T.);
#3728 = VERTEX_POINT('',#3729);
#3729 = CARTESIAN_POINT('',(5.526748204702,-4.373220123038,10.));
#3730 = LINE('',#3731,#3732);
#3731 = CARTESIAN_POINT('',(4.6561420532,-3.684324555522,10.));
#3732 = VECTOR('',#3733,1.);
#3733 = DIRECTION('',(0.784192345802,-0.620517819877,0.));
#3734 = ORIENTED_EDGE('',*,*,#3735,.T.);
#3735 = EDGE_CURVE('',#3728,#3736,#3738,.T.);
#3736 = VERTEX_POINT('',#3737);
#3737 = CARTESIAN_POINT('',(5.715534562501,-4.477418396924,10.));
#3738 = LINE('',#3739,#3740);
#3739 = CARTESIAN_POINT('',(5.526748204702,-4.373220123038,10.));
#3740 = VECTOR('',#3741,1.);
#3741 = DIRECTION('',(0.875498655029,-0.483220555277,0.));
#3742 = ORIENTED_EDGE('',*,*,#3743,.T.);
#3743 = EDGE_CURVE('',#3736,#3744,#3746,.T.);
#3744 = VERTEX_POINT('',#3745);
#3745 = CARTESIAN_POINT('',(5.923118780744,-4.557021310887,10.));
#3746 = LINE('',#3747,#3748);
#3747 = CARTESIAN_POINT('',(5.715534562501,-4.477418396924,10.));
#3748 = VECTOR('',#3749,1.);
#3749 = DIRECTION('',(0.933702569081,-0.358049595016,0.));
#3750 = ORIENTED_EDGE('',*,*,#3751,.T.);
#3751 = EDGE_CURVE('',#3744,#3752,#3754,.T.);
#3752 = VERTEX_POINT('',#3753);
#3753 = CARTESIAN_POINT('',(6.143367932193,-4.618932328982,10.));
#3754 = LINE('',#3755,#3756);
#3755 = CARTESIAN_POINT('',(5.923118780744,-4.557021310887,10.));
#3756 = VECTOR('',#3757,1.);
#3757 = DIRECTION('',(0.96268972679,-0.27060763096,0.));
#3758 = ORIENTED_EDGE('',*,*,#3759,.T.);
#3759 = EDGE_CURVE('',#3752,#3760,#3762,.T.);
#3760 = VERTEX_POINT('',#3761);
#3761 = CARTESIAN_POINT('',(6.374002324174,-4.66517775456,10.));
#3762 = LINE('',#3763,#3764);
#3763 = CARTESIAN_POINT('',(6.143367932193,-4.618932328982,10.));
#3764 = VECTOR('',#3765,1.);
#3765 = DIRECTION('',(0.980483638013,-0.196600700888,0.));
#3766 = ORIENTED_EDGE('',*,*,#3767,.T.);
#3767 = EDGE_CURVE('',#3760,#3768,#3770,.T.);
#3768 = VERTEX_POINT('',#3769);
#3769 = CARTESIAN_POINT('',(6.613595857206,-4.696698868022,10.));
#3770 = LINE('',#3771,#3772);
#3771 = CARTESIAN_POINT('',(6.374002324174,-4.66517775456,10.));
#3772 = VECTOR('',#3773,1.);
#3773 = DIRECTION('',(0.991456624336,-0.130436812516,0.));
#3774 = ORIENTED_EDGE('',*,*,#3775,.T.);
#3775 = EDGE_CURVE('',#3768,#3776,#3778,.T.);
#3776 = VERTEX_POINT('',#3777);
#3777 = CARTESIAN_POINT('',(6.861081310968,-4.713978423964,10.));
#3778 = LINE('',#3779,#3780);
#3779 = CARTESIAN_POINT('',(6.613595857206,-4.696698868022,10.));
#3780 = VECTOR('',#3781,1.);
#3781 = DIRECTION('',(0.997571425203,-6.96509268998E-02,0.));
#3782 = ORIENTED_EDGE('',*,*,#3783,.T.);
#3783 = EDGE_CURVE('',#3776,#3784,#3786,.T.);
#3784 = VERTEX_POINT('',#3785);
#3785 = CARTESIAN_POINT('',(7.115576248577,-4.717261972257,10.));
#3786 = LINE('',#3787,#3788);
#3787 = CARTESIAN_POINT('',(6.861081310968,-4.713978423964,10.));
#3788 = VECTOR('',#3789,1.);
#3789 = DIRECTION('',(0.99991677682,-1.290114080913E-02,0.));
#3790 = ORIENTED_EDGE('',*,*,#3791,.T.);
#3791 = EDGE_CURVE('',#3784,#3792,#3794,.T.);
#3792 = VERTEX_POINT('',#3793);
#3793 = CARTESIAN_POINT('',(7.376304022351,-4.706659002928,10.));
#3794 = LINE('',#3795,#3796);
#3795 = CARTESIAN_POINT('',(7.115576248577,-4.717261972257,10.));
#3796 = VECTOR('',#3797,1.);
#3797 = DIRECTION('',(0.999174129116,4.06332340113E-02,0.));
#3798 = ORIENTED_EDGE('',*,*,#3799,.T.);
#3799 = EDGE_CURVE('',#3792,#3800,#3802,.T.);
#3800 = VERTEX_POINT('',#3801);
#3801 = CARTESIAN_POINT('',(7.764238274662,-4.034737167929,10.));
#3802 = LINE('',#3803,#3804);
#3803 = CARTESIAN_POINT('',(7.376304022351,-4.706659002928,10.));
#3804 = VECTOR('',#3805,1.);
#3805 = DIRECTION('',(0.5,0.866025403784,0.));
#3806 = ORIENTED_EDGE('',*,*,#3807,.T.);
#3807 = EDGE_CURVE('',#3800,#3808,#3810,.T.);
#3808 = VERTEX_POINT('',#3809);
#3809 = CARTESIAN_POINT('',(7.643056828569,-3.803638807704,10.));
#3810 = LINE('',#3811,#3812);
#3811 = CARTESIAN_POINT('',(7.764238274662,-4.034737167929,10.));
#3812 = VECTOR('',#3813,1.);
#3813 = DIRECTION('',(-0.464397651666,0.885626795624,0.));
#3814 = ORIENTED_EDGE('',*,*,#3815,.T.);
#3815 = EDGE_CURVE('',#3808,#3816,#3818,.T.);
#3816 = VERTEX_POINT('',#3817);
#3817 = CARTESIAN_POINT('',(7.512965723529,-3.584881500747,10.));
#3818 = LINE('',#3819,#3820);
#3819 = CARTESIAN_POINT('',(7.643056828569,-3.803638807704,10.));
#3820 = VECTOR('',#3821,1.);
#3821 = DIRECTION('',(-0.511131104088,0.859502759992,0.));
#3822 = ORIENTED_EDGE('',*,*,#3823,.T.);
#3823 = EDGE_CURVE('',#3816,#3824,#3826,.T.);
#3824 = VERTEX_POINT('',#3825);
#3825 = CARTESIAN_POINT('',(7.374258462235,-3.379192588693,10.));
#3826 = LINE('',#3827,#3828);
#3827 = CARTESIAN_POINT('',(7.512965723529,-3.584881500747,10.));
#3828 = VECTOR('',#3829,1.);
#3829 = DIRECTION('',(-0.559105184694,0.829096732866,0.));
#3830 = ORIENTED_EDGE('',*,*,#3831,.T.);
#3831 = EDGE_CURVE('',#3824,#3832,#3834,.T.);
#3832 = VERTEX_POINT('',#3833);
#3833 = CARTESIAN_POINT('',(7.227163610706,-3.187459059236,10.));
#3834 = LINE('',#3835,#3836);
#3835 = CARTESIAN_POINT('',(7.374258462235,-3.379192588693,10.));
#3836 = VECTOR('',#3837,1.);
#3837 = DIRECTION('',(-0.608689905396,0.793408217168,0.));
#3838 = ORIENTED_EDGE('',*,*,#3839,.T.);
#3839 = EDGE_CURVE('',#3832,#3840,#3842,.T.);
#3840 = VERTEX_POINT('',#3841);
#3841 = CARTESIAN_POINT('',(7.071796701356,-3.010846529583,10.));
#3842 = LINE('',#3843,#3844);
#3843 = CARTESIAN_POINT('',(7.227163610706,-3.187459059236,10.));
#3844 = VECTOR('',#3845,1.);
#3845 = DIRECTION('',(-0.660503020377,0.75082338807,0.));
#3846 = ORIENTED_EDGE('',*,*,#3847,.T.);
#3847 = EDGE_CURVE('',#3840,#3848,#3850,.T.);
#3848 = VERTEX_POINT('',#3849);
#3849 = CARTESIAN_POINT('',(6.908055611187,-2.851060678313,10.));
#3850 = LINE('',#3851,#3852);
#3851 = CARTESIAN_POINT('',(7.071796701356,-3.010846529583,10.));
#3852 = VECTOR('',#3853,1.);
#3853 = DIRECTION('',(-0.715697946264,0.698409943882,0.));
#3854 = ORIENTED_EDGE('',*,*,#3855,.T.);
#3855 = EDGE_CURVE('',#3848,#3856,#3858,.T.);
#3856 = VERTEX_POINT('',#3857);
#3857 = CARTESIAN_POINT('',(6.735325356358,-2.711088928872,10.));
#3858 = LINE('',#3859,#3860);
#3859 = CARTESIAN_POINT('',(6.908055611187,-2.851060678313,10.));
#3860 = VECTOR('',#3861,1.);
#3861 = DIRECTION('',(-0.776931329639,0.629585346895,0.));
#3862 = ORIENTED_EDGE('',*,*,#3863,.T.);
#3863 = EDGE_CURVE('',#3856,#3704,#3864,.T.);
#3864 = LINE('',#3865,#3866);
#3865 = CARTESIAN_POINT('',(6.735325356359,-2.711088928872,10.));
#3866 = VECTOR('',#3867,1.);
#3867 = DIRECTION('',(-0.856230604015,0.516593798596,0.));
#3868 = ORIENTED_EDGE('',*,*,#3711,.T.);
#3869 = PLANE('',#3870);
#3870 = AXIS2_PLACEMENT_3D('',#3871,#3872,#3873);
#3871 = CARTESIAN_POINT('',(6.215115133526,-3.588298395386,10.));
#3872 = DIRECTION('',(0.,0.,1.));
#3873 = DIRECTION('',(1.,0.,0.));
#3874 = ADVANCED_FACE('',(#3875),#3886,.F.);
#3875 = FACE_BOUND('',#3876,.F.);
#3876 = EDGE_LOOP('',(#3877,#3878,#3879,#3880));
#3877 = ORIENTED_EDGE('',*,*,#2145,.F.);
#3878 = ORIENTED_EDGE('',*,*,#1624,.T.);
#3879 = ORIENTED_EDGE('',*,*,#3727,.T.);
#3880 = ORIENTED_EDGE('',*,*,#3881,.F.);
#3881 = EDGE_CURVE('',#2138,#3728,#3882,.T.);
#3882 = LINE('',#3883,#3884);
#3883 = CARTESIAN_POINT('',(5.526748204702,-4.373220123038,0.));
#3884 = VECTOR('',#3885,1.);
#3885 = DIRECTION('',(0.,0.,1.));
#3886 = PLANE('',#3887);
#3887 = AXIS2_PLACEMENT_3D('',#3888,#3889,#3890);
#3888 = CARTESIAN_POINT('',(4.6561420532,-3.684324555522,0.));
#3889 = DIRECTION('',(0.620517819877,0.784192345802,0.));
#3890 = DIRECTION('',(0.784192345802,-0.620517819877,0.));
#3891 = ADVANCED_FACE('',(#3892),#3910,.F.);
#3892 = FACE_BOUND('',#3893,.F.);
#3893 = EDGE_LOOP('',(#3894,#3895,#3903,#3909));
#3894 = ORIENTED_EDGE('',*,*,#2152,.F.);
#3895 = ORIENTED_EDGE('',*,*,#3896,.T.);
#3896 = EDGE_CURVE('',#2153,#3897,#3899,.T.);
#3897 = VERTEX_POINT('',#3898);
#3898 = CARTESIAN_POINT('',(4.373220123038,-5.526748204702,10.));
#3899 = LINE('',#3900,#3901);
#3900 = CARTESIAN_POINT('',(4.373220123038,-5.526748204702,0.));
#3901 = VECTOR('',#3902,1.);
#3902 = DIRECTION('',(0.,0.,1.));
#3903 = ORIENTED_EDGE('',*,*,#3904,.T.);
#3904 = EDGE_CURVE('',#3897,#1599,#3905,.T.);
#3905 = LINE('',#3906,#3907);
#3906 = CARTESIAN_POINT('',(4.373220123038,-5.526748204702,10.));
#3907 = VECTOR('',#3908,1.);
#3908 = DIRECTION('',(-0.620517819877,0.784192345802,0.));
#3909 = ORIENTED_EDGE('',*,*,#1607,.F.);
#3910 = PLANE('',#3911);
#3911 = AXIS2_PLACEMENT_3D('',#3912,#3913,#3914);
#3912 = CARTESIAN_POINT('',(4.373220123038,-5.526748204702,0.));
#3913 = DIRECTION('',(-0.784192345802,-0.620517819877,0.));
#3914 = DIRECTION('',(-0.620517819877,0.784192345802,0.));
#3915 = ADVANCED_FACE('',(#3916),#4062,.T.);
#3916 = FACE_BOUND('',#3917,.T.);
#3917 = EDGE_LOOP('',(#3918,#3919,#3927,#3935,#3943,#3951,#3959,#3967,
    #3975,#3983,#3991,#3999,#4007,#4015,#4023,#4031,#4039,#4047,#4055,
    #4061));
#3918 = ORIENTED_EDGE('',*,*,#1598,.F.);
#3919 = ORIENTED_EDGE('',*,*,#3920,.T.);
#3920 = EDGE_CURVE('',#1591,#3921,#3923,.T.);
#3921 = VERTEX_POINT('',#3922);
#3922 = CARTESIAN_POINT('',(2.599694284074,-6.550693825243,10.));
#3923 = LINE('',#3924,#3925);
#3924 = CARTESIAN_POINT('',(2.190175023939,-5.518789687469,10.));
#3925 = VECTOR('',#3926,1.);
#3926 = DIRECTION('',(0.368871582979,-0.929480368416,0.));
#3927 = ORIENTED_EDGE('',*,*,#3928,.T.);
#3928 = EDGE_CURVE('',#3921,#3929,#3931,.T.);
#3929 = VERTEX_POINT('',#3930);
#3930 = CARTESIAN_POINT('',(2.711088928872,-6.735325356359,10.));
#3931 = LINE('',#3932,#3933);
#3932 = CARTESIAN_POINT('',(2.599694284074,-6.550693825243,10.));
#3933 = VECTOR('',#3934,1.);
#3934 = DIRECTION('',(0.516593798596,-0.856230604015,0.));
#3935 = ORIENTED_EDGE('',*,*,#3936,.T.);
#3936 = EDGE_CURVE('',#3929,#3937,#3939,.T.);
#3937 = VERTEX_POINT('',#3938);
#3938 = CARTESIAN_POINT('',(2.851060678313,-6.908055611187,10.));
#3939 = LINE('',#3940,#3941);
#3940 = CARTESIAN_POINT('',(2.711088928872,-6.735325356359,10.));
#3941 = VECTOR('',#3942,1.);
#3942 = DIRECTION('',(0.629585346895,-0.776931329639,0.));
#3943 = ORIENTED_EDGE('',*,*,#3944,.T.);
#3944 = EDGE_CURVE('',#3937,#3945,#3947,.T.);
#3945 = VERTEX_POINT('',#3946);
#3946 = CARTESIAN_POINT('',(3.010846529583,-7.071796701356,10.));
#3947 = LINE('',#3948,#3949);
#3948 = CARTESIAN_POINT('',(2.851060678313,-6.908055611187,10.));
#3949 = VECTOR('',#3950,1.);
#3950 = DIRECTION('',(0.698409943882,-0.715697946264,0.));
#3951 = ORIENTED_EDGE('',*,*,#3952,.T.);
#3952 = EDGE_CURVE('',#3945,#3953,#3955,.T.);
#3953 = VERTEX_POINT('',#3954);
#3954 = CARTESIAN_POINT('',(3.187459059236,-7.227163610706,10.));
#3955 = LINE('',#3956,#3957);
#3956 = CARTESIAN_POINT('',(3.010846529583,-7.071796701356,10.));
#3957 = VECTOR('',#3958,1.);
#3958 = DIRECTION('',(0.75082338807,-0.660503020377,0.));
#3959 = ORIENTED_EDGE('',*,*,#3960,.T.);
#3960 = EDGE_CURVE('',#3953,#3961,#3963,.T.);
#3961 = VERTEX_POINT('',#3962);
#3962 = CARTESIAN_POINT('',(3.379192588693,-7.374258462235,10.));
#3963 = LINE('',#3964,#3965);
#3964 = CARTESIAN_POINT('',(3.187459059236,-7.227163610706,10.));
#3965 = VECTOR('',#3966,1.);
#3966 = DIRECTION('',(0.793408217168,-0.608689905396,0.));
#3967 = ORIENTED_EDGE('',*,*,#3968,.T.);
#3968 = EDGE_CURVE('',#3961,#3969,#3971,.T.);
#3969 = VERTEX_POINT('',#3970);
#3970 = CARTESIAN_POINT('',(3.584881500747,-7.512965723529,10.));
#3971 = LINE('',#3972,#3973);
#3972 = CARTESIAN_POINT('',(3.379192588693,-7.374258462235,10.));
#3973 = VECTOR('',#3974,1.);
#3974 = DIRECTION('',(0.829096732866,-0.559105184694,0.));
#3975 = ORIENTED_EDGE('',*,*,#3976,.T.);
#3976 = EDGE_CURVE('',#3969,#3977,#3979,.T.);
#3977 = VERTEX_POINT('',#3978);
#3978 = CARTESIAN_POINT('',(3.803638807704,-7.643056828569,10.));
#3979 = LINE('',#3980,#3981);
#3980 = CARTESIAN_POINT('',(3.584881500747,-7.512965723529,10.));
#3981 = VECTOR('',#3982,1.);
#3982 = DIRECTION('',(0.859502759992,-0.511131104088,0.));
#3983 = ORIENTED_EDGE('',*,*,#3984,.T.);
#3984 = EDGE_CURVE('',#3977,#3985,#3987,.T.);
#3985 = VERTEX_POINT('',#3986);
#3986 = CARTESIAN_POINT('',(4.034737167929,-7.764238274662,10.));
#3987 = LINE('',#3988,#3989);
#3988 = CARTESIAN_POINT('',(3.803638807704,-7.643056828569,10.));
#3989 = VECTOR('',#3990,1.);
#3990 = DIRECTION('',(0.885626795624,-0.464397651666,0.));
#3991 = ORIENTED_EDGE('',*,*,#3992,.T.);
#3992 = EDGE_CURVE('',#3985,#3993,#3995,.T.);
#3993 = VERTEX_POINT('',#3994);
#3994 = CARTESIAN_POINT('',(4.706659002928,-7.376304022351,10.));
#3995 = LINE('',#3996,#3997);
#3996 = CARTESIAN_POINT('',(4.034737167929,-7.764238274662,10.));
#3997 = VECTOR('',#3998,1.);
#3998 = DIRECTION('',(0.866025403784,0.5,0.));
#3999 = ORIENTED_EDGE('',*,*,#4000,.T.);
#4000 = EDGE_CURVE('',#3993,#4001,#4003,.T.);
#4001 = VERTEX_POINT('',#4002);
#4002 = CARTESIAN_POINT('',(4.717261972257,-7.115576248577,10.));
#4003 = LINE('',#4004,#4005);
#4004 = CARTESIAN_POINT('',(4.706659002928,-7.376304022351,10.));
#4005 = VECTOR('',#4006,1.);
#4006 = DIRECTION('',(4.06332340113E-02,0.999174129116,0.));
#4007 = ORIENTED_EDGE('',*,*,#4008,.T.);
#4008 = EDGE_CURVE('',#4001,#4009,#4011,.T.);
#4009 = VERTEX_POINT('',#4010);
#4010 = CARTESIAN_POINT('',(4.713978423964,-6.861081310968,10.));
#4011 = LINE('',#4012,#4013);
#4012 = CARTESIAN_POINT('',(4.717261972257,-7.115576248577,10.));
#4013 = VECTOR('',#4014,1.);
#4014 = DIRECTION('',(-1.290114080913E-02,0.99991677682,0.));
#4015 = ORIENTED_EDGE('',*,*,#4016,.T.);
#4016 = EDGE_CURVE('',#4009,#4017,#4019,.T.);
#4017 = VERTEX_POINT('',#4018);
#4018 = CARTESIAN_POINT('',(4.696698868022,-6.613595857206,10.));
#4019 = LINE('',#4020,#4021);
#4020 = CARTESIAN_POINT('',(4.713978423964,-6.861081310968,10.));
#4021 = VECTOR('',#4022,1.);
#4022 = DIRECTION('',(-6.96509268998E-02,0.997571425203,0.));
#4023 = ORIENTED_EDGE('',*,*,#4024,.T.);
#4024 = EDGE_CURVE('',#4017,#4025,#4027,.T.);
#4025 = VERTEX_POINT('',#4026);
#4026 = CARTESIAN_POINT('',(4.66517775456,-6.374002324174,10.));
#4027 = LINE('',#4028,#4029);
#4028 = CARTESIAN_POINT('',(4.696698868022,-6.613595857206,10.));
#4029 = VECTOR('',#4030,1.);
#4030 = DIRECTION('',(-0.130436812516,0.991456624336,0.));
#4031 = ORIENTED_EDGE('',*,*,#4032,.T.);
#4032 = EDGE_CURVE('',#4025,#4033,#4035,.T.);
#4033 = VERTEX_POINT('',#4034);
#4034 = CARTESIAN_POINT('',(4.618932328982,-6.143367932193,10.));
#4035 = LINE('',#4036,#4037);
#4036 = CARTESIAN_POINT('',(4.66517775456,-6.374002324174,10.));
#4037 = VECTOR('',#4038,1.);
#4038 = DIRECTION('',(-0.196600700888,0.980483638013,0.));
#4039 = ORIENTED_EDGE('',*,*,#4040,.T.);
#4040 = EDGE_CURVE('',#4033,#4041,#4043,.T.);
#4041 = VERTEX_POINT('',#4042);
#4042 = CARTESIAN_POINT('',(4.557021310887,-5.923118780744,10.));
#4043 = LINE('',#4044,#4045);
#4044 = CARTESIAN_POINT('',(4.618932328982,-6.143367932193,10.));
#4045 = VECTOR('',#4046,1.);
#4046 = DIRECTION('',(-0.27060763096,0.96268972679,0.));
#4047 = ORIENTED_EDGE('',*,*,#4048,.T.);
#4048 = EDGE_CURVE('',#4041,#4049,#4051,.T.);
#4049 = VERTEX_POINT('',#4050);
#4050 = CARTESIAN_POINT('',(4.477418396924,-5.715534562501,10.));
#4051 = LINE('',#4052,#4053);
#4052 = CARTESIAN_POINT('',(4.557021310887,-5.923118780744,10.));
#4053 = VECTOR('',#4054,1.);
#4054 = DIRECTION('',(-0.358049595016,0.933702569081,0.));
#4055 = ORIENTED_EDGE('',*,*,#4056,.T.);
#4056 = EDGE_CURVE('',#4049,#3897,#4057,.T.);
#4057 = LINE('',#4058,#4059);
#4058 = CARTESIAN_POINT('',(4.477418396924,-5.715534562501,10.));
#4059 = VECTOR('',#4060,1.);
#4060 = DIRECTION('',(-0.483220555277,0.875498655029,0.));
#4061 = ORIENTED_EDGE('',*,*,#3904,.T.);
#4062 = PLANE('',#4063);
#4063 = AXIS2_PLACEMENT_3D('',#4064,#4065,#4066);
#4064 = CARTESIAN_POINT('',(3.588298395386,-6.215115133526,10.));
#4065 = DIRECTION('',(0.,0.,1.));
#4066 = DIRECTION('',(1.,0.,0.));
#4067 = ADVANCED_FACE('',(#4068),#4079,.F.);
#4068 = FACE_BOUND('',#4069,.F.);
#4069 = EDGE_LOOP('',(#4070,#4071,#4072,#4073));
#4070 = ORIENTED_EDGE('',*,*,#2296,.F.);
#4071 = ORIENTED_EDGE('',*,*,#1590,.T.);
#4072 = ORIENTED_EDGE('',*,*,#3920,.T.);
#4073 = ORIENTED_EDGE('',*,*,#4074,.F.);
#4074 = EDGE_CURVE('',#2289,#3921,#4075,.T.);
#4075 = LINE('',#4076,#4077);
#4076 = CARTESIAN_POINT('',(2.599694284074,-6.550693825243,0.));
#4077 = VECTOR('',#4078,1.);
#4078 = DIRECTION('',(0.,0.,1.));
#4079 = PLANE('',#4080);
#4080 = AXIS2_PLACEMENT_3D('',#4081,#4082,#4083);
#4081 = CARTESIAN_POINT('',(2.190175023939,-5.518789687469,0.));
#4082 = DIRECTION('',(0.929480368416,0.368871582979,0.));
#4083 = DIRECTION('',(0.368871582979,-0.929480368416,0.));
#4084 = ADVANCED_FACE('',(#4085),#4103,.F.);
#4085 = FACE_BOUND('',#4086,.F.);
#4086 = EDGE_LOOP('',(#4087,#4088,#4096,#4102));
#4087 = ORIENTED_EDGE('',*,*,#2303,.F.);
#4088 = ORIENTED_EDGE('',*,*,#4089,.T.);
#4089 = EDGE_CURVE('',#2304,#4090,#4092,.T.);
#4090 = VERTEX_POINT('',#4091);
#4091 = CARTESIAN_POINT('',(1.023945620541,-6.972914407111,10.));
#4092 = LINE('',#4093,#4094);
#4093 = CARTESIAN_POINT('',(1.023945620541,-6.972914407111,0.));
#4094 = VECTOR('',#4095,1.);
#4095 = DIRECTION('',(0.,0.,1.));
#4096 = ORIENTED_EDGE('',*,*,#4097,.T.);
#4097 = EDGE_CURVE('',#4090,#1565,#4098,.T.);
#4098 = LINE('',#4099,#4100);
#4099 = CARTESIAN_POINT('',(1.023945620541,-6.972914407111,10.));
#4100 = VECTOR('',#4101,1.);
#4101 = DIRECTION('',(-0.145288022614,0.989389402857,0.));
#4102 = ORIENTED_EDGE('',*,*,#1573,.F.);
#4103 = PLANE('',#4104);
#4104 = AXIS2_PLACEMENT_3D('',#4105,#4106,#4107);
#4105 = CARTESIAN_POINT('',(1.023945620541,-6.972914407111,0.));
#4106 = DIRECTION('',(-0.989389402857,-0.145288022614,0.));
#4107 = DIRECTION('',(-0.145288022614,0.989389402857,0.));
#4108 = ADVANCED_FACE('',(#4109),#4255,.T.);
#4109 = FACE_BOUND('',#4110,.T.);
#4110 = EDGE_LOOP('',(#4111,#4112,#4120,#4128,#4136,#4144,#4152,#4160,
    #4168,#4176,#4184,#4192,#4200,#4208,#4216,#4224,#4232,#4240,#4248,
    #4254));
#4111 = ORIENTED_EDGE('',*,*,#1564,.F.);
#4112 = ORIENTED_EDGE('',*,*,#4113,.T.);
#4113 = EDGE_CURVE('',#1557,#4114,#4116,.T.);
#4114 = VERTEX_POINT('',#4115);
#4115 = CARTESIAN_POINT('',(-1.023945620541,-6.972914407111,10.));
#4116 = LINE('',#4117,#4118);
#4117 = CARTESIAN_POINT('',(-0.862647634269,-5.874499579461,10.));
#4118 = VECTOR('',#4119,1.);
#4119 = DIRECTION('',(-0.145288022614,-0.989389402857,0.));
#4120 = ORIENTED_EDGE('',*,*,#4121,.T.);
#4121 = EDGE_CURVE('',#4114,#4122,#4124,.T.);
#4122 = VERTEX_POINT('',#4123);
#4123 = CARTESIAN_POINT('',(-1.019790793858,-7.188507325796,10.));
#4124 = LINE('',#4125,#4126);
#4125 = CARTESIAN_POINT('',(-1.023945620541,-6.972914407111,10.));
#4126 = VECTOR('',#4127,1.);
#4127 = DIRECTION('',(1.926805101411E-02,-0.999814353873,0.));
#4128 = ORIENTED_EDGE('',*,*,#4129,.T.);
#4129 = EDGE_CURVE('',#4122,#4130,#4132,.T.);
#4130 = VERTEX_POINT('',#4131);
#4131 = CARTESIAN_POINT('',(-0.984936830443,-7.408081989201,10.));
#4132 = LINE('',#4133,#4134);
#4133 = CARTESIAN_POINT('',(-1.019790793858,-7.188507325796,10.));
#4134 = VECTOR('',#4135,1.);
#4135 = DIRECTION('',(0.156771239442,-0.987634941911,0.));
#4136 = ORIENTED_EDGE('',*,*,#4137,.T.);
#4137 = EDGE_CURVE('',#4130,#4138,#4140,.T.);
#4138 = VERTEX_POINT('',#4139);
#4139 = CARTESIAN_POINT('',(-0.928428769163,-7.629778858564,10.));
#4140 = LINE('',#4141,#4142);
#4141 = CARTESIAN_POINT('',(-0.984936830443,-7.408081989201,10.));
#4142 = VECTOR('',#4143,1.);
#4143 = DIRECTION('',(0.246991780525,-0.969017574842,0.));
#4144 = ORIENTED_EDGE('',*,*,#4145,.T.);
#4145 = EDGE_CURVE('',#4138,#4146,#4148,.T.);
#4146 = VERTEX_POINT('',#4147);
#4147 = CARTESIAN_POINT('',(-0.853161286532,-7.852636813796,10.));
#4148 = LINE('',#4149,#4150);
#4149 = CARTESIAN_POINT('',(-0.928428769163,-7.629778858564,10.));
#4150 = VECTOR('',#4151,1.);
#4151 = DIRECTION('',(0.319980617636,-0.947424088958,0.));
#4152 = ORIENTED_EDGE('',*,*,#4153,.T.);
#4153 = EDGE_CURVE('',#4146,#4154,#4156,.T.);
#4154 = VERTEX_POINT('',#4155);
#4155 = CARTESIAN_POINT('',(-0.760662605029,-8.075891456714,10.));
#4156 = LINE('',#4157,#4158);
#4157 = CARTESIAN_POINT('',(-0.853161286532,-7.852636813796,10.));
#4158 = VECTOR('',#4159,1.);
#4159 = DIRECTION('',(0.38276671894,-0.923845029684,0.));
#4160 = ORIENTED_EDGE('',*,*,#4161,.T.);
#4161 = EDGE_CURVE('',#4154,#4162,#4164,.T.);
#4162 = VERTEX_POINT('',#4163);
#4163 = CARTESIAN_POINT('',(-0.651884412561,-8.298859924712,10.));
#4164 = LINE('',#4165,#4166);
#4165 = CARTESIAN_POINT('',(-0.760662605029,-8.075891456714,10.));
#4166 = VECTOR('',#4167,1.);
#4167 = DIRECTION('',(0.438466240509,-0.898747659765,0.));
#4168 = ORIENTED_EDGE('',*,*,#4169,.T.);
#4169 = EDGE_CURVE('',#4162,#4170,#4172,.T.);
#4170 = VERTEX_POINT('',#4171);
#4171 = CARTESIAN_POINT('',(-0.527480579992,-8.520900779961,10.));
#4172 = LINE('',#4173,#4174);
#4173 = CARTESIAN_POINT('',(-0.651884412561,-8.298859924712,10.));
#4174 = VECTOR('',#4175,1.);
#4175 = DIRECTION('',(0.488785672731,-0.872403900801,0.));
#4176 = ORIENTED_EDGE('',*,*,#4177,.T.);
#4177 = EDGE_CURVE('',#4170,#4178,#4180,.T.);
#4178 = VERTEX_POINT('',#4179);
#4179 = CARTESIAN_POINT('',(-0.387934252311,-8.741396170858,10.));
#4180 = LINE('',#4181,#4182);
#4181 = CARTESIAN_POINT('',(-0.527480579992,-8.520900779961,10.));
#4182 = VECTOR('',#4183,1.);
#4183 = DIRECTION('',(0.534776477449,-0.844993561613,0.));
#4184 = ORIENTED_EDGE('',*,*,#4185,.T.);
#4185 = EDGE_CURVE('',#4178,#4186,#4188,.T.);
#4186 = VERTEX_POINT('',#4187);
#4187 = CARTESIAN_POINT('',(0.387934252311,-8.741396170858,10.));
#4188 = LINE('',#4189,#4190);
#4189 = CARTESIAN_POINT('',(-0.387934252311,-8.741396170858,10.));
#4190 = VECTOR('',#4191,1.);
#4191 = DIRECTION('',(1.,0.,0.));
#4192 = ORIENTED_EDGE('',*,*,#4193,.T.);
#4193 = EDGE_CURVE('',#4186,#4194,#4196,.T.);
#4194 = VERTEX_POINT('',#4195);
#4195 = CARTESIAN_POINT('',(0.527480579992,-8.520900779961,10.));
#4196 = LINE('',#4197,#4198);
#4197 = CARTESIAN_POINT('',(0.387934252311,-8.741396170858,10.));
#4198 = VECTOR('',#4199,1.);
#4199 = DIRECTION('',(0.534776477449,0.844993561613,0.));
#4200 = ORIENTED_EDGE('',*,*,#4201,.T.);
#4201 = EDGE_CURVE('',#4194,#4202,#4204,.T.);
#4202 = VERTEX_POINT('',#4203);
#4203 = CARTESIAN_POINT('',(0.651884412561,-8.298859924712,10.));
#4204 = LINE('',#4205,#4206);
#4205 = CARTESIAN_POINT('',(0.527480579992,-8.520900779961,10.));
#4206 = VECTOR('',#4207,1.);
#4207 = DIRECTION('',(0.488785672731,0.872403900801,0.));
#4208 = ORIENTED_EDGE('',*,*,#4209,.T.);
#4209 = EDGE_CURVE('',#4202,#4210,#4212,.T.);
#4210 = VERTEX_POINT('',#4211);
#4211 = CARTESIAN_POINT('',(0.760662605029,-8.075891456714,10.));
#4212 = LINE('',#4213,#4214);
#4213 = CARTESIAN_POINT('',(0.651884412561,-8.298859924712,10.));
#4214 = VECTOR('',#4215,1.);
#4215 = DIRECTION('',(0.438466240509,0.898747659765,0.));
#4216 = ORIENTED_EDGE('',*,*,#4217,.T.);
#4217 = EDGE_CURVE('',#4210,#4218,#4220,.T.);
#4218 = VERTEX_POINT('',#4219);
#4219 = CARTESIAN_POINT('',(0.853161286532,-7.852636813796,10.));
#4220 = LINE('',#4221,#4222);
#4221 = CARTESIAN_POINT('',(0.760662605029,-8.075891456714,10.));
#4222 = VECTOR('',#4223,1.);
#4223 = DIRECTION('',(0.38276671894,0.923845029684,0.));
#4224 = ORIENTED_EDGE('',*,*,#4225,.T.);
#4225 = EDGE_CURVE('',#4218,#4226,#4228,.T.);
#4226 = VERTEX_POINT('',#4227);
#4227 = CARTESIAN_POINT('',(0.928428769163,-7.629778858564,10.));
#4228 = LINE('',#4229,#4230);
#4229 = CARTESIAN_POINT('',(0.853161286532,-7.852636813796,10.));
#4230 = VECTOR('',#4231,1.);
#4231 = DIRECTION('',(0.319980617636,0.947424088958,0.));
#4232 = ORIENTED_EDGE('',*,*,#4233,.T.);
#4233 = EDGE_CURVE('',#4226,#4234,#4236,.T.);
#4234 = VERTEX_POINT('',#4235);
#4235 = CARTESIAN_POINT('',(0.984936830443,-7.408081989201,10.));
#4236 = LINE('',#4237,#4238);
#4237 = CARTESIAN_POINT('',(0.928428769163,-7.629778858564,10.));
#4238 = VECTOR('',#4239,1.);
#4239 = DIRECTION('',(0.246991780525,0.969017574842,0.));
#4240 = ORIENTED_EDGE('',*,*,#4241,.T.);
#4241 = EDGE_CURVE('',#4234,#4242,#4244,.T.);
#4242 = VERTEX_POINT('',#4243);
#4243 = CARTESIAN_POINT('',(1.019790793858,-7.188507325796,10.));
#4244 = LINE('',#4245,#4246);
#4245 = CARTESIAN_POINT('',(0.984936830443,-7.408081989201,10.));
#4246 = VECTOR('',#4247,1.);
#4247 = DIRECTION('',(0.156771239442,0.987634941911,0.));
#4248 = ORIENTED_EDGE('',*,*,#4249,.T.);
#4249 = EDGE_CURVE('',#4242,#4090,#4250,.T.);
#4250 = LINE('',#4251,#4252);
#4251 = CARTESIAN_POINT('',(1.019790793858,-7.188507325796,10.));
#4252 = VECTOR('',#4253,1.);
#4253 = DIRECTION('',(1.926805101411E-02,0.999814353873,0.));
#4254 = ORIENTED_EDGE('',*,*,#4097,.T.);
#4255 = PLANE('',#4256);
#4256 = AXIS2_PLACEMENT_3D('',#4257,#4258,#4259);
#4257 = CARTESIAN_POINT('',(-1.27E-15,-7.176596790771,10.));
#4258 = DIRECTION('',(0.,0.,1.));
#4259 = DIRECTION('',(1.,0.,0.));
#4260 = ADVANCED_FACE('',(#4261),#4272,.F.);
#4261 = FACE_BOUND('',#4262,.F.);
#4262 = EDGE_LOOP('',(#4263,#4264,#4265,#4266));
#4263 = ORIENTED_EDGE('',*,*,#2447,.F.);
#4264 = ORIENTED_EDGE('',*,*,#1556,.T.);
#4265 = ORIENTED_EDGE('',*,*,#4113,.T.);
#4266 = ORIENTED_EDGE('',*,*,#4267,.F.);
#4267 = EDGE_CURVE('',#2440,#4114,#4268,.T.);
#4268 = LINE('',#4269,#4270);
#4269 = CARTESIAN_POINT('',(-1.023945620541,-6.972914407111,0.));
#4270 = VECTOR('',#4271,1.);
#4271 = DIRECTION('',(0.,0.,1.));
#4272 = PLANE('',#4273);
#4273 = AXIS2_PLACEMENT_3D('',#4274,#4275,#4276);
#4274 = CARTESIAN_POINT('',(-0.862647634269,-5.874499579461,0.));
#4275 = DIRECTION('',(0.989389402857,-0.145288022614,0.));
#4276 = DIRECTION('',(-0.145288022614,-0.989389402857,0.));
#4277 = ADVANCED_FACE('',(#4278),#4296,.F.);
#4278 = FACE_BOUND('',#4279,.F.);
#4279 = EDGE_LOOP('',(#4280,#4281,#4289,#4295));
#4280 = ORIENTED_EDGE('',*,*,#2454,.F.);
#4281 = ORIENTED_EDGE('',*,*,#4282,.T.);
#4282 = EDGE_CURVE('',#2455,#4283,#4285,.T.);
#4283 = VERTEX_POINT('',#4284);
#4284 = CARTESIAN_POINT('',(-2.599694284074,-6.550693825243,10.));
#4285 = LINE('',#4286,#4287);
#4286 = CARTESIAN_POINT('',(-2.599694284074,-6.550693825243,0.));
#4287 = VECTOR('',#4288,1.);
#4288 = DIRECTION('',(0.,0.,1.));
#4289 = ORIENTED_EDGE('',*,*,#4290,.T.);
#4290 = EDGE_CURVE('',#4283,#1531,#4291,.T.);
#4291 = LINE('',#4292,#4293);
#4292 = CARTESIAN_POINT('',(-2.599694284074,-6.550693825243,10.));
#4293 = VECTOR('',#4294,1.);
#4294 = DIRECTION('',(0.368871582979,0.929480368416,0.));
#4295 = ORIENTED_EDGE('',*,*,#1539,.F.);
#4296 = PLANE('',#4297);
#4297 = AXIS2_PLACEMENT_3D('',#4298,#4299,#4300);
#4298 = CARTESIAN_POINT('',(-2.599694284074,-6.550693825243,0.));
#4299 = DIRECTION('',(-0.929480368416,0.368871582979,0.));
#4300 = DIRECTION('',(0.368871582979,0.929480368416,0.));
#4301 = ADVANCED_FACE('',(#4302),#4448,.T.);
#4302 = FACE_BOUND('',#4303,.T.);
#4303 = EDGE_LOOP('',(#4304,#4305,#4313,#4321,#4329,#4337,#4345,#4353,
    #4361,#4369,#4377,#4385,#4393,#4401,#4409,#4417,#4425,#4433,#4441,
    #4447));
#4304 = ORIENTED_EDGE('',*,*,#1530,.F.);
#4305 = ORIENTED_EDGE('',*,*,#4306,.T.);
#4306 = EDGE_CURVE('',#1523,#4307,#4309,.T.);
#4307 = VERTEX_POINT('',#4308);
#4308 = CARTESIAN_POINT('',(-4.373220123038,-5.526748204702,10.));
#4309 = LINE('',#4310,#4311);
#4310 = CARTESIAN_POINT('',(-3.684324555522,-4.6561420532,10.));
#4311 = VECTOR('',#4312,1.);
#4312 = DIRECTION('',(-0.620517819877,-0.784192345802,0.));
#4313 = ORIENTED_EDGE('',*,*,#4314,.T.);
#4314 = EDGE_CURVE('',#4307,#4315,#4317,.T.);
#4315 = VERTEX_POINT('',#4316);
#4316 = CARTESIAN_POINT('',(-4.477418396924,-5.715534562501,10.));
#4317 = LINE('',#4318,#4319);
#4318 = CARTESIAN_POINT('',(-4.373220123038,-5.526748204702,10.));
#4319 = VECTOR('',#4320,1.);
#4320 = DIRECTION('',(-0.483220555277,-0.875498655029,0.));
#4321 = ORIENTED_EDGE('',*,*,#4322,.T.);
#4322 = EDGE_CURVE('',#4315,#4323,#4325,.T.);
#4323 = VERTEX_POINT('',#4324);
#4324 = CARTESIAN_POINT('',(-4.557021310887,-5.923118780744,10.));
#4325 = LINE('',#4326,#4327);
#4326 = CARTESIAN_POINT('',(-4.477418396924,-5.715534562501,10.));
#4327 = VECTOR('',#4328,1.);
#4328 = DIRECTION('',(-0.358049595016,-0.933702569081,0.));
#4329 = ORIENTED_EDGE('',*,*,#4330,.T.);
#4330 = EDGE_CURVE('',#4323,#4331,#4333,.T.);
#4331 = VERTEX_POINT('',#4332);
#4332 = CARTESIAN_POINT('',(-4.618932328982,-6.143367932193,10.));
#4333 = LINE('',#4334,#4335);
#4334 = CARTESIAN_POINT('',(-4.557021310887,-5.923118780744,10.));
#4335 = VECTOR('',#4336,1.);
#4336 = DIRECTION('',(-0.27060763096,-0.96268972679,0.));
#4337 = ORIENTED_EDGE('',*,*,#4338,.T.);
#4338 = EDGE_CURVE('',#4331,#4339,#4341,.T.);
#4339 = VERTEX_POINT('',#4340);
#4340 = CARTESIAN_POINT('',(-4.66517775456,-6.374002324174,10.));
#4341 = LINE('',#4342,#4343);
#4342 = CARTESIAN_POINT('',(-4.618932328982,-6.143367932193,10.));
#4343 = VECTOR('',#4344,1.);
#4344 = DIRECTION('',(-0.196600700888,-0.980483638013,0.));
#4345 = ORIENTED_EDGE('',*,*,#4346,.T.);
#4346 = EDGE_CURVE('',#4339,#4347,#4349,.T.);
#4347 = VERTEX_POINT('',#4348);
#4348 = CARTESIAN_POINT('',(-4.696698868022,-6.613595857206,10.));
#4349 = LINE('',#4350,#4351);
#4350 = CARTESIAN_POINT('',(-4.66517775456,-6.374002324174,10.));
#4351 = VECTOR('',#4352,1.);
#4352 = DIRECTION('',(-0.130436812516,-0.991456624336,0.));
#4353 = ORIENTED_EDGE('',*,*,#4354,.T.);
#4354 = EDGE_CURVE('',#4347,#4355,#4357,.T.);
#4355 = VERTEX_POINT('',#4356);
#4356 = CARTESIAN_POINT('',(-4.713978423964,-6.861081310968,10.));
#4357 = LINE('',#4358,#4359);
#4358 = CARTESIAN_POINT('',(-4.696698868022,-6.613595857206,10.));
#4359 = VECTOR('',#4360,1.);
#4360 = DIRECTION('',(-6.96509268998E-02,-0.997571425203,0.));
#4361 = ORIENTED_EDGE('',*,*,#4362,.T.);
#4362 = EDGE_CURVE('',#4355,#4363,#4365,.T.);
#4363 = VERTEX_POINT('',#4364);
#4364 = CARTESIAN_POINT('',(-4.717261972257,-7.115576248577,10.));
#4365 = LINE('',#4366,#4367);
#4366 = CARTESIAN_POINT('',(-4.713978423964,-6.861081310968,10.));
#4367 = VECTOR('',#4368,1.);
#4368 = DIRECTION('',(-1.290114080914E-02,-0.99991677682,0.));
#4369 = ORIENTED_EDGE('',*,*,#4370,.T.);
#4370 = EDGE_CURVE('',#4363,#4371,#4373,.T.);
#4371 = VERTEX_POINT('',#4372);
#4372 = CARTESIAN_POINT('',(-4.706659002928,-7.376304022351,10.));
#4373 = LINE('',#4374,#4375);
#4374 = CARTESIAN_POINT('',(-4.717261972257,-7.115576248577,10.));
#4375 = VECTOR('',#4376,1.);
#4376 = DIRECTION('',(4.06332340113E-02,-0.999174129116,0.));
#4377 = ORIENTED_EDGE('',*,*,#4378,.T.);
#4378 = EDGE_CURVE('',#4371,#4379,#4381,.T.);
#4379 = VERTEX_POINT('',#4380);
#4380 = CARTESIAN_POINT('',(-4.034737167929,-7.764238274662,10.));
#4381 = LINE('',#4382,#4383);
#4382 = CARTESIAN_POINT('',(-4.706659002928,-7.376304022351,10.));
#4383 = VECTOR('',#4384,1.);
#4384 = DIRECTION('',(0.866025403784,-0.5,0.));
#4385 = ORIENTED_EDGE('',*,*,#4386,.T.);
#4386 = EDGE_CURVE('',#4379,#4387,#4389,.T.);
#4387 = VERTEX_POINT('',#4388);
#4388 = CARTESIAN_POINT('',(-3.803638807704,-7.643056828569,10.));
#4389 = LINE('',#4390,#4391);
#4390 = CARTESIAN_POINT('',(-4.034737167929,-7.764238274662,10.));
#4391 = VECTOR('',#4392,1.);
#4392 = DIRECTION('',(0.885626795624,0.464397651666,0.));
#4393 = ORIENTED_EDGE('',*,*,#4394,.T.);
#4394 = EDGE_CURVE('',#4387,#4395,#4397,.T.);
#4395 = VERTEX_POINT('',#4396);
#4396 = CARTESIAN_POINT('',(-3.584881500747,-7.512965723529,10.));
#4397 = LINE('',#4398,#4399);
#4398 = CARTESIAN_POINT('',(-3.803638807704,-7.643056828569,10.));
#4399 = VECTOR('',#4400,1.);
#4400 = DIRECTION('',(0.859502759992,0.511131104088,0.));
#4401 = ORIENTED_EDGE('',*,*,#4402,.T.);
#4402 = EDGE_CURVE('',#4395,#4403,#4405,.T.);
#4403 = VERTEX_POINT('',#4404);
#4404 = CARTESIAN_POINT('',(-3.379192588693,-7.374258462235,10.));
#4405 = LINE('',#4406,#4407);
#4406 = CARTESIAN_POINT('',(-3.584881500747,-7.512965723529,10.));
#4407 = VECTOR('',#4408,1.);
#4408 = DIRECTION('',(0.829096732866,0.559105184694,0.));
#4409 = ORIENTED_EDGE('',*,*,#4410,.T.);
#4410 = EDGE_CURVE('',#4403,#4411,#4413,.T.);
#4411 = VERTEX_POINT('',#4412);
#4412 = CARTESIAN_POINT('',(-3.187459059236,-7.227163610706,10.));
#4413 = LINE('',#4414,#4415);
#4414 = CARTESIAN_POINT('',(-3.379192588693,-7.374258462235,10.));
#4415 = VECTOR('',#4416,1.);
#4416 = DIRECTION('',(0.793408217168,0.608689905396,0.));
#4417 = ORIENTED_EDGE('',*,*,#4418,.T.);
#4418 = EDGE_CURVE('',#4411,#4419,#4421,.T.);
#4419 = VERTEX_POINT('',#4420);
#4420 = CARTESIAN_POINT('',(-3.010846529583,-7.071796701356,10.));
#4421 = LINE('',#4422,#4423);
#4422 = CARTESIAN_POINT('',(-3.187459059236,-7.227163610706,10.));
#4423 = VECTOR('',#4424,1.);
#4424 = DIRECTION('',(0.75082338807,0.660503020377,0.));
#4425 = ORIENTED_EDGE('',*,*,#4426,.T.);
#4426 = EDGE_CURVE('',#4419,#4427,#4429,.T.);
#4427 = VERTEX_POINT('',#4428);
#4428 = CARTESIAN_POINT('',(-2.851060678313,-6.908055611187,10.));
#4429 = LINE('',#4430,#4431);
#4430 = CARTESIAN_POINT('',(-3.010846529583,-7.071796701356,10.));
#4431 = VECTOR('',#4432,1.);
#4432 = DIRECTION('',(0.698409943882,0.715697946264,0.));
#4433 = ORIENTED_EDGE('',*,*,#4434,.T.);
#4434 = EDGE_CURVE('',#4427,#4435,#4437,.T.);
#4435 = VERTEX_POINT('',#4436);
#4436 = CARTESIAN_POINT('',(-2.711088928872,-6.735325356359,10.));
#4437 = LINE('',#4438,#4439);
#4438 = CARTESIAN_POINT('',(-2.851060678313,-6.908055611187,10.));
#4439 = VECTOR('',#4440,1.);
#4440 = DIRECTION('',(0.629585346895,0.776931329639,0.));
#4441 = ORIENTED_EDGE('',*,*,#4442,.T.);
#4442 = EDGE_CURVE('',#4435,#4283,#4443,.T.);
#4443 = LINE('',#4444,#4445);
#4444 = CARTESIAN_POINT('',(-2.711088928872,-6.735325356359,10.));
#4445 = VECTOR('',#4446,1.);
#4446 = DIRECTION('',(0.516593798596,0.856230604015,0.));
#4447 = ORIENTED_EDGE('',*,*,#4290,.T.);
#4448 = PLANE('',#4449);
#4449 = AXIS2_PLACEMENT_3D('',#4450,#4451,#4452);
#4450 = CARTESIAN_POINT('',(-3.588298395386,-6.215115133526,10.));
#4451 = DIRECTION('',(0.,0.,1.));
#4452 = DIRECTION('',(1.,0.,0.));
#4453 = ADVANCED_FACE('',(#4454),#4465,.F.);
#4454 = FACE_BOUND('',#4455,.F.);
#4455 = EDGE_LOOP('',(#4456,#4457,#4458,#4459));
#4456 = ORIENTED_EDGE('',*,*,#2598,.F.);
#4457 = ORIENTED_EDGE('',*,*,#1522,.T.);
#4458 = ORIENTED_EDGE('',*,*,#4306,.T.);
#4459 = ORIENTED_EDGE('',*,*,#4460,.F.);
#4460 = EDGE_CURVE('',#2591,#4307,#4461,.T.);
#4461 = LINE('',#4462,#4463);
#4462 = CARTESIAN_POINT('',(-4.373220123038,-5.526748204702,0.));
#4463 = VECTOR('',#4464,1.);
#4464 = DIRECTION('',(0.,0.,1.));
#4465 = PLANE('',#4466);
#4466 = AXIS2_PLACEMENT_3D('',#4467,#4468,#4469);
#4467 = CARTESIAN_POINT('',(-3.684324555522,-4.6561420532,0.));
#4468 = DIRECTION('',(0.784192345802,-0.620517819877,0.));
#4469 = DIRECTION('',(-0.620517819877,-0.784192345802,0.));
#4470 = ADVANCED_FACE('',(#4471),#4489,.F.);
#4471 = FACE_BOUND('',#4472,.F.);
#4472 = EDGE_LOOP('',(#4473,#4474,#4482,#4488));
#4473 = ORIENTED_EDGE('',*,*,#2605,.F.);
#4474 = ORIENTED_EDGE('',*,*,#4475,.T.);
#4475 = EDGE_CURVE('',#2606,#4476,#4478,.T.);
#4476 = VERTEX_POINT('',#4477);
#4477 = CARTESIAN_POINT('',(-5.526748204702,-4.373220123038,10.));
#4478 = LINE('',#4479,#4480);
#4479 = CARTESIAN_POINT('',(-5.526748204702,-4.373220123038,0.));
#4480 = VECTOR('',#4481,1.);
#4481 = DIRECTION('',(0.,0.,1.));
#4482 = ORIENTED_EDGE('',*,*,#4483,.T.);
#4483 = EDGE_CURVE('',#4476,#1497,#4484,.T.);
#4484 = LINE('',#4485,#4486);
#4485 = CARTESIAN_POINT('',(-5.526748204702,-4.373220123038,10.));
#4486 = VECTOR('',#4487,1.);
#4487 = DIRECTION('',(0.784192345802,0.620517819877,0.));
#4488 = ORIENTED_EDGE('',*,*,#1505,.F.);
#4489 = PLANE('',#4490);
#4490 = AXIS2_PLACEMENT_3D('',#4491,#4492,#4493);
#4491 = CARTESIAN_POINT('',(-5.526748204702,-4.373220123038,0.));
#4492 = DIRECTION('',(-0.620517819877,0.784192345802,0.));
#4493 = DIRECTION('',(0.784192345802,0.620517819877,0.));
#4494 = ADVANCED_FACE('',(#4495),#4641,.T.);
#4495 = FACE_BOUND('',#4496,.T.);
#4496 = EDGE_LOOP('',(#4497,#4498,#4506,#4514,#4522,#4530,#4538,#4546,
    #4554,#4562,#4570,#4578,#4586,#4594,#4602,#4610,#4618,#4626,#4634,
    #4640));
#4497 = ORIENTED_EDGE('',*,*,#1496,.F.);
#4498 = ORIENTED_EDGE('',*,*,#4499,.T.);
#4499 = EDGE_CURVE('',#1489,#4500,#4502,.T.);
#4500 = VERTEX_POINT('',#4501);
#4501 = CARTESIAN_POINT('',(-6.550693825243,-2.599694284074,10.));
#4502 = LINE('',#4503,#4504);
#4503 = CARTESIAN_POINT('',(-5.518789687469,-2.190175023939,10.));
#4504 = VECTOR('',#4505,1.);
#4505 = DIRECTION('',(-0.929480368416,-0.368871582979,0.));
#4506 = ORIENTED_EDGE('',*,*,#4507,.T.);
#4507 = EDGE_CURVE('',#4500,#4508,#4510,.T.);
#4508 = VERTEX_POINT('',#4509);
#4509 = CARTESIAN_POINT('',(-6.735325356359,-2.711088928872,10.));
#4510 = LINE('',#4511,#4512);
#4511 = CARTESIAN_POINT('',(-6.550693825243,-2.599694284074,10.));
#4512 = VECTOR('',#4513,1.);
#4513 = DIRECTION('',(-0.856230604015,-0.516593798596,0.));
#4514 = ORIENTED_EDGE('',*,*,#4515,.T.);
#4515 = EDGE_CURVE('',#4508,#4516,#4518,.T.);
#4516 = VERTEX_POINT('',#4517);
#4517 = CARTESIAN_POINT('',(-6.908055611187,-2.851060678313,10.));
#4518 = LINE('',#4519,#4520);
#4519 = CARTESIAN_POINT('',(-6.735325356359,-2.711088928872,10.));
#4520 = VECTOR('',#4521,1.);
#4521 = DIRECTION('',(-0.776931329639,-0.629585346895,0.));
#4522 = ORIENTED_EDGE('',*,*,#4523,.T.);
#4523 = EDGE_CURVE('',#4516,#4524,#4526,.T.);
#4524 = VERTEX_POINT('',#4525);
#4525 = CARTESIAN_POINT('',(-7.071796701356,-3.010846529583,10.));
#4526 = LINE('',#4527,#4528);
#4527 = CARTESIAN_POINT('',(-6.908055611187,-2.851060678313,10.));
#4528 = VECTOR('',#4529,1.);
#4529 = DIRECTION('',(-0.715697946264,-0.698409943882,0.));
#4530 = ORIENTED_EDGE('',*,*,#4531,.T.);
#4531 = EDGE_CURVE('',#4524,#4532,#4534,.T.);
#4532 = VERTEX_POINT('',#4533);
#4533 = CARTESIAN_POINT('',(-7.227163610706,-3.187459059236,10.));
#4534 = LINE('',#4535,#4536);
#4535 = CARTESIAN_POINT('',(-7.071796701356,-3.010846529583,10.));
#4536 = VECTOR('',#4537,1.);
#4537 = DIRECTION('',(-0.660503020377,-0.75082338807,0.));
#4538 = ORIENTED_EDGE('',*,*,#4539,.T.);
#4539 = EDGE_CURVE('',#4532,#4540,#4542,.T.);
#4540 = VERTEX_POINT('',#4541);
#4541 = CARTESIAN_POINT('',(-7.374258462235,-3.379192588693,10.));
#4542 = LINE('',#4543,#4544);
#4543 = CARTESIAN_POINT('',(-7.227163610706,-3.187459059236,10.));
#4544 = VECTOR('',#4545,1.);
#4545 = DIRECTION('',(-0.608689905396,-0.793408217167,0.));
#4546 = ORIENTED_EDGE('',*,*,#4547,.T.);
#4547 = EDGE_CURVE('',#4540,#4548,#4550,.T.);
#4548 = VERTEX_POINT('',#4549);
#4549 = CARTESIAN_POINT('',(-7.512965723529,-3.584881500747,10.));
#4550 = LINE('',#4551,#4552);
#4551 = CARTESIAN_POINT('',(-7.374258462235,-3.379192588693,10.));
#4552 = VECTOR('',#4553,1.);
#4553 = DIRECTION('',(-0.559105184694,-0.829096732866,0.));
#4554 = ORIENTED_EDGE('',*,*,#4555,.T.);
#4555 = EDGE_CURVE('',#4548,#4556,#4558,.T.);
#4556 = VERTEX_POINT('',#4557);
#4557 = CARTESIAN_POINT('',(-7.643056828569,-3.803638807704,10.));
#4558 = LINE('',#4559,#4560);
#4559 = CARTESIAN_POINT('',(-7.512965723529,-3.584881500747,10.));
#4560 = VECTOR('',#4561,1.);
#4561 = DIRECTION('',(-0.511131104088,-0.859502759992,0.));
#4562 = ORIENTED_EDGE('',*,*,#4563,.T.);
#4563 = EDGE_CURVE('',#4556,#4564,#4566,.T.);
#4564 = VERTEX_POINT('',#4565);
#4565 = CARTESIAN_POINT('',(-7.764238274662,-4.034737167929,10.));
#4566 = LINE('',#4567,#4568);
#4567 = CARTESIAN_POINT('',(-7.643056828569,-3.803638807704,10.));
#4568 = VECTOR('',#4569,1.);
#4569 = DIRECTION('',(-0.464397651666,-0.885626795624,0.));
#4570 = ORIENTED_EDGE('',*,*,#4571,.T.);
#4571 = EDGE_CURVE('',#4564,#4572,#4574,.T.);
#4572 = VERTEX_POINT('',#4573);
#4573 = CARTESIAN_POINT('',(-7.376304022351,-4.706659002928,10.));
#4574 = LINE('',#4575,#4576);
#4575 = CARTESIAN_POINT('',(-7.764238274662,-4.034737167929,10.));
#4576 = VECTOR('',#4577,1.);
#4577 = DIRECTION('',(0.5,-0.866025403784,0.));
#4578 = ORIENTED_EDGE('',*,*,#4579,.T.);
#4579 = EDGE_CURVE('',#4572,#4580,#4582,.T.);
#4580 = VERTEX_POINT('',#4581);
#4581 = CARTESIAN_POINT('',(-7.115576248577,-4.717261972257,10.));
#4582 = LINE('',#4583,#4584);
#4583 = CARTESIAN_POINT('',(-7.376304022351,-4.706659002928,10.));
#4584 = VECTOR('',#4585,1.);
#4585 = DIRECTION('',(0.999174129116,-4.06332340113E-02,0.));
#4586 = ORIENTED_EDGE('',*,*,#4587,.T.);
#4587 = EDGE_CURVE('',#4580,#4588,#4590,.T.);
#4588 = VERTEX_POINT('',#4589);
#4589 = CARTESIAN_POINT('',(-6.861081310968,-4.713978423964,10.));
#4590 = LINE('',#4591,#4592);
#4591 = CARTESIAN_POINT('',(-7.115576248577,-4.717261972257,10.));
#4592 = VECTOR('',#4593,1.);
#4593 = DIRECTION('',(0.99991677682,1.290114080913E-02,0.));
#4594 = ORIENTED_EDGE('',*,*,#4595,.T.);
#4595 = EDGE_CURVE('',#4588,#4596,#4598,.T.);
#4596 = VERTEX_POINT('',#4597);
#4597 = CARTESIAN_POINT('',(-6.613595857206,-4.696698868022,10.));
#4598 = LINE('',#4599,#4600);
#4599 = CARTESIAN_POINT('',(-6.861081310968,-4.713978423964,10.));
#4600 = VECTOR('',#4601,1.);
#4601 = DIRECTION('',(0.997571425203,6.965092689979E-02,0.));
#4602 = ORIENTED_EDGE('',*,*,#4603,.T.);
#4603 = EDGE_CURVE('',#4596,#4604,#4606,.T.);
#4604 = VERTEX_POINT('',#4605);
#4605 = CARTESIAN_POINT('',(-6.374002324174,-4.66517775456,10.));
#4606 = LINE('',#4607,#4608);
#4607 = CARTESIAN_POINT('',(-6.613595857206,-4.696698868022,10.));
#4608 = VECTOR('',#4609,1.);
#4609 = DIRECTION('',(0.991456624336,0.130436812516,0.));
#4610 = ORIENTED_EDGE('',*,*,#4611,.T.);
#4611 = EDGE_CURVE('',#4604,#4612,#4614,.T.);
#4612 = VERTEX_POINT('',#4613);
#4613 = CARTESIAN_POINT('',(-6.143367932193,-4.618932328982,10.));
#4614 = LINE('',#4615,#4616);
#4615 = CARTESIAN_POINT('',(-6.374002324174,-4.66517775456,10.));
#4616 = VECTOR('',#4617,1.);
#4617 = DIRECTION('',(0.980483638013,0.196600700888,0.));
#4618 = ORIENTED_EDGE('',*,*,#4619,.T.);
#4619 = EDGE_CURVE('',#4612,#4620,#4622,.T.);
#4620 = VERTEX_POINT('',#4621);
#4621 = CARTESIAN_POINT('',(-5.923118780744,-4.557021310887,10.));
#4622 = LINE('',#4623,#4624);
#4623 = CARTESIAN_POINT('',(-6.143367932193,-4.618932328982,10.));
#4624 = VECTOR('',#4625,1.);
#4625 = DIRECTION('',(0.96268972679,0.27060763096,0.));
#4626 = ORIENTED_EDGE('',*,*,#4627,.T.);
#4627 = EDGE_CURVE('',#4620,#4628,#4630,.T.);
#4628 = VERTEX_POINT('',#4629);
#4629 = CARTESIAN_POINT('',(-5.715534562501,-4.477418396924,10.));
#4630 = LINE('',#4631,#4632);
#4631 = CARTESIAN_POINT('',(-5.923118780744,-4.557021310887,10.));
#4632 = VECTOR('',#4633,1.);
#4633 = DIRECTION('',(0.933702569081,0.358049595016,0.));
#4634 = ORIENTED_EDGE('',*,*,#4635,.T.);
#4635 = EDGE_CURVE('',#4628,#4476,#4636,.T.);
#4636 = LINE('',#4637,#4638);
#4637 = CARTESIAN_POINT('',(-5.715534562501,-4.477418396924,10.));
#4638 = VECTOR('',#4639,1.);
#4639 = DIRECTION('',(0.875498655029,0.483220555277,0.));
#4640 = ORIENTED_EDGE('',*,*,#4483,.T.);
#4641 = PLANE('',#4642);
#4642 = AXIS2_PLACEMENT_3D('',#4643,#4644,#4645);
#4643 = CARTESIAN_POINT('',(-6.215115133526,-3.588298395386,10.));
#4644 = DIRECTION('',(0.,0.,1.));
#4645 = DIRECTION('',(1.,0.,0.));
#4646 = ADVANCED_FACE('',(#4647),#4658,.F.);
#4647 = FACE_BOUND('',#4648,.F.);
#4648 = EDGE_LOOP('',(#4649,#4650,#4651,#4652));
#4649 = ORIENTED_EDGE('',*,*,#2749,.F.);
#4650 = ORIENTED_EDGE('',*,*,#1488,.T.);
#4651 = ORIENTED_EDGE('',*,*,#4499,.T.);
#4652 = ORIENTED_EDGE('',*,*,#4653,.F.);
#4653 = EDGE_CURVE('',#2742,#4500,#4654,.T.);
#4654 = LINE('',#4655,#4656);
#4655 = CARTESIAN_POINT('',(-6.550693825243,-2.599694284074,0.));
#4656 = VECTOR('',#4657,1.);
#4657 = DIRECTION('',(0.,0.,1.));
#4658 = PLANE('',#4659);
#4659 = AXIS2_PLACEMENT_3D('',#4660,#4661,#4662);
#4660 = CARTESIAN_POINT('',(-5.518789687469,-2.190175023939,0.));
#4661 = DIRECTION('',(0.368871582979,-0.929480368416,0.));
#4662 = DIRECTION('',(-0.929480368416,-0.368871582979,0.));
#4663 = ADVANCED_FACE('',(#4664),#4682,.F.);
#4664 = FACE_BOUND('',#4665,.F.);
#4665 = EDGE_LOOP('',(#4666,#4667,#4675,#4681));
#4666 = ORIENTED_EDGE('',*,*,#2756,.F.);
#4667 = ORIENTED_EDGE('',*,*,#4668,.T.);
#4668 = EDGE_CURVE('',#2757,#4669,#4671,.T.);
#4669 = VERTEX_POINT('',#4670);
#4670 = CARTESIAN_POINT('',(-6.972914407111,-1.023945620541,10.));
#4671 = LINE('',#4672,#4673);
#4672 = CARTESIAN_POINT('',(-6.972914407111,-1.023945620541,0.));
#4673 = VECTOR('',#4674,1.);
#4674 = DIRECTION('',(0.,0.,1.));
#4675 = ORIENTED_EDGE('',*,*,#4676,.T.);
#4676 = EDGE_CURVE('',#4669,#1463,#4677,.T.);
#4677 = LINE('',#4678,#4679);
#4678 = CARTESIAN_POINT('',(-6.972914407111,-1.023945620541,10.));
#4679 = VECTOR('',#4680,1.);
#4680 = DIRECTION('',(0.989389402857,0.145288022614,0.));
#4681 = ORIENTED_EDGE('',*,*,#1471,.F.);
#4682 = PLANE('',#4683);
#4683 = AXIS2_PLACEMENT_3D('',#4684,#4685,#4686);
#4684 = CARTESIAN_POINT('',(-6.972914407111,-1.023945620541,0.));
#4685 = DIRECTION('',(-0.145288022614,0.989389402857,0.));
#4686 = DIRECTION('',(0.989389402857,0.145288022614,0.));
#4687 = ADVANCED_FACE('',(#4688),#4834,.T.);
#4688 = FACE_BOUND('',#4689,.T.);
#4689 = EDGE_LOOP('',(#4690,#4691,#4699,#4707,#4715,#4723,#4731,#4739,
    #4747,#4755,#4763,#4771,#4779,#4787,#4795,#4803,#4811,#4819,#4827,
    #4833));
#4690 = ORIENTED_EDGE('',*,*,#1462,.F.);
#4691 = ORIENTED_EDGE('',*,*,#4692,.T.);
#4692 = EDGE_CURVE('',#1455,#4693,#4695,.T.);
#4693 = VERTEX_POINT('',#4694);
#4694 = CARTESIAN_POINT('',(-6.972914407111,1.023945620541,10.));
#4695 = LINE('',#4696,#4697);
#4696 = CARTESIAN_POINT('',(-5.874499579461,0.862647634269,10.));
#4697 = VECTOR('',#4698,1.);
#4698 = DIRECTION('',(-0.989389402857,0.145288022614,0.));
#4699 = ORIENTED_EDGE('',*,*,#4700,.T.);
#4700 = EDGE_CURVE('',#4693,#4701,#4703,.T.);
#4701 = VERTEX_POINT('',#4702);
#4702 = CARTESIAN_POINT('',(-7.188507325796,1.019790793858,10.));
#4703 = LINE('',#4704,#4705);
#4704 = CARTESIAN_POINT('',(-6.972914407111,1.023945620541,10.));
#4705 = VECTOR('',#4706,1.);
#4706 = DIRECTION('',(-0.999814353873,-1.92680510141E-02,0.));
#4707 = ORIENTED_EDGE('',*,*,#4708,.T.);
#4708 = EDGE_CURVE('',#4701,#4709,#4711,.T.);
#4709 = VERTEX_POINT('',#4710);
#4710 = CARTESIAN_POINT('',(-7.408081989201,0.984936830443,10.));
#4711 = LINE('',#4712,#4713);
#4712 = CARTESIAN_POINT('',(-7.188507325796,1.019790793858,10.));
#4713 = VECTOR('',#4714,1.);
#4714 = DIRECTION('',(-0.987634941911,-0.156771239442,0.));
#4715 = ORIENTED_EDGE('',*,*,#4716,.T.);
#4716 = EDGE_CURVE('',#4709,#4717,#4719,.T.);
#4717 = VERTEX_POINT('',#4718);
#4718 = CARTESIAN_POINT('',(-7.629778858564,0.928428769163,10.));
#4719 = LINE('',#4720,#4721);
#4720 = CARTESIAN_POINT('',(-7.408081989201,0.984936830443,10.));
#4721 = VECTOR('',#4722,1.);
#4722 = DIRECTION('',(-0.969017574842,-0.246991780525,0.));
#4723 = ORIENTED_EDGE('',*,*,#4724,.T.);
#4724 = EDGE_CURVE('',#4717,#4725,#4727,.T.);
#4725 = VERTEX_POINT('',#4726);
#4726 = CARTESIAN_POINT('',(-7.852636813796,0.853161286532,10.));
#4727 = LINE('',#4728,#4729);
#4728 = CARTESIAN_POINT('',(-7.629778858564,0.928428769163,10.));
#4729 = VECTOR('',#4730,1.);
#4730 = DIRECTION('',(-0.947424088958,-0.319980617636,0.));
#4731 = ORIENTED_EDGE('',*,*,#4732,.T.);
#4732 = EDGE_CURVE('',#4725,#4733,#4735,.T.);
#4733 = VERTEX_POINT('',#4734);
#4734 = CARTESIAN_POINT('',(-8.075891456714,0.760662605029,10.));
#4735 = LINE('',#4736,#4737);
#4736 = CARTESIAN_POINT('',(-7.852636813796,0.853161286532,10.));
#4737 = VECTOR('',#4738,1.);
#4738 = DIRECTION('',(-0.923845029684,-0.38276671894,0.));
#4739 = ORIENTED_EDGE('',*,*,#4740,.T.);
#4740 = EDGE_CURVE('',#4733,#4741,#4743,.T.);
#4741 = VERTEX_POINT('',#4742);
#4742 = CARTESIAN_POINT('',(-8.298859924712,0.651884412561,10.));
#4743 = LINE('',#4744,#4745);
#4744 = CARTESIAN_POINT('',(-8.075891456714,0.760662605029,10.));
#4745 = VECTOR('',#4746,1.);
#4746 = DIRECTION('',(-0.898747659765,-0.438466240509,0.));
#4747 = ORIENTED_EDGE('',*,*,#4748,.T.);
#4748 = EDGE_CURVE('',#4741,#4749,#4751,.T.);
#4749 = VERTEX_POINT('',#4750);
#4750 = CARTESIAN_POINT('',(-8.520900779961,0.527480579992,10.));
#4751 = LINE('',#4752,#4753);
#4752 = CARTESIAN_POINT('',(-8.298859924712,0.651884412561,10.));
#4753 = VECTOR('',#4754,1.);
#4754 = DIRECTION('',(-0.872403900801,-0.488785672731,0.));
#4755 = ORIENTED_EDGE('',*,*,#4756,.T.);
#4756 = EDGE_CURVE('',#4749,#4757,#4759,.T.);
#4757 = VERTEX_POINT('',#4758);
#4758 = CARTESIAN_POINT('',(-8.741396170858,0.387934252311,10.));
#4759 = LINE('',#4760,#4761);
#4760 = CARTESIAN_POINT('',(-8.520900779961,0.527480579992,10.));
#4761 = VECTOR('',#4762,1.);
#4762 = DIRECTION('',(-0.844993561613,-0.534776477449,0.));
#4763 = ORIENTED_EDGE('',*,*,#4764,.T.);
#4764 = EDGE_CURVE('',#4757,#4765,#4767,.T.);
#4765 = VERTEX_POINT('',#4766);
#4766 = CARTESIAN_POINT('',(-8.741396170858,-0.387934252311,10.));
#4767 = LINE('',#4768,#4769);
#4768 = CARTESIAN_POINT('',(-8.741396170858,0.387934252311,10.));
#4769 = VECTOR('',#4770,1.);
#4770 = DIRECTION('',(0.,-1.,0.));
#4771 = ORIENTED_EDGE('',*,*,#4772,.T.);
#4772 = EDGE_CURVE('',#4765,#4773,#4775,.T.);
#4773 = VERTEX_POINT('',#4774);
#4774 = CARTESIAN_POINT('',(-8.520900779961,-0.527480579992,10.));
#4775 = LINE('',#4776,#4777);
#4776 = CARTESIAN_POINT('',(-8.741396170858,-0.387934252311,10.));
#4777 = VECTOR('',#4778,1.);
#4778 = DIRECTION('',(0.844993561613,-0.534776477449,0.));
#4779 = ORIENTED_EDGE('',*,*,#4780,.T.);
#4780 = EDGE_CURVE('',#4773,#4781,#4783,.T.);
#4781 = VERTEX_POINT('',#4782);
#4782 = CARTESIAN_POINT('',(-8.298859924712,-0.651884412561,10.));
#4783 = LINE('',#4784,#4785);
#4784 = CARTESIAN_POINT('',(-8.520900779961,-0.527480579992,10.));
#4785 = VECTOR('',#4786,1.);
#4786 = DIRECTION('',(0.872403900801,-0.488785672731,0.));
#4787 = ORIENTED_EDGE('',*,*,#4788,.T.);
#4788 = EDGE_CURVE('',#4781,#4789,#4791,.T.);
#4789 = VERTEX_POINT('',#4790);
#4790 = CARTESIAN_POINT('',(-8.075891456714,-0.760662605029,10.));
#4791 = LINE('',#4792,#4793);
#4792 = CARTESIAN_POINT('',(-8.298859924712,-0.651884412561,10.));
#4793 = VECTOR('',#4794,1.);
#4794 = DIRECTION('',(0.898747659765,-0.438466240509,0.));
#4795 = ORIENTED_EDGE('',*,*,#4796,.T.);
#4796 = EDGE_CURVE('',#4789,#4797,#4799,.T.);
#4797 = VERTEX_POINT('',#4798);
#4798 = CARTESIAN_POINT('',(-7.852636813796,-0.853161286532,10.));
#4799 = LINE('',#4800,#4801);
#4800 = CARTESIAN_POINT('',(-8.075891456714,-0.760662605029,10.));
#4801 = VECTOR('',#4802,1.);
#4802 = DIRECTION('',(0.923845029684,-0.38276671894,0.));
#4803 = ORIENTED_EDGE('',*,*,#4804,.T.);
#4804 = EDGE_CURVE('',#4797,#4805,#4807,.T.);
#4805 = VERTEX_POINT('',#4806);
#4806 = CARTESIAN_POINT('',(-7.629778858564,-0.928428769163,10.));
#4807 = LINE('',#4808,#4809);
#4808 = CARTESIAN_POINT('',(-7.852636813796,-0.853161286532,10.));
#4809 = VECTOR('',#4810,1.);
#4810 = DIRECTION('',(0.947424088958,-0.319980617636,0.));
#4811 = ORIENTED_EDGE('',*,*,#4812,.T.);
#4812 = EDGE_CURVE('',#4805,#4813,#4815,.T.);
#4813 = VERTEX_POINT('',#4814);
#4814 = CARTESIAN_POINT('',(-7.408081989201,-0.984936830443,10.));
#4815 = LINE('',#4816,#4817);
#4816 = CARTESIAN_POINT('',(-7.629778858564,-0.928428769163,10.));
#4817 = VECTOR('',#4818,1.);
#4818 = DIRECTION('',(0.969017574842,-0.246991780525,0.));
#4819 = ORIENTED_EDGE('',*,*,#4820,.T.);
#4820 = EDGE_CURVE('',#4813,#4821,#4823,.T.);
#4821 = VERTEX_POINT('',#4822);
#4822 = CARTESIAN_POINT('',(-7.188507325796,-1.019790793858,10.));
#4823 = LINE('',#4824,#4825);
#4824 = CARTESIAN_POINT('',(-7.408081989201,-0.984936830443,10.));
#4825 = VECTOR('',#4826,1.);
#4826 = DIRECTION('',(0.987634941911,-0.156771239442,0.));
#4827 = ORIENTED_EDGE('',*,*,#4828,.T.);
#4828 = EDGE_CURVE('',#4821,#4669,#4829,.T.);
#4829 = LINE('',#4830,#4831);
#4830 = CARTESIAN_POINT('',(-7.188507325796,-1.019790793858,10.));
#4831 = VECTOR('',#4832,1.);
#4832 = DIRECTION('',(0.999814353873,-1.92680510141E-02,0.));
#4833 = ORIENTED_EDGE('',*,*,#4676,.T.);
#4834 = PLANE('',#4835);
#4835 = AXIS2_PLACEMENT_3D('',#4836,#4837,#4838);
#4836 = CARTESIAN_POINT('',(-7.176596790771,8.2E-16,10.));
#4837 = DIRECTION('',(0.,0.,1.));
#4838 = DIRECTION('',(1.,0.,0.));
#4839 = ADVANCED_FACE('',(#4840),#4851,.F.);
#4840 = FACE_BOUND('',#4841,.F.);
#4841 = EDGE_LOOP('',(#4842,#4843,#4844,#4845));
#4842 = ORIENTED_EDGE('',*,*,#2900,.F.);
#4843 = ORIENTED_EDGE('',*,*,#1454,.T.);
#4844 = ORIENTED_EDGE('',*,*,#4692,.T.);
#4845 = ORIENTED_EDGE('',*,*,#4846,.F.);
#4846 = EDGE_CURVE('',#2893,#4693,#4847,.T.);
#4847 = LINE('',#4848,#4849);
#4848 = CARTESIAN_POINT('',(-6.972914407111,1.023945620541,0.));
#4849 = VECTOR('',#4850,1.);
#4850 = DIRECTION('',(0.,0.,1.));
#4851 = PLANE('',#4852);
#4852 = AXIS2_PLACEMENT_3D('',#4853,#4854,#4855);
#4853 = CARTESIAN_POINT('',(-5.874499579461,0.862647634269,0.));
#4854 = DIRECTION('',(-0.145288022614,-0.989389402857,0.));
#4855 = DIRECTION('',(-0.989389402857,0.145288022614,0.));
#4856 = ADVANCED_FACE('',(#4857),#4875,.F.);
#4857 = FACE_BOUND('',#4858,.F.);
#4858 = EDGE_LOOP('',(#4859,#4860,#4868,#4874));
#4859 = ORIENTED_EDGE('',*,*,#2907,.F.);
#4860 = ORIENTED_EDGE('',*,*,#4861,.T.);
#4861 = EDGE_CURVE('',#2908,#4862,#4864,.T.);
#4862 = VERTEX_POINT('',#4863);
#4863 = CARTESIAN_POINT('',(-6.550693825243,2.599694284074,10.));
#4864 = LINE('',#4865,#4866);
#4865 = CARTESIAN_POINT('',(-6.550693825243,2.599694284074,0.));
#4866 = VECTOR('',#4867,1.);
#4867 = DIRECTION('',(0.,0.,1.));
#4868 = ORIENTED_EDGE('',*,*,#4869,.T.);
#4869 = EDGE_CURVE('',#4862,#1429,#4870,.T.);
#4870 = LINE('',#4871,#4872);
#4871 = CARTESIAN_POINT('',(-6.550693825243,2.599694284074,10.));
#4872 = VECTOR('',#4873,1.);
#4873 = DIRECTION('',(0.929480368416,-0.368871582979,0.));
#4874 = ORIENTED_EDGE('',*,*,#1437,.F.);
#4875 = PLANE('',#4876);
#4876 = AXIS2_PLACEMENT_3D('',#4877,#4878,#4879);
#4877 = CARTESIAN_POINT('',(-6.550693825243,2.599694284074,0.));
#4878 = DIRECTION('',(0.368871582979,0.929480368416,0.));
#4879 = DIRECTION('',(0.929480368416,-0.368871582979,0.));
#4880 = ADVANCED_FACE('',(#4881),#5027,.T.);
#4881 = FACE_BOUND('',#4882,.T.);
#4882 = EDGE_LOOP('',(#4883,#4884,#4892,#4900,#4908,#4916,#4924,#4932,
    #4940,#4948,#4956,#4964,#4972,#4980,#4988,#4996,#5004,#5012,#5020,
    #5026));
#4883 = ORIENTED_EDGE('',*,*,#1428,.F.);
#4884 = ORIENTED_EDGE('',*,*,#4885,.T.);
#4885 = EDGE_CURVE('',#1421,#4886,#4888,.T.);
#4886 = VERTEX_POINT('',#4887);
#4887 = CARTESIAN_POINT('',(-5.526748204702,4.373220123038,10.));
#4888 = LINE('',#4889,#4890);
#4889 = CARTESIAN_POINT('',(-4.6561420532,3.684324555522,10.));
#4890 = VECTOR('',#4891,1.);
#4891 = DIRECTION('',(-0.784192345802,0.620517819877,0.));
#4892 = ORIENTED_EDGE('',*,*,#4893,.T.);
#4893 = EDGE_CURVE('',#4886,#4894,#4896,.T.);
#4894 = VERTEX_POINT('',#4895);
#4895 = CARTESIAN_POINT('',(-5.715534562501,4.477418396924,10.));
#4896 = LINE('',#4897,#4898);
#4897 = CARTESIAN_POINT('',(-5.526748204702,4.373220123038,10.));
#4898 = VECTOR('',#4899,1.);
#4899 = DIRECTION('',(-0.875498655029,0.483220555277,0.));
#4900 = ORIENTED_EDGE('',*,*,#4901,.T.);
#4901 = EDGE_CURVE('',#4894,#4902,#4904,.T.);
#4902 = VERTEX_POINT('',#4903);
#4903 = CARTESIAN_POINT('',(-5.923118780744,4.557021310887,10.));
#4904 = LINE('',#4905,#4906);
#4905 = CARTESIAN_POINT('',(-5.715534562501,4.477418396924,10.));
#4906 = VECTOR('',#4907,1.);
#4907 = DIRECTION('',(-0.933702569081,0.358049595016,0.));
#4908 = ORIENTED_EDGE('',*,*,#4909,.T.);
#4909 = EDGE_CURVE('',#4902,#4910,#4912,.T.);
#4910 = VERTEX_POINT('',#4911);
#4911 = CARTESIAN_POINT('',(-6.143367932193,4.618932328982,10.));
#4912 = LINE('',#4913,#4914);
#4913 = CARTESIAN_POINT('',(-5.923118780744,4.557021310887,10.));
#4914 = VECTOR('',#4915,1.);
#4915 = DIRECTION('',(-0.96268972679,0.27060763096,0.));
#4916 = ORIENTED_EDGE('',*,*,#4917,.T.);
#4917 = EDGE_CURVE('',#4910,#4918,#4920,.T.);
#4918 = VERTEX_POINT('',#4919);
#4919 = CARTESIAN_POINT('',(-6.374002324174,4.66517775456,10.));
#4920 = LINE('',#4921,#4922);
#4921 = CARTESIAN_POINT('',(-6.143367932193,4.618932328982,10.));
#4922 = VECTOR('',#4923,1.);
#4923 = DIRECTION('',(-0.980483638013,0.196600700888,0.));
#4924 = ORIENTED_EDGE('',*,*,#4925,.T.);
#4925 = EDGE_CURVE('',#4918,#4926,#4928,.T.);
#4926 = VERTEX_POINT('',#4927);
#4927 = CARTESIAN_POINT('',(-6.613595857206,4.696698868022,10.));
#4928 = LINE('',#4929,#4930);
#4929 = CARTESIAN_POINT('',(-6.374002324174,4.66517775456,10.));
#4930 = VECTOR('',#4931,1.);
#4931 = DIRECTION('',(-0.991456624336,0.130436812516,0.));
#4932 = ORIENTED_EDGE('',*,*,#4933,.T.);
#4933 = EDGE_CURVE('',#4926,#4934,#4936,.T.);
#4934 = VERTEX_POINT('',#4935);
#4935 = CARTESIAN_POINT('',(-6.861081310968,4.713978423964,10.));
#4936 = LINE('',#4937,#4938);
#4937 = CARTESIAN_POINT('',(-6.613595857206,4.696698868022,10.));
#4938 = VECTOR('',#4939,1.);
#4939 = DIRECTION('',(-0.997571425203,6.965092689979E-02,0.));
#4940 = ORIENTED_EDGE('',*,*,#4941,.T.);
#4941 = EDGE_CURVE('',#4934,#4942,#4944,.T.);
#4942 = VERTEX_POINT('',#4943);
#4943 = CARTESIAN_POINT('',(-7.115576248577,4.717261972257,10.));
#4944 = LINE('',#4945,#4946);
#4945 = CARTESIAN_POINT('',(-6.861081310968,4.713978423964,10.));
#4946 = VECTOR('',#4947,1.);
#4947 = DIRECTION('',(-0.99991677682,1.290114080913E-02,0.));
#4948 = ORIENTED_EDGE('',*,*,#4949,.T.);
#4949 = EDGE_CURVE('',#4942,#4950,#4952,.T.);
#4950 = VERTEX_POINT('',#4951);
#4951 = CARTESIAN_POINT('',(-7.376304022351,4.706659002928,10.));
#4952 = LINE('',#4953,#4954);
#4953 = CARTESIAN_POINT('',(-7.115576248577,4.717261972257,10.));
#4954 = VECTOR('',#4955,1.);
#4955 = DIRECTION('',(-0.999174129116,-4.06332340113E-02,0.));
#4956 = ORIENTED_EDGE('',*,*,#4957,.T.);
#4957 = EDGE_CURVE('',#4950,#4958,#4960,.T.);
#4958 = VERTEX_POINT('',#4959);
#4959 = CARTESIAN_POINT('',(-7.764238274662,4.034737167929,10.));
#4960 = LINE('',#4961,#4962);
#4961 = CARTESIAN_POINT('',(-7.376304022351,4.706659002928,10.));
#4962 = VECTOR('',#4963,1.);
#4963 = DIRECTION('',(-0.5,-0.866025403784,0.));
#4964 = ORIENTED_EDGE('',*,*,#4965,.T.);
#4965 = EDGE_CURVE('',#4958,#4966,#4968,.T.);
#4966 = VERTEX_POINT('',#4967);
#4967 = CARTESIAN_POINT('',(-7.643056828569,3.803638807704,10.));
#4968 = LINE('',#4969,#4970);
#4969 = CARTESIAN_POINT('',(-7.764238274662,4.034737167929,10.));
#4970 = VECTOR('',#4971,1.);
#4971 = DIRECTION('',(0.464397651666,-0.885626795624,0.));
#4972 = ORIENTED_EDGE('',*,*,#4973,.T.);
#4973 = EDGE_CURVE('',#4966,#4974,#4976,.T.);
#4974 = VERTEX_POINT('',#4975);
#4975 = CARTESIAN_POINT('',(-7.512965723529,3.584881500747,10.));
#4976 = LINE('',#4977,#4978);
#4977 = CARTESIAN_POINT('',(-7.643056828569,3.803638807704,10.));
#4978 = VECTOR('',#4979,1.);
#4979 = DIRECTION('',(0.511131104088,-0.859502759992,0.));
#4980 = ORIENTED_EDGE('',*,*,#4981,.T.);
#4981 = EDGE_CURVE('',#4974,#4982,#4984,.T.);
#4982 = VERTEX_POINT('',#4983);
#4983 = CARTESIAN_POINT('',(-7.374258462235,3.379192588693,10.));
#4984 = LINE('',#4985,#4986);
#4985 = CARTESIAN_POINT('',(-7.512965723529,3.584881500747,10.));
#4986 = VECTOR('',#4987,1.);
#4987 = DIRECTION('',(0.559105184694,-0.829096732866,0.));
#4988 = ORIENTED_EDGE('',*,*,#4989,.T.);
#4989 = EDGE_CURVE('',#4982,#4990,#4992,.T.);
#4990 = VERTEX_POINT('',#4991);
#4991 = CARTESIAN_POINT('',(-7.227163610706,3.187459059236,10.));
#4992 = LINE('',#4993,#4994);
#4993 = CARTESIAN_POINT('',(-7.374258462235,3.379192588693,10.));
#4994 = VECTOR('',#4995,1.);
#4995 = DIRECTION('',(0.608689905396,-0.793408217167,0.));
#4996 = ORIENTED_EDGE('',*,*,#4997,.T.);
#4997 = EDGE_CURVE('',#4990,#4998,#5000,.T.);
#4998 = VERTEX_POINT('',#4999);
#4999 = CARTESIAN_POINT('',(-7.071796701356,3.010846529583,10.));
#5000 = LINE('',#5001,#5002);
#5001 = CARTESIAN_POINT('',(-7.227163610706,3.187459059236,10.));
#5002 = VECTOR('',#5003,1.);
#5003 = DIRECTION('',(0.660503020377,-0.75082338807,0.));
#5004 = ORIENTED_EDGE('',*,*,#5005,.T.);
#5005 = EDGE_CURVE('',#4998,#5006,#5008,.T.);
#5006 = VERTEX_POINT('',#5007);
#5007 = CARTESIAN_POINT('',(-6.908055611187,2.851060678313,10.));
#5008 = LINE('',#5009,#5010);
#5009 = CARTESIAN_POINT('',(-7.071796701356,3.010846529583,10.));
#5010 = VECTOR('',#5011,1.);
#5011 = DIRECTION('',(0.715697946264,-0.698409943882,0.));
#5012 = ORIENTED_EDGE('',*,*,#5013,.T.);
#5013 = EDGE_CURVE('',#5006,#5014,#5016,.T.);
#5014 = VERTEX_POINT('',#5015);
#5015 = CARTESIAN_POINT('',(-6.735325356359,2.711088928872,10.));
#5016 = LINE('',#5017,#5018);
#5017 = CARTESIAN_POINT('',(-6.908055611187,2.851060678313,10.));
#5018 = VECTOR('',#5019,1.);
#5019 = DIRECTION('',(0.776931329639,-0.629585346895,0.));
#5020 = ORIENTED_EDGE('',*,*,#5021,.T.);
#5021 = EDGE_CURVE('',#5014,#4862,#5022,.T.);
#5022 = LINE('',#5023,#5024);
#5023 = CARTESIAN_POINT('',(-6.735325356359,2.711088928872,10.));
#5024 = VECTOR('',#5025,1.);
#5025 = DIRECTION('',(0.856230604015,-0.516593798596,0.));
#5026 = ORIENTED_EDGE('',*,*,#4869,.T.);
#5027 = PLANE('',#5028);
#5028 = AXIS2_PLACEMENT_3D('',#5029,#5030,#5031);
#5029 = CARTESIAN_POINT('',(-6.215115133526,3.588298395386,10.));
#5030 = DIRECTION('',(0.,0.,1.));
#5031 = DIRECTION('',(1.,0.,0.));
#5032 = ADVANCED_FACE('',(#5033),#5044,.F.);
#5033 = FACE_BOUND('',#5034,.F.);
#5034 = EDGE_LOOP('',(#5035,#5036,#5037,#5038));
#5035 = ORIENTED_EDGE('',*,*,#3051,.F.);
#5036 = ORIENTED_EDGE('',*,*,#1420,.T.);
#5037 = ORIENTED_EDGE('',*,*,#4885,.T.);
#5038 = ORIENTED_EDGE('',*,*,#5039,.F.);
#5039 = EDGE_CURVE('',#3044,#4886,#5040,.T.);
#5040 = LINE('',#5041,#5042);
#5041 = CARTESIAN_POINT('',(-5.526748204702,4.373220123038,0.));
#5042 = VECTOR('',#5043,1.);
#5043 = DIRECTION('',(0.,0.,1.));
#5044 = PLANE('',#5045);
#5045 = AXIS2_PLACEMENT_3D('',#5046,#5047,#5048);
#5046 = CARTESIAN_POINT('',(-4.6561420532,3.684324555522,0.));
#5047 = DIRECTION('',(-0.620517819877,-0.784192345802,0.));
#5048 = DIRECTION('',(-0.784192345802,0.620517819877,0.));
#5049 = ADVANCED_FACE('',(#5050),#5068,.F.);
#5050 = FACE_BOUND('',#5051,.F.);
#5051 = EDGE_LOOP('',(#5052,#5053,#5061,#5067));
#5052 = ORIENTED_EDGE('',*,*,#3058,.F.);
#5053 = ORIENTED_EDGE('',*,*,#5054,.T.);
#5054 = EDGE_CURVE('',#3059,#5055,#5057,.T.);
#5055 = VERTEX_POINT('',#5056);
#5056 = CARTESIAN_POINT('',(-4.373220123038,5.526748204702,10.));
#5057 = LINE('',#5058,#5059);
#5058 = CARTESIAN_POINT('',(-4.373220123038,5.526748204702,0.));
#5059 = VECTOR('',#5060,1.);
#5060 = DIRECTION('',(0.,0.,1.));
#5061 = ORIENTED_EDGE('',*,*,#5062,.T.);
#5062 = EDGE_CURVE('',#5055,#1395,#5063,.T.);
#5063 = LINE('',#5064,#5065);
#5064 = CARTESIAN_POINT('',(-4.373220123038,5.526748204702,10.));
#5065 = VECTOR('',#5066,1.);
#5066 = DIRECTION('',(0.620517819877,-0.784192345802,0.));
#5067 = ORIENTED_EDGE('',*,*,#1403,.F.);
#5068 = PLANE('',#5069);
#5069 = AXIS2_PLACEMENT_3D('',#5070,#5071,#5072);
#5070 = CARTESIAN_POINT('',(-4.373220123038,5.526748204702,0.));
#5071 = DIRECTION('',(0.784192345802,0.620517819877,0.));
#5072 = DIRECTION('',(0.620517819877,-0.784192345802,0.));
#5073 = ADVANCED_FACE('',(#5074),#5220,.T.);
#5074 = FACE_BOUND('',#5075,.T.);
#5075 = EDGE_LOOP('',(#5076,#5077,#5085,#5093,#5101,#5109,#5117,#5125,
    #5133,#5141,#5149,#5157,#5165,#5173,#5181,#5189,#5197,#5205,#5213,
    #5219));
#5076 = ORIENTED_EDGE('',*,*,#1394,.F.);
#5077 = ORIENTED_EDGE('',*,*,#5078,.T.);
#5078 = EDGE_CURVE('',#1387,#5079,#5081,.T.);
#5079 = VERTEX_POINT('',#5080);
#5080 = CARTESIAN_POINT('',(-2.599694284074,6.550693825243,10.));
#5081 = LINE('',#5082,#5083);
#5082 = CARTESIAN_POINT('',(-2.190175023939,5.518789687469,10.));
#5083 = VECTOR('',#5084,1.);
#5084 = DIRECTION('',(-0.368871582979,0.929480368416,0.));
#5085 = ORIENTED_EDGE('',*,*,#5086,.T.);
#5086 = EDGE_CURVE('',#5079,#5087,#5089,.T.);
#5087 = VERTEX_POINT('',#5088);
#5088 = CARTESIAN_POINT('',(-2.711088928872,6.735325356359,10.));
#5089 = LINE('',#5090,#5091);
#5090 = CARTESIAN_POINT('',(-2.599694284074,6.550693825243,10.));
#5091 = VECTOR('',#5092,1.);
#5092 = DIRECTION('',(-0.516593798596,0.856230604015,0.));
#5093 = ORIENTED_EDGE('',*,*,#5094,.T.);
#5094 = EDGE_CURVE('',#5087,#5095,#5097,.T.);
#5095 = VERTEX_POINT('',#5096);
#5096 = CARTESIAN_POINT('',(-2.851060678313,6.908055611187,10.));
#5097 = LINE('',#5098,#5099);
#5098 = CARTESIAN_POINT('',(-2.711088928872,6.735325356359,10.));
#5099 = VECTOR('',#5100,1.);
#5100 = DIRECTION('',(-0.629585346895,0.776931329639,0.));
#5101 = ORIENTED_EDGE('',*,*,#5102,.T.);
#5102 = EDGE_CURVE('',#5095,#5103,#5105,.T.);
#5103 = VERTEX_POINT('',#5104);
#5104 = CARTESIAN_POINT('',(-3.010846529583,7.071796701356,10.));
#5105 = LINE('',#5106,#5107);
#5106 = CARTESIAN_POINT('',(-2.851060678313,6.908055611187,10.));
#5107 = VECTOR('',#5108,1.);
#5108 = DIRECTION('',(-0.698409943882,0.715697946264,0.));
#5109 = ORIENTED_EDGE('',*,*,#5110,.T.);
#5110 = EDGE_CURVE('',#5103,#5111,#5113,.T.);
#5111 = VERTEX_POINT('',#5112);
#5112 = CARTESIAN_POINT('',(-3.187459059236,7.227163610706,10.));
#5113 = LINE('',#5114,#5115);
#5114 = CARTESIAN_POINT('',(-3.010846529583,7.071796701356,10.));
#5115 = VECTOR('',#5116,1.);
#5116 = DIRECTION('',(-0.75082338807,0.660503020377,0.));
#5117 = ORIENTED_EDGE('',*,*,#5118,.T.);
#5118 = EDGE_CURVE('',#5111,#5119,#5121,.T.);
#5119 = VERTEX_POINT('',#5120);
#5120 = CARTESIAN_POINT('',(-3.379192588693,7.374258462235,10.));
#5121 = LINE('',#5122,#5123);
#5122 = CARTESIAN_POINT('',(-3.187459059236,7.227163610706,10.));
#5123 = VECTOR('',#5124,1.);
#5124 = DIRECTION('',(-0.793408217167,0.608689905396,0.));
#5125 = ORIENTED_EDGE('',*,*,#5126,.T.);
#5126 = EDGE_CURVE('',#5119,#5127,#5129,.T.);
#5127 = VERTEX_POINT('',#5128);
#5128 = CARTESIAN_POINT('',(-3.584881500747,7.512965723529,10.));
#5129 = LINE('',#5130,#5131);
#5130 = CARTESIAN_POINT('',(-3.379192588693,7.374258462235,10.));
#5131 = VECTOR('',#5132,1.);
#5132 = DIRECTION('',(-0.829096732866,0.559105184694,0.));
#5133 = ORIENTED_EDGE('',*,*,#5134,.T.);
#5134 = EDGE_CURVE('',#5127,#5135,#5137,.T.);
#5135 = VERTEX_POINT('',#5136);
#5136 = CARTESIAN_POINT('',(-3.803638807704,7.643056828569,10.));
#5137 = LINE('',#5138,#5139);
#5138 = CARTESIAN_POINT('',(-3.584881500747,7.512965723529,10.));
#5139 = VECTOR('',#5140,1.);
#5140 = DIRECTION('',(-0.859502759992,0.511131104088,0.));
#5141 = ORIENTED_EDGE('',*,*,#5142,.T.);
#5142 = EDGE_CURVE('',#5135,#5143,#5145,.T.);
#5143 = VERTEX_POINT('',#5144);
#5144 = CARTESIAN_POINT('',(-4.034737167929,7.764238274662,10.));
#5145 = LINE('',#5146,#5147);
#5146 = CARTESIAN_POINT('',(-3.803638807704,7.643056828569,10.));
#5147 = VECTOR('',#5148,1.);
#5148 = DIRECTION('',(-0.885626795624,0.464397651666,0.));
#5149 = ORIENTED_EDGE('',*,*,#5150,.T.);
#5150 = EDGE_CURVE('',#5143,#5151,#5153,.T.);
#5151 = VERTEX_POINT('',#5152);
#5152 = CARTESIAN_POINT('',(-4.706659002928,7.376304022351,10.));
#5153 = LINE('',#5154,#5155);
#5154 = CARTESIAN_POINT('',(-4.034737167929,7.764238274662,10.));
#5155 = VECTOR('',#5156,1.);
#5156 = DIRECTION('',(-0.866025403784,-0.5,0.));
#5157 = ORIENTED_EDGE('',*,*,#5158,.T.);
#5158 = EDGE_CURVE('',#5151,#5159,#5161,.T.);
#5159 = VERTEX_POINT('',#5160);
#5160 = CARTESIAN_POINT('',(-4.717261972257,7.115576248577,10.));
#5161 = LINE('',#5162,#5163);
#5162 = CARTESIAN_POINT('',(-4.706659002928,7.376304022351,10.));
#5163 = VECTOR('',#5164,1.);
#5164 = DIRECTION('',(-4.06332340113E-02,-0.999174129116,0.));
#5165 = ORIENTED_EDGE('',*,*,#5166,.T.);
#5166 = EDGE_CURVE('',#5159,#5167,#5169,.T.);
#5167 = VERTEX_POINT('',#5168);
#5168 = CARTESIAN_POINT('',(-4.713978423964,6.861081310968,10.));
#5169 = LINE('',#5170,#5171);
#5170 = CARTESIAN_POINT('',(-4.717261972257,7.115576248577,10.));
#5171 = VECTOR('',#5172,1.);
#5172 = DIRECTION('',(1.290114080913E-02,-0.99991677682,0.));
#5173 = ORIENTED_EDGE('',*,*,#5174,.T.);
#5174 = EDGE_CURVE('',#5167,#5175,#5177,.T.);
#5175 = VERTEX_POINT('',#5176);
#5176 = CARTESIAN_POINT('',(-4.696698868022,6.613595857206,10.));
#5177 = LINE('',#5178,#5179);
#5178 = CARTESIAN_POINT('',(-4.713978423964,6.861081310968,10.));
#5179 = VECTOR('',#5180,1.);
#5180 = DIRECTION('',(6.965092689979E-02,-0.997571425203,0.));
#5181 = ORIENTED_EDGE('',*,*,#5182,.T.);
#5182 = EDGE_CURVE('',#5175,#5183,#5185,.T.);
#5183 = VERTEX_POINT('',#5184);
#5184 = CARTESIAN_POINT('',(-4.66517775456,6.374002324174,10.));
#5185 = LINE('',#5186,#5187);
#5186 = CARTESIAN_POINT('',(-4.696698868022,6.613595857206,10.));
#5187 = VECTOR('',#5188,1.);
#5188 = DIRECTION('',(0.130436812516,-0.991456624336,0.));
#5189 = ORIENTED_EDGE('',*,*,#5190,.T.);
#5190 = EDGE_CURVE('',#5183,#5191,#5193,.T.);
#5191 = VERTEX_POINT('',#5192);
#5192 = CARTESIAN_POINT('',(-4.618932328982,6.143367932193,10.));
#5193 = LINE('',#5194,#5195);
#5194 = CARTESIAN_POINT('',(-4.66517775456,6.374002324174,10.));
#5195 = VECTOR('',#5196,1.);
#5196 = DIRECTION('',(0.196600700888,-0.980483638013,0.));
#5197 = ORIENTED_EDGE('',*,*,#5198,.T.);
#5198 = EDGE_CURVE('',#5191,#5199,#5201,.T.);
#5199 = VERTEX_POINT('',#5200);
#5200 = CARTESIAN_POINT('',(-4.557021310887,5.923118780744,10.));
#5201 = LINE('',#5202,#5203);
#5202 = CARTESIAN_POINT('',(-4.618932328982,6.143367932193,10.));
#5203 = VECTOR('',#5204,1.);
#5204 = DIRECTION('',(0.27060763096,-0.96268972679,0.));
#5205 = ORIENTED_EDGE('',*,*,#5206,.T.);
#5206 = EDGE_CURVE('',#5199,#5207,#5209,.T.);
#5207 = VERTEX_POINT('',#5208);
#5208 = CARTESIAN_POINT('',(-4.477418396924,5.715534562501,10.));
#5209 = LINE('',#5210,#5211);
#5210 = CARTESIAN_POINT('',(-4.557021310887,5.923118780744,10.));
#5211 = VECTOR('',#5212,1.);
#5212 = DIRECTION('',(0.358049595016,-0.933702569081,0.));
#5213 = ORIENTED_EDGE('',*,*,#5214,.T.);
#5214 = EDGE_CURVE('',#5207,#5055,#5215,.T.);
#5215 = LINE('',#5216,#5217);
#5216 = CARTESIAN_POINT('',(-4.477418396924,5.715534562501,10.));
#5217 = VECTOR('',#5218,1.);
#5218 = DIRECTION('',(0.483220555277,-0.875498655029,0.));
#5219 = ORIENTED_EDGE('',*,*,#5062,.T.);
#5220 = PLANE('',#5221);
#5221 = AXIS2_PLACEMENT_3D('',#5222,#5223,#5224);
#5222 = CARTESIAN_POINT('',(-3.588298395386,6.215115133526,10.));
#5223 = DIRECTION('',(0.,0.,1.));
#5224 = DIRECTION('',(1.,0.,0.));
#5225 = ADVANCED_FACE('',(#5226),#5237,.F.);
#5226 = FACE_BOUND('',#5227,.F.);
#5227 = EDGE_LOOP('',(#5228,#5229,#5230,#5231));
#5228 = ORIENTED_EDGE('',*,*,#3202,.F.);
#5229 = ORIENTED_EDGE('',*,*,#1386,.T.);
#5230 = ORIENTED_EDGE('',*,*,#5078,.T.);
#5231 = ORIENTED_EDGE('',*,*,#5232,.F.);
#5232 = EDGE_CURVE('',#3195,#5079,#5233,.T.);
#5233 = LINE('',#5234,#5235);
#5234 = CARTESIAN_POINT('',(-2.599694284074,6.550693825243,0.));
#5235 = VECTOR('',#5236,1.);
#5236 = DIRECTION('',(0.,0.,1.));
#5237 = PLANE('',#5238);
#5238 = AXIS2_PLACEMENT_3D('',#5239,#5240,#5241);
#5239 = CARTESIAN_POINT('',(-2.190175023939,5.518789687469,0.));
#5240 = DIRECTION('',(-0.929480368416,-0.368871582979,0.));
#5241 = DIRECTION('',(-0.368871582979,0.929480368416,0.));
#5242 = ADVANCED_FACE('',(#5243),#5261,.F.);
#5243 = FACE_BOUND('',#5244,.F.);
#5244 = EDGE_LOOP('',(#5245,#5246,#5254,#5260));
#5245 = ORIENTED_EDGE('',*,*,#3209,.F.);
#5246 = ORIENTED_EDGE('',*,*,#5247,.T.);
#5247 = EDGE_CURVE('',#3210,#5248,#5250,.T.);
#5248 = VERTEX_POINT('',#5249);
#5249 = CARTESIAN_POINT('',(-1.023945620541,6.972914407111,10.));
#5250 = LINE('',#5251,#5252);
#5251 = CARTESIAN_POINT('',(-1.023945620541,6.972914407111,0.));
#5252 = VECTOR('',#5253,1.);
#5253 = DIRECTION('',(0.,0.,1.));
#5254 = ORIENTED_EDGE('',*,*,#5255,.T.);
#5255 = EDGE_CURVE('',#5248,#1361,#5256,.T.);
#5256 = LINE('',#5257,#5258);
#5257 = CARTESIAN_POINT('',(-1.023945620541,6.972914407111,10.));
#5258 = VECTOR('',#5259,1.);
#5259 = DIRECTION('',(0.145288022614,-0.989389402857,0.));
#5260 = ORIENTED_EDGE('',*,*,#1369,.F.);
#5261 = PLANE('',#5262);
#5262 = AXIS2_PLACEMENT_3D('',#5263,#5264,#5265);
#5263 = CARTESIAN_POINT('',(-1.023945620541,6.972914407111,0.));
#5264 = DIRECTION('',(0.989389402857,0.145288022614,0.));
#5265 = DIRECTION('',(0.145288022614,-0.989389402857,0.));
#5266 = ADVANCED_FACE('',(#5267),#5413,.T.);
#5267 = FACE_BOUND('',#5268,.T.);
#5268 = EDGE_LOOP('',(#5269,#5270,#5278,#5286,#5294,#5302,#5310,#5318,
    #5326,#5334,#5342,#5350,#5358,#5366,#5374,#5382,#5390,#5398,#5406,
    #5412));
#5269 = ORIENTED_EDGE('',*,*,#1360,.F.);
#5270 = ORIENTED_EDGE('',*,*,#5271,.T.);
#5271 = EDGE_CURVE('',#1353,#5272,#5274,.T.);
#5272 = VERTEX_POINT('',#5273);
#5273 = CARTESIAN_POINT('',(1.023945620541,6.972914407111,10.));
#5274 = LINE('',#5275,#5276);
#5275 = CARTESIAN_POINT('',(0.862647634269,5.874499579461,10.));
#5276 = VECTOR('',#5277,1.);
#5277 = DIRECTION('',(0.145288022614,0.989389402857,0.));
#5278 = ORIENTED_EDGE('',*,*,#5279,.T.);
#5279 = EDGE_CURVE('',#5272,#5280,#5282,.T.);
#5280 = VERTEX_POINT('',#5281);
#5281 = CARTESIAN_POINT('',(1.019790793858,7.188507325796,10.));
#5282 = LINE('',#5283,#5284);
#5283 = CARTESIAN_POINT('',(1.023945620541,6.972914407111,10.));
#5284 = VECTOR('',#5285,1.);
#5285 = DIRECTION('',(-1.926805101411E-02,0.999814353873,0.));
#5286 = ORIENTED_EDGE('',*,*,#5287,.T.);
#5287 = EDGE_CURVE('',#5280,#5288,#5290,.T.);
#5288 = VERTEX_POINT('',#5289);
#5289 = CARTESIAN_POINT('',(0.984936830443,7.408081989201,10.));
#5290 = LINE('',#5291,#5292);
#5291 = CARTESIAN_POINT('',(1.019790793858,7.188507325796,10.));
#5292 = VECTOR('',#5293,1.);
#5293 = DIRECTION('',(-0.156771239442,0.987634941911,0.));
#5294 = ORIENTED_EDGE('',*,*,#5295,.T.);
#5295 = EDGE_CURVE('',#5288,#5296,#5298,.T.);
#5296 = VERTEX_POINT('',#5297);
#5297 = CARTESIAN_POINT('',(0.928428769163,7.629778858564,10.));
#5298 = LINE('',#5299,#5300);
#5299 = CARTESIAN_POINT('',(0.984936830443,7.408081989201,10.));
#5300 = VECTOR('',#5301,1.);
#5301 = DIRECTION('',(-0.246991780525,0.969017574842,0.));
#5302 = ORIENTED_EDGE('',*,*,#5303,.T.);
#5303 = EDGE_CURVE('',#5296,#5304,#5306,.T.);
#5304 = VERTEX_POINT('',#5305);
#5305 = CARTESIAN_POINT('',(0.853161286532,7.852636813796,10.));
#5306 = LINE('',#5307,#5308);
#5307 = CARTESIAN_POINT('',(0.928428769163,7.629778858564,10.));
#5308 = VECTOR('',#5309,1.);
#5309 = DIRECTION('',(-0.319980617636,0.947424088958,0.));
#5310 = ORIENTED_EDGE('',*,*,#5311,.T.);
#5311 = EDGE_CURVE('',#5304,#5312,#5314,.T.);
#5312 = VERTEX_POINT('',#5313);
#5313 = CARTESIAN_POINT('',(0.760662605029,8.075891456714,10.));
#5314 = LINE('',#5315,#5316);
#5315 = CARTESIAN_POINT('',(0.853161286532,7.852636813796,10.));
#5316 = VECTOR('',#5317,1.);
#5317 = DIRECTION('',(-0.38276671894,0.923845029684,0.));
#5318 = ORIENTED_EDGE('',*,*,#5319,.T.);
#5319 = EDGE_CURVE('',#5312,#5320,#5322,.T.);
#5320 = VERTEX_POINT('',#5321);
#5321 = CARTESIAN_POINT('',(0.651884412561,8.298859924712,10.));
#5322 = LINE('',#5323,#5324);
#5323 = CARTESIAN_POINT('',(0.760662605029,8.075891456714,10.));
#5324 = VECTOR('',#5325,1.);
#5325 = DIRECTION('',(-0.438466240509,0.898747659765,0.));
#5326 = ORIENTED_EDGE('',*,*,#5327,.T.);
#5327 = EDGE_CURVE('',#5320,#5328,#5330,.T.);
#5328 = VERTEX_POINT('',#5329);
#5329 = CARTESIAN_POINT('',(0.527480579992,8.520900779961,10.));
#5330 = LINE('',#5331,#5332);
#5331 = CARTESIAN_POINT('',(0.651884412561,8.298859924712,10.));
#5332 = VECTOR('',#5333,1.);
#5333 = DIRECTION('',(-0.488785672731,0.872403900801,0.));
#5334 = ORIENTED_EDGE('',*,*,#5335,.T.);
#5335 = EDGE_CURVE('',#5328,#5336,#5338,.T.);
#5336 = VERTEX_POINT('',#5337);
#5337 = CARTESIAN_POINT('',(0.387934252311,8.741396170858,10.));
#5338 = LINE('',#5339,#5340);
#5339 = CARTESIAN_POINT('',(0.527480579992,8.520900779961,10.));
#5340 = VECTOR('',#5341,1.);
#5341 = DIRECTION('',(-0.534776477449,0.844993561613,0.));
#5342 = ORIENTED_EDGE('',*,*,#5343,.T.);
#5343 = EDGE_CURVE('',#5336,#5344,#5346,.T.);
#5344 = VERTEX_POINT('',#5345);
#5345 = CARTESIAN_POINT('',(-0.387934252311,8.741396170858,10.));
#5346 = LINE('',#5347,#5348);
#5347 = CARTESIAN_POINT('',(0.387934252311,8.741396170858,10.));
#5348 = VECTOR('',#5349,1.);
#5349 = DIRECTION('',(-1.,0.,0.));
#5350 = ORIENTED_EDGE('',*,*,#5351,.T.);
#5351 = EDGE_CURVE('',#5344,#5352,#5354,.T.);
#5352 = VERTEX_POINT('',#5353);
#5353 = CARTESIAN_POINT('',(-0.527480579992,8.520900779961,10.));
#5354 = LINE('',#5355,#5356);
#5355 = CARTESIAN_POINT('',(-0.387934252311,8.741396170858,10.));
#5356 = VECTOR('',#5357,1.);
#5357 = DIRECTION('',(-0.534776477449,-0.844993561613,0.));
#5358 = ORIENTED_EDGE('',*,*,#5359,.T.);
#5359 = EDGE_CURVE('',#5352,#5360,#5362,.T.);
#5360 = VERTEX_POINT('',#5361);
#5361 = CARTESIAN_POINT('',(-0.651884412561,8.298859924712,10.));
#5362 = LINE('',#5363,#5364);
#5363 = CARTESIAN_POINT('',(-0.527480579992,8.520900779961,10.));
#5364 = VECTOR('',#5365,1.);
#5365 = DIRECTION('',(-0.488785672731,-0.872403900801,0.));
#5366 = ORIENTED_EDGE('',*,*,#5367,.T.);
#5367 = EDGE_CURVE('',#5360,#5368,#5370,.T.);
#5368 = VERTEX_POINT('',#5369);
#5369 = CARTESIAN_POINT('',(-0.760662605029,8.075891456714,10.));
#5370 = LINE('',#5371,#5372);
#5371 = CARTESIAN_POINT('',(-0.651884412561,8.298859924712,10.));
#5372 = VECTOR('',#5373,1.);
#5373 = DIRECTION('',(-0.438466240509,-0.898747659765,0.));
#5374 = ORIENTED_EDGE('',*,*,#5375,.T.);
#5375 = EDGE_CURVE('',#5368,#5376,#5378,.T.);
#5376 = VERTEX_POINT('',#5377);
#5377 = CARTESIAN_POINT('',(-0.853161286532,7.852636813796,10.));
#5378 = LINE('',#5379,#5380);
#5379 = CARTESIAN_POINT('',(-0.760662605029,8.075891456714,10.));
#5380 = VECTOR('',#5381,1.);
#5381 = DIRECTION('',(-0.38276671894,-0.923845029684,0.));
#5382 = ORIENTED_EDGE('',*,*,#5383,.T.);
#5383 = EDGE_CURVE('',#5376,#5384,#5386,.T.);
#5384 = VERTEX_POINT('',#5385);
#5385 = CARTESIAN_POINT('',(-0.928428769163,7.629778858564,10.));
#5386 = LINE('',#5387,#5388);
#5387 = CARTESIAN_POINT('',(-0.853161286532,7.852636813796,10.));
#5388 = VECTOR('',#5389,1.);
#5389 = DIRECTION('',(-0.319980617636,-0.947424088958,0.));
#5390 = ORIENTED_EDGE('',*,*,#5391,.T.);
#5391 = EDGE_CURVE('',#5384,#5392,#5394,.T.);
#5392 = VERTEX_POINT('',#5393);
#5393 = CARTESIAN_POINT('',(-0.984936830443,7.408081989201,10.));
#5394 = LINE('',#5395,#5396);
#5395 = CARTESIAN_POINT('',(-0.928428769163,7.629778858564,10.));
#5396 = VECTOR('',#5397,1.);
#5397 = DIRECTION('',(-0.246991780525,-0.969017574842,0.));
#5398 = ORIENTED_EDGE('',*,*,#5399,.T.);
#5399 = EDGE_CURVE('',#5392,#5400,#5402,.T.);
#5400 = VERTEX_POINT('',#5401);
#5401 = CARTESIAN_POINT('',(-1.019790793858,7.188507325796,10.));
#5402 = LINE('',#5403,#5404);
#5403 = CARTESIAN_POINT('',(-0.984936830443,7.408081989201,10.));
#5404 = VECTOR('',#5405,1.);
#5405 = DIRECTION('',(-0.156771239442,-0.987634941911,0.));
#5406 = ORIENTED_EDGE('',*,*,#5407,.T.);
#5407 = EDGE_CURVE('',#5400,#5248,#5408,.T.);
#5408 = LINE('',#5409,#5410);
#5409 = CARTESIAN_POINT('',(-1.019790793858,7.188507325796,10.));
#5410 = VECTOR('',#5411,1.);
#5411 = DIRECTION('',(-1.926805101411E-02,-0.999814353873,0.));
#5412 = ORIENTED_EDGE('',*,*,#5255,.T.);
#5413 = PLANE('',#5414);
#5414 = AXIS2_PLACEMENT_3D('',#5415,#5416,#5417);
#5415 = CARTESIAN_POINT('',(2.5E-16,7.176596790771,10.));
#5416 = DIRECTION('',(0.,0.,1.));
#5417 = DIRECTION('',(1.,0.,0.));
#5418 = ADVANCED_FACE('',(#5419),#5430,.F.);
#5419 = FACE_BOUND('',#5420,.F.);
#5420 = EDGE_LOOP('',(#5421,#5422,#5423,#5424));
#5421 = ORIENTED_EDGE('',*,*,#3353,.F.);
#5422 = ORIENTED_EDGE('',*,*,#1352,.T.);
#5423 = ORIENTED_EDGE('',*,*,#5271,.T.);
#5424 = ORIENTED_EDGE('',*,*,#5425,.F.);
#5425 = EDGE_CURVE('',#3346,#5272,#5426,.T.);
#5426 = LINE('',#5427,#5428);
#5427 = CARTESIAN_POINT('',(1.023945620541,6.972914407111,0.));
#5428 = VECTOR('',#5429,1.);
#5429 = DIRECTION('',(0.,0.,1.));
#5430 = PLANE('',#5431);
#5431 = AXIS2_PLACEMENT_3D('',#5432,#5433,#5434);
#5432 = CARTESIAN_POINT('',(0.862647634269,5.874499579461,0.));
#5433 = DIRECTION('',(-0.989389402857,0.145288022614,0.));
#5434 = DIRECTION('',(0.145288022614,0.989389402857,0.));
#5435 = ADVANCED_FACE('',(#5436),#5454,.F.);
#5436 = FACE_BOUND('',#5437,.F.);
#5437 = EDGE_LOOP('',(#5438,#5439,#5447,#5453));
#5438 = ORIENTED_EDGE('',*,*,#3360,.F.);
#5439 = ORIENTED_EDGE('',*,*,#5440,.T.);
#5440 = EDGE_CURVE('',#3361,#5441,#5443,.T.);
#5441 = VERTEX_POINT('',#5442);
#5442 = CARTESIAN_POINT('',(2.599694284074,6.550693825243,10.));
#5443 = LINE('',#5444,#5445);
#5444 = CARTESIAN_POINT('',(2.599694284074,6.550693825243,0.));
#5445 = VECTOR('',#5446,1.);
#5446 = DIRECTION('',(0.,0.,1.));
#5447 = ORIENTED_EDGE('',*,*,#5448,.T.);
#5448 = EDGE_CURVE('',#5441,#1327,#5449,.T.);
#5449 = LINE('',#5450,#5451);
#5450 = CARTESIAN_POINT('',(2.599694284074,6.550693825243,10.));
#5451 = VECTOR('',#5452,1.);
#5452 = DIRECTION('',(-0.368871582979,-0.929480368416,0.));
#5453 = ORIENTED_EDGE('',*,*,#1335,.F.);
#5454 = PLANE('',#5455);
#5455 = AXIS2_PLACEMENT_3D('',#5456,#5457,#5458);
#5456 = CARTESIAN_POINT('',(2.599694284074,6.550693825243,0.));
#5457 = DIRECTION('',(0.929480368416,-0.368871582979,0.));
#5458 = DIRECTION('',(-0.368871582979,-0.929480368416,0.));
#5459 = ADVANCED_FACE('',(#5460),#5606,.T.);
#5460 = FACE_BOUND('',#5461,.T.);
#5461 = EDGE_LOOP('',(#5462,#5463,#5471,#5479,#5487,#5495,#5503,#5511,
    #5519,#5527,#5535,#5543,#5551,#5559,#5567,#5575,#5583,#5591,#5599,
    #5605));
#5462 = ORIENTED_EDGE('',*,*,#1326,.F.);
#5463 = ORIENTED_EDGE('',*,*,#5464,.T.);
#5464 = EDGE_CURVE('',#1319,#5465,#5467,.T.);
#5465 = VERTEX_POINT('',#5466);
#5466 = CARTESIAN_POINT('',(4.373220123038,5.526748204702,10.));
#5467 = LINE('',#5468,#5469);
#5468 = CARTESIAN_POINT('',(3.684324555522,4.6561420532,10.));
#5469 = VECTOR('',#5470,1.);
#5470 = DIRECTION('',(0.620517819877,0.784192345802,0.));
#5471 = ORIENTED_EDGE('',*,*,#5472,.T.);
#5472 = EDGE_CURVE('',#5465,#5473,#5475,.T.);
#5473 = VERTEX_POINT('',#5474);
#5474 = CARTESIAN_POINT('',(4.477418396924,5.715534562501,10.));
#5475 = LINE('',#5476,#5477);
#5476 = CARTESIAN_POINT('',(4.373220123038,5.526748204702,10.));
#5477 = VECTOR('',#5478,1.);
#5478 = DIRECTION('',(0.483220555277,0.875498655029,0.));
#5479 = ORIENTED_EDGE('',*,*,#5480,.T.);
#5480 = EDGE_CURVE('',#5473,#5481,#5483,.T.);
#5481 = VERTEX_POINT('',#5482);
#5482 = CARTESIAN_POINT('',(4.557021310887,5.923118780744,10.));
#5483 = LINE('',#5484,#5485);
#5484 = CARTESIAN_POINT('',(4.477418396924,5.715534562501,10.));
#5485 = VECTOR('',#5486,1.);
#5486 = DIRECTION('',(0.358049595016,0.933702569081,0.));
#5487 = ORIENTED_EDGE('',*,*,#5488,.T.);
#5488 = EDGE_CURVE('',#5481,#5489,#5491,.T.);
#5489 = VERTEX_POINT('',#5490);
#5490 = CARTESIAN_POINT('',(4.618932328982,6.143367932193,10.));
#5491 = LINE('',#5492,#5493);
#5492 = CARTESIAN_POINT('',(4.557021310887,5.923118780744,10.));
#5493 = VECTOR('',#5494,1.);
#5494 = DIRECTION('',(0.27060763096,0.96268972679,0.));
#5495 = ORIENTED_EDGE('',*,*,#5496,.T.);
#5496 = EDGE_CURVE('',#5489,#5497,#5499,.T.);
#5497 = VERTEX_POINT('',#5498);
#5498 = CARTESIAN_POINT('',(4.66517775456,6.374002324174,10.));
#5499 = LINE('',#5500,#5501);
#5500 = CARTESIAN_POINT('',(4.618932328982,6.143367932193,10.));
#5501 = VECTOR('',#5502,1.);
#5502 = DIRECTION('',(0.196600700888,0.980483638013,0.));
#5503 = ORIENTED_EDGE('',*,*,#5504,.T.);
#5504 = EDGE_CURVE('',#5497,#5505,#5507,.T.);
#5505 = VERTEX_POINT('',#5506);
#5506 = CARTESIAN_POINT('',(4.696698868022,6.613595857206,10.));
#5507 = LINE('',#5508,#5509);
#5508 = CARTESIAN_POINT('',(4.66517775456,6.374002324174,10.));
#5509 = VECTOR('',#5510,1.);
#5510 = DIRECTION('',(0.130436812516,0.991456624336,0.));
#5511 = ORIENTED_EDGE('',*,*,#5512,.T.);
#5512 = EDGE_CURVE('',#5505,#5513,#5515,.T.);
#5513 = VERTEX_POINT('',#5514);
#5514 = CARTESIAN_POINT('',(4.713978423964,6.861081310968,10.));
#5515 = LINE('',#5516,#5517);
#5516 = CARTESIAN_POINT('',(4.696698868022,6.613595857206,10.));
#5517 = VECTOR('',#5518,1.);
#5518 = DIRECTION('',(6.96509268998E-02,0.997571425203,0.));
#5519 = ORIENTED_EDGE('',*,*,#5520,.T.);
#5520 = EDGE_CURVE('',#5513,#5521,#5523,.T.);
#5521 = VERTEX_POINT('',#5522);
#5522 = CARTESIAN_POINT('',(4.717261972257,7.115576248577,10.));
#5523 = LINE('',#5524,#5525);
#5524 = CARTESIAN_POINT('',(4.713978423964,6.861081310968,10.));
#5525 = VECTOR('',#5526,1.);
#5526 = DIRECTION('',(1.290114080913E-02,0.99991677682,0.));
#5527 = ORIENTED_EDGE('',*,*,#5528,.T.);
#5528 = EDGE_CURVE('',#5521,#5529,#5531,.T.);
#5529 = VERTEX_POINT('',#5530);
#5530 = CARTESIAN_POINT('',(4.706659002928,7.376304022351,10.));
#5531 = LINE('',#5532,#5533);
#5532 = CARTESIAN_POINT('',(4.717261972257,7.115576248577,10.));
#5533 = VECTOR('',#5534,1.);
#5534 = DIRECTION('',(-4.06332340113E-02,0.999174129116,0.));
#5535 = ORIENTED_EDGE('',*,*,#5536,.T.);
#5536 = EDGE_CURVE('',#5529,#5537,#5539,.T.);
#5537 = VERTEX_POINT('',#5538);
#5538 = CARTESIAN_POINT('',(4.034737167929,7.764238274662,10.));
#5539 = LINE('',#5540,#5541);
#5540 = CARTESIAN_POINT('',(4.706659002928,7.376304022351,10.));
#5541 = VECTOR('',#5542,1.);
#5542 = DIRECTION('',(-0.866025403784,0.5,0.));
#5543 = ORIENTED_EDGE('',*,*,#5544,.T.);
#5544 = EDGE_CURVE('',#5537,#5545,#5547,.T.);
#5545 = VERTEX_POINT('',#5546);
#5546 = CARTESIAN_POINT('',(3.803638807704,7.643056828569,10.));
#5547 = LINE('',#5548,#5549);
#5548 = CARTESIAN_POINT('',(4.034737167929,7.764238274662,10.));
#5549 = VECTOR('',#5550,1.);
#5550 = DIRECTION('',(-0.885626795624,-0.464397651666,0.));
#5551 = ORIENTED_EDGE('',*,*,#5552,.T.);
#5552 = EDGE_CURVE('',#5545,#5553,#5555,.T.);
#5553 = VERTEX_POINT('',#5554);
#5554 = CARTESIAN_POINT('',(3.584881500747,7.512965723529,10.));
#5555 = LINE('',#5556,#5557);
#5556 = CARTESIAN_POINT('',(3.803638807704,7.643056828569,10.));
#5557 = VECTOR('',#5558,1.);
#5558 = DIRECTION('',(-0.859502759992,-0.511131104088,0.));
#5559 = ORIENTED_EDGE('',*,*,#5560,.T.);
#5560 = EDGE_CURVE('',#5553,#5561,#5563,.T.);
#5561 = VERTEX_POINT('',#5562);
#5562 = CARTESIAN_POINT('',(3.379192588693,7.374258462235,10.));
#5563 = LINE('',#5564,#5565);
#5564 = CARTESIAN_POINT('',(3.584881500747,7.512965723529,10.));
#5565 = VECTOR('',#5566,1.);
#5566 = DIRECTION('',(-0.829096732866,-0.559105184694,0.));
#5567 = ORIENTED_EDGE('',*,*,#5568,.T.);
#5568 = EDGE_CURVE('',#5561,#5569,#5571,.T.);
#5569 = VERTEX_POINT('',#5570);
#5570 = CARTESIAN_POINT('',(3.187459059236,7.227163610706,10.));
#5571 = LINE('',#5572,#5573);
#5572 = CARTESIAN_POINT('',(3.379192588693,7.374258462235,10.));
#5573 = VECTOR('',#5574,1.);
#5574 = DIRECTION('',(-0.793408217168,-0.608689905396,0.));
#5575 = ORIENTED_EDGE('',*,*,#5576,.T.);
#5576 = EDGE_CURVE('',#5569,#5577,#5579,.T.);
#5577 = VERTEX_POINT('',#5578);
#5578 = CARTESIAN_POINT('',(3.010846529583,7.071796701356,10.));
#5579 = LINE('',#5580,#5581);
#5580 = CARTESIAN_POINT('',(3.187459059236,7.227163610706,10.));
#5581 = VECTOR('',#5582,1.);
#5582 = DIRECTION('',(-0.75082338807,-0.660503020377,0.));
#5583 = ORIENTED_EDGE('',*,*,#5584,.T.);
#5584 = EDGE_CURVE('',#5577,#5585,#5587,.T.);
#5585 = VERTEX_POINT('',#5586);
#5586 = CARTESIAN_POINT('',(2.851060678313,6.908055611187,10.));
#5587 = LINE('',#5588,#5589);
#5588 = CARTESIAN_POINT('',(3.010846529583,7.071796701356,10.));
#5589 = VECTOR('',#5590,1.);
#5590 = DIRECTION('',(-0.698409943882,-0.715697946264,0.));
#5591 = ORIENTED_EDGE('',*,*,#5592,.T.);
#5592 = EDGE_CURVE('',#5585,#5593,#5595,.T.);
#5593 = VERTEX_POINT('',#5594);
#5594 = CARTESIAN_POINT('',(2.711088928872,6.735325356359,10.));
#5595 = LINE('',#5596,#5597);
#5596 = CARTESIAN_POINT('',(2.851060678313,6.908055611187,10.));
#5597 = VECTOR('',#5598,1.);
#5598 = DIRECTION('',(-0.629585346895,-0.776931329639,0.));
#5599 = ORIENTED_EDGE('',*,*,#5600,.T.);
#5600 = EDGE_CURVE('',#5593,#5441,#5601,.T.);
#5601 = LINE('',#5602,#5603);
#5602 = CARTESIAN_POINT('',(2.711088928872,6.735325356359,10.));
#5603 = VECTOR('',#5604,1.);
#5604 = DIRECTION('',(-0.516593798596,-0.856230604015,0.));
#5605 = ORIENTED_EDGE('',*,*,#5448,.T.);
#5606 = PLANE('',#5607);
#5607 = AXIS2_PLACEMENT_3D('',#5608,#5609,#5610);
#5608 = CARTESIAN_POINT('',(3.588298395386,6.215115133526,10.));
#5609 = DIRECTION('',(0.,0.,1.));
#5610 = DIRECTION('',(1.,0.,0.));
#5611 = ADVANCED_FACE('',(#5612),#5623,.F.);
#5612 = FACE_BOUND('',#5613,.F.);
#5613 = EDGE_LOOP('',(#5614,#5615,#5616,#5617));
#5614 = ORIENTED_EDGE('',*,*,#3504,.F.);
#5615 = ORIENTED_EDGE('',*,*,#1318,.T.);
#5616 = ORIENTED_EDGE('',*,*,#5464,.T.);
#5617 = ORIENTED_EDGE('',*,*,#5618,.F.);
#5618 = EDGE_CURVE('',#3497,#5465,#5619,.T.);
#5619 = LINE('',#5620,#5621);
#5620 = CARTESIAN_POINT('',(4.373220123038,5.526748204702,0.));
#5621 = VECTOR('',#5622,1.);
#5622 = DIRECTION('',(0.,0.,1.));
#5623 = PLANE('',#5624);
#5624 = AXIS2_PLACEMENT_3D('',#5625,#5626,#5627);
#5625 = CARTESIAN_POINT('',(3.684324555522,4.6561420532,0.));
#5626 = DIRECTION('',(-0.784192345802,0.620517819877,0.));
#5627 = DIRECTION('',(0.620517819877,0.784192345802,0.));
#5628 = ADVANCED_FACE('',(#5629),#5647,.F.);
#5629 = FACE_BOUND('',#5630,.F.);
#5630 = EDGE_LOOP('',(#5631,#5632,#5640,#5646));
#5631 = ORIENTED_EDGE('',*,*,#3511,.F.);
#5632 = ORIENTED_EDGE('',*,*,#5633,.T.);
#5633 = EDGE_CURVE('',#3512,#5634,#5636,.T.);
#5634 = VERTEX_POINT('',#5635);
#5635 = CARTESIAN_POINT('',(5.526748204702,4.373220123038,10.));
#5636 = LINE('',#5637,#5638);
#5637 = CARTESIAN_POINT('',(5.526748204702,4.373220123038,0.));
#5638 = VECTOR('',#5639,1.);
#5639 = DIRECTION('',(0.,0.,1.));
#5640 = ORIENTED_EDGE('',*,*,#5641,.T.);
#5641 = EDGE_CURVE('',#5634,#1293,#5642,.T.);
#5642 = LINE('',#5643,#5644);
#5643 = CARTESIAN_POINT('',(5.526748204702,4.373220123038,10.));
#5644 = VECTOR('',#5645,1.);
#5645 = DIRECTION('',(-0.784192345802,-0.620517819877,0.));
#5646 = ORIENTED_EDGE('',*,*,#1301,.F.);
#5647 = PLANE('',#5648);
#5648 = AXIS2_PLACEMENT_3D('',#5649,#5650,#5651);
#5649 = CARTESIAN_POINT('',(5.526748204702,4.373220123038,0.));
#5650 = DIRECTION('',(0.620517819877,-0.784192345802,0.));
#5651 = DIRECTION('',(-0.784192345802,-0.620517819877,0.));
#5652 = ADVANCED_FACE('',(#5653),#5799,.T.);
#5653 = FACE_BOUND('',#5654,.T.);
#5654 = EDGE_LOOP('',(#5655,#5656,#5664,#5672,#5680,#5688,#5696,#5704,
    #5712,#5720,#5728,#5736,#5744,#5752,#5760,#5768,#5776,#5784,#5792,
    #5798));
#5655 = ORIENTED_EDGE('',*,*,#1292,.F.);
#5656 = ORIENTED_EDGE('',*,*,#5657,.T.);
#5657 = EDGE_CURVE('',#1285,#5658,#5660,.T.);
#5658 = VERTEX_POINT('',#5659);
#5659 = CARTESIAN_POINT('',(6.550693825243,2.599694284074,10.));
#5660 = LINE('',#5661,#5662);
#5661 = CARTESIAN_POINT('',(5.518789687469,2.190175023939,10.));
#5662 = VECTOR('',#5663,1.);
#5663 = DIRECTION('',(0.929480368416,0.368871582979,0.));
#5664 = ORIENTED_EDGE('',*,*,#5665,.T.);
#5665 = EDGE_CURVE('',#5658,#5666,#5668,.T.);
#5666 = VERTEX_POINT('',#5667);
#5667 = CARTESIAN_POINT('',(6.735325356358,2.711088928872,10.));
#5668 = LINE('',#5669,#5670);
#5669 = CARTESIAN_POINT('',(6.550693825243,2.599694284074,10.));
#5670 = VECTOR('',#5671,1.);
#5671 = DIRECTION('',(0.856230604015,0.516593798596,0.));
#5672 = ORIENTED_EDGE('',*,*,#5673,.T.);
#5673 = EDGE_CURVE('',#5666,#5674,#5676,.T.);
#5674 = VERTEX_POINT('',#5675);
#5675 = CARTESIAN_POINT('',(6.908055611187,2.851060678313,10.));
#5676 = LINE('',#5677,#5678);
#5677 = CARTESIAN_POINT('',(6.735325356359,2.711088928872,10.));
#5678 = VECTOR('',#5679,1.);
#5679 = DIRECTION('',(0.776931329639,0.629585346895,0.));
#5680 = ORIENTED_EDGE('',*,*,#5681,.T.);
#5681 = EDGE_CURVE('',#5674,#5682,#5684,.T.);
#5682 = VERTEX_POINT('',#5683);
#5683 = CARTESIAN_POINT('',(7.071796701356,3.010846529583,10.));
#5684 = LINE('',#5685,#5686);
#5685 = CARTESIAN_POINT('',(6.908055611187,2.851060678313,10.));
#5686 = VECTOR('',#5687,1.);
#5687 = DIRECTION('',(0.715697946264,0.698409943882,0.));
#5688 = ORIENTED_EDGE('',*,*,#5689,.T.);
#5689 = EDGE_CURVE('',#5682,#5690,#5692,.T.);
#5690 = VERTEX_POINT('',#5691);
#5691 = CARTESIAN_POINT('',(7.227163610706,3.187459059236,10.));
#5692 = LINE('',#5693,#5694);
#5693 = CARTESIAN_POINT('',(7.071796701356,3.010846529583,10.));
#5694 = VECTOR('',#5695,1.);
#5695 = DIRECTION('',(0.660503020377,0.75082338807,0.));
#5696 = ORIENTED_EDGE('',*,*,#5697,.T.);
#5697 = EDGE_CURVE('',#5690,#5698,#5700,.T.);
#5698 = VERTEX_POINT('',#5699);
#5699 = CARTESIAN_POINT('',(7.374258462235,3.379192588693,10.));
#5700 = LINE('',#5701,#5702);
#5701 = CARTESIAN_POINT('',(7.227163610706,3.187459059236,10.));
#5702 = VECTOR('',#5703,1.);
#5703 = DIRECTION('',(0.608689905396,0.793408217168,0.));
#5704 = ORIENTED_EDGE('',*,*,#5705,.T.);
#5705 = EDGE_CURVE('',#5698,#5706,#5708,.T.);
#5706 = VERTEX_POINT('',#5707);
#5707 = CARTESIAN_POINT('',(7.512965723529,3.584881500747,10.));
#5708 = LINE('',#5709,#5710);
#5709 = CARTESIAN_POINT('',(7.374258462235,3.379192588693,10.));
#5710 = VECTOR('',#5711,1.);
#5711 = DIRECTION('',(0.559105184694,0.829096732866,0.));
#5712 = ORIENTED_EDGE('',*,*,#5713,.T.);
#5713 = EDGE_CURVE('',#5706,#5714,#5716,.T.);
#5714 = VERTEX_POINT('',#5715);
#5715 = CARTESIAN_POINT('',(7.643056828569,3.803638807704,10.));
#5716 = LINE('',#5717,#5718);
#5717 = CARTESIAN_POINT('',(7.512965723529,3.584881500747,10.));
#5718 = VECTOR('',#5719,1.);
#5719 = DIRECTION('',(0.511131104088,0.859502759992,0.));
#5720 = ORIENTED_EDGE('',*,*,#5721,.T.);
#5721 = EDGE_CURVE('',#5714,#5722,#5724,.T.);
#5722 = VERTEX_POINT('',#5723);
#5723 = CARTESIAN_POINT('',(7.764238274662,4.034737167929,10.));
#5724 = LINE('',#5725,#5726);
#5725 = CARTESIAN_POINT('',(7.643056828569,3.803638807704,10.));
#5726 = VECTOR('',#5727,1.);
#5727 = DIRECTION('',(0.464397651666,0.885626795624,0.));
#5728 = ORIENTED_EDGE('',*,*,#5729,.T.);
#5729 = EDGE_CURVE('',#5722,#5730,#5732,.T.);
#5730 = VERTEX_POINT('',#5731);
#5731 = CARTESIAN_POINT('',(7.376304022351,4.706659002928,10.));
#5732 = LINE('',#5733,#5734);
#5733 = CARTESIAN_POINT('',(7.764238274662,4.034737167929,10.));
#5734 = VECTOR('',#5735,1.);
#5735 = DIRECTION('',(-0.5,0.866025403784,0.));
#5736 = ORIENTED_EDGE('',*,*,#5737,.T.);
#5737 = EDGE_CURVE('',#5730,#5738,#5740,.T.);
#5738 = VERTEX_POINT('',#5739);
#5739 = CARTESIAN_POINT('',(7.115576248577,4.717261972257,10.));
#5740 = LINE('',#5741,#5742);
#5741 = CARTESIAN_POINT('',(7.376304022351,4.706659002928,10.));
#5742 = VECTOR('',#5743,1.);
#5743 = DIRECTION('',(-0.999174129116,4.06332340113E-02,0.));
#5744 = ORIENTED_EDGE('',*,*,#5745,.T.);
#5745 = EDGE_CURVE('',#5738,#5746,#5748,.T.);
#5746 = VERTEX_POINT('',#5747);
#5747 = CARTESIAN_POINT('',(6.861081310968,4.713978423964,10.));
#5748 = LINE('',#5749,#5750);
#5749 = CARTESIAN_POINT('',(7.115576248577,4.717261972257,10.));
#5750 = VECTOR('',#5751,1.);
#5751 = DIRECTION('',(-0.99991677682,-1.290114080914E-02,0.));
#5752 = ORIENTED_EDGE('',*,*,#5753,.T.);
#5753 = EDGE_CURVE('',#5746,#5754,#5756,.T.);
#5754 = VERTEX_POINT('',#5755);
#5755 = CARTESIAN_POINT('',(6.613595857206,4.696698868022,10.));
#5756 = LINE('',#5757,#5758);
#5757 = CARTESIAN_POINT('',(6.861081310968,4.713978423964,10.));
#5758 = VECTOR('',#5759,1.);
#5759 = DIRECTION('',(-0.997571425203,-6.965092689979E-02,0.));
#5760 = ORIENTED_EDGE('',*,*,#5761,.T.);
#5761 = EDGE_CURVE('',#5754,#5762,#5764,.T.);
#5762 = VERTEX_POINT('',#5763);
#5763 = CARTESIAN_POINT('',(6.374002324174,4.66517775456,10.));
#5764 = LINE('',#5765,#5766);
#5765 = CARTESIAN_POINT('',(6.613595857206,4.696698868022,10.));
#5766 = VECTOR('',#5767,1.);
#5767 = DIRECTION('',(-0.991456624336,-0.130436812516,0.));
#5768 = ORIENTED_EDGE('',*,*,#5769,.T.);
#5769 = EDGE_CURVE('',#5762,#5770,#5772,.T.);
#5770 = VERTEX_POINT('',#5771);
#5771 = CARTESIAN_POINT('',(6.143367932193,4.618932328982,10.));
#5772 = LINE('',#5773,#5774);
#5773 = CARTESIAN_POINT('',(6.374002324174,4.66517775456,10.));
#5774 = VECTOR('',#5775,1.);
#5775 = DIRECTION('',(-0.980483638013,-0.196600700888,0.));
#5776 = ORIENTED_EDGE('',*,*,#5777,.T.);
#5777 = EDGE_CURVE('',#5770,#5778,#5780,.T.);
#5778 = VERTEX_POINT('',#5779);
#5779 = CARTESIAN_POINT('',(5.923118780744,4.557021310887,10.));
#5780 = LINE('',#5781,#5782);
#5781 = CARTESIAN_POINT('',(6.143367932193,4.618932328982,10.));
#5782 = VECTOR('',#5783,1.);
#5783 = DIRECTION('',(-0.96268972679,-0.27060763096,0.));
#5784 = ORIENTED_EDGE('',*,*,#5785,.T.);
#5785 = EDGE_CURVE('',#5778,#5786,#5788,.T.);
#5786 = VERTEX_POINT('',#5787);
#5787 = CARTESIAN_POINT('',(5.715534562501,4.477418396924,10.));
#5788 = LINE('',#5789,#5790);
#5789 = CARTESIAN_POINT('',(5.923118780744,4.557021310887,10.));
#5790 = VECTOR('',#5791,1.);
#5791 = DIRECTION('',(-0.933702569081,-0.358049595016,0.));
#5792 = ORIENTED_EDGE('',*,*,#5793,.T.);
#5793 = EDGE_CURVE('',#5786,#5634,#5794,.T.);
#5794 = LINE('',#5795,#5796);
#5795 = CARTESIAN_POINT('',(5.715534562501,4.477418396924,10.));
#5796 = VECTOR('',#5797,1.);
#5797 = DIRECTION('',(-0.875498655029,-0.483220555277,0.));
#5798 = ORIENTED_EDGE('',*,*,#5641,.T.);
#5799 = PLANE('',#5800);
#5800 = AXIS2_PLACEMENT_3D('',#5801,#5802,#5803);
#5801 = CARTESIAN_POINT('',(6.215115133526,3.588298395386,10.));
#5802 = DIRECTION('',(0.,0.,1.));
#5803 = DIRECTION('',(1.,0.,0.));
#5804 = ADVANCED_FACE('',(#5805),#5816,.F.);
#5805 = FACE_BOUND('',#5806,.F.);
#5806 = EDGE_LOOP('',(#5807,#5808,#5809,#5810));
#5807 = ORIENTED_EDGE('',*,*,#3655,.F.);
#5808 = ORIENTED_EDGE('',*,*,#1284,.T.);
#5809 = ORIENTED_EDGE('',*,*,#5657,.T.);
#5810 = ORIENTED_EDGE('',*,*,#5811,.F.);
#5811 = EDGE_CURVE('',#3648,#5658,#5812,.T.);
#5812 = LINE('',#5813,#5814);
#5813 = CARTESIAN_POINT('',(6.550693825243,2.599694284074,0.));
#5814 = VECTOR('',#5815,1.);
#5815 = DIRECTION('',(0.,0.,1.));
#5816 = PLANE('',#5817);
#5817 = AXIS2_PLACEMENT_3D('',#5818,#5819,#5820);
#5818 = CARTESIAN_POINT('',(5.518789687469,2.190175023939,0.));
#5819 = DIRECTION('',(-0.368871582979,0.929480368416,0.));
#5820 = DIRECTION('',(0.929480368416,0.368871582979,0.));
#5821 = ADVANCED_FACE('',(#5822),#5833,.F.);
#5822 = FACE_BOUND('',#5823,.F.);
#5823 = EDGE_LOOP('',(#5824,#5825,#5831,#5832));
#5824 = ORIENTED_EDGE('',*,*,#1857,.F.);
#5825 = ORIENTED_EDGE('',*,*,#5826,.T.);
#5826 = EDGE_CURVE('',#1858,#1810,#5827,.T.);
#5827 = LINE('',#5828,#5829);
#5828 = CARTESIAN_POINT('',(6.972914407111,1.023945620541,0.));
#5829 = VECTOR('',#5830,1.);
#5830 = DIRECTION('',(0.,0.,1.));
#5831 = ORIENTED_EDGE('',*,*,#1817,.T.);
#5832 = ORIENTED_EDGE('',*,*,#1267,.F.);
#5833 = PLANE('',#5834);
#5834 = AXIS2_PLACEMENT_3D('',#5835,#5836,#5837);
#5835 = CARTESIAN_POINT('',(6.972914407111,1.023945620541,0.));
#5836 = DIRECTION('',(0.145288022614,-0.989389402857,0.));
#5837 = DIRECTION('',(-0.989389402857,-0.145288022614,0.));
#5838 = ADVANCED_FACE('',(#5839,#5850),#5853,.F.);
#5839 = FACE_BOUND('',#5840,.F.);
#5840 = EDGE_LOOP('',(#5841));
#5841 = ORIENTED_EDGE('',*,*,#5842,.T.);
#5842 = EDGE_CURVE('',#5843,#5843,#5845,.T.);
#5843 = VERTEX_POINT('',#5844);
#5844 = CARTESIAN_POINT('',(6.2,-1.518562030943E-15,13.5));
#5845 = CIRCLE('',#5846,6.2);
#5846 = AXIS2_PLACEMENT_3D('',#5847,#5848,#5849);
#5847 = CARTESIAN_POINT('',(0.,0.,13.5));
#5848 = DIRECTION('',(0.,0.,1.));
#5849 = DIRECTION('',(1.,0.,-0.));
#5850 = FACE_BOUND('',#5851,.F.);
#5851 = EDGE_LOOP('',(#5852));
#5852 = ORIENTED_EDGE('',*,*,#1250,.F.);
#5853 = PLANE('',#5854);
#5854 = AXIS2_PLACEMENT_3D('',#5855,#5856,#5857);
#5855 = CARTESIAN_POINT('',(0.,0.,13.5));
#5856 = DIRECTION('',(0.,0.,1.));
#5857 = DIRECTION('',(1.,0.,-0.));
#5858 = ADVANCED_FACE('',(#5859),#5870,.F.);
#5859 = FACE_BOUND('',#5860,.F.);
#5860 = EDGE_LOOP('',(#5861,#5867,#5868,#5869));
#5861 = ORIENTED_EDGE('',*,*,#5862,.T.);
#5862 = EDGE_CURVE('',#1866,#1802,#5863,.T.);
#5863 = LINE('',#5864,#5865);
#5864 = CARTESIAN_POINT('',(7.188507325796,1.019790793858,0.));
#5865 = VECTOR('',#5866,1.);
#5866 = DIRECTION('',(0.,0.,1.));
#5867 = ORIENTED_EDGE('',*,*,#1809,.T.);
#5868 = ORIENTED_EDGE('',*,*,#5826,.F.);
#5869 = ORIENTED_EDGE('',*,*,#1865,.F.);
#5870 = PLANE('',#5871);
#5871 = AXIS2_PLACEMENT_3D('',#5872,#5873,#5874);
#5872 = CARTESIAN_POINT('',(7.188507325796,1.019790793858,0.));
#5873 = DIRECTION('',(-1.92680510141E-02,-0.999814353873,0.));
#5874 = DIRECTION('',(-0.999814353873,1.92680510141E-02,0.));
#5875 = ADVANCED_FACE('',(#5876),#5887,.F.);
#5876 = FACE_BOUND('',#5877,.F.);
#5877 = EDGE_LOOP('',(#5878,#5884,#5885,#5886));
#5878 = ORIENTED_EDGE('',*,*,#5879,.T.);
#5879 = EDGE_CURVE('',#1874,#1794,#5880,.T.);
#5880 = LINE('',#5881,#5882);
#5881 = CARTESIAN_POINT('',(7.408081989201,0.984936830443,0.));
#5882 = VECTOR('',#5883,1.);
#5883 = DIRECTION('',(0.,0.,1.));
#5884 = ORIENTED_EDGE('',*,*,#1801,.T.);
#5885 = ORIENTED_EDGE('',*,*,#5862,.F.);
#5886 = ORIENTED_EDGE('',*,*,#1873,.F.);
#5887 = PLANE('',#5888);
#5888 = AXIS2_PLACEMENT_3D('',#5889,#5890,#5891);
#5889 = CARTESIAN_POINT('',(7.408081989201,0.984936830443,0.));
#5890 = DIRECTION('',(-0.156771239442,-0.987634941911,0.));
#5891 = DIRECTION('',(-0.987634941911,0.156771239442,0.));
#5892 = ADVANCED_FACE('',(#5893),#5904,.F.);
#5893 = FACE_BOUND('',#5894,.F.);
#5894 = EDGE_LOOP('',(#5895,#5901,#5902,#5903));
#5895 = ORIENTED_EDGE('',*,*,#5896,.T.);
#5896 = EDGE_CURVE('',#1882,#1786,#5897,.T.);
#5897 = LINE('',#5898,#5899);
#5898 = CARTESIAN_POINT('',(7.629778858564,0.928428769163,0.));
#5899 = VECTOR('',#5900,1.);
#5900 = DIRECTION('',(0.,0.,1.));
#5901 = ORIENTED_EDGE('',*,*,#1793,.T.);
#5902 = ORIENTED_EDGE('',*,*,#5879,.F.);
#5903 = ORIENTED_EDGE('',*,*,#1881,.F.);
#5904 = PLANE('',#5905);
#5905 = AXIS2_PLACEMENT_3D('',#5906,#5907,#5908);
#5906 = CARTESIAN_POINT('',(7.629778858564,0.928428769163,0.));
#5907 = DIRECTION('',(-0.246991780525,-0.969017574842,0.));
#5908 = DIRECTION('',(-0.969017574842,0.246991780525,0.));
#5909 = ADVANCED_FACE('',(#5910),#5921,.F.);
#5910 = FACE_BOUND('',#5911,.F.);
#5911 = EDGE_LOOP('',(#5912,#5918,#5919,#5920));
#5912 = ORIENTED_EDGE('',*,*,#5913,.T.);
#5913 = EDGE_CURVE('',#1890,#1778,#5914,.T.);
#5914 = LINE('',#5915,#5916);
#5915 = CARTESIAN_POINT('',(7.852636813796,0.853161286532,0.));
#5916 = VECTOR('',#5917,1.);
#5917 = DIRECTION('',(0.,0.,1.));
#5918 = ORIENTED_EDGE('',*,*,#1785,.T.);
#5919 = ORIENTED_EDGE('',*,*,#5896,.F.);
#5920 = ORIENTED_EDGE('',*,*,#1889,.F.);
#5921 = PLANE('',#5922);
#5922 = AXIS2_PLACEMENT_3D('',#5923,#5924,#5925);
#5923 = CARTESIAN_POINT('',(7.852636813796,0.853161286532,0.));
#5924 = DIRECTION('',(-0.319980617636,-0.947424088958,0.));
#5925 = DIRECTION('',(-0.947424088958,0.319980617636,0.));
#5926 = ADVANCED_FACE('',(#5927),#5938,.F.);
#5927 = FACE_BOUND('',#5928,.F.);
#5928 = EDGE_LOOP('',(#5929,#5935,#5936,#5937));
#5929 = ORIENTED_EDGE('',*,*,#5930,.T.);
#5930 = EDGE_CURVE('',#1898,#1770,#5931,.T.);
#5931 = LINE('',#5932,#5933);
#5932 = CARTESIAN_POINT('',(8.075891456714,0.760662605029,0.));
#5933 = VECTOR('',#5934,1.);
#5934 = DIRECTION('',(0.,0.,1.));
#5935 = ORIENTED_EDGE('',*,*,#1777,.T.);
#5936 = ORIENTED_EDGE('',*,*,#5913,.F.);
#5937 = ORIENTED_EDGE('',*,*,#1897,.F.);
#5938 = PLANE('',#5939);
#5939 = AXIS2_PLACEMENT_3D('',#5940,#5941,#5942);
#5940 = CARTESIAN_POINT('',(8.075891456714,0.760662605029,0.));
#5941 = DIRECTION('',(-0.38276671894,-0.923845029684,0.));
#5942 = DIRECTION('',(-0.923845029684,0.38276671894,0.));
#5943 = ADVANCED_FACE('',(#5944),#5955,.F.);
#5944 = FACE_BOUND('',#5945,.F.);
#5945 = EDGE_LOOP('',(#5946,#5952,#5953,#5954));
#5946 = ORIENTED_EDGE('',*,*,#5947,.T.);
#5947 = EDGE_CURVE('',#1906,#1762,#5948,.T.);
#5948 = LINE('',#5949,#5950);
#5949 = CARTESIAN_POINT('',(8.298859924712,0.651884412561,0.));
#5950 = VECTOR('',#5951,1.);
#5951 = DIRECTION('',(0.,0.,1.));
#5952 = ORIENTED_EDGE('',*,*,#1769,.T.);
#5953 = ORIENTED_EDGE('',*,*,#5930,.F.);
#5954 = ORIENTED_EDGE('',*,*,#1905,.F.);
#5955 = PLANE('',#5956);
#5956 = AXIS2_PLACEMENT_3D('',#5957,#5958,#5959);
#5957 = CARTESIAN_POINT('',(8.298859924712,0.651884412561,0.));
#5958 = DIRECTION('',(-0.438466240509,-0.898747659765,0.));
#5959 = DIRECTION('',(-0.898747659765,0.438466240509,0.));
#5960 = ADVANCED_FACE('',(#5961),#5972,.F.);
#5961 = FACE_BOUND('',#5962,.F.);
#5962 = EDGE_LOOP('',(#5963,#5969,#5970,#5971));
#5963 = ORIENTED_EDGE('',*,*,#5964,.T.);
#5964 = EDGE_CURVE('',#1914,#1754,#5965,.T.);
#5965 = LINE('',#5966,#5967);
#5966 = CARTESIAN_POINT('',(8.520900779961,0.527480579992,0.));
#5967 = VECTOR('',#5968,1.);
#5968 = DIRECTION('',(0.,0.,1.));
#5969 = ORIENTED_EDGE('',*,*,#1761,.T.);
#5970 = ORIENTED_EDGE('',*,*,#5947,.F.);
#5971 = ORIENTED_EDGE('',*,*,#1913,.F.);
#5972 = PLANE('',#5973);
#5973 = AXIS2_PLACEMENT_3D('',#5974,#5975,#5976);
#5974 = CARTESIAN_POINT('',(8.520900779961,0.527480579992,0.));
#5975 = DIRECTION('',(-0.488785672731,-0.872403900801,0.));
#5976 = DIRECTION('',(-0.872403900801,0.488785672731,0.));
#5977 = ADVANCED_FACE('',(#5978),#5989,.F.);
#5978 = FACE_BOUND('',#5979,.F.);
#5979 = EDGE_LOOP('',(#5980,#5986,#5987,#5988));
#5980 = ORIENTED_EDGE('',*,*,#5981,.T.);
#5981 = EDGE_CURVE('',#1922,#1746,#5982,.T.);
#5982 = LINE('',#5983,#5984);
#5983 = CARTESIAN_POINT('',(8.741396170858,0.387934252311,0.));
#5984 = VECTOR('',#5985,1.);
#5985 = DIRECTION('',(0.,0.,1.));
#5986 = ORIENTED_EDGE('',*,*,#1753,.T.);
#5987 = ORIENTED_EDGE('',*,*,#5964,.F.);
#5988 = ORIENTED_EDGE('',*,*,#1921,.F.);
#5989 = PLANE('',#5990);
#5990 = AXIS2_PLACEMENT_3D('',#5991,#5992,#5993);
#5991 = CARTESIAN_POINT('',(8.741396170858,0.387934252311,0.));
#5992 = DIRECTION('',(-0.534776477449,-0.844993561613,0.));
#5993 = DIRECTION('',(-0.844993561613,0.534776477449,0.));
#5994 = ADVANCED_FACE('',(#5995),#6006,.F.);
#5995 = FACE_BOUND('',#5996,.F.);
#5996 = EDGE_LOOP('',(#5997,#6003,#6004,#6005));
#5997 = ORIENTED_EDGE('',*,*,#5998,.T.);
#5998 = EDGE_CURVE('',#1930,#1738,#5999,.T.);
#5999 = LINE('',#6000,#6001);
#6000 = CARTESIAN_POINT('',(8.741396170858,-0.387934252311,0.));
#6001 = VECTOR('',#6002,1.);
#6002 = DIRECTION('',(0.,0.,1.));
#6003 = ORIENTED_EDGE('',*,*,#1745,.T.);
#6004 = ORIENTED_EDGE('',*,*,#5981,.F.);
#6005 = ORIENTED_EDGE('',*,*,#1929,.F.);
#6006 = PLANE('',#6007);
#6007 = AXIS2_PLACEMENT_3D('',#6008,#6009,#6010);
#6008 = CARTESIAN_POINT('',(8.741396170858,-0.387934252311,0.));
#6009 = DIRECTION('',(-1.,0.,0.));
#6010 = DIRECTION('',(0.,1.,0.));
#6011 = ADVANCED_FACE('',(#6012),#6023,.F.);
#6012 = FACE_BOUND('',#6013,.F.);
#6013 = EDGE_LOOP('',(#6014,#6020,#6021,#6022));
#6014 = ORIENTED_EDGE('',*,*,#6015,.T.);
#6015 = EDGE_CURVE('',#1938,#1730,#6016,.T.);
#6016 = LINE('',#6017,#6018);
#6017 = CARTESIAN_POINT('',(8.520900779961,-0.527480579992,0.));
#6018 = VECTOR('',#6019,1.);
#6019 = DIRECTION('',(0.,0.,1.));
#6020 = ORIENTED_EDGE('',*,*,#1737,.T.);
#6021 = ORIENTED_EDGE('',*,*,#5998,.F.);
#6022 = ORIENTED_EDGE('',*,*,#1937,.F.);
#6023 = PLANE('',#6024);
#6024 = AXIS2_PLACEMENT_3D('',#6025,#6026,#6027);
#6025 = CARTESIAN_POINT('',(8.520900779961,-0.527480579992,0.));
#6026 = DIRECTION('',(-0.534776477449,0.844993561613,0.));
#6027 = DIRECTION('',(0.844993561613,0.534776477449,0.));
#6028 = ADVANCED_FACE('',(#6029),#6040,.F.);
#6029 = FACE_BOUND('',#6030,.F.);
#6030 = EDGE_LOOP('',(#6031,#6037,#6038,#6039));
#6031 = ORIENTED_EDGE('',*,*,#6032,.T.);
#6032 = EDGE_CURVE('',#1946,#1722,#6033,.T.);
#6033 = LINE('',#6034,#6035);
#6034 = CARTESIAN_POINT('',(8.298859924712,-0.651884412561,0.));
#6035 = VECTOR('',#6036,1.);
#6036 = DIRECTION('',(0.,0.,1.));
#6037 = ORIENTED_EDGE('',*,*,#1729,.T.);
#6038 = ORIENTED_EDGE('',*,*,#6015,.F.);
#6039 = ORIENTED_EDGE('',*,*,#1945,.F.);
#6040 = PLANE('',#6041);
#6041 = AXIS2_PLACEMENT_3D('',#6042,#6043,#6044);
#6042 = CARTESIAN_POINT('',(8.298859924712,-0.651884412561,0.));
#6043 = DIRECTION('',(-0.488785672731,0.872403900801,0.));
#6044 = DIRECTION('',(0.872403900801,0.488785672731,0.));
#6045 = ADVANCED_FACE('',(#6046),#6057,.F.);
#6046 = FACE_BOUND('',#6047,.F.);
#6047 = EDGE_LOOP('',(#6048,#6054,#6055,#6056));
#6048 = ORIENTED_EDGE('',*,*,#6049,.T.);
#6049 = EDGE_CURVE('',#1954,#1714,#6050,.T.);
#6050 = LINE('',#6051,#6052);
#6051 = CARTESIAN_POINT('',(8.075891456714,-0.760662605029,0.));
#6052 = VECTOR('',#6053,1.);
#6053 = DIRECTION('',(0.,0.,1.));
#6054 = ORIENTED_EDGE('',*,*,#1721,.T.);
#6055 = ORIENTED_EDGE('',*,*,#6032,.F.);
#6056 = ORIENTED_EDGE('',*,*,#1953,.F.);
#6057 = PLANE('',#6058);
#6058 = AXIS2_PLACEMENT_3D('',#6059,#6060,#6061);
#6059 = CARTESIAN_POINT('',(8.075891456714,-0.760662605029,0.));
#6060 = DIRECTION('',(-0.438466240509,0.898747659765,0.));
#6061 = DIRECTION('',(0.898747659765,0.438466240509,0.));
#6062 = ADVANCED_FACE('',(#6063),#6074,.F.);
#6063 = FACE_BOUND('',#6064,.F.);
#6064 = EDGE_LOOP('',(#6065,#6071,#6072,#6073));
#6065 = ORIENTED_EDGE('',*,*,#6066,.T.);
#6066 = EDGE_CURVE('',#1962,#1706,#6067,.T.);
#6067 = LINE('',#6068,#6069);
#6068 = CARTESIAN_POINT('',(7.852636813796,-0.853161286532,0.));
#6069 = VECTOR('',#6070,1.);
#6070 = DIRECTION('',(0.,0.,1.));
#6071 = ORIENTED_EDGE('',*,*,#1713,.T.);
#6072 = ORIENTED_EDGE('',*,*,#6049,.F.);
#6073 = ORIENTED_EDGE('',*,*,#1961,.F.);
#6074 = PLANE('',#6075);
#6075 = AXIS2_PLACEMENT_3D('',#6076,#6077,#6078);
#6076 = CARTESIAN_POINT('',(7.852636813796,-0.853161286532,0.));
#6077 = DIRECTION('',(-0.38276671894,0.923845029684,0.));
#6078 = DIRECTION('',(0.923845029684,0.38276671894,0.));
#6079 = ADVANCED_FACE('',(#6080),#6091,.F.);
#6080 = FACE_BOUND('',#6081,.F.);
#6081 = EDGE_LOOP('',(#6082,#6088,#6089,#6090));
#6082 = ORIENTED_EDGE('',*,*,#6083,.T.);
#6083 = EDGE_CURVE('',#1970,#1698,#6084,.T.);
#6084 = LINE('',#6085,#6086);
#6085 = CARTESIAN_POINT('',(7.629778858564,-0.928428769163,0.));
#6086 = VECTOR('',#6087,1.);
#6087 = DIRECTION('',(0.,0.,1.));
#6088 = ORIENTED_EDGE('',*,*,#1705,.T.);
#6089 = ORIENTED_EDGE('',*,*,#6066,.F.);
#6090 = ORIENTED_EDGE('',*,*,#1969,.F.);
#6091 = PLANE('',#6092);
#6092 = AXIS2_PLACEMENT_3D('',#6093,#6094,#6095);
#6093 = CARTESIAN_POINT('',(7.629778858564,-0.928428769163,0.));
#6094 = DIRECTION('',(-0.319980617636,0.947424088958,0.));
#6095 = DIRECTION('',(0.947424088958,0.319980617636,0.));
#6096 = ADVANCED_FACE('',(#6097),#6108,.F.);
#6097 = FACE_BOUND('',#6098,.F.);
#6098 = EDGE_LOOP('',(#6099,#6105,#6106,#6107));
#6099 = ORIENTED_EDGE('',*,*,#6100,.T.);
#6100 = EDGE_CURVE('',#1978,#1690,#6101,.T.);
#6101 = LINE('',#6102,#6103);
#6102 = CARTESIAN_POINT('',(7.408081989201,-0.984936830443,0.));
#6103 = VECTOR('',#6104,1.);
#6104 = DIRECTION('',(0.,0.,1.));
#6105 = ORIENTED_EDGE('',*,*,#1697,.T.);
#6106 = ORIENTED_EDGE('',*,*,#6083,.F.);
#6107 = ORIENTED_EDGE('',*,*,#1977,.F.);
#6108 = PLANE('',#6109);
#6109 = AXIS2_PLACEMENT_3D('',#6110,#6111,#6112);
#6110 = CARTESIAN_POINT('',(7.408081989201,-0.984936830443,0.));
#6111 = DIRECTION('',(-0.246991780525,0.969017574842,0.));
#6112 = DIRECTION('',(0.969017574842,0.246991780525,0.));
#6113 = ADVANCED_FACE('',(#6114),#6125,.F.);
#6114 = FACE_BOUND('',#6115,.F.);
#6115 = EDGE_LOOP('',(#6116,#6122,#6123,#6124));
#6116 = ORIENTED_EDGE('',*,*,#6117,.T.);
#6117 = EDGE_CURVE('',#1986,#1682,#6118,.T.);
#6118 = LINE('',#6119,#6120);
#6119 = CARTESIAN_POINT('',(7.188507325796,-1.019790793858,0.));
#6120 = VECTOR('',#6121,1.);
#6121 = DIRECTION('',(0.,0.,1.));
#6122 = ORIENTED_EDGE('',*,*,#1689,.T.);
#6123 = ORIENTED_EDGE('',*,*,#6100,.F.);
#6124 = ORIENTED_EDGE('',*,*,#1985,.F.);
#6125 = PLANE('',#6126);
#6126 = AXIS2_PLACEMENT_3D('',#6127,#6128,#6129);
#6127 = CARTESIAN_POINT('',(7.188507325796,-1.019790793858,0.));
#6128 = DIRECTION('',(-0.156771239442,0.987634941911,0.));
#6129 = DIRECTION('',(0.987634941911,0.156771239442,0.));
#6130 = ADVANCED_FACE('',(#6131),#6137,.F.);
#6131 = FACE_BOUND('',#6132,.F.);
#6132 = EDGE_LOOP('',(#6133,#6134,#6135,#6136));
#6133 = ORIENTED_EDGE('',*,*,#1842,.T.);
#6134 = ORIENTED_EDGE('',*,*,#1681,.T.);
#6135 = ORIENTED_EDGE('',*,*,#6117,.F.);
#6136 = ORIENTED_EDGE('',*,*,#1993,.F.);
#6137 = PLANE('',#6138);
#6138 = AXIS2_PLACEMENT_3D('',#6139,#6140,#6141);
#6139 = CARTESIAN_POINT('',(6.972914407111,-1.023945620541,0.));
#6140 = DIRECTION('',(-1.92680510141E-02,0.999814353873,0.));
#6141 = DIRECTION('',(0.999814353873,1.92680510141E-02,0.));
#6142 = ADVANCED_FACE('',(#6143),#6154,.F.);
#6143 = FACE_BOUND('',#6144,.F.);
#6144 = EDGE_LOOP('',(#6145,#6146,#6147,#6153));
#6145 = ORIENTED_EDGE('',*,*,#5811,.T.);
#6146 = ORIENTED_EDGE('',*,*,#5665,.T.);
#6147 = ORIENTED_EDGE('',*,*,#6148,.F.);
#6148 = EDGE_CURVE('',#3640,#5666,#6149,.T.);
#6149 = LINE('',#6150,#6151);
#6150 = CARTESIAN_POINT('',(6.735325356359,2.711088928872,0.));
#6151 = VECTOR('',#6152,1.);
#6152 = DIRECTION('',(0.,0.,1.));
#6153 = ORIENTED_EDGE('',*,*,#3647,.F.);
#6154 = PLANE('',#6155);
#6155 = AXIS2_PLACEMENT_3D('',#6156,#6157,#6158);
#6156 = CARTESIAN_POINT('',(6.550693825243,2.599694284074,0.));
#6157 = DIRECTION('',(-0.516593798596,0.856230604015,0.));
#6158 = DIRECTION('',(0.856230604015,0.516593798596,0.));
#6159 = ADVANCED_FACE('',(#6160),#6171,.F.);
#6160 = FACE_BOUND('',#6161,.F.);
#6161 = EDGE_LOOP('',(#6162,#6163,#6164,#6170));
#6162 = ORIENTED_EDGE('',*,*,#6148,.T.);
#6163 = ORIENTED_EDGE('',*,*,#5673,.T.);
#6164 = ORIENTED_EDGE('',*,*,#6165,.F.);
#6165 = EDGE_CURVE('',#3632,#5674,#6166,.T.);
#6166 = LINE('',#6167,#6168);
#6167 = CARTESIAN_POINT('',(6.908055611187,2.851060678313,0.));
#6168 = VECTOR('',#6169,1.);
#6169 = DIRECTION('',(0.,0.,1.));
#6170 = ORIENTED_EDGE('',*,*,#3639,.F.);
#6171 = PLANE('',#6172);
#6172 = AXIS2_PLACEMENT_3D('',#6173,#6174,#6175);
#6173 = CARTESIAN_POINT('',(6.735325356359,2.711088928872,0.));
#6174 = DIRECTION('',(-0.629585346895,0.776931329639,0.));
#6175 = DIRECTION('',(0.776931329639,0.629585346895,0.));
#6176 = ADVANCED_FACE('',(#6177),#6188,.F.);
#6177 = FACE_BOUND('',#6178,.F.);
#6178 = EDGE_LOOP('',(#6179,#6180,#6181,#6187));
#6179 = ORIENTED_EDGE('',*,*,#6165,.T.);
#6180 = ORIENTED_EDGE('',*,*,#5681,.T.);
#6181 = ORIENTED_EDGE('',*,*,#6182,.F.);
#6182 = EDGE_CURVE('',#3624,#5682,#6183,.T.);
#6183 = LINE('',#6184,#6185);
#6184 = CARTESIAN_POINT('',(7.071796701356,3.010846529583,0.));
#6185 = VECTOR('',#6186,1.);
#6186 = DIRECTION('',(0.,0.,1.));
#6187 = ORIENTED_EDGE('',*,*,#3631,.F.);
#6188 = PLANE('',#6189);
#6189 = AXIS2_PLACEMENT_3D('',#6190,#6191,#6192);
#6190 = CARTESIAN_POINT('',(6.908055611187,2.851060678313,0.));
#6191 = DIRECTION('',(-0.698409943882,0.715697946264,0.));
#6192 = DIRECTION('',(0.715697946264,0.698409943882,0.));
#6193 = ADVANCED_FACE('',(#6194),#6205,.F.);
#6194 = FACE_BOUND('',#6195,.F.);
#6195 = EDGE_LOOP('',(#6196,#6197,#6198,#6204));
#6196 = ORIENTED_EDGE('',*,*,#6182,.T.);
#6197 = ORIENTED_EDGE('',*,*,#5689,.T.);
#6198 = ORIENTED_EDGE('',*,*,#6199,.F.);
#6199 = EDGE_CURVE('',#3616,#5690,#6200,.T.);
#6200 = LINE('',#6201,#6202);
#6201 = CARTESIAN_POINT('',(7.227163610706,3.187459059236,0.));
#6202 = VECTOR('',#6203,1.);
#6203 = DIRECTION('',(0.,0.,1.));
#6204 = ORIENTED_EDGE('',*,*,#3623,.F.);
#6205 = PLANE('',#6206);
#6206 = AXIS2_PLACEMENT_3D('',#6207,#6208,#6209);
#6207 = CARTESIAN_POINT('',(7.071796701356,3.010846529583,0.));
#6208 = DIRECTION('',(-0.75082338807,0.660503020377,0.));
#6209 = DIRECTION('',(0.660503020377,0.75082338807,0.));
#6210 = ADVANCED_FACE('',(#6211),#6222,.F.);
#6211 = FACE_BOUND('',#6212,.F.);
#6212 = EDGE_LOOP('',(#6213,#6214,#6215,#6221));
#6213 = ORIENTED_EDGE('',*,*,#6199,.T.);
#6214 = ORIENTED_EDGE('',*,*,#5697,.T.);
#6215 = ORIENTED_EDGE('',*,*,#6216,.F.);
#6216 = EDGE_CURVE('',#3608,#5698,#6217,.T.);
#6217 = LINE('',#6218,#6219);
#6218 = CARTESIAN_POINT('',(7.374258462235,3.379192588693,0.));
#6219 = VECTOR('',#6220,1.);
#6220 = DIRECTION('',(0.,0.,1.));
#6221 = ORIENTED_EDGE('',*,*,#3615,.F.);
#6222 = PLANE('',#6223);
#6223 = AXIS2_PLACEMENT_3D('',#6224,#6225,#6226);
#6224 = CARTESIAN_POINT('',(7.227163610706,3.187459059236,0.));
#6225 = DIRECTION('',(-0.793408217168,0.608689905396,0.));
#6226 = DIRECTION('',(0.608689905396,0.793408217168,0.));
#6227 = ADVANCED_FACE('',(#6228),#6239,.F.);
#6228 = FACE_BOUND('',#6229,.F.);
#6229 = EDGE_LOOP('',(#6230,#6231,#6232,#6238));
#6230 = ORIENTED_EDGE('',*,*,#6216,.T.);
#6231 = ORIENTED_EDGE('',*,*,#5705,.T.);
#6232 = ORIENTED_EDGE('',*,*,#6233,.F.);
#6233 = EDGE_CURVE('',#3600,#5706,#6234,.T.);
#6234 = LINE('',#6235,#6236);
#6235 = CARTESIAN_POINT('',(7.512965723529,3.584881500747,0.));
#6236 = VECTOR('',#6237,1.);
#6237 = DIRECTION('',(0.,0.,1.));
#6238 = ORIENTED_EDGE('',*,*,#3607,.F.);
#6239 = PLANE('',#6240);
#6240 = AXIS2_PLACEMENT_3D('',#6241,#6242,#6243);
#6241 = CARTESIAN_POINT('',(7.374258462235,3.379192588693,0.));
#6242 = DIRECTION('',(-0.829096732866,0.559105184694,0.));
#6243 = DIRECTION('',(0.559105184694,0.829096732866,0.));
#6244 = ADVANCED_FACE('',(#6245),#6256,.F.);
#6245 = FACE_BOUND('',#6246,.F.);
#6246 = EDGE_LOOP('',(#6247,#6248,#6249,#6255));
#6247 = ORIENTED_EDGE('',*,*,#6233,.T.);
#6248 = ORIENTED_EDGE('',*,*,#5713,.T.);
#6249 = ORIENTED_EDGE('',*,*,#6250,.F.);
#6250 = EDGE_CURVE('',#3592,#5714,#6251,.T.);
#6251 = LINE('',#6252,#6253);
#6252 = CARTESIAN_POINT('',(7.643056828569,3.803638807704,0.));
#6253 = VECTOR('',#6254,1.);
#6254 = DIRECTION('',(0.,0.,1.));
#6255 = ORIENTED_EDGE('',*,*,#3599,.F.);
#6256 = PLANE('',#6257);
#6257 = AXIS2_PLACEMENT_3D('',#6258,#6259,#6260);
#6258 = CARTESIAN_POINT('',(7.512965723529,3.584881500747,0.));
#6259 = DIRECTION('',(-0.859502759992,0.511131104088,0.));
#6260 = DIRECTION('',(0.511131104088,0.859502759992,0.));
#6261 = ADVANCED_FACE('',(#6262),#6273,.F.);
#6262 = FACE_BOUND('',#6263,.F.);
#6263 = EDGE_LOOP('',(#6264,#6265,#6266,#6272));
#6264 = ORIENTED_EDGE('',*,*,#6250,.T.);
#6265 = ORIENTED_EDGE('',*,*,#5721,.T.);
#6266 = ORIENTED_EDGE('',*,*,#6267,.F.);
#6267 = EDGE_CURVE('',#3584,#5722,#6268,.T.);
#6268 = LINE('',#6269,#6270);
#6269 = CARTESIAN_POINT('',(7.764238274662,4.034737167929,0.));
#6270 = VECTOR('',#6271,1.);
#6271 = DIRECTION('',(0.,0.,1.));
#6272 = ORIENTED_EDGE('',*,*,#3591,.F.);
#6273 = PLANE('',#6274);
#6274 = AXIS2_PLACEMENT_3D('',#6275,#6276,#6277);
#6275 = CARTESIAN_POINT('',(7.643056828569,3.803638807704,0.));
#6276 = DIRECTION('',(-0.885626795624,0.464397651666,0.));
#6277 = DIRECTION('',(0.464397651666,0.885626795624,0.));
#6278 = ADVANCED_FACE('',(#6279),#6290,.F.);
#6279 = FACE_BOUND('',#6280,.F.);
#6280 = EDGE_LOOP('',(#6281,#6282,#6283,#6289));
#6281 = ORIENTED_EDGE('',*,*,#6267,.T.);
#6282 = ORIENTED_EDGE('',*,*,#5729,.T.);
#6283 = ORIENTED_EDGE('',*,*,#6284,.F.);
#6284 = EDGE_CURVE('',#3576,#5730,#6285,.T.);
#6285 = LINE('',#6286,#6287);
#6286 = CARTESIAN_POINT('',(7.376304022351,4.706659002928,0.));
#6287 = VECTOR('',#6288,1.);
#6288 = DIRECTION('',(0.,0.,1.));
#6289 = ORIENTED_EDGE('',*,*,#3583,.F.);
#6290 = PLANE('',#6291);
#6291 = AXIS2_PLACEMENT_3D('',#6292,#6293,#6294);
#6292 = CARTESIAN_POINT('',(7.764238274662,4.034737167929,0.));
#6293 = DIRECTION('',(-0.866025403784,-0.5,0.));
#6294 = DIRECTION('',(-0.5,0.866025403784,0.));
#6295 = ADVANCED_FACE('',(#6296),#6307,.F.);
#6296 = FACE_BOUND('',#6297,.F.);
#6297 = EDGE_LOOP('',(#6298,#6299,#6300,#6306));
#6298 = ORIENTED_EDGE('',*,*,#6284,.T.);
#6299 = ORIENTED_EDGE('',*,*,#5737,.T.);
#6300 = ORIENTED_EDGE('',*,*,#6301,.F.);
#6301 = EDGE_CURVE('',#3568,#5738,#6302,.T.);
#6302 = LINE('',#6303,#6304);
#6303 = CARTESIAN_POINT('',(7.115576248577,4.717261972257,0.));
#6304 = VECTOR('',#6305,1.);
#6305 = DIRECTION('',(0.,0.,1.));
#6306 = ORIENTED_EDGE('',*,*,#3575,.F.);
#6307 = PLANE('',#6308);
#6308 = AXIS2_PLACEMENT_3D('',#6309,#6310,#6311);
#6309 = CARTESIAN_POINT('',(7.376304022351,4.706659002928,0.));
#6310 = DIRECTION('',(-4.06332340113E-02,-0.999174129116,0.));
#6311 = DIRECTION('',(-0.999174129116,4.06332340113E-02,0.));
#6312 = ADVANCED_FACE('',(#6313),#6324,.F.);
#6313 = FACE_BOUND('',#6314,.F.);
#6314 = EDGE_LOOP('',(#6315,#6316,#6317,#6323));
#6315 = ORIENTED_EDGE('',*,*,#6301,.T.);
#6316 = ORIENTED_EDGE('',*,*,#5745,.T.);
#6317 = ORIENTED_EDGE('',*,*,#6318,.F.);
#6318 = EDGE_CURVE('',#3560,#5746,#6319,.T.);
#6319 = LINE('',#6320,#6321);
#6320 = CARTESIAN_POINT('',(6.861081310968,4.713978423964,0.));
#6321 = VECTOR('',#6322,1.);
#6322 = DIRECTION('',(0.,0.,1.));
#6323 = ORIENTED_EDGE('',*,*,#3567,.F.);
#6324 = PLANE('',#6325);
#6325 = AXIS2_PLACEMENT_3D('',#6326,#6327,#6328);
#6326 = CARTESIAN_POINT('',(7.115576248577,4.717261972257,0.));
#6327 = DIRECTION('',(1.290114080914E-02,-0.99991677682,0.));
#6328 = DIRECTION('',(-0.99991677682,-1.290114080914E-02,0.));
#6329 = ADVANCED_FACE('',(#6330),#6341,.F.);
#6330 = FACE_BOUND('',#6331,.F.);
#6331 = EDGE_LOOP('',(#6332,#6333,#6334,#6340));
#6332 = ORIENTED_EDGE('',*,*,#6318,.T.);
#6333 = ORIENTED_EDGE('',*,*,#5753,.T.);
#6334 = ORIENTED_EDGE('',*,*,#6335,.F.);
#6335 = EDGE_CURVE('',#3552,#5754,#6336,.T.);
#6336 = LINE('',#6337,#6338);
#6337 = CARTESIAN_POINT('',(6.613595857206,4.696698868022,0.));
#6338 = VECTOR('',#6339,1.);
#6339 = DIRECTION('',(0.,0.,1.));
#6340 = ORIENTED_EDGE('',*,*,#3559,.F.);
#6341 = PLANE('',#6342);
#6342 = AXIS2_PLACEMENT_3D('',#6343,#6344,#6345);
#6343 = CARTESIAN_POINT('',(6.861081310968,4.713978423964,0.));
#6344 = DIRECTION('',(6.965092689979E-02,-0.997571425203,0.));
#6345 = DIRECTION('',(-0.997571425203,-6.965092689979E-02,0.));
#6346 = ADVANCED_FACE('',(#6347),#6358,.F.);
#6347 = FACE_BOUND('',#6348,.F.);
#6348 = EDGE_LOOP('',(#6349,#6350,#6351,#6357));
#6349 = ORIENTED_EDGE('',*,*,#6335,.T.);
#6350 = ORIENTED_EDGE('',*,*,#5761,.T.);
#6351 = ORIENTED_EDGE('',*,*,#6352,.F.);
#6352 = EDGE_CURVE('',#3544,#5762,#6353,.T.);
#6353 = LINE('',#6354,#6355);
#6354 = CARTESIAN_POINT('',(6.374002324174,4.66517775456,0.));
#6355 = VECTOR('',#6356,1.);
#6356 = DIRECTION('',(0.,0.,1.));
#6357 = ORIENTED_EDGE('',*,*,#3551,.F.);
#6358 = PLANE('',#6359);
#6359 = AXIS2_PLACEMENT_3D('',#6360,#6361,#6362);
#6360 = CARTESIAN_POINT('',(6.613595857206,4.696698868022,0.));
#6361 = DIRECTION('',(0.130436812516,-0.991456624336,0.));
#6362 = DIRECTION('',(-0.991456624336,-0.130436812516,0.));
#6363 = ADVANCED_FACE('',(#6364),#6375,.F.);
#6364 = FACE_BOUND('',#6365,.F.);
#6365 = EDGE_LOOP('',(#6366,#6367,#6368,#6374));
#6366 = ORIENTED_EDGE('',*,*,#6352,.T.);
#6367 = ORIENTED_EDGE('',*,*,#5769,.T.);
#6368 = ORIENTED_EDGE('',*,*,#6369,.F.);
#6369 = EDGE_CURVE('',#3536,#5770,#6370,.T.);
#6370 = LINE('',#6371,#6372);
#6371 = CARTESIAN_POINT('',(6.143367932193,4.618932328982,0.));
#6372 = VECTOR('',#6373,1.);
#6373 = DIRECTION('',(0.,0.,1.));
#6374 = ORIENTED_EDGE('',*,*,#3543,.F.);
#6375 = PLANE('',#6376);
#6376 = AXIS2_PLACEMENT_3D('',#6377,#6378,#6379);
#6377 = CARTESIAN_POINT('',(6.374002324174,4.66517775456,0.));
#6378 = DIRECTION('',(0.196600700888,-0.980483638013,0.));
#6379 = DIRECTION('',(-0.980483638013,-0.196600700888,0.));
#6380 = ADVANCED_FACE('',(#6381),#6392,.F.);
#6381 = FACE_BOUND('',#6382,.F.);
#6382 = EDGE_LOOP('',(#6383,#6384,#6385,#6391));
#6383 = ORIENTED_EDGE('',*,*,#6369,.T.);
#6384 = ORIENTED_EDGE('',*,*,#5777,.T.);
#6385 = ORIENTED_EDGE('',*,*,#6386,.F.);
#6386 = EDGE_CURVE('',#3528,#5778,#6387,.T.);
#6387 = LINE('',#6388,#6389);
#6388 = CARTESIAN_POINT('',(5.923118780744,4.557021310887,0.));
#6389 = VECTOR('',#6390,1.);
#6390 = DIRECTION('',(0.,0.,1.));
#6391 = ORIENTED_EDGE('',*,*,#3535,.F.);
#6392 = PLANE('',#6393);
#6393 = AXIS2_PLACEMENT_3D('',#6394,#6395,#6396);
#6394 = CARTESIAN_POINT('',(6.143367932193,4.618932328982,0.));
#6395 = DIRECTION('',(0.27060763096,-0.96268972679,0.));
#6396 = DIRECTION('',(-0.96268972679,-0.27060763096,0.));
#6397 = ADVANCED_FACE('',(#6398),#6409,.F.);
#6398 = FACE_BOUND('',#6399,.F.);
#6399 = EDGE_LOOP('',(#6400,#6401,#6402,#6408));
#6400 = ORIENTED_EDGE('',*,*,#6386,.T.);
#6401 = ORIENTED_EDGE('',*,*,#5785,.T.);
#6402 = ORIENTED_EDGE('',*,*,#6403,.F.);
#6403 = EDGE_CURVE('',#3520,#5786,#6404,.T.);
#6404 = LINE('',#6405,#6406);
#6405 = CARTESIAN_POINT('',(5.715534562501,4.477418396924,0.));
#6406 = VECTOR('',#6407,1.);
#6407 = DIRECTION('',(0.,0.,1.));
#6408 = ORIENTED_EDGE('',*,*,#3527,.F.);
#6409 = PLANE('',#6410);
#6410 = AXIS2_PLACEMENT_3D('',#6411,#6412,#6413);
#6411 = CARTESIAN_POINT('',(5.923118780744,4.557021310887,0.));
#6412 = DIRECTION('',(0.358049595016,-0.933702569081,0.));
#6413 = DIRECTION('',(-0.933702569081,-0.358049595016,0.));
#6414 = ADVANCED_FACE('',(#6415),#6421,.F.);
#6415 = FACE_BOUND('',#6416,.F.);
#6416 = EDGE_LOOP('',(#6417,#6418,#6419,#6420));
#6417 = ORIENTED_EDGE('',*,*,#6403,.T.);
#6418 = ORIENTED_EDGE('',*,*,#5793,.T.);
#6419 = ORIENTED_EDGE('',*,*,#5633,.F.);
#6420 = ORIENTED_EDGE('',*,*,#3519,.F.);
#6421 = PLANE('',#6422);
#6422 = AXIS2_PLACEMENT_3D('',#6423,#6424,#6425);
#6423 = CARTESIAN_POINT('',(5.715534562501,4.477418396924,0.));
#6424 = DIRECTION('',(0.483220555277,-0.875498655029,0.));
#6425 = DIRECTION('',(-0.875498655029,-0.483220555277,0.));
#6426 = ADVANCED_FACE('',(#6427),#6438,.F.);
#6427 = FACE_BOUND('',#6428,.F.);
#6428 = EDGE_LOOP('',(#6429,#6435,#6436,#6437));
#6429 = ORIENTED_EDGE('',*,*,#6430,.T.);
#6430 = EDGE_CURVE('',#2010,#3856,#6431,.T.);
#6431 = LINE('',#6432,#6433);
#6432 = CARTESIAN_POINT('',(6.735325356359,-2.711088928872,0.));
#6433 = VECTOR('',#6434,1.);
#6434 = DIRECTION('',(0.,0.,1.));
#6435 = ORIENTED_EDGE('',*,*,#3863,.T.);
#6436 = ORIENTED_EDGE('',*,*,#3703,.F.);
#6437 = ORIENTED_EDGE('',*,*,#2009,.F.);
#6438 = PLANE('',#6439);
#6439 = AXIS2_PLACEMENT_3D('',#6440,#6441,#6442);
#6440 = CARTESIAN_POINT('',(6.735325356359,-2.711088928872,0.));
#6441 = DIRECTION('',(-0.516593798596,-0.856230604015,0.));
#6442 = DIRECTION('',(-0.856230604015,0.516593798596,0.));
#6443 = ADVANCED_FACE('',(#6444),#6455,.F.);
#6444 = FACE_BOUND('',#6445,.F.);
#6445 = EDGE_LOOP('',(#6446,#6447,#6448,#6454));
#6446 = ORIENTED_EDGE('',*,*,#5618,.T.);
#6447 = ORIENTED_EDGE('',*,*,#5472,.T.);
#6448 = ORIENTED_EDGE('',*,*,#6449,.F.);
#6449 = EDGE_CURVE('',#3489,#5473,#6450,.T.);
#6450 = LINE('',#6451,#6452);
#6451 = CARTESIAN_POINT('',(4.477418396924,5.715534562501,0.));
#6452 = VECTOR('',#6453,1.);
#6453 = DIRECTION('',(0.,0.,1.));
#6454 = ORIENTED_EDGE('',*,*,#3496,.F.);
#6455 = PLANE('',#6456);
#6456 = AXIS2_PLACEMENT_3D('',#6457,#6458,#6459);
#6457 = CARTESIAN_POINT('',(4.373220123038,5.526748204702,0.));
#6458 = DIRECTION('',(-0.875498655029,0.483220555277,0.));
#6459 = DIRECTION('',(0.483220555277,0.875498655029,0.));
#6460 = ADVANCED_FACE('',(#6461),#6472,.F.);
#6461 = FACE_BOUND('',#6462,.F.);
#6462 = EDGE_LOOP('',(#6463,#6469,#6470,#6471));
#6463 = ORIENTED_EDGE('',*,*,#6464,.T.);
#6464 = EDGE_CURVE('',#2018,#3848,#6465,.T.);
#6465 = LINE('',#6466,#6467);
#6466 = CARTESIAN_POINT('',(6.908055611187,-2.851060678313,0.));
#6467 = VECTOR('',#6468,1.);
#6468 = DIRECTION('',(0.,0.,1.));
#6469 = ORIENTED_EDGE('',*,*,#3855,.T.);
#6470 = ORIENTED_EDGE('',*,*,#6430,.F.);
#6471 = ORIENTED_EDGE('',*,*,#2017,.F.);
#6472 = PLANE('',#6473);
#6473 = AXIS2_PLACEMENT_3D('',#6474,#6475,#6476);
#6474 = CARTESIAN_POINT('',(6.908055611187,-2.851060678313,0.));
#6475 = DIRECTION('',(-0.629585346895,-0.776931329639,0.));
#6476 = DIRECTION('',(-0.776931329639,0.629585346895,0.));
#6477 = ADVANCED_FACE('',(#6478),#6489,.F.);
#6478 = FACE_BOUND('',#6479,.F.);
#6479 = EDGE_LOOP('',(#6480,#6481,#6482,#6488));
#6480 = ORIENTED_EDGE('',*,*,#6449,.T.);
#6481 = ORIENTED_EDGE('',*,*,#5480,.T.);
#6482 = ORIENTED_EDGE('',*,*,#6483,.F.);
#6483 = EDGE_CURVE('',#3481,#5481,#6484,.T.);
#6484 = LINE('',#6485,#6486);
#6485 = CARTESIAN_POINT('',(4.557021310887,5.923118780744,0.));
#6486 = VECTOR('',#6487,1.);
#6487 = DIRECTION('',(0.,0.,1.));
#6488 = ORIENTED_EDGE('',*,*,#3488,.F.);
#6489 = PLANE('',#6490);
#6490 = AXIS2_PLACEMENT_3D('',#6491,#6492,#6493);
#6491 = CARTESIAN_POINT('',(4.477418396924,5.715534562501,0.));
#6492 = DIRECTION('',(-0.933702569081,0.358049595016,0.));
#6493 = DIRECTION('',(0.358049595016,0.933702569081,0.));
#6494 = ADVANCED_FACE('',(#6495),#6506,.F.);
#6495 = FACE_BOUND('',#6496,.F.);
#6496 = EDGE_LOOP('',(#6497,#6503,#6504,#6505));
#6497 = ORIENTED_EDGE('',*,*,#6498,.T.);
#6498 = EDGE_CURVE('',#2026,#3840,#6499,.T.);
#6499 = LINE('',#6500,#6501);
#6500 = CARTESIAN_POINT('',(7.071796701356,-3.010846529583,0.));
#6501 = VECTOR('',#6502,1.);
#6502 = DIRECTION('',(0.,0.,1.));
#6503 = ORIENTED_EDGE('',*,*,#3847,.T.);
#6504 = ORIENTED_EDGE('',*,*,#6464,.F.);
#6505 = ORIENTED_EDGE('',*,*,#2025,.F.);
#6506 = PLANE('',#6507);
#6507 = AXIS2_PLACEMENT_3D('',#6508,#6509,#6510);
#6508 = CARTESIAN_POINT('',(7.071796701356,-3.010846529583,0.));
#6509 = DIRECTION('',(-0.698409943882,-0.715697946264,0.));
#6510 = DIRECTION('',(-0.715697946264,0.698409943882,0.));
#6511 = ADVANCED_FACE('',(#6512),#6523,.F.);
#6512 = FACE_BOUND('',#6513,.F.);
#6513 = EDGE_LOOP('',(#6514,#6515,#6516,#6522));
#6514 = ORIENTED_EDGE('',*,*,#6483,.T.);
#6515 = ORIENTED_EDGE('',*,*,#5488,.T.);
#6516 = ORIENTED_EDGE('',*,*,#6517,.F.);
#6517 = EDGE_CURVE('',#3473,#5489,#6518,.T.);
#6518 = LINE('',#6519,#6520);
#6519 = CARTESIAN_POINT('',(4.618932328982,6.143367932193,0.));
#6520 = VECTOR('',#6521,1.);
#6521 = DIRECTION('',(0.,0.,1.));
#6522 = ORIENTED_EDGE('',*,*,#3480,.F.);
#6523 = PLANE('',#6524);
#6524 = AXIS2_PLACEMENT_3D('',#6525,#6526,#6527);
#6525 = CARTESIAN_POINT('',(4.557021310887,5.923118780744,0.));
#6526 = DIRECTION('',(-0.96268972679,0.27060763096,0.));
#6527 = DIRECTION('',(0.27060763096,0.96268972679,0.));
#6528 = ADVANCED_FACE('',(#6529),#6540,.F.);
#6529 = FACE_BOUND('',#6530,.F.);
#6530 = EDGE_LOOP('',(#6531,#6537,#6538,#6539));
#6531 = ORIENTED_EDGE('',*,*,#6532,.T.);
#6532 = EDGE_CURVE('',#2034,#3832,#6533,.T.);
#6533 = LINE('',#6534,#6535);
#6534 = CARTESIAN_POINT('',(7.227163610706,-3.187459059236,0.));
#6535 = VECTOR('',#6536,1.);
#6536 = DIRECTION('',(0.,0.,1.));
#6537 = ORIENTED_EDGE('',*,*,#3839,.T.);
#6538 = ORIENTED_EDGE('',*,*,#6498,.F.);
#6539 = ORIENTED_EDGE('',*,*,#2033,.F.);
#6540 = PLANE('',#6541);
#6541 = AXIS2_PLACEMENT_3D('',#6542,#6543,#6544);
#6542 = CARTESIAN_POINT('',(7.227163610706,-3.187459059236,0.));
#6543 = DIRECTION('',(-0.75082338807,-0.660503020377,0.));
#6544 = DIRECTION('',(-0.660503020377,0.75082338807,0.));
#6545 = ADVANCED_FACE('',(#6546),#6557,.F.);
#6546 = FACE_BOUND('',#6547,.F.);
#6547 = EDGE_LOOP('',(#6548,#6549,#6550,#6556));
#6548 = ORIENTED_EDGE('',*,*,#6517,.T.);
#6549 = ORIENTED_EDGE('',*,*,#5496,.T.);
#6550 = ORIENTED_EDGE('',*,*,#6551,.F.);
#6551 = EDGE_CURVE('',#3465,#5497,#6552,.T.);
#6552 = LINE('',#6553,#6554);
#6553 = CARTESIAN_POINT('',(4.66517775456,6.374002324174,0.));
#6554 = VECTOR('',#6555,1.);
#6555 = DIRECTION('',(0.,0.,1.));
#6556 = ORIENTED_EDGE('',*,*,#3472,.F.);
#6557 = PLANE('',#6558);
#6558 = AXIS2_PLACEMENT_3D('',#6559,#6560,#6561);
#6559 = CARTESIAN_POINT('',(4.618932328982,6.143367932193,0.));
#6560 = DIRECTION('',(-0.980483638013,0.196600700888,0.));
#6561 = DIRECTION('',(0.196600700888,0.980483638013,0.));
#6562 = ADVANCED_FACE('',(#6563),#6574,.F.);
#6563 = FACE_BOUND('',#6564,.F.);
#6564 = EDGE_LOOP('',(#6565,#6571,#6572,#6573));
#6565 = ORIENTED_EDGE('',*,*,#6566,.T.);
#6566 = EDGE_CURVE('',#2042,#3824,#6567,.T.);
#6567 = LINE('',#6568,#6569);
#6568 = CARTESIAN_POINT('',(7.374258462235,-3.379192588693,0.));
#6569 = VECTOR('',#6570,1.);
#6570 = DIRECTION('',(0.,0.,1.));
#6571 = ORIENTED_EDGE('',*,*,#3831,.T.);
#6572 = ORIENTED_EDGE('',*,*,#6532,.F.);
#6573 = ORIENTED_EDGE('',*,*,#2041,.F.);
#6574 = PLANE('',#6575);
#6575 = AXIS2_PLACEMENT_3D('',#6576,#6577,#6578);
#6576 = CARTESIAN_POINT('',(7.374258462235,-3.379192588693,0.));
#6577 = DIRECTION('',(-0.793408217168,-0.608689905396,0.));
#6578 = DIRECTION('',(-0.608689905396,0.793408217168,0.));
#6579 = ADVANCED_FACE('',(#6580),#6591,.F.);
#6580 = FACE_BOUND('',#6581,.F.);
#6581 = EDGE_LOOP('',(#6582,#6583,#6584,#6590));
#6582 = ORIENTED_EDGE('',*,*,#6551,.T.);
#6583 = ORIENTED_EDGE('',*,*,#5504,.T.);
#6584 = ORIENTED_EDGE('',*,*,#6585,.F.);
#6585 = EDGE_CURVE('',#3457,#5505,#6586,.T.);
#6586 = LINE('',#6587,#6588);
#6587 = CARTESIAN_POINT('',(4.696698868022,6.613595857206,0.));
#6588 = VECTOR('',#6589,1.);
#6589 = DIRECTION('',(0.,0.,1.));
#6590 = ORIENTED_EDGE('',*,*,#3464,.F.);
#6591 = PLANE('',#6592);
#6592 = AXIS2_PLACEMENT_3D('',#6593,#6594,#6595);
#6593 = CARTESIAN_POINT('',(4.66517775456,6.374002324174,0.));
#6594 = DIRECTION('',(-0.991456624336,0.130436812516,0.));
#6595 = DIRECTION('',(0.130436812516,0.991456624336,0.));
#6596 = ADVANCED_FACE('',(#6597),#6608,.F.);
#6597 = FACE_BOUND('',#6598,.F.);
#6598 = EDGE_LOOP('',(#6599,#6605,#6606,#6607));
#6599 = ORIENTED_EDGE('',*,*,#6600,.T.);
#6600 = EDGE_CURVE('',#2050,#3816,#6601,.T.);
#6601 = LINE('',#6602,#6603);
#6602 = CARTESIAN_POINT('',(7.512965723529,-3.584881500747,0.));
#6603 = VECTOR('',#6604,1.);
#6604 = DIRECTION('',(0.,0.,1.));
#6605 = ORIENTED_EDGE('',*,*,#3823,.T.);
#6606 = ORIENTED_EDGE('',*,*,#6566,.F.);
#6607 = ORIENTED_EDGE('',*,*,#2049,.F.);
#6608 = PLANE('',#6609);
#6609 = AXIS2_PLACEMENT_3D('',#6610,#6611,#6612);
#6610 = CARTESIAN_POINT('',(7.512965723529,-3.584881500747,0.));
#6611 = DIRECTION('',(-0.829096732866,-0.559105184694,0.));
#6612 = DIRECTION('',(-0.559105184694,0.829096732866,0.));
#6613 = ADVANCED_FACE('',(#6614),#6625,.F.);
#6614 = FACE_BOUND('',#6615,.F.);
#6615 = EDGE_LOOP('',(#6616,#6617,#6618,#6624));
#6616 = ORIENTED_EDGE('',*,*,#6585,.T.);
#6617 = ORIENTED_EDGE('',*,*,#5512,.T.);
#6618 = ORIENTED_EDGE('',*,*,#6619,.F.);
#6619 = EDGE_CURVE('',#3449,#5513,#6620,.T.);
#6620 = LINE('',#6621,#6622);
#6621 = CARTESIAN_POINT('',(4.713978423964,6.861081310968,0.));
#6622 = VECTOR('',#6623,1.);
#6623 = DIRECTION('',(0.,0.,1.));
#6624 = ORIENTED_EDGE('',*,*,#3456,.F.);
#6625 = PLANE('',#6626);
#6626 = AXIS2_PLACEMENT_3D('',#6627,#6628,#6629);
#6627 = CARTESIAN_POINT('',(4.696698868022,6.613595857206,0.));
#6628 = DIRECTION('',(-0.997571425203,6.96509268998E-02,0.));
#6629 = DIRECTION('',(6.96509268998E-02,0.997571425203,0.));
#6630 = ADVANCED_FACE('',(#6631),#6642,.F.);
#6631 = FACE_BOUND('',#6632,.F.);
#6632 = EDGE_LOOP('',(#6633,#6639,#6640,#6641));
#6633 = ORIENTED_EDGE('',*,*,#6634,.T.);
#6634 = EDGE_CURVE('',#2058,#3808,#6635,.T.);
#6635 = LINE('',#6636,#6637);
#6636 = CARTESIAN_POINT('',(7.643056828569,-3.803638807704,0.));
#6637 = VECTOR('',#6638,1.);
#6638 = DIRECTION('',(0.,0.,1.));
#6639 = ORIENTED_EDGE('',*,*,#3815,.T.);
#6640 = ORIENTED_EDGE('',*,*,#6600,.F.);
#6641 = ORIENTED_EDGE('',*,*,#2057,.F.);
#6642 = PLANE('',#6643);
#6643 = AXIS2_PLACEMENT_3D('',#6644,#6645,#6646);
#6644 = CARTESIAN_POINT('',(7.643056828569,-3.803638807704,0.));
#6645 = DIRECTION('',(-0.859502759992,-0.511131104088,0.));
#6646 = DIRECTION('',(-0.511131104088,0.859502759992,0.));
#6647 = ADVANCED_FACE('',(#6648),#6659,.F.);
#6648 = FACE_BOUND('',#6649,.F.);
#6649 = EDGE_LOOP('',(#6650,#6651,#6652,#6658));
#6650 = ORIENTED_EDGE('',*,*,#6619,.T.);
#6651 = ORIENTED_EDGE('',*,*,#5520,.T.);
#6652 = ORIENTED_EDGE('',*,*,#6653,.F.);
#6653 = EDGE_CURVE('',#3441,#5521,#6654,.T.);
#6654 = LINE('',#6655,#6656);
#6655 = CARTESIAN_POINT('',(4.717261972257,7.115576248577,0.));
#6656 = VECTOR('',#6657,1.);
#6657 = DIRECTION('',(0.,0.,1.));
#6658 = ORIENTED_EDGE('',*,*,#3448,.F.);
#6659 = PLANE('',#6660);
#6660 = AXIS2_PLACEMENT_3D('',#6661,#6662,#6663);
#6661 = CARTESIAN_POINT('',(4.713978423964,6.861081310968,0.));
#6662 = DIRECTION('',(-0.99991677682,1.290114080913E-02,0.));
#6663 = DIRECTION('',(1.290114080913E-02,0.99991677682,0.));
#6664 = ADVANCED_FACE('',(#6665),#6676,.F.);
#6665 = FACE_BOUND('',#6666,.F.);
#6666 = EDGE_LOOP('',(#6667,#6673,#6674,#6675));
#6667 = ORIENTED_EDGE('',*,*,#6668,.T.);
#6668 = EDGE_CURVE('',#2066,#3800,#6669,.T.);
#6669 = LINE('',#6670,#6671);
#6670 = CARTESIAN_POINT('',(7.764238274662,-4.034737167929,0.));
#6671 = VECTOR('',#6672,1.);
#6672 = DIRECTION('',(0.,0.,1.));
#6673 = ORIENTED_EDGE('',*,*,#3807,.T.);
#6674 = ORIENTED_EDGE('',*,*,#6634,.F.);
#6675 = ORIENTED_EDGE('',*,*,#2065,.F.);
#6676 = PLANE('',#6677);
#6677 = AXIS2_PLACEMENT_3D('',#6678,#6679,#6680);
#6678 = CARTESIAN_POINT('',(7.764238274662,-4.034737167929,0.));
#6679 = DIRECTION('',(-0.885626795624,-0.464397651666,0.));
#6680 = DIRECTION('',(-0.464397651666,0.885626795624,0.));
#6681 = ADVANCED_FACE('',(#6682),#6693,.F.);
#6682 = FACE_BOUND('',#6683,.F.);
#6683 = EDGE_LOOP('',(#6684,#6685,#6686,#6692));
#6684 = ORIENTED_EDGE('',*,*,#6653,.T.);
#6685 = ORIENTED_EDGE('',*,*,#5528,.T.);
#6686 = ORIENTED_EDGE('',*,*,#6687,.F.);
#6687 = EDGE_CURVE('',#3433,#5529,#6688,.T.);
#6688 = LINE('',#6689,#6690);
#6689 = CARTESIAN_POINT('',(4.706659002928,7.376304022351,0.));
#6690 = VECTOR('',#6691,1.);
#6691 = DIRECTION('',(0.,0.,1.));
#6692 = ORIENTED_EDGE('',*,*,#3440,.F.);
#6693 = PLANE('',#6694);
#6694 = AXIS2_PLACEMENT_3D('',#6695,#6696,#6697);
#6695 = CARTESIAN_POINT('',(4.717261972257,7.115576248577,0.));
#6696 = DIRECTION('',(-0.999174129116,-4.06332340113E-02,0.));
#6697 = DIRECTION('',(-4.06332340113E-02,0.999174129116,0.));
#6698 = ADVANCED_FACE('',(#6699),#6710,.F.);
#6699 = FACE_BOUND('',#6700,.F.);
#6700 = EDGE_LOOP('',(#6701,#6707,#6708,#6709));
#6701 = ORIENTED_EDGE('',*,*,#6702,.T.);
#6702 = EDGE_CURVE('',#2074,#3792,#6703,.T.);
#6703 = LINE('',#6704,#6705);
#6704 = CARTESIAN_POINT('',(7.376304022351,-4.706659002928,0.));
#6705 = VECTOR('',#6706,1.);
#6706 = DIRECTION('',(0.,0.,1.));
#6707 = ORIENTED_EDGE('',*,*,#3799,.T.);
#6708 = ORIENTED_EDGE('',*,*,#6668,.F.);
#6709 = ORIENTED_EDGE('',*,*,#2073,.F.);
#6710 = PLANE('',#6711);
#6711 = AXIS2_PLACEMENT_3D('',#6712,#6713,#6714);
#6712 = CARTESIAN_POINT('',(7.376304022351,-4.706659002928,0.));
#6713 = DIRECTION('',(-0.866025403784,0.5,0.));
#6714 = DIRECTION('',(0.5,0.866025403784,0.));
#6715 = ADVANCED_FACE('',(#6716),#6727,.F.);
#6716 = FACE_BOUND('',#6717,.F.);
#6717 = EDGE_LOOP('',(#6718,#6719,#6720,#6726));
#6718 = ORIENTED_EDGE('',*,*,#6687,.T.);
#6719 = ORIENTED_EDGE('',*,*,#5536,.T.);
#6720 = ORIENTED_EDGE('',*,*,#6721,.F.);
#6721 = EDGE_CURVE('',#3425,#5537,#6722,.T.);
#6722 = LINE('',#6723,#6724);
#6723 = CARTESIAN_POINT('',(4.034737167929,7.764238274662,0.));
#6724 = VECTOR('',#6725,1.);
#6725 = DIRECTION('',(0.,0.,1.));
#6726 = ORIENTED_EDGE('',*,*,#3432,.F.);
#6727 = PLANE('',#6728);
#6728 = AXIS2_PLACEMENT_3D('',#6729,#6730,#6731);
#6729 = CARTESIAN_POINT('',(4.706659002928,7.376304022351,0.));
#6730 = DIRECTION('',(-0.5,-0.866025403784,0.));
#6731 = DIRECTION('',(-0.866025403784,0.5,0.));
#6732 = ADVANCED_FACE('',(#6733),#6744,.F.);
#6733 = FACE_BOUND('',#6734,.F.);
#6734 = EDGE_LOOP('',(#6735,#6741,#6742,#6743));
#6735 = ORIENTED_EDGE('',*,*,#6736,.T.);
#6736 = EDGE_CURVE('',#2082,#3784,#6737,.T.);
#6737 = LINE('',#6738,#6739);
#6738 = CARTESIAN_POINT('',(7.115576248577,-4.717261972257,0.));
#6739 = VECTOR('',#6740,1.);
#6740 = DIRECTION('',(0.,0.,1.));
#6741 = ORIENTED_EDGE('',*,*,#3791,.T.);
#6742 = ORIENTED_EDGE('',*,*,#6702,.F.);
#6743 = ORIENTED_EDGE('',*,*,#2081,.F.);
#6744 = PLANE('',#6745);
#6745 = AXIS2_PLACEMENT_3D('',#6746,#6747,#6748);
#6746 = CARTESIAN_POINT('',(7.115576248577,-4.717261972257,0.));
#6747 = DIRECTION('',(-4.06332340113E-02,0.999174129116,0.));
#6748 = DIRECTION('',(0.999174129116,4.06332340113E-02,0.));
#6749 = ADVANCED_FACE('',(#6750),#6761,.F.);
#6750 = FACE_BOUND('',#6751,.F.);
#6751 = EDGE_LOOP('',(#6752,#6753,#6754,#6760));
#6752 = ORIENTED_EDGE('',*,*,#6721,.T.);
#6753 = ORIENTED_EDGE('',*,*,#5544,.T.);
#6754 = ORIENTED_EDGE('',*,*,#6755,.F.);
#6755 = EDGE_CURVE('',#3417,#5545,#6756,.T.);
#6756 = LINE('',#6757,#6758);
#6757 = CARTESIAN_POINT('',(3.803638807704,7.643056828569,0.));
#6758 = VECTOR('',#6759,1.);
#6759 = DIRECTION('',(0.,0.,1.));
#6760 = ORIENTED_EDGE('',*,*,#3424,.F.);
#6761 = PLANE('',#6762);
#6762 = AXIS2_PLACEMENT_3D('',#6763,#6764,#6765);
#6763 = CARTESIAN_POINT('',(4.034737167929,7.764238274662,0.));
#6764 = DIRECTION('',(0.464397651666,-0.885626795624,0.));
#6765 = DIRECTION('',(-0.885626795624,-0.464397651666,0.));
#6766 = ADVANCED_FACE('',(#6767),#6778,.F.);
#6767 = FACE_BOUND('',#6768,.F.);
#6768 = EDGE_LOOP('',(#6769,#6775,#6776,#6777));
#6769 = ORIENTED_EDGE('',*,*,#6770,.T.);
#6770 = EDGE_CURVE('',#2090,#3776,#6771,.T.);
#6771 = LINE('',#6772,#6773);
#6772 = CARTESIAN_POINT('',(6.861081310968,-4.713978423964,0.));
#6773 = VECTOR('',#6774,1.);
#6774 = DIRECTION('',(0.,0.,1.));
#6775 = ORIENTED_EDGE('',*,*,#3783,.T.);
#6776 = ORIENTED_EDGE('',*,*,#6736,.F.);
#6777 = ORIENTED_EDGE('',*,*,#2089,.F.);
#6778 = PLANE('',#6779);
#6779 = AXIS2_PLACEMENT_3D('',#6780,#6781,#6782);
#6780 = CARTESIAN_POINT('',(6.861081310968,-4.713978423964,0.));
#6781 = DIRECTION('',(1.290114080913E-02,0.99991677682,0.));
#6782 = DIRECTION('',(0.99991677682,-1.290114080913E-02,0.));
#6783 = ADVANCED_FACE('',(#6784),#6795,.F.);
#6784 = FACE_BOUND('',#6785,.F.);
#6785 = EDGE_LOOP('',(#6786,#6787,#6788,#6794));
#6786 = ORIENTED_EDGE('',*,*,#6755,.T.);
#6787 = ORIENTED_EDGE('',*,*,#5552,.T.);
#6788 = ORIENTED_EDGE('',*,*,#6789,.F.);
#6789 = EDGE_CURVE('',#3409,#5553,#6790,.T.);
#6790 = LINE('',#6791,#6792);
#6791 = CARTESIAN_POINT('',(3.584881500747,7.512965723529,0.));
#6792 = VECTOR('',#6793,1.);
#6793 = DIRECTION('',(0.,0.,1.));
#6794 = ORIENTED_EDGE('',*,*,#3416,.F.);
#6795 = PLANE('',#6796);
#6796 = AXIS2_PLACEMENT_3D('',#6797,#6798,#6799);
#6797 = CARTESIAN_POINT('',(3.803638807704,7.643056828569,0.));
#6798 = DIRECTION('',(0.511131104088,-0.859502759992,0.));
#6799 = DIRECTION('',(-0.859502759992,-0.511131104088,0.));
#6800 = ADVANCED_FACE('',(#6801),#6812,.F.);
#6801 = FACE_BOUND('',#6802,.F.);
#6802 = EDGE_LOOP('',(#6803,#6809,#6810,#6811));
#6803 = ORIENTED_EDGE('',*,*,#6804,.T.);
#6804 = EDGE_CURVE('',#2098,#3768,#6805,.T.);
#6805 = LINE('',#6806,#6807);
#6806 = CARTESIAN_POINT('',(6.613595857206,-4.696698868022,0.));
#6807 = VECTOR('',#6808,1.);
#6808 = DIRECTION('',(0.,0.,1.));
#6809 = ORIENTED_EDGE('',*,*,#3775,.T.);
#6810 = ORIENTED_EDGE('',*,*,#6770,.F.);
#6811 = ORIENTED_EDGE('',*,*,#2097,.F.);
#6812 = PLANE('',#6813);
#6813 = AXIS2_PLACEMENT_3D('',#6814,#6815,#6816);
#6814 = CARTESIAN_POINT('',(6.613595857206,-4.696698868022,0.));
#6815 = DIRECTION('',(6.96509268998E-02,0.997571425203,0.));
#6816 = DIRECTION('',(0.997571425203,-6.96509268998E-02,0.));
#6817 = ADVANCED_FACE('',(#6818),#6829,.F.);
#6818 = FACE_BOUND('',#6819,.F.);
#6819 = EDGE_LOOP('',(#6820,#6821,#6822,#6828));
#6820 = ORIENTED_EDGE('',*,*,#6789,.T.);
#6821 = ORIENTED_EDGE('',*,*,#5560,.T.);
#6822 = ORIENTED_EDGE('',*,*,#6823,.F.);
#6823 = EDGE_CURVE('',#3401,#5561,#6824,.T.);
#6824 = LINE('',#6825,#6826);
#6825 = CARTESIAN_POINT('',(3.379192588693,7.374258462235,0.));
#6826 = VECTOR('',#6827,1.);
#6827 = DIRECTION('',(0.,0.,1.));
#6828 = ORIENTED_EDGE('',*,*,#3408,.F.);
#6829 = PLANE('',#6830);
#6830 = AXIS2_PLACEMENT_3D('',#6831,#6832,#6833);
#6831 = CARTESIAN_POINT('',(3.584881500747,7.512965723529,0.));
#6832 = DIRECTION('',(0.559105184694,-0.829096732866,0.));
#6833 = DIRECTION('',(-0.829096732866,-0.559105184694,0.));
#6834 = ADVANCED_FACE('',(#6835),#6846,.F.);
#6835 = FACE_BOUND('',#6836,.F.);
#6836 = EDGE_LOOP('',(#6837,#6843,#6844,#6845));
#6837 = ORIENTED_EDGE('',*,*,#6838,.T.);
#6838 = EDGE_CURVE('',#2106,#3760,#6839,.T.);
#6839 = LINE('',#6840,#6841);
#6840 = CARTESIAN_POINT('',(6.374002324174,-4.66517775456,0.));
#6841 = VECTOR('',#6842,1.);
#6842 = DIRECTION('',(0.,0.,1.));
#6843 = ORIENTED_EDGE('',*,*,#3767,.T.);
#6844 = ORIENTED_EDGE('',*,*,#6804,.F.);
#6845 = ORIENTED_EDGE('',*,*,#2105,.F.);
#6846 = PLANE('',#6847);
#6847 = AXIS2_PLACEMENT_3D('',#6848,#6849,#6850);
#6848 = CARTESIAN_POINT('',(6.374002324174,-4.66517775456,0.));
#6849 = DIRECTION('',(0.130436812516,0.991456624336,0.));
#6850 = DIRECTION('',(0.991456624336,-0.130436812516,0.));
#6851 = ADVANCED_FACE('',(#6852),#6863,.F.);
#6852 = FACE_BOUND('',#6853,.F.);
#6853 = EDGE_LOOP('',(#6854,#6855,#6856,#6862));
#6854 = ORIENTED_EDGE('',*,*,#6823,.T.);
#6855 = ORIENTED_EDGE('',*,*,#5568,.T.);
#6856 = ORIENTED_EDGE('',*,*,#6857,.F.);
#6857 = EDGE_CURVE('',#3393,#5569,#6858,.T.);
#6858 = LINE('',#6859,#6860);
#6859 = CARTESIAN_POINT('',(3.187459059236,7.227163610706,0.));
#6860 = VECTOR('',#6861,1.);
#6861 = DIRECTION('',(0.,0.,1.));
#6862 = ORIENTED_EDGE('',*,*,#3400,.F.);
#6863 = PLANE('',#6864);
#6864 = AXIS2_PLACEMENT_3D('',#6865,#6866,#6867);
#6865 = CARTESIAN_POINT('',(3.379192588693,7.374258462235,0.));
#6866 = DIRECTION('',(0.608689905396,-0.793408217168,0.));
#6867 = DIRECTION('',(-0.793408217168,-0.608689905396,0.));
#6868 = ADVANCED_FACE('',(#6869),#6880,.F.);
#6869 = FACE_BOUND('',#6870,.F.);
#6870 = EDGE_LOOP('',(#6871,#6877,#6878,#6879));
#6871 = ORIENTED_EDGE('',*,*,#6872,.T.);
#6872 = EDGE_CURVE('',#2114,#3752,#6873,.T.);
#6873 = LINE('',#6874,#6875);
#6874 = CARTESIAN_POINT('',(6.143367932193,-4.618932328982,0.));
#6875 = VECTOR('',#6876,1.);
#6876 = DIRECTION('',(0.,0.,1.));
#6877 = ORIENTED_EDGE('',*,*,#3759,.T.);
#6878 = ORIENTED_EDGE('',*,*,#6838,.F.);
#6879 = ORIENTED_EDGE('',*,*,#2113,.F.);
#6880 = PLANE('',#6881);
#6881 = AXIS2_PLACEMENT_3D('',#6882,#6883,#6884);
#6882 = CARTESIAN_POINT('',(6.143367932193,-4.618932328982,0.));
#6883 = DIRECTION('',(0.196600700888,0.980483638013,0.));
#6884 = DIRECTION('',(0.980483638013,-0.196600700888,0.));
#6885 = ADVANCED_FACE('',(#6886),#6897,.F.);
#6886 = FACE_BOUND('',#6887,.F.);
#6887 = EDGE_LOOP('',(#6888,#6889,#6890,#6896));
#6888 = ORIENTED_EDGE('',*,*,#6857,.T.);
#6889 = ORIENTED_EDGE('',*,*,#5576,.T.);
#6890 = ORIENTED_EDGE('',*,*,#6891,.F.);
#6891 = EDGE_CURVE('',#3385,#5577,#6892,.T.);
#6892 = LINE('',#6893,#6894);
#6893 = CARTESIAN_POINT('',(3.010846529583,7.071796701356,0.));
#6894 = VECTOR('',#6895,1.);
#6895 = DIRECTION('',(0.,0.,1.));
#6896 = ORIENTED_EDGE('',*,*,#3392,.F.);
#6897 = PLANE('',#6898);
#6898 = AXIS2_PLACEMENT_3D('',#6899,#6900,#6901);
#6899 = CARTESIAN_POINT('',(3.187459059236,7.227163610706,0.));
#6900 = DIRECTION('',(0.660503020377,-0.75082338807,0.));
#6901 = DIRECTION('',(-0.75082338807,-0.660503020377,0.));
#6902 = ADVANCED_FACE('',(#6903),#6914,.F.);
#6903 = FACE_BOUND('',#6904,.F.);
#6904 = EDGE_LOOP('',(#6905,#6911,#6912,#6913));
#6905 = ORIENTED_EDGE('',*,*,#6906,.T.);
#6906 = EDGE_CURVE('',#2122,#3744,#6907,.T.);
#6907 = LINE('',#6908,#6909);
#6908 = CARTESIAN_POINT('',(5.923118780744,-4.557021310887,0.));
#6909 = VECTOR('',#6910,1.);
#6910 = DIRECTION('',(0.,0.,1.));
#6911 = ORIENTED_EDGE('',*,*,#3751,.T.);
#6912 = ORIENTED_EDGE('',*,*,#6872,.F.);
#6913 = ORIENTED_EDGE('',*,*,#2121,.F.);
#6914 = PLANE('',#6915);
#6915 = AXIS2_PLACEMENT_3D('',#6916,#6917,#6918);
#6916 = CARTESIAN_POINT('',(5.923118780744,-4.557021310887,0.));
#6917 = DIRECTION('',(0.27060763096,0.96268972679,0.));
#6918 = DIRECTION('',(0.96268972679,-0.27060763096,0.));
#6919 = ADVANCED_FACE('',(#6920),#6931,.F.);
#6920 = FACE_BOUND('',#6921,.F.);
#6921 = EDGE_LOOP('',(#6922,#6923,#6924,#6930));
#6922 = ORIENTED_EDGE('',*,*,#6891,.T.);
#6923 = ORIENTED_EDGE('',*,*,#5584,.T.);
#6924 = ORIENTED_EDGE('',*,*,#6925,.F.);
#6925 = EDGE_CURVE('',#3377,#5585,#6926,.T.);
#6926 = LINE('',#6927,#6928);
#6927 = CARTESIAN_POINT('',(2.851060678313,6.908055611187,0.));
#6928 = VECTOR('',#6929,1.);
#6929 = DIRECTION('',(0.,0.,1.));
#6930 = ORIENTED_EDGE('',*,*,#3384,.F.);
#6931 = PLANE('',#6932);
#6932 = AXIS2_PLACEMENT_3D('',#6933,#6934,#6935);
#6933 = CARTESIAN_POINT('',(3.010846529583,7.071796701356,0.));
#6934 = DIRECTION('',(0.715697946264,-0.698409943882,0.));
#6935 = DIRECTION('',(-0.698409943882,-0.715697946264,0.));
#6936 = ADVANCED_FACE('',(#6937),#6948,.F.);
#6937 = FACE_BOUND('',#6938,.F.);
#6938 = EDGE_LOOP('',(#6939,#6945,#6946,#6947));
#6939 = ORIENTED_EDGE('',*,*,#6940,.T.);
#6940 = EDGE_CURVE('',#2130,#3736,#6941,.T.);
#6941 = LINE('',#6942,#6943);
#6942 = CARTESIAN_POINT('',(5.715534562501,-4.477418396924,0.));
#6943 = VECTOR('',#6944,1.);
#6944 = DIRECTION('',(0.,0.,1.));
#6945 = ORIENTED_EDGE('',*,*,#3743,.T.);
#6946 = ORIENTED_EDGE('',*,*,#6906,.F.);
#6947 = ORIENTED_EDGE('',*,*,#2129,.F.);
#6948 = PLANE('',#6949);
#6949 = AXIS2_PLACEMENT_3D('',#6950,#6951,#6952);
#6950 = CARTESIAN_POINT('',(5.715534562501,-4.477418396924,0.));
#6951 = DIRECTION('',(0.358049595016,0.933702569081,0.));
#6952 = DIRECTION('',(0.933702569081,-0.358049595016,0.));
#6953 = ADVANCED_FACE('',(#6954),#6965,.F.);
#6954 = FACE_BOUND('',#6955,.F.);
#6955 = EDGE_LOOP('',(#6956,#6957,#6958,#6964));
#6956 = ORIENTED_EDGE('',*,*,#6925,.T.);
#6957 = ORIENTED_EDGE('',*,*,#5592,.T.);
#6958 = ORIENTED_EDGE('',*,*,#6959,.F.);
#6959 = EDGE_CURVE('',#3369,#5593,#6960,.T.);
#6960 = LINE('',#6961,#6962);
#6961 = CARTESIAN_POINT('',(2.711088928872,6.735325356359,0.));
#6962 = VECTOR('',#6963,1.);
#6963 = DIRECTION('',(0.,0.,1.));
#6964 = ORIENTED_EDGE('',*,*,#3376,.F.);
#6965 = PLANE('',#6966);
#6966 = AXIS2_PLACEMENT_3D('',#6967,#6968,#6969);
#6967 = CARTESIAN_POINT('',(2.851060678313,6.908055611187,0.));
#6968 = DIRECTION('',(0.776931329639,-0.629585346895,0.));
#6969 = DIRECTION('',(-0.629585346895,-0.776931329639,0.));
#6970 = ADVANCED_FACE('',(#6971),#6977,.F.);
#6971 = FACE_BOUND('',#6972,.F.);
#6972 = EDGE_LOOP('',(#6973,#6974,#6975,#6976));
#6973 = ORIENTED_EDGE('',*,*,#3881,.T.);
#6974 = ORIENTED_EDGE('',*,*,#3735,.T.);
#6975 = ORIENTED_EDGE('',*,*,#6940,.F.);
#6976 = ORIENTED_EDGE('',*,*,#2137,.F.);
#6977 = PLANE('',#6978);
#6978 = AXIS2_PLACEMENT_3D('',#6979,#6980,#6981);
#6979 = CARTESIAN_POINT('',(5.526748204702,-4.373220123038,0.));
#6980 = DIRECTION('',(0.483220555277,0.875498655029,0.));
#6981 = DIRECTION('',(0.875498655029,-0.483220555277,0.));
#6982 = ADVANCED_FACE('',(#6983),#6989,.F.);
#6983 = FACE_BOUND('',#6984,.F.);
#6984 = EDGE_LOOP('',(#6985,#6986,#6987,#6988));
#6985 = ORIENTED_EDGE('',*,*,#6959,.T.);
#6986 = ORIENTED_EDGE('',*,*,#5600,.T.);
#6987 = ORIENTED_EDGE('',*,*,#5440,.F.);
#6988 = ORIENTED_EDGE('',*,*,#3368,.F.);
#6989 = PLANE('',#6990);
#6990 = AXIS2_PLACEMENT_3D('',#6991,#6992,#6993);
#6991 = CARTESIAN_POINT('',(2.711088928872,6.735325356359,0.));
#6992 = DIRECTION('',(0.856230604015,-0.516593798596,0.));
#6993 = DIRECTION('',(-0.516593798596,-0.856230604015,0.));
#6994 = ADVANCED_FACE('',(#6995),#7006,.F.);
#6995 = FACE_BOUND('',#6996,.F.);
#6996 = EDGE_LOOP('',(#6997,#7003,#7004,#7005));
#6997 = ORIENTED_EDGE('',*,*,#6998,.T.);
#6998 = EDGE_CURVE('',#2161,#4049,#6999,.T.);
#6999 = LINE('',#7000,#7001);
#7000 = CARTESIAN_POINT('',(4.477418396924,-5.715534562501,0.));
#7001 = VECTOR('',#7002,1.);
#7002 = DIRECTION('',(0.,0.,1.));
#7003 = ORIENTED_EDGE('',*,*,#4056,.T.);
#7004 = ORIENTED_EDGE('',*,*,#3896,.F.);
#7005 = ORIENTED_EDGE('',*,*,#2160,.F.);
#7006 = PLANE('',#7007);
#7007 = AXIS2_PLACEMENT_3D('',#7008,#7009,#7010);
#7008 = CARTESIAN_POINT('',(4.477418396924,-5.715534562501,0.));
#7009 = DIRECTION('',(-0.875498655029,-0.483220555277,0.));
#7010 = DIRECTION('',(-0.483220555277,0.875498655029,0.));
#7011 = ADVANCED_FACE('',(#7012),#7023,.F.);
#7012 = FACE_BOUND('',#7013,.F.);
#7013 = EDGE_LOOP('',(#7014,#7015,#7016,#7022));
#7014 = ORIENTED_EDGE('',*,*,#5425,.T.);
#7015 = ORIENTED_EDGE('',*,*,#5279,.T.);
#7016 = ORIENTED_EDGE('',*,*,#7017,.F.);
#7017 = EDGE_CURVE('',#3338,#5280,#7018,.T.);
#7018 = LINE('',#7019,#7020);
#7019 = CARTESIAN_POINT('',(1.019790793858,7.188507325796,0.));
#7020 = VECTOR('',#7021,1.);
#7021 = DIRECTION('',(0.,0.,1.));
#7022 = ORIENTED_EDGE('',*,*,#3345,.F.);
#7023 = PLANE('',#7024);
#7024 = AXIS2_PLACEMENT_3D('',#7025,#7026,#7027);
#7025 = CARTESIAN_POINT('',(1.023945620541,6.972914407111,0.));
#7026 = DIRECTION('',(-0.999814353873,-1.926805101411E-02,0.));
#7027 = DIRECTION('',(-1.926805101411E-02,0.999814353873,0.));
#7028 = ADVANCED_FACE('',(#7029),#7040,.F.);
#7029 = FACE_BOUND('',#7030,.F.);
#7030 = EDGE_LOOP('',(#7031,#7037,#7038,#7039));
#7031 = ORIENTED_EDGE('',*,*,#7032,.T.);
#7032 = EDGE_CURVE('',#2169,#4041,#7033,.T.);
#7033 = LINE('',#7034,#7035);
#7034 = CARTESIAN_POINT('',(4.557021310887,-5.923118780744,0.));
#7035 = VECTOR('',#7036,1.);
#7036 = DIRECTION('',(0.,0.,1.));
#7037 = ORIENTED_EDGE('',*,*,#4048,.T.);
#7038 = ORIENTED_EDGE('',*,*,#6998,.F.);
#7039 = ORIENTED_EDGE('',*,*,#2168,.F.);
#7040 = PLANE('',#7041);
#7041 = AXIS2_PLACEMENT_3D('',#7042,#7043,#7044);
#7042 = CARTESIAN_POINT('',(4.557021310887,-5.923118780744,0.));
#7043 = DIRECTION('',(-0.933702569081,-0.358049595016,0.));
#7044 = DIRECTION('',(-0.358049595016,0.933702569081,0.));
#7045 = ADVANCED_FACE('',(#7046),#7057,.F.);
#7046 = FACE_BOUND('',#7047,.F.);
#7047 = EDGE_LOOP('',(#7048,#7049,#7050,#7056));
#7048 = ORIENTED_EDGE('',*,*,#7017,.T.);
#7049 = ORIENTED_EDGE('',*,*,#5287,.T.);
#7050 = ORIENTED_EDGE('',*,*,#7051,.F.);
#7051 = EDGE_CURVE('',#3330,#5288,#7052,.T.);
#7052 = LINE('',#7053,#7054);
#7053 = CARTESIAN_POINT('',(0.984936830443,7.408081989201,0.));
#7054 = VECTOR('',#7055,1.);
#7055 = DIRECTION('',(0.,0.,1.));
#7056 = ORIENTED_EDGE('',*,*,#3337,.F.);
#7057 = PLANE('',#7058);
#7058 = AXIS2_PLACEMENT_3D('',#7059,#7060,#7061);
#7059 = CARTESIAN_POINT('',(1.019790793858,7.188507325796,0.));
#7060 = DIRECTION('',(-0.987634941911,-0.156771239442,0.));
#7061 = DIRECTION('',(-0.156771239442,0.987634941911,0.));
#7062 = ADVANCED_FACE('',(#7063),#7074,.F.);
#7063 = FACE_BOUND('',#7064,.F.);
#7064 = EDGE_LOOP('',(#7065,#7071,#7072,#7073));
#7065 = ORIENTED_EDGE('',*,*,#7066,.T.);
#7066 = EDGE_CURVE('',#2177,#4033,#7067,.T.);
#7067 = LINE('',#7068,#7069);
#7068 = CARTESIAN_POINT('',(4.618932328982,-6.143367932193,0.));
#7069 = VECTOR('',#7070,1.);
#7070 = DIRECTION('',(0.,0.,1.));
#7071 = ORIENTED_EDGE('',*,*,#4040,.T.);
#7072 = ORIENTED_EDGE('',*,*,#7032,.F.);
#7073 = ORIENTED_EDGE('',*,*,#2176,.F.);
#7074 = PLANE('',#7075);
#7075 = AXIS2_PLACEMENT_3D('',#7076,#7077,#7078);
#7076 = CARTESIAN_POINT('',(4.618932328982,-6.143367932193,0.));
#7077 = DIRECTION('',(-0.96268972679,-0.27060763096,0.));
#7078 = DIRECTION('',(-0.27060763096,0.96268972679,0.));
#7079 = ADVANCED_FACE('',(#7080),#7091,.F.);
#7080 = FACE_BOUND('',#7081,.F.);
#7081 = EDGE_LOOP('',(#7082,#7083,#7084,#7090));
#7082 = ORIENTED_EDGE('',*,*,#7051,.T.);
#7083 = ORIENTED_EDGE('',*,*,#5295,.T.);
#7084 = ORIENTED_EDGE('',*,*,#7085,.F.);
#7085 = EDGE_CURVE('',#3322,#5296,#7086,.T.);
#7086 = LINE('',#7087,#7088);
#7087 = CARTESIAN_POINT('',(0.928428769163,7.629778858564,0.));
#7088 = VECTOR('',#7089,1.);
#7089 = DIRECTION('',(0.,0.,1.));
#7090 = ORIENTED_EDGE('',*,*,#3329,.F.);
#7091 = PLANE('',#7092);
#7092 = AXIS2_PLACEMENT_3D('',#7093,#7094,#7095);
#7093 = CARTESIAN_POINT('',(0.984936830443,7.408081989201,0.));
#7094 = DIRECTION('',(-0.969017574842,-0.246991780525,0.));
#7095 = DIRECTION('',(-0.246991780525,0.969017574842,0.));
#7096 = ADVANCED_FACE('',(#7097),#7108,.F.);
#7097 = FACE_BOUND('',#7098,.F.);
#7098 = EDGE_LOOP('',(#7099,#7105,#7106,#7107));
#7099 = ORIENTED_EDGE('',*,*,#7100,.T.);
#7100 = EDGE_CURVE('',#2185,#4025,#7101,.T.);
#7101 = LINE('',#7102,#7103);
#7102 = CARTESIAN_POINT('',(4.66517775456,-6.374002324174,0.));
#7103 = VECTOR('',#7104,1.);
#7104 = DIRECTION('',(0.,0.,1.));
#7105 = ORIENTED_EDGE('',*,*,#4032,.T.);
#7106 = ORIENTED_EDGE('',*,*,#7066,.F.);
#7107 = ORIENTED_EDGE('',*,*,#2184,.F.);
#7108 = PLANE('',#7109);
#7109 = AXIS2_PLACEMENT_3D('',#7110,#7111,#7112);
#7110 = CARTESIAN_POINT('',(4.66517775456,-6.374002324174,0.));
#7111 = DIRECTION('',(-0.980483638013,-0.196600700888,0.));
#7112 = DIRECTION('',(-0.196600700888,0.980483638013,0.));
#7113 = ADVANCED_FACE('',(#7114),#7125,.F.);
#7114 = FACE_BOUND('',#7115,.F.);
#7115 = EDGE_LOOP('',(#7116,#7117,#7118,#7124));
#7116 = ORIENTED_EDGE('',*,*,#7085,.T.);
#7117 = ORIENTED_EDGE('',*,*,#5303,.T.);
#7118 = ORIENTED_EDGE('',*,*,#7119,.F.);
#7119 = EDGE_CURVE('',#3314,#5304,#7120,.T.);
#7120 = LINE('',#7121,#7122);
#7121 = CARTESIAN_POINT('',(0.853161286532,7.852636813796,0.));
#7122 = VECTOR('',#7123,1.);
#7123 = DIRECTION('',(0.,0.,1.));
#7124 = ORIENTED_EDGE('',*,*,#3321,.F.);
#7125 = PLANE('',#7126);
#7126 = AXIS2_PLACEMENT_3D('',#7127,#7128,#7129);
#7127 = CARTESIAN_POINT('',(0.928428769163,7.629778858564,0.));
#7128 = DIRECTION('',(-0.947424088958,-0.319980617636,0.));
#7129 = DIRECTION('',(-0.319980617636,0.947424088958,0.));
#7130 = ADVANCED_FACE('',(#7131),#7142,.F.);
#7131 = FACE_BOUND('',#7132,.F.);
#7132 = EDGE_LOOP('',(#7133,#7139,#7140,#7141));
#7133 = ORIENTED_EDGE('',*,*,#7134,.T.);
#7134 = EDGE_CURVE('',#2193,#4017,#7135,.T.);
#7135 = LINE('',#7136,#7137);
#7136 = CARTESIAN_POINT('',(4.696698868022,-6.613595857206,0.));
#7137 = VECTOR('',#7138,1.);
#7138 = DIRECTION('',(0.,0.,1.));
#7139 = ORIENTED_EDGE('',*,*,#4024,.T.);
#7140 = ORIENTED_EDGE('',*,*,#7100,.F.);
#7141 = ORIENTED_EDGE('',*,*,#2192,.F.);
#7142 = PLANE('',#7143);
#7143 = AXIS2_PLACEMENT_3D('',#7144,#7145,#7146);
#7144 = CARTESIAN_POINT('',(4.696698868022,-6.613595857206,0.));
#7145 = DIRECTION('',(-0.991456624336,-0.130436812516,0.));
#7146 = DIRECTION('',(-0.130436812516,0.991456624336,0.));
#7147 = ADVANCED_FACE('',(#7148),#7159,.F.);
#7148 = FACE_BOUND('',#7149,.F.);
#7149 = EDGE_LOOP('',(#7150,#7151,#7152,#7158));
#7150 = ORIENTED_EDGE('',*,*,#7119,.T.);
#7151 = ORIENTED_EDGE('',*,*,#5311,.T.);
#7152 = ORIENTED_EDGE('',*,*,#7153,.F.);
#7153 = EDGE_CURVE('',#3306,#5312,#7154,.T.);
#7154 = LINE('',#7155,#7156);
#7155 = CARTESIAN_POINT('',(0.760662605029,8.075891456714,0.));
#7156 = VECTOR('',#7157,1.);
#7157 = DIRECTION('',(0.,0.,1.));
#7158 = ORIENTED_EDGE('',*,*,#3313,.F.);
#7159 = PLANE('',#7160);
#7160 = AXIS2_PLACEMENT_3D('',#7161,#7162,#7163);
#7161 = CARTESIAN_POINT('',(0.853161286532,7.852636813796,0.));
#7162 = DIRECTION('',(-0.923845029684,-0.38276671894,0.));
#7163 = DIRECTION('',(-0.38276671894,0.923845029684,0.));
#7164 = ADVANCED_FACE('',(#7165),#7176,.F.);
#7165 = FACE_BOUND('',#7166,.F.);
#7166 = EDGE_LOOP('',(#7167,#7173,#7174,#7175));
#7167 = ORIENTED_EDGE('',*,*,#7168,.T.);
#7168 = EDGE_CURVE('',#2201,#4009,#7169,.T.);
#7169 = LINE('',#7170,#7171);
#7170 = CARTESIAN_POINT('',(4.713978423964,-6.861081310968,0.));
#7171 = VECTOR('',#7172,1.);
#7172 = DIRECTION('',(0.,0.,1.));
#7173 = ORIENTED_EDGE('',*,*,#4016,.T.);
#7174 = ORIENTED_EDGE('',*,*,#7134,.F.);
#7175 = ORIENTED_EDGE('',*,*,#2200,.F.);
#7176 = PLANE('',#7177);
#7177 = AXIS2_PLACEMENT_3D('',#7178,#7179,#7180);
#7178 = CARTESIAN_POINT('',(4.713978423964,-6.861081310968,0.));
#7179 = DIRECTION('',(-0.997571425203,-6.96509268998E-02,0.));
#7180 = DIRECTION('',(-6.96509268998E-02,0.997571425203,0.));
#7181 = ADVANCED_FACE('',(#7182),#7193,.F.);
#7182 = FACE_BOUND('',#7183,.F.);
#7183 = EDGE_LOOP('',(#7184,#7185,#7186,#7192));
#7184 = ORIENTED_EDGE('',*,*,#7153,.T.);
#7185 = ORIENTED_EDGE('',*,*,#5319,.T.);
#7186 = ORIENTED_EDGE('',*,*,#7187,.F.);
#7187 = EDGE_CURVE('',#3298,#5320,#7188,.T.);
#7188 = LINE('',#7189,#7190);
#7189 = CARTESIAN_POINT('',(0.651884412561,8.298859924712,0.));
#7190 = VECTOR('',#7191,1.);
#7191 = DIRECTION('',(0.,0.,1.));
#7192 = ORIENTED_EDGE('',*,*,#3305,.F.);
#7193 = PLANE('',#7194);
#7194 = AXIS2_PLACEMENT_3D('',#7195,#7196,#7197);
#7195 = CARTESIAN_POINT('',(0.760662605029,8.075891456714,0.));
#7196 = DIRECTION('',(-0.898747659765,-0.438466240509,0.));
#7197 = DIRECTION('',(-0.438466240509,0.898747659765,0.));
#7198 = ADVANCED_FACE('',(#7199),#7210,.F.);
#7199 = FACE_BOUND('',#7200,.F.);
#7200 = EDGE_LOOP('',(#7201,#7207,#7208,#7209));
#7201 = ORIENTED_EDGE('',*,*,#7202,.T.);
#7202 = EDGE_CURVE('',#2209,#4001,#7203,.T.);
#7203 = LINE('',#7204,#7205);
#7204 = CARTESIAN_POINT('',(4.717261972257,-7.115576248577,0.));
#7205 = VECTOR('',#7206,1.);
#7206 = DIRECTION('',(0.,0.,1.));
#7207 = ORIENTED_EDGE('',*,*,#4008,.T.);
#7208 = ORIENTED_EDGE('',*,*,#7168,.F.);
#7209 = ORIENTED_EDGE('',*,*,#2208,.F.);
#7210 = PLANE('',#7211);
#7211 = AXIS2_PLACEMENT_3D('',#7212,#7213,#7214);
#7212 = CARTESIAN_POINT('',(4.717261972257,-7.115576248577,0.));
#7213 = DIRECTION('',(-0.99991677682,-1.290114080913E-02,0.));
#7214 = DIRECTION('',(-1.290114080913E-02,0.99991677682,0.));
#7215 = ADVANCED_FACE('',(#7216),#7227,.F.);
#7216 = FACE_BOUND('',#7217,.F.);
#7217 = EDGE_LOOP('',(#7218,#7219,#7220,#7226));
#7218 = ORIENTED_EDGE('',*,*,#7187,.T.);
#7219 = ORIENTED_EDGE('',*,*,#5327,.T.);
#7220 = ORIENTED_EDGE('',*,*,#7221,.F.);
#7221 = EDGE_CURVE('',#3290,#5328,#7222,.T.);
#7222 = LINE('',#7223,#7224);
#7223 = CARTESIAN_POINT('',(0.527480579992,8.520900779961,0.));
#7224 = VECTOR('',#7225,1.);
#7225 = DIRECTION('',(0.,0.,1.));
#7226 = ORIENTED_EDGE('',*,*,#3297,.F.);
#7227 = PLANE('',#7228);
#7228 = AXIS2_PLACEMENT_3D('',#7229,#7230,#7231);
#7229 = CARTESIAN_POINT('',(0.651884412561,8.298859924712,0.));
#7230 = DIRECTION('',(-0.872403900801,-0.488785672731,0.));
#7231 = DIRECTION('',(-0.488785672731,0.872403900801,0.));
#7232 = ADVANCED_FACE('',(#7233),#7244,.F.);
#7233 = FACE_BOUND('',#7234,.F.);
#7234 = EDGE_LOOP('',(#7235,#7241,#7242,#7243));
#7235 = ORIENTED_EDGE('',*,*,#7236,.T.);
#7236 = EDGE_CURVE('',#2217,#3993,#7237,.T.);
#7237 = LINE('',#7238,#7239);
#7238 = CARTESIAN_POINT('',(4.706659002928,-7.376304022351,0.));
#7239 = VECTOR('',#7240,1.);
#7240 = DIRECTION('',(0.,0.,1.));
#7241 = ORIENTED_EDGE('',*,*,#4000,.T.);
#7242 = ORIENTED_EDGE('',*,*,#7202,.F.);
#7243 = ORIENTED_EDGE('',*,*,#2216,.F.);
#7244 = PLANE('',#7245);
#7245 = AXIS2_PLACEMENT_3D('',#7246,#7247,#7248);
#7246 = CARTESIAN_POINT('',(4.706659002928,-7.376304022351,0.));
#7247 = DIRECTION('',(-0.999174129116,4.06332340113E-02,0.));
#7248 = DIRECTION('',(4.06332340113E-02,0.999174129116,0.));
#7249 = ADVANCED_FACE('',(#7250),#7261,.F.);
#7250 = FACE_BOUND('',#7251,.F.);
#7251 = EDGE_LOOP('',(#7252,#7253,#7254,#7260));
#7252 = ORIENTED_EDGE('',*,*,#7221,.T.);
#7253 = ORIENTED_EDGE('',*,*,#5335,.T.);
#7254 = ORIENTED_EDGE('',*,*,#7255,.F.);
#7255 = EDGE_CURVE('',#3282,#5336,#7256,.T.);
#7256 = LINE('',#7257,#7258);
#7257 = CARTESIAN_POINT('',(0.387934252311,8.741396170858,0.));
#7258 = VECTOR('',#7259,1.);
#7259 = DIRECTION('',(0.,0.,1.));
#7260 = ORIENTED_EDGE('',*,*,#3289,.F.);
#7261 = PLANE('',#7262);
#7262 = AXIS2_PLACEMENT_3D('',#7263,#7264,#7265);
#7263 = CARTESIAN_POINT('',(0.527480579992,8.520900779961,0.));
#7264 = DIRECTION('',(-0.844993561613,-0.534776477449,0.));
#7265 = DIRECTION('',(-0.534776477449,0.844993561613,0.));
#7266 = ADVANCED_FACE('',(#7267),#7278,.F.);
#7267 = FACE_BOUND('',#7268,.F.);
#7268 = EDGE_LOOP('',(#7269,#7275,#7276,#7277));
#7269 = ORIENTED_EDGE('',*,*,#7270,.T.);
#7270 = EDGE_CURVE('',#2225,#3985,#7271,.T.);
#7271 = LINE('',#7272,#7273);
#7272 = CARTESIAN_POINT('',(4.034737167929,-7.764238274662,0.));
#7273 = VECTOR('',#7274,1.);
#7274 = DIRECTION('',(0.,0.,1.));
#7275 = ORIENTED_EDGE('',*,*,#3992,.T.);
#7276 = ORIENTED_EDGE('',*,*,#7236,.F.);
#7277 = ORIENTED_EDGE('',*,*,#2224,.F.);
#7278 = PLANE('',#7279);
#7279 = AXIS2_PLACEMENT_3D('',#7280,#7281,#7282);
#7280 = CARTESIAN_POINT('',(4.034737167929,-7.764238274662,0.));
#7281 = DIRECTION('',(-0.5,0.866025403784,0.));
#7282 = DIRECTION('',(0.866025403784,0.5,0.));
#7283 = ADVANCED_FACE('',(#7284),#7295,.F.);
#7284 = FACE_BOUND('',#7285,.F.);
#7285 = EDGE_LOOP('',(#7286,#7287,#7288,#7294));
#7286 = ORIENTED_EDGE('',*,*,#7255,.T.);
#7287 = ORIENTED_EDGE('',*,*,#5343,.T.);
#7288 = ORIENTED_EDGE('',*,*,#7289,.F.);
#7289 = EDGE_CURVE('',#3274,#5344,#7290,.T.);
#7290 = LINE('',#7291,#7292);
#7291 = CARTESIAN_POINT('',(-0.387934252311,8.741396170858,0.));
#7292 = VECTOR('',#7293,1.);
#7293 = DIRECTION('',(0.,0.,1.));
#7294 = ORIENTED_EDGE('',*,*,#3281,.F.);
#7295 = PLANE('',#7296);
#7296 = AXIS2_PLACEMENT_3D('',#7297,#7298,#7299);
#7297 = CARTESIAN_POINT('',(0.387934252311,8.741396170858,0.));
#7298 = DIRECTION('',(0.,-1.,0.));
#7299 = DIRECTION('',(-1.,0.,0.));
#7300 = ADVANCED_FACE('',(#7301),#7312,.F.);
#7301 = FACE_BOUND('',#7302,.F.);
#7302 = EDGE_LOOP('',(#7303,#7309,#7310,#7311));
#7303 = ORIENTED_EDGE('',*,*,#7304,.T.);
#7304 = EDGE_CURVE('',#2233,#3977,#7305,.T.);
#7305 = LINE('',#7306,#7307);
#7306 = CARTESIAN_POINT('',(3.803638807704,-7.643056828569,0.));
#7307 = VECTOR('',#7308,1.);
#7308 = DIRECTION('',(0.,0.,1.));
#7309 = ORIENTED_EDGE('',*,*,#3984,.T.);
#7310 = ORIENTED_EDGE('',*,*,#7270,.F.);
#7311 = ORIENTED_EDGE('',*,*,#2232,.F.);
#7312 = PLANE('',#7313);
#7313 = AXIS2_PLACEMENT_3D('',#7314,#7315,#7316);
#7314 = CARTESIAN_POINT('',(3.803638807704,-7.643056828569,0.));
#7315 = DIRECTION('',(0.464397651666,0.885626795624,0.));
#7316 = DIRECTION('',(0.885626795624,-0.464397651666,0.));
#7317 = ADVANCED_FACE('',(#7318),#7329,.F.);
#7318 = FACE_BOUND('',#7319,.F.);
#7319 = EDGE_LOOP('',(#7320,#7321,#7322,#7328));
#7320 = ORIENTED_EDGE('',*,*,#7289,.T.);
#7321 = ORIENTED_EDGE('',*,*,#5351,.T.);
#7322 = ORIENTED_EDGE('',*,*,#7323,.F.);
#7323 = EDGE_CURVE('',#3266,#5352,#7324,.T.);
#7324 = LINE('',#7325,#7326);
#7325 = CARTESIAN_POINT('',(-0.527480579992,8.520900779961,0.));
#7326 = VECTOR('',#7327,1.);
#7327 = DIRECTION('',(0.,0.,1.));
#7328 = ORIENTED_EDGE('',*,*,#3273,.F.);
#7329 = PLANE('',#7330);
#7330 = AXIS2_PLACEMENT_3D('',#7331,#7332,#7333);
#7331 = CARTESIAN_POINT('',(-0.387934252311,8.741396170858,0.));
#7332 = DIRECTION('',(0.844993561613,-0.534776477449,0.));
#7333 = DIRECTION('',(-0.534776477449,-0.844993561613,0.));
#7334 = ADVANCED_FACE('',(#7335),#7346,.F.);
#7335 = FACE_BOUND('',#7336,.F.);
#7336 = EDGE_LOOP('',(#7337,#7343,#7344,#7345));
#7337 = ORIENTED_EDGE('',*,*,#7338,.T.);
#7338 = EDGE_CURVE('',#2241,#3969,#7339,.T.);
#7339 = LINE('',#7340,#7341);
#7340 = CARTESIAN_POINT('',(3.584881500747,-7.512965723529,0.));
#7341 = VECTOR('',#7342,1.);
#7342 = DIRECTION('',(0.,0.,1.));
#7343 = ORIENTED_EDGE('',*,*,#3976,.T.);
#7344 = ORIENTED_EDGE('',*,*,#7304,.F.);
#7345 = ORIENTED_EDGE('',*,*,#2240,.F.);
#7346 = PLANE('',#7347);
#7347 = AXIS2_PLACEMENT_3D('',#7348,#7349,#7350);
#7348 = CARTESIAN_POINT('',(3.584881500747,-7.512965723529,0.));
#7349 = DIRECTION('',(0.511131104088,0.859502759992,0.));
#7350 = DIRECTION('',(0.859502759992,-0.511131104088,0.));
#7351 = ADVANCED_FACE('',(#7352),#7363,.F.);
#7352 = FACE_BOUND('',#7353,.F.);
#7353 = EDGE_LOOP('',(#7354,#7355,#7356,#7362));
#7354 = ORIENTED_EDGE('',*,*,#7323,.T.);
#7355 = ORIENTED_EDGE('',*,*,#5359,.T.);
#7356 = ORIENTED_EDGE('',*,*,#7357,.F.);
#7357 = EDGE_CURVE('',#3258,#5360,#7358,.T.);
#7358 = LINE('',#7359,#7360);
#7359 = CARTESIAN_POINT('',(-0.651884412561,8.298859924712,0.));
#7360 = VECTOR('',#7361,1.);
#7361 = DIRECTION('',(0.,0.,1.));
#7362 = ORIENTED_EDGE('',*,*,#3265,.F.);
#7363 = PLANE('',#7364);
#7364 = AXIS2_PLACEMENT_3D('',#7365,#7366,#7367);
#7365 = CARTESIAN_POINT('',(-0.527480579992,8.520900779961,0.));
#7366 = DIRECTION('',(0.872403900801,-0.488785672731,0.));
#7367 = DIRECTION('',(-0.488785672731,-0.872403900801,0.));
#7368 = ADVANCED_FACE('',(#7369),#7380,.F.);
#7369 = FACE_BOUND('',#7370,.F.);
#7370 = EDGE_LOOP('',(#7371,#7377,#7378,#7379));
#7371 = ORIENTED_EDGE('',*,*,#7372,.T.);
#7372 = EDGE_CURVE('',#2249,#3961,#7373,.T.);
#7373 = LINE('',#7374,#7375);
#7374 = CARTESIAN_POINT('',(3.379192588693,-7.374258462235,0.));
#7375 = VECTOR('',#7376,1.);
#7376 = DIRECTION('',(0.,0.,1.));
#7377 = ORIENTED_EDGE('',*,*,#3968,.T.);
#7378 = ORIENTED_EDGE('',*,*,#7338,.F.);
#7379 = ORIENTED_EDGE('',*,*,#2248,.F.);
#7380 = PLANE('',#7381);
#7381 = AXIS2_PLACEMENT_3D('',#7382,#7383,#7384);
#7382 = CARTESIAN_POINT('',(3.379192588693,-7.374258462235,0.));
#7383 = DIRECTION('',(0.559105184694,0.829096732866,0.));
#7384 = DIRECTION('',(0.829096732866,-0.559105184694,0.));
#7385 = ADVANCED_FACE('',(#7386),#7397,.F.);
#7386 = FACE_BOUND('',#7387,.F.);
#7387 = EDGE_LOOP('',(#7388,#7389,#7390,#7396));
#7388 = ORIENTED_EDGE('',*,*,#7357,.T.);
#7389 = ORIENTED_EDGE('',*,*,#5367,.T.);
#7390 = ORIENTED_EDGE('',*,*,#7391,.F.);
#7391 = EDGE_CURVE('',#3250,#5368,#7392,.T.);
#7392 = LINE('',#7393,#7394);
#7393 = CARTESIAN_POINT('',(-0.760662605029,8.075891456714,0.));
#7394 = VECTOR('',#7395,1.);
#7395 = DIRECTION('',(0.,0.,1.));
#7396 = ORIENTED_EDGE('',*,*,#3257,.F.);
#7397 = PLANE('',#7398);
#7398 = AXIS2_PLACEMENT_3D('',#7399,#7400,#7401);
#7399 = CARTESIAN_POINT('',(-0.651884412561,8.298859924712,0.));
#7400 = DIRECTION('',(0.898747659765,-0.438466240509,0.));
#7401 = DIRECTION('',(-0.438466240509,-0.898747659765,0.));
#7402 = ADVANCED_FACE('',(#7403),#7414,.F.);
#7403 = FACE_BOUND('',#7404,.F.);
#7404 = EDGE_LOOP('',(#7405,#7411,#7412,#7413));
#7405 = ORIENTED_EDGE('',*,*,#7406,.T.);
#7406 = EDGE_CURVE('',#2257,#3953,#7407,.T.);
#7407 = LINE('',#7408,#7409);
#7408 = CARTESIAN_POINT('',(3.187459059236,-7.227163610706,0.));
#7409 = VECTOR('',#7410,1.);
#7410 = DIRECTION('',(0.,0.,1.));
#7411 = ORIENTED_EDGE('',*,*,#3960,.T.);
#7412 = ORIENTED_EDGE('',*,*,#7372,.F.);
#7413 = ORIENTED_EDGE('',*,*,#2256,.F.);
#7414 = PLANE('',#7415);
#7415 = AXIS2_PLACEMENT_3D('',#7416,#7417,#7418);
#7416 = CARTESIAN_POINT('',(3.187459059236,-7.227163610706,0.));
#7417 = DIRECTION('',(0.608689905396,0.793408217168,0.));
#7418 = DIRECTION('',(0.793408217168,-0.608689905396,0.));
#7419 = ADVANCED_FACE('',(#7420),#7431,.F.);
#7420 = FACE_BOUND('',#7421,.F.);
#7421 = EDGE_LOOP('',(#7422,#7423,#7424,#7430));
#7422 = ORIENTED_EDGE('',*,*,#7391,.T.);
#7423 = ORIENTED_EDGE('',*,*,#5375,.T.);
#7424 = ORIENTED_EDGE('',*,*,#7425,.F.);
#7425 = EDGE_CURVE('',#3242,#5376,#7426,.T.);
#7426 = LINE('',#7427,#7428);
#7427 = CARTESIAN_POINT('',(-0.853161286532,7.852636813796,0.));
#7428 = VECTOR('',#7429,1.);
#7429 = DIRECTION('',(0.,0.,1.));
#7430 = ORIENTED_EDGE('',*,*,#3249,.F.);
#7431 = PLANE('',#7432);
#7432 = AXIS2_PLACEMENT_3D('',#7433,#7434,#7435);
#7433 = CARTESIAN_POINT('',(-0.760662605029,8.075891456714,0.));
#7434 = DIRECTION('',(0.923845029684,-0.38276671894,0.));
#7435 = DIRECTION('',(-0.38276671894,-0.923845029684,0.));
#7436 = ADVANCED_FACE('',(#7437),#7448,.F.);
#7437 = FACE_BOUND('',#7438,.F.);
#7438 = EDGE_LOOP('',(#7439,#7445,#7446,#7447));
#7439 = ORIENTED_EDGE('',*,*,#7440,.T.);
#7440 = EDGE_CURVE('',#2265,#3945,#7441,.T.);
#7441 = LINE('',#7442,#7443);
#7442 = CARTESIAN_POINT('',(3.010846529583,-7.071796701356,0.));
#7443 = VECTOR('',#7444,1.);
#7444 = DIRECTION('',(0.,0.,1.));
#7445 = ORIENTED_EDGE('',*,*,#3952,.T.);
#7446 = ORIENTED_EDGE('',*,*,#7406,.F.);
#7447 = ORIENTED_EDGE('',*,*,#2264,.F.);
#7448 = PLANE('',#7449);
#7449 = AXIS2_PLACEMENT_3D('',#7450,#7451,#7452);
#7450 = CARTESIAN_POINT('',(3.010846529583,-7.071796701356,0.));
#7451 = DIRECTION('',(0.660503020377,0.75082338807,0.));
#7452 = DIRECTION('',(0.75082338807,-0.660503020377,0.));
#7453 = ADVANCED_FACE('',(#7454),#7465,.F.);
#7454 = FACE_BOUND('',#7455,.F.);
#7455 = EDGE_LOOP('',(#7456,#7457,#7458,#7464));
#7456 = ORIENTED_EDGE('',*,*,#7425,.T.);
#7457 = ORIENTED_EDGE('',*,*,#5383,.T.);
#7458 = ORIENTED_EDGE('',*,*,#7459,.F.);
#7459 = EDGE_CURVE('',#3234,#5384,#7460,.T.);
#7460 = LINE('',#7461,#7462);
#7461 = CARTESIAN_POINT('',(-0.928428769163,7.629778858564,0.));
#7462 = VECTOR('',#7463,1.);
#7463 = DIRECTION('',(0.,0.,1.));
#7464 = ORIENTED_EDGE('',*,*,#3241,.F.);
#7465 = PLANE('',#7466);
#7466 = AXIS2_PLACEMENT_3D('',#7467,#7468,#7469);
#7467 = CARTESIAN_POINT('',(-0.853161286532,7.852636813796,0.));
#7468 = DIRECTION('',(0.947424088958,-0.319980617636,0.));
#7469 = DIRECTION('',(-0.319980617636,-0.947424088958,0.));
#7470 = ADVANCED_FACE('',(#7471),#7482,.F.);
#7471 = FACE_BOUND('',#7472,.F.);
#7472 = EDGE_LOOP('',(#7473,#7479,#7480,#7481));
#7473 = ORIENTED_EDGE('',*,*,#7474,.T.);
#7474 = EDGE_CURVE('',#2273,#3937,#7475,.T.);
#7475 = LINE('',#7476,#7477);
#7476 = CARTESIAN_POINT('',(2.851060678313,-6.908055611187,0.));
#7477 = VECTOR('',#7478,1.);
#7478 = DIRECTION('',(0.,0.,1.));
#7479 = ORIENTED_EDGE('',*,*,#3944,.T.);
#7480 = ORIENTED_EDGE('',*,*,#7440,.F.);
#7481 = ORIENTED_EDGE('',*,*,#2272,.F.);
#7482 = PLANE('',#7483);
#7483 = AXIS2_PLACEMENT_3D('',#7484,#7485,#7486);
#7484 = CARTESIAN_POINT('',(2.851060678313,-6.908055611187,0.));
#7485 = DIRECTION('',(0.715697946264,0.698409943882,0.));
#7486 = DIRECTION('',(0.698409943882,-0.715697946264,0.));
#7487 = ADVANCED_FACE('',(#7488),#7499,.F.);
#7488 = FACE_BOUND('',#7489,.F.);
#7489 = EDGE_LOOP('',(#7490,#7491,#7492,#7498));
#7490 = ORIENTED_EDGE('',*,*,#7459,.T.);
#7491 = ORIENTED_EDGE('',*,*,#5391,.T.);
#7492 = ORIENTED_EDGE('',*,*,#7493,.F.);
#7493 = EDGE_CURVE('',#3226,#5392,#7494,.T.);
#7494 = LINE('',#7495,#7496);
#7495 = CARTESIAN_POINT('',(-0.984936830443,7.408081989201,0.));
#7496 = VECTOR('',#7497,1.);
#7497 = DIRECTION('',(0.,0.,1.));
#7498 = ORIENTED_EDGE('',*,*,#3233,.F.);
#7499 = PLANE('',#7500);
#7500 = AXIS2_PLACEMENT_3D('',#7501,#7502,#7503);
#7501 = CARTESIAN_POINT('',(-0.928428769163,7.629778858564,0.));
#7502 = DIRECTION('',(0.969017574842,-0.246991780525,0.));
#7503 = DIRECTION('',(-0.246991780525,-0.969017574842,0.));
#7504 = ADVANCED_FACE('',(#7505),#7516,.F.);
#7505 = FACE_BOUND('',#7506,.F.);
#7506 = EDGE_LOOP('',(#7507,#7513,#7514,#7515));
#7507 = ORIENTED_EDGE('',*,*,#7508,.T.);
#7508 = EDGE_CURVE('',#2281,#3929,#7509,.T.);
#7509 = LINE('',#7510,#7511);
#7510 = CARTESIAN_POINT('',(2.711088928872,-6.735325356359,0.));
#7511 = VECTOR('',#7512,1.);
#7512 = DIRECTION('',(0.,0.,1.));
#7513 = ORIENTED_EDGE('',*,*,#3936,.T.);
#7514 = ORIENTED_EDGE('',*,*,#7474,.F.);
#7515 = ORIENTED_EDGE('',*,*,#2280,.F.);
#7516 = PLANE('',#7517);
#7517 = AXIS2_PLACEMENT_3D('',#7518,#7519,#7520);
#7518 = CARTESIAN_POINT('',(2.711088928872,-6.735325356359,0.));
#7519 = DIRECTION('',(0.776931329639,0.629585346895,0.));
#7520 = DIRECTION('',(0.629585346895,-0.776931329639,0.));
#7521 = ADVANCED_FACE('',(#7522),#7533,.F.);
#7522 = FACE_BOUND('',#7523,.F.);
#7523 = EDGE_LOOP('',(#7524,#7525,#7526,#7532));
#7524 = ORIENTED_EDGE('',*,*,#7493,.T.);
#7525 = ORIENTED_EDGE('',*,*,#5399,.T.);
#7526 = ORIENTED_EDGE('',*,*,#7527,.F.);
#7527 = EDGE_CURVE('',#3218,#5400,#7528,.T.);
#7528 = LINE('',#7529,#7530);
#7529 = CARTESIAN_POINT('',(-1.019790793858,7.188507325796,0.));
#7530 = VECTOR('',#7531,1.);
#7531 = DIRECTION('',(0.,0.,1.));
#7532 = ORIENTED_EDGE('',*,*,#3225,.F.);
#7533 = PLANE('',#7534);
#7534 = AXIS2_PLACEMENT_3D('',#7535,#7536,#7537);
#7535 = CARTESIAN_POINT('',(-0.984936830443,7.408081989201,0.));
#7536 = DIRECTION('',(0.987634941911,-0.156771239442,0.));
#7537 = DIRECTION('',(-0.156771239442,-0.987634941911,0.));
#7538 = ADVANCED_FACE('',(#7539),#7545,.F.);
#7539 = FACE_BOUND('',#7540,.F.);
#7540 = EDGE_LOOP('',(#7541,#7542,#7543,#7544));
#7541 = ORIENTED_EDGE('',*,*,#4074,.T.);
#7542 = ORIENTED_EDGE('',*,*,#3928,.T.);
#7543 = ORIENTED_EDGE('',*,*,#7508,.F.);
#7544 = ORIENTED_EDGE('',*,*,#2288,.F.);
#7545 = PLANE('',#7546);
#7546 = AXIS2_PLACEMENT_3D('',#7547,#7548,#7549);
#7547 = CARTESIAN_POINT('',(2.599694284074,-6.550693825243,0.));
#7548 = DIRECTION('',(0.856230604015,0.516593798596,0.));
#7549 = DIRECTION('',(0.516593798596,-0.856230604015,0.));
#7550 = ADVANCED_FACE('',(#7551),#7557,.F.);
#7551 = FACE_BOUND('',#7552,.F.);
#7552 = EDGE_LOOP('',(#7553,#7554,#7555,#7556));
#7553 = ORIENTED_EDGE('',*,*,#7527,.T.);
#7554 = ORIENTED_EDGE('',*,*,#5407,.T.);
#7555 = ORIENTED_EDGE('',*,*,#5247,.F.);
#7556 = ORIENTED_EDGE('',*,*,#3217,.F.);
#7557 = PLANE('',#7558);
#7558 = AXIS2_PLACEMENT_3D('',#7559,#7560,#7561);
#7559 = CARTESIAN_POINT('',(-1.019790793858,7.188507325796,0.));
#7560 = DIRECTION('',(0.999814353873,-1.926805101411E-02,0.));
#7561 = DIRECTION('',(-1.926805101411E-02,-0.999814353873,0.));
#7562 = ADVANCED_FACE('',(#7563),#7574,.F.);
#7563 = FACE_BOUND('',#7564,.F.);
#7564 = EDGE_LOOP('',(#7565,#7571,#7572,#7573));
#7565 = ORIENTED_EDGE('',*,*,#7566,.T.);
#7566 = EDGE_CURVE('',#2312,#4242,#7567,.T.);
#7567 = LINE('',#7568,#7569);
#7568 = CARTESIAN_POINT('',(1.019790793858,-7.188507325796,0.));
#7569 = VECTOR('',#7570,1.);
#7570 = DIRECTION('',(0.,0.,1.));
#7571 = ORIENTED_EDGE('',*,*,#4249,.T.);
#7572 = ORIENTED_EDGE('',*,*,#4089,.F.);
#7573 = ORIENTED_EDGE('',*,*,#2311,.F.);
#7574 = PLANE('',#7575);
#7575 = AXIS2_PLACEMENT_3D('',#7576,#7577,#7578);
#7576 = CARTESIAN_POINT('',(1.019790793858,-7.188507325796,0.));
#7577 = DIRECTION('',(-0.999814353873,1.926805101411E-02,0.));
#7578 = DIRECTION('',(1.926805101411E-02,0.999814353873,0.));
#7579 = ADVANCED_FACE('',(#7580),#7591,.F.);
#7580 = FACE_BOUND('',#7581,.F.);
#7581 = EDGE_LOOP('',(#7582,#7583,#7584,#7590));
#7582 = ORIENTED_EDGE('',*,*,#5232,.T.);
#7583 = ORIENTED_EDGE('',*,*,#5086,.T.);
#7584 = ORIENTED_EDGE('',*,*,#7585,.F.);
#7585 = EDGE_CURVE('',#3187,#5087,#7586,.T.);
#7586 = LINE('',#7587,#7588);
#7587 = CARTESIAN_POINT('',(-2.711088928872,6.735325356359,0.));
#7588 = VECTOR('',#7589,1.);
#7589 = DIRECTION('',(0.,0.,1.));
#7590 = ORIENTED_EDGE('',*,*,#3194,.F.);
#7591 = PLANE('',#7592);
#7592 = AXIS2_PLACEMENT_3D('',#7593,#7594,#7595);
#7593 = CARTESIAN_POINT('',(-2.599694284074,6.550693825243,0.));
#7594 = DIRECTION('',(-0.856230604015,-0.516593798596,0.));
#7595 = DIRECTION('',(-0.516593798596,0.856230604015,0.));
#7596 = ADVANCED_FACE('',(#7597),#7608,.F.);
#7597 = FACE_BOUND('',#7598,.F.);
#7598 = EDGE_LOOP('',(#7599,#7605,#7606,#7607));
#7599 = ORIENTED_EDGE('',*,*,#7600,.T.);
#7600 = EDGE_CURVE('',#2320,#4234,#7601,.T.);
#7601 = LINE('',#7602,#7603);
#7602 = CARTESIAN_POINT('',(0.984936830443,-7.408081989201,0.));
#7603 = VECTOR('',#7604,1.);
#7604 = DIRECTION('',(0.,0.,1.));
#7605 = ORIENTED_EDGE('',*,*,#4241,.T.);
#7606 = ORIENTED_EDGE('',*,*,#7566,.F.);
#7607 = ORIENTED_EDGE('',*,*,#2319,.F.);
#7608 = PLANE('',#7609);
#7609 = AXIS2_PLACEMENT_3D('',#7610,#7611,#7612);
#7610 = CARTESIAN_POINT('',(0.984936830443,-7.408081989201,0.));
#7611 = DIRECTION('',(-0.987634941911,0.156771239442,0.));
#7612 = DIRECTION('',(0.156771239442,0.987634941911,0.));
#7613 = ADVANCED_FACE('',(#7614),#7625,.F.);
#7614 = FACE_BOUND('',#7615,.F.);
#7615 = EDGE_LOOP('',(#7616,#7617,#7618,#7624));
#7616 = ORIENTED_EDGE('',*,*,#7585,.T.);
#7617 = ORIENTED_EDGE('',*,*,#5094,.T.);
#7618 = ORIENTED_EDGE('',*,*,#7619,.F.);
#7619 = EDGE_CURVE('',#3179,#5095,#7620,.T.);
#7620 = LINE('',#7621,#7622);
#7621 = CARTESIAN_POINT('',(-2.851060678313,6.908055611187,0.));
#7622 = VECTOR('',#7623,1.);
#7623 = DIRECTION('',(0.,0.,1.));
#7624 = ORIENTED_EDGE('',*,*,#3186,.F.);
#7625 = PLANE('',#7626);
#7626 = AXIS2_PLACEMENT_3D('',#7627,#7628,#7629);
#7627 = CARTESIAN_POINT('',(-2.711088928872,6.735325356359,0.));
#7628 = DIRECTION('',(-0.776931329639,-0.629585346895,0.));
#7629 = DIRECTION('',(-0.629585346895,0.776931329639,0.));
#7630 = ADVANCED_FACE('',(#7631),#7642,.F.);
#7631 = FACE_BOUND('',#7632,.F.);
#7632 = EDGE_LOOP('',(#7633,#7639,#7640,#7641));
#7633 = ORIENTED_EDGE('',*,*,#7634,.T.);
#7634 = EDGE_CURVE('',#2328,#4226,#7635,.T.);
#7635 = LINE('',#7636,#7637);
#7636 = CARTESIAN_POINT('',(0.928428769163,-7.629778858564,0.));
#7637 = VECTOR('',#7638,1.);
#7638 = DIRECTION('',(0.,0.,1.));
#7639 = ORIENTED_EDGE('',*,*,#4233,.T.);
#7640 = ORIENTED_EDGE('',*,*,#7600,.F.);
#7641 = ORIENTED_EDGE('',*,*,#2327,.F.);
#7642 = PLANE('',#7643);
#7643 = AXIS2_PLACEMENT_3D('',#7644,#7645,#7646);
#7644 = CARTESIAN_POINT('',(0.928428769163,-7.629778858564,0.));
#7645 = DIRECTION('',(-0.969017574842,0.246991780525,0.));
#7646 = DIRECTION('',(0.246991780525,0.969017574842,0.));
#7647 = ADVANCED_FACE('',(#7648),#7659,.F.);
#7648 = FACE_BOUND('',#7649,.F.);
#7649 = EDGE_LOOP('',(#7650,#7651,#7652,#7658));
#7650 = ORIENTED_EDGE('',*,*,#7619,.T.);
#7651 = ORIENTED_EDGE('',*,*,#5102,.T.);
#7652 = ORIENTED_EDGE('',*,*,#7653,.F.);
#7653 = EDGE_CURVE('',#3171,#5103,#7654,.T.);
#7654 = LINE('',#7655,#7656);
#7655 = CARTESIAN_POINT('',(-3.010846529583,7.071796701356,0.));
#7656 = VECTOR('',#7657,1.);
#7657 = DIRECTION('',(0.,0.,1.));
#7658 = ORIENTED_EDGE('',*,*,#3178,.F.);
#7659 = PLANE('',#7660);
#7660 = AXIS2_PLACEMENT_3D('',#7661,#7662,#7663);
#7661 = CARTESIAN_POINT('',(-2.851060678313,6.908055611187,0.));
#7662 = DIRECTION('',(-0.715697946264,-0.698409943882,0.));
#7663 = DIRECTION('',(-0.698409943882,0.715697946264,0.));
#7664 = ADVANCED_FACE('',(#7665),#7676,.F.);
#7665 = FACE_BOUND('',#7666,.F.);
#7666 = EDGE_LOOP('',(#7667,#7673,#7674,#7675));
#7667 = ORIENTED_EDGE('',*,*,#7668,.T.);
#7668 = EDGE_CURVE('',#2336,#4218,#7669,.T.);
#7669 = LINE('',#7670,#7671);
#7670 = CARTESIAN_POINT('',(0.853161286532,-7.852636813796,0.));
#7671 = VECTOR('',#7672,1.);
#7672 = DIRECTION('',(0.,0.,1.));
#7673 = ORIENTED_EDGE('',*,*,#4225,.T.);
#7674 = ORIENTED_EDGE('',*,*,#7634,.F.);
#7675 = ORIENTED_EDGE('',*,*,#2335,.F.);
#7676 = PLANE('',#7677);
#7677 = AXIS2_PLACEMENT_3D('',#7678,#7679,#7680);
#7678 = CARTESIAN_POINT('',(0.853161286532,-7.852636813796,0.));
#7679 = DIRECTION('',(-0.947424088958,0.319980617636,0.));
#7680 = DIRECTION('',(0.319980617636,0.947424088958,0.));
#7681 = ADVANCED_FACE('',(#7682),#7693,.F.);
#7682 = FACE_BOUND('',#7683,.F.);
#7683 = EDGE_LOOP('',(#7684,#7685,#7686,#7692));
#7684 = ORIENTED_EDGE('',*,*,#7653,.T.);
#7685 = ORIENTED_EDGE('',*,*,#5110,.T.);
#7686 = ORIENTED_EDGE('',*,*,#7687,.F.);
#7687 = EDGE_CURVE('',#3163,#5111,#7688,.T.);
#7688 = LINE('',#7689,#7690);
#7689 = CARTESIAN_POINT('',(-3.187459059236,7.227163610706,0.));
#7690 = VECTOR('',#7691,1.);
#7691 = DIRECTION('',(0.,0.,1.));
#7692 = ORIENTED_EDGE('',*,*,#3170,.F.);
#7693 = PLANE('',#7694);
#7694 = AXIS2_PLACEMENT_3D('',#7695,#7696,#7697);
#7695 = CARTESIAN_POINT('',(-3.010846529583,7.071796701356,0.));
#7696 = DIRECTION('',(-0.660503020377,-0.75082338807,0.));
#7697 = DIRECTION('',(-0.75082338807,0.660503020377,0.));
#7698 = ADVANCED_FACE('',(#7699),#7710,.F.);
#7699 = FACE_BOUND('',#7700,.F.);
#7700 = EDGE_LOOP('',(#7701,#7707,#7708,#7709));
#7701 = ORIENTED_EDGE('',*,*,#7702,.T.);
#7702 = EDGE_CURVE('',#2344,#4210,#7703,.T.);
#7703 = LINE('',#7704,#7705);
#7704 = CARTESIAN_POINT('',(0.760662605029,-8.075891456714,0.));
#7705 = VECTOR('',#7706,1.);
#7706 = DIRECTION('',(0.,0.,1.));
#7707 = ORIENTED_EDGE('',*,*,#4217,.T.);
#7708 = ORIENTED_EDGE('',*,*,#7668,.F.);
#7709 = ORIENTED_EDGE('',*,*,#2343,.F.);
#7710 = PLANE('',#7711);
#7711 = AXIS2_PLACEMENT_3D('',#7712,#7713,#7714);
#7712 = CARTESIAN_POINT('',(0.760662605029,-8.075891456714,0.));
#7713 = DIRECTION('',(-0.923845029684,0.38276671894,0.));
#7714 = DIRECTION('',(0.38276671894,0.923845029684,0.));
#7715 = ADVANCED_FACE('',(#7716),#7727,.F.);
#7716 = FACE_BOUND('',#7717,.F.);
#7717 = EDGE_LOOP('',(#7718,#7719,#7720,#7726));
#7718 = ORIENTED_EDGE('',*,*,#7687,.T.);
#7719 = ORIENTED_EDGE('',*,*,#5118,.T.);
#7720 = ORIENTED_EDGE('',*,*,#7721,.F.);
#7721 = EDGE_CURVE('',#3155,#5119,#7722,.T.);
#7722 = LINE('',#7723,#7724);
#7723 = CARTESIAN_POINT('',(-3.379192588693,7.374258462235,0.));
#7724 = VECTOR('',#7725,1.);
#7725 = DIRECTION('',(0.,0.,1.));
#7726 = ORIENTED_EDGE('',*,*,#3162,.F.);
#7727 = PLANE('',#7728);
#7728 = AXIS2_PLACEMENT_3D('',#7729,#7730,#7731);
#7729 = CARTESIAN_POINT('',(-3.187459059236,7.227163610706,0.));
#7730 = DIRECTION('',(-0.608689905396,-0.793408217167,0.));
#7731 = DIRECTION('',(-0.793408217167,0.608689905396,0.));
#7732 = ADVANCED_FACE('',(#7733),#7744,.F.);
#7733 = FACE_BOUND('',#7734,.F.);
#7734 = EDGE_LOOP('',(#7735,#7741,#7742,#7743));
#7735 = ORIENTED_EDGE('',*,*,#7736,.T.);
#7736 = EDGE_CURVE('',#2352,#4202,#7737,.T.);
#7737 = LINE('',#7738,#7739);
#7738 = CARTESIAN_POINT('',(0.651884412561,-8.298859924712,0.));
#7739 = VECTOR('',#7740,1.);
#7740 = DIRECTION('',(0.,0.,1.));
#7741 = ORIENTED_EDGE('',*,*,#4209,.T.);
#7742 = ORIENTED_EDGE('',*,*,#7702,.F.);
#7743 = ORIENTED_EDGE('',*,*,#2351,.F.);
#7744 = PLANE('',#7745);
#7745 = AXIS2_PLACEMENT_3D('',#7746,#7747,#7748);
#7746 = CARTESIAN_POINT('',(0.651884412561,-8.298859924712,0.));
#7747 = DIRECTION('',(-0.898747659765,0.438466240509,0.));
#7748 = DIRECTION('',(0.438466240509,0.898747659765,0.));
#7749 = ADVANCED_FACE('',(#7750),#7761,.F.);
#7750 = FACE_BOUND('',#7751,.F.);
#7751 = EDGE_LOOP('',(#7752,#7753,#7754,#7760));
#7752 = ORIENTED_EDGE('',*,*,#7721,.T.);
#7753 = ORIENTED_EDGE('',*,*,#5126,.T.);
#7754 = ORIENTED_EDGE('',*,*,#7755,.F.);
#7755 = EDGE_CURVE('',#3147,#5127,#7756,.T.);
#7756 = LINE('',#7757,#7758);
#7757 = CARTESIAN_POINT('',(-3.584881500747,7.512965723529,0.));
#7758 = VECTOR('',#7759,1.);
#7759 = DIRECTION('',(0.,0.,1.));
#7760 = ORIENTED_EDGE('',*,*,#3154,.F.);
#7761 = PLANE('',#7762);
#7762 = AXIS2_PLACEMENT_3D('',#7763,#7764,#7765);
#7763 = CARTESIAN_POINT('',(-3.379192588693,7.374258462235,0.));
#7764 = DIRECTION('',(-0.559105184694,-0.829096732866,0.));
#7765 = DIRECTION('',(-0.829096732866,0.559105184694,0.));
#7766 = ADVANCED_FACE('',(#7767),#7778,.F.);
#7767 = FACE_BOUND('',#7768,.F.);
#7768 = EDGE_LOOP('',(#7769,#7775,#7776,#7777));
#7769 = ORIENTED_EDGE('',*,*,#7770,.T.);
#7770 = EDGE_CURVE('',#2360,#4194,#7771,.T.);
#7771 = LINE('',#7772,#7773);
#7772 = CARTESIAN_POINT('',(0.527480579992,-8.520900779961,0.));
#7773 = VECTOR('',#7774,1.);
#7774 = DIRECTION('',(0.,0.,1.));
#7775 = ORIENTED_EDGE('',*,*,#4201,.T.);
#7776 = ORIENTED_EDGE('',*,*,#7736,.F.);
#7777 = ORIENTED_EDGE('',*,*,#2359,.F.);
#7778 = PLANE('',#7779);
#7779 = AXIS2_PLACEMENT_3D('',#7780,#7781,#7782);
#7780 = CARTESIAN_POINT('',(0.527480579992,-8.520900779961,0.));
#7781 = DIRECTION('',(-0.872403900801,0.488785672731,0.));
#7782 = DIRECTION('',(0.488785672731,0.872403900801,0.));
#7783 = ADVANCED_FACE('',(#7784),#7795,.F.);
#7784 = FACE_BOUND('',#7785,.F.);
#7785 = EDGE_LOOP('',(#7786,#7787,#7788,#7794));
#7786 = ORIENTED_EDGE('',*,*,#7755,.T.);
#7787 = ORIENTED_EDGE('',*,*,#5134,.T.);
#7788 = ORIENTED_EDGE('',*,*,#7789,.F.);
#7789 = EDGE_CURVE('',#3139,#5135,#7790,.T.);
#7790 = LINE('',#7791,#7792);
#7791 = CARTESIAN_POINT('',(-3.803638807704,7.643056828569,0.));
#7792 = VECTOR('',#7793,1.);
#7793 = DIRECTION('',(0.,0.,1.));
#7794 = ORIENTED_EDGE('',*,*,#3146,.F.);
#7795 = PLANE('',#7796);
#7796 = AXIS2_PLACEMENT_3D('',#7797,#7798,#7799);
#7797 = CARTESIAN_POINT('',(-3.584881500747,7.512965723529,0.));
#7798 = DIRECTION('',(-0.511131104088,-0.859502759992,0.));
#7799 = DIRECTION('',(-0.859502759992,0.511131104088,0.));
#7800 = ADVANCED_FACE('',(#7801),#7812,.F.);
#7801 = FACE_BOUND('',#7802,.F.);
#7802 = EDGE_LOOP('',(#7803,#7809,#7810,#7811));
#7803 = ORIENTED_EDGE('',*,*,#7804,.T.);
#7804 = EDGE_CURVE('',#2368,#4186,#7805,.T.);
#7805 = LINE('',#7806,#7807);
#7806 = CARTESIAN_POINT('',(0.387934252311,-8.741396170858,0.));
#7807 = VECTOR('',#7808,1.);
#7808 = DIRECTION('',(0.,0.,1.));
#7809 = ORIENTED_EDGE('',*,*,#4193,.T.);
#7810 = ORIENTED_EDGE('',*,*,#7770,.F.);
#7811 = ORIENTED_EDGE('',*,*,#2367,.F.);
#7812 = PLANE('',#7813);
#7813 = AXIS2_PLACEMENT_3D('',#7814,#7815,#7816);
#7814 = CARTESIAN_POINT('',(0.387934252311,-8.741396170858,0.));
#7815 = DIRECTION('',(-0.844993561613,0.534776477449,0.));
#7816 = DIRECTION('',(0.534776477449,0.844993561613,0.));
#7817 = ADVANCED_FACE('',(#7818),#7829,.F.);
#7818 = FACE_BOUND('',#7819,.F.);
#7819 = EDGE_LOOP('',(#7820,#7821,#7822,#7828));
#7820 = ORIENTED_EDGE('',*,*,#7789,.T.);
#7821 = ORIENTED_EDGE('',*,*,#5142,.T.);
#7822 = ORIENTED_EDGE('',*,*,#7823,.F.);
#7823 = EDGE_CURVE('',#3131,#5143,#7824,.T.);
#7824 = LINE('',#7825,#7826);
#7825 = CARTESIAN_POINT('',(-4.034737167929,7.764238274662,0.));
#7826 = VECTOR('',#7827,1.);
#7827 = DIRECTION('',(0.,0.,1.));
#7828 = ORIENTED_EDGE('',*,*,#3138,.F.);
#7829 = PLANE('',#7830);
#7830 = AXIS2_PLACEMENT_3D('',#7831,#7832,#7833);
#7831 = CARTESIAN_POINT('',(-3.803638807704,7.643056828569,0.));
#7832 = DIRECTION('',(-0.464397651666,-0.885626795624,0.));
#7833 = DIRECTION('',(-0.885626795624,0.464397651666,0.));
#7834 = ADVANCED_FACE('',(#7835),#7846,.F.);
#7835 = FACE_BOUND('',#7836,.F.);
#7836 = EDGE_LOOP('',(#7837,#7843,#7844,#7845));
#7837 = ORIENTED_EDGE('',*,*,#7838,.T.);
#7838 = EDGE_CURVE('',#2376,#4178,#7839,.T.);
#7839 = LINE('',#7840,#7841);
#7840 = CARTESIAN_POINT('',(-0.387934252311,-8.741396170858,0.));
#7841 = VECTOR('',#7842,1.);
#7842 = DIRECTION('',(0.,0.,1.));
#7843 = ORIENTED_EDGE('',*,*,#4185,.T.);
#7844 = ORIENTED_EDGE('',*,*,#7804,.F.);
#7845 = ORIENTED_EDGE('',*,*,#2375,.F.);
#7846 = PLANE('',#7847);
#7847 = AXIS2_PLACEMENT_3D('',#7848,#7849,#7850);
#7848 = CARTESIAN_POINT('',(-0.387934252311,-8.741396170858,0.));
#7849 = DIRECTION('',(0.,1.,0.));
#7850 = DIRECTION('',(1.,0.,0.));
#7851 = ADVANCED_FACE('',(#7852),#7863,.F.);
#7852 = FACE_BOUND('',#7853,.F.);
#7853 = EDGE_LOOP('',(#7854,#7855,#7856,#7862));
#7854 = ORIENTED_EDGE('',*,*,#7823,.T.);
#7855 = ORIENTED_EDGE('',*,*,#5150,.T.);
#7856 = ORIENTED_EDGE('',*,*,#7857,.F.);
#7857 = EDGE_CURVE('',#3123,#5151,#7858,.T.);
#7858 = LINE('',#7859,#7860);
#7859 = CARTESIAN_POINT('',(-4.706659002928,7.376304022351,0.));
#7860 = VECTOR('',#7861,1.);
#7861 = DIRECTION('',(0.,0.,1.));
#7862 = ORIENTED_EDGE('',*,*,#3130,.F.);
#7863 = PLANE('',#7864);
#7864 = AXIS2_PLACEMENT_3D('',#7865,#7866,#7867);
#7865 = CARTESIAN_POINT('',(-4.034737167929,7.764238274662,0.));
#7866 = DIRECTION('',(0.5,-0.866025403784,0.));
#7867 = DIRECTION('',(-0.866025403784,-0.5,0.));
#7868 = ADVANCED_FACE('',(#7869),#7880,.F.);
#7869 = FACE_BOUND('',#7870,.F.);
#7870 = EDGE_LOOP('',(#7871,#7877,#7878,#7879));
#7871 = ORIENTED_EDGE('',*,*,#7872,.T.);
#7872 = EDGE_CURVE('',#2384,#4170,#7873,.T.);
#7873 = LINE('',#7874,#7875);
#7874 = CARTESIAN_POINT('',(-0.527480579992,-8.520900779961,0.));
#7875 = VECTOR('',#7876,1.);
#7876 = DIRECTION('',(0.,0.,1.));
#7877 = ORIENTED_EDGE('',*,*,#4177,.T.);
#7878 = ORIENTED_EDGE('',*,*,#7838,.F.);
#7879 = ORIENTED_EDGE('',*,*,#2383,.F.);
#7880 = PLANE('',#7881);
#7881 = AXIS2_PLACEMENT_3D('',#7882,#7883,#7884);
#7882 = CARTESIAN_POINT('',(-0.527480579992,-8.520900779961,0.));
#7883 = DIRECTION('',(0.844993561613,0.534776477449,0.));
#7884 = DIRECTION('',(0.534776477449,-0.844993561613,0.));
#7885 = ADVANCED_FACE('',(#7886),#7897,.F.);
#7886 = FACE_BOUND('',#7887,.F.);
#7887 = EDGE_LOOP('',(#7888,#7889,#7890,#7896));
#7888 = ORIENTED_EDGE('',*,*,#7857,.T.);
#7889 = ORIENTED_EDGE('',*,*,#5158,.T.);
#7890 = ORIENTED_EDGE('',*,*,#7891,.F.);
#7891 = EDGE_CURVE('',#3115,#5159,#7892,.T.);
#7892 = LINE('',#7893,#7894);
#7893 = CARTESIAN_POINT('',(-4.717261972257,7.115576248577,0.));
#7894 = VECTOR('',#7895,1.);
#7895 = DIRECTION('',(0.,0.,1.));
#7896 = ORIENTED_EDGE('',*,*,#3122,.F.);
#7897 = PLANE('',#7898);
#7898 = AXIS2_PLACEMENT_3D('',#7899,#7900,#7901);
#7899 = CARTESIAN_POINT('',(-4.706659002928,7.376304022351,0.));
#7900 = DIRECTION('',(0.999174129116,-4.06332340113E-02,0.));
#7901 = DIRECTION('',(-4.06332340113E-02,-0.999174129116,0.));
#7902 = ADVANCED_FACE('',(#7903),#7914,.F.);
#7903 = FACE_BOUND('',#7904,.F.);
#7904 = EDGE_LOOP('',(#7905,#7911,#7912,#7913));
#7905 = ORIENTED_EDGE('',*,*,#7906,.T.);
#7906 = EDGE_CURVE('',#2392,#4162,#7907,.T.);
#7907 = LINE('',#7908,#7909);
#7908 = CARTESIAN_POINT('',(-0.651884412561,-8.298859924712,0.));
#7909 = VECTOR('',#7910,1.);
#7910 = DIRECTION('',(0.,0.,1.));
#7911 = ORIENTED_EDGE('',*,*,#4169,.T.);
#7912 = ORIENTED_EDGE('',*,*,#7872,.F.);
#7913 = ORIENTED_EDGE('',*,*,#2391,.F.);
#7914 = PLANE('',#7915);
#7915 = AXIS2_PLACEMENT_3D('',#7916,#7917,#7918);
#7916 = CARTESIAN_POINT('',(-0.651884412561,-8.298859924712,0.));
#7917 = DIRECTION('',(0.872403900801,0.488785672731,0.));
#7918 = DIRECTION('',(0.488785672731,-0.872403900801,0.));
#7919 = ADVANCED_FACE('',(#7920),#7931,.F.);
#7920 = FACE_BOUND('',#7921,.F.);
#7921 = EDGE_LOOP('',(#7922,#7923,#7924,#7930));
#7922 = ORIENTED_EDGE('',*,*,#7891,.T.);
#7923 = ORIENTED_EDGE('',*,*,#5166,.T.);
#7924 = ORIENTED_EDGE('',*,*,#7925,.F.);
#7925 = EDGE_CURVE('',#3107,#5167,#7926,.T.);
#7926 = LINE('',#7927,#7928);
#7927 = CARTESIAN_POINT('',(-4.713978423964,6.861081310968,0.));
#7928 = VECTOR('',#7929,1.);
#7929 = DIRECTION('',(0.,0.,1.));
#7930 = ORIENTED_EDGE('',*,*,#3114,.F.);
#7931 = PLANE('',#7932);
#7932 = AXIS2_PLACEMENT_3D('',#7933,#7934,#7935);
#7933 = CARTESIAN_POINT('',(-4.717261972257,7.115576248577,0.));
#7934 = DIRECTION('',(0.99991677682,1.290114080913E-02,0.));
#7935 = DIRECTION('',(1.290114080913E-02,-0.99991677682,0.));
#7936 = ADVANCED_FACE('',(#7937),#7948,.F.);
#7937 = FACE_BOUND('',#7938,.F.);
#7938 = EDGE_LOOP('',(#7939,#7945,#7946,#7947));
#7939 = ORIENTED_EDGE('',*,*,#7940,.T.);
#7940 = EDGE_CURVE('',#2400,#4154,#7941,.T.);
#7941 = LINE('',#7942,#7943);
#7942 = CARTESIAN_POINT('',(-0.760662605029,-8.075891456714,0.));
#7943 = VECTOR('',#7944,1.);
#7944 = DIRECTION('',(0.,0.,1.));
#7945 = ORIENTED_EDGE('',*,*,#4161,.T.);
#7946 = ORIENTED_EDGE('',*,*,#7906,.F.);
#7947 = ORIENTED_EDGE('',*,*,#2399,.F.);
#7948 = PLANE('',#7949);
#7949 = AXIS2_PLACEMENT_3D('',#7950,#7951,#7952);
#7950 = CARTESIAN_POINT('',(-0.760662605029,-8.075891456714,0.));
#7951 = DIRECTION('',(0.898747659765,0.438466240509,0.));
#7952 = DIRECTION('',(0.438466240509,-0.898747659765,0.));
#7953 = ADVANCED_FACE('',(#7954),#7965,.F.);
#7954 = FACE_BOUND('',#7955,.F.);
#7955 = EDGE_LOOP('',(#7956,#7957,#7958,#7964));
#7956 = ORIENTED_EDGE('',*,*,#7925,.T.);
#7957 = ORIENTED_EDGE('',*,*,#5174,.T.);
#7958 = ORIENTED_EDGE('',*,*,#7959,.F.);
#7959 = EDGE_CURVE('',#3099,#5175,#7960,.T.);
#7960 = LINE('',#7961,#7962);
#7961 = CARTESIAN_POINT('',(-4.696698868022,6.613595857206,0.));
#7962 = VECTOR('',#7963,1.);
#7963 = DIRECTION('',(0.,0.,1.));
#7964 = ORIENTED_EDGE('',*,*,#3106,.F.);
#7965 = PLANE('',#7966);
#7966 = AXIS2_PLACEMENT_3D('',#7967,#7968,#7969);
#7967 = CARTESIAN_POINT('',(-4.713978423964,6.861081310968,0.));
#7968 = DIRECTION('',(0.997571425203,6.965092689979E-02,0.));
#7969 = DIRECTION('',(6.965092689979E-02,-0.997571425203,0.));
#7970 = ADVANCED_FACE('',(#7971),#7982,.F.);
#7971 = FACE_BOUND('',#7972,.F.);
#7972 = EDGE_LOOP('',(#7973,#7979,#7980,#7981));
#7973 = ORIENTED_EDGE('',*,*,#7974,.T.);
#7974 = EDGE_CURVE('',#2408,#4146,#7975,.T.);
#7975 = LINE('',#7976,#7977);
#7976 = CARTESIAN_POINT('',(-0.853161286532,-7.852636813796,0.));
#7977 = VECTOR('',#7978,1.);
#7978 = DIRECTION('',(0.,0.,1.));
#7979 = ORIENTED_EDGE('',*,*,#4153,.T.);
#7980 = ORIENTED_EDGE('',*,*,#7940,.F.);
#7981 = ORIENTED_EDGE('',*,*,#2407,.F.);
#7982 = PLANE('',#7983);
#7983 = AXIS2_PLACEMENT_3D('',#7984,#7985,#7986);
#7984 = CARTESIAN_POINT('',(-0.853161286532,-7.852636813796,0.));
#7985 = DIRECTION('',(0.923845029684,0.38276671894,0.));
#7986 = DIRECTION('',(0.38276671894,-0.923845029684,0.));
#7987 = ADVANCED_FACE('',(#7988),#7999,.F.);
#7988 = FACE_BOUND('',#7989,.F.);
#7989 = EDGE_LOOP('',(#7990,#7991,#7992,#7998));
#7990 = ORIENTED_EDGE('',*,*,#7959,.T.);
#7991 = ORIENTED_EDGE('',*,*,#5182,.T.);
#7992 = ORIENTED_EDGE('',*,*,#7993,.F.);
#7993 = EDGE_CURVE('',#3091,#5183,#7994,.T.);
#7994 = LINE('',#7995,#7996);
#7995 = CARTESIAN_POINT('',(-4.66517775456,6.374002324174,0.));
#7996 = VECTOR('',#7997,1.);
#7997 = DIRECTION('',(0.,0.,1.));
#7998 = ORIENTED_EDGE('',*,*,#3098,.F.);
#7999 = PLANE('',#8000);
#8000 = AXIS2_PLACEMENT_3D('',#8001,#8002,#8003);
#8001 = CARTESIAN_POINT('',(-4.696698868022,6.613595857206,0.));
#8002 = DIRECTION('',(0.991456624336,0.130436812516,0.));
#8003 = DIRECTION('',(0.130436812516,-0.991456624336,0.));
#8004 = ADVANCED_FACE('',(#8005),#8016,.F.);
#8005 = FACE_BOUND('',#8006,.F.);
#8006 = EDGE_LOOP('',(#8007,#8013,#8014,#8015));
#8007 = ORIENTED_EDGE('',*,*,#8008,.T.);
#8008 = EDGE_CURVE('',#2416,#4138,#8009,.T.);
#8009 = LINE('',#8010,#8011);
#8010 = CARTESIAN_POINT('',(-0.928428769163,-7.629778858564,0.));
#8011 = VECTOR('',#8012,1.);
#8012 = DIRECTION('',(0.,0.,1.));
#8013 = ORIENTED_EDGE('',*,*,#4145,.T.);
#8014 = ORIENTED_EDGE('',*,*,#7974,.F.);
#8015 = ORIENTED_EDGE('',*,*,#2415,.F.);
#8016 = PLANE('',#8017);
#8017 = AXIS2_PLACEMENT_3D('',#8018,#8019,#8020);
#8018 = CARTESIAN_POINT('',(-0.928428769163,-7.629778858564,0.));
#8019 = DIRECTION('',(0.947424088958,0.319980617636,0.));
#8020 = DIRECTION('',(0.319980617636,-0.947424088958,0.));
#8021 = ADVANCED_FACE('',(#8022),#8033,.F.);
#8022 = FACE_BOUND('',#8023,.F.);
#8023 = EDGE_LOOP('',(#8024,#8025,#8026,#8032));
#8024 = ORIENTED_EDGE('',*,*,#7993,.T.);
#8025 = ORIENTED_EDGE('',*,*,#5190,.T.);
#8026 = ORIENTED_EDGE('',*,*,#8027,.F.);
#8027 = EDGE_CURVE('',#3083,#5191,#8028,.T.);
#8028 = LINE('',#8029,#8030);
#8029 = CARTESIAN_POINT('',(-4.618932328982,6.143367932193,0.));
#8030 = VECTOR('',#8031,1.);
#8031 = DIRECTION('',(0.,0.,1.));
#8032 = ORIENTED_EDGE('',*,*,#3090,.F.);
#8033 = PLANE('',#8034);
#8034 = AXIS2_PLACEMENT_3D('',#8035,#8036,#8037);
#8035 = CARTESIAN_POINT('',(-4.66517775456,6.374002324174,0.));
#8036 = DIRECTION('',(0.980483638013,0.196600700888,0.));
#8037 = DIRECTION('',(0.196600700888,-0.980483638013,0.));
#8038 = ADVANCED_FACE('',(#8039),#8050,.F.);
#8039 = FACE_BOUND('',#8040,.F.);
#8040 = EDGE_LOOP('',(#8041,#8047,#8048,#8049));
#8041 = ORIENTED_EDGE('',*,*,#8042,.T.);
#8042 = EDGE_CURVE('',#2424,#4130,#8043,.T.);
#8043 = LINE('',#8044,#8045);
#8044 = CARTESIAN_POINT('',(-0.984936830443,-7.408081989201,0.));
#8045 = VECTOR('',#8046,1.);
#8046 = DIRECTION('',(0.,0.,1.));
#8047 = ORIENTED_EDGE('',*,*,#4137,.T.);
#8048 = ORIENTED_EDGE('',*,*,#8008,.F.);
#8049 = ORIENTED_EDGE('',*,*,#2423,.F.);
#8050 = PLANE('',#8051);
#8051 = AXIS2_PLACEMENT_3D('',#8052,#8053,#8054);
#8052 = CARTESIAN_POINT('',(-0.984936830443,-7.408081989201,0.));
#8053 = DIRECTION('',(0.969017574842,0.246991780525,0.));
#8054 = DIRECTION('',(0.246991780525,-0.969017574842,0.));
#8055 = ADVANCED_FACE('',(#8056),#8067,.F.);
#8056 = FACE_BOUND('',#8057,.F.);
#8057 = EDGE_LOOP('',(#8058,#8059,#8060,#8066));
#8058 = ORIENTED_EDGE('',*,*,#8027,.T.);
#8059 = ORIENTED_EDGE('',*,*,#5198,.T.);
#8060 = ORIENTED_EDGE('',*,*,#8061,.F.);
#8061 = EDGE_CURVE('',#3075,#5199,#8062,.T.);
#8062 = LINE('',#8063,#8064);
#8063 = CARTESIAN_POINT('',(-4.557021310887,5.923118780744,0.));
#8064 = VECTOR('',#8065,1.);
#8065 = DIRECTION('',(0.,0.,1.));
#8066 = ORIENTED_EDGE('',*,*,#3082,.F.);
#8067 = PLANE('',#8068);
#8068 = AXIS2_PLACEMENT_3D('',#8069,#8070,#8071);
#8069 = CARTESIAN_POINT('',(-4.618932328982,6.143367932193,0.));
#8070 = DIRECTION('',(0.96268972679,0.27060763096,0.));
#8071 = DIRECTION('',(0.27060763096,-0.96268972679,0.));
#8072 = ADVANCED_FACE('',(#8073),#8084,.F.);
#8073 = FACE_BOUND('',#8074,.F.);
#8074 = EDGE_LOOP('',(#8075,#8081,#8082,#8083));
#8075 = ORIENTED_EDGE('',*,*,#8076,.T.);
#8076 = EDGE_CURVE('',#2432,#4122,#8077,.T.);
#8077 = LINE('',#8078,#8079);
#8078 = CARTESIAN_POINT('',(-1.019790793858,-7.188507325796,0.));
#8079 = VECTOR('',#8080,1.);
#8080 = DIRECTION('',(0.,0.,1.));
#8081 = ORIENTED_EDGE('',*,*,#4129,.T.);
#8082 = ORIENTED_EDGE('',*,*,#8042,.F.);
#8083 = ORIENTED_EDGE('',*,*,#2431,.F.);
#8084 = PLANE('',#8085);
#8085 = AXIS2_PLACEMENT_3D('',#8086,#8087,#8088);
#8086 = CARTESIAN_POINT('',(-1.019790793858,-7.188507325796,0.));
#8087 = DIRECTION('',(0.987634941911,0.156771239442,0.));
#8088 = DIRECTION('',(0.156771239442,-0.987634941911,0.));
#8089 = ADVANCED_FACE('',(#8090),#8101,.F.);
#8090 = FACE_BOUND('',#8091,.F.);
#8091 = EDGE_LOOP('',(#8092,#8093,#8094,#8100));
#8092 = ORIENTED_EDGE('',*,*,#8061,.T.);
#8093 = ORIENTED_EDGE('',*,*,#5206,.T.);
#8094 = ORIENTED_EDGE('',*,*,#8095,.F.);
#8095 = EDGE_CURVE('',#3067,#5207,#8096,.T.);
#8096 = LINE('',#8097,#8098);
#8097 = CARTESIAN_POINT('',(-4.477418396924,5.715534562501,0.));
#8098 = VECTOR('',#8099,1.);
#8099 = DIRECTION('',(0.,0.,1.));
#8100 = ORIENTED_EDGE('',*,*,#3074,.F.);
#8101 = PLANE('',#8102);
#8102 = AXIS2_PLACEMENT_3D('',#8103,#8104,#8105);
#8103 = CARTESIAN_POINT('',(-4.557021310887,5.923118780744,0.));
#8104 = DIRECTION('',(0.933702569081,0.358049595016,0.));
#8105 = DIRECTION('',(0.358049595016,-0.933702569081,0.));
#8106 = ADVANCED_FACE('',(#8107),#8113,.F.);
#8107 = FACE_BOUND('',#8108,.F.);
#8108 = EDGE_LOOP('',(#8109,#8110,#8111,#8112));
#8109 = ORIENTED_EDGE('',*,*,#4267,.T.);
#8110 = ORIENTED_EDGE('',*,*,#4121,.T.);
#8111 = ORIENTED_EDGE('',*,*,#8076,.F.);
#8112 = ORIENTED_EDGE('',*,*,#2439,.F.);
#8113 = PLANE('',#8114);
#8114 = AXIS2_PLACEMENT_3D('',#8115,#8116,#8117);
#8115 = CARTESIAN_POINT('',(-1.023945620541,-6.972914407111,0.));
#8116 = DIRECTION('',(0.999814353873,1.926805101411E-02,0.));
#8117 = DIRECTION('',(1.926805101411E-02,-0.999814353873,0.));
#8118 = ADVANCED_FACE('',(#8119),#8125,.F.);
#8119 = FACE_BOUND('',#8120,.F.);
#8120 = EDGE_LOOP('',(#8121,#8122,#8123,#8124));
#8121 = ORIENTED_EDGE('',*,*,#8095,.T.);
#8122 = ORIENTED_EDGE('',*,*,#5214,.T.);
#8123 = ORIENTED_EDGE('',*,*,#5054,.F.);
#8124 = ORIENTED_EDGE('',*,*,#3066,.F.);
#8125 = PLANE('',#8126);
#8126 = AXIS2_PLACEMENT_3D('',#8127,#8128,#8129);
#8127 = CARTESIAN_POINT('',(-4.477418396924,5.715534562501,0.));
#8128 = DIRECTION('',(0.875498655029,0.483220555277,0.));
#8129 = DIRECTION('',(0.483220555277,-0.875498655029,0.));
#8130 = ADVANCED_FACE('',(#8131),#8142,.F.);
#8131 = FACE_BOUND('',#8132,.F.);
#8132 = EDGE_LOOP('',(#8133,#8139,#8140,#8141));
#8133 = ORIENTED_EDGE('',*,*,#8134,.T.);
#8134 = EDGE_CURVE('',#2463,#4435,#8135,.T.);
#8135 = LINE('',#8136,#8137);
#8136 = CARTESIAN_POINT('',(-2.711088928872,-6.735325356359,0.));
#8137 = VECTOR('',#8138,1.);
#8138 = DIRECTION('',(0.,0.,1.));
#8139 = ORIENTED_EDGE('',*,*,#4442,.T.);
#8140 = ORIENTED_EDGE('',*,*,#4282,.F.);
#8141 = ORIENTED_EDGE('',*,*,#2462,.F.);
#8142 = PLANE('',#8143);
#8143 = AXIS2_PLACEMENT_3D('',#8144,#8145,#8146);
#8144 = CARTESIAN_POINT('',(-2.711088928872,-6.735325356359,0.));
#8145 = DIRECTION('',(-0.856230604015,0.516593798596,0.));
#8146 = DIRECTION('',(0.516593798596,0.856230604015,0.));
#8147 = ADVANCED_FACE('',(#8148),#8159,.F.);
#8148 = FACE_BOUND('',#8149,.F.);
#8149 = EDGE_LOOP('',(#8150,#8151,#8152,#8158));
#8150 = ORIENTED_EDGE('',*,*,#5039,.T.);
#8151 = ORIENTED_EDGE('',*,*,#4893,.T.);
#8152 = ORIENTED_EDGE('',*,*,#8153,.F.);
#8153 = EDGE_CURVE('',#3036,#4894,#8154,.T.);
#8154 = LINE('',#8155,#8156);
#8155 = CARTESIAN_POINT('',(-5.715534562501,4.477418396924,0.));
#8156 = VECTOR('',#8157,1.);
#8157 = DIRECTION('',(0.,0.,1.));
#8158 = ORIENTED_EDGE('',*,*,#3043,.F.);
#8159 = PLANE('',#8160);
#8160 = AXIS2_PLACEMENT_3D('',#8161,#8162,#8163);
#8161 = CARTESIAN_POINT('',(-5.526748204702,4.373220123038,0.));
#8162 = DIRECTION('',(-0.483220555277,-0.875498655029,0.));
#8163 = DIRECTION('',(-0.875498655029,0.483220555277,0.));
#8164 = ADVANCED_FACE('',(#8165),#8176,.F.);
#8165 = FACE_BOUND('',#8166,.F.);
#8166 = EDGE_LOOP('',(#8167,#8173,#8174,#8175));
#8167 = ORIENTED_EDGE('',*,*,#8168,.T.);
#8168 = EDGE_CURVE('',#2471,#4427,#8169,.T.);
#8169 = LINE('',#8170,#8171);
#8170 = CARTESIAN_POINT('',(-2.851060678313,-6.908055611187,0.));
#8171 = VECTOR('',#8172,1.);
#8172 = DIRECTION('',(0.,0.,1.));
#8173 = ORIENTED_EDGE('',*,*,#4434,.T.);
#8174 = ORIENTED_EDGE('',*,*,#8134,.F.);
#8175 = ORIENTED_EDGE('',*,*,#2470,.F.);
#8176 = PLANE('',#8177);
#8177 = AXIS2_PLACEMENT_3D('',#8178,#8179,#8180);
#8178 = CARTESIAN_POINT('',(-2.851060678313,-6.908055611187,0.));
#8179 = DIRECTION('',(-0.776931329639,0.629585346895,0.));
#8180 = DIRECTION('',(0.629585346895,0.776931329639,0.));
#8181 = ADVANCED_FACE('',(#8182),#8193,.F.);
#8182 = FACE_BOUND('',#8183,.F.);
#8183 = EDGE_LOOP('',(#8184,#8185,#8186,#8192));
#8184 = ORIENTED_EDGE('',*,*,#8153,.T.);
#8185 = ORIENTED_EDGE('',*,*,#4901,.T.);
#8186 = ORIENTED_EDGE('',*,*,#8187,.F.);
#8187 = EDGE_CURVE('',#3028,#4902,#8188,.T.);
#8188 = LINE('',#8189,#8190);
#8189 = CARTESIAN_POINT('',(-5.923118780744,4.557021310887,0.));
#8190 = VECTOR('',#8191,1.);
#8191 = DIRECTION('',(0.,0.,1.));
#8192 = ORIENTED_EDGE('',*,*,#3035,.F.);
#8193 = PLANE('',#8194);
#8194 = AXIS2_PLACEMENT_3D('',#8195,#8196,#8197);
#8195 = CARTESIAN_POINT('',(-5.715534562501,4.477418396924,0.));
#8196 = DIRECTION('',(-0.358049595016,-0.933702569081,0.));
#8197 = DIRECTION('',(-0.933702569081,0.358049595016,0.));
#8198 = ADVANCED_FACE('',(#8199),#8210,.F.);
#8199 = FACE_BOUND('',#8200,.F.);
#8200 = EDGE_LOOP('',(#8201,#8207,#8208,#8209));
#8201 = ORIENTED_EDGE('',*,*,#8202,.T.);
#8202 = EDGE_CURVE('',#2479,#4419,#8203,.T.);
#8203 = LINE('',#8204,#8205);
#8204 = CARTESIAN_POINT('',(-3.010846529583,-7.071796701356,0.));
#8205 = VECTOR('',#8206,1.);
#8206 = DIRECTION('',(0.,0.,1.));
#8207 = ORIENTED_EDGE('',*,*,#4426,.T.);
#8208 = ORIENTED_EDGE('',*,*,#8168,.F.);
#8209 = ORIENTED_EDGE('',*,*,#2478,.F.);
#8210 = PLANE('',#8211);
#8211 = AXIS2_PLACEMENT_3D('',#8212,#8213,#8214);
#8212 = CARTESIAN_POINT('',(-3.010846529583,-7.071796701356,0.));
#8213 = DIRECTION('',(-0.715697946264,0.698409943882,0.));
#8214 = DIRECTION('',(0.698409943882,0.715697946264,0.));
#8215 = ADVANCED_FACE('',(#8216),#8227,.F.);
#8216 = FACE_BOUND('',#8217,.F.);
#8217 = EDGE_LOOP('',(#8218,#8219,#8220,#8226));
#8218 = ORIENTED_EDGE('',*,*,#8187,.T.);
#8219 = ORIENTED_EDGE('',*,*,#4909,.T.);
#8220 = ORIENTED_EDGE('',*,*,#8221,.F.);
#8221 = EDGE_CURVE('',#3020,#4910,#8222,.T.);
#8222 = LINE('',#8223,#8224);
#8223 = CARTESIAN_POINT('',(-6.143367932193,4.618932328982,0.));
#8224 = VECTOR('',#8225,1.);
#8225 = DIRECTION('',(0.,0.,1.));
#8226 = ORIENTED_EDGE('',*,*,#3027,.F.);
#8227 = PLANE('',#8228);
#8228 = AXIS2_PLACEMENT_3D('',#8229,#8230,#8231);
#8229 = CARTESIAN_POINT('',(-5.923118780744,4.557021310887,0.));
#8230 = DIRECTION('',(-0.27060763096,-0.96268972679,0.));
#8231 = DIRECTION('',(-0.96268972679,0.27060763096,0.));
#8232 = ADVANCED_FACE('',(#8233),#8244,.F.);
#8233 = FACE_BOUND('',#8234,.F.);
#8234 = EDGE_LOOP('',(#8235,#8241,#8242,#8243));
#8235 = ORIENTED_EDGE('',*,*,#8236,.T.);
#8236 = EDGE_CURVE('',#2487,#4411,#8237,.T.);
#8237 = LINE('',#8238,#8239);
#8238 = CARTESIAN_POINT('',(-3.187459059236,-7.227163610706,0.));
#8239 = VECTOR('',#8240,1.);
#8240 = DIRECTION('',(0.,0.,1.));
#8241 = ORIENTED_EDGE('',*,*,#4418,.T.);
#8242 = ORIENTED_EDGE('',*,*,#8202,.F.);
#8243 = ORIENTED_EDGE('',*,*,#2486,.F.);
#8244 = PLANE('',#8245);
#8245 = AXIS2_PLACEMENT_3D('',#8246,#8247,#8248);
#8246 = CARTESIAN_POINT('',(-3.187459059236,-7.227163610706,0.));
#8247 = DIRECTION('',(-0.660503020377,0.75082338807,0.));
#8248 = DIRECTION('',(0.75082338807,0.660503020377,0.));
#8249 = ADVANCED_FACE('',(#8250),#8261,.F.);
#8250 = FACE_BOUND('',#8251,.F.);
#8251 = EDGE_LOOP('',(#8252,#8253,#8254,#8260));
#8252 = ORIENTED_EDGE('',*,*,#8221,.T.);
#8253 = ORIENTED_EDGE('',*,*,#4917,.T.);
#8254 = ORIENTED_EDGE('',*,*,#8255,.F.);
#8255 = EDGE_CURVE('',#3012,#4918,#8256,.T.);
#8256 = LINE('',#8257,#8258);
#8257 = CARTESIAN_POINT('',(-6.374002324174,4.66517775456,0.));
#8258 = VECTOR('',#8259,1.);
#8259 = DIRECTION('',(0.,0.,1.));
#8260 = ORIENTED_EDGE('',*,*,#3019,.F.);
#8261 = PLANE('',#8262);
#8262 = AXIS2_PLACEMENT_3D('',#8263,#8264,#8265);
#8263 = CARTESIAN_POINT('',(-6.143367932193,4.618932328982,0.));
#8264 = DIRECTION('',(-0.196600700888,-0.980483638013,0.));
#8265 = DIRECTION('',(-0.980483638013,0.196600700888,0.));
#8266 = ADVANCED_FACE('',(#8267),#8278,.F.);
#8267 = FACE_BOUND('',#8268,.F.);
#8268 = EDGE_LOOP('',(#8269,#8275,#8276,#8277));
#8269 = ORIENTED_EDGE('',*,*,#8270,.T.);
#8270 = EDGE_CURVE('',#2495,#4403,#8271,.T.);
#8271 = LINE('',#8272,#8273);
#8272 = CARTESIAN_POINT('',(-3.379192588693,-7.374258462235,0.));
#8273 = VECTOR('',#8274,1.);
#8274 = DIRECTION('',(0.,0.,1.));
#8275 = ORIENTED_EDGE('',*,*,#4410,.T.);
#8276 = ORIENTED_EDGE('',*,*,#8236,.F.);
#8277 = ORIENTED_EDGE('',*,*,#2494,.F.);
#8278 = PLANE('',#8279);
#8279 = AXIS2_PLACEMENT_3D('',#8280,#8281,#8282);
#8280 = CARTESIAN_POINT('',(-3.379192588693,-7.374258462235,0.));
#8281 = DIRECTION('',(-0.608689905396,0.793408217168,0.));
#8282 = DIRECTION('',(0.793408217168,0.608689905396,0.));
#8283 = ADVANCED_FACE('',(#8284),#8295,.F.);
#8284 = FACE_BOUND('',#8285,.F.);
#8285 = EDGE_LOOP('',(#8286,#8287,#8288,#8294));
#8286 = ORIENTED_EDGE('',*,*,#8255,.T.);
#8287 = ORIENTED_EDGE('',*,*,#4925,.T.);
#8288 = ORIENTED_EDGE('',*,*,#8289,.F.);
#8289 = EDGE_CURVE('',#3004,#4926,#8290,.T.);
#8290 = LINE('',#8291,#8292);
#8291 = CARTESIAN_POINT('',(-6.613595857206,4.696698868022,0.));
#8292 = VECTOR('',#8293,1.);
#8293 = DIRECTION('',(0.,0.,1.));
#8294 = ORIENTED_EDGE('',*,*,#3011,.F.);
#8295 = PLANE('',#8296);
#8296 = AXIS2_PLACEMENT_3D('',#8297,#8298,#8299);
#8297 = CARTESIAN_POINT('',(-6.374002324174,4.66517775456,0.));
#8298 = DIRECTION('',(-0.130436812516,-0.991456624336,0.));
#8299 = DIRECTION('',(-0.991456624336,0.130436812516,0.));
#8300 = ADVANCED_FACE('',(#8301),#8312,.F.);
#8301 = FACE_BOUND('',#8302,.F.);
#8302 = EDGE_LOOP('',(#8303,#8309,#8310,#8311));
#8303 = ORIENTED_EDGE('',*,*,#8304,.T.);
#8304 = EDGE_CURVE('',#2503,#4395,#8305,.T.);
#8305 = LINE('',#8306,#8307);
#8306 = CARTESIAN_POINT('',(-3.584881500747,-7.512965723529,0.));
#8307 = VECTOR('',#8308,1.);
#8308 = DIRECTION('',(0.,0.,1.));
#8309 = ORIENTED_EDGE('',*,*,#4402,.T.);
#8310 = ORIENTED_EDGE('',*,*,#8270,.F.);
#8311 = ORIENTED_EDGE('',*,*,#2502,.F.);
#8312 = PLANE('',#8313);
#8313 = AXIS2_PLACEMENT_3D('',#8314,#8315,#8316);
#8314 = CARTESIAN_POINT('',(-3.584881500747,-7.512965723529,0.));
#8315 = DIRECTION('',(-0.559105184694,0.829096732866,0.));
#8316 = DIRECTION('',(0.829096732866,0.559105184694,0.));
#8317 = ADVANCED_FACE('',(#8318),#8329,.F.);
#8318 = FACE_BOUND('',#8319,.F.);
#8319 = EDGE_LOOP('',(#8320,#8321,#8322,#8328));
#8320 = ORIENTED_EDGE('',*,*,#8289,.T.);
#8321 = ORIENTED_EDGE('',*,*,#4933,.T.);
#8322 = ORIENTED_EDGE('',*,*,#8323,.F.);
#8323 = EDGE_CURVE('',#2996,#4934,#8324,.T.);
#8324 = LINE('',#8325,#8326);
#8325 = CARTESIAN_POINT('',(-6.861081310968,4.713978423964,0.));
#8326 = VECTOR('',#8327,1.);
#8327 = DIRECTION('',(0.,0.,1.));
#8328 = ORIENTED_EDGE('',*,*,#3003,.F.);
#8329 = PLANE('',#8330);
#8330 = AXIS2_PLACEMENT_3D('',#8331,#8332,#8333);
#8331 = CARTESIAN_POINT('',(-6.613595857206,4.696698868022,0.));
#8332 = DIRECTION('',(-6.965092689979E-02,-0.997571425203,0.));
#8333 = DIRECTION('',(-0.997571425203,6.965092689979E-02,0.));
#8334 = ADVANCED_FACE('',(#8335),#8346,.F.);
#8335 = FACE_BOUND('',#8336,.F.);
#8336 = EDGE_LOOP('',(#8337,#8343,#8344,#8345));
#8337 = ORIENTED_EDGE('',*,*,#8338,.T.);
#8338 = EDGE_CURVE('',#2511,#4387,#8339,.T.);
#8339 = LINE('',#8340,#8341);
#8340 = CARTESIAN_POINT('',(-3.803638807704,-7.643056828569,0.));
#8341 = VECTOR('',#8342,1.);
#8342 = DIRECTION('',(0.,0.,1.));
#8343 = ORIENTED_EDGE('',*,*,#4394,.T.);
#8344 = ORIENTED_EDGE('',*,*,#8304,.F.);
#8345 = ORIENTED_EDGE('',*,*,#2510,.F.);
#8346 = PLANE('',#8347);
#8347 = AXIS2_PLACEMENT_3D('',#8348,#8349,#8350);
#8348 = CARTESIAN_POINT('',(-3.803638807704,-7.643056828569,0.));
#8349 = DIRECTION('',(-0.511131104088,0.859502759992,0.));
#8350 = DIRECTION('',(0.859502759992,0.511131104088,0.));
#8351 = ADVANCED_FACE('',(#8352),#8363,.F.);
#8352 = FACE_BOUND('',#8353,.F.);
#8353 = EDGE_LOOP('',(#8354,#8355,#8356,#8362));
#8354 = ORIENTED_EDGE('',*,*,#8323,.T.);
#8355 = ORIENTED_EDGE('',*,*,#4941,.T.);
#8356 = ORIENTED_EDGE('',*,*,#8357,.F.);
#8357 = EDGE_CURVE('',#2988,#4942,#8358,.T.);
#8358 = LINE('',#8359,#8360);
#8359 = CARTESIAN_POINT('',(-7.115576248577,4.717261972257,0.));
#8360 = VECTOR('',#8361,1.);
#8361 = DIRECTION('',(0.,0.,1.));
#8362 = ORIENTED_EDGE('',*,*,#2995,.F.);
#8363 = PLANE('',#8364);
#8364 = AXIS2_PLACEMENT_3D('',#8365,#8366,#8367);
#8365 = CARTESIAN_POINT('',(-6.861081310968,4.713978423964,0.));
#8366 = DIRECTION('',(-1.290114080913E-02,-0.99991677682,0.));
#8367 = DIRECTION('',(-0.99991677682,1.290114080913E-02,0.));
#8368 = ADVANCED_FACE('',(#8369),#8380,.F.);
#8369 = FACE_BOUND('',#8370,.F.);
#8370 = EDGE_LOOP('',(#8371,#8377,#8378,#8379));
#8371 = ORIENTED_EDGE('',*,*,#8372,.T.);
#8372 = EDGE_CURVE('',#2519,#4379,#8373,.T.);
#8373 = LINE('',#8374,#8375);
#8374 = CARTESIAN_POINT('',(-4.034737167929,-7.764238274662,0.));
#8375 = VECTOR('',#8376,1.);
#8376 = DIRECTION('',(0.,0.,1.));
#8377 = ORIENTED_EDGE('',*,*,#4386,.T.);
#8378 = ORIENTED_EDGE('',*,*,#8338,.F.);
#8379 = ORIENTED_EDGE('',*,*,#2518,.F.);
#8380 = PLANE('',#8381);
#8381 = AXIS2_PLACEMENT_3D('',#8382,#8383,#8384);
#8382 = CARTESIAN_POINT('',(-4.034737167929,-7.764238274662,0.));
#8383 = DIRECTION('',(-0.464397651666,0.885626795624,0.));
#8384 = DIRECTION('',(0.885626795624,0.464397651666,0.));
#8385 = ADVANCED_FACE('',(#8386),#8397,.F.);
#8386 = FACE_BOUND('',#8387,.F.);
#8387 = EDGE_LOOP('',(#8388,#8389,#8390,#8396));
#8388 = ORIENTED_EDGE('',*,*,#8357,.T.);
#8389 = ORIENTED_EDGE('',*,*,#4949,.T.);
#8390 = ORIENTED_EDGE('',*,*,#8391,.F.);
#8391 = EDGE_CURVE('',#2980,#4950,#8392,.T.);
#8392 = LINE('',#8393,#8394);
#8393 = CARTESIAN_POINT('',(-7.376304022351,4.706659002928,0.));
#8394 = VECTOR('',#8395,1.);
#8395 = DIRECTION('',(0.,0.,1.));
#8396 = ORIENTED_EDGE('',*,*,#2987,.F.);
#8397 = PLANE('',#8398);
#8398 = AXIS2_PLACEMENT_3D('',#8399,#8400,#8401);
#8399 = CARTESIAN_POINT('',(-7.115576248577,4.717261972257,0.));
#8400 = DIRECTION('',(4.06332340113E-02,-0.999174129116,0.));
#8401 = DIRECTION('',(-0.999174129116,-4.06332340113E-02,0.));
#8402 = ADVANCED_FACE('',(#8403),#8414,.F.);
#8403 = FACE_BOUND('',#8404,.F.);
#8404 = EDGE_LOOP('',(#8405,#8411,#8412,#8413));
#8405 = ORIENTED_EDGE('',*,*,#8406,.T.);
#8406 = EDGE_CURVE('',#2527,#4371,#8407,.T.);
#8407 = LINE('',#8408,#8409);
#8408 = CARTESIAN_POINT('',(-4.706659002928,-7.376304022351,0.));
#8409 = VECTOR('',#8410,1.);
#8410 = DIRECTION('',(0.,0.,1.));
#8411 = ORIENTED_EDGE('',*,*,#4378,.T.);
#8412 = ORIENTED_EDGE('',*,*,#8372,.F.);
#8413 = ORIENTED_EDGE('',*,*,#2526,.F.);
#8414 = PLANE('',#8415);
#8415 = AXIS2_PLACEMENT_3D('',#8416,#8417,#8418);
#8416 = CARTESIAN_POINT('',(-4.706659002928,-7.376304022351,0.));
#8417 = DIRECTION('',(0.5,0.866025403784,0.));
#8418 = DIRECTION('',(0.866025403784,-0.5,0.));
#8419 = ADVANCED_FACE('',(#8420),#8431,.F.);
#8420 = FACE_BOUND('',#8421,.F.);
#8421 = EDGE_LOOP('',(#8422,#8423,#8424,#8430));
#8422 = ORIENTED_EDGE('',*,*,#8391,.T.);
#8423 = ORIENTED_EDGE('',*,*,#4957,.T.);
#8424 = ORIENTED_EDGE('',*,*,#8425,.F.);
#8425 = EDGE_CURVE('',#2972,#4958,#8426,.T.);
#8426 = LINE('',#8427,#8428);
#8427 = CARTESIAN_POINT('',(-7.764238274662,4.034737167929,0.));
#8428 = VECTOR('',#8429,1.);
#8429 = DIRECTION('',(0.,0.,1.));
#8430 = ORIENTED_EDGE('',*,*,#2979,.F.);
#8431 = PLANE('',#8432);
#8432 = AXIS2_PLACEMENT_3D('',#8433,#8434,#8435);
#8433 = CARTESIAN_POINT('',(-7.376304022351,4.706659002928,0.));
#8434 = DIRECTION('',(0.866025403784,-0.5,0.));
#8435 = DIRECTION('',(-0.5,-0.866025403784,0.));
#8436 = ADVANCED_FACE('',(#8437),#8448,.F.);
#8437 = FACE_BOUND('',#8438,.F.);
#8438 = EDGE_LOOP('',(#8439,#8445,#8446,#8447));
#8439 = ORIENTED_EDGE('',*,*,#8440,.T.);
#8440 = EDGE_CURVE('',#2535,#4363,#8441,.T.);
#8441 = LINE('',#8442,#8443);
#8442 = CARTESIAN_POINT('',(-4.717261972257,-7.115576248577,0.));
#8443 = VECTOR('',#8444,1.);
#8444 = DIRECTION('',(0.,0.,1.));
#8445 = ORIENTED_EDGE('',*,*,#4370,.T.);
#8446 = ORIENTED_EDGE('',*,*,#8406,.F.);
#8447 = ORIENTED_EDGE('',*,*,#2534,.F.);
#8448 = PLANE('',#8449);
#8449 = AXIS2_PLACEMENT_3D('',#8450,#8451,#8452);
#8450 = CARTESIAN_POINT('',(-4.717261972257,-7.115576248577,0.));
#8451 = DIRECTION('',(0.999174129116,4.06332340113E-02,0.));
#8452 = DIRECTION('',(4.06332340113E-02,-0.999174129116,0.));
#8453 = ADVANCED_FACE('',(#8454),#8465,.F.);
#8454 = FACE_BOUND('',#8455,.F.);
#8455 = EDGE_LOOP('',(#8456,#8457,#8458,#8464));
#8456 = ORIENTED_EDGE('',*,*,#8425,.T.);
#8457 = ORIENTED_EDGE('',*,*,#4965,.T.);
#8458 = ORIENTED_EDGE('',*,*,#8459,.F.);
#8459 = EDGE_CURVE('',#2964,#4966,#8460,.T.);
#8460 = LINE('',#8461,#8462);
#8461 = CARTESIAN_POINT('',(-7.643056828569,3.803638807704,0.));
#8462 = VECTOR('',#8463,1.);
#8463 = DIRECTION('',(0.,0.,1.));
#8464 = ORIENTED_EDGE('',*,*,#2971,.F.);
#8465 = PLANE('',#8466);
#8466 = AXIS2_PLACEMENT_3D('',#8467,#8468,#8469);
#8467 = CARTESIAN_POINT('',(-7.764238274662,4.034737167929,0.));
#8468 = DIRECTION('',(0.885626795624,0.464397651666,0.));
#8469 = DIRECTION('',(0.464397651666,-0.885626795624,0.));
#8470 = ADVANCED_FACE('',(#8471),#8482,.F.);
#8471 = FACE_BOUND('',#8472,.F.);
#8472 = EDGE_LOOP('',(#8473,#8479,#8480,#8481));
#8473 = ORIENTED_EDGE('',*,*,#8474,.T.);
#8474 = EDGE_CURVE('',#2543,#4355,#8475,.T.);
#8475 = LINE('',#8476,#8477);
#8476 = CARTESIAN_POINT('',(-4.713978423964,-6.861081310968,0.));
#8477 = VECTOR('',#8478,1.);
#8478 = DIRECTION('',(0.,0.,1.));
#8479 = ORIENTED_EDGE('',*,*,#4362,.T.);
#8480 = ORIENTED_EDGE('',*,*,#8440,.F.);
#8481 = ORIENTED_EDGE('',*,*,#2542,.F.);
#8482 = PLANE('',#8483);
#8483 = AXIS2_PLACEMENT_3D('',#8484,#8485,#8486);
#8484 = CARTESIAN_POINT('',(-4.713978423964,-6.861081310968,0.));
#8485 = DIRECTION('',(0.99991677682,-1.290114080914E-02,0.));
#8486 = DIRECTION('',(-1.290114080914E-02,-0.99991677682,0.));
#8487 = ADVANCED_FACE('',(#8488),#8499,.F.);
#8488 = FACE_BOUND('',#8489,.F.);
#8489 = EDGE_LOOP('',(#8490,#8491,#8492,#8498));
#8490 = ORIENTED_EDGE('',*,*,#8459,.T.);
#8491 = ORIENTED_EDGE('',*,*,#4973,.T.);
#8492 = ORIENTED_EDGE('',*,*,#8493,.F.);
#8493 = EDGE_CURVE('',#2956,#4974,#8494,.T.);
#8494 = LINE('',#8495,#8496);
#8495 = CARTESIAN_POINT('',(-7.512965723529,3.584881500747,0.));
#8496 = VECTOR('',#8497,1.);
#8497 = DIRECTION('',(0.,0.,1.));
#8498 = ORIENTED_EDGE('',*,*,#2963,.F.);
#8499 = PLANE('',#8500);
#8500 = AXIS2_PLACEMENT_3D('',#8501,#8502,#8503);
#8501 = CARTESIAN_POINT('',(-7.643056828569,3.803638807704,0.));
#8502 = DIRECTION('',(0.859502759992,0.511131104088,0.));
#8503 = DIRECTION('',(0.511131104088,-0.859502759992,0.));
#8504 = ADVANCED_FACE('',(#8505),#8516,.F.);
#8505 = FACE_BOUND('',#8506,.F.);
#8506 = EDGE_LOOP('',(#8507,#8513,#8514,#8515));
#8507 = ORIENTED_EDGE('',*,*,#8508,.T.);
#8508 = EDGE_CURVE('',#2551,#4347,#8509,.T.);
#8509 = LINE('',#8510,#8511);
#8510 = CARTESIAN_POINT('',(-4.696698868022,-6.613595857206,0.));
#8511 = VECTOR('',#8512,1.);
#8512 = DIRECTION('',(0.,0.,1.));
#8513 = ORIENTED_EDGE('',*,*,#4354,.T.);
#8514 = ORIENTED_EDGE('',*,*,#8474,.F.);
#8515 = ORIENTED_EDGE('',*,*,#2550,.F.);
#8516 = PLANE('',#8517);
#8517 = AXIS2_PLACEMENT_3D('',#8518,#8519,#8520);
#8518 = CARTESIAN_POINT('',(-4.696698868022,-6.613595857206,0.));
#8519 = DIRECTION('',(0.997571425203,-6.96509268998E-02,0.));
#8520 = DIRECTION('',(-6.96509268998E-02,-0.997571425203,0.));
#8521 = ADVANCED_FACE('',(#8522),#8533,.F.);
#8522 = FACE_BOUND('',#8523,.F.);
#8523 = EDGE_LOOP('',(#8524,#8525,#8526,#8532));
#8524 = ORIENTED_EDGE('',*,*,#8493,.T.);
#8525 = ORIENTED_EDGE('',*,*,#4981,.T.);
#8526 = ORIENTED_EDGE('',*,*,#8527,.F.);
#8527 = EDGE_CURVE('',#2948,#4982,#8528,.T.);
#8528 = LINE('',#8529,#8530);
#8529 = CARTESIAN_POINT('',(-7.374258462235,3.379192588693,0.));
#8530 = VECTOR('',#8531,1.);
#8531 = DIRECTION('',(0.,0.,1.));
#8532 = ORIENTED_EDGE('',*,*,#2955,.F.);
#8533 = PLANE('',#8534);
#8534 = AXIS2_PLACEMENT_3D('',#8535,#8536,#8537);
#8535 = CARTESIAN_POINT('',(-7.512965723529,3.584881500747,0.));
#8536 = DIRECTION('',(0.829096732866,0.559105184694,0.));
#8537 = DIRECTION('',(0.559105184694,-0.829096732866,0.));
#8538 = ADVANCED_FACE('',(#8539),#8550,.F.);
#8539 = FACE_BOUND('',#8540,.F.);
#8540 = EDGE_LOOP('',(#8541,#8547,#8548,#8549));
#8541 = ORIENTED_EDGE('',*,*,#8542,.T.);
#8542 = EDGE_CURVE('',#2559,#4339,#8543,.T.);
#8543 = LINE('',#8544,#8545);
#8544 = CARTESIAN_POINT('',(-4.66517775456,-6.374002324174,0.));
#8545 = VECTOR('',#8546,1.);
#8546 = DIRECTION('',(0.,0.,1.));
#8547 = ORIENTED_EDGE('',*,*,#4346,.T.);
#8548 = ORIENTED_EDGE('',*,*,#8508,.F.);
#8549 = ORIENTED_EDGE('',*,*,#2558,.F.);
#8550 = PLANE('',#8551);
#8551 = AXIS2_PLACEMENT_3D('',#8552,#8553,#8554);
#8552 = CARTESIAN_POINT('',(-4.66517775456,-6.374002324174,0.));
#8553 = DIRECTION('',(0.991456624336,-0.130436812516,0.));
#8554 = DIRECTION('',(-0.130436812516,-0.991456624336,0.));
#8555 = ADVANCED_FACE('',(#8556),#8567,.F.);
#8556 = FACE_BOUND('',#8557,.F.);
#8557 = EDGE_LOOP('',(#8558,#8559,#8560,#8566));
#8558 = ORIENTED_EDGE('',*,*,#8527,.T.);
#8559 = ORIENTED_EDGE('',*,*,#4989,.T.);
#8560 = ORIENTED_EDGE('',*,*,#8561,.F.);
#8561 = EDGE_CURVE('',#2940,#4990,#8562,.T.);
#8562 = LINE('',#8563,#8564);
#8563 = CARTESIAN_POINT('',(-7.227163610706,3.187459059236,0.));
#8564 = VECTOR('',#8565,1.);
#8565 = DIRECTION('',(0.,0.,1.));
#8566 = ORIENTED_EDGE('',*,*,#2947,.F.);
#8567 = PLANE('',#8568);
#8568 = AXIS2_PLACEMENT_3D('',#8569,#8570,#8571);
#8569 = CARTESIAN_POINT('',(-7.374258462235,3.379192588693,0.));
#8570 = DIRECTION('',(0.793408217167,0.608689905396,0.));
#8571 = DIRECTION('',(0.608689905396,-0.793408217167,0.));
#8572 = ADVANCED_FACE('',(#8573),#8584,.F.);
#8573 = FACE_BOUND('',#8574,.F.);
#8574 = EDGE_LOOP('',(#8575,#8581,#8582,#8583));
#8575 = ORIENTED_EDGE('',*,*,#8576,.T.);
#8576 = EDGE_CURVE('',#2567,#4331,#8577,.T.);
#8577 = LINE('',#8578,#8579);
#8578 = CARTESIAN_POINT('',(-4.618932328982,-6.143367932193,0.));
#8579 = VECTOR('',#8580,1.);
#8580 = DIRECTION('',(0.,0.,1.));
#8581 = ORIENTED_EDGE('',*,*,#4338,.T.);
#8582 = ORIENTED_EDGE('',*,*,#8542,.F.);
#8583 = ORIENTED_EDGE('',*,*,#2566,.F.);
#8584 = PLANE('',#8585);
#8585 = AXIS2_PLACEMENT_3D('',#8586,#8587,#8588);
#8586 = CARTESIAN_POINT('',(-4.618932328982,-6.143367932193,0.));
#8587 = DIRECTION('',(0.980483638013,-0.196600700888,0.));
#8588 = DIRECTION('',(-0.196600700888,-0.980483638013,0.));
#8589 = ADVANCED_FACE('',(#8590),#8601,.F.);
#8590 = FACE_BOUND('',#8591,.F.);
#8591 = EDGE_LOOP('',(#8592,#8593,#8594,#8600));
#8592 = ORIENTED_EDGE('',*,*,#8561,.T.);
#8593 = ORIENTED_EDGE('',*,*,#4997,.T.);
#8594 = ORIENTED_EDGE('',*,*,#8595,.F.);
#8595 = EDGE_CURVE('',#2932,#4998,#8596,.T.);
#8596 = LINE('',#8597,#8598);
#8597 = CARTESIAN_POINT('',(-7.071796701356,3.010846529583,0.));
#8598 = VECTOR('',#8599,1.);
#8599 = DIRECTION('',(0.,0.,1.));
#8600 = ORIENTED_EDGE('',*,*,#2939,.F.);
#8601 = PLANE('',#8602);
#8602 = AXIS2_PLACEMENT_3D('',#8603,#8604,#8605);
#8603 = CARTESIAN_POINT('',(-7.227163610706,3.187459059236,0.));
#8604 = DIRECTION('',(0.75082338807,0.660503020377,0.));
#8605 = DIRECTION('',(0.660503020377,-0.75082338807,0.));
#8606 = ADVANCED_FACE('',(#8607),#8618,.F.);
#8607 = FACE_BOUND('',#8608,.F.);
#8608 = EDGE_LOOP('',(#8609,#8615,#8616,#8617));
#8609 = ORIENTED_EDGE('',*,*,#8610,.T.);
#8610 = EDGE_CURVE('',#2575,#4323,#8611,.T.);
#8611 = LINE('',#8612,#8613);
#8612 = CARTESIAN_POINT('',(-4.557021310887,-5.923118780744,0.));
#8613 = VECTOR('',#8614,1.);
#8614 = DIRECTION('',(0.,0.,1.));
#8615 = ORIENTED_EDGE('',*,*,#4330,.T.);
#8616 = ORIENTED_EDGE('',*,*,#8576,.F.);
#8617 = ORIENTED_EDGE('',*,*,#2574,.F.);
#8618 = PLANE('',#8619);
#8619 = AXIS2_PLACEMENT_3D('',#8620,#8621,#8622);
#8620 = CARTESIAN_POINT('',(-4.557021310887,-5.923118780744,0.));
#8621 = DIRECTION('',(0.96268972679,-0.27060763096,0.));
#8622 = DIRECTION('',(-0.27060763096,-0.96268972679,0.));
#8623 = ADVANCED_FACE('',(#8624),#8635,.F.);
#8624 = FACE_BOUND('',#8625,.F.);
#8625 = EDGE_LOOP('',(#8626,#8627,#8628,#8634));
#8626 = ORIENTED_EDGE('',*,*,#8595,.T.);
#8627 = ORIENTED_EDGE('',*,*,#5005,.T.);
#8628 = ORIENTED_EDGE('',*,*,#8629,.F.);
#8629 = EDGE_CURVE('',#2924,#5006,#8630,.T.);
#8630 = LINE('',#8631,#8632);
#8631 = CARTESIAN_POINT('',(-6.908055611187,2.851060678313,0.));
#8632 = VECTOR('',#8633,1.);
#8633 = DIRECTION('',(0.,0.,1.));
#8634 = ORIENTED_EDGE('',*,*,#2931,.F.);
#8635 = PLANE('',#8636);
#8636 = AXIS2_PLACEMENT_3D('',#8637,#8638,#8639);
#8637 = CARTESIAN_POINT('',(-7.071796701356,3.010846529583,0.));
#8638 = DIRECTION('',(0.698409943882,0.715697946264,0.));
#8639 = DIRECTION('',(0.715697946264,-0.698409943882,0.));
#8640 = ADVANCED_FACE('',(#8641),#8652,.F.);
#8641 = FACE_BOUND('',#8642,.F.);
#8642 = EDGE_LOOP('',(#8643,#8649,#8650,#8651));
#8643 = ORIENTED_EDGE('',*,*,#8644,.T.);
#8644 = EDGE_CURVE('',#2583,#4315,#8645,.T.);
#8645 = LINE('',#8646,#8647);
#8646 = CARTESIAN_POINT('',(-4.477418396924,-5.715534562501,0.));
#8647 = VECTOR('',#8648,1.);
#8648 = DIRECTION('',(0.,0.,1.));
#8649 = ORIENTED_EDGE('',*,*,#4322,.T.);
#8650 = ORIENTED_EDGE('',*,*,#8610,.F.);
#8651 = ORIENTED_EDGE('',*,*,#2582,.F.);
#8652 = PLANE('',#8653);
#8653 = AXIS2_PLACEMENT_3D('',#8654,#8655,#8656);
#8654 = CARTESIAN_POINT('',(-4.477418396924,-5.715534562501,0.));
#8655 = DIRECTION('',(0.933702569081,-0.358049595016,0.));
#8656 = DIRECTION('',(-0.358049595016,-0.933702569081,0.));
#8657 = ADVANCED_FACE('',(#8658),#8669,.F.);
#8658 = FACE_BOUND('',#8659,.F.);
#8659 = EDGE_LOOP('',(#8660,#8661,#8662,#8668));
#8660 = ORIENTED_EDGE('',*,*,#8629,.T.);
#8661 = ORIENTED_EDGE('',*,*,#5013,.T.);
#8662 = ORIENTED_EDGE('',*,*,#8663,.F.);
#8663 = EDGE_CURVE('',#2916,#5014,#8664,.T.);
#8664 = LINE('',#8665,#8666);
#8665 = CARTESIAN_POINT('',(-6.735325356359,2.711088928872,0.));
#8666 = VECTOR('',#8667,1.);
#8667 = DIRECTION('',(0.,0.,1.));
#8668 = ORIENTED_EDGE('',*,*,#2923,.F.);
#8669 = PLANE('',#8670);
#8670 = AXIS2_PLACEMENT_3D('',#8671,#8672,#8673);
#8671 = CARTESIAN_POINT('',(-6.908055611187,2.851060678313,0.));
#8672 = DIRECTION('',(0.629585346895,0.776931329639,0.));
#8673 = DIRECTION('',(0.776931329639,-0.629585346895,0.));
#8674 = ADVANCED_FACE('',(#8675),#8681,.F.);
#8675 = FACE_BOUND('',#8676,.F.);
#8676 = EDGE_LOOP('',(#8677,#8678,#8679,#8680));
#8677 = ORIENTED_EDGE('',*,*,#4460,.T.);
#8678 = ORIENTED_EDGE('',*,*,#4314,.T.);
#8679 = ORIENTED_EDGE('',*,*,#8644,.F.);
#8680 = ORIENTED_EDGE('',*,*,#2590,.F.);
#8681 = PLANE('',#8682);
#8682 = AXIS2_PLACEMENT_3D('',#8683,#8684,#8685);
#8683 = CARTESIAN_POINT('',(-4.373220123038,-5.526748204702,0.));
#8684 = DIRECTION('',(0.875498655029,-0.483220555277,0.));
#8685 = DIRECTION('',(-0.483220555277,-0.875498655029,0.));
#8686 = ADVANCED_FACE('',(#8687),#8693,.F.);
#8687 = FACE_BOUND('',#8688,.F.);
#8688 = EDGE_LOOP('',(#8689,#8690,#8691,#8692));
#8689 = ORIENTED_EDGE('',*,*,#8663,.T.);
#8690 = ORIENTED_EDGE('',*,*,#5021,.T.);
#8691 = ORIENTED_EDGE('',*,*,#4861,.F.);
#8692 = ORIENTED_EDGE('',*,*,#2915,.F.);
#8693 = PLANE('',#8694);
#8694 = AXIS2_PLACEMENT_3D('',#8695,#8696,#8697);
#8695 = CARTESIAN_POINT('',(-6.735325356359,2.711088928872,0.));
#8696 = DIRECTION('',(0.516593798596,0.856230604015,0.));
#8697 = DIRECTION('',(0.856230604015,-0.516593798596,0.));
#8698 = ADVANCED_FACE('',(#8699),#8710,.F.);
#8699 = FACE_BOUND('',#8700,.F.);
#8700 = EDGE_LOOP('',(#8701,#8707,#8708,#8709));
#8701 = ORIENTED_EDGE('',*,*,#8702,.T.);
#8702 = EDGE_CURVE('',#2614,#4628,#8703,.T.);
#8703 = LINE('',#8704,#8705);
#8704 = CARTESIAN_POINT('',(-5.715534562501,-4.477418396924,0.));
#8705 = VECTOR('',#8706,1.);
#8706 = DIRECTION('',(0.,0.,1.));
#8707 = ORIENTED_EDGE('',*,*,#4635,.T.);
#8708 = ORIENTED_EDGE('',*,*,#4475,.F.);
#8709 = ORIENTED_EDGE('',*,*,#2613,.F.);
#8710 = PLANE('',#8711);
#8711 = AXIS2_PLACEMENT_3D('',#8712,#8713,#8714);
#8712 = CARTESIAN_POINT('',(-5.715534562501,-4.477418396924,0.));
#8713 = DIRECTION('',(-0.483220555277,0.875498655029,0.));
#8714 = DIRECTION('',(0.875498655029,0.483220555277,0.));
#8715 = ADVANCED_FACE('',(#8716),#8727,.F.);
#8716 = FACE_BOUND('',#8717,.F.);
#8717 = EDGE_LOOP('',(#8718,#8719,#8720,#8726));
#8718 = ORIENTED_EDGE('',*,*,#4846,.T.);
#8719 = ORIENTED_EDGE('',*,*,#4700,.T.);
#8720 = ORIENTED_EDGE('',*,*,#8721,.F.);
#8721 = EDGE_CURVE('',#2885,#4701,#8722,.T.);
#8722 = LINE('',#8723,#8724);
#8723 = CARTESIAN_POINT('',(-7.188507325796,1.019790793858,0.));
#8724 = VECTOR('',#8725,1.);
#8725 = DIRECTION('',(0.,0.,1.));
#8726 = ORIENTED_EDGE('',*,*,#2892,.F.);
#8727 = PLANE('',#8728);
#8728 = AXIS2_PLACEMENT_3D('',#8729,#8730,#8731);
#8729 = CARTESIAN_POINT('',(-6.972914407111,1.023945620541,0.));
#8730 = DIRECTION('',(1.92680510141E-02,-0.999814353873,0.));
#8731 = DIRECTION('',(-0.999814353873,-1.92680510141E-02,0.));
#8732 = ADVANCED_FACE('',(#8733),#8744,.F.);
#8733 = FACE_BOUND('',#8734,.F.);
#8734 = EDGE_LOOP('',(#8735,#8741,#8742,#8743));
#8735 = ORIENTED_EDGE('',*,*,#8736,.T.);
#8736 = EDGE_CURVE('',#2622,#4620,#8737,.T.);
#8737 = LINE('',#8738,#8739);
#8738 = CARTESIAN_POINT('',(-5.923118780744,-4.557021310887,0.));
#8739 = VECTOR('',#8740,1.);
#8740 = DIRECTION('',(0.,0.,1.));
#8741 = ORIENTED_EDGE('',*,*,#4627,.T.);
#8742 = ORIENTED_EDGE('',*,*,#8702,.F.);
#8743 = ORIENTED_EDGE('',*,*,#2621,.F.);
#8744 = PLANE('',#8745);
#8745 = AXIS2_PLACEMENT_3D('',#8746,#8747,#8748);
#8746 = CARTESIAN_POINT('',(-5.923118780744,-4.557021310887,0.));
#8747 = DIRECTION('',(-0.358049595016,0.933702569081,0.));
#8748 = DIRECTION('',(0.933702569081,0.358049595016,0.));
#8749 = ADVANCED_FACE('',(#8750),#8761,.F.);
#8750 = FACE_BOUND('',#8751,.F.);
#8751 = EDGE_LOOP('',(#8752,#8753,#8754,#8760));
#8752 = ORIENTED_EDGE('',*,*,#8721,.T.);
#8753 = ORIENTED_EDGE('',*,*,#4708,.T.);
#8754 = ORIENTED_EDGE('',*,*,#8755,.F.);
#8755 = EDGE_CURVE('',#2877,#4709,#8756,.T.);
#8756 = LINE('',#8757,#8758);
#8757 = CARTESIAN_POINT('',(-7.408081989201,0.984936830443,0.));
#8758 = VECTOR('',#8759,1.);
#8759 = DIRECTION('',(0.,0.,1.));
#8760 = ORIENTED_EDGE('',*,*,#2884,.F.);
#8761 = PLANE('',#8762);
#8762 = AXIS2_PLACEMENT_3D('',#8763,#8764,#8765);
#8763 = CARTESIAN_POINT('',(-7.188507325796,1.019790793858,0.));
#8764 = DIRECTION('',(0.156771239442,-0.987634941911,0.));
#8765 = DIRECTION('',(-0.987634941911,-0.156771239442,0.));
#8766 = ADVANCED_FACE('',(#8767),#8778,.F.);
#8767 = FACE_BOUND('',#8768,.F.);
#8768 = EDGE_LOOP('',(#8769,#8775,#8776,#8777));
#8769 = ORIENTED_EDGE('',*,*,#8770,.T.);
#8770 = EDGE_CURVE('',#2630,#4612,#8771,.T.);
#8771 = LINE('',#8772,#8773);
#8772 = CARTESIAN_POINT('',(-6.143367932193,-4.618932328982,0.));
#8773 = VECTOR('',#8774,1.);
#8774 = DIRECTION('',(0.,0.,1.));
#8775 = ORIENTED_EDGE('',*,*,#4619,.T.);
#8776 = ORIENTED_EDGE('',*,*,#8736,.F.);
#8777 = ORIENTED_EDGE('',*,*,#2629,.F.);
#8778 = PLANE('',#8779);
#8779 = AXIS2_PLACEMENT_3D('',#8780,#8781,#8782);
#8780 = CARTESIAN_POINT('',(-6.143367932193,-4.618932328982,0.));
#8781 = DIRECTION('',(-0.27060763096,0.96268972679,0.));
#8782 = DIRECTION('',(0.96268972679,0.27060763096,0.));
#8783 = ADVANCED_FACE('',(#8784),#8795,.F.);
#8784 = FACE_BOUND('',#8785,.F.);
#8785 = EDGE_LOOP('',(#8786,#8787,#8788,#8794));
#8786 = ORIENTED_EDGE('',*,*,#8755,.T.);
#8787 = ORIENTED_EDGE('',*,*,#4716,.T.);
#8788 = ORIENTED_EDGE('',*,*,#8789,.F.);
#8789 = EDGE_CURVE('',#2869,#4717,#8790,.T.);
#8790 = LINE('',#8791,#8792);
#8791 = CARTESIAN_POINT('',(-7.629778858564,0.928428769163,0.));
#8792 = VECTOR('',#8793,1.);
#8793 = DIRECTION('',(0.,0.,1.));
#8794 = ORIENTED_EDGE('',*,*,#2876,.F.);
#8795 = PLANE('',#8796);
#8796 = AXIS2_PLACEMENT_3D('',#8797,#8798,#8799);
#8797 = CARTESIAN_POINT('',(-7.408081989201,0.984936830443,0.));
#8798 = DIRECTION('',(0.246991780525,-0.969017574842,0.));
#8799 = DIRECTION('',(-0.969017574842,-0.246991780525,0.));
#8800 = ADVANCED_FACE('',(#8801),#8812,.F.);
#8801 = FACE_BOUND('',#8802,.F.);
#8802 = EDGE_LOOP('',(#8803,#8809,#8810,#8811));
#8803 = ORIENTED_EDGE('',*,*,#8804,.T.);
#8804 = EDGE_CURVE('',#2638,#4604,#8805,.T.);
#8805 = LINE('',#8806,#8807);
#8806 = CARTESIAN_POINT('',(-6.374002324174,-4.66517775456,0.));
#8807 = VECTOR('',#8808,1.);
#8808 = DIRECTION('',(0.,0.,1.));
#8809 = ORIENTED_EDGE('',*,*,#4611,.T.);
#8810 = ORIENTED_EDGE('',*,*,#8770,.F.);
#8811 = ORIENTED_EDGE('',*,*,#2637,.F.);
#8812 = PLANE('',#8813);
#8813 = AXIS2_PLACEMENT_3D('',#8814,#8815,#8816);
#8814 = CARTESIAN_POINT('',(-6.374002324174,-4.66517775456,0.));
#8815 = DIRECTION('',(-0.196600700888,0.980483638013,0.));
#8816 = DIRECTION('',(0.980483638013,0.196600700888,0.));
#8817 = ADVANCED_FACE('',(#8818),#8829,.F.);
#8818 = FACE_BOUND('',#8819,.F.);
#8819 = EDGE_LOOP('',(#8820,#8821,#8822,#8828));
#8820 = ORIENTED_EDGE('',*,*,#8789,.T.);
#8821 = ORIENTED_EDGE('',*,*,#4724,.T.);
#8822 = ORIENTED_EDGE('',*,*,#8823,.F.);
#8823 = EDGE_CURVE('',#2861,#4725,#8824,.T.);
#8824 = LINE('',#8825,#8826);
#8825 = CARTESIAN_POINT('',(-7.852636813796,0.853161286532,0.));
#8826 = VECTOR('',#8827,1.);
#8827 = DIRECTION('',(0.,0.,1.));
#8828 = ORIENTED_EDGE('',*,*,#2868,.F.);
#8829 = PLANE('',#8830);
#8830 = AXIS2_PLACEMENT_3D('',#8831,#8832,#8833);
#8831 = CARTESIAN_POINT('',(-7.629778858564,0.928428769163,0.));
#8832 = DIRECTION('',(0.319980617636,-0.947424088958,0.));
#8833 = DIRECTION('',(-0.947424088958,-0.319980617636,0.));
#8834 = ADVANCED_FACE('',(#8835),#8846,.F.);
#8835 = FACE_BOUND('',#8836,.F.);
#8836 = EDGE_LOOP('',(#8837,#8843,#8844,#8845));
#8837 = ORIENTED_EDGE('',*,*,#8838,.T.);
#8838 = EDGE_CURVE('',#2646,#4596,#8839,.T.);
#8839 = LINE('',#8840,#8841);
#8840 = CARTESIAN_POINT('',(-6.613595857206,-4.696698868022,0.));
#8841 = VECTOR('',#8842,1.);
#8842 = DIRECTION('',(0.,0.,1.));
#8843 = ORIENTED_EDGE('',*,*,#4603,.T.);
#8844 = ORIENTED_EDGE('',*,*,#8804,.F.);
#8845 = ORIENTED_EDGE('',*,*,#2645,.F.);
#8846 = PLANE('',#8847);
#8847 = AXIS2_PLACEMENT_3D('',#8848,#8849,#8850);
#8848 = CARTESIAN_POINT('',(-6.613595857206,-4.696698868022,0.));
#8849 = DIRECTION('',(-0.130436812516,0.991456624336,0.));
#8850 = DIRECTION('',(0.991456624336,0.130436812516,0.));
#8851 = ADVANCED_FACE('',(#8852),#8863,.F.);
#8852 = FACE_BOUND('',#8853,.F.);
#8853 = EDGE_LOOP('',(#8854,#8855,#8856,#8862));
#8854 = ORIENTED_EDGE('',*,*,#8823,.T.);
#8855 = ORIENTED_EDGE('',*,*,#4732,.T.);
#8856 = ORIENTED_EDGE('',*,*,#8857,.F.);
#8857 = EDGE_CURVE('',#2853,#4733,#8858,.T.);
#8858 = LINE('',#8859,#8860);
#8859 = CARTESIAN_POINT('',(-8.075891456714,0.760662605029,0.));
#8860 = VECTOR('',#8861,1.);
#8861 = DIRECTION('',(0.,0.,1.));
#8862 = ORIENTED_EDGE('',*,*,#2860,.F.);
#8863 = PLANE('',#8864);
#8864 = AXIS2_PLACEMENT_3D('',#8865,#8866,#8867);
#8865 = CARTESIAN_POINT('',(-7.852636813796,0.853161286532,0.));
#8866 = DIRECTION('',(0.38276671894,-0.923845029684,0.));
#8867 = DIRECTION('',(-0.923845029684,-0.38276671894,0.));
#8868 = ADVANCED_FACE('',(#8869),#8880,.F.);
#8869 = FACE_BOUND('',#8870,.F.);
#8870 = EDGE_LOOP('',(#8871,#8877,#8878,#8879));
#8871 = ORIENTED_EDGE('',*,*,#8872,.T.);
#8872 = EDGE_CURVE('',#2654,#4588,#8873,.T.);
#8873 = LINE('',#8874,#8875);
#8874 = CARTESIAN_POINT('',(-6.861081310968,-4.713978423964,0.));
#8875 = VECTOR('',#8876,1.);
#8876 = DIRECTION('',(0.,0.,1.));
#8877 = ORIENTED_EDGE('',*,*,#4595,.T.);
#8878 = ORIENTED_EDGE('',*,*,#8838,.F.);
#8879 = ORIENTED_EDGE('',*,*,#2653,.F.);
#8880 = PLANE('',#8881);
#8881 = AXIS2_PLACEMENT_3D('',#8882,#8883,#8884);
#8882 = CARTESIAN_POINT('',(-6.861081310968,-4.713978423964,0.));
#8883 = DIRECTION('',(-6.965092689979E-02,0.997571425203,0.));
#8884 = DIRECTION('',(0.997571425203,6.965092689979E-02,0.));
#8885 = ADVANCED_FACE('',(#8886),#8897,.F.);
#8886 = FACE_BOUND('',#8887,.F.);
#8887 = EDGE_LOOP('',(#8888,#8889,#8890,#8896));
#8888 = ORIENTED_EDGE('',*,*,#8857,.T.);
#8889 = ORIENTED_EDGE('',*,*,#4740,.T.);
#8890 = ORIENTED_EDGE('',*,*,#8891,.F.);
#8891 = EDGE_CURVE('',#2845,#4741,#8892,.T.);
#8892 = LINE('',#8893,#8894);
#8893 = CARTESIAN_POINT('',(-8.298859924712,0.651884412561,0.));
#8894 = VECTOR('',#8895,1.);
#8895 = DIRECTION('',(0.,0.,1.));
#8896 = ORIENTED_EDGE('',*,*,#2852,.F.);
#8897 = PLANE('',#8898);
#8898 = AXIS2_PLACEMENT_3D('',#8899,#8900,#8901);
#8899 = CARTESIAN_POINT('',(-8.075891456714,0.760662605029,0.));
#8900 = DIRECTION('',(0.438466240509,-0.898747659765,0.));
#8901 = DIRECTION('',(-0.898747659765,-0.438466240509,0.));
#8902 = ADVANCED_FACE('',(#8903),#8914,.F.);
#8903 = FACE_BOUND('',#8904,.F.);
#8904 = EDGE_LOOP('',(#8905,#8911,#8912,#8913));
#8905 = ORIENTED_EDGE('',*,*,#8906,.T.);
#8906 = EDGE_CURVE('',#2662,#4580,#8907,.T.);
#8907 = LINE('',#8908,#8909);
#8908 = CARTESIAN_POINT('',(-7.115576248577,-4.717261972257,0.));
#8909 = VECTOR('',#8910,1.);
#8910 = DIRECTION('',(0.,0.,1.));
#8911 = ORIENTED_EDGE('',*,*,#4587,.T.);
#8912 = ORIENTED_EDGE('',*,*,#8872,.F.);
#8913 = ORIENTED_EDGE('',*,*,#2661,.F.);
#8914 = PLANE('',#8915);
#8915 = AXIS2_PLACEMENT_3D('',#8916,#8917,#8918);
#8916 = CARTESIAN_POINT('',(-7.115576248577,-4.717261972257,0.));
#8917 = DIRECTION('',(-1.290114080913E-02,0.99991677682,0.));
#8918 = DIRECTION('',(0.99991677682,1.290114080913E-02,0.));
#8919 = ADVANCED_FACE('',(#8920),#8931,.F.);
#8920 = FACE_BOUND('',#8921,.F.);
#8921 = EDGE_LOOP('',(#8922,#8923,#8924,#8930));
#8922 = ORIENTED_EDGE('',*,*,#8891,.T.);
#8923 = ORIENTED_EDGE('',*,*,#4748,.T.);
#8924 = ORIENTED_EDGE('',*,*,#8925,.F.);
#8925 = EDGE_CURVE('',#2837,#4749,#8926,.T.);
#8926 = LINE('',#8927,#8928);
#8927 = CARTESIAN_POINT('',(-8.520900779961,0.527480579992,0.));
#8928 = VECTOR('',#8929,1.);
#8929 = DIRECTION('',(0.,0.,1.));
#8930 = ORIENTED_EDGE('',*,*,#2844,.F.);
#8931 = PLANE('',#8932);
#8932 = AXIS2_PLACEMENT_3D('',#8933,#8934,#8935);
#8933 = CARTESIAN_POINT('',(-8.298859924712,0.651884412561,0.));
#8934 = DIRECTION('',(0.488785672731,-0.872403900801,0.));
#8935 = DIRECTION('',(-0.872403900801,-0.488785672731,0.));
#8936 = ADVANCED_FACE('',(#8937),#8948,.F.);
#8937 = FACE_BOUND('',#8938,.F.);
#8938 = EDGE_LOOP('',(#8939,#8945,#8946,#8947));
#8939 = ORIENTED_EDGE('',*,*,#8940,.T.);
#8940 = EDGE_CURVE('',#2670,#4572,#8941,.T.);
#8941 = LINE('',#8942,#8943);
#8942 = CARTESIAN_POINT('',(-7.376304022351,-4.706659002928,0.));
#8943 = VECTOR('',#8944,1.);
#8944 = DIRECTION('',(0.,0.,1.));
#8945 = ORIENTED_EDGE('',*,*,#4579,.T.);
#8946 = ORIENTED_EDGE('',*,*,#8906,.F.);
#8947 = ORIENTED_EDGE('',*,*,#2669,.F.);
#8948 = PLANE('',#8949);
#8949 = AXIS2_PLACEMENT_3D('',#8950,#8951,#8952);
#8950 = CARTESIAN_POINT('',(-7.376304022351,-4.706659002928,0.));
#8951 = DIRECTION('',(4.06332340113E-02,0.999174129116,0.));
#8952 = DIRECTION('',(0.999174129116,-4.06332340113E-02,0.));
#8953 = ADVANCED_FACE('',(#8954),#8965,.F.);
#8954 = FACE_BOUND('',#8955,.F.);
#8955 = EDGE_LOOP('',(#8956,#8957,#8958,#8964));
#8956 = ORIENTED_EDGE('',*,*,#8925,.T.);
#8957 = ORIENTED_EDGE('',*,*,#4756,.T.);
#8958 = ORIENTED_EDGE('',*,*,#8959,.F.);
#8959 = EDGE_CURVE('',#2829,#4757,#8960,.T.);
#8960 = LINE('',#8961,#8962);
#8961 = CARTESIAN_POINT('',(-8.741396170858,0.387934252311,0.));
#8962 = VECTOR('',#8963,1.);
#8963 = DIRECTION('',(0.,0.,1.));
#8964 = ORIENTED_EDGE('',*,*,#2836,.F.);
#8965 = PLANE('',#8966);
#8966 = AXIS2_PLACEMENT_3D('',#8967,#8968,#8969);
#8967 = CARTESIAN_POINT('',(-8.520900779961,0.527480579992,0.));
#8968 = DIRECTION('',(0.534776477449,-0.844993561613,0.));
#8969 = DIRECTION('',(-0.844993561613,-0.534776477449,0.));
#8970 = ADVANCED_FACE('',(#8971),#8982,.F.);
#8971 = FACE_BOUND('',#8972,.F.);
#8972 = EDGE_LOOP('',(#8973,#8979,#8980,#8981));
#8973 = ORIENTED_EDGE('',*,*,#8974,.T.);
#8974 = EDGE_CURVE('',#2678,#4564,#8975,.T.);
#8975 = LINE('',#8976,#8977);
#8976 = CARTESIAN_POINT('',(-7.764238274662,-4.034737167929,0.));
#8977 = VECTOR('',#8978,1.);
#8978 = DIRECTION('',(0.,0.,1.));
#8979 = ORIENTED_EDGE('',*,*,#4571,.T.);
#8980 = ORIENTED_EDGE('',*,*,#8940,.F.);
#8981 = ORIENTED_EDGE('',*,*,#2677,.F.);
#8982 = PLANE('',#8983);
#8983 = AXIS2_PLACEMENT_3D('',#8984,#8985,#8986);
#8984 = CARTESIAN_POINT('',(-7.764238274662,-4.034737167929,0.));
#8985 = DIRECTION('',(0.866025403784,0.5,0.));
#8986 = DIRECTION('',(0.5,-0.866025403784,0.));
#8987 = ADVANCED_FACE('',(#8988),#8999,.F.);
#8988 = FACE_BOUND('',#8989,.F.);
#8989 = EDGE_LOOP('',(#8990,#8991,#8992,#8998));
#8990 = ORIENTED_EDGE('',*,*,#8959,.T.);
#8991 = ORIENTED_EDGE('',*,*,#4764,.T.);
#8992 = ORIENTED_EDGE('',*,*,#8993,.F.);
#8993 = EDGE_CURVE('',#2821,#4765,#8994,.T.);
#8994 = LINE('',#8995,#8996);
#8995 = CARTESIAN_POINT('',(-8.741396170858,-0.387934252311,0.));
#8996 = VECTOR('',#8997,1.);
#8997 = DIRECTION('',(0.,0.,1.));
#8998 = ORIENTED_EDGE('',*,*,#2828,.F.);
#8999 = PLANE('',#9000);
#9000 = AXIS2_PLACEMENT_3D('',#9001,#9002,#9003);
#9001 = CARTESIAN_POINT('',(-8.741396170858,0.387934252311,0.));
#9002 = DIRECTION('',(1.,0.,0.));
#9003 = DIRECTION('',(0.,-1.,0.));
#9004 = ADVANCED_FACE('',(#9005),#9016,.F.);
#9005 = FACE_BOUND('',#9006,.F.);
#9006 = EDGE_LOOP('',(#9007,#9013,#9014,#9015));
#9007 = ORIENTED_EDGE('',*,*,#9008,.T.);
#9008 = EDGE_CURVE('',#2686,#4556,#9009,.T.);
#9009 = LINE('',#9010,#9011);
#9010 = CARTESIAN_POINT('',(-7.643056828569,-3.803638807704,0.));
#9011 = VECTOR('',#9012,1.);
#9012 = DIRECTION('',(0.,0.,1.));
#9013 = ORIENTED_EDGE('',*,*,#4563,.T.);
#9014 = ORIENTED_EDGE('',*,*,#8974,.F.);
#9015 = ORIENTED_EDGE('',*,*,#2685,.F.);
#9016 = PLANE('',#9017);
#9017 = AXIS2_PLACEMENT_3D('',#9018,#9019,#9020);
#9018 = CARTESIAN_POINT('',(-7.643056828569,-3.803638807704,0.));
#9019 = DIRECTION('',(0.885626795624,-0.464397651666,0.));
#9020 = DIRECTION('',(-0.464397651666,-0.885626795624,0.));
#9021 = ADVANCED_FACE('',(#9022),#9033,.F.);
#9022 = FACE_BOUND('',#9023,.F.);
#9023 = EDGE_LOOP('',(#9024,#9025,#9026,#9032));
#9024 = ORIENTED_EDGE('',*,*,#8993,.T.);
#9025 = ORIENTED_EDGE('',*,*,#4772,.T.);
#9026 = ORIENTED_EDGE('',*,*,#9027,.F.);
#9027 = EDGE_CURVE('',#2813,#4773,#9028,.T.);
#9028 = LINE('',#9029,#9030);
#9029 = CARTESIAN_POINT('',(-8.520900779961,-0.527480579992,0.));
#9030 = VECTOR('',#9031,1.);
#9031 = DIRECTION('',(0.,0.,1.));
#9032 = ORIENTED_EDGE('',*,*,#2820,.F.);
#9033 = PLANE('',#9034);
#9034 = AXIS2_PLACEMENT_3D('',#9035,#9036,#9037);
#9035 = CARTESIAN_POINT('',(-8.741396170858,-0.387934252311,0.));
#9036 = DIRECTION('',(0.534776477449,0.844993561613,0.));
#9037 = DIRECTION('',(0.844993561613,-0.534776477449,0.));
#9038 = ADVANCED_FACE('',(#9039),#9050,.F.);
#9039 = FACE_BOUND('',#9040,.F.);
#9040 = EDGE_LOOP('',(#9041,#9047,#9048,#9049));
#9041 = ORIENTED_EDGE('',*,*,#9042,.T.);
#9042 = EDGE_CURVE('',#2694,#4548,#9043,.T.);
#9043 = LINE('',#9044,#9045);
#9044 = CARTESIAN_POINT('',(-7.512965723529,-3.584881500747,0.));
#9045 = VECTOR('',#9046,1.);
#9046 = DIRECTION('',(0.,0.,1.));
#9047 = ORIENTED_EDGE('',*,*,#4555,.T.);
#9048 = ORIENTED_EDGE('',*,*,#9008,.F.);
#9049 = ORIENTED_EDGE('',*,*,#2693,.F.);
#9050 = PLANE('',#9051);
#9051 = AXIS2_PLACEMENT_3D('',#9052,#9053,#9054);
#9052 = CARTESIAN_POINT('',(-7.512965723529,-3.584881500747,0.));
#9053 = DIRECTION('',(0.859502759992,-0.511131104088,0.));
#9054 = DIRECTION('',(-0.511131104088,-0.859502759992,0.));
#9055 = ADVANCED_FACE('',(#9056),#9067,.F.);
#9056 = FACE_BOUND('',#9057,.F.);
#9057 = EDGE_LOOP('',(#9058,#9059,#9060,#9066));
#9058 = ORIENTED_EDGE('',*,*,#9027,.T.);
#9059 = ORIENTED_EDGE('',*,*,#4780,.T.);
#9060 = ORIENTED_EDGE('',*,*,#9061,.F.);
#9061 = EDGE_CURVE('',#2805,#4781,#9062,.T.);
#9062 = LINE('',#9063,#9064);
#9063 = CARTESIAN_POINT('',(-8.298859924712,-0.651884412561,0.));
#9064 = VECTOR('',#9065,1.);
#9065 = DIRECTION('',(0.,0.,1.));
#9066 = ORIENTED_EDGE('',*,*,#2812,.F.);
#9067 = PLANE('',#9068);
#9068 = AXIS2_PLACEMENT_3D('',#9069,#9070,#9071);
#9069 = CARTESIAN_POINT('',(-8.520900779961,-0.527480579992,0.));
#9070 = DIRECTION('',(0.488785672731,0.872403900801,0.));
#9071 = DIRECTION('',(0.872403900801,-0.488785672731,0.));
#9072 = ADVANCED_FACE('',(#9073),#9084,.F.);
#9073 = FACE_BOUND('',#9074,.F.);
#9074 = EDGE_LOOP('',(#9075,#9081,#9082,#9083));
#9075 = ORIENTED_EDGE('',*,*,#9076,.T.);
#9076 = EDGE_CURVE('',#2702,#4540,#9077,.T.);
#9077 = LINE('',#9078,#9079);
#9078 = CARTESIAN_POINT('',(-7.374258462235,-3.379192588693,0.));
#9079 = VECTOR('',#9080,1.);
#9080 = DIRECTION('',(0.,0.,1.));
#9081 = ORIENTED_EDGE('',*,*,#4547,.T.);
#9082 = ORIENTED_EDGE('',*,*,#9042,.F.);
#9083 = ORIENTED_EDGE('',*,*,#2701,.F.);
#9084 = PLANE('',#9085);
#9085 = AXIS2_PLACEMENT_3D('',#9086,#9087,#9088);
#9086 = CARTESIAN_POINT('',(-7.374258462235,-3.379192588693,0.));
#9087 = DIRECTION('',(0.829096732866,-0.559105184694,0.));
#9088 = DIRECTION('',(-0.559105184694,-0.829096732866,0.));
#9089 = ADVANCED_FACE('',(#9090),#9101,.F.);
#9090 = FACE_BOUND('',#9091,.F.);
#9091 = EDGE_LOOP('',(#9092,#9093,#9094,#9100));
#9092 = ORIENTED_EDGE('',*,*,#9061,.T.);
#9093 = ORIENTED_EDGE('',*,*,#4788,.T.);
#9094 = ORIENTED_EDGE('',*,*,#9095,.F.);
#9095 = EDGE_CURVE('',#2797,#4789,#9096,.T.);
#9096 = LINE('',#9097,#9098);
#9097 = CARTESIAN_POINT('',(-8.075891456714,-0.760662605029,0.));
#9098 = VECTOR('',#9099,1.);
#9099 = DIRECTION('',(0.,0.,1.));
#9100 = ORIENTED_EDGE('',*,*,#2804,.F.);
#9101 = PLANE('',#9102);
#9102 = AXIS2_PLACEMENT_3D('',#9103,#9104,#9105);
#9103 = CARTESIAN_POINT('',(-8.298859924712,-0.651884412561,0.));
#9104 = DIRECTION('',(0.438466240509,0.898747659765,0.));
#9105 = DIRECTION('',(0.898747659765,-0.438466240509,0.));
#9106 = ADVANCED_FACE('',(#9107),#9118,.F.);
#9107 = FACE_BOUND('',#9108,.F.);
#9108 = EDGE_LOOP('',(#9109,#9115,#9116,#9117));
#9109 = ORIENTED_EDGE('',*,*,#9110,.T.);
#9110 = EDGE_CURVE('',#2710,#4532,#9111,.T.);
#9111 = LINE('',#9112,#9113);
#9112 = CARTESIAN_POINT('',(-7.227163610706,-3.187459059236,0.));
#9113 = VECTOR('',#9114,1.);
#9114 = DIRECTION('',(0.,0.,1.));
#9115 = ORIENTED_EDGE('',*,*,#4539,.T.);
#9116 = ORIENTED_EDGE('',*,*,#9076,.F.);
#9117 = ORIENTED_EDGE('',*,*,#2709,.F.);
#9118 = PLANE('',#9119);
#9119 = AXIS2_PLACEMENT_3D('',#9120,#9121,#9122);
#9120 = CARTESIAN_POINT('',(-7.227163610706,-3.187459059236,0.));
#9121 = DIRECTION('',(0.793408217167,-0.608689905396,0.));
#9122 = DIRECTION('',(-0.608689905396,-0.793408217167,0.));
#9123 = ADVANCED_FACE('',(#9124),#9135,.F.);
#9124 = FACE_BOUND('',#9125,.F.);
#9125 = EDGE_LOOP('',(#9126,#9127,#9128,#9134));
#9126 = ORIENTED_EDGE('',*,*,#9095,.T.);
#9127 = ORIENTED_EDGE('',*,*,#4796,.T.);
#9128 = ORIENTED_EDGE('',*,*,#9129,.F.);
#9129 = EDGE_CURVE('',#2789,#4797,#9130,.T.);
#9130 = LINE('',#9131,#9132);
#9131 = CARTESIAN_POINT('',(-7.852636813796,-0.853161286532,0.));
#9132 = VECTOR('',#9133,1.);
#9133 = DIRECTION('',(0.,0.,1.));
#9134 = ORIENTED_EDGE('',*,*,#2796,.F.);
#9135 = PLANE('',#9136);
#9136 = AXIS2_PLACEMENT_3D('',#9137,#9138,#9139);
#9137 = CARTESIAN_POINT('',(-8.075891456714,-0.760662605029,0.));
#9138 = DIRECTION('',(0.38276671894,0.923845029684,0.));
#9139 = DIRECTION('',(0.923845029684,-0.38276671894,0.));
#9140 = ADVANCED_FACE('',(#9141),#9152,.F.);
#9141 = FACE_BOUND('',#9142,.F.);
#9142 = EDGE_LOOP('',(#9143,#9149,#9150,#9151));
#9143 = ORIENTED_EDGE('',*,*,#9144,.T.);
#9144 = EDGE_CURVE('',#2718,#4524,#9145,.T.);
#9145 = LINE('',#9146,#9147);
#9146 = CARTESIAN_POINT('',(-7.071796701356,-3.010846529583,0.));
#9147 = VECTOR('',#9148,1.);
#9148 = DIRECTION('',(0.,0.,1.));
#9149 = ORIENTED_EDGE('',*,*,#4531,.T.);
#9150 = ORIENTED_EDGE('',*,*,#9110,.F.);
#9151 = ORIENTED_EDGE('',*,*,#2717,.F.);
#9152 = PLANE('',#9153);
#9153 = AXIS2_PLACEMENT_3D('',#9154,#9155,#9156);
#9154 = CARTESIAN_POINT('',(-7.071796701356,-3.010846529583,0.));
#9155 = DIRECTION('',(0.75082338807,-0.660503020377,0.));
#9156 = DIRECTION('',(-0.660503020377,-0.75082338807,0.));
#9157 = ADVANCED_FACE('',(#9158),#9169,.F.);
#9158 = FACE_BOUND('',#9159,.F.);
#9159 = EDGE_LOOP('',(#9160,#9161,#9162,#9168));
#9160 = ORIENTED_EDGE('',*,*,#9129,.T.);
#9161 = ORIENTED_EDGE('',*,*,#4804,.T.);
#9162 = ORIENTED_EDGE('',*,*,#9163,.F.);
#9163 = EDGE_CURVE('',#2781,#4805,#9164,.T.);
#9164 = LINE('',#9165,#9166);
#9165 = CARTESIAN_POINT('',(-7.629778858564,-0.928428769163,0.));
#9166 = VECTOR('',#9167,1.);
#9167 = DIRECTION('',(0.,0.,1.));
#9168 = ORIENTED_EDGE('',*,*,#2788,.F.);
#9169 = PLANE('',#9170);
#9170 = AXIS2_PLACEMENT_3D('',#9171,#9172,#9173);
#9171 = CARTESIAN_POINT('',(-7.852636813796,-0.853161286532,0.));
#9172 = DIRECTION('',(0.319980617636,0.947424088958,0.));
#9173 = DIRECTION('',(0.947424088958,-0.319980617636,0.));
#9174 = ADVANCED_FACE('',(#9175),#9186,.F.);
#9175 = FACE_BOUND('',#9176,.F.);
#9176 = EDGE_LOOP('',(#9177,#9183,#9184,#9185));
#9177 = ORIENTED_EDGE('',*,*,#9178,.T.);
#9178 = EDGE_CURVE('',#2726,#4516,#9179,.T.);
#9179 = LINE('',#9180,#9181);
#9180 = CARTESIAN_POINT('',(-6.908055611187,-2.851060678313,0.));
#9181 = VECTOR('',#9182,1.);
#9182 = DIRECTION('',(0.,0.,1.));
#9183 = ORIENTED_EDGE('',*,*,#4523,.T.);
#9184 = ORIENTED_EDGE('',*,*,#9144,.F.);
#9185 = ORIENTED_EDGE('',*,*,#2725,.F.);
#9186 = PLANE('',#9187);
#9187 = AXIS2_PLACEMENT_3D('',#9188,#9189,#9190);
#9188 = CARTESIAN_POINT('',(-6.908055611187,-2.851060678313,0.));
#9189 = DIRECTION('',(0.698409943882,-0.715697946264,0.));
#9190 = DIRECTION('',(-0.715697946264,-0.698409943882,0.));
#9191 = ADVANCED_FACE('',(#9192),#9203,.F.);
#9192 = FACE_BOUND('',#9193,.F.);
#9193 = EDGE_LOOP('',(#9194,#9195,#9196,#9202));
#9194 = ORIENTED_EDGE('',*,*,#9163,.T.);
#9195 = ORIENTED_EDGE('',*,*,#4812,.T.);
#9196 = ORIENTED_EDGE('',*,*,#9197,.F.);
#9197 = EDGE_CURVE('',#2773,#4813,#9198,.T.);
#9198 = LINE('',#9199,#9200);
#9199 = CARTESIAN_POINT('',(-7.408081989201,-0.984936830443,0.));
#9200 = VECTOR('',#9201,1.);
#9201 = DIRECTION('',(0.,0.,1.));
#9202 = ORIENTED_EDGE('',*,*,#2780,.F.);
#9203 = PLANE('',#9204);
#9204 = AXIS2_PLACEMENT_3D('',#9205,#9206,#9207);
#9205 = CARTESIAN_POINT('',(-7.629778858564,-0.928428769163,0.));
#9206 = DIRECTION('',(0.246991780525,0.969017574842,0.));
#9207 = DIRECTION('',(0.969017574842,-0.246991780525,0.));
#9208 = ADVANCED_FACE('',(#9209),#9220,.F.);
#9209 = FACE_BOUND('',#9210,.F.);
#9210 = EDGE_LOOP('',(#9211,#9217,#9218,#9219));
#9211 = ORIENTED_EDGE('',*,*,#9212,.T.);
#9212 = EDGE_CURVE('',#2734,#4508,#9213,.T.);
#9213 = LINE('',#9214,#9215);
#9214 = CARTESIAN_POINT('',(-6.735325356359,-2.711088928872,0.));
#9215 = VECTOR('',#9216,1.);
#9216 = DIRECTION('',(0.,0.,1.));
#9217 = ORIENTED_EDGE('',*,*,#4515,.T.);
#9218 = ORIENTED_EDGE('',*,*,#9178,.F.);
#9219 = ORIENTED_EDGE('',*,*,#2733,.F.);
#9220 = PLANE('',#9221);
#9221 = AXIS2_PLACEMENT_3D('',#9222,#9223,#9224);
#9222 = CARTESIAN_POINT('',(-6.735325356359,-2.711088928872,0.));
#9223 = DIRECTION('',(0.629585346895,-0.776931329639,0.));
#9224 = DIRECTION('',(-0.776931329639,-0.629585346895,0.));
#9225 = ADVANCED_FACE('',(#9226),#9237,.F.);
#9226 = FACE_BOUND('',#9227,.F.);
#9227 = EDGE_LOOP('',(#9228,#9229,#9230,#9236));
#9228 = ORIENTED_EDGE('',*,*,#9197,.T.);
#9229 = ORIENTED_EDGE('',*,*,#4820,.T.);
#9230 = ORIENTED_EDGE('',*,*,#9231,.F.);
#9231 = EDGE_CURVE('',#2765,#4821,#9232,.T.);
#9232 = LINE('',#9233,#9234);
#9233 = CARTESIAN_POINT('',(-7.188507325796,-1.019790793858,0.));
#9234 = VECTOR('',#9235,1.);
#9235 = DIRECTION('',(0.,0.,1.));
#9236 = ORIENTED_EDGE('',*,*,#2772,.F.);
#9237 = PLANE('',#9238);
#9238 = AXIS2_PLACEMENT_3D('',#9239,#9240,#9241);
#9239 = CARTESIAN_POINT('',(-7.408081989201,-0.984936830443,0.));
#9240 = DIRECTION('',(0.156771239442,0.987634941911,0.));
#9241 = DIRECTION('',(0.987634941911,-0.156771239442,0.));
#9242 = ADVANCED_FACE('',(#9243),#9249,.F.);
#9243 = FACE_BOUND('',#9244,.F.);
#9244 = EDGE_LOOP('',(#9245,#9246,#9247,#9248));
#9245 = ORIENTED_EDGE('',*,*,#4653,.T.);
#9246 = ORIENTED_EDGE('',*,*,#4507,.T.);
#9247 = ORIENTED_EDGE('',*,*,#9212,.F.);
#9248 = ORIENTED_EDGE('',*,*,#2741,.F.);
#9249 = PLANE('',#9250);
#9250 = AXIS2_PLACEMENT_3D('',#9251,#9252,#9253);
#9251 = CARTESIAN_POINT('',(-6.550693825243,-2.599694284074,0.));
#9252 = DIRECTION('',(0.516593798596,-0.856230604015,0.));
#9253 = DIRECTION('',(-0.856230604015,-0.516593798596,0.));
#9254 = ADVANCED_FACE('',(#9255),#9261,.F.);
#9255 = FACE_BOUND('',#9256,.F.);
#9256 = EDGE_LOOP('',(#9257,#9258,#9259,#9260));
#9257 = ORIENTED_EDGE('',*,*,#9231,.T.);
#9258 = ORIENTED_EDGE('',*,*,#4828,.T.);
#9259 = ORIENTED_EDGE('',*,*,#4668,.F.);
#9260 = ORIENTED_EDGE('',*,*,#2764,.F.);
#9261 = PLANE('',#9262);
#9262 = AXIS2_PLACEMENT_3D('',#9263,#9264,#9265);
#9263 = CARTESIAN_POINT('',(-7.188507325796,-1.019790793858,0.));
#9264 = DIRECTION('',(1.92680510141E-02,0.999814353873,0.));
#9265 = DIRECTION('',(0.999814353873,-1.92680510141E-02,0.));
#9266 = ADVANCED_FACE('',(#9267),#9286,.F.);
#9267 = FACE_BOUND('',#9268,.F.);
#9268 = EDGE_LOOP('',(#9269,#9278,#9284,#9285));
#9269 = ORIENTED_EDGE('',*,*,#9270,.F.);
#9270 = EDGE_CURVE('',#9271,#9271,#9273,.T.);
#9271 = VERTEX_POINT('',#9272);
#9272 = CARTESIAN_POINT('',(2.4,-5.9E-16,13.));
#9273 = CIRCLE('',#9274,2.4);
#9274 = AXIS2_PLACEMENT_3D('',#9275,#9276,#9277);
#9275 = CARTESIAN_POINT('',(0.,0.,13.));
#9276 = DIRECTION('',(0.,0.,1.));
#9277 = DIRECTION('',(1.,0.,-0.));
#9278 = ORIENTED_EDGE('',*,*,#9279,.F.);
#9279 = EDGE_CURVE('',#3675,#9271,#9280,.T.);
#9280 = LINE('',#9281,#9282);
#9281 = CARTESIAN_POINT('',(2.4,-5.9E-16,-1.));
#9282 = VECTOR('',#9283,1.);
#9283 = DIRECTION('',(0.,0.,1.));
#9284 = ORIENTED_EDGE('',*,*,#3674,.T.);
#9285 = ORIENTED_EDGE('',*,*,#9279,.T.);
#9286 = CYLINDRICAL_SURFACE('',#9287,2.4);
#9287 = AXIS2_PLACEMENT_3D('',#9288,#9289,#9290);
#9288 = CARTESIAN_POINT('',(0.,0.,-1.));
#9289 = DIRECTION('',(0.,0.,1.));
#9290 = DIRECTION('',(1.,0.,0.));
#9291 = ADVANCED_FACE('',(#9292),#9311,.T.);
#9292 = FACE_BOUND('',#9293,.T.);
#9293 = EDGE_LOOP('',(#9294,#9295,#9301,#9302,#9303,#9304,#9305,#9306,
    #9307,#9308,#9309,#9310));
#9294 = ORIENTED_EDGE('',*,*,#976,.F.);
#9295 = ORIENTED_EDGE('',*,*,#9296,.F.);
#9296 = EDGE_CURVE('',#5843,#968,#9297,.T.);
#9297 = LINE('',#9298,#9299);
#9298 = CARTESIAN_POINT('',(6.2,-1.518562030943E-15,13.5));
#9299 = VECTOR('',#9300,1.);
#9300 = DIRECTION('',(0.,0.,1.));
#9301 = ORIENTED_EDGE('',*,*,#5842,.T.);
#9302 = ORIENTED_EDGE('',*,*,#9296,.T.);
#9303 = ORIENTED_EDGE('',*,*,#965,.F.);
#9304 = ORIENTED_EDGE('',*,*,#1039,.F.);
#9305 = ORIENTED_EDGE('',*,*,#1030,.F.);
#9306 = ORIENTED_EDGE('',*,*,#1021,.F.);
#9307 = ORIENTED_EDGE('',*,*,#1012,.F.);
#9308 = ORIENTED_EDGE('',*,*,#1003,.F.);
#9309 = ORIENTED_EDGE('',*,*,#994,.F.);
#9310 = ORIENTED_EDGE('',*,*,#985,.F.);
#9311 = CYLINDRICAL_SURFACE('',#9312,6.2);
#9312 = AXIS2_PLACEMENT_3D('',#9313,#9314,#9315);
#9313 = CARTESIAN_POINT('',(0.,0.,13.5));
#9314 = DIRECTION('',(0.,0.,1.));
#9315 = DIRECTION('',(1.,0.,-0.));
#9316 = ADVANCED_FACE('',(#9317,#9328),#9331,.T.);
#9317 = FACE_BOUND('',#9318,.T.);
#9318 = EDGE_LOOP('',(#9319));
#9319 = ORIENTED_EDGE('',*,*,#9320,.T.);
#9320 = EDGE_CURVE('',#9321,#9321,#9323,.T.);
#9321 = VERTEX_POINT('',#9322);
#9322 = CARTESIAN_POINT('',(2.5,-6.123233995737E-16,13.));
#9323 = CIRCLE('',#9324,2.5);
#9324 = AXIS2_PLACEMENT_3D('',#9325,#9326,#9327);
#9325 = CARTESIAN_POINT('',(0.,0.,13.));
#9326 = DIRECTION('',(0.,0.,1.));
#9327 = DIRECTION('',(1.,0.,-0.));
#9328 = FACE_BOUND('',#9329,.T.);
#9329 = EDGE_LOOP('',(#9330));
#9330 = ORIENTED_EDGE('',*,*,#9270,.F.);
#9331 = PLANE('',#9332);
#9332 = AXIS2_PLACEMENT_3D('',#9333,#9334,#9335);
#9333 = CARTESIAN_POINT('',(0.,0.,13.));
#9334 = DIRECTION('',(0.,0.,1.));
#9335 = DIRECTION('',(1.,0.,-0.));
#9336 = ADVANCED_FACE('',(#9337),#9348,.F.);
#9337 = FACE_BOUND('',#9338,.F.);
#9338 = EDGE_LOOP('',(#9339,#9340,#9346,#9347));
#9339 = ORIENTED_EDGE('',*,*,#615,.F.);
#9340 = ORIENTED_EDGE('',*,*,#9341,.F.);
#9341 = EDGE_CURVE('',#9321,#616,#9342,.T.);
#9342 = LINE('',#9343,#9344);
#9343 = CARTESIAN_POINT('',(2.5,-6.123233995737E-16,13.));
#9344 = VECTOR('',#9345,1.);
#9345 = DIRECTION('',(0.,0.,1.));
#9346 = ORIENTED_EDGE('',*,*,#9320,.T.);
#9347 = ORIENTED_EDGE('',*,*,#9341,.T.);
#9348 = CYLINDRICAL_SURFACE('',#9349,2.5);
#9349 = AXIS2_PLACEMENT_3D('',#9350,#9351,#9352);
#9350 = CARTESIAN_POINT('',(0.,0.,13.));
#9351 = DIRECTION('',(0.,0.,1.));
#9352 = DIRECTION('',(1.,0.,-0.));
#9353 = ADVANCED_FACE('',(#9354,#9382),#9408,.T.);
#9354 = FACE_BOUND('',#9355,.T.);
#9355 = EDGE_LOOP('',(#9356,#9357,#9358,#9364,#9365,#9366,#9367,#9368,
    #9369,#9370,#9371,#9377,#9378,#9379,#9380,#9381));
#9356 = ORIENTED_EDGE('',*,*,#654,.T.);
#9357 = ORIENTED_EDGE('',*,*,#822,.T.);
#9358 = ORIENTED_EDGE('',*,*,#9359,.F.);
#9359 = EDGE_CURVE('',#1167,#823,#9360,.T.);
#9360 = LINE('',#9361,#9362);
#9361 = CARTESIAN_POINT('',(-4.,8.5,22.4));
#9362 = VECTOR('',#9363,1.);
#9363 = DIRECTION('',(1.,0.,-0.));
#9364 = ORIENTED_EDGE('',*,*,#1166,.F.);
#9365 = ORIENTED_EDGE('',*,*,#1134,.T.);
#9366 = ORIENTED_EDGE('',*,*,#1192,.F.);
#9367 = ORIENTED_EDGE('',*,*,#1120,.F.);
#9368 = ORIENTED_EDGE('',*,*,#1095,.T.);
#9369 = ORIENTED_EDGE('',*,*,#1062,.T.);
#9370 = ORIENTED_EDGE('',*,*,#1207,.F.);
#9371 = ORIENTED_EDGE('',*,*,#9372,.T.);
#9372 = EDGE_CURVE('',#1208,#854,#9373,.T.);
#9373 = LINE('',#9374,#9375);
#9374 = CARTESIAN_POINT('',(-4.,-8.5,22.4));
#9375 = VECTOR('',#9376,1.);
#9376 = DIRECTION('',(1.,0.,-0.));
#9377 = ORIENTED_EDGE('',*,*,#853,.T.);
#9378 = ORIENTED_EDGE('',*,*,#790,.T.);
#9379 = ORIENTED_EDGE('',*,*,#774,.T.);
#9380 = ORIENTED_EDGE('',*,*,#744,.T.);
#9381 = ORIENTED_EDGE('',*,*,#705,.F.);
#9382 = FACE_BOUND('',#9383,.T.);
#9383 = EDGE_LOOP('',(#9384,#9385,#9386,#9387,#9388,#9389,#9390,#9391,
    #9392,#9393,#9394,#9395,#9396,#9397,#9398,#9399,#9400,#9401,#9402,
    #9403,#9404,#9405,#9406,#9407));
#9384 = ORIENTED_EDGE('',*,*,#66,.F.);
#9385 = ORIENTED_EDGE('',*,*,#21,.F.);
#9386 = ORIENTED_EDGE('',*,*,#90,.F.);
#9387 = ORIENTED_EDGE('',*,*,#129,.F.);
#9388 = ORIENTED_EDGE('',*,*,#159,.T.);
#9389 = ORIENTED_EDGE('',*,*,#184,.F.);
#9390 = ORIENTED_EDGE('',*,*,#193,.F.);
#9391 = ORIENTED_EDGE('',*,*,#202,.F.);
#9392 = ORIENTED_EDGE('',*,*,#575,.F.);
#9393 = ORIENTED_EDGE('',*,*,#561,.T.);
#9394 = ORIENTED_EDGE('',*,*,#513,.T.);
#9395 = ORIENTED_EDGE('',*,*,#337,.F.);
#9396 = ORIENTED_EDGE('',*,*,#346,.F.);
#9397 = ORIENTED_EDGE('',*,*,#355,.F.);
#9398 = ORIENTED_EDGE('',*,*,#394,.T.);
#9399 = ORIENTED_EDGE('',*,*,#426,.T.);
#9400 = ORIENTED_EDGE('',*,*,#498,.F.);
#9401 = ORIENTED_EDGE('',*,*,#467,.F.);
#9402 = ORIENTED_EDGE('',*,*,#476,.F.);
#9403 = ORIENTED_EDGE('',*,*,#440,.F.);
#9404 = ORIENTED_EDGE('',*,*,#287,.T.);
#9405 = ORIENTED_EDGE('',*,*,#273,.F.);
#9406 = ORIENTED_EDGE('',*,*,#225,.F.);
#9407 = ORIENTED_EDGE('',*,*,#57,.F.);
#9408 = PLANE('',#9409);
#9409 = AXIS2_PLACEMENT_3D('',#9410,#9411,#9412);
#9410 = CARTESIAN_POINT('',(-2.745677138781E-14,-5.522913784904E-16,22.4
    ));
#9411 = DIRECTION('',(0.,0.,1.));
#9412 = DIRECTION('',(1.,0.,-0.));
#9413 = ADVANCED_FACE('',(#9414),#9420,.T.);
#9414 = FACE_BOUND('',#9415,.T.);
#9415 = EDGE_LOOP('',(#9416,#9417,#9418,#9419));
#9416 = ORIENTED_EDGE('',*,*,#956,.F.);
#9417 = ORIENTED_EDGE('',*,*,#1176,.T.);
#9418 = ORIENTED_EDGE('',*,*,#9359,.T.);
#9419 = ORIENTED_EDGE('',*,*,#839,.F.);
#9420 = PLANE('',#9421);
#9421 = AXIS2_PLACEMENT_3D('',#9422,#9423,#9424);
#9422 = CARTESIAN_POINT('',(-4.,8.5,19.2));
#9423 = DIRECTION('',(-0.,1.,0.));
#9424 = DIRECTION('',(0.,0.,1.));
#9425 = ADVANCED_FACE('',(#9426),#9432,.F.);
#9426 = FACE_BOUND('',#9427,.T.);
#9427 = EDGE_LOOP('',(#9428,#9429,#9430,#9431));
#9428 = ORIENTED_EDGE('',*,*,#890,.T.);
#9429 = ORIENTED_EDGE('',*,*,#861,.T.);
#9430 = ORIENTED_EDGE('',*,*,#9372,.F.);
#9431 = ORIENTED_EDGE('',*,*,#1215,.F.);
#9432 = PLANE('',#9433);
#9433 = AXIS2_PLACEMENT_3D('',#9434,#9435,#9436);
#9434 = CARTESIAN_POINT('',(-4.,-8.5,19.2));
#9435 = DIRECTION('',(-0.,1.,0.));
#9436 = DIRECTION('',(0.,0.,1.));
#9437 = ADVANCED_FACE('',(#9438),#9448,.F.);
#9438 = FACE_BOUND('',#9439,.F.);
#9439 = EDGE_LOOP('',(#9440,#9441,#9446,#9447));
#9440 = ORIENTED_EDGE('',*,*,#626,.F.);
#9441 = ORIENTED_EDGE('',*,*,#9442,.F.);
#9442 = EDGE_CURVE('',#3664,#627,#9443,.T.);
#9443 = B_SPLINE_CURVE_WITH_KNOTS('',1,(#9444,#9445),.UNSPECIFIED.,.F.,
  .F.,(2,2),(2.,22.3),.PIECEWISE_BEZIER_KNOTS.);
#9444 = CARTESIAN_POINT('',(5.6,-2.694222958124E-16,0.));
#9445 = CARTESIAN_POINT('',(5.6,-2.694222958124E-16,20.3));
#9446 = ORIENTED_EDGE('',*,*,#3663,.T.);
#9447 = ORIENTED_EDGE('',*,*,#9442,.T.);
#9448 = CYLINDRICAL_SURFACE('',#9449,1.1);
#9449 = AXIS2_PLACEMENT_3D('',#9450,#9451,#9452);
#9450 = CARTESIAN_POINT('',(4.5,0.,-2.));
#9451 = DIRECTION('',(0.,0.,1.));
#9452 = DIRECTION('',(1.,0.,0.));
#9453 = ADVANCED_FACE('',(#9454),#9464,.F.);
#9454 = FACE_BOUND('',#9455,.F.);
#9455 = EDGE_LOOP('',(#9456,#9457,#9462,#9463));
#9456 = ORIENTED_EDGE('',*,*,#637,.F.);
#9457 = ORIENTED_EDGE('',*,*,#9458,.F.);
#9458 = EDGE_CURVE('',#3686,#638,#9459,.T.);
#9459 = B_SPLINE_CURVE_WITH_KNOTS('',1,(#9460,#9461),.UNSPECIFIED.,.F.,
  .F.,(2,2),(2.,22.3),.PIECEWISE_BEZIER_KNOTS.);
#9460 = CARTESIAN_POINT('',(-3.4,-2.694222958124E-16,0.));
#9461 = CARTESIAN_POINT('',(-3.4,-2.694222958124E-16,20.3));
#9462 = ORIENTED_EDGE('',*,*,#3685,.T.);
#9463 = ORIENTED_EDGE('',*,*,#9458,.T.);
#9464 = CYLINDRICAL_SURFACE('',#9465,1.1);
#9465 = AXIS2_PLACEMENT_3D('',#9466,#9467,#9468);
#9466 = CARTESIAN_POINT('',(-4.5,0.,-2.));
#9467 = DIRECTION('',(0.,0.,1.));
#9468 = DIRECTION('',(1.,0.,0.));
#9469 = ( GEOMETRIC_REPRESENTATION_CONTEXT(3) 
GLOBAL_UNCERTAINTY_ASSIGNED_CONTEXT((#9473)) 
GLOBAL_UNIT_ASSIGNED_CONTEXT((#9470,#9471,#9472)) REPRESENTATION_CONTEXT
('Context #1','3D Context with UNIT and UNCERTAINTY') );
#9470 = ( LENGTH_UNIT() NAMED_UNIT(*) SI_UNIT(.MILLI.,.METRE.) );
#9471 = ( NAMED_UNIT(*) PLANE_ANGLE_UNIT() SI_UNIT($,.RADIAN.) );
#9472 = ( NAMED_UNIT(*) SI_UNIT($,.STERADIAN.) SOLID_ANGLE_UNIT() );
#9473 = UNCERTAINTY_MEASURE_WITH_UNIT(LENGTH_MEASURE(2.E-07),#9470,
  'distance_accuracy_value','confusion accuracy');
#9474 = PRODUCT_RELATED_PRODUCT_CATEGORY('part',$,(#7));
ENDSEC;
END-ISO-10303-21;
