solid 
 facet normal -9.999083e-01 -1.354093e-02  0.000000e+00
   outer loop
     vertex  1.466855e-03  3.891682e+00  1.800000e+01
     vertex  0.000000e+00  4.000000e+00  1.800000e+01
     vertex  0.000000e+00  4.000000e+00  0.000000e+00
   endloop
 endfacet
 facet normal -9.999083e-01 -1.354093e-02 -0.000000e+00
   outer loop
     vertex  1.466855e-03  3.891682e+00  1.800000e+01
     vertex  0.000000e+00  4.000000e+00  0.000000e+00
     vertex  1.466855e-03  3.891682e+00  0.000000e+00
   endloop
 endfacet
 facet normal -9.991750e-01 -4.061287e-02  0.000000e+00
   outer loop
     vertex  5.866345e-03  3.783444e+00  1.800000e+01
     vertex  1.466855e-03  3.891682e+00  1.800000e+01
     vertex  1.466855e-03  3.891682e+00  0.000000e+00
   endloop
 endfacet
 facet normal -9.991750e-01 -4.061287e-02 -0.000000e+00
   outer loop
     vertex  5.866345e-03  3.783444e+00  1.800000e+01
     vertex  1.466855e-03  3.891682e+00  0.000000e+00
     vertex  5.866345e-03  3.783444e+00  0.000000e+00
   endloop
 endfacet
 facet normal -9.977088e-01 -6.765502e-02  0.000000e+00
   outer loop
     vertex  1.319524e-02  3.675365e+00  1.800000e+01
     vertex  5.866345e-03  3.783444e+00  1.800000e+01
     vertex  5.866345e-03  3.783444e+00  0.000000e+00
   endloop
 endfacet
 facet normal -9.977088e-01 -6.765502e-02 -0.000000e+00
   outer loop
     vertex  1.319524e-02  3.675365e+00  1.800000e+01
     vertex  5.866345e-03  3.783444e+00  0.000000e+00
     vertex  1.319524e-02  3.675365e+00  0.000000e+00
   endloop
 endfacet
 facet normal -9.955108e-01 -9.464755e-02 -0.000000e+00
   outer loop
     vertex  1.319524e-02  3.675365e+00  1.800000e+01
     vertex  1.319524e-02  3.675365e+00  0.000000e+00
     vertex  2.344817e-02  3.567524e+00  0.000000e+00
   endloop
 endfacet
 facet normal -9.955108e-01 -9.464755e-02 -0.000000e+00
   outer loop
     vertex  2.344817e-02  3.567524e+00  1.800000e+01
     vertex  1.319524e-02  3.675365e+00  1.800000e+01
     vertex  2.344817e-02  3.567524e+00  0.000000e+00
   endloop
 endfacet
 facet normal -9.925828e-01 -1.215707e-01  0.000000e+00
   outer loop
     vertex  3.661761e-02  3.460000e+00  1.800000e+01
     vertex  2.344817e-02  3.567524e+00  1.800000e+01
     vertex  2.344817e-02  3.567524e+00  0.000000e+00
   endloop
 endfacet
 facet normal -9.925828e-01 -1.215707e-01 -0.000000e+00
   outer loop
     vertex  3.661761e-02  3.460000e+00  1.800000e+01
     vertex  2.344817e-02  3.567524e+00  0.000000e+00
     vertex  3.661761e-02  3.460000e+00  0.000000e+00
   endloop
 endfacet
 facet normal -9.889267e-01 -1.484046e-01  0.000000e+00
   outer loop
     vertex  5.269391e-02  3.352872e+00  1.800000e+01
     vertex  3.661761e-02  3.460000e+00  1.800000e+01
     vertex  3.661761e-02  3.460000e+00  0.000000e+00
   endloop
 endfacet
 facet normal -9.889267e-01 -1.484046e-01 -0.000000e+00
   outer loop
     vertex  5.269391e-02  3.352872e+00  1.800000e+01
     vertex  3.661761e-02  3.460000e+00  0.000000e+00
     vertex  5.269391e-02  3.352872e+00  0.000000e+00
   endloop
 endfacet
 facet normal -9.845454e-01 -1.751297e-01 -0.000000e+00
   outer loop
     vertex  5.269391e-02  3.352872e+00  1.800000e+01
     vertex  5.269391e-02  3.352872e+00  0.000000e+00
     vertex  7.166527e-02  3.246219e+00  0.000000e+00
   endloop
 endfacet
 facet normal -9.845454e-01 -1.751297e-01 -0.000000e+00
   outer loop
     vertex  7.166527e-02  3.246219e+00  1.800000e+01
     vertex  5.269391e-02  3.352872e+00  1.800000e+01
     vertex  7.166527e-02  3.246219e+00  0.000000e+00
   endloop
 endfacet
 facet normal -9.794419e-01 -2.017264e-01  0.000000e+00
   outer loop
     vertex  9.351778e-02  3.140118e+00  1.800000e+01
     vertex  7.166527e-02  3.246219e+00  1.800000e+01
     vertex  7.166527e-02  3.246219e+00  0.000000e+00
   endloop
 endfacet
 facet normal -9.794419e-01 -2.017264e-01 -0.000000e+00
   outer loop
     vertex  9.351778e-02  3.140118e+00  1.800000e+01
     vertex  7.166527e-02  3.246219e+00  0.000000e+00
     vertex  9.351778e-02  3.140118e+00  0.000000e+00
   endloop
 endfacet
 facet normal -9.736201e-01 -2.281751e-01  0.000000e+00
   outer loop
     vertex  1.182354e-01  3.034648e+00  1.800000e+01
     vertex  9.351778e-02  3.140118e+00  1.800000e+01
     vertex  9.351778e-02  3.140118e+00  0.000000e+00
   endloop
 endfacet
 facet normal -9.736201e-01 -2.281751e-01 -0.000000e+00
   outer loop
     vertex  1.182354e-01  3.034648e+00  1.800000e+01
     vertex  9.351778e-02  3.140118e+00  0.000000e+00
     vertex  1.182354e-01  3.034648e+00  0.000000e+00
   endloop
 endfacet
 facet normal -9.670842e-01 -2.544564e-01 -0.000000e+00
   outer loop
     vertex  1.182354e-01  3.034648e+00  1.800000e+01
     vertex  1.182354e-01  3.034648e+00  0.000000e+00
     vertex  1.458000e-01  2.929887e+00  0.000000e+00
   endloop
 endfacet
 facet normal -9.670842e-01 -2.544564e-01 -0.000000e+00
   outer loop
     vertex  1.458000e-01  2.929887e+00  1.800000e+01
     vertex  1.182354e-01  3.034648e+00  1.800000e+01
     vertex  1.458000e-01  2.929887e+00  0.000000e+00
   endloop
 endfacet
 facet normal -9.598391e-01 -2.805512e-01  0.000000e+00
   outer loop
     vertex  1.761914e-01  2.825910e+00  1.800000e+01
     vertex  1.458000e-01  2.929887e+00  1.800000e+01
     vertex  1.458000e-01  2.929887e+00  0.000000e+00
   endloop
 endfacet
 facet normal -9.598391e-01 -2.805512e-01 -0.000000e+00
   outer loop
     vertex  1.761914e-01  2.825910e+00  1.800000e+01
     vertex  1.458000e-01  2.929887e+00  0.000000e+00
     vertex  1.761914e-01  2.825910e+00  0.000000e+00
   endloop
 endfacet
 facet normal -9.518899e-01 -3.064401e-01  0.000000e+00
   outer loop
     vertex  2.093873e-01  2.722794e+00  1.800000e+01
     vertex  1.761914e-01  2.825910e+00  1.800000e+01
     vertex  1.761914e-01  2.825910e+00  0.000000e+00
   endloop
 endfacet
 facet normal -9.518899e-01 -3.064401e-01 -0.000000e+00
   outer loop
     vertex  2.093873e-01  2.722794e+00  1.800000e+01
     vertex  1.761914e-01  2.825910e+00  0.000000e+00
     vertex  2.093873e-01  2.722794e+00  0.000000e+00
   endloop
 endfacet
 facet normal -9.432426e-01 -3.321044e-01 -0.000000e+00
   outer loop
     vertex  2.093873e-01  2.722794e+00  1.800000e+01
     vertex  2.093873e-01  2.722794e+00  0.000000e+00
     vertex  2.453633e-01  2.620615e+00  0.000000e+00
   endloop
 endfacet
 facet normal -9.432426e-01 -3.321044e-01 -0.000000e+00
   outer loop
     vertex  2.453633e-01  2.620615e+00  1.800000e+01
     vertex  2.093873e-01  2.722794e+00  1.800000e+01
     vertex  2.453633e-01  2.620615e+00  0.000000e+00
   endloop
 endfacet
 facet normal -9.339036e-01 -3.575250e-01 -0.000000e+00
   outer loop
     vertex  2.840931e-01  2.519447e+00  1.800000e+01
     vertex  2.453633e-01  2.620615e+00  0.000000e+00
     vertex  2.840931e-01  2.519447e+00  0.000000e+00
   endloop
 endfacet
 facet normal -9.339036e-01 -3.575250e-01  0.000000e+00
   outer loop
     vertex  2.840931e-01  2.519447e+00  1.800000e+01
     vertex  2.453633e-01  2.620615e+00  1.800000e+01
     vertex  2.453633e-01  2.620615e+00  0.000000e+00
   endloop
 endfacet
 facet normal -9.238795e-01 -3.826834e-01 -0.000000e+00
   outer loop
     vertex  3.255482e-01  2.419366e+00  1.800000e+01
     vertex  2.840931e-01  2.519447e+00  0.000000e+00
     vertex  3.255482e-01  2.419366e+00  0.000000e+00
   endloop
 endfacet
 facet normal -9.131779e-01 -4.075612e-01 -0.000000e+00
   outer loop
     vertex  3.255482e-01  2.419366e+00  1.800000e+01
     vertex  3.255482e-01  2.419366e+00  0.000000e+00
     vertex  3.696983e-01  2.320444e+00  0.000000e+00
   endloop
 endfacet
 facet normal -9.238795e-01 -3.826834e-01  0.000000e+00
   outer loop
     vertex  3.255482e-01  2.419366e+00  1.800000e+01
     vertex  2.840931e-01  2.519447e+00  1.800000e+01
     vertex  2.840931e-01  2.519447e+00  0.000000e+00
   endloop
 endfacet
 facet normal -9.131779e-01 -4.075612e-01 -0.000000e+00
   outer loop
     vertex  3.696983e-01  2.320444e+00  1.800000e+01
     vertex  3.255482e-01  2.419366e+00  1.800000e+01
     vertex  3.696983e-01  2.320444e+00  0.000000e+00
   endloop
 endfacet
 facet normal -9.018065e-01 -4.321400e-01 -0.000000e+00
   outer loop
     vertex  4.165110e-01  2.222753e+00  1.800000e+01
     vertex  3.696983e-01  2.320444e+00  0.000000e+00
     vertex  4.165110e-01  2.222753e+00  0.000000e+00
   endloop
 endfacet
 facet normal -9.018065e-01 -4.321400e-01  0.000000e+00
   outer loop
     vertex  4.165110e-01  2.222753e+00  1.800000e+01
     vertex  3.696983e-01  2.320444e+00  1.800000e+01
     vertex  3.696983e-01  2.320444e+00  0.000000e+00
   endloop
 endfacet
 facet normal -8.897737e-01 -4.564019e-01 -0.000000e+00
   outer loop
     vertex  4.659518e-01  2.126366e+00  1.800000e+01
     vertex  4.165110e-01  2.222753e+00  0.000000e+00
     vertex  4.659518e-01  2.126366e+00  0.000000e+00
   endloop
 endfacet
 facet normal -8.897737e-01 -4.564019e-01  0.000000e+00
   outer loop
     vertex  4.659518e-01  2.126366e+00  1.800000e+01
     vertex  4.165110e-01  2.222753e+00  1.800000e+01
     vertex  4.165110e-01  2.222753e+00  0.000000e+00
   endloop
 endfacet
 facet normal -8.770884e-01 -4.803291e-01 -0.000000e+00
   outer loop
     vertex  5.179847e-01  2.031353e+00  1.800000e+01
     vertex  4.659518e-01  2.126366e+00  0.000000e+00
     vertex  5.179847e-01  2.031353e+00  0.000000e+00
   endloop
 endfacet
 facet normal -8.637597e-01 -5.039039e-01 -0.000000e+00
   outer loop
     vertex  5.179847e-01  2.031353e+00  1.800000e+01
     vertex  5.179847e-01  2.031353e+00  0.000000e+00
     vertex  5.725713e-01  1.937785e+00  0.000000e+00
   endloop
 endfacet
 facet normal -8.770884e-01 -4.803291e-01  0.000000e+00
   outer loop
     vertex  5.179847e-01  2.031353e+00  1.800000e+01
     vertex  4.659518e-01  2.126366e+00  1.800000e+01
     vertex  4.659518e-01  2.126366e+00  0.000000e+00
   endloop
 endfacet
 facet normal -8.637597e-01 -5.039039e-01 -0.000000e+00
   outer loop
     vertex  5.725713e-01  1.937785e+00  1.800000e+01
     vertex  5.179847e-01  2.031353e+00  1.800000e+01
     vertex  5.725713e-01  1.937785e+00  0.000000e+00
   endloop
 endfacet
 facet normal -8.497975e-01 -5.271092e-01  0.000000e+00
   outer loop
     vertex  6.296717e-01  1.845728e+00  1.800000e+01
     vertex  5.725713e-01  1.937785e+00  1.800000e+01
     vertex  5.725713e-01  1.937785e+00  0.000000e+00
   endloop
 endfacet
 facet normal -8.497975e-01 -5.271092e-01 -0.000000e+00
   outer loop
     vertex  6.296717e-01  1.845728e+00  1.800000e+01
     vertex  5.725713e-01  1.937785e+00  0.000000e+00
     vertex  6.296717e-01  1.845728e+00  0.000000e+00
   endloop
 endfacet
 facet normal -8.352121e-01 -5.499279e-01  0.000000e+00
   outer loop
     vertex  6.892440e-01  1.755252e+00  1.800000e+01
     vertex  6.296717e-01  1.845728e+00  1.800000e+01
     vertex  6.296717e-01  1.845728e+00  0.000000e+00
   endloop
 endfacet
 facet normal -8.352121e-01 -5.499279e-01 -0.000000e+00
   outer loop
     vertex  6.892440e-01  1.755252e+00  1.800000e+01
     vertex  6.296717e-01  1.845728e+00  0.000000e+00
     vertex  6.892440e-01  1.755252e+00  0.000000e+00
   endloop
 endfacet
 facet normal -8.200141e-01 -5.723433e-01  0.000000e+00
   outer loop
     vertex  7.512445e-01  1.666422e+00  1.800000e+01
     vertex  6.892440e-01  1.755252e+00  1.800000e+01
     vertex  6.892440e-01  1.755252e+00  0.000000e+00
   endloop
 endfacet
 facet normal -8.200141e-01 -5.723433e-01 -0.000000e+00
   outer loop
     vertex  7.512445e-01  1.666422e+00  1.800000e+01
     vertex  6.892440e-01  1.755252e+00  0.000000e+00
     vertex  7.512445e-01  1.666422e+00  0.000000e+00
   endloop
 endfacet
 facet normal -8.042147e-01 -5.943389e-01  0.000000e+00
   outer loop
     vertex  8.156277e-01  1.579303e+00  1.800000e+01
     vertex  7.512445e-01  1.666422e+00  1.800000e+01
     vertex  7.512445e-01  1.666422e+00  0.000000e+00
   endloop
 endfacet
 facet normal -8.042147e-01 -5.943389e-01 -0.000000e+00
   outer loop
     vertex  8.156277e-01  1.579303e+00  1.800000e+01
     vertex  7.512445e-01  1.666422e+00  0.000000e+00
     vertex  8.156277e-01  1.579303e+00  0.000000e+00
   endloop
 endfacet
 facet normal -7.878255e-01 -6.158986e-01 -0.000000e+00
   outer loop
     vertex  8.156277e-01  1.579303e+00  1.800000e+01
     vertex  8.156277e-01  1.579303e+00  0.000000e+00
     vertex  8.823465e-01  1.493960e+00  0.000000e+00
   endloop
 endfacet
 facet normal -7.878255e-01 -6.158986e-01 -0.000000e+00
   outer loop
     vertex  8.823465e-01  1.493960e+00  1.800000e+01
     vertex  8.156277e-01  1.579303e+00  1.800000e+01
     vertex  8.823465e-01  1.493960e+00  0.000000e+00
   endloop
 endfacet
 facet normal -7.708584e-01 -6.370065e-01  0.000000e+00
   outer loop
     vertex  9.513518e-01  1.410455e+00  1.800000e+01
     vertex  8.823465e-01  1.493960e+00  1.800000e+01
     vertex  8.823465e-01  1.493960e+00  0.000000e+00
   endloop
 endfacet
 facet normal -7.708584e-01 -6.370065e-01 -0.000000e+00
   outer loop
     vertex  9.513518e-01  1.410455e+00  1.800000e+01
     vertex  8.823465e-01  1.493960e+00  0.000000e+00
     vertex  9.513518e-01  1.410455e+00  0.000000e+00
   endloop
 endfacet
 facet normal -7.533260e-01 -6.576473e-01  0.000000e+00
   outer loop
     vertex  1.022593e+00  1.328849e+00  1.800000e+01
     vertex  9.513518e-01  1.410455e+00  1.800000e+01
     vertex  9.513518e-01  1.410455e+00  0.000000e+00
   endloop
 endfacet
 facet normal -7.533260e-01 -6.576473e-01 -0.000000e+00
   outer loop
     vertex  1.022593e+00  1.328849e+00  1.800000e+01
     vertex  9.513518e-01  1.410455e+00  0.000000e+00
     vertex  1.022593e+00  1.328849e+00  0.000000e+00
   endloop
 endfacet
 facet normal -7.352410e-01 -6.778058e-01 -0.000000e+00
   outer loop
     vertex  1.022593e+00  1.328849e+00  1.800000e+01
     vertex  1.022593e+00  1.328849e+00  0.000000e+00
     vertex  1.096018e+00  1.249202e+00  0.000000e+00
   endloop
 endfacet
 facet normal -7.352410e-01 -6.778058e-01 -0.000000e+00
   outer loop
     vertex  1.096018e+00  1.249202e+00  1.800000e+01
     vertex  1.022593e+00  1.328849e+00  1.800000e+01
     vertex  1.096018e+00  1.249202e+00  0.000000e+00
   endloop
 endfacet
 facet normal -7.166168e-01 -6.974671e-01  0.000000e+00
   outer loop
     vertex  1.171573e+00  1.171573e+00  1.800000e+01
     vertex  1.096018e+00  1.249202e+00  1.800000e+01
     vertex  1.096018e+00  1.249202e+00  0.000000e+00
   endloop
 endfacet
 facet normal -7.166168e-01 -6.974671e-01 -0.000000e+00
   outer loop
     vertex  1.171573e+00  1.171573e+00  1.800000e+01
     vertex  1.096018e+00  1.249202e+00  0.000000e+00
     vertex  1.171573e+00  1.171573e+00  0.000000e+00
   endloop
 endfacet
 facet normal -6.974671e-01 -7.166168e-01 -0.000000e+00
   outer loop
     vertex  1.171573e+00  1.171573e+00  1.800000e+01
     vertex  1.171573e+00  1.171573e+00  0.000000e+00
     vertex  1.249202e+00  1.096018e+00  0.000000e+00
   endloop
 endfacet
 facet normal -6.974671e-01 -7.166168e-01 -0.000000e+00
   outer loop
     vertex  1.249202e+00  1.096018e+00  1.800000e+01
     vertex  1.171573e+00  1.171573e+00  1.800000e+01
     vertex  1.249202e+00  1.096018e+00  0.000000e+00
   endloop
 endfacet
 facet normal -6.778058e-01 -7.352410e-01  0.000000e+00
   outer loop
     vertex  1.328849e+00  1.022593e+00  1.800000e+01
     vertex  1.249202e+00  1.096018e+00  1.800000e+01
     vertex  1.249202e+00  1.096018e+00  0.000000e+00
   endloop
 endfacet
 facet normal -6.778058e-01 -7.352410e-01 -0.000000e+00
   outer loop
     vertex  1.328849e+00  1.022593e+00  1.800000e+01
     vertex  1.249202e+00  1.096018e+00  0.000000e+00
     vertex  1.328849e+00  1.022593e+00  0.000000e+00
   endloop
 endfacet
 facet normal -6.576473e-01 -7.533260e-01  0.000000e+00
   outer loop
     vertex  1.410455e+00  9.513518e-01  1.800000e+01
     vertex  1.328849e+00  1.022593e+00  1.800000e+01
     vertex  1.328849e+00  1.022593e+00  0.000000e+00
   endloop
 endfacet
 facet normal -6.576473e-01 -7.533260e-01 -0.000000e+00
   outer loop
     vertex  1.410455e+00  9.513518e-01  1.800000e+01
     vertex  1.328849e+00  1.022593e+00  0.000000e+00
     vertex  1.410455e+00  9.513518e-01  0.000000e+00
   endloop
 endfacet
 facet normal -6.370065e-01 -7.708584e-01  0.000000e+00
   outer loop
     vertex  1.493960e+00  8.823465e-01  1.800000e+01
     vertex  1.410455e+00  9.513518e-01  1.800000e+01
     vertex  1.410455e+00  9.513518e-01  0.000000e+00
   endloop
 endfacet
 facet normal -6.370065e-01 -7.708584e-01 -0.000000e+00
   outer loop
     vertex  1.493960e+00  8.823465e-01  1.800000e+01
     vertex  1.410455e+00  9.513518e-01  0.000000e+00
     vertex  1.493960e+00  8.823465e-01  0.000000e+00
   endloop
 endfacet
 facet normal -6.158986e-01 -7.878255e-01  0.000000e+00
   outer loop
     vertex  1.579303e+00  8.156277e-01  1.800000e+01
     vertex  1.493960e+00  8.823465e-01  1.800000e+01
     vertex  1.493960e+00  8.823465e-01  0.000000e+00
   endloop
 endfacet
 facet normal -6.158986e-01 -7.878255e-01 -0.000000e+00
   outer loop
     vertex  1.579303e+00  8.156277e-01  1.800000e+01
     vertex  1.493960e+00  8.823465e-01  0.000000e+00
     vertex  1.579303e+00  8.156277e-01  0.000000e+00
   endloop
 endfacet
 facet normal -5.943389e-01 -8.042147e-01  0.000000e+00
   outer loop
     vertex  1.666422e+00  7.512445e-01  1.800000e+01
     vertex  1.579303e+00  8.156277e-01  1.800000e+01
     vertex  1.579303e+00  8.156277e-01  0.000000e+00
   endloop
 endfacet
 facet normal -5.943389e-01 -8.042147e-01 -0.000000e+00
   outer loop
     vertex  1.666422e+00  7.512445e-01  1.800000e+01
     vertex  1.579303e+00  8.156277e-01  0.000000e+00
     vertex  1.666422e+00  7.512445e-01  0.000000e+00
   endloop
 endfacet
 facet normal -5.723433e-01 -8.200141e-01  0.000000e+00
   outer loop
     vertex  1.755252e+00  6.892440e-01  1.800000e+01
     vertex  1.666422e+00  7.512445e-01  1.800000e+01
     vertex  1.666422e+00  7.512445e-01  0.000000e+00
   endloop
 endfacet
 facet normal -5.723433e-01 -8.200141e-01 -0.000000e+00
   outer loop
     vertex  1.755252e+00  6.892440e-01  1.800000e+01
     vertex  1.666422e+00  7.512445e-01  0.000000e+00
     vertex  1.755252e+00  6.892440e-01  0.000000e+00
   endloop
 endfacet
 facet normal -5.499279e-01 -8.352121e-01  0.000000e+00
   outer loop
     vertex  1.845728e+00  6.296717e-01  1.800000e+01
     vertex  1.755252e+00  6.892440e-01  1.800000e+01
     vertex  1.755252e+00  6.892440e-01  0.000000e+00
   endloop
 endfacet
 facet normal -5.499279e-01 -8.352121e-01 -0.000000e+00
   outer loop
     vertex  1.845728e+00  6.296717e-01  1.800000e+01
     vertex  1.755252e+00  6.892440e-01  0.000000e+00
     vertex  1.845728e+00  6.296717e-01  0.000000e+00
   endloop
 endfacet
 facet normal -5.271092e-01 -8.497975e-01  0.000000e+00
   outer loop
     vertex  1.937785e+00  5.725713e-01  1.800000e+01
     vertex  1.845728e+00  6.296717e-01  1.800000e+01
     vertex  1.845728e+00  6.296717e-01  0.000000e+00
   endloop
 endfacet
 facet normal -5.271092e-01 -8.497975e-01 -0.000000e+00
   outer loop
     vertex  1.937785e+00  5.725713e-01  1.800000e+01
     vertex  1.845728e+00  6.296717e-01  0.000000e+00
     vertex  1.937785e+00  5.725713e-01  0.000000e+00
   endloop
 endfacet
 facet normal -5.039039e-01 -8.637597e-01  0.000000e+00
   outer loop
     vertex  2.031353e+00  5.179847e-01  1.800000e+01
     vertex  1.937785e+00  5.725713e-01  1.800000e+01
     vertex  1.937785e+00  5.725713e-01  0.000000e+00
   endloop
 endfacet
 facet normal -5.039039e-01 -8.637597e-01 -0.000000e+00
   outer loop
     vertex  2.031353e+00  5.179847e-01  1.800000e+01
     vertex  1.937785e+00  5.725713e-01  0.000000e+00
     vertex  2.031353e+00  5.179847e-01  0.000000e+00
   endloop
 endfacet
 facet normal -4.803291e-01 -8.770884e-01  0.000000e+00
   outer loop
     vertex  2.126366e+00  4.659518e-01  1.800000e+01
     vertex  2.031353e+00  5.179847e-01  1.800000e+01
     vertex  2.031353e+00  5.179847e-01  0.000000e+00
   endloop
 endfacet
 facet normal -4.803291e-01 -8.770884e-01 -0.000000e+00
   outer loop
     vertex  2.126366e+00  4.659518e-01  1.800000e+01
     vertex  2.031353e+00  5.179847e-01  0.000000e+00
     vertex  2.126366e+00  4.659518e-01  0.000000e+00
   endloop
 endfacet
 facet normal -4.564019e-01 -8.897737e-01  0.000000e+00
   outer loop
     vertex  2.222753e+00  4.165110e-01  1.800000e+01
     vertex  2.126366e+00  4.659518e-01  1.800000e+01
     vertex  2.126366e+00  4.659518e-01  0.000000e+00
   endloop
 endfacet
 facet normal -4.564019e-01 -8.897737e-01 -0.000000e+00
   outer loop
     vertex  2.222753e+00  4.165110e-01  1.800000e+01
     vertex  2.126366e+00  4.659518e-01  0.000000e+00
     vertex  2.222753e+00  4.165110e-01  0.000000e+00
   endloop
 endfacet
 facet normal -4.321400e-01 -9.018065e-01 -0.000000e+00
   outer loop
     vertex  2.320444e+00  3.696983e-01  1.800000e+01
     vertex  2.222753e+00  4.165110e-01  0.000000e+00
     vertex  2.320444e+00  3.696983e-01  0.000000e+00
   endloop
 endfacet
 facet normal -4.321400e-01 -9.018065e-01  0.000000e+00
   outer loop
     vertex  2.320444e+00  3.696983e-01  1.800000e+01
     vertex  2.222753e+00  4.165110e-01  1.800000e+01
     vertex  2.222753e+00  4.165110e-01  0.000000e+00
   endloop
 endfacet
 facet normal -4.075612e-01 -9.131779e-01 -0.000000e+00
   outer loop
     vertex  2.419366e+00  3.255482e-01  1.800000e+01
     vertex  2.320444e+00  3.696983e-01  0.000000e+00
     vertex  2.419366e+00  3.255482e-01  0.000000e+00
   endloop
 endfacet
 facet normal -4.075612e-01 -9.131779e-01  0.000000e+00
   outer loop
     vertex  2.419366e+00  3.255482e-01  1.800000e+01
     vertex  2.320444e+00  3.696983e-01  1.800000e+01
     vertex  2.320444e+00  3.696983e-01  0.000000e+00
   endloop
 endfacet
 facet normal -3.826834e-01 -9.238795e-01 -0.000000e+00
   outer loop
     vertex  2.519447e+00  2.840931e-01  1.800000e+01
     vertex  2.419366e+00  3.255482e-01  0.000000e+00
     vertex  2.519447e+00  2.840931e-01  0.000000e+00
   endloop
 endfacet
 facet normal -3.826834e-01 -9.238795e-01  0.000000e+00
   outer loop
     vertex  2.519447e+00  2.840931e-01  1.800000e+01
     vertex  2.419366e+00  3.255482e-01  1.800000e+01
     vertex  2.419366e+00  3.255482e-01  0.000000e+00
   endloop
 endfacet
 facet normal -3.575250e-01 -9.339036e-01  0.000000e+00
   outer loop
     vertex  2.620615e+00  2.453633e-01  1.800000e+01
     vertex  2.519447e+00  2.840931e-01  1.800000e+01
     vertex  2.519447e+00  2.840931e-01  0.000000e+00
   endloop
 endfacet
 facet normal -3.575250e-01 -9.339036e-01 -0.000000e+00
   outer loop
     vertex  2.620615e+00  2.453633e-01  1.800000e+01
     vertex  2.519447e+00  2.840931e-01  0.000000e+00
     vertex  2.620615e+00  2.453633e-01  0.000000e+00
   endloop
 endfacet
 facet normal -3.321044e-01 -9.432426e-01  0.000000e+00
   outer loop
     vertex  2.722794e+00  2.093873e-01  1.800000e+01
     vertex  2.620615e+00  2.453633e-01  1.800000e+01
     vertex  2.620615e+00  2.453633e-01  0.000000e+00
   endloop
 endfacet
 facet normal -3.321044e-01 -9.432426e-01 -0.000000e+00
   outer loop
     vertex  2.722794e+00  2.093873e-01  1.800000e+01
     vertex  2.620615e+00  2.453633e-01  0.000000e+00
     vertex  2.722794e+00  2.093873e-01  0.000000e+00
   endloop
 endfacet
 facet normal -3.064401e-01 -9.518899e-01 -0.000000e+00
   outer loop
     vertex  2.825910e+00  1.761914e-01  1.800000e+01
     vertex  2.722794e+00  2.093873e-01  0.000000e+00
     vertex  2.825910e+00  1.761914e-01  0.000000e+00
   endloop
 endfacet
 facet normal -3.064401e-01 -9.518899e-01  0.000000e+00
   outer loop
     vertex  2.825910e+00  1.761914e-01  1.800000e+01
     vertex  2.722794e+00  2.093873e-01  1.800000e+01
     vertex  2.722794e+00  2.093873e-01  0.000000e+00
   endloop
 endfacet
 facet normal -2.805512e-01 -9.598391e-01 -0.000000e+00
   outer loop
     vertex  2.929887e+00  1.458000e-01  1.800000e+01
     vertex  2.825910e+00  1.761914e-01  0.000000e+00
     vertex  2.929887e+00  1.458000e-01  0.000000e+00
   endloop
 endfacet
 facet normal -2.544564e-01 -9.670842e-01 -0.000000e+00
   outer loop
     vertex  2.929887e+00  1.458000e-01  1.800000e+01
     vertex  2.929887e+00  1.458000e-01  0.000000e+00
     vertex  3.034648e+00  1.182354e-01  0.000000e+00
   endloop
 endfacet
 facet normal -2.805512e-01 -9.598391e-01  0.000000e+00
   outer loop
     vertex  2.929887e+00  1.458000e-01  1.800000e+01
     vertex  2.825910e+00  1.761914e-01  1.800000e+01
     vertex  2.825910e+00  1.761914e-01  0.000000e+00
   endloop
 endfacet
 facet normal -2.544564e-01 -9.670842e-01 -0.000000e+00
   outer loop
     vertex  3.034648e+00  1.182354e-01  1.800000e+01
     vertex  2.929887e+00  1.458000e-01  1.800000e+01
     vertex  3.034648e+00  1.182354e-01  0.000000e+00
   endloop
 endfacet
 facet normal -2.281751e-01 -9.736201e-01 -0.000000e+00
   outer loop
     vertex  3.140118e+00  9.351778e-02  1.800000e+01
     vertex  3.034648e+00  1.182354e-01  0.000000e+00
     vertex  3.140118e+00  9.351778e-02  0.000000e+00
   endloop
 endfacet
 facet normal -2.281751e-01 -9.736201e-01  0.000000e+00
   outer loop
     vertex  3.140118e+00  9.351778e-02  1.800000e+01
     vertex  3.034648e+00  1.182354e-01  1.800000e+01
     vertex  3.034648e+00  1.182354e-01  0.000000e+00
   endloop
 endfacet
 facet normal -2.017264e-01 -9.794419e-01 -0.000000e+00
   outer loop
     vertex  3.246219e+00  7.166527e-02  1.800000e+01
     vertex  3.140118e+00  9.351778e-02  0.000000e+00
     vertex  3.246219e+00  7.166527e-02  0.000000e+00
   endloop
 endfacet
 facet normal -2.017264e-01 -9.794419e-01  0.000000e+00
   outer loop
     vertex  3.246219e+00  7.166527e-02  1.800000e+01
     vertex  3.140118e+00  9.351778e-02  1.800000e+01
     vertex  3.140118e+00  9.351778e-02  0.000000e+00
   endloop
 endfacet
 facet normal -1.751297e-01 -9.845454e-01 -0.000000e+00
   outer loop
     vertex  3.352872e+00  5.269391e-02  1.800000e+01
     vertex  3.246219e+00  7.166527e-02  0.000000e+00
     vertex  3.352872e+00  5.269391e-02  0.000000e+00
   endloop
 endfacet
 facet normal -1.484046e-01 -9.889267e-01 -0.000000e+00
   outer loop
     vertex  3.352872e+00  5.269391e-02  1.800000e+01
     vertex  3.352872e+00  5.269391e-02  0.000000e+00
     vertex  3.460000e+00  3.661761e-02  0.000000e+00
   endloop
 endfacet
 facet normal -1.751297e-01 -9.845454e-01  0.000000e+00
   outer loop
     vertex  3.352872e+00  5.269391e-02  1.800000e+01
     vertex  3.246219e+00  7.166527e-02  1.800000e+01
     vertex  3.246219e+00  7.166527e-02  0.000000e+00
   endloop
 endfacet
 facet normal -1.484046e-01 -9.889267e-01 -0.000000e+00
   outer loop
     vertex  3.460000e+00  3.661761e-02  1.800000e+01
     vertex  3.352872e+00  5.269391e-02  1.800000e+01
     vertex  3.460000e+00  3.661761e-02  0.000000e+00
   endloop
 endfacet
 facet normal -1.215707e-01 -9.925828e-01 -0.000000e+00
   outer loop
     vertex  3.567524e+00  2.344817e-02  1.800000e+01
     vertex  3.460000e+00  3.661761e-02  0.000000e+00
     vertex  3.567524e+00  2.344817e-02  0.000000e+00
   endloop
 endfacet
 facet normal -9.464755e-02 -9.955108e-01 -0.000000e+00
   outer loop
     vertex  3.567524e+00  2.344817e-02  1.800000e+01
     vertex  3.567524e+00  2.344817e-02  0.000000e+00
     vertex  3.675365e+00  1.319524e-02  0.000000e+00
   endloop
 endfacet
 facet normal -1.215707e-01 -9.925828e-01  0.000000e+00
   outer loop
     vertex  3.567524e+00  2.344817e-02  1.800000e+01
     vertex  3.460000e+00  3.661761e-02  1.800000e+01
     vertex  3.460000e+00  3.661761e-02  0.000000e+00
   endloop
 endfacet
 facet normal -9.464755e-02 -9.955108e-01 -0.000000e+00
   outer loop
     vertex  3.675365e+00  1.319524e-02  1.800000e+01
     vertex  3.567524e+00  2.344817e-02  1.800000e+01
     vertex  3.675365e+00  1.319524e-02  0.000000e+00
   endloop
 endfacet
 facet normal -6.765502e-02 -9.977088e-01 -0.000000e+00
   outer loop
     vertex  3.783444e+00  5.866345e-03  1.800000e+01
     vertex  3.675365e+00  1.319524e-02  0.000000e+00
     vertex  3.783444e+00  5.866345e-03  0.000000e+00
   endloop
 endfacet
 facet normal -6.765502e-02 -9.977088e-01  0.000000e+00
   outer loop
     vertex  3.783444e+00  5.866345e-03  1.800000e+01
     vertex  3.675365e+00  1.319524e-02  1.800000e+01
     vertex  3.675365e+00  1.319524e-02  0.000000e+00
   endloop
 endfacet
 facet normal -4.061287e-02 -9.991750e-01 -0.000000e+00
   outer loop
     vertex  3.891682e+00  1.466855e-03  1.800000e+01
     vertex  3.783444e+00  5.866345e-03  0.000000e+00
     vertex  3.891682e+00  1.466855e-03  0.000000e+00
   endloop
 endfacet
 facet normal -4.061287e-02 -9.991750e-01  0.000000e+00
   outer loop
     vertex  3.891682e+00  1.466855e-03  1.800000e+01
     vertex  3.783444e+00  5.866345e-03  1.800000e+01
     vertex  3.783444e+00  5.866345e-03  0.000000e+00
   endloop
 endfacet
 facet normal -1.354093e-02 -9.999083e-01 -0.000000e+00
   outer loop
     vertex  4.000000e+00  0.000000e+00  1.800000e+01
     vertex  3.891682e+00  1.466855e-03  0.000000e+00
     vertex  4.000000e+00  0.000000e+00  0.000000e+00
   endloop
 endfacet
 facet normal -1.354093e-02 -9.999083e-01  0.000000e+00
   outer loop
     vertex  4.000000e+00  0.000000e+00  1.800000e+01
     vertex  3.891682e+00  1.466855e-03  1.800000e+01
     vertex  3.891682e+00  1.466855e-03  0.000000e+00
   endloop
 endfacet
 facet normal  0.000000e+00  0.000000e+00  1.000000e+00
   outer loop
     vertex  9.513518e-01  1.410455e+00  1.800000e+01
     vertex  1.022593e+00  1.328849e+00  1.800000e+01
     vertex  1.096018e+00  1.249202e+00  1.800000e+01
   endloop
 endfacet
 facet normal  0.000000e+00  0.000000e+00  1.000000e+00
   outer loop
     vertex  9.513518e-01  1.410455e+00  1.800000e+01
     vertex  1.096018e+00  1.249202e+00  1.800000e+01
     vertex  1.171573e+00  1.171573e+00  1.800000e+01
   endloop
 endfacet
 facet normal  0.000000e+00  0.000000e+00  1.000000e+00
   outer loop
     vertex  1.410455e+00  9.513518e-01  1.800000e+01
     vertex  1.171573e+00  1.171573e+00  1.800000e+01
     vertex  1.249202e+00  1.096018e+00  1.800000e+01
   endloop
 endfacet
 facet normal  0.000000e+00  0.000000e+00  1.000000e+00
   outer loop
     vertex  1.410455e+00  9.513518e-01  1.800000e+01
     vertex  1.249202e+00  1.096018e+00  1.800000e+01
     vertex  1.328849e+00  1.022593e+00  1.800000e+01
   endloop
 endfacet
 facet normal  0.000000e+00  0.000000e+00  1.000000e+00
   outer loop
     vertex  8.823465e-01  1.493960e+00  1.800000e+01
     vertex  9.513518e-01  1.410455e+00  1.800000e+01
     vertex  1.171573e+00  1.171573e+00  1.800000e+01
   endloop
 endfacet
 facet normal  0.000000e+00  0.000000e+00  1.000000e+00
   outer loop
     vertex  1.579303e+00  8.156277e-01  1.800000e+01
     vertex  1.410455e+00  9.513518e-01  1.800000e+01
     vertex  1.493960e+00  8.823465e-01  1.800000e+01
   endloop
 endfacet
 facet normal  0.000000e+00  0.000000e+00  1.000000e+00
   outer loop
     vertex  6.892440e-01  1.755252e+00  1.800000e+01
     vertex  7.512445e-01  1.666422e+00  1.800000e+01
     vertex  8.156277e-01  1.579303e+00  1.800000e+01
   endloop
 endfacet
 facet normal  0.000000e+00  0.000000e+00  1.000000e+00
   outer loop
     vertex  6.892440e-01  1.755252e+00  1.800000e+01
     vertex  8.156277e-01  1.579303e+00  1.800000e+01
     vertex  8.823465e-01  1.493960e+00  1.800000e+01
   endloop
 endfacet
 facet normal  0.000000e+00  0.000000e+00  1.000000e+00
   outer loop
     vertex  1.755252e+00  6.892440e-01  1.800000e+01
     vertex  1.579303e+00  8.156277e-01  1.800000e+01
     vertex  1.666422e+00  7.512445e-01  1.800000e+01
   endloop
 endfacet
 facet normal  0.000000e+00  0.000000e+00  1.000000e+00
   outer loop
     vertex  6.296717e-01  1.845728e+00  1.800000e+01
     vertex  8.823465e-01  1.493960e+00  1.800000e+01
     vertex  1.171573e+00  1.171573e+00  1.800000e+01
   endloop
 endfacet
 facet normal  0.000000e+00  0.000000e+00  1.000000e+00
   outer loop
     vertex  6.296717e-01  1.845728e+00  1.800000e+01
     vertex  6.892440e-01  1.755252e+00  1.800000e+01
     vertex  8.823465e-01  1.493960e+00  1.800000e+01
   endloop
 endfacet
 facet normal  0.000000e+00  0.000000e+00  1.000000e+00
   outer loop
     vertex  1.845728e+00  6.296717e-01  1.800000e+01
     vertex  1.579303e+00  8.156277e-01  1.800000e+01
     vertex  1.755252e+00  6.892440e-01  1.800000e+01
   endloop
 endfacet
 facet normal  0.000000e+00  0.000000e+00  1.000000e+00
   outer loop
     vertex  5.179847e-01  2.031353e+00  1.800000e+01
     vertex  5.725713e-01  1.937785e+00  1.800000e+01
     vertex  6.296717e-01  1.845728e+00  1.800000e+01
   endloop
 endfacet
 facet normal  0.000000e+00  0.000000e+00  1.000000e+00
   outer loop
     vertex  2.031353e+00  5.179847e-01  1.800000e+01
     vertex  1.845728e+00  6.296717e-01  1.800000e+01
     vertex  1.937785e+00  5.725713e-01  1.800000e+01
   endloop
 endfacet
 facet normal  0.000000e+00  0.000000e+00  1.000000e+00
   outer loop
     vertex  2.031353e+00  5.179847e-01  1.800000e+01
     vertex  1.410455e+00  9.513518e-01  1.800000e+01
     vertex  1.579303e+00  8.156277e-01  1.800000e+01
   endloop
 endfacet
 facet normal  0.000000e+00  0.000000e+00  1.000000e+00
   outer loop
     vertex  2.031353e+00  5.179847e-01  1.800000e+01
     vertex  1.579303e+00  8.156277e-01  1.800000e+01
     vertex  1.845728e+00  6.296717e-01  1.800000e+01
   endloop
 endfacet
 facet normal  0.000000e+00  0.000000e+00  1.000000e+00
   outer loop
     vertex  4.659518e-01  2.126366e+00  1.800000e+01
     vertex  5.179847e-01  2.031353e+00  1.800000e+01
     vertex  6.296717e-01  1.845728e+00  1.800000e+01
   endloop
 endfacet
 facet normal  0.000000e+00  0.000000e+00  1.000000e+00
   outer loop
     vertex  4.165110e-01  2.222753e+00  1.800000e+01
     vertex  1.171573e+00  1.171573e+00  1.800000e+01
     vertex  1.410455e+00  9.513518e-01  1.800000e+01
   endloop
 endfacet
 facet normal  0.000000e+00  0.000000e+00  1.000000e+00
   outer loop
     vertex  4.165110e-01  2.222753e+00  1.800000e+01
     vertex  6.296717e-01  1.845728e+00  1.800000e+01
     vertex  1.171573e+00  1.171573e+00  1.800000e+01
   endloop
 endfacet
 facet normal  0.000000e+00  0.000000e+00  1.000000e+00
   outer loop
     vertex  4.165110e-01  2.222753e+00  1.800000e+01
     vertex  4.659518e-01  2.126366e+00  1.800000e+01
     vertex  6.296717e-01  1.845728e+00  1.800000e+01
   endloop
 endfacet
 facet normal  0.000000e+00  0.000000e+00  1.000000e+00
   outer loop
     vertex  2.222753e+00  4.165110e-01  1.800000e+01
     vertex  2.031353e+00  5.179847e-01  1.800000e+01
     vertex  2.126366e+00  4.659518e-01  1.800000e+01
   endloop
 endfacet
 facet normal  0.000000e+00  0.000000e+00  1.000000e+00
   outer loop
     vertex  2.320444e+00  3.696983e-01  1.800000e+01
     vertex  2.031353e+00  5.179847e-01  1.800000e+01
     vertex  2.222753e+00  4.165110e-01  1.800000e+01
   endloop
 endfacet
 facet normal  0.000000e+00  0.000000e+00  1.000000e+00
   outer loop
     vertex  3.255482e-01  2.419366e+00  1.800000e+01
     vertex  3.696983e-01  2.320444e+00  1.800000e+01
     vertex  4.165110e-01  2.222753e+00  1.800000e+01
   endloop
 endfacet
 facet normal  0.000000e+00  0.000000e+00  1.000000e+00
   outer loop
     vertex  2.519447e+00  2.840931e-01  1.800000e+01
     vertex  2.320444e+00  3.696983e-01  1.800000e+01
     vertex  2.419366e+00  3.255482e-01  1.800000e+01
   endloop
 endfacet
 facet normal  0.000000e+00  0.000000e+00  1.000000e+00
   outer loop
     vertex  2.519447e+00  2.840931e-01  1.800000e+01
     vertex  2.031353e+00  5.179847e-01  1.800000e+01
     vertex  2.320444e+00  3.696983e-01  1.800000e+01
   endloop
 endfacet
 facet normal  0.000000e+00  0.000000e+00  1.000000e+00
   outer loop
     vertex  2.453633e-01  2.620615e+00  1.800000e+01
     vertex  2.840931e-01  2.519447e+00  1.800000e+01
     vertex  3.255482e-01  2.419366e+00  1.800000e+01
   endloop
 endfacet
 facet normal  0.000000e+00  0.000000e+00  1.000000e+00
   outer loop
     vertex  2.093873e-01  2.722794e+00  1.800000e+01
     vertex  2.453633e-01  2.620615e+00  1.800000e+01
     vertex  3.255482e-01  2.419366e+00  1.800000e+01
   endloop
 endfacet
 facet normal  0.000000e+00  0.000000e+00  1.000000e+00
   outer loop
     vertex  1.761914e-01  2.825910e+00  1.800000e+01
     vertex  2.093873e-01  2.722794e+00  1.800000e+01
     vertex  3.255482e-01  2.419366e+00  1.800000e+01
   endloop
 endfacet
 facet normal  0.000000e+00  0.000000e+00  1.000000e+00
   outer loop
     vertex  1.761914e-01  2.825910e+00  1.800000e+01
     vertex  3.255482e-01  2.419366e+00  1.800000e+01
     vertex  4.165110e-01  2.222753e+00  1.800000e+01
   endloop
 endfacet
 facet normal  0.000000e+00  0.000000e+00  1.000000e+00
   outer loop
     vertex  2.825910e+00  1.761914e-01  1.800000e+01
     vertex  2.519447e+00  2.840931e-01  1.800000e+01
     vertex  2.620615e+00  2.453633e-01  1.800000e+01
   endloop
 endfacet
 facet normal  0.000000e+00  0.000000e+00  1.000000e+00
   outer loop
     vertex  2.825910e+00  1.761914e-01  1.800000e+01
     vertex  2.620615e+00  2.453633e-01  1.800000e+01
     vertex  2.722794e+00  2.093873e-01  1.800000e+01
   endloop
 endfacet
 facet normal  0.000000e+00  0.000000e+00  1.000000e+00
   outer loop
     vertex  3.034648e+00  1.182354e-01  1.800000e+01
     vertex  2.825910e+00  1.761914e-01  1.800000e+01
     vertex  2.929887e+00  1.458000e-01  1.800000e+01
   endloop
 endfacet
 facet normal  0.000000e+00  0.000000e+00  1.000000e+00
   outer loop
     vertex  3.034648e+00  1.182354e-01  1.800000e+01
     vertex  2.519447e+00  2.840931e-01  1.800000e+01
     vertex  2.825910e+00  1.761914e-01  1.800000e+01
   endloop
 endfacet
 facet normal  0.000000e+00  0.000000e+00  1.000000e+00
   outer loop
     vertex  3.034648e+00  1.182354e-01  1.800000e+01
     vertex  2.031353e+00  5.179847e-01  1.800000e+01
     vertex  2.519447e+00  2.840931e-01  1.800000e+01
   endloop
 endfacet
 facet normal  0.000000e+00  0.000000e+00  1.000000e+00
   outer loop
     vertex  9.351778e-02  3.140118e+00  1.800000e+01
     vertex  1.182354e-01  3.034648e+00  1.800000e+01
     vertex  1.458000e-01  2.929887e+00  1.800000e+01
   endloop
 endfacet
 facet normal  0.000000e+00  0.000000e+00  1.000000e+00
   outer loop
     vertex  9.351778e-02  3.140118e+00  1.800000e+01
     vertex  1.458000e-01  2.929887e+00  1.800000e+01
     vertex  1.761914e-01  2.825910e+00  1.800000e+01
   endloop
 endfacet
 facet normal  0.000000e+00  0.000000e+00  1.000000e+00
   outer loop
     vertex  3.246219e+00  7.166527e-02  1.800000e+01
     vertex  3.034648e+00  1.182354e-01  1.800000e+01
     vertex  3.140118e+00  9.351778e-02  1.800000e+01
   endloop
 endfacet
 facet normal  0.000000e+00  0.000000e+00  1.000000e+00
   outer loop
     vertex  5.269391e-02  3.352872e+00  1.800000e+01
     vertex  7.166527e-02  3.246219e+00  1.800000e+01
     vertex  9.351778e-02  3.140118e+00  1.800000e+01
   endloop
 endfacet
 facet normal  0.000000e+00  0.000000e+00  1.000000e+00
   outer loop
     vertex  5.269391e-02  3.352872e+00  1.800000e+01
     vertex  1.761914e-01  2.825910e+00  1.800000e+01
     vertex  4.165110e-01  2.222753e+00  1.800000e+01
   endloop
 endfacet
 facet normal  0.000000e+00  0.000000e+00  1.000000e+00
   outer loop
     vertex  5.269391e-02  3.352872e+00  1.800000e+01
     vertex  9.351778e-02  3.140118e+00  1.800000e+01
     vertex  1.761914e-01  2.825910e+00  1.800000e+01
   endloop
 endfacet
 facet normal  0.000000e+00  0.000000e+00  1.000000e+00
   outer loop
     vertex  5.269391e-02  3.352872e+00  1.800000e+01
     vertex  4.165110e-01  2.222753e+00  1.800000e+01
     vertex  1.410455e+00  9.513518e-01  1.800000e+01
   endloop
 endfacet
 facet normal  0.000000e+00  0.000000e+00  1.000000e+00
   outer loop
     vertex  3.352872e+00  5.269391e-02  1.800000e+01
     vertex  3.034648e+00  1.182354e-01  1.800000e+01
     vertex  3.246219e+00  7.166527e-02  1.800000e+01
   endloop
 endfacet
 facet normal  0.000000e+00  0.000000e+00  1.000000e+00
   outer loop
     vertex  3.567524e+00  2.344817e-02  1.800000e+01
     vertex  3.352872e+00  5.269391e-02  1.800000e+01
     vertex  3.460000e+00  3.661761e-02  1.800000e+01
   endloop
 endfacet
 facet normal  0.000000e+00  0.000000e+00  1.000000e+00
   outer loop
     vertex  3.675365e+00  1.319524e-02  1.800000e+01
     vertex  3.352872e+00  5.269391e-02  1.800000e+01
     vertex  3.567524e+00  2.344817e-02  1.800000e+01
   endloop
 endfacet
 facet normal  0.000000e+00  0.000000e+00  1.000000e+00
   outer loop
     vertex  5.866345e-03  3.783444e+00  1.800000e+01
     vertex  1.319524e-02  3.675365e+00  1.800000e+01
     vertex  2.344817e-02  3.567524e+00  1.800000e+01
   endloop
 endfacet
 facet normal  0.000000e+00  0.000000e+00  1.000000e+00
   outer loop
     vertex  0.000000e+00  4.000000e+00  1.800000e+01
     vertex  1.466855e-03  3.891682e+00  1.800000e+01
     vertex  5.866345e-03  3.783444e+00  1.800000e+01
   endloop
 endfacet
 facet normal  0.000000e+00  0.000000e+00  1.000000e+00
   outer loop
     vertex  0.000000e+00  4.000000e+00  1.800000e+01
     vertex  2.344817e-02  3.567524e+00  1.800000e+01
     vertex  3.661761e-02  3.460000e+00  1.800000e+01
   endloop
 endfacet
 facet normal  0.000000e+00  0.000000e+00  1.000000e+00
   outer loop
     vertex  0.000000e+00  4.000000e+00  1.800000e+01
     vertex  5.866345e-03  3.783444e+00  1.800000e+01
     vertex  2.344817e-02  3.567524e+00  1.800000e+01
   endloop
 endfacet
 facet normal  0.000000e+00  0.000000e+00  1.000000e+00
   outer loop
     vertex  4.000000e+00  0.000000e+00  1.800000e+01
     vertex  3.661761e-02  3.460000e+00  1.800000e+01
     vertex  5.269391e-02  3.352872e+00  1.800000e+01
   endloop
 endfacet
 facet normal  0.000000e+00  0.000000e+00  1.000000e+00
   outer loop
     vertex  4.000000e+00  0.000000e+00  1.800000e+01
     vertex  2.031353e+00  5.179847e-01  1.800000e+01
     vertex  3.034648e+00  1.182354e-01  1.800000e+01
   endloop
 endfacet
 facet normal  0.000000e+00  0.000000e+00  1.000000e+00
   outer loop
     vertex  4.000000e+00  0.000000e+00  1.800000e+01
     vertex  3.034648e+00  1.182354e-01  1.800000e+01
     vertex  3.352872e+00  5.269391e-02  1.800000e+01
   endloop
 endfacet
 facet normal  0.000000e+00  0.000000e+00  1.000000e+00
   outer loop
     vertex  4.000000e+00  0.000000e+00  1.800000e+01
     vertex  5.269391e-02  3.352872e+00  1.800000e+01
     vertex  1.410455e+00  9.513518e-01  1.800000e+01
   endloop
 endfacet
 facet normal  0.000000e+00  0.000000e+00  1.000000e+00
   outer loop
     vertex  4.000000e+00  0.000000e+00  1.800000e+01
     vertex  3.352872e+00  5.269391e-02  1.800000e+01
     vertex  3.675365e+00  1.319524e-02  1.800000e+01
   endloop
 endfacet
 facet normal  0.000000e+00  0.000000e+00  1.000000e+00
   outer loop
     vertex  4.000000e+00  0.000000e+00  1.800000e+01
     vertex  0.000000e+00  4.000000e+00  1.800000e+01
     vertex  3.661761e-02  3.460000e+00  1.800000e+01
   endloop
 endfacet
 facet normal  0.000000e+00  0.000000e+00  1.000000e+00
   outer loop
     vertex  4.000000e+00  0.000000e+00  1.800000e+01
     vertex  3.675365e+00  1.319524e-02  1.800000e+01
     vertex  3.783444e+00  5.866345e-03  1.800000e+01
   endloop
 endfacet
 facet normal  0.000000e+00  0.000000e+00  1.000000e+00
   outer loop
     vertex  4.000000e+00  0.000000e+00  1.800000e+01
     vertex  3.783444e+00  5.866345e-03  1.800000e+01
     vertex  3.891682e+00  1.466855e-03  1.800000e+01
   endloop
 endfacet
 facet normal  0.000000e+00  0.000000e+00  1.000000e+00
   outer loop
     vertex  4.000000e+00  0.000000e+00  1.800000e+01
     vertex  1.410455e+00  9.513518e-01  1.800000e+01
     vertex  2.031353e+00  5.179847e-01  1.800000e+01
   endloop
 endfacet
 facet normal  0.000000e+00  0.000000e+00  1.000000e+00
   outer loop
     vertex  1.319524e-02  5.432463e+01  1.800000e+01
     vertex  5.866345e-03  5.421656e+01  1.800000e+01
     vertex  1.466855e-03  5.410832e+01  1.800000e+01
   endloop
 endfacet
 facet normal  0.000000e+00  0.000000e+00  1.000000e+00
   outer loop
     vertex  1.319524e-02  5.432463e+01  1.800000e+01
     vertex  1.466855e-03  5.410832e+01  1.800000e+01
     vertex  0.000000e+00  5.400000e+01  1.800000e+01
   endloop
 endfacet
 facet normal  0.000000e+00  0.000000e+00  1.000000e+00
   outer loop
     vertex  3.661761e-02  5.454000e+01  1.800000e+01
     vertex  2.344817e-02  5.443248e+01  1.800000e+01
     vertex  1.319524e-02  5.432463e+01  1.800000e+01
   endloop
 endfacet
 facet normal  0.000000e+00  0.000000e+00  1.000000e+00
   outer loop
     vertex  5.269391e-02  5.464713e+01  1.800000e+01
     vertex  1.319524e-02  5.432463e+01  1.800000e+01
     vertex  0.000000e+00  5.400000e+01  1.800000e+01
   endloop
 endfacet
 facet normal  0.000000e+00  0.000000e+00  1.000000e+00
   outer loop
     vertex  5.269391e-02  5.464713e+01  1.800000e+01
     vertex  3.661761e-02  5.454000e+01  1.800000e+01
     vertex  1.319524e-02  5.432463e+01  1.800000e+01
   endloop
 endfacet
 facet normal  0.000000e+00  0.000000e+00  1.000000e+00
   outer loop
     vertex  1.182354e-01  5.496535e+01  1.800000e+01
     vertex  9.351778e-02  5.485988e+01  1.800000e+01
     vertex  7.166527e-02  5.475378e+01  1.800000e+01
   endloop
 endfacet
 facet normal  0.000000e+00  0.000000e+00  1.000000e+00
   outer loop
     vertex  1.182354e-01  5.496535e+01  1.800000e+01
     vertex  7.166527e-02  5.475378e+01  1.800000e+01
     vertex  5.269391e-02  5.464713e+01  1.800000e+01
   endloop
 endfacet
 facet normal  0.000000e+00  0.000000e+00  1.000000e+00
   outer loop
     vertex  1.458000e-01  5.507011e+01  1.800000e+01
     vertex  5.269391e-02  5.464713e+01  1.800000e+01
     vertex  0.000000e+00  5.400000e+01  1.800000e+01
   endloop
 endfacet
 facet normal  0.000000e+00  0.000000e+00  1.000000e+00
   outer loop
     vertex  1.458000e-01  5.507011e+01  1.800000e+01
     vertex  1.182354e-01  5.496535e+01  1.800000e+01
     vertex  5.269391e-02  5.464713e+01  1.800000e+01
   endloop
 endfacet
 facet normal  0.000000e+00  0.000000e+00  1.000000e+00
   outer loop
     vertex  2.093873e-01  5.527721e+01  1.800000e+01
     vertex  1.761914e-01  5.517409e+01  1.800000e+01
     vertex  1.458000e-01  5.507011e+01  1.800000e+01
   endloop
 endfacet
 facet normal  0.000000e+00  0.000000e+00  1.000000e+00
   outer loop
     vertex  2.453633e-01  5.537939e+01  1.800000e+01
     vertex  2.093873e-01  5.527721e+01  1.800000e+01
     vertex  1.458000e-01  5.507011e+01  1.800000e+01
   endloop
 endfacet
 facet normal  0.000000e+00  0.000000e+00  1.000000e+00
   outer loop
     vertex  2.840931e-01  5.548055e+01  1.800000e+01
     vertex  1.458000e-01  5.507011e+01  1.800000e+01
     vertex  0.000000e+00  5.400000e+01  1.800000e+01
   endloop
 endfacet
 facet normal  0.000000e+00  0.000000e+00  1.000000e+00
   outer loop
     vertex  2.840931e-01  5.548055e+01  1.800000e+01
     vertex  2.453633e-01  5.537939e+01  1.800000e+01
     vertex  1.458000e-01  5.507011e+01  1.800000e+01
   endloop
 endfacet
 facet normal  0.000000e+00  0.000000e+00  1.000000e+00
   outer loop
     vertex  3.255482e-01  5.558063e+01  1.800000e+01
     vertex  2.840931e-01  5.548055e+01  1.800000e+01
     vertex  0.000000e+00  5.400000e+01  1.800000e+01
   endloop
 endfacet
 facet normal  0.000000e+00  0.000000e+00  1.000000e+00
   outer loop
     vertex  3.696983e-01  5.567956e+01  1.800000e+01
     vertex  3.255482e-01  5.558063e+01  1.800000e+01
     vertex  0.000000e+00  5.400000e+01  1.800000e+01
   endloop
 endfacet
 facet normal  0.000000e+00  0.000000e+00  1.000000e+00
   outer loop
     vertex  4.659518e-01  5.587363e+01  1.800000e+01
     vertex  4.165110e-01  5.577725e+01  1.800000e+01
     vertex  3.696983e-01  5.567956e+01  1.800000e+01
   endloop
 endfacet
 facet normal  0.000000e+00  0.000000e+00  1.000000e+00
   outer loop
     vertex  4.659518e-01  5.587363e+01  1.800000e+01
     vertex  3.696983e-01  5.567956e+01  1.800000e+01
     vertex  0.000000e+00  5.400000e+01  1.800000e+01
   endloop
 endfacet
 facet normal  0.000000e+00  0.000000e+00  1.000000e+00
   outer loop
     vertex  5.725713e-01  5.606222e+01  1.800000e+01
     vertex  5.179847e-01  5.596865e+01  1.800000e+01
     vertex  4.659518e-01  5.587363e+01  1.800000e+01
   endloop
 endfacet
 facet normal  0.000000e+00  0.000000e+00  1.000000e+00
   outer loop
     vertex  5.725713e-01  5.606222e+01  1.800000e+01
     vertex  4.659518e-01  5.587363e+01  1.800000e+01
     vertex  0.000000e+00  5.400000e+01  1.800000e+01
   endloop
 endfacet
 facet normal  0.000000e+00  0.000000e+00  1.000000e+00
   outer loop
     vertex  6.296717e-01  5.615427e+01  1.800000e+01
     vertex  5.725713e-01  5.606222e+01  1.800000e+01
     vertex  0.000000e+00  5.400000e+01  1.800000e+01
   endloop
 endfacet
 facet normal  0.000000e+00  0.000000e+00  1.000000e+00
   outer loop
     vertex  6.892440e-01  5.624475e+01  1.800000e+01
     vertex  6.296717e-01  5.615427e+01  1.800000e+01
     vertex  0.000000e+00  5.400000e+01  1.800000e+01
   endloop
 endfacet
 facet normal  0.000000e+00  0.000000e+00  1.000000e+00
   outer loop
     vertex  8.156277e-01  5.642070e+01  1.800000e+01
     vertex  7.512445e-01  5.633358e+01  1.800000e+01
     vertex  6.892440e-01  5.624475e+01  1.800000e+01
   endloop
 endfacet
 facet normal  0.000000e+00  0.000000e+00  1.000000e+00
   outer loop
     vertex  8.823465e-01  5.650604e+01  1.800000e+01
     vertex  6.892440e-01  5.624475e+01  1.800000e+01
     vertex  0.000000e+00  5.400000e+01  1.800000e+01
   endloop
 endfacet
 facet normal  0.000000e+00  0.000000e+00  1.000000e+00
   outer loop
     vertex  8.823465e-01  5.650604e+01  1.800000e+01
     vertex  8.156277e-01  5.642070e+01  1.800000e+01
     vertex  6.892440e-01  5.624475e+01  1.800000e+01
   endloop
 endfacet
 facet normal  0.000000e+00  0.000000e+00  1.000000e+00
   outer loop
     vertex  9.513518e-01  5.658955e+01  1.800000e+01
     vertex  8.823465e-01  5.650604e+01  1.800000e+01
     vertex  0.000000e+00  5.400000e+01  1.800000e+01
   endloop
 endfacet
 facet normal  0.000000e+00  0.000000e+00  1.000000e+00
   outer loop
     vertex  1.022593e+00  5.667115e+01  1.800000e+01
     vertex  9.513518e-01  5.658955e+01  1.800000e+01
     vertex  0.000000e+00  5.400000e+01  1.800000e+01
   endloop
 endfacet
 facet normal  0.000000e+00  0.000000e+00  1.000000e+00
   outer loop
     vertex  1.096018e+00  5.675080e+01  1.800000e+01
     vertex  1.022593e+00  5.667115e+01  1.800000e+01
     vertex  0.000000e+00  5.400000e+01  1.800000e+01
   endloop
 endfacet
 facet normal  0.000000e+00  0.000000e+00  1.000000e+00
   outer loop
     vertex  1.171573e+00  5.682843e+01  1.800000e+01
     vertex  1.096018e+00  5.675080e+01  1.800000e+01
     vertex  0.000000e+00  5.400000e+01  1.800000e+01
   endloop
 endfacet
 facet normal  0.000000e+00  0.000000e+00  1.000000e+00
   outer loop
     vertex  1.249202e+00  5.690398e+01  1.800000e+01
     vertex  1.171573e+00  5.682843e+01  1.800000e+01
     vertex  0.000000e+00  5.400000e+01  1.800000e+01
   endloop
 endfacet
 facet normal  0.000000e+00  0.000000e+00  1.000000e+00
   outer loop
     vertex  1.328849e+00  5.697741e+01  1.800000e+01
     vertex  1.249202e+00  5.690398e+01  1.800000e+01
     vertex  0.000000e+00  5.400000e+01  1.800000e+01
   endloop
 endfacet
 facet normal  0.000000e+00  0.000000e+00  1.000000e+00
   outer loop
     vertex  1.410455e+00  5.704865e+01  1.800000e+01
     vertex  1.328849e+00  5.697741e+01  1.800000e+01
     vertex  0.000000e+00  5.400000e+01  1.800000e+01
   endloop
 endfacet
 facet normal  0.000000e+00  0.000000e+00  1.000000e+00
   outer loop
     vertex  1.493960e+00  5.711765e+01  1.800000e+01
     vertex  1.410455e+00  5.704865e+01  1.800000e+01
     vertex  0.000000e+00  5.400000e+01  1.800000e+01
   endloop
 endfacet
 facet normal  0.000000e+00  0.000000e+00  1.000000e+00
   outer loop
     vertex  1.666422e+00  5.724876e+01  1.800000e+01
     vertex  1.579303e+00  5.718437e+01  1.800000e+01
     vertex  1.493960e+00  5.711765e+01  1.800000e+01
   endloop
 endfacet
 facet normal  0.000000e+00  0.000000e+00  1.000000e+00
   outer loop
     vertex  1.666422e+00  5.724876e+01  1.800000e+01
     vertex  1.493960e+00  5.711765e+01  1.800000e+01
     vertex  0.000000e+00  5.400000e+01  1.800000e+01
   endloop
 endfacet
 facet normal  0.000000e+00  0.000000e+00  1.000000e+00
   outer loop
     vertex  1.845728e+00  5.737033e+01  1.800000e+01
     vertex  1.755252e+00  5.731076e+01  1.800000e+01
     vertex  1.666422e+00  5.724876e+01  1.800000e+01
   endloop
 endfacet
 facet normal  0.000000e+00  0.000000e+00  1.000000e+00
   outer loop
     vertex  2.031353e+00  5.748202e+01  1.800000e+01
     vertex  1.666422e+00  5.724876e+01  1.800000e+01
     vertex  0.000000e+00  5.400000e+01  1.800000e+01
   endloop
 endfacet
 facet normal  0.000000e+00  0.000000e+00  1.000000e+00
   outer loop
     vertex  2.031353e+00  5.748202e+01  1.800000e+01
     vertex  1.845728e+00  5.737033e+01  1.800000e+01
     vertex  1.666422e+00  5.724876e+01  1.800000e+01
   endloop
 endfacet
 facet normal  0.000000e+00  0.000000e+00  1.000000e+00
   outer loop
     vertex  2.031353e+00  5.748202e+01  1.800000e+01
     vertex  1.937785e+00  5.742743e+01  1.800000e+01
     vertex  1.845728e+00  5.737033e+01  1.800000e+01
   endloop
 endfacet
 facet normal  0.000000e+00  0.000000e+00  1.000000e+00
   outer loop
     vertex  2.222753e+00  5.758349e+01  1.800000e+01
     vertex  2.031353e+00  5.748202e+01  1.800000e+01
     vertex  0.000000e+00  5.400000e+01  1.800000e+01
   endloop
 endfacet
 facet normal  0.000000e+00  0.000000e+00  1.000000e+00
   outer loop
     vertex  2.222753e+00  5.758349e+01  1.800000e+01
     vertex  2.126366e+00  5.753405e+01  1.800000e+01
     vertex  2.031353e+00  5.748202e+01  1.800000e+01
   endloop
 endfacet
 facet normal  0.000000e+00  0.000000e+00  1.000000e+00
   outer loop
     vertex  2.320444e+00  5.763030e+01  1.800000e+01
     vertex  2.222753e+00  5.758349e+01  1.800000e+01
     vertex  0.000000e+00  5.400000e+01  1.800000e+01
   endloop
 endfacet
 facet normal  0.000000e+00  0.000000e+00  1.000000e+00
   outer loop
     vertex  2.419366e+00  5.767445e+01  1.800000e+01
     vertex  2.320444e+00  5.763030e+01  1.800000e+01
     vertex  0.000000e+00  5.400000e+01  1.800000e+01
   endloop
 endfacet
 facet normal  0.000000e+00  0.000000e+00  1.000000e+00
   outer loop
     vertex  2.519447e+00  5.771591e+01  1.800000e+01
     vertex  2.419366e+00  5.767445e+01  1.800000e+01
     vertex  0.000000e+00  5.400000e+01  1.800000e+01
   endloop
 endfacet
 facet normal  0.000000e+00  0.000000e+00  1.000000e+00
   outer loop
     vertex  2.722794e+00  5.779061e+01  1.800000e+01
     vertex  2.519447e+00  5.771591e+01  1.800000e+01
     vertex  0.000000e+00  5.400000e+01  1.800000e+01
   endloop
 endfacet
 facet normal  0.000000e+00  0.000000e+00  1.000000e+00
   outer loop
     vertex  2.722794e+00  5.779061e+01  1.800000e+01
     vertex  2.620615e+00  5.775464e+01  1.800000e+01
     vertex  2.519447e+00  5.771591e+01  1.800000e+01
   endloop
 endfacet
 facet normal  0.000000e+00  0.000000e+00  1.000000e+00
   outer loop
     vertex  3.034648e+00  5.788176e+01  1.800000e+01
     vertex  2.722794e+00  5.779061e+01  1.800000e+01
     vertex  0.000000e+00  5.400000e+01  1.800000e+01
   endloop
 endfacet
 facet normal  0.000000e+00  0.000000e+00  1.000000e+00
   outer loop
     vertex  3.034648e+00  5.788176e+01  1.800000e+01
     vertex  2.929887e+00  5.785420e+01  1.800000e+01
     vertex  2.825910e+00  5.782381e+01  1.800000e+01
   endloop
 endfacet
 facet normal  0.000000e+00  0.000000e+00  1.000000e+00
   outer loop
     vertex  3.034648e+00  5.788176e+01  1.800000e+01
     vertex  2.825910e+00  5.782381e+01  1.800000e+01
     vertex  2.722794e+00  5.779061e+01  1.800000e+01
   endloop
 endfacet
 facet normal  0.000000e+00  0.000000e+00  1.000000e+00
   outer loop
     vertex  3.460000e+00  5.796338e+01  1.800000e+01
     vertex  3.352872e+00  5.794731e+01  1.800000e+01
     vertex  3.246219e+00  5.792833e+01  1.800000e+01
   endloop
 endfacet
 facet normal  0.000000e+00  0.000000e+00  1.000000e+00
   outer loop
     vertex  3.567524e+00  5.797655e+01  1.800000e+01
     vertex  3.460000e+00  5.796338e+01  1.800000e+01
     vertex  3.246219e+00  5.792833e+01  1.800000e+01
   endloop
 endfacet
 facet normal  0.000000e+00  0.000000e+00  1.000000e+00
   outer loop
     vertex  3.567524e+00  5.797655e+01  1.800000e+01
     vertex  3.246219e+00  5.792833e+01  1.800000e+01
     vertex  3.140118e+00  5.790648e+01  1.800000e+01
   endloop
 endfacet
 facet normal  0.000000e+00  0.000000e+00  1.000000e+00
   outer loop
     vertex  3.567524e+00  5.797655e+01  1.800000e+01
     vertex  3.140118e+00  5.790648e+01  1.800000e+01
     vertex  3.034648e+00  5.788176e+01  1.800000e+01
   endloop
 endfacet
 facet normal  0.000000e+00  0.000000e+00  1.000000e+00
   outer loop
     vertex  3.783444e+00  5.799413e+01  1.800000e+01
     vertex  3.567524e+00  5.797655e+01  1.800000e+01
     vertex  3.034648e+00  5.788176e+01  1.800000e+01
   endloop
 endfacet
 facet normal  0.000000e+00  0.000000e+00  1.000000e+00
   outer loop
     vertex  3.783444e+00  5.799413e+01  1.800000e+01
     vertex  3.675365e+00  5.798680e+01  1.800000e+01
     vertex  3.567524e+00  5.797655e+01  1.800000e+01
   endloop
 endfacet
 facet normal  0.000000e+00  0.000000e+00  1.000000e+00
   outer loop
     vertex  4.000000e+00  5.800000e+01  1.800000e+01
     vertex  0.000000e+00  5.400000e+01  1.800000e+01
     vertex  0.000000e+00  4.000000e+00  1.800000e+01
   endloop
 endfacet
 facet normal  0.000000e+00  0.000000e+00  1.000000e+00
   outer loop
     vertex  4.000000e+00  5.800000e+01  1.800000e+01
     vertex  3.034648e+00  5.788176e+01  1.800000e+01
     vertex  0.000000e+00  5.400000e+01  1.800000e+01
   endloop
 endfacet
 facet normal  0.000000e+00  0.000000e+00  1.000000e+00
   outer loop
     vertex  4.000000e+00  5.800000e+01  1.800000e+01
     vertex  0.000000e+00  4.000000e+00  1.800000e+01
     vertex  4.000000e+00  0.000000e+00  1.800000e+01
   endloop
 endfacet
 facet normal  0.000000e+00  0.000000e+00  1.000000e+00
   outer loop
     vertex  4.000000e+00  5.800000e+01  1.800000e+01
     vertex  3.783444e+00  5.799413e+01  1.800000e+01
     vertex  3.034648e+00  5.788176e+01  1.800000e+01
   endloop
 endfacet
 facet normal  0.000000e+00  0.000000e+00  1.000000e+00
   outer loop
     vertex  4.000000e+00  5.800000e+01  1.800000e+01
     vertex  3.891682e+00  5.799853e+01  1.800000e+01
     vertex  3.783444e+00  5.799413e+01  1.800000e+01
   endloop
 endfacet
 facet normal  0.000000e+00  0.000000e+00  1.000000e+00
   outer loop
     vertex  8.832463e+01  1.319524e-02  1.800000e+01
     vertex  8.810832e+01  1.466855e-03  1.800000e+01
     vertex  8.821656e+01  5.866345e-03  1.800000e+01
   endloop
 endfacet
 facet normal  0.000000e+00  0.000000e+00  1.000000e+00
   outer loop
     vertex  8.843248e+01  2.344817e-02  1.800000e+01
     vertex  8.800000e+01  0.000000e+00  1.800000e+01
     vertex  8.810832e+01  1.466855e-03  1.800000e+01
   endloop
 endfacet
 facet normal  0.000000e+00  0.000000e+00  1.000000e+00
   outer loop
     vertex  8.843248e+01  2.344817e-02  1.800000e+01
     vertex  8.810832e+01  1.466855e-03  1.800000e+01
     vertex  8.832463e+01  1.319524e-02  1.800000e+01
   endloop
 endfacet
 facet normal  0.000000e+00  0.000000e+00  1.000000e+00
   outer loop
     vertex  8.854000e+01  3.661761e-02  1.800000e+01
     vertex  8.800000e+01  0.000000e+00  1.800000e+01
     vertex  8.843248e+01  2.344817e-02  1.800000e+01
   endloop
 endfacet
 facet normal  0.000000e+00  0.000000e+00  1.000000e+00
   outer loop
     vertex  8.875378e+01  7.166527e-02  1.800000e+01
     vertex  8.854000e+01  3.661761e-02  1.800000e+01
     vertex  8.864713e+01  5.269391e-02  1.800000e+01
   endloop
 endfacet
 facet normal  0.000000e+00  0.000000e+00  1.000000e+00
   outer loop
     vertex  8.885988e+01  9.351778e-02  1.800000e+01
     vertex  8.854000e+01  3.661761e-02  1.800000e+01
     vertex  8.875378e+01  7.166527e-02  1.800000e+01
   endloop
 endfacet
 facet normal  0.000000e+00  0.000000e+00  1.000000e+00
   outer loop
     vertex  8.907011e+01  1.458000e-01  1.800000e+01
     vertex  8.885988e+01  9.351778e-02  1.800000e+01
     vertex  8.896535e+01  1.182354e-01  1.800000e+01
   endloop
 endfacet
 facet normal  0.000000e+00  0.000000e+00  1.000000e+00
   outer loop
     vertex  8.907011e+01  1.458000e-01  1.800000e+01
     vertex  8.800000e+01  0.000000e+00  1.800000e+01
     vertex  8.854000e+01  3.661761e-02  1.800000e+01
   endloop
 endfacet
 facet normal  0.000000e+00  0.000000e+00  1.000000e+00
   outer loop
     vertex  8.907011e+01  1.458000e-01  1.800000e+01
     vertex  8.854000e+01  3.661761e-02  1.800000e+01
     vertex  8.885988e+01  9.351778e-02  1.800000e+01
   endloop
 endfacet
 facet normal  0.000000e+00  0.000000e+00  1.000000e+00
   outer loop
     vertex  8.917409e+01  1.761914e-01  1.800000e+01
     vertex  8.800000e+01  0.000000e+00  1.800000e+01
     vertex  8.907011e+01  1.458000e-01  1.800000e+01
   endloop
 endfacet
 facet normal  0.000000e+00  0.000000e+00  1.000000e+00
   outer loop
     vertex  8.927721e+01  2.093873e-01  1.800000e+01
     vertex  8.800000e+01  0.000000e+00  1.800000e+01
     vertex  8.917409e+01  1.761914e-01  1.800000e+01
   endloop
 endfacet
 facet normal  0.000000e+00  0.000000e+00  1.000000e+00
   outer loop
     vertex  8.948055e+01  2.840931e-01  1.800000e+01
     vertex  8.927721e+01  2.093873e-01  1.800000e+01
     vertex  8.937939e+01  2.453633e-01  1.800000e+01
   endloop
 endfacet
 facet normal  0.000000e+00  0.000000e+00  1.000000e+00
   outer loop
     vertex  8.967956e+01  3.696983e-01  1.800000e+01
     vertex  8.927721e+01  2.093873e-01  1.800000e+01
     vertex  8.948055e+01  2.840931e-01  1.800000e+01
   endloop
 endfacet
 facet normal  0.000000e+00  0.000000e+00  1.000000e+00
   outer loop
     vertex  8.967956e+01  3.696983e-01  1.800000e+01
     vertex  8.948055e+01  2.840931e-01  1.800000e+01
     vertex  8.958063e+01  3.255482e-01  1.800000e+01
   endloop
 endfacet
 facet normal  0.000000e+00  0.000000e+00  1.000000e+00
   outer loop
     vertex  8.987363e+01  4.659518e-01  1.800000e+01
     vertex  8.967956e+01  3.696983e-01  1.800000e+01
     vertex  8.977725e+01  4.165110e-01  1.800000e+01
   endloop
 endfacet
 facet normal  0.000000e+00  0.000000e+00  1.000000e+00
   outer loop
     vertex  8.996865e+01  5.179847e-01  1.800000e+01
     vertex  8.927721e+01  2.093873e-01  1.800000e+01
     vertex  8.967956e+01  3.696983e-01  1.800000e+01
   endloop
 endfacet
 facet normal  0.000000e+00  0.000000e+00  1.000000e+00
   outer loop
     vertex  8.996865e+01  5.179847e-01  1.800000e+01
     vertex  8.967956e+01  3.696983e-01  1.800000e+01
     vertex  8.987363e+01  4.659518e-01  1.800000e+01
   endloop
 endfacet
 facet normal  0.000000e+00  0.000000e+00  1.000000e+00
   outer loop
     vertex  9.006222e+01  5.725713e-01  1.800000e+01
     vertex  8.800000e+01  0.000000e+00  1.800000e+01
     vertex  8.927721e+01  2.093873e-01  1.800000e+01
   endloop
 endfacet
 facet normal  0.000000e+00  0.000000e+00  1.000000e+00
   outer loop
     vertex  9.006222e+01  5.725713e-01  1.800000e+01
     vertex  8.927721e+01  2.093873e-01  1.800000e+01
     vertex  8.996865e+01  5.179847e-01  1.800000e+01
   endloop
 endfacet
 facet normal  0.000000e+00  0.000000e+00  1.000000e+00
   outer loop
     vertex  9.015427e+01  6.296717e-01  1.800000e+01
     vertex  8.800000e+01  0.000000e+00  1.800000e+01
     vertex  9.006222e+01  5.725713e-01  1.800000e+01
   endloop
 endfacet
 facet normal  0.000000e+00  0.000000e+00  1.000000e+00
   outer loop
     vertex  9.024475e+01  6.892440e-01  1.800000e+01
     vertex  8.800000e+01  0.000000e+00  1.800000e+01
     vertex  9.015427e+01  6.296717e-01  1.800000e+01
   endloop
 endfacet
 facet normal  0.000000e+00  0.000000e+00  1.000000e+00
   outer loop
     vertex  9.050604e+01  8.823465e-01  1.800000e+01
     vertex  9.033358e+01  7.512445e-01  1.800000e+01
     vertex  9.042070e+01  8.156277e-01  1.800000e+01
   endloop
 endfacet
 facet normal  0.000000e+00  0.000000e+00  1.000000e+00
   outer loop
     vertex  9.067115e+01  1.022593e+00  1.800000e+01
     vertex  9.033358e+01  7.512445e-01  1.800000e+01
     vertex  9.050604e+01  8.823465e-01  1.800000e+01
   endloop
 endfacet
 facet normal  0.000000e+00  0.000000e+00  1.000000e+00
   outer loop
     vertex  9.067115e+01  1.022593e+00  1.800000e+01
     vertex  9.024475e+01  6.892440e-01  1.800000e+01
     vertex  9.033358e+01  7.512445e-01  1.800000e+01
   endloop
 endfacet
 facet normal  0.000000e+00  0.000000e+00  1.000000e+00
   outer loop
     vertex  9.067115e+01  1.022593e+00  1.800000e+01
     vertex  9.050604e+01  8.823465e-01  1.800000e+01
     vertex  9.058955e+01  9.513518e-01  1.800000e+01
   endloop
 endfacet
 facet normal  0.000000e+00  0.000000e+00  1.000000e+00
   outer loop
     vertex  9.075080e+01  1.096018e+00  1.800000e+01
     vertex  8.800000e+01  0.000000e+00  1.800000e+01
     vertex  9.024475e+01  6.892440e-01  1.800000e+01
   endloop
 endfacet
 facet normal  0.000000e+00  0.000000e+00  1.000000e+00
   outer loop
     vertex  9.075080e+01  1.096018e+00  1.800000e+01
     vertex  9.024475e+01  6.892440e-01  1.800000e+01
     vertex  9.067115e+01  1.022593e+00  1.800000e+01
   endloop
 endfacet
 facet normal  0.000000e+00  0.000000e+00  1.000000e+00
   outer loop
     vertex  9.090398e+01  1.249202e+00  1.800000e+01
     vertex  9.075080e+01  1.096018e+00  1.800000e+01
     vertex  9.082843e+01  1.171573e+00  1.800000e+01
   endloop
 endfacet
 facet normal  0.000000e+00  0.000000e+00  1.000000e+00
   outer loop
     vertex  9.097741e+01  1.328849e+00  1.800000e+01
     vertex  8.800000e+01  0.000000e+00  1.800000e+01
     vertex  9.075080e+01  1.096018e+00  1.800000e+01
   endloop
 endfacet
 facet normal  0.000000e+00  0.000000e+00  1.000000e+00
   outer loop
     vertex  9.097741e+01  1.328849e+00  1.800000e+01
     vertex  9.075080e+01  1.096018e+00  1.800000e+01
     vertex  9.090398e+01  1.249202e+00  1.800000e+01
   endloop
 endfacet
 facet normal  0.000000e+00  0.000000e+00  1.000000e+00
   outer loop
     vertex  9.104865e+01  1.410455e+00  1.800000e+01
     vertex  8.800000e+01  0.000000e+00  1.800000e+01
     vertex  9.097741e+01  1.328849e+00  1.800000e+01
   endloop
 endfacet
 facet normal  0.000000e+00  0.000000e+00  1.000000e+00
   outer loop
     vertex  9.111765e+01  1.493960e+00  1.800000e+01
     vertex  8.800000e+01  0.000000e+00  1.800000e+01
     vertex  9.104865e+01  1.410455e+00  1.800000e+01
   endloop
 endfacet
 facet normal  0.000000e+00  0.000000e+00  1.000000e+00
   outer loop
     vertex  9.131076e+01  1.755252e+00  1.800000e+01
     vertex  9.111765e+01  1.493960e+00  1.800000e+01
     vertex  9.118437e+01  1.579303e+00  1.800000e+01
   endloop
 endfacet
 facet normal  0.000000e+00  0.000000e+00  1.000000e+00
   outer loop
     vertex  9.131076e+01  1.755252e+00  1.800000e+01
     vertex  9.118437e+01  1.579303e+00  1.800000e+01
     vertex  9.124876e+01  1.666422e+00  1.800000e+01
   endloop
 endfacet
 facet normal  0.000000e+00  0.000000e+00  1.000000e+00
   outer loop
     vertex  9.137033e+01  1.845728e+00  1.800000e+01
     vertex  8.800000e+01  0.000000e+00  1.800000e+01
     vertex  9.111765e+01  1.493960e+00  1.800000e+01
   endloop
 endfacet
 facet normal  0.000000e+00  0.000000e+00  1.000000e+00
   outer loop
     vertex  9.137033e+01  1.845728e+00  1.800000e+01
     vertex  9.111765e+01  1.493960e+00  1.800000e+01
     vertex  9.131076e+01  1.755252e+00  1.800000e+01
   endloop
 endfacet
 facet normal  0.000000e+00  0.000000e+00  1.000000e+00
   outer loop
     vertex  9.142743e+01  1.937785e+00  1.800000e+01
     vertex  8.800000e+01  0.000000e+00  1.800000e+01
     vertex  9.137033e+01  1.845728e+00  1.800000e+01
   endloop
 endfacet
 facet normal  0.000000e+00  0.000000e+00  1.000000e+00
   outer loop
     vertex  9.153405e+01  2.126366e+00  1.800000e+01
     vertex  8.800000e+01  0.000000e+00  1.800000e+01
     vertex  9.142743e+01  1.937785e+00  1.800000e+01
   endloop
 endfacet
 facet normal  0.000000e+00  0.000000e+00  1.000000e+00
   outer loop
     vertex  9.153405e+01  2.126366e+00  1.800000e+01
     vertex  9.142743e+01  1.937785e+00  1.800000e+01
     vertex  9.148202e+01  2.031353e+00  1.800000e+01
   endloop
 endfacet
 facet normal  0.000000e+00  0.000000e+00  1.000000e+00
   outer loop
     vertex  9.163030e+01  2.320444e+00  1.800000e+01
     vertex  8.800000e+01  0.000000e+00  1.800000e+01
     vertex  9.153405e+01  2.126366e+00  1.800000e+01
   endloop
 endfacet
 facet normal  0.000000e+00  0.000000e+00  1.000000e+00
   outer loop
     vertex  9.163030e+01  2.320444e+00  1.800000e+01
     vertex  9.153405e+01  2.126366e+00  1.800000e+01
     vertex  9.158349e+01  2.222753e+00  1.800000e+01
   endloop
 endfacet
 facet normal  0.000000e+00  0.000000e+00  1.000000e+00
   outer loop
     vertex  9.175464e+01  2.620615e+00  1.800000e+01
     vertex  9.163030e+01  2.320444e+00  1.800000e+01
     vertex  9.167445e+01  2.419366e+00  1.800000e+01
   endloop
 endfacet
 facet normal  0.000000e+00  0.000000e+00  1.000000e+00
   outer loop
     vertex  9.175464e+01  2.620615e+00  1.800000e+01
     vertex  9.167445e+01  2.419366e+00  1.800000e+01
     vertex  9.171591e+01  2.519447e+00  1.800000e+01
   endloop
 endfacet
 facet normal  0.000000e+00  0.000000e+00  1.000000e+00
   outer loop
     vertex  9.175464e+01  2.620615e+00  1.800000e+01
     vertex  8.800000e+01  0.000000e+00  1.800000e+01
     vertex  9.163030e+01  2.320444e+00  1.800000e+01
   endloop
 endfacet
 facet normal  0.000000e+00  0.000000e+00  1.000000e+00
   outer loop
     vertex  9.182381e+01  2.825910e+00  1.800000e+01
     vertex  9.175464e+01  2.620615e+00  1.800000e+01
     vertex  9.179061e+01  2.722794e+00  1.800000e+01
   endloop
 endfacet
 facet normal  0.000000e+00  0.000000e+00  1.000000e+00
   outer loop
     vertex  9.190648e+01  3.140118e+00  1.800000e+01
     vertex  9.182381e+01  2.825910e+00  1.800000e+01
     vertex  9.185420e+01  2.929887e+00  1.800000e+01
   endloop
 endfacet
 facet normal  0.000000e+00  0.000000e+00  1.000000e+00
   outer loop
     vertex  9.190648e+01  3.140118e+00  1.800000e+01
     vertex  9.185420e+01  2.929887e+00  1.800000e+01
     vertex  9.188176e+01  3.034648e+00  1.800000e+01
   endloop
 endfacet
 facet normal  0.000000e+00  0.000000e+00  1.000000e+00
   outer loop
     vertex  9.190648e+01  3.140118e+00  1.800000e+01
     vertex  9.175464e+01  2.620615e+00  1.800000e+01
     vertex  9.182381e+01  2.825910e+00  1.800000e+01
   endloop
 endfacet
 facet normal  0.000000e+00  0.000000e+00  1.000000e+00
   outer loop
     vertex  9.192833e+01  3.246219e+00  1.800000e+01
     vertex  9.175464e+01  2.620615e+00  1.800000e+01
     vertex  9.190648e+01  3.140118e+00  1.800000e+01
   endloop
 endfacet
 facet normal  0.000000e+00  0.000000e+00  1.000000e+00
   outer loop
     vertex  9.194731e+01  3.352872e+00  1.800000e+01
     vertex  8.800000e+01  0.000000e+00  1.800000e+01
     vertex  9.175464e+01  2.620615e+00  1.800000e+01
   endloop
 endfacet
 facet normal  0.000000e+00  0.000000e+00  1.000000e+00
   outer loop
     vertex  9.194731e+01  3.352872e+00  1.800000e+01
     vertex  9.175464e+01  2.620615e+00  1.800000e+01
     vertex  9.192833e+01  3.246219e+00  1.800000e+01
   endloop
 endfacet
 facet normal  0.000000e+00  0.000000e+00  1.000000e+00
   outer loop
     vertex  9.196338e+01  3.460000e+00  1.800000e+01
     vertex  8.800000e+01  0.000000e+00  1.800000e+01
     vertex  9.194731e+01  3.352872e+00  1.800000e+01
   endloop
 endfacet
 facet normal  0.000000e+00  0.000000e+00  1.000000e+00
   outer loop
     vertex  9.197655e+01  3.567524e+00  1.800000e+01
     vertex  8.800000e+01  0.000000e+00  1.800000e+01
     vertex  9.196338e+01  3.460000e+00  1.800000e+01
   endloop
 endfacet
 facet normal  0.000000e+00  0.000000e+00  1.000000e+00
   outer loop
     vertex  9.199853e+01  3.891682e+00  1.800000e+01
     vertex  9.197655e+01  3.567524e+00  1.800000e+01
     vertex  9.198680e+01  3.675365e+00  1.800000e+01
   endloop
 endfacet
 facet normal  0.000000e+00  0.000000e+00  1.000000e+00
   outer loop
     vertex  9.199853e+01  3.891682e+00  1.800000e+01
     vertex  9.198680e+01  3.675365e+00  1.800000e+01
     vertex  9.199413e+01  3.783444e+00  1.800000e+01
   endloop
 endfacet
 facet normal  0.000000e+00  0.000000e+00  1.000000e+00
   outer loop
     vertex  9.200000e+01  4.000000e+00  1.800000e+01
     vertex  8.800000e+01  0.000000e+00  1.800000e+01
     vertex  9.197655e+01  3.567524e+00  1.800000e+01
   endloop
 endfacet
 facet normal  0.000000e+00  0.000000e+00  1.000000e+00
   outer loop
     vertex  9.200000e+01  4.000000e+00  1.800000e+01
     vertex  9.197655e+01  3.567524e+00  1.800000e+01
     vertex  9.199853e+01  3.891682e+00  1.800000e+01
   endloop
 endfacet
 facet normal  0.000000e+00  0.000000e+00  1.000000e+00
   outer loop
     vertex  8.800000e+01  5.800000e+01  1.800000e+01
     vertex  4.000000e+00  0.000000e+00  1.800000e+01
     vertex  8.800000e+01  0.000000e+00  1.800000e+01
   endloop
 endfacet
 facet normal  0.000000e+00  0.000000e+00  1.000000e+00
   outer loop
     vertex  8.800000e+01  5.800000e+01  1.800000e+01
     vertex  4.000000e+00  5.800000e+01  1.800000e+01
     vertex  4.000000e+00  0.000000e+00  1.800000e+01
   endloop
 endfacet
 facet normal  0.000000e+00  0.000000e+00  1.000000e+00
   outer loop
     vertex  8.800000e+01  5.800000e+01  1.800000e+01
     vertex  8.800000e+01  0.000000e+00  1.800000e+01
     vertex  9.200000e+01  4.000000e+00  1.800000e+01
   endloop
 endfacet
 facet normal  0.000000e+00  0.000000e+00  1.000000e+00
   outer loop
     vertex  9.200000e+01  5.400000e+01  1.800000e+01
     vertex  8.800000e+01  5.800000e+01  1.800000e+01
     vertex  9.200000e+01  4.000000e+00  1.800000e+01
   endloop
 endfacet
 facet normal  0.000000e+00  0.000000e+00  1.000000e+00
   outer loop
     vertex  8.821656e+01  5.799413e+01  1.800000e+01
     vertex  8.810832e+01  5.799853e+01  1.800000e+01
     vertex  8.800000e+01  5.800000e+01  1.800000e+01
   endloop
 endfacet
 facet normal  0.000000e+00  0.000000e+00  1.000000e+00
   outer loop
     vertex  8.832463e+01  5.798680e+01  1.800000e+01
     vertex  8.821656e+01  5.799413e+01  1.800000e+01
     vertex  8.800000e+01  5.800000e+01  1.800000e+01
   endloop
 endfacet
 facet normal  0.000000e+00  0.000000e+00  1.000000e+00
   outer loop
     vertex  9.197655e+01  5.443248e+01  1.800000e+01
     vertex  9.199853e+01  5.410832e+01  1.800000e+01
     vertex  9.199413e+01  5.421656e+01  1.800000e+01
   endloop
 endfacet
 facet normal  0.000000e+00  0.000000e+00  1.000000e+00
   outer loop
     vertex  9.197655e+01  5.443248e+01  1.800000e+01
     vertex  9.199413e+01  5.421656e+01  1.800000e+01
     vertex  9.198680e+01  5.432463e+01  1.800000e+01
   endloop
 endfacet
 facet normal  0.000000e+00  0.000000e+00  1.000000e+00
   outer loop
     vertex  8.854000e+01  5.796338e+01  1.800000e+01
     vertex  8.843248e+01  5.797655e+01  1.800000e+01
     vertex  8.832463e+01  5.798680e+01  1.800000e+01
   endloop
 endfacet
 facet normal  0.000000e+00  0.000000e+00  1.000000e+00
   outer loop
     vertex  9.196338e+01  5.454000e+01  1.800000e+01
     vertex  9.199853e+01  5.410832e+01  1.800000e+01
     vertex  9.197655e+01  5.443248e+01  1.800000e+01
   endloop
 endfacet
 facet normal  0.000000e+00  0.000000e+00  1.000000e+00
   outer loop
     vertex  9.196338e+01  5.454000e+01  1.800000e+01
     vertex  9.200000e+01  5.400000e+01  1.800000e+01
     vertex  9.199853e+01  5.410832e+01  1.800000e+01
   endloop
 endfacet
 facet normal  0.000000e+00  0.000000e+00  1.000000e+00
   outer loop
     vertex  9.192833e+01  5.475378e+01  1.800000e+01
     vertex  9.200000e+01  5.400000e+01  1.800000e+01
     vertex  9.196338e+01  5.454000e+01  1.800000e+01
   endloop
 endfacet
 facet normal  0.000000e+00  0.000000e+00  1.000000e+00
   outer loop
     vertex  9.192833e+01  5.475378e+01  1.800000e+01
     vertex  9.196338e+01  5.454000e+01  1.800000e+01
     vertex  9.194731e+01  5.464713e+01  1.800000e+01
   endloop
 endfacet
 facet normal  0.000000e+00  0.000000e+00  1.000000e+00
   outer loop
     vertex  8.885988e+01  5.790648e+01  1.800000e+01
     vertex  8.854000e+01  5.796338e+01  1.800000e+01
     vertex  8.832463e+01  5.798680e+01  1.800000e+01
   endloop
 endfacet
 facet normal  0.000000e+00  0.000000e+00  1.000000e+00
   outer loop
     vertex  8.885988e+01  5.790648e+01  1.800000e+01
     vertex  8.875378e+01  5.792833e+01  1.800000e+01
     vertex  8.864713e+01  5.794731e+01  1.800000e+01
   endloop
 endfacet
 facet normal  0.000000e+00  0.000000e+00  1.000000e+00
   outer loop
     vertex  8.885988e+01  5.790648e+01  1.800000e+01
     vertex  8.864713e+01  5.794731e+01  1.800000e+01
     vertex  8.854000e+01  5.796338e+01  1.800000e+01
   endloop
 endfacet
 facet normal  0.000000e+00  0.000000e+00  1.000000e+00
   outer loop
     vertex  9.190648e+01  5.485988e+01  1.800000e+01
     vertex  9.200000e+01  5.400000e+01  1.800000e+01
     vertex  9.192833e+01  5.475378e+01  1.800000e+01
   endloop
 endfacet
 facet normal  0.000000e+00  0.000000e+00  1.000000e+00
   outer loop
     vertex  8.896535e+01  5.788176e+01  1.800000e+01
     vertex  8.885988e+01  5.790648e+01  1.800000e+01
     vertex  8.832463e+01  5.798680e+01  1.800000e+01
   endloop
 endfacet
 facet normal  0.000000e+00  0.000000e+00  1.000000e+00
   outer loop
     vertex  8.907011e+01  5.785420e+01  1.800000e+01
     vertex  8.832463e+01  5.798680e+01  1.800000e+01
     vertex  8.800000e+01  5.800000e+01  1.800000e+01
   endloop
 endfacet
 facet normal  0.000000e+00  0.000000e+00  1.000000e+00
   outer loop
     vertex  8.907011e+01  5.785420e+01  1.800000e+01
     vertex  8.896535e+01  5.788176e+01  1.800000e+01
     vertex  8.832463e+01  5.798680e+01  1.800000e+01
   endloop
 endfacet
 facet normal  0.000000e+00  0.000000e+00  1.000000e+00
   outer loop
     vertex  8.907011e+01  5.785420e+01  1.800000e+01
     vertex  9.200000e+01  5.400000e+01  1.800000e+01
     vertex  9.190648e+01  5.485988e+01  1.800000e+01
   endloop
 endfacet
 facet normal  0.000000e+00  0.000000e+00  1.000000e+00
   outer loop
     vertex  8.907011e+01  5.785420e+01  1.800000e+01
     vertex  9.190648e+01  5.485988e+01  1.800000e+01
     vertex  9.188176e+01  5.496535e+01  1.800000e+01
   endloop
 endfacet
 facet normal  0.000000e+00  0.000000e+00  1.000000e+00
   outer loop
     vertex  8.907011e+01  5.785420e+01  1.800000e+01
     vertex  9.188176e+01  5.496535e+01  1.800000e+01
     vertex  9.185420e+01  5.507011e+01  1.800000e+01
   endloop
 endfacet
 facet normal  0.000000e+00  0.000000e+00  1.000000e+00
   outer loop
     vertex  8.907011e+01  5.785420e+01  1.800000e+01
     vertex  8.800000e+01  5.800000e+01  1.800000e+01
     vertex  9.200000e+01  5.400000e+01  1.800000e+01
   endloop
 endfacet
 facet normal  0.000000e+00  0.000000e+00  1.000000e+00
   outer loop
     vertex  9.179061e+01  5.527721e+01  1.800000e+01
     vertex  9.185420e+01  5.507011e+01  1.800000e+01
     vertex  9.182381e+01  5.517409e+01  1.800000e+01
   endloop
 endfacet
 facet normal  0.000000e+00  0.000000e+00  1.000000e+00
   outer loop
     vertex  8.927721e+01  5.779061e+01  1.800000e+01
     vertex  8.907011e+01  5.785420e+01  1.800000e+01
     vertex  9.185420e+01  5.507011e+01  1.800000e+01
   endloop
 endfacet
 facet normal  0.000000e+00  0.000000e+00  1.000000e+00
   outer loop
     vertex  8.927721e+01  5.779061e+01  1.800000e+01
     vertex  8.917409e+01  5.782381e+01  1.800000e+01
     vertex  8.907011e+01  5.785420e+01  1.800000e+01
   endloop
 endfacet
 facet normal  0.000000e+00  0.000000e+00  1.000000e+00
   outer loop
     vertex  9.171591e+01  5.548055e+01  1.800000e+01
     vertex  9.179061e+01  5.527721e+01  1.800000e+01
     vertex  9.175464e+01  5.537939e+01  1.800000e+01
   endloop
 endfacet
 facet normal  0.000000e+00  0.000000e+00  1.000000e+00
   outer loop
     vertex  9.171591e+01  5.548055e+01  1.800000e+01
     vertex  9.185420e+01  5.507011e+01  1.800000e+01
     vertex  9.179061e+01  5.527721e+01  1.800000e+01
   endloop
 endfacet
 facet normal  0.000000e+00  0.000000e+00  1.000000e+00
   outer loop
     vertex  8.967956e+01  5.763030e+01  1.800000e+01
     vertex  8.958063e+01  5.767445e+01  1.800000e+01
     vertex  8.948055e+01  5.771591e+01  1.800000e+01
   endloop
 endfacet
 facet normal  0.000000e+00  0.000000e+00  1.000000e+00
   outer loop
     vertex  8.977725e+01  5.758349e+01  1.800000e+01
     vertex  8.967956e+01  5.763030e+01  1.800000e+01
     vertex  8.948055e+01  5.771591e+01  1.800000e+01
   endloop
 endfacet
 facet normal  0.000000e+00  0.000000e+00  1.000000e+00
   outer loop
     vertex  8.977725e+01  5.758349e+01  1.800000e+01
     vertex  8.948055e+01  5.771591e+01  1.800000e+01
     vertex  8.937939e+01  5.775464e+01  1.800000e+01
   endloop
 endfacet
 facet normal  0.000000e+00  0.000000e+00  1.000000e+00
   outer loop
     vertex  9.153405e+01  5.587363e+01  1.800000e+01
     vertex  9.171591e+01  5.548055e+01  1.800000e+01
     vertex  9.167445e+01  5.558063e+01  1.800000e+01
   endloop
 endfacet
 facet normal  0.000000e+00  0.000000e+00  1.000000e+00
   outer loop
     vertex  9.153405e+01  5.587363e+01  1.800000e+01
     vertex  9.167445e+01  5.558063e+01  1.800000e+01
     vertex  9.163030e+01  5.567956e+01  1.800000e+01
   endloop
 endfacet
 facet normal  0.000000e+00  0.000000e+00  1.000000e+00
   outer loop
     vertex  9.153405e+01  5.587363e+01  1.800000e+01
     vertex  9.163030e+01  5.567956e+01  1.800000e+01
     vertex  9.158349e+01  5.577725e+01  1.800000e+01
   endloop
 endfacet
 facet normal  0.000000e+00  0.000000e+00  1.000000e+00
   outer loop
     vertex  9.153405e+01  5.587363e+01  1.800000e+01
     vertex  9.185420e+01  5.507011e+01  1.800000e+01
     vertex  9.171591e+01  5.548055e+01  1.800000e+01
   endloop
 endfacet
 facet normal  0.000000e+00  0.000000e+00  1.000000e+00
   outer loop
     vertex  8.987363e+01  5.753405e+01  1.800000e+01
     vertex  8.977725e+01  5.758349e+01  1.800000e+01
     vertex  8.937939e+01  5.775464e+01  1.800000e+01
   endloop
 endfacet
 facet normal  0.000000e+00  0.000000e+00  1.000000e+00
   outer loop
     vertex  8.987363e+01  5.753405e+01  1.800000e+01
     vertex  8.937939e+01  5.775464e+01  1.800000e+01
     vertex  8.927721e+01  5.779061e+01  1.800000e+01
   endloop
 endfacet
 facet normal  0.000000e+00  0.000000e+00  1.000000e+00
   outer loop
     vertex  9.137033e+01  5.615427e+01  1.800000e+01
     vertex  9.153405e+01  5.587363e+01  1.800000e+01
     vertex  9.148202e+01  5.596865e+01  1.800000e+01
   endloop
 endfacet
 facet normal  0.000000e+00  0.000000e+00  1.000000e+00
   outer loop
     vertex  9.137033e+01  5.615427e+01  1.800000e+01
     vertex  9.148202e+01  5.596865e+01  1.800000e+01
     vertex  9.142743e+01  5.606222e+01  1.800000e+01
   endloop
 endfacet
 facet normal  0.000000e+00  0.000000e+00  1.000000e+00
   outer loop
     vertex  9.015427e+01  5.737033e+01  1.800000e+01
     vertex  9.006222e+01  5.742743e+01  1.800000e+01
     vertex  8.996865e+01  5.748202e+01  1.800000e+01
   endloop
 endfacet
 facet normal  0.000000e+00  0.000000e+00  1.000000e+00
   outer loop
     vertex  9.015427e+01  5.737033e+01  1.800000e+01
     vertex  8.996865e+01  5.748202e+01  1.800000e+01
     vertex  8.987363e+01  5.753405e+01  1.800000e+01
   endloop
 endfacet
 facet normal  0.000000e+00  0.000000e+00  1.000000e+00
   outer loop
     vertex  9.131076e+01  5.624475e+01  1.800000e+01
     vertex  9.153405e+01  5.587363e+01  1.800000e+01
     vertex  9.137033e+01  5.615427e+01  1.800000e+01
   endloop
 endfacet
 facet normal  0.000000e+00  0.000000e+00  1.000000e+00
   outer loop
     vertex  9.124876e+01  5.633358e+01  1.800000e+01
     vertex  9.185420e+01  5.507011e+01  1.800000e+01
     vertex  9.153405e+01  5.587363e+01  1.800000e+01
   endloop
 endfacet
 facet normal  0.000000e+00  0.000000e+00  1.000000e+00
   outer loop
     vertex  9.124876e+01  5.633358e+01  1.800000e+01
     vertex  9.153405e+01  5.587363e+01  1.800000e+01
     vertex  9.131076e+01  5.624475e+01  1.800000e+01
   endloop
 endfacet
 facet normal  0.000000e+00  0.000000e+00  1.000000e+00
   outer loop
     vertex  9.033358e+01  5.724876e+01  1.800000e+01
     vertex  9.024475e+01  5.731076e+01  1.800000e+01
     vertex  9.015427e+01  5.737033e+01  1.800000e+01
   endloop
 endfacet
 facet normal  0.000000e+00  0.000000e+00  1.000000e+00
   outer loop
     vertex  9.033358e+01  5.724876e+01  1.800000e+01
     vertex  9.015427e+01  5.737033e+01  1.800000e+01
     vertex  8.987363e+01  5.753405e+01  1.800000e+01
   endloop
 endfacet
 facet normal  0.000000e+00  0.000000e+00  1.000000e+00
   outer loop
     vertex  9.042070e+01  5.718437e+01  1.800000e+01
     vertex  9.033358e+01  5.724876e+01  1.800000e+01
     vertex  8.987363e+01  5.753405e+01  1.800000e+01
   endloop
 endfacet
 facet normal  0.000000e+00  0.000000e+00  1.000000e+00
   outer loop
     vertex  9.097741e+01  5.667115e+01  1.800000e+01
     vertex  9.124876e+01  5.633358e+01  1.800000e+01
     vertex  9.118437e+01  5.642070e+01  1.800000e+01
   endloop
 endfacet
 facet normal  0.000000e+00  0.000000e+00  1.000000e+00
   outer loop
     vertex  9.097741e+01  5.667115e+01  1.800000e+01
     vertex  9.118437e+01  5.642070e+01  1.800000e+01
     vertex  9.111765e+01  5.650604e+01  1.800000e+01
   endloop
 endfacet
 facet normal  0.000000e+00  0.000000e+00  1.000000e+00
   outer loop
     vertex  9.097741e+01  5.667115e+01  1.800000e+01
     vertex  9.111765e+01  5.650604e+01  1.800000e+01
     vertex  9.104865e+01  5.658955e+01  1.800000e+01
   endloop
 endfacet
 facet normal  0.000000e+00  0.000000e+00  1.000000e+00
   outer loop
     vertex  9.097741e+01  5.667115e+01  1.800000e+01
     vertex  9.185420e+01  5.507011e+01  1.800000e+01
     vertex  9.124876e+01  5.633358e+01  1.800000e+01
   endloop
 endfacet
 facet normal  0.000000e+00  0.000000e+00  1.000000e+00
   outer loop
     vertex  9.067115e+01  5.697741e+01  1.800000e+01
     vertex  9.058955e+01  5.704865e+01  1.800000e+01
     vertex  9.050604e+01  5.711765e+01  1.800000e+01
   endloop
 endfacet
 facet normal  0.000000e+00  0.000000e+00  1.000000e+00
   outer loop
     vertex  9.067115e+01  5.697741e+01  1.800000e+01
     vertex  9.050604e+01  5.711765e+01  1.800000e+01
     vertex  9.042070e+01  5.718437e+01  1.800000e+01
   endloop
 endfacet
 facet normal  0.000000e+00  0.000000e+00  1.000000e+00
   outer loop
     vertex  9.075080e+01  5.690398e+01  1.800000e+01
     vertex  8.987363e+01  5.753405e+01  1.800000e+01
     vertex  8.927721e+01  5.779061e+01  1.800000e+01
   endloop
 endfacet
 facet normal  0.000000e+00  0.000000e+00  1.000000e+00
   outer loop
     vertex  9.075080e+01  5.690398e+01  1.800000e+01
     vertex  9.042070e+01  5.718437e+01  1.800000e+01
     vertex  8.987363e+01  5.753405e+01  1.800000e+01
   endloop
 endfacet
 facet normal  0.000000e+00  0.000000e+00  1.000000e+00
   outer loop
     vertex  9.075080e+01  5.690398e+01  1.800000e+01
     vertex  9.067115e+01  5.697741e+01  1.800000e+01
     vertex  9.042070e+01  5.718437e+01  1.800000e+01
   endloop
 endfacet
 facet normal  0.000000e+00  0.000000e+00  1.000000e+00
   outer loop
     vertex  9.082843e+01  5.682843e+01  1.800000e+01
     vertex  8.927721e+01  5.779061e+01  1.800000e+01
     vertex  9.185420e+01  5.507011e+01  1.800000e+01
   endloop
 endfacet
 facet normal  0.000000e+00  0.000000e+00  1.000000e+00
   outer loop
     vertex  9.082843e+01  5.682843e+01  1.800000e+01
     vertex  9.097741e+01  5.667115e+01  1.800000e+01
     vertex  9.090398e+01  5.675080e+01  1.800000e+01
   endloop
 endfacet
 facet normal  0.000000e+00  0.000000e+00  1.000000e+00
   outer loop
     vertex  9.082843e+01  5.682843e+01  1.800000e+01
     vertex  9.185420e+01  5.507011e+01  1.800000e+01
     vertex  9.097741e+01  5.667115e+01  1.800000e+01
   endloop
 endfacet
 facet normal  0.000000e+00  0.000000e+00  1.000000e+00
   outer loop
     vertex  9.082843e+01  5.682843e+01  1.800000e+01
     vertex  9.075080e+01  5.690398e+01  1.800000e+01
     vertex  8.927721e+01  5.779061e+01  1.800000e+01
   endloop
 endfacet
 facet normal -0.000000e+00 -1.000000e+00  0.000000e+00
   outer loop
     vertex  2.400000e+01  0.000000e+00  3.000000e+00
     vertex  1.400000e+01  0.000000e+00  3.000000e+00
     vertex  4.000000e+00  0.000000e+00  0.000000e+00
   endloop
 endfacet
 facet normal -0.000000e+00 -1.000000e+00  0.000000e+00
   outer loop
     vertex  1.400000e+01  0.000000e+00  1.500000e+01
     vertex  4.000000e+00  0.000000e+00  1.800000e+01
     vertex  4.000000e+00  0.000000e+00  0.000000e+00
   endloop
 endfacet
 facet normal  0.000000e+00 -1.000000e+00 -0.000000e+00
   outer loop
     vertex  1.400000e+01  0.000000e+00  1.500000e+01
     vertex  4.000000e+00  0.000000e+00  0.000000e+00
     vertex  1.400000e+01  0.000000e+00  3.000000e+00
   endloop
 endfacet
 facet normal  0.000000e+00 -1.000000e+00  0.000000e+00
   outer loop
     vertex  2.400000e+01  0.000000e+00  1.500000e+01
     vertex  4.000000e+00  0.000000e+00  1.800000e+01
     vertex  1.400000e+01  0.000000e+00  1.500000e+01
   endloop
 endfacet
 facet normal -0.000000e+00 -1.000000e+00  0.000000e+00
   outer loop
     vertex  3.200000e+01  0.000000e+00  1.500000e+01
     vertex  2.400000e+01  0.000000e+00  1.500000e+01
     vertex  2.400000e+01  0.000000e+00  3.000000e+00
   endloop
 endfacet
 facet normal  0.000000e+00 -1.000000e+00 -0.000000e+00
   outer loop
     vertex  3.200000e+01  0.000000e+00  1.500000e+01
     vertex  2.400000e+01  0.000000e+00  3.000000e+00
     vertex  3.200000e+01  0.000000e+00  3.000000e+00
   endloop
 endfacet
 facet normal -0.000000e+00 -1.000000e+00  0.000000e+00
   outer loop
     vertex  5.000000e+01  0.000000e+00  1.500000e+01
     vertex  4.200000e+01  0.000000e+00  1.500000e+01
     vertex  4.200000e+01  0.000000e+00  3.000000e+00
   endloop
 endfacet
 facet normal  0.000000e+00 -1.000000e+00 -0.000000e+00
   outer loop
     vertex  5.000000e+01  0.000000e+00  1.500000e+01
     vertex  4.200000e+01  0.000000e+00  3.000000e+00
     vertex  5.000000e+01  0.000000e+00  3.000000e+00
   endloop
 endfacet
 facet normal -0.000000e+00 -1.000000e+00  0.000000e+00
   outer loop
     vertex  6.800000e+01  0.000000e+00  1.500000e+01
     vertex  6.000000e+01  0.000000e+00  1.500000e+01
     vertex  6.000000e+01  0.000000e+00  3.000000e+00
   endloop
 endfacet
 facet normal  0.000000e+00 -1.000000e+00 -0.000000e+00
   outer loop
     vertex  6.800000e+01  0.000000e+00  1.500000e+01
     vertex  6.000000e+01  0.000000e+00  3.000000e+00
     vertex  6.800000e+01  0.000000e+00  3.000000e+00
   endloop
 endfacet
 facet normal  0.000000e+00 -1.000000e+00  0.000000e+00
   outer loop
     vertex  8.800000e+01  0.000000e+00  0.000000e+00
     vertex  7.800000e+01  0.000000e+00  3.000000e+00
     vertex  6.800000e+01  0.000000e+00  3.000000e+00
   endloop
 endfacet
 facet normal  0.000000e+00 -1.000000e+00  0.000000e+00
   outer loop
     vertex  8.800000e+01  0.000000e+00  1.800000e+01
     vertex  7.800000e+01  0.000000e+00  1.500000e+01
     vertex  7.800000e+01  0.000000e+00  3.000000e+00
   endloop
 endfacet
 facet normal  0.000000e+00 -1.000000e+00  0.000000e+00
   outer loop
     vertex  8.800000e+01  0.000000e+00  1.800000e+01
     vertex  6.800000e+01  0.000000e+00  1.500000e+01
     vertex  7.800000e+01  0.000000e+00  1.500000e+01
   endloop
 endfacet
 facet normal  0.000000e+00 -1.000000e+00 -0.000000e+00
   outer loop
     vertex  8.800000e+01  0.000000e+00  1.800000e+01
     vertex  7.800000e+01  0.000000e+00  3.000000e+00
     vertex  8.800000e+01  0.000000e+00  0.000000e+00
   endloop
 endfacet
 facet normal  0.000000e+00 -1.000000e+00  0.000000e+00
   outer loop
     vertex  8.800000e+01  0.000000e+00  0.000000e+00
     vertex  2.400000e+01  0.000000e+00  3.000000e+00
     vertex  4.000000e+00  0.000000e+00  0.000000e+00
   endloop
 endfacet
 facet normal  0.000000e+00 -1.000000e+00  0.000000e+00
   outer loop
     vertex  8.800000e+01  0.000000e+00  0.000000e+00
     vertex  3.200000e+01  0.000000e+00  3.000000e+00
     vertex  2.400000e+01  0.000000e+00  3.000000e+00
   endloop
 endfacet
 facet normal  0.000000e+00 -1.000000e+00  0.000000e+00
   outer loop
     vertex  8.800000e+01  0.000000e+00  0.000000e+00
     vertex  4.200000e+01  0.000000e+00  3.000000e+00
     vertex  3.200000e+01  0.000000e+00  3.000000e+00
   endloop
 endfacet
 facet normal  0.000000e+00 -1.000000e+00  0.000000e+00
   outer loop
     vertex  8.800000e+01  0.000000e+00  0.000000e+00
     vertex  5.000000e+01  0.000000e+00  3.000000e+00
     vertex  4.200000e+01  0.000000e+00  3.000000e+00
   endloop
 endfacet
 facet normal  0.000000e+00 -1.000000e+00  0.000000e+00
   outer loop
     vertex  8.800000e+01  0.000000e+00  0.000000e+00
     vertex  6.000000e+01  0.000000e+00  3.000000e+00
     vertex  5.000000e+01  0.000000e+00  3.000000e+00
   endloop
 endfacet
 facet normal  0.000000e+00 -1.000000e+00  0.000000e+00
   outer loop
     vertex  8.800000e+01  0.000000e+00  0.000000e+00
     vertex  6.800000e+01  0.000000e+00  3.000000e+00
     vertex  6.000000e+01  0.000000e+00  3.000000e+00
   endloop
 endfacet
 facet normal  0.000000e+00 -1.000000e+00  0.000000e+00
   outer loop
     vertex  4.000000e+00  0.000000e+00  1.800000e+01
     vertex  6.800000e+01  0.000000e+00  1.500000e+01
     vertex  8.800000e+01  0.000000e+00  1.800000e+01
   endloop
 endfacet
 facet normal  0.000000e+00 -1.000000e+00  0.000000e+00
   outer loop
     vertex  4.000000e+00  0.000000e+00  1.800000e+01
     vertex  6.000000e+01  0.000000e+00  1.500000e+01
     vertex  6.800000e+01  0.000000e+00  1.500000e+01
   endloop
 endfacet
 facet normal  0.000000e+00 -1.000000e+00  0.000000e+00
   outer loop
     vertex  4.000000e+00  0.000000e+00  1.800000e+01
     vertex  5.000000e+01  0.000000e+00  1.500000e+01
     vertex  6.000000e+01  0.000000e+00  1.500000e+01
   endloop
 endfacet
 facet normal  0.000000e+00 -1.000000e+00  0.000000e+00
   outer loop
     vertex  4.000000e+00  0.000000e+00  1.800000e+01
     vertex  4.200000e+01  0.000000e+00  1.500000e+01
     vertex  5.000000e+01  0.000000e+00  1.500000e+01
   endloop
 endfacet
 facet normal  0.000000e+00 -1.000000e+00  0.000000e+00
   outer loop
     vertex  4.000000e+00  0.000000e+00  1.800000e+01
     vertex  3.200000e+01  0.000000e+00  1.500000e+01
     vertex  4.200000e+01  0.000000e+00  1.500000e+01
   endloop
 endfacet
 facet normal  0.000000e+00 -1.000000e+00  0.000000e+00
   outer loop
     vertex  4.000000e+00  0.000000e+00  1.800000e+01
     vertex  2.400000e+01  0.000000e+00  1.500000e+01
     vertex  3.200000e+01  0.000000e+00  1.500000e+01
   endloop
 endfacet
 facet normal  0.000000e+00  0.000000e+00 -1.000000e+00
   outer loop
     vertex  8.812132e+01  3.878680e+00  0.000000e+00
     vertex  9.082843e+01  1.171573e+00  0.000000e+00
     vertex  9.075080e+01  1.096018e+00  0.000000e+00
   endloop
 endfacet
 facet normal  0.000000e+00  0.000000e+00 -1.000000e+00
   outer loop
     vertex  8.812132e+01  3.878680e+00  0.000000e+00
     vertex  9.090398e+01  1.249202e+00  0.000000e+00
     vertex  9.082843e+01  1.171573e+00  0.000000e+00
   endloop
 endfacet
 facet normal  0.000000e+00  0.000000e+00 -1.000000e+00
   outer loop
     vertex  8.806310e+01  3.822014e+00  0.000000e+00
     vertex  9.058955e+01  9.513518e-01  0.000000e+00
     vertex  9.050604e+01  8.823465e-01  0.000000e+00
   endloop
 endfacet
 facet normal  0.000000e+00  0.000000e+00 -1.000000e+00
   outer loop
     vertex  8.806310e+01  3.822014e+00  0.000000e+00
     vertex  9.067115e+01  1.022593e+00  0.000000e+00
     vertex  9.058955e+01  9.513518e-01  0.000000e+00
   endloop
 endfacet
 facet normal  0.000000e+00  0.000000e+00 -1.000000e+00
   outer loop
     vertex  8.806310e+01  3.822014e+00  0.000000e+00
     vertex  9.075080e+01  1.096018e+00  0.000000e+00
     vertex  9.067115e+01  1.022593e+00  0.000000e+00
   endloop
 endfacet
 facet normal  0.000000e+00  0.000000e+00 -1.000000e+00
   outer loop
     vertex  8.806310e+01  3.822014e+00  0.000000e+00
     vertex  8.812132e+01  3.878680e+00  0.000000e+00
     vertex  9.075080e+01  1.096018e+00  0.000000e+00
   endloop
 endfacet
 facet normal  0.000000e+00  0.000000e+00 -1.000000e+00
   outer loop
     vertex  8.817799e+01  3.936902e+00  0.000000e+00
     vertex  9.097741e+01  1.328849e+00  0.000000e+00
     vertex  9.090398e+01  1.249202e+00  0.000000e+00
   endloop
 endfacet
 facet normal  0.000000e+00  0.000000e+00 -1.000000e+00
   outer loop
     vertex  8.817799e+01  3.936902e+00  0.000000e+00
     vertex  9.104865e+01  1.410455e+00  0.000000e+00
     vertex  9.097741e+01  1.328849e+00  0.000000e+00
   endloop
 endfacet
 facet normal  0.000000e+00  0.000000e+00 -1.000000e+00
   outer loop
     vertex  8.817799e+01  3.936902e+00  0.000000e+00
     vertex  9.111765e+01  1.493960e+00  0.000000e+00
     vertex  9.104865e+01  1.410455e+00  0.000000e+00
   endloop
 endfacet
 facet normal  0.000000e+00 -0.000000e+00 -1.000000e+00
   outer loop
     vertex  8.817799e+01  3.936902e+00  0.000000e+00
     vertex  9.090398e+01  1.249202e+00  0.000000e+00
     vertex  8.812132e+01  3.878680e+00  0.000000e+00
   endloop
 endfacet
 facet normal  0.000000e+00  0.000000e+00 -1.000000e+00
   outer loop
     vertex  8.800336e+01  3.766945e+00  0.000000e+00
     vertex  9.050604e+01  8.823465e-01  0.000000e+00
     vertex  9.042070e+01  8.156277e-01  0.000000e+00
   endloop
 endfacet
 facet normal  0.000000e+00  0.000000e+00 -1.000000e+00
   outer loop
     vertex  8.800336e+01  3.766945e+00  0.000000e+00
     vertex  8.806310e+01  3.822014e+00  0.000000e+00
     vertex  9.050604e+01  8.823465e-01  0.000000e+00
   endloop
 endfacet
 facet normal  0.000000e+00  0.000000e+00 -1.000000e+00
   outer loop
     vertex  8.800336e+01  3.766945e+00  0.000000e+00
     vertex  9.042070e+01  8.156277e-01  0.000000e+00
     vertex  9.033358e+01  7.512445e-01  0.000000e+00
   endloop
 endfacet
 facet normal  0.000000e+00  0.000000e+00 -1.000000e+00
   outer loop
     vertex  8.823306e+01  3.996637e+00  0.000000e+00
     vertex  9.118437e+01  1.579303e+00  0.000000e+00
     vertex  9.111765e+01  1.493960e+00  0.000000e+00
   endloop
 endfacet
 facet normal  0.000000e+00  0.000000e+00 -1.000000e+00
   outer loop
     vertex  8.823306e+01  3.996637e+00  0.000000e+00
     vertex  9.124876e+01  1.666422e+00  0.000000e+00
     vertex  9.118437e+01  1.579303e+00  0.000000e+00
   endloop
 endfacet
 facet normal  0.000000e+00 -0.000000e+00 -1.000000e+00
   outer loop
     vertex  8.823306e+01  3.996637e+00  0.000000e+00
     vertex  9.111765e+01  1.493960e+00  0.000000e+00
     vertex  8.817799e+01  3.936902e+00  0.000000e+00
   endloop
 endfacet
 facet normal  0.000000e+00  0.000000e+00 -1.000000e+00
   outer loop
     vertex  8.794216e+01  3.713514e+00  0.000000e+00
     vertex  8.800336e+01  3.766945e+00  0.000000e+00
     vertex  9.033358e+01  7.512445e-01  0.000000e+00
   endloop
 endfacet
 facet normal  0.000000e+00  0.000000e+00 -1.000000e+00
   outer loop
     vertex  8.794216e+01  3.713514e+00  0.000000e+00
     vertex  9.024475e+01  6.892440e-01  0.000000e+00
     vertex  9.015427e+01  6.296717e-01  0.000000e+00
   endloop
 endfacet
 facet normal  0.000000e+00  0.000000e+00 -1.000000e+00
   outer loop
     vertex  8.794216e+01  3.713514e+00  0.000000e+00
     vertex  9.033358e+01  7.512445e-01  0.000000e+00
     vertex  9.024475e+01  6.892440e-01  0.000000e+00
   endloop
 endfacet
 facet normal  0.000000e+00  0.000000e+00 -1.000000e+00
   outer loop
     vertex  8.828649e+01  4.057841e+00  0.000000e+00
     vertex  9.131076e+01  1.755252e+00  0.000000e+00
     vertex  9.124876e+01  1.666422e+00  0.000000e+00
   endloop
 endfacet
 facet normal  0.000000e+00  0.000000e+00 -1.000000e+00
   outer loop
     vertex  8.828649e+01  4.057841e+00  0.000000e+00
     vertex  9.137033e+01  1.845728e+00  0.000000e+00
     vertex  9.131076e+01  1.755252e+00  0.000000e+00
   endloop
 endfacet
 facet normal  0.000000e+00 -0.000000e+00 -1.000000e+00
   outer loop
     vertex  8.828649e+01  4.057841e+00  0.000000e+00
     vertex  9.124876e+01  1.666422e+00  0.000000e+00
     vertex  8.823306e+01  3.996637e+00  0.000000e+00
   endloop
 endfacet
 facet normal  0.000000e+00  0.000000e+00 -1.000000e+00
   outer loop
     vertex  8.833824e+01  4.120470e+00  0.000000e+00
     vertex  9.142743e+01  1.937785e+00  0.000000e+00
     vertex  9.137033e+01  1.845728e+00  0.000000e+00
   endloop
 endfacet
 facet normal  0.000000e+00  0.000000e+00 -1.000000e+00
   outer loop
     vertex  8.833824e+01  4.120470e+00  0.000000e+00
     vertex  9.148202e+01  2.031353e+00  0.000000e+00
     vertex  9.142743e+01  1.937785e+00  0.000000e+00
   endloop
 endfacet
 facet normal  0.000000e+00  0.000000e+00 -1.000000e+00
   outer loop
     vertex  8.833824e+01  4.120470e+00  0.000000e+00
     vertex  9.153405e+01  2.126366e+00  0.000000e+00
     vertex  9.148202e+01  2.031353e+00  0.000000e+00
   endloop
 endfacet
 facet normal  0.000000e+00 -0.000000e+00 -1.000000e+00
   outer loop
     vertex  8.833824e+01  4.120470e+00  0.000000e+00
     vertex  9.137033e+01  1.845728e+00  0.000000e+00
     vertex  8.828649e+01  4.057841e+00  0.000000e+00
   endloop
 endfacet
 facet normal  0.000000e+00  0.000000e+00 -1.000000e+00
   outer loop
     vertex  8.787953e+01  3.661760e+00  0.000000e+00
     vertex  8.794216e+01  3.713514e+00  0.000000e+00
     vertex  9.015427e+01  6.296717e-01  0.000000e+00
   endloop
 endfacet
 facet normal  0.000000e+00  0.000000e+00 -1.000000e+00
   outer loop
     vertex  8.787953e+01  3.661760e+00  0.000000e+00
     vertex  8.996865e+01  5.179847e-01  0.000000e+00
     vertex  8.987363e+01  4.659518e-01  0.000000e+00
   endloop
 endfacet
 facet normal  0.000000e+00  0.000000e+00 -1.000000e+00
   outer loop
     vertex  8.787953e+01  3.661760e+00  0.000000e+00
     vertex  9.006222e+01  5.725713e-01  0.000000e+00
     vertex  8.996865e+01  5.179847e-01  0.000000e+00
   endloop
 endfacet
 facet normal  0.000000e+00  0.000000e+00 -1.000000e+00
   outer loop
     vertex  8.787953e+01  3.661760e+00  0.000000e+00
     vertex  9.015427e+01  6.296717e-01  0.000000e+00
     vertex  9.006222e+01  5.725713e-01  0.000000e+00
   endloop
 endfacet
 facet normal  0.000000e+00  0.000000e+00 -1.000000e+00
   outer loop
     vertex  8.781552e+01  3.611721e+00  0.000000e+00
     vertex  8.787953e+01  3.661760e+00  0.000000e+00
     vertex  8.987363e+01  4.659518e-01  0.000000e+00
   endloop
 endfacet
 facet normal  0.000000e+00  0.000000e+00 -1.000000e+00
   outer loop
     vertex  8.781552e+01  3.611721e+00  0.000000e+00
     vertex  8.977725e+01  4.165110e-01  0.000000e+00
     vertex  8.967956e+01  3.696983e-01  0.000000e+00
   endloop
 endfacet
 facet normal  0.000000e+00  0.000000e+00 -1.000000e+00
   outer loop
     vertex  8.781552e+01  3.611721e+00  0.000000e+00
     vertex  8.987363e+01  4.659518e-01  0.000000e+00
     vertex  8.977725e+01  4.165110e-01  0.000000e+00
   endloop
 endfacet
 facet normal  0.000000e+00  0.000000e+00 -1.000000e+00
   outer loop
     vertex  8.838828e+01  4.184477e+00  0.000000e+00
     vertex  9.158349e+01  2.222753e+00  0.000000e+00
     vertex  9.153405e+01  2.126366e+00  0.000000e+00
   endloop
 endfacet
 facet normal  0.000000e+00  0.000000e+00 -1.000000e+00
   outer loop
     vertex  8.838828e+01  4.184477e+00  0.000000e+00
     vertex  9.163030e+01  2.320444e+00  0.000000e+00
     vertex  9.158349e+01  2.222753e+00  0.000000e+00
   endloop
 endfacet
 facet normal  0.000000e+00 -0.000000e+00 -1.000000e+00
   outer loop
     vertex  8.838828e+01  4.184477e+00  0.000000e+00
     vertex  9.153405e+01  2.126366e+00  0.000000e+00
     vertex  8.833824e+01  4.120470e+00  0.000000e+00
   endloop
 endfacet
 facet normal  0.000000e+00  0.000000e+00 -1.000000e+00
   outer loop
     vertex  8.843657e+01  4.249816e+00  0.000000e+00
     vertex  9.167445e+01  2.419366e+00  0.000000e+00
     vertex  9.163030e+01  2.320444e+00  0.000000e+00
   endloop
 endfacet
 facet normal  0.000000e+00  0.000000e+00 -1.000000e+00
   outer loop
     vertex  8.843657e+01  4.249816e+00  0.000000e+00
     vertex  9.171591e+01  2.519447e+00  0.000000e+00
     vertex  9.167445e+01  2.419366e+00  0.000000e+00
   endloop
 endfacet
 facet normal  0.000000e+00 -0.000000e+00 -1.000000e+00
   outer loop
     vertex  8.843657e+01  4.249816e+00  0.000000e+00
     vertex  9.163030e+01  2.320444e+00  0.000000e+00
     vertex  8.838828e+01  4.184477e+00  0.000000e+00
   endloop
 endfacet
 facet normal  0.000000e+00  0.000000e+00 -1.000000e+00
   outer loop
     vertex  8.775018e+01  3.563433e+00  0.000000e+00
     vertex  8.781552e+01  3.611721e+00  0.000000e+00
     vertex  8.967956e+01  3.696983e-01  0.000000e+00
   endloop
 endfacet
 facet normal  0.000000e+00  0.000000e+00 -1.000000e+00
   outer loop
     vertex  8.775018e+01  3.563433e+00  0.000000e+00
     vertex  8.958063e+01  3.255482e-01  0.000000e+00
     vertex  8.948055e+01  2.840931e-01  0.000000e+00
   endloop
 endfacet
 facet normal  0.000000e+00  0.000000e+00 -1.000000e+00
   outer loop
     vertex  8.775018e+01  3.563433e+00  0.000000e+00
     vertex  8.967956e+01  3.696983e-01  0.000000e+00
     vertex  8.958063e+01  3.255482e-01  0.000000e+00
   endloop
 endfacet
 facet normal  0.000000e+00  0.000000e+00 -1.000000e+00
   outer loop
     vertex  8.768356e+01  3.516933e+00  0.000000e+00
     vertex  8.775018e+01  3.563433e+00  0.000000e+00
     vertex  8.948055e+01  2.840931e-01  0.000000e+00
   endloop
 endfacet
 facet normal  0.000000e+00  0.000000e+00 -1.000000e+00
   outer loop
     vertex  8.768356e+01  3.516933e+00  0.000000e+00
     vertex  8.937939e+01  2.453633e-01  0.000000e+00
     vertex  8.927721e+01  2.093873e-01  0.000000e+00
   endloop
 endfacet
 facet normal  0.000000e+00  0.000000e+00 -1.000000e+00
   outer loop
     vertex  8.768356e+01  3.516933e+00  0.000000e+00
     vertex  8.948055e+01  2.840931e-01  0.000000e+00
     vertex  8.937939e+01  2.453633e-01  0.000000e+00
   endloop
 endfacet
 facet normal  0.000000e+00  0.000000e+00 -1.000000e+00
   outer loop
     vertex  8.848307e+01  4.316439e+00  0.000000e+00
     vertex  9.175464e+01  2.620615e+00  0.000000e+00
     vertex  9.171591e+01  2.519447e+00  0.000000e+00
   endloop
 endfacet
 facet normal  0.000000e+00  0.000000e+00 -1.000000e+00
   outer loop
     vertex  8.848307e+01  4.316439e+00  0.000000e+00
     vertex  9.179061e+01  2.722794e+00  0.000000e+00
     vertex  9.175464e+01  2.620615e+00  0.000000e+00
   endloop
 endfacet
 facet normal  0.000000e+00 -0.000000e+00 -1.000000e+00
   outer loop
     vertex  8.848307e+01  4.316439e+00  0.000000e+00
     vertex  9.171591e+01  2.519447e+00  0.000000e+00
     vertex  8.843657e+01  4.249816e+00  0.000000e+00
   endloop
 endfacet
 facet normal  0.000000e+00  0.000000e+00 -1.000000e+00
   outer loop
     vertex  8.761570e+01  3.472254e+00  0.000000e+00
     vertex  8.768356e+01  3.516933e+00  0.000000e+00
     vertex  8.927721e+01  2.093873e-01  0.000000e+00
   endloop
 endfacet
 facet normal  0.000000e+00  0.000000e+00 -1.000000e+00
   outer loop
     vertex  8.761570e+01  3.472254e+00  0.000000e+00
     vertex  8.907011e+01  1.458000e-01  0.000000e+00
     vertex  8.896535e+01  1.182354e-01  0.000000e+00
   endloop
 endfacet
 facet normal  0.000000e+00  0.000000e+00 -1.000000e+00
   outer loop
     vertex  8.761570e+01  3.472254e+00  0.000000e+00
     vertex  8.917409e+01  1.761914e-01  0.000000e+00
     vertex  8.907011e+01  1.458000e-01  0.000000e+00
   endloop
 endfacet
 facet normal  0.000000e+00  0.000000e+00 -1.000000e+00
   outer loop
     vertex  8.761570e+01  3.472254e+00  0.000000e+00
     vertex  8.927721e+01  2.093873e-01  0.000000e+00
     vertex  8.917409e+01  1.761914e-01  0.000000e+00
   endloop
 endfacet
 facet normal  0.000000e+00  0.000000e+00 -1.000000e+00
   outer loop
     vertex  8.852775e+01  4.384296e+00  0.000000e+00
     vertex  9.182381e+01  2.825910e+00  0.000000e+00
     vertex  9.179061e+01  2.722794e+00  0.000000e+00
   endloop
 endfacet
 facet normal  0.000000e+00  0.000000e+00 -1.000000e+00
   outer loop
     vertex  8.852775e+01  4.384296e+00  0.000000e+00
     vertex  9.185420e+01  2.929887e+00  0.000000e+00
     vertex  9.182381e+01  2.825910e+00  0.000000e+00
   endloop
 endfacet
 facet normal  0.000000e+00  0.000000e+00 -1.000000e+00
   outer loop
     vertex  8.852775e+01  4.384296e+00  0.000000e+00
     vertex  9.188176e+01  3.034648e+00  0.000000e+00
     vertex  9.185420e+01  2.929887e+00  0.000000e+00
   endloop
 endfacet
 facet normal  0.000000e+00 -0.000000e+00 -1.000000e+00
   outer loop
     vertex  8.852775e+01  4.384296e+00  0.000000e+00
     vertex  9.179061e+01  2.722794e+00  0.000000e+00
     vertex  8.848307e+01  4.316439e+00  0.000000e+00
   endloop
 endfacet
 facet normal  0.000000e+00  0.000000e+00 -1.000000e+00
   outer loop
     vertex  8.754666e+01  3.429428e+00  0.000000e+00
     vertex  8.761570e+01  3.472254e+00  0.000000e+00
     vertex  8.896535e+01  1.182354e-01  0.000000e+00
   endloop
 endfacet
 facet normal  0.000000e+00  0.000000e+00 -1.000000e+00
   outer loop
     vertex  8.754666e+01  3.429428e+00  0.000000e+00
     vertex  8.885988e+01  9.351778e-02  0.000000e+00
     vertex  8.875378e+01  7.166527e-02  0.000000e+00
   endloop
 endfacet
 facet normal  0.000000e+00  0.000000e+00 -1.000000e+00
   outer loop
     vertex  8.754666e+01  3.429428e+00  0.000000e+00
     vertex  8.896535e+01  1.182354e-01  0.000000e+00
     vertex  8.885988e+01  9.351778e-02  0.000000e+00
   endloop
 endfacet
 facet normal  0.000000e+00  0.000000e+00 -1.000000e+00
   outer loop
     vertex  8.857057e+01  4.453338e+00  0.000000e+00
     vertex  9.190648e+01  3.140118e+00  0.000000e+00
     vertex  9.188176e+01  3.034648e+00  0.000000e+00
   endloop
 endfacet
 facet normal  0.000000e+00  0.000000e+00 -1.000000e+00
   outer loop
     vertex  8.857057e+01  4.453338e+00  0.000000e+00
     vertex  9.192833e+01  3.246219e+00  0.000000e+00
     vertex  9.190648e+01  3.140118e+00  0.000000e+00
   endloop
 endfacet
 facet normal  0.000000e+00 -0.000000e+00 -1.000000e+00
   outer loop
     vertex  8.857057e+01  4.453338e+00  0.000000e+00
     vertex  9.188176e+01  3.034648e+00  0.000000e+00
     vertex  8.852775e+01  4.384296e+00  0.000000e+00
   endloop
 endfacet
 facet normal  0.000000e+00  0.000000e+00 -1.000000e+00
   outer loop
     vertex  8.747648e+01  3.388488e+00  0.000000e+00
     vertex  8.754666e+01  3.429428e+00  0.000000e+00
     vertex  8.875378e+01  7.166527e-02  0.000000e+00
   endloop
 endfacet
 facet normal  0.000000e+00  0.000000e+00 -1.000000e+00
   outer loop
     vertex  8.747648e+01  3.388488e+00  0.000000e+00
     vertex  8.864713e+01  5.269391e-02  0.000000e+00
     vertex  8.854000e+01  3.661761e-02  0.000000e+00
   endloop
 endfacet
 facet normal  0.000000e+00  0.000000e+00 -1.000000e+00
   outer loop
     vertex  8.747648e+01  3.388488e+00  0.000000e+00
     vertex  8.875378e+01  7.166527e-02  0.000000e+00
     vertex  8.864713e+01  5.269391e-02  0.000000e+00
   endloop
 endfacet
 facet normal  0.000000e+00 -0.000000e+00 -1.000000e+00
   outer loop
     vertex  8.861151e+01  4.523515e+00  0.000000e+00
     vertex  9.192833e+01  3.246219e+00  0.000000e+00
     vertex  8.857057e+01  4.453338e+00  0.000000e+00
   endloop
 endfacet
 facet normal  0.000000e+00  0.000000e+00 -1.000000e+00
   outer loop
     vertex  8.861151e+01  4.523515e+00  0.000000e+00
     vertex  9.194731e+01  3.352872e+00  0.000000e+00
     vertex  9.192833e+01  3.246219e+00  0.000000e+00
   endloop
 endfacet
 facet normal  0.000000e+00  0.000000e+00 -1.000000e+00
   outer loop
     vertex  8.861151e+01  4.523515e+00  0.000000e+00
     vertex  9.196338e+01  3.460000e+00  0.000000e+00
     vertex  9.194731e+01  3.352872e+00  0.000000e+00
   endloop
 endfacet
 facet normal  0.000000e+00  0.000000e+00 -1.000000e+00
   outer loop
     vertex  8.740523e+01  3.349464e+00  0.000000e+00
     vertex  8.747648e+01  3.388488e+00  0.000000e+00
     vertex  8.854000e+01  3.661761e-02  0.000000e+00
   endloop
 endfacet
 facet normal  0.000000e+00  0.000000e+00 -1.000000e+00
   outer loop
     vertex  8.740523e+01  3.349464e+00  0.000000e+00
     vertex  8.843248e+01  2.344817e-02  0.000000e+00
     vertex  8.832463e+01  1.319524e-02  0.000000e+00
   endloop
 endfacet
 facet normal  0.000000e+00  0.000000e+00 -1.000000e+00
   outer loop
     vertex  8.740523e+01  3.349464e+00  0.000000e+00
     vertex  8.854000e+01  3.661761e-02  0.000000e+00
     vertex  8.843248e+01  2.344817e-02  0.000000e+00
   endloop
 endfacet
 facet normal  0.000000e+00 -0.000000e+00 -1.000000e+00
   outer loop
     vertex  8.865054e+01  4.594775e+00  0.000000e+00
     vertex  9.196338e+01  3.460000e+00  0.000000e+00
     vertex  8.861151e+01  4.523515e+00  0.000000e+00
   endloop
 endfacet
 facet normal  0.000000e+00  0.000000e+00 -1.000000e+00
   outer loop
     vertex  8.865054e+01  4.594775e+00  0.000000e+00
     vertex  9.197655e+01  3.567524e+00  0.000000e+00
     vertex  9.196338e+01  3.460000e+00  0.000000e+00
   endloop
 endfacet
 facet normal  0.000000e+00  0.000000e+00 -1.000000e+00
   outer loop
     vertex  8.865054e+01  4.594775e+00  0.000000e+00
     vertex  9.198680e+01  3.675365e+00  0.000000e+00
     vertex  9.197655e+01  3.567524e+00  0.000000e+00
   endloop
 endfacet
 facet normal  0.000000e+00  0.000000e+00 -1.000000e+00
   outer loop
     vertex  8.733294e+01  3.312383e+00  0.000000e+00
     vertex  8.740523e+01  3.349464e+00  0.000000e+00
     vertex  8.832463e+01  1.319524e-02  0.000000e+00
   endloop
 endfacet
 facet normal  0.000000e+00  0.000000e+00 -1.000000e+00
   outer loop
     vertex  8.733294e+01  3.312383e+00  0.000000e+00
     vertex  8.821656e+01  5.866345e-03  0.000000e+00
     vertex  8.810832e+01  1.466855e-03  0.000000e+00
   endloop
 endfacet
 facet normal  0.000000e+00  0.000000e+00 -1.000000e+00
   outer loop
     vertex  8.733294e+01  3.312383e+00  0.000000e+00
     vertex  8.832463e+01  1.319524e-02  0.000000e+00
     vertex  8.821656e+01  5.866345e-03  0.000000e+00
   endloop
 endfacet
 facet normal  0.000000e+00 -0.000000e+00 -1.000000e+00
   outer loop
     vertex  8.868762e+01  4.667065e+00  0.000000e+00
     vertex  9.198680e+01  3.675365e+00  0.000000e+00
     vertex  8.865054e+01  4.594775e+00  0.000000e+00
   endloop
 endfacet
 facet normal  0.000000e+00  0.000000e+00 -1.000000e+00
   outer loop
     vertex  8.868762e+01  4.667065e+00  0.000000e+00
     vertex  9.199413e+01  3.783444e+00  0.000000e+00
     vertex  9.198680e+01  3.675365e+00  0.000000e+00
   endloop
 endfacet
 facet normal  0.000000e+00  0.000000e+00 -1.000000e+00
   outer loop
     vertex  8.868762e+01  4.667065e+00  0.000000e+00
     vertex  9.199853e+01  3.891682e+00  0.000000e+00
     vertex  9.199413e+01  3.783444e+00  0.000000e+00
   endloop
 endfacet
 facet normal  0.000000e+00  0.000000e+00 -1.000000e+00
   outer loop
     vertex  8.725967e+01  3.277274e+00  0.000000e+00
     vertex  8.733294e+01  3.312383e+00  0.000000e+00
     vertex  8.810832e+01  1.466855e-03  0.000000e+00
   endloop
 endfacet
 facet normal  0.000000e+00  0.000000e+00 -1.000000e+00
   outer loop
     vertex  8.725967e+01  3.277274e+00  0.000000e+00
     vertex  8.810832e+01  1.466855e-03  0.000000e+00
     vertex  8.800000e+01  0.000000e+00  0.000000e+00
   endloop
 endfacet
 facet normal  0.000000e+00  0.000000e+00 -1.000000e+00
   outer loop
     vertex  8.872273e+01  4.740333e+00  0.000000e+00
     vertex  9.200000e+01  4.000000e+00  0.000000e+00
     vertex  9.199853e+01  3.891682e+00  0.000000e+00
   endloop
 endfacet
 facet normal  0.000000e+00 -0.000000e+00 -1.000000e+00
   outer loop
     vertex  8.872273e+01  4.740333e+00  0.000000e+00
     vertex  9.199853e+01  3.891682e+00  0.000000e+00
     vertex  8.868762e+01  4.667065e+00  0.000000e+00
   endloop
 endfacet
 facet normal  0.000000e+00  0.000000e+00 -1.000000e+00
   outer loop
     vertex  8.718548e+01  3.244161e+00  0.000000e+00
     vertex  8.725967e+01  3.277274e+00  0.000000e+00
     vertex  8.800000e+01  0.000000e+00  0.000000e+00
   endloop
 endfacet
 facet normal  0.000000e+00 -0.000000e+00 -1.000000e+00
   outer loop
     vertex  8.875584e+01  4.814524e+00  0.000000e+00
     vertex  9.200000e+01  4.000000e+00  0.000000e+00
     vertex  8.872273e+01  4.740333e+00  0.000000e+00
   endloop
 endfacet
 facet normal  0.000000e+00  0.000000e+00 -1.000000e+00
   outer loop
     vertex  8.711041e+01  3.213070e+00  0.000000e+00
     vertex  8.718548e+01  3.244161e+00  0.000000e+00
     vertex  8.800000e+01  0.000000e+00  0.000000e+00
   endloop
 endfacet
 facet normal  0.000000e+00 -0.000000e+00 -1.000000e+00
   outer loop
     vertex  8.878693e+01  4.889586e+00  0.000000e+00
     vertex  9.200000e+01  4.000000e+00  0.000000e+00
     vertex  8.875584e+01  4.814524e+00  0.000000e+00
   endloop
 endfacet
 facet normal  0.000000e+00  0.000000e+00 -1.000000e+00
   outer loop
     vertex  8.703454e+01  3.184023e+00  0.000000e+00
     vertex  8.711041e+01  3.213070e+00  0.000000e+00
     vertex  8.800000e+01  0.000000e+00  0.000000e+00
   endloop
 endfacet
 facet normal  0.000000e+00 -0.000000e+00 -1.000000e+00
   outer loop
     vertex  8.881598e+01  4.965461e+00  0.000000e+00
     vertex  9.200000e+01  4.000000e+00  0.000000e+00
     vertex  8.878693e+01  4.889586e+00  0.000000e+00
   endloop
 endfacet
 facet normal  0.000000e+00  0.000000e+00 -1.000000e+00
   outer loop
     vertex  8.695790e+01  3.157040e+00  0.000000e+00
     vertex  8.703454e+01  3.184023e+00  0.000000e+00
     vertex  8.800000e+01  0.000000e+00  0.000000e+00
   endloop
 endfacet
 facet normal  0.000000e+00 -0.000000e+00 -1.000000e+00
   outer loop
     vertex  8.884296e+01  5.042095e+00  0.000000e+00
     vertex  9.200000e+01  4.000000e+00  0.000000e+00
     vertex  8.881598e+01  4.965461e+00  0.000000e+00
   endloop
 endfacet
 facet normal  0.000000e+00  0.000000e+00 -1.000000e+00
   outer loop
     vertex  8.688057e+01  3.132144e+00  0.000000e+00
     vertex  8.695790e+01  3.157040e+00  0.000000e+00
     vertex  8.800000e+01  0.000000e+00  0.000000e+00
   endloop
 endfacet
 facet normal  0.000000e+00 -0.000000e+00 -1.000000e+00
   outer loop
     vertex  8.886786e+01  5.119432e+00  0.000000e+00
     vertex  9.200000e+01  4.000000e+00  0.000000e+00
     vertex  8.884296e+01  5.042095e+00  0.000000e+00
   endloop
 endfacet
 facet normal  0.000000e+00  0.000000e+00 -1.000000e+00
   outer loop
     vertex  8.680259e+01  3.109350e+00  0.000000e+00
     vertex  8.688057e+01  3.132144e+00  0.000000e+00
     vertex  8.800000e+01  0.000000e+00  0.000000e+00
   endloop
 endfacet
 facet normal  0.000000e+00 -0.000000e+00 -1.000000e+00
   outer loop
     vertex  8.889065e+01  5.197415e+00  0.000000e+00
     vertex  9.200000e+01  4.000000e+00  0.000000e+00
     vertex  8.886786e+01  5.119432e+00  0.000000e+00
   endloop
 endfacet
 facet normal  0.000000e+00  0.000000e+00 -1.000000e+00
   outer loop
     vertex  8.672401e+01  3.088677e+00  0.000000e+00
     vertex  8.680259e+01  3.109350e+00  0.000000e+00
     vertex  8.800000e+01  0.000000e+00  0.000000e+00
   endloop
 endfacet
 facet normal  0.000000e+00 -0.000000e+00 -1.000000e+00
   outer loop
     vertex  8.891132e+01  5.275986e+00  0.000000e+00
     vertex  9.200000e+01  4.000000e+00  0.000000e+00
     vertex  8.889065e+01  5.197415e+00  0.000000e+00
   endloop
 endfacet
 facet normal  0.000000e+00  0.000000e+00 -1.000000e+00
   outer loop
     vertex  8.664491e+01  3.070138e+00  0.000000e+00
     vertex  8.672401e+01  3.088677e+00  0.000000e+00
     vertex  8.800000e+01  0.000000e+00  0.000000e+00
   endloop
 endfacet
 facet normal  0.000000e+00 -0.000000e+00 -1.000000e+00
   outer loop
     vertex  8.892986e+01  5.355089e+00  0.000000e+00
     vertex  9.200000e+01  4.000000e+00  0.000000e+00
     vertex  8.891132e+01  5.275986e+00  0.000000e+00
   endloop
 endfacet
 facet normal  0.000000e+00  0.000000e+00 -1.000000e+00
   outer loop
     vertex  8.656534e+01  3.053749e+00  0.000000e+00
     vertex  8.664491e+01  3.070138e+00  0.000000e+00
     vertex  8.800000e+01  0.000000e+00  0.000000e+00
   endloop
 endfacet
 facet normal  0.000000e+00 -0.000000e+00 -1.000000e+00
   outer loop
     vertex  8.894625e+01  5.434664e+00  0.000000e+00
     vertex  9.200000e+01  4.000000e+00  0.000000e+00
     vertex  8.892986e+01  5.355089e+00  0.000000e+00
   endloop
 endfacet
 facet normal  0.000000e+00  0.000000e+00 -1.000000e+00
   outer loop
     vertex  8.648535e+01  3.039520e+00  0.000000e+00
     vertex  8.656534e+01  3.053749e+00  0.000000e+00
     vertex  8.800000e+01  0.000000e+00  0.000000e+00
   endloop
 endfacet
 facet normal  0.000000e+00 -0.000000e+00 -1.000000e+00
   outer loop
     vertex  8.896048e+01  5.514654e+00  0.000000e+00
     vertex  9.200000e+01  4.000000e+00  0.000000e+00
     vertex  8.894625e+01  5.434664e+00  0.000000e+00
   endloop
 endfacet
 facet normal  0.000000e+00  0.000000e+00 -1.000000e+00
   outer loop
     vertex  8.640500e+01  3.027463e+00  0.000000e+00
     vertex  8.648535e+01  3.039520e+00  0.000000e+00
     vertex  8.800000e+01  0.000000e+00  0.000000e+00
   endloop
 endfacet
 facet normal  0.000000e+00 -0.000000e+00 -1.000000e+00
   outer loop
     vertex  8.897254e+01  5.595000e+00  0.000000e+00
     vertex  9.200000e+01  4.000000e+00  0.000000e+00
     vertex  8.896048e+01  5.514654e+00  0.000000e+00
   endloop
 endfacet
 facet normal  0.000000e+00  0.000000e+00 -1.000000e+00
   outer loop
     vertex  8.632436e+01  3.017586e+00  0.000000e+00
     vertex  8.640500e+01  3.027463e+00  0.000000e+00
     vertex  8.800000e+01  0.000000e+00  0.000000e+00
   endloop
 endfacet
 facet normal  0.000000e+00 -0.000000e+00 -1.000000e+00
   outer loop
     vertex  8.898241e+01  5.675643e+00  0.000000e+00
     vertex  9.200000e+01  4.000000e+00  0.000000e+00
     vertex  8.897254e+01  5.595000e+00  0.000000e+00
   endloop
 endfacet
 facet normal  0.000000e+00  0.000000e+00 -1.000000e+00
   outer loop
     vertex  8.624348e+01  3.009896e+00  0.000000e+00
     vertex  8.632436e+01  3.017586e+00  0.000000e+00
     vertex  8.800000e+01  0.000000e+00  0.000000e+00
   endloop
 endfacet
 facet normal  0.000000e+00 -0.000000e+00 -1.000000e+00
   outer loop
     vertex  8.899010e+01  5.756524e+00  0.000000e+00
     vertex  9.200000e+01  4.000000e+00  0.000000e+00
     vertex  8.898241e+01  5.675643e+00  0.000000e+00
   endloop
 endfacet
 facet normal  0.000000e+00  0.000000e+00 -1.000000e+00
   outer loop
     vertex  8.616242e+01  3.004400e+00  0.000000e+00
     vertex  8.624348e+01  3.009896e+00  0.000000e+00
     vertex  8.800000e+01  0.000000e+00  0.000000e+00
   endloop
 endfacet
 facet normal  0.000000e+00 -0.000000e+00 -1.000000e+00
   outer loop
     vertex  8.899560e+01  5.837583e+00  0.000000e+00
     vertex  9.200000e+01  4.000000e+00  0.000000e+00
     vertex  8.899010e+01  5.756524e+00  0.000000e+00
   endloop
 endfacet
 facet normal  0.000000e+00  0.000000e+00 -1.000000e+00
   outer loop
     vertex  8.608124e+01  3.001100e+00  0.000000e+00
     vertex  8.616242e+01  3.004400e+00  0.000000e+00
     vertex  8.800000e+01  0.000000e+00  0.000000e+00
   endloop
 endfacet
 facet normal  0.000000e+00 -0.000000e+00 -1.000000e+00
   outer loop
     vertex  8.899890e+01  5.918762e+00  0.000000e+00
     vertex  9.200000e+01  4.000000e+00  0.000000e+00
     vertex  8.899560e+01  5.837583e+00  0.000000e+00
   endloop
 endfacet
 facet normal  0.000000e+00 -0.000000e+00 -1.000000e+00
   outer loop
     vertex  8.900000e+01  6.000000e+00  0.000000e+00
     vertex  9.200000e+01  4.000000e+00  0.000000e+00
     vertex  8.899890e+01  5.918762e+00  0.000000e+00
   endloop
 endfacet
 facet normal  0.000000e+00  0.000000e+00 -1.000000e+00
   outer loop
     vertex  8.600000e+01  3.000000e+00  0.000000e+00
     vertex  8.608124e+01  3.001100e+00  0.000000e+00
     vertex  8.800000e+01  0.000000e+00  0.000000e+00
   endloop
 endfacet
 facet normal  0.000000e+00  0.000000e+00 -1.000000e+00
   outer loop
     vertex  8.900000e+01  5.200000e+01  0.000000e+00
     vertex  9.200000e+01  5.400000e+01  0.000000e+00
     vertex  9.200000e+01  4.000000e+00  0.000000e+00
   endloop
 endfacet
 facet normal  0.000000e+00  0.000000e+00 -1.000000e+00
   outer loop
     vertex  8.900000e+01  5.200000e+01  0.000000e+00
     vertex  9.200000e+01  4.000000e+00  0.000000e+00
     vertex  8.900000e+01  6.000000e+00  0.000000e+00
   endloop
 endfacet
 facet normal  0.000000e+00  0.000000e+00 -1.000000e+00
   outer loop
     vertex  8.899890e+01  5.208124e+01  0.000000e+00
     vertex  9.200000e+01  5.400000e+01  0.000000e+00
     vertex  8.900000e+01  5.200000e+01  0.000000e+00
   endloop
 endfacet
 facet normal  0.000000e+00  0.000000e+00 -1.000000e+00
   outer loop
     vertex  8.899560e+01  5.216242e+01  0.000000e+00
     vertex  9.200000e+01  5.400000e+01  0.000000e+00
     vertex  8.899890e+01  5.208124e+01  0.000000e+00
   endloop
 endfacet
 facet normal  0.000000e+00  0.000000e+00 -1.000000e+00
   outer loop
     vertex  8.899010e+01  5.224348e+01  0.000000e+00
     vertex  9.200000e+01  5.400000e+01  0.000000e+00
     vertex  8.899560e+01  5.216242e+01  0.000000e+00
   endloop
 endfacet
 facet normal  0.000000e+00  0.000000e+00 -1.000000e+00
   outer loop
     vertex  8.898241e+01  5.232436e+01  0.000000e+00
     vertex  9.200000e+01  5.400000e+01  0.000000e+00
     vertex  8.899010e+01  5.224348e+01  0.000000e+00
   endloop
 endfacet
 facet normal  0.000000e+00  0.000000e+00 -1.000000e+00
   outer loop
     vertex  8.897254e+01  5.240500e+01  0.000000e+00
     vertex  9.200000e+01  5.400000e+01  0.000000e+00
     vertex  8.898241e+01  5.232436e+01  0.000000e+00
   endloop
 endfacet
 facet normal  0.000000e+00  0.000000e+00 -1.000000e+00
   outer loop
     vertex  8.896048e+01  5.248535e+01  0.000000e+00
     vertex  9.200000e+01  5.400000e+01  0.000000e+00
     vertex  8.897254e+01  5.240500e+01  0.000000e+00
   endloop
 endfacet
 facet normal  0.000000e+00  0.000000e+00 -1.000000e+00
   outer loop
     vertex  8.894625e+01  5.256534e+01  0.000000e+00
     vertex  9.200000e+01  5.400000e+01  0.000000e+00
     vertex  8.896048e+01  5.248535e+01  0.000000e+00
   endloop
 endfacet
 facet normal  0.000000e+00  0.000000e+00 -1.000000e+00
   outer loop
     vertex  8.892986e+01  5.264491e+01  0.000000e+00
     vertex  9.200000e+01  5.400000e+01  0.000000e+00
     vertex  8.894625e+01  5.256534e+01  0.000000e+00
   endloop
 endfacet
 facet normal  0.000000e+00  0.000000e+00 -1.000000e+00
   outer loop
     vertex  8.891132e+01  5.272401e+01  0.000000e+00
     vertex  9.200000e+01  5.400000e+01  0.000000e+00
     vertex  8.892986e+01  5.264491e+01  0.000000e+00
   endloop
 endfacet
 facet normal  0.000000e+00  0.000000e+00 -1.000000e+00
   outer loop
     vertex  8.889065e+01  5.280259e+01  0.000000e+00
     vertex  9.200000e+01  5.400000e+01  0.000000e+00
     vertex  8.891132e+01  5.272401e+01  0.000000e+00
   endloop
 endfacet
 facet normal  0.000000e+00  0.000000e+00 -1.000000e+00
   outer loop
     vertex  8.886786e+01  5.288057e+01  0.000000e+00
     vertex  9.200000e+01  5.400000e+01  0.000000e+00
     vertex  8.889065e+01  5.280259e+01  0.000000e+00
   endloop
 endfacet
 facet normal  0.000000e+00  0.000000e+00 -1.000000e+00
   outer loop
     vertex  8.884296e+01  5.295790e+01  0.000000e+00
     vertex  9.200000e+01  5.400000e+01  0.000000e+00
     vertex  8.886786e+01  5.288057e+01  0.000000e+00
   endloop
 endfacet
 facet normal  0.000000e+00  0.000000e+00 -1.000000e+00
   outer loop
     vertex  8.881598e+01  5.303454e+01  0.000000e+00
     vertex  9.200000e+01  5.400000e+01  0.000000e+00
     vertex  8.884296e+01  5.295790e+01  0.000000e+00
   endloop
 endfacet
 facet normal  0.000000e+00  0.000000e+00 -1.000000e+00
   outer loop
     vertex  8.878693e+01  5.311041e+01  0.000000e+00
     vertex  9.200000e+01  5.400000e+01  0.000000e+00
     vertex  8.881598e+01  5.303454e+01  0.000000e+00
   endloop
 endfacet
 facet normal  0.000000e+00  0.000000e+00 -1.000000e+00
   outer loop
     vertex  8.875584e+01  5.318548e+01  0.000000e+00
     vertex  9.200000e+01  5.400000e+01  0.000000e+00
     vertex  8.878693e+01  5.311041e+01  0.000000e+00
   endloop
 endfacet
 facet normal  0.000000e+00  0.000000e+00 -1.000000e+00
   outer loop
     vertex  8.872273e+01  5.325967e+01  0.000000e+00
     vertex  9.199853e+01  5.410832e+01  0.000000e+00
     vertex  9.200000e+01  5.400000e+01  0.000000e+00
   endloop
 endfacet
 facet normal  0.000000e+00  0.000000e+00 -1.000000e+00
   outer loop
     vertex  8.872273e+01  5.325967e+01  0.000000e+00
     vertex  9.200000e+01  5.400000e+01  0.000000e+00
     vertex  8.875584e+01  5.318548e+01  0.000000e+00
   endloop
 endfacet
 facet normal  0.000000e+00  0.000000e+00 -1.000000e+00
   outer loop
     vertex  8.868762e+01  5.333294e+01  0.000000e+00
     vertex  9.199413e+01  5.421656e+01  0.000000e+00
     vertex  9.199853e+01  5.410832e+01  0.000000e+00
   endloop
 endfacet
 facet normal  0.000000e+00  0.000000e+00 -1.000000e+00
   outer loop
     vertex  8.868762e+01  5.333294e+01  0.000000e+00
     vertex  9.198680e+01  5.432463e+01  0.000000e+00
     vertex  9.199413e+01  5.421656e+01  0.000000e+00
   endloop
 endfacet
 facet normal  0.000000e+00  0.000000e+00 -1.000000e+00
   outer loop
     vertex  8.868762e+01  5.333294e+01  0.000000e+00
     vertex  9.199853e+01  5.410832e+01  0.000000e+00
     vertex  8.872273e+01  5.325967e+01  0.000000e+00
   endloop
 endfacet
 facet normal  0.000000e+00  0.000000e+00 -1.000000e+00
   outer loop
     vertex  8.865054e+01  5.340523e+01  0.000000e+00
     vertex  9.197655e+01  5.443248e+01  0.000000e+00
     vertex  9.198680e+01  5.432463e+01  0.000000e+00
   endloop
 endfacet
 facet normal  0.000000e+00  0.000000e+00 -1.000000e+00
   outer loop
     vertex  8.865054e+01  5.340523e+01  0.000000e+00
     vertex  9.196338e+01  5.454000e+01  0.000000e+00
     vertex  9.197655e+01  5.443248e+01  0.000000e+00
   endloop
 endfacet
 facet normal  0.000000e+00  0.000000e+00 -1.000000e+00
   outer loop
     vertex  8.865054e+01  5.340523e+01  0.000000e+00
     vertex  9.198680e+01  5.432463e+01  0.000000e+00
     vertex  8.868762e+01  5.333294e+01  0.000000e+00
   endloop
 endfacet
 facet normal  0.000000e+00  0.000000e+00 -1.000000e+00
   outer loop
     vertex  8.861151e+01  5.347648e+01  0.000000e+00
     vertex  9.194731e+01  5.464713e+01  0.000000e+00
     vertex  9.196338e+01  5.454000e+01  0.000000e+00
   endloop
 endfacet
 facet normal  0.000000e+00  0.000000e+00 -1.000000e+00
   outer loop
     vertex  8.861151e+01  5.347648e+01  0.000000e+00
     vertex  9.192833e+01  5.475378e+01  0.000000e+00
     vertex  9.194731e+01  5.464713e+01  0.000000e+00
   endloop
 endfacet
 facet normal  0.000000e+00  0.000000e+00 -1.000000e+00
   outer loop
     vertex  8.861151e+01  5.347648e+01  0.000000e+00
     vertex  9.196338e+01  5.454000e+01  0.000000e+00
     vertex  8.865054e+01  5.340523e+01  0.000000e+00
   endloop
 endfacet
 facet normal  0.000000e+00  0.000000e+00 -1.000000e+00
   outer loop
     vertex  8.857057e+01  5.354666e+01  0.000000e+00
     vertex  9.190648e+01  5.485988e+01  0.000000e+00
     vertex  9.192833e+01  5.475378e+01  0.000000e+00
   endloop
 endfacet
 facet normal  0.000000e+00  0.000000e+00 -1.000000e+00
   outer loop
     vertex  8.857057e+01  5.354666e+01  0.000000e+00
     vertex  9.188176e+01  5.496535e+01  0.000000e+00
     vertex  9.190648e+01  5.485988e+01  0.000000e+00
   endloop
 endfacet
 facet normal  0.000000e+00  0.000000e+00 -1.000000e+00
   outer loop
     vertex  8.857057e+01  5.354666e+01  0.000000e+00
     vertex  9.192833e+01  5.475378e+01  0.000000e+00
     vertex  8.861151e+01  5.347648e+01  0.000000e+00
   endloop
 endfacet
 facet normal  0.000000e+00  0.000000e+00 -1.000000e+00
   outer loop
     vertex  8.852775e+01  5.361570e+01  0.000000e+00
     vertex  9.185420e+01  5.507011e+01  0.000000e+00
     vertex  9.188176e+01  5.496535e+01  0.000000e+00
   endloop
 endfacet
 facet normal  0.000000e+00  0.000000e+00 -1.000000e+00
   outer loop
     vertex  8.852775e+01  5.361570e+01  0.000000e+00
     vertex  9.182381e+01  5.517409e+01  0.000000e+00
     vertex  9.185420e+01  5.507011e+01  0.000000e+00
   endloop
 endfacet
 facet normal  0.000000e+00  0.000000e+00 -1.000000e+00
   outer loop
     vertex  8.852775e+01  5.361570e+01  0.000000e+00
     vertex  9.179061e+01  5.527721e+01  0.000000e+00
     vertex  9.182381e+01  5.517409e+01  0.000000e+00
   endloop
 endfacet
 facet normal  0.000000e+00  0.000000e+00 -1.000000e+00
   outer loop
     vertex  8.852775e+01  5.361570e+01  0.000000e+00
     vertex  9.188176e+01  5.496535e+01  0.000000e+00
     vertex  8.857057e+01  5.354666e+01  0.000000e+00
   endloop
 endfacet
 facet normal  0.000000e+00  0.000000e+00 -1.000000e+00
   outer loop
     vertex  8.848307e+01  5.368356e+01  0.000000e+00
     vertex  9.175464e+01  5.537939e+01  0.000000e+00
     vertex  9.179061e+01  5.527721e+01  0.000000e+00
   endloop
 endfacet
 facet normal  0.000000e+00  0.000000e+00 -1.000000e+00
   outer loop
     vertex  8.848307e+01  5.368356e+01  0.000000e+00
     vertex  9.171591e+01  5.548055e+01  0.000000e+00
     vertex  9.175464e+01  5.537939e+01  0.000000e+00
   endloop
 endfacet
 facet normal  0.000000e+00  0.000000e+00 -1.000000e+00
   outer loop
     vertex  8.848307e+01  5.368356e+01  0.000000e+00
     vertex  9.179061e+01  5.527721e+01  0.000000e+00
     vertex  8.852775e+01  5.361570e+01  0.000000e+00
   endloop
 endfacet
 facet normal  0.000000e+00  0.000000e+00 -1.000000e+00
   outer loop
     vertex  8.843657e+01  5.375018e+01  0.000000e+00
     vertex  9.167445e+01  5.558063e+01  0.000000e+00
     vertex  9.171591e+01  5.548055e+01  0.000000e+00
   endloop
 endfacet
 facet normal  0.000000e+00  0.000000e+00 -1.000000e+00
   outer loop
     vertex  8.843657e+01  5.375018e+01  0.000000e+00
     vertex  9.163030e+01  5.567956e+01  0.000000e+00
     vertex  9.167445e+01  5.558063e+01  0.000000e+00
   endloop
 endfacet
 facet normal  0.000000e+00  0.000000e+00 -1.000000e+00
   outer loop
     vertex  8.843657e+01  5.375018e+01  0.000000e+00
     vertex  9.171591e+01  5.548055e+01  0.000000e+00
     vertex  8.848307e+01  5.368356e+01  0.000000e+00
   endloop
 endfacet
 facet normal  0.000000e+00  0.000000e+00 -1.000000e+00
   outer loop
     vertex  8.838828e+01  5.381552e+01  0.000000e+00
     vertex  9.163030e+01  5.567956e+01  0.000000e+00
     vertex  8.843657e+01  5.375018e+01  0.000000e+00
   endloop
 endfacet
 facet normal  0.000000e+00  0.000000e+00 -1.000000e+00
   outer loop
     vertex  8.838828e+01  5.381552e+01  0.000000e+00
     vertex  9.158349e+01  5.577725e+01  0.000000e+00
     vertex  9.163030e+01  5.567956e+01  0.000000e+00
   endloop
 endfacet
 facet normal  0.000000e+00  0.000000e+00 -1.000000e+00
   outer loop
     vertex  8.838828e+01  5.381552e+01  0.000000e+00
     vertex  9.153405e+01  5.587363e+01  0.000000e+00
     vertex  9.158349e+01  5.577725e+01  0.000000e+00
   endloop
 endfacet
 facet normal  0.000000e+00  0.000000e+00 -1.000000e+00
   outer loop
     vertex  8.833824e+01  5.387953e+01  0.000000e+00
     vertex  9.153405e+01  5.587363e+01  0.000000e+00
     vertex  8.838828e+01  5.381552e+01  0.000000e+00
   endloop
 endfacet
 facet normal  0.000000e+00  0.000000e+00 -1.000000e+00
   outer loop
     vertex  8.833824e+01  5.387953e+01  0.000000e+00
     vertex  9.148202e+01  5.596865e+01  0.000000e+00
     vertex  9.153405e+01  5.587363e+01  0.000000e+00
   endloop
 endfacet
 facet normal  0.000000e+00  0.000000e+00 -1.000000e+00
   outer loop
     vertex  8.833824e+01  5.387953e+01  0.000000e+00
     vertex  9.142743e+01  5.606222e+01  0.000000e+00
     vertex  9.148202e+01  5.596865e+01  0.000000e+00
   endloop
 endfacet
 facet normal  0.000000e+00  0.000000e+00 -1.000000e+00
   outer loop
     vertex  8.833824e+01  5.387953e+01  0.000000e+00
     vertex  9.137033e+01  5.615427e+01  0.000000e+00
     vertex  9.142743e+01  5.606222e+01  0.000000e+00
   endloop
 endfacet
 facet normal  0.000000e+00  0.000000e+00 -1.000000e+00
   outer loop
     vertex  8.828649e+01  5.394216e+01  0.000000e+00
     vertex  9.137033e+01  5.615427e+01  0.000000e+00
     vertex  8.833824e+01  5.387953e+01  0.000000e+00
   endloop
 endfacet
 facet normal  0.000000e+00  0.000000e+00 -1.000000e+00
   outer loop
     vertex  8.828649e+01  5.394216e+01  0.000000e+00
     vertex  9.131076e+01  5.624475e+01  0.000000e+00
     vertex  9.137033e+01  5.615427e+01  0.000000e+00
   endloop
 endfacet
 facet normal  0.000000e+00  0.000000e+00 -1.000000e+00
   outer loop
     vertex  8.828649e+01  5.394216e+01  0.000000e+00
     vertex  9.124876e+01  5.633358e+01  0.000000e+00
     vertex  9.131076e+01  5.624475e+01  0.000000e+00
   endloop
 endfacet
 facet normal  0.000000e+00  0.000000e+00 -1.000000e+00
   outer loop
     vertex  8.823306e+01  5.400336e+01  0.000000e+00
     vertex  9.118437e+01  5.642070e+01  0.000000e+00
     vertex  9.124876e+01  5.633358e+01  0.000000e+00
   endloop
 endfacet
 facet normal  0.000000e+00  0.000000e+00 -1.000000e+00
   outer loop
     vertex  8.823306e+01  5.400336e+01  0.000000e+00
     vertex  9.111765e+01  5.650604e+01  0.000000e+00
     vertex  9.118437e+01  5.642070e+01  0.000000e+00
   endloop
 endfacet
 facet normal  0.000000e+00  0.000000e+00 -1.000000e+00
   outer loop
     vertex  8.823306e+01  5.400336e+01  0.000000e+00
     vertex  9.124876e+01  5.633358e+01  0.000000e+00
     vertex  8.828649e+01  5.394216e+01  0.000000e+00
   endloop
 endfacet
 facet normal  0.000000e+00  0.000000e+00 -1.000000e+00
   outer loop
     vertex  8.817799e+01  5.406310e+01  0.000000e+00
     vertex  9.111765e+01  5.650604e+01  0.000000e+00
     vertex  8.823306e+01  5.400336e+01  0.000000e+00
   endloop
 endfacet
 facet normal  0.000000e+00  0.000000e+00 -1.000000e+00
   outer loop
     vertex  8.817799e+01  5.406310e+01  0.000000e+00
     vertex  9.104865e+01  5.658955e+01  0.000000e+00
     vertex  9.111765e+01  5.650604e+01  0.000000e+00
   endloop
 endfacet
 facet normal  0.000000e+00  0.000000e+00 -1.000000e+00
   outer loop
     vertex  8.817799e+01  5.406310e+01  0.000000e+00
     vertex  9.097741e+01  5.667115e+01  0.000000e+00
     vertex  9.104865e+01  5.658955e+01  0.000000e+00
   endloop
 endfacet
 facet normal  0.000000e+00  0.000000e+00 -1.000000e+00
   outer loop
     vertex  8.817799e+01  5.406310e+01  0.000000e+00
     vertex  9.090398e+01  5.675080e+01  0.000000e+00
     vertex  9.097741e+01  5.667115e+01  0.000000e+00
   endloop
 endfacet
 facet normal  0.000000e+00  0.000000e+00 -1.000000e+00
   outer loop
     vertex  8.812132e+01  5.412132e+01  0.000000e+00
     vertex  9.090398e+01  5.675080e+01  0.000000e+00
     vertex  8.817799e+01  5.406310e+01  0.000000e+00
   endloop
 endfacet
 facet normal  0.000000e+00  0.000000e+00 -1.000000e+00
   outer loop
     vertex  8.812132e+01  5.412132e+01  0.000000e+00
     vertex  9.082843e+01  5.682843e+01  0.000000e+00
     vertex  9.090398e+01  5.675080e+01  0.000000e+00
   endloop
 endfacet
 facet normal  0.000000e+00 -0.000000e+00 -1.000000e+00
   outer loop
     vertex  9.075080e+01  5.690398e+01  0.000000e+00
     vertex  9.082843e+01  5.682843e+01  0.000000e+00
     vertex  8.812132e+01  5.412132e+01  0.000000e+00
   endloop
 endfacet
 facet normal  0.000000e+00  0.000000e+00 -1.000000e+00
   outer loop
     vertex  9.075080e+01  5.690398e+01  0.000000e+00
     vertex  8.812132e+01  5.412132e+01  0.000000e+00
     vertex  8.806310e+01  5.417799e+01  0.000000e+00
   endloop
 endfacet
 facet normal  0.000000e+00 -0.000000e+00 -1.000000e+00
   outer loop
     vertex  9.067115e+01  5.697741e+01  0.000000e+00
     vertex  9.075080e+01  5.690398e+01  0.000000e+00
     vertex  8.806310e+01  5.417799e+01  0.000000e+00
   endloop
 endfacet
 facet normal  0.000000e+00 -0.000000e+00 -1.000000e+00
   outer loop
     vertex  9.058955e+01  5.704865e+01  0.000000e+00
     vertex  9.067115e+01  5.697741e+01  0.000000e+00
     vertex  8.806310e+01  5.417799e+01  0.000000e+00
   endloop
 endfacet
 facet normal  0.000000e+00 -0.000000e+00 -1.000000e+00
   outer loop
     vertex  9.050604e+01  5.711765e+01  0.000000e+00
     vertex  9.058955e+01  5.704865e+01  0.000000e+00
     vertex  8.806310e+01  5.417799e+01  0.000000e+00
   endloop
 endfacet
 facet normal  0.000000e+00  0.000000e+00 -1.000000e+00
   outer loop
     vertex  9.050604e+01  5.711765e+01  0.000000e+00
     vertex  8.806310e+01  5.417799e+01  0.000000e+00
     vertex  8.800336e+01  5.423306e+01  0.000000e+00
   endloop
 endfacet
 facet normal  0.000000e+00 -0.000000e+00 -1.000000e+00
   outer loop
     vertex  9.042070e+01  5.718437e+01  0.000000e+00
     vertex  9.050604e+01  5.711765e+01  0.000000e+00
     vertex  8.800336e+01  5.423306e+01  0.000000e+00
   endloop
 endfacet
 facet normal  0.000000e+00 -0.000000e+00 -1.000000e+00
   outer loop
     vertex  9.033358e+01  5.724876e+01  0.000000e+00
     vertex  9.042070e+01  5.718437e+01  0.000000e+00
     vertex  8.800336e+01  5.423306e+01  0.000000e+00
   endloop
 endfacet
 facet normal  0.000000e+00  0.000000e+00 -1.000000e+00
   outer loop
     vertex  9.033358e+01  5.724876e+01  0.000000e+00
     vertex  8.800336e+01  5.423306e+01  0.000000e+00
     vertex  8.794216e+01  5.428649e+01  0.000000e+00
   endloop
 endfacet
 facet normal  0.000000e+00 -0.000000e+00 -1.000000e+00
   outer loop
     vertex  9.024475e+01  5.731076e+01  0.000000e+00
     vertex  9.033358e+01  5.724876e+01  0.000000e+00
     vertex  8.794216e+01  5.428649e+01  0.000000e+00
   endloop
 endfacet
 facet normal  0.000000e+00 -0.000000e+00 -1.000000e+00
   outer loop
     vertex  9.015427e+01  5.737033e+01  0.000000e+00
     vertex  9.024475e+01  5.731076e+01  0.000000e+00
     vertex  8.794216e+01  5.428649e+01  0.000000e+00
   endloop
 endfacet
 facet normal  0.000000e+00  0.000000e+00 -1.000000e+00
   outer loop
     vertex  9.015427e+01  5.737033e+01  0.000000e+00
     vertex  8.794216e+01  5.428649e+01  0.000000e+00
     vertex  8.787953e+01  5.433824e+01  0.000000e+00
   endloop
 endfacet
 facet normal  0.000000e+00 -0.000000e+00 -1.000000e+00
   outer loop
     vertex  9.006222e+01  5.742743e+01  0.000000e+00
     vertex  9.015427e+01  5.737033e+01  0.000000e+00
     vertex  8.787953e+01  5.433824e+01  0.000000e+00
   endloop
 endfacet
 facet normal  0.000000e+00 -0.000000e+00 -1.000000e+00
   outer loop
     vertex  8.996865e+01  5.748202e+01  0.000000e+00
     vertex  9.006222e+01  5.742743e+01  0.000000e+00
     vertex  8.787953e+01  5.433824e+01  0.000000e+00
   endloop
 endfacet
 facet normal  0.000000e+00 -0.000000e+00 -1.000000e+00
   outer loop
     vertex  8.987363e+01  5.753405e+01  0.000000e+00
     vertex  8.996865e+01  5.748202e+01  0.000000e+00
     vertex  8.787953e+01  5.433824e+01  0.000000e+00
   endloop
 endfacet
 facet normal  0.000000e+00  0.000000e+00 -1.000000e+00
   outer loop
     vertex  8.987363e+01  5.753405e+01  0.000000e+00
     vertex  8.787953e+01  5.433824e+01  0.000000e+00
     vertex  8.781552e+01  5.438828e+01  0.000000e+00
   endloop
 endfacet
 facet normal  0.000000e+00 -0.000000e+00 -1.000000e+00
   outer loop
     vertex  8.977725e+01  5.758349e+01  0.000000e+00
     vertex  8.987363e+01  5.753405e+01  0.000000e+00
     vertex  8.781552e+01  5.438828e+01  0.000000e+00
   endloop
 endfacet
 facet normal  0.000000e+00 -0.000000e+00 -1.000000e+00
   outer loop
     vertex  8.967956e+01  5.763030e+01  0.000000e+00
     vertex  8.977725e+01  5.758349e+01  0.000000e+00
     vertex  8.781552e+01  5.438828e+01  0.000000e+00
   endloop
 endfacet
 facet normal  0.000000e+00  0.000000e+00 -1.000000e+00
   outer loop
     vertex  8.967956e+01  5.763030e+01  0.000000e+00
     vertex  8.781552e+01  5.438828e+01  0.000000e+00
     vertex  8.775018e+01  5.443657e+01  0.000000e+00
   endloop
 endfacet
 facet normal  0.000000e+00 -0.000000e+00 -1.000000e+00
   outer loop
     vertex  8.958063e+01  5.767445e+01  0.000000e+00
     vertex  8.967956e+01  5.763030e+01  0.000000e+00
     vertex  8.775018e+01  5.443657e+01  0.000000e+00
   endloop
 endfacet
 facet normal  0.000000e+00 -0.000000e+00 -1.000000e+00
   outer loop
     vertex  8.948055e+01  5.771591e+01  0.000000e+00
     vertex  8.958063e+01  5.767445e+01  0.000000e+00
     vertex  8.775018e+01  5.443657e+01  0.000000e+00
   endloop
 endfacet
 facet normal  0.000000e+00  0.000000e+00 -1.000000e+00
   outer loop
     vertex  8.948055e+01  5.771591e+01  0.000000e+00
     vertex  8.775018e+01  5.443657e+01  0.000000e+00
     vertex  8.768356e+01  5.448307e+01  0.000000e+00
   endloop
 endfacet
 facet normal  0.000000e+00 -0.000000e+00 -1.000000e+00
   outer loop
     vertex  8.937939e+01  5.775464e+01  0.000000e+00
     vertex  8.948055e+01  5.771591e+01  0.000000e+00
     vertex  8.768356e+01  5.448307e+01  0.000000e+00
   endloop
 endfacet
 facet normal  0.000000e+00  0.000000e+00 -1.000000e+00
   outer loop
     vertex  8.927721e+01  5.779061e+01  0.000000e+00
     vertex  8.768356e+01  5.448307e+01  0.000000e+00
     vertex  8.761570e+01  5.452775e+01  0.000000e+00
   endloop
 endfacet
 facet normal  0.000000e+00 -0.000000e+00 -1.000000e+00
   outer loop
     vertex  8.927721e+01  5.779061e+01  0.000000e+00
     vertex  8.937939e+01  5.775464e+01  0.000000e+00
     vertex  8.768356e+01  5.448307e+01  0.000000e+00
   endloop
 endfacet
 facet normal  0.000000e+00 -0.000000e+00 -1.000000e+00
   outer loop
     vertex  8.917409e+01  5.782381e+01  0.000000e+00
     vertex  8.927721e+01  5.779061e+01  0.000000e+00
     vertex  8.761570e+01  5.452775e+01  0.000000e+00
   endloop
 endfacet
 facet normal  0.000000e+00 -0.000000e+00 -1.000000e+00
   outer loop
     vertex  8.907011e+01  5.785420e+01  0.000000e+00
     vertex  8.917409e+01  5.782381e+01  0.000000e+00
     vertex  8.761570e+01  5.452775e+01  0.000000e+00
   endloop
 endfacet
 facet normal  0.000000e+00  0.000000e+00 -1.000000e+00
   outer loop
     vertex  8.896535e+01  5.788176e+01  0.000000e+00
     vertex  8.761570e+01  5.452775e+01  0.000000e+00
     vertex  8.754666e+01  5.457057e+01  0.000000e+00
   endloop
 endfacet
 facet normal  0.000000e+00 -0.000000e+00 -1.000000e+00
   outer loop
     vertex  8.896535e+01  5.788176e+01  0.000000e+00
     vertex  8.907011e+01  5.785420e+01  0.000000e+00
     vertex  8.761570e+01  5.452775e+01  0.000000e+00
   endloop
 endfacet
 facet normal  0.000000e+00 -0.000000e+00 -1.000000e+00
   outer loop
     vertex  8.885988e+01  5.790648e+01  0.000000e+00
     vertex  8.896535e+01  5.788176e+01  0.000000e+00
     vertex  8.754666e+01  5.457057e+01  0.000000e+00
   endloop
 endfacet
 facet normal  0.000000e+00 -0.000000e+00 -1.000000e+00
   outer loop
     vertex  8.875378e+01  5.792833e+01  0.000000e+00
     vertex  8.885988e+01  5.790648e+01  0.000000e+00
     vertex  8.754666e+01  5.457057e+01  0.000000e+00
   endloop
 endfacet
 facet normal  0.000000e+00  0.000000e+00 -1.000000e+00
   outer loop
     vertex  8.875378e+01  5.792833e+01  0.000000e+00
     vertex  8.754666e+01  5.457057e+01  0.000000e+00
     vertex  8.747648e+01  5.461151e+01  0.000000e+00
   endloop
 endfacet
 facet normal  0.000000e+00 -0.000000e+00 -1.000000e+00
   outer loop
     vertex  8.864713e+01  5.794731e+01  0.000000e+00
     vertex  8.875378e+01  5.792833e+01  0.000000e+00
     vertex  8.747648e+01  5.461151e+01  0.000000e+00
   endloop
 endfacet
 facet normal  0.000000e+00 -0.000000e+00 -1.000000e+00
   outer loop
     vertex  8.854000e+01  5.796338e+01  0.000000e+00
     vertex  8.864713e+01  5.794731e+01  0.000000e+00
     vertex  8.747648e+01  5.461151e+01  0.000000e+00
   endloop
 endfacet
 facet normal  0.000000e+00  0.000000e+00 -1.000000e+00
   outer loop
     vertex  8.854000e+01  5.796338e+01  0.000000e+00
     vertex  8.747648e+01  5.461151e+01  0.000000e+00
     vertex  8.740523e+01  5.465054e+01  0.000000e+00
   endloop
 endfacet
 facet normal  0.000000e+00 -0.000000e+00 -1.000000e+00
   outer loop
     vertex  8.843248e+01  5.797655e+01  0.000000e+00
     vertex  8.854000e+01  5.796338e+01  0.000000e+00
     vertex  8.740523e+01  5.465054e+01  0.000000e+00
   endloop
 endfacet
 facet normal  0.000000e+00 -0.000000e+00 -1.000000e+00
   outer loop
     vertex  8.832463e+01  5.798680e+01  0.000000e+00
     vertex  8.843248e+01  5.797655e+01  0.000000e+00
     vertex  8.740523e+01  5.465054e+01  0.000000e+00
   endloop
 endfacet
 facet normal  0.000000e+00  0.000000e+00 -1.000000e+00
   outer loop
     vertex  8.832463e+01  5.798680e+01  0.000000e+00
     vertex  8.740523e+01  5.465054e+01  0.000000e+00
     vertex  8.733294e+01  5.468762e+01  0.000000e+00
   endloop
 endfacet
 facet normal  0.000000e+00 -0.000000e+00 -1.000000e+00
   outer loop
     vertex  8.821656e+01  5.799413e+01  0.000000e+00
     vertex  8.832463e+01  5.798680e+01  0.000000e+00
     vertex  8.733294e+01  5.468762e+01  0.000000e+00
   endloop
 endfacet
 facet normal  0.000000e+00 -0.000000e+00 -1.000000e+00
   outer loop
     vertex  8.810832e+01  5.799853e+01  0.000000e+00
     vertex  8.821656e+01  5.799413e+01  0.000000e+00
     vertex  8.733294e+01  5.468762e+01  0.000000e+00
   endloop
 endfacet
 facet normal  0.000000e+00  0.000000e+00 -1.000000e+00
   outer loop
     vertex  8.810832e+01  5.799853e+01  0.000000e+00
     vertex  8.733294e+01  5.468762e+01  0.000000e+00
     vertex  8.725967e+01  5.472273e+01  0.000000e+00
   endloop
 endfacet
 facet normal  0.000000e+00  0.000000e+00 -1.000000e+00
   outer loop
     vertex  8.800000e+01  5.800000e+01  0.000000e+00
     vertex  8.680259e+01  5.489065e+01  0.000000e+00
     vertex  8.672401e+01  5.491132e+01  0.000000e+00
   endloop
 endfacet
 facet normal  0.000000e+00  0.000000e+00 -1.000000e+00
   outer loop
     vertex  8.800000e+01  5.800000e+01  0.000000e+00
     vertex  8.672401e+01  5.491132e+01  0.000000e+00
     vertex  8.664491e+01  5.492986e+01  0.000000e+00
   endloop
 endfacet
 facet normal  0.000000e+00  0.000000e+00 -1.000000e+00
   outer loop
     vertex  8.800000e+01  5.800000e+01  0.000000e+00
     vertex  8.664491e+01  5.492986e+01  0.000000e+00
     vertex  8.656534e+01  5.494625e+01  0.000000e+00
   endloop
 endfacet
 facet normal  0.000000e+00  0.000000e+00 -1.000000e+00
   outer loop
     vertex  8.800000e+01  5.800000e+01  0.000000e+00
     vertex  8.656534e+01  5.494625e+01  0.000000e+00
     vertex  8.648535e+01  5.496048e+01  0.000000e+00
   endloop
 endfacet
 facet normal  0.000000e+00  0.000000e+00 -1.000000e+00
   outer loop
     vertex  8.800000e+01  5.800000e+01  0.000000e+00
     vertex  8.648535e+01  5.496048e+01  0.000000e+00
     vertex  8.640500e+01  5.497254e+01  0.000000e+00
   endloop
 endfacet
 facet normal  0.000000e+00  0.000000e+00 -1.000000e+00
   outer loop
     vertex  8.800000e+01  5.800000e+01  0.000000e+00
     vertex  8.640500e+01  5.497254e+01  0.000000e+00
     vertex  8.632436e+01  5.498241e+01  0.000000e+00
   endloop
 endfacet
 facet normal  0.000000e+00  0.000000e+00 -1.000000e+00
   outer loop
     vertex  8.800000e+01  5.800000e+01  0.000000e+00
     vertex  8.632436e+01  5.498241e+01  0.000000e+00
     vertex  8.624348e+01  5.499010e+01  0.000000e+00
   endloop
 endfacet
 facet normal  0.000000e+00  0.000000e+00 -1.000000e+00
   outer loop
     vertex  8.800000e+01  5.800000e+01  0.000000e+00
     vertex  8.624348e+01  5.499010e+01  0.000000e+00
     vertex  8.616242e+01  5.499560e+01  0.000000e+00
   endloop
 endfacet
 facet normal  0.000000e+00  0.000000e+00 -1.000000e+00
   outer loop
     vertex  8.800000e+01  5.800000e+01  0.000000e+00
     vertex  8.616242e+01  5.499560e+01  0.000000e+00
     vertex  8.608124e+01  5.499890e+01  0.000000e+00
   endloop
 endfacet
 facet normal  0.000000e+00  0.000000e+00 -1.000000e+00
   outer loop
     vertex  8.800000e+01  5.800000e+01  0.000000e+00
     vertex  8.608124e+01  5.499890e+01  0.000000e+00
     vertex  8.600000e+01  5.500000e+01  0.000000e+00
   endloop
 endfacet
 facet normal  0.000000e+00 -0.000000e+00 -1.000000e+00
   outer loop
     vertex  8.800000e+01  5.800000e+01  0.000000e+00
     vertex  8.810832e+01  5.799853e+01  0.000000e+00
     vertex  8.725967e+01  5.472273e+01  0.000000e+00
   endloop
 endfacet
 facet normal  0.000000e+00  0.000000e+00 -1.000000e+00
   outer loop
     vertex  8.800000e+01  5.800000e+01  0.000000e+00
     vertex  8.725967e+01  5.472273e+01  0.000000e+00
     vertex  8.718548e+01  5.475584e+01  0.000000e+00
   endloop
 endfacet
 facet normal  0.000000e+00  0.000000e+00 -1.000000e+00
   outer loop
     vertex  8.800000e+01  5.800000e+01  0.000000e+00
     vertex  8.718548e+01  5.475584e+01  0.000000e+00
     vertex  8.711041e+01  5.478693e+01  0.000000e+00
   endloop
 endfacet
 facet normal  0.000000e+00  0.000000e+00 -1.000000e+00
   outer loop
     vertex  8.800000e+01  5.800000e+01  0.000000e+00
     vertex  8.711041e+01  5.478693e+01  0.000000e+00
     vertex  8.703454e+01  5.481598e+01  0.000000e+00
   endloop
 endfacet
 facet normal  0.000000e+00  0.000000e+00 -1.000000e+00
   outer loop
     vertex  8.800000e+01  5.800000e+01  0.000000e+00
     vertex  8.703454e+01  5.481598e+01  0.000000e+00
     vertex  8.695790e+01  5.484296e+01  0.000000e+00
   endloop
 endfacet
 facet normal  0.000000e+00  0.000000e+00 -1.000000e+00
   outer loop
     vertex  8.800000e+01  5.800000e+01  0.000000e+00
     vertex  8.695790e+01  5.484296e+01  0.000000e+00
     vertex  8.688057e+01  5.486786e+01  0.000000e+00
   endloop
 endfacet
 facet normal  0.000000e+00  0.000000e+00 -1.000000e+00
   outer loop
     vertex  8.800000e+01  5.800000e+01  0.000000e+00
     vertex  8.688057e+01  5.486786e+01  0.000000e+00
     vertex  8.680259e+01  5.489065e+01  0.000000e+00
   endloop
 endfacet
 facet normal  0.000000e+00  0.000000e+00 -1.000000e+00
   outer loop
     vertex  6.000000e+00  3.000000e+00  0.000000e+00
     vertex  8.600000e+01  3.000000e+00  0.000000e+00
     vertex  8.800000e+01  0.000000e+00  0.000000e+00
   endloop
 endfacet
 facet normal  0.000000e+00 -0.000000e+00 -1.000000e+00
   outer loop
     vertex  6.000000e+00  3.000000e+00  0.000000e+00
     vertex  8.800000e+01  0.000000e+00  0.000000e+00
     vertex  4.000000e+00  0.000000e+00  0.000000e+00
   endloop
 endfacet
 facet normal  0.000000e+00 -0.000000e+00 -1.000000e+00
   outer loop
     vertex  5.918762e+00  3.001100e+00  0.000000e+00
     vertex  6.000000e+00  3.000000e+00  0.000000e+00
     vertex  4.000000e+00  0.000000e+00  0.000000e+00
   endloop
 endfacet
 facet normal  0.000000e+00 -0.000000e+00 -1.000000e+00
   outer loop
     vertex  5.837583e+00  3.004400e+00  0.000000e+00
     vertex  5.918762e+00  3.001100e+00  0.000000e+00
     vertex  4.000000e+00  0.000000e+00  0.000000e+00
   endloop
 endfacet
 facet normal  0.000000e+00 -0.000000e+00 -1.000000e+00
   outer loop
     vertex  5.756524e+00  3.009896e+00  0.000000e+00
     vertex  5.837583e+00  3.004400e+00  0.000000e+00
     vertex  4.000000e+00  0.000000e+00  0.000000e+00
   endloop
 endfacet
 facet normal  0.000000e+00 -0.000000e+00 -1.000000e+00
   outer loop
     vertex  5.675643e+00  3.017586e+00  0.000000e+00
     vertex  5.756524e+00  3.009896e+00  0.000000e+00
     vertex  4.000000e+00  0.000000e+00  0.000000e+00
   endloop
 endfacet
 facet normal  0.000000e+00 -0.000000e+00 -1.000000e+00
   outer loop
     vertex  5.595000e+00  3.027463e+00  0.000000e+00
     vertex  5.675643e+00  3.017586e+00  0.000000e+00
     vertex  4.000000e+00  0.000000e+00  0.000000e+00
   endloop
 endfacet
 facet normal  0.000000e+00 -0.000000e+00 -1.000000e+00
   outer loop
     vertex  5.514654e+00  3.039520e+00  0.000000e+00
     vertex  5.595000e+00  3.027463e+00  0.000000e+00
     vertex  4.000000e+00  0.000000e+00  0.000000e+00
   endloop
 endfacet
 facet normal  0.000000e+00 -0.000000e+00 -1.000000e+00
   outer loop
     vertex  5.434664e+00  3.053749e+00  0.000000e+00
     vertex  5.514654e+00  3.039520e+00  0.000000e+00
     vertex  4.000000e+00  0.000000e+00  0.000000e+00
   endloop
 endfacet
 facet normal  0.000000e+00 -0.000000e+00 -1.000000e+00
   outer loop
     vertex  5.355089e+00  3.070138e+00  0.000000e+00
     vertex  5.434664e+00  3.053749e+00  0.000000e+00
     vertex  4.000000e+00  0.000000e+00  0.000000e+00
   endloop
 endfacet
 facet normal  0.000000e+00 -0.000000e+00 -1.000000e+00
   outer loop
     vertex  5.275986e+00  3.088677e+00  0.000000e+00
     vertex  5.355089e+00  3.070138e+00  0.000000e+00
     vertex  4.000000e+00  0.000000e+00  0.000000e+00
   endloop
 endfacet
 facet normal  0.000000e+00 -0.000000e+00 -1.000000e+00
   outer loop
     vertex  5.197415e+00  3.109350e+00  0.000000e+00
     vertex  5.275986e+00  3.088677e+00  0.000000e+00
     vertex  4.000000e+00  0.000000e+00  0.000000e+00
   endloop
 endfacet
 facet normal  0.000000e+00 -0.000000e+00 -1.000000e+00
   outer loop
     vertex  5.119432e+00  3.132144e+00  0.000000e+00
     vertex  5.197415e+00  3.109350e+00  0.000000e+00
     vertex  4.000000e+00  0.000000e+00  0.000000e+00
   endloop
 endfacet
 facet normal  0.000000e+00 -0.000000e+00 -1.000000e+00
   outer loop
     vertex  5.042095e+00  3.157040e+00  0.000000e+00
     vertex  5.119432e+00  3.132144e+00  0.000000e+00
     vertex  4.000000e+00  0.000000e+00  0.000000e+00
   endloop
 endfacet
 facet normal  0.000000e+00 -0.000000e+00 -1.000000e+00
   outer loop
     vertex  4.965461e+00  3.184023e+00  0.000000e+00
     vertex  5.042095e+00  3.157040e+00  0.000000e+00
     vertex  4.000000e+00  0.000000e+00  0.000000e+00
   endloop
 endfacet
 facet normal  0.000000e+00 -0.000000e+00 -1.000000e+00
   outer loop
     vertex  4.889586e+00  3.213070e+00  0.000000e+00
     vertex  4.965461e+00  3.184023e+00  0.000000e+00
     vertex  4.000000e+00  0.000000e+00  0.000000e+00
   endloop
 endfacet
 facet normal  0.000000e+00 -0.000000e+00 -1.000000e+00
   outer loop
     vertex  4.814524e+00  3.244161e+00  0.000000e+00
     vertex  4.889586e+00  3.213070e+00  0.000000e+00
     vertex  4.000000e+00  0.000000e+00  0.000000e+00
   endloop
 endfacet
 facet normal  0.000000e+00 -0.000000e+00 -1.000000e+00
   outer loop
     vertex  4.740333e+00  3.277274e+00  0.000000e+00
     vertex  4.814524e+00  3.244161e+00  0.000000e+00
     vertex  4.000000e+00  0.000000e+00  0.000000e+00
   endloop
 endfacet
 facet normal  0.000000e+00  0.000000e+00 -1.000000e+00
   outer loop
     vertex  4.740333e+00  3.277274e+00  0.000000e+00
     vertex  4.000000e+00  0.000000e+00  0.000000e+00
     vertex  3.891682e+00  1.466855e-03  0.000000e+00
   endloop
 endfacet
 facet normal  0.000000e+00 -0.000000e+00 -1.000000e+00
   outer loop
     vertex  4.667065e+00  3.312383e+00  0.000000e+00
     vertex  4.740333e+00  3.277274e+00  0.000000e+00
     vertex  3.891682e+00  1.466855e-03  0.000000e+00
   endloop
 endfacet
 facet normal  0.000000e+00  0.000000e+00 -1.000000e+00
   outer loop
     vertex  4.667065e+00  3.312383e+00  0.000000e+00
     vertex  3.783444e+00  5.866345e-03  0.000000e+00
     vertex  3.675365e+00  1.319524e-02  0.000000e+00
   endloop
 endfacet
 facet normal  0.000000e+00  0.000000e+00 -1.000000e+00
   outer loop
     vertex  4.667065e+00  3.312383e+00  0.000000e+00
     vertex  3.891682e+00  1.466855e-03  0.000000e+00
     vertex  3.783444e+00  5.866345e-03  0.000000e+00
   endloop
 endfacet
 facet normal  0.000000e+00 -0.000000e+00 -1.000000e+00
   outer loop
     vertex  4.594775e+00  3.349464e+00  0.000000e+00
     vertex  4.667065e+00  3.312383e+00  0.000000e+00
     vertex  3.675365e+00  1.319524e-02  0.000000e+00
   endloop
 endfacet
 facet normal  0.000000e+00  0.000000e+00 -1.000000e+00
   outer loop
     vertex  4.594775e+00  3.349464e+00  0.000000e+00
     vertex  3.567524e+00  2.344817e-02  0.000000e+00
     vertex  3.460000e+00  3.661761e-02  0.000000e+00
   endloop
 endfacet
 facet normal  0.000000e+00  0.000000e+00 -1.000000e+00
   outer loop
     vertex  4.594775e+00  3.349464e+00  0.000000e+00
     vertex  3.675365e+00  1.319524e-02  0.000000e+00
     vertex  3.567524e+00  2.344817e-02  0.000000e+00
   endloop
 endfacet
 facet normal  0.000000e+00  0.000000e+00 -1.000000e+00
   outer loop
     vertex  4.523515e+00  3.388488e+00  0.000000e+00
     vertex  3.352872e+00  5.269391e-02  0.000000e+00
     vertex  3.246219e+00  7.166527e-02  0.000000e+00
   endloop
 endfacet
 facet normal  0.000000e+00  0.000000e+00 -1.000000e+00
   outer loop
     vertex  4.523515e+00  3.388488e+00  0.000000e+00
     vertex  3.460000e+00  3.661761e-02  0.000000e+00
     vertex  3.352872e+00  5.269391e-02  0.000000e+00
   endloop
 endfacet
 facet normal  0.000000e+00 -0.000000e+00 -1.000000e+00
   outer loop
     vertex  4.523515e+00  3.388488e+00  0.000000e+00
     vertex  4.594775e+00  3.349464e+00  0.000000e+00
     vertex  3.460000e+00  3.661761e-02  0.000000e+00
   endloop
 endfacet
 facet normal  0.000000e+00  0.000000e+00 -1.000000e+00
   outer loop
     vertex  4.453338e+00  3.429428e+00  0.000000e+00
     vertex  3.140118e+00  9.351778e-02  0.000000e+00
     vertex  3.034648e+00  1.182354e-01  0.000000e+00
   endloop
 endfacet
 facet normal  0.000000e+00  0.000000e+00 -1.000000e+00
   outer loop
     vertex  4.453338e+00  3.429428e+00  0.000000e+00
     vertex  3.246219e+00  7.166527e-02  0.000000e+00
     vertex  3.140118e+00  9.351778e-02  0.000000e+00
   endloop
 endfacet
 facet normal  0.000000e+00 -0.000000e+00 -1.000000e+00
   outer loop
     vertex  4.453338e+00  3.429428e+00  0.000000e+00
     vertex  4.523515e+00  3.388488e+00  0.000000e+00
     vertex  3.246219e+00  7.166527e-02  0.000000e+00
   endloop
 endfacet
 facet normal  0.000000e+00  0.000000e+00 -1.000000e+00
   outer loop
     vertex  4.384296e+00  3.472254e+00  0.000000e+00
     vertex  2.825910e+00  1.761914e-01  0.000000e+00
     vertex  2.722794e+00  2.093873e-01  0.000000e+00
   endloop
 endfacet
 facet normal  0.000000e+00  0.000000e+00 -1.000000e+00
   outer loop
     vertex  4.384296e+00  3.472254e+00  0.000000e+00
     vertex  2.929887e+00  1.458000e-01  0.000000e+00
     vertex  2.825910e+00  1.761914e-01  0.000000e+00
   endloop
 endfacet
 facet normal  0.000000e+00  0.000000e+00 -1.000000e+00
   outer loop
     vertex  4.384296e+00  3.472254e+00  0.000000e+00
     vertex  3.034648e+00  1.182354e-01  0.000000e+00
     vertex  2.929887e+00  1.458000e-01  0.000000e+00
   endloop
 endfacet
 facet normal  0.000000e+00 -0.000000e+00 -1.000000e+00
   outer loop
     vertex  4.384296e+00  3.472254e+00  0.000000e+00
     vertex  4.453338e+00  3.429428e+00  0.000000e+00
     vertex  3.034648e+00  1.182354e-01  0.000000e+00
   endloop
 endfacet
 facet normal  0.000000e+00  0.000000e+00 -1.000000e+00
   outer loop
     vertex  4.316439e+00  3.516933e+00  0.000000e+00
     vertex  2.620615e+00  2.453633e-01  0.000000e+00
     vertex  2.519447e+00  2.840931e-01  0.000000e+00
   endloop
 endfacet
 facet normal  0.000000e+00  0.000000e+00 -1.000000e+00
   outer loop
     vertex  4.316439e+00  3.516933e+00  0.000000e+00
     vertex  2.722794e+00  2.093873e-01  0.000000e+00
     vertex  2.620615e+00  2.453633e-01  0.000000e+00
   endloop
 endfacet
 facet normal  0.000000e+00 -0.000000e+00 -1.000000e+00
   outer loop
     vertex  4.316439e+00  3.516933e+00  0.000000e+00
     vertex  4.384296e+00  3.472254e+00  0.000000e+00
     vertex  2.722794e+00  2.093873e-01  0.000000e+00
   endloop
 endfacet
 facet normal  0.000000e+00  0.000000e+00 -1.000000e+00
   outer loop
     vertex  4.249816e+00  3.563433e+00  0.000000e+00
     vertex  2.419366e+00  3.255482e-01  0.000000e+00
     vertex  2.320444e+00  3.696983e-01  0.000000e+00
   endloop
 endfacet
 facet normal  0.000000e+00  0.000000e+00 -1.000000e+00
   outer loop
     vertex  4.249816e+00  3.563433e+00  0.000000e+00
     vertex  2.519447e+00  2.840931e-01  0.000000e+00
     vertex  2.419366e+00  3.255482e-01  0.000000e+00
   endloop
 endfacet
 facet normal  0.000000e+00 -0.000000e+00 -1.000000e+00
   outer loop
     vertex  4.249816e+00  3.563433e+00  0.000000e+00
     vertex  4.316439e+00  3.516933e+00  0.000000e+00
     vertex  2.519447e+00  2.840931e-01  0.000000e+00
   endloop
 endfacet
 facet normal  0.000000e+00  0.000000e+00 -1.000000e+00
   outer loop
     vertex  4.184477e+00  3.611721e+00  0.000000e+00
     vertex  2.222753e+00  4.165110e-01  0.000000e+00
     vertex  2.126366e+00  4.659518e-01  0.000000e+00
   endloop
 endfacet
 facet normal  0.000000e+00  0.000000e+00 -1.000000e+00
   outer loop
     vertex  4.184477e+00  3.611721e+00  0.000000e+00
     vertex  2.320444e+00  3.696983e-01  0.000000e+00
     vertex  2.222753e+00  4.165110e-01  0.000000e+00
   endloop
 endfacet
 facet normal  0.000000e+00 -0.000000e+00 -1.000000e+00
   outer loop
     vertex  4.184477e+00  3.611721e+00  0.000000e+00
     vertex  4.249816e+00  3.563433e+00  0.000000e+00
     vertex  2.320444e+00  3.696983e-01  0.000000e+00
   endloop
 endfacet
 facet normal  0.000000e+00  0.000000e+00 -1.000000e+00
   outer loop
     vertex  4.120470e+00  3.661760e+00  0.000000e+00
     vertex  1.937785e+00  5.725713e-01  0.000000e+00
     vertex  1.845728e+00  6.296717e-01  0.000000e+00
   endloop
 endfacet
 facet normal  0.000000e+00  0.000000e+00 -1.000000e+00
   outer loop
     vertex  4.120470e+00  3.661760e+00  0.000000e+00
     vertex  2.031353e+00  5.179847e-01  0.000000e+00
     vertex  1.937785e+00  5.725713e-01  0.000000e+00
   endloop
 endfacet
 facet normal  0.000000e+00  0.000000e+00 -1.000000e+00
   outer loop
     vertex  4.120470e+00  3.661760e+00  0.000000e+00
     vertex  2.126366e+00  4.659518e-01  0.000000e+00
     vertex  2.031353e+00  5.179847e-01  0.000000e+00
   endloop
 endfacet
 facet normal  0.000000e+00 -0.000000e+00 -1.000000e+00
   outer loop
     vertex  4.120470e+00  3.661760e+00  0.000000e+00
     vertex  4.184477e+00  3.611721e+00  0.000000e+00
     vertex  2.126366e+00  4.659518e-01  0.000000e+00
   endloop
 endfacet
 facet normal  0.000000e+00 -0.000000e+00 -1.000000e+00
   outer loop
     vertex  4.057841e+00  3.713514e+00  0.000000e+00
     vertex  4.120470e+00  3.661760e+00  0.000000e+00
     vertex  1.845728e+00  6.296717e-01  0.000000e+00
   endloop
 endfacet
 facet normal  0.000000e+00  0.000000e+00 -1.000000e+00
   outer loop
     vertex  4.057841e+00  3.713514e+00  0.000000e+00
     vertex  1.755252e+00  6.892440e-01  0.000000e+00
     vertex  1.666422e+00  7.512445e-01  0.000000e+00
   endloop
 endfacet
 facet normal  0.000000e+00  0.000000e+00 -1.000000e+00
   outer loop
     vertex  4.057841e+00  3.713514e+00  0.000000e+00
     vertex  1.845728e+00  6.296717e-01  0.000000e+00
     vertex  1.755252e+00  6.892440e-01  0.000000e+00
   endloop
 endfacet
 facet normal  0.000000e+00 -0.000000e+00 -1.000000e+00
   outer loop
     vertex  3.996637e+00  3.766945e+00  0.000000e+00
     vertex  4.057841e+00  3.713514e+00  0.000000e+00
     vertex  1.666422e+00  7.512445e-01  0.000000e+00
   endloop
 endfacet
 facet normal  0.000000e+00  0.000000e+00 -1.000000e+00
   outer loop
     vertex  3.996637e+00  3.766945e+00  0.000000e+00
     vertex  1.579303e+00  8.156277e-01  0.000000e+00
     vertex  1.493960e+00  8.823465e-01  0.000000e+00
   endloop
 endfacet
 facet normal  0.000000e+00  0.000000e+00 -1.000000e+00
   outer loop
     vertex  3.996637e+00  3.766945e+00  0.000000e+00
     vertex  1.666422e+00  7.512445e-01  0.000000e+00
     vertex  1.579303e+00  8.156277e-01  0.000000e+00
   endloop
 endfacet
 facet normal  0.000000e+00 -0.000000e+00 -1.000000e+00
   outer loop
     vertex  3.936902e+00  3.822014e+00  0.000000e+00
     vertex  3.996637e+00  3.766945e+00  0.000000e+00
     vertex  1.493960e+00  8.823465e-01  0.000000e+00
   endloop
 endfacet
 facet normal  0.000000e+00  0.000000e+00 -1.000000e+00
   outer loop
     vertex  3.936902e+00  3.822014e+00  0.000000e+00
     vertex  1.328849e+00  1.022593e+00  0.000000e+00
     vertex  1.249202e+00  1.096018e+00  0.000000e+00
   endloop
 endfacet
 facet normal  0.000000e+00  0.000000e+00 -1.000000e+00
   outer loop
     vertex  3.936902e+00  3.822014e+00  0.000000e+00
     vertex  1.410455e+00  9.513518e-01  0.000000e+00
     vertex  1.328849e+00  1.022593e+00  0.000000e+00
   endloop
 endfacet
 facet normal  0.000000e+00  0.000000e+00 -1.000000e+00
   outer loop
     vertex  3.936902e+00  3.822014e+00  0.000000e+00
     vertex  1.493960e+00  8.823465e-01  0.000000e+00
     vertex  1.410455e+00  9.513518e-01  0.000000e+00
   endloop
 endfacet
 facet normal  0.000000e+00 -0.000000e+00 -1.000000e+00
   outer loop
     vertex  3.878680e+00  3.878680e+00  0.000000e+00
     vertex  3.936902e+00  3.822014e+00  0.000000e+00
     vertex  1.249202e+00  1.096018e+00  0.000000e+00
   endloop
 endfacet
 facet normal  0.000000e+00  0.000000e+00 -1.000000e+00
   outer loop
     vertex  1.171573e+00  1.171573e+00  0.000000e+00
     vertex  3.878680e+00  3.878680e+00  0.000000e+00
     vertex  1.249202e+00  1.096018e+00  0.000000e+00
   endloop
 endfacet
 facet normal  0.000000e+00  0.000000e+00 -1.000000e+00
   outer loop
     vertex  1.096018e+00  1.249202e+00  0.000000e+00
     vertex  3.878680e+00  3.878680e+00  0.000000e+00
     vertex  1.171573e+00  1.171573e+00  0.000000e+00
   endloop
 endfacet
 facet normal  0.000000e+00  0.000000e+00 -1.000000e+00
   outer loop
     vertex  1.096018e+00  1.249202e+00  0.000000e+00
     vertex  3.822014e+00  3.936902e+00  0.000000e+00
     vertex  3.878680e+00  3.878680e+00  0.000000e+00
   endloop
 endfacet
 facet normal  0.000000e+00  0.000000e+00 -1.000000e+00
   outer loop
     vertex  1.022593e+00  1.328849e+00  0.000000e+00
     vertex  3.822014e+00  3.936902e+00  0.000000e+00
     vertex  1.096018e+00  1.249202e+00  0.000000e+00
   endloop
 endfacet
 facet normal  0.000000e+00  0.000000e+00 -1.000000e+00
   outer loop
     vertex  9.513518e-01  1.410455e+00  0.000000e+00
     vertex  3.822014e+00  3.936902e+00  0.000000e+00
     vertex  1.022593e+00  1.328849e+00  0.000000e+00
   endloop
 endfacet
 facet normal  0.000000e+00  0.000000e+00 -1.000000e+00
   outer loop
     vertex  8.823465e-01  1.493960e+00  0.000000e+00
     vertex  3.766945e+00  3.996637e+00  0.000000e+00
     vertex  3.822014e+00  3.936902e+00  0.000000e+00
   endloop
 endfacet
 facet normal  0.000000e+00  0.000000e+00 -1.000000e+00
   outer loop
     vertex  8.823465e-01  1.493960e+00  0.000000e+00
     vertex  3.822014e+00  3.936902e+00  0.000000e+00
     vertex  9.513518e-01  1.410455e+00  0.000000e+00
   endloop
 endfacet
 facet normal  0.000000e+00  0.000000e+00 -1.000000e+00
   outer loop
     vertex  8.156277e-01  1.579303e+00  0.000000e+00
     vertex  3.766945e+00  3.996637e+00  0.000000e+00
     vertex  8.823465e-01  1.493960e+00  0.000000e+00
   endloop
 endfacet
 facet normal  0.000000e+00  0.000000e+00 -1.000000e+00
   outer loop
     vertex  7.512445e-01  1.666422e+00  0.000000e+00
     vertex  3.713514e+00  4.057841e+00  0.000000e+00
     vertex  3.766945e+00  3.996637e+00  0.000000e+00
   endloop
 endfacet
 facet normal  0.000000e+00  0.000000e+00 -1.000000e+00
   outer loop
     vertex  7.512445e-01  1.666422e+00  0.000000e+00
     vertex  3.766945e+00  3.996637e+00  0.000000e+00
     vertex  8.156277e-01  1.579303e+00  0.000000e+00
   endloop
 endfacet
 facet normal  0.000000e+00  0.000000e+00 -1.000000e+00
   outer loop
     vertex  6.892440e-01  1.755252e+00  0.000000e+00
     vertex  3.713514e+00  4.057841e+00  0.000000e+00
     vertex  7.512445e-01  1.666422e+00  0.000000e+00
   endloop
 endfacet
 facet normal  0.000000e+00  0.000000e+00 -1.000000e+00
   outer loop
     vertex  6.296717e-01  1.845728e+00  0.000000e+00
     vertex  3.661760e+00  4.120470e+00  0.000000e+00
     vertex  3.713514e+00  4.057841e+00  0.000000e+00
   endloop
 endfacet
 facet normal  0.000000e+00  0.000000e+00 -1.000000e+00
   outer loop
     vertex  6.296717e-01  1.845728e+00  0.000000e+00
     vertex  3.713514e+00  4.057841e+00  0.000000e+00
     vertex  6.892440e-01  1.755252e+00  0.000000e+00
   endloop
 endfacet
 facet normal  0.000000e+00  0.000000e+00 -1.000000e+00
   outer loop
     vertex  5.725713e-01  1.937785e+00  0.000000e+00
     vertex  3.661760e+00  4.120470e+00  0.000000e+00
     vertex  6.296717e-01  1.845728e+00  0.000000e+00
   endloop
 endfacet
 facet normal  0.000000e+00  0.000000e+00 -1.000000e+00
   outer loop
     vertex  5.179847e-01  2.031353e+00  0.000000e+00
     vertex  3.661760e+00  4.120470e+00  0.000000e+00
     vertex  5.725713e-01  1.937785e+00  0.000000e+00
   endloop
 endfacet
 facet normal  0.000000e+00  0.000000e+00 -1.000000e+00
   outer loop
     vertex  4.659518e-01  2.126366e+00  0.000000e+00
     vertex  3.611721e+00  4.184477e+00  0.000000e+00
     vertex  3.661760e+00  4.120470e+00  0.000000e+00
   endloop
 endfacet
 facet normal  0.000000e+00  0.000000e+00 -1.000000e+00
   outer loop
     vertex  4.659518e-01  2.126366e+00  0.000000e+00
     vertex  3.661760e+00  4.120470e+00  0.000000e+00
     vertex  5.179847e-01  2.031353e+00  0.000000e+00
   endloop
 endfacet
 facet normal  0.000000e+00  0.000000e+00 -1.000000e+00
   outer loop
     vertex  4.165110e-01  2.222753e+00  0.000000e+00
     vertex  3.611721e+00  4.184477e+00  0.000000e+00
     vertex  4.659518e-01  2.126366e+00  0.000000e+00
   endloop
 endfacet
 facet normal  0.000000e+00  0.000000e+00 -1.000000e+00
   outer loop
     vertex  3.696983e-01  2.320444e+00  0.000000e+00
     vertex  3.611721e+00  4.184477e+00  0.000000e+00
     vertex  4.165110e-01  2.222753e+00  0.000000e+00
   endloop
 endfacet
 facet normal  0.000000e+00  0.000000e+00 -1.000000e+00
   outer loop
     vertex  3.696983e-01  2.320444e+00  0.000000e+00
     vertex  3.563433e+00  4.249816e+00  0.000000e+00
     vertex  3.611721e+00  4.184477e+00  0.000000e+00
   endloop
 endfacet
 facet normal  0.000000e+00  0.000000e+00 -1.000000e+00
   outer loop
     vertex  3.255482e-01  2.419366e+00  0.000000e+00
     vertex  3.563433e+00  4.249816e+00  0.000000e+00
     vertex  3.696983e-01  2.320444e+00  0.000000e+00
   endloop
 endfacet
 facet normal  0.000000e+00  0.000000e+00 -1.000000e+00
   outer loop
     vertex  2.840931e-01  2.519447e+00  0.000000e+00
     vertex  3.563433e+00  4.249816e+00  0.000000e+00
     vertex  3.255482e-01  2.419366e+00  0.000000e+00
   endloop
 endfacet
 facet normal  0.000000e+00  0.000000e+00 -1.000000e+00
   outer loop
     vertex  2.840931e-01  2.519447e+00  0.000000e+00
     vertex  3.516933e+00  4.316439e+00  0.000000e+00
     vertex  3.563433e+00  4.249816e+00  0.000000e+00
   endloop
 endfacet
 facet normal  0.000000e+00  0.000000e+00 -1.000000e+00
   outer loop
     vertex  2.453633e-01  2.620615e+00  0.000000e+00
     vertex  3.516933e+00  4.316439e+00  0.000000e+00
     vertex  2.840931e-01  2.519447e+00  0.000000e+00
   endloop
 endfacet
 facet normal  0.000000e+00  0.000000e+00 -1.000000e+00
   outer loop
     vertex  2.093873e-01  2.722794e+00  0.000000e+00
     vertex  3.516933e+00  4.316439e+00  0.000000e+00
     vertex  2.453633e-01  2.620615e+00  0.000000e+00
   endloop
 endfacet
 facet normal  0.000000e+00  0.000000e+00 -1.000000e+00
   outer loop
     vertex  2.093873e-01  2.722794e+00  0.000000e+00
     vertex  3.472254e+00  4.384296e+00  0.000000e+00
     vertex  3.516933e+00  4.316439e+00  0.000000e+00
   endloop
 endfacet
 facet normal  0.000000e+00  0.000000e+00 -1.000000e+00
   outer loop
     vertex  1.761914e-01  2.825910e+00  0.000000e+00
     vertex  3.472254e+00  4.384296e+00  0.000000e+00
     vertex  2.093873e-01  2.722794e+00  0.000000e+00
   endloop
 endfacet
 facet normal  0.000000e+00  0.000000e+00 -1.000000e+00
   outer loop
     vertex  1.458000e-01  2.929887e+00  0.000000e+00
     vertex  3.472254e+00  4.384296e+00  0.000000e+00
     vertex  1.761914e-01  2.825910e+00  0.000000e+00
   endloop
 endfacet
 facet normal  0.000000e+00  0.000000e+00 -1.000000e+00
   outer loop
     vertex  1.182354e-01  3.034648e+00  0.000000e+00
     vertex  3.429428e+00  4.453338e+00  0.000000e+00
     vertex  3.472254e+00  4.384296e+00  0.000000e+00
   endloop
 endfacet
 facet normal  0.000000e+00  0.000000e+00 -1.000000e+00
   outer loop
     vertex  1.182354e-01  3.034648e+00  0.000000e+00
     vertex  3.472254e+00  4.384296e+00  0.000000e+00
     vertex  1.458000e-01  2.929887e+00  0.000000e+00
   endloop
 endfacet
 facet normal  0.000000e+00  0.000000e+00 -1.000000e+00
   outer loop
     vertex  9.351778e-02  3.140118e+00  0.000000e+00
     vertex  3.429428e+00  4.453338e+00  0.000000e+00
     vertex  1.182354e-01  3.034648e+00  0.000000e+00
   endloop
 endfacet
 facet normal  0.000000e+00  0.000000e+00 -1.000000e+00
   outer loop
     vertex  7.166527e-02  3.246219e+00  0.000000e+00
     vertex  3.429428e+00  4.453338e+00  0.000000e+00
     vertex  9.351778e-02  3.140118e+00  0.000000e+00
   endloop
 endfacet
 facet normal  0.000000e+00  0.000000e+00 -1.000000e+00
   outer loop
     vertex  7.166527e-02  3.246219e+00  0.000000e+00
     vertex  3.388488e+00  4.523515e+00  0.000000e+00
     vertex  3.429428e+00  4.453338e+00  0.000000e+00
   endloop
 endfacet
 facet normal  0.000000e+00  0.000000e+00 -1.000000e+00
   outer loop
     vertex  5.269391e-02  3.352872e+00  0.000000e+00
     vertex  3.388488e+00  4.523515e+00  0.000000e+00
     vertex  7.166527e-02  3.246219e+00  0.000000e+00
   endloop
 endfacet
 facet normal  0.000000e+00  0.000000e+00 -1.000000e+00
   outer loop
     vertex  3.661761e-02  3.460000e+00  0.000000e+00
     vertex  3.388488e+00  4.523515e+00  0.000000e+00
     vertex  5.269391e-02  3.352872e+00  0.000000e+00
   endloop
 endfacet
 facet normal  0.000000e+00  0.000000e+00 -1.000000e+00
   outer loop
     vertex  3.661761e-02  3.460000e+00  0.000000e+00
     vertex  3.349464e+00  4.594775e+00  0.000000e+00
     vertex  3.388488e+00  4.523515e+00  0.000000e+00
   endloop
 endfacet
 facet normal  0.000000e+00  0.000000e+00 -1.000000e+00
   outer loop
     vertex  2.344817e-02  3.567524e+00  0.000000e+00
     vertex  3.349464e+00  4.594775e+00  0.000000e+00
     vertex  3.661761e-02  3.460000e+00  0.000000e+00
   endloop
 endfacet
 facet normal  0.000000e+00  0.000000e+00 -1.000000e+00
   outer loop
     vertex  1.319524e-02  3.675365e+00  0.000000e+00
     vertex  3.312383e+00  4.667065e+00  0.000000e+00
     vertex  3.349464e+00  4.594775e+00  0.000000e+00
   endloop
 endfacet
 facet normal  0.000000e+00  0.000000e+00 -1.000000e+00
   outer loop
     vertex  1.319524e-02  3.675365e+00  0.000000e+00
     vertex  3.349464e+00  4.594775e+00  0.000000e+00
     vertex  2.344817e-02  3.567524e+00  0.000000e+00
   endloop
 endfacet
 facet normal  0.000000e+00  0.000000e+00 -1.000000e+00
   outer loop
     vertex  5.866345e-03  3.783444e+00  0.000000e+00
     vertex  3.312383e+00  4.667065e+00  0.000000e+00
     vertex  1.319524e-02  3.675365e+00  0.000000e+00
   endloop
 endfacet
 facet normal  0.000000e+00  0.000000e+00 -1.000000e+00
   outer loop
     vertex  1.466855e-03  3.891682e+00  0.000000e+00
     vertex  3.312383e+00  4.667065e+00  0.000000e+00
     vertex  5.866345e-03  3.783444e+00  0.000000e+00
   endloop
 endfacet
 facet normal  0.000000e+00  0.000000e+00 -1.000000e+00
   outer loop
     vertex  1.466855e-03  3.891682e+00  0.000000e+00
     vertex  3.277274e+00  4.740333e+00  0.000000e+00
     vertex  3.312383e+00  4.667065e+00  0.000000e+00
   endloop
 endfacet
 facet normal  0.000000e+00  0.000000e+00 -1.000000e+00
   outer loop
     vertex  0.000000e+00  4.000000e+00  0.000000e+00
     vertex  3.277274e+00  4.740333e+00  0.000000e+00
     vertex  1.466855e-03  3.891682e+00  0.000000e+00
   endloop
 endfacet
 facet normal  0.000000e+00  0.000000e+00 -1.000000e+00
   outer loop
     vertex  0.000000e+00  4.000000e+00  0.000000e+00
     vertex  3.000000e+00  6.000000e+00  0.000000e+00
     vertex  3.001100e+00  5.918762e+00  0.000000e+00
   endloop
 endfacet
 facet normal  0.000000e+00  0.000000e+00 -1.000000e+00
   outer loop
     vertex  0.000000e+00  4.000000e+00  0.000000e+00
     vertex  3.001100e+00  5.918762e+00  0.000000e+00
     vertex  3.004400e+00  5.837583e+00  0.000000e+00
   endloop
 endfacet
 facet normal  0.000000e+00  0.000000e+00 -1.000000e+00
   outer loop
     vertex  0.000000e+00  4.000000e+00  0.000000e+00
     vertex  3.004400e+00  5.837583e+00  0.000000e+00
     vertex  3.009896e+00  5.756524e+00  0.000000e+00
   endloop
 endfacet
 facet normal  0.000000e+00  0.000000e+00 -1.000000e+00
   outer loop
     vertex  0.000000e+00  4.000000e+00  0.000000e+00
     vertex  3.009896e+00  5.756524e+00  0.000000e+00
     vertex  3.017586e+00  5.675643e+00  0.000000e+00
   endloop
 endfacet
 facet normal  0.000000e+00  0.000000e+00 -1.000000e+00
   outer loop
     vertex  0.000000e+00  4.000000e+00  0.000000e+00
     vertex  3.017586e+00  5.675643e+00  0.000000e+00
     vertex  3.027463e+00  5.595000e+00  0.000000e+00
   endloop
 endfacet
 facet normal  0.000000e+00  0.000000e+00 -1.000000e+00
   outer loop
     vertex  0.000000e+00  4.000000e+00  0.000000e+00
     vertex  3.027463e+00  5.595000e+00  0.000000e+00
     vertex  3.039520e+00  5.514654e+00  0.000000e+00
   endloop
 endfacet
 facet normal  0.000000e+00  0.000000e+00 -1.000000e+00
   outer loop
     vertex  0.000000e+00  4.000000e+00  0.000000e+00
     vertex  3.039520e+00  5.514654e+00  0.000000e+00
     vertex  3.053749e+00  5.434664e+00  0.000000e+00
   endloop
 endfacet
 facet normal  0.000000e+00  0.000000e+00 -1.000000e+00
   outer loop
     vertex  0.000000e+00  4.000000e+00  0.000000e+00
     vertex  3.053749e+00  5.434664e+00  0.000000e+00
     vertex  3.070138e+00  5.355089e+00  0.000000e+00
   endloop
 endfacet
 facet normal  0.000000e+00  0.000000e+00 -1.000000e+00
   outer loop
     vertex  0.000000e+00  4.000000e+00  0.000000e+00
     vertex  3.070138e+00  5.355089e+00  0.000000e+00
     vertex  3.088677e+00  5.275986e+00  0.000000e+00
   endloop
 endfacet
 facet normal  0.000000e+00  0.000000e+00 -1.000000e+00
   outer loop
     vertex  0.000000e+00  4.000000e+00  0.000000e+00
     vertex  3.088677e+00  5.275986e+00  0.000000e+00
     vertex  3.109350e+00  5.197415e+00  0.000000e+00
   endloop
 endfacet
 facet normal  0.000000e+00  0.000000e+00 -1.000000e+00
   outer loop
     vertex  0.000000e+00  4.000000e+00  0.000000e+00
     vertex  3.109350e+00  5.197415e+00  0.000000e+00
     vertex  3.132144e+00  5.119432e+00  0.000000e+00
   endloop
 endfacet
 facet normal  0.000000e+00  0.000000e+00 -1.000000e+00
   outer loop
     vertex  0.000000e+00  4.000000e+00  0.000000e+00
     vertex  3.132144e+00  5.119432e+00  0.000000e+00
     vertex  3.157040e+00  5.042095e+00  0.000000e+00
   endloop
 endfacet
 facet normal  0.000000e+00  0.000000e+00 -1.000000e+00
   outer loop
     vertex  0.000000e+00  4.000000e+00  0.000000e+00
     vertex  3.157040e+00  5.042095e+00  0.000000e+00
     vertex  3.184023e+00  4.965461e+00  0.000000e+00
   endloop
 endfacet
 facet normal  0.000000e+00  0.000000e+00 -1.000000e+00
   outer loop
     vertex  0.000000e+00  4.000000e+00  0.000000e+00
     vertex  3.184023e+00  4.965461e+00  0.000000e+00
     vertex  3.213070e+00  4.889586e+00  0.000000e+00
   endloop
 endfacet
 facet normal  0.000000e+00  0.000000e+00 -1.000000e+00
   outer loop
     vertex  0.000000e+00  4.000000e+00  0.000000e+00
     vertex  3.213070e+00  4.889586e+00  0.000000e+00
     vertex  3.244161e+00  4.814524e+00  0.000000e+00
   endloop
 endfacet
 facet normal  0.000000e+00  0.000000e+00 -1.000000e+00
   outer loop
     vertex  0.000000e+00  4.000000e+00  0.000000e+00
     vertex  3.244161e+00  4.814524e+00  0.000000e+00
     vertex  3.277274e+00  4.740333e+00  0.000000e+00
   endloop
 endfacet
 facet normal  0.000000e+00 -0.000000e+00 -1.000000e+00
   outer loop
     vertex  3.000000e+00  5.200000e+01  0.000000e+00
     vertex  3.000000e+00  6.000000e+00  0.000000e+00
     vertex  0.000000e+00  4.000000e+00  0.000000e+00
   endloop
 endfacet
 facet normal  0.000000e+00  0.000000e+00 -1.000000e+00
   outer loop
     vertex  0.000000e+00  5.400000e+01  0.000000e+00
     vertex  3.277274e+00  5.325967e+01  0.000000e+00
     vertex  3.244161e+00  5.318548e+01  0.000000e+00
   endloop
 endfacet
 facet normal  0.000000e+00  0.000000e+00 -1.000000e+00
   outer loop
     vertex  0.000000e+00  5.400000e+01  0.000000e+00
     vertex  3.244161e+00  5.318548e+01  0.000000e+00
     vertex  3.213070e+00  5.311041e+01  0.000000e+00
   endloop
 endfacet
 facet normal  0.000000e+00  0.000000e+00 -1.000000e+00
   outer loop
     vertex  0.000000e+00  5.400000e+01  0.000000e+00
     vertex  3.213070e+00  5.311041e+01  0.000000e+00
     vertex  3.184023e+00  5.303454e+01  0.000000e+00
   endloop
 endfacet
 facet normal  0.000000e+00  0.000000e+00 -1.000000e+00
   outer loop
     vertex  0.000000e+00  5.400000e+01  0.000000e+00
     vertex  3.184023e+00  5.303454e+01  0.000000e+00
     vertex  3.157040e+00  5.295790e+01  0.000000e+00
   endloop
 endfacet
 facet normal  0.000000e+00  0.000000e+00 -1.000000e+00
   outer loop
     vertex  0.000000e+00  5.400000e+01  0.000000e+00
     vertex  3.157040e+00  5.295790e+01  0.000000e+00
     vertex  3.132144e+00  5.288057e+01  0.000000e+00
   endloop
 endfacet
 facet normal  0.000000e+00  0.000000e+00 -1.000000e+00
   outer loop
     vertex  0.000000e+00  5.400000e+01  0.000000e+00
     vertex  3.132144e+00  5.288057e+01  0.000000e+00
     vertex  3.109350e+00  5.280259e+01  0.000000e+00
   endloop
 endfacet
 facet normal  0.000000e+00  0.000000e+00 -1.000000e+00
   outer loop
     vertex  0.000000e+00  5.400000e+01  0.000000e+00
     vertex  3.109350e+00  5.280259e+01  0.000000e+00
     vertex  3.088677e+00  5.272401e+01  0.000000e+00
   endloop
 endfacet
 facet normal  0.000000e+00  0.000000e+00 -1.000000e+00
   outer loop
     vertex  0.000000e+00  5.400000e+01  0.000000e+00
     vertex  3.088677e+00  5.272401e+01  0.000000e+00
     vertex  3.070138e+00  5.264491e+01  0.000000e+00
   endloop
 endfacet
 facet normal  0.000000e+00  0.000000e+00 -1.000000e+00
   outer loop
     vertex  0.000000e+00  5.400000e+01  0.000000e+00
     vertex  3.070138e+00  5.264491e+01  0.000000e+00
     vertex  3.053749e+00  5.256534e+01  0.000000e+00
   endloop
 endfacet
 facet normal  0.000000e+00  0.000000e+00 -1.000000e+00
   outer loop
     vertex  0.000000e+00  5.400000e+01  0.000000e+00
     vertex  3.053749e+00  5.256534e+01  0.000000e+00
     vertex  3.039520e+00  5.248535e+01  0.000000e+00
   endloop
 endfacet
 facet normal  0.000000e+00  0.000000e+00 -1.000000e+00
   outer loop
     vertex  0.000000e+00  5.400000e+01  0.000000e+00
     vertex  3.039520e+00  5.248535e+01  0.000000e+00
     vertex  3.027463e+00  5.240500e+01  0.000000e+00
   endloop
 endfacet
 facet normal  0.000000e+00  0.000000e+00 -1.000000e+00
   outer loop
     vertex  0.000000e+00  5.400000e+01  0.000000e+00
     vertex  3.027463e+00  5.240500e+01  0.000000e+00
     vertex  3.017586e+00  5.232436e+01  0.000000e+00
   endloop
 endfacet
 facet normal  0.000000e+00  0.000000e+00 -1.000000e+00
   outer loop
     vertex  0.000000e+00  5.400000e+01  0.000000e+00
     vertex  3.017586e+00  5.232436e+01  0.000000e+00
     vertex  3.009896e+00  5.224348e+01  0.000000e+00
   endloop
 endfacet
 facet normal  0.000000e+00  0.000000e+00 -1.000000e+00
   outer loop
     vertex  0.000000e+00  5.400000e+01  0.000000e+00
     vertex  3.009896e+00  5.224348e+01  0.000000e+00
     vertex  3.004400e+00  5.216242e+01  0.000000e+00
   endloop
 endfacet
 facet normal  0.000000e+00  0.000000e+00 -1.000000e+00
   outer loop
     vertex  0.000000e+00  5.400000e+01  0.000000e+00
     vertex  3.004400e+00  5.216242e+01  0.000000e+00
     vertex  3.001100e+00  5.208124e+01  0.000000e+00
   endloop
 endfacet
 facet normal  0.000000e+00  0.000000e+00 -1.000000e+00
   outer loop
     vertex  0.000000e+00  5.400000e+01  0.000000e+00
     vertex  3.001100e+00  5.208124e+01  0.000000e+00
     vertex  3.000000e+00  5.200000e+01  0.000000e+00
   endloop
 endfacet
 facet normal  0.000000e+00  0.000000e+00 -1.000000e+00
   outer loop
     vertex  0.000000e+00  5.400000e+01  0.000000e+00
     vertex  3.000000e+00  5.200000e+01  0.000000e+00
     vertex  0.000000e+00  4.000000e+00  0.000000e+00
   endloop
 endfacet
 facet normal  0.000000e+00  0.000000e+00 -1.000000e+00
   outer loop
     vertex  4.000000e+00  5.800000e+01  0.000000e+00
     vertex  8.600000e+01  5.500000e+01  0.000000e+00
     vertex  6.000000e+00  5.500000e+01  0.000000e+00
   endloop
 endfacet
 facet normal  0.000000e+00  0.000000e+00 -1.000000e+00
   outer loop
     vertex  4.000000e+00  5.800000e+01  0.000000e+00
     vertex  6.000000e+00  5.500000e+01  0.000000e+00
     vertex  5.918762e+00  5.499890e+01  0.000000e+00
   endloop
 endfacet
 facet normal  0.000000e+00  0.000000e+00 -1.000000e+00
   outer loop
     vertex  4.000000e+00  5.800000e+01  0.000000e+00
     vertex  5.918762e+00  5.499890e+01  0.000000e+00
     vertex  5.837583e+00  5.499560e+01  0.000000e+00
   endloop
 endfacet
 facet normal  0.000000e+00  0.000000e+00 -1.000000e+00
   outer loop
     vertex  4.000000e+00  5.800000e+01  0.000000e+00
     vertex  5.837583e+00  5.499560e+01  0.000000e+00
     vertex  5.756524e+00  5.499010e+01  0.000000e+00
   endloop
 endfacet
 facet normal  0.000000e+00  0.000000e+00 -1.000000e+00
   outer loop
     vertex  4.000000e+00  5.800000e+01  0.000000e+00
     vertex  5.756524e+00  5.499010e+01  0.000000e+00
     vertex  5.675643e+00  5.498241e+01  0.000000e+00
   endloop
 endfacet
 facet normal  0.000000e+00  0.000000e+00 -1.000000e+00
   outer loop
     vertex  4.000000e+00  5.800000e+01  0.000000e+00
     vertex  5.675643e+00  5.498241e+01  0.000000e+00
     vertex  5.595000e+00  5.497254e+01  0.000000e+00
   endloop
 endfacet
 facet normal  0.000000e+00  0.000000e+00 -1.000000e+00
   outer loop
     vertex  4.000000e+00  5.800000e+01  0.000000e+00
     vertex  5.595000e+00  5.497254e+01  0.000000e+00
     vertex  5.514654e+00  5.496048e+01  0.000000e+00
   endloop
 endfacet
 facet normal  0.000000e+00  0.000000e+00 -1.000000e+00
   outer loop
     vertex  4.000000e+00  5.800000e+01  0.000000e+00
     vertex  5.514654e+00  5.496048e+01  0.000000e+00
     vertex  5.434664e+00  5.494625e+01  0.000000e+00
   endloop
 endfacet
 facet normal  0.000000e+00  0.000000e+00 -1.000000e+00
   outer loop
     vertex  4.000000e+00  5.800000e+01  0.000000e+00
     vertex  5.434664e+00  5.494625e+01  0.000000e+00
     vertex  5.355089e+00  5.492986e+01  0.000000e+00
   endloop
 endfacet
 facet normal  0.000000e+00  0.000000e+00 -1.000000e+00
   outer loop
     vertex  4.000000e+00  5.800000e+01  0.000000e+00
     vertex  5.355089e+00  5.492986e+01  0.000000e+00
     vertex  5.275986e+00  5.491132e+01  0.000000e+00
   endloop
 endfacet
 facet normal  0.000000e+00  0.000000e+00 -1.000000e+00
   outer loop
     vertex  4.000000e+00  5.800000e+01  0.000000e+00
     vertex  5.275986e+00  5.491132e+01  0.000000e+00
     vertex  5.197415e+00  5.489065e+01  0.000000e+00
   endloop
 endfacet
 facet normal  0.000000e+00  0.000000e+00 -1.000000e+00
   outer loop
     vertex  4.000000e+00  5.800000e+01  0.000000e+00
     vertex  5.197415e+00  5.489065e+01  0.000000e+00
     vertex  5.119432e+00  5.486786e+01  0.000000e+00
   endloop
 endfacet
 facet normal  0.000000e+00  0.000000e+00 -1.000000e+00
   outer loop
     vertex  4.000000e+00  5.800000e+01  0.000000e+00
     vertex  5.119432e+00  5.486786e+01  0.000000e+00
     vertex  5.042095e+00  5.484296e+01  0.000000e+00
   endloop
 endfacet
 facet normal  0.000000e+00  0.000000e+00 -1.000000e+00
   outer loop
     vertex  4.000000e+00  5.800000e+01  0.000000e+00
     vertex  5.042095e+00  5.484296e+01  0.000000e+00
     vertex  4.965461e+00  5.481598e+01  0.000000e+00
   endloop
 endfacet
 facet normal  0.000000e+00  0.000000e+00 -1.000000e+00
   outer loop
     vertex  4.000000e+00  5.800000e+01  0.000000e+00
     vertex  4.965461e+00  5.481598e+01  0.000000e+00
     vertex  4.889586e+00  5.478693e+01  0.000000e+00
   endloop
 endfacet
 facet normal  0.000000e+00  0.000000e+00 -1.000000e+00
   outer loop
     vertex  4.000000e+00  5.800000e+01  0.000000e+00
     vertex  4.889586e+00  5.478693e+01  0.000000e+00
     vertex  4.814524e+00  5.475584e+01  0.000000e+00
   endloop
 endfacet
 facet normal  0.000000e+00  0.000000e+00 -1.000000e+00
   outer loop
     vertex  4.000000e+00  5.800000e+01  0.000000e+00
     vertex  4.814524e+00  5.475584e+01  0.000000e+00
     vertex  4.740333e+00  5.472273e+01  0.000000e+00
   endloop
 endfacet
 facet normal  0.000000e+00  0.000000e+00 -1.000000e+00
   outer loop
     vertex  4.000000e+00  5.800000e+01  0.000000e+00
     vertex  8.800000e+01  5.800000e+01  0.000000e+00
     vertex  8.600000e+01  5.500000e+01  0.000000e+00
   endloop
 endfacet
 facet normal  0.000000e+00 -0.000000e+00 -1.000000e+00
   outer loop
     vertex  1.466855e-03  5.410832e+01  0.000000e+00
     vertex  3.277274e+00  5.325967e+01  0.000000e+00
     vertex  0.000000e+00  5.400000e+01  0.000000e+00
   endloop
 endfacet
 facet normal  0.000000e+00  0.000000e+00 -1.000000e+00
   outer loop
     vertex  1.466855e-03  5.410832e+01  0.000000e+00
     vertex  3.312383e+00  5.333294e+01  0.000000e+00
     vertex  3.277274e+00  5.325967e+01  0.000000e+00
   endloop
 endfacet
 facet normal  0.000000e+00  0.000000e+00 -1.000000e+00
   outer loop
     vertex  3.891682e+00  5.799853e+01  0.000000e+00
     vertex  4.740333e+00  5.472273e+01  0.000000e+00
     vertex  4.667065e+00  5.468762e+01  0.000000e+00
   endloop
 endfacet
 facet normal  0.000000e+00  0.000000e+00 -1.000000e+00
   outer loop
     vertex  3.891682e+00  5.799853e+01  0.000000e+00
     vertex  4.000000e+00  5.800000e+01  0.000000e+00
     vertex  4.740333e+00  5.472273e+01  0.000000e+00
   endloop
 endfacet
 facet normal  0.000000e+00 -0.000000e+00 -1.000000e+00
   outer loop
     vertex  5.866345e-03  5.421656e+01  0.000000e+00
     vertex  3.312383e+00  5.333294e+01  0.000000e+00
     vertex  1.466855e-03  5.410832e+01  0.000000e+00
   endloop
 endfacet
 facet normal  0.000000e+00  0.000000e+00 -1.000000e+00
   outer loop
     vertex  3.783444e+00  5.799413e+01  0.000000e+00
     vertex  3.891682e+00  5.799853e+01  0.000000e+00
     vertex  4.667065e+00  5.468762e+01  0.000000e+00
   endloop
 endfacet
 facet normal  0.000000e+00  0.000000e+00 -1.000000e+00
   outer loop
     vertex  3.675365e+00  5.798680e+01  0.000000e+00
     vertex  3.783444e+00  5.799413e+01  0.000000e+00
     vertex  4.667065e+00  5.468762e+01  0.000000e+00
   endloop
 endfacet
 facet normal  0.000000e+00  0.000000e+00 -1.000000e+00
   outer loop
     vertex  3.675365e+00  5.798680e+01  0.000000e+00
     vertex  4.667065e+00  5.468762e+01  0.000000e+00
     vertex  4.594775e+00  5.465054e+01  0.000000e+00
   endloop
 endfacet
 facet normal  0.000000e+00  0.000000e+00 -1.000000e+00
   outer loop
     vertex  1.319524e-02  5.432463e+01  0.000000e+00
     vertex  3.349464e+00  5.340523e+01  0.000000e+00
     vertex  3.312383e+00  5.333294e+01  0.000000e+00
   endloop
 endfacet
 facet normal  0.000000e+00 -0.000000e+00 -1.000000e+00
   outer loop
     vertex  1.319524e-02  5.432463e+01  0.000000e+00
     vertex  3.312383e+00  5.333294e+01  0.000000e+00
     vertex  5.866345e-03  5.421656e+01  0.000000e+00
   endloop
 endfacet
 facet normal  0.000000e+00 -0.000000e+00 -1.000000e+00
   outer loop
     vertex  2.344817e-02  5.443248e+01  0.000000e+00
     vertex  3.349464e+00  5.340523e+01  0.000000e+00
     vertex  1.319524e-02  5.432463e+01  0.000000e+00
   endloop
 endfacet
 facet normal  0.000000e+00  0.000000e+00 -1.000000e+00
   outer loop
     vertex  3.567524e+00  5.797655e+01  0.000000e+00
     vertex  3.675365e+00  5.798680e+01  0.000000e+00
     vertex  4.594775e+00  5.465054e+01  0.000000e+00
   endloop
 endfacet
 facet normal  0.000000e+00 -0.000000e+00 -1.000000e+00
   outer loop
     vertex  3.661761e-02  5.454000e+01  0.000000e+00
     vertex  3.349464e+00  5.340523e+01  0.000000e+00
     vertex  2.344817e-02  5.443248e+01  0.000000e+00
   endloop
 endfacet
 facet normal  0.000000e+00  0.000000e+00 -1.000000e+00
   outer loop
     vertex  3.661761e-02  5.454000e+01  0.000000e+00
     vertex  3.388488e+00  5.347648e+01  0.000000e+00
     vertex  3.349464e+00  5.340523e+01  0.000000e+00
   endloop
 endfacet
 facet normal  0.000000e+00  0.000000e+00 -1.000000e+00
   outer loop
     vertex  3.460000e+00  5.796338e+01  0.000000e+00
     vertex  3.567524e+00  5.797655e+01  0.000000e+00
     vertex  4.594775e+00  5.465054e+01  0.000000e+00
   endloop
 endfacet
 facet normal  0.000000e+00  0.000000e+00 -1.000000e+00
   outer loop
     vertex  3.460000e+00  5.796338e+01  0.000000e+00
     vertex  4.594775e+00  5.465054e+01  0.000000e+00
     vertex  4.523515e+00  5.461151e+01  0.000000e+00
   endloop
 endfacet
 facet normal  0.000000e+00  0.000000e+00 -1.000000e+00
   outer loop
     vertex  3.352872e+00  5.794731e+01  0.000000e+00
     vertex  3.460000e+00  5.796338e+01  0.000000e+00
     vertex  4.523515e+00  5.461151e+01  0.000000e+00
   endloop
 endfacet
 facet normal  0.000000e+00 -0.000000e+00 -1.000000e+00
   outer loop
     vertex  5.269391e-02  5.464713e+01  0.000000e+00
     vertex  3.388488e+00  5.347648e+01  0.000000e+00
     vertex  3.661761e-02  5.454000e+01  0.000000e+00
   endloop
 endfacet
 facet normal  0.000000e+00  0.000000e+00 -1.000000e+00
   outer loop
     vertex  3.246219e+00  5.792833e+01  0.000000e+00
     vertex  3.352872e+00  5.794731e+01  0.000000e+00
     vertex  4.523515e+00  5.461151e+01  0.000000e+00
   endloop
 endfacet
 facet normal  0.000000e+00  0.000000e+00 -1.000000e+00
   outer loop
     vertex  3.246219e+00  5.792833e+01  0.000000e+00
     vertex  4.523515e+00  5.461151e+01  0.000000e+00
     vertex  4.453338e+00  5.457057e+01  0.000000e+00
   endloop
 endfacet
 facet normal  0.000000e+00  0.000000e+00 -1.000000e+00
   outer loop
     vertex  7.166527e-02  5.475378e+01  0.000000e+00
     vertex  3.429428e+00  5.354666e+01  0.000000e+00
     vertex  3.388488e+00  5.347648e+01  0.000000e+00
   endloop
 endfacet
 facet normal  0.000000e+00 -0.000000e+00 -1.000000e+00
   outer loop
     vertex  7.166527e-02  5.475378e+01  0.000000e+00
     vertex  3.388488e+00  5.347648e+01  0.000000e+00
     vertex  5.269391e-02  5.464713e+01  0.000000e+00
   endloop
 endfacet
 facet normal  0.000000e+00  0.000000e+00 -1.000000e+00
   outer loop
     vertex  3.140118e+00  5.790648e+01  0.000000e+00
     vertex  3.246219e+00  5.792833e+01  0.000000e+00
     vertex  4.453338e+00  5.457057e+01  0.000000e+00
   endloop
 endfacet
 facet normal  0.000000e+00 -0.000000e+00 -1.000000e+00
   outer loop
     vertex  9.351778e-02  5.485988e+01  0.000000e+00
     vertex  3.429428e+00  5.354666e+01  0.000000e+00
     vertex  7.166527e-02  5.475378e+01  0.000000e+00
   endloop
 endfacet
 facet normal  0.000000e+00  0.000000e+00 -1.000000e+00
   outer loop
     vertex  3.034648e+00  5.788176e+01  0.000000e+00
     vertex  3.140118e+00  5.790648e+01  0.000000e+00
     vertex  4.453338e+00  5.457057e+01  0.000000e+00
   endloop
 endfacet
 facet normal  0.000000e+00  0.000000e+00 -1.000000e+00
   outer loop
     vertex  3.034648e+00  5.788176e+01  0.000000e+00
     vertex  4.453338e+00  5.457057e+01  0.000000e+00
     vertex  4.384296e+00  5.452775e+01  0.000000e+00
   endloop
 endfacet
 facet normal  0.000000e+00 -0.000000e+00 -1.000000e+00
   outer loop
     vertex  1.182354e-01  5.496535e+01  0.000000e+00
     vertex  3.429428e+00  5.354666e+01  0.000000e+00
     vertex  9.351778e-02  5.485988e+01  0.000000e+00
   endloop
 endfacet
 facet normal  0.000000e+00  0.000000e+00 -1.000000e+00
   outer loop
     vertex  1.182354e-01  5.496535e+01  0.000000e+00
     vertex  3.472254e+00  5.361570e+01  0.000000e+00
     vertex  3.429428e+00  5.354666e+01  0.000000e+00
   endloop
 endfacet
 facet normal  0.000000e+00  0.000000e+00 -1.000000e+00
   outer loop
     vertex  2.929887e+00  5.785420e+01  0.000000e+00
     vertex  3.034648e+00  5.788176e+01  0.000000e+00
     vertex  4.384296e+00  5.452775e+01  0.000000e+00
   endloop
 endfacet
 facet normal  0.000000e+00 -0.000000e+00 -1.000000e+00
   outer loop
     vertex  1.458000e-01  5.507011e+01  0.000000e+00
     vertex  3.472254e+00  5.361570e+01  0.000000e+00
     vertex  1.182354e-01  5.496535e+01  0.000000e+00
   endloop
 endfacet
 facet normal  0.000000e+00 -0.000000e+00 -1.000000e+00
   outer loop
     vertex  1.761914e-01  5.517409e+01  0.000000e+00
     vertex  3.472254e+00  5.361570e+01  0.000000e+00
     vertex  1.458000e-01  5.507011e+01  0.000000e+00
   endloop
 endfacet
 facet normal  0.000000e+00  0.000000e+00 -1.000000e+00
   outer loop
     vertex  2.825910e+00  5.782381e+01  0.000000e+00
     vertex  2.929887e+00  5.785420e+01  0.000000e+00
     vertex  4.384296e+00  5.452775e+01  0.000000e+00
   endloop
 endfacet
 facet normal  0.000000e+00 -0.000000e+00 -1.000000e+00
   outer loop
     vertex  2.093873e-01  5.527721e+01  0.000000e+00
     vertex  3.472254e+00  5.361570e+01  0.000000e+00
     vertex  1.761914e-01  5.517409e+01  0.000000e+00
   endloop
 endfacet
 facet normal  0.000000e+00  0.000000e+00 -1.000000e+00
   outer loop
     vertex  2.093873e-01  5.527721e+01  0.000000e+00
     vertex  3.516933e+00  5.368356e+01  0.000000e+00
     vertex  3.472254e+00  5.361570e+01  0.000000e+00
   endloop
 endfacet
 facet normal  0.000000e+00  0.000000e+00 -1.000000e+00
   outer loop
     vertex  2.722794e+00  5.779061e+01  0.000000e+00
     vertex  2.825910e+00  5.782381e+01  0.000000e+00
     vertex  4.384296e+00  5.452775e+01  0.000000e+00
   endloop
 endfacet
 facet normal  0.000000e+00  0.000000e+00 -1.000000e+00
   outer loop
     vertex  2.722794e+00  5.779061e+01  0.000000e+00
     vertex  4.384296e+00  5.452775e+01  0.000000e+00
     vertex  4.316439e+00  5.448307e+01  0.000000e+00
   endloop
 endfacet
 facet normal  0.000000e+00 -0.000000e+00 -1.000000e+00
   outer loop
     vertex  2.453633e-01  5.537939e+01  0.000000e+00
     vertex  3.516933e+00  5.368356e+01  0.000000e+00
     vertex  2.093873e-01  5.527721e+01  0.000000e+00
   endloop
 endfacet
 facet normal  0.000000e+00  0.000000e+00 -1.000000e+00
   outer loop
     vertex  2.620615e+00  5.775464e+01  0.000000e+00
     vertex  2.722794e+00  5.779061e+01  0.000000e+00
     vertex  4.316439e+00  5.448307e+01  0.000000e+00
   endloop
 endfacet
 facet normal  0.000000e+00  0.000000e+00 -1.000000e+00
   outer loop
     vertex  2.519447e+00  5.771591e+01  0.000000e+00
     vertex  4.316439e+00  5.448307e+01  0.000000e+00
     vertex  4.249816e+00  5.443657e+01  0.000000e+00
   endloop
 endfacet
 facet normal  0.000000e+00  0.000000e+00 -1.000000e+00
   outer loop
     vertex  2.519447e+00  5.771591e+01  0.000000e+00
     vertex  2.620615e+00  5.775464e+01  0.000000e+00
     vertex  4.316439e+00  5.448307e+01  0.000000e+00
   endloop
 endfacet
 facet normal  0.000000e+00 -0.000000e+00 -1.000000e+00
   outer loop
     vertex  2.840931e-01  5.548055e+01  0.000000e+00
     vertex  3.516933e+00  5.368356e+01  0.000000e+00
     vertex  2.453633e-01  5.537939e+01  0.000000e+00
   endloop
 endfacet
 facet normal  0.000000e+00  0.000000e+00 -1.000000e+00
   outer loop
     vertex  2.840931e-01  5.548055e+01  0.000000e+00
     vertex  3.563433e+00  5.375018e+01  0.000000e+00
     vertex  3.516933e+00  5.368356e+01  0.000000e+00
   endloop
 endfacet
 facet normal  0.000000e+00  0.000000e+00 -1.000000e+00
   outer loop
     vertex  2.419366e+00  5.767445e+01  0.000000e+00
     vertex  2.519447e+00  5.771591e+01  0.000000e+00
     vertex  4.249816e+00  5.443657e+01  0.000000e+00
   endloop
 endfacet
 facet normal  0.000000e+00 -0.000000e+00 -1.000000e+00
   outer loop
     vertex  3.255482e-01  5.558063e+01  0.000000e+00
     vertex  3.563433e+00  5.375018e+01  0.000000e+00
     vertex  2.840931e-01  5.548055e+01  0.000000e+00
   endloop
 endfacet
 facet normal  0.000000e+00  0.000000e+00 -1.000000e+00
   outer loop
     vertex  3.696983e-01  5.567956e+01  0.000000e+00
     vertex  3.611721e+00  5.381552e+01  0.000000e+00
     vertex  3.563433e+00  5.375018e+01  0.000000e+00
   endloop
 endfacet
 facet normal  0.000000e+00 -0.000000e+00 -1.000000e+00
   outer loop
     vertex  3.696983e-01  5.567956e+01  0.000000e+00
     vertex  3.563433e+00  5.375018e+01  0.000000e+00
     vertex  3.255482e-01  5.558063e+01  0.000000e+00
   endloop
 endfacet
 facet normal  0.000000e+00  0.000000e+00 -1.000000e+00
   outer loop
     vertex  2.320444e+00  5.763030e+01  0.000000e+00
     vertex  4.249816e+00  5.443657e+01  0.000000e+00
     vertex  4.184477e+00  5.438828e+01  0.000000e+00
   endloop
 endfacet
 facet normal  0.000000e+00  0.000000e+00 -1.000000e+00
   outer loop
     vertex  2.320444e+00  5.763030e+01  0.000000e+00
     vertex  2.419366e+00  5.767445e+01  0.000000e+00
     vertex  4.249816e+00  5.443657e+01  0.000000e+00
   endloop
 endfacet
 facet normal  0.000000e+00  0.000000e+00 -1.000000e+00
   outer loop
     vertex  2.222753e+00  5.758349e+01  0.000000e+00
     vertex  2.320444e+00  5.763030e+01  0.000000e+00
     vertex  4.184477e+00  5.438828e+01  0.000000e+00
   endloop
 endfacet
 facet normal  0.000000e+00 -0.000000e+00 -1.000000e+00
   outer loop
     vertex  4.165110e-01  5.577725e+01  0.000000e+00
     vertex  3.611721e+00  5.381552e+01  0.000000e+00
     vertex  3.696983e-01  5.567956e+01  0.000000e+00
   endloop
 endfacet
 facet normal  0.000000e+00  0.000000e+00 -1.000000e+00
   outer loop
     vertex  2.126366e+00  5.753405e+01  0.000000e+00
     vertex  4.184477e+00  5.438828e+01  0.000000e+00
     vertex  4.120470e+00  5.433824e+01  0.000000e+00
   endloop
 endfacet
 facet normal  0.000000e+00  0.000000e+00 -1.000000e+00
   outer loop
     vertex  2.126366e+00  5.753405e+01  0.000000e+00
     vertex  2.222753e+00  5.758349e+01  0.000000e+00
     vertex  4.184477e+00  5.438828e+01  0.000000e+00
   endloop
 endfacet
 facet normal  0.000000e+00 -0.000000e+00 -1.000000e+00
   outer loop
     vertex  4.659518e-01  5.587363e+01  0.000000e+00
     vertex  3.611721e+00  5.381552e+01  0.000000e+00
     vertex  4.165110e-01  5.577725e+01  0.000000e+00
   endloop
 endfacet
 facet normal  0.000000e+00  0.000000e+00 -1.000000e+00
   outer loop
     vertex  4.659518e-01  5.587363e+01  0.000000e+00
     vertex  3.661760e+00  5.387953e+01  0.000000e+00
     vertex  3.611721e+00  5.381552e+01  0.000000e+00
   endloop
 endfacet
 facet normal  0.000000e+00  0.000000e+00 -1.000000e+00
   outer loop
     vertex  2.031353e+00  5.748202e+01  0.000000e+00
     vertex  2.126366e+00  5.753405e+01  0.000000e+00
     vertex  4.120470e+00  5.433824e+01  0.000000e+00
   endloop
 endfacet
 facet normal  0.000000e+00 -0.000000e+00 -1.000000e+00
   outer loop
     vertex  5.179847e-01  5.596865e+01  0.000000e+00
     vertex  3.661760e+00  5.387953e+01  0.000000e+00
     vertex  4.659518e-01  5.587363e+01  0.000000e+00
   endloop
 endfacet
 facet normal  0.000000e+00  0.000000e+00 -1.000000e+00
   outer loop
     vertex  1.937785e+00  5.742743e+01  0.000000e+00
     vertex  2.031353e+00  5.748202e+01  0.000000e+00
     vertex  4.120470e+00  5.433824e+01  0.000000e+00
   endloop
 endfacet
 facet normal  0.000000e+00 -0.000000e+00 -1.000000e+00
   outer loop
     vertex  5.725713e-01  5.606222e+01  0.000000e+00
     vertex  3.661760e+00  5.387953e+01  0.000000e+00
     vertex  5.179847e-01  5.596865e+01  0.000000e+00
   endloop
 endfacet
 facet normal  0.000000e+00  0.000000e+00 -1.000000e+00
   outer loop
     vertex  6.296717e-01  5.615427e+01  0.000000e+00
     vertex  3.713514e+00  5.394216e+01  0.000000e+00
     vertex  3.661760e+00  5.387953e+01  0.000000e+00
   endloop
 endfacet
 facet normal  0.000000e+00 -0.000000e+00 -1.000000e+00
   outer loop
     vertex  6.296717e-01  5.615427e+01  0.000000e+00
     vertex  3.661760e+00  5.387953e+01  0.000000e+00
     vertex  5.725713e-01  5.606222e+01  0.000000e+00
   endloop
 endfacet
 facet normal  0.000000e+00  0.000000e+00 -1.000000e+00
   outer loop
     vertex  1.845728e+00  5.737033e+01  0.000000e+00
     vertex  1.937785e+00  5.742743e+01  0.000000e+00
     vertex  4.120470e+00  5.433824e+01  0.000000e+00
   endloop
 endfacet
 facet normal  0.000000e+00  0.000000e+00 -1.000000e+00
   outer loop
     vertex  1.845728e+00  5.737033e+01  0.000000e+00
     vertex  4.120470e+00  5.433824e+01  0.000000e+00
     vertex  4.057841e+00  5.428649e+01  0.000000e+00
   endloop
 endfacet
 facet normal  0.000000e+00  0.000000e+00 -1.000000e+00
   outer loop
     vertex  1.755252e+00  5.731076e+01  0.000000e+00
     vertex  1.845728e+00  5.737033e+01  0.000000e+00
     vertex  4.057841e+00  5.428649e+01  0.000000e+00
   endloop
 endfacet
 facet normal  0.000000e+00 -0.000000e+00 -1.000000e+00
   outer loop
     vertex  6.892440e-01  5.624475e+01  0.000000e+00
     vertex  3.713514e+00  5.394216e+01  0.000000e+00
     vertex  6.296717e-01  5.615427e+01  0.000000e+00
   endloop
 endfacet
 facet normal  0.000000e+00  0.000000e+00 -1.000000e+00
   outer loop
     vertex  1.666422e+00  5.724876e+01  0.000000e+00
     vertex  4.057841e+00  5.428649e+01  0.000000e+00
     vertex  3.996637e+00  5.423306e+01  0.000000e+00
   endloop
 endfacet
 facet normal  0.000000e+00  0.000000e+00 -1.000000e+00
   outer loop
     vertex  1.666422e+00  5.724876e+01  0.000000e+00
     vertex  1.755252e+00  5.731076e+01  0.000000e+00
     vertex  4.057841e+00  5.428649e+01  0.000000e+00
   endloop
 endfacet
 facet normal  0.000000e+00  0.000000e+00 -1.000000e+00
   outer loop
     vertex  7.512445e-01  5.633358e+01  0.000000e+00
     vertex  3.766945e+00  5.400336e+01  0.000000e+00
     vertex  3.713514e+00  5.394216e+01  0.000000e+00
   endloop
 endfacet
 facet normal  0.000000e+00 -0.000000e+00 -1.000000e+00
   outer loop
     vertex  7.512445e-01  5.633358e+01  0.000000e+00
     vertex  3.713514e+00  5.394216e+01  0.000000e+00
     vertex  6.892440e-01  5.624475e+01  0.000000e+00
   endloop
 endfacet
 facet normal  0.000000e+00  0.000000e+00 -1.000000e+00
   outer loop
     vertex  1.579303e+00  5.718437e+01  0.000000e+00
     vertex  1.666422e+00  5.724876e+01  0.000000e+00
     vertex  3.996637e+00  5.423306e+01  0.000000e+00
   endloop
 endfacet
 facet normal  0.000000e+00 -0.000000e+00 -1.000000e+00
   outer loop
     vertex  8.156277e-01  5.642070e+01  0.000000e+00
     vertex  3.766945e+00  5.400336e+01  0.000000e+00
     vertex  7.512445e-01  5.633358e+01  0.000000e+00
   endloop
 endfacet
 facet normal  0.000000e+00  0.000000e+00 -1.000000e+00
   outer loop
     vertex  1.493960e+00  5.711765e+01  0.000000e+00
     vertex  3.996637e+00  5.423306e+01  0.000000e+00
     vertex  3.936902e+00  5.417799e+01  0.000000e+00
   endloop
 endfacet
 facet normal  0.000000e+00  0.000000e+00 -1.000000e+00
   outer loop
     vertex  1.493960e+00  5.711765e+01  0.000000e+00
     vertex  1.579303e+00  5.718437e+01  0.000000e+00
     vertex  3.996637e+00  5.423306e+01  0.000000e+00
   endloop
 endfacet
 facet normal  0.000000e+00  0.000000e+00 -1.000000e+00
   outer loop
     vertex  8.823465e-01  5.650604e+01  0.000000e+00
     vertex  3.822014e+00  5.406310e+01  0.000000e+00
     vertex  3.766945e+00  5.400336e+01  0.000000e+00
   endloop
 endfacet
 facet normal  0.000000e+00 -0.000000e+00 -1.000000e+00
   outer loop
     vertex  8.823465e-01  5.650604e+01  0.000000e+00
     vertex  3.766945e+00  5.400336e+01  0.000000e+00
     vertex  8.156277e-01  5.642070e+01  0.000000e+00
   endloop
 endfacet
 facet normal  0.000000e+00  0.000000e+00 -1.000000e+00
   outer loop
     vertex  1.410455e+00  5.704865e+01  0.000000e+00
     vertex  1.493960e+00  5.711765e+01  0.000000e+00
     vertex  3.936902e+00  5.417799e+01  0.000000e+00
   endloop
 endfacet
 facet normal  0.000000e+00 -0.000000e+00 -1.000000e+00
   outer loop
     vertex  9.513518e-01  5.658955e+01  0.000000e+00
     vertex  3.822014e+00  5.406310e+01  0.000000e+00
     vertex  8.823465e-01  5.650604e+01  0.000000e+00
   endloop
 endfacet
 facet normal  0.000000e+00  0.000000e+00 -1.000000e+00
   outer loop
     vertex  1.328849e+00  5.697741e+01  0.000000e+00
     vertex  1.410455e+00  5.704865e+01  0.000000e+00
     vertex  3.936902e+00  5.417799e+01  0.000000e+00
   endloop
 endfacet
 facet normal  0.000000e+00 -0.000000e+00 -1.000000e+00
   outer loop
     vertex  1.022593e+00  5.667115e+01  0.000000e+00
     vertex  3.822014e+00  5.406310e+01  0.000000e+00
     vertex  9.513518e-01  5.658955e+01  0.000000e+00
   endloop
 endfacet
 facet normal  0.000000e+00  0.000000e+00 -1.000000e+00
   outer loop
     vertex  1.249202e+00  5.690398e+01  0.000000e+00
     vertex  3.936902e+00  5.417799e+01  0.000000e+00
     vertex  3.878680e+00  5.412132e+01  0.000000e+00
   endloop
 endfacet
 facet normal  0.000000e+00  0.000000e+00 -1.000000e+00
   outer loop
     vertex  1.249202e+00  5.690398e+01  0.000000e+00
     vertex  1.328849e+00  5.697741e+01  0.000000e+00
     vertex  3.936902e+00  5.417799e+01  0.000000e+00
   endloop
 endfacet
 facet normal  0.000000e+00  0.000000e+00 -1.000000e+00
   outer loop
     vertex  1.096018e+00  5.675080e+01  0.000000e+00
     vertex  3.878680e+00  5.412132e+01  0.000000e+00
     vertex  3.822014e+00  5.406310e+01  0.000000e+00
   endloop
 endfacet
 facet normal  0.000000e+00 -0.000000e+00 -1.000000e+00
   outer loop
     vertex  1.096018e+00  5.675080e+01  0.000000e+00
     vertex  3.822014e+00  5.406310e+01  0.000000e+00
     vertex  1.022593e+00  5.667115e+01  0.000000e+00
   endloop
 endfacet
 facet normal  0.000000e+00  0.000000e+00 -1.000000e+00
   outer loop
     vertex  1.171573e+00  5.682843e+01  0.000000e+00
     vertex  1.249202e+00  5.690398e+01  0.000000e+00
     vertex  3.878680e+00  5.412132e+01  0.000000e+00
   endloop
 endfacet
 facet normal  0.000000e+00 -0.000000e+00 -1.000000e+00
   outer loop
     vertex  1.171573e+00  5.682843e+01  0.000000e+00
     vertex  3.878680e+00  5.412132e+01  0.000000e+00
     vertex  1.096018e+00  5.675080e+01  0.000000e+00
   endloop
 endfacet
 facet normal -1.000000e+00  0.000000e+00  0.000000e+00
   outer loop
     vertex  0.000000e+00  4.000000e+00  1.800000e+01
     vertex  0.000000e+00  5.400000e+01  0.000000e+00
     vertex  0.000000e+00  4.000000e+00  0.000000e+00
   endloop
 endfacet
 facet normal -1.000000e+00  0.000000e+00  0.000000e+00
   outer loop
     vertex  0.000000e+00  4.000000e+00  1.800000e+01
     vertex  0.000000e+00  5.400000e+01  1.800000e+01
     vertex  0.000000e+00  5.400000e+01  0.000000e+00
   endloop
 endfacet
 facet normal  1.354093e-02 -9.999083e-01  0.000000e+00
   outer loop
     vertex  8.810832e+01  1.466855e-03  1.800000e+01
     vertex  8.800000e+01  0.000000e+00  1.800000e+01
     vertex  8.800000e+01  0.000000e+00  0.000000e+00
   endloop
 endfacet
 facet normal  1.354093e-02 -9.999083e-01  0.000000e+00
   outer loop
     vertex  8.810832e+01  1.466855e-03  1.800000e+01
     vertex  8.800000e+01  0.000000e+00  0.000000e+00
     vertex  8.810832e+01  1.466855e-03  0.000000e+00
   endloop
 endfacet
 facet normal  4.061287e-02 -9.991750e-01  0.000000e+00
   outer loop
     vertex  8.821656e+01  5.866345e-03  1.800000e+01
     vertex  8.810832e+01  1.466855e-03  1.800000e+01
     vertex  8.810832e+01  1.466855e-03  0.000000e+00
   endloop
 endfacet
 facet normal  4.061287e-02 -9.991750e-01  0.000000e+00
   outer loop
     vertex  8.821656e+01  5.866345e-03  1.800000e+01
     vertex  8.810832e+01  1.466855e-03  0.000000e+00
     vertex  8.821656e+01  5.866345e-03  0.000000e+00
   endloop
 endfacet
 facet normal  6.765502e-02 -9.977088e-01  0.000000e+00
   outer loop
     vertex  8.832463e+01  1.319524e-02  1.800000e+01
     vertex  8.821656e+01  5.866345e-03  1.800000e+01
     vertex  8.821656e+01  5.866345e-03  0.000000e+00
   endloop
 endfacet
 facet normal  6.765502e-02 -9.977088e-01  0.000000e+00
   outer loop
     vertex  8.832463e+01  1.319524e-02  1.800000e+01
     vertex  8.821656e+01  5.866345e-03  0.000000e+00
     vertex  8.832463e+01  1.319524e-02  0.000000e+00
   endloop
 endfacet
 facet normal  9.464755e-02 -9.955108e-01  0.000000e+00
   outer loop
     vertex  8.832463e+01  1.319524e-02  1.800000e+01
     vertex  8.832463e+01  1.319524e-02  0.000000e+00
     vertex  8.843248e+01  2.344817e-02  0.000000e+00
   endloop
 endfacet
 facet normal  9.464755e-02 -9.955108e-01  0.000000e+00
   outer loop
     vertex  8.843248e+01  2.344817e-02  1.800000e+01
     vertex  8.832463e+01  1.319524e-02  1.800000e+01
     vertex  8.843248e+01  2.344817e-02  0.000000e+00
   endloop
 endfacet
 facet normal  1.215707e-01 -9.925828e-01  0.000000e+00
   outer loop
     vertex  8.854000e+01  3.661761e-02  1.800000e+01
     vertex  8.843248e+01  2.344817e-02  1.800000e+01
     vertex  8.843248e+01  2.344817e-02  0.000000e+00
   endloop
 endfacet
 facet normal  1.215707e-01 -9.925828e-01  0.000000e+00
   outer loop
     vertex  8.854000e+01  3.661761e-02  1.800000e+01
     vertex  8.843248e+01  2.344817e-02  0.000000e+00
     vertex  8.854000e+01  3.661761e-02  0.000000e+00
   endloop
 endfacet
 facet normal  1.484046e-01 -9.889267e-01  0.000000e+00
   outer loop
     vertex  8.864713e+01  5.269391e-02  1.800000e+01
     vertex  8.854000e+01  3.661761e-02  1.800000e+01
     vertex  8.854000e+01  3.661761e-02  0.000000e+00
   endloop
 endfacet
 facet normal  1.484046e-01 -9.889267e-01  0.000000e+00
   outer loop
     vertex  8.864713e+01  5.269391e-02  1.800000e+01
     vertex  8.854000e+01  3.661761e-02  0.000000e+00
     vertex  8.864713e+01  5.269391e-02  0.000000e+00
   endloop
 endfacet
 facet normal  1.751297e-01 -9.845454e-01  0.000000e+00
   outer loop
     vertex  8.864713e+01  5.269391e-02  1.800000e+01
     vertex  8.864713e+01  5.269391e-02  0.000000e+00
     vertex  8.875378e+01  7.166527e-02  0.000000e+00
   endloop
 endfacet
 facet normal  1.751297e-01 -9.845454e-01  0.000000e+00
   outer loop
     vertex  8.875378e+01  7.166527e-02  1.800000e+01
     vertex  8.864713e+01  5.269391e-02  1.800000e+01
     vertex  8.875378e+01  7.166527e-02  0.000000e+00
   endloop
 endfacet
 facet normal  2.017264e-01 -9.794419e-01  0.000000e+00
   outer loop
     vertex  8.885988e+01  9.351778e-02  1.800000e+01
     vertex  8.875378e+01  7.166527e-02  1.800000e+01
     vertex  8.875378e+01  7.166527e-02  0.000000e+00
   endloop
 endfacet
 facet normal  2.017264e-01 -9.794419e-01  0.000000e+00
   outer loop
     vertex  8.885988e+01  9.351778e-02  1.800000e+01
     vertex  8.875378e+01  7.166527e-02  0.000000e+00
     vertex  8.885988e+01  9.351778e-02  0.000000e+00
   endloop
 endfacet
 facet normal  2.281751e-01 -9.736201e-01  0.000000e+00
   outer loop
     vertex  8.896535e+01  1.182354e-01  1.800000e+01
     vertex  8.885988e+01  9.351778e-02  1.800000e+01
     vertex  8.885988e+01  9.351778e-02  0.000000e+00
   endloop
 endfacet
 facet normal  2.281751e-01 -9.736201e-01  0.000000e+00
   outer loop
     vertex  8.896535e+01  1.182354e-01  1.800000e+01
     vertex  8.885988e+01  9.351778e-02  0.000000e+00
     vertex  8.896535e+01  1.182354e-01  0.000000e+00
   endloop
 endfacet
 facet normal  2.544564e-01 -9.670842e-01  0.000000e+00
   outer loop
     vertex  8.896535e+01  1.182354e-01  1.800000e+01
     vertex  8.896535e+01  1.182354e-01  0.000000e+00
     vertex  8.907011e+01  1.458000e-01  0.000000e+00
   endloop
 endfacet
 facet normal  2.544564e-01 -9.670842e-01  0.000000e+00
   outer loop
     vertex  8.907011e+01  1.458000e-01  1.800000e+01
     vertex  8.896535e+01  1.182354e-01  1.800000e+01
     vertex  8.907011e+01  1.458000e-01  0.000000e+00
   endloop
 endfacet
 facet normal  2.805512e-01 -9.598391e-01  0.000000e+00
   outer loop
     vertex  8.917409e+01  1.761914e-01  1.800000e+01
     vertex  8.907011e+01  1.458000e-01  1.800000e+01
     vertex  8.907011e+01  1.458000e-01  0.000000e+00
   endloop
 endfacet
 facet normal  2.805512e-01 -9.598391e-01  0.000000e+00
   outer loop
     vertex  8.917409e+01  1.761914e-01  1.800000e+01
     vertex  8.907011e+01  1.458000e-01  0.000000e+00
     vertex  8.917409e+01  1.761914e-01  0.000000e+00
   endloop
 endfacet
 facet normal  3.064401e-01 -9.518899e-01  0.000000e+00
   outer loop
     vertex  8.927721e+01  2.093873e-01  1.800000e+01
     vertex  8.917409e+01  1.761914e-01  1.800000e+01
     vertex  8.917409e+01  1.761914e-01  0.000000e+00
   endloop
 endfacet
 facet normal  3.064401e-01 -9.518899e-01  0.000000e+00
   outer loop
     vertex  8.927721e+01  2.093873e-01  1.800000e+01
     vertex  8.917409e+01  1.761914e-01  0.000000e+00
     vertex  8.927721e+01  2.093873e-01  0.000000e+00
   endloop
 endfacet
 facet normal  3.321044e-01 -9.432426e-01  0.000000e+00
   outer loop
     vertex  8.927721e+01  2.093873e-01  1.800000e+01
     vertex  8.927721e+01  2.093873e-01  0.000000e+00
     vertex  8.937939e+01  2.453633e-01  0.000000e+00
   endloop
 endfacet
 facet normal  3.321044e-01 -9.432426e-01  0.000000e+00
   outer loop
     vertex  8.937939e+01  2.453633e-01  1.800000e+01
     vertex  8.927721e+01  2.093873e-01  1.800000e+01
     vertex  8.937939e+01  2.453633e-01  0.000000e+00
   endloop
 endfacet
 facet normal  3.575250e-01 -9.339036e-01  0.000000e+00
   outer loop
     vertex  8.948055e+01  2.840931e-01  1.800000e+01
     vertex  8.937939e+01  2.453633e-01  0.000000e+00
     vertex  8.948055e+01  2.840931e-01  0.000000e+00
   endloop
 endfacet
 facet normal  3.575250e-01 -9.339036e-01  0.000000e+00
   outer loop
     vertex  8.948055e+01  2.840931e-01  1.800000e+01
     vertex  8.937939e+01  2.453633e-01  1.800000e+01
     vertex  8.937939e+01  2.453633e-01  0.000000e+00
   endloop
 endfacet
 facet normal  3.826834e-01 -9.238795e-01  0.000000e+00
   outer loop
     vertex  8.958063e+01  3.255482e-01  1.800000e+01
     vertex  8.948055e+01  2.840931e-01  0.000000e+00
     vertex  8.958063e+01  3.255482e-01  0.000000e+00
   endloop
 endfacet
 facet normal  4.075612e-01 -9.131779e-01  0.000000e+00
   outer loop
     vertex  8.958063e+01  3.255482e-01  1.800000e+01
     vertex  8.958063e+01  3.255482e-01  0.000000e+00
     vertex  8.967956e+01  3.696983e-01  0.000000e+00
   endloop
 endfacet
 facet normal  3.826834e-01 -9.238795e-01  0.000000e+00
   outer loop
     vertex  8.958063e+01  3.255482e-01  1.800000e+01
     vertex  8.948055e+01  2.840931e-01  1.800000e+01
     vertex  8.948055e+01  2.840931e-01  0.000000e+00
   endloop
 endfacet
 facet normal  4.075612e-01 -9.131779e-01  0.000000e+00
   outer loop
     vertex  8.967956e+01  3.696983e-01  1.800000e+01
     vertex  8.958063e+01  3.255482e-01  1.800000e+01
     vertex  8.967956e+01  3.696983e-01  0.000000e+00
   endloop
 endfacet
 facet normal  4.321400e-01 -9.018065e-01  0.000000e+00
   outer loop
     vertex  8.977725e+01  4.165110e-01  1.800000e+01
     vertex  8.967956e+01  3.696983e-01  0.000000e+00
     vertex  8.977725e+01  4.165110e-01  0.000000e+00
   endloop
 endfacet
 facet normal  4.321400e-01 -9.018065e-01  0.000000e+00
   outer loop
     vertex  8.977725e+01  4.165110e-01  1.800000e+01
     vertex  8.967956e+01  3.696983e-01  1.800000e+01
     vertex  8.967956e+01  3.696983e-01  0.000000e+00
   endloop
 endfacet
 facet normal  4.564019e-01 -8.897737e-01  0.000000e+00
   outer loop
     vertex  8.987363e+01  4.659518e-01  1.800000e+01
     vertex  8.977725e+01  4.165110e-01  0.000000e+00
     vertex  8.987363e+01  4.659518e-01  0.000000e+00
   endloop
 endfacet
 facet normal  4.564019e-01 -8.897737e-01  0.000000e+00
   outer loop
     vertex  8.987363e+01  4.659518e-01  1.800000e+01
     vertex  8.977725e+01  4.165110e-01  1.800000e+01
     vertex  8.977725e+01  4.165110e-01  0.000000e+00
   endloop
 endfacet
 facet normal  4.803291e-01 -8.770884e-01  0.000000e+00
   outer loop
     vertex  8.996865e+01  5.179847e-01  1.800000e+01
     vertex  8.987363e+01  4.659518e-01  0.000000e+00
     vertex  8.996865e+01  5.179847e-01  0.000000e+00
   endloop
 endfacet
 facet normal  5.039039e-01 -8.637597e-01  0.000000e+00
   outer loop
     vertex  8.996865e+01  5.179847e-01  1.800000e+01
     vertex  8.996865e+01  5.179847e-01  0.000000e+00
     vertex  9.006222e+01  5.725713e-01  0.000000e+00
   endloop
 endfacet
 facet normal  4.803291e-01 -8.770884e-01  0.000000e+00
   outer loop
     vertex  8.996865e+01  5.179847e-01  1.800000e+01
     vertex  8.987363e+01  4.659518e-01  1.800000e+01
     vertex  8.987363e+01  4.659518e-01  0.000000e+00
   endloop
 endfacet
 facet normal  5.039039e-01 -8.637597e-01  0.000000e+00
   outer loop
     vertex  9.006222e+01  5.725713e-01  1.800000e+01
     vertex  8.996865e+01  5.179847e-01  1.800000e+01
     vertex  9.006222e+01  5.725713e-01  0.000000e+00
   endloop
 endfacet
 facet normal  5.271092e-01 -8.497975e-01  0.000000e+00
   outer loop
     vertex  9.015427e+01  6.296717e-01  1.800000e+01
     vertex  9.006222e+01  5.725713e-01  1.800000e+01
     vertex  9.006222e+01  5.725713e-01  0.000000e+00
   endloop
 endfacet
 facet normal  5.271092e-01 -8.497975e-01  0.000000e+00
   outer loop
     vertex  9.015427e+01  6.296717e-01  1.800000e+01
     vertex  9.006222e+01  5.725713e-01  0.000000e+00
     vertex  9.015427e+01  6.296717e-01  0.000000e+00
   endloop
 endfacet
 facet normal  5.499279e-01 -8.352121e-01  0.000000e+00
   outer loop
     vertex  9.024475e+01  6.892440e-01  1.800000e+01
     vertex  9.015427e+01  6.296717e-01  1.800000e+01
     vertex  9.015427e+01  6.296717e-01  0.000000e+00
   endloop
 endfacet
 facet normal  5.499279e-01 -8.352121e-01  0.000000e+00
   outer loop
     vertex  9.024475e+01  6.892440e-01  1.800000e+01
     vertex  9.015427e+01  6.296717e-01  0.000000e+00
     vertex  9.024475e+01  6.892440e-01  0.000000e+00
   endloop
 endfacet
 facet normal  5.723433e-01 -8.200141e-01  0.000000e+00
   outer loop
     vertex  9.033358e+01  7.512445e-01  1.800000e+01
     vertex  9.024475e+01  6.892440e-01  1.800000e+01
     vertex  9.024475e+01  6.892440e-01  0.000000e+00
   endloop
 endfacet
 facet normal  5.723433e-01 -8.200141e-01  0.000000e+00
   outer loop
     vertex  9.033358e+01  7.512445e-01  1.800000e+01
     vertex  9.024475e+01  6.892440e-01  0.000000e+00
     vertex  9.033358e+01  7.512445e-01  0.000000e+00
   endloop
 endfacet
 facet normal  5.943389e-01 -8.042147e-01  0.000000e+00
   outer loop
     vertex  9.042070e+01  8.156277e-01  1.800000e+01
     vertex  9.033358e+01  7.512445e-01  1.800000e+01
     vertex  9.033358e+01  7.512445e-01  0.000000e+00
   endloop
 endfacet
 facet normal  5.943389e-01 -8.042147e-01  0.000000e+00
   outer loop
     vertex  9.042070e+01  8.156277e-01  1.800000e+01
     vertex  9.033358e+01  7.512445e-01  0.000000e+00
     vertex  9.042070e+01  8.156277e-01  0.000000e+00
   endloop
 endfacet
 facet normal  6.158986e-01 -7.878255e-01  0.000000e+00
   outer loop
     vertex  9.042070e+01  8.156277e-01  1.800000e+01
     vertex  9.042070e+01  8.156277e-01  0.000000e+00
     vertex  9.050604e+01  8.823465e-01  0.000000e+00
   endloop
 endfacet
 facet normal  6.158986e-01 -7.878255e-01  0.000000e+00
   outer loop
     vertex  9.050604e+01  8.823465e-01  1.800000e+01
     vertex  9.042070e+01  8.156277e-01  1.800000e+01
     vertex  9.050604e+01  8.823465e-01  0.000000e+00
   endloop
 endfacet
 facet normal  6.370065e-01 -7.708584e-01  0.000000e+00
   outer loop
     vertex  9.058955e+01  9.513518e-01  1.800000e+01
     vertex  9.050604e+01  8.823465e-01  1.800000e+01
     vertex  9.050604e+01  8.823465e-01  0.000000e+00
   endloop
 endfacet
 facet normal  6.370065e-01 -7.708584e-01  0.000000e+00
   outer loop
     vertex  9.058955e+01  9.513518e-01  1.800000e+01
     vertex  9.050604e+01  8.823465e-01  0.000000e+00
     vertex  9.058955e+01  9.513518e-01  0.000000e+00
   endloop
 endfacet
 facet normal  6.576473e-01 -7.533260e-01  0.000000e+00
   outer loop
     vertex  9.067115e+01  1.022593e+00  1.800000e+01
     vertex  9.058955e+01  9.513518e-01  1.800000e+01
     vertex  9.058955e+01  9.513518e-01  0.000000e+00
   endloop
 endfacet
 facet normal  6.576473e-01 -7.533260e-01  0.000000e+00
   outer loop
     vertex  9.067115e+01  1.022593e+00  1.800000e+01
     vertex  9.058955e+01  9.513518e-01  0.000000e+00
     vertex  9.067115e+01  1.022593e+00  0.000000e+00
   endloop
 endfacet
 facet normal  6.778058e-01 -7.352410e-01  0.000000e+00
   outer loop
     vertex  9.067115e+01  1.022593e+00  1.800000e+01
     vertex  9.067115e+01  1.022593e+00  0.000000e+00
     vertex  9.075080e+01  1.096018e+00  0.000000e+00
   endloop
 endfacet
 facet normal  6.778058e-01 -7.352410e-01  0.000000e+00
   outer loop
     vertex  9.075080e+01  1.096018e+00  1.800000e+01
     vertex  9.067115e+01  1.022593e+00  1.800000e+01
     vertex  9.075080e+01  1.096018e+00  0.000000e+00
   endloop
 endfacet
 facet normal  6.974671e-01 -7.166168e-01  0.000000e+00
   outer loop
     vertex  9.082843e+01  1.171573e+00  1.800000e+01
     vertex  9.075080e+01  1.096018e+00  1.800000e+01
     vertex  9.075080e+01  1.096018e+00  0.000000e+00
   endloop
 endfacet
 facet normal  6.974671e-01 -7.166168e-01  0.000000e+00
   outer loop
     vertex  9.082843e+01  1.171573e+00  1.800000e+01
     vertex  9.075080e+01  1.096018e+00  0.000000e+00
     vertex  9.082843e+01  1.171573e+00  0.000000e+00
   endloop
 endfacet
 facet normal  7.166168e-01 -6.974671e-01  0.000000e+00
   outer loop
     vertex  9.082843e+01  1.171573e+00  1.800000e+01
     vertex  9.082843e+01  1.171573e+00  0.000000e+00
     vertex  9.090398e+01  1.249202e+00  0.000000e+00
   endloop
 endfacet
 facet normal  7.166168e-01 -6.974671e-01  0.000000e+00
   outer loop
     vertex  9.090398e+01  1.249202e+00  1.800000e+01
     vertex  9.082843e+01  1.171573e+00  1.800000e+01
     vertex  9.090398e+01  1.249202e+00  0.000000e+00
   endloop
 endfacet
 facet normal  7.352410e-01 -6.778058e-01  0.000000e+00
   outer loop
     vertex  9.097741e+01  1.328849e+00  1.800000e+01
     vertex  9.090398e+01  1.249202e+00  1.800000e+01
     vertex  9.090398e+01  1.249202e+00  0.000000e+00
   endloop
 endfacet
 facet normal  7.352410e-01 -6.778058e-01  0.000000e+00
   outer loop
     vertex  9.097741e+01  1.328849e+00  1.800000e+01
     vertex  9.090398e+01  1.249202e+00  0.000000e+00
     vertex  9.097741e+01  1.328849e+00  0.000000e+00
   endloop
 endfacet
 facet normal  7.533260e-01 -6.576473e-01  0.000000e+00
   outer loop
     vertex  9.104865e+01  1.410455e+00  1.800000e+01
     vertex  9.097741e+01  1.328849e+00  1.800000e+01
     vertex  9.097741e+01  1.328849e+00  0.000000e+00
   endloop
 endfacet
 facet normal  7.533260e-01 -6.576473e-01  0.000000e+00
   outer loop
     vertex  9.104865e+01  1.410455e+00  1.800000e+01
     vertex  9.097741e+01  1.328849e+00  0.000000e+00
     vertex  9.104865e+01  1.410455e+00  0.000000e+00
   endloop
 endfacet
 facet normal  7.708584e-01 -6.370065e-01  0.000000e+00
   outer loop
     vertex  9.111765e+01  1.493960e+00  1.800000e+01
     vertex  9.104865e+01  1.410455e+00  1.800000e+01
     vertex  9.104865e+01  1.410455e+00  0.000000e+00
   endloop
 endfacet
 facet normal  7.708584e-01 -6.370065e-01  0.000000e+00
   outer loop
     vertex  9.111765e+01  1.493960e+00  1.800000e+01
     vertex  9.104865e+01  1.410455e+00  0.000000e+00
     vertex  9.111765e+01  1.493960e+00  0.000000e+00
   endloop
 endfacet
 facet normal  7.878255e-01 -6.158986e-01  0.000000e+00
   outer loop
     vertex  9.118437e+01  1.579303e+00  1.800000e+01
     vertex  9.111765e+01  1.493960e+00  1.800000e+01
     vertex  9.111765e+01  1.493960e+00  0.000000e+00
   endloop
 endfacet
 facet normal  7.878255e-01 -6.158986e-01  0.000000e+00
   outer loop
     vertex  9.118437e+01  1.579303e+00  1.800000e+01
     vertex  9.111765e+01  1.493960e+00  0.000000e+00
     vertex  9.118437e+01  1.579303e+00  0.000000e+00
   endloop
 endfacet
 facet normal  8.042147e-01 -5.943389e-01  0.000000e+00
   outer loop
     vertex  9.124876e+01  1.666422e+00  1.800000e+01
     vertex  9.118437e+01  1.579303e+00  1.800000e+01
     vertex  9.118437e+01  1.579303e+00  0.000000e+00
   endloop
 endfacet
 facet normal  8.042147e-01 -5.943389e-01  0.000000e+00
   outer loop
     vertex  9.124876e+01  1.666422e+00  1.800000e+01
     vertex  9.118437e+01  1.579303e+00  0.000000e+00
     vertex  9.124876e+01  1.666422e+00  0.000000e+00
   endloop
 endfacet
 facet normal  8.200141e-01 -5.723433e-01  0.000000e+00
   outer loop
     vertex  9.131076e+01  1.755252e+00  1.800000e+01
     vertex  9.124876e+01  1.666422e+00  1.800000e+01
     vertex  9.124876e+01  1.666422e+00  0.000000e+00
   endloop
 endfacet
 facet normal  8.200141e-01 -5.723433e-01  0.000000e+00
   outer loop
     vertex  9.131076e+01  1.755252e+00  1.800000e+01
     vertex  9.124876e+01  1.666422e+00  0.000000e+00
     vertex  9.131076e+01  1.755252e+00  0.000000e+00
   endloop
 endfacet
 facet normal  8.352121e-01 -5.499279e-01  0.000000e+00
   outer loop
     vertex  9.137033e+01  1.845728e+00  1.800000e+01
     vertex  9.131076e+01  1.755252e+00  1.800000e+01
     vertex  9.131076e+01  1.755252e+00  0.000000e+00
   endloop
 endfacet
 facet normal  8.352121e-01 -5.499279e-01  0.000000e+00
   outer loop
     vertex  9.137033e+01  1.845728e+00  1.800000e+01
     vertex  9.131076e+01  1.755252e+00  0.000000e+00
     vertex  9.137033e+01  1.845728e+00  0.000000e+00
   endloop
 endfacet
 facet normal  8.497975e-01 -5.271092e-01  0.000000e+00
   outer loop
     vertex  9.142743e+01  1.937785e+00  1.800000e+01
     vertex  9.137033e+01  1.845728e+00  1.800000e+01
     vertex  9.137033e+01  1.845728e+00  0.000000e+00
   endloop
 endfacet
 facet normal  8.497975e-01 -5.271092e-01  0.000000e+00
   outer loop
     vertex  9.142743e+01  1.937785e+00  1.800000e+01
     vertex  9.137033e+01  1.845728e+00  0.000000e+00
     vertex  9.142743e+01  1.937785e+00  0.000000e+00
   endloop
 endfacet
 facet normal  8.637597e-01 -5.039039e-01  0.000000e+00
   outer loop
     vertex  9.148202e+01  2.031353e+00  1.800000e+01
     vertex  9.142743e+01  1.937785e+00  1.800000e+01
     vertex  9.142743e+01  1.937785e+00  0.000000e+00
   endloop
 endfacet
 facet normal  8.637597e-01 -5.039039e-01  0.000000e+00
   outer loop
     vertex  9.148202e+01  2.031353e+00  1.800000e+01
     vertex  9.142743e+01  1.937785e+00  0.000000e+00
     vertex  9.148202e+01  2.031353e+00  0.000000e+00
   endloop
 endfacet
 facet normal  8.770884e-01 -4.803291e-01  0.000000e+00
   outer loop
     vertex  9.153405e+01  2.126366e+00  1.800000e+01
     vertex  9.148202e+01  2.031353e+00  1.800000e+01
     vertex  9.148202e+01  2.031353e+00  0.000000e+00
   endloop
 endfacet
 facet normal  8.770884e-01 -4.803291e-01  0.000000e+00
   outer loop
     vertex  9.153405e+01  2.126366e+00  1.800000e+01
     vertex  9.148202e+01  2.031353e+00  0.000000e+00
     vertex  9.153405e+01  2.126366e+00  0.000000e+00
   endloop
 endfacet
 facet normal  8.897737e-01 -4.564019e-01  0.000000e+00
   outer loop
     vertex  9.158349e+01  2.222753e+00  1.800000e+01
     vertex  9.153405e+01  2.126366e+00  1.800000e+01
     vertex  9.153405e+01  2.126366e+00  0.000000e+00
   endloop
 endfacet
 facet normal  8.897737e-01 -4.564019e-01  0.000000e+00
   outer loop
     vertex  9.158349e+01  2.222753e+00  1.800000e+01
     vertex  9.153405e+01  2.126366e+00  0.000000e+00
     vertex  9.158349e+01  2.222753e+00  0.000000e+00
   endloop
 endfacet
 facet normal  9.018065e-01 -4.321400e-01  0.000000e+00
   outer loop
     vertex  9.163030e+01  2.320444e+00  1.800000e+01
     vertex  9.158349e+01  2.222753e+00  0.000000e+00
     vertex  9.163030e+01  2.320444e+00  0.000000e+00
   endloop
 endfacet
 facet normal  9.018065e-01 -4.321400e-01  0.000000e+00
   outer loop
     vertex  9.163030e+01  2.320444e+00  1.800000e+01
     vertex  9.158349e+01  2.222753e+00  1.800000e+01
     vertex  9.158349e+01  2.222753e+00  0.000000e+00
   endloop
 endfacet
 facet normal  9.131779e-01 -4.075612e-01  0.000000e+00
   outer loop
     vertex  9.167445e+01  2.419366e+00  1.800000e+01
     vertex  9.163030e+01  2.320444e+00  0.000000e+00
     vertex  9.167445e+01  2.419366e+00  0.000000e+00
   endloop
 endfacet
 facet normal  9.131779e-01 -4.075612e-01  0.000000e+00
   outer loop
     vertex  9.167445e+01  2.419366e+00  1.800000e+01
     vertex  9.163030e+01  2.320444e+00  1.800000e+01
     vertex  9.163030e+01  2.320444e+00  0.000000e+00
   endloop
 endfacet
 facet normal  9.238795e-01 -3.826834e-01  0.000000e+00
   outer loop
     vertex  9.171591e+01  2.519447e+00  1.800000e+01
     vertex  9.167445e+01  2.419366e+00  0.000000e+00
     vertex  9.171591e+01  2.519447e+00  0.000000e+00
   endloop
 endfacet
 facet normal  9.238795e-01 -3.826834e-01  0.000000e+00
   outer loop
     vertex  9.171591e+01  2.519447e+00  1.800000e+01
     vertex  9.167445e+01  2.419366e+00  1.800000e+01
     vertex  9.167445e+01  2.419366e+00  0.000000e+00
   endloop
 endfacet
 facet normal  9.339036e-01 -3.575250e-01  0.000000e+00
   outer loop
     vertex  9.175464e+01  2.620615e+00  1.800000e+01
     vertex  9.171591e+01  2.519447e+00  1.800000e+01
     vertex  9.171591e+01  2.519447e+00  0.000000e+00
   endloop
 endfacet
 facet normal  9.339036e-01 -3.575250e-01  0.000000e+00
   outer loop
     vertex  9.175464e+01  2.620615e+00  1.800000e+01
     vertex  9.171591e+01  2.519447e+00  0.000000e+00
     vertex  9.175464e+01  2.620615e+00  0.000000e+00
   endloop
 endfacet
 facet normal  9.432426e-01 -3.321044e-01  0.000000e+00
   outer loop
     vertex  9.179061e+01  2.722794e+00  1.800000e+01
     vertex  9.175464e+01  2.620615e+00  1.800000e+01
     vertex  9.175464e+01  2.620615e+00  0.000000e+00
   endloop
 endfacet
 facet normal  9.432426e-01 -3.321044e-01  0.000000e+00
   outer loop
     vertex  9.179061e+01  2.722794e+00  1.800000e+01
     vertex  9.175464e+01  2.620615e+00  0.000000e+00
     vertex  9.179061e+01  2.722794e+00  0.000000e+00
   endloop
 endfacet
 facet normal  9.518899e-01 -3.064401e-01  0.000000e+00
   outer loop
     vertex  9.182381e+01  2.825910e+00  1.800000e+01
     vertex  9.179061e+01  2.722794e+00  0.000000e+00
     vertex  9.182381e+01  2.825910e+00  0.000000e+00
   endloop
 endfacet
 facet normal  9.518899e-01 -3.064401e-01  0.000000e+00
   outer loop
     vertex  9.182381e+01  2.825910e+00  1.800000e+01
     vertex  9.179061e+01  2.722794e+00  1.800000e+01
     vertex  9.179061e+01  2.722794e+00  0.000000e+00
   endloop
 endfacet
 facet normal  9.598391e-01 -2.805512e-01  0.000000e+00
   outer loop
     vertex  9.185420e+01  2.929887e+00  1.800000e+01
     vertex  9.182381e+01  2.825910e+00  0.000000e+00
     vertex  9.185420e+01  2.929887e+00  0.000000e+00
   endloop
 endfacet
 facet normal  9.670842e-01 -2.544564e-01  0.000000e+00
   outer loop
     vertex  9.185420e+01  2.929887e+00  1.800000e+01
     vertex  9.185420e+01  2.929887e+00  0.000000e+00
     vertex  9.188176e+01  3.034648e+00  0.000000e+00
   endloop
 endfacet
 facet normal  9.598391e-01 -2.805512e-01  0.000000e+00
   outer loop
     vertex  9.185420e+01  2.929887e+00  1.800000e+01
     vertex  9.182381e+01  2.825910e+00  1.800000e+01
     vertex  9.182381e+01  2.825910e+00  0.000000e+00
   endloop
 endfacet
 facet normal  9.670842e-01 -2.544564e-01  0.000000e+00
   outer loop
     vertex  9.188176e+01  3.034648e+00  1.800000e+01
     vertex  9.185420e+01  2.929887e+00  1.800000e+01
     vertex  9.188176e+01  3.034648e+00  0.000000e+00
   endloop
 endfacet
 facet normal  9.736201e-01 -2.281751e-01  0.000000e+00
   outer loop
     vertex  9.190648e+01  3.140118e+00  1.800000e+01
     vertex  9.188176e+01  3.034648e+00  0.000000e+00
     vertex  9.190648e+01  3.140118e+00  0.000000e+00
   endloop
 endfacet
 facet normal  9.736201e-01 -2.281751e-01  0.000000e+00
   outer loop
     vertex  9.190648e+01  3.140118e+00  1.800000e+01
     vertex  9.188176e+01  3.034648e+00  1.800000e+01
     vertex  9.188176e+01  3.034648e+00  0.000000e+00
   endloop
 endfacet
 facet normal  9.794419e-01 -2.017264e-01  0.000000e+00
   outer loop
     vertex  9.192833e+01  3.246219e+00  1.800000e+01
     vertex  9.190648e+01  3.140118e+00  0.000000e+00
     vertex  9.192833e+01  3.246219e+00  0.000000e+00
   endloop
 endfacet
 facet normal  9.794419e-01 -2.017264e-01  0.000000e+00
   outer loop
     vertex  9.192833e+01  3.246219e+00  1.800000e+01
     vertex  9.190648e+01  3.140118e+00  1.800000e+01
     vertex  9.190648e+01  3.140118e+00  0.000000e+00
   endloop
 endfacet
 facet normal  9.845454e-01 -1.751297e-01  0.000000e+00
   outer loop
     vertex  9.194731e+01  3.352872e+00  1.800000e+01
     vertex  9.192833e+01  3.246219e+00  0.000000e+00
     vertex  9.194731e+01  3.352872e+00  0.000000e+00
   endloop
 endfacet
 facet normal  9.889267e-01 -1.484046e-01  0.000000e+00
   outer loop
     vertex  9.194731e+01  3.352872e+00  1.800000e+01
     vertex  9.194731e+01  3.352872e+00  0.000000e+00
     vertex  9.196338e+01  3.460000e+00  0.000000e+00
   endloop
 endfacet
 facet normal  9.845454e-01 -1.751297e-01  0.000000e+00
   outer loop
     vertex  9.194731e+01  3.352872e+00  1.800000e+01
     vertex  9.192833e+01  3.246219e+00  1.800000e+01
     vertex  9.192833e+01  3.246219e+00  0.000000e+00
   endloop
 endfacet
 facet normal  9.889267e-01 -1.484046e-01  0.000000e+00
   outer loop
     vertex  9.196338e+01  3.460000e+00  1.800000e+01
     vertex  9.194731e+01  3.352872e+00  1.800000e+01
     vertex  9.196338e+01  3.460000e+00  0.000000e+00
   endloop
 endfacet
 facet normal  9.925828e-01 -1.215707e-01  0.000000e+00
   outer loop
     vertex  9.197655e+01  3.567524e+00  1.800000e+01
     vertex  9.196338e+01  3.460000e+00  0.000000e+00
     vertex  9.197655e+01  3.567524e+00  0.000000e+00
   endloop
 endfacet
 facet normal  9.955108e-01 -9.464755e-02  0.000000e+00
   outer loop
     vertex  9.197655e+01  3.567524e+00  1.800000e+01
     vertex  9.197655e+01  3.567524e+00  0.000000e+00
     vertex  9.198680e+01  3.675365e+00  0.000000e+00
   endloop
 endfacet
 facet normal  9.925828e-01 -1.215707e-01  0.000000e+00
   outer loop
     vertex  9.197655e+01  3.567524e+00  1.800000e+01
     vertex  9.196338e+01  3.460000e+00  1.800000e+01
     vertex  9.196338e+01  3.460000e+00  0.000000e+00
   endloop
 endfacet
 facet normal  9.955108e-01 -9.464755e-02  0.000000e+00
   outer loop
     vertex  9.198680e+01  3.675365e+00  1.800000e+01
     vertex  9.197655e+01  3.567524e+00  1.800000e+01
     vertex  9.198680e+01  3.675365e+00  0.000000e+00
   endloop
 endfacet
 facet normal  9.977088e-01 -6.765502e-02  0.000000e+00
   outer loop
     vertex  9.199413e+01  3.783444e+00  1.800000e+01
     vertex  9.198680e+01  3.675365e+00  0.000000e+00
     vertex  9.199413e+01  3.783444e+00  0.000000e+00
   endloop
 endfacet
 facet normal  9.977088e-01 -6.765502e-02  0.000000e+00
   outer loop
     vertex  9.199413e+01  3.783444e+00  1.800000e+01
     vertex  9.198680e+01  3.675365e+00  1.800000e+01
     vertex  9.198680e+01  3.675365e+00  0.000000e+00
   endloop
 endfacet
 facet normal  9.991750e-01 -4.061287e-02  0.000000e+00
   outer loop
     vertex  9.199853e+01  3.891682e+00  1.800000e+01
     vertex  9.199413e+01  3.783444e+00  0.000000e+00
     vertex  9.199853e+01  3.891682e+00  0.000000e+00
   endloop
 endfacet
 facet normal  9.991750e-01 -4.061287e-02  0.000000e+00
   outer loop
     vertex  9.199853e+01  3.891682e+00  1.800000e+01
     vertex  9.199413e+01  3.783444e+00  1.800000e+01
     vertex  9.199413e+01  3.783444e+00  0.000000e+00
   endloop
 endfacet
 facet normal  9.999083e-01 -1.354093e-02  0.000000e+00
   outer loop
     vertex  9.200000e+01  4.000000e+00  1.800000e+01
     vertex  9.199853e+01  3.891682e+00  0.000000e+00
     vertex  9.200000e+01  4.000000e+00  0.000000e+00
   endloop
 endfacet
 facet normal  9.999083e-01 -1.354093e-02  0.000000e+00
   outer loop
     vertex  9.200000e+01  4.000000e+00  1.800000e+01
     vertex  9.199853e+01  3.891682e+00  1.800000e+01
     vertex  9.199853e+01  3.891682e+00  0.000000e+00
   endloop
 endfacet
 facet normal  1.000000e+00  0.000000e+00  0.000000e+00
   outer loop
     vertex  9.200000e+01  4.000000e+00  1.800000e+01
     vertex  9.200000e+01  4.000000e+00  0.000000e+00
     vertex  9.200000e+01  5.400000e+01  0.000000e+00
   endloop
 endfacet
 facet normal  1.000000e+00 -0.000000e+00  0.000000e+00
   outer loop
     vertex  9.200000e+01  4.000000e+00  1.800000e+01
     vertex  9.200000e+01  5.400000e+01  0.000000e+00
     vertex  9.200000e+01  5.400000e+01  1.800000e+01
   endloop
 endfacet
 facet normal  9.999083e-01  1.354093e-02  0.000000e+00
   outer loop
     vertex  9.199853e+01  5.410832e+01  1.800000e+01
     vertex  9.200000e+01  5.400000e+01  1.800000e+01
     vertex  9.200000e+01  5.400000e+01  0.000000e+00
   endloop
 endfacet
 facet normal  9.999083e-01  1.354093e-02  0.000000e+00
   outer loop
     vertex  9.199853e+01  5.410832e+01  1.800000e+01
     vertex  9.200000e+01  5.400000e+01  0.000000e+00
     vertex  9.199853e+01  5.410832e+01  0.000000e+00
   endloop
 endfacet
 facet normal  9.991750e-01  4.061287e-02  0.000000e+00
   outer loop
     vertex  9.199413e+01  5.421656e+01  1.800000e+01
     vertex  9.199853e+01  5.410832e+01  1.800000e+01
     vertex  9.199853e+01  5.410832e+01  0.000000e+00
   endloop
 endfacet
 facet normal  9.991750e-01  4.061287e-02  0.000000e+00
   outer loop
     vertex  9.199413e+01  5.421656e+01  1.800000e+01
     vertex  9.199853e+01  5.410832e+01  0.000000e+00
     vertex  9.199413e+01  5.421656e+01  0.000000e+00
   endloop
 endfacet
 facet normal  9.977088e-01  6.765502e-02  0.000000e+00
   outer loop
     vertex  9.198680e+01  5.432463e+01  1.800000e+01
     vertex  9.199413e+01  5.421656e+01  1.800000e+01
     vertex  9.199413e+01  5.421656e+01  0.000000e+00
   endloop
 endfacet
 facet normal  9.977088e-01  6.765502e-02  0.000000e+00
   outer loop
     vertex  9.198680e+01  5.432463e+01  1.800000e+01
     vertex  9.199413e+01  5.421656e+01  0.000000e+00
     vertex  9.198680e+01  5.432463e+01  0.000000e+00
   endloop
 endfacet
 facet normal  9.955108e-01  9.464755e-02  0.000000e+00
   outer loop
     vertex  9.198680e+01  5.432463e+01  1.800000e+01
     vertex  9.198680e+01  5.432463e+01  0.000000e+00
     vertex  9.197655e+01  5.443248e+01  0.000000e+00
   endloop
 endfacet
 facet normal  9.955108e-01  9.464755e-02  0.000000e+00
   outer loop
     vertex  9.197655e+01  5.443248e+01  1.800000e+01
     vertex  9.198680e+01  5.432463e+01  1.800000e+01
     vertex  9.197655e+01  5.443248e+01  0.000000e+00
   endloop
 endfacet
 facet normal  9.925828e-01  1.215707e-01  0.000000e+00
   outer loop
     vertex  9.196338e+01  5.454000e+01  1.800000e+01
     vertex  9.197655e+01  5.443248e+01  1.800000e+01
     vertex  9.197655e+01  5.443248e+01  0.000000e+00
   endloop
 endfacet
 facet normal  9.925828e-01  1.215707e-01  0.000000e+00
   outer loop
     vertex  9.196338e+01  5.454000e+01  1.800000e+01
     vertex  9.197655e+01  5.443248e+01  0.000000e+00
     vertex  9.196338e+01  5.454000e+01  0.000000e+00
   endloop
 endfacet
 facet normal  9.889267e-01  1.484046e-01  0.000000e+00
   outer loop
     vertex  9.194731e+01  5.464713e+01  1.800000e+01
     vertex  9.196338e+01  5.454000e+01  1.800000e+01
     vertex  9.196338e+01  5.454000e+01  0.000000e+00
   endloop
 endfacet
 facet normal  9.889267e-01  1.484046e-01  0.000000e+00
   outer loop
     vertex  9.194731e+01  5.464713e+01  1.800000e+01
     vertex  9.196338e+01  5.454000e+01  0.000000e+00
     vertex  9.194731e+01  5.464713e+01  0.000000e+00
   endloop
 endfacet
 facet normal  9.845454e-01  1.751297e-01  0.000000e+00
   outer loop
     vertex  9.194731e+01  5.464713e+01  1.800000e+01
     vertex  9.194731e+01  5.464713e+01  0.000000e+00
     vertex  9.192833e+01  5.475378e+01  0.000000e+00
   endloop
 endfacet
 facet normal  9.845454e-01  1.751297e-01  0.000000e+00
   outer loop
     vertex  9.192833e+01  5.475378e+01  1.800000e+01
     vertex  9.194731e+01  5.464713e+01  1.800000e+01
     vertex  9.192833e+01  5.475378e+01  0.000000e+00
   endloop
 endfacet
 facet normal  9.794419e-01  2.017264e-01  0.000000e+00
   outer loop
     vertex  9.190648e+01  5.485988e+01  1.800000e+01
     vertex  9.192833e+01  5.475378e+01  1.800000e+01
     vertex  9.192833e+01  5.475378e+01  0.000000e+00
   endloop
 endfacet
 facet normal  9.794419e-01  2.017264e-01  0.000000e+00
   outer loop
     vertex  9.190648e+01  5.485988e+01  1.800000e+01
     vertex  9.192833e+01  5.475378e+01  0.000000e+00
     vertex  9.190648e+01  5.485988e+01  0.000000e+00
   endloop
 endfacet
 facet normal  9.736201e-01  2.281751e-01  0.000000e+00
   outer loop
     vertex  9.188176e+01  5.496535e+01  1.800000e+01
     vertex  9.190648e+01  5.485988e+01  1.800000e+01
     vertex  9.190648e+01  5.485988e+01  0.000000e+00
   endloop
 endfacet
 facet normal  9.736201e-01  2.281751e-01  0.000000e+00
   outer loop
     vertex  9.188176e+01  5.496535e+01  1.800000e+01
     vertex  9.190648e+01  5.485988e+01  0.000000e+00
     vertex  9.188176e+01  5.496535e+01  0.000000e+00
   endloop
 endfacet
 facet normal  9.670842e-01  2.544564e-01  0.000000e+00
   outer loop
     vertex  9.185420e+01  5.507011e+01  1.800000e+01
     vertex  9.188176e+01  5.496535e+01  1.800000e+01
     vertex  9.188176e+01  5.496535e+01  0.000000e+00
   endloop
 endfacet
 facet normal  9.670842e-01  2.544564e-01  0.000000e+00
   outer loop
     vertex  9.185420e+01  5.507011e+01  1.800000e+01
     vertex  9.188176e+01  5.496535e+01  0.000000e+00
     vertex  9.185420e+01  5.507011e+01  0.000000e+00
   endloop
 endfacet
 facet normal  9.598391e-01  2.805512e-01  0.000000e+00
   outer loop
     vertex  9.182381e+01  5.517409e+01  1.800000e+01
     vertex  9.185420e+01  5.507011e+01  1.800000e+01
     vertex  9.185420e+01  5.507011e+01  0.000000e+00
   endloop
 endfacet
 facet normal  9.598391e-01  2.805512e-01  0.000000e+00
   outer loop
     vertex  9.182381e+01  5.517409e+01  1.800000e+01
     vertex  9.185420e+01  5.507011e+01  0.000000e+00
     vertex  9.182381e+01  5.517409e+01  0.000000e+00
   endloop
 endfacet
 facet normal  9.518899e-01  3.064401e-01  0.000000e+00
   outer loop
     vertex  9.179061e+01  5.527721e+01  1.800000e+01
     vertex  9.182381e+01  5.517409e+01  1.800000e+01
     vertex  9.182381e+01  5.517409e+01  0.000000e+00
   endloop
 endfacet
 facet normal  9.518899e-01  3.064401e-01  0.000000e+00
   outer loop
     vertex  9.179061e+01  5.527721e+01  1.800000e+01
     vertex  9.182381e+01  5.517409e+01  0.000000e+00
     vertex  9.179061e+01  5.527721e+01  0.000000e+00
   endloop
 endfacet
 facet normal  9.432426e-01  3.321044e-01  0.000000e+00
   outer loop
     vertex  9.179061e+01  5.527721e+01  1.800000e+01
     vertex  9.179061e+01  5.527721e+01  0.000000e+00
     vertex  9.175464e+01  5.537939e+01  0.000000e+00
   endloop
 endfacet
 facet normal  9.432426e-01  3.321044e-01  0.000000e+00
   outer loop
     vertex  9.175464e+01  5.537939e+01  1.800000e+01
     vertex  9.179061e+01  5.527721e+01  1.800000e+01
     vertex  9.175464e+01  5.537939e+01  0.000000e+00
   endloop
 endfacet
 facet normal  9.339036e-01  3.575250e-01  0.000000e+00
   outer loop
     vertex  9.171591e+01  5.548055e+01  1.800000e+01
     vertex  9.175464e+01  5.537939e+01  0.000000e+00
     vertex  9.171591e+01  5.548055e+01  0.000000e+00
   endloop
 endfacet
 facet normal  9.339036e-01  3.575250e-01  0.000000e+00
   outer loop
     vertex  9.171591e+01  5.548055e+01  1.800000e+01
     vertex  9.175464e+01  5.537939e+01  1.800000e+01
     vertex  9.175464e+01  5.537939e+01  0.000000e+00
   endloop
 endfacet
 facet normal  9.238795e-01  3.826834e-01  0.000000e+00
   outer loop
     vertex  9.167445e+01  5.558063e+01  1.800000e+01
     vertex  9.171591e+01  5.548055e+01  0.000000e+00
     vertex  9.167445e+01  5.558063e+01  0.000000e+00
   endloop
 endfacet
 facet normal  9.131779e-01  4.075612e-01  0.000000e+00
   outer loop
     vertex  9.167445e+01  5.558063e+01  1.800000e+01
     vertex  9.167445e+01  5.558063e+01  0.000000e+00
     vertex  9.163030e+01  5.567956e+01  0.000000e+00
   endloop
 endfacet
 facet normal  9.238795e-01  3.826834e-01  0.000000e+00
   outer loop
     vertex  9.167445e+01  5.558063e+01  1.800000e+01
     vertex  9.171591e+01  5.548055e+01  1.800000e+01
     vertex  9.171591e+01  5.548055e+01  0.000000e+00
   endloop
 endfacet
 facet normal  9.018065e-01  4.321400e-01  0.000000e+00
   outer loop
     vertex  9.163030e+01  5.567956e+01  1.800000e+01
     vertex  9.163030e+01  5.567956e+01  0.000000e+00
     vertex  9.158349e+01  5.577725e+01  0.000000e+00
   endloop
 endfacet
 facet normal  9.131779e-01  4.075612e-01  0.000000e+00
   outer loop
     vertex  9.163030e+01  5.567956e+01  1.800000e+01
     vertex  9.167445e+01  5.558063e+01  1.800000e+01
     vertex  9.163030e+01  5.567956e+01  0.000000e+00
   endloop
 endfacet
 facet normal  9.018065e-01  4.321400e-01  0.000000e+00
   outer loop
     vertex  9.158349e+01  5.577725e+01  1.800000e+01
     vertex  9.163030e+01  5.567956e+01  1.800000e+01
     vertex  9.158349e+01  5.577725e+01  0.000000e+00
   endloop
 endfacet
 facet normal  8.897737e-01  4.564019e-01  0.000000e+00
   outer loop
     vertex  9.153405e+01  5.587363e+01  1.800000e+01
     vertex  9.158349e+01  5.577725e+01  0.000000e+00
     vertex  9.153405e+01  5.587363e+01  0.000000e+00
   endloop
 endfacet
 facet normal  8.770884e-01  4.803291e-01  0.000000e+00
   outer loop
     vertex  9.153405e+01  5.587363e+01  1.800000e+01
     vertex  9.153405e+01  5.587363e+01  0.000000e+00
     vertex  9.148202e+01  5.596865e+01  0.000000e+00
   endloop
 endfacet
 facet normal  8.897737e-01  4.564019e-01  0.000000e+00
   outer loop
     vertex  9.153405e+01  5.587363e+01  1.800000e+01
     vertex  9.158349e+01  5.577725e+01  1.800000e+01
     vertex  9.158349e+01  5.577725e+01  0.000000e+00
   endloop
 endfacet
 facet normal  8.770884e-01  4.803291e-01  0.000000e+00
   outer loop
     vertex  9.148202e+01  5.596865e+01  1.800000e+01
     vertex  9.153405e+01  5.587363e+01  1.800000e+01
     vertex  9.148202e+01  5.596865e+01  0.000000e+00
   endloop
 endfacet
 facet normal  8.637597e-01  5.039039e-01  0.000000e+00
   outer loop
     vertex  9.142743e+01  5.606222e+01  1.800000e+01
     vertex  9.148202e+01  5.596865e+01  0.000000e+00
     vertex  9.142743e+01  5.606222e+01  0.000000e+00
   endloop
 endfacet
 facet normal  8.637597e-01  5.039039e-01  0.000000e+00
   outer loop
     vertex  9.142743e+01  5.606222e+01  1.800000e+01
     vertex  9.148202e+01  5.596865e+01  1.800000e+01
     vertex  9.148202e+01  5.596865e+01  0.000000e+00
   endloop
 endfacet
 facet normal  8.497975e-01  5.271092e-01  0.000000e+00
   outer loop
     vertex  9.137033e+01  5.615427e+01  1.800000e+01
     vertex  9.142743e+01  5.606222e+01  1.800000e+01
     vertex  9.142743e+01  5.606222e+01  0.000000e+00
   endloop
 endfacet
 facet normal  8.497975e-01  5.271092e-01  0.000000e+00
   outer loop
     vertex  9.137033e+01  5.615427e+01  1.800000e+01
     vertex  9.142743e+01  5.606222e+01  0.000000e+00
     vertex  9.137033e+01  5.615427e+01  0.000000e+00
   endloop
 endfacet
 facet normal  8.352121e-01  5.499279e-01  0.000000e+00
   outer loop
     vertex  9.137033e+01  5.615427e+01  1.800000e+01
     vertex  9.137033e+01  5.615427e+01  0.000000e+00
     vertex  9.131076e+01  5.624475e+01  0.000000e+00
   endloop
 endfacet
 facet normal  8.352121e-01  5.499279e-01  0.000000e+00
   outer loop
     vertex  9.131076e+01  5.624475e+01  1.800000e+01
     vertex  9.137033e+01  5.615427e+01  1.800000e+01
     vertex  9.131076e+01  5.624475e+01  0.000000e+00
   endloop
 endfacet
 facet normal  8.200141e-01  5.723433e-01  0.000000e+00
   outer loop
     vertex  9.124876e+01  5.633358e+01  1.800000e+01
     vertex  9.131076e+01  5.624475e+01  1.800000e+01
     vertex  9.131076e+01  5.624475e+01  0.000000e+00
   endloop
 endfacet
 facet normal  8.200141e-01  5.723433e-01  0.000000e+00
   outer loop
     vertex  9.124876e+01  5.633358e+01  1.800000e+01
     vertex  9.131076e+01  5.624475e+01  0.000000e+00
     vertex  9.124876e+01  5.633358e+01  0.000000e+00
   endloop
 endfacet
 facet normal  8.042147e-01  5.943389e-01  0.000000e+00
   outer loop
     vertex  9.118437e+01  5.642070e+01  1.800000e+01
     vertex  9.124876e+01  5.633358e+01  1.800000e+01
     vertex  9.124876e+01  5.633358e+01  0.000000e+00
   endloop
 endfacet
 facet normal  8.042147e-01  5.943389e-01  0.000000e+00
   outer loop
     vertex  9.118437e+01  5.642070e+01  1.800000e+01
     vertex  9.124876e+01  5.633358e+01  0.000000e+00
     vertex  9.118437e+01  5.642070e+01  0.000000e+00
   endloop
 endfacet
 facet normal  7.878255e-01  6.158986e-01  0.000000e+00
   outer loop
     vertex  9.118437e+01  5.642070e+01  1.800000e+01
     vertex  9.118437e+01  5.642070e+01  0.000000e+00
     vertex  9.111765e+01  5.650604e+01  0.000000e+00
   endloop
 endfacet
 facet normal  7.878255e-01  6.158986e-01  0.000000e+00
   outer loop
     vertex  9.111765e+01  5.650604e+01  1.800000e+01
     vertex  9.118437e+01  5.642070e+01  1.800000e+01
     vertex  9.111765e+01  5.650604e+01  0.000000e+00
   endloop
 endfacet
 facet normal  7.708584e-01  6.370065e-01  0.000000e+00
   outer loop
     vertex  9.104865e+01  5.658955e+01  1.800000e+01
     vertex  9.111765e+01  5.650604e+01  1.800000e+01
     vertex  9.111765e+01  5.650604e+01  0.000000e+00
   endloop
 endfacet
 facet normal  7.708584e-01  6.370065e-01  0.000000e+00
   outer loop
     vertex  9.104865e+01  5.658955e+01  1.800000e+01
     vertex  9.111765e+01  5.650604e+01  0.000000e+00
     vertex  9.104865e+01  5.658955e+01  0.000000e+00
   endloop
 endfacet
 facet normal  7.533260e-01  6.576473e-01  0.000000e+00
   outer loop
     vertex  9.097741e+01  5.667115e+01  1.800000e+01
     vertex  9.104865e+01  5.658955e+01  1.800000e+01
     vertex  9.104865e+01  5.658955e+01  0.000000e+00
   endloop
 endfacet
 facet normal  7.533260e-01  6.576473e-01  0.000000e+00
   outer loop
     vertex  9.097741e+01  5.667115e+01  1.800000e+01
     vertex  9.104865e+01  5.658955e+01  0.000000e+00
     vertex  9.097741e+01  5.667115e+01  0.000000e+00
   endloop
 endfacet
 facet normal  7.352410e-01  6.778058e-01  0.000000e+00
   outer loop
     vertex  9.097741e+01  5.667115e+01  1.800000e+01
     vertex  9.097741e+01  5.667115e+01  0.000000e+00
     vertex  9.090398e+01  5.675080e+01  0.000000e+00
   endloop
 endfacet
 facet normal  7.352410e-01  6.778058e-01  0.000000e+00
   outer loop
     vertex  9.090398e+01  5.675080e+01  1.800000e+01
     vertex  9.097741e+01  5.667115e+01  1.800000e+01
     vertex  9.090398e+01  5.675080e+01  0.000000e+00
   endloop
 endfacet
 facet normal  7.166168e-01  6.974671e-01  0.000000e+00
   outer loop
     vertex  9.082843e+01  5.682843e+01  1.800000e+01
     vertex  9.090398e+01  5.675080e+01  1.800000e+01
     vertex  9.090398e+01  5.675080e+01  0.000000e+00
   endloop
 endfacet
 facet normal  7.166168e-01  6.974671e-01  0.000000e+00
   outer loop
     vertex  9.082843e+01  5.682843e+01  1.800000e+01
     vertex  9.090398e+01  5.675080e+01  0.000000e+00
     vertex  9.082843e+01  5.682843e+01  0.000000e+00
   endloop
 endfacet
 facet normal  6.974671e-01  7.166168e-01  0.000000e+00
   outer loop
     vertex  9.075080e+01  5.690398e+01  1.800000e+01
     vertex  9.082843e+01  5.682843e+01  1.800000e+01
     vertex  9.082843e+01  5.682843e+01  0.000000e+00
   endloop
 endfacet
 facet normal  6.974671e-01  7.166168e-01  0.000000e+00
   outer loop
     vertex  9.075080e+01  5.690398e+01  1.800000e+01
     vertex  9.082843e+01  5.682843e+01  0.000000e+00
     vertex  9.075080e+01  5.690398e+01  0.000000e+00
   endloop
 endfacet
 facet normal  6.778058e-01  7.352410e-01  0.000000e+00
   outer loop
     vertex  9.075080e+01  5.690398e+01  1.800000e+01
     vertex  9.075080e+01  5.690398e+01  0.000000e+00
     vertex  9.067115e+01  5.697741e+01  0.000000e+00
   endloop
 endfacet
 facet normal  6.778058e-01  7.352410e-01  0.000000e+00
   outer loop
     vertex  9.067115e+01  5.697741e+01  1.800000e+01
     vertex  9.075080e+01  5.690398e+01  1.800000e+01
     vertex  9.067115e+01  5.697741e+01  0.000000e+00
   endloop
 endfacet
 facet normal  6.576473e-01  7.533260e-01  0.000000e+00
   outer loop
     vertex  9.058955e+01  5.704865e+01  1.800000e+01
     vertex  9.067115e+01  5.697741e+01  1.800000e+01
     vertex  9.067115e+01  5.697741e+01  0.000000e+00
   endloop
 endfacet
 facet normal  6.576473e-01  7.533260e-01  0.000000e+00
   outer loop
     vertex  9.058955e+01  5.704865e+01  1.800000e+01
     vertex  9.067115e+01  5.697741e+01  0.000000e+00
     vertex  9.058955e+01  5.704865e+01  0.000000e+00
   endloop
 endfacet
 facet normal  6.370065e-01  7.708584e-01  0.000000e+00
   outer loop
     vertex  9.050604e+01  5.711765e+01  1.800000e+01
     vertex  9.058955e+01  5.704865e+01  1.800000e+01
     vertex  9.058955e+01  5.704865e+01  0.000000e+00
   endloop
 endfacet
 facet normal  6.370065e-01  7.708584e-01  0.000000e+00
   outer loop
     vertex  9.050604e+01  5.711765e+01  1.800000e+01
     vertex  9.058955e+01  5.704865e+01  0.000000e+00
     vertex  9.050604e+01  5.711765e+01  0.000000e+00
   endloop
 endfacet
 facet normal  6.158986e-01  7.878255e-01  0.000000e+00
   outer loop
     vertex  9.050604e+01  5.711765e+01  1.800000e+01
     vertex  9.050604e+01  5.711765e+01  0.000000e+00
     vertex  9.042070e+01  5.718437e+01  0.000000e+00
   endloop
 endfacet
 facet normal  6.158986e-01  7.878255e-01  0.000000e+00
   outer loop
     vertex  9.042070e+01  5.718437e+01  1.800000e+01
     vertex  9.050604e+01  5.711765e+01  1.800000e+01
     vertex  9.042070e+01  5.718437e+01  0.000000e+00
   endloop
 endfacet
 facet normal  5.943389e-01  8.042147e-01  0.000000e+00
   outer loop
     vertex  9.033358e+01  5.724876e+01  1.800000e+01
     vertex  9.042070e+01  5.718437e+01  1.800000e+01
     vertex  9.042070e+01  5.718437e+01  0.000000e+00
   endloop
 endfacet
 facet normal  5.943389e-01  8.042147e-01  0.000000e+00
   outer loop
     vertex  9.033358e+01  5.724876e+01  1.800000e+01
     vertex  9.042070e+01  5.718437e+01  0.000000e+00
     vertex  9.033358e+01  5.724876e+01  0.000000e+00
   endloop
 endfacet
 facet normal  5.723433e-01  8.200141e-01  0.000000e+00
   outer loop
     vertex  9.024475e+01  5.731076e+01  1.800000e+01
     vertex  9.033358e+01  5.724876e+01  1.800000e+01
     vertex  9.033358e+01  5.724876e+01  0.000000e+00
   endloop
 endfacet
 facet normal  5.723433e-01  8.200141e-01  0.000000e+00
   outer loop
     vertex  9.024475e+01  5.731076e+01  1.800000e+01
     vertex  9.033358e+01  5.724876e+01  0.000000e+00
     vertex  9.024475e+01  5.731076e+01  0.000000e+00
   endloop
 endfacet
 facet normal  5.499279e-01  8.352121e-01  0.000000e+00
   outer loop
     vertex  9.024475e+01  5.731076e+01  1.800000e+01
     vertex  9.024475e+01  5.731076e+01  0.000000e+00
     vertex  9.015427e+01  5.737033e+01  0.000000e+00
   endloop
 endfacet
 facet normal  5.499279e-01  8.352121e-01  0.000000e+00
   outer loop
     vertex  9.015427e+01  5.737033e+01  1.800000e+01
     vertex  9.024475e+01  5.731076e+01  1.800000e+01
     vertex  9.015427e+01  5.737033e+01  0.000000e+00
   endloop
 endfacet
 facet normal  5.271092e-01  8.497975e-01  0.000000e+00
   outer loop
     vertex  9.006222e+01  5.742743e+01  1.800000e+01
     vertex  9.015427e+01  5.737033e+01  1.800000e+01
     vertex  9.015427e+01  5.737033e+01  0.000000e+00
   endloop
 endfacet
 facet normal  5.271092e-01  8.497975e-01  0.000000e+00
   outer loop
     vertex  9.006222e+01  5.742743e+01  1.800000e+01
     vertex  9.015427e+01  5.737033e+01  0.000000e+00
     vertex  9.006222e+01  5.742743e+01  0.000000e+00
   endloop
 endfacet
 facet normal  5.039039e-01  8.637597e-01  0.000000e+00
   outer loop
     vertex  8.996865e+01  5.748202e+01  1.800000e+01
     vertex  9.006222e+01  5.742743e+01  1.800000e+01
     vertex  9.006222e+01  5.742743e+01  0.000000e+00
   endloop
 endfacet
 facet normal  5.039039e-01  8.637597e-01  0.000000e+00
   outer loop
     vertex  8.996865e+01  5.748202e+01  1.800000e+01
     vertex  9.006222e+01  5.742743e+01  0.000000e+00
     vertex  8.996865e+01  5.748202e+01  0.000000e+00
   endloop
 endfacet
 facet normal  4.803291e-01  8.770884e-01  0.000000e+00
   outer loop
     vertex  8.987363e+01  5.753405e+01  1.800000e+01
     vertex  8.996865e+01  5.748202e+01  1.800000e+01
     vertex  8.996865e+01  5.748202e+01  0.000000e+00
   endloop
 endfacet
 facet normal  4.803291e-01  8.770884e-01  0.000000e+00
   outer loop
     vertex  8.987363e+01  5.753405e+01  1.800000e+01
     vertex  8.996865e+01  5.748202e+01  0.000000e+00
     vertex  8.987363e+01  5.753405e+01  0.000000e+00
   endloop
 endfacet
 facet normal  4.321400e-01  9.018065e-01  0.000000e+00
   outer loop
     vertex  8.977725e+01  5.758349e+01  1.800000e+01
     vertex  8.977725e+01  5.758349e+01  0.000000e+00
     vertex  8.967956e+01  5.763030e+01  0.000000e+00
   endloop
 endfacet
 facet normal  4.564019e-01  8.897737e-01  0.000000e+00
   outer loop
     vertex  8.977725e+01  5.758349e+01  1.800000e+01
     vertex  8.987363e+01  5.753405e+01  1.800000e+01
     vertex  8.987363e+01  5.753405e+01  0.000000e+00
   endloop
 endfacet
 facet normal  4.564019e-01  8.897737e-01  0.000000e+00
   outer loop
     vertex  8.977725e+01  5.758349e+01  1.800000e+01
     vertex  8.987363e+01  5.753405e+01  0.000000e+00
     vertex  8.977725e+01  5.758349e+01  0.000000e+00
   endloop
 endfacet
 facet normal  4.321400e-01  9.018065e-01  0.000000e+00
   outer loop
     vertex  8.967956e+01  5.763030e+01  1.800000e+01
     vertex  8.977725e+01  5.758349e+01  1.800000e+01
     vertex  8.967956e+01  5.763030e+01  0.000000e+00
   endloop
 endfacet
 facet normal  4.075612e-01  9.131779e-01  0.000000e+00
   outer loop
     vertex  8.958063e+01  5.767445e+01  1.800000e+01
     vertex  8.967956e+01  5.763030e+01  0.000000e+00
     vertex  8.958063e+01  5.767445e+01  0.000000e+00
   endloop
 endfacet
 facet normal  4.075612e-01  9.131779e-01  0.000000e+00
   outer loop
     vertex  8.958063e+01  5.767445e+01  1.800000e+01
     vertex  8.967956e+01  5.763030e+01  1.800000e+01
     vertex  8.967956e+01  5.763030e+01  0.000000e+00
   endloop
 endfacet
 facet normal  3.826834e-01  9.238795e-01  0.000000e+00
   outer loop
     vertex  8.948055e+01  5.771591e+01  1.800000e+01
     vertex  8.958063e+01  5.767445e+01  0.000000e+00
     vertex  8.948055e+01  5.771591e+01  0.000000e+00
   endloop
 endfacet
 facet normal  3.826834e-01  9.238795e-01  0.000000e+00
   outer loop
     vertex  8.948055e+01  5.771591e+01  1.800000e+01
     vertex  8.958063e+01  5.767445e+01  1.800000e+01
     vertex  8.958063e+01  5.767445e+01  0.000000e+00
   endloop
 endfacet
 facet normal  3.575250e-01  9.339036e-01  0.000000e+00
   outer loop
     vertex  8.937939e+01  5.775464e+01  1.800000e+01
     vertex  8.948055e+01  5.771591e+01  1.800000e+01
     vertex  8.948055e+01  5.771591e+01  0.000000e+00
   endloop
 endfacet
 facet normal  3.575250e-01  9.339036e-01  0.000000e+00
   outer loop
     vertex  8.937939e+01  5.775464e+01  1.800000e+01
     vertex  8.948055e+01  5.771591e+01  0.000000e+00
     vertex  8.937939e+01  5.775464e+01  0.000000e+00
   endloop
 endfacet
 facet normal  3.321044e-01  9.432426e-01  0.000000e+00
   outer loop
     vertex  8.927721e+01  5.779061e+01  1.800000e+01
     vertex  8.937939e+01  5.775464e+01  1.800000e+01
     vertex  8.937939e+01  5.775464e+01  0.000000e+00
   endloop
 endfacet
 facet normal  3.321044e-01  9.432426e-01  0.000000e+00
   outer loop
     vertex  8.927721e+01  5.779061e+01  1.800000e+01
     vertex  8.937939e+01  5.775464e+01  0.000000e+00
     vertex  8.927721e+01  5.779061e+01  0.000000e+00
   endloop
 endfacet
 facet normal  3.064401e-01  9.518899e-01  0.000000e+00
   outer loop
     vertex  8.917409e+01  5.782381e+01  1.800000e+01
     vertex  8.927721e+01  5.779061e+01  0.000000e+00
     vertex  8.917409e+01  5.782381e+01  0.000000e+00
   endloop
 endfacet
 facet normal  2.805512e-01  9.598391e-01  0.000000e+00
   outer loop
     vertex  8.917409e+01  5.782381e+01  1.800000e+01
     vertex  8.917409e+01  5.782381e+01  0.000000e+00
     vertex  8.907011e+01  5.785420e+01  0.000000e+00
   endloop
 endfacet
 facet normal  3.064401e-01  9.518899e-01  0.000000e+00
   outer loop
     vertex  8.917409e+01  5.782381e+01  1.800000e+01
     vertex  8.927721e+01  5.779061e+01  1.800000e+01
     vertex  8.927721e+01  5.779061e+01  0.000000e+00
   endloop
 endfacet
 facet normal  2.805512e-01  9.598391e-01  0.000000e+00
   outer loop
     vertex  8.907011e+01  5.785420e+01  1.800000e+01
     vertex  8.917409e+01  5.782381e+01  1.800000e+01
     vertex  8.907011e+01  5.785420e+01  0.000000e+00
   endloop
 endfacet
 facet normal  2.544564e-01  9.670842e-01  0.000000e+00
   outer loop
     vertex  8.896535e+01  5.788176e+01  1.800000e+01
     vertex  8.907011e+01  5.785420e+01  0.000000e+00
     vertex  8.896535e+01  5.788176e+01  0.000000e+00
   endloop
 endfacet
 facet normal  2.544564e-01  9.670842e-01  0.000000e+00
   outer loop
     vertex  8.896535e+01  5.788176e+01  1.800000e+01
     vertex  8.907011e+01  5.785420e+01  1.800000e+01
     vertex  8.907011e+01  5.785420e+01  0.000000e+00
   endloop
 endfacet
 facet normal  2.281751e-01  9.736201e-01  0.000000e+00
   outer loop
     vertex  8.885988e+01  5.790648e+01  1.800000e+01
     vertex  8.896535e+01  5.788176e+01  0.000000e+00
     vertex  8.885988e+01  5.790648e+01  0.000000e+00
   endloop
 endfacet
 facet normal  2.281751e-01  9.736201e-01  0.000000e+00
   outer loop
     vertex  8.885988e+01  5.790648e+01  1.800000e+01
     vertex  8.896535e+01  5.788176e+01  1.800000e+01
     vertex  8.896535e+01  5.788176e+01  0.000000e+00
   endloop
 endfacet
 facet normal  2.017264e-01  9.794419e-01  0.000000e+00
   outer loop
     vertex  8.875378e+01  5.792833e+01  1.800000e+01
     vertex  8.885988e+01  5.790648e+01  0.000000e+00
     vertex  8.875378e+01  5.792833e+01  0.000000e+00
   endloop
 endfacet
 facet normal  2.017264e-01  9.794419e-01  0.000000e+00
   outer loop
     vertex  8.875378e+01  5.792833e+01  1.800000e+01
     vertex  8.885988e+01  5.790648e+01  1.800000e+01
     vertex  8.885988e+01  5.790648e+01  0.000000e+00
   endloop
 endfacet
 facet normal  1.751297e-01  9.845454e-01  0.000000e+00
   outer loop
     vertex  8.864713e+01  5.794731e+01  1.800000e+01
     vertex  8.875378e+01  5.792833e+01  0.000000e+00
     vertex  8.864713e+01  5.794731e+01  0.000000e+00
   endloop
 endfacet
 facet normal  1.751297e-01  9.845454e-01  0.000000e+00
   outer loop
     vertex  8.864713e+01  5.794731e+01  1.800000e+01
     vertex  8.875378e+01  5.792833e+01  1.800000e+01
     vertex  8.875378e+01  5.792833e+01  0.000000e+00
   endloop
 endfacet
 facet normal  1.484046e-01  9.889267e-01  0.000000e+00
   outer loop
     vertex  8.854000e+01  5.796338e+01  1.800000e+01
     vertex  8.864713e+01  5.794731e+01  0.000000e+00
     vertex  8.854000e+01  5.796338e+01  0.000000e+00
   endloop
 endfacet
 facet normal  1.484046e-01  9.889267e-01  0.000000e+00
   outer loop
     vertex  8.854000e+01  5.796338e+01  1.800000e+01
     vertex  8.864713e+01  5.794731e+01  1.800000e+01
     vertex  8.864713e+01  5.794731e+01  0.000000e+00
   endloop
 endfacet
 facet normal  1.215707e-01  9.925828e-01  0.000000e+00
   outer loop
     vertex  8.843248e+01  5.797655e+01  1.800000e+01
     vertex  8.854000e+01  5.796338e+01  0.000000e+00
     vertex  8.843248e+01  5.797655e+01  0.000000e+00
   endloop
 endfacet
 facet normal  1.215707e-01  9.925828e-01  0.000000e+00
   outer loop
     vertex  8.843248e+01  5.797655e+01  1.800000e+01
     vertex  8.854000e+01  5.796338e+01  1.800000e+01
     vertex  8.854000e+01  5.796338e+01  0.000000e+00
   endloop
 endfacet
 facet normal  9.464755e-02  9.955108e-01  0.000000e+00
   outer loop
     vertex  8.832463e+01  5.798680e+01  1.800000e+01
     vertex  8.843248e+01  5.797655e+01  0.000000e+00
     vertex  8.832463e+01  5.798680e+01  0.000000e+00
   endloop
 endfacet
 facet normal  9.464755e-02  9.955108e-01  0.000000e+00
   outer loop
     vertex  8.832463e+01  5.798680e+01  1.800000e+01
     vertex  8.843248e+01  5.797655e+01  1.800000e+01
     vertex  8.843248e+01  5.797655e+01  0.000000e+00
   endloop
 endfacet
 facet normal  6.765502e-02  9.977088e-01  0.000000e+00
   outer loop
     vertex  8.821656e+01  5.799413e+01  1.800000e+01
     vertex  8.832463e+01  5.798680e+01  0.000000e+00
     vertex  8.821656e+01  5.799413e+01  0.000000e+00
   endloop
 endfacet
 facet normal  6.765502e-02  9.977088e-01  0.000000e+00
   outer loop
     vertex  8.821656e+01  5.799413e+01  1.800000e+01
     vertex  8.832463e+01  5.798680e+01  1.800000e+01
     vertex  8.832463e+01  5.798680e+01  0.000000e+00
   endloop
 endfacet
 facet normal  4.061287e-02  9.991750e-01  0.000000e+00
   outer loop
     vertex  8.810832e+01  5.799853e+01  1.800000e+01
     vertex  8.821656e+01  5.799413e+01  0.000000e+00
     vertex  8.810832e+01  5.799853e+01  0.000000e+00
   endloop
 endfacet
 facet normal  1.354093e-02  9.999083e-01  0.000000e+00
   outer loop
     vertex  8.810832e+01  5.799853e+01  1.800000e+01
     vertex  8.810832e+01  5.799853e+01  0.000000e+00
     vertex  8.800000e+01  5.800000e+01  0.000000e+00
   endloop
 endfacet
 facet normal  4.061287e-02  9.991750e-01  0.000000e+00
   outer loop
     vertex  8.810832e+01  5.799853e+01  1.800000e+01
     vertex  8.821656e+01  5.799413e+01  1.800000e+01
     vertex  8.821656e+01  5.799413e+01  0.000000e+00
   endloop
 endfacet
 facet normal  1.354093e-02  9.999083e-01  0.000000e+00
   outer loop
     vertex  8.800000e+01  5.800000e+01  1.800000e+01
     vertex  8.810832e+01  5.799853e+01  1.800000e+01
     vertex  8.800000e+01  5.800000e+01  0.000000e+00
   endloop
 endfacet
 facet normal  0.000000e+00  1.000000e+00  0.000000e+00
   outer loop
     vertex  8.800000e+01  5.800000e+01  1.800000e+01
     vertex  8.800000e+01  5.800000e+01  0.000000e+00
     vertex  4.000000e+00  5.800000e+01  0.000000e+00
   endloop
 endfacet
 facet normal  0.000000e+00  1.000000e+00  0.000000e+00
   outer loop
     vertex  8.800000e+01  5.800000e+01  1.800000e+01
     vertex  4.000000e+00  5.800000e+01  0.000000e+00
     vertex  4.000000e+00  5.800000e+01  1.800000e+01
   endloop
 endfacet
 facet normal -1.354093e-02  9.999083e-01  0.000000e+00
   outer loop
     vertex  3.891682e+00  5.799853e+01  1.800000e+01
     vertex  4.000000e+00  5.800000e+01  1.800000e+01
     vertex  4.000000e+00  5.800000e+01  0.000000e+00
   endloop
 endfacet
 facet normal -1.354093e-02  9.999083e-01  0.000000e+00
   outer loop
     vertex  3.891682e+00  5.799853e+01  1.800000e+01
     vertex  4.000000e+00  5.800000e+01  0.000000e+00
     vertex  3.891682e+00  5.799853e+01  0.000000e+00
   endloop
 endfacet
 facet normal -4.061287e-02  9.991750e-01  0.000000e+00
   outer loop
     vertex  3.783444e+00  5.799413e+01  1.800000e+01
     vertex  3.891682e+00  5.799853e+01  1.800000e+01
     vertex  3.891682e+00  5.799853e+01  0.000000e+00
   endloop
 endfacet
 facet normal -4.061287e-02  9.991750e-01  0.000000e+00
   outer loop
     vertex  3.783444e+00  5.799413e+01  1.800000e+01
     vertex  3.891682e+00  5.799853e+01  0.000000e+00
     vertex  3.783444e+00  5.799413e+01  0.000000e+00
   endloop
 endfacet
 facet normal -6.765502e-02  9.977088e-01  0.000000e+00
   outer loop
     vertex  3.783444e+00  5.799413e+01  1.800000e+01
     vertex  3.783444e+00  5.799413e+01  0.000000e+00
     vertex  3.675365e+00  5.798680e+01  0.000000e+00
   endloop
 endfacet
 facet normal -6.765502e-02  9.977088e-01  0.000000e+00
   outer loop
     vertex  3.675365e+00  5.798680e+01  1.800000e+01
     vertex  3.783444e+00  5.799413e+01  1.800000e+01
     vertex  3.675365e+00  5.798680e+01  0.000000e+00
   endloop
 endfacet
 facet normal -9.464755e-02  9.955108e-01  0.000000e+00
   outer loop
     vertex  3.567524e+00  5.797655e+01  1.800000e+01
     vertex  3.675365e+00  5.798680e+01  1.800000e+01
     vertex  3.675365e+00  5.798680e+01  0.000000e+00
   endloop
 endfacet
 facet normal -9.464755e-02  9.955108e-01  0.000000e+00
   outer loop
     vertex  3.567524e+00  5.797655e+01  1.800000e+01
     vertex  3.675365e+00  5.798680e+01  0.000000e+00
     vertex  3.567524e+00  5.797655e+01  0.000000e+00
   endloop
 endfacet
 facet normal -1.215707e-01  9.925828e-01  0.000000e+00
   outer loop
     vertex  3.567524e+00  5.797655e+01  1.800000e+01
     vertex  3.567524e+00  5.797655e+01  0.000000e+00
     vertex  3.460000e+00  5.796338e+01  0.000000e+00
   endloop
 endfacet
 facet normal -1.215707e-01  9.925828e-01  0.000000e+00
   outer loop
     vertex  3.460000e+00  5.796338e+01  1.800000e+01
     vertex  3.567524e+00  5.797655e+01  1.800000e+01
     vertex  3.460000e+00  5.796338e+01  0.000000e+00
   endloop
 endfacet
 facet normal -1.484046e-01  9.889267e-01  0.000000e+00
   outer loop
     vertex  3.352872e+00  5.794731e+01  1.800000e+01
     vertex  3.460000e+00  5.796338e+01  1.800000e+01
     vertex  3.460000e+00  5.796338e+01  0.000000e+00
   endloop
 endfacet
 facet normal -1.484046e-01  9.889267e-01  0.000000e+00
   outer loop
     vertex  3.352872e+00  5.794731e+01  1.800000e+01
     vertex  3.460000e+00  5.796338e+01  0.000000e+00
     vertex  3.352872e+00  5.794731e+01  0.000000e+00
   endloop
 endfacet
 facet normal -1.751297e-01  9.845454e-01  0.000000e+00
   outer loop
     vertex  3.352872e+00  5.794731e+01  1.800000e+01
     vertex  3.352872e+00  5.794731e+01  0.000000e+00
     vertex  3.246219e+00  5.792833e+01  0.000000e+00
   endloop
 endfacet
 facet normal -1.751297e-01  9.845454e-01  0.000000e+00
   outer loop
     vertex  3.246219e+00  5.792833e+01  1.800000e+01
     vertex  3.352872e+00  5.794731e+01  1.800000e+01
     vertex  3.246219e+00  5.792833e+01  0.000000e+00
   endloop
 endfacet
 facet normal -2.017264e-01  9.794419e-01  0.000000e+00
   outer loop
     vertex  3.140118e+00  5.790648e+01  1.800000e+01
     vertex  3.246219e+00  5.792833e+01  1.800000e+01
     vertex  3.246219e+00  5.792833e+01  0.000000e+00
   endloop
 endfacet
 facet normal -2.017264e-01  9.794419e-01  0.000000e+00
   outer loop
     vertex  3.140118e+00  5.790648e+01  1.800000e+01
     vertex  3.246219e+00  5.792833e+01  0.000000e+00
     vertex  3.140118e+00  5.790648e+01  0.000000e+00
   endloop
 endfacet
 facet normal -2.281751e-01  9.736201e-01  0.000000e+00
   outer loop
     vertex  3.140118e+00  5.790648e+01  1.800000e+01
     vertex  3.140118e+00  5.790648e+01  0.000000e+00
     vertex  3.034648e+00  5.788176e+01  0.000000e+00
   endloop
 endfacet
 facet normal -2.281751e-01  9.736201e-01  0.000000e+00
   outer loop
     vertex  3.034648e+00  5.788176e+01  1.800000e+01
     vertex  3.140118e+00  5.790648e+01  1.800000e+01
     vertex  3.034648e+00  5.788176e+01  0.000000e+00
   endloop
 endfacet
 facet normal -2.544564e-01  9.670842e-01  0.000000e+00
   outer loop
     vertex  2.929887e+00  5.785420e+01  1.800000e+01
     vertex  3.034648e+00  5.788176e+01  1.800000e+01
     vertex  3.034648e+00  5.788176e+01  0.000000e+00
   endloop
 endfacet
 facet normal -2.544564e-01  9.670842e-01  0.000000e+00
   outer loop
     vertex  2.929887e+00  5.785420e+01  1.800000e+01
     vertex  3.034648e+00  5.788176e+01  0.000000e+00
     vertex  2.929887e+00  5.785420e+01  0.000000e+00
   endloop
 endfacet
 facet normal -2.805512e-01  9.598391e-01  0.000000e+00
   outer loop
     vertex  2.825910e+00  5.782381e+01  1.800000e+01
     vertex  2.929887e+00  5.785420e+01  1.800000e+01
     vertex  2.929887e+00  5.785420e+01  0.000000e+00
   endloop
 endfacet
 facet normal -2.805512e-01  9.598391e-01  0.000000e+00
   outer loop
     vertex  2.825910e+00  5.782381e+01  1.800000e+01
     vertex  2.929887e+00  5.785420e+01  0.000000e+00
     vertex  2.825910e+00  5.782381e+01  0.000000e+00
   endloop
 endfacet
 facet normal -3.064401e-01  9.518899e-01  0.000000e+00
   outer loop
     vertex  2.722794e+00  5.779061e+01  1.800000e+01
     vertex  2.825910e+00  5.782381e+01  1.800000e+01
     vertex  2.825910e+00  5.782381e+01  0.000000e+00
   endloop
 endfacet
 facet normal -3.064401e-01  9.518899e-01  0.000000e+00
   outer loop
     vertex  2.722794e+00  5.779061e+01  1.800000e+01
     vertex  2.825910e+00  5.782381e+01  0.000000e+00
     vertex  2.722794e+00  5.779061e+01  0.000000e+00
   endloop
 endfacet
 facet normal -3.321044e-01  9.432426e-01  0.000000e+00
   outer loop
     vertex  2.620615e+00  5.775464e+01  1.800000e+01
     vertex  2.722794e+00  5.779061e+01  0.000000e+00
     vertex  2.620615e+00  5.775464e+01  0.000000e+00
   endloop
 endfacet
 facet normal -3.321044e-01  9.432426e-01  0.000000e+00
   outer loop
     vertex  2.620615e+00  5.775464e+01  1.800000e+01
     vertex  2.722794e+00  5.779061e+01  1.800000e+01
     vertex  2.722794e+00  5.779061e+01  0.000000e+00
   endloop
 endfacet
 facet normal -3.575250e-01  9.339036e-01  0.000000e+00
   outer loop
     vertex  2.519447e+00  5.771591e+01  1.800000e+01
     vertex  2.620615e+00  5.775464e+01  0.000000e+00
     vertex  2.519447e+00  5.771591e+01  0.000000e+00
   endloop
 endfacet
 facet normal -3.575250e-01  9.339036e-01  0.000000e+00
   outer loop
     vertex  2.519447e+00  5.771591e+01  1.800000e+01
     vertex  2.620615e+00  5.775464e+01  1.800000e+01
     vertex  2.620615e+00  5.775464e+01  0.000000e+00
   endloop
 endfacet
 facet normal -3.826834e-01  9.238795e-01  0.000000e+00
   outer loop
     vertex  2.419366e+00  5.767445e+01  1.800000e+01
     vertex  2.519447e+00  5.771591e+01  0.000000e+00
     vertex  2.419366e+00  5.767445e+01  0.000000e+00
   endloop
 endfacet
 facet normal -3.826834e-01  9.238795e-01  0.000000e+00
   outer loop
     vertex  2.419366e+00  5.767445e+01  1.800000e+01
     vertex  2.519447e+00  5.771591e+01  1.800000e+01
     vertex  2.519447e+00  5.771591e+01  0.000000e+00
   endloop
 endfacet
 facet normal -4.075612e-01  9.131779e-01  0.000000e+00
   outer loop
     vertex  2.320444e+00  5.763030e+01  1.800000e+01
     vertex  2.419366e+00  5.767445e+01  0.000000e+00
     vertex  2.320444e+00  5.763030e+01  0.000000e+00
   endloop
 endfacet
 facet normal -4.075612e-01  9.131779e-01  0.000000e+00
   outer loop
     vertex  2.320444e+00  5.763030e+01  1.800000e+01
     vertex  2.419366e+00  5.767445e+01  1.800000e+01
     vertex  2.419366e+00  5.767445e+01  0.000000e+00
   endloop
 endfacet
 facet normal -4.321400e-01  9.018065e-01  0.000000e+00
   outer loop
     vertex  2.222753e+00  5.758349e+01  1.800000e+01
     vertex  2.320444e+00  5.763030e+01  0.000000e+00
     vertex  2.222753e+00  5.758349e+01  0.000000e+00
   endloop
 endfacet
 facet normal -4.321400e-01  9.018065e-01  0.000000e+00
   outer loop
     vertex  2.222753e+00  5.758349e+01  1.800000e+01
     vertex  2.320444e+00  5.763030e+01  1.800000e+01
     vertex  2.320444e+00  5.763030e+01  0.000000e+00
   endloop
 endfacet
 facet normal -4.564019e-01  8.897737e-01  0.000000e+00
   outer loop
     vertex  2.126366e+00  5.753405e+01  1.800000e+01
     vertex  2.222753e+00  5.758349e+01  0.000000e+00
     vertex  2.126366e+00  5.753405e+01  0.000000e+00
   endloop
 endfacet
 facet normal -4.803291e-01  8.770884e-01  0.000000e+00
   outer loop
     vertex  2.126366e+00  5.753405e+01  1.800000e+01
     vertex  2.126366e+00  5.753405e+01  0.000000e+00
     vertex  2.031353e+00  5.748202e+01  0.000000e+00
   endloop
 endfacet
 facet normal -4.564019e-01  8.897737e-01  0.000000e+00
   outer loop
     vertex  2.126366e+00  5.753405e+01  1.800000e+01
     vertex  2.222753e+00  5.758349e+01  1.800000e+01
     vertex  2.222753e+00  5.758349e+01  0.000000e+00
   endloop
 endfacet
 facet normal -4.803291e-01  8.770884e-01  0.000000e+00
   outer loop
     vertex  2.031353e+00  5.748202e+01  1.800000e+01
     vertex  2.126366e+00  5.753405e+01  1.800000e+01
     vertex  2.031353e+00  5.748202e+01  0.000000e+00
   endloop
 endfacet
 facet normal -5.039039e-01  8.637597e-01  0.000000e+00
   outer loop
     vertex  1.937785e+00  5.742743e+01  1.800000e+01
     vertex  2.031353e+00  5.748202e+01  0.000000e+00
     vertex  1.937785e+00  5.742743e+01  0.000000e+00
   endloop
 endfacet
 facet normal -5.039039e-01  8.637597e-01  0.000000e+00
   outer loop
     vertex  1.937785e+00  5.742743e+01  1.800000e+01
     vertex  2.031353e+00  5.748202e+01  1.800000e+01
     vertex  2.031353e+00  5.748202e+01  0.000000e+00
   endloop
 endfacet
 facet normal -5.271092e-01  8.497975e-01  0.000000e+00
   outer loop
     vertex  1.845728e+00  5.737033e+01  1.800000e+01
     vertex  1.937785e+00  5.742743e+01  1.800000e+01
     vertex  1.937785e+00  5.742743e+01  0.000000e+00
   endloop
 endfacet
 facet normal -5.271092e-01  8.497975e-01  0.000000e+00
   outer loop
     vertex  1.845728e+00  5.737033e+01  1.800000e+01
     vertex  1.937785e+00  5.742743e+01  0.000000e+00
     vertex  1.845728e+00  5.737033e+01  0.000000e+00
   endloop
 endfacet
 facet normal -5.499279e-01  8.352121e-01  0.000000e+00
   outer loop
     vertex  1.755252e+00  5.731076e+01  1.800000e+01
     vertex  1.845728e+00  5.737033e+01  1.800000e+01
     vertex  1.845728e+00  5.737033e+01  0.000000e+00
   endloop
 endfacet
 facet normal -5.499279e-01  8.352121e-01  0.000000e+00
   outer loop
     vertex  1.755252e+00  5.731076e+01  1.800000e+01
     vertex  1.845728e+00  5.737033e+01  0.000000e+00
     vertex  1.755252e+00  5.731076e+01  0.000000e+00
   endloop
 endfacet
 facet normal -5.723433e-01  8.200141e-01  0.000000e+00
   outer loop
     vertex  1.666422e+00  5.724876e+01  1.800000e+01
     vertex  1.755252e+00  5.731076e+01  1.800000e+01
     vertex  1.755252e+00  5.731076e+01  0.000000e+00
   endloop
 endfacet
 facet normal -5.723433e-01  8.200141e-01  0.000000e+00
   outer loop
     vertex  1.666422e+00  5.724876e+01  1.800000e+01
     vertex  1.755252e+00  5.731076e+01  0.000000e+00
     vertex  1.666422e+00  5.724876e+01  0.000000e+00
   endloop
 endfacet
 facet normal -5.943389e-01  8.042147e-01  0.000000e+00
   outer loop
     vertex  1.579303e+00  5.718437e+01  1.800000e+01
     vertex  1.666422e+00  5.724876e+01  1.800000e+01
     vertex  1.666422e+00  5.724876e+01  0.000000e+00
   endloop
 endfacet
 facet normal -5.943389e-01  8.042147e-01  0.000000e+00
   outer loop
     vertex  1.579303e+00  5.718437e+01  1.800000e+01
     vertex  1.666422e+00  5.724876e+01  0.000000e+00
     vertex  1.579303e+00  5.718437e+01  0.000000e+00
   endloop
 endfacet
 facet normal -6.158986e-01  7.878255e-01  0.000000e+00
   outer loop
     vertex  1.493960e+00  5.711765e+01  1.800000e+01
     vertex  1.579303e+00  5.718437e+01  1.800000e+01
     vertex  1.579303e+00  5.718437e+01  0.000000e+00
   endloop
 endfacet
 facet normal -6.158986e-01  7.878255e-01  0.000000e+00
   outer loop
     vertex  1.493960e+00  5.711765e+01  1.800000e+01
     vertex  1.579303e+00  5.718437e+01  0.000000e+00
     vertex  1.493960e+00  5.711765e+01  0.000000e+00
   endloop
 endfacet
 facet normal -6.370065e-01  7.708584e-01  0.000000e+00
   outer loop
     vertex  1.410455e+00  5.704865e+01  1.800000e+01
     vertex  1.493960e+00  5.711765e+01  1.800000e+01
     vertex  1.493960e+00  5.711765e+01  0.000000e+00
   endloop
 endfacet
 facet normal -6.370065e-01  7.708584e-01  0.000000e+00
   outer loop
     vertex  1.410455e+00  5.704865e+01  1.800000e+01
     vertex  1.493960e+00  5.711765e+01  0.000000e+00
     vertex  1.410455e+00  5.704865e+01  0.000000e+00
   endloop
 endfacet
 facet normal -6.576473e-01  7.533260e-01  0.000000e+00
   outer loop
     vertex  1.410455e+00  5.704865e+01  1.800000e+01
     vertex  1.410455e+00  5.704865e+01  0.000000e+00
     vertex  1.328849e+00  5.697741e+01  0.000000e+00
   endloop
 endfacet
 facet normal -6.576473e-01  7.533260e-01  0.000000e+00
   outer loop
     vertex  1.328849e+00  5.697741e+01  1.800000e+01
     vertex  1.410455e+00  5.704865e+01  1.800000e+01
     vertex  1.328849e+00  5.697741e+01  0.000000e+00
   endloop
 endfacet
 facet normal -6.778058e-01  7.352410e-01  0.000000e+00
   outer loop
     vertex  1.249202e+00  5.690398e+01  1.800000e+01
     vertex  1.328849e+00  5.697741e+01  1.800000e+01
     vertex  1.328849e+00  5.697741e+01  0.000000e+00
   endloop
 endfacet
 facet normal -6.778058e-01  7.352410e-01  0.000000e+00
   outer loop
     vertex  1.249202e+00  5.690398e+01  1.800000e+01
     vertex  1.328849e+00  5.697741e+01  0.000000e+00
     vertex  1.249202e+00  5.690398e+01  0.000000e+00
   endloop
 endfacet
 facet normal -6.974671e-01  7.166168e-01  0.000000e+00
   outer loop
     vertex  1.171573e+00  5.682843e+01  1.800000e+01
     vertex  1.249202e+00  5.690398e+01  1.800000e+01
     vertex  1.249202e+00  5.690398e+01  0.000000e+00
   endloop
 endfacet
 facet normal -6.974671e-01  7.166168e-01  0.000000e+00
   outer loop
     vertex  1.171573e+00  5.682843e+01  1.800000e+01
     vertex  1.249202e+00  5.690398e+01  0.000000e+00
     vertex  1.171573e+00  5.682843e+01  0.000000e+00
   endloop
 endfacet
 facet normal -7.166168e-01  6.974671e-01  0.000000e+00
   outer loop
     vertex  1.096018e+00  5.675080e+01  1.800000e+01
     vertex  1.171573e+00  5.682843e+01  1.800000e+01
     vertex  1.171573e+00  5.682843e+01  0.000000e+00
   endloop
 endfacet
 facet normal -7.166168e-01  6.974671e-01  0.000000e+00
   outer loop
     vertex  1.096018e+00  5.675080e+01  1.800000e+01
     vertex  1.171573e+00  5.682843e+01  0.000000e+00
     vertex  1.096018e+00  5.675080e+01  0.000000e+00
   endloop
 endfacet
 facet normal -7.352410e-01  6.778058e-01  0.000000e+00
   outer loop
     vertex  1.096018e+00  5.675080e+01  1.800000e+01
     vertex  1.096018e+00  5.675080e+01  0.000000e+00
     vertex  1.022593e+00  5.667115e+01  0.000000e+00
   endloop
 endfacet
 facet normal -7.352410e-01  6.778058e-01  0.000000e+00
   outer loop
     vertex  1.022593e+00  5.667115e+01  1.800000e+01
     vertex  1.096018e+00  5.675080e+01  1.800000e+01
     vertex  1.022593e+00  5.667115e+01  0.000000e+00
   endloop
 endfacet
 facet normal -7.533260e-01  6.576473e-01  0.000000e+00
   outer loop
     vertex  9.513518e-01  5.658955e+01  1.800000e+01
     vertex  1.022593e+00  5.667115e+01  1.800000e+01
     vertex  1.022593e+00  5.667115e+01  0.000000e+00
   endloop
 endfacet
 facet normal -7.533260e-01  6.576473e-01  0.000000e+00
   outer loop
     vertex  9.513518e-01  5.658955e+01  1.800000e+01
     vertex  1.022593e+00  5.667115e+01  0.000000e+00
     vertex  9.513518e-01  5.658955e+01  0.000000e+00
   endloop
 endfacet
 facet normal -7.708584e-01  6.370065e-01  0.000000e+00
   outer loop
     vertex  8.823465e-01  5.650604e+01  1.800000e+01
     vertex  9.513518e-01  5.658955e+01  1.800000e+01
     vertex  9.513518e-01  5.658955e+01  0.000000e+00
   endloop
 endfacet
 facet normal -7.708584e-01  6.370065e-01  0.000000e+00
   outer loop
     vertex  8.823465e-01  5.650604e+01  1.800000e+01
     vertex  9.513518e-01  5.658955e+01  0.000000e+00
     vertex  8.823465e-01  5.650604e+01  0.000000e+00
   endloop
 endfacet
 facet normal -7.878255e-01  6.158986e-01  0.000000e+00
   outer loop
     vertex  8.156277e-01  5.642070e+01  1.800000e+01
     vertex  8.823465e-01  5.650604e+01  1.800000e+01
     vertex  8.823465e-01  5.650604e+01  0.000000e+00
   endloop
 endfacet
 facet normal -7.878255e-01  6.158986e-01  0.000000e+00
   outer loop
     vertex  8.156277e-01  5.642070e+01  1.800000e+01
     vertex  8.823465e-01  5.650604e+01  0.000000e+00
     vertex  8.156277e-01  5.642070e+01  0.000000e+00
   endloop
 endfacet
 facet normal -8.042147e-01  5.943389e-01  0.000000e+00
   outer loop
     vertex  7.512445e-01  5.633358e+01  1.800000e+01
     vertex  8.156277e-01  5.642070e+01  1.800000e+01
     vertex  8.156277e-01  5.642070e+01  0.000000e+00
   endloop
 endfacet
 facet normal -8.042147e-01  5.943389e-01  0.000000e+00
   outer loop
     vertex  7.512445e-01  5.633358e+01  1.800000e+01
     vertex  8.156277e-01  5.642070e+01  0.000000e+00
     vertex  7.512445e-01  5.633358e+01  0.000000e+00
   endloop
 endfacet
 facet normal -8.200141e-01  5.723433e-01  0.000000e+00
   outer loop
     vertex  6.892440e-01  5.624475e+01  1.800000e+01
     vertex  7.512445e-01  5.633358e+01  1.800000e+01
     vertex  7.512445e-01  5.633358e+01  0.000000e+00
   endloop
 endfacet
 facet normal -8.200141e-01  5.723433e-01  0.000000e+00
   outer loop
     vertex  6.892440e-01  5.624475e+01  1.800000e+01
     vertex  7.512445e-01  5.633358e+01  0.000000e+00
     vertex  6.892440e-01  5.624475e+01  0.000000e+00
   endloop
 endfacet
 facet normal -8.352121e-01  5.499279e-01  0.000000e+00
   outer loop
     vertex  6.296717e-01  5.615427e+01  1.800000e+01
     vertex  6.892440e-01  5.624475e+01  1.800000e+01
     vertex  6.892440e-01  5.624475e+01  0.000000e+00
   endloop
 endfacet
 facet normal -8.352121e-01  5.499279e-01  0.000000e+00
   outer loop
     vertex  6.296717e-01  5.615427e+01  1.800000e+01
     vertex  6.892440e-01  5.624475e+01  0.000000e+00
     vertex  6.296717e-01  5.615427e+01  0.000000e+00
   endloop
 endfacet
 facet normal -8.497975e-01  5.271092e-01  0.000000e+00
   outer loop
     vertex  6.296717e-01  5.615427e+01  1.800000e+01
     vertex  6.296717e-01  5.615427e+01  0.000000e+00
     vertex  5.725713e-01  5.606222e+01  0.000000e+00
   endloop
 endfacet
 facet normal -8.497975e-01  5.271092e-01  0.000000e+00
   outer loop
     vertex  5.725713e-01  5.606222e+01  1.800000e+01
     vertex  6.296717e-01  5.615427e+01  1.800000e+01
     vertex  5.725713e-01  5.606222e+01  0.000000e+00
   endloop
 endfacet
 facet normal -8.637597e-01  5.039039e-01  0.000000e+00
   outer loop
     vertex  5.179847e-01  5.596865e+01  1.800000e+01
     vertex  5.725713e-01  5.606222e+01  1.800000e+01
     vertex  5.725713e-01  5.606222e+01  0.000000e+00
   endloop
 endfacet
 facet normal -8.637597e-01  5.039039e-01  0.000000e+00
   outer loop
     vertex  5.179847e-01  5.596865e+01  1.800000e+01
     vertex  5.725713e-01  5.606222e+01  0.000000e+00
     vertex  5.179847e-01  5.596865e+01  0.000000e+00
   endloop
 endfacet
 facet normal -8.770884e-01  4.803291e-01  0.000000e+00
   outer loop
     vertex  5.179847e-01  5.596865e+01  1.800000e+01
     vertex  5.179847e-01  5.596865e+01  0.000000e+00
     vertex  4.659518e-01  5.587363e+01  0.000000e+00
   endloop
 endfacet
 facet normal -8.770884e-01  4.803291e-01  0.000000e+00
   outer loop
     vertex  4.659518e-01  5.587363e+01  1.800000e+01
     vertex  5.179847e-01  5.596865e+01  1.800000e+01
     vertex  4.659518e-01  5.587363e+01  0.000000e+00
   endloop
 endfacet
 facet normal -8.897737e-01  4.564019e-01  0.000000e+00
   outer loop
     vertex  4.659518e-01  5.587363e+01  1.800000e+01
     vertex  4.659518e-01  5.587363e+01  0.000000e+00
     vertex  4.165110e-01  5.577725e+01  0.000000e+00
   endloop
 endfacet
 facet normal -8.897737e-01  4.564019e-01  0.000000e+00
   outer loop
     vertex  4.165110e-01  5.577725e+01  1.800000e+01
     vertex  4.659518e-01  5.587363e+01  1.800000e+01
     vertex  4.165110e-01  5.577725e+01  0.000000e+00
   endloop
 endfacet
 facet normal -9.018065e-01  4.321400e-01  0.000000e+00
   outer loop
     vertex  3.696983e-01  5.567956e+01  1.800000e+01
     vertex  4.165110e-01  5.577725e+01  0.000000e+00
     vertex  3.696983e-01  5.567956e+01  0.000000e+00
   endloop
 endfacet
 facet normal -9.018065e-01  4.321400e-01  0.000000e+00
   outer loop
     vertex  3.696983e-01  5.567956e+01  1.800000e+01
     vertex  4.165110e-01  5.577725e+01  1.800000e+01
     vertex  4.165110e-01  5.577725e+01  0.000000e+00
   endloop
 endfacet
 facet normal -9.131779e-01  4.075612e-01  0.000000e+00
   outer loop
     vertex  3.255482e-01  5.558063e+01  1.800000e+01
     vertex  3.696983e-01  5.567956e+01  0.000000e+00
     vertex  3.255482e-01  5.558063e+01  0.000000e+00
   endloop
 endfacet
 facet normal -9.131779e-01  4.075612e-01  0.000000e+00
   outer loop
     vertex  3.255482e-01  5.558063e+01  1.800000e+01
     vertex  3.696983e-01  5.567956e+01  1.800000e+01
     vertex  3.696983e-01  5.567956e+01  0.000000e+00
   endloop
 endfacet
 facet normal -9.238795e-01  3.826834e-01  0.000000e+00
   outer loop
     vertex  2.840931e-01  5.548055e+01  1.800000e+01
     vertex  3.255482e-01  5.558063e+01  0.000000e+00
     vertex  2.840931e-01  5.548055e+01  0.000000e+00
   endloop
 endfacet
 facet normal -9.339036e-01  3.575250e-01  0.000000e+00
   outer loop
     vertex  2.840931e-01  5.548055e+01  1.800000e+01
     vertex  2.840931e-01  5.548055e+01  0.000000e+00
     vertex  2.453633e-01  5.537939e+01  0.000000e+00
   endloop
 endfacet
 facet normal -9.238795e-01  3.826834e-01  0.000000e+00
   outer loop
     vertex  2.840931e-01  5.548055e+01  1.800000e+01
     vertex  3.255482e-01  5.558063e+01  1.800000e+01
     vertex  3.255482e-01  5.558063e+01  0.000000e+00
   endloop
 endfacet
 facet normal -9.339036e-01  3.575250e-01  0.000000e+00
   outer loop
     vertex  2.453633e-01  5.537939e+01  1.800000e+01
     vertex  2.840931e-01  5.548055e+01  1.800000e+01
     vertex  2.453633e-01  5.537939e+01  0.000000e+00
   endloop
 endfacet
 facet normal -9.432426e-01  3.321044e-01  0.000000e+00
   outer loop
     vertex  2.093873e-01  5.527721e+01  1.800000e+01
     vertex  2.453633e-01  5.537939e+01  1.800000e+01
     vertex  2.453633e-01  5.537939e+01  0.000000e+00
   endloop
 endfacet
 facet normal -9.432426e-01  3.321044e-01  0.000000e+00
   outer loop
     vertex  2.093873e-01  5.527721e+01  1.800000e+01
     vertex  2.453633e-01  5.537939e+01  0.000000e+00
     vertex  2.093873e-01  5.527721e+01  0.000000e+00
   endloop
 endfacet
 facet normal -9.518899e-01  3.064401e-01  0.000000e+00
   outer loop
     vertex  1.761914e-01  5.517409e+01  1.800000e+01
     vertex  2.093873e-01  5.527721e+01  0.000000e+00
     vertex  1.761914e-01  5.517409e+01  0.000000e+00
   endloop
 endfacet
 facet normal -9.518899e-01  3.064401e-01  0.000000e+00
   outer loop
     vertex  1.761914e-01  5.517409e+01  1.800000e+01
     vertex  2.093873e-01  5.527721e+01  1.800000e+01
     vertex  2.093873e-01  5.527721e+01  0.000000e+00
   endloop
 endfacet
 facet normal -9.598391e-01  2.805512e-01  0.000000e+00
   outer loop
     vertex  1.458000e-01  5.507011e+01  1.800000e+01
     vertex  1.761914e-01  5.517409e+01  0.000000e+00
     vertex  1.458000e-01  5.507011e+01  0.000000e+00
   endloop
 endfacet
 facet normal -9.598391e-01  2.805512e-01  0.000000e+00
   outer loop
     vertex  1.458000e-01  5.507011e+01  1.800000e+01
     vertex  1.761914e-01  5.517409e+01  1.800000e+01
     vertex  1.761914e-01  5.517409e+01  0.000000e+00
   endloop
 endfacet
 facet normal -9.670842e-01  2.544564e-01  0.000000e+00
   outer loop
     vertex  1.182354e-01  5.496535e+01  1.800000e+01
     vertex  1.458000e-01  5.507011e+01  0.000000e+00
     vertex  1.182354e-01  5.496535e+01  0.000000e+00
   endloop
 endfacet
 facet normal -9.736201e-01  2.281751e-01  0.000000e+00
   outer loop
     vertex  1.182354e-01  5.496535e+01  1.800000e+01
     vertex  1.182354e-01  5.496535e+01  0.000000e+00
     vertex  9.351778e-02  5.485988e+01  0.000000e+00
   endloop
 endfacet
 facet normal -9.670842e-01  2.544564e-01  0.000000e+00
   outer loop
     vertex  1.182354e-01  5.496535e+01  1.800000e+01
     vertex  1.458000e-01  5.507011e+01  1.800000e+01
     vertex  1.458000e-01  5.507011e+01  0.000000e+00
   endloop
 endfacet
 facet normal -9.736201e-01  2.281751e-01  0.000000e+00
   outer loop
     vertex  9.351778e-02  5.485988e+01  1.800000e+01
     vertex  1.182354e-01  5.496535e+01  1.800000e+01
     vertex  9.351778e-02  5.485988e+01  0.000000e+00
   endloop
 endfacet
 facet normal -9.794419e-01  2.017264e-01  0.000000e+00
   outer loop
     vertex  7.166527e-02  5.475378e+01  1.800000e+01
     vertex  9.351778e-02  5.485988e+01  0.000000e+00
     vertex  7.166527e-02  5.475378e+01  0.000000e+00
   endloop
 endfacet
 facet normal -9.794419e-01  2.017264e-01  0.000000e+00
   outer loop
     vertex  7.166527e-02  5.475378e+01  1.800000e+01
     vertex  9.351778e-02  5.485988e+01  1.800000e+01
     vertex  9.351778e-02  5.485988e+01  0.000000e+00
   endloop
 endfacet
 facet normal -9.845454e-01  1.751297e-01  0.000000e+00
   outer loop
     vertex  5.269391e-02  5.464713e+01  1.800000e+01
     vertex  7.166527e-02  5.475378e+01  0.000000e+00
     vertex  5.269391e-02  5.464713e+01  0.000000e+00
   endloop
 endfacet
 facet normal -9.845454e-01  1.751297e-01  0.000000e+00
   outer loop
     vertex  5.269391e-02  5.464713e+01  1.800000e+01
     vertex  7.166527e-02  5.475378e+01  1.800000e+01
     vertex  7.166527e-02  5.475378e+01  0.000000e+00
   endloop
 endfacet
 facet normal -9.889267e-01  1.484046e-01  0.000000e+00
   outer loop
     vertex  3.661761e-02  5.454000e+01  1.800000e+01
     vertex  5.269391e-02  5.464713e+01  0.000000e+00
     vertex  3.661761e-02  5.454000e+01  0.000000e+00
   endloop
 endfacet
 facet normal -9.889267e-01  1.484046e-01  0.000000e+00
   outer loop
     vertex  3.661761e-02  5.454000e+01  1.800000e+01
     vertex  5.269391e-02  5.464713e+01  1.800000e+01
     vertex  5.269391e-02  5.464713e+01  0.000000e+00
   endloop
 endfacet
 facet normal -9.925828e-01  1.215707e-01  0.000000e+00
   outer loop
     vertex  2.344817e-02  5.443248e+01  1.800000e+01
     vertex  3.661761e-02  5.454000e+01  0.000000e+00
     vertex  2.344817e-02  5.443248e+01  0.000000e+00
   endloop
 endfacet
 facet normal -9.955108e-01  9.464755e-02  0.000000e+00
   outer loop
     vertex  2.344817e-02  5.443248e+01  1.800000e+01
     vertex  2.344817e-02  5.443248e+01  0.000000e+00
     vertex  1.319524e-02  5.432463e+01  0.000000e+00
   endloop
 endfacet
 facet normal -9.925828e-01  1.215707e-01  0.000000e+00
   outer loop
     vertex  2.344817e-02  5.443248e+01  1.800000e+01
     vertex  3.661761e-02  5.454000e+01  1.800000e+01
     vertex  3.661761e-02  5.454000e+01  0.000000e+00
   endloop
 endfacet
 facet normal -9.955108e-01  9.464755e-02  0.000000e+00
   outer loop
     vertex  1.319524e-02  5.432463e+01  1.800000e+01
     vertex  2.344817e-02  5.443248e+01  1.800000e+01
     vertex  1.319524e-02  5.432463e+01  0.000000e+00
   endloop
 endfacet
 facet normal -9.977088e-01  6.765502e-02  0.000000e+00
   outer loop
     vertex  5.866345e-03  5.421656e+01  1.800000e+01
     vertex  1.319524e-02  5.432463e+01  0.000000e+00
     vertex  5.866345e-03  5.421656e+01  0.000000e+00
   endloop
 endfacet
 facet normal -9.977088e-01  6.765502e-02  0.000000e+00
   outer loop
     vertex  5.866345e-03  5.421656e+01  1.800000e+01
     vertex  1.319524e-02  5.432463e+01  1.800000e+01
     vertex  1.319524e-02  5.432463e+01  0.000000e+00
   endloop
 endfacet
 facet normal -9.991750e-01  4.061287e-02  0.000000e+00
   outer loop
     vertex  1.466855e-03  5.410832e+01  1.800000e+01
     vertex  5.866345e-03  5.421656e+01  0.000000e+00
     vertex  1.466855e-03  5.410832e+01  0.000000e+00
   endloop
 endfacet
 facet normal -9.991750e-01  4.061287e-02  0.000000e+00
   outer loop
     vertex  1.466855e-03  5.410832e+01  1.800000e+01
     vertex  5.866345e-03  5.421656e+01  1.800000e+01
     vertex  5.866345e-03  5.421656e+01  0.000000e+00
   endloop
 endfacet
 facet normal -9.999083e-01  1.354093e-02  0.000000e+00
   outer loop
     vertex  0.000000e+00  5.400000e+01  1.800000e+01
     vertex  1.466855e-03  5.410832e+01  0.000000e+00
     vertex  0.000000e+00  5.400000e+01  0.000000e+00
   endloop
 endfacet
 facet normal -9.999083e-01  1.354093e-02  0.000000e+00
   outer loop
     vertex  0.000000e+00  5.400000e+01  1.800000e+01
     vertex  1.466855e-03  5.410832e+01  1.800000e+01
     vertex  1.466855e-03  5.410832e+01  0.000000e+00
   endloop
 endfacet
 facet normal  1.000000e+00  0.000000e+00  0.000000e+00
   outer loop
     vertex  1.400000e+01  0.000000e+00  1.500000e+01
     vertex  1.400000e+01  0.000000e+00  3.000000e+00
     vertex  1.400000e+01  3.000000e+00  3.000000e+00
   endloop
 endfacet
 facet normal  1.000000e+00 -0.000000e+00  0.000000e+00
   outer loop
     vertex  1.400000e+01  0.000000e+00  1.500000e+01
     vertex  1.400000e+01  3.000000e+00  3.000000e+00
     vertex  1.400000e+01  3.000000e+00  1.500000e+01
   endloop
 endfacet
 facet normal  0.000000e+00  0.000000e+00  1.000000e+00
   outer loop
     vertex  2.400000e+01  0.000000e+00  3.000000e+00
     vertex  1.400000e+01  3.000000e+00  3.000000e+00
     vertex  1.400000e+01  0.000000e+00  3.000000e+00
   endloop
 endfacet
 facet normal  0.000000e+00  0.000000e+00  1.000000e+00
   outer loop
     vertex  2.400000e+01  3.000000e+00  3.000000e+00
     vertex  1.400000e+01  3.000000e+00  3.000000e+00
     vertex  2.400000e+01  0.000000e+00  3.000000e+00
   endloop
 endfacet
 facet normal -1.000000e+00  0.000000e+00  0.000000e+00
   outer loop
     vertex  2.400000e+01  0.000000e+00  1.500000e+01
     vertex  2.400000e+01  3.000000e+00  3.000000e+00
     vertex  2.400000e+01  0.000000e+00  3.000000e+00
   endloop
 endfacet
 facet normal -1.000000e+00  0.000000e+00  0.000000e+00
   outer loop
     vertex  2.400000e+01  0.000000e+00  1.500000e+01
     vertex  2.400000e+01  3.000000e+00  1.500000e+01
     vertex  2.400000e+01  3.000000e+00  3.000000e+00
   endloop
 endfacet
 facet normal  1.000000e+00  0.000000e+00  0.000000e+00
   outer loop
     vertex  3.200000e+01  0.000000e+00  1.500000e+01
     vertex  3.200000e+01  0.000000e+00  3.000000e+00
     vertex  3.200000e+01  3.000000e+00  3.000000e+00
   endloop
 endfacet
 facet normal  1.000000e+00 -0.000000e+00  0.000000e+00
   outer loop
     vertex  3.200000e+01  0.000000e+00  1.500000e+01
     vertex  3.200000e+01  3.000000e+00  3.000000e+00
     vertex  3.200000e+01  3.000000e+00  1.500000e+01
   endloop
 endfacet
 facet normal  0.000000e+00  0.000000e+00  1.000000e+00
   outer loop
     vertex  4.200000e+01  0.000000e+00  3.000000e+00
     vertex  3.200000e+01  3.000000e+00  3.000000e+00
     vertex  3.200000e+01  0.000000e+00  3.000000e+00
   endloop
 endfacet
 facet normal  0.000000e+00  0.000000e+00  1.000000e+00
   outer loop
     vertex  4.200000e+01  3.000000e+00  3.000000e+00
     vertex  3.200000e+01  3.000000e+00  3.000000e+00
     vertex  4.200000e+01  0.000000e+00  3.000000e+00
   endloop
 endfacet
 facet normal -1.000000e+00  0.000000e+00  0.000000e+00
   outer loop
     vertex  4.200000e+01  0.000000e+00  1.500000e+01
     vertex  4.200000e+01  3.000000e+00  3.000000e+00
     vertex  4.200000e+01  0.000000e+00  3.000000e+00
   endloop
 endfacet
 facet normal -1.000000e+00  0.000000e+00  0.000000e+00
   outer loop
     vertex  4.200000e+01  0.000000e+00  1.500000e+01
     vertex  4.200000e+01  3.000000e+00  1.500000e+01
     vertex  4.200000e+01  3.000000e+00  3.000000e+00
   endloop
 endfacet
 facet normal  1.000000e+00  0.000000e+00  0.000000e+00
   outer loop
     vertex  5.000000e+01  0.000000e+00  1.500000e+01
     vertex  5.000000e+01  0.000000e+00  3.000000e+00
     vertex  5.000000e+01  3.000000e+00  3.000000e+00
   endloop
 endfacet
 facet normal  1.000000e+00 -0.000000e+00  0.000000e+00
   outer loop
     vertex  5.000000e+01  0.000000e+00  1.500000e+01
     vertex  5.000000e+01  3.000000e+00  3.000000e+00
     vertex  5.000000e+01  3.000000e+00  1.500000e+01
   endloop
 endfacet
 facet normal  0.000000e+00  0.000000e+00  1.000000e+00
   outer loop
     vertex  6.000000e+01  0.000000e+00  3.000000e+00
     vertex  5.000000e+01  3.000000e+00  3.000000e+00
     vertex  5.000000e+01  0.000000e+00  3.000000e+00
   endloop
 endfacet
 facet normal  0.000000e+00  0.000000e+00  1.000000e+00
   outer loop
     vertex  6.000000e+01  3.000000e+00  3.000000e+00
     vertex  5.000000e+01  3.000000e+00  3.000000e+00
     vertex  6.000000e+01  0.000000e+00  3.000000e+00
   endloop
 endfacet
 facet normal -1.000000e+00  0.000000e+00  0.000000e+00
   outer loop
     vertex  6.000000e+01  0.000000e+00  1.500000e+01
     vertex  6.000000e+01  3.000000e+00  3.000000e+00
     vertex  6.000000e+01  0.000000e+00  3.000000e+00
   endloop
 endfacet
 facet normal -1.000000e+00  0.000000e+00  0.000000e+00
   outer loop
     vertex  6.000000e+01  0.000000e+00  1.500000e+01
     vertex  6.000000e+01  3.000000e+00  1.500000e+01
     vertex  6.000000e+01  3.000000e+00  3.000000e+00
   endloop
 endfacet
 facet normal  1.000000e+00  0.000000e+00  0.000000e+00
   outer loop
     vertex  6.800000e+01  0.000000e+00  1.500000e+01
     vertex  6.800000e+01  0.000000e+00  3.000000e+00
     vertex  6.800000e+01  3.000000e+00  3.000000e+00
   endloop
 endfacet
 facet normal  1.000000e+00 -0.000000e+00  0.000000e+00
   outer loop
     vertex  6.800000e+01  0.000000e+00  1.500000e+01
     vertex  6.800000e+01  3.000000e+00  3.000000e+00
     vertex  6.800000e+01  3.000000e+00  1.500000e+01
   endloop
 endfacet
 facet normal -1.000000e+00  0.000000e+00  0.000000e+00
   outer loop
     vertex  7.800000e+01  0.000000e+00  1.500000e+01
     vertex  7.800000e+01  3.000000e+00  3.000000e+00
     vertex  7.800000e+01  0.000000e+00  3.000000e+00
   endloop
 endfacet
 facet normal -1.000000e+00  0.000000e+00  0.000000e+00
   outer loop
     vertex  7.800000e+01  0.000000e+00  1.500000e+01
     vertex  7.800000e+01  3.000000e+00  1.500000e+01
     vertex  7.800000e+01  3.000000e+00  3.000000e+00
   endloop
 endfacet
 facet normal  0.000000e+00  0.000000e+00  1.000000e+00
   outer loop
     vertex  7.800000e+01  0.000000e+00  3.000000e+00
     vertex  6.800000e+01  3.000000e+00  3.000000e+00
     vertex  6.800000e+01  0.000000e+00  3.000000e+00
   endloop
 endfacet
 facet normal  0.000000e+00  0.000000e+00  1.000000e+00
   outer loop
     vertex  7.800000e+01  3.000000e+00  3.000000e+00
     vertex  6.800000e+01  3.000000e+00  3.000000e+00
     vertex  7.800000e+01  0.000000e+00  3.000000e+00
   endloop
 endfacet
 facet normal  1.000000e+00  0.000000e+00  0.000000e+00
   outer loop
     vertex  3.000000e+00  6.000000e+00  1.500000e+01
     vertex  3.000000e+00  6.000000e+00  0.000000e+00
     vertex  3.000000e+00  5.200000e+01  0.000000e+00
   endloop
 endfacet
 facet normal  1.000000e+00 -0.000000e+00  0.000000e+00
   outer loop
     vertex  3.000000e+00  6.000000e+00  1.500000e+01
     vertex  3.000000e+00  5.200000e+01  0.000000e+00
     vertex  3.000000e+00  5.200000e+01  1.500000e+01
   endloop
 endfacet
 facet normal  1.354093e-02 -9.999083e-01  0.000000e+00
   outer loop
     vertex  6.000000e+00  5.500000e+01  1.500000e+01
     vertex  5.918762e+00  5.499890e+01  0.000000e+00
     vertex  6.000000e+00  5.500000e+01  0.000000e+00
   endloop
 endfacet
 facet normal  1.354093e-02 -9.999083e-01  0.000000e+00
   outer loop
     vertex  5.918762e+00  5.499890e+01  1.500000e+01
     vertex  5.918762e+00  5.499890e+01  0.000000e+00
     vertex  6.000000e+00  5.500000e+01  1.500000e+01
   endloop
 endfacet
 facet normal  4.061287e-02 -9.991750e-01  0.000000e+00
   outer loop
     vertex  5.837583e+00  5.499560e+01  1.500000e+01
     vertex  5.918762e+00  5.499890e+01  0.000000e+00
     vertex  5.918762e+00  5.499890e+01  1.500000e+01
   endloop
 endfacet
 facet normal  4.061287e-02 -9.991750e-01  0.000000e+00
   outer loop
     vertex  5.837583e+00  5.499560e+01  1.500000e+01
     vertex  5.837583e+00  5.499560e+01  0.000000e+00
     vertex  5.918762e+00  5.499890e+01  0.000000e+00
   endloop
 endfacet
 facet normal  6.765502e-02 -9.977088e-01  0.000000e+00
   outer loop
     vertex  5.756524e+00  5.499010e+01  1.500000e+01
     vertex  5.837583e+00  5.499560e+01  0.000000e+00
     vertex  5.837583e+00  5.499560e+01  1.500000e+01
   endloop
 endfacet
 facet normal  6.765502e-02 -9.977088e-01  0.000000e+00
   outer loop
     vertex  5.756524e+00  5.499010e+01  1.500000e+01
     vertex  5.756524e+00  5.499010e+01  0.000000e+00
     vertex  5.837583e+00  5.499560e+01  0.000000e+00
   endloop
 endfacet
 facet normal  9.464755e-02 -9.955108e-01  0.000000e+00
   outer loop
     vertex  5.675643e+00  5.498241e+01  1.500000e+01
     vertex  5.756524e+00  5.499010e+01  0.000000e+00
     vertex  5.756524e+00  5.499010e+01  1.500000e+01
   endloop
 endfacet
 facet normal  9.464755e-02 -9.955108e-01  0.000000e+00
   outer loop
     vertex  5.675643e+00  5.498241e+01  1.500000e+01
     vertex  5.675643e+00  5.498241e+01  0.000000e+00
     vertex  5.756524e+00  5.499010e+01  0.000000e+00
   endloop
 endfacet
 facet normal  1.215707e-01 -9.925828e-01  0.000000e+00
   outer loop
     vertex  5.595000e+00  5.497254e+01  1.500000e+01
     vertex  5.675643e+00  5.498241e+01  0.000000e+00
     vertex  5.675643e+00  5.498241e+01  1.500000e+01
   endloop
 endfacet
 facet normal  1.215707e-01 -9.925828e-01  0.000000e+00
   outer loop
     vertex  5.595000e+00  5.497254e+01  1.500000e+01
     vertex  5.595000e+00  5.497254e+01  0.000000e+00
     vertex  5.675643e+00  5.498241e+01  0.000000e+00
   endloop
 endfacet
 facet normal  1.484046e-01 -9.889267e-01  0.000000e+00
   outer loop
     vertex  5.514654e+00  5.496048e+01  1.500000e+01
     vertex  5.595000e+00  5.497254e+01  0.000000e+00
     vertex  5.595000e+00  5.497254e+01  1.500000e+01
   endloop
 endfacet
 facet normal  1.484046e-01 -9.889267e-01  0.000000e+00
   outer loop
     vertex  5.514654e+00  5.496048e+01  1.500000e+01
     vertex  5.514654e+00  5.496048e+01  0.000000e+00
     vertex  5.595000e+00  5.497254e+01  0.000000e+00
   endloop
 endfacet
 facet normal  1.751297e-01 -9.845454e-01  0.000000e+00
   outer loop
     vertex  5.434664e+00  5.494625e+01  1.500000e+01
     vertex  5.514654e+00  5.496048e+01  0.000000e+00
     vertex  5.514654e+00  5.496048e+01  1.500000e+01
   endloop
 endfacet
 facet normal  1.751297e-01 -9.845454e-01  0.000000e+00
   outer loop
     vertex  5.434664e+00  5.494625e+01  1.500000e+01
     vertex  5.434664e+00  5.494625e+01  0.000000e+00
     vertex  5.514654e+00  5.496048e+01  0.000000e+00
   endloop
 endfacet
 facet normal  2.017264e-01 -9.794419e-01  0.000000e+00
   outer loop
     vertex  5.355089e+00  5.492986e+01  1.500000e+01
     vertex  5.434664e+00  5.494625e+01  0.000000e+00
     vertex  5.434664e+00  5.494625e+01  1.500000e+01
   endloop
 endfacet
 facet normal  2.017264e-01 -9.794419e-01  0.000000e+00
   outer loop
     vertex  5.355089e+00  5.492986e+01  1.500000e+01
     vertex  5.355089e+00  5.492986e+01  0.000000e+00
     vertex  5.434664e+00  5.494625e+01  0.000000e+00
   endloop
 endfacet
 facet normal  2.281751e-01 -9.736201e-01  0.000000e+00
   outer loop
     vertex  5.275986e+00  5.491132e+01  1.500000e+01
     vertex  5.355089e+00  5.492986e+01  0.000000e+00
     vertex  5.355089e+00  5.492986e+01  1.500000e+01
   endloop
 endfacet
 facet normal  2.281751e-01 -9.736201e-01  0.000000e+00
   outer loop
     vertex  5.275986e+00  5.491132e+01  1.500000e+01
     vertex  5.275986e+00  5.491132e+01  0.000000e+00
     vertex  5.355089e+00  5.492986e+01  0.000000e+00
   endloop
 endfacet
 facet normal  2.544564e-01 -9.670842e-01  0.000000e+00
   outer loop
     vertex  5.275986e+00  5.491132e+01  1.500000e+01
     vertex  5.197415e+00  5.489065e+01  0.000000e+00
     vertex  5.275986e+00  5.491132e+01  0.000000e+00
   endloop
 endfacet
 facet normal  2.544564e-01 -9.670842e-01  0.000000e+00
   outer loop
     vertex  5.197415e+00  5.489065e+01  1.500000e+01
     vertex  5.197415e+00  5.489065e+01  0.000000e+00
     vertex  5.275986e+00  5.491132e+01  1.500000e+01
   endloop
 endfacet
 facet normal  2.805512e-01 -9.598391e-01  0.000000e+00
   outer loop
     vertex  5.119432e+00  5.486786e+01  1.500000e+01
     vertex  5.197415e+00  5.489065e+01  0.000000e+00
     vertex  5.197415e+00  5.489065e+01  1.500000e+01
   endloop
 endfacet
 facet normal  2.805512e-01 -9.598391e-01  0.000000e+00
   outer loop
     vertex  5.119432e+00  5.486786e+01  1.500000e+01
     vertex  5.119432e+00  5.486786e+01  0.000000e+00
     vertex  5.197415e+00  5.489065e+01  0.000000e+00
   endloop
 endfacet
 facet normal  3.064401e-01 -9.518899e-01  0.000000e+00
   outer loop
     vertex  5.119432e+00  5.486786e+01  1.500000e+01
     vertex  5.042095e+00  5.484296e+01  0.000000e+00
     vertex  5.119432e+00  5.486786e+01  0.000000e+00
   endloop
 endfacet
 facet normal  3.064401e-01 -9.518899e-01  0.000000e+00
   outer loop
     vertex  5.042095e+00  5.484296e+01  1.500000e+01
     vertex  5.042095e+00  5.484296e+01  0.000000e+00
     vertex  5.119432e+00  5.486786e+01  1.500000e+01
   endloop
 endfacet
 facet normal  3.321044e-01 -9.432426e-01  0.000000e+00
   outer loop
     vertex  4.965461e+00  5.481598e+01  1.500000e+01
     vertex  4.965461e+00  5.481598e+01  0.000000e+00
     vertex  5.042095e+00  5.484296e+01  0.000000e+00
   endloop
 endfacet
 facet normal  3.321044e-01 -9.432426e-01  0.000000e+00
   outer loop
     vertex  4.965461e+00  5.481598e+01  1.500000e+01
     vertex  5.042095e+00  5.484296e+01  0.000000e+00
     vertex  5.042095e+00  5.484296e+01  1.500000e+01
   endloop
 endfacet
 facet normal  3.575250e-01 -9.339036e-01  0.000000e+00
   outer loop
     vertex  4.965461e+00  5.481598e+01  1.500000e+01
     vertex  4.889586e+00  5.478693e+01  0.000000e+00
     vertex  4.965461e+00  5.481598e+01  0.000000e+00
   endloop
 endfacet
 facet normal  3.575250e-01 -9.339036e-01  0.000000e+00
   outer loop
     vertex  4.889586e+00  5.478693e+01  1.500000e+01
     vertex  4.889586e+00  5.478693e+01  0.000000e+00
     vertex  4.965461e+00  5.481598e+01  1.500000e+01
   endloop
 endfacet
 facet normal  3.826834e-01 -9.238795e-01  0.000000e+00
   outer loop
     vertex  4.814524e+00  5.475584e+01  1.500000e+01
     vertex  4.814524e+00  5.475584e+01  0.000000e+00
     vertex  4.889586e+00  5.478693e+01  0.000000e+00
   endloop
 endfacet
 facet normal  3.826834e-01 -9.238795e-01  0.000000e+00
   outer loop
     vertex  4.814524e+00  5.475584e+01  1.500000e+01
     vertex  4.889586e+00  5.478693e+01  0.000000e+00
     vertex  4.889586e+00  5.478693e+01  1.500000e+01
   endloop
 endfacet
 facet normal  4.075612e-01 -9.131779e-01  0.000000e+00
   outer loop
     vertex  4.740333e+00  5.472273e+01  1.500000e+01
     vertex  4.740333e+00  5.472273e+01  0.000000e+00
     vertex  4.814524e+00  5.475584e+01  0.000000e+00
   endloop
 endfacet
 facet normal  4.075612e-01 -9.131779e-01  0.000000e+00
   outer loop
     vertex  4.740333e+00  5.472273e+01  1.500000e+01
     vertex  4.814524e+00  5.475584e+01  0.000000e+00
     vertex  4.814524e+00  5.475584e+01  1.500000e+01
   endloop
 endfacet
 facet normal  4.321400e-01 -9.018065e-01  0.000000e+00
   outer loop
     vertex  4.667065e+00  5.468762e+01  1.500000e+01
     vertex  4.667065e+00  5.468762e+01  0.000000e+00
     vertex  4.740333e+00  5.472273e+01  0.000000e+00
   endloop
 endfacet
 facet normal  4.564019e-01 -8.897737e-01  0.000000e+00
   outer loop
     vertex  4.667065e+00  5.468762e+01  1.500000e+01
     vertex  4.594775e+00  5.465054e+01  0.000000e+00
     vertex  4.667065e+00  5.468762e+01  0.000000e+00
   endloop
 endfacet
 facet normal  4.321400e-01 -9.018065e-01  0.000000e+00
   outer loop
     vertex  4.667065e+00  5.468762e+01  1.500000e+01
     vertex  4.740333e+00  5.472273e+01  0.000000e+00
     vertex  4.740333e+00  5.472273e+01  1.500000e+01
   endloop
 endfacet
 facet normal  4.564019e-01 -8.897737e-01  0.000000e+00
   outer loop
     vertex  4.594775e+00  5.465054e+01  1.500000e+01
     vertex  4.594775e+00  5.465054e+01  0.000000e+00
     vertex  4.667065e+00  5.468762e+01  1.500000e+01
   endloop
 endfacet
 facet normal  4.803291e-01 -8.770884e-01  0.000000e+00
   outer loop
     vertex  4.523515e+00  5.461151e+01  1.500000e+01
     vertex  4.523515e+00  5.461151e+01  0.000000e+00
     vertex  4.594775e+00  5.465054e+01  0.000000e+00
   endloop
 endfacet
 facet normal  4.803291e-01 -8.770884e-01  0.000000e+00
   outer loop
     vertex  4.523515e+00  5.461151e+01  1.500000e+01
     vertex  4.594775e+00  5.465054e+01  0.000000e+00
     vertex  4.594775e+00  5.465054e+01  1.500000e+01
   endloop
 endfacet
 facet normal  5.039039e-01 -8.637597e-01  0.000000e+00
   outer loop
     vertex  4.453338e+00  5.457057e+01  1.500000e+01
     vertex  4.453338e+00  5.457057e+01  0.000000e+00
     vertex  4.523515e+00  5.461151e+01  0.000000e+00
   endloop
 endfacet
 facet normal  5.039039e-01 -8.637597e-01  0.000000e+00
   outer loop
     vertex  4.453338e+00  5.457057e+01  1.500000e+01
     vertex  4.523515e+00  5.461151e+01  0.000000e+00
     vertex  4.523515e+00  5.461151e+01  1.500000e+01
   endloop
 endfacet
 facet normal  5.271092e-01 -8.497975e-01  0.000000e+00
   outer loop
     vertex  4.384296e+00  5.452775e+01  1.500000e+01
     vertex  4.453338e+00  5.457057e+01  0.000000e+00
     vertex  4.453338e+00  5.457057e+01  1.500000e+01
   endloop
 endfacet
 facet normal  5.271092e-01 -8.497975e-01  0.000000e+00
   outer loop
     vertex  4.384296e+00  5.452775e+01  1.500000e+01
     vertex  4.384296e+00  5.452775e+01  0.000000e+00
     vertex  4.453338e+00  5.457057e+01  0.000000e+00
   endloop
 endfacet
 facet normal  5.499279e-01 -8.352121e-01  0.000000e+00
   outer loop
     vertex  4.316439e+00  5.448307e+01  1.500000e+01
     vertex  4.384296e+00  5.452775e+01  0.000000e+00
     vertex  4.384296e+00  5.452775e+01  1.500000e+01
   endloop
 endfacet
 facet normal  5.499279e-01 -8.352121e-01  0.000000e+00
   outer loop
     vertex  4.316439e+00  5.448307e+01  1.500000e+01
     vertex  4.316439e+00  5.448307e+01  0.000000e+00
     vertex  4.384296e+00  5.452775e+01  0.000000e+00
   endloop
 endfacet
 facet normal  5.723433e-01 -8.200141e-01  0.000000e+00
   outer loop
     vertex  4.249816e+00  5.443657e+01  1.500000e+01
     vertex  4.316439e+00  5.448307e+01  0.000000e+00
     vertex  4.316439e+00  5.448307e+01  1.500000e+01
   endloop
 endfacet
 facet normal  5.723433e-01 -8.200141e-01  0.000000e+00
   outer loop
     vertex  4.249816e+00  5.443657e+01  1.500000e+01
     vertex  4.249816e+00  5.443657e+01  0.000000e+00
     vertex  4.316439e+00  5.448307e+01  0.000000e+00
   endloop
 endfacet
 facet normal  5.943389e-01 -8.042147e-01  0.000000e+00
   outer loop
     vertex  4.184477e+00  5.438828e+01  1.500000e+01
     vertex  4.249816e+00  5.443657e+01  0.000000e+00
     vertex  4.249816e+00  5.443657e+01  1.500000e+01
   endloop
 endfacet
 facet normal  5.943389e-01 -8.042147e-01  0.000000e+00
   outer loop
     vertex  4.184477e+00  5.438828e+01  1.500000e+01
     vertex  4.184477e+00  5.438828e+01  0.000000e+00
     vertex  4.249816e+00  5.443657e+01  0.000000e+00
   endloop
 endfacet
 facet normal  6.158986e-01 -7.878255e-01  0.000000e+00
   outer loop
     vertex  4.184477e+00  5.438828e+01  1.500000e+01
     vertex  4.120470e+00  5.433824e+01  0.000000e+00
     vertex  4.184477e+00  5.438828e+01  0.000000e+00
   endloop
 endfacet
 facet normal  6.158986e-01 -7.878255e-01  0.000000e+00
   outer loop
     vertex  4.120470e+00  5.433824e+01  1.500000e+01
     vertex  4.120470e+00  5.433824e+01  0.000000e+00
     vertex  4.184477e+00  5.438828e+01  1.500000e+01
   endloop
 endfacet
 facet normal  6.370065e-01 -7.708584e-01  0.000000e+00
   outer loop
     vertex  4.057841e+00  5.428649e+01  1.500000e+01
     vertex  4.120470e+00  5.433824e+01  0.000000e+00
     vertex  4.120470e+00  5.433824e+01  1.500000e+01
   endloop
 endfacet
 facet normal  6.370065e-01 -7.708584e-01  0.000000e+00
   outer loop
     vertex  4.057841e+00  5.428649e+01  1.500000e+01
     vertex  4.057841e+00  5.428649e+01  0.000000e+00
     vertex  4.120470e+00  5.433824e+01  0.000000e+00
   endloop
 endfacet
 facet normal  6.576473e-01 -7.533260e-01  0.000000e+00
   outer loop
     vertex  3.996637e+00  5.423306e+01  1.500000e+01
     vertex  4.057841e+00  5.428649e+01  0.000000e+00
     vertex  4.057841e+00  5.428649e+01  1.500000e+01
   endloop
 endfacet
 facet normal  6.576473e-01 -7.533260e-01  0.000000e+00
   outer loop
     vertex  3.996637e+00  5.423306e+01  1.500000e+01
     vertex  3.996637e+00  5.423306e+01  0.000000e+00
     vertex  4.057841e+00  5.428649e+01  0.000000e+00
   endloop
 endfacet
 facet normal  6.778058e-01 -7.352410e-01  0.000000e+00
   outer loop
     vertex  3.996637e+00  5.423306e+01  1.500000e+01
     vertex  3.936902e+00  5.417799e+01  0.000000e+00
     vertex  3.996637e+00  5.423306e+01  0.000000e+00
   endloop
 endfacet
 facet normal  6.778058e-01 -7.352410e-01  0.000000e+00
   outer loop
     vertex  3.936902e+00  5.417799e+01  1.500000e+01
     vertex  3.936902e+00  5.417799e+01  0.000000e+00
     vertex  3.996637e+00  5.423306e+01  1.500000e+01
   endloop
 endfacet
 facet normal  6.974671e-01 -7.166168e-01  0.000000e+00
   outer loop
     vertex  3.878680e+00  5.412132e+01  1.500000e+01
     vertex  3.936902e+00  5.417799e+01  0.000000e+00
     vertex  3.936902e+00  5.417799e+01  1.500000e+01
   endloop
 endfacet
 facet normal  6.974671e-01 -7.166168e-01  0.000000e+00
   outer loop
     vertex  3.878680e+00  5.412132e+01  1.500000e+01
     vertex  3.878680e+00  5.412132e+01  0.000000e+00
     vertex  3.936902e+00  5.417799e+01  0.000000e+00
   endloop
 endfacet
 facet normal  7.166168e-01 -6.974671e-01  0.000000e+00
   outer loop
     vertex  3.878680e+00  5.412132e+01  1.500000e+01
     vertex  3.822014e+00  5.406310e+01  0.000000e+00
     vertex  3.878680e+00  5.412132e+01  0.000000e+00
   endloop
 endfacet
 facet normal  7.166168e-01 -6.974671e-01  0.000000e+00
   outer loop
     vertex  3.822014e+00  5.406310e+01  1.500000e+01
     vertex  3.822014e+00  5.406310e+01  0.000000e+00
     vertex  3.878680e+00  5.412132e+01  1.500000e+01
   endloop
 endfacet
 facet normal  7.352410e-01 -6.778058e-01  0.000000e+00
   outer loop
     vertex  3.766945e+00  5.400336e+01  1.500000e+01
     vertex  3.822014e+00  5.406310e+01  0.000000e+00
     vertex  3.822014e+00  5.406310e+01  1.500000e+01
   endloop
 endfacet
 facet normal  7.352410e-01 -6.778058e-01  0.000000e+00
   outer loop
     vertex  3.766945e+00  5.400336e+01  1.500000e+01
     vertex  3.766945e+00  5.400336e+01  0.000000e+00
     vertex  3.822014e+00  5.406310e+01  0.000000e+00
   endloop
 endfacet
 facet normal  7.533260e-01 -6.576473e-01  0.000000e+00
   outer loop
     vertex  3.766945e+00  5.400336e+01  1.500000e+01
     vertex  3.713514e+00  5.394216e+01  0.000000e+00
     vertex  3.766945e+00  5.400336e+01  0.000000e+00
   endloop
 endfacet
 facet normal  7.533260e-01 -6.576473e-01  0.000000e+00
   outer loop
     vertex  3.713514e+00  5.394216e+01  1.500000e+01
     vertex  3.713514e+00  5.394216e+01  0.000000e+00
     vertex  3.766945e+00  5.400336e+01  1.500000e+01
   endloop
 endfacet
 facet normal  7.708584e-01 -6.370065e-01  0.000000e+00
   outer loop
     vertex  3.661760e+00  5.387953e+01  1.500000e+01
     vertex  3.713514e+00  5.394216e+01  0.000000e+00
     vertex  3.713514e+00  5.394216e+01  1.500000e+01
   endloop
 endfacet
 facet normal  7.708584e-01 -6.370065e-01  0.000000e+00
   outer loop
     vertex  3.661760e+00  5.387953e+01  1.500000e+01
     vertex  3.661760e+00  5.387953e+01  0.000000e+00
     vertex  3.713514e+00  5.394216e+01  0.000000e+00
   endloop
 endfacet
 facet normal  7.878255e-01 -6.158986e-01  0.000000e+00
   outer loop
     vertex  3.611721e+00  5.381552e+01  1.500000e+01
     vertex  3.661760e+00  5.387953e+01  0.000000e+00
     vertex  3.661760e+00  5.387953e+01  1.500000e+01
   endloop
 endfacet
 facet normal  7.878255e-01 -6.158986e-01  0.000000e+00
   outer loop
     vertex  3.611721e+00  5.381552e+01  1.500000e+01
     vertex  3.611721e+00  5.381552e+01  0.000000e+00
     vertex  3.661760e+00  5.387953e+01  0.000000e+00
   endloop
 endfacet
 facet normal  8.042147e-01 -5.943389e-01  0.000000e+00
   outer loop
     vertex  3.611721e+00  5.381552e+01  1.500000e+01
     vertex  3.563433e+00  5.375018e+01  0.000000e+00
     vertex  3.611721e+00  5.381552e+01  0.000000e+00
   endloop
 endfacet
 facet normal  8.042147e-01 -5.943389e-01  0.000000e+00
   outer loop
     vertex  3.563433e+00  5.375018e+01  1.500000e+01
     vertex  3.563433e+00  5.375018e+01  0.000000e+00
     vertex  3.611721e+00  5.381552e+01  1.500000e+01
   endloop
 endfacet
 facet normal  8.200141e-01 -5.723433e-01  0.000000e+00
   outer loop
     vertex  3.563433e+00  5.375018e+01  1.500000e+01
     vertex  3.516933e+00  5.368356e+01  0.000000e+00
     vertex  3.563433e+00  5.375018e+01  0.000000e+00
   endloop
 endfacet
 facet normal  8.200141e-01 -5.723433e-01  0.000000e+00
   outer loop
     vertex  3.516933e+00  5.368356e+01  1.500000e+01
     vertex  3.516933e+00  5.368356e+01  0.000000e+00
     vertex  3.563433e+00  5.375018e+01  1.500000e+01
   endloop
 endfacet
 facet normal  8.352121e-01 -5.499279e-01  0.000000e+00
   outer loop
     vertex  3.472254e+00  5.361570e+01  1.500000e+01
     vertex  3.516933e+00  5.368356e+01  0.000000e+00
     vertex  3.516933e+00  5.368356e+01  1.500000e+01
   endloop
 endfacet
 facet normal  8.352121e-01 -5.499279e-01  0.000000e+00
   outer loop
     vertex  3.472254e+00  5.361570e+01  1.500000e+01
     vertex  3.472254e+00  5.361570e+01  0.000000e+00
     vertex  3.516933e+00  5.368356e+01  0.000000e+00
   endloop
 endfacet
 facet normal  8.497975e-01 -5.271092e-01  0.000000e+00
   outer loop
     vertex  3.429428e+00  5.354666e+01  1.500000e+01
     vertex  3.472254e+00  5.361570e+01  0.000000e+00
     vertex  3.472254e+00  5.361570e+01  1.500000e+01
   endloop
 endfacet
 facet normal  8.497975e-01 -5.271092e-01  0.000000e+00
   outer loop
     vertex  3.429428e+00  5.354666e+01  1.500000e+01
     vertex  3.429428e+00  5.354666e+01  0.000000e+00
     vertex  3.472254e+00  5.361570e+01  0.000000e+00
   endloop
 endfacet
 facet normal  8.637597e-01 -5.039039e-01  0.000000e+00
   outer loop
     vertex  3.388488e+00  5.347648e+01  1.500000e+01
     vertex  3.429428e+00  5.354666e+01  0.000000e+00
     vertex  3.429428e+00  5.354666e+01  1.500000e+01
   endloop
 endfacet
 facet normal  8.637597e-01 -5.039039e-01  0.000000e+00
   outer loop
     vertex  3.388488e+00  5.347648e+01  1.500000e+01
     vertex  3.388488e+00  5.347648e+01  0.000000e+00
     vertex  3.429428e+00  5.354666e+01  0.000000e+00
   endloop
 endfacet
 facet normal  8.770884e-01 -4.803291e-01  0.000000e+00
   outer loop
     vertex  3.388488e+00  5.347648e+01  1.500000e+01
     vertex  3.349464e+00  5.340523e+01  0.000000e+00
     vertex  3.388488e+00  5.347648e+01  0.000000e+00
   endloop
 endfacet
 facet normal  8.770884e-01 -4.803291e-01  0.000000e+00
   outer loop
     vertex  3.349464e+00  5.340523e+01  1.500000e+01
     vertex  3.349464e+00  5.340523e+01  0.000000e+00
     vertex  3.388488e+00  5.347648e+01  1.500000e+01
   endloop
 endfacet
 facet normal  8.897737e-01 -4.564019e-01  0.000000e+00
   outer loop
     vertex  3.312383e+00  5.333294e+01  1.500000e+01
     vertex  3.349464e+00  5.340523e+01  0.000000e+00
     vertex  3.349464e+00  5.340523e+01  1.500000e+01
   endloop
 endfacet
 facet normal  8.897737e-01 -4.564019e-01  0.000000e+00
   outer loop
     vertex  3.312383e+00  5.333294e+01  1.500000e+01
     vertex  3.312383e+00  5.333294e+01  0.000000e+00
     vertex  3.349464e+00  5.340523e+01  0.000000e+00
   endloop
 endfacet
 facet normal  9.018065e-01 -4.321400e-01  0.000000e+00
   outer loop
     vertex  3.277274e+00  5.325967e+01  1.500000e+01
     vertex  3.277274e+00  5.325967e+01  0.000000e+00
     vertex  3.312383e+00  5.333294e+01  0.000000e+00
   endloop
 endfacet
 facet normal  9.018065e-01 -4.321400e-01  0.000000e+00
   outer loop
     vertex  3.277274e+00  5.325967e+01  1.500000e+01
     vertex  3.312383e+00  5.333294e+01  0.000000e+00
     vertex  3.312383e+00  5.333294e+01  1.500000e+01
   endloop
 endfacet
 facet normal  9.131779e-01 -4.075612e-01  0.000000e+00
   outer loop
     vertex  3.244161e+00  5.318548e+01  1.500000e+01
     vertex  3.244161e+00  5.318548e+01  0.000000e+00
     vertex  3.277274e+00  5.325967e+01  0.000000e+00
   endloop
 endfacet
 facet normal  9.131779e-01 -4.075612e-01  0.000000e+00
   outer loop
     vertex  3.244161e+00  5.318548e+01  1.500000e+01
     vertex  3.277274e+00  5.325967e+01  0.000000e+00
     vertex  3.277274e+00  5.325967e+01  1.500000e+01
   endloop
 endfacet
 facet normal  9.238795e-01 -3.826834e-01  0.000000e+00
   outer loop
     vertex  3.213070e+00  5.311041e+01  1.500000e+01
     vertex  3.213070e+00  5.311041e+01  0.000000e+00
     vertex  3.244161e+00  5.318548e+01  0.000000e+00
   endloop
 endfacet
 facet normal  9.238795e-01 -3.826834e-01  0.000000e+00
   outer loop
     vertex  3.213070e+00  5.311041e+01  1.500000e+01
     vertex  3.244161e+00  5.318548e+01  0.000000e+00
     vertex  3.244161e+00  5.318548e+01  1.500000e+01
   endloop
 endfacet
 facet normal  9.339036e-01 -3.575250e-01  0.000000e+00
   outer loop
     vertex  3.184023e+00  5.303454e+01  1.500000e+01
     vertex  3.213070e+00  5.311041e+01  0.000000e+00
     vertex  3.213070e+00  5.311041e+01  1.500000e+01
   endloop
 endfacet
 facet normal  9.339036e-01 -3.575250e-01  0.000000e+00
   outer loop
     vertex  3.184023e+00  5.303454e+01  1.500000e+01
     vertex  3.184023e+00  5.303454e+01  0.000000e+00
     vertex  3.213070e+00  5.311041e+01  0.000000e+00
   endloop
 endfacet
 facet normal  9.432426e-01 -3.321044e-01  0.000000e+00
   outer loop
     vertex  3.184023e+00  5.303454e+01  1.500000e+01
     vertex  3.157040e+00  5.295790e+01  0.000000e+00
     vertex  3.184023e+00  5.303454e+01  0.000000e+00
   endloop
 endfacet
 facet normal  9.432426e-01 -3.321044e-01  0.000000e+00
   outer loop
     vertex  3.157040e+00  5.295790e+01  1.500000e+01
     vertex  3.157040e+00  5.295790e+01  0.000000e+00
     vertex  3.184023e+00  5.303454e+01  1.500000e+01
   endloop
 endfacet
 facet normal  9.518899e-01 -3.064401e-01  0.000000e+00
   outer loop
     vertex  3.132144e+00  5.288057e+01  1.500000e+01
     vertex  3.132144e+00  5.288057e+01  0.000000e+00
     vertex  3.157040e+00  5.295790e+01  0.000000e+00
   endloop
 endfacet
 facet normal  9.518899e-01 -3.064401e-01  0.000000e+00
   outer loop
     vertex  3.132144e+00  5.288057e+01  1.500000e+01
     vertex  3.157040e+00  5.295790e+01  0.000000e+00
     vertex  3.157040e+00  5.295790e+01  1.500000e+01
   endloop
 endfacet
 facet normal  9.598391e-01 -2.805512e-01  0.000000e+00
   outer loop
     vertex  3.109350e+00  5.280259e+01  1.500000e+01
     vertex  3.109350e+00  5.280259e+01  0.000000e+00
     vertex  3.132144e+00  5.288057e+01  0.000000e+00
   endloop
 endfacet
 facet normal  9.598391e-01 -2.805512e-01  0.000000e+00
   outer loop
     vertex  3.109350e+00  5.280259e+01  1.500000e+01
     vertex  3.132144e+00  5.288057e+01  0.000000e+00
     vertex  3.132144e+00  5.288057e+01  1.500000e+01
   endloop
 endfacet
 facet normal  9.670842e-01 -2.544564e-01  0.000000e+00
   outer loop
     vertex  3.088677e+00  5.272401e+01  1.500000e+01
     vertex  3.088677e+00  5.272401e+01  0.000000e+00
     vertex  3.109350e+00  5.280259e+01  0.000000e+00
   endloop
 endfacet
 facet normal  9.670842e-01 -2.544564e-01  0.000000e+00
   outer loop
     vertex  3.088677e+00  5.272401e+01  1.500000e+01
     vertex  3.109350e+00  5.280259e+01  0.000000e+00
     vertex  3.109350e+00  5.280259e+01  1.500000e+01
   endloop
 endfacet
 facet normal  9.736201e-01 -2.281751e-01  0.000000e+00
   outer loop
     vertex  3.070138e+00  5.264491e+01  1.500000e+01
     vertex  3.070138e+00  5.264491e+01  0.000000e+00
     vertex  3.088677e+00  5.272401e+01  0.000000e+00
   endloop
 endfacet
 facet normal  9.736201e-01 -2.281751e-01  0.000000e+00
   outer loop
     vertex  3.070138e+00  5.264491e+01  1.500000e+01
     vertex  3.088677e+00  5.272401e+01  0.000000e+00
     vertex  3.088677e+00  5.272401e+01  1.500000e+01
   endloop
 endfacet
 facet normal  9.794419e-01 -2.017264e-01  0.000000e+00
   outer loop
     vertex  3.053749e+00  5.256534e+01  1.500000e+01
     vertex  3.053749e+00  5.256534e+01  0.000000e+00
     vertex  3.070138e+00  5.264491e+01  0.000000e+00
   endloop
 endfacet
 facet normal  9.794419e-01 -2.017264e-01  0.000000e+00
   outer loop
     vertex  3.053749e+00  5.256534e+01  1.500000e+01
     vertex  3.070138e+00  5.264491e+01  0.000000e+00
     vertex  3.070138e+00  5.264491e+01  1.500000e+01
   endloop
 endfacet
 facet normal  9.845454e-01 -1.751297e-01  0.000000e+00
   outer loop
     vertex  3.039520e+00  5.248535e+01  1.500000e+01
     vertex  3.039520e+00  5.248535e+01  0.000000e+00
     vertex  3.053749e+00  5.256534e+01  0.000000e+00
   endloop
 endfacet
 facet normal  9.845454e-01 -1.751297e-01  0.000000e+00
   outer loop
     vertex  3.039520e+00  5.248535e+01  1.500000e+01
     vertex  3.053749e+00  5.256534e+01  0.000000e+00
     vertex  3.053749e+00  5.256534e+01  1.500000e+01
   endloop
 endfacet
 facet normal  9.889267e-01 -1.484046e-01  0.000000e+00
   outer loop
     vertex  3.027463e+00  5.240500e+01  1.500000e+01
     vertex  3.027463e+00  5.240500e+01  0.000000e+00
     vertex  3.039520e+00  5.248535e+01  0.000000e+00
   endloop
 endfacet
 facet normal  9.889267e-01 -1.484046e-01  0.000000e+00
   outer loop
     vertex  3.027463e+00  5.240500e+01  1.500000e+01
     vertex  3.039520e+00  5.248535e+01  0.000000e+00
     vertex  3.039520e+00  5.248535e+01  1.500000e+01
   endloop
 endfacet
 facet normal  9.925828e-01 -1.215707e-01  0.000000e+00
   outer loop
     vertex  3.017586e+00  5.232436e+01  1.500000e+01
     vertex  3.017586e+00  5.232436e+01  0.000000e+00
     vertex  3.027463e+00  5.240500e+01  0.000000e+00
   endloop
 endfacet
 facet normal  9.925828e-01 -1.215707e-01  0.000000e+00
   outer loop
     vertex  3.017586e+00  5.232436e+01  1.500000e+01
     vertex  3.027463e+00  5.240500e+01  0.000000e+00
     vertex  3.027463e+00  5.240500e+01  1.500000e+01
   endloop
 endfacet
 facet normal  9.955108e-01 -9.464755e-02  0.000000e+00
   outer loop
     vertex  3.009896e+00  5.224348e+01  1.500000e+01
     vertex  3.009896e+00  5.224348e+01  0.000000e+00
     vertex  3.017586e+00  5.232436e+01  0.000000e+00
   endloop
 endfacet
 facet normal  9.955108e-01 -9.464755e-02  0.000000e+00
   outer loop
     vertex  3.009896e+00  5.224348e+01  1.500000e+01
     vertex  3.017586e+00  5.232436e+01  0.000000e+00
     vertex  3.017586e+00  5.232436e+01  1.500000e+01
   endloop
 endfacet
 facet normal  9.977088e-01 -6.765502e-02  0.000000e+00
   outer loop
     vertex  3.004400e+00  5.216242e+01  1.500000e+01
     vertex  3.004400e+00  5.216242e+01  0.000000e+00
     vertex  3.009896e+00  5.224348e+01  0.000000e+00
   endloop
 endfacet
 facet normal  9.977088e-01 -6.765502e-02  0.000000e+00
   outer loop
     vertex  3.004400e+00  5.216242e+01  1.500000e+01
     vertex  3.009896e+00  5.224348e+01  0.000000e+00
     vertex  3.009896e+00  5.224348e+01  1.500000e+01
   endloop
 endfacet
 facet normal  9.991750e-01 -4.061287e-02  0.000000e+00
   outer loop
     vertex  3.001100e+00  5.208124e+01  1.500000e+01
     vertex  3.001100e+00  5.208124e+01  0.000000e+00
     vertex  3.004400e+00  5.216242e+01  0.000000e+00
   endloop
 endfacet
 facet normal  9.991750e-01 -4.061287e-02  0.000000e+00
   outer loop
     vertex  3.001100e+00  5.208124e+01  1.500000e+01
     vertex  3.004400e+00  5.216242e+01  0.000000e+00
     vertex  3.004400e+00  5.216242e+01  1.500000e+01
   endloop
 endfacet
 facet normal  9.999083e-01 -1.354093e-02  0.000000e+00
   outer loop
     vertex  3.000000e+00  5.200000e+01  1.500000e+01
     vertex  3.001100e+00  5.208124e+01  0.000000e+00
     vertex  3.001100e+00  5.208124e+01  1.500000e+01
   endloop
 endfacet
 facet normal  9.999083e-01 -1.354093e-02  0.000000e+00
   outer loop
     vertex  3.000000e+00  5.200000e+01  1.500000e+01
     vertex  3.000000e+00  5.200000e+01  0.000000e+00
     vertex  3.001100e+00  5.208124e+01  0.000000e+00
   endloop
 endfacet
 facet normal  0.000000e+00 -1.000000e+00 -0.000000e+00
   outer loop
     vertex  8.600000e+01  5.500000e+01  1.500000e+01
     vertex  6.000000e+00  5.500000e+01  0.000000e+00
     vertex  8.600000e+01  5.500000e+01  0.000000e+00
   endloop
 endfacet
 facet normal -0.000000e+00 -1.000000e+00  0.000000e+00
   outer loop
     vertex  8.600000e+01  5.500000e+01  1.500000e+01
     vertex  6.000000e+00  5.500000e+01  1.500000e+01
     vertex  6.000000e+00  5.500000e+01  0.000000e+00
   endloop
 endfacet
 facet normal -9.999083e-01 -1.354093e-02  0.000000e+00
   outer loop
     vertex  8.899890e+01  5.208124e+01  1.500000e+01
     vertex  8.900000e+01  5.200000e+01  0.000000e+00
     vertex  8.900000e+01  5.200000e+01  1.500000e+01
   endloop
 endfacet
 facet normal -9.999083e-01 -1.354093e-02 -0.000000e+00
   outer loop
     vertex  8.899890e+01  5.208124e+01  1.500000e+01
     vertex  8.899890e+01  5.208124e+01  0.000000e+00
     vertex  8.900000e+01  5.200000e+01  0.000000e+00
   endloop
 endfacet
 facet normal -9.991750e-01 -4.061287e-02  0.000000e+00
   outer loop
     vertex  8.899560e+01  5.216242e+01  1.500000e+01
     vertex  8.899890e+01  5.208124e+01  0.000000e+00
     vertex  8.899890e+01  5.208124e+01  1.500000e+01
   endloop
 endfacet
 facet normal -9.991750e-01 -4.061287e-02 -0.000000e+00
   outer loop
     vertex  8.899560e+01  5.216242e+01  1.500000e+01
     vertex  8.899560e+01  5.216242e+01  0.000000e+00
     vertex  8.899890e+01  5.208124e+01  0.000000e+00
   endloop
 endfacet
 facet normal -9.977088e-01 -6.765502e-02  0.000000e+00
   outer loop
     vertex  8.899010e+01  5.224348e+01  1.500000e+01
     vertex  8.899560e+01  5.216242e+01  0.000000e+00
     vertex  8.899560e+01  5.216242e+01  1.500000e+01
   endloop
 endfacet
 facet normal -9.977088e-01 -6.765502e-02 -0.000000e+00
   outer loop
     vertex  8.899010e+01  5.224348e+01  1.500000e+01
     vertex  8.899010e+01  5.224348e+01  0.000000e+00
     vertex  8.899560e+01  5.216242e+01  0.000000e+00
   endloop
 endfacet
 facet normal -9.955108e-01 -9.464755e-02  0.000000e+00
   outer loop
     vertex  8.898241e+01  5.232436e+01  1.500000e+01
     vertex  8.899010e+01  5.224348e+01  0.000000e+00
     vertex  8.899010e+01  5.224348e+01  1.500000e+01
   endloop
 endfacet
 facet normal -9.955108e-01 -9.464755e-02 -0.000000e+00
   outer loop
     vertex  8.898241e+01  5.232436e+01  1.500000e+01
     vertex  8.898241e+01  5.232436e+01  0.000000e+00
     vertex  8.899010e+01  5.224348e+01  0.000000e+00
   endloop
 endfacet
 facet normal -9.925828e-01 -1.215707e-01  0.000000e+00
   outer loop
     vertex  8.897254e+01  5.240500e+01  1.500000e+01
     vertex  8.898241e+01  5.232436e+01  0.000000e+00
     vertex  8.898241e+01  5.232436e+01  1.500000e+01
   endloop
 endfacet
 facet normal -9.925828e-01 -1.215707e-01 -0.000000e+00
   outer loop
     vertex  8.897254e+01  5.240500e+01  1.500000e+01
     vertex  8.897254e+01  5.240500e+01  0.000000e+00
     vertex  8.898241e+01  5.232436e+01  0.000000e+00
   endloop
 endfacet
 facet normal -9.889267e-01 -1.484046e-01 -0.000000e+00
   outer loop
     vertex  8.897254e+01  5.240500e+01  1.500000e+01
     vertex  8.896048e+01  5.248535e+01  0.000000e+00
     vertex  8.897254e+01  5.240500e+01  0.000000e+00
   endloop
 endfacet
 facet normal -9.889267e-01 -1.484046e-01 -0.000000e+00
   outer loop
     vertex  8.896048e+01  5.248535e+01  1.500000e+01
     vertex  8.896048e+01  5.248535e+01  0.000000e+00
     vertex  8.897254e+01  5.240500e+01  1.500000e+01
   endloop
 endfacet
 facet normal -9.845454e-01 -1.751297e-01  0.000000e+00
   outer loop
     vertex  8.894625e+01  5.256534e+01  1.500000e+01
     vertex  8.896048e+01  5.248535e+01  0.000000e+00
     vertex  8.896048e+01  5.248535e+01  1.500000e+01
   endloop
 endfacet
 facet normal -9.845454e-01 -1.751297e-01 -0.000000e+00
   outer loop
     vertex  8.894625e+01  5.256534e+01  1.500000e+01
     vertex  8.894625e+01  5.256534e+01  0.000000e+00
     vertex  8.896048e+01  5.248535e+01  0.000000e+00
   endloop
 endfacet
 facet normal -9.794419e-01 -2.017264e-01 -0.000000e+00
   outer loop
     vertex  8.894625e+01  5.256534e+01  1.500000e+01
     vertex  8.892986e+01  5.264491e+01  0.000000e+00
     vertex  8.894625e+01  5.256534e+01  0.000000e+00
   endloop
 endfacet
 facet normal -9.794419e-01 -2.017264e-01 -0.000000e+00
   outer loop
     vertex  8.892986e+01  5.264491e+01  1.500000e+01
     vertex  8.892986e+01  5.264491e+01  0.000000e+00
     vertex  8.894625e+01  5.256534e+01  1.500000e+01
   endloop
 endfacet
 facet normal -9.736201e-01 -2.281751e-01  0.000000e+00
   outer loop
     vertex  8.891132e+01  5.272401e+01  1.500000e+01
     vertex  8.892986e+01  5.264491e+01  0.000000e+00
     vertex  8.892986e+01  5.264491e+01  1.500000e+01
   endloop
 endfacet
 facet normal -9.736201e-01 -2.281751e-01 -0.000000e+00
   outer loop
     vertex  8.891132e+01  5.272401e+01  1.500000e+01
     vertex  8.891132e+01  5.272401e+01  0.000000e+00
     vertex  8.892986e+01  5.264491e+01  0.000000e+00
   endloop
 endfacet
 facet normal -9.670842e-01 -2.544564e-01  0.000000e+00
   outer loop
     vertex  8.889065e+01  5.280259e+01  1.500000e+01
     vertex  8.891132e+01  5.272401e+01  0.000000e+00
     vertex  8.891132e+01  5.272401e+01  1.500000e+01
   endloop
 endfacet
 facet normal -9.670842e-01 -2.544564e-01 -0.000000e+00
   outer loop
     vertex  8.889065e+01  5.280259e+01  1.500000e+01
     vertex  8.889065e+01  5.280259e+01  0.000000e+00
     vertex  8.891132e+01  5.272401e+01  0.000000e+00
   endloop
 endfacet
 facet normal -9.598391e-01 -2.805512e-01 -0.000000e+00
   outer loop
     vertex  8.889065e+01  5.280259e+01  1.500000e+01
     vertex  8.886786e+01  5.288057e+01  0.000000e+00
     vertex  8.889065e+01  5.280259e+01  0.000000e+00
   endloop
 endfacet
 facet normal -9.598391e-01 -2.805512e-01 -0.000000e+00
   outer loop
     vertex  8.886786e+01  5.288057e+01  1.500000e+01
     vertex  8.886786e+01  5.288057e+01  0.000000e+00
     vertex  8.889065e+01  5.280259e+01  1.500000e+01
   endloop
 endfacet
 facet normal -9.518899e-01 -3.064401e-01  0.000000e+00
   outer loop
     vertex  8.884296e+01  5.295790e+01  1.500000e+01
     vertex  8.886786e+01  5.288057e+01  0.000000e+00
     vertex  8.886786e+01  5.288057e+01  1.500000e+01
   endloop
 endfacet
 facet normal -9.518899e-01 -3.064401e-01 -0.000000e+00
   outer loop
     vertex  8.884296e+01  5.295790e+01  1.500000e+01
     vertex  8.884296e+01  5.295790e+01  0.000000e+00
     vertex  8.886786e+01  5.288057e+01  0.000000e+00
   endloop
 endfacet
 facet normal -9.432426e-01 -3.321044e-01 -0.000000e+00
   outer loop
     vertex  8.884296e+01  5.295790e+01  1.500000e+01
     vertex  8.881598e+01  5.303454e+01  0.000000e+00
     vertex  8.884296e+01  5.295790e+01  0.000000e+00
   endloop
 endfacet
 facet normal -9.432426e-01 -3.321044e-01 -0.000000e+00
   outer loop
     vertex  8.881598e+01  5.303454e+01  1.500000e+01
     vertex  8.881598e+01  5.303454e+01  0.000000e+00
     vertex  8.884296e+01  5.295790e+01  1.500000e+01
   endloop
 endfacet
 facet normal -9.339036e-01 -3.575250e-01 -0.000000e+00
   outer loop
     vertex  8.878693e+01  5.311041e+01  1.500000e+01
     vertex  8.878693e+01  5.311041e+01  0.000000e+00
     vertex  8.881598e+01  5.303454e+01  0.000000e+00
   endloop
 endfacet
 facet normal -9.238795e-01 -3.826834e-01 -0.000000e+00
   outer loop
     vertex  8.878693e+01  5.311041e+01  1.500000e+01
     vertex  8.875584e+01  5.318548e+01  0.000000e+00
     vertex  8.878693e+01  5.311041e+01  0.000000e+00
   endloop
 endfacet
 facet normal -9.339036e-01 -3.575250e-01  0.000000e+00
   outer loop
     vertex  8.878693e+01  5.311041e+01  1.500000e+01
     vertex  8.881598e+01  5.303454e+01  0.000000e+00
     vertex  8.881598e+01  5.303454e+01  1.500000e+01
   endloop
 endfacet
 facet normal -9.238795e-01 -3.826834e-01 -0.000000e+00
   outer loop
     vertex  8.875584e+01  5.318548e+01  1.500000e+01
     vertex  8.875584e+01  5.318548e+01  0.000000e+00
     vertex  8.878693e+01  5.311041e+01  1.500000e+01
   endloop
 endfacet
 facet normal -9.131779e-01 -4.075612e-01 -0.000000e+00
   outer loop
     vertex  8.872273e+01  5.325967e+01  1.500000e+01
     vertex  8.872273e+01  5.325967e+01  0.000000e+00
     vertex  8.875584e+01  5.318548e+01  0.000000e+00
   endloop
 endfacet
 facet normal -9.018065e-01 -4.321400e-01 -0.000000e+00
   outer loop
     vertex  8.872273e+01  5.325967e+01  1.500000e+01
     vertex  8.868762e+01  5.333294e+01  0.000000e+00
     vertex  8.872273e+01  5.325967e+01  0.000000e+00
   endloop
 endfacet
 facet normal -9.131779e-01 -4.075612e-01  0.000000e+00
   outer loop
     vertex  8.872273e+01  5.325967e+01  1.500000e+01
     vertex  8.875584e+01  5.318548e+01  0.000000e+00
     vertex  8.875584e+01  5.318548e+01  1.500000e+01
   endloop
 endfacet
 facet normal -9.018065e-01 -4.321400e-01 -0.000000e+00
   outer loop
     vertex  8.868762e+01  5.333294e+01  1.500000e+01
     vertex  8.868762e+01  5.333294e+01  0.000000e+00
     vertex  8.872273e+01  5.325967e+01  1.500000e+01
   endloop
 endfacet
 facet normal -8.897737e-01 -4.564019e-01 -0.000000e+00
   outer loop
     vertex  8.865054e+01  5.340523e+01  1.500000e+01
     vertex  8.865054e+01  5.340523e+01  0.000000e+00
     vertex  8.868762e+01  5.333294e+01  0.000000e+00
   endloop
 endfacet
 facet normal -8.897737e-01 -4.564019e-01  0.000000e+00
   outer loop
     vertex  8.865054e+01  5.340523e+01  1.500000e+01
     vertex  8.868762e+01  5.333294e+01  0.000000e+00
     vertex  8.868762e+01  5.333294e+01  1.500000e+01
   endloop
 endfacet
 facet normal -8.770884e-01 -4.803291e-01 -0.000000e+00
   outer loop
     vertex  8.861151e+01  5.347648e+01  1.500000e+01
     vertex  8.861151e+01  5.347648e+01  0.000000e+00
     vertex  8.865054e+01  5.340523e+01  0.000000e+00
   endloop
 endfacet
 facet normal -8.770884e-01 -4.803291e-01  0.000000e+00
   outer loop
     vertex  8.861151e+01  5.347648e+01  1.500000e+01
     vertex  8.865054e+01  5.340523e+01  0.000000e+00
     vertex  8.865054e+01  5.340523e+01  1.500000e+01
   endloop
 endfacet
 facet normal -8.637597e-01 -5.039039e-01 -0.000000e+00
   outer loop
     vertex  8.857057e+01  5.354666e+01  1.500000e+01
     vertex  8.857057e+01  5.354666e+01  0.000000e+00
     vertex  8.861151e+01  5.347648e+01  0.000000e+00
   endloop
 endfacet
 facet normal -8.497975e-01 -5.271092e-01 -0.000000e+00
   outer loop
     vertex  8.857057e+01  5.354666e+01  1.500000e+01
     vertex  8.852775e+01  5.361570e+01  0.000000e+00
     vertex  8.857057e+01  5.354666e+01  0.000000e+00
   endloop
 endfacet
 facet normal -8.637597e-01 -5.039039e-01  0.000000e+00
   outer loop
     vertex  8.857057e+01  5.354666e+01  1.500000e+01
     vertex  8.861151e+01  5.347648e+01  0.000000e+00
     vertex  8.861151e+01  5.347648e+01  1.500000e+01
   endloop
 endfacet
 facet normal -8.497975e-01 -5.271092e-01 -0.000000e+00
   outer loop
     vertex  8.852775e+01  5.361570e+01  1.500000e+01
     vertex  8.852775e+01  5.361570e+01  0.000000e+00
     vertex  8.857057e+01  5.354666e+01  1.500000e+01
   endloop
 endfacet
 facet normal -8.352121e-01 -5.499279e-01  0.000000e+00
   outer loop
     vertex  8.848307e+01  5.368356e+01  1.500000e+01
     vertex  8.852775e+01  5.361570e+01  0.000000e+00
     vertex  8.852775e+01  5.361570e+01  1.500000e+01
   endloop
 endfacet
 facet normal -8.352121e-01 -5.499279e-01 -0.000000e+00
   outer loop
     vertex  8.848307e+01  5.368356e+01  1.500000e+01
     vertex  8.848307e+01  5.368356e+01  0.000000e+00
     vertex  8.852775e+01  5.361570e+01  0.000000e+00
   endloop
 endfacet
 facet normal -8.200141e-01 -5.723433e-01  0.000000e+00
   outer loop
     vertex  8.843657e+01  5.375018e+01  1.500000e+01
     vertex  8.848307e+01  5.368356e+01  0.000000e+00
     vertex  8.848307e+01  5.368356e+01  1.500000e+01
   endloop
 endfacet
 facet normal -8.200141e-01 -5.723433e-01 -0.000000e+00
   outer loop
     vertex  8.843657e+01  5.375018e+01  1.500000e+01
     vertex  8.843657e+01  5.375018e+01  0.000000e+00
     vertex  8.848307e+01  5.368356e+01  0.000000e+00
   endloop
 endfacet
 facet normal -8.042147e-01 -5.943389e-01  0.000000e+00
   outer loop
     vertex  8.838828e+01  5.381552e+01  1.500000e+01
     vertex  8.843657e+01  5.375018e+01  0.000000e+00
     vertex  8.843657e+01  5.375018e+01  1.500000e+01
   endloop
 endfacet
 facet normal -8.042147e-01 -5.943389e-01 -0.000000e+00
   outer loop
     vertex  8.838828e+01  5.381552e+01  1.500000e+01
     vertex  8.838828e+01  5.381552e+01  0.000000e+00
     vertex  8.843657e+01  5.375018e+01  0.000000e+00
   endloop
 endfacet
 facet normal -7.878255e-01 -6.158986e-01  0.000000e+00
   outer loop
     vertex  8.833824e+01  5.387953e+01  1.500000e+01
     vertex  8.838828e+01  5.381552e+01  0.000000e+00
     vertex  8.838828e+01  5.381552e+01  1.500000e+01
   endloop
 endfacet
 facet normal -7.878255e-01 -6.158986e-01 -0.000000e+00
   outer loop
     vertex  8.833824e+01  5.387953e+01  1.500000e+01
     vertex  8.833824e+01  5.387953e+01  0.000000e+00
     vertex  8.838828e+01  5.381552e+01  0.000000e+00
   endloop
 endfacet
 facet normal -7.708584e-01 -6.370065e-01 -0.000000e+00
   outer loop
     vertex  8.833824e+01  5.387953e+01  1.500000e+01
     vertex  8.828649e+01  5.394216e+01  0.000000e+00
     vertex  8.833824e+01  5.387953e+01  0.000000e+00
   endloop
 endfacet
 facet normal -7.708584e-01 -6.370065e-01 -0.000000e+00
   outer loop
     vertex  8.828649e+01  5.394216e+01  1.500000e+01
     vertex  8.828649e+01  5.394216e+01  0.000000e+00
     vertex  8.833824e+01  5.387953e+01  1.500000e+01
   endloop
 endfacet
 facet normal -7.533260e-01 -6.576473e-01  0.000000e+00
   outer loop
     vertex  8.823306e+01  5.400336e+01  1.500000e+01
     vertex  8.828649e+01  5.394216e+01  0.000000e+00
     vertex  8.828649e+01  5.394216e+01  1.500000e+01
   endloop
 endfacet
 facet normal -7.533260e-01 -6.576473e-01 -0.000000e+00
   outer loop
     vertex  8.823306e+01  5.400336e+01  1.500000e+01
     vertex  8.823306e+01  5.400336e+01  0.000000e+00
     vertex  8.828649e+01  5.394216e+01  0.000000e+00
   endloop
 endfacet
 facet normal -7.352410e-01 -6.778058e-01  0.000000e+00
   outer loop
     vertex  8.817799e+01  5.406310e+01  1.500000e+01
     vertex  8.823306e+01  5.400336e+01  0.000000e+00
     vertex  8.823306e+01  5.400336e+01  1.500000e+01
   endloop
 endfacet
 facet normal -7.352410e-01 -6.778058e-01 -0.000000e+00
   outer loop
     vertex  8.817799e+01  5.406310e+01  1.500000e+01
     vertex  8.817799e+01  5.406310e+01  0.000000e+00
     vertex  8.823306e+01  5.400336e+01  0.000000e+00
   endloop
 endfacet
 facet normal -7.166168e-01 -6.974671e-01  0.000000e+00
   outer loop
     vertex  8.812132e+01  5.412132e+01  1.500000e+01
     vertex  8.817799e+01  5.406310e+01  0.000000e+00
     vertex  8.817799e+01  5.406310e+01  1.500000e+01
   endloop
 endfacet
 facet normal -7.166168e-01 -6.974671e-01 -0.000000e+00
   outer loop
     vertex  8.812132e+01  5.412132e+01  1.500000e+01
     vertex  8.812132e+01  5.412132e+01  0.000000e+00
     vertex  8.817799e+01  5.406310e+01  0.000000e+00
   endloop
 endfacet
 facet normal -6.974671e-01 -7.166168e-01  0.000000e+00
   outer loop
     vertex  8.806310e+01  5.417799e+01  1.500000e+01
     vertex  8.812132e+01  5.412132e+01  0.000000e+00
     vertex  8.812132e+01  5.412132e+01  1.500000e+01
   endloop
 endfacet
 facet normal -6.974671e-01 -7.166168e-01 -0.000000e+00
   outer loop
     vertex  8.806310e+01  5.417799e+01  1.500000e+01
     vertex  8.806310e+01  5.417799e+01  0.000000e+00
     vertex  8.812132e+01  5.412132e+01  0.000000e+00
   endloop
 endfacet
 facet normal -6.778058e-01 -7.352410e-01  0.000000e+00
   outer loop
     vertex  8.800336e+01  5.423306e+01  1.500000e+01
     vertex  8.806310e+01  5.417799e+01  0.000000e+00
     vertex  8.806310e+01  5.417799e+01  1.500000e+01
   endloop
 endfacet
 facet normal -6.778058e-01 -7.352410e-01 -0.000000e+00
   outer loop
     vertex  8.800336e+01  5.423306e+01  1.500000e+01
     vertex  8.800336e+01  5.423306e+01  0.000000e+00
     vertex  8.806310e+01  5.417799e+01  0.000000e+00
   endloop
 endfacet
 facet normal -6.576473e-01 -7.533260e-01 -0.000000e+00
   outer loop
     vertex  8.800336e+01  5.423306e+01  1.500000e+01
     vertex  8.794216e+01  5.428649e+01  0.000000e+00
     vertex  8.800336e+01  5.423306e+01  0.000000e+00
   endloop
 endfacet
 facet normal -6.576473e-01 -7.533260e-01 -0.000000e+00
   outer loop
     vertex  8.794216e+01  5.428649e+01  1.500000e+01
     vertex  8.794216e+01  5.428649e+01  0.000000e+00
     vertex  8.800336e+01  5.423306e+01  1.500000e+01
   endloop
 endfacet
 facet normal -6.370065e-01 -7.708584e-01  0.000000e+00
   outer loop
     vertex  8.787953e+01  5.433824e+01  1.500000e+01
     vertex  8.794216e+01  5.428649e+01  0.000000e+00
     vertex  8.794216e+01  5.428649e+01  1.500000e+01
   endloop
 endfacet
 facet normal -6.370065e-01 -7.708584e-01 -0.000000e+00
   outer loop
     vertex  8.787953e+01  5.433824e+01  1.500000e+01
     vertex  8.787953e+01  5.433824e+01  0.000000e+00
     vertex  8.794216e+01  5.428649e+01  0.000000e+00
   endloop
 endfacet
 facet normal -6.158986e-01 -7.878255e-01  0.000000e+00
   outer loop
     vertex  8.781552e+01  5.438828e+01  1.500000e+01
     vertex  8.787953e+01  5.433824e+01  0.000000e+00
     vertex  8.787953e+01  5.433824e+01  1.500000e+01
   endloop
 endfacet
 facet normal -6.158986e-01 -7.878255e-01 -0.000000e+00
   outer loop
     vertex  8.781552e+01  5.438828e+01  1.500000e+01
     vertex  8.781552e+01  5.438828e+01  0.000000e+00
     vertex  8.787953e+01  5.433824e+01  0.000000e+00
   endloop
 endfacet
 facet normal -5.943389e-01 -8.042147e-01 -0.000000e+00
   outer loop
     vertex  8.781552e+01  5.438828e+01  1.500000e+01
     vertex  8.775018e+01  5.443657e+01  0.000000e+00
     vertex  8.781552e+01  5.438828e+01  0.000000e+00
   endloop
 endfacet
 facet normal -5.943389e-01 -8.042147e-01 -0.000000e+00
   outer loop
     vertex  8.775018e+01  5.443657e+01  1.500000e+01
     vertex  8.775018e+01  5.443657e+01  0.000000e+00
     vertex  8.781552e+01  5.438828e+01  1.500000e+01
   endloop
 endfacet
 facet normal -5.723433e-01 -8.200141e-01  0.000000e+00
   outer loop
     vertex  8.768356e+01  5.448307e+01  1.500000e+01
     vertex  8.775018e+01  5.443657e+01  0.000000e+00
     vertex  8.775018e+01  5.443657e+01  1.500000e+01
   endloop
 endfacet
 facet normal -5.723433e-01 -8.200141e-01 -0.000000e+00
   outer loop
     vertex  8.768356e+01  5.448307e+01  1.500000e+01
     vertex  8.768356e+01  5.448307e+01  0.000000e+00
     vertex  8.775018e+01  5.443657e+01  0.000000e+00
   endloop
 endfacet
 facet normal -5.499279e-01 -8.352121e-01  0.000000e+00
   outer loop
     vertex  8.761570e+01  5.452775e+01  1.500000e+01
     vertex  8.768356e+01  5.448307e+01  0.000000e+00
     vertex  8.768356e+01  5.448307e+01  1.500000e+01
   endloop
 endfacet
 facet normal -5.499279e-01 -8.352121e-01 -0.000000e+00
   outer loop
     vertex  8.761570e+01  5.452775e+01  1.500000e+01
     vertex  8.761570e+01  5.452775e+01  0.000000e+00
     vertex  8.768356e+01  5.448307e+01  0.000000e+00
   endloop
 endfacet
 facet normal -5.271092e-01 -8.497975e-01  0.000000e+00
   outer loop
     vertex  8.754666e+01  5.457057e+01  1.500000e+01
     vertex  8.761570e+01  5.452775e+01  0.000000e+00
     vertex  8.761570e+01  5.452775e+01  1.500000e+01
   endloop
 endfacet
 facet normal -5.271092e-01 -8.497975e-01 -0.000000e+00
   outer loop
     vertex  8.754666e+01  5.457057e+01  1.500000e+01
     vertex  8.754666e+01  5.457057e+01  0.000000e+00
     vertex  8.761570e+01  5.452775e+01  0.000000e+00
   endloop
 endfacet
 facet normal -5.039039e-01 -8.637597e-01 -0.000000e+00
   outer loop
     vertex  8.754666e+01  5.457057e+01  1.500000e+01
     vertex  8.747648e+01  5.461151e+01  0.000000e+00
     vertex  8.754666e+01  5.457057e+01  0.000000e+00
   endloop
 endfacet
 facet normal -5.039039e-01 -8.637597e-01 -0.000000e+00
   outer loop
     vertex  8.747648e+01  5.461151e+01  1.500000e+01
     vertex  8.747648e+01  5.461151e+01  0.000000e+00
     vertex  8.754666e+01  5.457057e+01  1.500000e+01
   endloop
 endfacet
 facet normal -4.803291e-01 -8.770884e-01  0.000000e+00
   outer loop
     vertex  8.740523e+01  5.465054e+01  1.500000e+01
     vertex  8.747648e+01  5.461151e+01  0.000000e+00
     vertex  8.747648e+01  5.461151e+01  1.500000e+01
   endloop
 endfacet
 facet normal -4.803291e-01 -8.770884e-01 -0.000000e+00
   outer loop
     vertex  8.740523e+01  5.465054e+01  1.500000e+01
     vertex  8.740523e+01  5.465054e+01  0.000000e+00
     vertex  8.747648e+01  5.461151e+01  0.000000e+00
   endloop
 endfacet
 facet normal -4.321400e-01 -9.018065e-01 -0.000000e+00
   outer loop
     vertex  8.733294e+01  5.468762e+01  1.500000e+01
     vertex  8.725967e+01  5.472273e+01  0.000000e+00
     vertex  8.733294e+01  5.468762e+01  0.000000e+00
   endloop
 endfacet
 facet normal -4.564019e-01 -8.897737e-01  0.000000e+00
   outer loop
     vertex  8.733294e+01  5.468762e+01  1.500000e+01
     vertex  8.740523e+01  5.465054e+01  0.000000e+00
     vertex  8.740523e+01  5.465054e+01  1.500000e+01
   endloop
 endfacet
 facet normal -4.564019e-01 -8.897737e-01 -0.000000e+00
   outer loop
     vertex  8.733294e+01  5.468762e+01  1.500000e+01
     vertex  8.733294e+01  5.468762e+01  0.000000e+00
     vertex  8.740523e+01  5.465054e+01  0.000000e+00
   endloop
 endfacet
 facet normal -4.321400e-01 -9.018065e-01 -0.000000e+00
   outer loop
     vertex  8.725967e+01  5.472273e+01  1.500000e+01
     vertex  8.725967e+01  5.472273e+01  0.000000e+00
     vertex  8.733294e+01  5.468762e+01  1.500000e+01
   endloop
 endfacet
 facet normal -4.075612e-01 -9.131779e-01 -0.000000e+00
   outer loop
     vertex  8.718548e+01  5.475584e+01  1.500000e+01
     vertex  8.718548e+01  5.475584e+01  0.000000e+00
     vertex  8.725967e+01  5.472273e+01  0.000000e+00
   endloop
 endfacet
 facet normal -3.826834e-01 -9.238795e-01 -0.000000e+00
   outer loop
     vertex  8.718548e+01  5.475584e+01  1.500000e+01
     vertex  8.711041e+01  5.478693e+01  0.000000e+00
     vertex  8.718548e+01  5.475584e+01  0.000000e+00
   endloop
 endfacet
 facet normal -4.075612e-01 -9.131779e-01  0.000000e+00
   outer loop
     vertex  8.718548e+01  5.475584e+01  1.500000e+01
     vertex  8.725967e+01  5.472273e+01  0.000000e+00
     vertex  8.725967e+01  5.472273e+01  1.500000e+01
   endloop
 endfacet
 facet normal -3.575250e-01 -9.339036e-01 -0.000000e+00
   outer loop
     vertex  8.711041e+01  5.478693e+01  1.500000e+01
     vertex  8.703454e+01  5.481598e+01  0.000000e+00
     vertex  8.711041e+01  5.478693e+01  0.000000e+00
   endloop
 endfacet
 facet normal -3.826834e-01 -9.238795e-01 -0.000000e+00
   outer loop
     vertex  8.711041e+01  5.478693e+01  1.500000e+01
     vertex  8.711041e+01  5.478693e+01  0.000000e+00
     vertex  8.718548e+01  5.475584e+01  1.500000e+01
   endloop
 endfacet
 facet normal -3.575250e-01 -9.339036e-01 -0.000000e+00
   outer loop
     vertex  8.703454e+01  5.481598e+01  1.500000e+01
     vertex  8.703454e+01  5.481598e+01  0.000000e+00
     vertex  8.711041e+01  5.478693e+01  1.500000e+01
   endloop
 endfacet
 facet normal -3.321044e-01 -9.432426e-01 -0.000000e+00
   outer loop
     vertex  8.695790e+01  5.484296e+01  1.500000e+01
     vertex  8.695790e+01  5.484296e+01  0.000000e+00
     vertex  8.703454e+01  5.481598e+01  0.000000e+00
   endloop
 endfacet
 facet normal -3.321044e-01 -9.432426e-01  0.000000e+00
   outer loop
     vertex  8.695790e+01  5.484296e+01  1.500000e+01
     vertex  8.703454e+01  5.481598e+01  0.000000e+00
     vertex  8.703454e+01  5.481598e+01  1.500000e+01
   endloop
 endfacet
 facet normal -3.064401e-01 -9.518899e-01 -0.000000e+00
   outer loop
     vertex  8.695790e+01  5.484296e+01  1.500000e+01
     vertex  8.688057e+01  5.486786e+01  0.000000e+00
     vertex  8.695790e+01  5.484296e+01  0.000000e+00
   endloop
 endfacet
 facet normal -3.064401e-01 -9.518899e-01 -0.000000e+00
   outer loop
     vertex  8.688057e+01  5.486786e+01  1.500000e+01
     vertex  8.688057e+01  5.486786e+01  0.000000e+00
     vertex  8.695790e+01  5.484296e+01  1.500000e+01
   endloop
 endfacet
 facet normal -2.805512e-01 -9.598391e-01 -0.000000e+00
   outer loop
     vertex  8.680259e+01  5.489065e+01  1.500000e+01
     vertex  8.680259e+01  5.489065e+01  0.000000e+00
     vertex  8.688057e+01  5.486786e+01  0.000000e+00
   endloop
 endfacet
 facet normal -2.805512e-01 -9.598391e-01  0.000000e+00
   outer loop
     vertex  8.680259e+01  5.489065e+01  1.500000e+01
     vertex  8.688057e+01  5.486786e+01  0.000000e+00
     vertex  8.688057e+01  5.486786e+01  1.500000e+01
   endloop
 endfacet
 facet normal -2.544564e-01 -9.670842e-01 -0.000000e+00
   outer loop
     vertex  8.672401e+01  5.491132e+01  1.500000e+01
     vertex  8.672401e+01  5.491132e+01  0.000000e+00
     vertex  8.680259e+01  5.489065e+01  0.000000e+00
   endloop
 endfacet
 facet normal -2.544564e-01 -9.670842e-01  0.000000e+00
   outer loop
     vertex  8.672401e+01  5.491132e+01  1.500000e+01
     vertex  8.680259e+01  5.489065e+01  0.000000e+00
     vertex  8.680259e+01  5.489065e+01  1.500000e+01
   endloop
 endfacet
 facet normal -2.281751e-01 -9.736201e-01 -0.000000e+00
   outer loop
     vertex  8.664491e+01  5.492986e+01  1.500000e+01
     vertex  8.664491e+01  5.492986e+01  0.000000e+00
     vertex  8.672401e+01  5.491132e+01  0.000000e+00
   endloop
 endfacet
 facet normal -2.281751e-01 -9.736201e-01  0.000000e+00
   outer loop
     vertex  8.664491e+01  5.492986e+01  1.500000e+01
     vertex  8.672401e+01  5.491132e+01  0.000000e+00
     vertex  8.672401e+01  5.491132e+01  1.500000e+01
   endloop
 endfacet
 facet normal -2.017264e-01 -9.794419e-01 -0.000000e+00
   outer loop
     vertex  8.656534e+01  5.494625e+01  1.500000e+01
     vertex  8.656534e+01  5.494625e+01  0.000000e+00
     vertex  8.664491e+01  5.492986e+01  0.000000e+00
   endloop
 endfacet
 facet normal -2.017264e-01 -9.794419e-01  0.000000e+00
   outer loop
     vertex  8.656534e+01  5.494625e+01  1.500000e+01
     vertex  8.664491e+01  5.492986e+01  0.000000e+00
     vertex  8.664491e+01  5.492986e+01  1.500000e+01
   endloop
 endfacet
 facet normal -1.751297e-01 -9.845454e-01 -0.000000e+00
   outer loop
     vertex  8.648535e+01  5.496048e+01  1.500000e+01
     vertex  8.648535e+01  5.496048e+01  0.000000e+00
     vertex  8.656534e+01  5.494625e+01  0.000000e+00
   endloop
 endfacet
 facet normal -1.484046e-01 -9.889267e-01 -0.000000e+00
   outer loop
     vertex  8.648535e+01  5.496048e+01  1.500000e+01
     vertex  8.640500e+01  5.497254e+01  0.000000e+00
     vertex  8.648535e+01  5.496048e+01  0.000000e+00
   endloop
 endfacet
 facet normal -1.751297e-01 -9.845454e-01  0.000000e+00
   outer loop
     vertex  8.648535e+01  5.496048e+01  1.500000e+01
     vertex  8.656534e+01  5.494625e+01  0.000000e+00
     vertex  8.656534e+01  5.494625e+01  1.500000e+01
   endloop
 endfacet
 facet normal -1.484046e-01 -9.889267e-01 -0.000000e+00
   outer loop
     vertex  8.640500e+01  5.497254e+01  1.500000e+01
     vertex  8.640500e+01  5.497254e+01  0.000000e+00
     vertex  8.648535e+01  5.496048e+01  1.500000e+01
   endloop
 endfacet
 facet normal -1.215707e-01 -9.925828e-01 -0.000000e+00
   outer loop
     vertex  8.640500e+01  5.497254e+01  1.500000e+01
     vertex  8.632436e+01  5.498241e+01  0.000000e+00
     vertex  8.640500e+01  5.497254e+01  0.000000e+00
   endloop
 endfacet
 facet normal -1.215707e-01 -9.925828e-01 -0.000000e+00
   outer loop
     vertex  8.632436e+01  5.498241e+01  1.500000e+01
     vertex  8.632436e+01  5.498241e+01  0.000000e+00
     vertex  8.640500e+01  5.497254e+01  1.500000e+01
   endloop
 endfacet
 facet normal -9.464755e-02 -9.955108e-01 -0.000000e+00
   outer loop
     vertex  8.624348e+01  5.499010e+01  1.500000e+01
     vertex  8.624348e+01  5.499010e+01  0.000000e+00
     vertex  8.632436e+01  5.498241e+01  0.000000e+00
   endloop
 endfacet
 facet normal -6.765502e-02 -9.977088e-01 -0.000000e+00
   outer loop
     vertex  8.624348e+01  5.499010e+01  1.500000e+01
     vertex  8.616242e+01  5.499560e+01  0.000000e+00
     vertex  8.624348e+01  5.499010e+01  0.000000e+00
   endloop
 endfacet
 facet normal -9.464755e-02 -9.955108e-01  0.000000e+00
   outer loop
     vertex  8.624348e+01  5.499010e+01  1.500000e+01
     vertex  8.632436e+01  5.498241e+01  0.000000e+00
     vertex  8.632436e+01  5.498241e+01  1.500000e+01
   endloop
 endfacet
 facet normal -6.765502e-02 -9.977088e-01 -0.000000e+00
   outer loop
     vertex  8.616242e+01  5.499560e+01  1.500000e+01
     vertex  8.616242e+01  5.499560e+01  0.000000e+00
     vertex  8.624348e+01  5.499010e+01  1.500000e+01
   endloop
 endfacet
 facet normal -4.061287e-02 -9.991750e-01 -0.000000e+00
   outer loop
     vertex  8.608124e+01  5.499890e+01  1.500000e+01
     vertex  8.608124e+01  5.499890e+01  0.000000e+00
     vertex  8.616242e+01  5.499560e+01  0.000000e+00
   endloop
 endfacet
 facet normal -4.061287e-02 -9.991750e-01  0.000000e+00
   outer loop
     vertex  8.608124e+01  5.499890e+01  1.500000e+01
     vertex  8.616242e+01  5.499560e+01  0.000000e+00
     vertex  8.616242e+01  5.499560e+01  1.500000e+01
   endloop
 endfacet
 facet normal -1.354093e-02 -9.999083e-01 -0.000000e+00
   outer loop
     vertex  8.600000e+01  5.500000e+01  1.500000e+01
     vertex  8.600000e+01  5.500000e+01  0.000000e+00
     vertex  8.608124e+01  5.499890e+01  0.000000e+00
   endloop
 endfacet
 facet normal -1.354093e-02 -9.999083e-01  0.000000e+00
   outer loop
     vertex  8.600000e+01  5.500000e+01  1.500000e+01
     vertex  8.608124e+01  5.499890e+01  0.000000e+00
     vertex  8.608124e+01  5.499890e+01  1.500000e+01
   endloop
 endfacet
 facet normal -1.000000e+00  0.000000e+00  0.000000e+00
   outer loop
     vertex  8.900000e+01  6.000000e+00  1.500000e+01
     vertex  8.900000e+01  5.200000e+01  0.000000e+00
     vertex  8.900000e+01  6.000000e+00  0.000000e+00
   endloop
 endfacet
 facet normal -1.000000e+00  0.000000e+00  0.000000e+00
   outer loop
     vertex  8.900000e+01  6.000000e+00  1.500000e+01
     vertex  8.900000e+01  5.200000e+01  1.500000e+01
     vertex  8.900000e+01  5.200000e+01  0.000000e+00
   endloop
 endfacet
 facet normal -1.354093e-02  9.999083e-01  0.000000e+00
   outer loop
     vertex  8.600000e+01  3.000000e+00  1.500000e+01
     vertex  8.608124e+01  3.001100e+00  0.000000e+00
     vertex  8.600000e+01  3.000000e+00  0.000000e+00
   endloop
 endfacet
 facet normal -1.354093e-02  9.999083e-01  0.000000e+00
   outer loop
     vertex  8.608124e+01  3.001100e+00  1.500000e+01
     vertex  8.608124e+01  3.001100e+00  0.000000e+00
     vertex  8.600000e+01  3.000000e+00  1.500000e+01
   endloop
 endfacet
 facet normal -4.061287e-02  9.991750e-01  0.000000e+00
   outer loop
     vertex  8.616242e+01  3.004400e+00  1.500000e+01
     vertex  8.608124e+01  3.001100e+00  0.000000e+00
     vertex  8.608124e+01  3.001100e+00  1.500000e+01
   endloop
 endfacet
 facet normal -4.061287e-02  9.991750e-01  0.000000e+00
   outer loop
     vertex  8.616242e+01  3.004400e+00  1.500000e+01
     vertex  8.616242e+01  3.004400e+00  0.000000e+00
     vertex  8.608124e+01  3.001100e+00  0.000000e+00
   endloop
 endfacet
 facet normal -6.765502e-02  9.977088e-01  0.000000e+00
   outer loop
     vertex  8.616242e+01  3.004400e+00  1.500000e+01
     vertex  8.624348e+01  3.009896e+00  0.000000e+00
     vertex  8.616242e+01  3.004400e+00  0.000000e+00
   endloop
 endfacet
 facet normal -6.765502e-02  9.977088e-01  0.000000e+00
   outer loop
     vertex  8.624348e+01  3.009896e+00  1.500000e+01
     vertex  8.624348e+01  3.009896e+00  0.000000e+00
     vertex  8.616242e+01  3.004400e+00  1.500000e+01
   endloop
 endfacet
 facet normal -9.464755e-02  9.955108e-01  0.000000e+00
   outer loop
     vertex  8.632436e+01  3.017586e+00  1.500000e+01
     vertex  8.624348e+01  3.009896e+00  0.000000e+00
     vertex  8.624348e+01  3.009896e+00  1.500000e+01
   endloop
 endfacet
 facet normal -9.464755e-02  9.955108e-01  0.000000e+00
   outer loop
     vertex  8.632436e+01  3.017586e+00  1.500000e+01
     vertex  8.632436e+01  3.017586e+00  0.000000e+00
     vertex  8.624348e+01  3.009896e+00  0.000000e+00
   endloop
 endfacet
 facet normal -1.215707e-01  9.925828e-01  0.000000e+00
   outer loop
     vertex  8.640500e+01  3.027463e+00  1.500000e+01
     vertex  8.632436e+01  3.017586e+00  0.000000e+00
     vertex  8.632436e+01  3.017586e+00  1.500000e+01
   endloop
 endfacet
 facet normal -1.215707e-01  9.925828e-01  0.000000e+00
   outer loop
     vertex  8.640500e+01  3.027463e+00  1.500000e+01
     vertex  8.640500e+01  3.027463e+00  0.000000e+00
     vertex  8.632436e+01  3.017586e+00  0.000000e+00
   endloop
 endfacet
 facet normal -1.484046e-01  9.889267e-01  0.000000e+00
   outer loop
     vertex  8.640500e+01  3.027463e+00  1.500000e+01
     vertex  8.648535e+01  3.039520e+00  0.000000e+00
     vertex  8.640500e+01  3.027463e+00  0.000000e+00
   endloop
 endfacet
 facet normal -1.484046e-01  9.889267e-01  0.000000e+00
   outer loop
     vertex  8.648535e+01  3.039520e+00  1.500000e+01
     vertex  8.648535e+01  3.039520e+00  0.000000e+00
     vertex  8.640500e+01  3.027463e+00  1.500000e+01
   endloop
 endfacet
 facet normal -1.751297e-01  9.845454e-01  0.000000e+00
   outer loop
     vertex  8.656534e+01  3.053749e+00  1.500000e+01
     vertex  8.648535e+01  3.039520e+00  0.000000e+00
     vertex  8.648535e+01  3.039520e+00  1.500000e+01
   endloop
 endfacet
 facet normal -1.751297e-01  9.845454e-01  0.000000e+00
   outer loop
     vertex  8.656534e+01  3.053749e+00  1.500000e+01
     vertex  8.656534e+01  3.053749e+00  0.000000e+00
     vertex  8.648535e+01  3.039520e+00  0.000000e+00
   endloop
 endfacet
 facet normal -2.017264e-01  9.794419e-01  0.000000e+00
   outer loop
     vertex  8.656534e+01  3.053749e+00  1.500000e+01
     vertex  8.664491e+01  3.070138e+00  0.000000e+00
     vertex  8.656534e+01  3.053749e+00  0.000000e+00
   endloop
 endfacet
 facet normal -2.017264e-01  9.794419e-01  0.000000e+00
   outer loop
     vertex  8.664491e+01  3.070138e+00  1.500000e+01
     vertex  8.664491e+01  3.070138e+00  0.000000e+00
     vertex  8.656534e+01  3.053749e+00  1.500000e+01
   endloop
 endfacet
 facet normal -2.281751e-01  9.736201e-01  0.000000e+00
   outer loop
     vertex  8.664491e+01  3.070138e+00  1.500000e+01
     vertex  8.672401e+01  3.088677e+00  0.000000e+00
     vertex  8.664491e+01  3.070138e+00  0.000000e+00
   endloop
 endfacet
 facet normal -2.281751e-01  9.736201e-01  0.000000e+00
   outer loop
     vertex  8.672401e+01  3.088677e+00  1.500000e+01
     vertex  8.672401e+01  3.088677e+00  0.000000e+00
     vertex  8.664491e+01  3.070138e+00  1.500000e+01
   endloop
 endfacet
 facet normal -2.544564e-01  9.670842e-01  0.000000e+00
   outer loop
     vertex  8.680259e+01  3.109350e+00  1.500000e+01
     vertex  8.672401e+01  3.088677e+00  0.000000e+00
     vertex  8.672401e+01  3.088677e+00  1.500000e+01
   endloop
 endfacet
 facet normal -2.544564e-01  9.670842e-01  0.000000e+00
   outer loop
     vertex  8.680259e+01  3.109350e+00  1.500000e+01
     vertex  8.680259e+01  3.109350e+00  0.000000e+00
     vertex  8.672401e+01  3.088677e+00  0.000000e+00
   endloop
 endfacet
 facet normal -2.805512e-01  9.598391e-01  0.000000e+00
   outer loop
     vertex  8.680259e+01  3.109350e+00  1.500000e+01
     vertex  8.688057e+01  3.132144e+00  0.000000e+00
     vertex  8.680259e+01  3.109350e+00  0.000000e+00
   endloop
 endfacet
 facet normal -2.805512e-01  9.598391e-01  0.000000e+00
   outer loop
     vertex  8.688057e+01  3.132144e+00  1.500000e+01
     vertex  8.688057e+01  3.132144e+00  0.000000e+00
     vertex  8.680259e+01  3.109350e+00  1.500000e+01
   endloop
 endfacet
 facet normal -3.064401e-01  9.518899e-01  0.000000e+00
   outer loop
     vertex  8.688057e+01  3.132144e+00  1.500000e+01
     vertex  8.695790e+01  3.157040e+00  0.000000e+00
     vertex  8.688057e+01  3.132144e+00  0.000000e+00
   endloop
 endfacet
 facet normal -3.064401e-01  9.518899e-01  0.000000e+00
   outer loop
     vertex  8.695790e+01  3.157040e+00  1.500000e+01
     vertex  8.695790e+01  3.157040e+00  0.000000e+00
     vertex  8.688057e+01  3.132144e+00  1.500000e+01
   endloop
 endfacet
 facet normal -3.321044e-01  9.432426e-01  0.000000e+00
   outer loop
     vertex  8.703454e+01  3.184023e+00  1.500000e+01
     vertex  8.703454e+01  3.184023e+00  0.000000e+00
     vertex  8.695790e+01  3.157040e+00  0.000000e+00
   endloop
 endfacet
 facet normal -3.321044e-01  9.432426e-01  0.000000e+00
   outer loop
     vertex  8.703454e+01  3.184023e+00  1.500000e+01
     vertex  8.695790e+01  3.157040e+00  0.000000e+00
     vertex  8.695790e+01  3.157040e+00  1.500000e+01
   endloop
 endfacet
 facet normal -3.575250e-01  9.339036e-01  0.000000e+00
   outer loop
     vertex  8.711041e+01  3.213070e+00  1.500000e+01
     vertex  8.711041e+01  3.213070e+00  0.000000e+00
     vertex  8.703454e+01  3.184023e+00  0.000000e+00
   endloop
 endfacet
 facet normal -3.826834e-01  9.238795e-01  0.000000e+00
   outer loop
     vertex  8.711041e+01  3.213070e+00  1.500000e+01
     vertex  8.718548e+01  3.244161e+00  0.000000e+00
     vertex  8.711041e+01  3.213070e+00  0.000000e+00
   endloop
 endfacet
 facet normal -3.575250e-01  9.339036e-01  0.000000e+00
   outer loop
     vertex  8.711041e+01  3.213070e+00  1.500000e+01
     vertex  8.703454e+01  3.184023e+00  0.000000e+00
     vertex  8.703454e+01  3.184023e+00  1.500000e+01
   endloop
 endfacet
 facet normal -4.075612e-01  9.131779e-01  0.000000e+00
   outer loop
     vertex  8.718548e+01  3.244161e+00  1.500000e+01
     vertex  8.725967e+01  3.277274e+00  0.000000e+00
     vertex  8.718548e+01  3.244161e+00  0.000000e+00
   endloop
 endfacet
 facet normal -3.826834e-01  9.238795e-01  0.000000e+00
   outer loop
     vertex  8.718548e+01  3.244161e+00  1.500000e+01
     vertex  8.718548e+01  3.244161e+00  0.000000e+00
     vertex  8.711041e+01  3.213070e+00  1.500000e+01
   endloop
 endfacet
 facet normal -4.075612e-01  9.131779e-01  0.000000e+00
   outer loop
     vertex  8.725967e+01  3.277274e+00  1.500000e+01
     vertex  8.725967e+01  3.277274e+00  0.000000e+00
     vertex  8.718548e+01  3.244161e+00  1.500000e+01
   endloop
 endfacet
 facet normal -4.321400e-01  9.018065e-01  0.000000e+00
   outer loop
     vertex  8.733294e+01  3.312383e+00  1.500000e+01
     vertex  8.733294e+01  3.312383e+00  0.000000e+00
     vertex  8.725967e+01  3.277274e+00  0.000000e+00
   endloop
 endfacet
 facet normal -4.321400e-01  9.018065e-01  0.000000e+00
   outer loop
     vertex  8.733294e+01  3.312383e+00  1.500000e+01
     vertex  8.725967e+01  3.277274e+00  0.000000e+00
     vertex  8.725967e+01  3.277274e+00  1.500000e+01
   endloop
 endfacet
 facet normal -4.564019e-01  8.897737e-01  0.000000e+00
   outer loop
     vertex  8.740523e+01  3.349464e+00  1.500000e+01
     vertex  8.740523e+01  3.349464e+00  0.000000e+00
     vertex  8.733294e+01  3.312383e+00  0.000000e+00
   endloop
 endfacet
 facet normal -4.564019e-01  8.897737e-01  0.000000e+00
   outer loop
     vertex  8.740523e+01  3.349464e+00  1.500000e+01
     vertex  8.733294e+01  3.312383e+00  0.000000e+00
     vertex  8.733294e+01  3.312383e+00  1.500000e+01
   endloop
 endfacet
 facet normal -4.803291e-01  8.770884e-01  0.000000e+00
   outer loop
     vertex  8.747648e+01  3.388488e+00  1.500000e+01
     vertex  8.747648e+01  3.388488e+00  0.000000e+00
     vertex  8.740523e+01  3.349464e+00  0.000000e+00
   endloop
 endfacet
 facet normal -4.803291e-01  8.770884e-01  0.000000e+00
   outer loop
     vertex  8.747648e+01  3.388488e+00  1.500000e+01
     vertex  8.740523e+01  3.349464e+00  0.000000e+00
     vertex  8.740523e+01  3.349464e+00  1.500000e+01
   endloop
 endfacet
 facet normal -5.039039e-01  8.637597e-01  0.000000e+00
   outer loop
     vertex  8.754666e+01  3.429428e+00  1.500000e+01
     vertex  8.754666e+01  3.429428e+00  0.000000e+00
     vertex  8.747648e+01  3.388488e+00  0.000000e+00
   endloop
 endfacet
 facet normal -5.039039e-01  8.637597e-01  0.000000e+00
   outer loop
     vertex  8.754666e+01  3.429428e+00  1.500000e+01
     vertex  8.747648e+01  3.388488e+00  0.000000e+00
     vertex  8.747648e+01  3.388488e+00  1.500000e+01
   endloop
 endfacet
 facet normal -5.271092e-01  8.497975e-01  0.000000e+00
   outer loop
     vertex  8.761570e+01  3.472254e+00  1.500000e+01
     vertex  8.754666e+01  3.429428e+00  0.000000e+00
     vertex  8.754666e+01  3.429428e+00  1.500000e+01
   endloop
 endfacet
 facet normal -5.271092e-01  8.497975e-01  0.000000e+00
   outer loop
     vertex  8.761570e+01  3.472254e+00  1.500000e+01
     vertex  8.761570e+01  3.472254e+00  0.000000e+00
     vertex  8.754666e+01  3.429428e+00  0.000000e+00
   endloop
 endfacet
 facet normal -5.499279e-01  8.352121e-01  0.000000e+00
   outer loop
     vertex  8.768356e+01  3.516933e+00  1.500000e+01
     vertex  8.761570e+01  3.472254e+00  0.000000e+00
     vertex  8.761570e+01  3.472254e+00  1.500000e+01
   endloop
 endfacet
 facet normal -5.499279e-01  8.352121e-01  0.000000e+00
   outer loop
     vertex  8.768356e+01  3.516933e+00  1.500000e+01
     vertex  8.768356e+01  3.516933e+00  0.000000e+00
     vertex  8.761570e+01  3.472254e+00  0.000000e+00
   endloop
 endfacet
 facet normal -5.723433e-01  8.200141e-01  0.000000e+00
   outer loop
     vertex  8.775018e+01  3.563433e+00  1.500000e+01
     vertex  8.768356e+01  3.516933e+00  0.000000e+00
     vertex  8.768356e+01  3.516933e+00  1.500000e+01
   endloop
 endfacet
 facet normal -5.723433e-01  8.200141e-01  0.000000e+00
   outer loop
     vertex  8.775018e+01  3.563433e+00  1.500000e+01
     vertex  8.775018e+01  3.563433e+00  0.000000e+00
     vertex  8.768356e+01  3.516933e+00  0.000000e+00
   endloop
 endfacet
 facet normal -5.943389e-01  8.042147e-01  0.000000e+00
   outer loop
     vertex  8.775018e+01  3.563433e+00  1.500000e+01
     vertex  8.781552e+01  3.611721e+00  0.000000e+00
     vertex  8.775018e+01  3.563433e+00  0.000000e+00
   endloop
 endfacet
 facet normal -5.943389e-01  8.042147e-01  0.000000e+00
   outer loop
     vertex  8.781552e+01  3.611721e+00  1.500000e+01
     vertex  8.781552e+01  3.611721e+00  0.000000e+00
     vertex  8.775018e+01  3.563433e+00  1.500000e+01
   endloop
 endfacet
 facet normal -6.158986e-01  7.878255e-01  0.000000e+00
   outer loop
     vertex  8.787953e+01  3.661760e+00  1.500000e+01
     vertex  8.781552e+01  3.611721e+00  0.000000e+00
     vertex  8.781552e+01  3.611721e+00  1.500000e+01
   endloop
 endfacet
 facet normal -6.158986e-01  7.878255e-01  0.000000e+00
   outer loop
     vertex  8.787953e+01  3.661760e+00  1.500000e+01
     vertex  8.787953e+01  3.661760e+00  0.000000e+00
     vertex  8.781552e+01  3.611721e+00  0.000000e+00
   endloop
 endfacet
 facet normal -6.370065e-01  7.708584e-01  0.000000e+00
   outer loop
     vertex  8.794216e+01  3.713514e+00  1.500000e+01
     vertex  8.787953e+01  3.661760e+00  0.000000e+00
     vertex  8.787953e+01  3.661760e+00  1.500000e+01
   endloop
 endfacet
 facet normal -6.370065e-01  7.708584e-01  0.000000e+00
   outer loop
     vertex  8.794216e+01  3.713514e+00  1.500000e+01
     vertex  8.794216e+01  3.713514e+00  0.000000e+00
     vertex  8.787953e+01  3.661760e+00  0.000000e+00
   endloop
 endfacet
 facet normal -6.576473e-01  7.533260e-01  0.000000e+00
   outer loop
     vertex  8.800336e+01  3.766945e+00  1.500000e+01
     vertex  8.794216e+01  3.713514e+00  0.000000e+00
     vertex  8.794216e+01  3.713514e+00  1.500000e+01
   endloop
 endfacet
 facet normal -6.576473e-01  7.533260e-01  0.000000e+00
   outer loop
     vertex  8.800336e+01  3.766945e+00  1.500000e+01
     vertex  8.800336e+01  3.766945e+00  0.000000e+00
     vertex  8.794216e+01  3.713514e+00  0.000000e+00
   endloop
 endfacet
 facet normal -6.778058e-01  7.352410e-01  0.000000e+00
   outer loop
     vertex  8.806310e+01  3.822014e+00  1.500000e+01
     vertex  8.800336e+01  3.766945e+00  0.000000e+00
     vertex  8.800336e+01  3.766945e+00  1.500000e+01
   endloop
 endfacet
 facet normal -6.778058e-01  7.352410e-01  0.000000e+00
   outer loop
     vertex  8.806310e+01  3.822014e+00  1.500000e+01
     vertex  8.806310e+01  3.822014e+00  0.000000e+00
     vertex  8.800336e+01  3.766945e+00  0.000000e+00
   endloop
 endfacet
 facet normal -6.974671e-01  7.166168e-01  0.000000e+00
   outer loop
     vertex  8.812132e+01  3.878680e+00  1.500000e+01
     vertex  8.806310e+01  3.822014e+00  0.000000e+00
     vertex  8.806310e+01  3.822014e+00  1.500000e+01
   endloop
 endfacet
 facet normal -6.974671e-01  7.166168e-01  0.000000e+00
   outer loop
     vertex  8.812132e+01  3.878680e+00  1.500000e+01
     vertex  8.812132e+01  3.878680e+00  0.000000e+00
     vertex  8.806310e+01  3.822014e+00  0.000000e+00
   endloop
 endfacet
 facet normal -7.166168e-01  6.974671e-01  0.000000e+00
   outer loop
     vertex  8.812132e+01  3.878680e+00  1.500000e+01
     vertex  8.817799e+01  3.936902e+00  0.000000e+00
     vertex  8.812132e+01  3.878680e+00  0.000000e+00
   endloop
 endfacet
 facet normal -7.166168e-01  6.974671e-01  0.000000e+00
   outer loop
     vertex  8.817799e+01  3.936902e+00  1.500000e+01
     vertex  8.817799e+01  3.936902e+00  0.000000e+00
     vertex  8.812132e+01  3.878680e+00  1.500000e+01
   endloop
 endfacet
 facet normal -7.352410e-01  6.778058e-01  0.000000e+00
   outer loop
     vertex  8.823306e+01  3.996637e+00  1.500000e+01
     vertex  8.817799e+01  3.936902e+00  0.000000e+00
     vertex  8.817799e+01  3.936902e+00  1.500000e+01
   endloop
 endfacet
 facet normal -7.352410e-01  6.778058e-01  0.000000e+00
   outer loop
     vertex  8.823306e+01  3.996637e+00  1.500000e+01
     vertex  8.823306e+01  3.996637e+00  0.000000e+00
     vertex  8.817799e+01  3.936902e+00  0.000000e+00
   endloop
 endfacet
 facet normal -7.533260e-01  6.576473e-01  0.000000e+00
   outer loop
     vertex  8.828649e+01  4.057841e+00  1.500000e+01
     vertex  8.823306e+01  3.996637e+00  0.000000e+00
     vertex  8.823306e+01  3.996637e+00  1.500000e+01
   endloop
 endfacet
 facet normal -7.533260e-01  6.576473e-01  0.000000e+00
   outer loop
     vertex  8.828649e+01  4.057841e+00  1.500000e+01
     vertex  8.828649e+01  4.057841e+00  0.000000e+00
     vertex  8.823306e+01  3.996637e+00  0.000000e+00
   endloop
 endfacet
 facet normal -7.708584e-01  6.370065e-01  0.000000e+00
   outer loop
     vertex  8.833824e+01  4.120470e+00  1.500000e+01
     vertex  8.828649e+01  4.057841e+00  0.000000e+00
     vertex  8.828649e+01  4.057841e+00  1.500000e+01
   endloop
 endfacet
 facet normal -7.708584e-01  6.370065e-01  0.000000e+00
   outer loop
     vertex  8.833824e+01  4.120470e+00  1.500000e+01
     vertex  8.833824e+01  4.120470e+00  0.000000e+00
     vertex  8.828649e+01  4.057841e+00  0.000000e+00
   endloop
 endfacet
 facet normal -7.878255e-01  6.158986e-01  0.000000e+00
   outer loop
     vertex  8.838828e+01  4.184477e+00  1.500000e+01
     vertex  8.833824e+01  4.120470e+00  0.000000e+00
     vertex  8.833824e+01  4.120470e+00  1.500000e+01
   endloop
 endfacet
 facet normal -7.878255e-01  6.158986e-01  0.000000e+00
   outer loop
     vertex  8.838828e+01  4.184477e+00  1.500000e+01
     vertex  8.838828e+01  4.184477e+00  0.000000e+00
     vertex  8.833824e+01  4.120470e+00  0.000000e+00
   endloop
 endfacet
 facet normal -8.042147e-01  5.943389e-01  0.000000e+00
   outer loop
     vertex  8.843657e+01  4.249816e+00  1.500000e+01
     vertex  8.838828e+01  4.184477e+00  0.000000e+00
     vertex  8.838828e+01  4.184477e+00  1.500000e+01
   endloop
 endfacet
 facet normal -8.042147e-01  5.943389e-01  0.000000e+00
   outer loop
     vertex  8.843657e+01  4.249816e+00  1.500000e+01
     vertex  8.843657e+01  4.249816e+00  0.000000e+00
     vertex  8.838828e+01  4.184477e+00  0.000000e+00
   endloop
 endfacet
 facet normal -8.200141e-01  5.723433e-01  0.000000e+00
   outer loop
     vertex  8.843657e+01  4.249816e+00  1.500000e+01
     vertex  8.848307e+01  4.316439e+00  0.000000e+00
     vertex  8.843657e+01  4.249816e+00  0.000000e+00
   endloop
 endfacet
 facet normal -8.200141e-01  5.723433e-01  0.000000e+00
   outer loop
     vertex  8.848307e+01  4.316439e+00  1.500000e+01
     vertex  8.848307e+01  4.316439e+00  0.000000e+00
     vertex  8.843657e+01  4.249816e+00  1.500000e+01
   endloop
 endfacet
 facet normal -8.352121e-01  5.499279e-01  0.000000e+00
   outer loop
     vertex  8.852775e+01  4.384296e+00  1.500000e+01
     vertex  8.848307e+01  4.316439e+00  0.000000e+00
     vertex  8.848307e+01  4.316439e+00  1.500000e+01
   endloop
 endfacet
 facet normal -8.352121e-01  5.499279e-01  0.000000e+00
   outer loop
     vertex  8.852775e+01  4.384296e+00  1.500000e+01
     vertex  8.852775e+01  4.384296e+00  0.000000e+00
     vertex  8.848307e+01  4.316439e+00  0.000000e+00
   endloop
 endfacet
 facet normal -8.497975e-01  5.271092e-01  0.000000e+00
   outer loop
     vertex  8.852775e+01  4.384296e+00  1.500000e+01
     vertex  8.857057e+01  4.453338e+00  0.000000e+00
     vertex  8.852775e+01  4.384296e+00  0.000000e+00
   endloop
 endfacet
 facet normal -8.497975e-01  5.271092e-01  0.000000e+00
   outer loop
     vertex  8.857057e+01  4.453338e+00  1.500000e+01
     vertex  8.857057e+01  4.453338e+00  0.000000e+00
     vertex  8.852775e+01  4.384296e+00  1.500000e+01
   endloop
 endfacet
 facet normal -8.637597e-01  5.039039e-01  0.000000e+00
   outer loop
     vertex  8.861151e+01  4.523515e+00  1.500000e+01
     vertex  8.857057e+01  4.453338e+00  0.000000e+00
     vertex  8.857057e+01  4.453338e+00  1.500000e+01
   endloop
 endfacet
 facet normal -8.637597e-01  5.039039e-01  0.000000e+00
   outer loop
     vertex  8.861151e+01  4.523515e+00  1.500000e+01
     vertex  8.861151e+01  4.523515e+00  0.000000e+00
     vertex  8.857057e+01  4.453338e+00  0.000000e+00
   endloop
 endfacet
 facet normal -8.770884e-01  4.803291e-01  0.000000e+00
   outer loop
     vertex  8.861151e+01  4.523515e+00  1.500000e+01
     vertex  8.865054e+01  4.594775e+00  0.000000e+00
     vertex  8.861151e+01  4.523515e+00  0.000000e+00
   endloop
 endfacet
 facet normal -8.770884e-01  4.803291e-01  0.000000e+00
   outer loop
     vertex  8.865054e+01  4.594775e+00  1.500000e+01
     vertex  8.865054e+01  4.594775e+00  0.000000e+00
     vertex  8.861151e+01  4.523515e+00  1.500000e+01
   endloop
 endfacet
 facet normal -8.897737e-01  4.564019e-01  0.000000e+00
   outer loop
     vertex  8.868762e+01  4.667065e+00  1.500000e+01
     vertex  8.865054e+01  4.594775e+00  0.000000e+00
     vertex  8.865054e+01  4.594775e+00  1.500000e+01
   endloop
 endfacet
 facet normal -8.897737e-01  4.564019e-01  0.000000e+00
   outer loop
     vertex  8.868762e+01  4.667065e+00  1.500000e+01
     vertex  8.868762e+01  4.667065e+00  0.000000e+00
     vertex  8.865054e+01  4.594775e+00  0.000000e+00
   endloop
 endfacet
 facet normal -9.018065e-01  4.321400e-01  0.000000e+00
   outer loop
     vertex  8.872273e+01  4.740333e+00  1.500000e+01
     vertex  8.872273e+01  4.740333e+00  0.000000e+00
     vertex  8.868762e+01  4.667065e+00  0.000000e+00
   endloop
 endfacet
 facet normal -9.018065e-01  4.321400e-01  0.000000e+00
   outer loop
     vertex  8.872273e+01  4.740333e+00  1.500000e+01
     vertex  8.868762e+01  4.667065e+00  0.000000e+00
     vertex  8.868762e+01  4.667065e+00  1.500000e+01
   endloop
 endfacet
 facet normal -9.131779e-01  4.075612e-01  0.000000e+00
   outer loop
     vertex  8.875584e+01  4.814524e+00  1.500000e+01
     vertex  8.875584e+01  4.814524e+00  0.000000e+00
     vertex  8.872273e+01  4.740333e+00  0.000000e+00
   endloop
 endfacet
 facet normal -9.131779e-01  4.075612e-01  0.000000e+00
   outer loop
     vertex  8.875584e+01  4.814524e+00  1.500000e+01
     vertex  8.872273e+01  4.740333e+00  0.000000e+00
     vertex  8.872273e+01  4.740333e+00  1.500000e+01
   endloop
 endfacet
 facet normal -9.238795e-01  3.826834e-01  0.000000e+00
   outer loop
     vertex  8.878693e+01  4.889586e+00  1.500000e+01
     vertex  8.878693e+01  4.889586e+00  0.000000e+00
     vertex  8.875584e+01  4.814524e+00  0.000000e+00
   endloop
 endfacet
 facet normal -9.238795e-01  3.826834e-01  0.000000e+00
   outer loop
     vertex  8.878693e+01  4.889586e+00  1.500000e+01
     vertex  8.875584e+01  4.814524e+00  0.000000e+00
     vertex  8.875584e+01  4.814524e+00  1.500000e+01
   endloop
 endfacet
 facet normal -9.339036e-01  3.575250e-01  0.000000e+00
   outer loop
     vertex  8.881598e+01  4.965461e+00  1.500000e+01
     vertex  8.878693e+01  4.889586e+00  0.000000e+00
     vertex  8.878693e+01  4.889586e+00  1.500000e+01
   endloop
 endfacet
 facet normal -9.339036e-01  3.575250e-01  0.000000e+00
   outer loop
     vertex  8.881598e+01  4.965461e+00  1.500000e+01
     vertex  8.881598e+01  4.965461e+00  0.000000e+00
     vertex  8.878693e+01  4.889586e+00  0.000000e+00
   endloop
 endfacet
 facet normal -9.432426e-01  3.321044e-01  0.000000e+00
   outer loop
     vertex  8.884296e+01  5.042095e+00  1.500000e+01
     vertex  8.881598e+01  4.965461e+00  0.000000e+00
     vertex  8.881598e+01  4.965461e+00  1.500000e+01
   endloop
 endfacet
 facet normal -9.432426e-01  3.321044e-01  0.000000e+00
   outer loop
     vertex  8.884296e+01  5.042095e+00  1.500000e+01
     vertex  8.884296e+01  5.042095e+00  0.000000e+00
     vertex  8.881598e+01  4.965461e+00  0.000000e+00
   endloop
 endfacet
 facet normal -9.518899e-01  3.064401e-01  0.000000e+00
   outer loop
     vertex  8.884296e+01  5.042095e+00  1.500000e+01
     vertex  8.886786e+01  5.119432e+00  0.000000e+00
     vertex  8.884296e+01  5.042095e+00  0.000000e+00
   endloop
 endfacet
 facet normal -9.518899e-01  3.064401e-01  0.000000e+00
   outer loop
     vertex  8.886786e+01  5.119432e+00  1.500000e+01
     vertex  8.886786e+01  5.119432e+00  0.000000e+00
     vertex  8.884296e+01  5.042095e+00  1.500000e+01
   endloop
 endfacet
 facet normal -9.598391e-01  2.805512e-01  0.000000e+00
   outer loop
     vertex  8.889065e+01  5.197415e+00  1.500000e+01
     vertex  8.889065e+01  5.197415e+00  0.000000e+00
     vertex  8.886786e+01  5.119432e+00  0.000000e+00
   endloop
 endfacet
 facet normal -9.598391e-01  2.805512e-01  0.000000e+00
   outer loop
     vertex  8.889065e+01  5.197415e+00  1.500000e+01
     vertex  8.886786e+01  5.119432e+00  0.000000e+00
     vertex  8.886786e+01  5.119432e+00  1.500000e+01
   endloop
 endfacet
 facet normal -9.670842e-01  2.544564e-01  0.000000e+00
   outer loop
     vertex  8.891132e+01  5.275986e+00  1.500000e+01
     vertex  8.891132e+01  5.275986e+00  0.000000e+00
     vertex  8.889065e+01  5.197415e+00  0.000000e+00
   endloop
 endfacet
 facet normal -9.670842e-01  2.544564e-01  0.000000e+00
   outer loop
     vertex  8.891132e+01  5.275986e+00  1.500000e+01
     vertex  8.889065e+01  5.197415e+00  0.000000e+00
     vertex  8.889065e+01  5.197415e+00  1.500000e+01
   endloop
 endfacet
 facet normal -9.736201e-01  2.281751e-01  0.000000e+00
   outer loop
     vertex  8.892986e+01  5.355089e+00  1.500000e+01
     vertex  8.892986e+01  5.355089e+00  0.000000e+00
     vertex  8.891132e+01  5.275986e+00  0.000000e+00
   endloop
 endfacet
 facet normal -9.736201e-01  2.281751e-01  0.000000e+00
   outer loop
     vertex  8.892986e+01  5.355089e+00  1.500000e+01
     vertex  8.891132e+01  5.275986e+00  0.000000e+00
     vertex  8.891132e+01  5.275986e+00  1.500000e+01
   endloop
 endfacet
 facet normal -9.794419e-01  2.017264e-01  0.000000e+00
   outer loop
     vertex  8.894625e+01  5.434664e+00  1.500000e+01
     vertex  8.894625e+01  5.434664e+00  0.000000e+00
     vertex  8.892986e+01  5.355089e+00  0.000000e+00
   endloop
 endfacet
 facet normal -9.794419e-01  2.017264e-01  0.000000e+00
   outer loop
     vertex  8.894625e+01  5.434664e+00  1.500000e+01
     vertex  8.892986e+01  5.355089e+00  0.000000e+00
     vertex  8.892986e+01  5.355089e+00  1.500000e+01
   endloop
 endfacet
 facet normal -9.845454e-01  1.751297e-01  0.000000e+00
   outer loop
     vertex  8.896048e+01  5.514654e+00  1.500000e+01
     vertex  8.896048e+01  5.514654e+00  0.000000e+00
     vertex  8.894625e+01  5.434664e+00  0.000000e+00
   endloop
 endfacet
 facet normal -9.845454e-01  1.751297e-01  0.000000e+00
   outer loop
     vertex  8.896048e+01  5.514654e+00  1.500000e+01
     vertex  8.894625e+01  5.434664e+00  0.000000e+00
     vertex  8.894625e+01  5.434664e+00  1.500000e+01
   endloop
 endfacet
 facet normal -9.889267e-01  1.484046e-01  0.000000e+00
   outer loop
     vertex  8.897254e+01  5.595000e+00  1.500000e+01
     vertex  8.897254e+01  5.595000e+00  0.000000e+00
     vertex  8.896048e+01  5.514654e+00  0.000000e+00
   endloop
 endfacet
 facet normal -9.889267e-01  1.484046e-01  0.000000e+00
   outer loop
     vertex  8.897254e+01  5.595000e+00  1.500000e+01
     vertex  8.896048e+01  5.514654e+00  0.000000e+00
     vertex  8.896048e+01  5.514654e+00  1.500000e+01
   endloop
 endfacet
 facet normal -9.925828e-01  1.215707e-01  0.000000e+00
   outer loop
     vertex  8.898241e+01  5.675643e+00  1.500000e+01
     vertex  8.898241e+01  5.675643e+00  0.000000e+00
     vertex  8.897254e+01  5.595000e+00  0.000000e+00
   endloop
 endfacet
 facet normal -9.955108e-01  9.464755e-02  0.000000e+00
   outer loop
     vertex  8.898241e+01  5.675643e+00  1.500000e+01
     vertex  8.899010e+01  5.756524e+00  0.000000e+00
     vertex  8.898241e+01  5.675643e+00  0.000000e+00
   endloop
 endfacet
 facet normal -9.925828e-01  1.215707e-01  0.000000e+00
   outer loop
     vertex  8.898241e+01  5.675643e+00  1.500000e+01
     vertex  8.897254e+01  5.595000e+00  0.000000e+00
     vertex  8.897254e+01  5.595000e+00  1.500000e+01
   endloop
 endfacet
 facet normal -9.955108e-01  9.464755e-02  0.000000e+00
   outer loop
     vertex  8.899010e+01  5.756524e+00  1.500000e+01
     vertex  8.899010e+01  5.756524e+00  0.000000e+00
     vertex  8.898241e+01  5.675643e+00  1.500000e+01
   endloop
 endfacet
 facet normal -9.977088e-01  6.765502e-02  0.000000e+00
   outer loop
     vertex  8.899560e+01  5.837583e+00  1.500000e+01
     vertex  8.899560e+01  5.837583e+00  0.000000e+00
     vertex  8.899010e+01  5.756524e+00  0.000000e+00
   endloop
 endfacet
 facet normal -9.991750e-01  4.061287e-02  0.000000e+00
   outer loop
     vertex  8.899560e+01  5.837583e+00  1.500000e+01
     vertex  8.899890e+01  5.918762e+00  0.000000e+00
     vertex  8.899560e+01  5.837583e+00  0.000000e+00
   endloop
 endfacet
 facet normal -9.977088e-01  6.765502e-02  0.000000e+00
   outer loop
     vertex  8.899560e+01  5.837583e+00  1.500000e+01
     vertex  8.899010e+01  5.756524e+00  0.000000e+00
     vertex  8.899010e+01  5.756524e+00  1.500000e+01
   endloop
 endfacet
 facet normal -9.991750e-01  4.061287e-02  2.404765e-18
   outer loop
     vertex  8.899890e+01  5.918762e+00  1.500000e+01
     vertex  8.899890e+01  5.918762e+00  0.000000e+00
     vertex  8.899560e+01  5.837583e+00  1.500000e+01
   endloop
 endfacet
 facet normal -9.999083e-01  1.354093e-02  8.017843e-19
   outer loop
     vertex  8.899890e+01  5.918762e+00  1.500000e+01
     vertex  8.900000e+01  6.000000e+00  0.000000e+00
     vertex  8.899890e+01  5.918762e+00  0.000000e+00
   endloop
 endfacet
 facet normal -9.999083e-01  1.354093e-02  0.000000e+00
   outer loop
     vertex  8.900000e+01  6.000000e+00  1.500000e+01
     vertex  8.900000e+01  6.000000e+00  0.000000e+00
     vertex  8.899890e+01  5.918762e+00  1.500000e+01
   endloop
 endfacet
 facet normal  0.000000e+00  1.000000e+00  0.000000e+00
   outer loop
     vertex  6.000000e+00  3.000000e+00  1.500000e+01
     vertex  1.400000e+01  3.000000e+00  3.000000e+00
     vertex  6.000000e+00  3.000000e+00  0.000000e+00
   endloop
 endfacet
 facet normal  0.000000e+00  1.000000e+00  0.000000e+00
   outer loop
     vertex  2.400000e+01  3.000000e+00  3.000000e+00
     vertex  6.000000e+00  3.000000e+00  0.000000e+00
     vertex  1.400000e+01  3.000000e+00  3.000000e+00
   endloop
 endfacet
 facet normal  0.000000e+00  1.000000e+00  0.000000e+00
   outer loop
     vertex  1.400000e+01  3.000000e+00  1.500000e+01
     vertex  1.400000e+01  3.000000e+00  3.000000e+00
     vertex  6.000000e+00  3.000000e+00  1.500000e+01
   endloop
 endfacet
 facet normal  0.000000e+00  1.000000e+00  0.000000e+00
   outer loop
     vertex  3.200000e+01  3.000000e+00  1.500000e+01
     vertex  2.400000e+01  3.000000e+00  3.000000e+00
     vertex  2.400000e+01  3.000000e+00  1.500000e+01
   endloop
 endfacet
 facet normal  0.000000e+00  1.000000e+00  0.000000e+00
   outer loop
     vertex  3.200000e+01  3.000000e+00  1.500000e+01
     vertex  3.200000e+01  3.000000e+00  3.000000e+00
     vertex  2.400000e+01  3.000000e+00  3.000000e+00
   endloop
 endfacet
 facet normal  0.000000e+00  1.000000e+00  0.000000e+00
   outer loop
     vertex  5.000000e+01  3.000000e+00  1.500000e+01
     vertex  4.200000e+01  3.000000e+00  3.000000e+00
     vertex  4.200000e+01  3.000000e+00  1.500000e+01
   endloop
 endfacet
 facet normal  0.000000e+00  1.000000e+00  0.000000e+00
   outer loop
     vertex  5.000000e+01  3.000000e+00  1.500000e+01
     vertex  5.000000e+01  3.000000e+00  3.000000e+00
     vertex  4.200000e+01  3.000000e+00  3.000000e+00
   endloop
 endfacet
 facet normal  0.000000e+00  1.000000e+00  0.000000e+00
   outer loop
     vertex  6.800000e+01  3.000000e+00  1.500000e+01
     vertex  6.000000e+01  3.000000e+00  3.000000e+00
     vertex  6.000000e+01  3.000000e+00  1.500000e+01
   endloop
 endfacet
 facet normal  0.000000e+00  1.000000e+00  0.000000e+00
   outer loop
     vertex  6.800000e+01  3.000000e+00  1.500000e+01
     vertex  6.800000e+01  3.000000e+00  3.000000e+00
     vertex  6.000000e+01  3.000000e+00  3.000000e+00
   endloop
 endfacet
 facet normal  0.000000e+00  1.000000e+00  0.000000e+00
   outer loop
     vertex  8.600000e+01  3.000000e+00  0.000000e+00
     vertex  6.800000e+01  3.000000e+00  3.000000e+00
     vertex  7.800000e+01  3.000000e+00  3.000000e+00
   endloop
 endfacet
 facet normal  0.000000e+00  1.000000e+00  0.000000e+00
   outer loop
     vertex  8.600000e+01  3.000000e+00  1.500000e+01
     vertex  7.800000e+01  3.000000e+00  3.000000e+00
     vertex  7.800000e+01  3.000000e+00  1.500000e+01
   endloop
 endfacet
 facet normal  0.000000e+00  1.000000e+00  0.000000e+00
   outer loop
     vertex  8.600000e+01  3.000000e+00  1.500000e+01
     vertex  8.600000e+01  3.000000e+00  0.000000e+00
     vertex  7.800000e+01  3.000000e+00  3.000000e+00
   endloop
 endfacet
 facet normal  0.000000e+00  1.000000e+00  0.000000e+00
   outer loop
     vertex  8.600000e+01  3.000000e+00  0.000000e+00
     vertex  6.000000e+00  3.000000e+00  0.000000e+00
     vertex  2.400000e+01  3.000000e+00  3.000000e+00
   endloop
 endfacet
 facet normal  0.000000e+00  1.000000e+00  0.000000e+00
   outer loop
     vertex  8.600000e+01  3.000000e+00  0.000000e+00
     vertex  2.400000e+01  3.000000e+00  3.000000e+00
     vertex  3.200000e+01  3.000000e+00  3.000000e+00
   endloop
 endfacet
 facet normal  0.000000e+00  1.000000e+00  0.000000e+00
   outer loop
     vertex  8.600000e+01  3.000000e+00  0.000000e+00
     vertex  3.200000e+01  3.000000e+00  3.000000e+00
     vertex  4.200000e+01  3.000000e+00  3.000000e+00
   endloop
 endfacet
 facet normal  0.000000e+00  1.000000e+00  0.000000e+00
   outer loop
     vertex  8.600000e+01  3.000000e+00  0.000000e+00
     vertex  4.200000e+01  3.000000e+00  3.000000e+00
     vertex  5.000000e+01  3.000000e+00  3.000000e+00
   endloop
 endfacet
 facet normal  0.000000e+00  1.000000e+00  0.000000e+00
   outer loop
     vertex  8.600000e+01  3.000000e+00  0.000000e+00
     vertex  5.000000e+01  3.000000e+00  3.000000e+00
     vertex  6.000000e+01  3.000000e+00  3.000000e+00
   endloop
 endfacet
 facet normal  0.000000e+00  1.000000e+00  0.000000e+00
   outer loop
     vertex  8.600000e+01  3.000000e+00  0.000000e+00
     vertex  6.000000e+01  3.000000e+00  3.000000e+00
     vertex  6.800000e+01  3.000000e+00  3.000000e+00
   endloop
 endfacet
 facet normal  9.999083e-01  1.354093e-02  0.000000e+00
   outer loop
     vertex  3.000000e+00  6.000000e+00  1.500000e+01
     vertex  3.001100e+00  5.918762e+00  0.000000e+00
     vertex  3.000000e+00  6.000000e+00  0.000000e+00
   endloop
 endfacet
 facet normal  9.999083e-01  1.354093e-02  0.000000e+00
   outer loop
     vertex  3.001100e+00  5.918762e+00  1.500000e+01
     vertex  3.001100e+00  5.918762e+00  0.000000e+00
     vertex  3.000000e+00  6.000000e+00  1.500000e+01
   endloop
 endfacet
 facet normal  9.991750e-01  4.061287e-02  0.000000e+00
   outer loop
     vertex  3.004400e+00  5.837583e+00  1.500000e+01
     vertex  3.001100e+00  5.918762e+00  0.000000e+00
     vertex  3.001100e+00  5.918762e+00  1.500000e+01
   endloop
 endfacet
 facet normal  9.991750e-01  4.061287e-02  0.000000e+00
   outer loop
     vertex  3.004400e+00  5.837583e+00  1.500000e+01
     vertex  3.004400e+00  5.837583e+00  0.000000e+00
     vertex  3.001100e+00  5.918762e+00  0.000000e+00
   endloop
 endfacet
 facet normal  9.977088e-01  6.765502e-02  0.000000e+00
   outer loop
     vertex  3.004400e+00  5.837583e+00  1.500000e+01
     vertex  3.009896e+00  5.756524e+00  0.000000e+00
     vertex  3.004400e+00  5.837583e+00  0.000000e+00
   endloop
 endfacet
 facet normal  9.977088e-01  6.765502e-02  0.000000e+00
   outer loop
     vertex  3.009896e+00  5.756524e+00  1.500000e+01
     vertex  3.009896e+00  5.756524e+00  0.000000e+00
     vertex  3.004400e+00  5.837583e+00  1.500000e+01
   endloop
 endfacet
 facet normal  9.955108e-01  9.464755e-02  0.000000e+00
   outer loop
     vertex  3.017586e+00  5.675643e+00  1.500000e+01
     vertex  3.009896e+00  5.756524e+00  0.000000e+00
     vertex  3.009896e+00  5.756524e+00  1.500000e+01
   endloop
 endfacet
 facet normal  9.955108e-01  9.464755e-02  0.000000e+00
   outer loop
     vertex  3.017586e+00  5.675643e+00  1.500000e+01
     vertex  3.017586e+00  5.675643e+00  0.000000e+00
     vertex  3.009896e+00  5.756524e+00  0.000000e+00
   endloop
 endfacet
 facet normal  9.925828e-01  1.215707e-01  0.000000e+00
   outer loop
     vertex  3.027463e+00  5.595000e+00  1.500000e+01
     vertex  3.017586e+00  5.675643e+00  0.000000e+00
     vertex  3.017586e+00  5.675643e+00  1.500000e+01
   endloop
 endfacet
 facet normal  9.925828e-01  1.215707e-01  0.000000e+00
   outer loop
     vertex  3.027463e+00  5.595000e+00  1.500000e+01
     vertex  3.027463e+00  5.595000e+00  0.000000e+00
     vertex  3.017586e+00  5.675643e+00  0.000000e+00
   endloop
 endfacet
 facet normal  9.889267e-01  1.484046e-01  0.000000e+00
   outer loop
     vertex  3.027463e+00  5.595000e+00  1.500000e+01
     vertex  3.039520e+00  5.514654e+00  0.000000e+00
     vertex  3.027463e+00  5.595000e+00  0.000000e+00
   endloop
 endfacet
 facet normal  9.889267e-01  1.484046e-01 -8.787318e-18
   outer loop
     vertex  3.039520e+00  5.514654e+00  1.500000e+01
     vertex  3.039520e+00  5.514654e+00  0.000000e+00
     vertex  3.027463e+00  5.595000e+00  1.500000e+01
   endloop
 endfacet
 facet normal  9.845454e-01  1.751297e-01 -1.049787e-17
   outer loop
     vertex  3.053749e+00  5.434664e+00  1.500000e+01
     vertex  3.039520e+00  5.514654e+00  0.000000e+00
     vertex  3.039520e+00  5.514654e+00  1.500000e+01
   endloop
 endfacet
 facet normal  9.845454e-01  1.751297e-01  0.000000e+00
   outer loop
     vertex  3.053749e+00  5.434664e+00  1.500000e+01
     vertex  3.053749e+00  5.434664e+00  0.000000e+00
     vertex  3.039520e+00  5.514654e+00  0.000000e+00
   endloop
 endfacet
 facet normal  9.794419e-01  2.017264e-01  0.000000e+00
   outer loop
     vertex  3.053749e+00  5.434664e+00  1.500000e+01
     vertex  3.070138e+00  5.355089e+00  0.000000e+00
     vertex  3.053749e+00  5.434664e+00  0.000000e+00
   endloop
 endfacet
 facet normal  9.794419e-01  2.017264e-01  0.000000e+00
   outer loop
     vertex  3.070138e+00  5.355089e+00  1.500000e+01
     vertex  3.070138e+00  5.355089e+00  0.000000e+00
     vertex  3.053749e+00  5.434664e+00  1.500000e+01
   endloop
 endfacet
 facet normal  9.736201e-01  2.281751e-01  0.000000e+00
   outer loop
     vertex  3.070138e+00  5.355089e+00  1.500000e+01
     vertex  3.088677e+00  5.275986e+00  0.000000e+00
     vertex  3.070138e+00  5.355089e+00  0.000000e+00
   endloop
 endfacet
 facet normal  9.736201e-01  2.281751e-01  0.000000e+00
   outer loop
     vertex  3.088677e+00  5.275986e+00  1.500000e+01
     vertex  3.088677e+00  5.275986e+00  0.000000e+00
     vertex  3.070138e+00  5.355089e+00  1.500000e+01
   endloop
 endfacet
 facet normal  9.670842e-01  2.544564e-01  0.000000e+00
   outer loop
     vertex  3.109350e+00  5.197415e+00  1.500000e+01
     vertex  3.088677e+00  5.275986e+00  0.000000e+00
     vertex  3.088677e+00  5.275986e+00  1.500000e+01
   endloop
 endfacet
 facet normal  9.670842e-01  2.544564e-01 -1.506685e-17
   outer loop
     vertex  3.109350e+00  5.197415e+00  1.500000e+01
     vertex  3.109350e+00  5.197415e+00  0.000000e+00
     vertex  3.088677e+00  5.275986e+00  0.000000e+00
   endloop
 endfacet
 facet normal  9.598391e-01  2.805512e-01 -1.661197e-17
   outer loop
     vertex  3.109350e+00  5.197415e+00  1.500000e+01
     vertex  3.132144e+00  5.119432e+00  0.000000e+00
     vertex  3.109350e+00  5.197415e+00  0.000000e+00
   endloop
 endfacet
 facet normal  9.598391e-01  2.805512e-01  0.000000e+00
   outer loop
     vertex  3.132144e+00  5.119432e+00  1.500000e+01
     vertex  3.132144e+00  5.119432e+00  0.000000e+00
     vertex  3.109350e+00  5.197415e+00  1.500000e+01
   endloop
 endfacet
 facet normal  9.518899e-01  3.064401e-01  0.000000e+00
   outer loop
     vertex  3.132144e+00  5.119432e+00  1.500000e+01
     vertex  3.157040e+00  5.042095e+00  0.000000e+00
     vertex  3.132144e+00  5.119432e+00  0.000000e+00
   endloop
 endfacet
 facet normal  9.518899e-01  3.064401e-01  0.000000e+00
   outer loop
     vertex  3.157040e+00  5.042095e+00  1.500000e+01
     vertex  3.157040e+00  5.042095e+00  0.000000e+00
     vertex  3.132144e+00  5.119432e+00  1.500000e+01
   endloop
 endfacet
 facet normal  9.432426e-01  3.321044e-01  0.000000e+00
   outer loop
     vertex  3.184023e+00  4.965461e+00  1.500000e+01
     vertex  3.184023e+00  4.965461e+00  0.000000e+00
     vertex  3.157040e+00  5.042095e+00  0.000000e+00
   endloop
 endfacet
 facet normal  9.432426e-01  3.321044e-01  0.000000e+00
   outer loop
     vertex  3.184023e+00  4.965461e+00  1.500000e+01
     vertex  3.157040e+00  5.042095e+00  0.000000e+00
     vertex  3.157040e+00  5.042095e+00  1.500000e+01
   endloop
 endfacet
 facet normal  9.339036e-01  3.575250e-01  0.000000e+00
   outer loop
     vertex  3.213070e+00  4.889586e+00  1.500000e+01
     vertex  3.213070e+00  4.889586e+00  0.000000e+00
     vertex  3.184023e+00  4.965461e+00  0.000000e+00
   endloop
 endfacet
 facet normal  9.238795e-01  3.826834e-01  0.000000e+00
   outer loop
     vertex  3.213070e+00  4.889586e+00  1.500000e+01
     vertex  3.244161e+00  4.814524e+00  0.000000e+00
     vertex  3.213070e+00  4.889586e+00  0.000000e+00
   endloop
 endfacet
 facet normal  9.339036e-01  3.575250e-01  0.000000e+00
   outer loop
     vertex  3.213070e+00  4.889586e+00  1.500000e+01
     vertex  3.184023e+00  4.965461e+00  0.000000e+00
     vertex  3.184023e+00  4.965461e+00  1.500000e+01
   endloop
 endfacet
 facet normal  9.131779e-01  4.075612e-01  0.000000e+00
   outer loop
     vertex  3.244161e+00  4.814524e+00  1.500000e+01
     vertex  3.277274e+00  4.740333e+00  0.000000e+00
     vertex  3.244161e+00  4.814524e+00  0.000000e+00
   endloop
 endfacet
 facet normal  9.238795e-01  3.826834e-01  0.000000e+00
   outer loop
     vertex  3.244161e+00  4.814524e+00  1.500000e+01
     vertex  3.244161e+00  4.814524e+00  0.000000e+00
     vertex  3.213070e+00  4.889586e+00  1.500000e+01
   endloop
 endfacet
 facet normal  9.131779e-01  4.075612e-01  0.000000e+00
   outer loop
     vertex  3.277274e+00  4.740333e+00  1.500000e+01
     vertex  3.277274e+00  4.740333e+00  0.000000e+00
     vertex  3.244161e+00  4.814524e+00  1.500000e+01
   endloop
 endfacet
 facet normal  9.018065e-01  4.321400e-01  0.000000e+00
   outer loop
     vertex  3.312383e+00  4.667065e+00  1.500000e+01
     vertex  3.312383e+00  4.667065e+00  0.000000e+00
     vertex  3.277274e+00  4.740333e+00  0.000000e+00
   endloop
 endfacet
 facet normal  9.018065e-01  4.321400e-01  0.000000e+00
   outer loop
     vertex  3.312383e+00  4.667065e+00  1.500000e+01
     vertex  3.277274e+00  4.740333e+00  0.000000e+00
     vertex  3.277274e+00  4.740333e+00  1.500000e+01
   endloop
 endfacet
 facet normal  8.897737e-01  4.564019e-01  0.000000e+00
   outer loop
     vertex  3.349464e+00  4.594775e+00  1.500000e+01
     vertex  3.349464e+00  4.594775e+00  0.000000e+00
     vertex  3.312383e+00  4.667065e+00  0.000000e+00
   endloop
 endfacet
 facet normal  8.897737e-01  4.564019e-01  0.000000e+00
   outer loop
     vertex  3.349464e+00  4.594775e+00  1.500000e+01
     vertex  3.312383e+00  4.667065e+00  0.000000e+00
     vertex  3.312383e+00  4.667065e+00  1.500000e+01
   endloop
 endfacet
 facet normal  8.770884e-01  4.803291e-01  0.000000e+00
   outer loop
     vertex  3.388488e+00  4.523515e+00  1.500000e+01
     vertex  3.388488e+00  4.523515e+00  0.000000e+00
     vertex  3.349464e+00  4.594775e+00  0.000000e+00
   endloop
 endfacet
 facet normal  8.770884e-01  4.803291e-01  0.000000e+00
   outer loop
     vertex  3.388488e+00  4.523515e+00  1.500000e+01
     vertex  3.349464e+00  4.594775e+00  0.000000e+00
     vertex  3.349464e+00  4.594775e+00  1.500000e+01
   endloop
 endfacet
 facet normal  8.637597e-01  5.039039e-01  0.000000e+00
   outer loop
     vertex  3.429428e+00  4.453338e+00  1.500000e+01
     vertex  3.429428e+00  4.453338e+00  0.000000e+00
     vertex  3.388488e+00  4.523515e+00  0.000000e+00
   endloop
 endfacet
 facet normal  8.637597e-01  5.039039e-01  0.000000e+00
   outer loop
     vertex  3.429428e+00  4.453338e+00  1.500000e+01
     vertex  3.388488e+00  4.523515e+00  0.000000e+00
     vertex  3.388488e+00  4.523515e+00  1.500000e+01
   endloop
 endfacet
 facet normal  8.497975e-01  5.271092e-01  0.000000e+00
   outer loop
     vertex  3.472254e+00  4.384296e+00  1.500000e+01
     vertex  3.429428e+00  4.453338e+00  0.000000e+00
     vertex  3.429428e+00  4.453338e+00  1.500000e+01
   endloop
 endfacet
 facet normal  8.497975e-01  5.271092e-01  0.000000e+00
   outer loop
     vertex  3.472254e+00  4.384296e+00  1.500000e+01
     vertex  3.472254e+00  4.384296e+00  0.000000e+00
     vertex  3.429428e+00  4.453338e+00  0.000000e+00
   endloop
 endfacet
 facet normal  8.352121e-01  5.499279e-01  0.000000e+00
   outer loop
     vertex  3.516933e+00  4.316439e+00  1.500000e+01
     vertex  3.472254e+00  4.384296e+00  0.000000e+00
     vertex  3.472254e+00  4.384296e+00  1.500000e+01
   endloop
 endfacet
 facet normal  8.352121e-01  5.499279e-01  0.000000e+00
   outer loop
     vertex  3.516933e+00  4.316439e+00  1.500000e+01
     vertex  3.516933e+00  4.316439e+00  0.000000e+00
     vertex  3.472254e+00  4.384296e+00  0.000000e+00
   endloop
 endfacet
 facet normal  8.200141e-01  5.723433e-01  0.000000e+00
   outer loop
     vertex  3.563433e+00  4.249816e+00  1.500000e+01
     vertex  3.516933e+00  4.316439e+00  0.000000e+00
     vertex  3.516933e+00  4.316439e+00  1.500000e+01
   endloop
 endfacet
 facet normal  8.200141e-01  5.723433e-01  0.000000e+00
   outer loop
     vertex  3.563433e+00  4.249816e+00  1.500000e+01
     vertex  3.563433e+00  4.249816e+00  0.000000e+00
     vertex  3.516933e+00  4.316439e+00  0.000000e+00
   endloop
 endfacet
 facet normal  8.042147e-01  5.943389e-01  0.000000e+00
   outer loop
     vertex  3.563433e+00  4.249816e+00  1.500000e+01
     vertex  3.611721e+00  4.184477e+00  0.000000e+00
     vertex  3.563433e+00  4.249816e+00  0.000000e+00
   endloop
 endfacet
 facet normal  8.042147e-01  5.943389e-01  0.000000e+00
   outer loop
     vertex  3.611721e+00  4.184477e+00  1.500000e+01
     vertex  3.611721e+00  4.184477e+00  0.000000e+00
     vertex  3.563433e+00  4.249816e+00  1.500000e+01
   endloop
 endfacet
 facet normal  7.878255e-01  6.158986e-01  0.000000e+00
   outer loop
     vertex  3.661760e+00  4.120470e+00  1.500000e+01
     vertex  3.611721e+00  4.184477e+00  0.000000e+00
     vertex  3.611721e+00  4.184477e+00  1.500000e+01
   endloop
 endfacet
 facet normal  7.878255e-01  6.158986e-01  0.000000e+00
   outer loop
     vertex  3.661760e+00  4.120470e+00  1.500000e+01
     vertex  3.661760e+00  4.120470e+00  0.000000e+00
     vertex  3.611721e+00  4.184477e+00  0.000000e+00
   endloop
 endfacet
 facet normal  7.708584e-01  6.370065e-01  0.000000e+00
   outer loop
     vertex  3.713514e+00  4.057841e+00  1.500000e+01
     vertex  3.661760e+00  4.120470e+00  0.000000e+00
     vertex  3.661760e+00  4.120470e+00  1.500000e+01
   endloop
 endfacet
 facet normal  7.708584e-01  6.370065e-01  0.000000e+00
   outer loop
     vertex  3.713514e+00  4.057841e+00  1.500000e+01
     vertex  3.713514e+00  4.057841e+00  0.000000e+00
     vertex  3.661760e+00  4.120470e+00  0.000000e+00
   endloop
 endfacet
 facet normal  7.533260e-01  6.576473e-01  0.000000e+00
   outer loop
     vertex  3.766945e+00  3.996637e+00  1.500000e+01
     vertex  3.713514e+00  4.057841e+00  0.000000e+00
     vertex  3.713514e+00  4.057841e+00  1.500000e+01
   endloop
 endfacet
 facet normal  7.533260e-01  6.576473e-01  0.000000e+00
   outer loop
     vertex  3.766945e+00  3.996637e+00  1.500000e+01
     vertex  3.766945e+00  3.996637e+00  0.000000e+00
     vertex  3.713514e+00  4.057841e+00  0.000000e+00
   endloop
 endfacet
 facet normal  7.352410e-01  6.778058e-01  0.000000e+00
   outer loop
     vertex  3.822014e+00  3.936902e+00  1.500000e+01
     vertex  3.766945e+00  3.996637e+00  0.000000e+00
     vertex  3.766945e+00  3.996637e+00  1.500000e+01
   endloop
 endfacet
 facet normal  7.352410e-01  6.778058e-01  0.000000e+00
   outer loop
     vertex  3.822014e+00  3.936902e+00  1.500000e+01
     vertex  3.822014e+00  3.936902e+00  0.000000e+00
     vertex  3.766945e+00  3.996637e+00  0.000000e+00
   endloop
 endfacet
 facet normal  7.166168e-01  6.974671e-01  0.000000e+00
   outer loop
     vertex  3.878680e+00  3.878680e+00  1.500000e+01
     vertex  3.822014e+00  3.936902e+00  0.000000e+00
     vertex  3.822014e+00  3.936902e+00  1.500000e+01
   endloop
 endfacet
 facet normal  7.166168e-01  6.974671e-01  0.000000e+00
   outer loop
     vertex  3.878680e+00  3.878680e+00  1.500000e+01
     vertex  3.878680e+00  3.878680e+00  0.000000e+00
     vertex  3.822014e+00  3.936902e+00  0.000000e+00
   endloop
 endfacet
 facet normal  6.974671e-01  7.166168e-01  0.000000e+00
   outer loop
     vertex  3.878680e+00  3.878680e+00  1.500000e+01
     vertex  3.936902e+00  3.822014e+00  0.000000e+00
     vertex  3.878680e+00  3.878680e+00  0.000000e+00
   endloop
 endfacet
 facet normal  6.974671e-01  7.166168e-01  0.000000e+00
   outer loop
     vertex  3.936902e+00  3.822014e+00  1.500000e+01
     vertex  3.936902e+00  3.822014e+00  0.000000e+00
     vertex  3.878680e+00  3.878680e+00  1.500000e+01
   endloop
 endfacet
 facet normal  6.778058e-01  7.352410e-01  0.000000e+00
   outer loop
     vertex  3.996637e+00  3.766945e+00  1.500000e+01
     vertex  3.936902e+00  3.822014e+00  0.000000e+00
     vertex  3.936902e+00  3.822014e+00  1.500000e+01
   endloop
 endfacet
 facet normal  6.778058e-01  7.352410e-01  0.000000e+00
   outer loop
     vertex  3.996637e+00  3.766945e+00  1.500000e+01
     vertex  3.996637e+00  3.766945e+00  0.000000e+00
     vertex  3.936902e+00  3.822014e+00  0.000000e+00
   endloop
 endfacet
 facet normal  6.576473e-01  7.533260e-01  0.000000e+00
   outer loop
     vertex  4.057841e+00  3.713514e+00  1.500000e+01
     vertex  3.996637e+00  3.766945e+00  0.000000e+00
     vertex  3.996637e+00  3.766945e+00  1.500000e+01
   endloop
 endfacet
 facet normal  6.576473e-01  7.533260e-01  0.000000e+00
   outer loop
     vertex  4.057841e+00  3.713514e+00  1.500000e+01
     vertex  4.057841e+00  3.713514e+00  0.000000e+00
     vertex  3.996637e+00  3.766945e+00  0.000000e+00
   endloop
 endfacet
 facet normal  6.370065e-01  7.708584e-01  0.000000e+00
   outer loop
     vertex  4.120470e+00  3.661760e+00  1.500000e+01
     vertex  4.057841e+00  3.713514e+00  0.000000e+00
     vertex  4.057841e+00  3.713514e+00  1.500000e+01
   endloop
 endfacet
 facet normal  6.370065e-01  7.708584e-01  0.000000e+00
   outer loop
     vertex  4.120470e+00  3.661760e+00  1.500000e+01
     vertex  4.120470e+00  3.661760e+00  0.000000e+00
     vertex  4.057841e+00  3.713514e+00  0.000000e+00
   endloop
 endfacet
 facet normal  6.158986e-01  7.878255e-01  0.000000e+00
   outer loop
     vertex  4.184477e+00  3.611721e+00  1.500000e+01
     vertex  4.120470e+00  3.661760e+00  0.000000e+00
     vertex  4.120470e+00  3.661760e+00  1.500000e+01
   endloop
 endfacet
 facet normal  6.158986e-01  7.878255e-01  0.000000e+00
   outer loop
     vertex  4.184477e+00  3.611721e+00  1.500000e+01
     vertex  4.184477e+00  3.611721e+00  0.000000e+00
     vertex  4.120470e+00  3.661760e+00  0.000000e+00
   endloop
 endfacet
 facet normal  5.943389e-01  8.042147e-01  0.000000e+00
   outer loop
     vertex  4.249816e+00  3.563433e+00  1.500000e+01
     vertex  4.184477e+00  3.611721e+00  0.000000e+00
     vertex  4.184477e+00  3.611721e+00  1.500000e+01
   endloop
 endfacet
 facet normal  5.943389e-01  8.042147e-01  0.000000e+00
   outer loop
     vertex  4.249816e+00  3.563433e+00  1.500000e+01
     vertex  4.249816e+00  3.563433e+00  0.000000e+00
     vertex  4.184477e+00  3.611721e+00  0.000000e+00
   endloop
 endfacet
 facet normal  5.723433e-01  8.200141e-01  0.000000e+00
   outer loop
     vertex  4.249816e+00  3.563433e+00  1.500000e+01
     vertex  4.316439e+00  3.516933e+00  0.000000e+00
     vertex  4.249816e+00  3.563433e+00  0.000000e+00
   endloop
 endfacet
 facet normal  5.723433e-01  8.200141e-01  0.000000e+00
   outer loop
     vertex  4.316439e+00  3.516933e+00  1.500000e+01
     vertex  4.316439e+00  3.516933e+00  0.000000e+00
     vertex  4.249816e+00  3.563433e+00  1.500000e+01
   endloop
 endfacet
 facet normal  5.499279e-01  8.352121e-01  0.000000e+00
   outer loop
     vertex  4.384296e+00  3.472254e+00  1.500000e+01
     vertex  4.316439e+00  3.516933e+00  0.000000e+00
     vertex  4.316439e+00  3.516933e+00  1.500000e+01
   endloop
 endfacet
 facet normal  5.499279e-01  8.352121e-01  0.000000e+00
   outer loop
     vertex  4.384296e+00  3.472254e+00  1.500000e+01
     vertex  4.384296e+00  3.472254e+00  0.000000e+00
     vertex  4.316439e+00  3.516933e+00  0.000000e+00
   endloop
 endfacet
 facet normal  5.271092e-01  8.497975e-01  0.000000e+00
   outer loop
     vertex  4.384296e+00  3.472254e+00  1.500000e+01
     vertex  4.453338e+00  3.429428e+00  0.000000e+00
     vertex  4.384296e+00  3.472254e+00  0.000000e+00
   endloop
 endfacet
 facet normal  5.271092e-01  8.497975e-01  0.000000e+00
   outer loop
     vertex  4.453338e+00  3.429428e+00  1.500000e+01
     vertex  4.453338e+00  3.429428e+00  0.000000e+00
     vertex  4.384296e+00  3.472254e+00  1.500000e+01
   endloop
 endfacet
 facet normal  5.039039e-01  8.637597e-01  0.000000e+00
   outer loop
     vertex  4.523515e+00  3.388488e+00  1.500000e+01
     vertex  4.453338e+00  3.429428e+00  0.000000e+00
     vertex  4.453338e+00  3.429428e+00  1.500000e+01
   endloop
 endfacet
 facet normal  5.039039e-01  8.637597e-01  0.000000e+00
   outer loop
     vertex  4.523515e+00  3.388488e+00  1.500000e+01
     vertex  4.523515e+00  3.388488e+00  0.000000e+00
     vertex  4.453338e+00  3.429428e+00  0.000000e+00
   endloop
 endfacet
 facet normal  4.803291e-01  8.770884e-01  0.000000e+00
   outer loop
     vertex  4.523515e+00  3.388488e+00  1.500000e+01
     vertex  4.594775e+00  3.349464e+00  0.000000e+00
     vertex  4.523515e+00  3.388488e+00  0.000000e+00
   endloop
 endfacet
 facet normal  4.803291e-01  8.770884e-01  0.000000e+00
   outer loop
     vertex  4.594775e+00  3.349464e+00  1.500000e+01
     vertex  4.594775e+00  3.349464e+00  0.000000e+00
     vertex  4.523515e+00  3.388488e+00  1.500000e+01
   endloop
 endfacet
 facet normal  4.564019e-01  8.897737e-01  0.000000e+00
   outer loop
     vertex  4.667065e+00  3.312383e+00  1.500000e+01
     vertex  4.594775e+00  3.349464e+00  0.000000e+00
     vertex  4.594775e+00  3.349464e+00  1.500000e+01
   endloop
 endfacet
 facet normal  4.564019e-01  8.897737e-01  0.000000e+00
   outer loop
     vertex  4.667065e+00  3.312383e+00  1.500000e+01
     vertex  4.667065e+00  3.312383e+00  0.000000e+00
     vertex  4.594775e+00  3.349464e+00  0.000000e+00
   endloop
 endfacet
 facet normal  4.321400e-01  9.018065e-01  0.000000e+00
   outer loop
     vertex  4.740333e+00  3.277274e+00  1.500000e+01
     vertex  4.740333e+00  3.277274e+00  0.000000e+00
     vertex  4.667065e+00  3.312383e+00  0.000000e+00
   endloop
 endfacet
 facet normal  4.321400e-01  9.018065e-01  0.000000e+00
   outer loop
     vertex  4.740333e+00  3.277274e+00  1.500000e+01
     vertex  4.667065e+00  3.312383e+00  0.000000e+00
     vertex  4.667065e+00  3.312383e+00  1.500000e+01
   endloop
 endfacet
 facet normal  4.075612e-01  9.131779e-01  0.000000e+00
   outer loop
     vertex  4.814524e+00  3.244161e+00  1.500000e+01
     vertex  4.814524e+00  3.244161e+00  0.000000e+00
     vertex  4.740333e+00  3.277274e+00  0.000000e+00
   endloop
 endfacet
 facet normal  4.075612e-01  9.131779e-01  0.000000e+00
   outer loop
     vertex  4.814524e+00  3.244161e+00  1.500000e+01
     vertex  4.740333e+00  3.277274e+00  0.000000e+00
     vertex  4.740333e+00  3.277274e+00  1.500000e+01
   endloop
 endfacet
 facet normal  3.826834e-01  9.238795e-01  0.000000e+00
   outer loop
     vertex  4.889586e+00  3.213070e+00  1.500000e+01
     vertex  4.889586e+00  3.213070e+00  0.000000e+00
     vertex  4.814524e+00  3.244161e+00  0.000000e+00
   endloop
 endfacet
 facet normal  3.826834e-01  9.238795e-01  0.000000e+00
   outer loop
     vertex  4.889586e+00  3.213070e+00  1.500000e+01
     vertex  4.814524e+00  3.244161e+00  0.000000e+00
     vertex  4.814524e+00  3.244161e+00  1.500000e+01
   endloop
 endfacet
 facet normal  3.575250e-01  9.339036e-01  0.000000e+00
   outer loop
     vertex  4.965461e+00  3.184023e+00  1.500000e+01
     vertex  4.889586e+00  3.213070e+00  0.000000e+00
     vertex  4.889586e+00  3.213070e+00  1.500000e+01
   endloop
 endfacet
 facet normal  3.575250e-01  9.339036e-01  0.000000e+00
   outer loop
     vertex  4.965461e+00  3.184023e+00  1.500000e+01
     vertex  4.965461e+00  3.184023e+00  0.000000e+00
     vertex  4.889586e+00  3.213070e+00  0.000000e+00
   endloop
 endfacet
 facet normal  3.321044e-01  9.432426e-01  0.000000e+00
   outer loop
     vertex  5.042095e+00  3.157040e+00  1.500000e+01
     vertex  4.965461e+00  3.184023e+00  0.000000e+00
     vertex  4.965461e+00  3.184023e+00  1.500000e+01
   endloop
 endfacet
 facet normal  3.321044e-01  9.432426e-01  0.000000e+00
   outer loop
     vertex  5.042095e+00  3.157040e+00  1.500000e+01
     vertex  5.042095e+00  3.157040e+00  0.000000e+00
     vertex  4.965461e+00  3.184023e+00  0.000000e+00
   endloop
 endfacet
 facet normal  3.064401e-01  9.518899e-01  0.000000e+00
   outer loop
     vertex  5.042095e+00  3.157040e+00  1.500000e+01
     vertex  5.119432e+00  3.132144e+00  0.000000e+00
     vertex  5.042095e+00  3.157040e+00  0.000000e+00
   endloop
 endfacet
 facet normal  3.064401e-01  9.518899e-01  0.000000e+00
   outer loop
     vertex  5.119432e+00  3.132144e+00  1.500000e+01
     vertex  5.119432e+00  3.132144e+00  0.000000e+00
     vertex  5.042095e+00  3.157040e+00  1.500000e+01
   endloop
 endfacet
 facet normal  2.805512e-01  9.598391e-01  0.000000e+00
   outer loop
     vertex  5.197415e+00  3.109350e+00  1.500000e+01
     vertex  5.197415e+00  3.109350e+00  0.000000e+00
     vertex  5.119432e+00  3.132144e+00  0.000000e+00
   endloop
 endfacet
 facet normal  2.805512e-01  9.598391e-01  0.000000e+00
   outer loop
     vertex  5.197415e+00  3.109350e+00  1.500000e+01
     vertex  5.119432e+00  3.132144e+00  0.000000e+00
     vertex  5.119432e+00  3.132144e+00  1.500000e+01
   endloop
 endfacet
 facet normal  2.544564e-01  9.670842e-01 -1.506685e-17
   outer loop
     vertex  5.275986e+00  3.088677e+00  1.500000e+01
     vertex  5.275986e+00  3.088677e+00  0.000000e+00
     vertex  5.197415e+00  3.109350e+00  0.000000e+00
   endloop
 endfacet
 facet normal  2.544564e-01  9.670842e-01  0.000000e+00
   outer loop
     vertex  5.275986e+00  3.088677e+00  1.500000e+01
     vertex  5.197415e+00  3.109350e+00  0.000000e+00
     vertex  5.197415e+00  3.109350e+00  1.500000e+01
   endloop
 endfacet
 facet normal  2.281751e-01  9.736201e-01  0.000000e+00
   outer loop
     vertex  5.355089e+00  3.070138e+00  1.500000e+01
     vertex  5.355089e+00  3.070138e+00  0.000000e+00
     vertex  5.275986e+00  3.088677e+00  0.000000e+00
   endloop
 endfacet
 facet normal  2.281751e-01  9.736201e-01 -1.352268e-17
   outer loop
     vertex  5.355089e+00  3.070138e+00  1.500000e+01
     vertex  5.275986e+00  3.088677e+00  0.000000e+00
     vertex  5.275986e+00  3.088677e+00  1.500000e+01
   endloop
 endfacet
 facet normal  2.017264e-01  9.794419e-01  0.000000e+00
   outer loop
     vertex  5.434664e+00  3.053749e+00  1.500000e+01
     vertex  5.434664e+00  3.053749e+00  0.000000e+00
     vertex  5.355089e+00  3.070138e+00  0.000000e+00
   endloop
 endfacet
 facet normal  2.017264e-01  9.794419e-01  0.000000e+00
   outer loop
     vertex  5.434664e+00  3.053749e+00  1.500000e+01
     vertex  5.355089e+00  3.070138e+00  0.000000e+00
     vertex  5.355089e+00  3.070138e+00  1.500000e+01
   endloop
 endfacet
 facet normal  1.751297e-01  9.845454e-01  0.000000e+00
   outer loop
     vertex  5.514654e+00  3.039520e+00  1.500000e+01
     vertex  5.514654e+00  3.039520e+00  0.000000e+00
     vertex  5.434664e+00  3.053749e+00  0.000000e+00
   endloop
 endfacet
 facet normal  1.751297e-01  9.845454e-01  0.000000e+00
   outer loop
     vertex  5.514654e+00  3.039520e+00  1.500000e+01
     vertex  5.434664e+00  3.053749e+00  0.000000e+00
     vertex  5.434664e+00  3.053749e+00  1.500000e+01
   endloop
 endfacet
 facet normal  1.484046e-01  9.889267e-01  0.000000e+00
   outer loop
     vertex  5.595000e+00  3.027463e+00  1.500000e+01
     vertex  5.595000e+00  3.027463e+00  0.000000e+00
     vertex  5.514654e+00  3.039520e+00  0.000000e+00
   endloop
 endfacet
 facet normal  1.484046e-01  9.889267e-01  0.000000e+00
   outer loop
     vertex  5.595000e+00  3.027463e+00  1.500000e+01
     vertex  5.514654e+00  3.039520e+00  0.000000e+00
     vertex  5.514654e+00  3.039520e+00  1.500000e+01
   endloop
 endfacet
 facet normal  1.215707e-01  9.925828e-01  0.000000e+00
   outer loop
     vertex  5.675643e+00  3.017586e+00  1.500000e+01
     vertex  5.675643e+00  3.017586e+00  0.000000e+00
     vertex  5.595000e+00  3.027463e+00  0.000000e+00
   endloop
 endfacet
 facet normal  9.464755e-02  9.955108e-01  0.000000e+00
   outer loop
     vertex  5.675643e+00  3.017586e+00  1.500000e+01
     vertex  5.756524e+00  3.009896e+00  0.000000e+00
     vertex  5.675643e+00  3.017586e+00  0.000000e+00
   endloop
 endfacet
 facet normal  1.215707e-01  9.925828e-01  0.000000e+00
   outer loop
     vertex  5.675643e+00  3.017586e+00  1.500000e+01
     vertex  5.595000e+00  3.027463e+00  0.000000e+00
     vertex  5.595000e+00  3.027463e+00  1.500000e+01
   endloop
 endfacet
 facet normal  9.464755e-02  9.955108e-01  0.000000e+00
   outer loop
     vertex  5.756524e+00  3.009896e+00  1.500000e+01
     vertex  5.756524e+00  3.009896e+00  0.000000e+00
     vertex  5.675643e+00  3.017586e+00  1.500000e+01
   endloop
 endfacet
 facet normal  6.765502e-02  9.977088e-01  0.000000e+00
   outer loop
     vertex  5.837583e+00  3.004400e+00  1.500000e+01
     vertex  5.837583e+00  3.004400e+00  0.000000e+00
     vertex  5.756524e+00  3.009896e+00  0.000000e+00
   endloop
 endfacet
 facet normal  4.061287e-02  9.991750e-01  0.000000e+00
   outer loop
     vertex  5.837583e+00  3.004400e+00  1.500000e+01
     vertex  5.918762e+00  3.001100e+00  0.000000e+00
     vertex  5.837583e+00  3.004400e+00  0.000000e+00
   endloop
 endfacet
 facet normal  6.765502e-02  9.977088e-01  0.000000e+00
   outer loop
     vertex  5.837583e+00  3.004400e+00  1.500000e+01
     vertex  5.756524e+00  3.009896e+00  0.000000e+00
     vertex  5.756524e+00  3.009896e+00  1.500000e+01
   endloop
 endfacet
 facet normal  4.061287e-02  9.991750e-01  2.404765e-18
   outer loop
     vertex  5.918762e+00  3.001100e+00  1.500000e+01
     vertex  5.918762e+00  3.001100e+00  0.000000e+00
     vertex  5.837583e+00  3.004400e+00  1.500000e+01
   endloop
 endfacet
 facet normal  1.354093e-02  9.999083e-01  8.017843e-19
   outer loop
     vertex  5.918762e+00  3.001100e+00  1.500000e+01
     vertex  6.000000e+00  3.000000e+00  0.000000e+00
     vertex  5.918762e+00  3.001100e+00  0.000000e+00
   endloop
 endfacet
 facet normal  1.354093e-02  9.999083e-01  0.000000e+00
   outer loop
     vertex  6.000000e+00  3.000000e+00  1.500000e+01
     vertex  6.000000e+00  3.000000e+00  0.000000e+00
     vertex  5.918762e+00  3.001100e+00  1.500000e+01
   endloop
 endfacet
 facet normal  0.000000e+00  0.000000e+00 -1.000000e+00
   outer loop
     vertex  8.806310e+01  3.822014e+00  1.500000e+01
     vertex  8.817799e+01  3.936902e+00  1.500000e+01
     vertex  8.812132e+01  3.878680e+00  1.500000e+01
   endloop
 endfacet
 facet normal  0.000000e+00  0.000000e+00 -1.000000e+00
   outer loop
     vertex  8.833824e+01  4.120470e+00  1.500000e+01
     vertex  8.828649e+01  4.057841e+00  1.500000e+01
     vertex  8.823306e+01  3.996637e+00  1.500000e+01
   endloop
 endfacet
 facet normal  0.000000e+00  0.000000e+00 -1.000000e+00
   outer loop
     vertex  8.787953e+01  3.661760e+00  1.500000e+01
     vertex  8.800336e+01  3.766945e+00  1.500000e+01
     vertex  8.794216e+01  3.713514e+00  1.500000e+01
   endloop
 endfacet
 facet normal  0.000000e+00  0.000000e+00 -1.000000e+00
   outer loop
     vertex  8.838828e+01  4.184477e+00  1.500000e+01
     vertex  8.823306e+01  3.996637e+00  1.500000e+01
     vertex  8.817799e+01  3.936902e+00  1.500000e+01
   endloop
 endfacet
 facet normal  0.000000e+00  0.000000e+00 -1.000000e+00
   outer loop
     vertex  8.838828e+01  4.184477e+00  1.500000e+01
     vertex  8.817799e+01  3.936902e+00  1.500000e+01
     vertex  8.806310e+01  3.822014e+00  1.500000e+01
   endloop
 endfacet
 facet normal  0.000000e+00  0.000000e+00 -1.000000e+00
   outer loop
     vertex  8.838828e+01  4.184477e+00  1.500000e+01
     vertex  8.833824e+01  4.120470e+00  1.500000e+01
     vertex  8.823306e+01  3.996637e+00  1.500000e+01
   endloop
 endfacet
 facet normal  0.000000e+00  0.000000e+00 -1.000000e+00
   outer loop
     vertex  8.775018e+01  3.563433e+00  1.500000e+01
     vertex  8.787953e+01  3.661760e+00  1.500000e+01
     vertex  8.781552e+01  3.611721e+00  1.500000e+01
   endloop
 endfacet
 facet normal  0.000000e+00  0.000000e+00 -1.000000e+00
   outer loop
     vertex  8.848307e+01  4.316439e+00  1.500000e+01
     vertex  8.806310e+01  3.822014e+00  1.500000e+01
     vertex  8.800336e+01  3.766945e+00  1.500000e+01
   endloop
 endfacet
 facet normal  0.000000e+00  0.000000e+00 -1.000000e+00
   outer loop
     vertex  8.848307e+01  4.316439e+00  1.500000e+01
     vertex  8.843657e+01  4.249816e+00  1.500000e+01
     vertex  8.838828e+01  4.184477e+00  1.500000e+01
   endloop
 endfacet
 facet normal  0.000000e+00  0.000000e+00 -1.000000e+00
   outer loop
     vertex  8.848307e+01  4.316439e+00  1.500000e+01
     vertex  8.800336e+01  3.766945e+00  1.500000e+01
     vertex  8.787953e+01  3.661760e+00  1.500000e+01
   endloop
 endfacet
 facet normal  0.000000e+00  0.000000e+00 -1.000000e+00
   outer loop
     vertex  8.848307e+01  4.316439e+00  1.500000e+01
     vertex  8.838828e+01  4.184477e+00  1.500000e+01
     vertex  8.806310e+01  3.822014e+00  1.500000e+01
   endloop
 endfacet
 facet normal  0.000000e+00  0.000000e+00 -1.000000e+00
   outer loop
     vertex  8.754666e+01  3.429428e+00  1.500000e+01
     vertex  8.775018e+01  3.563433e+00  1.500000e+01
     vertex  8.768356e+01  3.516933e+00  1.500000e+01
   endloop
 endfacet
 facet normal  0.000000e+00  0.000000e+00 -1.000000e+00
   outer loop
     vertex  8.754666e+01  3.429428e+00  1.500000e+01
     vertex  8.768356e+01  3.516933e+00  1.500000e+01
     vertex  8.761570e+01  3.472254e+00  1.500000e+01
   endloop
 endfacet
 facet normal  0.000000e+00  0.000000e+00 -1.000000e+00
   outer loop
     vertex  8.857057e+01  4.453338e+00  1.500000e+01
     vertex  8.852775e+01  4.384296e+00  1.500000e+01
     vertex  8.848307e+01  4.316439e+00  1.500000e+01
   endloop
 endfacet
 facet normal  0.000000e+00  0.000000e+00 -1.000000e+00
   outer loop
     vertex  8.865054e+01  4.594775e+00  1.500000e+01
     vertex  8.861151e+01  4.523515e+00  1.500000e+01
     vertex  8.857057e+01  4.453338e+00  1.500000e+01
   endloop
 endfacet
 facet normal  0.000000e+00  0.000000e+00 -1.000000e+00
   outer loop
     vertex  8.865054e+01  4.594775e+00  1.500000e+01
     vertex  8.857057e+01  4.453338e+00  1.500000e+01
     vertex  8.848307e+01  4.316439e+00  1.500000e+01
   endloop
 endfacet
 facet normal  0.000000e+00  0.000000e+00 -1.000000e+00
   outer loop
     vertex  8.725967e+01  3.277274e+00  1.500000e+01
     vertex  8.740523e+01  3.349464e+00  1.500000e+01
     vertex  8.733294e+01  3.312383e+00  1.500000e+01
   endloop
 endfacet
 facet normal  0.000000e+00  0.000000e+00 -1.000000e+00
   outer loop
     vertex  8.725967e+01  3.277274e+00  1.500000e+01
     vertex  8.747648e+01  3.388488e+00  1.500000e+01
     vertex  8.740523e+01  3.349464e+00  1.500000e+01
   endloop
 endfacet
 facet normal  0.000000e+00  0.000000e+00 -1.000000e+00
   outer loop
     vertex  8.725967e+01  3.277274e+00  1.500000e+01
     vertex  8.754666e+01  3.429428e+00  1.500000e+01
     vertex  8.747648e+01  3.388488e+00  1.500000e+01
   endloop
 endfacet
 facet normal  0.000000e+00  0.000000e+00 -1.000000e+00
   outer loop
     vertex  8.875584e+01  4.814524e+00  1.500000e+01
     vertex  8.868762e+01  4.667065e+00  1.500000e+01
     vertex  8.865054e+01  4.594775e+00  1.500000e+01
   endloop
 endfacet
 facet normal  0.000000e+00  0.000000e+00 -1.000000e+00
   outer loop
     vertex  8.875584e+01  4.814524e+00  1.500000e+01
     vertex  8.872273e+01  4.740333e+00  1.500000e+01
     vertex  8.868762e+01  4.667065e+00  1.500000e+01
   endloop
 endfacet
 facet normal  0.000000e+00  0.000000e+00 -1.000000e+00
   outer loop
     vertex  8.878693e+01  4.889586e+00  1.500000e+01
     vertex  8.875584e+01  4.814524e+00  1.500000e+01
     vertex  8.865054e+01  4.594775e+00  1.500000e+01
   endloop
 endfacet
 facet normal  0.000000e+00  0.000000e+00 -1.000000e+00
   outer loop
     vertex  8.703454e+01  3.184023e+00  1.500000e+01
     vertex  8.718548e+01  3.244161e+00  1.500000e+01
     vertex  8.711041e+01  3.213070e+00  1.500000e+01
   endloop
 endfacet
 facet normal  0.000000e+00  0.000000e+00 -1.000000e+00
   outer loop
     vertex  8.688057e+01  3.132144e+00  1.500000e+01
     vertex  8.718548e+01  3.244161e+00  1.500000e+01
     vertex  8.703454e+01  3.184023e+00  1.500000e+01
   endloop
 endfacet
 facet normal  0.000000e+00  0.000000e+00 -1.000000e+00
   outer loop
     vertex  8.688057e+01  3.132144e+00  1.500000e+01
     vertex  8.787953e+01  3.661760e+00  1.500000e+01
     vertex  8.775018e+01  3.563433e+00  1.500000e+01
   endloop
 endfacet
 facet normal  0.000000e+00  0.000000e+00 -1.000000e+00
   outer loop
     vertex  8.688057e+01  3.132144e+00  1.500000e+01
     vertex  8.775018e+01  3.563433e+00  1.500000e+01
     vertex  8.754666e+01  3.429428e+00  1.500000e+01
   endloop
 endfacet
 facet normal  0.000000e+00  0.000000e+00 -1.000000e+00
   outer loop
     vertex  8.688057e+01  3.132144e+00  1.500000e+01
     vertex  8.848307e+01  4.316439e+00  1.500000e+01
     vertex  8.787953e+01  3.661760e+00  1.500000e+01
   endloop
 endfacet
 facet normal  0.000000e+00  0.000000e+00 -1.000000e+00
   outer loop
     vertex  8.688057e+01  3.132144e+00  1.500000e+01
     vertex  8.703454e+01  3.184023e+00  1.500000e+01
     vertex  8.695790e+01  3.157040e+00  1.500000e+01
   endloop
 endfacet
 facet normal  0.000000e+00  0.000000e+00 -1.000000e+00
   outer loop
     vertex  8.688057e+01  3.132144e+00  1.500000e+01
     vertex  8.725967e+01  3.277274e+00  1.500000e+01
     vertex  8.718548e+01  3.244161e+00  1.500000e+01
   endloop
 endfacet
 facet normal  0.000000e+00  0.000000e+00 -1.000000e+00
   outer loop
     vertex  8.688057e+01  3.132144e+00  1.500000e+01
     vertex  8.754666e+01  3.429428e+00  1.500000e+01
     vertex  8.725967e+01  3.277274e+00  1.500000e+01
   endloop
 endfacet
 facet normal  0.000000e+00  0.000000e+00 -1.000000e+00
   outer loop
     vertex  8.886786e+01  5.119432e+00  1.500000e+01
     vertex  8.881598e+01  4.965461e+00  1.500000e+01
     vertex  8.878693e+01  4.889586e+00  1.500000e+01
   endloop
 endfacet
 facet normal  0.000000e+00  0.000000e+00 -1.000000e+00
   outer loop
     vertex  8.886786e+01  5.119432e+00  1.500000e+01
     vertex  8.884296e+01  5.042095e+00  1.500000e+01
     vertex  8.881598e+01  4.965461e+00  1.500000e+01
   endloop
 endfacet
 facet normal  0.000000e+00  0.000000e+00 -1.000000e+00
   outer loop
     vertex  8.889065e+01  5.197415e+00  1.500000e+01
     vertex  8.886786e+01  5.119432e+00  1.500000e+01
     vertex  8.878693e+01  4.889586e+00  1.500000e+01
   endloop
 endfacet
 facet normal  0.000000e+00  0.000000e+00 -1.000000e+00
   outer loop
     vertex  8.889065e+01  5.197415e+00  1.500000e+01
     vertex  8.878693e+01  4.889586e+00  1.500000e+01
     vertex  8.865054e+01  4.594775e+00  1.500000e+01
   endloop
 endfacet
 facet normal  0.000000e+00  0.000000e+00 -1.000000e+00
   outer loop
     vertex  8.892986e+01  5.355089e+00  1.500000e+01
     vertex  8.891132e+01  5.275986e+00  1.500000e+01
     vertex  8.889065e+01  5.197415e+00  1.500000e+01
   endloop
 endfacet
 facet normal  0.000000e+00  0.000000e+00 -1.000000e+00
   outer loop
     vertex  8.892986e+01  5.355089e+00  1.500000e+01
     vertex  8.889065e+01  5.197415e+00  1.500000e+01
     vertex  8.865054e+01  4.594775e+00  1.500000e+01
   endloop
 endfacet
 facet normal  0.000000e+00  0.000000e+00 -1.000000e+00
   outer loop
     vertex  8.656534e+01  3.053749e+00  1.500000e+01
     vertex  8.672401e+01  3.088677e+00  1.500000e+01
     vertex  8.664491e+01  3.070138e+00  1.500000e+01
   endloop
 endfacet
 facet normal  0.000000e+00  0.000000e+00 -1.000000e+00
   outer loop
     vertex  8.656534e+01  3.053749e+00  1.500000e+01
     vertex  8.680259e+01  3.109350e+00  1.500000e+01
     vertex  8.672401e+01  3.088677e+00  1.500000e+01
   endloop
 endfacet
 facet normal  0.000000e+00  0.000000e+00 -1.000000e+00
   outer loop
     vertex  8.656534e+01  3.053749e+00  1.500000e+01
     vertex  8.688057e+01  3.132144e+00  1.500000e+01
     vertex  8.680259e+01  3.109350e+00  1.500000e+01
   endloop
 endfacet
 facet normal  0.000000e+00  0.000000e+00 -1.000000e+00
   outer loop
     vertex  8.896048e+01  5.514654e+00  1.500000e+01
     vertex  8.894625e+01  5.434664e+00  1.500000e+01
     vertex  8.892986e+01  5.355089e+00  1.500000e+01
   endloop
 endfacet
 facet normal  0.000000e+00  0.000000e+00 -1.000000e+00
   outer loop
     vertex  8.640500e+01  3.027463e+00  1.500000e+01
     vertex  8.656534e+01  3.053749e+00  1.500000e+01
     vertex  8.648535e+01  3.039520e+00  1.500000e+01
   endloop
 endfacet
 facet normal  0.000000e+00  0.000000e+00 -1.000000e+00
   outer loop
     vertex  8.632436e+01  3.017586e+00  1.500000e+01
     vertex  8.656534e+01  3.053749e+00  1.500000e+01
     vertex  8.640500e+01  3.027463e+00  1.500000e+01
   endloop
 endfacet
 facet normal  0.000000e+00  0.000000e+00 -1.000000e+00
   outer loop
     vertex  8.632436e+01  3.017586e+00  1.500000e+01
     vertex  8.688057e+01  3.132144e+00  1.500000e+01
     vertex  8.656534e+01  3.053749e+00  1.500000e+01
   endloop
 endfacet
 facet normal  0.000000e+00  0.000000e+00 -1.000000e+00
   outer loop
     vertex  8.899010e+01  5.756524e+00  1.500000e+01
     vertex  8.848307e+01  4.316439e+00  1.500000e+01
     vertex  8.688057e+01  3.132144e+00  1.500000e+01
   endloop
 endfacet
 facet normal  0.000000e+00  0.000000e+00 -1.000000e+00
   outer loop
     vertex  8.899010e+01  5.756524e+00  1.500000e+01
     vertex  8.892986e+01  5.355089e+00  1.500000e+01
     vertex  8.865054e+01  4.594775e+00  1.500000e+01
   endloop
 endfacet
 facet normal  0.000000e+00  0.000000e+00 -1.000000e+00
   outer loop
     vertex  8.899010e+01  5.756524e+00  1.500000e+01
     vertex  8.897254e+01  5.595000e+00  1.500000e+01
     vertex  8.896048e+01  5.514654e+00  1.500000e+01
   endloop
 endfacet
 facet normal  0.000000e+00  0.000000e+00 -1.000000e+00
   outer loop
     vertex  8.899010e+01  5.756524e+00  1.500000e+01
     vertex  8.898241e+01  5.675643e+00  1.500000e+01
     vertex  8.897254e+01  5.595000e+00  1.500000e+01
   endloop
 endfacet
 facet normal  0.000000e+00  0.000000e+00 -1.000000e+00
   outer loop
     vertex  8.899010e+01  5.756524e+00  1.500000e+01
     vertex  8.688057e+01  3.132144e+00  1.500000e+01
     vertex  8.632436e+01  3.017586e+00  1.500000e+01
   endloop
 endfacet
 facet normal  0.000000e+00  0.000000e+00 -1.000000e+00
   outer loop
     vertex  8.899010e+01  5.756524e+00  1.500000e+01
     vertex  8.896048e+01  5.514654e+00  1.500000e+01
     vertex  8.892986e+01  5.355089e+00  1.500000e+01
   endloop
 endfacet
 facet normal  0.000000e+00  0.000000e+00 -1.000000e+00
   outer loop
     vertex  8.899010e+01  5.756524e+00  1.500000e+01
     vertex  8.865054e+01  4.594775e+00  1.500000e+01
     vertex  8.848307e+01  4.316439e+00  1.500000e+01
   endloop
 endfacet
 facet normal  0.000000e+00  0.000000e+00 -1.000000e+00
   outer loop
     vertex  8.616242e+01  3.004400e+00  1.500000e+01
     vertex  8.632436e+01  3.017586e+00  1.500000e+01
     vertex  8.624348e+01  3.009896e+00  1.500000e+01
   endloop
 endfacet
 facet normal  0.000000e+00  0.000000e+00 -1.000000e+00
   outer loop
     vertex  8.608124e+01  3.001100e+00  1.500000e+01
     vertex  8.632436e+01  3.017586e+00  1.500000e+01
     vertex  8.616242e+01  3.004400e+00  1.500000e+01
   endloop
 endfacet
 facet normal  0.000000e+00  0.000000e+00 -1.000000e+00
   outer loop
     vertex  8.899890e+01  5.918762e+00  1.500000e+01
     vertex  8.899560e+01  5.837583e+00  1.500000e+01
     vertex  8.899010e+01  5.756524e+00  1.500000e+01
   endloop
 endfacet
 facet normal  0.000000e+00  0.000000e+00 -1.000000e+00
   outer loop
     vertex  8.900000e+01  6.000000e+00  1.500000e+01
     vertex  8.899890e+01  5.918762e+00  1.500000e+01
     vertex  8.899010e+01  5.756524e+00  1.500000e+01
   endloop
 endfacet
 facet normal  0.000000e+00  0.000000e+00 -1.000000e+00
   outer loop
     vertex  8.600000e+01  3.000000e+00  1.500000e+01
     vertex  8.632436e+01  3.017586e+00  1.500000e+01
     vertex  8.608124e+01  3.001100e+00  1.500000e+01
   endloop
 endfacet
 facet normal  0.000000e+00  0.000000e+00 -1.000000e+00
   outer loop
     vertex  8.600000e+01  3.000000e+00  1.500000e+01
     vertex  8.899010e+01  5.756524e+00  1.500000e+01
     vertex  8.632436e+01  3.017586e+00  1.500000e+01
   endloop
 endfacet
 facet normal  0.000000e+00  0.000000e+00 -1.000000e+00
   outer loop
     vertex  8.600000e+01  3.000000e+00  1.500000e+01
     vertex  8.900000e+01  6.000000e+00  1.500000e+01
     vertex  8.899010e+01  5.756524e+00  1.500000e+01
   endloop
 endfacet
 facet normal  0.000000e+00  0.000000e+00 -1.000000e+00
   outer loop
     vertex  7.800000e+01  3.000000e+00  1.500000e+01
     vertex  8.900000e+01  6.000000e+00  1.500000e+01
     vertex  8.600000e+01  3.000000e+00  1.500000e+01
   endloop
 endfacet
 facet normal  0.000000e+00  0.000000e+00 -1.000000e+00
   outer loop
     vertex  6.800000e+01  3.000000e+00  1.500000e+01
     vertex  7.800000e+01  3.000000e+00  1.500000e+01
     vertex  7.800000e+01  0.000000e+00  1.500000e+01
   endloop
 endfacet
 facet normal  0.000000e+00  0.000000e+00 -1.000000e+00
   outer loop
     vertex  6.800000e+01  3.000000e+00  1.500000e+01
     vertex  7.800000e+01  0.000000e+00  1.500000e+01
     vertex  6.800000e+01  0.000000e+00  1.500000e+01
   endloop
 endfacet
 facet normal  0.000000e+00  0.000000e+00 -1.000000e+00
   outer loop
     vertex  5.000000e+01  3.000000e+00  1.500000e+01
     vertex  6.000000e+01  3.000000e+00  1.500000e+01
     vertex  6.000000e+01  0.000000e+00  1.500000e+01
   endloop
 endfacet
 facet normal  0.000000e+00  0.000000e+00 -1.000000e+00
   outer loop
     vertex  5.000000e+01  3.000000e+00  1.500000e+01
     vertex  6.000000e+01  0.000000e+00  1.500000e+01
     vertex  5.000000e+01  0.000000e+00  1.500000e+01
   endloop
 endfacet
 facet normal  0.000000e+00 -0.000000e+00 -1.000000e+00
   outer loop
     vertex  8.900000e+01  5.200000e+01  1.500000e+01
     vertex  8.900000e+01  6.000000e+00  1.500000e+01
     vertex  7.800000e+01  3.000000e+00  1.500000e+01
   endloop
 endfacet
 facet normal  0.000000e+00  0.000000e+00 -1.000000e+00
   outer loop
     vertex  8.900000e+01  5.200000e+01  1.500000e+01
     vertex  7.800000e+01  3.000000e+00  1.500000e+01
     vertex  6.800000e+01  3.000000e+00  1.500000e+01
   endloop
 endfacet
 facet normal  0.000000e+00  0.000000e+00 -1.000000e+00
   outer loop
     vertex  8.898241e+01  5.232436e+01  1.500000e+01
     vertex  8.899010e+01  5.224348e+01  1.500000e+01
     vertex  8.899560e+01  5.216242e+01  1.500000e+01
   endloop
 endfacet
 facet normal  0.000000e+00  0.000000e+00 -1.000000e+00
   outer loop
     vertex  8.897254e+01  5.240500e+01  1.500000e+01
     vertex  8.898241e+01  5.232436e+01  1.500000e+01
     vertex  8.899560e+01  5.216242e+01  1.500000e+01
   endloop
 endfacet
 facet normal  0.000000e+00  0.000000e+00 -1.000000e+00
   outer loop
     vertex  8.896048e+01  5.248535e+01  1.500000e+01
     vertex  8.897254e+01  5.240500e+01  1.500000e+01
     vertex  8.899560e+01  5.216242e+01  1.500000e+01
   endloop
 endfacet
 facet normal  0.000000e+00  0.000000e+00 -1.000000e+00
   outer loop
     vertex  8.894625e+01  5.256534e+01  1.500000e+01
     vertex  8.899890e+01  5.208124e+01  1.500000e+01
     vertex  8.900000e+01  5.200000e+01  1.500000e+01
   endloop
 endfacet
 facet normal  0.000000e+00  0.000000e+00 -1.000000e+00
   outer loop
     vertex  8.894625e+01  5.256534e+01  1.500000e+01
     vertex  8.899560e+01  5.216242e+01  1.500000e+01
     vertex  8.899890e+01  5.208124e+01  1.500000e+01
   endloop
 endfacet
 facet normal  0.000000e+00  0.000000e+00 -1.000000e+00
   outer loop
     vertex  8.894625e+01  5.256534e+01  1.500000e+01
     vertex  8.896048e+01  5.248535e+01  1.500000e+01
     vertex  8.899560e+01  5.216242e+01  1.500000e+01
   endloop
 endfacet
 facet normal  0.000000e+00  0.000000e+00 -1.000000e+00
   outer loop
     vertex  8.892986e+01  5.264491e+01  1.500000e+01
     vertex  8.894625e+01  5.256534e+01  1.500000e+01
     vertex  8.900000e+01  5.200000e+01  1.500000e+01
   endloop
 endfacet
 facet normal  0.000000e+00  0.000000e+00 -1.000000e+00
   outer loop
     vertex  8.889065e+01  5.280259e+01  1.500000e+01
     vertex  8.892986e+01  5.264491e+01  1.500000e+01
     vertex  8.900000e+01  5.200000e+01  1.500000e+01
   endloop
 endfacet
 facet normal  0.000000e+00  0.000000e+00 -1.000000e+00
   outer loop
     vertex  8.889065e+01  5.280259e+01  1.500000e+01
     vertex  8.891132e+01  5.272401e+01  1.500000e+01
     vertex  8.892986e+01  5.264491e+01  1.500000e+01
   endloop
 endfacet
 facet normal  0.000000e+00  0.000000e+00 -1.000000e+00
   outer loop
     vertex  8.884296e+01  5.295790e+01  1.500000e+01
     vertex  8.886786e+01  5.288057e+01  1.500000e+01
     vertex  8.889065e+01  5.280259e+01  1.500000e+01
   endloop
 endfacet
 facet normal  0.000000e+00  0.000000e+00 -1.000000e+00
   outer loop
     vertex  8.881598e+01  5.303454e+01  1.500000e+01
     vertex  8.889065e+01  5.280259e+01  1.500000e+01
     vertex  8.900000e+01  5.200000e+01  1.500000e+01
   endloop
 endfacet
 facet normal  0.000000e+00  0.000000e+00 -1.000000e+00
   outer loop
     vertex  8.881598e+01  5.303454e+01  1.500000e+01
     vertex  8.884296e+01  5.295790e+01  1.500000e+01
     vertex  8.889065e+01  5.280259e+01  1.500000e+01
   endloop
 endfacet
 facet normal  0.000000e+00  0.000000e+00 -1.000000e+00
   outer loop
     vertex  8.878693e+01  5.311041e+01  1.500000e+01
     vertex  8.881598e+01  5.303454e+01  1.500000e+01
     vertex  8.900000e+01  5.200000e+01  1.500000e+01
   endloop
 endfacet
 facet normal  0.000000e+00  0.000000e+00 -1.000000e+00
   outer loop
     vertex  8.865054e+01  5.340523e+01  1.500000e+01
     vertex  8.872273e+01  5.325967e+01  1.500000e+01
     vertex  8.875584e+01  5.318548e+01  1.500000e+01
   endloop
 endfacet
 facet normal  0.000000e+00  0.000000e+00 -1.000000e+00
   outer loop
     vertex  8.865054e+01  5.340523e+01  1.500000e+01
     vertex  8.868762e+01  5.333294e+01  1.500000e+01
     vertex  8.872273e+01  5.325967e+01  1.500000e+01
   endloop
 endfacet
 facet normal  0.000000e+00  0.000000e+00 -1.000000e+00
   outer loop
     vertex  8.861151e+01  5.347648e+01  1.500000e+01
     vertex  8.865054e+01  5.340523e+01  1.500000e+01
     vertex  8.875584e+01  5.318548e+01  1.500000e+01
   endloop
 endfacet
 facet normal  0.000000e+00  0.000000e+00 -1.000000e+00
   outer loop
     vertex  8.861151e+01  5.347648e+01  1.500000e+01
     vertex  8.875584e+01  5.318548e+01  1.500000e+01
     vertex  8.878693e+01  5.311041e+01  1.500000e+01
   endloop
 endfacet
 facet normal  0.000000e+00  0.000000e+00 -1.000000e+00
   outer loop
     vertex  8.852775e+01  5.361570e+01  1.500000e+01
     vertex  8.861151e+01  5.347648e+01  1.500000e+01
     vertex  8.878693e+01  5.311041e+01  1.500000e+01
   endloop
 endfacet
 facet normal  0.000000e+00  0.000000e+00 -1.000000e+00
   outer loop
     vertex  8.852775e+01  5.361570e+01  1.500000e+01
     vertex  8.857057e+01  5.354666e+01  1.500000e+01
     vertex  8.861151e+01  5.347648e+01  1.500000e+01
   endloop
 endfacet
 facet normal  0.000000e+00  0.000000e+00 -1.000000e+00
   outer loop
     vertex  8.848307e+01  5.368356e+01  1.500000e+01
     vertex  8.878693e+01  5.311041e+01  1.500000e+01
     vertex  8.900000e+01  5.200000e+01  1.500000e+01
   endloop
 endfacet
 facet normal  0.000000e+00  0.000000e+00 -1.000000e+00
   outer loop
     vertex  8.848307e+01  5.368356e+01  1.500000e+01
     vertex  8.852775e+01  5.361570e+01  1.500000e+01
     vertex  8.878693e+01  5.311041e+01  1.500000e+01
   endloop
 endfacet
 facet normal  0.000000e+00  0.000000e+00 -1.000000e+00
   outer loop
     vertex  8.843657e+01  5.375018e+01  1.500000e+01
     vertex  8.848307e+01  5.368356e+01  1.500000e+01
     vertex  8.900000e+01  5.200000e+01  1.500000e+01
   endloop
 endfacet
 facet normal  0.000000e+00  0.000000e+00 -1.000000e+00
   outer loop
     vertex  8.833824e+01  5.387953e+01  1.500000e+01
     vertex  8.843657e+01  5.375018e+01  1.500000e+01
     vertex  8.900000e+01  5.200000e+01  1.500000e+01
   endloop
 endfacet
 facet normal  0.000000e+00  0.000000e+00 -1.000000e+00
   outer loop
     vertex  8.833824e+01  5.387953e+01  1.500000e+01
     vertex  8.838828e+01  5.381552e+01  1.500000e+01
     vertex  8.843657e+01  5.375018e+01  1.500000e+01
   endloop
 endfacet
 facet normal  0.000000e+00  0.000000e+00 -1.000000e+00
   outer loop
     vertex  8.817799e+01  5.406310e+01  1.500000e+01
     vertex  8.833824e+01  5.387953e+01  1.500000e+01
     vertex  8.900000e+01  5.200000e+01  1.500000e+01
   endloop
 endfacet
 facet normal  0.000000e+00  0.000000e+00 -1.000000e+00
   outer loop
     vertex  8.817799e+01  5.406310e+01  1.500000e+01
     vertex  8.828649e+01  5.394216e+01  1.500000e+01
     vertex  8.833824e+01  5.387953e+01  1.500000e+01
   endloop
 endfacet
 facet normal  0.000000e+00  0.000000e+00 -1.000000e+00
   outer loop
     vertex  8.817799e+01  5.406310e+01  1.500000e+01
     vertex  8.823306e+01  5.400336e+01  1.500000e+01
     vertex  8.828649e+01  5.394216e+01  1.500000e+01
   endloop
 endfacet
 facet normal  0.000000e+00  0.000000e+00 -1.000000e+00
   outer loop
     vertex  8.806310e+01  5.417799e+01  1.500000e+01
     vertex  8.812132e+01  5.412132e+01  1.500000e+01
     vertex  8.817799e+01  5.406310e+01  1.500000e+01
   endloop
 endfacet
 facet normal  0.000000e+00  0.000000e+00 -1.000000e+00
   outer loop
     vertex  8.800336e+01  5.423306e+01  1.500000e+01
     vertex  8.806310e+01  5.417799e+01  1.500000e+01
     vertex  8.817799e+01  5.406310e+01  1.500000e+01
   endloop
 endfacet
 facet normal  0.000000e+00  0.000000e+00 -1.000000e+00
   outer loop
     vertex  8.794216e+01  5.428649e+01  1.500000e+01
     vertex  8.800336e+01  5.423306e+01  1.500000e+01
     vertex  8.817799e+01  5.406310e+01  1.500000e+01
   endloop
 endfacet
 facet normal  0.000000e+00  0.000000e+00 -1.000000e+00
   outer loop
     vertex  8.775018e+01  5.443657e+01  1.500000e+01
     vertex  8.787953e+01  5.433824e+01  1.500000e+01
     vertex  8.794216e+01  5.428649e+01  1.500000e+01
   endloop
 endfacet
 facet normal  0.000000e+00  0.000000e+00 -1.000000e+00
   outer loop
     vertex  8.775018e+01  5.443657e+01  1.500000e+01
     vertex  8.781552e+01  5.438828e+01  1.500000e+01
     vertex  8.787953e+01  5.433824e+01  1.500000e+01
   endloop
 endfacet
 facet normal  0.000000e+00  0.000000e+00 -1.000000e+00
   outer loop
     vertex  8.768356e+01  5.448307e+01  1.500000e+01
     vertex  8.775018e+01  5.443657e+01  1.500000e+01
     vertex  8.794216e+01  5.428649e+01  1.500000e+01
   endloop
 endfacet
 facet normal  0.000000e+00  0.000000e+00 -1.000000e+00
   outer loop
     vertex  8.747648e+01  5.461151e+01  1.500000e+01
     vertex  8.754666e+01  5.457057e+01  1.500000e+01
     vertex  8.761570e+01  5.452775e+01  1.500000e+01
   endloop
 endfacet
 facet normal  0.000000e+00  0.000000e+00 -1.000000e+00
   outer loop
     vertex  8.740523e+01  5.465054e+01  1.500000e+01
     vertex  8.794216e+01  5.428649e+01  1.500000e+01
     vertex  8.817799e+01  5.406310e+01  1.500000e+01
   endloop
 endfacet
 facet normal  0.000000e+00  0.000000e+00 -1.000000e+00
   outer loop
     vertex  8.740523e+01  5.465054e+01  1.500000e+01
     vertex  8.761570e+01  5.452775e+01  1.500000e+01
     vertex  8.768356e+01  5.448307e+01  1.500000e+01
   endloop
 endfacet
 facet normal  0.000000e+00  0.000000e+00 -1.000000e+00
   outer loop
     vertex  8.740523e+01  5.465054e+01  1.500000e+01
     vertex  8.768356e+01  5.448307e+01  1.500000e+01
     vertex  8.794216e+01  5.428649e+01  1.500000e+01
   endloop
 endfacet
 facet normal  0.000000e+00  0.000000e+00 -1.000000e+00
   outer loop
     vertex  8.740523e+01  5.465054e+01  1.500000e+01
     vertex  8.747648e+01  5.461151e+01  1.500000e+01
     vertex  8.761570e+01  5.452775e+01  1.500000e+01
   endloop
 endfacet
 facet normal  0.000000e+00  0.000000e+00 -1.000000e+00
   outer loop
     vertex  8.733294e+01  5.468762e+01  1.500000e+01
     vertex  8.740523e+01  5.465054e+01  1.500000e+01
     vertex  8.817799e+01  5.406310e+01  1.500000e+01
   endloop
 endfacet
 facet normal  0.000000e+00  0.000000e+00 -1.000000e+00
   outer loop
     vertex  8.718548e+01  5.475584e+01  1.500000e+01
     vertex  8.725967e+01  5.472273e+01  1.500000e+01
     vertex  8.733294e+01  5.468762e+01  1.500000e+01
   endloop
 endfacet
 facet normal  0.000000e+00  0.000000e+00 -1.000000e+00
   outer loop
     vertex  8.718548e+01  5.475584e+01  1.500000e+01
     vertex  8.733294e+01  5.468762e+01  1.500000e+01
     vertex  8.817799e+01  5.406310e+01  1.500000e+01
   endloop
 endfacet
 facet normal  0.000000e+00  0.000000e+00 -1.000000e+00
   outer loop
     vertex  8.711041e+01  5.478693e+01  1.500000e+01
     vertex  8.817799e+01  5.406310e+01  1.500000e+01
     vertex  8.900000e+01  5.200000e+01  1.500000e+01
   endloop
 endfacet
 facet normal  0.000000e+00  0.000000e+00 -1.000000e+00
   outer loop
     vertex  8.711041e+01  5.478693e+01  1.500000e+01
     vertex  8.718548e+01  5.475584e+01  1.500000e+01
     vertex  8.817799e+01  5.406310e+01  1.500000e+01
   endloop
 endfacet
 facet normal  0.000000e+00  0.000000e+00 -1.000000e+00
   outer loop
     vertex  8.695790e+01  5.484296e+01  1.500000e+01
     vertex  8.703454e+01  5.481598e+01  1.500000e+01
     vertex  8.711041e+01  5.478693e+01  1.500000e+01
   endloop
 endfacet
 facet normal  0.000000e+00  0.000000e+00 -1.000000e+00
   outer loop
     vertex  8.688057e+01  5.486786e+01  1.500000e+01
     vertex  8.695790e+01  5.484296e+01  1.500000e+01
     vertex  8.711041e+01  5.478693e+01  1.500000e+01
   endloop
 endfacet
 facet normal  0.000000e+00  0.000000e+00 -1.000000e+00
   outer loop
     vertex  8.688057e+01  5.486786e+01  1.500000e+01
     vertex  8.711041e+01  5.478693e+01  1.500000e+01
     vertex  8.900000e+01  5.200000e+01  1.500000e+01
   endloop
 endfacet
 facet normal  0.000000e+00  0.000000e+00 -1.000000e+00
   outer loop
     vertex  8.672401e+01  5.491132e+01  1.500000e+01
     vertex  8.680259e+01  5.489065e+01  1.500000e+01
     vertex  8.688057e+01  5.486786e+01  1.500000e+01
   endloop
 endfacet
 facet normal  0.000000e+00  0.000000e+00 -1.000000e+00
   outer loop
     vertex  8.648535e+01  5.496048e+01  1.500000e+01
     vertex  8.664491e+01  5.492986e+01  1.500000e+01
     vertex  8.672401e+01  5.491132e+01  1.500000e+01
   endloop
 endfacet
 facet normal  0.000000e+00  0.000000e+00 -1.000000e+00
   outer loop
     vertex  8.648535e+01  5.496048e+01  1.500000e+01
     vertex  8.656534e+01  5.494625e+01  1.500000e+01
     vertex  8.664491e+01  5.492986e+01  1.500000e+01
   endloop
 endfacet
 facet normal  0.000000e+00  0.000000e+00 -1.000000e+00
   outer loop
     vertex  8.648535e+01  5.496048e+01  1.500000e+01
     vertex  8.672401e+01  5.491132e+01  1.500000e+01
     vertex  8.688057e+01  5.486786e+01  1.500000e+01
   endloop
 endfacet
 facet normal  0.000000e+00  0.000000e+00 -1.000000e+00
   outer loop
     vertex  8.624348e+01  5.499010e+01  1.500000e+01
     vertex  8.640500e+01  5.497254e+01  1.500000e+01
     vertex  8.648535e+01  5.496048e+01  1.500000e+01
   endloop
 endfacet
 facet normal  0.000000e+00  0.000000e+00 -1.000000e+00
   outer loop
     vertex  8.624348e+01  5.499010e+01  1.500000e+01
     vertex  8.632436e+01  5.498241e+01  1.500000e+01
     vertex  8.640500e+01  5.497254e+01  1.500000e+01
   endloop
 endfacet
 facet normal  0.000000e+00  0.000000e+00 -1.000000e+00
   outer loop
     vertex  8.624348e+01  5.499010e+01  1.500000e+01
     vertex  8.648535e+01  5.496048e+01  1.500000e+01
     vertex  8.688057e+01  5.486786e+01  1.500000e+01
   endloop
 endfacet
 facet normal  0.000000e+00  0.000000e+00 -1.000000e+00
   outer loop
     vertex  8.624348e+01  5.499010e+01  1.500000e+01
     vertex  8.688057e+01  5.486786e+01  1.500000e+01
     vertex  8.900000e+01  5.200000e+01  1.500000e+01
   endloop
 endfacet
 facet normal  0.000000e+00  0.000000e+00 -1.000000e+00
   outer loop
     vertex  8.600000e+01  5.500000e+01  1.500000e+01
     vertex  6.800000e+01  3.000000e+00  1.500000e+01
     vertex  6.000000e+01  3.000000e+00  1.500000e+01
   endloop
 endfacet
 facet normal  0.000000e+00 -0.000000e+00 -1.000000e+00
   outer loop
     vertex  8.600000e+01  5.500000e+01  1.500000e+01
     vertex  8.900000e+01  5.200000e+01  1.500000e+01
     vertex  6.800000e+01  3.000000e+00  1.500000e+01
   endloop
 endfacet
 facet normal  0.000000e+00  0.000000e+00 -1.000000e+00
   outer loop
     vertex  8.600000e+01  5.500000e+01  1.500000e+01
     vertex  8.616242e+01  5.499560e+01  1.500000e+01
     vertex  8.624348e+01  5.499010e+01  1.500000e+01
   endloop
 endfacet
 facet normal  0.000000e+00  0.000000e+00 -1.000000e+00
   outer loop
     vertex  8.600000e+01  5.500000e+01  1.500000e+01
     vertex  8.608124e+01  5.499890e+01  1.500000e+01
     vertex  8.616242e+01  5.499560e+01  1.500000e+01
   endloop
 endfacet
 facet normal  0.000000e+00  0.000000e+00 -1.000000e+00
   outer loop
     vertex  8.600000e+01  5.500000e+01  1.500000e+01
     vertex  6.000000e+01  3.000000e+00  1.500000e+01
     vertex  5.000000e+01  3.000000e+00  1.500000e+01
   endloop
 endfacet
 facet normal  0.000000e+00  0.000000e+00 -1.000000e+00
   outer loop
     vertex  8.600000e+01  5.500000e+01  1.500000e+01
     vertex  8.624348e+01  5.499010e+01  1.500000e+01
     vertex  8.900000e+01  5.200000e+01  1.500000e+01
   endloop
 endfacet
 facet normal  0.000000e+00  0.000000e+00 -1.000000e+00
   outer loop
     vertex  3.200000e+01  3.000000e+00  1.500000e+01
     vertex  4.200000e+01  3.000000e+00  1.500000e+01
     vertex  4.200000e+01  0.000000e+00  1.500000e+01
   endloop
 endfacet
 facet normal  0.000000e+00  0.000000e+00 -1.000000e+00
   outer loop
     vertex  3.200000e+01  3.000000e+00  1.500000e+01
     vertex  4.200000e+01  0.000000e+00  1.500000e+01
     vertex  3.200000e+01  0.000000e+00  1.500000e+01
   endloop
 endfacet
 facet normal  0.000000e+00  0.000000e+00 -1.000000e+00
   outer loop
     vertex  1.400000e+01  3.000000e+00  1.500000e+01
     vertex  2.400000e+01  3.000000e+00  1.500000e+01
     vertex  2.400000e+01  0.000000e+00  1.500000e+01
   endloop
 endfacet
 facet normal  0.000000e+00  0.000000e+00 -1.000000e+00
   outer loop
     vertex  1.400000e+01  3.000000e+00  1.500000e+01
     vertex  2.400000e+01  0.000000e+00  1.500000e+01
     vertex  1.400000e+01  0.000000e+00  1.500000e+01
   endloop
 endfacet
 facet normal  0.000000e+00  0.000000e+00 -1.000000e+00
   outer loop
     vertex  5.756524e+00  3.009896e+00  1.500000e+01
     vertex  5.918762e+00  3.001100e+00  1.500000e+01
     vertex  5.837583e+00  3.004400e+00  1.500000e+01
   endloop
 endfacet
 facet normal  0.000000e+00  0.000000e+00 -1.000000e+00
   outer loop
     vertex  5.675643e+00  3.017586e+00  1.500000e+01
     vertex  5.918762e+00  3.001100e+00  1.500000e+01
     vertex  5.756524e+00  3.009896e+00  1.500000e+01
   endloop
 endfacet
 facet normal  0.000000e+00  0.000000e+00 -1.000000e+00
   outer loop
     vertex  5.675643e+00  3.017586e+00  1.500000e+01
     vertex  6.000000e+00  3.000000e+00  1.500000e+01
     vertex  5.918762e+00  3.001100e+00  1.500000e+01
   endloop
 endfacet
 facet normal  0.000000e+00  0.000000e+00 -1.000000e+00
   outer loop
     vertex  5.355089e+00  3.070138e+00  1.500000e+01
     vertex  6.000000e+00  3.000000e+00  1.500000e+01
     vertex  5.675643e+00  3.017586e+00  1.500000e+01
   endloop
 endfacet
 facet normal  0.000000e+00  0.000000e+00 -1.000000e+00
   outer loop
     vertex  5.355089e+00  3.070138e+00  1.500000e+01
     vertex  5.514654e+00  3.039520e+00  1.500000e+01
     vertex  5.434664e+00  3.053749e+00  1.500000e+01
   endloop
 endfacet
 facet normal  0.000000e+00  0.000000e+00 -1.000000e+00
   outer loop
     vertex  5.355089e+00  3.070138e+00  1.500000e+01
     vertex  5.595000e+00  3.027463e+00  1.500000e+01
     vertex  5.514654e+00  3.039520e+00  1.500000e+01
   endloop
 endfacet
 facet normal  0.000000e+00  0.000000e+00 -1.000000e+00
   outer loop
     vertex  5.355089e+00  3.070138e+00  1.500000e+01
     vertex  5.675643e+00  3.017586e+00  1.500000e+01
     vertex  5.595000e+00  3.027463e+00  1.500000e+01
   endloop
 endfacet
 facet normal  0.000000e+00  0.000000e+00 -1.000000e+00
   outer loop
     vertex  5.197415e+00  3.109350e+00  1.500000e+01
     vertex  5.355089e+00  3.070138e+00  1.500000e+01
     vertex  5.275986e+00  3.088677e+00  1.500000e+01
   endloop
 endfacet
 facet normal  0.000000e+00  0.000000e+00 -1.000000e+00
   outer loop
     vertex  5.119432e+00  3.132144e+00  1.500000e+01
     vertex  5.355089e+00  3.070138e+00  1.500000e+01
     vertex  5.197415e+00  3.109350e+00  1.500000e+01
   endloop
 endfacet
 facet normal  0.000000e+00  0.000000e+00 -1.000000e+00
   outer loop
     vertex  4.965461e+00  3.184023e+00  1.500000e+01
     vertex  5.355089e+00  3.070138e+00  1.500000e+01
     vertex  5.119432e+00  3.132144e+00  1.500000e+01
   endloop
 endfacet
 facet normal  0.000000e+00  0.000000e+00 -1.000000e+00
   outer loop
     vertex  4.965461e+00  3.184023e+00  1.500000e+01
     vertex  5.119432e+00  3.132144e+00  1.500000e+01
     vertex  5.042095e+00  3.157040e+00  1.500000e+01
   endloop
 endfacet
 facet normal  0.000000e+00  0.000000e+00 -1.000000e+00
   outer loop
     vertex  4.889586e+00  3.213070e+00  1.500000e+01
     vertex  5.355089e+00  3.070138e+00  1.500000e+01
     vertex  4.965461e+00  3.184023e+00  1.500000e+01
   endloop
 endfacet
 facet normal  0.000000e+00  0.000000e+00 -1.000000e+00
   outer loop
     vertex  4.814524e+00  3.244161e+00  1.500000e+01
     vertex  6.000000e+00  3.000000e+00  1.500000e+01
     vertex  5.355089e+00  3.070138e+00  1.500000e+01
   endloop
 endfacet
 facet normal  0.000000e+00  0.000000e+00 -1.000000e+00
   outer loop
     vertex  4.814524e+00  3.244161e+00  1.500000e+01
     vertex  5.355089e+00  3.070138e+00  1.500000e+01
     vertex  4.889586e+00  3.213070e+00  1.500000e+01
   endloop
 endfacet
 facet normal  0.000000e+00  0.000000e+00 -1.000000e+00
   outer loop
     vertex  4.594775e+00  3.349464e+00  1.500000e+01
     vertex  6.000000e+00  3.000000e+00  1.500000e+01
     vertex  4.814524e+00  3.244161e+00  1.500000e+01
   endloop
 endfacet
 facet normal  0.000000e+00  0.000000e+00 -1.000000e+00
   outer loop
     vertex  4.594775e+00  3.349464e+00  1.500000e+01
     vertex  4.740333e+00  3.277274e+00  1.500000e+01
     vertex  4.667065e+00  3.312383e+00  1.500000e+01
   endloop
 endfacet
 facet normal  0.000000e+00  0.000000e+00 -1.000000e+00
   outer loop
     vertex  4.594775e+00  3.349464e+00  1.500000e+01
     vertex  4.814524e+00  3.244161e+00  1.500000e+01
     vertex  4.740333e+00  3.277274e+00  1.500000e+01
   endloop
 endfacet
 facet normal  0.000000e+00  0.000000e+00 -1.000000e+00
   outer loop
     vertex  4.453338e+00  3.429428e+00  1.500000e+01
     vertex  4.594775e+00  3.349464e+00  1.500000e+01
     vertex  4.523515e+00  3.388488e+00  1.500000e+01
   endloop
 endfacet
 facet normal  0.000000e+00  0.000000e+00 -1.000000e+00
   outer loop
     vertex  4.316439e+00  3.516933e+00  1.500000e+01
     vertex  4.453338e+00  3.429428e+00  1.500000e+01
     vertex  4.384296e+00  3.472254e+00  1.500000e+01
   endloop
 endfacet
 facet normal  0.000000e+00  0.000000e+00 -1.000000e+00
   outer loop
     vertex  4.316439e+00  3.516933e+00  1.500000e+01
     vertex  6.000000e+00  3.000000e+00  1.500000e+01
     vertex  4.594775e+00  3.349464e+00  1.500000e+01
   endloop
 endfacet
 facet normal  0.000000e+00  0.000000e+00 -1.000000e+00
   outer loop
     vertex  4.316439e+00  3.516933e+00  1.500000e+01
     vertex  4.594775e+00  3.349464e+00  1.500000e+01
     vertex  4.453338e+00  3.429428e+00  1.500000e+01
   endloop
 endfacet
 facet normal  0.000000e+00  0.000000e+00 -1.000000e+00
   outer loop
     vertex  4.057841e+00  3.713514e+00  1.500000e+01
     vertex  4.184477e+00  3.611721e+00  1.500000e+01
     vertex  4.120470e+00  3.661760e+00  1.500000e+01
   endloop
 endfacet
 facet normal  0.000000e+00  0.000000e+00 -1.000000e+00
   outer loop
     vertex  4.057841e+00  3.713514e+00  1.500000e+01
     vertex  4.249816e+00  3.563433e+00  1.500000e+01
     vertex  4.184477e+00  3.611721e+00  1.500000e+01
   endloop
 endfacet
 facet normal  0.000000e+00  0.000000e+00 -1.000000e+00
   outer loop
     vertex  3.996637e+00  3.766945e+00  1.500000e+01
     vertex  4.249816e+00  3.563433e+00  1.500000e+01
     vertex  4.057841e+00  3.713514e+00  1.500000e+01
   endloop
 endfacet
 facet normal  0.000000e+00  0.000000e+00 -1.000000e+00
   outer loop
     vertex  3.878680e+00  3.878680e+00  1.500000e+01
     vertex  3.996637e+00  3.766945e+00  1.500000e+01
     vertex  3.936902e+00  3.822014e+00  1.500000e+01
   endloop
 endfacet
 facet normal  0.000000e+00  0.000000e+00 -1.000000e+00
   outer loop
     vertex  3.878680e+00  3.878680e+00  1.500000e+01
     vertex  4.316439e+00  3.516933e+00  1.500000e+01
     vertex  4.249816e+00  3.563433e+00  1.500000e+01
   endloop
 endfacet
 facet normal  0.000000e+00  0.000000e+00 -1.000000e+00
   outer loop
     vertex  3.878680e+00  3.878680e+00  1.500000e+01
     vertex  4.249816e+00  3.563433e+00  1.500000e+01
     vertex  3.996637e+00  3.766945e+00  1.500000e+01
   endloop
 endfacet
 facet normal  0.000000e+00  0.000000e+00 -1.000000e+00
   outer loop
     vertex  3.661760e+00  4.120470e+00  1.500000e+01
     vertex  3.766945e+00  3.996637e+00  1.500000e+01
     vertex  3.713514e+00  4.057841e+00  1.500000e+01
   endloop
 endfacet
 facet normal  0.000000e+00  0.000000e+00 -1.000000e+00
   outer loop
     vertex  3.661760e+00  4.120470e+00  1.500000e+01
     vertex  3.822014e+00  3.936902e+00  1.500000e+01
     vertex  3.766945e+00  3.996637e+00  1.500000e+01
   endloop
 endfacet
 facet normal  0.000000e+00  0.000000e+00 -1.000000e+00
   outer loop
     vertex  3.661760e+00  4.120470e+00  1.500000e+01
     vertex  3.878680e+00  3.878680e+00  1.500000e+01
     vertex  3.822014e+00  3.936902e+00  1.500000e+01
   endloop
 endfacet
 facet normal  0.000000e+00  0.000000e+00 -1.000000e+00
   outer loop
     vertex  3.661760e+00  4.120470e+00  1.500000e+01
     vertex  6.000000e+00  3.000000e+00  1.500000e+01
     vertex  4.316439e+00  3.516933e+00  1.500000e+01
   endloop
 endfacet
 facet normal  0.000000e+00  0.000000e+00 -1.000000e+00
   outer loop
     vertex  3.661760e+00  4.120470e+00  1.500000e+01
     vertex  4.316439e+00  3.516933e+00  1.500000e+01
     vertex  3.878680e+00  3.878680e+00  1.500000e+01
   endloop
 endfacet
 facet normal  0.000000e+00  0.000000e+00 -1.000000e+00
   outer loop
     vertex  3.611721e+00  4.184477e+00  1.500000e+01
     vertex  6.000000e+00  3.000000e+00  1.500000e+01
     vertex  3.661760e+00  4.120470e+00  1.500000e+01
   endloop
 endfacet
 facet normal  0.000000e+00  0.000000e+00 -1.000000e+00
   outer loop
     vertex  3.563433e+00  4.249816e+00  1.500000e+01
     vertex  6.000000e+00  3.000000e+00  1.500000e+01
     vertex  3.611721e+00  4.184477e+00  1.500000e+01
   endloop
 endfacet
 facet normal  0.000000e+00  0.000000e+00 -1.000000e+00
   outer loop
     vertex  3.388488e+00  4.523515e+00  1.500000e+01
     vertex  3.472254e+00  4.384296e+00  1.500000e+01
     vertex  3.429428e+00  4.453338e+00  1.500000e+01
   endloop
 endfacet
 facet normal  0.000000e+00  0.000000e+00 -1.000000e+00
   outer loop
     vertex  3.388488e+00  4.523515e+00  1.500000e+01
     vertex  3.516933e+00  4.316439e+00  1.500000e+01
     vertex  3.472254e+00  4.384296e+00  1.500000e+01
   endloop
 endfacet
 facet normal  0.000000e+00  0.000000e+00 -1.000000e+00
   outer loop
     vertex  3.388488e+00  4.523515e+00  1.500000e+01
     vertex  3.563433e+00  4.249816e+00  1.500000e+01
     vertex  3.516933e+00  4.316439e+00  1.500000e+01
   endloop
 endfacet
 facet normal  0.000000e+00  0.000000e+00 -1.000000e+00
   outer loop
     vertex  3.349464e+00  4.594775e+00  1.500000e+01
     vertex  3.563433e+00  4.249816e+00  1.500000e+01
     vertex  3.388488e+00  4.523515e+00  1.500000e+01
   endloop
 endfacet
 facet normal  0.000000e+00  0.000000e+00 -1.000000e+00
   outer loop
     vertex  3.277274e+00  4.740333e+00  1.500000e+01
     vertex  3.563433e+00  4.249816e+00  1.500000e+01
     vertex  3.349464e+00  4.594775e+00  1.500000e+01
   endloop
 endfacet
 facet normal  0.000000e+00  0.000000e+00 -1.000000e+00
   outer loop
     vertex  3.277274e+00  4.740333e+00  1.500000e+01
     vertex  3.349464e+00  4.594775e+00  1.500000e+01
     vertex  3.312383e+00  4.667065e+00  1.500000e+01
   endloop
 endfacet
 facet normal  0.000000e+00  0.000000e+00 -1.000000e+00
   outer loop
     vertex  3.277274e+00  4.740333e+00  1.500000e+01
     vertex  6.000000e+00  3.000000e+00  1.500000e+01
     vertex  3.563433e+00  4.249816e+00  1.500000e+01
   endloop
 endfacet
 facet normal  0.000000e+00  0.000000e+00 -1.000000e+00
   outer loop
     vertex  3.213070e+00  4.889586e+00  1.500000e+01
     vertex  3.277274e+00  4.740333e+00  1.500000e+01
     vertex  3.244161e+00  4.814524e+00  1.500000e+01
   endloop
 endfacet
 facet normal  0.000000e+00  0.000000e+00 -1.000000e+00
   outer loop
     vertex  3.184023e+00  4.965461e+00  1.500000e+01
     vertex  3.277274e+00  4.740333e+00  1.500000e+01
     vertex  3.213070e+00  4.889586e+00  1.500000e+01
   endloop
 endfacet
 facet normal  0.000000e+00  0.000000e+00 -1.000000e+00
   outer loop
     vertex  3.157040e+00  5.042095e+00  1.500000e+01
     vertex  3.277274e+00  4.740333e+00  1.500000e+01
     vertex  3.184023e+00  4.965461e+00  1.500000e+01
   endloop
 endfacet
 facet normal  0.000000e+00  0.000000e+00 -1.000000e+00
   outer loop
     vertex  3.132144e+00  5.119432e+00  1.500000e+01
     vertex  3.277274e+00  4.740333e+00  1.500000e+01
     vertex  3.157040e+00  5.042095e+00  1.500000e+01
   endloop
 endfacet
 facet normal  0.000000e+00  0.000000e+00 -1.000000e+00
   outer loop
     vertex  3.132144e+00  5.119432e+00  1.500000e+01
     vertex  6.000000e+00  3.000000e+00  1.500000e+01
     vertex  3.277274e+00  4.740333e+00  1.500000e+01
   endloop
 endfacet
 facet normal  0.000000e+00  0.000000e+00 -1.000000e+00
   outer loop
     vertex  3.088677e+00  5.275986e+00  1.500000e+01
     vertex  3.132144e+00  5.119432e+00  1.500000e+01
     vertex  3.109350e+00  5.197415e+00  1.500000e+01
   endloop
 endfacet
 facet normal  0.000000e+00  0.000000e+00 -1.000000e+00
   outer loop
     vertex  3.070138e+00  5.355089e+00  1.500000e+01
     vertex  3.132144e+00  5.119432e+00  1.500000e+01
     vertex  3.088677e+00  5.275986e+00  1.500000e+01
   endloop
 endfacet
 facet normal  0.000000e+00  0.000000e+00 -1.000000e+00
   outer loop
     vertex  3.053749e+00  5.434664e+00  1.500000e+01
     vertex  6.000000e+00  3.000000e+00  1.500000e+01
     vertex  3.132144e+00  5.119432e+00  1.500000e+01
   endloop
 endfacet
 facet normal  0.000000e+00  0.000000e+00 -1.000000e+00
   outer loop
     vertex  3.053749e+00  5.434664e+00  1.500000e+01
     vertex  3.132144e+00  5.119432e+00  1.500000e+01
     vertex  3.070138e+00  5.355089e+00  1.500000e+01
   endloop
 endfacet
 facet normal  0.000000e+00  0.000000e+00 -1.000000e+00
   outer loop
     vertex  3.027463e+00  5.595000e+00  1.500000e+01
     vertex  3.053749e+00  5.434664e+00  1.500000e+01
     vertex  3.039520e+00  5.514654e+00  1.500000e+01
   endloop
 endfacet
 facet normal  0.000000e+00  0.000000e+00 -1.000000e+00
   outer loop
     vertex  3.009896e+00  5.756524e+00  1.500000e+01
     vertex  3.027463e+00  5.595000e+00  1.500000e+01
     vertex  3.017586e+00  5.675643e+00  1.500000e+01
   endloop
 endfacet
 facet normal  0.000000e+00  0.000000e+00 -1.000000e+00
   outer loop
     vertex  3.009896e+00  5.756524e+00  1.500000e+01
     vertex  3.053749e+00  5.434664e+00  1.500000e+01
     vertex  3.027463e+00  5.595000e+00  1.500000e+01
   endloop
 endfacet
 facet normal  0.000000e+00  0.000000e+00 -1.000000e+00
   outer loop
     vertex  3.001100e+00  5.918762e+00  1.500000e+01
     vertex  3.009896e+00  5.756524e+00  1.500000e+01
     vertex  3.004400e+00  5.837583e+00  1.500000e+01
   endloop
 endfacet
 facet normal  0.000000e+00  0.000000e+00 -1.000000e+00
   outer loop
     vertex  3.001100e+00  5.918762e+00  1.500000e+01
     vertex  6.000000e+00  3.000000e+00  1.500000e+01
     vertex  3.053749e+00  5.434664e+00  1.500000e+01
   endloop
 endfacet
 facet normal  0.000000e+00  0.000000e+00 -1.000000e+00
   outer loop
     vertex  3.001100e+00  5.918762e+00  1.500000e+01
     vertex  3.053749e+00  5.434664e+00  1.500000e+01
     vertex  3.009896e+00  5.756524e+00  1.500000e+01
   endloop
 endfacet
 facet normal  0.000000e+00  0.000000e+00 -1.000000e+00
   outer loop
     vertex  3.000000e+00  6.000000e+00  1.500000e+01
     vertex  1.400000e+01  3.000000e+00  1.500000e+01
     vertex  6.000000e+00  3.000000e+00  1.500000e+01
   endloop
 endfacet
 facet normal  0.000000e+00  0.000000e+00 -1.000000e+00
   outer loop
     vertex  3.000000e+00  6.000000e+00  1.500000e+01
     vertex  6.000000e+00  3.000000e+00  1.500000e+01
     vertex  3.001100e+00  5.918762e+00  1.500000e+01
   endloop
 endfacet
 facet normal  0.000000e+00  0.000000e+00 -1.000000e+00
   outer loop
     vertex  3.000000e+00  5.200000e+01  1.500000e+01
     vertex  2.400000e+01  3.000000e+00  1.500000e+01
     vertex  1.400000e+01  3.000000e+00  1.500000e+01
   endloop
 endfacet
 facet normal  0.000000e+00  0.000000e+00 -1.000000e+00
   outer loop
     vertex  3.000000e+00  5.200000e+01  1.500000e+01
     vertex  1.400000e+01  3.000000e+00  1.500000e+01
     vertex  3.000000e+00  6.000000e+00  1.500000e+01
   endloop
 endfacet
 facet normal  0.000000e+00 -0.000000e+00 -1.000000e+00
   outer loop
     vertex  6.000000e+00  5.500000e+01  1.500000e+01
     vertex  2.400000e+01  3.000000e+00  1.500000e+01
     vertex  3.000000e+00  5.200000e+01  1.500000e+01
   endloop
 endfacet
 facet normal  0.000000e+00  0.000000e+00 -1.000000e+00
   outer loop
     vertex  6.000000e+00  5.500000e+01  1.500000e+01
     vertex  5.000000e+01  3.000000e+00  1.500000e+01
     vertex  4.200000e+01  3.000000e+00  1.500000e+01
   endloop
 endfacet
 facet normal  0.000000e+00  0.000000e+00 -1.000000e+00
   outer loop
     vertex  6.000000e+00  5.500000e+01  1.500000e+01
     vertex  3.200000e+01  3.000000e+00  1.500000e+01
     vertex  2.400000e+01  3.000000e+00  1.500000e+01
   endloop
 endfacet
 facet normal  0.000000e+00  0.000000e+00 -1.000000e+00
   outer loop
     vertex  6.000000e+00  5.500000e+01  1.500000e+01
     vertex  8.600000e+01  5.500000e+01  1.500000e+01
     vertex  5.000000e+01  3.000000e+00  1.500000e+01
   endloop
 endfacet
 facet normal  0.000000e+00  0.000000e+00 -1.000000e+00
   outer loop
     vertex  6.000000e+00  5.500000e+01  1.500000e+01
     vertex  4.200000e+01  3.000000e+00  1.500000e+01
     vertex  3.200000e+01  3.000000e+00  1.500000e+01
   endloop
 endfacet
 facet normal  0.000000e+00  0.000000e+00 -1.000000e+00
   outer loop
     vertex  3.004400e+00  5.216242e+01  1.500000e+01
     vertex  3.000000e+00  5.200000e+01  1.500000e+01
     vertex  3.001100e+00  5.208124e+01  1.500000e+01
   endloop
 endfacet
 facet normal  0.000000e+00  0.000000e+00 -1.000000e+00
   outer loop
     vertex  5.756524e+00  5.499010e+01  1.500000e+01
     vertex  5.918762e+00  5.499890e+01  1.500000e+01
     vertex  6.000000e+00  5.500000e+01  1.500000e+01
   endloop
 endfacet
 facet normal  0.000000e+00  0.000000e+00 -1.000000e+00
   outer loop
     vertex  5.756524e+00  5.499010e+01  1.500000e+01
     vertex  5.837583e+00  5.499560e+01  1.500000e+01
     vertex  5.918762e+00  5.499890e+01  1.500000e+01
   endloop
 endfacet
 facet normal  0.000000e+00  0.000000e+00 -1.000000e+00
   outer loop
     vertex  3.027463e+00  5.240500e+01  1.500000e+01
     vertex  3.009896e+00  5.224348e+01  1.500000e+01
     vertex  3.017586e+00  5.232436e+01  1.500000e+01
   endloop
 endfacet
 facet normal  0.000000e+00  0.000000e+00 -1.000000e+00
   outer loop
     vertex  5.595000e+00  5.497254e+01  1.500000e+01
     vertex  5.756524e+00  5.499010e+01  1.500000e+01
     vertex  6.000000e+00  5.500000e+01  1.500000e+01
   endloop
 endfacet
 facet normal  0.000000e+00  0.000000e+00 -1.000000e+00
   outer loop
     vertex  5.595000e+00  5.497254e+01  1.500000e+01
     vertex  5.675643e+00  5.498241e+01  1.500000e+01
     vertex  5.756524e+00  5.499010e+01  1.500000e+01
   endloop
 endfacet
 facet normal  0.000000e+00  0.000000e+00 -1.000000e+00
   outer loop
     vertex  3.053749e+00  5.256534e+01  1.500000e+01
     vertex  3.027463e+00  5.240500e+01  1.500000e+01
     vertex  3.039520e+00  5.248535e+01  1.500000e+01
   endloop
 endfacet
 facet normal  0.000000e+00  0.000000e+00 -1.000000e+00
   outer loop
     vertex  3.053749e+00  5.256534e+01  1.500000e+01
     vertex  3.004400e+00  5.216242e+01  1.500000e+01
     vertex  3.009896e+00  5.224348e+01  1.500000e+01
   endloop
 endfacet
 facet normal  0.000000e+00  0.000000e+00 -1.000000e+00
   outer loop
     vertex  3.053749e+00  5.256534e+01  1.500000e+01
     vertex  3.000000e+00  5.200000e+01  1.500000e+01
     vertex  3.004400e+00  5.216242e+01  1.500000e+01
   endloop
 endfacet
 facet normal  0.000000e+00  0.000000e+00 -1.000000e+00
   outer loop
     vertex  3.053749e+00  5.256534e+01  1.500000e+01
     vertex  3.009896e+00  5.224348e+01  1.500000e+01
     vertex  3.027463e+00  5.240500e+01  1.500000e+01
   endloop
 endfacet
 facet normal  0.000000e+00  0.000000e+00 -1.000000e+00
   outer loop
     vertex  3.088677e+00  5.272401e+01  1.500000e+01
     vertex  3.053749e+00  5.256534e+01  1.500000e+01
     vertex  3.070138e+00  5.264491e+01  1.500000e+01
   endloop
 endfacet
 facet normal  0.000000e+00 -0.000000e+00 -1.000000e+00
   outer loop
     vertex  3.088677e+00  5.272401e+01  1.500000e+01
     vertex  6.000000e+00  5.500000e+01  1.500000e+01
     vertex  3.000000e+00  5.200000e+01  1.500000e+01
   endloop
 endfacet
 facet normal  0.000000e+00  0.000000e+00 -1.000000e+00
   outer loop
     vertex  3.088677e+00  5.272401e+01  1.500000e+01
     vertex  3.000000e+00  5.200000e+01  1.500000e+01
     vertex  3.053749e+00  5.256534e+01  1.500000e+01
   endloop
 endfacet
 facet normal  0.000000e+00  0.000000e+00 -1.000000e+00
   outer loop
     vertex  5.275986e+00  5.491132e+01  1.500000e+01
     vertex  5.355089e+00  5.492986e+01  1.500000e+01
     vertex  5.434664e+00  5.494625e+01  1.500000e+01
   endloop
 endfacet
 facet normal  0.000000e+00  0.000000e+00 -1.000000e+00
   outer loop
     vertex  5.197415e+00  5.489065e+01  1.500000e+01
     vertex  5.275986e+00  5.491132e+01  1.500000e+01
     vertex  5.434664e+00  5.494625e+01  1.500000e+01
   endloop
 endfacet
 facet normal  0.000000e+00  0.000000e+00 -1.000000e+00
   outer loop
     vertex  3.132144e+00  5.288057e+01  1.500000e+01
     vertex  3.088677e+00  5.272401e+01  1.500000e+01
     vertex  3.109350e+00  5.280259e+01  1.500000e+01
   endloop
 endfacet
 facet normal  0.000000e+00 -0.000000e+00 -1.000000e+00
   outer loop
     vertex  3.132144e+00  5.288057e+01  1.500000e+01
     vertex  6.000000e+00  5.500000e+01  1.500000e+01
     vertex  3.088677e+00  5.272401e+01  1.500000e+01
   endloop
 endfacet
 facet normal  0.000000e+00  0.000000e+00 -1.000000e+00
   outer loop
     vertex  5.042095e+00  5.484296e+01  1.500000e+01
     vertex  5.514654e+00  5.496048e+01  1.500000e+01
     vertex  5.595000e+00  5.497254e+01  1.500000e+01
   endloop
 endfacet
 facet normal  0.000000e+00  0.000000e+00 -1.000000e+00
   outer loop
     vertex  5.042095e+00  5.484296e+01  1.500000e+01
     vertex  5.434664e+00  5.494625e+01  1.500000e+01
     vertex  5.514654e+00  5.496048e+01  1.500000e+01
   endloop
 endfacet
 facet normal  0.000000e+00  0.000000e+00 -1.000000e+00
   outer loop
     vertex  5.042095e+00  5.484296e+01  1.500000e+01
     vertex  5.119432e+00  5.486786e+01  1.500000e+01
     vertex  5.197415e+00  5.489065e+01  1.500000e+01
   endloop
 endfacet
 facet normal  0.000000e+00  0.000000e+00 -1.000000e+00
   outer loop
     vertex  5.042095e+00  5.484296e+01  1.500000e+01
     vertex  5.197415e+00  5.489065e+01  1.500000e+01
     vertex  5.434664e+00  5.494625e+01  1.500000e+01
   endloop
 endfacet
 facet normal  0.000000e+00  0.000000e+00 -1.000000e+00
   outer loop
     vertex  3.184023e+00  5.303454e+01  1.500000e+01
     vertex  3.132144e+00  5.288057e+01  1.500000e+01
     vertex  3.157040e+00  5.295790e+01  1.500000e+01
   endloop
 endfacet
 facet normal  0.000000e+00  0.000000e+00 -1.000000e+00
   outer loop
     vertex  3.213070e+00  5.311041e+01  1.500000e+01
     vertex  3.132144e+00  5.288057e+01  1.500000e+01
     vertex  3.184023e+00  5.303454e+01  1.500000e+01
   endloop
 endfacet
 facet normal  0.000000e+00  0.000000e+00 -1.000000e+00
   outer loop
     vertex  4.814524e+00  5.475584e+01  1.500000e+01
     vertex  5.595000e+00  5.497254e+01  1.500000e+01
     vertex  6.000000e+00  5.500000e+01  1.500000e+01
   endloop
 endfacet
 facet normal  0.000000e+00  0.000000e+00 -1.000000e+00
   outer loop
     vertex  4.814524e+00  5.475584e+01  1.500000e+01
     vertex  4.965461e+00  5.481598e+01  1.500000e+01
     vertex  5.042095e+00  5.484296e+01  1.500000e+01
   endloop
 endfacet
 facet normal  0.000000e+00  0.000000e+00 -1.000000e+00
   outer loop
     vertex  4.814524e+00  5.475584e+01  1.500000e+01
     vertex  4.889586e+00  5.478693e+01  1.500000e+01
     vertex  4.965461e+00  5.481598e+01  1.500000e+01
   endloop
 endfacet
 facet normal  0.000000e+00  0.000000e+00 -1.000000e+00
   outer loop
     vertex  4.814524e+00  5.475584e+01  1.500000e+01
     vertex  5.042095e+00  5.484296e+01  1.500000e+01
     vertex  5.595000e+00  5.497254e+01  1.500000e+01
   endloop
 endfacet
 facet normal  0.000000e+00  0.000000e+00 -1.000000e+00
   outer loop
     vertex  3.244161e+00  5.318548e+01  1.500000e+01
     vertex  3.132144e+00  5.288057e+01  1.500000e+01
     vertex  3.213070e+00  5.311041e+01  1.500000e+01
   endloop
 endfacet
 facet normal  0.000000e+00  0.000000e+00 -1.000000e+00
   outer loop
     vertex  3.277274e+00  5.325967e+01  1.500000e+01
     vertex  4.740333e+00  5.472273e+01  1.500000e+01
     vertex  4.814524e+00  5.475584e+01  1.500000e+01
   endloop
 endfacet
 facet normal  0.000000e+00 -0.000000e+00 -1.000000e+00
   outer loop
     vertex  3.277274e+00  5.325967e+01  1.500000e+01
     vertex  6.000000e+00  5.500000e+01  1.500000e+01
     vertex  3.132144e+00  5.288057e+01  1.500000e+01
   endloop
 endfacet
 facet normal  0.000000e+00  0.000000e+00 -1.000000e+00
   outer loop
     vertex  3.277274e+00  5.325967e+01  1.500000e+01
     vertex  4.814524e+00  5.475584e+01  1.500000e+01
     vertex  6.000000e+00  5.500000e+01  1.500000e+01
   endloop
 endfacet
 facet normal  0.000000e+00  0.000000e+00 -1.000000e+00
   outer loop
     vertex  3.277274e+00  5.325967e+01  1.500000e+01
     vertex  3.132144e+00  5.288057e+01  1.500000e+01
     vertex  3.244161e+00  5.318548e+01  1.500000e+01
   endloop
 endfacet
 facet normal  0.000000e+00  0.000000e+00 -1.000000e+00
   outer loop
     vertex  4.594775e+00  5.465054e+01  1.500000e+01
     vertex  4.667065e+00  5.468762e+01  1.500000e+01
     vertex  4.740333e+00  5.472273e+01  1.500000e+01
   endloop
 endfacet
 facet normal  0.000000e+00  0.000000e+00 -1.000000e+00
   outer loop
     vertex  4.523515e+00  5.461151e+01  1.500000e+01
     vertex  4.594775e+00  5.465054e+01  1.500000e+01
     vertex  4.740333e+00  5.472273e+01  1.500000e+01
   endloop
 endfacet
 facet normal  0.000000e+00  0.000000e+00 -1.000000e+00
   outer loop
     vertex  4.453338e+00  5.457057e+01  1.500000e+01
     vertex  4.523515e+00  5.461151e+01  1.500000e+01
     vertex  4.740333e+00  5.472273e+01  1.500000e+01
   endloop
 endfacet
 facet normal  0.000000e+00  0.000000e+00 -1.000000e+00
   outer loop
     vertex  3.429428e+00  5.354666e+01  1.500000e+01
     vertex  3.349464e+00  5.340523e+01  1.500000e+01
     vertex  3.388488e+00  5.347648e+01  1.500000e+01
   endloop
 endfacet
 facet normal  0.000000e+00  0.000000e+00 -1.000000e+00
   outer loop
     vertex  3.429428e+00  5.354666e+01  1.500000e+01
     vertex  3.312383e+00  5.333294e+01  1.500000e+01
     vertex  3.349464e+00  5.340523e+01  1.500000e+01
   endloop
 endfacet
 facet normal  0.000000e+00  0.000000e+00 -1.000000e+00
   outer loop
     vertex  3.429428e+00  5.354666e+01  1.500000e+01
     vertex  3.277274e+00  5.325967e+01  1.500000e+01
     vertex  3.312383e+00  5.333294e+01  1.500000e+01
   endloop
 endfacet
 facet normal  0.000000e+00  0.000000e+00 -1.000000e+00
   outer loop
     vertex  4.384296e+00  5.452775e+01  1.500000e+01
     vertex  4.453338e+00  5.457057e+01  1.500000e+01
     vertex  4.740333e+00  5.472273e+01  1.500000e+01
   endloop
 endfacet
 facet normal  0.000000e+00  0.000000e+00 -1.000000e+00
   outer loop
     vertex  3.472254e+00  5.361570e+01  1.500000e+01
     vertex  3.277274e+00  5.325967e+01  1.500000e+01
     vertex  3.429428e+00  5.354666e+01  1.500000e+01
   endloop
 endfacet
 facet normal  0.000000e+00  0.000000e+00 -1.000000e+00
   outer loop
     vertex  4.316439e+00  5.448307e+01  1.500000e+01
     vertex  4.384296e+00  5.452775e+01  1.500000e+01
     vertex  4.740333e+00  5.472273e+01  1.500000e+01
   endloop
 endfacet
 facet normal  0.000000e+00  0.000000e+00 -1.000000e+00
   outer loop
     vertex  3.516933e+00  5.368356e+01  1.500000e+01
     vertex  3.277274e+00  5.325967e+01  1.500000e+01
     vertex  3.472254e+00  5.361570e+01  1.500000e+01
   endloop
 endfacet
 facet normal  0.000000e+00 -0.000000e+00 -1.000000e+00
   outer loop
     vertex  4.249816e+00  5.443657e+01  1.500000e+01
     vertex  4.740333e+00  5.472273e+01  1.500000e+01
     vertex  3.277274e+00  5.325967e+01  1.500000e+01
   endloop
 endfacet
 facet normal  0.000000e+00  0.000000e+00 -1.000000e+00
   outer loop
     vertex  4.249816e+00  5.443657e+01  1.500000e+01
     vertex  4.316439e+00  5.448307e+01  1.500000e+01
     vertex  4.740333e+00  5.472273e+01  1.500000e+01
   endloop
 endfacet
 facet normal  0.000000e+00  0.000000e+00 -1.000000e+00
   outer loop
     vertex  3.563433e+00  5.375018e+01  1.500000e+01
     vertex  3.277274e+00  5.325967e+01  1.500000e+01
     vertex  3.516933e+00  5.368356e+01  1.500000e+01
   endloop
 endfacet
 facet normal  0.000000e+00  0.000000e+00 -1.000000e+00
   outer loop
     vertex  3.611721e+00  5.381552e+01  1.500000e+01
     vertex  3.277274e+00  5.325967e+01  1.500000e+01
     vertex  3.563433e+00  5.375018e+01  1.500000e+01
   endloop
 endfacet
 facet normal  0.000000e+00  0.000000e+00 -1.000000e+00
   outer loop
     vertex  4.120470e+00  5.433824e+01  1.500000e+01
     vertex  4.184477e+00  5.438828e+01  1.500000e+01
     vertex  4.249816e+00  5.443657e+01  1.500000e+01
   endloop
 endfacet
 facet normal  0.000000e+00  0.000000e+00 -1.000000e+00
   outer loop
     vertex  3.661760e+00  5.387953e+01  1.500000e+01
     vertex  3.277274e+00  5.325967e+01  1.500000e+01
     vertex  3.611721e+00  5.381552e+01  1.500000e+01
   endloop
 endfacet
 facet normal  0.000000e+00  0.000000e+00 -1.000000e+00
   outer loop
     vertex  4.057841e+00  5.428649e+01  1.500000e+01
     vertex  4.120470e+00  5.433824e+01  1.500000e+01
     vertex  4.249816e+00  5.443657e+01  1.500000e+01
   endloop
 endfacet
 facet normal  0.000000e+00  0.000000e+00 -1.000000e+00
   outer loop
     vertex  3.713514e+00  5.394216e+01  1.500000e+01
     vertex  3.277274e+00  5.325967e+01  1.500000e+01
     vertex  3.661760e+00  5.387953e+01  1.500000e+01
   endloop
 endfacet
 facet normal  0.000000e+00  0.000000e+00 -1.000000e+00
   outer loop
     vertex  3.996637e+00  5.423306e+01  1.500000e+01
     vertex  4.057841e+00  5.428649e+01  1.500000e+01
     vertex  4.249816e+00  5.443657e+01  1.500000e+01
   endloop
 endfacet
 facet normal  0.000000e+00 -0.000000e+00 -1.000000e+00
   outer loop
     vertex  3.878680e+00  5.412132e+01  1.500000e+01
     vertex  4.249816e+00  5.443657e+01  1.500000e+01
     vertex  3.277274e+00  5.325967e+01  1.500000e+01
   endloop
 endfacet
 facet normal  0.000000e+00  0.000000e+00 -1.000000e+00
   outer loop
     vertex  3.878680e+00  5.412132e+01  1.500000e+01
     vertex  3.277274e+00  5.325967e+01  1.500000e+01
     vertex  3.713514e+00  5.394216e+01  1.500000e+01
   endloop
 endfacet
 facet normal  0.000000e+00  0.000000e+00 -1.000000e+00
   outer loop
     vertex  3.878680e+00  5.412132e+01  1.500000e+01
     vertex  3.996637e+00  5.423306e+01  1.500000e+01
     vertex  4.249816e+00  5.443657e+01  1.500000e+01
   endloop
 endfacet
 facet normal  0.000000e+00  0.000000e+00 -1.000000e+00
   outer loop
     vertex  3.878680e+00  5.412132e+01  1.500000e+01
     vertex  3.936902e+00  5.417799e+01  1.500000e+01
     vertex  3.996637e+00  5.423306e+01  1.500000e+01
   endloop
 endfacet
 facet normal  0.000000e+00  0.000000e+00 -1.000000e+00
   outer loop
     vertex  3.878680e+00  5.412132e+01  1.500000e+01
     vertex  3.766945e+00  5.400336e+01  1.500000e+01
     vertex  3.822014e+00  5.406310e+01  1.500000e+01
   endloop
 endfacet
 facet normal  0.000000e+00  0.000000e+00 -1.000000e+00
   outer loop
     vertex  3.878680e+00  5.412132e+01  1.500000e+01
     vertex  3.713514e+00  5.394216e+01  1.500000e+01
     vertex  3.766945e+00  5.400336e+01  1.500000e+01
   endloop
 endfacet
endsolid
