:10400000007F002075A800001DA7000071A8000017
:1040100071A8000071A8000071A8000071A800003C
:1040200000000000000000000000000071A8000077
:1040300071A800000000000071A8000071A8000035
:104040000000000000000000000000000000000070
:104050000000000000000000000000000000000060
:104060000000000000000000000000000000000050
:104070000000000000000000000000000000000040
:104080000000000000000000000000000000000030
:104090000000000000000000000000000000000020
:1040A0000000000000000000000000000000000010
:1040B0000000000000000000000000000000000000
:1040C00010B5054C237833B9044B13B10448AFF352
:1040D00000800123237010BDD002002000000000EA
:1040E0003049010008B5034B1BB103490348AFF346
:1040F000008008BD00000000D4020020304901000B
:10410000014808F031BD00BFF0020020084611460A
:104110000DF0AEBA08460CF049BD08460CF03EBDA5
:1041200040B10079031F012B03D9831E5842584127
:104130007047012070474FF6FF7399421FBF036815
:10414000CA0903EBC20301F07F011ABF586800EBF4
:10415000C1000020704711F0100108B505D00146DC
:1041600002F12C00FFF7E7FF08BD0846FCE710B599
:104170000446B4F5803F08460BD20921611808D2E5
:1041800003681B68984700B910BD0123C480838071
:10419000FAE70020F8E70A680B465268014618461D
:1041A000104770B5044616460D46084609B10DF095
:1041B000E5FAC4E900502672204670BD10B50A79B0
:1041C000042A044608D0052A09D0022A0FD1002269
:1041D000FFF7E7FF204610BD01220968F8E70B68EA
:1041E000DA880833C0E9003200232372F2E70023A3
:1041F000C0E900330123F8E7B2F5803FF8B5064681
:104200000F461546046807D2236809329B6820468A
:10421000984708B1C580F8BD236820465B683946D9
:104220009847012333710020F5E738B5C588044667
:1042300001F12C002946FFF77EFFA580206008B120
:10424000C388E38038BD38B5436A034400251D7137
:104250000446011D006808F058FD00B16562606AFF
:1042600038BD38B5436A01331F2B04460D4606D8C6
:10427000636A5A1C62621C440120257138BDFFF735
:10428000E2FF0028F4D00020F8E738B5002383606F
:104290004368044643B905681F202968FFF767FF94
:1042A00008B901232B71606038BD38B50D464168EF
:1042B000044649B18268CB889A4205D15200013246
:1042C0000068FFF799FF6060636823B1A268134438
:1042D000511CA1601D7238BD2DE9F0470379DA0742
:1042E00005460C4610D500688B68002263B19842E1
:1042F00032D183882168013B9BB2838023B9036854
:1043000042B31360FFF747FF2B79DB0608D52E88F1
:1043100004F12C003146FFF70EFFA38E0380A68622
:104320002B7913F0600F1CD02E884FF6FF7A04F122
:104330002C09564513D031464846FFF7FCFE21466E
:104340000746B0F80680FFF7C7FFA38E3B80A6861E
:104350004646EEE7A360D5E71A461B68C6E72E80FF
:104360006E8000232B71BDE8F08770B500240646EF
:104370002546B3689C4207D22146304608F0F7FC38
:10438000013455FA80F5F4E7A8B270BD08B509F01C
:104390007DF9003018BF012008BD1020FFF7F6BFDF
:1043A00008B50F2008F04EF907EE900AF8EEE77A0C
:1043B000B1EE047A67EE877A9FED037A87EE870A7B
:1043C00030EE000A08BD00BF00C07F4408B50E20D3
:1043D00008F038F907EE900AB8EEE77AF1EE047AC1
:1043E00027EE277ADFED096AC7EE267AB0EE047A67
:1043F00077EEC77A9FED067A87EE870AB5EEC00A98
:10440000F1EE10FAD8BF9FED030A08BD00C07F444B
:10441000A4703D3E0000000038B5094D094C2968E4
:10442000204602F021FEE96804F1090002F01CFEBA
:10443000296904F10C00BDE8384002F015BE00BF48
:10444000300000203A03002038B50D4B00241C70CA
:104450000C4B1C700C4B002205461A61DA601A6086
:10446000FFF7DAFF21460D2009F004F9AB682BB104
:1044700029460648BDE8384008F0F2BB38BD00BF09
:104480003803002039030020FC020020180300201C
:10449000FFEE007AB4EEE70AF1EE10FA10B504462A
:1044A00021D4F7EE007AB4EE670AF1EE10FAC8BF35
:1044B000B0EE670A0D4B1B5D0BB1B1EE400A0C4B21
:1044C00053F8243007EE903AF8EEE77A27EE800AA8
:1044D0000CF00EFB074BFDEEC07A53F8243017EEBC
:1044E000900A184410BDB0EE670AE3E724030020E9
:1044F0001800002030000020B5EEC00AF1EE10FADE
:1045000008B5DFED176A27D4B4EE660AF1EE10FAAB
:10451000C8BFB0EE660A134B1B5C0BB136EEC00A87
:1045200080EE266A104B53F82020104B53F82030B1
:104530009B1A07EE903A07EE102AF8EEE77AB8EEEB
:10454000C77AA7EE867AB0EE470A0CF0D1FAFDEEF4
:10455000C07A17EE900A08BD9FED050ADBE700BFA1
:1045600000003443240300205800002044000020B1
:104570000000000030B52DED048B85B009F09AF9EC
:10458000844B1B68C01A844B1B6898420DD9834921
:1045900001A808F034FB01A8FFF756FF01A808F0B6
:1045A000E3FA05B0BDEC048B30BDFFF7F6FE08B1B1
:1045B0007B49EDE77B4B7C4C197821700D2009F08D
:1045C00059F8237813B9FFF727FFEAE7774C784DBE
:1045D000D4ED008A94ED039A94ED048AF5EEC08A36
:1045E000F1EE10FA21DDDFED737AF4EEE78AF1EEF9
:1045F00010FA21DCB5EEC09AF1EE10FA6FDDDFEDB6
:104600006D7AB4EEE79AF1EE10FA15DCB5EEC08AD9
:10461000F1EE10FA6BDDDFED677AB4EEE78AF1EECA
:1046200010FA09DC00232B700EE0DFED637AF4EE64
:10463000E78AF1EE10FADDD52B782BB901232B7028
:1046400009F038F95D4B18602B78DFED5D9A002B8F
:1046500055D009F02FF9594B1B68C01A594B1B68EC
:1046600098424CD30023C4ED049AC4ED039AC4EDE0
:10467000009A2B70B0EE698AF0EE698AB0EE699A02
:10468000B0EE680A0020FFF703FF4F4C01464F4889
:1046900002F0EAFC94ED010A0120FFF72DFF01462C
:1046A0004B4802F0E1FC94ED020A0220FFF724FFE0
:1046B0000146484802F0D8FCB0EE490A0320FFF753
:1046C000E7FE0146444802F0CFFCB0EE480A042061
:1046D000FFF7DEFE0146414802F0C6FC61E7DFED70
:1046E000367AB4EEE79AF1EE10FAA5D48EE7DFED54
:1046F000327AB4EEE78AF1EE10FA93D59CE7F5EE44
:10470000C08AF1EE10FA1DD4F5EEC08AF1EE10FA6F
:1047100020DCB5EEC09AF1EE10FA25D4B5EEC09AC1
:10472000F1EE10FA28DCB5EEC08AF1EE10FA29D4C9
:10473000B5EEC08AF1EE10FAA2DD0720FFF726FEE3
:1047400028BB9DE70220FFF721FE0028DCD0DFED2B
:104750001C8ADEE70320FFF719FEDFED197A002837
:1047600018BFF0EE678AD4E70420FFF70FFE002899
:10477000D4D09FED139AD6E70520FFF707FE002857
:10478000F7D1D0E70620FFF701FE0028D0D09FED3B
:104790000C8A75E7340300206C0000200839010002
:1047A000193901003803002039030020FC020020E1
:1047B0001003002017B7D13817B7D1B81403002061
:1047C000000000002C000020040000203A0300201C
:1047D0003D03002040030020430300204603002047
:1047E0002DE9F047002504460E46A946A28C276A0B
:1047F000ABB29A420FD907EBC3089A46D8F8041017
:1048000019B1336830465B68984747F83A900135EC
:10481000C8F80490EAE70023A384BC424FF6FF7374
:10482000238507D0336839465B68304698470423B0
:104830002462E384BDE8F08738B505680446A068C3
:1048400028B10368A3602946FFF7A5FCF7E704F148
:104850000C002168FFF7C4FF204638BD30B50223A5
:1048600003710A7903461C1AE5B2AA4204D90D68FD
:104870002C5703F8014BF6E70023835430BDC0E901
:10488000001205228260012202737047C0E9001203
:1048900007228260012202737047036823B11A79EC
:1048A000062A01D118787047087870478B8C30B58C
:1048B000013B0D6A9AB205EBC204616849B1638895
:1048C00035F832509D4204D95D1C11EBC30165805F
:1048D00005D1002303604FF6FF73838030BD016074
:1048E00003EBC213F9E72DE9F3470E8D4FF6FF7383
:1048F0009E4205460C4617460CD0314604F1200076
:10490000FFF719FC038823852860AE80284602B093
:10491000BDE8F0878B8C53B16E463046FFF7C6FF7B
:10492000009B23B196E8030085E80300EEE7A28C24
:10493000E38C934217D1B3F5007F3FD05B009EB26A
:10494000236A3968A3424FEAC6022FD10B68384662
:1049500011469847804688B3202221460CF040F942
:10496000C4F82080E684B4F82480D4F820A008F1AC
:1049700001039BB2B3F5007FA3843B680CBF7F2685
:104980008026F1001B68384698470AEBC8090028C2
:1049900008BF00260023C9F8040021462AF8386021
:1049A0002846A9F80230FFF781FFAFE7D1F8088069
:1049B00038461946C04780460028D1D100232B60D5
:1049C0004FF6FF73AB80A1E737B50A6804460D4682
:1049D00068460C31FFF787FF009B4FF6FF7233B933
:1049E0000121297120462360A28003B030BD00213F
:1049F000DA801971BDF80420F4E737B50A68044677
:104A00000D4668460C31FFF76EFF009B43B901224B
:104A100023604FF6FF732A71A380204603B030BD98
:104A2000BDF804202360A280F7E707B503680822D9
:104A300003EBC10168460CF0D3F89DED000B03B009
:104A40005DF804FBFFFFFFFF2DE9F74F91F9003000
:104A50002B2B044632D02D2B31D10131012591F978
:104A60000020A2F13003DBB2092B01D92E2A28D174
:104A7000DFF868B28846002000214FF0993A4FF0E5
:104A80000A0EC4461CF9013BA3F13002D2B2092A36
:104A90001DD88B4508BF824520D30EFB01F3A0FB38
:104AA0000E0119440023D2B2DF43D6438F4208BF20
:104AB000864213D380185941E046E2E701310025D0
:104AC000CDE700232370204603B0BDE8F08F2BB95B
:104AD000E5B1B1F1004F08BF01280FD3764F002395
:104AE0004FF0FF368F4208BF864203F1010910D212
:104AF00000230A220BF07CFE4B46F3E702234042E0
:104B0000237061EB4101C4E90201DCE70323237058
:104B1000F9E7A3EB080707EB0806434618F901CBB2
:104B200032B2ACF13006F6B2092EF4D9BCF12E0F38
:104B300022D1C6460FF27819D9E900894FF00A0A46
:104B400073460EF1010E93F800C0ACF1300C5FFA21
:104B50008CFCBCF1090F0FD8894508BF8045EFD305
:104B6000A0FB0A6716EB0C000AFB017702F1FF3687
:104B700047F1000132B2E3E793F9006026F0200626
:104B8000452E66D193F901602D2E25D19F1C4FF043
:104B9000010C00264FF00A083B4617F901EBAEF175
:104BA000300E5FFA8EF9B9F1090F26D808FB06E638
:104BB000B318B3F59A7FEFDDBCF1000F13D0DFED32
:104BC0003F7A9FED3F7A002D18BFF0EE477A012320
:104BD0002370C4ED027A76E72B2E14BF5F1C9F1C56
:104BE0004FF0000CD5E700222DB1364B0421217087
:104BF000C4E9022367E7344BF8E7BCF1000F00D0AB
:104C0000764293F90030002B7FF45BAF164406F137
:104C100026034C2B24D8002908BFB0F5000F1FD263
:104C200007EE900A002EF8EEE77AD6BF274928490A
:104C3000764200237EB1F20742BFDAB201EB820274
:104C400092ED007A4FEA660648BF67EE877A013335
:104C5000F0E70026D5E7002DB9D0F1EE677AB6E788
:104C60000BF0EAF8002ECABF1A4B1B4B019380468B
:104C70008946DCBF01937642002786B1F3070BD546
:104C8000F9B201A8FFF7D1FE4046494653EC102B7C
:104C90000BF008F98046894676100137EDE715B12B
:104CA00009F10043994604232370C4E902890AE705
:104CB0009899999999990100FFFF0F000000000051
:104CC000000000800000F0FF0000F07F00380100CD
:104CD0001838010078380100303801009999991985
:104CE00070B5006878B1C4884B689C42F9D10D68F2
:104CF00000239C4207D9C218EE5692F9082096422A
:104D0000EFD10133F5E770BD2DE9FF4182684368BB
:104D1000032A04460D4603F1080319D8184600215A
:104D2000D7B2C61AF6B2BE4206D210F9016B002EF7
:104D300008BF41F00101F4E751B98DF80C10284685
:104D400001A9CDE90132FFF789FD04B0BDE8F0818A
:104D500000269E542768D4F808808DF80C6001A9BD
:104D600007F10800CDE90138FFF7BAFF68B94246FC
:104D700061683846FFF740FA23689A6802609860D5
:104D8000666005232B712860DFE783880133838009
:104D9000F7E72DE9F0418AB0064601A880E80E0049
:104DA000109F0B46002954D09DF80C5035B10422B9
:104DB0003271316028460AB0BDE8F081029C032CB4
:104DC00017D82A465FFA84FEA1EB030C5FFA8CFC2D
:104DD000E64507D911F901CBBCF1000F08BF42F03D
:104DE0000102F1E72AB901463046FFF737FD0125F8
:104DF000E0E707C8BE460DF11C0C5EF8088B04AB5B
:104E000083E807008CE8070061467046FFF768FFFB
:104E100030B1838801338380052333713060E6E746
:104E200041462046FFF7A3F910B901233B71C1E7C2
:104E3000079D00F1080200239C4203D0E956D1549B
:104E40000133F9E7044400232372BB680360B860B0
:104E5000E2E70D46AEE72DE9F0418AB001AC84E807
:104E60000E00109D0F4671B907914FF6FF73ADF814
:104E70002030079820B107A82946FFF7D6F90798F0
:104E80000AB0BDE8F0810488DDF80880214605F10C
:104E90002C00FFF750F9ADF818400590C0B1C38859
:104EA000ADF81A30012607AC0599D9B19EB120465C
:104EB000FFF784F9089A42450DD1079900239A42D9
:104EC00012D017F903C0C856844504D10133F6E760
:104ED0004FF6FF73E4E7294605A886F00106FFF7C1
:104EE000A4F9E1E70791C0E705AB93E8030084E884
:104EF0000300BEE770B58AB003AE86E80E00027903
:104F0000202A08BF044696E8070007AD18BF002412
:104F100085E80B0044B10E9B009395E80E002046F7
:104F2000FFF799FF0AB070BD2046FBE730B587B0A8
:104F30000323049301230D468DF81430039200914E
:104F400006AB044613E90E0005F13800FFF7D2FF67
:104F5000C4E90005204607B030BD30B587B0062350
:104F6000049301230D468DF814300392009106AB93
:104F7000044613E90E0005F13800FFF7BBFFC4E952
:104F80000005204607B030BD30B587B00823049334
:104F900001230D468DF814300392009106AB0446B0
:104FA00013E90E0005F13800FFF7A4FFC4E900057E
:104FB000204607B030BD30B587B00A2304930123E3
:104FC0000D468DF814300392009106AB044613E9A8
:104FD0000E0005F13800FFF78DFFC4E900052046FB
:104FE00007B030BD30B587B01423049301230D46BC
:104FF0008DF814300392009106AB044613E90E00BD
:1050000005F13800FFF776FFC4E90005204607B038
:1050100030BD38B504790A46054621460088FFF7B9
:105020009AF80C2C15D003D80A2C14D0002011E0CB
:105030001A2C14D01C2CF9D1D0E9002312F1004015
:1050400043F10001012908BF002834BF01200020DE
:1050500000E0012038BD2868C043C00FFAE7D0E95E
:10506000002300216FF00040994208BF90422CBFFE
:1050700001200020EEE7FFFF30B585B0014668460D
:10508000FFF7E2FC9DF80030013B032B48D8DFE836
:1050900003F00218242FDDED027A9FED257AF4EE5D
:1050A000C77AF1EE10FA3BDB9FED227AF4EEC77A75
:1050B000F1EE10FA34D8FDEEE77A17EE900A05B05B
:1050C00030BDDDE9020110F1004241F10003012B86
:1050D00008BF002A28BF0020F1E7DDE90201002314
:1050E0008B426FF0004208BF824238BF0020E6E7E3
:1050F000DDE902450022104B204629460BF058F905
:105100000028DCD008A3D3E90023204629460BF071
:1051100045F90028D3D0204629460BF073F9CEE795
:105120000020CCE7AFF300800000C0FFFFFFDF41AD
:10513000000000CFFFFFFF4E0000E0C1FFFFFFFFB8
:1051400038B505790A46044629460088023DFFF72E
:1051500002F81C2D65D8DFE805F02E6432340F64A8
:1051600064641164156437646464646464646464CE
:105170006464176422644C00207838BD206820EAFB
:10518000E070FAE72068F8E7D0E9000100238B42DD
:105190006FF0004208BF824238BF0020EDE7D0E93F
:1051A000000110F1004241F10003012B08BF002A69
:1051B00028BF0020E1E72046FFF75EFFDDE720681B
:1051C000FAE720680830F7E7D4ED007A9FED187A07
:1051D000F4EEC77AF1EE10FA23DB9FED167AF4EEC7
:1051E000C77AF1EE10FA1CD8FDEEE77A17EE900AB6
:1051F000C3E7D0E9004500220F4B204629460BF0BB
:10520000D7F80028B9D008A3D3E9002320462946BF
:105210000BF0C4F80028B0D0204629460BF0F2F875
:10522000ABE70020A9E700BF0000C0FFFFFFDF41A0
:10523000000000CFFFFFFF4E0000E0C170B5046822
:105240000E4654B1456820462946FFF7E2FE20B1DC
:1052500029462046FFF774FF70BD3068FCE72DE952
:10526000F041046814F1380690B003D1002010B06A
:10527000BDE8F081021D07CA07AB83E807000246BC
:105280000028F3D094F83C1011BB202184F83C1086
:105290004FF6FF7121876187079293E807000AADF7
:1052A00085E80700009495E80E003046FFF7D3FD2F
:1052B0000028DCD195E807000DAE86E807002146FE
:1052C00003A8FFF781FB039F2FB900252846CEE7EF
:1052D0002029E1D0CAE7214605A8FFF775FB059D07
:1052E000002DF2D0009496E80E003846FFF751FDED
:1052F0000028EAD0BDF81860FE80618FBDF81080EC
:105300004FF6FF73994207D004F12C00FEF713FF0C
:10531000A0F806806687D9E7A4F83880FAE770B568
:105320000E4686B00446FFF79AFFB36832682568D8
:10533000CDE9032300238DF81430064648B12946F1
:10534000FEF7CAFF009506AB13E90E003046FFF7E3
:1053500020FD206810B1007980F0010006B070BD1A
:1053600010B52DED028B0446B0EE408AFFF777FFB3
:105370002168044630B1FEF7AFFF0E23237184EDA0
:10538000008A0120BDEC028B10BD38B504460D46E5
:10539000FFF765FF2168044628B1FEF79DFF06234D
:1053A00023712570012038BD30B505790A4685B0D6
:1053B00029460446023D0088FEF7CDFE1C2D51D83B
:1053C000DFE805F02A5037390F5050501650195069
:1053D0003C50505050505050505050501E50235040
:1053E0003F00237800EE103AB8EE400A05B030BD19
:1053F00094ED000AF8E794ED000AB8EEC00AF5E76C
:10540000D0E900010BF05EF903E0D0E900010BF0F8
:1054100061F900EE100AE9E721466846FFF714FB40
:105420009DF80030013B032B1CD8DFE803F00F127E
:1054300015182168F1E721680831EEE794ED000ABC
:10544000D4E7D0E900010BF025F8E2E79DED020A70
:10545000CCE7DDE90201DAE7DDE90201D2E7DDE9C7
:105460000201F0E79FED010AC0E700BF0000000065
:1054700008B503683BB11A79120704D5416818468C
:10548000FFF792FF08BD91ED000AFBE7FFFFFFFF6A
:1054900030B585B001466846FFF7D6FA9DF8003072
:1054A000013B032B37D8DFE803F00216161EDDEDB3
:1054B000027AF5EEC07AF1EE10FA2CDB9FED1A7A43
:1054C000F4EEC77AF1EE10FA25D8FCEEE77A17EE83
:1054D000900A05B030BDDDE90201012908BF0028AE
:1054E00028BF0020F5E7DDE9024500220023204621
:1054F00029460AF05DFF0028EBD009A3D3E9002379
:10550000204629460AF04AFF0028E2D020462946D4
:105510000AF0A0FFDDE70020DBE700BFAFF300806B
:105520000000E0FFFFFFEF41FFFF7F4FFFFFFFFFA6
:1055300038B505790A46044629460088023DFEF73B
:105540000AFE1C2D54D8DFE805F01F5323250F5306
:1055500053531153135328535353535353535353C8
:105560005353175317533B00207838BD2068FCE78E
:10557000206820EAE070F8E7D0E90001012908BFBF
:10558000002828BF0020F0E72046FFF781FFECE766
:105590002068FAE720680830F7E7D4ED007AF5EEE6
:1055A000C07AF1EE10FA23DB9FED157AF4EEC77A9C
:1055B000F1EE10FA1CD8FCEEE77A17EE900AD4E769
:1055C000D0E9004500220023204629460AF0F0FEDB
:1055D0000028CAD008A3D3E90023204629460AF0B0
:1055E000DDFE0028C1D0204629460AF033FFBCE783
:1055F0000020BAE7AFF300800000E0FFFFFFEF41BB
:10560000FFFF7F4FF8B504680F465CB14668257907
:10561000208832462946FEF79EFD0C2D15D003D872
:105620000A2D15D0386817E01A2D16D01C2DF9D187
:10563000D0E90023002A73F10001F3DB002A73F1A3
:105640000103B4BF012300230FE02368002BE9DB33
:1056500031462046FFF76CFFF8BDD0E90023012B4F
:1056600008BF002A34BF01230023002BDAD0EFE764
:10567000F0B591B04C4B0A9305230B9301238DF8A1
:10568000303000900AAB0ECB06463830FFF732FCC4
:105690000146FEF745FDE8B1D1B10DA8FEF78EFD3C
:1056A0000D9D424928460CF05FF8414904462846C2
:1056B0000CF05AF880B1003418BF012464423D490F
:1056C00028460CF051F848B1631C08D111B0F0BD68
:1056D0000D46E6E7384DE4E70324F0E70424374AB3
:1056E000314606A8FFF750FC10A940F2DC5741F8FC
:1056F000347D06A8FFF7A2FD40F21353984250DD17
:105700002E4A314608A8FFF73FFC10A908A841F827
:10571000307DFFF793FD40F2A465A8420BDC274AD9
:1057200031460DA8FFF730FC10A90DA841F82C7DDB
:10573000FFF784FD0546224B224A43F824503146A8
:105740000DA8FFF70AFC002308A90DA88DF820304A
:10575000FFF7A3F81C4F1D4A387031461C4E0DA8A8
:10576000FFF7E4FB31460DA8FFF74CFF306008F06F
:10577000A1F8184B18603B78002BA7D0FEF70DFE60
:105780000028A3D101210D2007F074FF1248134B0C
:1057900004EB44040122294620441A7001F064FC01
:1057A00094E740F21455C6E7B0390100B63901005C
:1057B000B9390100BC390100FE390100BF390100CF
:1057C00030000020C839010038030020CF39010023
:1057D0002C030020340300203A030020390300206A
:1057E0002DE9F0472DED028BC94DCA4A8AB0044617
:1057F000014608A8FFF79AFB294608A8FFF702FF11
:10580000C54A2860214608A80AADFFF7A6FB002379
:1058100005F8103D08A82946FFF73FF8BF4BC04ADE
:1058200018700AAF214604A80026FFF7ADFB47F821
:10583000246D04A83946FFF71BFEBDEE008AB4EEC6
:10584000C80AF1EE10FA00F14381B54A2146284614
:10585000FFF79AFB0AA9284641F8206DFFF708FEDA
:10586000F5EE007AB4EEE70AF1EE10FA00F33381B8
:10587000214608A8AA4AFFF787FB0AA908A841F809
:105880001C6DFFF7F5FDDFF8D492A64A89ED000AFA
:10589000214604A8FFF761FBDFF8C482CDF804803D
:1058A000394604A8FFF7E4FDF3EE0E7AB4EEE70AFA
:1058B000F1EE10FA00F112819A4A21462846FFF7CC
:1058C0004CFB0AA9284641F8208DFFF7D1FDDFEDFA
:1058D000967AB4EEE70AF1EE10FA00F3FF80214663
:1058E00008A8904AFFF739FB0AA908A841F81C8DBF
:1058F000FFF7BEFDDFF86CA28C4A8AED010A214653
:1059000004A8FFF72AFB394604A8CDF80480FFF766
:10591000AFFDF3EE097AB4EEE70AF1EE10FA00F10A
:10592000E080824A21462846FFF717FB0AA928464D
:1059300041F8208DFFF79CFDDFED7D7AB4EEE70A9C
:10594000F1EE10FA00F3CD80214608A8774AFFF760
:1059500004FB0AA908A841F81C8DFFF789FD754AC8
:105960008AED020A214604A8FFF70EFB394604A877
:105970000196FFF77DFDB4EEC80AF1EE10FA00F1D2
:10598000B3806C4A21462846FFF7FEFA0AA928464A
:1059900041F8206DFFF76CFDF5EE007AB4EEE70AF2
:1059A000F1EE10FA00F3A380214608A8614AFFF740
:1059B000EBFA0AA908A841F81C6DFFF759FD5E4AE9
:1059C00089ED030A214604A8FFF7DEFA394604A848
:1059D0000196FFF74DFDB4EEC80AF1EE10FA00F1A2
:1059E0008980554A21462846FFF7CEFA0AA928465B
:1059F00041F8206DFFF73CFDF5EE007AB4EEE70AC2
:105A0000F1EE10FA79DC214608A84B4AFFF7BCFA00
:105A10000AA908A841F81C6DFFF72AFD474A89ED3D
:105A2000040A214604A8FFF7C6FA454904A8FFF76F
:105A3000E9FD632864D9414A21462846FFF7BBFAAD
:105A40003F492846FFF7DEFDB0F57A7F5AD8214658
:105A500008A83A4AFFF7AFFA394908A8FFF7D2FD7C
:105A6000384B394A1860214604A8FFF7BBFA4FF4B7
:105A70009676394604A80196FFF7C4FD632844D9F9
:105A8000314A21462846FFF7ADFA0AA9284641F8CF
:105A9000206DFFF7B7FDB0F57A7F65D8214608A8DD
:105AA000294AFFF79FFA0AA908A841F81C6DFFF7D9
:105AB000A9FD264B26491860264807F0EAF807F0AA
:105AC000F9FE254B18600AB0BDEC028BBDE8F087EB
:105AD000B0EE480AD7E6B0EE670AD4E6B0EE670A41
:105AE00008E7B0EE670A3AE7BDEE000A67E7B0EEF6
:105AF000670A64E7BDEE000A90E7B0EE670A8DE73B
:105B00006420ADE74FF47A70AAE76420D1E700BFC4
:105B10002C030020CF390100C839010038030020D0
:105B2000243901002D3901000000114334390100EE
:105B3000000016433B390100443901004D39010092
:105B4000DC3901006C000020583901002C000020D5
:105B5000FE3901001803002034030020FC0200205D
:105B60000000B442040000204FF47A70A1E700BFA7
:105B7000437E6BB9D0E9043293423DBF5A1C0261A7
:105B80001B784FF0FF3323EAE37303760123437658
:105B900090F91800704738B5044600252046FFF7F5
:105BA000E7FF0A2806DC092808DA48B10123237335
:105BB00000200AE00D2801D02028F7D16576EDE716
:105BC000237B002B14BF0220012038BD70B5054691
:105BD0004C1E002614F9010F50B12846FFF7C8FFEC
:105BE00028B194F90030834203D16E76F2E70220A7
:105BF00070BD0320FCE72DE9F04387B006460D4653
:105C0000FFF7B6FF002427462F28E3B20BDD392823
:105C10000BDC0134402C24D033197776D87730460A
:105C2000FFF7A6FFF0E72B28F3D0A0F12D02D2B2A8
:105C3000012AEED920F0200252B2452AE9D033449D
:105C4000002283F8202006F1200102A8FEF7FCFEC6
:105C50009DF80830013B032B62D8DFE803F03924BC
:105C6000043E3F23EBE7DDE90489B9F1010F08BFEA
:105C7000B8F1000F07D20A232B71C5F8008000206D
:105C800007B0BDE8F083F1696846FEF7B6FE009BF9
:105C90000BB90420F4E71A222A71BDF804202A80E7
:105CA000C3E90089EBE7DDE9048918F1004249F115
:105CB0000003012B08BF002A01D20C23DCE7F169A5
:105CC0006846FEF79AFE009B002BE2D01C22E3E719
:105CD0000E232B71049B2B60D1E7DDE90489494633
:105CE00040460AF0D7FB07460AF084F802460B4606
:105CF000404649460AF03EFB18B10E232B712F6037
:105D0000BDE7F1696846FEF778FE009B002BC0D026
:105D10001E222A71BDF804202A80C3E90089AEE75B
:105D20000320ADE710B550F8044B07C886B003ABAD
:105D300083E8070014F1380003D000940ECBFFF77E
:105D4000D9F806B010BDF8B5054616460C468F18B2
:105D5000BC4205D014F8011B2846FEF782FAF7E78B
:105D6000AB6A3344AB62F8BD38B5054608460C460D
:105D70000BF004FD214602462846FFF7E4FF38BD3C
:105D80002DE9F04186B00DF11604054616461F4672
:105D9000A046304639460A2200230AF029FD303257
:105DA00004F8012D0023304639460A220AF020FD6E
:105DB00006460F4656EA0703EBD1A8EB040221463C
:105DC0002846FFF7C0FF06B0BDE8F08138B50446AD
:105DD0000D46FFF7CDFEA8424FF0000004BF6076ED
:105DE000012038BD7F2837B50C4605D841B2204682
:105DF000FEF75BFA03B030BD00238DF8003000F0F1
:105E00003F03800982B263F07F031F2A8DF80130BF
:105E1000C3B20DD863F03F038DF802300DF10305D6
:105E200015F9011D0029E5D02046FEF73EFAF7E7F7
:105E3000C0F3891003F03F0363F07F030F288DF850
:105E40000230C3B205DC63F01F038DF8033001ADEF
:105E5000E6E703F03F03801163F07F0360F00F007B
:105E60008DF803308DF804000DF10505D8E7FFFF2C
:105E70002DE9F0478046FFF77BFE0024384E88F876
:105E80001940074625464046FFF772FE8742014605
:105E900088F819505CD010B90220BDE8F0875C2862
:105EA00052D14046FFF764FE0028F5D075283CD15A
:105EB00088F819504FF004094FF0000A4046FFF7E8
:105EC00057FE0028E8D04028CBBF20F02002303811
:105ED000373AC3B2C8BFD3B20F2B01D90320DCE7D6
:105EE00009F1FF3943EA0A1319F0FF091FFA83FA8F
:105EF00088F81950E2D10AF520539BB2B3F5806FB0
:105F000002D2CAF30904BEE70AF510539BB2B3F5F7
:105F1000806F3DBFCAF3090A4AEA842A0AF5803035
:105F200050464146FFF75EFFADE700239A579919A7
:105F3000002AD3D0904203F10203F7D191F9011066
:105F40000029CBD088F819504046FEF7AEF99AE701
:105F5000D8F80430002B0CBF042000209DE700BFC0
:105F6000EC39010010B50446FEF77BF9A36A18442A
:105F7000A06210BD2DE9F0410D46222116460446CF
:105F8000FFF7F0FFDFF850802E44B54215D015F929
:105F9000011B104B13F9027CAFB1023313F9032C30
:105FA0008A42F7D15C212046FFF7DCFFF9B20DE011
:105FB00041462046FFF7D8FEE7E722212046FFF7BB
:105FC000D1FFBDE8F0810029F2D0C9B22046FFF729
:105FD000C9FFDAE7F2390100E539010070B5002A9E
:105FE0001D4675F100030646144605DA2D21FFF71C
:105FF000B9FF644265EB450522462B463046FFF764
:10600000BFFE70BDFFFFFFFF2DE9F04F5BEC10AB53
:106010008BB007460D4610EE102A5B4610EE100AB4
:1060200059460AF0A7F930B9AF493846FFF79CFE48
:106030000BB0BDE8F08F00220023504659460AF00D
:1060400099F968B952465B465046594609F074FDC5
:1060500002460B46504659460AF08CF90028E3D117
:1060600000220023504659460AF08EF930B12D2106
:106070003846FFF777FF0BF100439B46012301935E
:106080002C460A2324B1019A5A43013C0192F9E7B4
:1060900091A3D3E90023504659460AF089F9002814
:1060A0006AD0DFF850924FF008084FF480764146EE
:1060B00004A8CDF81090FEF7B8FC52465B4651ECB0
:1060C000100B0AF06BF978B1884B0493414604A891
:1060D000FEF7ABFC5046594653EC102B09F0E2FE9C
:1060E000344482468B4624B218F1FF384FEA6606E4
:1060F000DDD2CDF80C8000220023504659460AF02C
:1061000061F900283DD076A3D3E9002350465946D3
:106110000AF044F9A8B300230293DDE90223A3EBBC
:10612000020919F0800F2CD10DF128086F4B48F8A7
:10613000183D49464046FEF778FC00226C4B51EC76
:10614000100B09F0AFFE52465B460AF03BF978B1FE
:10615000684B049349464046FEF767FC5046594653
:1061600053EC102B09F09EFEA41B82468B4624B2F2
:10617000029B76100133CFE708234FF48076039318
:10618000B9E7504659460AF065F90A220646034621
:10619000092B08D9B3FBF2F3013D0199B1FBF2F1F0
:1061A0006DB20191F4E7304609F002FE02460B465B
:1061B0005046594609F0BEFC80460198894609F0D0
:1061C000F7FD02460B464046494609F06BFE804605
:1061D00089460AF03FF9824609F0EAFD02460B467D
:1061E0004046494609F0A6FC0B46024609F0A4FCCD
:1061F0000AF030F9019B0AEB0008434508D8013644
:1062000094B1092E10D9013424B24FF000080126B0
:106210000A22B8FBF2F302FB138141B9002D06DD1F
:10622000013D98466DB2F4E74FF00008F0E70DF13C
:1062300026010A22B6FBF2F302FB1366303601F8A0
:10624000016D1E46002BF5D10DF12606721A384657
:10625000FFF779FDEDB108AA2B4611464FF00A0C65
:10626000013B5BB2581C09D0B8FBFCF00CFB10885A
:1062700008F1300802F8018D8046F1E7EDB2EB43FA
:106280004D1B2E2205F8012C19445A423846FFF7BF
:106290005AFD002C3FF4CCAE65213846FFF762FE74
:1062A000002CA5B205DA2D213846FFF75BFE6D42C2
:1062B000ADB231460A22B5FBF2F302FB135530357D
:1062C00001F8015D9DB2002DF5D1721A3846FFF735
:1062D0003AFDADE6AFF3008000000000D01263414C
:1062E000F168E388B5F8E43EE03901003038010098
:1062F00000002440783801002DE9FF410579064669
:106300000C4600882946FDF726FF0C2D00F09980E9
:1063100016D8042D00F0878006D8022D78D0032DE2
:1063200000F08880504998E0062D00F093807DD3DE
:106330000A2DF7D1326800232046FFF721FD1DE02A
:106340001C2D00F0848006D80E2D0ED01A2DE9D118
:10635000D0E90023F0E7202D35D0402D12D01E2D9E
:10636000E0D1092190ED000B05E0306809F042FD15
:1063700041EC100B06212046FFF746FEA06A04B050
:10638000BDE8F0815B212046FFF7ECFD35884FF634
:10639000FF76B54212D0E76A294607F12C00FDF7D7
:1063A000CAFE05463A462146FFF7A6FFED88B542EC
:1063B000EFD02C212046FFF7D5FDEAE75D212046EE
:1063C000FFF7D0FDDAE77B212046FFF7CBFD4FF644
:1063D000FF7735880126BD4218D0D4F82C80294695
:1063E00008F12C00FDF7A7FE054642462146FFF7BF
:1063F00083FFED88BD4206D0002E0CBF2C213A2130
:106400002046FFF7AFFD86F00106E4E77D21D6E7E1
:106410000022314601A8FDF7C4FEDDE90112204645
:10642000FFF7A8FDAAE701223168F3E73168CA88BF
:106430000831F4E731682046CA880831FFF783FC49
:106440009CE73268D3172046FFF7C8FD96E7D0E9EE
:106450000023F8E7337823B104492046FFF784FC92
:106460008CE70349F9E700BFE0390100FF3901007B
:10647000043A01002DE9F043B7B06B46002783E8EA
:10648000030002AD3946104602920B9706F001FC5C
:106490000FCD0CAC0FC40FCD0FC495E8030084E8FA
:1064A00003000CAE0FCE16ADDDE900890FC50FCE8F
:1064B0000FC594E8030085E8030016AE0FCE20ACAC
:1064C0000FC40FCE0FC495E8030020AE84E803008C
:1064D0000FCE2AAD0FC50FCE0FC594E8030085E897
:1064E000030020A83497FDF7AEFE16A8CDF8D4908F
:1064F000FDF7A9FEB8F1000F12D04A462AA940467E
:10650000FFF7FAFE04462AA8FDF79DFE0CA8FDF74A
:106510009AFE02A8FDF797FE204637B0BDE8F0834B
:1065200002492AA8FFF720FC349CECE7E03901007F
:106530002DE9F04F2DED028B9FB0854B0E9311AAE4
:1065400000238DF83C30109319928DF874304FF47D
:106550008022804B1A920B934FF6FF7201230EACF0
:1065600004260AA8ADF86C20ADF876200A940C96A3
:106570008DF83430FEF773FE0A99054620B1FDF719
:10658000ABFE754B2E712B60744B0B9303230C9356
:1065900001238DF83430724B0A940AA81E68FEF766
:1065A0005EFE0A99054620B1FDF796FE0A232B717F
:1065B0002E606C4A21460AA8FEF768F96A4B0AA8C1
:1065C0001978FEF7E2FE694B0B9306230C930AA899
:1065D00001230A948DF83430FEF741FE0A990546EE
:1065E00038B1FDF779FE40232B714FF6FF732B80F6
:1065F0006B800A9F00264FF00C094FF6FF7A5C4B28
:10660000985DFDF7C3FE8346E5B139460AA8FEF75B
:10661000DBF90A9AB2B1394610460192BDF82C80D6
:10662000FDF75AFE019A82F80490C2F800B069881A
:1066300051457FD007F12C00FDF77DFDA0F80680C5
:10664000A5F802800136062ED9D1FDF7A9FE494AE8
:10665000494D2146B0EE408A0AA8FEF717F9B0EE80
:10666000480A0AA8FEF77CFEFDF7B0FE434A214621
:10667000B0EE408A0AA8FEF709F9B0EE480A0AA867
:10668000FEF76EFEFDF789FE3D4B0B930A23014694
:106690000C930AA801238DF834300A94FEF775FE96
:1066A000AB68384A21460AA8002B46D0FEF7E7F827
:1066B00029460AA8FEF733FE334904A806F09FFADC
:1066C0001CABCDE9023402AB04AA93E80300FFF748
:1066D000D1FE04A8FDF749FE069B0546013B0022BA
:1066E00004A907A806F076FB284907A806F00DFBC9
:1066F0000A2229460AA806F0A1FA0AA907A806F064
:10670000F3FA0AA806F030FA214907A806F0FDFAC4
:1067100007A9204806F0F2F907A806F025FA04A810
:1067200006F022FA2046FEF787F81FB0BDEC028B78
:10673000BDE8F08FA5F8008082E7FEF7A0F80AA870
:10674000FEF78DFD0A990028B6D0FDF7C5FDB3E729
:10675000000000206D39010072390100CF390100BD
:106760002C0300207C39010039030020843901000A
:10677000D33901008B39010018030020933901003F
:1067800019390100193D0100FE3901009B39010052
:10679000A5390100180600202F280EDD392803DD59
:1067A0005E2803DD7A2803DC01207047402804DDE1
:1067B0005A28CCBF0020012070470020704770B5D8
:1067C0000446FDF762FD2046FFF7D2F927281ED0C8
:1067D00022281CD02046FFF7CBF90546FFF7DCFF47
:1067E00098B10026294620466676FDF75EFD2046D4
:1067F000FFF7BEF90546FFF7CFFF0028F2D1636827
:10680000002B0CBF0420002000E0032070BD2046B8
:10681000FFF72EFBFAE72DE9F04F5FFA83F98DB011
:1068200004460D46B9F1000F00F085800023437641
:10683000FFF7B1F9B8B97D212046FFF7C7FA88B94B
:106840000DF124082046FFF7BAFF60B92046FFF794
:10685000A2F9064638B93A212046FFF7B7FA28B917
:10686000032000E000200DB0BDE8F08FD4E9013234
:1068700013448DF82C601E72D4E901320833CDE93F
:106880000932E369009398E80E002846FEF7E3FA20
:10689000074600284BD1D4F81CB005A85946FEF78E
:1068A00093F8059E0EB90420DDE7594607A8FEF7C8
:1068B0008BF8079F002FF6D0BDF820A0A6F806A001
:1068C0006988BDF818304FF6FF7291422DD00BF158
:1068D0002C000393FDF72FFC039BC380A5F802A0B7
:1068E00031462046FEF710FA09F1FF334FF000025F
:1068F0003946204600F022F80028B4D12046FFF7A0
:106900004AF90028AFD17D212046FFF75FFA002821
:10691000A8D12C212046FFF759FA0028A0D0204604
:10692000FFF739F900288DD09DE72B80D6E7E16984
:10693000FDF7D2FCD8E7052095E7FFFFF8B506463E
:106940000C461F46FFF727F90546B8B93046FFF752
:106950000FF9662842D013DC272803D05B2817D014
:10696000222840D13046FDF790FC3046FFF780FAF0
:10697000054618B921463046FEF7C6F92846F8BD47
:10698000742822D07B2812D06E282CD1184921E0FF
:10699000402323714FF6FF73238063804FF0000282
:1069A0003B462146304600F029F80546E6E720231D
:1069B00023714FF6FF73238063804FF000023B4644
:1069C00021463046FFF727FFEFE7062323710949E9
:1069D000012323703046FFF7F9F8E6E70623237119
:1069E00025700549F6E721463046FFF704F9DCE754
:1069F000E0390100FF390100043A01002DE9F347B5
:106A0000DDB204460E46002D46D000234376FFF744
:106A1000C2F8A8B95D212046FFF7D8F978B94FF63A
:106A2000FF7A013DD4F81C9068464946FDF7CCFF3B
:106A3000DDF80080B8F1000F05D1042000E000204F
:106A400002B0BDE8F0877188BDF80470514521D0CF
:106A500009F12C00FDF76FFBC78077802B464FF0C4
:106A6000000241462046FFF769FF0028E8D1204692
:106A7000FFF791F80028E3D15D212046FFF7A6F942
:106A80000028DCD12C212046FFF7A0F90028C9D12D
:106A90000320D5E73780E0E70520D1E72DE9F0476F
:106AA000044600F10C090E688D68016898B000F189
:106AB00038074846FDF794FE0023D4F80080237180
:106AC0003544A06828B10368A3604146FDF763FB25
:106AD000F7E784F83C00CDE9004002908DF80C0007
:106AE0008DF819004FF00A034FF00002394668464E
:106AF000CDE904650794FFF721FF064640B99DF9EB
:106B000018302BB194F83C3013F0080F18BF03264F
:106B1000019818B1009B1968FDF73DFB258E276889
:106B2000B5B105F10055D4F82CA03B68013D0AEB46
:106B3000C5089B68B8F80220D8F80410D20038467F
:106B4000984728B1B8F80230C8F804002AF8353060
:106B5000E16A89450BD0228E638E934207D03B6851
:106B6000D2009B6838469847238EE06263863046A1
:106B700018B0BDE8F087FFFF70B598B005463E49F4
:106B800008A806F03CF808A9284606F01DF90646B4
:106B900008A805F0E9FF002E6CDB384908A806F0CC
:106BA0002EF808A9284606F0CDF8044608A805F0F6
:106BB000DBFF002C45D033460022294604A806F00E
:106BC00009F904A908A806F05AF82C4908A806F003
:106BD000ACF8014601A806F052F808A805F0C4FF79
:106BE00004A805F0C1FF264B08930BAB13934FF499
:106BF00080230024149329464FF6FF7308A88DF8CC
:106C000024400A94ADF854308DF85C40ADF85E3005
:106C1000FFF744FF10F0FF0F0DD108A9194A04A88F
:106C2000FDF72DFE04A8FFF77DF8049910B1FEF7DB
:106C3000F0F948B9002408A8FDF7FEFD01A805F009
:106C400093FF204618B070BD08A90E4A04A8FDF7AE
:106C500016FE04A8FFF766F80499044610B1FEF783
:106C60006FFA044601A8FDF780FBA4B2231A5C4228
:106C70005C41E0E70024E4E79B390100A83901000A
:106C800000000020AA39010030B599B00546FFF791
:106C900073FF08AC58B93149204605F0B0FF2046D3
:106CA000FDF7D2FB204605F05FFF19B030BD0BAAFF
:106CB0002B4B13924FF480220893149200234FF62B
:106CC000FF72294620468DF824300A93ADF85420EF
:106CD0008DF85C30ADF85E20FFF7E0FE10F0FF0F9E
:106CE0000AD0204904A805F08AFF04A8FDF7ACFBF0
:106CF00004A805F039FF1EE01B4B059304230693FF
:106D000004A801238DF81C300494FFF70BF8FDF75D
:106D100007FAB0B104A8FFF705F8014678B101A859
:106D2000FDF74CFA019D114928460AF01DFD50B9A6
:106D30002046FEF755FD2046FDF77EFDB5E70546EA
:106D4000F1E70B4DEFE70B4928460AF00DFD18B9A6
:106D50002046FEF78DFCEEE70749C3E7C038010087
:106D600000000020D13801006D390100DE3801003B
:106D7000FE390100E6380100F838010010B50C4C6E
:106D8000204600F06DF9E01C00F06AF9A01D00F04B
:106D900067F904F1090000F063F904F10C0000F058
:106DA0005FF904490448BDE8104005F028BF00BF62
:106DB0003A030020FE39010018030020014805F0C5
:106DC000D3BE00BF1803002038B54FF4E13124488A
:106DD000244D05F09DF80A2005F008FD01210D2045
:106DE00006F030FC00210D2006F044FC02211020AA
:106DF00006F028FC0024285D0221013406F022FC64
:106E0000062CF8D10821184800F00AFA0921174881
:106E100000F006FA0A21164800F002FA0B21154884
:106E200000F0FEF90C21144800F0FAF9FDF7F4FA2D
:106E30009FED120A0120FDF75FFB01460B4800F0B1
:106E400013F99FED0E0A0220FDF756FB0146084894
:106E500000F00AF906F02EFD094B186038BD00BF9E
:106E600018060020D33901003A0300203D0300201A
:106E70004003002043030020460300200000B442EA
:106E8000340300207FB52B4C2378BFF35B8FDB07E7
:106E90000DD4204608F02FFE48B12749274805F0B9
:106EA000AEFE204608F033FE254806F0A8FC254E2D
:106EB000224C214D304605F072F858B3304605F0AB
:106EC000CFF841B20A290CD11C4805F0A3FFA368F2
:106ED00013B12046FFF7D8FE2946204605F0D9FE1B
:106EE000E8E70D29E6D0A368B3F5007F03D220467A
:106EF00005F010FFDEE72946204605F0CAFE1249DC
:106F000001A805F07CFE01A8FDF79EFA01A805F096
:106F10002BFECFE70D4CFDF72DFB06F0CBFC2368D5
:106F2000C01A312804D906F0C5FC2060FFF700FB29
:106F300004B070BDEC020020FE390100F002002018
:106F400001410000180600200A3A01003003002029
:106F500010B5074C22781AB101232370002010BD10
:106F6000044804F05EF80028F6D14FF0FF30F6E751
:106F70008C0300204C0300202DE9F0412F4E337884
:106F8000FF2B07D02E4A182101FB0323D3E904234A
:106F90001B0413602B4C2C4D22682978DFF8A0804D
:106FA00000204FF0180C012782B392FAA2F3B3FA33
:106FB00083F30CFB03FED9B258F80EE0BEF1000FCC
:106FC0001ED0297000B12260182707FB0383D3E984
:106FD00004211E481160D96803F09AFF2A781C49E1
:106FE000327007FB02870868FB6803440B600123CB
:106FF00003FA02F2236823EA02032360BDE8F0816A
:1070000007FA03F322EA03020120CDE708B1297051
:107010002260104B104819680D4B00681A680A442A
:10702000824238BF811A002208481A6003F070FFBC
:10703000FF233370094B1B68DFE700BF700000209F
:107040009C03002094030020710000204C030020CA
:10705000BC0400208803002090030020840300204B
:10706000FF2303707047FFFF30B50478FF2C20D05A
:107070001048182202FB04056B688B4203D8AB68EA
:107080008B4228BF0B466243811883500A4ADFEDCA
:107090000B6AD2ED007AF8EE677A87EEA67A07EEF1
:1070A000903AF8EE677A67EE277AFCEEE77AC1ED60
:1070B000037A30BD9C0300209003002000409C46D2
:1070C0002DE9F0471F46494B2DED028B16461A68F5
:1070D0000C2A84B005468A46984605D1002004B0A3
:1070E000BDEC028BBDE8F087414B1C789946002C23
:1070F0003DD104A8214600F8014D03F0F1FD431CE9
:1071000035D09FED3C8A3C4B9DF80F200093F0EE6C
:10711000480AC3B2B0EE480A21460194374803F04A
:1071200085FE2146354803F012FF22460A213348E6
:1071300003F0E6FF314803F036FF304803F05AFF12
:107140002E4803F0CFFE07EE900A9FED2D7A2D4BCF
:10715000F8EE677A1860C7EE870A2B4B60EE880A54
:10716000FCEEE00AC3ED000A012389F8003099F82B
:107170000030002BB2D0254B33F83A40244B00228C
:107180004FF0180C0CFB02F0C15859BBD8F8001096
:107190002A7001310344C8F80010E0B2012101FA5D
:1071A00000F0C3E901675861260A1A4876013044A5
:1071B0001861194B01FA02F2196828460A4340F295
:1071C000DC511A60FFF750FF2B78FF2B86D0052289
:1071D0002146124801F00EFBFFF7BAFEB0FA80F02C
:1071E00040097CE701320C2ACCD1EDE7980300205E
:1071F000C004002000004842796F00004C030020CA
:1072000000409C469003002088030020183B0100AA
:107210009C0300200800044084030020841C0020FC
:107220004FF416634FF40872FFF74ABF014803F0AA
:1072300095BC00BF4C030020014803F045BF00BFD0
:107240004C03002008B506F0D7FA002008BD27201F
:107250007047704737B5FFF7FCFF01210D2006F09E
:10726000F1F900210D2006F005FA684607220321F6
:1072700008F0C0FBBDF800301C4CC3F3841301259B
:10728000684607220521E55408F0B4FBBDF800303C
:10729000C3F38413684607220621E55408F0AAFBCD
:1072A000BDF80030C3F38413684607220921E55472
:1072B00008F0A0FBBDF80030C3F384136846072232
:1072C0000A21E55408F096FBBDF80030C3F384139F
:1072D00007220B216846E55408F08CFBBDF800300E
:1072E000C3F38413E55403B030BD00BFA2050020F2
:1072F00030B5836A85B004468C4601ADABB193E8E6
:10730000070085E807006268117883F804C0E26A24
:107310009A6019601846626A9047A36A1BB195E8A3
:10732000070083E8070005B030BD2B46EBE700BF40
:1073300010B4EFF30383103B5BB203F1C001204AAA
:10734000204C52F821006FF3104042F8210054F80D
:107350002330D3E906218A421BD0186940B393F841
:1073600020400F2C0BD99968496840F82210D96940
:1073700001328A429A610CD05DF8044B7047072CA9
:1073800019D8996809798154D96901328A429A6178
:10739000F2D15B680C4993F903305DF8044B58094E
:1073A000012203F01F0302FA03F341F82030704773
:1073B00098684068DCE79C68A48820F81240D7E70A
:1073C000006000401005002000E100E0F0B5EFF3A0
:1073D0000383103B5BB203F1C0022F492F4C51F8DD
:1073E00022006FF3104041F8220054F8233058680F
:1073F000026A002A30D092F801C0DC695A69BCF1F7
:10740000010F17D094420FD0D96841B393F82000F0
:107410000F280AD80728986895BF895C31F81210A0
:107420000171818001325A61F0BD986851F82210D3
:107430004160F7E704F1FF3E724513D0016900296E
:10744000E0D090F9031016484D0901F01F010CFA25
:1074500001F140F82510D5E75A69DC69D2E7986850
:107460004160DFE790F903E00EF1C0064FEA5E10DD
:10747000800051F8267000F1604000F561400EF088
:107480001F0E0CFA0EF56FF3104741F82670C0F886
:1074900080510560B6E700BF006000401005002085
:1074A00000E100E010B4EFF30383103B5BB2324A1B
:1074B000324C03F1C00152F821006FF3104042F842
:1074C000210054F823008268D278920706D54268DA
:1074D000527A012A02D05DF8044B70475909284CB2
:1074E0000122203103F01F0302FA03F344F8213094
:1074F000BFF34F8FBFF36F8F436893F90230002BB8
:107500002FDB5909203103F01F0302FA03F344F87B
:107510002130BFF34F8FBFF36F8FD0E90114237871
:1075200091F902106FF386130029237014DB01F127
:10753000C00C114C4B099B0001F01F018A4003F164
:10754000604354F82C1003F561436FF3104144F885
:107550002C10C3F880211A605DF8044B0121FFF75D
:10756000C7BE82685DF8044B13786FF386131370FF
:107570000121FFF7BDBE00BF0060004010050020E4
:1075800000E100E070B5EFF30384103C314B64B2CE
:1075900053F82460736893F90230002B42DB5A09D8
:1075A0002D492032012003F01F0300FA03F341F8B4
:1075B0002230BFF34F8FBFF36F8FD6E9012392F9CB
:1075C00002101A7800296FF386121A7015DB01F188
:1075D000C00C224D4A09920001F01F0100FA01F18E
:1075E00002F1604255F82C0002F561426FF3104041
:1075F00045F82C00C2F880111160DA780021D5B26C
:107600001207D97021D4EB0712D405F01405142DFC
:1076100016D0124BC03453F824206FF3104243F8B5
:10762000242070BDB3681A786FF386121A70E4E7ED
:107630000421304605F01405FFF75AFE142DE8D159
:1076400008213046FFF754FEE3E705213046FFF7F7
:107650004FFED8E71005002000E100E00060004088
:10766000036A70B50446987800F07B0098700D4668
:10767000217841B32261E269E5601069002841D0B8
:10768000226982B1A378816800688E68E16803F09E
:107690000303013B22FA03F3002222619BB2B047AD
:1076A00080B9236A21789A7842F080029A7039BBB7
:1076B00094F802C00CF0030CBCF1020F1AD02A7827
:1076C000DA70002070BD94F802C0E0690CF0030E7F
:1076D0000069A2EB0E02226105EB0E02E2600028B7
:1076E000CED19A780CF0030C42F08002BCF1020F6C
:1076F0009A70E4D12A8842F47E420020DA8170BD7B
:10770000002070BD9A7842F080029A7070BD00BF70
:10771000036A91F801C09A7800B502F07B0E02F07E
:107720000B029A700022C2608878587010461A784E
:107730006CF301021A70CA789A7493F807C00A7839
:107740000CF0A30102F05C020A43DA7183F802E054
:107750005DF804FB10B5D0E90721002343608B706E
:1077600092F905202F49044650090123203002F0E8
:107770001F0203FA02F241F82020BFF34F8FBFF33C
:107780006F8FE26992F90B205009203002F01F023E
:1077900003FA02F241F82020BFF34F8FBFF36F8F3F
:1077A000E26992F907205009203002F01F0203FA23
:1077B00002F241F82020BFF34F8FBFF36F8FE269D1
:1077C00092F90920500902F01F02934000F12002B3
:1077D00041F82230BFF34F8FBFF36F8FE369DA6850
:1077E00022B1936810681B6A9847E3691B691BB153
:1077F0009A681868136A9847EFF31081012383F39E
:107800001088E369084A1C78D2F800014FF0004361
:10781000E3400343C2F80031D2F8003181F310880D
:10782000002010BD00E100E0006F0440F0B5846A64
:1078300085B005460F4694466E46B4B194E80F00F5
:1078400086E80F00EB691B7884F804C02360EB6ABC
:107850002046C4E902736B6A9847AC6A1CB196E88B
:107860000F0084E80F0005B0F0BD3446EAE700BF22
:107870008C46516830B4029C0D6880B91C609CF83D
:10788000010038B9E8784FF0010C0B346CF30510A7
:10789000E8701C60936810681B6830BC184704F1DE
:1078A0000C001860EBE700BF2DE9F0470D460978A2
:1078B0000323CB4013F0010301F1007218BF102322
:1078C000037002F5605283785201012161F30103D4
:1078D0000262A9696A6942620022C0E90A21C5619F
:1078E00083706B7882B0044623B98378022262F3F6
:1078F0000103837095F90B00594B95F80AC04209B2
:10790000203200F01F06012101FA06F643F822603A
:10791000BFF34F8FBFF36F8F524A534E00F1C00732
:107920004FEA0C1C52F827E06FF3104E42F827E0A4
:107930001F185FFA8CFC87F800C346F8204095F9C1
:10794000050095F804C04709203700F01F0E01FA22
:107950000EFE43F827E0BFF34F8FBFF36F8F00F1A8
:10796000C00703EB000852F827E04FEA0C1C5FFA4F
:107970008CFC6FF3104E42F827E088F800C346F8FD
:10798000204095F9070095F806C04709203700F018
:107990001F0E01FA0EFE43F827E0BFF34F8FBFF32F
:1079A0006F8F00F1C00703EB000852F827E04FEAA1
:1079B0000C1C5FFA8CFC6FF3104E42F827E088F83D
:1079C00000C346F8204095F9090095F808C047091A
:1079D000203700F01F0E01FA0EF143F82710BFF315
:1079E0004F8FBFF36F8F00F1C0074FEA0C1152F8B1
:1079F00027C003446FF3104C42F827C0C9B283F884
:107A00000013EA6846F8204072B153681B684FF4CF
:107A1000002143F8041B216A05310091E1692078B7
:107A2000FFF726FF0646B0B92A69FAB153681B680A
:107A30004FF0006143F8081B216A03310091E169AE
:107A40002078FFF715FF064680B1EB681BB19A68F6
:107A50001868136A9847304602B0BDE8F08700BF47
:107A600000E100E00060004010050020EFF310800E
:107A7000012383F31088984B2E78D3F800214FF020
:107A80000041F14022EA0102C3F80021D3F800319D
:107A900080F31088236AE06900229A701A715A7282
:107AA0009A72DA725A83297840F20722CA40D207C2
:107AB00044BF4022DA7406221A7722787AB1C1686C
:107AC000013A002900F0FE800126120391B23143F1
:107AD00041F006029A829A8A92B29142FBD1EA78E8
:107AE000A978D20042EA01126978032900F0D78010
:107AF000002914BFF221E221ED69D2B21A70997106
:107B00002A7B520002F002025A736A78A978002692
:107B10001E7295F800C0D201490101F02001D2B2D5
:107B20000A43ACF10201012940F2BD80D2B2DA7100
:107B30006A68917859701978567866F3010119705E
:107B4000D17899741278D97902F05C0201F0A3011E
:107B50000A43DA710027C4E90377C4E9057790F98D
:107B600005105E4E01F1C00E4A0956F82E809200B3
:107B700067F3104802F1604246F82E8002F5614238
:107B80004FF0010E01F01F010EFA01F1C2F8801151
:107B9000116090F90B1001F1C0094A0956F829A0AB
:107BA000920002F1604202F5614267F3104A01F06F
:107BB0001F0146F829A00EFA01F1C2F880111160E8
:107BC00090F9071001F1C0094A0956F829A092005E
:107BD00002F1604202F5614201F01F0167F3104AB1
:107BE00046F829A00EFA01F1C2F88011116090F94F
:107BF000091001F1C0004A0956F82090920002F1E4
:107C0000604267F3104946F8209002F561420CF09B
:107C1000030C01F01F010EFA01F14CF0700CC2F8D8
:107C20008011116083F802C06B8923814FF6FF78C1
:107C300043452DD0EFF310818EF31088284A136846
:107C40001BB92848C3704023C37013680133136005
:107C500081F31088218924480B0A1B0153FA81F112
:107C600050F8213023F0011323F4404343F0040380
:107C700040F82130EFF31081012383F3108813685B
:107C800013B11368013B13601368B3B181F310881B
:107C9000164B63600026304602B0BDE8F08742F024
:107CA0004002F22128E7BCF1020F08BF42F01002A7
:107CB000FF21D2B25970DA714CE70A4A8020D370A2
:107CC000D070E3E7C169097A1140090201F47061DB
:107CD00041F00106F9E600BF006F0440006000407B
:107CE0000C050020000D0440000804405549435392
:107CF0002DE9F04F1E46FF23B37033786FF38203F4
:107D00008BB033708023F370554B0992554A1B6A30
:107D100012680191C3F302618A40C3F30233DA406F
:107D2000514B07900021100A06920891059002918C
:107D30000093A2FB03BA099B009A93426EDA9DF866
:107D4000203003930027494B039ADD5DC5F34003C0
:107D5000C5F3800504932B43934256D1444B33F82B
:107D60001780079B03FB08F8069BB3FBF8F2541E31
:107D7000FF2C4AD802FB08F91DE0059BB9FBF3F381
:107D80007F2B03FB00F040D90028B8BFFF30001262
:107D9000A0F5C330A0380028009AB8BF4042824204
:107DA00040DC029BF370337843F00403A9EB08092D
:107DB000337054B3013C4A464FEAE9735846514682
:107DC00008F0C6FC019A002AD7D1A0F5C333A03B26
:107DD000002B009AB8BF5B429A4216DD0093234BFA
:107DE000B470DA5D3378C2F3000161F3861304994D
:107DF00061F3041365F3C30333707378C2F3C102F4
:107E000062F301037370019B029301370D2F9AD126
:107E1000089BF3B1009B099A93421DDC00200BB034
:107E2000BDE8F08F0293114B049AD95D337800902E
:107E3000C1F3000060F3861362F3041365F3C30318
:107E400033707378B470C1F3C10161F301037370CF
:107E5000A7E7012308936EE703200BB0BDE8F08F7E
:107E600000E001409C050020A0860100503C01007C
:107E7000603C0100F0B5EFF30383103B5BB203F10C
:107E8000C001344A344C52F821006FF3104042F8DC
:107E9000210054F82300C3691B6913B1036913B1AE
:107EA000F0BD036983B9D0E90824937803F07F0318
:107EB000002143F004039370C160002CF0D0BDE8B2
:107EC000F0408022FFF7B2BC05785DB3066AF18A04
:107ED000C1F30421A9421ED28478C2681F4F04F066
:107EE000030E74460BE092F800C086F80FC0013113
:107EF0001B1B2244A942C0E903230CD25BB1BEF193
:107F0000020FF0D1B2F800C04CEA070C1FFA8CFC4B
:107F1000A6F80EC0EBE732796FF3C7123271002B6F
:107F2000BED1C0E7827802F003010229C1680BD0FC
:107F3000046A0D78E57002F003029B1A0A44C0E956
:107F40000323002BACD1AEE70C88056A44F47E44D1
:107F5000EC81F0E7006000401005002000FEFFFF0C
:107F600010B582B0EFF30383103B5BB203F1C001A5
:107F7000574A584C52F821006FF3104042F8210044
:107F800054F82340E369DB6813B1A369002B49D19E
:107F900022894FF6FF739A4275D12278236AF2B193
:107FA000D98AC80612D01B8AC3F308030193A369B8
:107FB000FBB9636A2BB1042201992046FFF736FC16
:107FC00022782AB1236AD98AC906E8D1BE221A7159
:107FD00023894FF6FF72934231D102B010BDA178D0
:107FE00001F003010229DED05B790193A369002B24
:107FF000DFD0A278606902F0030201A908F0F0FD69
:10800000D4E90521A37803F003031A44C91AC4E98B
:10801000052129B9636A1BB101222046FFF706FC3E
:108020002278CEE7636A0021C4E90511002BD4D081
:108030000122204602B0BDE81040FFF7F7BB1A0A44
:108040001201254952FA83F351F8232022F001123C
:1080500022F4404242F0040241F82320EFF3108260
:10806000012383F310881D4B196811B11968013978
:1080700019601B681BB91A498020CB70C87082F345
:10808000108802B010BDEFF31081012383F3108834
:10809000124B1A681AB91248C2704022C2701A688C
:1080A00001321A6081F3108822890B49130A1B01DF
:1080B00053FA82F251F8223023F0011323F44043A3
:1080C00043F0050341F82230236A227867E700BFB6
:1080D0000060004010050020000804400C0500204E
:1080E000000D044010B5EFF30384103C0B4B64B259
:1080F00053F82400D0E90821937803F07B039370B0
:1081000019B102220021FFF791FB054BC03453F84F
:1081100024206FF3104243F8242010BD10050020E6
:108120000060004010B5EFF30384103C194B64B2BB
:1081300053F82400037843B9837803F00303022B38
:1081400003D0036A5979C9B203E0036A198AC1F3FB
:10815000080193F804C01CF0100F0CF0380206D090
:1081600093F81CC01CF0010F08BF42F0400293F8C6
:1081700004C00CF0C70C83F804C0436A0BB1FFF7CE
:1081800055FB054BC03453F824206FF3104243F8DD
:10819000242010BD100500200060004030B5436A67
:1081A00085B004468C4601ADABB193E8070085E885
:1081B00007006268117883F804C0A26A9A601960A7
:1081C0001846226A9047636A1BB195E8070083E866
:1081D000070005B030BD2B46EBE700BF10B4EFF34E
:1081E0000383103B5BB203F1C001144A144C52F8F4
:1081F00021006FF3104042F8210054F823305A69EF
:10820000D9698A4206D2D3E90240A8B1805CE07005
:1082100001325A618A4202D05DF8044B70471A69F4
:10822000002AF9D19A685DF8044B937803F07B0338
:1082300043F0040393707047E070E9E7006000408A
:108240001005002010B4EFF30383103B5BB203F181
:10825000C001174A174C52F821006FF3104042F842
:10826000210054F823305A69D9698A4206D2D3E9E9
:108270000240D0B1805CE07001325A619A698A4252
:1082800007D2986819694079541C9C618854D3E9D5
:108290000621914206D19A68937803F03B0343F09C
:1082A000040393705DF8044B7047E070E4E700BF8F
:1082B000006000401005002010B5EFF30384103C6F
:1082C0000A4B64B2012153F824008268937803F0CA
:1082D00003039370FFF762FFC034054B53F824206B
:1082E0006FF3104243F8242010BD00BF100500209A
:1082F0000060004010B5EFF30384103C0C4B64B2F7
:108300004FF0840C53F8240083689A7802F003023B
:108310009A701A7983F804C00421FFF73FFFC03434
:10832000044B53F824206FF3104243F8242010BD6F
:10833000100500200060004003685969A1B190F861
:108340002D3070B5044603F0FF0563B98A68038CCD
:1083500096680868A1692A46B047E269C4E90852EC
:10836000012384F8333070BD704700BF70B5866B51
:1083700082B004460B466D463EB396E8030085E89E
:108380000300E26B3371236832605A6912B194F8CA
:108390002D10A1B19B6913B194F82D2052B9636BD4
:1083A00030469847A36B1BB195E8030083E80300B0
:1083B00002B070BD9A68186813699847EFE7936830
:1083C00010681B6998472368E4E72E46D9E700BF89
:1083D000EFF30383103B5BB2044AC03352F823101F
:1083E0006FF3104142F82310704700BF0060004057
:1083F00070B5EFF30383103B5BB2614AC03352F8B0
:1084000023106FF3104142F82310EFF30383103B66
:108410005C4A5BB252F823402269137BC3F300002D
:10842000DB072CD494F82C3094F82A10994216D0FB
:1084300094F82D1009B1022B41D02046FFF77CFFA4
:10844000236994F82820DA7094F82B2094F82C30C3
:10845000013A013384F82B2084F82C3070BD94F855
:10846000333003F0FF053BBB236A93BB94F82E30F7
:1084700063B352210123D17284F8303070BD94F877
:108480002D308BB194F8313073B9636AA169527998
:10849000CA54D4E9082394F82E10013A0133C4E9F0
:1084A000082379B12269E4E70020012154232062E6
:1084B00084F82F10D37270BD84F8330070BD52233E
:1084C000D37270BD23695422DA7270BD5423D37203
:1084D00070BD94F82D1041B9616AA069013B405C00
:1084E0000131C4E90831D07070BD94F83110002911
:1084F0002ED0216884F831504869002838D0896925
:10850000002935D0E069022832D98E68831E0868B8
:10851000B668F42191709BB2A2692946B0472268DF
:10852000E3695269916810688E68023B9BB22A46E3
:108530002946B047E36922690220023BC4E90803E7
:10854000012184F833100023FF209372D070CBE711
:10855000636AA1695279CA54D4E90832013B0132F5
:10856000012BC4E90832226904D0FF20D070BBE798
:10857000012BE8D12023FF209372D070B4E700BF15
:10858000006000401005002010B582B0EFF30383B7
:10859000103B374A5BB252F823000269D37A6FF37B
:1085A000C303D37290F82F30ABBB90F82A1003F0BE
:1085B000FF0C90F82C3099421BD1036A5BB990F8FC
:1085C0002D1090F83040002914BF02210321A4B3DC
:1085D000D372FFF7CBFEEFF30383103B5BB2254A68
:1085E000C03352F823106FF3104142F8231002B049
:1085F00010BDB3B9012929D090F829C00021D1724A
:1086000082F803C090F82B200133013A80F82B2028
:1086100080F82C30DFE7F023D3720121FFF7A6FEAC
:10862000D9E790F82D4004F0FF016CB1022BE5D1A1
:1086300090F829C04CF0010CE0E7F023D372937856
:1086400003F0CF039370C4E78C46D7E70190FFF7A0
:1086500073FE019890F82A30012B05D190F828C0BC
:10866000026990F82C30C9E7026990F82C30C3E712
:108670001005002000600040F0B583B0EFF30384E4
:10868000103C154B64B253F82450EF68BFB16A68D0
:108690002B6992F90D20121B18BF01226E46C3B13F
:1086A00093E8030086E803001A706A695A60184666
:1086B000B8472B691BB196E8030083E80300074B1A
:1086C000C03453F824206FF3104243F8242003B041
:1086D000F0BD3346E8E700BF100500200060004011
:1086E000EFF30383103B5BB20649074A51F82310AE
:1086F0000120C033087252F823106FF3104142F882
:108700002310704710050020006000400B0A1B0179
:10871000044853FA81F150F82130C3F3400300209C
:108720001370704700080440C8B2012383404AB95F
:108730001A040B0A5B0103F1804303F58023002038
:108740009A6070479AB2F4E738B50488002C4DD08F
:1087500043680021043303EBC40040F202450C4699
:1087600040F2034C40F2044E0FE0624530D153F822
:10877000042C02F0B852B2F1807F14BF41F0020124
:1087800044F002040833834211D01A88AA42ECD183
:1087900053F8042C02F0B852B2F1807F03F10803C1
:1087A00014BF41F0010144F001048342EDD1C943FB
:1087B000CDB2012002F014F80D4B93F8BB24144302
:1087C0002C4083F8BB440120BDE8384001F0D8BFFD
:1087D0007245D7D153F8042C02F0B852B2F1807F21
:1087E0000CBF44F0040441F00401CBE7FF25E0E7AF
:1087F00000E0014070B584B002AB012668460C462B
:108800001546ADF80C100292ADF800600193FFF729
:108810009BFFEFF3108286F310881D490B681BB98C
:108820001C48C3704023C3700B6801330B6082F394
:108830001088EA034FEA1423E4B219D41B01164A44
:10884000234442F82350EFF31082012383F310886E
:108850000B6813B10B68013B0B600B681BB90D492A
:108860008020CB70C87082F31088002004B070BDE7
:1088700004EB0310084A52F820606FF3104642F8E8
:10888000206025F4803642F820601B01D7E700BF46
:108890000C050020000D04400008044070B5C36AB8
:1088A00084B004468C46164601AD9BB193E80700A0
:1088B00085E8070083F808C0226B1846C3E9002644
:1088C000A26A9047E36A1BB195E8070083E80700B6
:1088D00004B070BD2B46EDE78268012370B580F8C7
:1088E00020300226B323D37180F8216053790446E7
:1088F0006FF300035371C2690D46FFF7CFFFA36802
:10890000DE705A7942F001025A7194F82120012A4E
:1089100016D094F8212002B170BD052DFCD194F839
:108920002320002AF8D194F821201AB95A7A02F0AB
:10893000F3025A72BF210122D97184F8232070BD3D
:10894000042DECD0082DE4D1E9E700BF30B583B0A9
:10895000EFF30383103B5BB2454AC03352F8231058
:108960006FF3104142F82310EFF30383103B5BB227
:10897000404A52F8234094F82230B3B9A368012248
:1089800084F82220DA7CD2B28DF805209DF80520EB
:1089900012F0010F5A7A14BF02F0F70202F0F3024C
:1089A0005A72AC22DA7103B030BD94F820304BB962
:1089B000A3681B7A13F0080F204614BF0821042176
:1089C000FFF78AFF2269A2B9A368D97CC9B28DF8E2
:1089D00006109DF80610197941F0100119711979E6
:1089E00041F008011971197962F30411197103B08A
:1089F00030BDA369A1689A4209D0E268C97C581CBD
:108A0000A061D154E3690133E36103B030BD0225B5
:108A100084F821504B79E2696FF300034B712046D3
:108A20000621FFF73BFFA3682169DD705A7942F008
:108A300001025A7191B9DA7CD2B28DF807209DF803
:108A400007201A7942F010021A711A7942F00802CE
:108A50001A711A7961F304121A71A4E7A269E16824
:108A6000DB7C501CA0618B54E3690133E3619AE71E
:108A7000006000401005002038B5EFF30383103B81
:108A80005BB2244AC03352F823106FF3104142F80E
:108A90002310EFF30383103B5BB21F4A52F82340CD
:108AA00094F8203093B194F8213003F0FF0263B9B9
:108AB000A369216999420ED0E269E068A168C05CAF
:108AC000887401330132C4E9063238BD05212046DD
:108AD000FFF702FFE7E723680E4993F90E3003F131
:108AE000C000002B51F8205062F3104541F820508F
:108AF00009DB5A09094803F01F030121603201FA1A
:108B000003F340F82230A268D37943F04003D371D5
:108B100038BD00BF006000401005002000E100E00B
:108B200038B5EFF30383103B204A5BB252F8234081
:108B3000A1680B795807C3F3800217D5CA796FF380
:108B40008612C023CA7101E0013B02D0CA795206E5
:108B5000FAD4EFF30383103B5BB2154AC03352F8EB
:108B600023106FF3104142F8231038BD022584F81A
:108B700021504B7962F300034B71E26907212046D3
:108B8000FFF78CFEA168CD704B7943F001034B7168
:108B900094F82130002BD1D1A369E269E068013259
:108BA000C05C88740133C4E90632C7E710050020B1
:108BB0000060004010B582B0EFF30383103B3E4AE3
:108BC0005BB252F8230083685A7A91074DD1D1B233
:108BD00011F00C0F3CD0012280F8242090F82120C5
:108BE000012A65D0016982699142C26988BF02F198
:108BF000FF324FF0030188BFC2614FF0000EA02486
:108C0000DC7180F820E080F822E093F805C06EF374
:108C1000000C83F805C090F82440002C43D1DF24D9
:108C20001C709F241C7000240223C46180F8213032
:108C3000FFF734FEEFF30383103B5BB21F4AC033F0
:108C400052F823106FF3104142F8231002B010BD08
:108C5000CA06EFD5DA7CD2B28DF807209DF807203E
:108C6000DA7902F0EF02DA71E4E70022A02180F85D
:108C70002420D97180F8202080F82220597962F3CD
:108C80000001597190F8241081B9DF219F221970D9
:108C90001A7000210223C26980F82130C1610121CC
:108CA000FFF7FCFDC6E783F809E0BCE75A72F0E77E
:108CB000C2690221A1E700BF10050020006000404A
:108CC00030B5836B83B004460A466D46A3B193E882
:108CD000030085E80300E16B1A71626B19601846A6
:108CE0009047A36B1BB195E8030083E803000023C2
:108CF00084F82B3003B030BD2B46ECE703690268E3
:108D00002DE9F04F1F241C705F241C70DF241C70A1
:108D1000546A55682279564EDFF8608142F0E002CD
:108D20001A74E27842F0E0025A74A278120102F05A
:108D3000700242F008029A7022786478012A0CBF0F
:108D40000522042242EA4402D2B2DA70494A95422C
:108D50000CBFF72277225A710027B3229F71DA7174
:108D600091F9112091F80DC0B4184FEA0C1C5FFA6C
:108D70008CFC84F800C302F1C00548F822003E4C88
:108D80004FEA521E54F825904FEA8E0E67F31049B1
:108D90000EF1604E44F825900EF5614E012502F06B
:108DA0001F0205FA02F2CEF88021CEF8002091F9D8
:108DB0000F2006EB020E02F1C0098EF800C348F83E
:108DC00022004FEA521E4FEA8E0E54F829B00EF1DF
:108DD000604E0EF5614E02F01F0205FA02F267F3D3
:108DE000104B44F829B0CEF88021CEF8002091F93C
:108DF000102006EB020E02F1C0098EF800C348F8FD
:108E000022004FEA521E54F829B04FEA8E0E0EF19E
:108E1000604E0EF5614E02F01F0267F3104B44F8EE
:108E200029B005FA02F2CEF88021CEF8002091F99F
:108E30000E100E444A0986F800C348F8210001F1DB
:108E4000C00001F01F018D4054F82010920002F183
:108E5000604267F3104144F8201002F561424FF080
:108E60009F0AC2F88051156083F800A0BDE8F08F1A
:108E700000E100E040420F000060004010050020CB
:108E800010B483B0EFF30383103B5BB2484AC033A6
:108E900052F823106FF3104142F82310EFF30383CD
:108EA000103B444A5BB252F8233093F82D20BAB9F4
:108EB0009A69022A1A699EBF117941F04001117125
:108EC000D969012917D0D27CD2B28DF807200121AF
:108ED0009DF8072083F82D1003B05DF8044B704710
:108EE000DA69002AF8D0032A0ED0022A4ED0012ACD
:108EF00021D019690DE0117941F01001117111793A
:108F000041F008011171DEE719690A7942F0400267
:108F10000A711A6A5869C97C8154D3E90721013161
:108F2000013AC3E90721002AD6D119690B7962F306
:108F300086130B71D0E793F82A1089B319681E4C79
:108F400091F90F104809203001F01F0102FA01F1D8
:108F500044F82010BFF34F8FBFF36F8F1969C879A2
:108F600040F08000C871087940F01000087108795D
:108F70004FF0040C6FF3C300087181F801C0487909
:108F80006FF30000487183F82C20C2E719690A7951
:108F900042F010020A710A7942F008020A71B8E739
:108FA00019694A7A082002F0F7024A724870B0E75D
:108FB000006000401005002000E100E0EFF30383B3
:108FC000103B5BB2354AC03352F823106FF31041A7
:108FD00042F82310EFF30383103B5BB2304A52F8A0
:108FE000232092F82730002B37D192F829309BBBF1
:108FF000D36910B4002B42D11069C1796FF3C71146
:10900000C023C17101E0013B02D0C179C909FAD185
:109010001368224A93F9103003F1C001002B52F873
:1090200021406FF3104442F8214009DB5A091D4CDE
:1090300003F01F030121603201FA03F344F82230E8
:10904000C3795DF8044B43F04003C37170470229B4
:1090500009D192F8300030B9704792F826100329F0
:1090600092F82810F3D0106992F824C080F812C04A
:109070000131013B82F8281082F827307047D2E98D
:109080000404116A013B645C84740131C2E9073154
:10909000002BB2D05DF8044B704700BF0060004069
:1090A0001005002000E100E010B4EFF30383103B53
:1090B0002B4A5BB252F8233093F829201AB193F867
:1090C0002720012A47D0DA69D2B11969CA796FF32A
:1090D0008612C023CA7101E0013B02D0CA79520650
:1090E000FAD4EFF30383103B5BB21E4AC03352F84D
:1090F00023106FF3104142F823105DF8044B7047C2
:1091000093F82A10F9B11968174C91F90F10480912
:1091100020304FF0010C01F01F010CFA01F144F86E
:109120002010BFF34F8FBFF36F8F1969C87940F0DC
:109130008000C87104204870487962F300004871CB
:1091400083F82CC0C2E719694B7A082203F0F703B1
:109150004B724A70BAE793F83020002AB3D1B4E7D3
:10916000100500200060004000E100E038B5EFF39A
:109170000383103B4B4A5BB2E02152F82340236942
:109180005A7A5972D506D0B202F003011FD55A7827
:10919000520648D4E269012184F82B10002A5ED0DF
:1091A00000252168DD712046FFF7A8FD94F8261000
:1091B000A2692369E56184F82810226284F82C50A2
:1091C000B322DA7101212046FFF77AFD12E000296F
:1091D000E0D101071BD594F82B20002A48D194F840
:1091E0002910B322002914BF02210321DA7120467D
:1091F000FFF766FDEFF30383103B5BB22A4AC033EF
:1092000052F823106FF3104142F8231038BD94F840
:109210002C20002AEED04207ECD594F82B20012117
:10922000002AE4D1DBE70029B4D15A785506C2F30D
:109230008011CED584F82B105A7A216802F0F702FB
:10924000496A5A72082058700A78012A0CBF032212
:109250000222DA705A7942F001025A71CAE794F890
:109260002C20002A9CD194F82B20002AA8D097E724
:10927000E2696AB1002294F82600A169E26184F8EB
:109280002800216284F82C20B322DA710121AEE794
:1092900094F82C20002AEDD194F82B20002AF3D04A
:1092A000E8E700BF100500200060004010B582B064
:1092B000EFF30384103C164B164964B253F8242094
:1092C00050790B5C03F00303032B0FD0C03451F82B
:1092D00024306FF3104341F82430936823B1D268EF
:1092E000CDE900206846984702B010BD936823B1CD
:1092F000D268CDE9002068469847064BC03453F841
:1093000024206FF3104243F8242002B010BD00BFA8
:1093100010050020006000400346D3E9022300202E
:10932000936070470346D3E90223002053607047DF
:10933000D0E90123D26930B4D2E9011444F00044E9
:10934000D0685C61D2E9045440F0004041F0004133
:109350009861196100205D629C6230BC704700BF5B
:1093600010B443681A788368032A13D84C1E9C668D
:109370001AB94908013959659965DA6AD20705D4DD
:10938000C2685C664FF4AA011964DA6000205DF8D7
:10939000044B70470C469966EFE700BF002800DADF
:1093A000704710B400F16043114C03F561430901AB
:1093B000C9B283F8001344F820200E4900F1C0021E
:1093C00000F01F0C400951F82240800000F160407D
:1093D00000F561406FF31044012341F8224003FA85
:1093E0000CF3C0F880315DF8044B0360704700BF98
:1093F000100500200060004070B5836984B0044609
:109400008C46164601AD9BB193E8070085E807003E
:1094100083F804C0E2691A609E601846626990474A
:10942000A3691BB195E8070083E8070004B070BD8D
:109430002B46EDE730B4D0E9012310785A6E0C4D7D
:109440000C4C032898BF01328A60D86A2A6A2368C4
:10945000C2F3026C03FA0CF302F00702C0F3C3502C
:10946000D340C3400122002030BC4B600A707047DB
:1094700000E001409C05002090F800C0486EBCF15F
:10948000030F98BF01300AB1824227D310B4019C68
:10949000496BE40754BF01F01F01C1F30441BCF163
:1094A000030F09D9090981F0010172B9E9B9022252
:1094B0005DF8044B5A60704701F00C01A1F1040102
:1094C000B1FA81F14909002AF0D0824201D3002982
:1094D000EDD103225DF8044B5A607047BCF1030FD5
:1094E00098BF02F1FF321A6070470028DFD0F0E722
:1094F0002DE9F0470B7C0D46012101FA03F2C26011
:10950000920716BF002201740274D5E9052103F504
:10951000800303F5F0631B0242610022EE6945609F
:10952000C0E9062184B004468360EFF31080012374
:1095300083F31088854B297C0229D3F8081134BFA6
:109540006FF020076FF040073940C3F80811D3F8D7
:10955000083180F31088A3686F684FF425411960C3
:10956000DA62DA639A642A78297A032A4FEAC151C7
:1095700007F1FF3C00F0D58084BF41EA0241BC46C0
:10958000D6E9068ED9624FF0004119610020596179
:1095900099614FF0FF315862039098620291C3F8CD
:1095A0001C80C3F820E0D6F82C80C3F868C0C3F84C
:1095B00064C0002A40F0A080790801390291404639
:1095C00001224FF0030C5965996500285DD095F88C
:1095D00000E0B76A002F71D0B97897F803900906B8
:1095E00041EA097197F8049041EA09419963B96821
:1095F000C3F88C10002965D0012148B997F81C9058
:1096000097F81BA04FEA496949EA4A2948EA09083C
:10961000C3F8881040B996F8211096F82000490741
:1096200041EA403148EA01084FF4AA01BEF1010FB6
:10963000196402D10021D9641965E168D960C3F8C1
:109640003480C3F830C01A63697C95F91200224651
:10965000FFF7A4FE96F8221096F924002246FFF7A1
:109660009DFE96F8231096F925002246FFF796FEF8
:109670002FB1397897F901002246FFF78FFE344B5E
:109680002360002004B0BDE8F0873178F9B995F87F
:1096900000E0B17800299CD0F778BEF1020F4FEAC4
:1096A000071141EA87113FD04BD903273943B76AE5
:1096B00048EA014848F08078002F8DD19F63C3F8B5
:1096C0008870A7E7F968003918BF012195E795F878
:1096D00000E07178BEF1020F4FEA81194FEA0117DD
:1096E00024D029D9032148EA010848EA090848EAB0
:1096F000070848F48078CCE7012A19D00090194671
:10970000EA68606802ABFFF7B7FEDDE90210020409
:1097100042EA006242F0030CA368F06A42F00102E0
:1097200051E741F480312BE70927BFE70921DAE748
:1097300040464FF0030C46E7002914BF09210621DB
:10974000D1E7002F14BF09270627AFE7006F0440B9
:109750005450470030B4436893F91220DB69002A63
:1097600011DB51092E4D02F01F0C2031012404FAA7
:109770000CF445F82140BFF34F8FBFF36F8F294999
:10978000002441F8224093F92420002A11DB5109DA
:10979000234D02F01F0C2031012404FA0CF445F88B
:1097A0002140BFF34F8FBFF36F8F1E49002441F854
:1097B000224093F92520002A11DB5109184D02F0AF
:1097C0001F0C2031012404FA0CF445F82140BFF3AA
:1097D0004F8FBFF36F8F1349002441F822409B6ADB
:1097E000A3B193F90130002B10DB03F01F045A09D9
:1097F0000121A14020320A4C44F82210BFF34F8FC0
:10980000BFF36F8F074A002142F823108268C168B6
:109810000023036030BC184691605363704700BF5B
:1098200000E100E01005002030B4EFF30383103BAB
:109830005BB2184A184C03F1C00152F821006FF3D3
:10984000104042F8210054F82300446894F800C006
:10985000BCF1010F15D1D0E90254AC600024AC6416
:10986000EC642C6552F8215064F3104542F8215005
:109870005A090A4903F01F0360320CFA03F341F856
:109880002230436923B1002230BC1146FFF7B4BD3A
:1098900030BC7047006000401005002000E100E08F
:1098A0001E4B10B4C3600B7803F001034370EFF359
:1098B000108C012484F31088194BD3F8082122F46A
:1098C0008012C3F80821D3F808318CF31088EFF325
:1098D000108C84F310884278D2B9C468237962F37B
:1098E000861323718CF310884A684B78D278C46849
:1098F000D201DB01D2B2DBB26271A3710123E37149
:109900000A780270074B43605DF8044B00207047F3
:10991000C26813796FF3C7131371E3E700E00540E2
:10992000006F044000434144C3684278002023F89C
:1099300012107047EFF31083012282F310884278EF
:10994000C1683AB90A7942F040020A7183F310887B
:10995000002070470A7942F080020A7183F3108870
:1099600000207047EFF31081012383F310884278C1
:1099700042B9C068037962F38613037181F31088DA
:1099800000207047C26813796FF3C713137181F316
:1099900010880020704700BFEFF3108C012383F381
:1099A0001088437873B9C268117963F38611117115
:1099B000117A63F3861111728CF3108800234360CF
:1099C00018467047C3681A796FF3C7121A711A7A6A
:1099D0006FF3C7121A72EFE7F0B5076A8BB006464D
:1099E00067B3BE468C46BEE80F006C460FC4BEE8A7
:1099F0000F000FC49EE8030084E80300BCE80F00DA
:109A00003D460FC5BCE80F000FC59CE803008EE87B
:109A10000300F36938469847336A6BB1EE469C46BB
:109A2000BEE80F00ACE80F00BEE80F00ACE80F0086
:109A30009EE803008CE803000BB0F0BD0F46E8E79A
:109A400030B58BB0EFF30383103B5BB22E4AC033CB
:109A500052F823106FF3104142F82310EFF3038301
:109A6000103B5BB2294A52F8235000212822684655
:109A700007F0DAF86C6894F84D380020DBB284F80F
:109A80004D08ADF80430B4F84218C1F30012C9060D
:109A900038D543F02003ADF80430022394F853285E
:109AA00084F8533894F8523803F01F03D2B2E11807
:109AB00084F8532891F8202860F3820281F8202846
:109AC0002A681268009269466A6A039328460492DB
:109AD000FFF782FFB4F84238DB0611D52B681A690C
:109AE000127D6AB193F91530002B09DB5A09084839
:109AF00003F01F030121403201FA03F340F8223042
:109B00000BB030BD1346DBE70060004010050020BD
:109B100000E100E02DE9F0418AB0EFF30383103B50
:109B20005BB23F4AC03352F823106FF3104142F842
:109B30002310EFF30384103C3A4B66B2002253F833
:109B40002600D0E900E595F8533885F8532895F8B4
:109B5000527807F01F07DBB207F1200285F853386F
:109B6000130104F0FF0455F803C0CCF380718DF8A5
:109B70001910E958DEF810301B7B43EAD17303F06B
:109B800001038DF81830002B46D1CCF38A4305EB46
:109B9000021205939188C1F3030301F00F01082914
:109BA0008DF81A3035D908218DF81A1008AA00232B
:109BB00005EB071808EB030C01339CF806C202F80A
:109BC00001CB8B42F6D3DEF8003003972F4400938D
:109BD000442387F82038002307934FF48063ADF8BF
:109BE00004306946436A0493FFF7F6FEB5F842383D
:109BF000DB070BD5002E09DB76090B4A04F01F04A6
:109C00000123403603FA04F442F826400AB0BDE8C6
:109C1000F0810029CAD1D6E72CF06043B7E700BF36
:109C2000006000401005002000E100E070B58AB03F
:109C3000EFF30383103B5BB2214AC03352F8231089
:109C40006FF3104142F82310EFF30383103B1D4ADA
:109C50005BB2012652F823506C6894F8532884F8BC
:109C6000536894F85238D2B203F01F0384F8532893
:109C70000393E2184FF40063ADF804302B681B68BF
:109C800000936B6A0493002382F82038694682F8B7
:109C900020382846FFF7A0FEB4F842389B070CD5C1
:109CA0002B6893F91730002B07DB5A09064903F09C
:109CB0001F0340329E4041F822600AB070BD00BFD1
:109CC000006000401005002000E100E08268117A89
:109CD00001F00101137AC3F340039942FAD14368BA
:109CE0001978012908D1C16893F810C004484B1EA7
:109CF0009BB240F82C101380F123137200207047A0
:109D0000C40400208268117A01F00101137AC3F3C0
:109D100040039942FAD1F02313720020704700BF2C
:109D2000D0E90223013BF1219BB213800020117284
:109D3000704700BF826892F808C00CF0010C137ADB
:109D4000C3F340039C45FAD14368C16093F810C047
:109D500003484B1E9BB240F82C1013800020704724
:109D6000C40400208268117A01F00101137AC3F360
:109D700040039942FAD143684FF0F40C002182F875
:109D800008C0117393F9123013F1210F03D100238E
:109D90000360184670478B421ADB5A0910B4012140
:109DA0000F4C203203F01F0301FA03F344F8223072
:109DB000BFF34F8FBFF36F8F43680A4A93F9123096
:109DC0005DF8044B42F823000023036018467047F7
:109DD000044A42F82300002303601846704700BF7E
:109DE00000E100E010050020F0B40B7C03F140130B
:109DF00003F500631B02C0E90113EFF31085012393
:109E000083F310880C7C394AC4F10304A340D2F8D0
:109E1000084124EA0303C2F80831D2F8083185F377
:109E20001088826800231372137AC3F3400C9B07D7
:109E3000FAD4CC6982F80AC0E37826780D7A2479BE
:109E400003F00703002E42D1002D47D114734C6854
:109E50004768002696735372631E95729BB2C46066
:109E60003D7C1380224B43F8254091F91230B342D8
:109E700022DB4A7C03F1604404F561441201D2B252
:109E800084F800231B4A1C4C42F8230003F1C00550
:109E90005A0954F82570920002F1604266F31047A7
:109EA00044F8257002F5614203F01F03012404FA0F
:109EB00003F3C2F880311360D1E9054100230F4A52
:109EC0000461C0E905310260F0BC18467047502EAD
:109ED00006BF43F0500365463343B7E785F00205FC
:109EE00043EA0513DBB23546B0E700BF006F04401C
:109EF000C4040020100500200060004054474100C9
:109F000010B4826892F808C00CF0010C137AC3F305
:109F100040039C45FAD14368C468D8698C600078D6
:109F200050280BD11B7C2648013B50F823300BBB3B
:109F300000205DF8044B4B6008707047537AC3F300
:109F400002105B060FD41F4A1F4B126A1B68C2F334
:109F50000264A340C2F30222D3400028E8D080F07C
:109F60000200C340E4E7927A4FF4004302F0070294
:109F7000D340DDE712F8F70CC0F302144006A2F557
:109F8000807216D40F48104A006A1268C0F3026C3F
:109F900002FA0CF2C0F30220C24014B184F00204B1
:109FA000E2400020B2FBF3F35DF8044B4B60087015
:109FB0007047907A4FF4004200F00700C240F0E78B
:109FC000C404002000E001409C050020F0B585B0ED
:109FD000EFF30383103B5BB203F1C0011B4A1C4C3F
:109FE00052F821006FF3104042F8210054F823404A
:109FF000D4E901120978137A0129DBB204D1F421E2
:10A0000003F0F003117213722769B7B1656901AEED
:10A01000CDB195E8070086E807009B0644BF002302
:10A020002B71A3692B602846B84763691BB196E87A
:10A03000070083E80700A268137ADBB203F00F037E
:10A04000137205B0F0BD3546E7E700BF0060004081
:10A0500010050020034600201A689B8A1380704771
:10A0600003681B88C3F3C03300200B70704700BF28
:10A0700003681031002033F811301380704700BF9F
:10A0800043682DE9F041D1E901250C685E69036858
:10A090001FFA84F8A3F804801FFA82F8A3F814804A
:10A0A00022F0405C1FFA85F824F0405E25F040570E
:10A0B0002243A3F808804FEA1C4C3F0C4FEA1E488D
:10A0C00012F0405FA3F80680A3F816C05F8159D153
:10A0D000CA68002A00F0988015892F0522D5D2E998
:10A0E00000C7B2F80A80A3F89050A3F89C80B2F899
:10A0F0000C80A3F89E801FFA8CF8A3F89480CCF310
:10A100000B484FEA1C7CA3F8968083F892C01FFA94
:10A1100087FCA3F898C0C7F30B4C3F0FA3F89AC075
:10A1200083F89370AF051FD40A8AA3F89050A3F860
:10A130008020F27892B11A88BEFA8EF11FFA82FE60
:10A140002EF01F0E0EF11F0E828AAEEB010E1FFACB
:10A150008EFE4EEA0202A3F800E082822B4BC0E999
:10A1600003340020BDE8F081977C92F813C047EAE1
:10A170000C0783F8A670D789128AA3F8A870A3F8F1
:10A18000AA20D1E7224FD7F82080224F3F68C8F39A
:10A19000026C07FA0CFCC8F302181F4F2CFA08FCDB
:10A1A000A7FB0C7C4FEA9C1C1C4F41F2883808FB33
:10A1B0000CFCA7FB0C7C4FEA9C4C0CF1010CBCF195
:10A1C000070F38BF4FF0070C12F080570AD05FFA24
:10A1D0008CF715F0805F83F8DE7040F2011708BF3E
:10A1E0004FF48077920009D55FFA8CFC47F4007732
:10A1F000AA0083F8DFC048BF47F00207CA68BFB2B1
:10A200005F82002A7FF468AF15468DE743444152D0
:10A2100000E001409C050020D34D621083DE1B430B
:10A220002DE9F8430B880C465B0222696669C96810
:10A23000026203F1804303F5B823002203608161C9
:10A240004460C261317962790546A0788F074FEA90
:10A250000223F17843EA403354BF43F0400343F410
:10A260008863002900F0DF8043F42073022A08BFCE
:10A27000764A9BB208BF32F821C0AB8218BF4FF0BC
:10A28000000C2279E178707896F800E0D20342EA77
:10A29000410242EA4010EFF31088012181F3108857
:10A2A0006B4F2288D7F80891C2F1100201FA02F22E
:10A2B00029EA0202C7F80821D7F8082188F3108894
:10A2C00047F6FF572A6880B23B401380A2F810C0BF
:10A2D000D08182F80CE03379980700F1AD8082F8E4
:10A2E0008A3094F90630002B22DB227A03F1604198
:10A2F00001F561411201D2B281F80023554A564955
:10A3000042F8235003F1C0005A0951F8207092001E
:10A3100002F160426FF3104741F8207002F561428C
:10A3200003F01F03012101FA03F3C2F88031136027
:10A3300094F90730002B22DB627A03F1604101F5CA
:10A3400061411201D2B281F80023424A424942F8E7
:10A35000235003F1C0005A0951F82040920002F145
:10A3600060426FF3104441F8204002F5614203F06F
:10A370001F03012101FA03F3C2F88031136096F93B
:10A380000630002B22DB327A03F1604101F5614196
:10A390001201D2B281F800232E4A2F4942F82350ED
:10A3A00003F1C0005A0951F82040920002F16042C6
:10A3B0006FF3104441F8204002F5614203F01F039F
:10A3C000012101FA03F3C2F88031136096F90730D6
:10A3D000002B22DB727A1F4803F1604101F56141D5
:10A3E0001201D2B281F8002340F8235003F1C001DA
:10A3F000194A52F821006FF3104042F821005A091F
:10A40000920002F1604202F5614203F01F03012154
:10A4100001FA03F3C2F880311360104BAB600020E7
:10A420002861BDE8F883002A7FF420AF43F400439D
:10A430009BB2AB82944624E743F0030382F88A3050
:10A44000084600F03DF92A68337948E77C3C010072
:10A45000006F04401005002000600040434441525A
:10A4600070B40021C0E90211436893F906205C69C9
:10A470008A4211DB5309364E203302F01F0C0125AE
:10A4800005FA0CF546F82350BFF34F8FBFF36F8FDB
:10A49000304B43F82210436893F90730002B11DB4F
:10A4A0005A092B4D03F01F0C2032012101FA0CF147
:10A4B00045F82210BFF34F8FBFF36F8F254A00215D
:10A4C00042F8231094F90630002B11DB5A09204D75
:10A4D00003F01F0C2032012101FA0CF145F8221083
:10A4E000BFF34F8FBFF36F8F1A4A002142F823103A
:10A4F00094F90730002B10DB03F01F045A090121E7
:10A50000A1402032124C44F82210BFF34F8FBFF30A
:10A510006F8F104A002142F82310036800221A822C
:10A520001A80EFF31084012383F3108840680A49EE
:10A530000088C0F110008340D1F808010343C1F83E
:10A540000831D1F8083184F31088104670BC704788
:10A5500000E100E010050020006F0440064B0749B1
:10A5600093F826001A6A51F820300549C2F30262B6
:10A57000D3400B60704700BF00E00140B8020020EC
:10A580009C05002038B5434B434C444844494AF2AB
:10A590000355A3F8FE530022424DA0F8002121608C
:10A5A0004FF4004193F82600C4E90151C4E90321A6
:10A5B000196A626154F820203B4DC1F30261CA4020
:10A5C000082009212A6083F8130483F8A21093F865
:10A5D0008024002A55D02F4B002283F8812483F851
:10A5E000802493F8A0208AB193F83620002A3FD027
:10A5F000284A92F8A030D806C3F30011F9D42548B0
:10A6000082F8A01090F8A030D906FBD4214B00228C
:10A6100083F8362093F83C20D207FBD50121002295
:10A6200083F8311083F82620204A1A6293F82620F6
:10A6300054F822001C6A194AC4F30264E0402860FE
:10A640004FF0040C842083F83EC083F83E004FF4A2
:10A65000254083F8D010A3F8FE03A2F80411B2F845
:10A6600004319BB2002BFAD10123A2F8003138BD8E
:10A6700093F83C20D207BBD493F83C20D207F7D5FF
:10A68000B6E7012183F8801440F2C44000F018F8C6
:10A69000A1E700BF00E00140B802002000C0014077
:10A6A000006CDC0200127A009C0500200001011001
:10A6B000704700BFA0F101000028FBD1704700BF28
:10A6C00030B5144D144A00FB01F14FF47A73286839
:10A6D000B2FBF0F2A1FB03C44FF0FF304FF0000ECD
:10A6E00060457EEB040407D3BCFBF2F0800878B130
:10A6F000BDE83040FFF7DEBF9200B1FBF2F1A1FBF5
:10A70000031388427EEB0303F2D308460028EFD1FF
:10A7100030BD00BF9C05002000CA9A3B0B4B70B5B2
:10A72000B3F840510A4E0024ADB225FA04F3DB071A
:10A73000E0B203D556F8243003B198470134102C09
:10A74000F3D1024BA3F8305170BD00BF0060004050
:10A75000CC040020084B10B4084C03F1200C5842E4
:10A76000C21813F8011FC032634544F82210F7D114
:10A770005DF8044B704700BF4C460100006000408C
:10A78000EFF31081012383F31088124B33F810206C
:10A7900092B22AB133F81020013A92B223F8102075
:10A7A00033F810309BB293B90B4A10B4B2F8FE33B1
:10A7B0000A4C9BB234F8100043F4254323EA00030B
:10A7C000A2F8FE3381F310885DF8044B704781F3E3
:10A7D000108870479005002000E00140883C01008F
:10A7E00030B4EFF31081012383F310880E4A32F85E
:10A7F00010309BB26BB90D4C0D4DB4F8FE3335F8EB
:10A8000010C09BB243EA0C0343F425439BB2A4F867
:10A81000FE3332F8103001339BB222F8103081F34E
:10A82000108830BC704700BF9005002000E0014058
:10A83000883C01000B4A08B50346106840B1033359
:10A84000094923F0030303448B4204D8136008BD75
:10A8500006481060F3E706F083F90C2303604FF01D
:10A86000FF3008BD98050020007B0020C81C002098
:10A8700000BE704708B500F005F8FCF7E3FCFEE702
:10A88000704700BF70B5464B464A47484FF47004C6
:10A89000C3F888404AF2025198600123A2F8FE13DF
:10A8A00082B082F81F3492F8B134DB06FBD5002069
:10A8B0004FF425460446A2F8FE63FFF7E1FFFFF7D9
:10A8C00061FE8DF8074001209DF80730FFF788FFF3
:10A8D000EFF31081012585F31088344BD3F8042160
:10A8E00022F00042C3F80421D3F8042181F3108838
:10A8F0002F4A1168C1F300018DF807101168C1F3E8
:10A9000000018DF807101268C2F300028DF80720CD
:10A91000EFF3108185F31088D3F8042142F0004250
:10A92000C3F80421D3F8043181F310882846FFF7D7
:10A9300027FF2846FFF7A4FF1E4B1F499C801F4A94
:10A940001E8099601E49D9604FF48051A2F82011F1
:10A950001C481D4A9D80121A214606F065F91B48C5
:10A960001B4A1C491C4D121A06F03AF91B4B5B1B83
:10A97000A3424FEAA30605DD55F8043B013498478E
:10A98000A642F9DCFFF7EAFD0220FFF779FFFFF7A7
:10A99000E1FE002002B0BDE87040FFF789BE00BFB5
:10A9A00000ED00E000E0014000400000006F0440C6
:10A9B00000080440000D0040007B002000600040C3
:10A9C000007F0020D0020020C81C002000000020D2
:10A9D000B80200203C490100680200209C020020CF
:10A9E000064B074A1B6A1268C3F3026123FA00F0A0
:10A9F0008A4000F0070022FA00F0704700E00140B2
:10AA00009C0500202DE9F04782462DED028B0020A9
:10AA10000C46FFF7E5FF07EE900AB8EE678A28EECE
:10AA2000008A18EE100A05F0E5F9064620460F46A2
:10AA300005F0BEF904460D4602460B46304639463F
:10AA400005F0A2FC50B1BCEEC88A00238AED0B8A47
:10AA50008AF83430BDEC028BBDE8F08700223A4B17
:10AA60003046394605F01EFA8046894602460B46B6
:10AA70002046294605F0A6FC38B14046494605F077
:10AA8000E9FC0223CAF82C00E2E700222F4B3046F3
:10AA9000394605F007FA8046894602460B462046AD
:10AAA000294605F08FFC38B14046494605F0D2FCF6
:10AAB0000423CAF82C00CBE70022254B3046394648
:10AAC00005F0F0F98046894602460B4620462946A5
:10AAD00005F078FC38B14046494605F0BBFC06233A
:10AAE000CAF82C00B4E700221A4B3046394605F06C
:10AAF000D9F98046894602460B462046294605F08C
:10AB000061FC38B14046494605F0A4FC0823CAF868
:10AB10002C009DE70022104B3046394605F0C2F963
:10AB200006460F4602460B462046294605F04AFCDB
:10AB300038B13046394605F08DFC0A23CAF82C009E
:10AB400086E78AF8000085E70000D03F0000B03FAC
:10AB50000000903F0000703F0000503F0022027054
:10AB6000C0E9012280F83520012280F83620DF225A
:10AB7000827770472DE9F04704464FF000081F46E2
:10AB80009DF8283080F8008021730375089B0361CD
:10AB9000099B83610B9B03620C9BDFF84091C0E92A
:10ABA0000938FF238A4643771546002A3ED184F8A8
:10ABB0003520502004F08EFF4FF6FF73A0F842308E
:10ABC00000F12008DF2380F8205080F8215080F821
:10ABD000225080F82350C0E90955C562C0E90E55DE
:10ABE000C0E90C5580F8443080F8453080F840507A
:10ABF00080F84150C0E91255C4F828802022294627
:10AC0000064606F011F8072FA6605AD8314ABAF165
:10AC1000020FD35D114642D099F80000002856D1AA
:10AC2000002B4ED102232777D35548E0012A48D183
:10AC300084F83520242004F04DFF837880F80080CC
:10AC400068F3020383704378C57003F0F80368F378
:10AC500006130646437080F8048080F8058080F86B
:10AC60000680A0621C224146083005F0DDFF012F5E
:10AC7000666026D8184BBAF1020FDA5D194602D089
:10AC800099F8000028B1012A1BD802232777CB5559
:10AC900015E0B2B90222DA552777257011E0012BB1
:10ACA000F3D92777384601F0B3FD3022816A404658
:10ACB00005F096FF384601F0ABFD036BA36101235D
:10ACC0002370002389F800302078BDE8F087012B3D
:10ACD000DAE700BFA2050020A0050020AA05002099
:10ACE000194A70B5002316469C5C1CB95BB204700F
:10ACF000184670BD0133082BF6D1144B1C7814B1E3
:10AD00005D78DDB90124012263B20270F0E7072209
:10AD1000B15C022953B205D0002202700C4A012115
:10AD20001170E5E712F1FF32F2D2022D01D00123BA
:10AD300002E0022C04D000230122EEE70029E6D134
:10AD40004FF0FF33D4E700BFA2050020A00500208C
:10AD5000AA0500202DE9F84F82462DED028B1446FE
:10AD60008B4631B9BDEC028B1146BDE8F84FFFF7B9
:10AD700049BE012939D10820FFF732FE07EE100A3B
:10AD8000B8EE478A28EE008A18EE100A05F032F86D
:10AD9000064620460F4605F00BF804460D460246CF
:10ADA0000B463046394605F0EFFA38B1BCEEC88A9A
:10ADB00000238AED0B8A8AF8343016E000221A4B01
:10ADC0003046394605F06EF88046894602460B4605
:10ADD0002046294605F0F6FA58B14046494605F0A6
:10ADE00039FB8AF834B0CAF82C00BDEC028BBDE800
:10ADF000F88F00224FF07F533046394605F052F865
:10AE000006460F4602460B462046294605F0DAFA6A
:10AE100038B13046394605F01DFB0323CAF82C0033
:10AE2000C9E78AF80000E0E70000E03FF0B52DED4B
:10AE3000028B1E460123F7EE007A9E4287B004463D
:10AE40000F461546B0EE608A037087EE800A3BD845
:10AE5000002A39D14FF0FF31FFF7D4FDB5EEC08A9B
:10AE6000F1EE10FA37DBDFED1D7AB4EEE78AF1EE92
:10AE700010FA30D8D4ED0B7AF8EE677A67EE887A5C
:10AE800017EE900A04F0B6FF0022154B05F034F9D6
:10AE900005F0E0FA206323788BB10F9B04930E9B9F
:10AEA000039394F834300293236B0193E36A009385
:10AEB0002A46334639462046FFF75CFE207020784C
:10AEC00007B0BDEC028BF0BD4FF6FF72294620465D
:10AED000FFF740FFC2E700232370DCE70000C84211
:10AEE000000059401FB590F835303BB901A9806882
:10AEF000FEF7A0FA039805B05DF804FB012B05D11D
:10AF0000406801A90830FEF7FBFFF3E70020F2E7F5
:10AF100010B590F83520034672B9806858B193F89F
:10AF200036302BB1FEF71CFAB0FA80F0400902E08F
:10AF300083680120596610BD012A06D140680028A7
:10AF4000F9D00830FEF7F6FEEEE70020F3E710B583
:10AF500090F836308B421BD090F8352080F83610B0
:10AF6000C2B98368EBB19B6851B1186C012464F3DA
:10AF700015501864186C62F341001864084610BD3F
:10AF80001A6C61F315521A641A6C42F002021A64C8
:10AF90000121F3E7012A04D14168003118BF0121E2
:10AFA000ECE70021EAE738B590F8353004468BB974
:10AFB000806808B9002038BD04F10C01FEF798FA4A
:10AFC0000546A068FEF7B4F90E2D01D0002DF1D191
:10AFD0000120F0E7012BEDD140680028EAD004F110
:10AFE0000C010830FEF700FF054660680830FEF7E8
:10AFF00097FEE9E708B590F835303BB9806820B195
:10B00000FEF78AF9B0FA80F0400908BD012B06D19D
:10B0100040680028F9D00830FEF774FEF2E70020FF
:10B02000F3E708B590F835303BB9806820B1FEF7FA
:10B0300079F9B0FA80F0400908BD012B06D14068CB
:10B040000028F9D00830FEF741FEF2E70020F3E7D0
:10B0500008B590F835303BB9806820B1FEF77AFB2F
:10B06000B0FA80F0400908BD012B06D140680028E5
:10B07000F9D00830FEF776FEF2E70020F3E7FFFF95
:10B0800038B50446FFF7E4FF606838B1237F0C4A07
:10B0900000252421D55404F045FD6560A56875B1EF
:10B0A000237F084AA86C0021D15410B1202104F05C
:10B0B00039FD5021284604F035FD0023A36038BD3A
:10B0C000A0050020A205002010B50446FFF7D8FF18
:10B0D000204610BD01F10C0303608B6803B12033DF
:10B0E00043604B6883607047836823B11868003001
:10B0F00018BF0120704740680028FBD08068F6E741
:10B10000F0B585B004460F46014601A81546FFF785
:10B11000E1FF2046FFF7E8FF064610B12046FFF7A3
:10B1200097FF00F057F82A4601A900F01FF90546DD
:10B1300050B167772EB12046FFF735FF2046FFF765
:10B1400070FF284605B0F0BDDF23A377F2E7FFFFCD
:10B150000028A8BF00F160404FEA0111AEBF00F522
:10B16000614000F00F00034BC9B2ACBF80F8001380
:10B170001954704714ED00E000F1C0020A4B53F877
:10B1800022106FF3104143F8221000F01F02400913
:10B19000800000F1604000F5614001239340C0F859
:10B1A00080310360704700BF006000404309012206
:10B1B00000F01F0002FA00F02033044A42F8230096
:10B1C000BFF34F8FBFF36F8F704700BF00E100E008
:10B1D0007047FFFF38B50A4D2B78BFF35B8F13F034
:10B1E00001040BD1284604F086FC38B1054B2846F3
:10B1F0001C6004F08CFC044802F001FB014838BDDF
:10B20000AC050020B0050020D1B100002AB9304BB8
:10B21000C031012243F821207047012A03D1C031F7
:10B220002B4B0222F6E7022A03D1C031284B03221E
:10B23000F0E7032A03D1C031254B0422EAE7042AB0
:10B2400003D1C031224B0522E4E7052A03D1C031E6
:10B250001F4B0622DEE7062A03D1C0311C4B072212
:10B26000D8E7072A03D1C031194B0822D2E7082AB0
:10B2700003D1C031164B0922CCE7092A03D1C031D2
:10B28000134B0A22C6E70A2A03D1C031104B0B2206
:10B29000C0E70B2A03D1C0310D4B0C22BAE70C2AB0
:10B2A00003D1C0310A4B0D22B4E70D2A03D1C031BE
:10B2B000074B0E22AEE70E2A03D1C031044B0F22FA
:10B2C000A8E70F2AA8D1C031014B1022A2E700BF86
:10B2D0000060004032B91A4BC0315D2243F8212092
:10B2E00001207047012A05D1C031154B652043F874
:10B2F0002100F5E7022A03D1C031114B6D22EDE7A1
:10B30000032A03D1C0310E4B7522E7E7042A03D18B
:10B31000C0310B4B7D22E1E7052A03D1C031084B38
:10B320008522DBE7062A03D1C031054B8D22D5E704
:10B33000072A03D1C031024B9522CFE70020704786
:10B340000060004032B9C031074B1E2243F8212073
:10B3500001207047012A05D1C031034B212043F859
:10B360002100F5E70020704700600040F8B50E4668
:10B3700001681B4B1F29054617469C682CD833686B
:10B3800093F91220213201D00120F8BD72684034B7
:10B3900082B11A7CFFF79EFF0028F5D0326808239F
:10B3A00053742B689374A7B90E4A44F823200133D1
:10B3B0002B60EAE7B2688AB11A7CFFF7C3FF002866
:10B3C000E2D03268082353742B6893740FB9064A8D
:10B3D000EBE744F82370EAE70020D6E71046D4E70D
:10B3E00000ED00E029980000CD9F00002AB9064B2F
:10B3F000C031362243F821207047012AFCD1C031E8
:10B40000014B3B22F6E700BF006000402AB9064B23
:10B41000C031352243F821207047012AFCD1C031C8
:10B42000014B3A22F6E700BF006000402AB9064B04
:10B43000C031372243F821207047012AFCD1C031A6
:10B44000014B3C22F6E700BF006000402AB9064BE2
:10B45000C031382243F821207047012AFCD1C03185
:10B46000014B3D22F6E700BF006000402AB90C4BBB
:10B47000C031992243F821207047012A03D1C031FD
:10B48000074B9F22F6E7022A03D1C031044BA422C6
:10B49000F0E7092AF0D1C031014BA922EAE700BF49
:10B4A000006000402AB90C4BC031982243F821209B
:10B4B0007047012A03D1C031074B9E22F6E7022ACA
:10B4C00003D1C031044BA322F0E7092AF0D1C031E7
:10B4D000014BA822EAE700BF006000402AB90C4BEC
:10B4E000C0319A2243F821207047012A03D1C0318C
:10B4F000074BA022F6E7022A03D1C031044BA52254
:10B50000F0E7092AF0D1C031014BAA22EAE700BFD7
:10B51000006000402AB90C4BC0319B2243F8212027
:10B520007047012A03D1C031074BA122F6E7022A56
:10B5300003D1C031044BA622F0E7092AF0D1C03173
:10B54000014BAB22EAE700BF006000402AB9064B7E
:10B55000C031AE2243F821207047012AFCD1C0310E
:10B56000014BB322F6E700BF006000402AB9064B4A
:10B57000C031AD2243F821207047012AFCD1C031EF
:10B58000014BB222F6E700BF006000402AB9064B2B
:10B59000C031B12243F821207047012AFCD1C031CB
:10B5A000014BB622F6E700BF006000402AB9064B07
:10B5B000C031B02243F821207047012AFCD1C031AC
:10B5C000014BB522F6E700BF006000402DE9F84FBF
:10B5D000B44B9F6803681F2B0446154603D900200F
:10B5E00062B6BDE8F88F403772B6012940F090800E
:10B5F000002AF4D09368213340F0888003681268F1
:10B600001A441F2AEBD86A68DFF8B48247F823206F
:10B61000C033332248F8232090F90000FFF7C6FD1D
:10B6200094F90030C0330C2158F823206FF31042F6
:10B6300048F8232094F90000FFF78AFD94F90000F0
:10B64000FFF79AFD2368AB605A1C69682260C1331A
:10B6500047F82210342248F8232094F90000FFF71D
:10B66000A5FD94F90030C0330C2158F823206FF366
:10B67000104248F8232094F90000FFF769FD94F97F
:10B680000000FFF779FD236869685A1CC133226006
:10B6900047F82210312248F8232094F90000FFF7E0
:10B6A00085FD94F90030C0330C2158F823206FF346
:10B6B000104248F8232094F90000FFF749FD94F95F
:10B6C0000000FFF759FD236869685A1CC1332260E6
:10B6D00047F82210322248F8232094F90000FFF79F
:10B6E00065FD94F90030C0330C2158F823206FF326
:10B6F000104248F8232094F90000FFF729FD94F93F
:10B700000000FFF739FD236801332360012067E75C
:10B7100002290DD1002A3FF462AF93682133F5D19D
:10B720000068136818441F288CBF0020012057E7C9
:10B73000032911D1002A3FF452AF92F9123021337C
:10B74000E4D10E2353740168574B917447F82130AC
:10B75000127CFFF7F7FDD6E7042949D1002A3FF410
:10B760003EAF92F90730213331D101680B1D202BF8
:10B770003FF635AF0C264D4BD171967147F821300D
:10B780001278FFF773FE0168494B0131016069725D
:10B790002E7247F821302A78FFF7A0FE0168454B4A
:10B7A0000131016069712E7147F821302A78FFF765
:10B7B00079FE0168404B01310160AE72E97247F8D1
:10B7C00021302A78FFF7A6FE03680133036095F95C
:10B7D0000700FFF7D1FC95F90900FFF7CDFC95F9BB
:10B7E0000500FFF7C9FC95F90B00FFF7C5FC8DE7D5
:10B7F000002940F09480002A3FF4F1AE137A3BBB5D
:10B80000126892F90D3021331ED10C231373036893
:10B8100053732A4A47F82320C033294A262142F885
:10B8200023102B68686893F90D101B7B01F16042AF
:10B830001B0102F56142DBB282F80033214B43F871
:10B8400021002368013323602B6893F90D00CCE7B6
:10B85000012B39D1126892F90F3021331ED10C23FC
:10B8600093730368D373154A47F82320C033144AEF
:10B87000272142F823102B68686893F90F109B7BEF
:10B8800001F160421B0102F56142DBB282F8003334
:10B890000C4B43F821002368013323602B6893F994
:10B8A0000F00A2E700ED00E0CD9F0000757E0000D4
:10B8B000E5800000617F000025810000798600009E
:10B8C0000060004010050020022B7FF488AE126853
:10B8D00092F9113021331ED10C2313740368537471
:10B8E000A84A47F82320C033A74A282142F823104A
:10B8F0002B68686893F911101B7C01F160421B01F1
:10B9000002F56142DBB282F80033A04B43F821001C
:10B910002368013323602B6893F9110065E705293B
:10B9200073D1002A3FF45BAE16680C23737396F94B
:10B930000F30213348D101680B1D202B3FF64FAE4D
:10B94000F1733278DFF87882DFF84092FFF74EFD2E
:10B9500090F9003008EB03024FF0C00A82F800A310
:10B96000016849F8236001312B680160B1731A78CE
:10B97000FFF74CFD90F9003008EB030282F800A3BA
:10B98000016849F8236001312B68016031741A782D
:10B99000FFF74CFD90F9003008EB030282F800A39A
:10B9A000016849F8236001312B68016071741A78CD
:10B9B000FFF74CFD90F90030984488F800A349F84F
:10B9C000236003680133036096F90F00704B47F85A
:10B9D000203096F90E306F4A47F8232096F9103040
:10B9E0006D4A47F8232096F911306C4A47F8232016
:10B9F000FFF7C2FB96F90E00FFF7BEFB96F91000A9
:10BA0000FFF7BAFB96F91100EFE6062956D1002A96
:10BA10003FF4E5AD16680C23737396F90F302133AC
:10BA200041D10168CB1C202B3FF6D9AD5C4BF173A3
:10BA300047F821303278DFF88881DFF85091FFF73E
:10BA400015FD90F9003008EB03024FF0C00A82F8B0
:10BA500000A3016849F823600131524B0160B173C2
:10BA600047F821302B681A78FFF71CFD90F9003059
:10BA700008EB030282F800A3016849F82360013152
:10BA8000494B0160317447F821302B681A78FFF771
:10BA900025FD90F90030984488F800A349F8236008
:10BAA00003680133036096F90F00FFF765FB96F911
:10BAB0000E00FFF761FB96F9100096E607294CD1BE
:10BAC000002A3FF48CAD556840F60C432B8295F963
:10BAD0000D30213320D101680B1D202B3FF67FADA7
:10BAE00069732A78FFF782FC0168013101602A78C6
:10BAF0002973FFF78BFC0168013101602A78A97373
:10BB0000FFF794FC0168013101602A78E973FFF7BF
:10BB10009DFC03680133036095F90D00234B47F842
:10BB2000203095F90C30224A47F8232095F90E3041
:10BB3000204A47F8232095F90F301F4A47F8232061
:10BB4000FFF71AFB95F90C00FFF716FB95F90E00AD
:10BB5000FFF712FB95F90F0047E6082932D1002ABA
:10BB60003FF43DAD92F9023021337FF4CFAD0C2389
:10BB700053700168114B917047F821301278FFF72C
:10BB800045FBC0E5E1860000006000401005002094
:10BB9000BD8F0000818E0000A99000006D91000013
:10BBA000F1830000D183000089850000798A0000BC
:10BBB0004D890000218B0000B58B0000AD92000084
:10BBC00000E100E0092978D1002A3FF408AD566869
:10BBD00096F90230213365D101680B1D202B3FF609
:10BBE000FEAC92F808A0AC4BD2F80090B1704FF0C8
:10BBF000060B86F806B0524647F82130FFF7A6FC40
:10BC0000A64D96F90220B379DFF8BC82A9181B0172
:10BC1000DBB281F800330168A14B48F82290013172
:10BC200001605246717086F805B047F82130FFF781
:10BC30009DFC96F901207379A9181B01DBB281F8EC
:10BC400000330168974B48F8229001310160524659
:10BC5000317186F808B047F82130FFF7A7FC96F954
:10BC60000420337AA9181B01DBB281F80033016884
:10BC70008D4B48F82290013101605246F17086F8F0
:10BC800007B047F82130FFF781FC96F90320F379DC
:10BC900015441B01DBB285F80033036848F8229095
:10BCA0000133036096F90200FFF766FA96F9010086
:10BCB000FFF762FA96F9040097E50A297CD1002A79
:10BCC0003FF48DAC566896F90230213365D1016896
:10BCD0000B1D202B3FF683AC92F808A0734BD2F8D3
:10BCE0000090B1704FF0060B86F806B0524647F848
:10BCF0002130FFF7BBFB694D96F90220B379DFF8DD
:10BD0000C881A9181B01DBB281F800330168684BB8
:10BD100048F82290013101605246717086F805B0F2
:10BD200047F82130FFF7BEFB96F901207379A91877
:10BD30001B01DBB281F8003301685E4B48F82290AA
:10BD4000013101605246317186F808B047F8213060
:10BD5000FFF7E0FB96F90420337AA9181B01DBB248
:10BD600081F800330168544B48F82290013101609A
:10BD70005246F17086F807B047F82130FFF7AEFB66
:10BD800096F90320F37915441B01DBB285F80033E3
:10BD9000036848F822900133036096F90200FFF728
:10BDA000EBF996F90100FFF7E7F996F90400FFF7C0
:10BDB000E3F996F9030018E50B297FF410AC002A8B
:10BDC0003FF40DACD2E900150C232B7595F9153015
:10BDD000213356D10368DA1C202A3FF600AC374ADB
:10BDE0006B7547F823202A6822B9C033344A4A20A9
:10BDF00042F8230095F915002B7D324E00F1604288
:10BE000002F561421B01DBB282F8003322682E4B3F
:10BE100043F82010501C2060A87547F8206028685F
:10BE200020B9C13226484D2640F8226095F91660A7
:10BE30002A7D06F1604000F561401201D2B280F81F
:10BE40000023226843F82610501C204E2060E8751D
:10BE500047F82060286820B9C13219484E2640F8BA
:10BE6000226095F917602A7D06F16040120100F505
:10BE70006140D2B280F8002343F8261023680133D2
:10BE8000236095F91500FFF777F995F91600FFF78C
:10BE900073F995F91700A8E4CD73000000E100E004
:10BEA0003173000085750000A5740000DD8100007D
:10BEB00045820000F5820000B9820000419A00002E
:10BEC00000600040159B0000100500202D9C000024
:10BED00008B53C220021024804F0A6FE08BD00BFC0
:10BEE000B405002070B50024064D264655F8240000
:10BEF00020B12C2103F016FE45F8246001340F2CEC
:10BF0000F4D170BDB40500200020704701207047B7
:10BF1000036840F213421B6A184790F83D34002B27
:10BF2000FBD07047D0F82C322BB1D0F8283218440F
:10BF300090F8240070474FF0FF30704713B5044667
:10BF400090F8A8048DF80710002378B184F83C34E9
:10BF5000012284F83D340DF1070104F58860FBF7F8
:10BF60007FFB94F83C34002BFBD0012002B010BDC5
:10BF70000023C0F82432C0F82832C0F82C32C0F8B0
:10BF80003034C0F83434C0F8383400F58860FBF73A
:10BF9000E1BB036813B962B6BFF36F8F704713B587
:10BFA000EFF3108300930123019372B6019B5A1E95
:10BFB00001923BB1D0F82C426846FFF7EAFF2046D9
:10BFC00002B010BD6846FFF7E4FF4FF0FF34F6E71C
:10BFD0000268224B53F8223013B54BB10279042A80
:10BFE0000CD0802A06D0022A02D1012283F83D24F7
:10BFF00002B010BD012283F83C24F9E7D3F82C22CB
:10C00000B2F5007FF4D0007AEFF3108200920122A3
:10C01000019272B6019A013A511C1AD0D3F82C122F
:10C02000B1F5007F02F1FF3411D0D3F82412194486
:10C0300081F82400D3F824120131C1F30801C3F8B8
:10C040002412D3F82C120131C3F82C12E3E7224654
:10C05000E2E768460192FFF79CFFC9E7F005002080
:10C0600013B5EFF3108300930123019372B6019B84
:10C070005A1E0192E3B1D0F82C32B3B1D0F8283275
:10C08000034493F82440D0F828320133C3F3080363
:10C09000C0F82832D0F82C32013BC0F82C32684668
:10C0A000FFF777FF204602B010BD4FF0FF34F6E7F0
:10C0B0006846FFF76EFF4FF0FF34F3E738B50446EC
:10C0C00000254FF47A70C4E90150A3611848049B1D
:10C0D000E361C4E90412206029464FF4007204F1C0
:10C0E000240004F0A1FDC4F824524FF40072C4F8F7
:10C0F00028522946C4F82C5204F50C7004F094FD23
:10C100000123C4F83054C4F83454C4F8385484F8C3
:10C110003C3484F83D34DF2384F8A85484F8773421
:10C1200084F8793484F8753484F87B34204638BD3B
:10C13000983C010010B50C46FFF74CF8224604214C
:10C14000BDE81040FFF742BAF0B50369002B85B097
:10C15000044602DA002005B0F0BD4269002AF9DB8E
:10C160008B42F7DA8A42F5DAD9B20022684602AE8B
:10C1700003F040FC0122217D304603F03BFC00220D
:10C180003DF812500021AB11002D45D036F81200B9
:10C19000002841D036F8110083EA9017FF063BD102
:10C1A00003F01F0323620028D4D0092BD2DC15F43E
:10C1B000F04F23691C4E0CBF4FF080624FF0A0621D
:10C1C00036F8331010F4F04F42F4803217480CBFA9
:10C1D0004FF080654FF0A065FCF70CFB63691348D6
:10C1E00036F8331045F480352A46FCF703FBA36983
:10C1F0005A1C0FD0E26901320CD036F833100B48CC
:10C200002A46FCF7F7FAE369084836F833102A465D
:10C21000FCF7F0FA01209EE701310329B4D1013285
:10C22000032AADD196E700BF183B0100841C002013
:10C230002DE9F04104460E461546FBF708F8014685
:10C240002046FFF781FF84F8A804002800F0BD8095
:10C2500094F891145E4B226A6FF3010184F89114F3
:10C26000192143F82240A4F8921494F89034012143
:10C2700084F895140F2103F0E70384F89C144FF61B
:10C28000FF7143F04003A4F89E14A1696FF3820389
:10C2900084F8903404F592670023013184F89434D3
:10C2A00084F89634C4F8987484F8A03405D0E16911
:10C2B00001311CBF082184F8A01484F8702404F212
:10C2C0009442C4F88C2440F213424FF6FF71954219
:10C2D00084F8A23484F8A334A4F8A414C4F88834ED
:10C2E000C4F88034C4F87C343ED02DD840F21142DA
:10C2F000954248D040F2124295424AD0354BC4F89C
:10C30000843404F58E6841462046FFF713FF94F805
:10C31000A834184084F8A80401213B4640F6B832FE
:10C320003046FBF7E5FC94F8931429B93B4640F6F8
:10C33000B8323046FBF7DCFC04F5886541462846F8
:10C34000FBF7B2FA78B3FEE740F23242954225D0CD
:10C3500040F2334295420FD040F231439D42CDD15D
:10C36000022384F871340AE0022284F8712484F8EC
:10C37000723484F87334C1E7022284F8712484F89B
:10C3800072340123F5E7022284F8712484F87224C0
:10C39000EFE7022284F871240322F7E7022384F8EE
:10C3A00071340323EBE739462846FBF7B1F900B1B6
:10C3B000FEE7C4F82402C4F82802C4F82C02C4F82A
:10C3C0003004C4F83404C4F83804BDE8F08100BF78
:10C3D000F0050020D1BF000030B58C18A14208D074
:10C3E000D0F8603411F8015BDD701D796D07FCD564
:10C3F000F4E7104630BDFFFF07B54FF0FF33009361
:10C40000172216210248FFF759FE03B05DF804FB1E
:10C410001806002007B54FF0FF33009300220121DA
:10C420000248FFF74BFE03B05DF804FBC40A00208E
:10C4300007B54FF0FF330093192218210248FFF788
:10C440003DFE03B05DF804FB700F00200148FEF7CD
:10C4500085BB00BF1C1400200148FEF735BE00BF9D
:10C460001C140020F8B5094F054600240126AA6CCB
:10C4700006FA04F3134205D007EB440261B22846E2
:10C48000FDF7F6FD01341D2CF1D1F8BD601400203C
:10C49000837870B5044683B90E4D2A68AAB1038823
:10C4A0003BB90D48FFF7DEFF2B682078BDE87040F0
:10C4B0001847012BF8D10948F4E7012B05D00A2BC6
:10C4C00004D1074B1B68002BEFD170BD0B2BFCD1A7
:10C4D000044BF7E7541400209C140020F8140020AB
:10C4E000581400205C140020F0B5044685B00028E4
:10C4F00043D0002380F83230C1F38415836C0127C8
:10C5000007FA05F21343836400F13001FDF788FE5A
:10C5100004AE04F148012046FDF7B2FD2046FDF7C8
:10C5200099FD06F8047D9DF80C30012B04D13146AD
:10C530002046FDF795FDF6E70DF10E02294620464F
:10C54000FDF796FD0E4BBDF80E0093F83330052B2A
:10C550009CBF0C4AD2560C4B1B684FF0010101FAEC
:10C5600003F388BF00220093002301FA02F2194668
:10C5700000F098F980B205B0F0BD4FF0FF30FAE757
:10C580009C140020C43C01007400002013B50A2252
:10C590000C46C1B2684603F02DFABDF800205AB12E
:10C5A000064B074902F4F040B0F5006F0CBF184687
:10C5B0000846228002B010BD1046FAE7F8140020A9
:10C5C0009C140020F0B5012680F82560C0E90F23F7
:10C5D000022600F12403002540F60C4780F826606F
:10C5E0000186DF26032143644FF4C05380F82450B2
:10C5F00080F8275080F8285080F8295080F82A6069
:10C6000080F82B60878580F8325080F8331080F8EE
:10C61000345080F8355080F8366080F837600787EE
:10C62000C0E91255C0E91455A0F85850A0F85A3086
:10C63000F0BD10B50446406D10B1142103F072FA3C
:10C64000204610BD37B50D28044602A998BF0E3408
:10C65000002321F8023D2046FFF798FF074B0546CF
:10C660004FF4004133F8340001F0CCF8BDF8061067
:10C670002846FFF739FF03B030BD00BF183B01006B
:10C68000042838B598BF104B104C98BF1D5CA368A8
:10C6900088BF002513B12046FDF7E2FE0C4984F85F
:10C6A00028500C4CA1F13000FDF7BAFDA36813B17E
:10C6B0002046FDF7D5FE084984F82850A1F1300046
:10C6C000BDE83840FDF7ACBDCA3C01009C14002019
:10C6D000CC140020F814002028150020FFFFFFFFD5
:10C6E0002DE9F04D3C4B93F82830192B2DED028BA2
:10C6F0006BD057D8012B62D0022B63D0374CD4EDCE
:10C70000007AF5EE407AF1EE10FA48D10020FFF7FA
:10C71000B7FF052001F086F80FF2B40BDBE900ABA0
:10C720009FED2F8ADFF8C0800A251420FFF78AFFCB
:10C7300007EE900AF8EEE77A67EE887A17EE900A2D
:10C7400003F058FB52465B4603F0ACFBD8F80030D0
:10C750000646012098400F4603F03AFB02460B467E
:10C760003046394603F0C8FC064620680F4603F001
:10C7700041FB02460B463046394603F0DDF903F033
:10C7800089FE013D07EE900A2060CED1F2EE046AE8
:10C7900087EEA67A052084ED007AFFF771FF94ED0D
:10C7A000000A08E01D2B04D01F2BA7D1B0EE040A0D
:10C7B00001E0B0EE000ABDEC028BBDE8F08D9FED0C
:10C7C000090AF8E79FED060AF5E7B7EE080AF2E76F
:10C7D000295C8FC2F5A820409C140020541500202D
:10C7E0003D0AB73F0000C07F74000020A0F108019F
:10C7F0000829064A04D840F25513CB40DB0702D47F
:10C800000023136070471060704700BF7400002061
:10C8100030B5094B53F8144B00218C4207D053F824
:10C82000042F92F82450A84202D00131F5E70022EB
:10C8300002F1080030BD00BF5815002038B50E4C7D
:10C840000E4D0F48002322461946FFF7BBFE00237A
:10C8500001210C48FFF7B6FE28460024214640F887
:10C86000044B142204F0E0F95022214605F118008F
:10C8700004F0DAF938BD00BF91C40000581500205B
:10C880009C140020F814002008B50448FFF7D1FEDE
:10C890000348BDE80840FFF7CCBE00BFF8140020F5
:10C8A0009C14002010B5029C401AE41A6043521AEE
:10C8B00090FBF2F0184410BD2DE9F04F027D012AE3
:10C8C00085B005460F4640F0978000214FF0FF3BB2
:10C8D00004460B465E4694F804C048B2BCF1000F13
:10C8E0007CD194F805C0BCF1000F77D1B6F1FF3FC1
:10C8F0001BBF01335BB201233046934201DD1A4670
:10C9000083460131082904F1020465D1002402EBB9
:10C910000B03A1460293CB4502DC029B4B4560DC36
:10C920006E7995F804A04FEA26180AF00F035FFA13
:10C9300088F25FEA2A1A019206F00F0677D05FFAB2
:10C940008AF1BAF1090FCABF5731303149B23846BE
:10C95000039300F0D8F8039B0444092B8ABF03F12A
:10C96000570103F1300149B23846039300F0CBF888
:10C970000444BAF1000F04D1039B13B9B8F1000FBE
:10C980000DD0019BB8F1090FD4BF03F1300803F1BA
:10C9900057084FFA88F1384600F0B5F80444092EDC
:10C9A0008ABF573606F1300171B2384600F0ABF855
:10C9B000B9F1070F044404D03A21384600F0A3F837
:10C9C000044409F10109B9F1080F05F10205A2D1EA
:10C9D000204605B0BDE8F08F06467CE74FF0FF30FB
:10C9E0008FE7CB45EDD1BBF1000FE5D13A213846B9
:10C9F00000F089F80444DFE700F1100600F11309A4
:10CA0000002416F8011B0A22384600F0ABF82E214C
:10CA10008046384600F077F8B14540440444F0D1F0
:10CA20000A22E97C384600F09DF80444D0E7002B48
:10CA300093D1A3E710B5054B03600446017510229E
:10CA40000021043004F0F0F8204610BDD83C01006D
:10CA5000F8B50F461D460021084B036004461646F4
:10CA600001751022043004F0DFF89DF818302774A7
:10CA70006674A574E3742046F8BD00BFD83C01007D
:10CA800007B501210648FFF7D5FF002300931A469A
:10CA900019460448FFF7DCFF03B05DF804FB00BF54
:10CAA000C0150020D81500202DE9F04106460D469E
:10CAB00001EB02080C464445A4EB050707D0336898
:10CAC00014F8011B1B68304698470028F3D13846FC
:10CAD000BDE8F08170B50368044608460D465E68FF
:10CAE00004F04CFE2946024633462046BDE870401D
:10CAF000184709B1FFF7EEBF0846704703688A6818
:10CB00005B68096818470368C9B21B68184770B5A5
:10CB10008AB00E460AA9002301F8043D012A98BFF5
:10CB20000A22B6FBF2F502FB1564E3B264B2092CEB
:10CB3000D4BF303337335BB22E4601F8013D002DB0
:10CB4000EFD1FFF7D6FF0AB070BD10B42AB9036861
:10CB50005DF8044B1B68C9B21847D2B25DF8044BAC
:10CB6000FFF7D5BFFFF7F1BF10B50446006808B165
:10CB700004F01CF8204610BD10B50446006808B14A
:10CB800004F014F800232360C4E9013310BD38B564
:10CB900004460D460068013104F06AFD10B1C4E995
:10CBA0000005012038BD036810B5044623B1436871
:10CBB0008B4201D3012010BD2046FFF7E8FF00287B
:10CBC000F9D0A368002BF5D122681370F3E770B594
:10CBD0000E46114604461546FFF7E5FF20B92046EC
:10CBE000FFF7CAFF204670BD2A463146A56020687F
:10CBF00003F0F6FF2268A3680021D154F2E738B5AC
:10CC000000230446C0E9003383600D4639B108466D
:10CC100004F0B4FD294602462046FFF7D8FF20461F
:10CC200038BD38B5054608460C4604F0A7FD214638
:10CC300002462846BDE83840FFF7C9BF10B5044694
:10CC40008AB00023C4E90033A360084601A900F0BC
:10CC500069FD204601A9FFF7E4FF20460AB010BD98
:10CC6000884210B50B46044604D0096821B19A6881
:10CC7000FFF7ADFF204610BDFFF77EFFFAE710B5C6
:10CC800000230446C0E900338360FFF7E9FF204634
:10CC900010BD10B5044619B1FFF7C3FF204610BD03
:10CCA000FFF76AFFFAE72DE9F04105461746884687
:10CCB00019B900263046BDE8F0819AB18468144461
:10CCC0002146FFF770FF06460028F2D0AB682868BF
:10CCD0003A461844414603F083FF2B68AC600022BB
:10CCE0001A55E7E70126E5E78A680968FFF7DBBF21
:10CCF00038B5054608460C4604F040FD214602467C
:10CD00002846BDE83840FFF7CEBF09B1FFF7F0BFB6
:10CD10000846704707B502AB012203F8011D19460A
:10CD2000FFF7C1FF03B05DF804FB10B5044621B95D
:10CD30002046FFF721FF204610BDFFF7E6FF002841
:10CD4000F6D0F8E708B58A68836893420BD3006889
:10CD500040B1096849B19B1A184404F005FDB0FAC6
:10CD600080F0400908BD0020FCE70846FAE7836828
:10CD70008B4203D9006810B14056704700207047BD
:10CD8000F8B515468A6806460F46CAB18368BBB136
:10CD90009A4215D8AB42006898BF03F1FF354FF0B7
:10CDA000FF3433682B4498420CD8396804F0EEFC09
:10CDB00040B13368C31AAB4298BF1C460130F0E75C
:10CDC0004FF0FF342046F8BD82688B68D21AFFF717
:10CDD000D7BFFFFFF8B59A420F461D460C4988BFE2
:10CDE00013461446064684BF2C461D46FFF707FF30
:10CDF000BA68A2420AD93968AA4294BFC4EB0202B7
:10CE0000C4EB050221443046FFF7E1FE3046F8BD91
:10CE1000FE39010070B5056806461DB383680BB383
:10CE200095F900006C1C03F0A1FE60B9B468621EA5
:10CE30003468144494F9000003F098FE28B1A54228
:10CE400003D8013CF6E72546EAE73068621C521B2E
:10CE5000A842B26002D2294603F0CDFE3268B36820
:10CE60000021D15470BDFFFF0F4B10494AF202520E
:10CE7000A3F8FE230E4A11604FF42542A3F8FE23C7
:10CE800003F5E4231A886FF304121A80BFF34F8F5F
:10CE90000849094BCA6802F4E0621343CB60BFF350
:10CEA0004F8F00BFFDE700BF00E0014035817307F1
:10CEB00000E5014000ED00E00400FA05F8B5184B6C
:10CEC0001B780546144646184BB11146154804F028
:10CED000B7FB154804F0B4FBAC4212D22C46134801
:10CEE000134D114F04F0ACFB0F4804F0A9FBB44202
:10CEF0000BD3104804F0A4FB0B48BDE8F84004F045
:10CF00009FBBB44228BF3446E9E722682146284641
:10CF100004F096FB384604F093FB0434E7E700BFC7
:10CF2000E0160020484401006D44010070440100F7
:10CF300095440100D53D010008B50F4B0F4918601D
:10CF40000F4B1A600F4B104A1A60104B9B1A104A75
:10CF50001360104A1160104A521A10490A603BB916
:10CF60000F4804F06DFB0F48BDE8084004F068BBB3
:10CF70000D4B01221A7008BD8816002000400000E9
:10CF8000E416002094160020007B0020007F002083
:10CF900090160020841600203449010080160020DD
:10CFA000E64301006D4401008C16002008B5064BD5
:10CFB00006481A68064B196804F042FB0548BDE8AC
:10CFC000084004F03DBB00BFE4160020C34301004D
:10CFD000881600206D440100304B2DE9F04F1C688D
:10CFE0002F4BD3F800E02F4B1D782F4B1E782F4B83
:10CFF0001F682F4B1B688B4607EB030CDDB1CEB9C6
:10D000002C4B99695B690160013BBB4215D36345B9
:10D0100013D8BBF1010F10D943600223A64426B1F7
:10D02000944203D8724528BF724614460437DFF88D
:10D0300088802EE000252B46F0E735460123EDE7FA
:10D040002268D10724D5561EB74221D866451FD87D
:10D050000F2B1DD832F8059C32F8032C02EA080A7F
:10D06000BAF5784F04D109EA0809B9F5704F04D030
:10D0700002F47F42B2F58E4F0AD15B4508D2022BF3
:10D0800003D115B14268B24202D040F823600133A7
:10D0900004347445D4D31846BDE8F08F94160020AC
:10D0A0009016002098160020E0160020841600201C
:10D0B000801600209C16002000F8FFFF2DE9F043A9
:10D0C00091B0044640220021684603F0ADFD22469F
:10D0D00010216846FFF780FF164FDFF87080064684
:10D0E00000244FF02009B44213D1FCB1114B124976
:10D0F0001248096804EBC4041C44002204F8012C03
:10D100000F4A04F09DFA0F4804F09AFA11B0BDE8F6
:10D11000F08304EBC4053D445DF8242041462846D5
:10D1200004F002FB013485F80890DCE7064804F0BF
:10D1300087FAE8E7F015002088160020BB440100BC
:10D14000B64401006D440100F8440100B044010000
:10D150002DE9F0410D4B1B7886B006460D4643B9CC
:10D160000B4A0C490C4804F06BFA0C4804F068FABE
:10D17000FEE70B4B1A78BAB1054A0A49064804F093
:10D180005FFA064804F05CFAFEE700BF8C16002048
:10D19000DC3C0100EF3C0100F73C01006D44010064
:10D1A00098160020153D0100A64AA7481468A74A12
:10D1B000A74FD2F8008001221A7004F041FAA54866
:10D1C00004F03EFAFFF7F2FEA34804F039FAA14852
:10D1D00004F036FAF6064CBF05F1200605F16806A4
:10D1E000B44203D804EB0803B34201D201233B70DD
:10D1F000204632464146FFF761FE3B78974C002BB4
:10D200003DD1974804F01CFA924804F019FA2F69AE
:10D2100027616F692A686B68A968E8686761AF6908
:10D22000ED6922606360A160E060A761E561049040
:10D230008C48CDE902108C498C48CDE900318C4BEB
:10D240008C4904F0FDF9834804F0FAF9E36904938A
:10D25000894B0393A3690293884B019363690093FD
:10D260002269874B8749814804F0EAF9794804F03C
:10D27000E7F9854804F0E4F9764804F0E1F9834BD6
:10D28000834A1B682362834B1B7884F82430824BCB
:10D290001B68A362814B1B7884F82C30804B1B6881
:10D2A0002363804B1B88A3867F4B1B681288E26335
:10D2B0007E4AA363128822649D0705D57C4804F04A
:10D2C000BFF9644804F0BCF994F83B30580640F1CB
:10D2D000278194F82430002B3CD0D90705D5754818
:10D2E00004F0AEF95B4804F0ABF994F824309A07E7
:10D2F00005D5714804F0A4F9564804F0A1F994F852
:10D3000024301B0705D56D4804F09AF9514804F004
:10D3100097F994F82430DF0605D5694804F090F9B0
:10D320004C4804F08DF994F824309D0605D56548E5
:10D3300004F086F9474804F083F994F8243018067D
:10D3400008D5990706D0A16A5F4804F079F94148E9
:10D3500004F076F994F82C30002B46D0DA0705D586
:10D360005A4804F06DF93B4804F06AF994F82C30FF
:10D370009B0705D5564804F063F9364804F060F978
:10D3800094F82C305F0705D5524804F059F931481C
:10D3900004F056F994F82C301D0705D54E4804F0DA
:10D3A0004FF92C4804F04CF994F82C30D80605D5E8
:10D3B0004A4804F045F9274804F042F994F82C3023
:10D3C000990605D5464804F03BF9224804F038F99F
:10D3D00094F82C301A0608D59F0706D5216B4148D2
:10D3E00004F02EF91B4804F02BF9A38E002B00F05B
:10D3F000978094F83430DD0705D53B4804F020F9D8
:10D40000144804F01DF994F83430980705D53748CE
:10D4100004F016F90F4804F013F994F83430590762
:10D4200005D5334804F00CF90A4804F009F994F8DA
:10D4300034301A0760D52F4804F002F9054804F08B
:10D44000FFF859E0941600206E4401009016002069
:10D45000E01600206D4401001F3D01009C160020D5
:10D46000533D01001D45010021450100923D010091
:10D4700015450100194501002D4501003145010008
:10D480002545010029450100BB3D010024ED00E0D8
:10D4900030ED00E028ED00E034ED00E029ED00E0A3
:10D4A00038ED00E02AED00E02CED00E03CED00E07E
:10D4B000FA3D0100263E0100683E0100A33E010046
:10D4C000D93E01000D3F0100593F01008E3F010090
:10D4D000C23F0100F73F01002E400100564001000D
:10D4E0007C400100BA400100E140010027410100F9
:10D4F00073410100D241010094F83530DB0705D5B6
:10D50000274804F09DF8274804F09AF894F835303D
:10D510009F0705D5244804F093F8224804F090F8BA
:10D5200094F93B30002B34DAE36B002B31D094F8C4
:10D530003C30DD0705D51D4804F082F8194804F099
:10D540007FF894F83C30980705D5194804F078F82E
:10D55000144804F075F894F83C30590705D515487F
:10D5600004F06EF80F4804F06BF894F83C301A079A
:10D5700005D5114804F064F80A4804F061F894F8FD
:10D580003C30DB0605D50D4804F05AF8054804F098
:10D5900057F8304606B0BDE8F041FFF78FBD00BF39
:10D5A000194201006D4401006B420100D5420100A7
:10D5B0000543010038430100644301009343010027
:10D5C00070466946FFF7C4FDFEE7FFFF73B500250F
:10D5D000044680F830500D2268460E4602F00AFAE2
:10D5E000BDF800306363C3F3841203F4F043B3F572
:10D5F000006F84F838602574E5746574A5746575EA
:10D6000022750CD004F11003A361064BE361064BB5
:10D610002362064B6362064BA362064BE36220461D
:10D6200002B070BDA19800009999000029990000EE
:10D6300035990000659900000E210148FFF7C6BF2B
:10D64000E8160020042911D8DFE801F0030C0A03D2
:10D650000E000022064B33F830100020FBF7CAB84A
:10D660001022F7E70422F5E78422F3E7704700BFB2
:10D67000183B0100044B0A1C18BF012233F830107C
:10D680000020FBF751B800BF183B010007B5084B5D
:10D690000DF1070233F830100020FBF737F89DF842
:10D6A0000700003018BF012003B05DF804FB00BF85
:10D6B000183B0100F0B58BB041B3931E222B2FD83D
:10D6C0000A2A06D1002804DA4442012601AB1D468D
:10D6D00010E004460026F9E7B4FBF2F002FB104725
:10D6E000092F044603F10103F8B294BF30305730DC
:10D6F00003F8010C002CEFD1AB42EDD04EB12D2040
:10D700004A1C0870AB4206D80023137008460BB0C1
:10D71000F0BD0A46F6E713F8010D02F8010BF1E738
:10D720000021F3E7FFF7C6BFEFF31080012383F377
:10D730001088064B196819B9054AD1704021D1707B
:10D740001A6801321A6080F3108870470C050020B7
:10D75000000D0440704770471A4A38B50023938083
:10D7600072B61949194A1A4C0A601859D050043334
:10D77000402BFAD1174D002302F140005C59C450F0
:10D780000433802BFAD1144B9A60BFF34F8F62B6EB
:10D790000B68124ADA601249124A1348FFF7CCFBB1
:10D7A000FFF7C2FFF9F756FDFEF79AFF00F04CF8BD
:10D7B000FFF7D1FFF9F708FBFFF7CCFFF9F762FBA2
:10D7C000FCE700BF000D004024170020007F002070
:10D7D000004000004040000000ED00E0C1D5000026
:10D7E0004245010035450100454501000148FEF76D
:10D7F000F3BD00BF1806002008B5FFF7ADFF0020FD
:10D800007047FFFF0A4601460148FAF7F3BF00BF21
:10D81000841C0020024A136801331360704700BF64
:10D82000601700200121FCF74BBF704770B5054C15
:10D830002568064623685B1BB34202D2FFF7F5FF5B
:10D84000F8E770BD6017002030B5164B164C196A0A
:10D85000164B87B0012203930323CDE90123002552
:10D86000134B04951B68C1F302608340C1F302218E
:10D87000CB4020464FF4FA51B3FBF1F32946009315
:10D880002B46FDF777F92A4608212046FDF738FC9C
:10D890002046FDF788FB204607B0BDE83040FDF785
:10D8A000C0BB00BF00E001402817002015D80000D1
:10D8B0009C050020014B1868704700BF60170020CE
:10D8C0000148FDF74BB900BF281700200148FDF7BC
:10D8D000FBBB00BF2817002070B500F110050446FF
:10D8E000284600F0C6FD3F2815D9E178002000F059
:10D8F00019FF80B1284600F0BCFD3F28E17807D928
:10D9000004F50A7240230020BDE8704000F026BFF5
:10D91000002000F015FF002070BDFFFF10B5044689
:10D9200000F098FE08B9002010BD00F09BFE002812
:10D93000F9D1044B4FF42A7202FB0434207900F031
:10D940000100F1E76417002008B5044A4FF42A7378
:10D9500003FB0020103000F075FD08BD64170020A7
:10D9600070B54FF42A730A4C58434FF6FE764FF6C3
:10D97000FF732518B24288BF1A46103092B2204475
:10D9800000F098FD04462846FFF7A6FF204670BD2C
:10D9900064170020034A4FF42A7303FB0020103061
:10D9A00000F09BBD641700202DE9F041054600F012
:10D9B00051FE10B90020BDE8F08100F053FE07468B
:10D9C0000028F7D14FF42A746C43174D04F11C065C
:10D9D0002E44304600F036FD0028EBD005EB04085D
:10D9E000384698F8021000F09DFE0028E2D004F5B9
:10D9F0001A74254429464022304600F05BFD98F811
:10DA00000210044658B103462A46384600F0A6FEE6
:10DA100038B9064B1B68DB07CCD500BECBE700F05E
:10DA20008FFE2046C7E700BF64170020F0ED00E03E
:10DA30000E4B70B54FF42A7404FB003405464FF6C4
:10DA4000FF734FF6FE70824288BF1A461C3492B2B2
:10DA5000204600F046FD0646204600F0F3FC3F2835
:10DA600002D92846FFF7A0FF304670BD641700209A
:10DA700008B5044A4FF42A7303FB00201C3000F061
:10DA8000F8FC08BD6417002013B5134C4FF42A723C
:10DA90000021204603F0C8F8FF2363714FF4E133FF
:10DAA000A36008220023A381A273009304F128013C
:10DAB00001234FF4807204F1100000F0ACFC01234C
:10DAC00000934FF4807204F5947104F11C0000F08F
:10DAD000A2FC02B010BD00BF6417002010B50A4CB4
:10DAE00000210522204603F09FF804F110001C34A9
:10DAF00000F0FDFC204600F0FAFC20460121BDE8C4
:10DB0000104000F0F9BC00BF64170020F7B54B7956
:10DB1000022B074603D00024204603B0F0BD8B79CA
:10DB2000022BF8D11F4EB3787BBB8B7833700D7806
:10DB300009240D4403E02B781C44A4B21D446B78E7
:10DB4000242B1BD19442F6D96B78042B12D16B791C
:10DB50000A2B0FD1144B2E7801930133009302232B
:10DB60001A46A919384600F0A9FD70B10E3416FA0C
:10DB700084F4A4B20B48FFF7AFFECDE7052BE3D149
:10DB80002946384600F076FD28B9084B1B68DB07AC
:10DB9000C1D500BEBFE7AB7873702B781C44A4B22C
:10DBA0001D44D1E76417002066170020F0ED00E067
:10DBB00038B50B461146127802F06002202A47D190
:10DBC000244A8C881578A54242D14C78203C032CFD
:10DBD0003ED8DFE804F002141731012B05D10723EA
:10DBE0001D4A01F051F9012038BD032BFBD11B4B1D
:10DBF000002BF8D01849002001F050FEF3E7012B6C
:10DC0000F1D1ECE7012B02D101F026F9EBE7032B70
:10DC1000E9D14C881471E14301F00101104800F092
:10DC20006BFC104B002BDED0C4F3400204F001016A
:10DC3000002001F01FFED6E7012BE5D0032BD2D147
:10DC4000094B002BCFD049880020AFF30080CAE7F2
:10DC50000020C9E7641700206C1700209DF8000021
:10DC60008017002075F80000000000002DE9F04743
:10DC70001C46374BDA788A4280460F461D4607D04D
:10DC80009B788B4259D1AB78BB4234D001245BE006
:10DC900003F50A7103F11000A2B200F022FC2D4B33
:10DCA0002BB92D4BFBB92A48FFF716FEEBE795F988
:10DCB00005300133F5D005F2272606EB0409A6F25C
:10DCC000172A4E45EDD095F9052016F8013F9A42E6
:10DCD000F7D1504600F0C6FB0028F2D195F90510A7
:10DCE000AFF30080EDE71D4800F0BCFB0028DAD15F
:10DCF000AFF30080D7E71A4B13B10020AFF30080D9
:10DD00000020FFF751FE0028C0D1164800F09AFB12
:10DD10000028BBD1002CB9D014F03F06B6D1A978A9
:10DD2000404600F0FFFC04460028AFD033463246A0
:10DD3000A978404600F012FD06E00B4B1C6814F079
:10DD4000010401D000BE00242046BDE8F08700BFDA
:10DD5000641700200000000000000000741700207D
:10DD60000000000080170020F0ED00E08C22002170
:10DD7000014802F059BF00BF0C1A00200020FFF735
:10DD8000F5BFFFFF2DE9F7430E4607467379032BD6
:10DD9000114604D00024204603B0BDE8F083327958
:10DDA000C2EBC2041234A4B28C4205D9234B1B68C7
:10DDB000DA07EFD500BEEDE7214D95F801E0A84662
:10DDC000BEF1000FF2D196F800C006EB0C0191F8FD
:10DDD0000190B9F1210FE9D1C5F8881016F80CC0EF
:10DDE00005F1010E0235CDF804E00095614400F024
:10DDF00065FC0028DAD0B37998F80210012B04BF33
:10DE0000F37988F80330012388F80430B37888F870
:10DE10000030D8F88830B3F80730A8F80630002969
:10DE2000B9D04023074A384600F098FC0028B2D108
:10DE3000024B1B68DB07AED500BEACE7F0ED00E09F
:10DE40000C1A0020541A002013782DE9F3411546CE
:10DE500003F01F02012A06460C4601D000246DE0A3
:10DE6000DFF8C081AA8898F80010D2B291424746E4
:10DE7000F4D113F060031FD0202BEFD16B78013B5E
:10DE80000A2BEBD801A252F823F000BFFFDE0000FE
:10DE9000C7DF0000D3DF00005DDE00005DDE0000B4
:10DEA0005DDE00005DDE00005DDE000059DF000089
:10DEB000A3DF0000DFDF0000012C01D001243DE0E2
:10DEC0006A78062ACAD16A88120A212A0AD1D8F8A1
:10DED0008820002AC2D01378294602B0BDE8F0415C
:10DEE00000F0D2BF222AB9D1184601F021FDB8F8BE
:10DEF000063002462946304600F0C6FF1EE0012CDF
:10DF0000DCD1EB886988402B4FEA1122184628BFE4
:10DF1000402011F0FF0115D0012B13D90138384BE7
:10DF2000397280B20090002001F060FD0444A4B278
:10DF30005CB9344B1B68DB0790D500BE204602B0AD
:10DF4000BDE8F0810024304BECE723462E4A2946F9
:10DF5000304600F099FFB1E7012C05D1EB88402B4A
:10DF60003FF67CAF294AC5E7032CA7D1EB88698827
:10DF7000402B4FEA1122184628BF402011F0FF0124
:10DF80000DD0012B0BD997F848308B4207D10138BF
:10DF90001F4B80B20090002001F02AFD8EE71B4B42
:10DFA000F8E7012C8AD169881A4B090A79712BB1DB
:10DFB0000020AFF3008000283FF450AF29463046E0
:10DFC00000F04AFF7AE7012C7FF478AF2346124A2B
:10DFD00090E7012C7FF472AF2346104A8AE7012CA8
:10DFE000ECD0032C7FF46AAF69880D4BC9B239714C
:10DFF000002B3FF463AF0020AFF300805EE700BF6B
:10E00000151A0020F0ED00E0141A0020541A002028
:10E01000551A002000000000111A0020101A0020DC
:10E02000000000000C1A002037B51A4CA2788A4272
:10E030000546607813D088420AD1174A12B90120E8
:10E0400003B030BD9AB215490020AFF30080F6E767
:10E05000134B1B68DB0700D500BE0020F0E79042A1
:10E06000EBD000229BB211461046009304F1480306
:10E0700001F0BEFC402304F14802A178284600F0DC
:10E080006DFB0028DBD1064B1B68DA07E5D500BE27
:10E09000D6E700BF0C1A002000000000141A002070
:10E0A000F0ED00E00A4492B291424FEA400001D8FC
:10E0B000824201DB121A92B21046704738B50D4603
:10E0C000D41A8188A4B29A423CBF04EB4104A4B2A2
:10E0D000BCB1A14205D2914294BF531A8B189BB296
:10E0E000438199420AD9C2880168C2F30E0202FB39
:10E0F0000311284602F074FD012038BD5B1A9BB263
:10E10000EFE72046F9E7F7B50446900803460D46C9
:10E110004FF6FF76013B9BB2B3420ED112F00302E1
:10E1200001EB800107D002A8002340F8043D02F073
:10E1300057FD019B236003B0F0BD55F8047B2760B9
:10E14000E8E72DE9F3470F46BDF8281084885E1AEA
:10E15000B6B28B423CBF06EB4406B6B280466EB305
:10E16000B44206D29C4294BF191BE11889B2418186
:10E170002646964228BF16468C4223D9B8F8063068
:10E18000D8F80050C3F30E03641A9AB2A4B202FB8B
:10E1900001559DF82C10A6EB040914FB03FA19FB9A
:10E1A00003F901291FFA8AFA1FFA89F918D0A64241
:10E1B0000BD872432946384602F012FD304602B0B1
:10E1C000BDE8F087091B89B2D6E752462946384692
:10E1D00002F006FD4A46D8F8001007EB0A00EBE70C
:10E1E000A64207D816FB03F292B229463846FFF73B
:10E1F0008AFFE3E72AF00304A4B222462946384600
:10E20000FFF781FF1AF0030A28D0CAF104039BB27A
:10E210004B4505EB040102AC28BF4B460020A9EB9F
:10E22000030944F8040D1FFA89F90A5C0255421CDF
:10E2300092450CD1D8F8001020440B44994208D1E3
:10E24000019B3B60B9F1000FB8D04A46CEE71046BB
:10E25000EBE711F8012B00F8012FEFE7D8F80010D9
:10E26000F0E7F7B59408234605464FF6FF76013BE5
:10E270009BB2B3420CD112F0030200EB840005D034
:10E280000B6802A941F8043D02F0AAFC03B0F0BDFE
:10E290000F6845F8047BEAE72DE9F74F1446C27989
:10E2A0000589B0F804800F4641899B46D30906468C
:10E2B000ADB289B215D18D4236BFC1EB4801691AA2
:10E2C000491989B2414536BFA8EB0101002189B245
:10E2D0008C4228BF0C46002C50D1204603B0BDE82C
:10E2E000F08F44450CD3BBF1000F06D1C288A4EBDC
:10E2F0000804C2F30E0202FB04770D464446EAE727
:10E300008D424FEA480036BF421A6A1A521992B239
:10E3100022448242DFDBA8EB040292B24046FFF7C0
:10E32000C1FE0546D7E7ACEB080C1FFA8CFCC445D0
:10E33000F9D2A8EB0C01F088336889B2C0F30E0063
:10E34000A4EB010982B211FB00FA19FB00F9BBF141
:10E35000010F1FFA8AFA1FFA89F902FB0C3819D04B
:10E360008C420DD862433946404602F039FC2246C1
:10E370002946B088FFF796FE3081AEE7AC46D6E777
:10E3800052463946404602F02BFC4A4607EB0A014A
:10E390003068EAE78C4207D814FB00F292B23946A3
:10E3A0004046FFF75EFFE2E72AF0030B1FFA8BFB04
:10E3B0005A4639464046FFF754FF1AF0030A28D060
:10E3C000CAF1040080B2484502AB28BF48463A680B
:10E3D00043F8042DA9EB0009D8441FFA89F900215C
:10E3E000CA5C08F8012001318A45F9D19A443368A2
:10E3F0000AEB00015A1E514506D11844B9F1000F2D
:10E40000B5D04A463946CCE71AF801CB02F801CF1D
:10E41000F1E73068F2E7B2F5004F11D88280C28888
:10E42000016063F30E029DF80030C280C2F3072240
:10E4300063F3C71200234381C27103810120704737
:10E44000002070470389428981889BB292B293422F
:10E4500036BFC2EB41029B1A9B1898B2884228BF74
:10E4600008467047028943899BB29B1A584258411B
:10E4700070478288038940899BB280B2834236BF4D
:10E48000C0EB4200181AC01880B2824286BF101A30
:10E4900080B20020704710B5028943890446FFF717
:10E4A0000DFE6189034682B2A088FFF7FBFD608103
:10E4B000184610BD73B5038945890026CDE900567D
:10E4C0000446FFF73EFE618903460246A088FFF737
:10E4D000E9FD6081184602B070BD02894389FFF7EB
:10E4E000EDBD12B10023FFF7D7BE104670470023E1
:10E4F0004381038101207047C37961F3C713C3715E
:10E500000120704708B5034640890A4601469888AD
:10E51000FFF7C8FD588108BD70B505894389848817
:10E52000ADB29BB29D4236BFC3EB4402EA1A521908
:10E5300092B2944206D2AC4294BF2B1B63199BB299
:10E54000438122462AB9C1E900228A6070BD2D1B91
:10E55000ADB2AC42FBD99C420AD90068AB4200EB99
:10E5600003064E6007D200230A804B808B60EDE7E4
:10E570001B1B9BB2EFE7E31A9BB2D21A0B804A80B7
:10E580008860E3E70A4B1B78834206D9094B1B6876
:10E5900000EB400003EBC00070475A1C8242A1BF51
:10E5A000C01A054B182202FB0030B8BF002070478C
:10E5B0009C1A0020981A0020A845010070B5134D40
:10E5C000064600242B78E0B20133834210DA3B2266
:10E5D00000210F4802F028FB1022FF210D4802F015
:10E5E00023FB1422FF210C48BDE8704002F01CBB45
:10E5F000FFF7C8FF013428B9084B1B68DB0700D5BB
:10E6000000BE70BD436830469847DBE79C1A002087
:10E610009D1A0020A01A0020B01A0020F0ED00E0A2
:10E6200070B50C4605461646086800F06DFC236878
:10E63000324628460121BDE870401847044B1B783C
:10E6400010B1184600F060BE184600F073BE00BF5F
:10E6500078000020024B5878003018BF0120704726
:10E660009D1A0020024B1878C0F38000704700BF4D
:10E670009D1A002038B58B7803F07F03092B0C46D8
:10E6800006D90B4B1B68DB0700D500BE002038BD48
:10E69000084B1D78084B2046997800F0FFFF0028B2
:10E6A000EFD021462846BDE8384000F05FBE00BFED
:10E6B000F0ED00E0780000209D1A00202DE9F047E1
:10E6C000DDE9085680460C4691469A460027B94532
:10E6D00001DC01200CE06378052B04D1E17801F026
:10E6E0000301514508D00E4B1B68DA0702D4002005
:10E6F000BDE8F08700BEFAE721464046FFF7BAFFC3
:10E7000028B9074B1B68DB07F1D500BEF0E7A178FD
:10E71000CB0914BF31702970237801371C44D6E728
:10E72000F0ED00E0CB0901F07F00273303EB40035D
:10E7300002480021184400F089BF00BF9D1A002044
:10E74000CB0901F07F00273303EB4003024800218F
:10E75000184400F092BF00BF9D1A002038B5154C38
:10E7600001F07F0504EB450404EBD1142034E0797B
:10E77000C00707D5104B1B68DA0701D4002038BD4D
:10E7800000BEFBE7E5790D4845F001050078E5712D
:10E7900000F0D2FE0028F2D1E37960F30003E371C8
:10E7A000E37960F38203E371034B1B68DB07E5D574
:10E7B00000BEE4E79D1A0020F0ED00E078000020A4
:10E7C00010B50C4C01F07F0204EB420404EBD114B1
:10E7D0002034E3799B070BD4074B187800F0D0FE68
:10E7E000E37943F00203E371E37943F00103E3715A
:10E7F00010BD00BF9D1A00207800002010B50C4C01
:10E8000001F07F0204EB420404EBD1142034E379DD
:10E810009B070BD5074B187800F0DEFEE3796FF30A
:10E820004103E371E3796FF30003E37110BD00BFAF
:10E830009D1A0020780000202DE9F04FBA4B1B787C
:10E84000FF2B89B000F09982B84B1D682C46002040
:10E8500054F8043B9847204605A9FFF71CFE2B6897
:10E86000044601209847002C00F087829DF815305F
:10E87000013B072B00F2AE82DFE813F00800130023
:10E88000AC028A0299021F005802A5029DF81400EA
:10E89000FFF794FE00F030FBA54B9DF818209A700E
:10E8A000D2E79DF81400FFF789FE00F025FBA14B8D
:10E8B000002BC9D0AFF30080C6E79D4C9DF81450E3
:10E8C000237843F00103237094F827306FF300039B
:10E8D00084F8273094F827306FF3820384F82730C8
:10E8E00094F828306FF3000384F8283094F8283027
:10E8F0006FF3820384F82830002000F005FB9DF8B8
:10E90000187007F06008B8F1600F0FD18A4B1B68D0
:10E91000DC0700D500BE9DF81400002100F030FE99
:10E9200080219DF8140000F02BFE8DE7B8F1400F18
:10E930000DD182480028EED000F0E6FA06AA0121A7
:10E940002846AFF3008000287FF47EAFE3E707F0AE
:10E950001F07012F00F0938119D3022FD6D19DF804
:10E960001C1001F07F06092ED0D804EB460606EBFA
:10E97000D116F07CFFF706FE8146B8F1000F00F0DB
:10E98000AA810028C7D006AA00F10C010FE0B8F157
:10E99000200F10D19DF81C300F2BBCD81C44E07800
:10E9A000FFF7F0FD0028B6D006AA00F10C012846BA
:10E9B000FFF736FEC7E7B8F1000FA7D19DF8193071
:10E9C000092BA3D801A252F823F000BF67EC000086
:10E9D00055EC00000DE9000041EC00000DE90000DD
:10E9E000F5E9000081EB00000DE900000FEA0000EE
:10E9F00023EA000006A800F08DFA9DF81A102846B8
:10EA000000F0B2FC237843F0020323701CE708AA4D
:10EA1000637802F80E3D012306A9284600F034FA77
:10EA200012E79DF81A906378994531D063783BB12D
:10EA3000284600F067FDA6782846FFF7BFFDA670C0
:10EA4000B9F1000F00F0968009F1FF30C0B200F07C
:10EA50007DFF10B14378022B06D0374B1B68DF07D0
:10EA60007FF554AF00BE51E7C2792378511161F3AD
:10EA70000413921162F3451323704388C31800F105
:10EA800009060293029BB34209D82D4B002B6ED18D
:10EA900084F8019006A9284600F0DEF9D4E67378E0
:10EAA0000B2B03BF337896F80380F6184FF001085C
:10EAB0007378042BD1D1029B9B1B9BB20393002341
:10EAC0000193204B9DF804701B780133BB4225DB7A
:10EAD0003846FFF757FD83460028BED08368039A67
:10EAE000314628469847082882463DD9039B8342F1
:10EAF0003AD3B8F1010F06D1DBF80820124B9A4245
:10EB000008BF4FF002080022D3B2434520D331465C
:10EB10003B4652460D4800F0F1FD5644094B1B7828
:10EB200001339F42AEDD98E778000020D81A00201C
:10EB30009D1A002000000000F0ED00E00000000041
:10EB4000000000009C1A00200DDB0000B01A00201D
:10EB5000B1780B44A34951FA83F30132D978FF29E4
:10EB60007FF47BAFDF70CFE7019B0133A8E7AFF302
:10EB700000808DE79C4B002B8AD0AFF3008087E7A5
:10EB8000BDF81A00030A5A1EC0B20E2A3FF6C3AEE1
:10EB900001A151F822F000BFD5EB0000FFEB00000F
:10EBA0001FEC000017E9000017E9000033EC00003B
:10EBB000FFEB000017E9000017E9000017E900006B
:10EBC00017E9000017E9000017E9000017E9000045
:10EBD000DFEB000000F0A4FE122302460AE0834BA4
:10EBE000002B3FF498AEAFF30080024600283FF4BC
:10EBF0008DAE438806A9284600F046F9A3E6022B0D
:10EC000006D100F0A3FE00283FF480AE4388E4E77D
:10EC1000774B002B3FF47FAEAFF30080F3E7BDF8F6
:10EC20001C1000F099FE024600283FF474AE0378F1
:10EC3000E0E7704B002B3FF46EAEAFF30080F2E7DD
:10EC4000BDF81A30012B7FF466AE237843F0080339
:10EC500023701FE7BDF81A30012B7FF45CAE2378D8
:10EC60006FF3C303F4E72378C3F340129B0803F068
:10EC70000203134308AA22F80E3D0223CCE69DF8B6
:10EC80001C300F2B3FF647AE1C44E078FFF77AFCB0
:10EC900000283FF440AE00F10C0106AA2846FFF719
:10ECA000BFFC00287FF4D0AD9DF8183013F060044D
:10ECB0007FF431AE9DF819300A3B012B3FF62BAEA5
:10ECC00000F022F99DF819300A2B7FF4E3AE08AA70
:10ECD00002F80E4D9FE69DF81930012B03D01DD38D
:10ECE000032B7FF413AEBDF81A2022B9012B28465E
:10ECF00019D1FFF783FDB9F1000F3FF4A5AD06AAC6
:10ED000009F10C012846FFF78BFC002000F0FCF80D
:10ED100094F82830DE073FF597ADBBE696F827302C
:10ED2000C3F34003A6E7FFF74BFDE4E79DF8181097
:10ED30002C4B01F07F0403EB440303EBD11393F856
:10ED400027006FF3000083F8270093F827006FF384
:10ED5000820083F827003CB9079B9DF819209DF895
:10ED6000140000F0E3F86FE5D87CFFF70BFC38B92E
:10ED7000214B1B68D80700D500BE09B0BDE8F08F55
:10ED80000469079B9DF819209DF81400A0475BE5D6
:10ED9000144B1A78D1077FF557AD184A002A3FF473
:10EDA00053AD1878C0F3C000AFF300804CE50D4BB5
:10EDB0001B78DA077FF548AD114B002B3FF444ADCB
:10EDC000AFF3008040E5069B002B3FF43DAD079874
:10EDD000984739E5084B1B68DB077FF535AD00BE6A
:10EDE00032E500BF9D1A0020000000000000000076
:10EDF0000000000000000000F0ED00E00000000056
:10EE000000000000124B9989DA8970B58C1AA4B2FF
:10EE1000054693F90000402C28BF4024002809DA59
:10EE2000914212D099680B48224601F0D9FE802108
:10EE3000084A04E091424FF00001F9D10022234634
:10EE40002846BDE87040FFF789BC8021F6E700BF87
:10EE5000DC1A0020F01A002030B40A4C05460A469D
:10EE600008684968234603C30023C4E9023392F9C2
:10EE700000209A4228461A46ACBF8021194630BC71
:10EE8000FFF76CBCDC1A0020F8B5194D0C4607469C
:10EE900008684968AA602E4603C60021E981E18816
:10EEA0008B4228BF0B46AB8179B143B13AB9114BC4
:10EEB0001B68DA0701D40020F8BD00BEFBE7384626
:10EEC000FFF7A0FF68B10120F6E794F90030002BAE
:10EED0000A460B463846ACBF80210021FFF73EFCB6
:10EEE000F0E7044B1B68DB07E5D500BEE4E700BF95
:10EEF000DC1A0020F0ED00E014220021014801F0AE
:10EF000093BE00BFDC1A0020014B1861704700BFA0
:10EF1000DC1A00200146044A00684968134603C30E
:10EF20000023C2E902337047DC1A002070B52F4C71
:10EF30001E462378C909B1EBD31F054616D03EB152
:10EF40002B4B1B68DA0701D4002070BD00BEFBE725
:10EF5000284B13B12146AFF3008023690BB9012080
:10EF6000F3E7224A032128469847F8E794F900304E
:10EF7000002B06DBA0680028E6D032461E4901F0CF
:10EF80002FFEA368E28933443244A360E38892B23F
:10EF90009342E28101D03F2E24D823699BB994F992
:10EFA0000030002B4FF000031A46ACBF80211946F9
:10EFB0002846FFF7D3FB0028D1D10D4B1B68DB0798
:10EFC000C2D500BEC1E70221084A2846984701463B
:10EFD0000028E4D1284600F0D3FA8021284600F02A
:10EFE000CFFABCE72846FFF70DFFE4E7DC1A002064
:10EFF000F0ED00E000000000F01A002030B50346FC
:10F000008518EC1A012C09D854086FF0010303FB92
:10F01000042212B110F814300B7030BD33F8024BDB
:10F020000C80EEE7F0B585B00F4601A915460646FF
:10F03000FFF772FABDF804400298AC4228BF2C4694
:10F040002D1B22463946ADB2FFF7D8FF55B1BDF8AA
:10F05000063003989D4228BF1D462A46FFF7CEFF83
:10F060002C44A4B221463046FFF74CFA05B0F0BD5F
:10F070002DE9F843174BDC8881461F4634B91C70D4
:10F080005C709C70DC700120BDE8F883B0F85E8095
:10F0900008F07F084445254628BF45464DB11E6807
:10F0A0005B7ADB0700F114012A4630460DD5FFF7E5
:10F0B000B9FF454538BF4FF40043A4EB050438BF02
:10F0C000A9F82230FC800020DEE72E44FFF796FFEF
:10F0D0003E60EEE7301B002070B50446BDF81050CE
:10F0E000FAB14FF484602084208C8606FCD5174842
:10F0F000467A858061F300064672C580EDB10360F3
:10F10000BAB1B4F86030DB0B03D0B4F854301B064E
:10F110000CD40F4B186810F0010001D000BE002085
:10F1200070BD0284208C8006FCD4E0E72046FFF707
:10F130009FFF0120A4F86000F2E7052305704570E9
:10F140008570C570A4F860300120E9E7301B00200D
:10F15000F0ED00E02DE9F84F314E0C2303FB016385
:10F160000546B3F806800C46B8F1000F17D131B14F
:10F1700001F1370235F812305904FBD404E0294B71
:10F180001B68D80700D500BE0C235C43321900234E
:10F190003355012053709370D370BDE8F88F8BB254
:10F1A00043F480620285A0F86430B0F86CA01FFAC6
:10F1B0008AFA2B8D03F00F039C42FAD16B8D9A04CF
:10F1C000FCD5D045474628BF574687B14FF00C0BBA
:10F1D0000BFB04FB06EB0B0305F1180153F8089B2E
:10F1E0005B78DB073A46484613D5FFF71BFF5745C8
:10F1F0003CBF4FF400436B8500232B85288D10F016
:10F200000F00FBD10C2303FB0464A8EB0707E78086
:10F21000C3E7B944FFF7F2FE46F80B90E7E700BFFB
:10F22000301B0020F0ED00E02DE9F843DFF8D4C0FA
:10F23000BDF82050D7098E4602F07F020CEB071173
:10F240000A44044692F8781041B92D4B186810F022
:10F25000010001D000BE0846BDE8F8830C224A43F5
:10F260000CEB02064CF8023096F80990B5806EF36C
:10F27000000986F80990F580BFB11DB1FFF76AFF5C
:10F280000120E9E78BB20385238D03F00F03994238
:10F29000FAD1638D9E04FCD54FF4004363850023AF
:10F2A0002385238D1D07FCD1EAE74B1E042BE7D8ED
:10F2B00001F1230610EB8603E2D08AB200EB410194
:10F2C000A0F86420B0F86C20B1F86E00800718BF79
:10F2D000A1F86E7014F82600002004F8260092B2FF
:10F2E0005878154401205870013D95FBF2F55D807A
:10F2F0005A7842F002025A70A1F86E00ACE700BFE3
:10F30000F0ED00E0301B0020084B03EBC00042682A
:10F3100053B2002B08DB012102F01F0201FA02F2B6
:10F320005B09034941F82320704700BF7C0000209F
:10F3300000E100E00A4B03EBC000426853B2002B2F
:10F340000DDB01215B0902F01F0201FA02F22033FA
:10F35000044941F82320BFF34F8FBFF36F8F7047ED
:10F360007C00002000E100E07047FFFF2DE9F84F2E
:10F37000CE78B1F804A006F00306012E8046CAF349
:10F380000A0A04D1BAF5807F06D9002060E0022E77
:10F3900004D067D8012E70D13F4B0CE03E4B93F860
:10F3A0002C20002A56D093F83820002A54D093F805
:10F3B0004420002A52D01A7D002A51D093F82030E0
:10F3C000002B5AD102248978344B334A53F83870D1
:10F3D0004FEAD1194FEA09150C2303FB042301F06E
:10F3E0007F0B2A445A441972404682F87840FFF74E
:10F3F000A1FFA3B207EB4402A7F864304FF44073B7
:10F40000A7F86CA0022EA2F86E304FF00003A2F80D
:10F410006E3045EA0B0337D143F485439BB2A7F81E
:10F420006830012303FA04F4A4B284F4FF71594054
:10F43000A7F84610F98E0C43FC86B9F1000F01D1F4
:10F44000022E01D0A2F86E304046FFF75DFF01208A
:10F45000BDE8F88F0324B6E70424B4E70524B2E737
:10F460000124B0E70C4B06240C2202FB0430007A86
:10F470000028A8D001340A2CF7D1094B186810F0E5
:10F480000100E5D000BE80E7032E0CBF43F400432B
:10F4900043F44243C2E700BF301B00207C00002041
:10F4A000F0ED00E0154B70B553F83050144BE88E7A
:10F4B00001F07F06C90909015A183244012492F863
:10F4C0007820944020EA0400E8869AB102F13704DB
:10F4D00005EB44040020208094B2A5F864400C247D
:10F4E00004FB02320B443344A5F8680083F878002B
:10F4F000107270BD05F16004ECE700BF7C000020D5
:10F50000301B0020F8B50546FFF714FF094E0A240A
:10F510000C27013C04D12846BDE8F840FFF7F4BEB3
:10F5200007FB0463197A0029F3D02846FFF7BAFFD6
:10F53000EFE700BF301B00202DE9F34198460F4B49
:10F540000C46174653F830600546FFF7F3FE14F0FB
:10F550007F01CDF800803B4622460AD13046FFF7B6
:10F56000BBFD04462846FFF7CFFE204602B0BDE8AB
:10F57000F08100213046FFF757FEF2E77C000020C3
:10F5800038B5134B11F07F02054653F830401BD0BD
:10F59000CB09104901EB0311114491F878309BB16C
:10F5A000373304EB43048CB12846FFF7C3FE2388AE
:10F5B00003F0030343F00203238002232380284641
:10F5C000BDE83840FFF7A0BE6034ECE738BD00BFAF
:10F5D0007C000020301B00201A4B2DE9F04111F077
:10F5E0007F0807460E4653F8305016D0164ACB090E
:10F5F00002EB0313434493F8784074B1373405EBBE
:10F600004404ECB13846FFF795FE4FF48073238035
:10F61000F30905D0012323800DE005F16004F0E734
:10F62000094B434493F87830A5F86430B5F8683056
:10F630009B0B012BEED13846BDE8F041FFF764BECD
:10F64000BDE8F0817C000020301B0020037813F01F
:10F65000010310D10278C2F3800262B9037813F07B
:10F66000010308D10278530705D4037843F004035B
:10F67000037001207047002070470378C3F38003B4
:10F680004BB1027812F0010105D1027861F38202D8
:10F6900002701846704700207047FFFF8388C078CB
:10F6A00000F003000228C3F30A0312D01BD801287C
:10F6B0000DD1022940F2FF3208BF4FF480629A4216
:10F6C0000DD20D4B186810F0010008D000BE0020CC
:10F6D0007047022904D1B3F5007FF2D101207047B1
:10F6E000402BEED8FAE702290CBF4FF4806240228B
:10F6F0009A42E6D3F2E700BFF0ED00E030B50A44ED
:10F70000914200D330BD4C78052C06D18C7804F0A2
:10F710007F0500EB4505E4092B550C782144EFE704
:10F720000368DB691847037C0BB901230374704736
:10F73000704713B502AB026803F8011D54681946FF
:10F740000122A04702B010BD007C10B10020FEF7DE
:10F75000FBB87047007C10B10020FEF789B97047F4
:10F76000037C13B10020FEF71FB9704707B5007C7A
:10F7700038B10DF107010020FEF70CF920B19DF81A
:10F78000070003B05DF804FB4FF0FF30F9E710B558
:10F7900004460020FEF7C2F800B9607C10BD037C6F
:10F7A00007B513B94FF0FF3012E0FFF7F0FF002864
:10F7B000F8D00020FEF7C8F80028F3D001220DF1A0
:10F7C00007010020FEF7CCF80028EBD09DF80700D9
:10F7D00003B05DF804FB037C2DE9F0418846174631
:10F7E00023B3FFF7D4FF08B30020FEF727FF3D4601
:10F7F0000024FDB10020FEF73BF930B90120FEF7EF
:10F800001DFF0020FEF7D0F8F3E7A842024608EB00
:10F81000040128BF2A460020FEF70AF90646012007
:10F82000FEF70CFF1EB13444AD1BEAE7002420466E
:10F83000BDE8F0813C46FAE738B5037C04460BB9D5
:10F84000002038BD4FF0FF300021FEF7F5FF2046C5
:10F85000FFF79DFF0028F3D0054D2C78002CF0D049
:10F860000A20FDF7E3FF00232B702046E9E700BFE5
:10F8700084000020064B1970064B1A70064B1B685B
:10F88000B3F5966F02D109B9FDF7EEBA704700BF24
:10F89000E01B0020E11B0020DC1B00200A4A0B6853
:10F8A00013600A4A48791060094A08791060094AC9
:10F8B00089791160B3F5966F04D1074B1B780BB9AA
:10F8C000FDF7D2BA704700BFDC1B0020EC1B002004
:10F8D000E81B0020E41B0020E01B0020054B002259
:10F8E0004FF47A71C3E90121034919601A745A74FB
:10F8F000704700BFC81B0020E045010010B501F1B2
:10F90000080400F00F02D3B2092ACCBF37333033DA
:10F9100004F8013DA1424FEA1010F2D110BDFFFFE3
:10F9200002480023037143718371704785000020F2
:10F9300007B505480023019310B101A8AFF300807B
:10F9400003B05DF804FB00BF00000000014B186825
:10F95000704700BFF01B002070B5204C94F90030B8
:10F960000546B3B91E4B1B6803F1140658692146BE
:10F97000FFF7C4FF04F108017068FFF7BFFF04F14F
:10F980001001B068FFF7BAFF04F11801F068FFF743
:10F99000B5FF5DB9134B40F209425A800123013390
:10F9A00010485B0043F44073038070BD052D12D8EE
:10F9B0000D4B0C4C53F825100122013911F9010FA0
:10F9C000531EDBB20028EAD024F812000132212AAB
:10F9D000F4D12023E3E70020E7E700BF361C002036
:10F9E0009CB17F40F41B00200C46010000207047B2
:10F9F0007047FFFFF8B500260F46044615460680FF
:10FA000046808680F7F723FC874216D8304901EB01
:10FA1000C70133464868F2B230F812101DB901F040
:10FA20003E020A2A04E0012D09D101F03E02082A13
:10FA30000BD00A0406F10106EDD52046F8BD022DD3
:10FA400008D101F03E02042AF1D15A1C24F8131007
:10FA5000D3B2EEE7032D04D101F03E02062AE0D135
:10FA6000F3E7042D02D101F03A02E0E7052D02D1BF
:10FA700001F03A02D5E7062D03D101F03E02102A2B
:10FA8000D6E7072D05D101F03E02122ADDD0182A53
:10FA9000CEE7082D03D101F03E02022AC8E70A2D65
:10FAA00003D101F03E02142AC2E70B2D03D101F06D
:10FAB0003E021C2ABCE70C2D03D101F03E021A2A9B
:10FAC000B6E70D2DB5D101F03E021E2AB0E700BF0A
:10FAD000183B010010B5002814BF0446012420463D
:10FAE00001F05CF830B900F015F808B901F030F811
:10FAF0008047F4E710BD0368DB0706D4437803B101
:10FB0000FFDE012343701846704700207047012331
:10FB100003607047024B1868BFF35B8F704700BFEC
:10FB2000781C002000F000B801F040B881F00041DE
:10FB300002E000BF83F0004330B54FEA41044FEAD2
:10FB4000430594EA050F08BF90EA020F1FBF54EA6D
:10FB5000000C55EA020C7FEA645C7FEA655C00F009
:10FB6000E2804FEA5454D4EB5555B8BF6D420CDDDA
:10FB70002C4480EA020281EA030382EA000083EA5D
:10FB8000010180EA020281EA0303362D88BF30BDFD
:10FB900011F0004F4FEA01314FF4801C4CEA113153
:10FBA00002D0404261EB410113F0004F4FEA0333B2
:10FBB0004CEA133302D0524263EB430394EA050F3D
:10FBC00000F0A780A4F10104D5F1200E0DDB02FAAC
:10FBD0000EFC22FA05F2801841F1000103FA0EF240
:10FBE000801843FA05F359410EE0A5F120050EF106
:10FBF000200E012A03FA0EFC28BF4CF0020C43FA37
:10FC000005F3C01851EBE37101F0004507D54FF043
:10FC1000000EDCF1000C7EEB00006EEB0101B1F593
:10FC2000801F1BD3B1F5001F0CD349085FEA3000D9
:10FC30004FEA3C0C04F101044FEA445212F5800FE4
:10FC400080F09A80BCF1004F08BF5FEA500C50F181
:10FC5000000041EB045141EA050130BD5FEA4C0C64
:10FC6000404141EB010111F4801FA4F10104E9D1ED
:10FC700091F0000F04BF01460020B1FA81F308BFE4
:10FC80002033A3F10B03B3F120020CDA0C3208DDB0
:10FC900002F1140CC2F10C0201FA0CF021FA02F18B
:10FCA0000CE002F11402D8BFC2F1200C01FA02F1FB
:10FCB00020FA0CFCDCBF41EA0C019040E41AA2BF20
:10FCC00001EB0451294330BD6FEA04041F3C1CDAE8
:10FCD0000C340EDC04F11404C4F1200220FA04F008
:10FCE00001FA02F340EA030021FA04F345EA0301B2
:10FCF00030BDC4F10C04C4F1200220FA02F001FA74
:10FD000004F340EA0300294630BD21FA04F02946F5
:10FD100030BD94F0000F83F4801306BF81F480118E
:10FD20000134013D4EE77FEA645C18BF7FEA655C01
:10FD300029D094EA050F08BF90EA020F05D054EAD3
:10FD4000000C04BF1946104630BD91EA030F1EBFD8
:10FD50000021002030BD5FEA545C05D140004941DC
:10FD600028BF41F0004130BD14F580043CBF01F5CF
:10FD7000801130BD01F0004545F0FE4141F47001B5
:10FD80004FF0000030BD7FEA645C1ABF1946104690
:10FD90007FEA655C1CBF0B46024650EA013406BF91
:10FDA00052EA033591EA030F41F4002130BD00BF50
:10FDB00090F0000F04BF0021704730B54FF480640D
:10FDC00004F132044FF000054FF0000150E700BF8E
:10FDD00090F0000F04BF0021704730B54FF48064ED
:10FDE00004F1320410F0004548BF40424FF00001DA
:10FDF0003EE700BF42004FEAE2014FEA31014FEA1D
:10FE000002701FBF12F07F4393F07F4F81F060516B
:10FE1000704732F07F4208BF704793F07F4F04BFB6
:10FE200041F40021704730B54FF4607401F0004593
:10FE300021F000411CE700BF50EA010208BF7047F3
:10FE400030B54FF000050AE050EA010208BF7047E4
:10FE500030B511F0004502D5404261EB41014FF44D
:10FE6000806404F132045FEA915C3FF4D8AE4FF055
:10FE700003025FEADC0C18BF03325FEADC0C18BF38
:10FE8000033202EBDC02C2F1200300FA03FC20FA89
:10FE900002F001FA03FE40EA0E0021FA02F11444D6
:10FEA000BDE600BF70B54FF0FF0C4CF4E06C1CEAEF
:10FEB00011541DBF1CEA135594EA0C0F95EA0C0F60
:10FEC00000F0DEF82C4481EA030621EA4C5123EAD3
:10FED0004C5350EA013518BF52EA033541F4801102
:10FEE00043F4801338D0A0FB02CE4FF00005E1FBB5
:10FEF00002E506F00042E0FB03E54FF00006E1FBFF
:10FF000003569CF0000F18BF4EF0010EA4F1FF0441
:10FF1000B6F5007F64F5407404D25FEA4E0E6D4181
:10FF200046EB060642EAC62141EA55514FEAC52092
:10FF300040EA5E504FEACE2EB4F1FD0C88BFBCF50E
:10FF4000E06F1ED8BEF1004F08BF5FEA500E50F1BF
:10FF5000000041EB045170BD06F0004646EA010185
:10FF600040EA020081EA0301B4EB5C04C2BFD4EBB7
:10FF70000C0541EA045170BD41F480114FF0000EB0
:10FF8000013C00F3AB8014F1360FDEBF002001F01E
:10FF9000004170BDC4F10004203C35DA0C341BDC98
:10FFA00004F11404C4F1200500FA05F320FA04F06A
:10FFB00001FA05F240EA020001F0004221F000419E
:10FFC00010EBD37021FA04F642EB06015EEA430E11
:10FFD00008BF20EAD37070BDC4F10C04C4F1200541
:10FFE00000FA04F320FA05F001FA04F240EA0200F4
:10FFF00001F0004110EBD37041F100015EEA430EC5
:020000021000EC
:1000000008BF20EAD37070BDC4F1200500FA05F2E4
:100010004EEA020E20FA04F301FA05F243EA020363
:1000200021FA04F001F0004121FA04F220EA020072
:1000300000EBD3705EEA430E08BF20EAD37070BDB8
:1000400094F0000F0FD101F00046400041EB010198
:1000500011F4801F08BF013CF7D041EA060195F07A
:10006000000F18BF704703F00046520043EB030334
:1000700013F4801F08BF013DF7D043EA0603704721
:1000800094EA0C0F0CEA135518BF95EA0C0F0CD02C
:1000900050EA410618BF52EA4306D1D181EA030172
:1000A00001F000414FF0000070BD50EA410606BF6C
:1000B0001046194652EA430619D094EA0C0F02D1B1
:1000C00050EA013613D195EA0C0F05D152EA0336F6
:1000D0001CBF104619460AD181EA030101F0004114
:1000E00041F0FE4141F470014FF0000070BD41F05D
:1000F000FE4141F4780170BD70B54FF0FF0C4CF437
:10010000E06C1CEA11541DBF1CEA135594EA0C0F55
:1001100095EA0C0F00F0A7F8A4EB050481EA030EA2
:1001200052EA03354FEA013100F088804FEA033389
:100130004FF0805545EA131343EA12634FEA022257
:1001400045EA111545EA10654FEA00260EF0004118
:100150009D4208BF964244F1FD0404F5407402D26A
:100160005B084FEA3202B61A65EB03055B084FEAFB
:1001700032024FF480104FF4002CB6EB020E75EBF8
:10018000030E22BFB61A754640EA0C005B084FEA20
:100190003202B6EB020E75EB030E22BFB61A75469D
:1001A00040EA5C005B084FEA3202B6EB020E75EBE8
:1001B000030E22BFB61A754640EA9C005B084FEA60
:1001C0003202B6EB020E75EB030E22BFB61A75466D
:1001D00040EADC0055EA060E18D04FEA051545EA5C
:1001E00016754FEA06164FEAC30343EA52734FEA05
:1001F000C2025FEA1C1CC0D111F4801F0BD141EA7E
:1002000000014FF000004FF0004CB6E711F4801FE2
:1002100004BF01430020B4F1FD0C88BFBCF5E06FC2
:100220003FF6AFAEB5EB030C04BFB6EB020C5FEAD2
:10023000500C50F1000041EB045170BD0EF0004E27
:100240004EEA113114EB5C04C2BFD4EB0C0541EA59
:10025000045170BD41F480114FF0000E013C90E656
:1002600045EA060E8DE60CEA135594EA0C0F08BF1A
:1002700095EA0C0F3FF43BAF94EA0C0F0AD150EA19
:1002800001347FF434AF95EA0C0F7FF425AF1046AC
:1002900019462CE795EA0C0F06D152EA03353FF4D4
:1002A000FDAE1046194622E750EA410618BF52EA51
:1002B00043067FF4C5AE50EA41047FF40DAF52EA25
:1002C00043057FF4EBAE12E74FF0FF3C06E000BFC2
:1002D0004FF0010C02E000BF4FF0010C4DF804CDCF
:1002E0004FEA410C7FEA6C5C4FEA430C18BF7FEA8F
:1002F0006C5C1BD001B050EA410C0CBF52EA430CBD
:1003000091EA030F02BF90EA020F0020704710F13C
:10031000000F91EA030F58BF994208BF90422CBFCB
:10032000D8176FEAE37040F0010070474FEA410CC4
:100330007FEA6C5C02D150EA013C07D14FEA430CE2
:100340007FEA6C5CD6D152EA033CD3D05DF8040B53
:10035000704700BF8446104662468C461946634685
:1003600000E000BF01B5FFF7B7FF002848BF10F15C
:10037000000F01BD4DF808EDFFF7F4FF0CBF0120A1
:1003800000205DF808FB00BF4DF808EDFFF7EAFF1D
:1003900034BF012000205DF808FB00BF4DF808EDD8
:1003A000FFF7E0FF94BF012000205DF808FB00BFCD
:1003B0004DF808EDFFF7CEFF94BF012000205DF857
:1003C00008FB00BF4DF808EDFFF7C4FF34BF012064
:1003D00000205DF808FB00BF4FEA410C7FEA6C5C2F
:1003E00002D150EA013C0AD14FEA430C7FEA6C5C2F
:1003F00002D152EA033C02D14FF0000070474FF0A7
:10040000010070474FEA410212F5001215D211D5D2
:100410006FF47873B3EB625212D94FEAC12343F001
:10042000004343EA505311F0004F23FA02F018BF83
:10043000404270474FF00000704750EA013005D14C
:1004400011F0004008BF6FF0004070474FF000000F
:10045000704700BF4A0011D212F5001211D20DD51B
:100460006FF47873B3EB62520ED44FEAC12343F0BA
:10047000004343EA505323FA02F070474FF0000064
:10048000704750EA013002D14FF0FF3070474FF013
:10049000000070474FEA4102B2F1E04324BFB3F5D8
:1004A000001CDCF1FE5C0DD901F0004C4FEAC002EB
:1004B0004CEA5070B2F1004F40EB830008BF20F0CF
:1004C0000100704711F0804F21D113F13872BCBF89
:1004D00001F00040704741F480114FEA5252C2F1DE
:1004E0001802C2F1200C10FA0CF320FA02F018BF27
:1004F00040F001004FEAC1234FEAD32303FA0CFC7A
:1005000040EA0C0023FA02F34FEA4303CCE77FEA08
:10051000625307D150EA01331EBF4FF0FE4040F452
:100520004000704701F0004040F0FE4040F4000001
:10053000704700BF80F0004002E000BF81F0004142
:1005400042001FBF5FEA410392EA030F7FEA226C79
:100550007FEA236C6AD04FEA1262D2EB1363C1BF09
:10056000D218414048404140B8BF5B42192B88BF78
:10057000704710F0004F40F4000020F07F4018BF9B
:10058000404211F0004F41F4000121F07F4118BFBB
:10059000494292EA030F3FD0A2F1010241FA03FC63
:1005A00010EB0C00C3F1200301FA03F100F000434B
:1005B00002D5494260EB4000B0F5000F13D3B0F113
:1005C000807F06D340084FEA310102F10102FE2A82
:1005D00051D2B1F1004F40EBC25008BF20F00100F2
:1005E00040EA03007047490040EB000010F4000FA0
:1005F000A2F10102EDD1B0FA80FCACF1080CB2EB33
:100600000C0200FA0CF0AABF00EBC2505242184391
:10061000BCBFD0401843704792F0000F81F4000136
:1006200006BF80F400000132013BB5E74FEA410309
:100630007FEA226C18BF7FEA236C21D092EA030F75
:1006400004D092F0000F08BF0846704790EA010FEF
:100650001CBF0020704712F07F4F04D1400028BF1C
:1006600040F00040704712F100723CBF00F50000FE
:10067000704700F0004343F0FE4040F40000704734
:100680007FEA226216BF08467FEA236301464202E0
:1006900006BF5FEA412390EA010F40F480007047F3
:1006A0004FF0000304E000BF10F0004348BF404299
:1006B0005FEA000C08BF704743F0964301464FF0D5
:1006C00000001CE050EA010208BF70474FF0000331
:1006D0000AE000BF50EA010208BF704711F0004372
:1006E00002D5404261EB41015FEA010C02BF844642
:1006F0000146002043F0B64308BFA3F18053A3F5A1
:100700000003BCFA8CF2083AA3EBC25310DB01FAE7
:1007100002FC634400FA02FCC2F12002BCF1004F6B
:1007200020FA02F243EB020008BF20F001007047FC
:1007300002F1200201FA02FCC2F1200250EA4C0050
:1007400021FA02F243EB020008BF20EADC70704796
:100750007BB972B90029BEBF00204FF0004106E00E
:1007600008BF00281CBF6FF000414FF0FF3000F0C1
:10077000BDB9ADF1080C6DE904CE002909DB002BF1
:100780001ADB00F04DF8DDF804E0DDE9022304B0E7
:100790007047404261EB4101002B1BDB00F040F849
:1007A000DDF804E0DDE9022304B0404261EB4101E1
:1007B000524263EB43037047524263EB430300F042
:1007C0002FF8DDF804E0DDE9022304B0404261EBDC
:1007D00041017047524263EB430300F021F8DDF81A
:1007E00004E0DDE9022304B0524263EB43037047A7
:1007F00053B94AB9002908BF00281CBF4FF0FF3188
:100800004FF0FF3000F072B9ADF1080C6DE904CE85
:1008100000F006F8DDF804E0DDE9022304B07047DB
:100820002DE9F047089E04468846002B4BD18A42AA
:10083000154667D9B2FA82F24AB1C2F1200701FA2D
:1008400002F320FA07F7954047EA030894404FEA7D
:10085000154E230CB8FBFEF71FFA85FC0EFB17881C
:1008600043EA084307FB0CF1994209D9EB1807F159
:10087000FF3080F01B81994240F21881023F2B44E7
:100880005B1AA4B2B3FBFEF00EFB103344EA034440
:1008900000FB0CFCA44509D92C1900F1FF3380F0B2
:1008A0000781A44540F2048102382C4440EA074005
:1008B000A4EB0C0400271EB1D4400023C6E900437A
:1008C0003946BDE8F0878B4209D9002E00F0EB8055
:1008D0000027C6E9000138463946BDE8F087B3FA7B
:1008E00083F7002F47D18B4202D3824200F2FA8075
:1008F000841A61EB030301209846002EE0D0C6E97C
:100900000048DDE702B9FFDEB2FA82F2002A40F0C9
:100910008F80491B4FEA154E1FFA85F80127B1FB5E
:10092000FEFC230C0EFB1C1143EA014308FB0CF1F7
:10093000994207D9EB180CF1FF3002D2994200F22C
:10094000CD808446591AA3B2B1FBFEF00EFB101401
:1009500043EA044408FB00F8A04507D92C1900F12C
:10096000FF3302D2A04500F2B6801846A4EB08047B
:1009700040EA0C409FE7C7F1200CBB4022FA0CFE76
:100980004EEA030E01FA07F420FA0CF521FA0CF3F3
:100990004FEA1E482543B3FBF8F92C0C08FB19332A
:1009A0001FFA8EFA44EA034309FB0AF49C4202FA56
:1009B00007F200FA07F10BD91EEB030309F1FF3030
:1009C00080F087809C4240F28480A9F10209734440
:1009D0001B1BADB2B3FBF8F008FB103345EA034430
:1009E00000FB0AFAA24508D91EEB040400F1FF330C
:1009F0006BD2A24569D90238744440EA0940A0FB91
:100A00000289A4EB0A044C45C2464B4654D351D04C
:100A1000002E69D0B1EB0A0564EB030404FA0CFC68
:100A2000FD40FC404CEA0505C6E90054002747E7B5
:100A3000C2F1200320FA03F7954001FA02F021FAEF
:100A400003F34FEA154E3843010CB3FBFEF71FFAD0
:100A500085F80EFB173341EA034107FB08F38B428D
:100A600004FA02F407D9691807F1FF3C2FD28B4230
:100A70002DD9023F2944CB1A81B2B3FBFEF00EFB05
:100A8000103341EA034100FB08F38B4207D9691890
:100A900000F1FF3C17D28B4215D902382944C91AFC
:100AA00040EA07473BE73746304609E70746E7E6AF
:100AB0001846FBE64145ABD2B8EB020A69EB0E02E1
:100AC00001381346A4E76046E9E7184695E767460C
:100AD000D1E781467CE702382C4447E7ACF1020CB1
:100AE0002B442FE7384608E73746E9E6704700BF52
:100AF00082B08DED010A0199C1F3C753A3F17F02C2
:100B0000162A0CDC002A10DB10481041014208D0E4
:100B10004FF4800313410B4423EA00030BE0802AC7
:100B20000DD09DED010A02B07047013201F0004383
:100B300001D143F07E5300EE103A02B07047DDED74
:100B4000017A37EEA70A02B0704700BFFFFF7F00AF
:100B500008B5062000F0CCFD012002F011FEFFFFD9
:100B6000014B1868704700BF9800002010B504467C
:100B700000F006F82044407800F0080010BDFFFFA8
:100B8000044B054A1B681B6A002B08BF1346D3F8A9
:100B9000EC00704798000020FC000020024B01464A
:100BA000186800F097B800BF98000020024B01467B
:100BB000186800F041B800BF9800002082B001B969
:100BC00001A942B14BB113780B601278101C18BF09
:100BD000012002B070471046FBE76FF00100F8E714
:100BE00010B5431E0A44914200D110BD11F8014BCB
:100BF00003F8014FF7E7884210B501EB020307D86D
:100C0000421E99420AD011F8014B02F8014FF8E751
:100C10008342F5D98118D21AD34200D110BD13F8FE
:100C2000014D01F8014DF7E702440346934200D11C
:100C3000704703F8011BF9E738B50546002945D090
:100C400051F8043C0C1F002BB8BFE41801F038FD2C
:100C50001F4A1368104633B9636014602846BDE824
:100C6000384001F02EBDA3420CD92168621893428E
:100C700004BF1A685B68636004BF52182260046096
:100C8000ECE713465A680AB1A242FAD91968581813
:100C9000A0420BD120680144581882421960DDD16E
:100CA000106852685A6001441960D7E702D90C23D2
:100CB0002B60D3E7206821188A4204BF116852686C
:100CC000626004BF091821605C60C7E738BD00BFDF
:100CD0007C1C002070B5CD1C25F0030508350C2DBB
:100CE00038BF0C25002D064601DBA94203D90C2391
:100CF0003360002070BD01F0E3FC214A14682146F6
:100D000091B9204C23681BB9304600F0B9FC206033
:100D10002946304600F0B4FC431C24D10C23336038
:100D2000304601F0CEFCE4E70B685B1B18D40B2BBC
:100D30000FD90B60CD50CC18304601F0C2FC04F145
:100D40000B00231D20F00700C31AD3D05A42E250F3
:100D5000D0E78C424B6816BF636013600C46EBE72C
:100D60000C464968CCE7C41C24F00304A04205D01B
:100D7000211A304600F084FC0130CFD02560DBE73B
:100D80007C1C0020801C00202DE9FF4755EC104BF7
:100D90000D9FDDF830A0002D0E4691461946B8BFD4
:100DA00022462B4627F02007BBBF05F100431D4616
:100DB00000232D23B8BF1446462F0B7004D0452FB7
:100DC00000D10136022100E0032103AB019302AB05
:100DD00000933246534645EC104B00F08DFD472FF3
:100DE000804602D119F0010F26D0462F08EB0609E4
:100DF00011D198F80030302B0AD100220023204670
:100E00002946FFF7B7FA18B9C6F10106CAF800601B
:100E1000DAF8003099440022002320462946FFF7E3
:100E2000A9FA38B93022039B4B4505D2591C0391CE
:100E30001A70F8E7CDF80C90039B0E9AA3EB080309
:100E40004046136004B0BDE8F087F7B500290446BA
:100E5000BABF49422D232B23092904F8022B4370E2
:100E600020DD0DF107031F460A2691FBF6F506FB70
:100E700015113031092D03F8011C03F1FF32294609
:100E800009DC3031023B02F8011CBB42224604D38C
:100E9000101A03B0F0BD1346E7E713F8012B04F86E
:100EA000012BF2E7302319448370021DC170EFE774
:100EB0002DE9F04F8DB00C46DDF8588016461F46E0
:100EC000054601F09BFB03680493184600F056FCAE
:100ED00000230A93D8F800300590073323F0070366
:100EE00003F1080294F818A0D4F800B0C8F8002064
:100EF000D3E90023C4E91223D4E9128929F000437D
:100F00000793CDF818804FF0FF32A74BDDE90601BB
:100F1000FFF762FA70BB4FF0FF32A34BDDE9060129
:100F2000FFF73CFA30BB0022002340464946FFF75A
:100F30002BFA10B12D2384F843309C4A9C4BBAF114
:100F4000470F8CBF9046984603232BF00402236181
:100F500022604FF00009009733460BAA214628462D
:100F600000F0E6F9013040F08D804FF0FF300DB019
:100F7000BDE8F08F42464B4640464946FFF72CFA03
:100F800010B18C4A8C4BDAE761684B1C4BF48062E1
:100F90000AA83ED1062363600023CDE9020309AB12
:100FA000009349EC108B0DF123032260CDF804A0CF
:100FB00061682846FFF7E8FE0AF0DF03472B80460A
:100FC00009D1099BD81C02DB6268934247DDAAF174
:100FD000020A5FFA8AFABAF1650F099924D8013931
:100FE000524604F150000991FFF72FFF0A9A131897
:100FF000012A8146236102DC2268D10701D5013331
:1010000023619DF82330002BA5D02D2384F8433095
:10101000A1E7BAF1670F00F07781BAF1470FBBD1B2
:101020000029B9D10123B6E7BAF1660F19D1002919
:1010300063680CDD216113B92268D20702D5013340
:101040000B442361099BA3654FF00009D9E713B94D
:101050002268D00701D50233F3E70123F1E74FF00F
:10106000670ADDE90932934205DB22682361D10773
:10107000E8D50133E5E7002BD4BFC3F10203012318
:101080001344DEE723685A0507D4236942463146F4
:101090002846B84701302BD167E7BAF1650F40F217
:1010A000DC8000220023D4E91201FFF763F9002855
:1010B00033D00123414A31462846B84701303FF436
:1010C00054AFDDE909239A4202DB2368D8070FD524
:1010D000DDE9042331462846B84701303FF445AFE7
:1010E0004FF0000804F11A090A9B013B434509DC53
:1010F00023689B0700F10381E0680B9B9842B8BF0F
:10110000184634E701234A4631462846B84701309D
:101110003FF42BAF08F10108E6E7099B002B2BDC1D
:101120000123264A31462846B84701303FF41DAF17
:10113000099B23B90A9B13B92368D907D8D5DDE9E0
:10114000042331462846B84701303FF40EAF4FF034
:10115000000904F11A0A099B5B424B4501DC0A9B1A
:1011600094E70123524631462846B84701303FF400
:10117000FCAE09F10109EEE70A9AA36D9A42A8BFF5
:101180001A46002A914607DD134631464246284654
:10119000B84701303FF4E9AE04F11A034FF0000BF9
:1011A00029EAE979069315E0FFFFEF7F7E4601000B
:1011B0007A4601008646010082460100EA390100B4
:1011C0000123069A31462846B84701303FF4CDAE98
:1011D0000BF1010BD4F858A0AAEB09035B45EFDC37
:1011E000DDE909239A42D04415DB2368DA0712D4DB
:1011F0000A9B0999A3EB0A02A3EB010A9245A8BF37
:101200009246BAF1000F0EDC4FF000082AEAEA7AA3
:1012100004F11A0919E0DDE9042331462846B847EC
:101220000130E5D1A1E65346424631462846B8474B
:101230000130E9D199E601234A4631462846B847AC
:1012400001303FF492AE08F10108DDE909239B1A51
:10125000A3EB0A034345EEDC4AE70A9A012A01DCC4
:10126000DB073AD50123424631462846B8470130CC
:101270003FF47BAEDDE9042331462846B847013010
:1012800008F101083FF471AE0A9B002203F1FF3A16
:10129000D4E912010023FFF76DF8C8B9534642465E
:1012A00031462846B84701300ED15EE6012352464A
:1012B00031462846B84701303FF457AE08F10108DF
:1012C0000A9B013B4345F1DC4B4604F15002DEE64C
:1012D0004FF0000804F11A0AF2E70123DFE70123C7
:1012E0004A4631462846B84701303FF43EAE08F141
:1012F0000108E3680B9A9B1A4345F0DCFCE64FF0CB
:10130000000804F11909F4E700293FF48BAE00232B
:10131000CDE9020309AB009349EC108B2260CDF8B4
:1013200004A00DF123032846FFF72EFD804648E672
:101330002DE9F04791461F468A680B69DDF8208049
:101340009342B8BF1346C9F8003091F843200646CF
:101350000C4612B10133C9F800302368990642BF28
:10136000D9F800300233C9F80030256815F00605B9
:1013700007D104F1190AE368D9F800209B1AAB429F
:1013800028DC94F843302268003318BF012392060A
:101390002DD404F1430239463046C047013020D0F5
:1013A0002368E568D9F8002003F00603042B08BF82
:1013B000AD1AA36822690CBF25EAE57500259342A2
:1013C000C4BF9B1AED184FF000091A344D451AD1CD
:1013D000002008E00123524639463046C04701301C
:1013E00003D14FF0FF30BDE8F0870135C3E7E118C6
:1013F0005A1C302081F84300224494F8451082F8AA
:1014000043100233C5E70123224639463046C04720
:101410000130E6D009F10109D8E7FFFF2DE9F043DB
:1014200001F1430C0C46097E85B06E29174606462D
:1014300098460C9A00F0B38022D8632936D00AD897
:10144000002900F0B980582900F0838004F142059A
:1014500084F8421032E0642901D06929F6D120686D
:101460001368050603F104012AD51B681160002BDF
:1014700003DA2D225B4284F843206F480A2239E0C8
:10148000732900F09D8008D86F2920D07029DDD104
:10149000236843F02003236003E0752917D07829DF
:1014A000D4D1782384F84530644855E01368191D79
:1014B0001B68116004F1420584F8423001238CE07E
:1014C0001B68116010F0400F18BF1BB2CFE7136804
:1014D0002568181D1060280601D51B6802E0680603
:1014E000FBD51B8854486F2914BF0A22082200210B
:1014F00084F843106568A560002DC0F295802168CE
:1015000021F004012160002B3DD1002D40F08E80A0
:101510006546082A0BD12368DB0708D52369626872
:101520009A42DEBF302305F8013C05F1FF35ACEBF4
:1015300005032361CDF800803B4603AA21463046CF
:10154000FFF7F6FE01304DD14FF0FF3005B0BDE89A
:10155000F083394884F84510136821681D1D1B6805
:1015600015600A060BD5CA0744BF41F0200121606F
:101570001BB9226822F0200222601022B7E74D0634
:1015800048BF9BB2EFE76546B3FBF2F102FB1133B4
:10159000C35C05F8013D0B460029F5D1B9E7136896
:1015A00025686169181D106028061B6801D519603F
:1015B00002E06A06FBD51980002323616546B9E77E
:1015C0001368191D11601D6862680021284601F02A
:1015D00027F808B1401B606063682361002384F82A
:1015E0004330A7E723692A4639463046C0470130D1
:1015F000AAD023689B0713D4E068039B9842B8BF26
:101600001846A3E701234A4639463046C047013011
:101610009AD00135E368039A9B1AAB42F2DCEBE700
:10162000002504F11909F5E7002BACD1037884F803
:10163000423004F142056CE78A4601009B460100F6
:101640000FB40A4B13B51C6824B1A36913B9204623
:1016500000F04AFF05AB049AA1680193204601F00F
:10166000BBFC02B0BDE8104004B0704798000020F9
:10167000024B0A460146186801F00EBB9800002094
:1016800038B5064C0023054608462360F9F7D2F822
:10169000431C02D1236803B12B6038BDC41C002059
:1016A0001F2938B504460D4604D9162303604FF0B0
:1016B000FF3038BD426C12B152F821304BB9204690
:1016C00000F030F82A4601462046BDE8384000F0D8
:1016D00017B8012B0AD0591C03D11623036001202F
:1016E000E7E7002442F82540284698470020E0E735
:1016F000024B01461868FFF7D3BF00BF98000020D7
:1017000038B5074C0023054608461146236002F011
:101710001FF8431C02D1236803B12B6038BD00BF02
:10172000C41C002002F004B80EB400B59CB01DAB80
:10173000029006906FF00041094807910491094911
:1017400053F8042B05910068019302A901F024FBD2
:10175000029B00221A701CB05DF804EB03B07047C6
:10176000980000200802FFFF10F8012B11F8013B40
:10177000012A28BF9A42F7D0D01A7047034613F8BF
:10178000012B002AFBD1181A01387047F0B50378F5
:101790007BB1044623782046661C7BB14A1E631E3B
:1017A00012F8015F4DB113F8017FAF423446F7D014
:1017B000F0E70B78002B18BF0020F0BD1846FCE7BF
:1017C00049B1FF2A85BF8A2303600A704FF0FF30BA
:1017D00098BF01207047084670472DE9F74F03690D
:1017E0000C69A3428046C0F28280013C01F11407DB
:1017F0004FEA840C00F1140657F8245056F82400E0
:1018000006EB0C03013507EB0C090193B0FBF5F572
:1018100095B34FF0000A3846B646D34650F8042B2D
:1018200093B205FB03A34FEA134A9BB2ABEB03034E
:10183000120CDEF800B005FB02A213FA8BF34FEA9C
:10184000124A1FFA82FBDEF80020CBEB124202EBB9
:1018500023429BB243EA024381454FEA224B4EF8B2
:10186000043BDBD256F80C3033B9019B043B9E425B
:101870001A4630D3C8F81040404601F039F9002824
:1018800025DB013530464FF0000C57F8042BD0F81B
:1018900000E093B2ACEB0303120C13FA8EF3C2EB2D
:1018A0001E4202EB23429BB243EA0243B9454FEA90
:1018B000224C40F8043BE8D256F8242006EB84037F
:1018C0002AB9043B9E421A460BD3C8F8104028465A
:1018D00003B0BDE8F08F1268043B002ACAD1013C76
:1018E000C5E71268043B002AEFD1013CEAE700207B
:1018F000EEE7FFFFFFFFFFFF2DE9F04F57EC106B06
:1019000097B0456A069104460B921293DDF88080E9
:10191000CDE900673DB91020FFF740F96062C0E9EA
:1019200001550560C560636A196851B15A684A601B
:10193000012393408B60204600F0F8FE636A00228A
:101940001A603B1EBBBF23F000430193002301221A
:10195000ACBFC8F80030C8F80020AF4BDDF80480F9
:1019600033EA080314D1129A42F20F731360009BFA
:1019700023B9C8F31300002800F04285219BDFF84B
:10198000ACB2002B00F044850BF1030300F03EBD28
:10199000DDE900670022002330463946FEF7EAFC05
:1019A000814668B1129A01231360219B002B00F03D
:1019B00024859A4B219A03F1FF3B136000F028BD68
:1019C00014AA15A947EC106B204601F008F9C8F3DA
:1019D0000A550490002D7CD0C7F3130343F07F5BBE
:1019E000B2464BF4401BA5F2FF35CDF84C900022D7
:1019F0008B4B50465946FEF79DF881A3D3E900234F
:101A0000FEF750FA80A3D3E90023FEF795F80646C7
:101A100028460F46FEF7DCF97DA3D3E90023FEF745
:101A200041FA02460B4630463946FEF785F806462F
:101A30000F46FEF7E7FC0022824600233046394677
:101A4000FEF7A2FC48B15046FEF7C2F932463B46CB
:101A5000FEF790FC08B90AF1FF3ABAF1160F59D80F
:101A6000704901EBCA01DDE90023D1E90001FEF76D
:101A7000A9FC002850D00AF1FF3A00230F93149BD1
:101A80005D1BB5F1010849BFC5F1010300230593B2
:101A90004FF0000858BF0593BAF1000F3EDB00235A
:101AA000D044CDF838A00793069B092B00F2908014
:101AB000052BC4BF043B0693069BA3F10203CCBFD6
:101AC00000250125032B00F28F80DFE803F07D7FE6
:101AD0003171DDE914531D4405F23240202813DD35
:101AE000C0F14000009B08FA00F805F2124023FA0A
:101AF00000F048EA0000FEF75BF901238246A1F1FD
:101B0000F87B013D139372E7009BC0F1200003FABC
:101B100000F0F0E70123B1E70F90B0E7059BA3EBDE
:101B20000A030593CAF10003079300230E93BBE752
:101B300001230A930B9B002B59DD02939946666A99
:101B400000227260042202F114009842716853D995
:101B5000204600F0B7FD636A3060B9F10E0FD3F88C
:101B600000B000F2E680002D00F0E3809DED007BE8
:101B7000BAF1000F8DED107B74DD2A4A0AF00F03D5
:101B800002EBC30393ED007B4FEA2A16F0068DEDBE
:101B9000087B65D5244BDDE91001D3E90823FEF766
:101BA000ABFACDE9000106F00F0603251E4F4CE00D
:101BB00001230A930B9B534403F1010902934B4603
:101BC000012BB8BF0123BAE70023B2E70023F0E7F7
:101BD0000125002306930A954FF0FF33029399469F
:101BE000002212230B92AAE701230A93F4E70123B0
:101BF000029399461A46F5E7013171605200A2E757
:101C000061436F63A787D23FB3C8608B288AC63F02
:101C1000FB799F501344D33F0000F07FEB39010064
:101C20000000F83F4848010020480100B647010085
:101C3000F10708D5DDE90801D7E90023FEF732F9FD
:101C4000CDE90801013576100837002EF0D1DDE925
:101C50000823DDE90001FEF74FFACDE900011AE0A3
:101C60000225A3E700F0A080CAF100069F4BA04F19
:101C700006F00F0203EBC203D3E90023DDE91001F4
:101C8000FEF710F9CDE90001361100230225002EE0
:101C90007FD1002BE1D10F9B002B00F08780DDE985
:101CA00000670022934B30463946FEF76DFB002853
:101CB0007CD0B9F1000F79D0029B002B35DD0AF101
:101CC000FF330893394600228B4B3046FEF7EAF883
:101CD000CDE90001029F01352846FEF779F8DDE9DC
:101CE0000023FEF7DFF80022844BFDF725FF0546B1
:101CF000A1F15076002F5DD10022814BDDE900017A
:101D0000FDF718FF2A463346CDE90001FEF75AFBDE
:101D1000002840F088822A4606F10043DDE90001F0
:101D2000FEF732FB002840F07C82DDE91023CDE98C
:101D30000023159B002BC0F25081BAF10E0F00F367
:101D40004C816A4B03EBCA0393ED007B0B9B002B8A
:101D50008DED027B80F2D880B9F1000F00F3D480C2
:101D600040F05E820022664B51EC170BFEF79AF8AA
:101D7000DDE90023FEF71CFB4F464E46002840F0ED
:101D8000348231230BF101058BF800300AF1010A8E
:101D90002FE2F20705D5D7E90023FEF783F80135D6
:101DA00001237610083772E7022574E7CDF820A0EA
:101DB0004F4691E74D4B03EBC70353E902010A9BE2
:101DC000002B47D002460B4600204E49FEF794F9FF
:101DD0002A463346FDF7AEFECDE90C015D46DDE94E
:101DE0000001FEF70FFB0646FDF7F2FF02460B4629
:101DF000DDE90001FDF79EFE303605F8016BDDE9F7
:101E00000C23CDE90001FEF7BFFA002863D1DDE91C
:101E1000002300203749FDF78DFEDDE90C23FEF796
:101E2000B3FA002840F0B780A5EB0B039F427FF781
:101E30007CAF0022304BDDE90C01FEF733F80022C5
:101E4000CDE90C012C4BDDE90001FEF72BF8CDE9C3
:101E50000001C4E72A463346FEF724F8CDE90C0119
:101E60000BEB07055E46DDE90001FEF7CBFA0746FE
:101E7000FDF7AEFF303702460B46DDE90001FDF706
:101E800059FE06F8017BAE42CDE900014FF0000299
:101E900026D11C4BDDE90C01FDF74EFE02460B4638
:101EA000DDE90001FEF78EFA002874D1DDE90C238C
:101EB00000201449FDF73EFE02460B46DDE9000115
:101EC000FEF762FA00283FF430AF15F8013C302BE2
:101ED00005F1FF3202D0DDF820A04AE01546F4E714
:101EE000054BFDF7DFFFCDE90001BCE748480100E5
:101EF000204801000000F03F0000244000001C408A
:101F0000000014400000E03FDDE900675D46DDE9C8
:101F1000022330463946FEF7EFF8FEF773FA8046A3
:101F2000FDF756FFDDE90223FDF7BCFF02460B4635
:101F30003046394608F13006FDF7FCFD05F8016B27
:101F4000A5EB0B06B14502460B4639D1FDF7F4FD72
:101F5000DDE9022306460F46FEF734FAC8B9DDE98B
:101F6000022330463946FEF705FA10B118F0010F8A
:101F70000FD10499204600F0D9FB0023129A2B7050
:101F80000AF101031360219B002B00F041821D60C8
:101F90003EE2CDF820A015F8012C392A05F1FF33D7
:101FA00008D19B450AD1089B0133089330238BF855
:101FB00000305B461A7801321A708CE71D46EAE75A
:101FC00000229B4BFDF76EFF0022002306460F46C2
:101FD000FEF7D0F900289AD0CBE70A9A002A00F041
:101FE0008B80069A012A6EDC139A002A67D003F2CE
:101FF0003343079F059D059A01211A442046059207
:10200000984400F033FC0646002D0CDDB8F1000FBB
:1020100009DD4545059A2B46A8BF4346D21A0592CD
:10202000ED1AA8EB0308079BEBB10A9B002B67D0C6
:102030008FB131463A46204600F0B8FC049A01467A
:102040000646204600F01BFC04990890204600F04C
:102050006DFB089B0493079BDA1B04D00499204670
:1020600000F0A4FC04900121204600F0FFFB0E9B31
:102070000746002B00F0D0811A460146204600F0AA
:1020800095FC069B012B074640DC009B002B39D1B9
:10209000019BC3F31303002B36D1019B23F00043B4
:1020A0001B0D1B052BB1059B0133059308F101089E
:1020B000012307930E9B002B2AD1012030E0149BB3
:1020C000C3F1360395E7079B09F1FF37BB42BFBF5A
:1020D000079B0797FA1A0E9BBBBF9B180E93DF1B3B
:1020E0000027B9F1000FB5BF059B059DA3EB0905BE
:1020F0004B46B8BF00237EE7079F059D0A9E83E7F6
:10210000079AABE70023D4E7009BD2E700230793AD
:102110003B6907EB8303186900F05AFBC0F120000C
:10212000404410F01F0047D0C0F12003042B3BDDDA
:10213000059BC0F11C000344059305448044059BA6
:10214000002B05DD1A460499204600F07DFC049022
:10215000B8F1000F05DD39464246204600F074FC18
:1021600007460F9B53B33946049800F0C1FC002882
:1021700024DA00230A220499204600F0EEFA0A9B92
:1021800004900AF1FF3A002B00F04D810023314604
:102190000A22204600F0E1FA029B002B06464FDCA3
:1021A000069B022B4CDD11E0C9D0059A1C331A4462
:1021B00005921D449844C2E70346F6E7B9F1000FC3
:1021C00038DC069B022B35DDCDF80890029B63B905
:1021D00039460522204600F0C0FA01460746049819
:1021E00000F086FC00283FF7CCAD0B9B5D466FEA04
:1021F000030A4FF000093946204600F097FA002EF6
:102200003FF4B7AEB9F1000F05D0B14503D0494650
:10221000204600F08BFA3146204600F087FAA8E607
:1022200000273E46E1E7DDF820A03E46A9E500BFD5
:10223000000024400A9BCDF80890002B00F0FA80A3
:10224000002D05DD31462A46204600F0FDFB0646FE
:10225000079B002B4CD07168204600F033FA32699E
:1022600002320546920006F10C010C30FEF7B8FC74
:1022700001222946204600F0E7FB009BCDF814B070
:1022800003F00103B1460793064639460498FFF769
:10229000A4FA4946054600F13008049800F028FCED
:1022A000324600903946204600F03CFCC3680246A6
:1022B00003BB01460890049800F01AFC089A0346F4
:1022C00011462046089300F031FA089BA3B9069AFC
:1022D00092B9079A82B9B8F1390F29D0009B002B27
:1022E00001DD05F13108059B5D1C83F8008082E764
:1022F0003046C2E70123E3E7009A002A04DB25D138
:10230000069A1ABB079A0ABB002BECDD012204993E
:10231000204600F099FB3946049000F0E9FB0028C4
:1023200003DCE0D118F0010FDDD0B8F1390FD8D1BE
:10233000059B059A5D1C3923137015F8013C392B58
:1023400005F1FF324FD00133137054E7059A002B8B
:1023500002F1010506DDB8F1390FE9D008F10108F5
:10236000059BC2E7029A05F8018CA5EB0B0393428B
:1023700021D000230A220499204600F0EEF9B1454D
:1023800004904FF000034FF00A024946204605D161
:1023900000F0E3F981460646059576E700F0DDF9A1
:1023A0003146814600230A22204600F0D6F906462F
:1023B000F2E74FF0000901220499204600F044FBA7
:1023C0003946049000F094FB0028B6DC02D118F0E6
:1023D000010FB2D115F8013C302B05F1FF327FF42B
:1023E0000AAF1546F6E7934505D131230AF1010AF4
:1023F0008BF80030FFE615469FE7DFF864B007E092
:10240000219BDFF860B01BB10BF10803219A136028
:10241000584617B0BDE8F08F069B012B7FF735AE0D
:102420000E9B079349E6029B002B03DC069B022BC5
:102430003FF7CCAE5D4639460498FFF7CEF900F180
:10244000300805F8018B029AA5EB0B039A42B0DD28
:1024500000230A220499204600F07FF90490EAE75D
:10246000EA390100AD470100002310B50446C0E978
:102470000033836081814366C281C0E90433836194
:10248000194608225C30FEF7CFFB054B6362054B13
:10249000A362054BE362054B2462236310BD00BFBA
:1024A00001320100233201005B3201007F32010062
:1024B000014900F085B800BF5935010070B54A1ECA
:1024C000682555430E4605F17401FEF703FC0446EA
:1024D00040B10021C0E900160C30A06005F168028F
:1024E000FEF7A2FB204670BD836910B5044633BBDE
:1024F000C0E912330365124B124A1B68826298428C
:1025000004BF0123836100F01FF86060204600F0E3
:102510001BF8A060204600F017F80022E0600421BC
:102520006068FFF7A1FF01220921A068FFF79CFF67
:1025300002221221E068FFF797FF0123A36110BD7B
:1025400070460100B1240100F8B51B4B1E68B36949
:10255000074613B93046FFF7C7FF4836D6E90134BE
:10256000013B03D5336833B13668F7E7B4F90C5053
:102570006DB16834F4E704213846FFF79FFF3060FF
:102580000028F1D10C233B6004462046F8BD0B4BDC
:102590006566C4E90055A560C4E90335C4E905557D
:1025A0000822294604F15C00FEF73EFBC4E90D5504
:1025B000C4E91255E9E700BF704601000100FFFFC2
:1025C0002DE9F8438046894600F14804002614B9F5
:1025D0003046BDE8F883D4E90175013F01D5246890
:1025E000F5E7AB89012B07D9B5F90E30013303D0DC
:1025F00029464046C84706436835EEE7044B1B684A
:10260000186A044B002808BF1846F030704700BF16
:1026100098000020FC000020FFFFFFFFFFFFFFFFEE
:1026200001F0FF01102A2BDB10F0070F08D010F883
:10263000013B013A8B422DD010F0070F42B3F6D187
:10264000F0B441EA012141EA014122F007047FF0A0
:1026500000070023F0E80256083C85EA010586EAF7
:10266000010685FA47F5A3FA87F586FA47F6A5FA33
:1026700087F68EB9EED1F0BC01F0FF0102F007023F
:1026800032B110F8013B013A83EA010313B1F8D1EA
:102690000020704701387047002D06BF35460338CB
:1026A000073815F0010F07D1013015F4807F02BF04
:1026B000013015F4C03F0130F0BC0138704700BF55
:1026C0007047704770B5456A04460E463DB9102004
:1026D000FEF764FA6062C0E901550560C560656A8D
:1026E000EB6883B1636ADB6853F82600B8B901214F
:1026F00001FA06F56A1D9200204600F0BFFA60B1AB
:10270000C0E901650EE021220421204600F0B6FA5E
:10271000636AE860DB68002BE4D1002070BD0268CA
:1027200043F826200023C0E90333F7E770B5446A75
:1027300006460D463CB91020FEF730FA7062C0E93B
:1027400001440460C4603DB1736A6A68DB6853F891
:102750002210296043F8225070BD2DE9F0410D6927
:102760001F4606460C4601F1140C0023DCF800005D
:1027700081B202FB01710F0C000C02FB007089B2E8
:10278000013301EB00419D424FEA10474CF8041B16
:10279000ECDCD7B1A368AB4212DC61683046013192
:1027A000FFF790FF2269023204F10C01804692008B
:1027B0000C30FEF715FA21463046FFF7B7FF4446C6
:1027C00004EB850301355F6125612046BDE8F0819A
:1027D000020C12040346B2B90304102013F07F4F19
:1027E00004BF1B02083013F0704F04BF1B010430FC
:1027F00013F0404F04BF9B000230002B06DB5B0050
:1028000003D5013070470020E8E7202070470368B7
:1028100013F0070201460BD0DA0723D4980749BF0B
:102820005B089B0801200B605CBF0B6002207047B7
:1028300098B2A8B91B0C102013F0FF0F04BF1B0A9D
:1028400008301A0704BF1B0904309A0704BF9B080D
:102850000230DA0702D45B0806D001300B60704703
:102860001046E9E7002070472020704710B50C465D
:102870000121FFF727FF01224461026110BD2DE90C
:10288000F74F14460A6923699A42B8BF0B46884637
:10289000BCBFA0461C46D8F81070D4F81090D8F8E9
:1028A0000830D8F8041007EB0906B342B8BF01316D
:1028B000FFF708FF00F1140505EB860E2B460022FA
:1028C000734516D304F1140208F1140102EB8903D5
:1028D00001EB87070093009B019293420CD8002ED6
:1028E00003DD5EF8043D002B5DD0066103B0BDE85A
:1028F000F08F43F8042BE3E7B2F800B0BBF1000F10
:1029000023D08946AC464FF0000859F8044BDCF858
:1029100000A0A3B21FFA8AFA0BFB03A34FEA144AE2
:10292000DCF8004043444FEA14480BFB0A8404EBF4
:102930001344E2469BB243EA04434F454FEA14482E
:102940004AF8043B2BD8CCF80480019BB3F802A0D2
:102950000432BAF1000F20D02B688946A8464FF008
:10296000000BB9F800C0B8F802400AFB0C445C4404
:10297000C4469BB243EA04434CF8043B59F8043B79
:10298000B8F804B01B0C0AFB03B303EB14434F4528
:102990004FEA134B05D8C8F8043004359BE7D446FA
:1029A000B3E7E046DDE7013E99E7FFFF2DE9F84395
:1029B000154612F0030206460F4607D0013A214C95
:1029C000002354F82220FFF7C8FE0746AD1035D08B
:1029D000746A3CB91020FEF7E1F87062C0E9014466
:1029E0000460C460D6F82480D8F808404CB940F29E
:1029F00071213046FFF73AFF0023C8F8080004466B
:102A000003604FF00008EB070AD5394622463046EE
:102A1000FFF735FF394681463046FFF787FE4F46C0
:102A20006D100BD0206838B9224621463046FFF79A
:102A300026FF2060C0F800800446E4E73846BDE881
:102A4000F88300BF104901002DE9F0470C464FEA1A
:102A5000621A236949680AEB0309A3680746164608
:102A600009F10105AB4232DB3846FFF72BFE0023AC
:102A7000804600F114011A4653452BDB20692AEAEF
:102A8000EA7A04F1140316F01F0201EB8A0103EB4A
:102A9000800C25D0C2F1200E00201E688A46964088
:102AA00030434AF8040B53F8040B9C4520FA0EF00F
:102AB00014D8486008B109F10205013D3846C8F84C
:102AC00010502146FFF732FE4046BDE8F087013145
:102AD0005B00C7E741F823200133CDE75146DCE72F
:102AE000043953F8042B41F8042F9C45F9D8E4E746
:102AF00003690A699B1A30B50CD192001430143165
:102B00008418114454F8045D51F8042D954203D003
:102B100005D30123184630BDA042F3D3FAE74FF0A6
:102B2000FF33F7E72DE9F0470D46074611462846E3
:102B30001446FFF7DDFF061E08D131463846FFF781
:102B4000C1FD0123C0E90436BDE8F087A4BF2346D8
:102B50002C4638466168A6BF1D4600260126FFF7B1
:102B6000B1FD2B69C660266905F1140904F1140250
:102B700002EB860709EB830800F114054FF0000E05
:102B800052F804AB59F8044B1EFA8AF1A3B2C91AE1
:102B9000230CC3EB1A4303EB214389B24FEA234EC4
:102BA000C84541EA0343944645F8043BE8D8BC4590
:102BB00004D355F8043D83B10661C5E75CF8041BF6
:102BC0001EFA81F31A1402EB11429BB243EA02434C
:102BD0004FEA224E45F8043BE9E7013EE9E72DE9DB
:102BE000F7430E46012159EC108B1546FFF76AFD9D
:102BF000C9F30A540746C9F3130334BB0193B8F170
:102C0000000327D002A840F8083DFFF700FE009916
:102C1000F0B1019AC0F1200302FA03F30B43C24062
:102C20007B610192019BBB61002B14BF022101213A
:102C30003961C4B1A4F2334404443460C0F13500B6
:102C40002860384603B0BDE8F08343F48013D5E72D
:102C50007961E7E701A8FFF7DAFD019B7B610121BC
:102C600039612030E5E707EB8103A0F232403060A4
:102C70001869FFF7ADFDC0EB4110E1E738B502FB85
:102C800001F42146FEF726F8054618B12246002138
:102C9000FDF7CAFF284638BDF8B5074614460E466C
:102CA00021B91146BDE8F840FEF714B822B9FDF786
:102CB000C3FF25462846F8BD00F0EEFCA0420FD227
:102CC00021463846FEF706F805460028F2D0314680
:102CD0002246FDF785FF31463846FDF7ADFFE9E7AF
:102CE0003546E7E72DE9F0478E689E4282460C465E
:102CF0009046994637D88A8912F4906F31D025686A
:102D000009696F1A6569022305EB450595FBF3F523
:102D100009F101033B449D4238BF1D46530530D5A0
:102D20002946FDF7D7FF064650B90C23CAF80030F4
:102D3000A38943F04003A3814FF0FF30BDE8F08743
:102D40003A462169FDF74CFFA38923F4906343F0D1
:102D50008003A381266165613E44ED1B2660A5606A
:102D60004E464E4500D94E46324641462068FDF754
:102D700042FFA3689B1BA36023681E4426600020BB
:102D8000DCE72A46FFF788FF06460028E2D12169E2
:102D90005046FDF751FFC8E72DE9F04F9DB0804642
:102DA00003938B891D060C4616460FD50B696BB92C
:102DB0004021FDF78FFF2060206128B90C23C8F85F
:102DC00000304FF0FF30C7E04023636100230993D8
:102DD00020238DF8293030238DF82A304FF0010B55
:102DE00037463D4615F8013B0BB1252B3ED1B7EBDD
:102DF000060A0BD05346324621464046FFF772FF83
:102E0000013000F0A480099B534409933B78002BC8
:102E100000F09D8000234FF0FF32CDE9052304939D
:102E200007938DF853301A932F46052217F8011B8C
:102E30004F48FFF7F5FB049BD0B9D90644BF2022C9
:102E40008DF853201A0744BF2B228DF853202A787F
:102E50002A2A15D0079A2F4600200A25394611F84C
:102E6000013B303B092B4DD9B8B10FE02F46B8E7F5
:102E70003F4A801A0BFA00F0184304903D46D3E70E
:102E8000039A111D12680391002A01DB079204E0E6
:102E9000524243F00203079204933B782E2B0CD14D
:102EA0007B782A2B33D1039B1A1D1B680392002BBE
:102EB000B8BF4FF0FF33023705932E4D3978032208
:102EC0002846FFF7ADFB38B14023401B03FA00F062
:102ED000049B034301370493397827488DF8281061
:102EE00006227E1CFFF79CFB002838D0234B13BB27
:102EF000039B073323F0070308330393099B4B44D9
:102F000009936DE705FB023201200F46A6E7002377
:102F10000137059319460A25384610F8012B303A37
:102F2000092A03D9002BC8D00591C6E705FB01216A
:102F300001230746F0E703AB00932246104B04A998
:102F40004046FDF7B5FFB0F1FF3F8146D6D1A389DA
:102F50005B063FF536AF09981DB0BDE8F08F03ABB7
:102F600000932246064B04A94046FEF757FAEAE7CB
:102F70001C4901002249010026490100B10E01004F
:102F8000E52C01009368013B002B10B4936008DA34
:102F90009469A34201DB0A2903D15DF8044B00F0D8
:102FA00073B91368581C1060197008465DF8044B1B
:102FB0007047F8B506460F461446D518AC4201D105
:102FC000002007E03A4614F8011B3046FFF7DAFF0D
:102FD000431CF3D1F8BDFFFF2DE9F04F9DB00C4627
:102FE00017460393064618B183690BB9FFF77CFABD
:102FF0007B4B9C4257D17468A38918075DD5236920
:10300000002B5AD00023099320238DF82930302338
:103010008DF82A304FF0010BB846454615F8013BB4
:103020000BB1252B54D1B8EB070A0BD053463A46C7
:1030300021463046FFF7BDFF013000F0C280099BFA
:103040005344099398F80030002B00F0BA80002315
:103050004FF0FF32CDE90523049307938DF85330E9
:103060001A93A846052218F8011B5E48FFF7D8FA04
:10307000049B78BBD90644BF20228DF853201A0741
:1030800044BF2B228DF853202A782A2A2AD0079A67
:10309000A84600200A25414611F8013B303B092B88
:1030A00069D960B324E0504B9C4201D1B468A3E7D6
:1030B0004E4B9C4208BFF4689EE72146304600F024
:1030C00047F900289ED04FF0FF301DB0BDE8F08FCB
:1030D000A846A2E7434A801A0BFA00F0184304906E
:1030E0004546BEE7039A111D12680391002A01DBD1
:1030F000079204E0524243F002030792049398F8C7
:1031000000302E2B0ED198F801302A2B38D1039B9A
:103110001A1D1B680392002BB8BF4FF0FF3308F154
:1031200002080593324D98F8001003222846FFF755
:1031300077FA40B14023401B03FA00F0049B03439D
:1031400008F10108049398F800102A488DF8281017
:10315000062208F10107FFF763FA002837D0264B53
:103160001BBB039B073323F0070308330393099B1F
:103170004B44099350E705FB0232012088468AE759
:10318000002308F10108059319460A25404610F866
:10319000012B303A092A03D9002BC3D00591C1E78E
:1031A00005FB012101238046F0E703AB0093224693
:1031B000124B04A93046FDF77BFEB0F1FF3F81467C
:1031C000D5D1A3895B063FF57EAF09987DE703ABB8
:1031D00000932246094B04A93046FEF71FF9ECE79D
:1031E000DC4701001C490100FC470100BC4701000D
:1031F0002249010026490100B10E0100B32F010050
:1032000010B50C46B1F90E1000F04EFA0028ABBF15
:10321000636DA3891B1823F48053ACBF6365A3813E
:1032200010BD2DE9F0411F468B89DB0505460C4694
:10323000164605D502230022B1F90E1000F0B6F9AA
:10324000A389B4F90E1023F48053A38132463B4680
:103250002846BDE8F04100F069B810B50C46B1F958
:103260000E1000F0A3F9431CA38915BF606523F479
:10327000805343F48053A38118BFA38110BDB1F9DB
:103280000E1000F0D3B8FFFFF8B50E461446054601
:1032900018B183690BB9FFF727F9214B9C422AD15A
:1032A0006C68A369A360A3891A072ED5236963B349
:1032B00023692068C01A6369F6B28342374604DC8A
:1032C0002146284600F048F928BBA368013BA360CB
:1032D00023685A1C22601E7063690130834204D047
:1032E000A389DB0719D50A2E17D12146284600F0FD
:1032F00033F990B10FE00B4B9C4201D1AC68D0E7A1
:10330000094B9C4208BFEC68CBE72146284600F0F9
:103310001FF80028CCD04FF0FF373846F8BD00BF6B
:10332000DC470100FC470100BC47010038B5074CF1
:10333000054608461146002222601A46FAF756FA58
:10334000431C02D1236803B12B6038BDC41C00208C
:10335000324B70B51D6806460C4625B1AB6913B9F2
:103360002846FFF7C1F82E4B9C420FD16C68B4F988
:103370000C309AB215072CD4D00611D40922326031
:1033800043F04003A3814FF0FF303EE0254B9C42C9
:1033900001D1AC68EBE7244B9C4208BFEC68E6E740
:1033A000510712D5616B41B104F14403994202D037
:1033B0003046FDF741FC00236363A38923F0240317
:1033C000A3810023636023692360A38943F008037A
:1033D000A38123694BB9A38903F42073B3F5007F5C
:1033E00003D02146304600F017F9A28912F00103FC
:1033F0000CD00023A36063695B42A361236953B9C6
:10340000B4F90C3013F08000BAD170BD920758BFE8
:103410006369A360F2E70020F7E700BF980000208F
:10342000DC470100FC470100BC47010038B5064CF1
:10343000002305460846236000F06AF9431C02D1C8
:10344000236803B12B6038BDC41C00208A892DE994
:10345000F041054610070C4658D44B68002B05DC9C
:103460000B6C002B02DC0020BDE8F081E66A002E28
:10347000F9D0002312F480522F68216A2B6032D0D9
:10348000606DA3895A0705D56368C01A636B0BB1D9
:10349000236CC01A00230246E66A216A2846B04718
:1034A000431CA38906D129681D2948D8294ACA4046
:1034B000D60744D500226260D9042269226004D56F
:1034C000421C01D12B6803B96065616B2F60002934
:1034D000C9D004F14403994202D02846FDF7ACFB61
:1034E00000206063C0E701232846B047411CC8D1D3
:1034F0002B68002BC5D01D2B01D0162B01D12F60BE
:10350000B1E7A38943F04003A381ADE70F69002F22
:10351000A9D093070E6808BF4B690F6018BF00233E
:10352000A6EB07088B60B8F1000F9CDD43463A46D6
:10353000216AA66A2846B047002806DCA38943F022
:103540004003A3814FF0FF308EE70744A8EB00084B
:10355000E9E700BF0100402038B50B6905460C467D
:10356000DBB118B183690BB9FEF7BEFF0C4B9C426F
:1035700009D16C68B4F90C307BB121462846BDE80E
:103580003840FFF763BF074B9C4201D1AC68F1E7BD
:10359000054B9C4208BFEC68ECE7002038BD00BF3B
:1035A000DC470100FC470100BC47010038B5074C6F
:1035B000054608461146002222601A4600F0D0F85F
:1035C000431C02D1236803B12B6038BDC41C00200A
:1035D00070B50E46B1F90E10002996B014461D467E
:1035E00007DA00232B60B3891A0610D44FF48063E6
:1035F0000EE06A4600F06AF80028F2DB019A02F455
:103600007042A2F500535A425A412A60EEE7402325
:103610000020236016B070BD8B8973B59D070646E8
:103620000C4607D504F1470323602361012363613E
:1036300002B070BD01AB6A46FFF7CAFF00990546AC
:103640003046FDF747FB48B9B4F90C309A05EFD482
:1036500023F0030343F00203A381E3E70D4BB362BE
:10366000A389206043F08003A381009B6361019BD9
:1036700020615BB1B4F90E10304600F039F828B182
:10368000A38923F0030343F00103A381A3891D430E
:10369000A581CDE7B124010051F8043C181F002B8F
:1036A000BCBF0B58C018704738B5074C05460846D4
:1036B0001146002222601A4600F05AF8431C02D13B
:1036C000236803B12B6038BDC41C002038B5074CFB
:1036D0000023054608461146236000F021F8431CEC
:1036E00002D1236803B12B6038BD00BFC41C002089
:1036F00038B5064C002305460846236000F020F844
:10370000431C02D1236803B12B6038BDC41C0020C8
:10371000024B58221A604FF0FF307047C41C002043
:10372000024B58221A604FF0FF307047C41C002033
:10373000024B58221A604FF0FF307047C41C002023
:10374000024B58221A600020704700BFC41C0020A2
:10375000024B58221A604FF0FF307047C41C002003
:10376000024B58221A604FF0FF307047C41C0020F3
:10377000024B58221A604FF0FF307047C41C0020E3
:10378000FEE700BF4275696C742077697468205247
:10379000656E6573617320416476616E6365642054
:1037A000466C657869626C6520536F6674776172E8
:1037B00065205061636B6167652076657273696F20
:1037C0006E20342E302E3000342E302E300000008B
:1037D00000000004F8B500BFF8BC08BC9E46704766
:1037E000F8B500BFF8BC08BC9E467047000000005A
:1037F000000000001B410000154100000D410000C9
:10380000CDCCCC3D0AD7233C17B7D13877CC2B325F
:103810009595E6241FB14F0A000020410000C842E0
:1038200000401C4620BCBE4CCA1B0E5AAEC59D743F
:103830009A9999999999B93F7B14AE47E17A843F57
:103840002D431CEBE2361A3F3A8C30E28E79453E2E
:10385000BC89D897B2D29C3C33A7A8D523F6493966
:103860003DA7F444FD0FA5329D978CCF08BA5B2588
:10387000436FAC642806C80A000000000000244022
:103880000000000000005940000000000088C34014
:103890000000000084D797410080E03779C341439E
:1038A000176E05B5B5B89346F5F93FE9034F384DA6
:1038B000321D30F94877825A3CBF737FDD4F157552
:1038C000696E76616C69645F636865636B73756D5F
:1038D00000696E76616C69645F6A736F6E00636F16
:1038E0006D6D616E640063616C6962726174655FC5
:1038F0006E65757472616C00756E6B6E6F776E5F5E
:103900006D65737361676500636F6D6D616E645F94
:103910007761746368646F67006573746F705F6F5D
:1039200070656E006A315F7370656564006A325F4E
:10393000646567006A335F646567006A345F73704B
:10394000656564006A355F73706565640074696DF0
:10395000656F75745F6D7300636F6E74696E756FFC
:1039600075735F77696E646F775F6D7300747970DC
:10397000650074656C656D6574727900656E616271
:103980006C6564006C696D69747300766F6C74614A
:1039900067650063757272656E74002C22636865DA
:1039A000636B223A007D0A007D00636865636B00EB
:1039B0006A6F696E74004A31004A34004A350070FB
:1039C000756C73655F757300656E61626C6500731D
:1039D000657100020304050607FFFFFFC800000031
:1039E0006E756C6C005C7530303030002F2F2727DF
:1039F00022225C5C6208660C6E0A720D7409007407
:103A00007275650066616C7365006C696E655F74E4
:103A10006F6F5F6C6F6E6700140082815400C2810B
:103A200094008280D4801401C2809401C283D48126
:103A300014829402C2819405520944008200090054
:103A400051080C8054055201460042000B005708F3
:103A50000E8014051C00920811008B081080D404FD
:103A60001A0092001780520842000980520002801A
:103A7000128812801A00520051004B0A4E801C001E
:103A80005208C2009700490A4C80D20002019100FE
:103A9000510A5080D20851088B801209040011008D
:103AA000510A50801201440042000B00578A460020
:103AB000020009801208C2004988120082004B8867
:103AC000120982018900578A120142018B80D28932
:103AD000D201428292090600420117004B889209E6
:103AE000420109000C80920102010B000E801404B7
:103AF000928054049208C2024B889404D2080203B4
:103B000049881E005482920104000200118052096B
:103B1000C2015700498AFFFF01030000C03A0100BB
:103B200002030000C83A010004010000663A0100E7
:103B3000050100006C3A010006010000703A010026
:103B400007010000723A01000B0100008A3A0100EF
:103B50000C010000943A010004030000D03A010077
:103B600003030000CE3A0100030100005E3A0100A9
:103B70000B040000E63A01000A040000DE3A0100EE
:103B800002010000523A01000E000000023B010059
:103B900000000000183A0100010000001C3A01007A
:103BA00002000000203A010001010000443A010037
:103BB00000010000363A010000050000EE3A010065
:103BC000080400000E3B010009010000743A0100E6
:103BD0000A0100007E3A010001050000F23A0100EE
:103BE00002050000FA3A010000040000063B010053
:103BF00001040000D43A010003000000243A01004F
:103C000004000000263A01000B0000002A3A0100DF
:103C10000C0000002E3A01000D000000303A0100B7
:103C20000F000000323A0100040200009A3A01003D
:103C300005020000A43A010006020000AE3A0100AD
:103C40000C020000B43A01000D020000BA3A010073
:103C50000403010C00091408111C101918FFFFFFC0
:103C600006000800100018002000400060008000DE
:103C700000018001000200040008FFFF0A090000A3
:103C80000A0900003F0B00000100020008001000BC
:103C900000000000000000003DBF0000A9CA0000B5
:103CA00009BF00001BBF00009FBF000061C00000F3
:103CB00025BF000011BF000031C2000071BF00002D
:103CC0000DBF00000C0A080E101802191D1F01FF7D
:103CD0000000000000000000B9C80000636D5F62D2
:103CE00061636B74726163655F6661756C740069B2
:103CF0006E69745F6F6B00282573292068617320DB
:103D0000617373657274206661696C6564206174A7
:103D10002025732E00216F6E5F6661756C740046FE
:103D200061756C74206F6E20696E74657272757047
:103D300074206F722062617265206D6574616C28F9
:103D40006E6F204F532920656E7669726F6E6D65B8
:103D50006E74003D3D3D3D3D3D3D3D3D3D3D3D3D68
:103D60003D3D3D3D3D3D205265676973746572730D
:103D700020696E666F726D6174696F6E203D3D3DA6
:103D80003D3D3D3D3D3D3D3D3D3D3D3D3D3D3D3D63
:103D90003D00202025733A202530387820202573D7
:103DA0003A2025303878202025733A20253038787D
:103DB000202025733A2025303878003D3D3D3D3D9B
:103DC0003D3D3D3D3D3D3D3D3D3D3D3D3D3D3D3D23
:103DD0003D3D3D3D3D3D3D3D3D3D3D3D3D3D3D3D13
:103DE0003D3D3D3D3D3D3D3D3D3D3D3D3D3D3D3D03
:103DF0003D3D3D3D3D3D3D3D3D0048617264206699
:103E000061756C74206973206361757365642062E9
:103E100079206661696C656420766563746F7220D1
:103E20006665746368004D656D6F7279206D616EB3
:103E30006167656D656E74206661756C7420697369
:103E40002063617573656420627920696E73747292
:103E5000756374696F6E206163636573732076693F
:103E60006F6C6174696F6E004D656D6F7279206D56
:103E7000616E6167656D656E74206661756C742036
:103E8000697320636175736564206279206461746D
:103E900061206163636573732076696F6C61746917
:103EA0006F6E004D656D6F7279206D616E61676533
:103EB0006D656E74206661756C7420697320636132
:103EC0007573656420627920756E737461636B69C4
:103ED0006E67206572726F72004D656D6F7279202A
:103EE0006D616E6167656D656E74206661756C7479
:103EF000206973206361757365642062792073742F
:103F000061636B696E67206572726F72004D656DDB
:103F10006F7279206D616E6167656D656E74206684
:103F200061756C74206973206361757365642062C8
:103F30007920666C6F6174696E672D706F696E743D
:103F4000206C617A79207374617465207072657376
:103F50006572766174696F6E00546865206D656D79
:103F60006F7279206D616E6167656D656E74206634
:103F700061756C74206F636375727265642061642F
:103F80006472657373206973202530387800427538
:103F900073206661756C7420697320636175736545
:103FA0006420627920696E737472756374696F6ED0
:103FB000206163636573732076696F6C6174696FE8
:103FC0006E00427573206661756C7420697320639E
:103FD00061757365642062792070726563697365C9
:103FE0002064617461206163636573732076696F17
:103FF0006C6174696F6E00427573206661756C74D4
:104000002069732063617573656420627920696D2E
:1040100070726563697365206461746120616363B4
:104020006573732076696F6C6174696F6E00427599
:1040300073206661756C74206973206361757365A4
:104040006420627920756E737461636B696E67209A
:104050006572726F7200427573206661756C7420B0
:10406000697320636175736564206279207374617C
:10407000636B696E67206572726F720042757320A0
:104080006661756C74206973206361757365642063
:10409000627920666C6F6174696E672D706F696EEE
:1040A00074206C617A792073746174652070726514
:1040B000736572766174696F6E005468652062750D
:1040C00073206661756C74206F63637572726564CA
:1040D00020616464726573732069732025303878B9
:1040E000005573616765206661756C742069732083
:1040F00063617573656420627920617474656D70A5
:10410000747320746F206578656375746520616EC3
:1041100020756E646566696E656420696E7374727D
:10412000756374696F6E00557361676520666175AC
:104130006C742069732063617573656420627920F3
:10414000617474656D70747320746F207377697413
:10415000636820746F20616E20696E76616C69649B
:104160002073746174652028652E672E2C204152BF
:104170004D29005573616765206661756C7420690F
:10418000732063617573656420627920617474655E
:104190006D70747320746F20646F20616E20657879
:1041A00063657074696F6E2077697468206120623E
:1041B00061642076616C756520696E207468652085
:1041C0004558435F52455455524E206E756D626599
:1041D00072005573616765206661756C7420697340
:1041E0002063617573656420627920617474656D04
:1041F00070747320746F20657865637574652061D1
:1042000020636F70726F636573736F7220696E7372
:104210007472756374696F6E0055736167652066AB
:1042200061756C74206973206361757365642062C5
:104230007920696E64696361746573207468617460
:1042400020616E20756E616C69676E6564206163C4
:1042500063657373206661756C7420686173207484
:10426000616B656E20706C61636500557361676595
:10427000206661756C742069732063617573656471
:1042800020627920496E64696361746573206120DE
:10429000646976696465206279207A65726F206846
:1042A00061732074616B656E20706C61636520289A
:1042B00063616E20626520736574206F6E6C792077
:1042C0006966204449565F305F545250206973201C
:1042D00073657429004465627567206661756C7446
:1042E0002069732063617573656420627920686159
:1042F0006C742072657175657374656420696E20D5
:104300004E564943004465627567206661756C745A
:104310002069732063617573656420627920424B64
:10432000505420696E737472756374696F6E206582
:1043300078656375746564004465627567206661BD
:10434000756C74206973206361757365642062798C
:1043500020445754206D61746368206F63637572E5
:10436000726564004465627567206661756C7420CF
:104370006973206361757365642062792056656393
:10438000746F72206665746368206F636375727200
:104390006564004465627567206661756C742069A8
:1043A00073206361757365642062792045444247D8
:1043B0005251207369676E616C206173736572740A
:1043C0006564004669726D77617265206E616D6526
:1043D0003A2025732C20636F6D70696C6564206FC3
:1043E0006E3A202573004552524F523A20556E6165
:1043F000626C6520746F2067657420746865206D39
:1044000061696E20737461636B20696E666F726D93
:104410006174696F6E2C20706C65617365206368D0
:1044200065636B2074686520636F6E66696775727B
:104430006174696F6E206F6620746865206D6169B4
:104440006E20737461636B004572726F723A204D17
:1044500061696E20737461636B2825303878292078
:10446000776173206F766572666C6F77000D0A0056
:104470003D3D3D3D3D20546872656164207374612B
:10448000636B20696E666F726D6174696F6E203D3B
:104490003D3D3D3D002020616464723A2025303866
:1044A0007820202020646174613A2025303878001B
:1044B0002530386C78002E656C660053686F772065
:1044C0006D6F72652063616C6C20737461636B2027
:1044D000696E666F2062792072756E3A206164643D
:1044E00072326C696E65202D652025732573202D31
:1044F00061202D662025730044756D702063616C0A
:104500006C20737461636B2068617320616E206539
:1045100072726F72005231200052302000523320EC
:1045200000523220004C522000523132005053527F
:1045300000504320004D6172202036203230323648
:10454000000052410022433A5C55736572735C6B04
:104550006F68616B5C417070446174615C4C6F6347
:10456000616C5C61726475696E6F5C736B657463BA
:104570006865735C324432384232344132304142F1
:104580004438303936323630463538444542463084
:10459000444537332F736B657463685F66656231BA
:1045A00039612E696E6F220089DA0000DDDA0000C1
:1045B0000DDB0000B1DB00006DDC0000000000003E
:1045C0007DDD00006DDD000085DD000049DE0000BE
:1045D00029E00000000000000000000000000000D2
:1045E00033F70000D7F7000055F7000061F700002F
:1045F00049F700009FF700006DF7000027F7000063
:1046000021F7000031F7000039F80000FE39010001
:10461000244601002C460100361C002038460100CB
:104620004146010041726475696E6F00554E4F201E
:10463000523420576946690043444320506F7274D6
:10464000004446552D525420506F727400000000F3
:10465000000000000000000000000000000000005A
:1046600000000000000000000000000000FFFFFF4D
:104670009C000020504F53495800494E4600696E37
:1046800066004E414E006E616E003031323334357B
:1046900036373839414243444546003031323334AD
:1046A0003536373839616263646566000020202042
:1046B00020202020202028282828282020202020D2
:1046C00020202020202020202020202020881010A2
:1046D00010101010101010101010101010040404FE
:1046E00004040404040404101010101010104141BC
:1046F00041414141010101010101010101010101AA
:1047000001010101010101011010101010104242BD
:104710004242424202020202020202020202020279
:104720000202020202020202101010102000000019
:104730000000000000000000000000000000000079
:104740000000000000000000000000000000000069
:104750000000000000000000000000000000000059
:104760000000000000000000000000000000000049
:104770000000000000000000000000000000000039
:104780000000000000000000000000000000000029
:104790000000000000000000000000000000000019
:1047A00000000000000000000000000000496E66EC
:1047B000696E697479004E614E00FFFF00000000D1
:1047C00000000000000000000000000000000000E9
:1047D00000000000000000000000000000000000D9
:1047E00000000000000000000000000000000000C9
:1047F00000000000000000000000000000000000B9
:1048000000000000000000000000000000000000A8
:10481000000000000000000000000000FFFFFFFF9C
:104820000080E03779C34143176E05B5B5B89346AC
:10483000F5F93FE9034F384D321D30F94877825A78
:104840003CBF737FDD4F1575000000000000F03F96
:10485000000000000000244000000000000059405B
:104860000000000000408F40000000000088C340AE
:1048700000000000006AF8400000000080842E4123
:1048800000000000D01263410000000084D797416F
:104890000000000065CDCD41000000205FA0024275
:1048A000000000E876483742000000A2941A6D42EA
:1048B000000040E59C30A2420000901EC4BCD642DD
:1048C00000003426F56B0C430080E03779C3414388
:1048D00000A0D8855734764300C84E676DC1AB43FE
:1048E000003D9160E458E143408CB5781DAF15441C
:1048F00050EFE2D6E41A4B4492D54D06CFF08044F7
:10490000F64AE1C7022DB544B49DD9794378EA440B
:1049100005000000190000007D000000232D302B51
:104920002000686C4C0065666745464700FFFFFF46
:044930000000000083
:10493C00F4370100000000000000B4420000B44253
:10494C000000000000000000C80000000000000093
:10495C0000000000C8000000C80000002C0100008E
:10496C00DC050000DC050000DC050000DC050000B7
:10497C00DC05000000000000FC080000FC08000042
:10498C00000000000000000000000000BC0200005D
:10499C00BC0200000000000000000000C800000085
:1049AC00FF0C00000A000000FF000000000009409E
:1049BC000A00000001120100020202014041236DB5
:1049CC0000000101020301009C0000200000000017
:1049DC00DC470100FC470100BC470100000000005F
:1049EC0000000000000000000000000000000000BB
:1049FC0000000000000000000000000000000000AB
:104A0C00000000000000000000000000000000009A
:104A1C00000000000000000000000000000000008A
:104A2C000000000000000000000000004300000037
:104A3C00000000000000000000000000000000006A
:104A4C000000000000000000000000004300000017
:104A5C00000000000000000000000000000000004A
:104A6C0000000000000000000000000043000000F7
:104A7C00000000000000000000000000000000002A
:104A8C0000000000000000000000000043000000D7
:104A9C00000000000000000000000000000000000A
:104AAC0000000000000000000000000043000000B7
:104ABC0000000000000000000000000000000000EA
:104ACC000000000000000000000000004300000097
:104ADC0000000000000000000000000000000000CA
:104AEC000000000000000000000000004300000077
:104AFC0000000000000000000000000000000000AA
:104B0C00000000000000000000000000C1170100C0
:104B1C00BD0B010000000000AC460100133D01007C
:104B2C00FE390100FE390100FE390100FE39010099
:104B3C00FE390100FE390100FE390100FE39010089
:104B4C00FE390100FFFFFFFFFFFFFFFFFFFFFFFF2D
:104B5C00FFFF0000010041534349490000000000E1
:104B6C000000000000000000000000000000000039
:104B7C0000000000000041534349490000000000C0
:104B8C000000000000000000000000000000000019
:104B9C000000000000000000E54000007D6D0000FA
:104BAC002D720000D1BE0000F9C3000015C4000036
:104BBC0031C400004DC400003DC8000081CA000093
:104BCC0039D60000C1D80000DDF80000C14000005B
:104BDC00BD6D000039720000E5BE000059C4000034
:084BEC0089C80000CDD80000CB
:040000030000A875DC
:00000001FF
