solid 
 facet normal -1.000000e+00  0.000000e+00  0.000000e+00
   outer loop
     vertex  0.000000e+00  0.000000e+00  5.000000e+00
     vertex  0.000000e+00  1.000000e+01  0.000000e+00
     vertex  0.000000e+00  0.000000e+00  0.000000e+00
   endloop
 endfacet
 facet normal -1.000000e+00  0.000000e+00  0.000000e+00
   outer loop
     vertex  0.000000e+00  0.000000e+00  5.000000e+00
     vertex  0.000000e+00  1.000000e+01  5.000000e+00
     vertex  0.000000e+00  1.000000e+01  0.000000e+00
   endloop
 endfacet
 facet normal  0.000000e+00 -1.000000e+00 -0.000000e+00
   outer loop
     vertex  6.400000e+01  0.000000e+00  5.000000e+00
     vertex  0.000000e+00  0.000000e+00  0.000000e+00
     vertex  6.400000e+01  0.000000e+00  0.000000e+00
   endloop
 endfacet
 facet normal -0.000000e+00 -1.000000e+00  0.000000e+00
   outer loop
     vertex  6.400000e+01  0.000000e+00  5.000000e+00
     vertex  0.000000e+00  0.000000e+00  5.000000e+00
     vertex  0.000000e+00  0.000000e+00  0.000000e+00
   endloop
 endfacet
 facet normal  0.000000e+00  0.000000e+00  1.000000e+00
   outer loop
     vertex  4.538174e+00  3.737471e+00  5.000000e+00
     vertex  4.504141e+00  3.771043e+00  5.000000e+00
     vertex  0.000000e+00  0.000000e+00  5.000000e+00
   endloop
 endfacet
 facet normal  0.000000e+00  0.000000e+00  1.000000e+00
   outer loop
     vertex  4.471037e+00  3.805532e+00  5.000000e+00
     vertex  0.000000e+00  0.000000e+00  5.000000e+00
     vertex  4.504141e+00  3.771043e+00  5.000000e+00
   endloop
 endfacet
 facet normal  0.000000e+00  0.000000e+00  1.000000e+00
   outer loop
     vertex  4.573112e+00  3.704842e+00  5.000000e+00
     vertex  4.538174e+00  3.737471e+00  5.000000e+00
     vertex  0.000000e+00  0.000000e+00  5.000000e+00
   endloop
 endfacet
 facet normal  0.000000e+00  0.000000e+00  1.000000e+00
   outer loop
     vertex  4.438888e+00  3.840912e+00  5.000000e+00
     vertex  0.000000e+00  0.000000e+00  5.000000e+00
     vertex  4.471037e+00  3.805532e+00  5.000000e+00
   endloop
 endfacet
 facet normal  0.000000e+00  0.000000e+00  1.000000e+00
   outer loop
     vertex  4.608928e+00  3.673178e+00  5.000000e+00
     vertex  4.573112e+00  3.704842e+00  5.000000e+00
     vertex  0.000000e+00  0.000000e+00  5.000000e+00
   endloop
 endfacet
 facet normal  0.000000e+00  0.000000e+00  1.000000e+00
   outer loop
     vertex  4.407717e+00  3.877158e+00  5.000000e+00
     vertex  0.000000e+00  0.000000e+00  5.000000e+00
     vertex  4.438888e+00  3.840912e+00  5.000000e+00
   endloop
 endfacet
 facet normal  0.000000e+00  0.000000e+00  1.000000e+00
   outer loop
     vertex  4.645596e+00  3.642505e+00  5.000000e+00
     vertex  4.608928e+00  3.673178e+00  5.000000e+00
     vertex  0.000000e+00  0.000000e+00  5.000000e+00
   endloop
 endfacet
 facet normal  0.000000e+00  0.000000e+00  1.000000e+00
   outer loop
     vertex  4.377547e+00  3.914241e+00  5.000000e+00
     vertex  0.000000e+00  0.000000e+00  5.000000e+00
     vertex  4.407717e+00  3.877158e+00  5.000000e+00
   endloop
 endfacet
 facet normal  0.000000e+00  0.000000e+00  1.000000e+00
   outer loop
     vertex  4.683088e+00  3.612845e+00  5.000000e+00
     vertex  4.645596e+00  3.642505e+00  5.000000e+00
     vertex  0.000000e+00  0.000000e+00  5.000000e+00
   endloop
 endfacet
 facet normal  0.000000e+00  0.000000e+00  1.000000e+00
   outer loop
     vertex  4.348402e+00  3.952134e+00  5.000000e+00
     vertex  0.000000e+00  0.000000e+00  5.000000e+00
     vertex  4.377547e+00  3.914241e+00  5.000000e+00
   endloop
 endfacet
 facet normal  0.000000e+00  0.000000e+00  1.000000e+00
   outer loop
     vertex  4.721376e+00  3.584220e+00  5.000000e+00
     vertex  4.683088e+00  3.612845e+00  5.000000e+00
     vertex  0.000000e+00  0.000000e+00  5.000000e+00
   endloop
 endfacet
 facet normal  0.000000e+00  0.000000e+00  1.000000e+00
   outer loop
     vertex  4.320303e+00  3.990809e+00  5.000000e+00
     vertex  0.000000e+00  0.000000e+00  5.000000e+00
     vertex  4.348402e+00  3.952134e+00  5.000000e+00
   endloop
 endfacet
 facet normal  0.000000e+00  0.000000e+00  1.000000e+00
   outer loop
     vertex  4.760431e+00  3.556652e+00  5.000000e+00
     vertex  4.721376e+00  3.584220e+00  5.000000e+00
     vertex  0.000000e+00  0.000000e+00  5.000000e+00
   endloop
 endfacet
 facet normal  0.000000e+00  0.000000e+00  1.000000e+00
   outer loop
     vertex  4.293270e+00  4.030238e+00  5.000000e+00
     vertex  0.000000e+00  0.000000e+00  5.000000e+00
     vertex  4.320303e+00  3.990809e+00  5.000000e+00
   endloop
 endfacet
 facet normal  0.000000e+00  0.000000e+00  1.000000e+00
   outer loop
     vertex  4.800225e+00  3.530161e+00  5.000000e+00
     vertex  4.760431e+00  3.556652e+00  5.000000e+00
     vertex  0.000000e+00  0.000000e+00  5.000000e+00
   endloop
 endfacet
 facet normal  0.000000e+00  0.000000e+00  1.000000e+00
   outer loop
     vertex  4.267325e+00  4.070390e+00  5.000000e+00
     vertex  0.000000e+00  0.000000e+00  5.000000e+00
     vertex  4.293270e+00  4.030238e+00  5.000000e+00
   endloop
 endfacet
 facet normal  0.000000e+00  0.000000e+00  1.000000e+00
   outer loop
     vertex  4.840728e+00  3.504766e+00  5.000000e+00
     vertex  4.800225e+00  3.530161e+00  5.000000e+00
     vertex  0.000000e+00  0.000000e+00  5.000000e+00
   endloop
 endfacet
 facet normal  0.000000e+00  0.000000e+00  1.000000e+00
   outer loop
     vertex  4.242486e+00  4.111236e+00  5.000000e+00
     vertex  0.000000e+00  0.000000e+00  5.000000e+00
     vertex  4.267325e+00  4.070390e+00  5.000000e+00
   endloop
 endfacet
 facet normal  0.000000e+00  0.000000e+00  1.000000e+00
   outer loop
     vertex  4.881909e+00  3.480487e+00  5.000000e+00
     vertex  4.840728e+00  3.504766e+00  5.000000e+00
     vertex  0.000000e+00  0.000000e+00  5.000000e+00
   endloop
 endfacet
 facet normal  0.000000e+00  0.000000e+00  1.000000e+00
   outer loop
     vertex  4.218772e+00  4.152745e+00  5.000000e+00
     vertex  0.000000e+00  0.000000e+00  5.000000e+00
     vertex  4.242486e+00  4.111236e+00  5.000000e+00
   endloop
 endfacet
 facet normal  0.000000e+00  0.000000e+00  1.000000e+00
   outer loop
     vertex  4.923738e+00  3.457343e+00  5.000000e+00
     vertex  4.881909e+00  3.480487e+00  5.000000e+00
     vertex  0.000000e+00  0.000000e+00  5.000000e+00
   endloop
 endfacet
 facet normal  0.000000e+00  0.000000e+00  1.000000e+00
   outer loop
     vertex  4.196201e+00  4.194886e+00  5.000000e+00
     vertex  0.000000e+00  0.000000e+00  5.000000e+00
     vertex  4.218772e+00  4.152745e+00  5.000000e+00
   endloop
 endfacet
 facet normal  0.000000e+00  0.000000e+00  1.000000e+00
   outer loop
     vertex  4.966184e+00  3.435349e+00  5.000000e+00
     vertex  4.923738e+00  3.457343e+00  5.000000e+00
     vertex  0.000000e+00  0.000000e+00  5.000000e+00
   endloop
 endfacet
 facet normal  0.000000e+00  0.000000e+00  1.000000e+00
   outer loop
     vertex  4.174789e+00  4.237628e+00  5.000000e+00
     vertex  0.000000e+00  0.000000e+00  5.000000e+00
     vertex  4.196201e+00  4.194886e+00  5.000000e+00
   endloop
 endfacet
 facet normal  0.000000e+00  0.000000e+00  1.000000e+00
   outer loop
     vertex  5.009215e+00  3.414523e+00  5.000000e+00
     vertex  4.966184e+00  3.435349e+00  5.000000e+00
     vertex  0.000000e+00  0.000000e+00  5.000000e+00
   endloop
 endfacet
 facet normal  0.000000e+00  0.000000e+00  1.000000e+00
   outer loop
     vertex  4.154553e+00  4.280939e+00  5.000000e+00
     vertex  0.000000e+00  0.000000e+00  5.000000e+00
     vertex  4.174789e+00  4.237628e+00  5.000000e+00
   endloop
 endfacet
 facet normal  0.000000e+00  0.000000e+00  1.000000e+00
   outer loop
     vertex  5.052798e+00  3.394880e+00  5.000000e+00
     vertex  5.009215e+00  3.414523e+00  5.000000e+00
     vertex  0.000000e+00  0.000000e+00  5.000000e+00
   endloop
 endfacet
 facet normal  0.000000e+00  0.000000e+00  1.000000e+00
   outer loop
     vertex  4.135507e+00  4.324787e+00  5.000000e+00
     vertex  0.000000e+00  0.000000e+00  5.000000e+00
     vertex  4.154553e+00  4.280939e+00  5.000000e+00
   endloop
 endfacet
 facet normal  0.000000e+00  0.000000e+00  1.000000e+00
   outer loop
     vertex  5.096902e+00  3.376435e+00  5.000000e+00
     vertex  5.052798e+00  3.394880e+00  5.000000e+00
     vertex  0.000000e+00  0.000000e+00  5.000000e+00
   endloop
 endfacet
 facet normal  0.000000e+00  0.000000e+00  1.000000e+00
   outer loop
     vertex  4.117666e+00  4.369138e+00  5.000000e+00
     vertex  0.000000e+00  0.000000e+00  5.000000e+00
     vertex  4.135507e+00  4.324787e+00  5.000000e+00
   endloop
 endfacet
 facet normal  0.000000e+00  0.000000e+00  1.000000e+00
   outer loop
     vertex  5.141493e+00  3.359202e+00  5.000000e+00
     vertex  5.096902e+00  3.376435e+00  5.000000e+00
     vertex  0.000000e+00  0.000000e+00  5.000000e+00
   endloop
 endfacet
 facet normal  0.000000e+00  0.000000e+00  1.000000e+00
   outer loop
     vertex  4.101043e+00  4.413961e+00  5.000000e+00
     vertex  0.000000e+00  0.000000e+00  5.000000e+00
     vertex  4.117666e+00  4.369138e+00  5.000000e+00
   endloop
 endfacet
 facet normal  0.000000e+00  0.000000e+00  1.000000e+00
   outer loop
     vertex  5.186538e+00  3.343193e+00  5.000000e+00
     vertex  5.141493e+00  3.359202e+00  5.000000e+00
     vertex  0.000000e+00  0.000000e+00  5.000000e+00
   endloop
 endfacet
 facet normal  0.000000e+00  0.000000e+00  1.000000e+00
   outer loop
     vertex  4.085651e+00  4.459220e+00  5.000000e+00
     vertex  0.000000e+00  0.000000e+00  5.000000e+00
     vertex  4.101043e+00  4.413961e+00  5.000000e+00
   endloop
 endfacet
 facet normal  0.000000e+00  0.000000e+00  1.000000e+00
   outer loop
     vertex  5.232004e+00  3.328420e+00  5.000000e+00
     vertex  5.186538e+00  3.343193e+00  5.000000e+00
     vertex  0.000000e+00  0.000000e+00  5.000000e+00
   endloop
 endfacet
 facet normal  0.000000e+00  0.000000e+00  1.000000e+00
   outer loop
     vertex  4.071501e+00  4.504883e+00  5.000000e+00
     vertex  0.000000e+00  0.000000e+00  5.000000e+00
     vertex  4.085651e+00  4.459220e+00  5.000000e+00
   endloop
 endfacet
 facet normal  0.000000e+00  0.000000e+00  1.000000e+00
   outer loop
     vertex  5.277856e+00  3.314895e+00  5.000000e+00
     vertex  5.232004e+00  3.328420e+00  5.000000e+00
     vertex  0.000000e+00  0.000000e+00  5.000000e+00
   endloop
 endfacet
 facet normal  0.000000e+00  0.000000e+00  1.000000e+00
   outer loop
     vertex  4.058603e+00  4.550916e+00  5.000000e+00
     vertex  0.000000e+00  0.000000e+00  5.000000e+00
     vertex  4.071501e+00  4.504883e+00  5.000000e+00
   endloop
 endfacet
 facet normal  0.000000e+00  0.000000e+00  1.000000e+00
   outer loop
     vertex  5.324060e+00  3.302627e+00  5.000000e+00
     vertex  5.277856e+00  3.314895e+00  5.000000e+00
     vertex  0.000000e+00  0.000000e+00  5.000000e+00
   endloop
 endfacet
 facet normal  0.000000e+00  0.000000e+00  1.000000e+00
   outer loop
     vertex  4.046968e+00  4.597284e+00  5.000000e+00
     vertex  0.000000e+00  0.000000e+00  5.000000e+00
     vertex  4.058603e+00  4.550916e+00  5.000000e+00
   endloop
 endfacet
 facet normal  0.000000e+00  0.000000e+00  1.000000e+00
   outer loop
     vertex  5.370582e+00  3.291626e+00  5.000000e+00
     vertex  5.324060e+00  3.302627e+00  5.000000e+00
     vertex  0.000000e+00  0.000000e+00  5.000000e+00
   endloop
 endfacet
 facet normal  0.000000e+00  0.000000e+00  1.000000e+00
   outer loop
     vertex  4.036603e+00  4.643952e+00  5.000000e+00
     vertex  0.000000e+00  0.000000e+00  5.000000e+00
     vertex  4.046968e+00  4.597284e+00  5.000000e+00
   endloop
 endfacet
 facet normal  0.000000e+00  0.000000e+00  1.000000e+00
   outer loop
     vertex  5.417388e+00  3.281900e+00  5.000000e+00
     vertex  5.370582e+00  3.291626e+00  5.000000e+00
     vertex  0.000000e+00  0.000000e+00  5.000000e+00
   endloop
 endfacet
 facet normal  0.000000e+00  0.000000e+00  1.000000e+00
   outer loop
     vertex  4.027517e+00  4.690886e+00  5.000000e+00
     vertex  0.000000e+00  0.000000e+00  5.000000e+00
     vertex  4.036603e+00  4.643952e+00  5.000000e+00
   endloop
 endfacet
 facet normal  0.000000e+00  0.000000e+00  1.000000e+00
   outer loop
     vertex  5.464442e+00  3.273455e+00  5.000000e+00
     vertex  5.417388e+00  3.281900e+00  5.000000e+00
     vertex  0.000000e+00  0.000000e+00  5.000000e+00
   endloop
 endfacet
 facet normal  0.000000e+00  0.000000e+00  1.000000e+00
   outer loop
     vertex  4.019716e+00  4.738051e+00  5.000000e+00
     vertex  0.000000e+00  0.000000e+00  5.000000e+00
     vertex  4.027517e+00  4.690886e+00  5.000000e+00
   endloop
 endfacet
 facet normal  0.000000e+00  0.000000e+00  1.000000e+00
   outer loop
     vertex  5.511708e+00  3.266300e+00  5.000000e+00
     vertex  5.464442e+00  3.273455e+00  5.000000e+00
     vertex  0.000000e+00  0.000000e+00  5.000000e+00
   endloop
 endfacet
 facet normal  0.000000e+00  0.000000e+00  1.000000e+00
   outer loop
     vertex  4.013207e+00  4.785411e+00  5.000000e+00
     vertex  0.000000e+00  0.000000e+00  5.000000e+00
     vertex  4.019716e+00  4.738051e+00  5.000000e+00
   endloop
 endfacet
 facet normal  0.000000e+00  0.000000e+00  1.000000e+00
   outer loop
     vertex  5.559153e+00  3.260438e+00  5.000000e+00
     vertex  5.511708e+00  3.266300e+00  5.000000e+00
     vertex  0.000000e+00  0.000000e+00  5.000000e+00
   endloop
 endfacet
 facet normal  0.000000e+00  0.000000e+00  1.000000e+00
   outer loop
     vertex  4.007993e+00  4.832931e+00  5.000000e+00
     vertex  0.000000e+00  0.000000e+00  5.000000e+00
     vertex  4.013207e+00  4.785411e+00  5.000000e+00
   endloop
 endfacet
 facet normal  0.000000e+00  0.000000e+00  1.000000e+00
   outer loop
     vertex  5.606740e+00  3.255874e+00  5.000000e+00
     vertex  5.559153e+00  3.260438e+00  5.000000e+00
     vertex  0.000000e+00  0.000000e+00  5.000000e+00
   endloop
 endfacet
 facet normal  0.000000e+00  0.000000e+00  1.000000e+00
   outer loop
     vertex  4.004080e+00  4.880576e+00  5.000000e+00
     vertex  0.000000e+00  0.000000e+00  5.000000e+00
     vertex  4.007993e+00  4.832931e+00  5.000000e+00
   endloop
 endfacet
 facet normal  0.000000e+00  0.000000e+00  1.000000e+00
   outer loop
     vertex  5.654434e+00  3.252611e+00  5.000000e+00
     vertex  5.606740e+00  3.255874e+00  5.000000e+00
     vertex  0.000000e+00  0.000000e+00  5.000000e+00
   endloop
 endfacet
 facet normal  0.000000e+00  0.000000e+00  1.000000e+00
   outer loop
     vertex  4.001469e+00  4.928310e+00  5.000000e+00
     vertex  0.000000e+00  0.000000e+00  5.000000e+00
     vertex  4.004080e+00  4.880576e+00  5.000000e+00
   endloop
 endfacet
 facet normal  0.000000e+00  0.000000e+00  1.000000e+00
   outer loop
     vertex  5.702199e+00  3.250653e+00  5.000000e+00
     vertex  5.654434e+00  3.252611e+00  5.000000e+00
     vertex  0.000000e+00  0.000000e+00  5.000000e+00
   endloop
 endfacet
 facet normal  0.000000e+00  0.000000e+00  1.000000e+00
   outer loop
     vertex  4.000163e+00  4.976097e+00  5.000000e+00
     vertex  0.000000e+00  0.000000e+00  5.000000e+00
     vertex  4.001469e+00  4.928310e+00  5.000000e+00
   endloop
 endfacet
 facet normal  0.000000e+00  0.000000e+00  1.000000e+00
   outer loop
     vertex  5.750000e+00  3.250000e+00  5.000000e+00
     vertex  5.702199e+00  3.250653e+00  5.000000e+00
     vertex  0.000000e+00  0.000000e+00  5.000000e+00
   endloop
 endfacet
 facet normal  0.000000e+00  0.000000e+00  1.000000e+00
   outer loop
     vertex  0.000000e+00  1.000000e+01  5.000000e+00
     vertex  4.154553e+00  5.719061e+00  5.000000e+00
     vertex  4.174789e+00  5.762372e+00  5.000000e+00
   endloop
 endfacet
 facet normal  0.000000e+00  0.000000e+00  1.000000e+00
   outer loop
     vertex  0.000000e+00  1.000000e+01  5.000000e+00
     vertex  4.135507e+00  5.675213e+00  5.000000e+00
     vertex  4.154553e+00  5.719061e+00  5.000000e+00
   endloop
 endfacet
 facet normal  0.000000e+00  0.000000e+00  1.000000e+00
   outer loop
     vertex  0.000000e+00  1.000000e+01  5.000000e+00
     vertex  4.117666e+00  5.630862e+00  5.000000e+00
     vertex  4.135507e+00  5.675213e+00  5.000000e+00
   endloop
 endfacet
 facet normal  0.000000e+00  0.000000e+00  1.000000e+00
   outer loop
     vertex  0.000000e+00  1.000000e+01  5.000000e+00
     vertex  4.101043e+00  5.586039e+00  5.000000e+00
     vertex  4.117666e+00  5.630862e+00  5.000000e+00
   endloop
 endfacet
 facet normal  0.000000e+00  0.000000e+00  1.000000e+00
   outer loop
     vertex  0.000000e+00  1.000000e+01  5.000000e+00
     vertex  4.085651e+00  5.540780e+00  5.000000e+00
     vertex  4.101043e+00  5.586039e+00  5.000000e+00
   endloop
 endfacet
 facet normal  0.000000e+00  0.000000e+00  1.000000e+00
   outer loop
     vertex  0.000000e+00  1.000000e+01  5.000000e+00
     vertex  4.071501e+00  5.495117e+00  5.000000e+00
     vertex  4.085651e+00  5.540780e+00  5.000000e+00
   endloop
 endfacet
 facet normal  0.000000e+00  0.000000e+00  1.000000e+00
   outer loop
     vertex  0.000000e+00  1.000000e+01  5.000000e+00
     vertex  4.058603e+00  5.449084e+00  5.000000e+00
     vertex  4.071501e+00  5.495117e+00  5.000000e+00
   endloop
 endfacet
 facet normal  0.000000e+00  0.000000e+00  1.000000e+00
   outer loop
     vertex  0.000000e+00  1.000000e+01  5.000000e+00
     vertex  4.046968e+00  5.402716e+00  5.000000e+00
     vertex  4.058603e+00  5.449084e+00  5.000000e+00
   endloop
 endfacet
 facet normal  0.000000e+00  0.000000e+00  1.000000e+00
   outer loop
     vertex  0.000000e+00  1.000000e+01  5.000000e+00
     vertex  4.036603e+00  5.356048e+00  5.000000e+00
     vertex  4.046968e+00  5.402716e+00  5.000000e+00
   endloop
 endfacet
 facet normal  0.000000e+00  0.000000e+00  1.000000e+00
   outer loop
     vertex  0.000000e+00  1.000000e+01  5.000000e+00
     vertex  4.027517e+00  5.309114e+00  5.000000e+00
     vertex  4.036603e+00  5.356048e+00  5.000000e+00
   endloop
 endfacet
 facet normal  0.000000e+00  0.000000e+00  1.000000e+00
   outer loop
     vertex  0.000000e+00  1.000000e+01  5.000000e+00
     vertex  4.019716e+00  5.261949e+00  5.000000e+00
     vertex  4.027517e+00  5.309114e+00  5.000000e+00
   endloop
 endfacet
 facet normal  0.000000e+00  0.000000e+00  1.000000e+00
   outer loop
     vertex  0.000000e+00  1.000000e+01  5.000000e+00
     vertex  4.013207e+00  5.214589e+00  5.000000e+00
     vertex  4.019716e+00  5.261949e+00  5.000000e+00
   endloop
 endfacet
 facet normal  0.000000e+00  0.000000e+00  1.000000e+00
   outer loop
     vertex  0.000000e+00  1.000000e+01  5.000000e+00
     vertex  4.007993e+00  5.167069e+00  5.000000e+00
     vertex  4.013207e+00  5.214589e+00  5.000000e+00
   endloop
 endfacet
 facet normal  0.000000e+00  0.000000e+00  1.000000e+00
   outer loop
     vertex  0.000000e+00  1.000000e+01  5.000000e+00
     vertex  4.004080e+00  5.119424e+00  5.000000e+00
     vertex  4.007993e+00  5.167069e+00  5.000000e+00
   endloop
 endfacet
 facet normal  0.000000e+00  0.000000e+00  1.000000e+00
   outer loop
     vertex  0.000000e+00  1.000000e+01  5.000000e+00
     vertex  4.001469e+00  5.071690e+00  5.000000e+00
     vertex  4.004080e+00  5.119424e+00  5.000000e+00
   endloop
 endfacet
 facet normal  0.000000e+00  0.000000e+00  1.000000e+00
   outer loop
     vertex  0.000000e+00  1.000000e+01  5.000000e+00
     vertex  4.000163e+00  5.023903e+00  5.000000e+00
     vertex  4.001469e+00  5.071690e+00  5.000000e+00
   endloop
 endfacet
 facet normal  0.000000e+00  0.000000e+00  1.000000e+00
   outer loop
     vertex  0.000000e+00  1.000000e+01  5.000000e+00
     vertex  4.000163e+00  4.976097e+00  5.000000e+00
     vertex  4.000163e+00  5.023903e+00  5.000000e+00
   endloop
 endfacet
 facet normal  0.000000e+00  0.000000e+00  1.000000e+00
   outer loop
     vertex  0.000000e+00  1.000000e+01  5.000000e+00
     vertex  0.000000e+00  0.000000e+00  5.000000e+00
     vertex  4.000163e+00  4.976097e+00  5.000000e+00
   endloop
 endfacet
 facet normal  0.000000e+00  0.000000e+00  1.000000e+00
   outer loop
     vertex  4.196201e+00  5.805114e+00  5.000000e+00
     vertex  0.000000e+00  1.000000e+01  5.000000e+00
     vertex  4.174789e+00  5.762372e+00  5.000000e+00
   endloop
 endfacet
 facet normal  0.000000e+00  0.000000e+00  1.000000e+00
   outer loop
     vertex  4.218772e+00  5.847255e+00  5.000000e+00
     vertex  0.000000e+00  1.000000e+01  5.000000e+00
     vertex  4.196201e+00  5.805114e+00  5.000000e+00
   endloop
 endfacet
 facet normal  0.000000e+00  0.000000e+00  1.000000e+00
   outer loop
     vertex  4.242486e+00  5.888764e+00  5.000000e+00
     vertex  0.000000e+00  1.000000e+01  5.000000e+00
     vertex  4.218772e+00  5.847255e+00  5.000000e+00
   endloop
 endfacet
 facet normal  0.000000e+00  0.000000e+00  1.000000e+00
   outer loop
     vertex  4.267325e+00  5.929610e+00  5.000000e+00
     vertex  0.000000e+00  1.000000e+01  5.000000e+00
     vertex  4.242486e+00  5.888764e+00  5.000000e+00
   endloop
 endfacet
 facet normal  0.000000e+00  0.000000e+00  1.000000e+00
   outer loop
     vertex  4.293270e+00  5.969762e+00  5.000000e+00
     vertex  0.000000e+00  1.000000e+01  5.000000e+00
     vertex  4.267325e+00  5.929610e+00  5.000000e+00
   endloop
 endfacet
 facet normal  0.000000e+00  0.000000e+00  1.000000e+00
   outer loop
     vertex  4.320303e+00  6.009191e+00  5.000000e+00
     vertex  0.000000e+00  1.000000e+01  5.000000e+00
     vertex  4.293270e+00  5.969762e+00  5.000000e+00
   endloop
 endfacet
 facet normal  0.000000e+00  0.000000e+00  1.000000e+00
   outer loop
     vertex  4.348402e+00  6.047866e+00  5.000000e+00
     vertex  0.000000e+00  1.000000e+01  5.000000e+00
     vertex  4.320303e+00  6.009191e+00  5.000000e+00
   endloop
 endfacet
 facet normal  0.000000e+00  0.000000e+00  1.000000e+00
   outer loop
     vertex  4.377547e+00  6.085759e+00  5.000000e+00
     vertex  0.000000e+00  1.000000e+01  5.000000e+00
     vertex  4.348402e+00  6.047866e+00  5.000000e+00
   endloop
 endfacet
 facet normal  0.000000e+00  0.000000e+00  1.000000e+00
   outer loop
     vertex  4.407717e+00  6.122842e+00  5.000000e+00
     vertex  0.000000e+00  1.000000e+01  5.000000e+00
     vertex  4.377547e+00  6.085759e+00  5.000000e+00
   endloop
 endfacet
 facet normal  0.000000e+00  0.000000e+00  1.000000e+00
   outer loop
     vertex  4.438888e+00  6.159088e+00  5.000000e+00
     vertex  0.000000e+00  1.000000e+01  5.000000e+00
     vertex  4.407717e+00  6.122842e+00  5.000000e+00
   endloop
 endfacet
 facet normal  0.000000e+00  0.000000e+00  1.000000e+00
   outer loop
     vertex  4.471037e+00  6.194468e+00  5.000000e+00
     vertex  0.000000e+00  1.000000e+01  5.000000e+00
     vertex  4.438888e+00  6.159088e+00  5.000000e+00
   endloop
 endfacet
 facet normal  0.000000e+00  0.000000e+00  1.000000e+00
   outer loop
     vertex  4.504141e+00  6.228957e+00  5.000000e+00
     vertex  0.000000e+00  1.000000e+01  5.000000e+00
     vertex  4.471037e+00  6.194468e+00  5.000000e+00
   endloop
 endfacet
 facet normal  0.000000e+00  0.000000e+00  1.000000e+00
   outer loop
     vertex  4.538174e+00  6.262529e+00  5.000000e+00
     vertex  0.000000e+00  1.000000e+01  5.000000e+00
     vertex  4.504141e+00  6.228957e+00  5.000000e+00
   endloop
 endfacet
 facet normal  0.000000e+00  0.000000e+00  1.000000e+00
   outer loop
     vertex  4.573112e+00  6.295158e+00  5.000000e+00
     vertex  0.000000e+00  1.000000e+01  5.000000e+00
     vertex  4.538174e+00  6.262529e+00  5.000000e+00
   endloop
 endfacet
 facet normal  0.000000e+00  0.000000e+00  1.000000e+00
   outer loop
     vertex  4.608928e+00  6.326822e+00  5.000000e+00
     vertex  0.000000e+00  1.000000e+01  5.000000e+00
     vertex  4.573112e+00  6.295158e+00  5.000000e+00
   endloop
 endfacet
 facet normal  0.000000e+00  0.000000e+00  1.000000e+00
   outer loop
     vertex  4.645596e+00  6.357495e+00  5.000000e+00
     vertex  0.000000e+00  1.000000e+01  5.000000e+00
     vertex  4.608928e+00  6.326822e+00  5.000000e+00
   endloop
 endfacet
 facet normal  0.000000e+00  0.000000e+00  1.000000e+00
   outer loop
     vertex  4.683088e+00  6.387155e+00  5.000000e+00
     vertex  0.000000e+00  1.000000e+01  5.000000e+00
     vertex  4.645596e+00  6.357495e+00  5.000000e+00
   endloop
 endfacet
 facet normal  0.000000e+00  0.000000e+00  1.000000e+00
   outer loop
     vertex  4.721376e+00  6.415780e+00  5.000000e+00
     vertex  0.000000e+00  1.000000e+01  5.000000e+00
     vertex  4.683088e+00  6.387155e+00  5.000000e+00
   endloop
 endfacet
 facet normal  0.000000e+00  0.000000e+00  1.000000e+00
   outer loop
     vertex  4.760431e+00  6.443348e+00  5.000000e+00
     vertex  0.000000e+00  1.000000e+01  5.000000e+00
     vertex  4.721376e+00  6.415780e+00  5.000000e+00
   endloop
 endfacet
 facet normal  0.000000e+00  0.000000e+00  1.000000e+00
   outer loop
     vertex  4.800225e+00  6.469839e+00  5.000000e+00
     vertex  0.000000e+00  1.000000e+01  5.000000e+00
     vertex  4.760431e+00  6.443348e+00  5.000000e+00
   endloop
 endfacet
 facet normal  0.000000e+00  0.000000e+00  1.000000e+00
   outer loop
     vertex  4.840728e+00  6.495234e+00  5.000000e+00
     vertex  0.000000e+00  1.000000e+01  5.000000e+00
     vertex  4.800225e+00  6.469839e+00  5.000000e+00
   endloop
 endfacet
 facet normal  0.000000e+00  0.000000e+00  1.000000e+00
   outer loop
     vertex  4.881909e+00  6.519513e+00  5.000000e+00
     vertex  0.000000e+00  1.000000e+01  5.000000e+00
     vertex  4.840728e+00  6.495234e+00  5.000000e+00
   endloop
 endfacet
 facet normal  0.000000e+00  0.000000e+00  1.000000e+00
   outer loop
     vertex  4.923738e+00  6.542657e+00  5.000000e+00
     vertex  0.000000e+00  1.000000e+01  5.000000e+00
     vertex  4.881909e+00  6.519513e+00  5.000000e+00
   endloop
 endfacet
 facet normal  0.000000e+00  0.000000e+00  1.000000e+00
   outer loop
     vertex  4.966184e+00  6.564651e+00  5.000000e+00
     vertex  0.000000e+00  1.000000e+01  5.000000e+00
     vertex  4.923738e+00  6.542657e+00  5.000000e+00
   endloop
 endfacet
 facet normal  0.000000e+00  0.000000e+00  1.000000e+00
   outer loop
     vertex  5.009215e+00  6.585477e+00  5.000000e+00
     vertex  0.000000e+00  1.000000e+01  5.000000e+00
     vertex  4.966184e+00  6.564651e+00  5.000000e+00
   endloop
 endfacet
 facet normal  0.000000e+00  0.000000e+00  1.000000e+00
   outer loop
     vertex  5.052798e+00  6.605120e+00  5.000000e+00
     vertex  0.000000e+00  1.000000e+01  5.000000e+00
     vertex  5.009215e+00  6.585477e+00  5.000000e+00
   endloop
 endfacet
 facet normal  0.000000e+00  0.000000e+00  1.000000e+00
   outer loop
     vertex  5.096902e+00  6.623565e+00  5.000000e+00
     vertex  0.000000e+00  1.000000e+01  5.000000e+00
     vertex  5.052798e+00  6.605120e+00  5.000000e+00
   endloop
 endfacet
 facet normal  0.000000e+00  0.000000e+00  1.000000e+00
   outer loop
     vertex  5.141493e+00  6.640798e+00  5.000000e+00
     vertex  0.000000e+00  1.000000e+01  5.000000e+00
     vertex  5.096902e+00  6.623565e+00  5.000000e+00
   endloop
 endfacet
 facet normal  0.000000e+00  0.000000e+00  1.000000e+00
   outer loop
     vertex  5.186538e+00  6.656807e+00  5.000000e+00
     vertex  0.000000e+00  1.000000e+01  5.000000e+00
     vertex  5.141493e+00  6.640798e+00  5.000000e+00
   endloop
 endfacet
 facet normal  0.000000e+00  0.000000e+00  1.000000e+00
   outer loop
     vertex  5.232004e+00  6.671580e+00  5.000000e+00
     vertex  0.000000e+00  1.000000e+01  5.000000e+00
     vertex  5.186538e+00  6.656807e+00  5.000000e+00
   endloop
 endfacet
 facet normal  0.000000e+00  0.000000e+00  1.000000e+00
   outer loop
     vertex  5.277856e+00  6.685105e+00  5.000000e+00
     vertex  0.000000e+00  1.000000e+01  5.000000e+00
     vertex  5.232004e+00  6.671580e+00  5.000000e+00
   endloop
 endfacet
 facet normal  0.000000e+00  0.000000e+00  1.000000e+00
   outer loop
     vertex  5.324060e+00  6.697373e+00  5.000000e+00
     vertex  0.000000e+00  1.000000e+01  5.000000e+00
     vertex  5.277856e+00  6.685105e+00  5.000000e+00
   endloop
 endfacet
 facet normal  0.000000e+00  0.000000e+00  1.000000e+00
   outer loop
     vertex  5.370582e+00  6.708374e+00  5.000000e+00
     vertex  0.000000e+00  1.000000e+01  5.000000e+00
     vertex  5.324060e+00  6.697373e+00  5.000000e+00
   endloop
 endfacet
 facet normal  0.000000e+00  0.000000e+00  1.000000e+00
   outer loop
     vertex  5.417388e+00  6.718100e+00  5.000000e+00
     vertex  0.000000e+00  1.000000e+01  5.000000e+00
     vertex  5.370582e+00  6.708374e+00  5.000000e+00
   endloop
 endfacet
 facet normal  0.000000e+00  0.000000e+00  1.000000e+00
   outer loop
     vertex  5.464442e+00  6.726545e+00  5.000000e+00
     vertex  0.000000e+00  1.000000e+01  5.000000e+00
     vertex  5.417388e+00  6.718100e+00  5.000000e+00
   endloop
 endfacet
 facet normal  0.000000e+00  0.000000e+00  1.000000e+00
   outer loop
     vertex  5.511708e+00  6.733700e+00  5.000000e+00
     vertex  0.000000e+00  1.000000e+01  5.000000e+00
     vertex  5.464442e+00  6.726545e+00  5.000000e+00
   endloop
 endfacet
 facet normal  0.000000e+00  0.000000e+00  1.000000e+00
   outer loop
     vertex  5.559153e+00  6.739562e+00  5.000000e+00
     vertex  0.000000e+00  1.000000e+01  5.000000e+00
     vertex  5.511708e+00  6.733700e+00  5.000000e+00
   endloop
 endfacet
 facet normal  0.000000e+00  0.000000e+00  1.000000e+00
   outer loop
     vertex  5.606740e+00  6.744126e+00  5.000000e+00
     vertex  0.000000e+00  1.000000e+01  5.000000e+00
     vertex  5.559153e+00  6.739562e+00  5.000000e+00
   endloop
 endfacet
 facet normal  0.000000e+00  0.000000e+00  1.000000e+00
   outer loop
     vertex  5.654434e+00  6.747389e+00  5.000000e+00
     vertex  0.000000e+00  1.000000e+01  5.000000e+00
     vertex  5.606740e+00  6.744126e+00  5.000000e+00
   endloop
 endfacet
 facet normal  0.000000e+00  0.000000e+00  1.000000e+00
   outer loop
     vertex  5.702199e+00  6.749347e+00  5.000000e+00
     vertex  0.000000e+00  1.000000e+01  5.000000e+00
     vertex  5.654434e+00  6.747389e+00  5.000000e+00
   endloop
 endfacet
 facet normal  0.000000e+00  0.000000e+00  1.000000e+00
   outer loop
     vertex  5.750000e+00  6.750000e+00  5.000000e+00
     vertex  0.000000e+00  1.000000e+01  5.000000e+00
     vertex  5.702199e+00  6.749347e+00  5.000000e+00
   endloop
 endfacet
 facet normal  0.000000e+00  0.000000e+00  1.000000e+00
   outer loop
     vertex  2.425000e+01  3.250000e+00  5.000000e+00
     vertex  5.750000e+00  3.250000e+00  5.000000e+00
     vertex  0.000000e+00  0.000000e+00  5.000000e+00
   endloop
 endfacet
 facet normal  0.000000e+00  0.000000e+00  1.000000e+00
   outer loop
     vertex  2.429739e+01  3.250642e+00  5.000000e+00
     vertex  2.425000e+01  3.250000e+00  5.000000e+00
     vertex  0.000000e+00  0.000000e+00  5.000000e+00
   endloop
 endfacet
 facet normal  0.000000e+00  0.000000e+00  1.000000e+00
   outer loop
     vertex  2.434474e+01  3.252567e+00  5.000000e+00
     vertex  2.429739e+01  3.250642e+00  5.000000e+00
     vertex  0.000000e+00  0.000000e+00  5.000000e+00
   endloop
 endfacet
 facet normal  0.000000e+00  0.000000e+00  1.000000e+00
   outer loop
     vertex  2.425000e+01  6.750000e+00  5.000000e+00
     vertex  0.000000e+00  1.000000e+01  5.000000e+00
     vertex  5.750000e+00  6.750000e+00  5.000000e+00
   endloop
 endfacet
 facet normal  0.000000e+00  0.000000e+00  1.000000e+00
   outer loop
     vertex  3.850414e+01  3.771043e+00  5.000000e+00
     vertex  2.552049e+01  3.796526e+00  5.000000e+00
     vertex  2.548744e+01  3.762563e+00  5.000000e+00
   endloop
 endfacet
 facet normal  0.000000e+00  0.000000e+00  1.000000e+00
   outer loop
     vertex  3.853817e+01  3.737471e+00  5.000000e+00
     vertex  2.548744e+01  3.762563e+00  5.000000e+00
     vertex  2.545347e+01  3.729508e+00  5.000000e+00
   endloop
 endfacet
 facet normal  0.000000e+00  0.000000e+00  1.000000e+00
   outer loop
     vertex  3.853817e+01  3.737471e+00  5.000000e+00
     vertex  3.850414e+01  3.771043e+00  5.000000e+00
     vertex  2.548744e+01  3.762563e+00  5.000000e+00
   endloop
 endfacet
 facet normal  0.000000e+00  0.000000e+00  1.000000e+00
   outer loop
     vertex  3.847104e+01  3.805532e+00  5.000000e+00
     vertex  2.555262e+01  3.831371e+00  5.000000e+00
     vertex  2.552049e+01  3.796526e+00  5.000000e+00
   endloop
 endfacet
 facet normal  0.000000e+00  0.000000e+00  1.000000e+00
   outer loop
     vertex  3.847104e+01  3.805532e+00  5.000000e+00
     vertex  2.552049e+01  3.796526e+00  5.000000e+00
     vertex  3.850414e+01  3.771043e+00  5.000000e+00
   endloop
 endfacet
 facet normal  0.000000e+00  0.000000e+00  1.000000e+00
   outer loop
     vertex  3.857311e+01  3.704842e+00  5.000000e+00
     vertex  2.545347e+01  3.729508e+00  5.000000e+00
     vertex  2.541863e+01  3.697384e+00  5.000000e+00
   endloop
 endfacet
 facet normal  0.000000e+00  0.000000e+00  1.000000e+00
   outer loop
     vertex  3.857311e+01  3.704842e+00  5.000000e+00
     vertex  3.853817e+01  3.737471e+00  5.000000e+00
     vertex  2.545347e+01  3.729508e+00  5.000000e+00
   endloop
 endfacet
 facet normal  0.000000e+00  0.000000e+00  1.000000e+00
   outer loop
     vertex  3.843889e+01  3.840912e+00  5.000000e+00
     vertex  2.558378e+01  3.867074e+00  5.000000e+00
     vertex  2.555262e+01  3.831371e+00  5.000000e+00
   endloop
 endfacet
 facet normal  0.000000e+00  0.000000e+00  1.000000e+00
   outer loop
     vertex  3.843889e+01  3.840912e+00  5.000000e+00
     vertex  2.555262e+01  3.831371e+00  5.000000e+00
     vertex  3.847104e+01  3.805532e+00  5.000000e+00
   endloop
 endfacet
 facet normal  0.000000e+00  0.000000e+00  1.000000e+00
   outer loop
     vertex  3.860893e+01  3.673178e+00  5.000000e+00
     vertex  2.541863e+01  3.697384e+00  5.000000e+00
     vertex  2.538293e+01  3.666216e+00  5.000000e+00
   endloop
 endfacet
 facet normal  0.000000e+00  0.000000e+00  1.000000e+00
   outer loop
     vertex  3.860893e+01  3.673178e+00  5.000000e+00
     vertex  3.857311e+01  3.704842e+00  5.000000e+00
     vertex  2.541863e+01  3.697384e+00  5.000000e+00
   endloop
 endfacet
 facet normal  0.000000e+00  0.000000e+00  1.000000e+00
   outer loop
     vertex  3.840772e+01  3.877158e+00  5.000000e+00
     vertex  2.561397e+01  3.903608e+00  5.000000e+00
     vertex  2.558378e+01  3.867074e+00  5.000000e+00
   endloop
 endfacet
 facet normal  0.000000e+00  0.000000e+00  1.000000e+00
   outer loop
     vertex  3.840772e+01  3.877158e+00  5.000000e+00
     vertex  2.558378e+01  3.867074e+00  5.000000e+00
     vertex  3.843889e+01  3.840912e+00  5.000000e+00
   endloop
 endfacet
 facet normal  0.000000e+00  0.000000e+00  1.000000e+00
   outer loop
     vertex  3.864560e+01  3.642505e+00  5.000000e+00
     vertex  2.538293e+01  3.666216e+00  5.000000e+00
     vertex  2.534639e+01  3.636027e+00  5.000000e+00
   endloop
 endfacet
 facet normal  0.000000e+00  0.000000e+00  1.000000e+00
   outer loop
     vertex  3.864560e+01  3.642505e+00  5.000000e+00
     vertex  3.860893e+01  3.673178e+00  5.000000e+00
     vertex  2.538293e+01  3.666216e+00  5.000000e+00
   endloop
 endfacet
 facet normal  0.000000e+00  0.000000e+00  1.000000e+00
   outer loop
     vertex  3.837755e+01  3.914241e+00  5.000000e+00
     vertex  2.564316e+01  3.940945e+00  5.000000e+00
     vertex  2.561397e+01  3.903608e+00  5.000000e+00
   endloop
 endfacet
 facet normal  0.000000e+00  0.000000e+00  1.000000e+00
   outer loop
     vertex  3.837755e+01  3.914241e+00  5.000000e+00
     vertex  2.561397e+01  3.903608e+00  5.000000e+00
     vertex  3.840772e+01  3.877158e+00  5.000000e+00
   endloop
 endfacet
 facet normal  0.000000e+00  0.000000e+00  1.000000e+00
   outer loop
     vertex  3.868309e+01  3.612845e+00  5.000000e+00
     vertex  2.534639e+01  3.636027e+00  5.000000e+00
     vertex  2.530905e+01  3.606837e+00  5.000000e+00
   endloop
 endfacet
 facet normal  0.000000e+00  0.000000e+00  1.000000e+00
   outer loop
     vertex  3.868309e+01  3.612845e+00  5.000000e+00
     vertex  3.864560e+01  3.642505e+00  5.000000e+00
     vertex  2.534639e+01  3.636027e+00  5.000000e+00
   endloop
 endfacet
 facet normal  0.000000e+00  0.000000e+00  1.000000e+00
   outer loop
     vertex  3.834840e+01  3.952134e+00  5.000000e+00
     vertex  2.567133e+01  3.979059e+00  5.000000e+00
     vertex  2.564316e+01  3.940945e+00  5.000000e+00
   endloop
 endfacet
 facet normal  0.000000e+00  0.000000e+00  1.000000e+00
   outer loop
     vertex  3.834840e+01  3.952134e+00  5.000000e+00
     vertex  2.564316e+01  3.940945e+00  5.000000e+00
     vertex  3.837755e+01  3.914241e+00  5.000000e+00
   endloop
 endfacet
 facet normal  0.000000e+00  0.000000e+00  1.000000e+00
   outer loop
     vertex  3.872138e+01  3.584220e+00  5.000000e+00
     vertex  2.530905e+01  3.606837e+00  5.000000e+00
     vertex  2.527094e+01  3.578669e+00  5.000000e+00
   endloop
 endfacet
 facet normal  0.000000e+00  0.000000e+00  1.000000e+00
   outer loop
     vertex  3.872138e+01  3.584220e+00  5.000000e+00
     vertex  3.868309e+01  3.612845e+00  5.000000e+00
     vertex  2.530905e+01  3.606837e+00  5.000000e+00
   endloop
 endfacet
 facet normal  0.000000e+00  0.000000e+00  1.000000e+00
   outer loop
     vertex  3.832030e+01  3.990809e+00  5.000000e+00
     vertex  2.569846e+01  4.017923e+00  5.000000e+00
     vertex  2.567133e+01  3.979059e+00  5.000000e+00
   endloop
 endfacet
 facet normal  0.000000e+00  0.000000e+00  1.000000e+00
   outer loop
     vertex  3.832030e+01  3.990809e+00  5.000000e+00
     vertex  2.567133e+01  3.979059e+00  5.000000e+00
     vertex  3.834840e+01  3.952134e+00  5.000000e+00
   endloop
 endfacet
 facet normal  0.000000e+00  0.000000e+00  1.000000e+00
   outer loop
     vertex  3.876043e+01  3.556652e+00  5.000000e+00
     vertex  3.872138e+01  3.584220e+00  5.000000e+00
     vertex  2.527094e+01  3.578669e+00  5.000000e+00
   endloop
 endfacet
 facet normal  0.000000e+00  0.000000e+00  1.000000e+00
   outer loop
     vertex  3.876043e+01  3.556652e+00  5.000000e+00
     vertex  2.527094e+01  3.578669e+00  5.000000e+00
     vertex  2.523208e+01  3.551544e+00  5.000000e+00
   endloop
 endfacet
 facet normal  0.000000e+00  0.000000e+00  1.000000e+00
   outer loop
     vertex  3.829327e+01  4.030238e+00  5.000000e+00
     vertex  2.572452e+01  4.057506e+00  5.000000e+00
     vertex  2.569846e+01  4.017923e+00  5.000000e+00
   endloop
 endfacet
 facet normal  0.000000e+00  0.000000e+00  1.000000e+00
   outer loop
     vertex  3.829327e+01  4.030238e+00  5.000000e+00
     vertex  2.569846e+01  4.017923e+00  5.000000e+00
     vertex  3.832030e+01  3.990809e+00  5.000000e+00
   endloop
 endfacet
 facet normal  0.000000e+00  0.000000e+00  1.000000e+00
   outer loop
     vertex  3.880023e+01  3.530161e+00  5.000000e+00
     vertex  3.876043e+01  3.556652e+00  5.000000e+00
     vertex  2.523208e+01  3.551544e+00  5.000000e+00
   endloop
 endfacet
 facet normal  0.000000e+00  0.000000e+00  1.000000e+00
   outer loop
     vertex  3.880023e+01  3.530161e+00  5.000000e+00
     vertex  2.523208e+01  3.551544e+00  5.000000e+00
     vertex  2.519249e+01  3.525481e+00  5.000000e+00
   endloop
 endfacet
 facet normal  0.000000e+00  0.000000e+00  1.000000e+00
   outer loop
     vertex  3.826732e+01  4.070390e+00  5.000000e+00
     vertex  2.574950e+01  4.097781e+00  5.000000e+00
     vertex  2.572452e+01  4.057506e+00  5.000000e+00
   endloop
 endfacet
 facet normal  0.000000e+00  0.000000e+00  1.000000e+00
   outer loop
     vertex  3.826732e+01  4.070390e+00  5.000000e+00
     vertex  2.572452e+01  4.057506e+00  5.000000e+00
     vertex  3.829327e+01  4.030238e+00  5.000000e+00
   endloop
 endfacet
 facet normal  0.000000e+00  0.000000e+00  1.000000e+00
   outer loop
     vertex  3.884073e+01  3.504766e+00  5.000000e+00
     vertex  3.880023e+01  3.530161e+00  5.000000e+00
     vertex  2.519249e+01  3.525481e+00  5.000000e+00
   endloop
 endfacet
 facet normal  0.000000e+00  0.000000e+00  1.000000e+00
   outer loop
     vertex  3.884073e+01  3.504766e+00  5.000000e+00
     vertex  2.519249e+01  3.525481e+00  5.000000e+00
     vertex  2.515222e+01  3.500500e+00  5.000000e+00
   endloop
 endfacet
 facet normal  0.000000e+00  0.000000e+00  1.000000e+00
   outer loop
     vertex  3.824249e+01  4.111236e+00  5.000000e+00
     vertex  2.577338e+01  4.138717e+00  5.000000e+00
     vertex  2.574950e+01  4.097781e+00  5.000000e+00
   endloop
 endfacet
 facet normal  0.000000e+00  0.000000e+00  1.000000e+00
   outer loop
     vertex  3.824249e+01  4.111236e+00  5.000000e+00
     vertex  2.574950e+01  4.097781e+00  5.000000e+00
     vertex  3.826732e+01  4.070390e+00  5.000000e+00
   endloop
 endfacet
 facet normal  0.000000e+00  0.000000e+00  1.000000e+00
   outer loop
     vertex  3.888191e+01  3.480487e+00  5.000000e+00
     vertex  3.884073e+01  3.504766e+00  5.000000e+00
     vertex  2.515222e+01  3.500500e+00  5.000000e+00
   endloop
 endfacet
 facet normal  0.000000e+00  0.000000e+00  1.000000e+00
   outer loop
     vertex  3.888191e+01  3.480487e+00  5.000000e+00
     vertex  2.515222e+01  3.500500e+00  5.000000e+00
     vertex  2.511128e+01  3.476618e+00  5.000000e+00
   endloop
 endfacet
 facet normal  0.000000e+00  0.000000e+00  1.000000e+00
   outer loop
     vertex  3.821877e+01  4.152745e+00  5.000000e+00
     vertex  2.579615e+01  4.180285e+00  5.000000e+00
     vertex  2.577338e+01  4.138717e+00  5.000000e+00
   endloop
 endfacet
 facet normal  0.000000e+00  0.000000e+00  1.000000e+00
   outer loop
     vertex  3.821877e+01  4.152745e+00  5.000000e+00
     vertex  2.577338e+01  4.138717e+00  5.000000e+00
     vertex  3.824249e+01  4.111236e+00  5.000000e+00
   endloop
 endfacet
 facet normal  0.000000e+00  0.000000e+00  1.000000e+00
   outer loop
     vertex  3.892374e+01  3.457343e+00  5.000000e+00
     vertex  3.888191e+01  3.480487e+00  5.000000e+00
     vertex  2.511128e+01  3.476618e+00  5.000000e+00
   endloop
 endfacet
 facet normal  0.000000e+00  0.000000e+00  1.000000e+00
   outer loop
     vertex  3.892374e+01  3.457343e+00  5.000000e+00
     vertex  2.511128e+01  3.476618e+00  5.000000e+00
     vertex  2.506971e+01  3.453854e+00  5.000000e+00
   endloop
 endfacet
 facet normal  0.000000e+00  0.000000e+00  1.000000e+00
   outer loop
     vertex  3.819620e+01  4.194886e+00  5.000000e+00
     vertex  2.579615e+01  4.180285e+00  5.000000e+00
     vertex  3.821877e+01  4.152745e+00  5.000000e+00
   endloop
 endfacet
 facet normal  0.000000e+00  0.000000e+00  1.000000e+00
   outer loop
     vertex  3.819620e+01  4.194886e+00  5.000000e+00
     vertex  2.581778e+01  4.222455e+00  5.000000e+00
     vertex  2.579615e+01  4.180285e+00  5.000000e+00
   endloop
 endfacet
 facet normal  0.000000e+00  0.000000e+00  1.000000e+00
   outer loop
     vertex  3.896618e+01  3.435349e+00  5.000000e+00
     vertex  3.892374e+01  3.457343e+00  5.000000e+00
     vertex  2.506971e+01  3.453854e+00  5.000000e+00
   endloop
 endfacet
 facet normal  0.000000e+00  0.000000e+00  1.000000e+00
   outer loop
     vertex  3.896618e+01  3.435349e+00  5.000000e+00
     vertex  2.506971e+01  3.453854e+00  5.000000e+00
     vertex  2.502755e+01  3.432224e+00  5.000000e+00
   endloop
 endfacet
 facet normal  0.000000e+00  0.000000e+00  1.000000e+00
   outer loop
     vertex  3.817479e+01  4.237628e+00  5.000000e+00
     vertex  2.583826e+01  4.265194e+00  5.000000e+00
     vertex  2.581778e+01  4.222455e+00  5.000000e+00
   endloop
 endfacet
 facet normal  0.000000e+00  0.000000e+00  1.000000e+00
   outer loop
     vertex  3.817479e+01  4.237628e+00  5.000000e+00
     vertex  2.581778e+01  4.222455e+00  5.000000e+00
     vertex  3.819620e+01  4.194886e+00  5.000000e+00
   endloop
 endfacet
 facet normal  0.000000e+00  0.000000e+00  1.000000e+00
   outer loop
     vertex  3.900921e+01  3.414523e+00  5.000000e+00
     vertex  3.896618e+01  3.435349e+00  5.000000e+00
     vertex  2.502755e+01  3.432224e+00  5.000000e+00
   endloop
 endfacet
 facet normal  0.000000e+00  0.000000e+00  1.000000e+00
   outer loop
     vertex  3.900921e+01  3.414523e+00  5.000000e+00
     vertex  2.502755e+01  3.432224e+00  5.000000e+00
     vertex  2.498481e+01  3.411743e+00  5.000000e+00
   endloop
 endfacet
 facet normal  0.000000e+00  0.000000e+00  1.000000e+00
   outer loop
     vertex  3.815455e+01  4.280939e+00  5.000000e+00
     vertex  2.585757e+01  4.308473e+00  5.000000e+00
     vertex  2.583826e+01  4.265194e+00  5.000000e+00
   endloop
 endfacet
 facet normal  0.000000e+00  0.000000e+00  1.000000e+00
   outer loop
     vertex  3.815455e+01  4.280939e+00  5.000000e+00
     vertex  2.583826e+01  4.265194e+00  5.000000e+00
     vertex  3.817479e+01  4.237628e+00  5.000000e+00
   endloop
 endfacet
 facet normal  0.000000e+00  0.000000e+00  1.000000e+00
   outer loop
     vertex  3.905280e+01  3.394880e+00  5.000000e+00
     vertex  3.900921e+01  3.414523e+00  5.000000e+00
     vertex  2.498481e+01  3.411743e+00  5.000000e+00
   endloop
 endfacet
 facet normal  0.000000e+00  0.000000e+00  1.000000e+00
   outer loop
     vertex  3.905280e+01  3.394880e+00  5.000000e+00
     vertex  2.498481e+01  3.411743e+00  5.000000e+00
     vertex  2.494153e+01  3.392427e+00  5.000000e+00
   endloop
 endfacet
 facet normal  0.000000e+00  0.000000e+00  1.000000e+00
   outer loop
     vertex  3.813551e+01  4.324787e+00  5.000000e+00
     vertex  2.585757e+01  4.308473e+00  5.000000e+00
     vertex  3.815455e+01  4.280939e+00  5.000000e+00
   endloop
 endfacet
 facet normal  0.000000e+00  0.000000e+00  1.000000e+00
   outer loop
     vertex  3.813551e+01  4.324787e+00  5.000000e+00
     vertex  2.587571e+01  4.352258e+00  5.000000e+00
     vertex  2.585757e+01  4.308473e+00  5.000000e+00
   endloop
 endfacet
 facet normal  0.000000e+00  0.000000e+00  1.000000e+00
   outer loop
     vertex  3.909690e+01  3.376435e+00  5.000000e+00
     vertex  2.494153e+01  3.392427e+00  5.000000e+00
     vertex  2.489774e+01  3.374291e+00  5.000000e+00
   endloop
 endfacet
 facet normal  0.000000e+00  0.000000e+00  1.000000e+00
   outer loop
     vertex  3.909690e+01  3.376435e+00  5.000000e+00
     vertex  3.905280e+01  3.394880e+00  5.000000e+00
     vertex  2.494153e+01  3.392427e+00  5.000000e+00
   endloop
 endfacet
 facet normal  0.000000e+00  0.000000e+00  1.000000e+00
   outer loop
     vertex  3.811767e+01  4.369138e+00  5.000000e+00
     vertex  2.589265e+01  4.396519e+00  5.000000e+00
     vertex  2.587571e+01  4.352258e+00  5.000000e+00
   endloop
 endfacet
 facet normal  0.000000e+00  0.000000e+00  1.000000e+00
   outer loop
     vertex  3.811767e+01  4.369138e+00  5.000000e+00
     vertex  2.587571e+01  4.352258e+00  5.000000e+00
     vertex  3.813551e+01  4.324787e+00  5.000000e+00
   endloop
 endfacet
 facet normal  0.000000e+00  0.000000e+00  1.000000e+00
   outer loop
     vertex  3.914149e+01  3.359202e+00  5.000000e+00
     vertex  2.489774e+01  3.374291e+00  5.000000e+00
     vertex  2.485348e+01  3.357346e+00  5.000000e+00
   endloop
 endfacet
 facet normal  0.000000e+00  0.000000e+00  1.000000e+00
   outer loop
     vertex  3.914149e+01  3.359202e+00  5.000000e+00
     vertex  3.909690e+01  3.376435e+00  5.000000e+00
     vertex  2.489774e+01  3.374291e+00  5.000000e+00
   endloop
 endfacet
 facet normal  0.000000e+00  0.000000e+00  1.000000e+00
   outer loop
     vertex  3.810104e+01  4.413961e+00  5.000000e+00
     vertex  2.590839e+01  4.441222e+00  5.000000e+00
     vertex  2.589265e+01  4.396519e+00  5.000000e+00
   endloop
 endfacet
 facet normal  0.000000e+00  0.000000e+00  1.000000e+00
   outer loop
     vertex  3.810104e+01  4.413961e+00  5.000000e+00
     vertex  2.589265e+01  4.396519e+00  5.000000e+00
     vertex  3.811767e+01  4.369138e+00  5.000000e+00
   endloop
 endfacet
 facet normal  0.000000e+00  0.000000e+00  1.000000e+00
   outer loop
     vertex  3.918654e+01  3.343193e+00  5.000000e+00
     vertex  3.914149e+01  3.359202e+00  5.000000e+00
     vertex  2.485348e+01  3.357346e+00  5.000000e+00
   endloop
 endfacet
 facet normal  0.000000e+00  0.000000e+00  1.000000e+00
   outer loop
     vertex  3.918654e+01  3.343193e+00  5.000000e+00
     vertex  2.485348e+01  3.357346e+00  5.000000e+00
     vertex  2.480878e+01  3.341607e+00  5.000000e+00
   endloop
 endfacet
 facet normal  0.000000e+00  0.000000e+00  1.000000e+00
   outer loop
     vertex  3.808565e+01  4.459220e+00  5.000000e+00
     vertex  2.592292e+01  4.486335e+00  5.000000e+00
     vertex  2.590839e+01  4.441222e+00  5.000000e+00
   endloop
 endfacet
 facet normal  0.000000e+00  0.000000e+00  1.000000e+00
   outer loop
     vertex  3.808565e+01  4.459220e+00  5.000000e+00
     vertex  2.590839e+01  4.441222e+00  5.000000e+00
     vertex  3.810104e+01  4.413961e+00  5.000000e+00
   endloop
 endfacet
 facet normal  0.000000e+00  0.000000e+00  1.000000e+00
   outer loop
     vertex  3.923200e+01  3.328420e+00  5.000000e+00
     vertex  3.918654e+01  3.343193e+00  5.000000e+00
     vertex  2.480878e+01  3.341607e+00  5.000000e+00
   endloop
 endfacet
 facet normal  0.000000e+00  0.000000e+00  1.000000e+00
   outer loop
     vertex  3.923200e+01  3.328420e+00  5.000000e+00
     vertex  2.480878e+01  3.341607e+00  5.000000e+00
     vertex  2.476366e+01  3.327084e+00  5.000000e+00
   endloop
 endfacet
 facet normal  0.000000e+00  0.000000e+00  1.000000e+00
   outer loop
     vertex  3.807150e+01  4.504883e+00  5.000000e+00
     vertex  2.593621e+01  4.531825e+00  5.000000e+00
     vertex  2.592292e+01  4.486335e+00  5.000000e+00
   endloop
 endfacet
 facet normal  0.000000e+00  0.000000e+00  1.000000e+00
   outer loop
     vertex  3.807150e+01  4.504883e+00  5.000000e+00
     vertex  2.592292e+01  4.486335e+00  5.000000e+00
     vertex  3.808565e+01  4.459220e+00  5.000000e+00
   endloop
 endfacet
 facet normal  0.000000e+00  0.000000e+00  1.000000e+00
   outer loop
     vertex  3.927786e+01  3.314895e+00  5.000000e+00
     vertex  3.923200e+01  3.328420e+00  5.000000e+00
     vertex  2.476366e+01  3.327084e+00  5.000000e+00
   endloop
 endfacet
 facet normal  0.000000e+00  0.000000e+00  1.000000e+00
   outer loop
     vertex  3.927786e+01  3.314895e+00  5.000000e+00
     vertex  2.476366e+01  3.327084e+00  5.000000e+00
     vertex  2.471817e+01  3.313788e+00  5.000000e+00
   endloop
 endfacet
 facet normal  0.000000e+00  0.000000e+00  1.000000e+00
   outer loop
     vertex  3.805860e+01  4.550916e+00  5.000000e+00
     vertex  2.594827e+01  4.577659e+00  5.000000e+00
     vertex  2.593621e+01  4.531825e+00  5.000000e+00
   endloop
 endfacet
 facet normal  0.000000e+00  0.000000e+00  1.000000e+00
   outer loop
     vertex  3.805860e+01  4.550916e+00  5.000000e+00
     vertex  2.593621e+01  4.531825e+00  5.000000e+00
     vertex  3.807150e+01  4.504883e+00  5.000000e+00
   endloop
 endfacet
 facet normal  0.000000e+00  0.000000e+00  1.000000e+00
   outer loop
     vertex  3.932406e+01  3.302627e+00  5.000000e+00
     vertex  3.927786e+01  3.314895e+00  5.000000e+00
     vertex  2.471817e+01  3.313788e+00  5.000000e+00
   endloop
 endfacet
 facet normal  0.000000e+00  0.000000e+00  1.000000e+00
   outer loop
     vertex  3.932406e+01  3.302627e+00  5.000000e+00
     vertex  2.471817e+01  3.313788e+00  5.000000e+00
     vertex  2.467234e+01  3.301728e+00  5.000000e+00
   endloop
 endfacet
 facet normal  0.000000e+00  0.000000e+00  1.000000e+00
   outer loop
     vertex  3.804697e+01  4.597284e+00  5.000000e+00
     vertex  2.595909e+01  4.623802e+00  5.000000e+00
     vertex  2.594827e+01  4.577659e+00  5.000000e+00
   endloop
 endfacet
 facet normal  0.000000e+00  0.000000e+00  1.000000e+00
   outer loop
     vertex  3.804697e+01  4.597284e+00  5.000000e+00
     vertex  2.594827e+01  4.577659e+00  5.000000e+00
     vertex  3.805860e+01  4.550916e+00  5.000000e+00
   endloop
 endfacet
 facet normal  0.000000e+00  0.000000e+00  1.000000e+00
   outer loop
     vertex  3.937058e+01  3.291626e+00  5.000000e+00
     vertex  3.932406e+01  3.302627e+00  5.000000e+00
     vertex  2.467234e+01  3.301728e+00  5.000000e+00
   endloop
 endfacet
 facet normal  0.000000e+00  0.000000e+00  1.000000e+00
   outer loop
     vertex  3.937058e+01  3.291626e+00  5.000000e+00
     vertex  2.467234e+01  3.301728e+00  5.000000e+00
     vertex  2.462620e+01  3.290914e+00  5.000000e+00
   endloop
 endfacet
 facet normal  0.000000e+00  0.000000e+00  1.000000e+00
   outer loop
     vertex  3.803660e+01  4.643952e+00  5.000000e+00
     vertex  2.596865e+01  4.670221e+00  5.000000e+00
     vertex  2.595909e+01  4.623802e+00  5.000000e+00
   endloop
 endfacet
 facet normal  0.000000e+00  0.000000e+00  1.000000e+00
   outer loop
     vertex  3.803660e+01  4.643952e+00  5.000000e+00
     vertex  2.595909e+01  4.623802e+00  5.000000e+00
     vertex  3.804697e+01  4.597284e+00  5.000000e+00
   endloop
 endfacet
 facet normal  0.000000e+00  0.000000e+00  1.000000e+00
   outer loop
     vertex  3.941739e+01  3.281900e+00  5.000000e+00
     vertex  3.937058e+01  3.291626e+00  5.000000e+00
     vertex  2.462620e+01  3.290914e+00  5.000000e+00
   endloop
 endfacet
 facet normal  0.000000e+00  0.000000e+00  1.000000e+00
   outer loop
     vertex  3.941739e+01  3.281900e+00  5.000000e+00
     vertex  2.462620e+01  3.290914e+00  5.000000e+00
     vertex  2.457978e+01  3.281354e+00  5.000000e+00
   endloop
 endfacet
 facet normal  0.000000e+00  0.000000e+00  1.000000e+00
   outer loop
     vertex  3.802752e+01  4.690886e+00  5.000000e+00
     vertex  2.597695e+01  4.716882e+00  5.000000e+00
     vertex  2.596865e+01  4.670221e+00  5.000000e+00
   endloop
 endfacet
 facet normal  0.000000e+00  0.000000e+00  1.000000e+00
   outer loop
     vertex  3.802752e+01  4.690886e+00  5.000000e+00
     vertex  2.596865e+01  4.670221e+00  5.000000e+00
     vertex  3.803660e+01  4.643952e+00  5.000000e+00
   endloop
 endfacet
 facet normal  0.000000e+00  0.000000e+00  1.000000e+00
   outer loop
     vertex  3.946444e+01  3.273455e+00  5.000000e+00
     vertex  3.941739e+01  3.281900e+00  5.000000e+00
     vertex  2.457978e+01  3.281354e+00  5.000000e+00
   endloop
 endfacet
 facet normal  0.000000e+00  0.000000e+00  1.000000e+00
   outer loop
     vertex  3.946444e+01  3.273455e+00  5.000000e+00
     vertex  2.457978e+01  3.281354e+00  5.000000e+00
     vertex  2.453312e+01  3.273054e+00  5.000000e+00
   endloop
 endfacet
 facet normal  0.000000e+00  0.000000e+00  1.000000e+00
   outer loop
     vertex  3.801972e+01  4.738051e+00  5.000000e+00
     vertex  2.598398e+01  4.763750e+00  5.000000e+00
     vertex  2.597695e+01  4.716882e+00  5.000000e+00
   endloop
 endfacet
 facet normal  0.000000e+00  0.000000e+00  1.000000e+00
   outer loop
     vertex  3.801972e+01  4.738051e+00  5.000000e+00
     vertex  2.597695e+01  4.716882e+00  5.000000e+00
     vertex  3.802752e+01  4.690886e+00  5.000000e+00
   endloop
 endfacet
 facet normal  0.000000e+00  0.000000e+00  1.000000e+00
   outer loop
     vertex  3.951171e+01  3.266300e+00  5.000000e+00
     vertex  3.946444e+01  3.273455e+00  5.000000e+00
     vertex  2.453312e+01  3.273054e+00  5.000000e+00
   endloop
 endfacet
 facet normal  0.000000e+00  0.000000e+00  1.000000e+00
   outer loop
     vertex  3.951171e+01  3.266300e+00  5.000000e+00
     vertex  2.453312e+01  3.273054e+00  5.000000e+00
     vertex  2.448625e+01  3.266020e+00  5.000000e+00
   endloop
 endfacet
 facet normal  0.000000e+00  0.000000e+00  1.000000e+00
   outer loop
     vertex  3.801321e+01  4.785411e+00  5.000000e+00
     vertex  2.598398e+01  4.763750e+00  5.000000e+00
     vertex  3.801972e+01  4.738051e+00  5.000000e+00
   endloop
 endfacet
 facet normal  0.000000e+00  0.000000e+00  1.000000e+00
   outer loop
     vertex  3.801321e+01  4.785411e+00  5.000000e+00
     vertex  2.598974e+01  4.810792e+00  5.000000e+00
     vertex  2.598398e+01  4.763750e+00  5.000000e+00
   endloop
 endfacet
 facet normal  0.000000e+00  0.000000e+00  1.000000e+00
   outer loop
     vertex  3.955915e+01  3.260438e+00  5.000000e+00
     vertex  3.951171e+01  3.266300e+00  5.000000e+00
     vertex  2.448625e+01  3.266020e+00  5.000000e+00
   endloop
 endfacet
 facet normal  0.000000e+00  0.000000e+00  1.000000e+00
   outer loop
     vertex  3.955915e+01  3.260438e+00  5.000000e+00
     vertex  2.448625e+01  3.266020e+00  5.000000e+00
     vertex  2.443921e+01  3.260259e+00  5.000000e+00
   endloop
 endfacet
 facet normal  0.000000e+00  0.000000e+00  1.000000e+00
   outer loop
     vertex  3.800799e+01  4.832931e+00  5.000000e+00
     vertex  2.598974e+01  4.810792e+00  5.000000e+00
     vertex  3.801321e+01  4.785411e+00  5.000000e+00
   endloop
 endfacet
 facet normal  0.000000e+00  0.000000e+00  1.000000e+00
   outer loop
     vertex  3.800799e+01  4.832931e+00  5.000000e+00
     vertex  2.599423e+01  4.857972e+00  5.000000e+00
     vertex  2.598974e+01  4.810792e+00  5.000000e+00
   endloop
 endfacet
 facet normal  0.000000e+00  0.000000e+00  1.000000e+00
   outer loop
     vertex  3.960674e+01  3.255874e+00  5.000000e+00
     vertex  3.955915e+01  3.260438e+00  5.000000e+00
     vertex  2.443921e+01  3.260259e+00  5.000000e+00
   endloop
 endfacet
 facet normal  0.000000e+00  0.000000e+00  1.000000e+00
   outer loop
     vertex  3.960674e+01  3.255874e+00  5.000000e+00
     vertex  2.443921e+01  3.260259e+00  5.000000e+00
     vertex  2.439203e+01  3.255773e+00  5.000000e+00
   endloop
 endfacet
 facet normal  0.000000e+00  0.000000e+00  1.000000e+00
   outer loop
     vertex  3.800408e+01  4.880576e+00  5.000000e+00
     vertex  2.599423e+01  4.857972e+00  5.000000e+00
     vertex  3.800799e+01  4.832931e+00  5.000000e+00
   endloop
 endfacet
 facet normal  0.000000e+00  0.000000e+00  1.000000e+00
   outer loop
     vertex  3.800408e+01  4.880576e+00  5.000000e+00
     vertex  2.599743e+01  4.905257e+00  5.000000e+00
     vertex  2.599423e+01  4.857972e+00  5.000000e+00
   endloop
 endfacet
 facet normal  0.000000e+00  0.000000e+00  1.000000e+00
   outer loop
     vertex  3.965443e+01  3.252611e+00  5.000000e+00
     vertex  3.960674e+01  3.255874e+00  5.000000e+00
     vertex  2.439203e+01  3.255773e+00  5.000000e+00
   endloop
 endfacet
 facet normal  0.000000e+00  0.000000e+00  1.000000e+00
   outer loop
     vertex  3.965443e+01  3.252611e+00  5.000000e+00
     vertex  2.439203e+01  3.255773e+00  5.000000e+00
     vertex  2.434474e+01  3.252567e+00  5.000000e+00
   endloop
 endfacet
 facet normal  0.000000e+00  0.000000e+00  1.000000e+00
   outer loop
     vertex  3.800147e+01  4.928310e+00  5.000000e+00
     vertex  2.599743e+01  4.905257e+00  5.000000e+00
     vertex  3.800408e+01  4.880576e+00  5.000000e+00
   endloop
 endfacet
 facet normal  0.000000e+00  0.000000e+00  1.000000e+00
   outer loop
     vertex  3.800147e+01  4.928310e+00  5.000000e+00
     vertex  2.599936e+01  4.952611e+00  5.000000e+00
     vertex  2.599743e+01  4.905257e+00  5.000000e+00
   endloop
 endfacet
 facet normal  0.000000e+00  0.000000e+00  1.000000e+00
   outer loop
     vertex  3.800016e+01  4.976097e+00  5.000000e+00
     vertex  2.599936e+01  4.952611e+00  5.000000e+00
     vertex  3.800147e+01  4.928310e+00  5.000000e+00
   endloop
 endfacet
 facet normal  0.000000e+00  0.000000e+00  1.000000e+00
   outer loop
     vertex  3.800016e+01  4.976097e+00  5.000000e+00
     vertex  2.600000e+01  5.000000e+00  5.000000e+00
     vertex  2.599936e+01  4.952611e+00  5.000000e+00
   endloop
 endfacet
 facet normal  0.000000e+00  0.000000e+00  1.000000e+00
   outer loop
     vertex  3.800016e+01  5.023903e+00  5.000000e+00
     vertex  2.599936e+01  5.047389e+00  5.000000e+00
     vertex  2.600000e+01  5.000000e+00  5.000000e+00
   endloop
 endfacet
 facet normal  0.000000e+00  0.000000e+00  1.000000e+00
   outer loop
     vertex  3.800016e+01  5.023903e+00  5.000000e+00
     vertex  2.600000e+01  5.000000e+00  5.000000e+00
     vertex  3.800016e+01  4.976097e+00  5.000000e+00
   endloop
 endfacet
 facet normal  0.000000e+00  0.000000e+00  1.000000e+00
   outer loop
     vertex  3.800147e+01  5.071690e+00  5.000000e+00
     vertex  2.599743e+01  5.094743e+00  5.000000e+00
     vertex  2.599936e+01  5.047389e+00  5.000000e+00
   endloop
 endfacet
 facet normal  0.000000e+00  0.000000e+00  1.000000e+00
   outer loop
     vertex  3.800147e+01  5.071690e+00  5.000000e+00
     vertex  2.599936e+01  5.047389e+00  5.000000e+00
     vertex  3.800016e+01  5.023903e+00  5.000000e+00
   endloop
 endfacet
 facet normal  0.000000e+00  0.000000e+00  1.000000e+00
   outer loop
     vertex  3.800408e+01  5.119424e+00  5.000000e+00
     vertex  2.599423e+01  5.142028e+00  5.000000e+00
     vertex  2.599743e+01  5.094743e+00  5.000000e+00
   endloop
 endfacet
 facet normal  0.000000e+00  0.000000e+00  1.000000e+00
   outer loop
     vertex  3.800408e+01  5.119424e+00  5.000000e+00
     vertex  2.599743e+01  5.094743e+00  5.000000e+00
     vertex  3.800147e+01  5.071690e+00  5.000000e+00
   endloop
 endfacet
 facet normal  0.000000e+00  0.000000e+00  1.000000e+00
   outer loop
     vertex  3.800799e+01  5.167069e+00  5.000000e+00
     vertex  2.598974e+01  5.189208e+00  5.000000e+00
     vertex  2.599423e+01  5.142028e+00  5.000000e+00
   endloop
 endfacet
 facet normal  0.000000e+00  0.000000e+00  1.000000e+00
   outer loop
     vertex  3.800799e+01  5.167069e+00  5.000000e+00
     vertex  2.599423e+01  5.142028e+00  5.000000e+00
     vertex  3.800408e+01  5.119424e+00  5.000000e+00
   endloop
 endfacet
 facet normal  0.000000e+00  0.000000e+00  1.000000e+00
   outer loop
     vertex  3.801321e+01  5.214589e+00  5.000000e+00
     vertex  2.598398e+01  5.236250e+00  5.000000e+00
     vertex  2.598974e+01  5.189208e+00  5.000000e+00
   endloop
 endfacet
 facet normal  0.000000e+00  0.000000e+00  1.000000e+00
   outer loop
     vertex  3.801321e+01  5.214589e+00  5.000000e+00
     vertex  2.598974e+01  5.189208e+00  5.000000e+00
     vertex  3.800799e+01  5.167069e+00  5.000000e+00
   endloop
 endfacet
 facet normal  0.000000e+00  0.000000e+00  1.000000e+00
   outer loop
     vertex  3.801972e+01  5.261949e+00  5.000000e+00
     vertex  2.597695e+01  5.283118e+00  5.000000e+00
     vertex  2.598398e+01  5.236250e+00  5.000000e+00
   endloop
 endfacet
 facet normal  0.000000e+00  0.000000e+00  1.000000e+00
   outer loop
     vertex  3.801972e+01  5.261949e+00  5.000000e+00
     vertex  2.598398e+01  5.236250e+00  5.000000e+00
     vertex  3.801321e+01  5.214589e+00  5.000000e+00
   endloop
 endfacet
 facet normal  0.000000e+00  0.000000e+00  1.000000e+00
   outer loop
     vertex  3.802752e+01  5.309114e+00  5.000000e+00
     vertex  2.596865e+01  5.329779e+00  5.000000e+00
     vertex  2.597695e+01  5.283118e+00  5.000000e+00
   endloop
 endfacet
 facet normal  0.000000e+00  0.000000e+00  1.000000e+00
   outer loop
     vertex  3.802752e+01  5.309114e+00  5.000000e+00
     vertex  2.597695e+01  5.283118e+00  5.000000e+00
     vertex  3.801972e+01  5.261949e+00  5.000000e+00
   endloop
 endfacet
 facet normal  0.000000e+00  0.000000e+00  1.000000e+00
   outer loop
     vertex  3.803660e+01  5.356048e+00  5.000000e+00
     vertex  2.595909e+01  5.376198e+00  5.000000e+00
     vertex  2.596865e+01  5.329779e+00  5.000000e+00
   endloop
 endfacet
 facet normal  0.000000e+00  0.000000e+00  1.000000e+00
   outer loop
     vertex  3.803660e+01  5.356048e+00  5.000000e+00
     vertex  2.596865e+01  5.329779e+00  5.000000e+00
     vertex  3.802752e+01  5.309114e+00  5.000000e+00
   endloop
 endfacet
 facet normal  0.000000e+00  0.000000e+00  1.000000e+00
   outer loop
     vertex  3.804697e+01  5.402716e+00  5.000000e+00
     vertex  2.594827e+01  5.422341e+00  5.000000e+00
     vertex  2.595909e+01  5.376198e+00  5.000000e+00
   endloop
 endfacet
 facet normal  0.000000e+00  0.000000e+00  1.000000e+00
   outer loop
     vertex  3.804697e+01  5.402716e+00  5.000000e+00
     vertex  2.595909e+01  5.376198e+00  5.000000e+00
     vertex  3.803660e+01  5.356048e+00  5.000000e+00
   endloop
 endfacet
 facet normal  0.000000e+00  0.000000e+00  1.000000e+00
   outer loop
     vertex  3.805860e+01  5.449084e+00  5.000000e+00
     vertex  2.593621e+01  5.468175e+00  5.000000e+00
     vertex  2.594827e+01  5.422341e+00  5.000000e+00
   endloop
 endfacet
 facet normal  0.000000e+00  0.000000e+00  1.000000e+00
   outer loop
     vertex  3.805860e+01  5.449084e+00  5.000000e+00
     vertex  2.594827e+01  5.422341e+00  5.000000e+00
     vertex  3.804697e+01  5.402716e+00  5.000000e+00
   endloop
 endfacet
 facet normal  0.000000e+00  0.000000e+00  1.000000e+00
   outer loop
     vertex  3.807150e+01  5.495117e+00  5.000000e+00
     vertex  2.592292e+01  5.513665e+00  5.000000e+00
     vertex  2.593621e+01  5.468175e+00  5.000000e+00
   endloop
 endfacet
 facet normal  0.000000e+00  0.000000e+00  1.000000e+00
   outer loop
     vertex  3.807150e+01  5.495117e+00  5.000000e+00
     vertex  2.593621e+01  5.468175e+00  5.000000e+00
     vertex  3.805860e+01  5.449084e+00  5.000000e+00
   endloop
 endfacet
 facet normal  0.000000e+00  0.000000e+00  1.000000e+00
   outer loop
     vertex  3.808565e+01  5.540780e+00  5.000000e+00
     vertex  2.592292e+01  5.513665e+00  5.000000e+00
     vertex  3.807150e+01  5.495117e+00  5.000000e+00
   endloop
 endfacet
 facet normal  0.000000e+00  0.000000e+00  1.000000e+00
   outer loop
     vertex  3.808565e+01  5.540780e+00  5.000000e+00
     vertex  2.590839e+01  5.558778e+00  5.000000e+00
     vertex  2.592292e+01  5.513665e+00  5.000000e+00
   endloop
 endfacet
 facet normal  0.000000e+00  0.000000e+00  1.000000e+00
   outer loop
     vertex  3.810104e+01  5.586039e+00  5.000000e+00
     vertex  2.589265e+01  5.603481e+00  5.000000e+00
     vertex  2.590839e+01  5.558778e+00  5.000000e+00
   endloop
 endfacet
 facet normal  0.000000e+00  0.000000e+00  1.000000e+00
   outer loop
     vertex  3.810104e+01  5.586039e+00  5.000000e+00
     vertex  2.590839e+01  5.558778e+00  5.000000e+00
     vertex  3.808565e+01  5.540780e+00  5.000000e+00
   endloop
 endfacet
 facet normal  0.000000e+00  0.000000e+00  1.000000e+00
   outer loop
     vertex  3.811767e+01  5.630862e+00  5.000000e+00
     vertex  2.587571e+01  5.647742e+00  5.000000e+00
     vertex  2.589265e+01  5.603481e+00  5.000000e+00
   endloop
 endfacet
 facet normal  0.000000e+00  0.000000e+00  1.000000e+00
   outer loop
     vertex  3.811767e+01  5.630862e+00  5.000000e+00
     vertex  2.589265e+01  5.603481e+00  5.000000e+00
     vertex  3.810104e+01  5.586039e+00  5.000000e+00
   endloop
 endfacet
 facet normal  0.000000e+00  0.000000e+00  1.000000e+00
   outer loop
     vertex  3.813551e+01  5.675213e+00  5.000000e+00
     vertex  2.585757e+01  5.691527e+00  5.000000e+00
     vertex  2.587571e+01  5.647742e+00  5.000000e+00
   endloop
 endfacet
 facet normal  0.000000e+00  0.000000e+00  1.000000e+00
   outer loop
     vertex  3.813551e+01  5.675213e+00  5.000000e+00
     vertex  2.587571e+01  5.647742e+00  5.000000e+00
     vertex  3.811767e+01  5.630862e+00  5.000000e+00
   endloop
 endfacet
 facet normal  0.000000e+00  0.000000e+00  1.000000e+00
   outer loop
     vertex  3.815455e+01  5.719061e+00  5.000000e+00
     vertex  2.585757e+01  5.691527e+00  5.000000e+00
     vertex  3.813551e+01  5.675213e+00  5.000000e+00
   endloop
 endfacet
 facet normal  0.000000e+00  0.000000e+00  1.000000e+00
   outer loop
     vertex  3.815455e+01  5.719061e+00  5.000000e+00
     vertex  2.583826e+01  5.734806e+00  5.000000e+00
     vertex  2.585757e+01  5.691527e+00  5.000000e+00
   endloop
 endfacet
 facet normal  0.000000e+00  0.000000e+00  1.000000e+00
   outer loop
     vertex  3.817479e+01  5.762372e+00  5.000000e+00
     vertex  2.581778e+01  5.777545e+00  5.000000e+00
     vertex  2.583826e+01  5.734806e+00  5.000000e+00
   endloop
 endfacet
 facet normal  0.000000e+00  0.000000e+00  1.000000e+00
   outer loop
     vertex  3.817479e+01  5.762372e+00  5.000000e+00
     vertex  2.583826e+01  5.734806e+00  5.000000e+00
     vertex  3.815455e+01  5.719061e+00  5.000000e+00
   endloop
 endfacet
 facet normal  0.000000e+00  0.000000e+00  1.000000e+00
   outer loop
     vertex  3.819620e+01  5.805114e+00  5.000000e+00
     vertex  2.579615e+01  5.819715e+00  5.000000e+00
     vertex  2.581778e+01  5.777545e+00  5.000000e+00
   endloop
 endfacet
 facet normal  0.000000e+00  0.000000e+00  1.000000e+00
   outer loop
     vertex  3.819620e+01  5.805114e+00  5.000000e+00
     vertex  2.581778e+01  5.777545e+00  5.000000e+00
     vertex  3.817479e+01  5.762372e+00  5.000000e+00
   endloop
 endfacet
 facet normal  0.000000e+00  0.000000e+00  1.000000e+00
   outer loop
     vertex  3.821877e+01  5.847255e+00  5.000000e+00
     vertex  2.577338e+01  5.861283e+00  5.000000e+00
     vertex  2.579615e+01  5.819715e+00  5.000000e+00
   endloop
 endfacet
 facet normal  0.000000e+00  0.000000e+00  1.000000e+00
   outer loop
     vertex  3.821877e+01  5.847255e+00  5.000000e+00
     vertex  2.579615e+01  5.819715e+00  5.000000e+00
     vertex  3.819620e+01  5.805114e+00  5.000000e+00
   endloop
 endfacet
 facet normal  0.000000e+00  0.000000e+00  1.000000e+00
   outer loop
     vertex  3.824249e+01  5.888764e+00  5.000000e+00
     vertex  2.574950e+01  5.902219e+00  5.000000e+00
     vertex  2.577338e+01  5.861283e+00  5.000000e+00
   endloop
 endfacet
 facet normal  0.000000e+00  0.000000e+00  1.000000e+00
   outer loop
     vertex  3.824249e+01  5.888764e+00  5.000000e+00
     vertex  2.577338e+01  5.861283e+00  5.000000e+00
     vertex  3.821877e+01  5.847255e+00  5.000000e+00
   endloop
 endfacet
 facet normal  0.000000e+00  0.000000e+00  1.000000e+00
   outer loop
     vertex  3.826732e+01  5.929610e+00  5.000000e+00
     vertex  2.574950e+01  5.902219e+00  5.000000e+00
     vertex  3.824249e+01  5.888764e+00  5.000000e+00
   endloop
 endfacet
 facet normal  0.000000e+00  0.000000e+00  1.000000e+00
   outer loop
     vertex  3.826732e+01  5.929610e+00  5.000000e+00
     vertex  2.572452e+01  5.942494e+00  5.000000e+00
     vertex  2.574950e+01  5.902219e+00  5.000000e+00
   endloop
 endfacet
 facet normal  0.000000e+00  0.000000e+00  1.000000e+00
   outer loop
     vertex  3.829327e+01  5.969762e+00  5.000000e+00
     vertex  2.569846e+01  5.982077e+00  5.000000e+00
     vertex  2.572452e+01  5.942494e+00  5.000000e+00
   endloop
 endfacet
 facet normal  0.000000e+00  0.000000e+00  1.000000e+00
   outer loop
     vertex  3.829327e+01  5.969762e+00  5.000000e+00
     vertex  2.572452e+01  5.942494e+00  5.000000e+00
     vertex  3.826732e+01  5.929610e+00  5.000000e+00
   endloop
 endfacet
 facet normal  0.000000e+00  0.000000e+00  1.000000e+00
   outer loop
     vertex  3.832030e+01  6.009191e+00  5.000000e+00
     vertex  2.567133e+01  6.020941e+00  5.000000e+00
     vertex  2.569846e+01  5.982077e+00  5.000000e+00
   endloop
 endfacet
 facet normal  0.000000e+00  0.000000e+00  1.000000e+00
   outer loop
     vertex  3.832030e+01  6.009191e+00  5.000000e+00
     vertex  2.569846e+01  5.982077e+00  5.000000e+00
     vertex  3.829327e+01  5.969762e+00  5.000000e+00
   endloop
 endfacet
 facet normal  0.000000e+00  0.000000e+00  1.000000e+00
   outer loop
     vertex  3.834840e+01  6.047866e+00  5.000000e+00
     vertex  2.564316e+01  6.059055e+00  5.000000e+00
     vertex  2.567133e+01  6.020941e+00  5.000000e+00
   endloop
 endfacet
 facet normal  0.000000e+00  0.000000e+00  1.000000e+00
   outer loop
     vertex  3.834840e+01  6.047866e+00  5.000000e+00
     vertex  2.567133e+01  6.020941e+00  5.000000e+00
     vertex  3.832030e+01  6.009191e+00  5.000000e+00
   endloop
 endfacet
 facet normal  0.000000e+00  0.000000e+00  1.000000e+00
   outer loop
     vertex  3.837755e+01  6.085759e+00  5.000000e+00
     vertex  2.561397e+01  6.096392e+00  5.000000e+00
     vertex  2.564316e+01  6.059055e+00  5.000000e+00
   endloop
 endfacet
 facet normal  0.000000e+00  0.000000e+00  1.000000e+00
   outer loop
     vertex  3.837755e+01  6.085759e+00  5.000000e+00
     vertex  2.564316e+01  6.059055e+00  5.000000e+00
     vertex  3.834840e+01  6.047866e+00  5.000000e+00
   endloop
 endfacet
 facet normal  0.000000e+00  0.000000e+00  1.000000e+00
   outer loop
     vertex  3.840772e+01  6.122842e+00  5.000000e+00
     vertex  2.558378e+01  6.132926e+00  5.000000e+00
     vertex  2.561397e+01  6.096392e+00  5.000000e+00
   endloop
 endfacet
 facet normal  0.000000e+00  0.000000e+00  1.000000e+00
   outer loop
     vertex  3.840772e+01  6.122842e+00  5.000000e+00
     vertex  2.561397e+01  6.096392e+00  5.000000e+00
     vertex  3.837755e+01  6.085759e+00  5.000000e+00
   endloop
 endfacet
 facet normal  0.000000e+00  0.000000e+00  1.000000e+00
   outer loop
     vertex  3.843889e+01  6.159088e+00  5.000000e+00
     vertex  2.558378e+01  6.132926e+00  5.000000e+00
     vertex  3.840772e+01  6.122842e+00  5.000000e+00
   endloop
 endfacet
 facet normal  0.000000e+00  0.000000e+00  1.000000e+00
   outer loop
     vertex  3.843889e+01  6.159088e+00  5.000000e+00
     vertex  2.555262e+01  6.168629e+00  5.000000e+00
     vertex  2.558378e+01  6.132926e+00  5.000000e+00
   endloop
 endfacet
 facet normal  0.000000e+00  0.000000e+00  1.000000e+00
   outer loop
     vertex  3.847104e+01  6.194468e+00  5.000000e+00
     vertex  2.555262e+01  6.168629e+00  5.000000e+00
     vertex  3.843889e+01  6.159088e+00  5.000000e+00
   endloop
 endfacet
 facet normal  0.000000e+00  0.000000e+00  1.000000e+00
   outer loop
     vertex  3.847104e+01  6.194468e+00  5.000000e+00
     vertex  2.552049e+01  6.203474e+00  5.000000e+00
     vertex  2.555262e+01  6.168629e+00  5.000000e+00
   endloop
 endfacet
 facet normal  0.000000e+00  0.000000e+00  1.000000e+00
   outer loop
     vertex  3.850414e+01  6.228957e+00  5.000000e+00
     vertex  2.552049e+01  6.203474e+00  5.000000e+00
     vertex  3.847104e+01  6.194468e+00  5.000000e+00
   endloop
 endfacet
 facet normal  0.000000e+00  0.000000e+00  1.000000e+00
   outer loop
     vertex  3.850414e+01  6.228957e+00  5.000000e+00
     vertex  2.548744e+01  6.237437e+00  5.000000e+00
     vertex  2.552049e+01  6.203474e+00  5.000000e+00
   endloop
 endfacet
 facet normal  0.000000e+00  0.000000e+00  1.000000e+00
   outer loop
     vertex  3.853817e+01  6.262529e+00  5.000000e+00
     vertex  2.548744e+01  6.237437e+00  5.000000e+00
     vertex  3.850414e+01  6.228957e+00  5.000000e+00
   endloop
 endfacet
 facet normal  0.000000e+00  0.000000e+00  1.000000e+00
   outer loop
     vertex  3.853817e+01  6.262529e+00  5.000000e+00
     vertex  2.545347e+01  6.270492e+00  5.000000e+00
     vertex  2.548744e+01  6.237437e+00  5.000000e+00
   endloop
 endfacet
 facet normal  0.000000e+00  0.000000e+00  1.000000e+00
   outer loop
     vertex  3.857311e+01  6.295158e+00  5.000000e+00
     vertex  2.545347e+01  6.270492e+00  5.000000e+00
     vertex  3.853817e+01  6.262529e+00  5.000000e+00
   endloop
 endfacet
 facet normal  0.000000e+00  0.000000e+00  1.000000e+00
   outer loop
     vertex  3.857311e+01  6.295158e+00  5.000000e+00
     vertex  2.541863e+01  6.302616e+00  5.000000e+00
     vertex  2.545347e+01  6.270492e+00  5.000000e+00
   endloop
 endfacet
 facet normal  0.000000e+00  0.000000e+00  1.000000e+00
   outer loop
     vertex  3.860893e+01  6.326822e+00  5.000000e+00
     vertex  2.541863e+01  6.302616e+00  5.000000e+00
     vertex  3.857311e+01  6.295158e+00  5.000000e+00
   endloop
 endfacet
 facet normal  0.000000e+00  0.000000e+00  1.000000e+00
   outer loop
     vertex  3.860893e+01  6.326822e+00  5.000000e+00
     vertex  2.538293e+01  6.333784e+00  5.000000e+00
     vertex  2.541863e+01  6.302616e+00  5.000000e+00
   endloop
 endfacet
 facet normal  0.000000e+00  0.000000e+00  1.000000e+00
   outer loop
     vertex  3.864560e+01  6.357495e+00  5.000000e+00
     vertex  2.538293e+01  6.333784e+00  5.000000e+00
     vertex  3.860893e+01  6.326822e+00  5.000000e+00
   endloop
 endfacet
 facet normal  0.000000e+00  0.000000e+00  1.000000e+00
   outer loop
     vertex  3.864560e+01  6.357495e+00  5.000000e+00
     vertex  2.534639e+01  6.363973e+00  5.000000e+00
     vertex  2.538293e+01  6.333784e+00  5.000000e+00
   endloop
 endfacet
 facet normal  0.000000e+00  0.000000e+00  1.000000e+00
   outer loop
     vertex  3.868309e+01  6.387155e+00  5.000000e+00
     vertex  2.530905e+01  6.393163e+00  5.000000e+00
     vertex  2.534639e+01  6.363973e+00  5.000000e+00
   endloop
 endfacet
 facet normal  0.000000e+00  0.000000e+00  1.000000e+00
   outer loop
     vertex  3.868309e+01  6.387155e+00  5.000000e+00
     vertex  2.534639e+01  6.363973e+00  5.000000e+00
     vertex  3.864560e+01  6.357495e+00  5.000000e+00
   endloop
 endfacet
 facet normal  0.000000e+00  0.000000e+00  1.000000e+00
   outer loop
     vertex  3.872138e+01  6.415780e+00  5.000000e+00
     vertex  2.530905e+01  6.393163e+00  5.000000e+00
     vertex  3.868309e+01  6.387155e+00  5.000000e+00
   endloop
 endfacet
 facet normal  0.000000e+00  0.000000e+00  1.000000e+00
   outer loop
     vertex  3.872138e+01  6.415780e+00  5.000000e+00
     vertex  2.527094e+01  6.421331e+00  5.000000e+00
     vertex  2.530905e+01  6.393163e+00  5.000000e+00
   endloop
 endfacet
 facet normal  0.000000e+00  0.000000e+00  1.000000e+00
   outer loop
     vertex  3.876043e+01  6.443348e+00  5.000000e+00
     vertex  2.527094e+01  6.421331e+00  5.000000e+00
     vertex  3.872138e+01  6.415780e+00  5.000000e+00
   endloop
 endfacet
 facet normal  0.000000e+00  0.000000e+00  1.000000e+00
   outer loop
     vertex  3.876043e+01  6.443348e+00  5.000000e+00
     vertex  2.523208e+01  6.448456e+00  5.000000e+00
     vertex  2.527094e+01  6.421331e+00  5.000000e+00
   endloop
 endfacet
 facet normal  0.000000e+00  0.000000e+00  1.000000e+00
   outer loop
     vertex  3.880023e+01  6.469839e+00  5.000000e+00
     vertex  2.523208e+01  6.448456e+00  5.000000e+00
     vertex  3.876043e+01  6.443348e+00  5.000000e+00
   endloop
 endfacet
 facet normal  0.000000e+00  0.000000e+00  1.000000e+00
   outer loop
     vertex  3.880023e+01  6.469839e+00  5.000000e+00
     vertex  2.519249e+01  6.474519e+00  5.000000e+00
     vertex  2.523208e+01  6.448456e+00  5.000000e+00
   endloop
 endfacet
 facet normal  0.000000e+00  0.000000e+00  1.000000e+00
   outer loop
     vertex  3.884073e+01  6.495234e+00  5.000000e+00
     vertex  2.515222e+01  6.499500e+00  5.000000e+00
     vertex  2.519249e+01  6.474519e+00  5.000000e+00
   endloop
 endfacet
 facet normal  0.000000e+00  0.000000e+00  1.000000e+00
   outer loop
     vertex  3.884073e+01  6.495234e+00  5.000000e+00
     vertex  2.519249e+01  6.474519e+00  5.000000e+00
     vertex  3.880023e+01  6.469839e+00  5.000000e+00
   endloop
 endfacet
 facet normal  0.000000e+00  0.000000e+00  1.000000e+00
   outer loop
     vertex  3.888191e+01  6.519513e+00  5.000000e+00
     vertex  2.515222e+01  6.499500e+00  5.000000e+00
     vertex  3.884073e+01  6.495234e+00  5.000000e+00
   endloop
 endfacet
 facet normal  0.000000e+00  0.000000e+00  1.000000e+00
   outer loop
     vertex  3.888191e+01  6.519513e+00  5.000000e+00
     vertex  2.511128e+01  6.523382e+00  5.000000e+00
     vertex  2.515222e+01  6.499500e+00  5.000000e+00
   endloop
 endfacet
 facet normal  0.000000e+00  0.000000e+00  1.000000e+00
   outer loop
     vertex  3.892374e+01  6.542657e+00  5.000000e+00
     vertex  2.506971e+01  6.546146e+00  5.000000e+00
     vertex  2.511128e+01  6.523382e+00  5.000000e+00
   endloop
 endfacet
 facet normal  0.000000e+00  0.000000e+00  1.000000e+00
   outer loop
     vertex  3.892374e+01  6.542657e+00  5.000000e+00
     vertex  2.511128e+01  6.523382e+00  5.000000e+00
     vertex  3.888191e+01  6.519513e+00  5.000000e+00
   endloop
 endfacet
 facet normal  0.000000e+00  0.000000e+00  1.000000e+00
   outer loop
     vertex  3.896618e+01  6.564651e+00  5.000000e+00
     vertex  2.506971e+01  6.546146e+00  5.000000e+00
     vertex  3.892374e+01  6.542657e+00  5.000000e+00
   endloop
 endfacet
 facet normal  0.000000e+00  0.000000e+00  1.000000e+00
   outer loop
     vertex  3.896618e+01  6.564651e+00  5.000000e+00
     vertex  2.502755e+01  6.567776e+00  5.000000e+00
     vertex  2.506971e+01  6.546146e+00  5.000000e+00
   endloop
 endfacet
 facet normal  0.000000e+00  0.000000e+00  1.000000e+00
   outer loop
     vertex  3.900921e+01  6.585477e+00  5.000000e+00
     vertex  2.502755e+01  6.567776e+00  5.000000e+00
     vertex  3.896618e+01  6.564651e+00  5.000000e+00
   endloop
 endfacet
 facet normal  0.000000e+00  0.000000e+00  1.000000e+00
   outer loop
     vertex  3.900921e+01  6.585477e+00  5.000000e+00
     vertex  2.498481e+01  6.588257e+00  5.000000e+00
     vertex  2.502755e+01  6.567776e+00  5.000000e+00
   endloop
 endfacet
 facet normal  0.000000e+00  0.000000e+00  1.000000e+00
   outer loop
     vertex  3.905280e+01  6.605120e+00  5.000000e+00
     vertex  2.494153e+01  6.607573e+00  5.000000e+00
     vertex  2.498481e+01  6.588257e+00  5.000000e+00
   endloop
 endfacet
 facet normal  0.000000e+00  0.000000e+00  1.000000e+00
   outer loop
     vertex  3.905280e+01  6.605120e+00  5.000000e+00
     vertex  2.498481e+01  6.588257e+00  5.000000e+00
     vertex  3.900921e+01  6.585477e+00  5.000000e+00
   endloop
 endfacet
 facet normal  0.000000e+00  0.000000e+00  1.000000e+00
   outer loop
     vertex  3.909690e+01  6.623565e+00  5.000000e+00
     vertex  2.494153e+01  6.607573e+00  5.000000e+00
     vertex  3.905280e+01  6.605120e+00  5.000000e+00
   endloop
 endfacet
 facet normal  0.000000e+00  0.000000e+00  1.000000e+00
   outer loop
     vertex  3.909690e+01  6.623565e+00  5.000000e+00
     vertex  2.489774e+01  6.625709e+00  5.000000e+00
     vertex  2.494153e+01  6.607573e+00  5.000000e+00
   endloop
 endfacet
 facet normal  0.000000e+00  0.000000e+00  1.000000e+00
   outer loop
     vertex  3.914149e+01  6.640798e+00  5.000000e+00
     vertex  2.489774e+01  6.625709e+00  5.000000e+00
     vertex  3.909690e+01  6.623565e+00  5.000000e+00
   endloop
 endfacet
 facet normal  0.000000e+00  0.000000e+00  1.000000e+00
   outer loop
     vertex  3.914149e+01  6.640798e+00  5.000000e+00
     vertex  2.485348e+01  6.642654e+00  5.000000e+00
     vertex  2.489774e+01  6.625709e+00  5.000000e+00
   endloop
 endfacet
 facet normal  0.000000e+00  0.000000e+00  1.000000e+00
   outer loop
     vertex  3.918654e+01  6.656807e+00  5.000000e+00
     vertex  2.480878e+01  6.658393e+00  5.000000e+00
     vertex  2.485348e+01  6.642654e+00  5.000000e+00
   endloop
 endfacet
 facet normal  0.000000e+00  0.000000e+00  1.000000e+00
   outer loop
     vertex  3.918654e+01  6.656807e+00  5.000000e+00
     vertex  2.485348e+01  6.642654e+00  5.000000e+00
     vertex  3.914149e+01  6.640798e+00  5.000000e+00
   endloop
 endfacet
 facet normal  0.000000e+00  0.000000e+00  1.000000e+00
   outer loop
     vertex  3.923200e+01  6.671580e+00  5.000000e+00
     vertex  2.480878e+01  6.658393e+00  5.000000e+00
     vertex  3.918654e+01  6.656807e+00  5.000000e+00
   endloop
 endfacet
 facet normal  0.000000e+00  0.000000e+00  1.000000e+00
   outer loop
     vertex  3.923200e+01  6.671580e+00  5.000000e+00
     vertex  2.476366e+01  6.672916e+00  5.000000e+00
     vertex  2.480878e+01  6.658393e+00  5.000000e+00
   endloop
 endfacet
 facet normal  0.000000e+00  0.000000e+00  1.000000e+00
   outer loop
     vertex  3.927786e+01  6.685105e+00  5.000000e+00
     vertex  2.476366e+01  6.672916e+00  5.000000e+00
     vertex  3.923200e+01  6.671580e+00  5.000000e+00
   endloop
 endfacet
 facet normal  0.000000e+00  0.000000e+00  1.000000e+00
   outer loop
     vertex  3.927786e+01  6.685105e+00  5.000000e+00
     vertex  2.471817e+01  6.686212e+00  5.000000e+00
     vertex  2.476366e+01  6.672916e+00  5.000000e+00
   endloop
 endfacet
 facet normal  0.000000e+00  0.000000e+00  1.000000e+00
   outer loop
     vertex  3.932406e+01  6.697373e+00  5.000000e+00
     vertex  2.471817e+01  6.686212e+00  5.000000e+00
     vertex  3.927786e+01  6.685105e+00  5.000000e+00
   endloop
 endfacet
 facet normal  0.000000e+00  0.000000e+00  1.000000e+00
   outer loop
     vertex  3.932406e+01  6.697373e+00  5.000000e+00
     vertex  2.467234e+01  6.698272e+00  5.000000e+00
     vertex  2.471817e+01  6.686212e+00  5.000000e+00
   endloop
 endfacet
 facet normal  0.000000e+00  0.000000e+00  1.000000e+00
   outer loop
     vertex  3.937058e+01  6.708374e+00  5.000000e+00
     vertex  2.467234e+01  6.698272e+00  5.000000e+00
     vertex  3.932406e+01  6.697373e+00  5.000000e+00
   endloop
 endfacet
 facet normal  0.000000e+00  0.000000e+00  1.000000e+00
   outer loop
     vertex  3.937058e+01  6.708374e+00  5.000000e+00
     vertex  2.462620e+01  6.709086e+00  5.000000e+00
     vertex  2.467234e+01  6.698272e+00  5.000000e+00
   endloop
 endfacet
 facet normal  0.000000e+00  0.000000e+00  1.000000e+00
   outer loop
     vertex  6.400000e+01  0.000000e+00  5.000000e+00
     vertex  5.829739e+01  3.250642e+00  5.000000e+00
     vertex  5.825000e+01  3.250000e+00  5.000000e+00
   endloop
 endfacet
 facet normal  0.000000e+00  0.000000e+00  1.000000e+00
   outer loop
     vertex  6.400000e+01  0.000000e+00  5.000000e+00
     vertex  2.434474e+01  3.252567e+00  5.000000e+00
     vertex  0.000000e+00  0.000000e+00  5.000000e+00
   endloop
 endfacet
 facet normal  0.000000e+00  0.000000e+00  1.000000e+00
   outer loop
     vertex  6.400000e+01  0.000000e+00  5.000000e+00
     vertex  5.834474e+01  3.252567e+00  5.000000e+00
     vertex  5.829739e+01  3.250642e+00  5.000000e+00
   endloop
 endfacet
 facet normal  0.000000e+00  0.000000e+00  1.000000e+00
   outer loop
     vertex  6.400000e+01  0.000000e+00  5.000000e+00
     vertex  5.839203e+01  3.255773e+00  5.000000e+00
     vertex  5.834474e+01  3.252567e+00  5.000000e+00
   endloop
 endfacet
 facet normal  0.000000e+00  0.000000e+00  1.000000e+00
   outer loop
     vertex  6.400000e+01  0.000000e+00  5.000000e+00
     vertex  5.843921e+01  3.260259e+00  5.000000e+00
     vertex  5.839203e+01  3.255773e+00  5.000000e+00
   endloop
 endfacet
 facet normal  0.000000e+00  0.000000e+00  1.000000e+00
   outer loop
     vertex  6.400000e+01  0.000000e+00  5.000000e+00
     vertex  5.848625e+01  3.266020e+00  5.000000e+00
     vertex  5.843921e+01  3.260259e+00  5.000000e+00
   endloop
 endfacet
 facet normal  0.000000e+00  0.000000e+00  1.000000e+00
   outer loop
     vertex  6.400000e+01  0.000000e+00  5.000000e+00
     vertex  5.853312e+01  3.273054e+00  5.000000e+00
     vertex  5.848625e+01  3.266020e+00  5.000000e+00
   endloop
 endfacet
 facet normal  0.000000e+00  0.000000e+00  1.000000e+00
   outer loop
     vertex  6.400000e+01  0.000000e+00  5.000000e+00
     vertex  5.857978e+01  3.281354e+00  5.000000e+00
     vertex  5.853312e+01  3.273054e+00  5.000000e+00
   endloop
 endfacet
 facet normal  0.000000e+00  0.000000e+00  1.000000e+00
   outer loop
     vertex  6.400000e+01  0.000000e+00  5.000000e+00
     vertex  5.862620e+01  3.290914e+00  5.000000e+00
     vertex  5.857978e+01  3.281354e+00  5.000000e+00
   endloop
 endfacet
 facet normal  0.000000e+00  0.000000e+00  1.000000e+00
   outer loop
     vertex  6.400000e+01  0.000000e+00  5.000000e+00
     vertex  5.867234e+01  3.301728e+00  5.000000e+00
     vertex  5.862620e+01  3.290914e+00  5.000000e+00
   endloop
 endfacet
 facet normal  0.000000e+00  0.000000e+00  1.000000e+00
   outer loop
     vertex  6.400000e+01  0.000000e+00  5.000000e+00
     vertex  5.871817e+01  3.313788e+00  5.000000e+00
     vertex  5.867234e+01  3.301728e+00  5.000000e+00
   endloop
 endfacet
 facet normal  0.000000e+00  0.000000e+00  1.000000e+00
   outer loop
     vertex  6.400000e+01  0.000000e+00  5.000000e+00
     vertex  5.876366e+01  3.327084e+00  5.000000e+00
     vertex  5.871817e+01  3.313788e+00  5.000000e+00
   endloop
 endfacet
 facet normal  0.000000e+00  0.000000e+00  1.000000e+00
   outer loop
     vertex  6.400000e+01  0.000000e+00  5.000000e+00
     vertex  5.880878e+01  3.341607e+00  5.000000e+00
     vertex  5.876366e+01  3.327084e+00  5.000000e+00
   endloop
 endfacet
 facet normal  0.000000e+00  0.000000e+00  1.000000e+00
   outer loop
     vertex  6.400000e+01  0.000000e+00  5.000000e+00
     vertex  5.885348e+01  3.357346e+00  5.000000e+00
     vertex  5.880878e+01  3.341607e+00  5.000000e+00
   endloop
 endfacet
 facet normal  0.000000e+00  0.000000e+00  1.000000e+00
   outer loop
     vertex  6.400000e+01  0.000000e+00  5.000000e+00
     vertex  5.889774e+01  3.374291e+00  5.000000e+00
     vertex  5.885348e+01  3.357346e+00  5.000000e+00
   endloop
 endfacet
 facet normal  0.000000e+00  0.000000e+00  1.000000e+00
   outer loop
     vertex  6.400000e+01  0.000000e+00  5.000000e+00
     vertex  5.894153e+01  3.392427e+00  5.000000e+00
     vertex  5.889774e+01  3.374291e+00  5.000000e+00
   endloop
 endfacet
 facet normal  0.000000e+00  0.000000e+00  1.000000e+00
   outer loop
     vertex  6.400000e+01  0.000000e+00  5.000000e+00
     vertex  5.898481e+01  3.411743e+00  5.000000e+00
     vertex  5.894153e+01  3.392427e+00  5.000000e+00
   endloop
 endfacet
 facet normal  0.000000e+00  0.000000e+00  1.000000e+00
   outer loop
     vertex  6.400000e+01  0.000000e+00  5.000000e+00
     vertex  5.902755e+01  3.432224e+00  5.000000e+00
     vertex  5.898481e+01  3.411743e+00  5.000000e+00
   endloop
 endfacet
 facet normal  0.000000e+00  0.000000e+00  1.000000e+00
   outer loop
     vertex  6.400000e+01  0.000000e+00  5.000000e+00
     vertex  5.906971e+01  3.453854e+00  5.000000e+00
     vertex  5.902755e+01  3.432224e+00  5.000000e+00
   endloop
 endfacet
 facet normal  0.000000e+00  0.000000e+00  1.000000e+00
   outer loop
     vertex  6.400000e+01  0.000000e+00  5.000000e+00
     vertex  5.911128e+01  3.476618e+00  5.000000e+00
     vertex  5.906971e+01  3.453854e+00  5.000000e+00
   endloop
 endfacet
 facet normal  0.000000e+00  0.000000e+00  1.000000e+00
   outer loop
     vertex  6.400000e+01  0.000000e+00  5.000000e+00
     vertex  5.915222e+01  3.500500e+00  5.000000e+00
     vertex  5.911128e+01  3.476618e+00  5.000000e+00
   endloop
 endfacet
 facet normal  0.000000e+00  0.000000e+00  1.000000e+00
   outer loop
     vertex  6.400000e+01  0.000000e+00  5.000000e+00
     vertex  5.919249e+01  3.525481e+00  5.000000e+00
     vertex  5.915222e+01  3.500500e+00  5.000000e+00
   endloop
 endfacet
 facet normal  0.000000e+00  0.000000e+00  1.000000e+00
   outer loop
     vertex  6.400000e+01  0.000000e+00  5.000000e+00
     vertex  5.923208e+01  3.551544e+00  5.000000e+00
     vertex  5.919249e+01  3.525481e+00  5.000000e+00
   endloop
 endfacet
 facet normal  0.000000e+00  0.000000e+00  1.000000e+00
   outer loop
     vertex  6.400000e+01  0.000000e+00  5.000000e+00
     vertex  5.927094e+01  3.578669e+00  5.000000e+00
     vertex  5.923208e+01  3.551544e+00  5.000000e+00
   endloop
 endfacet
 facet normal  0.000000e+00  0.000000e+00  1.000000e+00
   outer loop
     vertex  6.400000e+01  0.000000e+00  5.000000e+00
     vertex  5.930905e+01  3.606837e+00  5.000000e+00
     vertex  5.927094e+01  3.578669e+00  5.000000e+00
   endloop
 endfacet
 facet normal  0.000000e+00  0.000000e+00  1.000000e+00
   outer loop
     vertex  6.400000e+01  0.000000e+00  5.000000e+00
     vertex  5.934639e+01  3.636027e+00  5.000000e+00
     vertex  5.930905e+01  3.606837e+00  5.000000e+00
   endloop
 endfacet
 facet normal  0.000000e+00  0.000000e+00  1.000000e+00
   outer loop
     vertex  6.400000e+01  0.000000e+00  5.000000e+00
     vertex  5.938293e+01  3.666216e+00  5.000000e+00
     vertex  5.934639e+01  3.636027e+00  5.000000e+00
   endloop
 endfacet
 facet normal  0.000000e+00  0.000000e+00  1.000000e+00
   outer loop
     vertex  6.400000e+01  0.000000e+00  5.000000e+00
     vertex  5.941863e+01  3.697384e+00  5.000000e+00
     vertex  5.938293e+01  3.666216e+00  5.000000e+00
   endloop
 endfacet
 facet normal  0.000000e+00  0.000000e+00  1.000000e+00
   outer loop
     vertex  6.400000e+01  0.000000e+00  5.000000e+00
     vertex  5.945347e+01  3.729508e+00  5.000000e+00
     vertex  5.941863e+01  3.697384e+00  5.000000e+00
   endloop
 endfacet
 facet normal  0.000000e+00  0.000000e+00  1.000000e+00
   outer loop
     vertex  6.400000e+01  0.000000e+00  5.000000e+00
     vertex  5.948744e+01  3.762563e+00  5.000000e+00
     vertex  5.945347e+01  3.729508e+00  5.000000e+00
   endloop
 endfacet
 facet normal  0.000000e+00  0.000000e+00  1.000000e+00
   outer loop
     vertex  6.400000e+01  0.000000e+00  5.000000e+00
     vertex  5.952049e+01  3.796526e+00  5.000000e+00
     vertex  5.948744e+01  3.762563e+00  5.000000e+00
   endloop
 endfacet
 facet normal  0.000000e+00  0.000000e+00  1.000000e+00
   outer loop
     vertex  6.400000e+01  0.000000e+00  5.000000e+00
     vertex  5.955262e+01  3.831371e+00  5.000000e+00
     vertex  5.952049e+01  3.796526e+00  5.000000e+00
   endloop
 endfacet
 facet normal  0.000000e+00  0.000000e+00  1.000000e+00
   outer loop
     vertex  6.400000e+01  0.000000e+00  5.000000e+00
     vertex  5.958378e+01  3.867074e+00  5.000000e+00
     vertex  5.955262e+01  3.831371e+00  5.000000e+00
   endloop
 endfacet
 facet normal  0.000000e+00  0.000000e+00  1.000000e+00
   outer loop
     vertex  6.400000e+01  0.000000e+00  5.000000e+00
     vertex  5.961397e+01  3.903608e+00  5.000000e+00
     vertex  5.958378e+01  3.867074e+00  5.000000e+00
   endloop
 endfacet
 facet normal  0.000000e+00  0.000000e+00  1.000000e+00
   outer loop
     vertex  6.400000e+01  0.000000e+00  5.000000e+00
     vertex  5.964316e+01  3.940945e+00  5.000000e+00
     vertex  5.961397e+01  3.903608e+00  5.000000e+00
   endloop
 endfacet
 facet normal  0.000000e+00  0.000000e+00  1.000000e+00
   outer loop
     vertex  6.400000e+01  0.000000e+00  5.000000e+00
     vertex  5.967133e+01  3.979059e+00  5.000000e+00
     vertex  5.964316e+01  3.940945e+00  5.000000e+00
   endloop
 endfacet
 facet normal  0.000000e+00  0.000000e+00  1.000000e+00
   outer loop
     vertex  6.400000e+01  0.000000e+00  5.000000e+00
     vertex  5.969846e+01  4.017923e+00  5.000000e+00
     vertex  5.967133e+01  3.979059e+00  5.000000e+00
   endloop
 endfacet
 facet normal  0.000000e+00  0.000000e+00  1.000000e+00
   outer loop
     vertex  6.400000e+01  0.000000e+00  5.000000e+00
     vertex  5.972452e+01  4.057506e+00  5.000000e+00
     vertex  5.969846e+01  4.017923e+00  5.000000e+00
   endloop
 endfacet
 facet normal  0.000000e+00  0.000000e+00  1.000000e+00
   outer loop
     vertex  6.400000e+01  0.000000e+00  5.000000e+00
     vertex  5.974950e+01  4.097781e+00  5.000000e+00
     vertex  5.972452e+01  4.057506e+00  5.000000e+00
   endloop
 endfacet
 facet normal  0.000000e+00  0.000000e+00  1.000000e+00
   outer loop
     vertex  6.400000e+01  0.000000e+00  5.000000e+00
     vertex  5.977338e+01  4.138717e+00  5.000000e+00
     vertex  5.974950e+01  4.097781e+00  5.000000e+00
   endloop
 endfacet
 facet normal  0.000000e+00  0.000000e+00  1.000000e+00
   outer loop
     vertex  6.400000e+01  0.000000e+00  5.000000e+00
     vertex  5.979615e+01  4.180285e+00  5.000000e+00
     vertex  5.977338e+01  4.138717e+00  5.000000e+00
   endloop
 endfacet
 facet normal  0.000000e+00  0.000000e+00  1.000000e+00
   outer loop
     vertex  6.400000e+01  0.000000e+00  5.000000e+00
     vertex  3.970220e+01  3.250653e+00  5.000000e+00
     vertex  3.965443e+01  3.252611e+00  5.000000e+00
   endloop
 endfacet
 facet normal  0.000000e+00  0.000000e+00  1.000000e+00
   outer loop
     vertex  6.400000e+01  0.000000e+00  5.000000e+00
     vertex  3.975000e+01  3.250000e+00  5.000000e+00
     vertex  3.970220e+01  3.250653e+00  5.000000e+00
   endloop
 endfacet
 facet normal  0.000000e+00  0.000000e+00  1.000000e+00
   outer loop
     vertex  6.400000e+01  0.000000e+00  5.000000e+00
     vertex  3.965443e+01  3.252611e+00  5.000000e+00
     vertex  2.434474e+01  3.252567e+00  5.000000e+00
   endloop
 endfacet
 facet normal  0.000000e+00  0.000000e+00  1.000000e+00
   outer loop
     vertex  6.400000e+01  0.000000e+00  5.000000e+00
     vertex  5.825000e+01  3.250000e+00  5.000000e+00
     vertex  3.975000e+01  3.250000e+00  5.000000e+00
   endloop
 endfacet
 facet normal  0.000000e+00  0.000000e+00  1.000000e+00
   outer loop
     vertex  5.981778e+01  4.222455e+00  5.000000e+00
     vertex  5.979615e+01  4.180285e+00  5.000000e+00
     vertex  6.400000e+01  0.000000e+00  5.000000e+00
   endloop
 endfacet
 facet normal  0.000000e+00  0.000000e+00  1.000000e+00
   outer loop
     vertex  5.983826e+01  4.265194e+00  5.000000e+00
     vertex  5.981778e+01  4.222455e+00  5.000000e+00
     vertex  6.400000e+01  0.000000e+00  5.000000e+00
   endloop
 endfacet
 facet normal  0.000000e+00  0.000000e+00  1.000000e+00
   outer loop
     vertex  5.985757e+01  4.308473e+00  5.000000e+00
     vertex  5.983826e+01  4.265194e+00  5.000000e+00
     vertex  6.400000e+01  0.000000e+00  5.000000e+00
   endloop
 endfacet
 facet normal  0.000000e+00  0.000000e+00  1.000000e+00
   outer loop
     vertex  5.987571e+01  4.352258e+00  5.000000e+00
     vertex  5.985757e+01  4.308473e+00  5.000000e+00
     vertex  6.400000e+01  0.000000e+00  5.000000e+00
   endloop
 endfacet
 facet normal  0.000000e+00  0.000000e+00  1.000000e+00
   outer loop
     vertex  5.989265e+01  4.396519e+00  5.000000e+00
     vertex  5.987571e+01  4.352258e+00  5.000000e+00
     vertex  6.400000e+01  0.000000e+00  5.000000e+00
   endloop
 endfacet
 facet normal  0.000000e+00  0.000000e+00  1.000000e+00
   outer loop
     vertex  5.990839e+01  4.441222e+00  5.000000e+00
     vertex  5.989265e+01  4.396519e+00  5.000000e+00
     vertex  6.400000e+01  0.000000e+00  5.000000e+00
   endloop
 endfacet
 facet normal  0.000000e+00  0.000000e+00  1.000000e+00
   outer loop
     vertex  5.992292e+01  4.486335e+00  5.000000e+00
     vertex  5.990839e+01  4.441222e+00  5.000000e+00
     vertex  6.400000e+01  0.000000e+00  5.000000e+00
   endloop
 endfacet
 facet normal  0.000000e+00  0.000000e+00  1.000000e+00
   outer loop
     vertex  5.993621e+01  4.531825e+00  5.000000e+00
     vertex  5.992292e+01  4.486335e+00  5.000000e+00
     vertex  6.400000e+01  0.000000e+00  5.000000e+00
   endloop
 endfacet
 facet normal  0.000000e+00  0.000000e+00  1.000000e+00
   outer loop
     vertex  5.994827e+01  4.577659e+00  5.000000e+00
     vertex  5.993621e+01  4.531825e+00  5.000000e+00
     vertex  6.400000e+01  0.000000e+00  5.000000e+00
   endloop
 endfacet
 facet normal  0.000000e+00  0.000000e+00  1.000000e+00
   outer loop
     vertex  5.995909e+01  4.623802e+00  5.000000e+00
     vertex  5.994827e+01  4.577659e+00  5.000000e+00
     vertex  6.400000e+01  0.000000e+00  5.000000e+00
   endloop
 endfacet
 facet normal  0.000000e+00  0.000000e+00  1.000000e+00
   outer loop
     vertex  5.996865e+01  4.670221e+00  5.000000e+00
     vertex  5.995909e+01  4.623802e+00  5.000000e+00
     vertex  6.400000e+01  0.000000e+00  5.000000e+00
   endloop
 endfacet
 facet normal  0.000000e+00  0.000000e+00  1.000000e+00
   outer loop
     vertex  5.997695e+01  4.716882e+00  5.000000e+00
     vertex  5.996865e+01  4.670221e+00  5.000000e+00
     vertex  6.400000e+01  0.000000e+00  5.000000e+00
   endloop
 endfacet
 facet normal  0.000000e+00  0.000000e+00  1.000000e+00
   outer loop
     vertex  5.998398e+01  4.763750e+00  5.000000e+00
     vertex  5.997695e+01  4.716882e+00  5.000000e+00
     vertex  6.400000e+01  0.000000e+00  5.000000e+00
   endloop
 endfacet
 facet normal  0.000000e+00  0.000000e+00  1.000000e+00
   outer loop
     vertex  5.998974e+01  4.810792e+00  5.000000e+00
     vertex  5.998398e+01  4.763750e+00  5.000000e+00
     vertex  6.400000e+01  0.000000e+00  5.000000e+00
   endloop
 endfacet
 facet normal  0.000000e+00  0.000000e+00  1.000000e+00
   outer loop
     vertex  5.999423e+01  4.857972e+00  5.000000e+00
     vertex  5.998974e+01  4.810792e+00  5.000000e+00
     vertex  6.400000e+01  0.000000e+00  5.000000e+00
   endloop
 endfacet
 facet normal  0.000000e+00  0.000000e+00  1.000000e+00
   outer loop
     vertex  5.999743e+01  4.905257e+00  5.000000e+00
     vertex  5.999423e+01  4.857972e+00  5.000000e+00
     vertex  6.400000e+01  0.000000e+00  5.000000e+00
   endloop
 endfacet
 facet normal  0.000000e+00  0.000000e+00  1.000000e+00
   outer loop
     vertex  5.999936e+01  4.952611e+00  5.000000e+00
     vertex  5.999743e+01  4.905257e+00  5.000000e+00
     vertex  6.400000e+01  0.000000e+00  5.000000e+00
   endloop
 endfacet
 facet normal  0.000000e+00  0.000000e+00  1.000000e+00
   outer loop
     vertex  6.000000e+01  5.000000e+00  5.000000e+00
     vertex  5.999936e+01  4.952611e+00  5.000000e+00
     vertex  6.400000e+01  0.000000e+00  5.000000e+00
   endloop
 endfacet
 facet normal  0.000000e+00  0.000000e+00  1.000000e+00
   outer loop
     vertex  6.400000e+01  1.000000e+01  5.000000e+00
     vertex  5.857978e+01  6.718646e+00  5.000000e+00
     vertex  5.862620e+01  6.709086e+00  5.000000e+00
   endloop
 endfacet
 facet normal  0.000000e+00  0.000000e+00  1.000000e+00
   outer loop
     vertex  6.400000e+01  1.000000e+01  5.000000e+00
     vertex  5.853312e+01  6.726946e+00  5.000000e+00
     vertex  5.857978e+01  6.718646e+00  5.000000e+00
   endloop
 endfacet
 facet normal  0.000000e+00  0.000000e+00  1.000000e+00
   outer loop
     vertex  6.400000e+01  1.000000e+01  5.000000e+00
     vertex  5.848625e+01  6.733980e+00  5.000000e+00
     vertex  5.853312e+01  6.726946e+00  5.000000e+00
   endloop
 endfacet
 facet normal  0.000000e+00  0.000000e+00  1.000000e+00
   outer loop
     vertex  6.400000e+01  1.000000e+01  5.000000e+00
     vertex  5.843921e+01  6.739741e+00  5.000000e+00
     vertex  5.848625e+01  6.733980e+00  5.000000e+00
   endloop
 endfacet
 facet normal  0.000000e+00  0.000000e+00  1.000000e+00
   outer loop
     vertex  6.400000e+01  1.000000e+01  5.000000e+00
     vertex  5.839203e+01  6.744227e+00  5.000000e+00
     vertex  5.843921e+01  6.739741e+00  5.000000e+00
   endloop
 endfacet
 facet normal  0.000000e+00  0.000000e+00  1.000000e+00
   outer loop
     vertex  6.400000e+01  1.000000e+01  5.000000e+00
     vertex  5.834474e+01  6.747433e+00  5.000000e+00
     vertex  5.839203e+01  6.744227e+00  5.000000e+00
   endloop
 endfacet
 facet normal  0.000000e+00  0.000000e+00  1.000000e+00
   outer loop
     vertex  6.400000e+01  1.000000e+01  5.000000e+00
     vertex  5.829739e+01  6.749358e+00  5.000000e+00
     vertex  5.834474e+01  6.747433e+00  5.000000e+00
   endloop
 endfacet
 facet normal  0.000000e+00  0.000000e+00  1.000000e+00
   outer loop
     vertex  6.400000e+01  1.000000e+01  5.000000e+00
     vertex  5.825000e+01  6.750000e+00  5.000000e+00
     vertex  5.829739e+01  6.749358e+00  5.000000e+00
   endloop
 endfacet
 facet normal  0.000000e+00  0.000000e+00  1.000000e+00
   outer loop
     vertex  6.400000e+01  1.000000e+01  5.000000e+00
     vertex  3.975000e+01  6.750000e+00  5.000000e+00
     vertex  5.825000e+01  6.750000e+00  5.000000e+00
   endloop
 endfacet
 facet normal  0.000000e+00  0.000000e+00  1.000000e+00
   outer loop
     vertex  6.400000e+01  1.000000e+01  5.000000e+00
     vertex  5.999936e+01  5.047389e+00  5.000000e+00
     vertex  6.000000e+01  5.000000e+00  5.000000e+00
   endloop
 endfacet
 facet normal  0.000000e+00  0.000000e+00  1.000000e+00
   outer loop
     vertex  6.400000e+01  1.000000e+01  5.000000e+00
     vertex  5.999743e+01  5.094743e+00  5.000000e+00
     vertex  5.999936e+01  5.047389e+00  5.000000e+00
   endloop
 endfacet
 facet normal  0.000000e+00  0.000000e+00  1.000000e+00
   outer loop
     vertex  6.400000e+01  1.000000e+01  5.000000e+00
     vertex  5.999423e+01  5.142028e+00  5.000000e+00
     vertex  5.999743e+01  5.094743e+00  5.000000e+00
   endloop
 endfacet
 facet normal  0.000000e+00  0.000000e+00  1.000000e+00
   outer loop
     vertex  6.400000e+01  1.000000e+01  5.000000e+00
     vertex  5.998974e+01  5.189208e+00  5.000000e+00
     vertex  5.999423e+01  5.142028e+00  5.000000e+00
   endloop
 endfacet
 facet normal  0.000000e+00  0.000000e+00  1.000000e+00
   outer loop
     vertex  6.400000e+01  1.000000e+01  5.000000e+00
     vertex  5.998398e+01  5.236250e+00  5.000000e+00
     vertex  5.998974e+01  5.189208e+00  5.000000e+00
   endloop
 endfacet
 facet normal  0.000000e+00  0.000000e+00  1.000000e+00
   outer loop
     vertex  6.400000e+01  1.000000e+01  5.000000e+00
     vertex  5.997695e+01  5.283118e+00  5.000000e+00
     vertex  5.998398e+01  5.236250e+00  5.000000e+00
   endloop
 endfacet
 facet normal  0.000000e+00  0.000000e+00  1.000000e+00
   outer loop
     vertex  6.400000e+01  1.000000e+01  5.000000e+00
     vertex  5.996865e+01  5.329779e+00  5.000000e+00
     vertex  5.997695e+01  5.283118e+00  5.000000e+00
   endloop
 endfacet
 facet normal  0.000000e+00  0.000000e+00  1.000000e+00
   outer loop
     vertex  6.400000e+01  1.000000e+01  5.000000e+00
     vertex  5.995909e+01  5.376198e+00  5.000000e+00
     vertex  5.996865e+01  5.329779e+00  5.000000e+00
   endloop
 endfacet
 facet normal  0.000000e+00  0.000000e+00  1.000000e+00
   outer loop
     vertex  6.400000e+01  1.000000e+01  5.000000e+00
     vertex  5.994827e+01  5.422341e+00  5.000000e+00
     vertex  5.995909e+01  5.376198e+00  5.000000e+00
   endloop
 endfacet
 facet normal  0.000000e+00  0.000000e+00  1.000000e+00
   outer loop
     vertex  6.400000e+01  1.000000e+01  5.000000e+00
     vertex  5.993621e+01  5.468175e+00  5.000000e+00
     vertex  5.994827e+01  5.422341e+00  5.000000e+00
   endloop
 endfacet
 facet normal  0.000000e+00  0.000000e+00  1.000000e+00
   outer loop
     vertex  6.400000e+01  1.000000e+01  5.000000e+00
     vertex  5.992292e+01  5.513665e+00  5.000000e+00
     vertex  5.993621e+01  5.468175e+00  5.000000e+00
   endloop
 endfacet
 facet normal  0.000000e+00  0.000000e+00  1.000000e+00
   outer loop
     vertex  6.400000e+01  1.000000e+01  5.000000e+00
     vertex  5.990839e+01  5.558778e+00  5.000000e+00
     vertex  5.992292e+01  5.513665e+00  5.000000e+00
   endloop
 endfacet
 facet normal  0.000000e+00  0.000000e+00  1.000000e+00
   outer loop
     vertex  6.400000e+01  1.000000e+01  5.000000e+00
     vertex  5.989265e+01  5.603481e+00  5.000000e+00
     vertex  5.990839e+01  5.558778e+00  5.000000e+00
   endloop
 endfacet
 facet normal  0.000000e+00  0.000000e+00  1.000000e+00
   outer loop
     vertex  6.400000e+01  1.000000e+01  5.000000e+00
     vertex  5.987571e+01  5.647742e+00  5.000000e+00
     vertex  5.989265e+01  5.603481e+00  5.000000e+00
   endloop
 endfacet
 facet normal  0.000000e+00  0.000000e+00  1.000000e+00
   outer loop
     vertex  6.400000e+01  1.000000e+01  5.000000e+00
     vertex  5.985757e+01  5.691527e+00  5.000000e+00
     vertex  5.987571e+01  5.647742e+00  5.000000e+00
   endloop
 endfacet
 facet normal  0.000000e+00  0.000000e+00  1.000000e+00
   outer loop
     vertex  6.400000e+01  1.000000e+01  5.000000e+00
     vertex  5.983826e+01  5.734806e+00  5.000000e+00
     vertex  5.985757e+01  5.691527e+00  5.000000e+00
   endloop
 endfacet
 facet normal  0.000000e+00  0.000000e+00  1.000000e+00
   outer loop
     vertex  6.400000e+01  1.000000e+01  5.000000e+00
     vertex  5.981778e+01  5.777545e+00  5.000000e+00
     vertex  5.983826e+01  5.734806e+00  5.000000e+00
   endloop
 endfacet
 facet normal  0.000000e+00  0.000000e+00  1.000000e+00
   outer loop
     vertex  6.400000e+01  1.000000e+01  5.000000e+00
     vertex  5.979615e+01  5.819715e+00  5.000000e+00
     vertex  5.981778e+01  5.777545e+00  5.000000e+00
   endloop
 endfacet
 facet normal  0.000000e+00  0.000000e+00  1.000000e+00
   outer loop
     vertex  6.400000e+01  1.000000e+01  5.000000e+00
     vertex  5.977338e+01  5.861283e+00  5.000000e+00
     vertex  5.979615e+01  5.819715e+00  5.000000e+00
   endloop
 endfacet
 facet normal  0.000000e+00  0.000000e+00  1.000000e+00
   outer loop
     vertex  6.400000e+01  1.000000e+01  5.000000e+00
     vertex  5.974950e+01  5.902219e+00  5.000000e+00
     vertex  5.977338e+01  5.861283e+00  5.000000e+00
   endloop
 endfacet
 facet normal  0.000000e+00  0.000000e+00  1.000000e+00
   outer loop
     vertex  6.400000e+01  1.000000e+01  5.000000e+00
     vertex  5.972452e+01  5.942494e+00  5.000000e+00
     vertex  5.974950e+01  5.902219e+00  5.000000e+00
   endloop
 endfacet
 facet normal  0.000000e+00  0.000000e+00  1.000000e+00
   outer loop
     vertex  6.400000e+01  1.000000e+01  5.000000e+00
     vertex  5.969846e+01  5.982077e+00  5.000000e+00
     vertex  5.972452e+01  5.942494e+00  5.000000e+00
   endloop
 endfacet
 facet normal  0.000000e+00  0.000000e+00  1.000000e+00
   outer loop
     vertex  6.400000e+01  1.000000e+01  5.000000e+00
     vertex  5.967133e+01  6.020941e+00  5.000000e+00
     vertex  5.969846e+01  5.982077e+00  5.000000e+00
   endloop
 endfacet
 facet normal  0.000000e+00  0.000000e+00  1.000000e+00
   outer loop
     vertex  6.400000e+01  1.000000e+01  5.000000e+00
     vertex  5.964316e+01  6.059055e+00  5.000000e+00
     vertex  5.967133e+01  6.020941e+00  5.000000e+00
   endloop
 endfacet
 facet normal  0.000000e+00  0.000000e+00  1.000000e+00
   outer loop
     vertex  6.400000e+01  1.000000e+01  5.000000e+00
     vertex  5.961397e+01  6.096392e+00  5.000000e+00
     vertex  5.964316e+01  6.059055e+00  5.000000e+00
   endloop
 endfacet
 facet normal  0.000000e+00  0.000000e+00  1.000000e+00
   outer loop
     vertex  6.400000e+01  1.000000e+01  5.000000e+00
     vertex  5.958378e+01  6.132926e+00  5.000000e+00
     vertex  5.961397e+01  6.096392e+00  5.000000e+00
   endloop
 endfacet
 facet normal  0.000000e+00  0.000000e+00  1.000000e+00
   outer loop
     vertex  6.400000e+01  1.000000e+01  5.000000e+00
     vertex  5.955262e+01  6.168629e+00  5.000000e+00
     vertex  5.958378e+01  6.132926e+00  5.000000e+00
   endloop
 endfacet
 facet normal  0.000000e+00  0.000000e+00  1.000000e+00
   outer loop
     vertex  6.400000e+01  1.000000e+01  5.000000e+00
     vertex  5.952049e+01  6.203474e+00  5.000000e+00
     vertex  5.955262e+01  6.168629e+00  5.000000e+00
   endloop
 endfacet
 facet normal  0.000000e+00  0.000000e+00  1.000000e+00
   outer loop
     vertex  6.400000e+01  1.000000e+01  5.000000e+00
     vertex  5.948744e+01  6.237437e+00  5.000000e+00
     vertex  5.952049e+01  6.203474e+00  5.000000e+00
   endloop
 endfacet
 facet normal  0.000000e+00  0.000000e+00  1.000000e+00
   outer loop
     vertex  6.400000e+01  1.000000e+01  5.000000e+00
     vertex  5.945347e+01  6.270492e+00  5.000000e+00
     vertex  5.948744e+01  6.237437e+00  5.000000e+00
   endloop
 endfacet
 facet normal  0.000000e+00  0.000000e+00  1.000000e+00
   outer loop
     vertex  6.400000e+01  1.000000e+01  5.000000e+00
     vertex  5.941863e+01  6.302616e+00  5.000000e+00
     vertex  5.945347e+01  6.270492e+00  5.000000e+00
   endloop
 endfacet
 facet normal  0.000000e+00  0.000000e+00  1.000000e+00
   outer loop
     vertex  6.400000e+01  1.000000e+01  5.000000e+00
     vertex  5.938293e+01  6.333784e+00  5.000000e+00
     vertex  5.941863e+01  6.302616e+00  5.000000e+00
   endloop
 endfacet
 facet normal  0.000000e+00  0.000000e+00  1.000000e+00
   outer loop
     vertex  6.400000e+01  1.000000e+01  5.000000e+00
     vertex  5.934639e+01  6.363973e+00  5.000000e+00
     vertex  5.938293e+01  6.333784e+00  5.000000e+00
   endloop
 endfacet
 facet normal  0.000000e+00  0.000000e+00  1.000000e+00
   outer loop
     vertex  6.400000e+01  1.000000e+01  5.000000e+00
     vertex  5.930905e+01  6.393163e+00  5.000000e+00
     vertex  5.934639e+01  6.363973e+00  5.000000e+00
   endloop
 endfacet
 facet normal  0.000000e+00  0.000000e+00  1.000000e+00
   outer loop
     vertex  6.400000e+01  1.000000e+01  5.000000e+00
     vertex  6.000000e+01  5.000000e+00  5.000000e+00
     vertex  6.400000e+01  0.000000e+00  5.000000e+00
   endloop
 endfacet
 facet normal  0.000000e+00  0.000000e+00  1.000000e+00
   outer loop
     vertex  6.400000e+01  1.000000e+01  5.000000e+00
     vertex  5.927094e+01  6.421331e+00  5.000000e+00
     vertex  5.930905e+01  6.393163e+00  5.000000e+00
   endloop
 endfacet
 facet normal  0.000000e+00  0.000000e+00  1.000000e+00
   outer loop
     vertex  6.400000e+01  1.000000e+01  5.000000e+00
     vertex  5.923208e+01  6.448456e+00  5.000000e+00
     vertex  5.927094e+01  6.421331e+00  5.000000e+00
   endloop
 endfacet
 facet normal  0.000000e+00  0.000000e+00  1.000000e+00
   outer loop
     vertex  6.400000e+01  1.000000e+01  5.000000e+00
     vertex  5.919249e+01  6.474519e+00  5.000000e+00
     vertex  5.923208e+01  6.448456e+00  5.000000e+00
   endloop
 endfacet
 facet normal  0.000000e+00  0.000000e+00  1.000000e+00
   outer loop
     vertex  6.400000e+01  1.000000e+01  5.000000e+00
     vertex  5.915222e+01  6.499500e+00  5.000000e+00
     vertex  5.919249e+01  6.474519e+00  5.000000e+00
   endloop
 endfacet
 facet normal  0.000000e+00  0.000000e+00  1.000000e+00
   outer loop
     vertex  6.400000e+01  1.000000e+01  5.000000e+00
     vertex  5.911128e+01  6.523382e+00  5.000000e+00
     vertex  5.915222e+01  6.499500e+00  5.000000e+00
   endloop
 endfacet
 facet normal  0.000000e+00  0.000000e+00  1.000000e+00
   outer loop
     vertex  6.400000e+01  1.000000e+01  5.000000e+00
     vertex  5.906971e+01  6.546146e+00  5.000000e+00
     vertex  5.911128e+01  6.523382e+00  5.000000e+00
   endloop
 endfacet
 facet normal  0.000000e+00  0.000000e+00  1.000000e+00
   outer loop
     vertex  6.400000e+01  1.000000e+01  5.000000e+00
     vertex  5.902755e+01  6.567776e+00  5.000000e+00
     vertex  5.906971e+01  6.546146e+00  5.000000e+00
   endloop
 endfacet
 facet normal  0.000000e+00  0.000000e+00  1.000000e+00
   outer loop
     vertex  6.400000e+01  1.000000e+01  5.000000e+00
     vertex  5.898481e+01  6.588257e+00  5.000000e+00
     vertex  5.902755e+01  6.567776e+00  5.000000e+00
   endloop
 endfacet
 facet normal  0.000000e+00  0.000000e+00  1.000000e+00
   outer loop
     vertex  6.400000e+01  1.000000e+01  5.000000e+00
     vertex  5.894153e+01  6.607573e+00  5.000000e+00
     vertex  5.898481e+01  6.588257e+00  5.000000e+00
   endloop
 endfacet
 facet normal  0.000000e+00  0.000000e+00  1.000000e+00
   outer loop
     vertex  6.400000e+01  1.000000e+01  5.000000e+00
     vertex  5.889774e+01  6.625709e+00  5.000000e+00
     vertex  5.894153e+01  6.607573e+00  5.000000e+00
   endloop
 endfacet
 facet normal  0.000000e+00  0.000000e+00  1.000000e+00
   outer loop
     vertex  6.400000e+01  1.000000e+01  5.000000e+00
     vertex  5.885348e+01  6.642654e+00  5.000000e+00
     vertex  5.889774e+01  6.625709e+00  5.000000e+00
   endloop
 endfacet
 facet normal  0.000000e+00  0.000000e+00  1.000000e+00
   outer loop
     vertex  6.400000e+01  1.000000e+01  5.000000e+00
     vertex  5.880878e+01  6.658393e+00  5.000000e+00
     vertex  5.885348e+01  6.642654e+00  5.000000e+00
   endloop
 endfacet
 facet normal  0.000000e+00  0.000000e+00  1.000000e+00
   outer loop
     vertex  6.400000e+01  1.000000e+01  5.000000e+00
     vertex  5.876366e+01  6.672916e+00  5.000000e+00
     vertex  5.880878e+01  6.658393e+00  5.000000e+00
   endloop
 endfacet
 facet normal  0.000000e+00  0.000000e+00  1.000000e+00
   outer loop
     vertex  6.400000e+01  1.000000e+01  5.000000e+00
     vertex  5.871817e+01  6.686212e+00  5.000000e+00
     vertex  5.876366e+01  6.672916e+00  5.000000e+00
   endloop
 endfacet
 facet normal  0.000000e+00  0.000000e+00  1.000000e+00
   outer loop
     vertex  6.400000e+01  1.000000e+01  5.000000e+00
     vertex  5.867234e+01  6.698272e+00  5.000000e+00
     vertex  5.871817e+01  6.686212e+00  5.000000e+00
   endloop
 endfacet
 facet normal  0.000000e+00  0.000000e+00  1.000000e+00
   outer loop
     vertex  6.400000e+01  1.000000e+01  5.000000e+00
     vertex  5.862620e+01  6.709086e+00  5.000000e+00
     vertex  5.867234e+01  6.698272e+00  5.000000e+00
   endloop
 endfacet
 facet normal  0.000000e+00  0.000000e+00  1.000000e+00
   outer loop
     vertex  6.400000e+01  1.000000e+01  5.000000e+00
     vertex  0.000000e+00  1.000000e+01  5.000000e+00
     vertex  2.425000e+01  6.750000e+00  5.000000e+00
   endloop
 endfacet
 facet normal  0.000000e+00  0.000000e+00  1.000000e+00
   outer loop
     vertex  6.400000e+01  1.000000e+01  5.000000e+00
     vertex  2.425000e+01  6.750000e+00  5.000000e+00
     vertex  2.429739e+01  6.749358e+00  5.000000e+00
   endloop
 endfacet
 facet normal  0.000000e+00  0.000000e+00  1.000000e+00
   outer loop
     vertex  6.400000e+01  1.000000e+01  5.000000e+00
     vertex  2.429739e+01  6.749358e+00  5.000000e+00
     vertex  2.434474e+01  6.747433e+00  5.000000e+00
   endloop
 endfacet
 facet normal  0.000000e+00  0.000000e+00  1.000000e+00
   outer loop
     vertex  6.400000e+01  1.000000e+01  5.000000e+00
     vertex  2.434474e+01  6.747433e+00  5.000000e+00
     vertex  2.439203e+01  6.744227e+00  5.000000e+00
   endloop
 endfacet
 facet normal  0.000000e+00  0.000000e+00  1.000000e+00
   outer loop
     vertex  6.400000e+01  1.000000e+01  5.000000e+00
     vertex  2.439203e+01  6.744227e+00  5.000000e+00
     vertex  2.443921e+01  6.739741e+00  5.000000e+00
   endloop
 endfacet
 facet normal  0.000000e+00  0.000000e+00  1.000000e+00
   outer loop
     vertex  6.400000e+01  1.000000e+01  5.000000e+00
     vertex  2.443921e+01  6.739741e+00  5.000000e+00
     vertex  2.448625e+01  6.733980e+00  5.000000e+00
   endloop
 endfacet
 facet normal  0.000000e+00  0.000000e+00  1.000000e+00
   outer loop
     vertex  6.400000e+01  1.000000e+01  5.000000e+00
     vertex  2.448625e+01  6.733980e+00  5.000000e+00
     vertex  2.453312e+01  6.726946e+00  5.000000e+00
   endloop
 endfacet
 facet normal  0.000000e+00  0.000000e+00  1.000000e+00
   outer loop
     vertex  6.400000e+01  1.000000e+01  5.000000e+00
     vertex  2.453312e+01  6.726946e+00  5.000000e+00
     vertex  2.457978e+01  6.718646e+00  5.000000e+00
   endloop
 endfacet
 facet normal  0.000000e+00  0.000000e+00  1.000000e+00
   outer loop
     vertex  6.400000e+01  1.000000e+01  5.000000e+00
     vertex  2.457978e+01  6.718646e+00  5.000000e+00
     vertex  2.462620e+01  6.709086e+00  5.000000e+00
   endloop
 endfacet
 facet normal  0.000000e+00  0.000000e+00  1.000000e+00
   outer loop
     vertex  6.400000e+01  1.000000e+01  5.000000e+00
     vertex  2.462620e+01  6.709086e+00  5.000000e+00
     vertex  3.960674e+01  6.744126e+00  5.000000e+00
   endloop
 endfacet
 facet normal  0.000000e+00  0.000000e+00  1.000000e+00
   outer loop
     vertex  3.960674e+01  6.744126e+00  5.000000e+00
     vertex  2.462620e+01  6.709086e+00  5.000000e+00
     vertex  3.955915e+01  6.739562e+00  5.000000e+00
   endloop
 endfacet
 facet normal  0.000000e+00  0.000000e+00  1.000000e+00
   outer loop
     vertex  3.955915e+01  6.739562e+00  5.000000e+00
     vertex  2.462620e+01  6.709086e+00  5.000000e+00
     vertex  3.951171e+01  6.733700e+00  5.000000e+00
   endloop
 endfacet
 facet normal  0.000000e+00  0.000000e+00  1.000000e+00
   outer loop
     vertex  3.951171e+01  6.733700e+00  5.000000e+00
     vertex  2.462620e+01  6.709086e+00  5.000000e+00
     vertex  3.946444e+01  6.726545e+00  5.000000e+00
   endloop
 endfacet
 facet normal  0.000000e+00  0.000000e+00  1.000000e+00
   outer loop
     vertex  3.946444e+01  6.726545e+00  5.000000e+00
     vertex  2.462620e+01  6.709086e+00  5.000000e+00
     vertex  3.941739e+01  6.718100e+00  5.000000e+00
   endloop
 endfacet
 facet normal  0.000000e+00  0.000000e+00  1.000000e+00
   outer loop
     vertex  3.941739e+01  6.718100e+00  5.000000e+00
     vertex  2.462620e+01  6.709086e+00  5.000000e+00
     vertex  3.937058e+01  6.708374e+00  5.000000e+00
   endloop
 endfacet
 facet normal  0.000000e+00  0.000000e+00  1.000000e+00
   outer loop
     vertex  6.400000e+01  1.000000e+01  5.000000e+00
     vertex  3.960674e+01  6.744126e+00  5.000000e+00
     vertex  3.965443e+01  6.747389e+00  5.000000e+00
   endloop
 endfacet
 facet normal  0.000000e+00  0.000000e+00  1.000000e+00
   outer loop
     vertex  6.400000e+01  1.000000e+01  5.000000e+00
     vertex  3.965443e+01  6.747389e+00  5.000000e+00
     vertex  3.970220e+01  6.749347e+00  5.000000e+00
   endloop
 endfacet
 facet normal  0.000000e+00  0.000000e+00  1.000000e+00
   outer loop
     vertex  6.400000e+01  1.000000e+01  5.000000e+00
     vertex  3.970220e+01  6.749347e+00  5.000000e+00
     vertex  3.975000e+01  6.750000e+00  5.000000e+00
   endloop
 endfacet
 facet normal  0.000000e+00  1.000000e+00  0.000000e+00
   outer loop
     vertex  6.400000e+01  1.000000e+01  5.000000e+00
     vertex  6.400000e+01  1.000000e+01  0.000000e+00
     vertex  0.000000e+00  1.000000e+01  0.000000e+00
   endloop
 endfacet
 facet normal  0.000000e+00  1.000000e+00  0.000000e+00
   outer loop
     vertex  6.400000e+01  1.000000e+01  5.000000e+00
     vertex  0.000000e+00  1.000000e+01  0.000000e+00
     vertex  0.000000e+00  1.000000e+01  5.000000e+00
   endloop
 endfacet
 facet normal -0.000000e+00  0.000000e+00 -1.000000e+00
   outer loop
     vertex  4.538174e+00  3.737471e+00  0.000000e+00
     vertex  0.000000e+00  0.000000e+00  0.000000e+00
     vertex  4.504141e+00  3.771043e+00  0.000000e+00
   endloop
 endfacet
 facet normal  0.000000e+00 -0.000000e+00 -1.000000e+00
   outer loop
     vertex  4.471037e+00  3.805532e+00  0.000000e+00
     vertex  4.504141e+00  3.771043e+00  0.000000e+00
     vertex  0.000000e+00  0.000000e+00  0.000000e+00
   endloop
 endfacet
 facet normal -0.000000e+00  0.000000e+00 -1.000000e+00
   outer loop
     vertex  4.573112e+00  3.704842e+00  0.000000e+00
     vertex  0.000000e+00  0.000000e+00  0.000000e+00
     vertex  4.538174e+00  3.737471e+00  0.000000e+00
   endloop
 endfacet
 facet normal  0.000000e+00 -0.000000e+00 -1.000000e+00
   outer loop
     vertex  4.438888e+00  3.840912e+00  0.000000e+00
     vertex  4.471037e+00  3.805532e+00  0.000000e+00
     vertex  0.000000e+00  0.000000e+00  0.000000e+00
   endloop
 endfacet
 facet normal -0.000000e+00  0.000000e+00 -1.000000e+00
   outer loop
     vertex  4.608928e+00  3.673178e+00  0.000000e+00
     vertex  0.000000e+00  0.000000e+00  0.000000e+00
     vertex  4.573112e+00  3.704842e+00  0.000000e+00
   endloop
 endfacet
 facet normal  0.000000e+00 -0.000000e+00 -1.000000e+00
   outer loop
     vertex  4.407717e+00  3.877158e+00  0.000000e+00
     vertex  4.438888e+00  3.840912e+00  0.000000e+00
     vertex  0.000000e+00  0.000000e+00  0.000000e+00
   endloop
 endfacet
 facet normal -0.000000e+00  0.000000e+00 -1.000000e+00
   outer loop
     vertex  4.645596e+00  3.642505e+00  0.000000e+00
     vertex  0.000000e+00  0.000000e+00  0.000000e+00
     vertex  4.608928e+00  3.673178e+00  0.000000e+00
   endloop
 endfacet
 facet normal  0.000000e+00 -0.000000e+00 -1.000000e+00
   outer loop
     vertex  4.377547e+00  3.914241e+00  0.000000e+00
     vertex  4.407717e+00  3.877158e+00  0.000000e+00
     vertex  0.000000e+00  0.000000e+00  0.000000e+00
   endloop
 endfacet
 facet normal -0.000000e+00  0.000000e+00 -1.000000e+00
   outer loop
     vertex  4.683088e+00  3.612845e+00  0.000000e+00
     vertex  0.000000e+00  0.000000e+00  0.000000e+00
     vertex  4.645596e+00  3.642505e+00  0.000000e+00
   endloop
 endfacet
 facet normal  0.000000e+00 -0.000000e+00 -1.000000e+00
   outer loop
     vertex  4.348402e+00  3.952134e+00  0.000000e+00
     vertex  4.377547e+00  3.914241e+00  0.000000e+00
     vertex  0.000000e+00  0.000000e+00  0.000000e+00
   endloop
 endfacet
 facet normal -0.000000e+00  0.000000e+00 -1.000000e+00
   outer loop
     vertex  4.721376e+00  3.584220e+00  0.000000e+00
     vertex  0.000000e+00  0.000000e+00  0.000000e+00
     vertex  4.683088e+00  3.612845e+00  0.000000e+00
   endloop
 endfacet
 facet normal  0.000000e+00 -0.000000e+00 -1.000000e+00
   outer loop
     vertex  4.320303e+00  3.990809e+00  0.000000e+00
     vertex  4.348402e+00  3.952134e+00  0.000000e+00
     vertex  0.000000e+00  0.000000e+00  0.000000e+00
   endloop
 endfacet
 facet normal -0.000000e+00  0.000000e+00 -1.000000e+00
   outer loop
     vertex  4.760431e+00  3.556652e+00  0.000000e+00
     vertex  0.000000e+00  0.000000e+00  0.000000e+00
     vertex  4.721376e+00  3.584220e+00  0.000000e+00
   endloop
 endfacet
 facet normal  0.000000e+00 -0.000000e+00 -1.000000e+00
   outer loop
     vertex  4.293270e+00  4.030238e+00  0.000000e+00
     vertex  4.320303e+00  3.990809e+00  0.000000e+00
     vertex  0.000000e+00  0.000000e+00  0.000000e+00
   endloop
 endfacet
 facet normal -0.000000e+00  0.000000e+00 -1.000000e+00
   outer loop
     vertex  4.800225e+00  3.530161e+00  0.000000e+00
     vertex  0.000000e+00  0.000000e+00  0.000000e+00
     vertex  4.760431e+00  3.556652e+00  0.000000e+00
   endloop
 endfacet
 facet normal  0.000000e+00 -0.000000e+00 -1.000000e+00
   outer loop
     vertex  4.267325e+00  4.070390e+00  0.000000e+00
     vertex  4.293270e+00  4.030238e+00  0.000000e+00
     vertex  0.000000e+00  0.000000e+00  0.000000e+00
   endloop
 endfacet
 facet normal -0.000000e+00  0.000000e+00 -1.000000e+00
   outer loop
     vertex  4.840728e+00  3.504766e+00  0.000000e+00
     vertex  0.000000e+00  0.000000e+00  0.000000e+00
     vertex  4.800225e+00  3.530161e+00  0.000000e+00
   endloop
 endfacet
 facet normal  0.000000e+00 -0.000000e+00 -1.000000e+00
   outer loop
     vertex  4.242486e+00  4.111236e+00  0.000000e+00
     vertex  4.267325e+00  4.070390e+00  0.000000e+00
     vertex  0.000000e+00  0.000000e+00  0.000000e+00
   endloop
 endfacet
 facet normal -0.000000e+00  0.000000e+00 -1.000000e+00
   outer loop
     vertex  4.881909e+00  3.480487e+00  0.000000e+00
     vertex  0.000000e+00  0.000000e+00  0.000000e+00
     vertex  4.840728e+00  3.504766e+00  0.000000e+00
   endloop
 endfacet
 facet normal  0.000000e+00 -0.000000e+00 -1.000000e+00
   outer loop
     vertex  4.218772e+00  4.152745e+00  0.000000e+00
     vertex  4.242486e+00  4.111236e+00  0.000000e+00
     vertex  0.000000e+00  0.000000e+00  0.000000e+00
   endloop
 endfacet
 facet normal -0.000000e+00  0.000000e+00 -1.000000e+00
   outer loop
     vertex  4.923738e+00  3.457343e+00  0.000000e+00
     vertex  0.000000e+00  0.000000e+00  0.000000e+00
     vertex  4.881909e+00  3.480487e+00  0.000000e+00
   endloop
 endfacet
 facet normal  0.000000e+00 -0.000000e+00 -1.000000e+00
   outer loop
     vertex  4.196201e+00  4.194886e+00  0.000000e+00
     vertex  4.218772e+00  4.152745e+00  0.000000e+00
     vertex  0.000000e+00  0.000000e+00  0.000000e+00
   endloop
 endfacet
 facet normal -0.000000e+00  0.000000e+00 -1.000000e+00
   outer loop
     vertex  4.966184e+00  3.435349e+00  0.000000e+00
     vertex  0.000000e+00  0.000000e+00  0.000000e+00
     vertex  4.923738e+00  3.457343e+00  0.000000e+00
   endloop
 endfacet
 facet normal  0.000000e+00 -0.000000e+00 -1.000000e+00
   outer loop
     vertex  4.174789e+00  4.237628e+00  0.000000e+00
     vertex  4.196201e+00  4.194886e+00  0.000000e+00
     vertex  0.000000e+00  0.000000e+00  0.000000e+00
   endloop
 endfacet
 facet normal -0.000000e+00  0.000000e+00 -1.000000e+00
   outer loop
     vertex  5.009215e+00  3.414523e+00  0.000000e+00
     vertex  0.000000e+00  0.000000e+00  0.000000e+00
     vertex  4.966184e+00  3.435349e+00  0.000000e+00
   endloop
 endfacet
 facet normal  0.000000e+00 -0.000000e+00 -1.000000e+00
   outer loop
     vertex  4.154553e+00  4.280939e+00  0.000000e+00
     vertex  4.174789e+00  4.237628e+00  0.000000e+00
     vertex  0.000000e+00  0.000000e+00  0.000000e+00
   endloop
 endfacet
 facet normal -0.000000e+00  0.000000e+00 -1.000000e+00
   outer loop
     vertex  5.052798e+00  3.394880e+00  0.000000e+00
     vertex  0.000000e+00  0.000000e+00  0.000000e+00
     vertex  5.009215e+00  3.414523e+00  0.000000e+00
   endloop
 endfacet
 facet normal  0.000000e+00 -0.000000e+00 -1.000000e+00
   outer loop
     vertex  4.135507e+00  4.324787e+00  0.000000e+00
     vertex  4.154553e+00  4.280939e+00  0.000000e+00
     vertex  0.000000e+00  0.000000e+00  0.000000e+00
   endloop
 endfacet
 facet normal -0.000000e+00  0.000000e+00 -1.000000e+00
   outer loop
     vertex  5.096902e+00  3.376435e+00  0.000000e+00
     vertex  0.000000e+00  0.000000e+00  0.000000e+00
     vertex  5.052798e+00  3.394880e+00  0.000000e+00
   endloop
 endfacet
 facet normal  0.000000e+00 -0.000000e+00 -1.000000e+00
   outer loop
     vertex  4.117666e+00  4.369138e+00  0.000000e+00
     vertex  4.135507e+00  4.324787e+00  0.000000e+00
     vertex  0.000000e+00  0.000000e+00  0.000000e+00
   endloop
 endfacet
 facet normal -0.000000e+00  0.000000e+00 -1.000000e+00
   outer loop
     vertex  5.141493e+00  3.359202e+00  0.000000e+00
     vertex  0.000000e+00  0.000000e+00  0.000000e+00
     vertex  5.096902e+00  3.376435e+00  0.000000e+00
   endloop
 endfacet
 facet normal  0.000000e+00 -0.000000e+00 -1.000000e+00
   outer loop
     vertex  4.101043e+00  4.413961e+00  0.000000e+00
     vertex  4.117666e+00  4.369138e+00  0.000000e+00
     vertex  0.000000e+00  0.000000e+00  0.000000e+00
   endloop
 endfacet
 facet normal -0.000000e+00  0.000000e+00 -1.000000e+00
   outer loop
     vertex  5.186538e+00  3.343193e+00  0.000000e+00
     vertex  0.000000e+00  0.000000e+00  0.000000e+00
     vertex  5.141493e+00  3.359202e+00  0.000000e+00
   endloop
 endfacet
 facet normal  0.000000e+00 -0.000000e+00 -1.000000e+00
   outer loop
     vertex  4.085651e+00  4.459220e+00  0.000000e+00
     vertex  4.101043e+00  4.413961e+00  0.000000e+00
     vertex  0.000000e+00  0.000000e+00  0.000000e+00
   endloop
 endfacet
 facet normal -0.000000e+00  0.000000e+00 -1.000000e+00
   outer loop
     vertex  5.232004e+00  3.328420e+00  0.000000e+00
     vertex  0.000000e+00  0.000000e+00  0.000000e+00
     vertex  5.186538e+00  3.343193e+00  0.000000e+00
   endloop
 endfacet
 facet normal  0.000000e+00 -0.000000e+00 -1.000000e+00
   outer loop
     vertex  4.071501e+00  4.504883e+00  0.000000e+00
     vertex  4.085651e+00  4.459220e+00  0.000000e+00
     vertex  0.000000e+00  0.000000e+00  0.000000e+00
   endloop
 endfacet
 facet normal -0.000000e+00  0.000000e+00 -1.000000e+00
   outer loop
     vertex  5.277856e+00  3.314895e+00  0.000000e+00
     vertex  0.000000e+00  0.000000e+00  0.000000e+00
     vertex  5.232004e+00  3.328420e+00  0.000000e+00
   endloop
 endfacet
 facet normal  0.000000e+00 -0.000000e+00 -1.000000e+00
   outer loop
     vertex  4.058603e+00  4.550916e+00  0.000000e+00
     vertex  4.071501e+00  4.504883e+00  0.000000e+00
     vertex  0.000000e+00  0.000000e+00  0.000000e+00
   endloop
 endfacet
 facet normal -0.000000e+00  0.000000e+00 -1.000000e+00
   outer loop
     vertex  5.324060e+00  3.302627e+00  0.000000e+00
     vertex  0.000000e+00  0.000000e+00  0.000000e+00
     vertex  5.277856e+00  3.314895e+00  0.000000e+00
   endloop
 endfacet
 facet normal  0.000000e+00 -0.000000e+00 -1.000000e+00
   outer loop
     vertex  4.046968e+00  4.597284e+00  0.000000e+00
     vertex  4.058603e+00  4.550916e+00  0.000000e+00
     vertex  0.000000e+00  0.000000e+00  0.000000e+00
   endloop
 endfacet
 facet normal -0.000000e+00  0.000000e+00 -1.000000e+00
   outer loop
     vertex  5.370582e+00  3.291626e+00  0.000000e+00
     vertex  0.000000e+00  0.000000e+00  0.000000e+00
     vertex  5.324060e+00  3.302627e+00  0.000000e+00
   endloop
 endfacet
 facet normal  0.000000e+00 -0.000000e+00 -1.000000e+00
   outer loop
     vertex  4.036603e+00  4.643952e+00  0.000000e+00
     vertex  4.046968e+00  4.597284e+00  0.000000e+00
     vertex  0.000000e+00  0.000000e+00  0.000000e+00
   endloop
 endfacet
 facet normal -0.000000e+00  0.000000e+00 -1.000000e+00
   outer loop
     vertex  5.417388e+00  3.281900e+00  0.000000e+00
     vertex  0.000000e+00  0.000000e+00  0.000000e+00
     vertex  5.370582e+00  3.291626e+00  0.000000e+00
   endloop
 endfacet
 facet normal  0.000000e+00 -0.000000e+00 -1.000000e+00
   outer loop
     vertex  4.027517e+00  4.690886e+00  0.000000e+00
     vertex  4.036603e+00  4.643952e+00  0.000000e+00
     vertex  0.000000e+00  0.000000e+00  0.000000e+00
   endloop
 endfacet
 facet normal -0.000000e+00  0.000000e+00 -1.000000e+00
   outer loop
     vertex  5.464442e+00  3.273455e+00  0.000000e+00
     vertex  0.000000e+00  0.000000e+00  0.000000e+00
     vertex  5.417388e+00  3.281900e+00  0.000000e+00
   endloop
 endfacet
 facet normal  0.000000e+00 -0.000000e+00 -1.000000e+00
   outer loop
     vertex  4.019716e+00  4.738051e+00  0.000000e+00
     vertex  4.027517e+00  4.690886e+00  0.000000e+00
     vertex  0.000000e+00  0.000000e+00  0.000000e+00
   endloop
 endfacet
 facet normal -0.000000e+00  0.000000e+00 -1.000000e+00
   outer loop
     vertex  5.511708e+00  3.266300e+00  0.000000e+00
     vertex  0.000000e+00  0.000000e+00  0.000000e+00
     vertex  5.464442e+00  3.273455e+00  0.000000e+00
   endloop
 endfacet
 facet normal  0.000000e+00 -0.000000e+00 -1.000000e+00
   outer loop
     vertex  4.013207e+00  4.785411e+00  0.000000e+00
     vertex  4.019716e+00  4.738051e+00  0.000000e+00
     vertex  0.000000e+00  0.000000e+00  0.000000e+00
   endloop
 endfacet
 facet normal -0.000000e+00  0.000000e+00 -1.000000e+00
   outer loop
     vertex  5.559153e+00  3.260438e+00  0.000000e+00
     vertex  0.000000e+00  0.000000e+00  0.000000e+00
     vertex  5.511708e+00  3.266300e+00  0.000000e+00
   endloop
 endfacet
 facet normal  0.000000e+00 -0.000000e+00 -1.000000e+00
   outer loop
     vertex  4.007993e+00  4.832931e+00  0.000000e+00
     vertex  4.013207e+00  4.785411e+00  0.000000e+00
     vertex  0.000000e+00  0.000000e+00  0.000000e+00
   endloop
 endfacet
 facet normal -0.000000e+00  0.000000e+00 -1.000000e+00
   outer loop
     vertex  5.606740e+00  3.255874e+00  0.000000e+00
     vertex  0.000000e+00  0.000000e+00  0.000000e+00
     vertex  5.559153e+00  3.260438e+00  0.000000e+00
   endloop
 endfacet
 facet normal  0.000000e+00 -0.000000e+00 -1.000000e+00
   outer loop
     vertex  4.004080e+00  4.880576e+00  0.000000e+00
     vertex  4.007993e+00  4.832931e+00  0.000000e+00
     vertex  0.000000e+00  0.000000e+00  0.000000e+00
   endloop
 endfacet
 facet normal -0.000000e+00  0.000000e+00 -1.000000e+00
   outer loop
     vertex  5.654434e+00  3.252611e+00  0.000000e+00
     vertex  0.000000e+00  0.000000e+00  0.000000e+00
     vertex  5.606740e+00  3.255874e+00  0.000000e+00
   endloop
 endfacet
 facet normal  0.000000e+00 -0.000000e+00 -1.000000e+00
   outer loop
     vertex  4.001469e+00  4.928310e+00  0.000000e+00
     vertex  4.004080e+00  4.880576e+00  0.000000e+00
     vertex  0.000000e+00  0.000000e+00  0.000000e+00
   endloop
 endfacet
 facet normal -0.000000e+00  0.000000e+00 -1.000000e+00
   outer loop
     vertex  5.702199e+00  3.250653e+00  0.000000e+00
     vertex  0.000000e+00  0.000000e+00  0.000000e+00
     vertex  5.654434e+00  3.252611e+00  0.000000e+00
   endloop
 endfacet
 facet normal  0.000000e+00 -0.000000e+00 -1.000000e+00
   outer loop
     vertex  4.000163e+00  4.976097e+00  0.000000e+00
     vertex  4.001469e+00  4.928310e+00  0.000000e+00
     vertex  0.000000e+00  0.000000e+00  0.000000e+00
   endloop
 endfacet
 facet normal -0.000000e+00  0.000000e+00 -1.000000e+00
   outer loop
     vertex  5.750000e+00  3.250000e+00  0.000000e+00
     vertex  0.000000e+00  0.000000e+00  0.000000e+00
     vertex  5.702199e+00  3.250653e+00  0.000000e+00
   endloop
 endfacet
 facet normal  0.000000e+00  0.000000e+00 -1.000000e+00
   outer loop
     vertex  0.000000e+00  1.000000e+01  0.000000e+00
     vertex  4.174789e+00  5.762372e+00  0.000000e+00
     vertex  4.154553e+00  5.719061e+00  0.000000e+00
   endloop
 endfacet
 facet normal  0.000000e+00  0.000000e+00 -1.000000e+00
   outer loop
     vertex  0.000000e+00  1.000000e+01  0.000000e+00
     vertex  4.154553e+00  5.719061e+00  0.000000e+00
     vertex  4.135507e+00  5.675213e+00  0.000000e+00
   endloop
 endfacet
 facet normal  0.000000e+00  0.000000e+00 -1.000000e+00
   outer loop
     vertex  0.000000e+00  1.000000e+01  0.000000e+00
     vertex  4.135507e+00  5.675213e+00  0.000000e+00
     vertex  4.117666e+00  5.630862e+00  0.000000e+00
   endloop
 endfacet
 facet normal  0.000000e+00  0.000000e+00 -1.000000e+00
   outer loop
     vertex  0.000000e+00  1.000000e+01  0.000000e+00
     vertex  4.117666e+00  5.630862e+00  0.000000e+00
     vertex  4.101043e+00  5.586039e+00  0.000000e+00
   endloop
 endfacet
 facet normal  0.000000e+00  0.000000e+00 -1.000000e+00
   outer loop
     vertex  0.000000e+00  1.000000e+01  0.000000e+00
     vertex  4.101043e+00  5.586039e+00  0.000000e+00
     vertex  4.085651e+00  5.540780e+00  0.000000e+00
   endloop
 endfacet
 facet normal  0.000000e+00  0.000000e+00 -1.000000e+00
   outer loop
     vertex  0.000000e+00  1.000000e+01  0.000000e+00
     vertex  4.085651e+00  5.540780e+00  0.000000e+00
     vertex  4.071501e+00  5.495117e+00  0.000000e+00
   endloop
 endfacet
 facet normal  0.000000e+00  0.000000e+00 -1.000000e+00
   outer loop
     vertex  0.000000e+00  1.000000e+01  0.000000e+00
     vertex  4.071501e+00  5.495117e+00  0.000000e+00
     vertex  4.058603e+00  5.449084e+00  0.000000e+00
   endloop
 endfacet
 facet normal  0.000000e+00  0.000000e+00 -1.000000e+00
   outer loop
     vertex  0.000000e+00  1.000000e+01  0.000000e+00
     vertex  4.058603e+00  5.449084e+00  0.000000e+00
     vertex  4.046968e+00  5.402716e+00  0.000000e+00
   endloop
 endfacet
 facet normal  0.000000e+00  0.000000e+00 -1.000000e+00
   outer loop
     vertex  0.000000e+00  1.000000e+01  0.000000e+00
     vertex  4.046968e+00  5.402716e+00  0.000000e+00
     vertex  4.036603e+00  5.356048e+00  0.000000e+00
   endloop
 endfacet
 facet normal  0.000000e+00  0.000000e+00 -1.000000e+00
   outer loop
     vertex  0.000000e+00  1.000000e+01  0.000000e+00
     vertex  4.036603e+00  5.356048e+00  0.000000e+00
     vertex  4.027517e+00  5.309114e+00  0.000000e+00
   endloop
 endfacet
 facet normal  0.000000e+00  0.000000e+00 -1.000000e+00
   outer loop
     vertex  0.000000e+00  1.000000e+01  0.000000e+00
     vertex  4.027517e+00  5.309114e+00  0.000000e+00
     vertex  4.019716e+00  5.261949e+00  0.000000e+00
   endloop
 endfacet
 facet normal  0.000000e+00  0.000000e+00 -1.000000e+00
   outer loop
     vertex  0.000000e+00  1.000000e+01  0.000000e+00
     vertex  4.019716e+00  5.261949e+00  0.000000e+00
     vertex  4.013207e+00  5.214589e+00  0.000000e+00
   endloop
 endfacet
 facet normal  0.000000e+00  0.000000e+00 -1.000000e+00
   outer loop
     vertex  0.000000e+00  1.000000e+01  0.000000e+00
     vertex  4.013207e+00  5.214589e+00  0.000000e+00
     vertex  4.007993e+00  5.167069e+00  0.000000e+00
   endloop
 endfacet
 facet normal  0.000000e+00  0.000000e+00 -1.000000e+00
   outer loop
     vertex  0.000000e+00  1.000000e+01  0.000000e+00
     vertex  4.007993e+00  5.167069e+00  0.000000e+00
     vertex  4.004080e+00  5.119424e+00  0.000000e+00
   endloop
 endfacet
 facet normal  0.000000e+00  0.000000e+00 -1.000000e+00
   outer loop
     vertex  0.000000e+00  1.000000e+01  0.000000e+00
     vertex  4.004080e+00  5.119424e+00  0.000000e+00
     vertex  4.001469e+00  5.071690e+00  0.000000e+00
   endloop
 endfacet
 facet normal  0.000000e+00  0.000000e+00 -1.000000e+00
   outer loop
     vertex  0.000000e+00  1.000000e+01  0.000000e+00
     vertex  4.001469e+00  5.071690e+00  0.000000e+00
     vertex  4.000163e+00  5.023903e+00  0.000000e+00
   endloop
 endfacet
 facet normal  0.000000e+00  0.000000e+00 -1.000000e+00
   outer loop
     vertex  0.000000e+00  1.000000e+01  0.000000e+00
     vertex  4.000163e+00  5.023903e+00  0.000000e+00
     vertex  4.000163e+00  4.976097e+00  0.000000e+00
   endloop
 endfacet
 facet normal  0.000000e+00  0.000000e+00 -1.000000e+00
   outer loop
     vertex  0.000000e+00  1.000000e+01  0.000000e+00
     vertex  4.000163e+00  4.976097e+00  0.000000e+00
     vertex  0.000000e+00  0.000000e+00  0.000000e+00
   endloop
 endfacet
 facet normal -0.000000e+00  0.000000e+00 -1.000000e+00
   outer loop
     vertex  4.196201e+00  5.805114e+00  0.000000e+00
     vertex  4.174789e+00  5.762372e+00  0.000000e+00
     vertex  0.000000e+00  1.000000e+01  0.000000e+00
   endloop
 endfacet
 facet normal -0.000000e+00  0.000000e+00 -1.000000e+00
   outer loop
     vertex  4.218772e+00  5.847255e+00  0.000000e+00
     vertex  4.196201e+00  5.805114e+00  0.000000e+00
     vertex  0.000000e+00  1.000000e+01  0.000000e+00
   endloop
 endfacet
 facet normal -0.000000e+00  0.000000e+00 -1.000000e+00
   outer loop
     vertex  4.242486e+00  5.888764e+00  0.000000e+00
     vertex  4.218772e+00  5.847255e+00  0.000000e+00
     vertex  0.000000e+00  1.000000e+01  0.000000e+00
   endloop
 endfacet
 facet normal -0.000000e+00  0.000000e+00 -1.000000e+00
   outer loop
     vertex  4.267325e+00  5.929610e+00  0.000000e+00
     vertex  4.242486e+00  5.888764e+00  0.000000e+00
     vertex  0.000000e+00  1.000000e+01  0.000000e+00
   endloop
 endfacet
 facet normal -0.000000e+00  0.000000e+00 -1.000000e+00
   outer loop
     vertex  4.293270e+00  5.969762e+00  0.000000e+00
     vertex  4.267325e+00  5.929610e+00  0.000000e+00
     vertex  0.000000e+00  1.000000e+01  0.000000e+00
   endloop
 endfacet
 facet normal -0.000000e+00  0.000000e+00 -1.000000e+00
   outer loop
     vertex  4.320303e+00  6.009191e+00  0.000000e+00
     vertex  4.293270e+00  5.969762e+00  0.000000e+00
     vertex  0.000000e+00  1.000000e+01  0.000000e+00
   endloop
 endfacet
 facet normal -0.000000e+00  0.000000e+00 -1.000000e+00
   outer loop
     vertex  4.348402e+00  6.047866e+00  0.000000e+00
     vertex  4.320303e+00  6.009191e+00  0.000000e+00
     vertex  0.000000e+00  1.000000e+01  0.000000e+00
   endloop
 endfacet
 facet normal -0.000000e+00  0.000000e+00 -1.000000e+00
   outer loop
     vertex  4.377547e+00  6.085759e+00  0.000000e+00
     vertex  4.348402e+00  6.047866e+00  0.000000e+00
     vertex  0.000000e+00  1.000000e+01  0.000000e+00
   endloop
 endfacet
 facet normal -0.000000e+00  0.000000e+00 -1.000000e+00
   outer loop
     vertex  4.407717e+00  6.122842e+00  0.000000e+00
     vertex  4.377547e+00  6.085759e+00  0.000000e+00
     vertex  0.000000e+00  1.000000e+01  0.000000e+00
   endloop
 endfacet
 facet normal -0.000000e+00  0.000000e+00 -1.000000e+00
   outer loop
     vertex  4.438888e+00  6.159088e+00  0.000000e+00
     vertex  4.407717e+00  6.122842e+00  0.000000e+00
     vertex  0.000000e+00  1.000000e+01  0.000000e+00
   endloop
 endfacet
 facet normal -0.000000e+00  0.000000e+00 -1.000000e+00
   outer loop
     vertex  4.471037e+00  6.194468e+00  0.000000e+00
     vertex  4.438888e+00  6.159088e+00  0.000000e+00
     vertex  0.000000e+00  1.000000e+01  0.000000e+00
   endloop
 endfacet
 facet normal -0.000000e+00  0.000000e+00 -1.000000e+00
   outer loop
     vertex  4.504141e+00  6.228957e+00  0.000000e+00
     vertex  4.471037e+00  6.194468e+00  0.000000e+00
     vertex  0.000000e+00  1.000000e+01  0.000000e+00
   endloop
 endfacet
 facet normal -0.000000e+00  0.000000e+00 -1.000000e+00
   outer loop
     vertex  4.538174e+00  6.262529e+00  0.000000e+00
     vertex  4.504141e+00  6.228957e+00  0.000000e+00
     vertex  0.000000e+00  1.000000e+01  0.000000e+00
   endloop
 endfacet
 facet normal -0.000000e+00  0.000000e+00 -1.000000e+00
   outer loop
     vertex  4.573112e+00  6.295158e+00  0.000000e+00
     vertex  4.538174e+00  6.262529e+00  0.000000e+00
     vertex  0.000000e+00  1.000000e+01  0.000000e+00
   endloop
 endfacet
 facet normal -0.000000e+00  0.000000e+00 -1.000000e+00
   outer loop
     vertex  4.608928e+00  6.326822e+00  0.000000e+00
     vertex  4.573112e+00  6.295158e+00  0.000000e+00
     vertex  0.000000e+00  1.000000e+01  0.000000e+00
   endloop
 endfacet
 facet normal -0.000000e+00  0.000000e+00 -1.000000e+00
   outer loop
     vertex  4.645596e+00  6.357495e+00  0.000000e+00
     vertex  4.608928e+00  6.326822e+00  0.000000e+00
     vertex  0.000000e+00  1.000000e+01  0.000000e+00
   endloop
 endfacet
 facet normal -0.000000e+00  0.000000e+00 -1.000000e+00
   outer loop
     vertex  4.683088e+00  6.387155e+00  0.000000e+00
     vertex  4.645596e+00  6.357495e+00  0.000000e+00
     vertex  0.000000e+00  1.000000e+01  0.000000e+00
   endloop
 endfacet
 facet normal -0.000000e+00  0.000000e+00 -1.000000e+00
   outer loop
     vertex  4.721376e+00  6.415780e+00  0.000000e+00
     vertex  4.683088e+00  6.387155e+00  0.000000e+00
     vertex  0.000000e+00  1.000000e+01  0.000000e+00
   endloop
 endfacet
 facet normal -0.000000e+00  0.000000e+00 -1.000000e+00
   outer loop
     vertex  4.760431e+00  6.443348e+00  0.000000e+00
     vertex  4.721376e+00  6.415780e+00  0.000000e+00
     vertex  0.000000e+00  1.000000e+01  0.000000e+00
   endloop
 endfacet
 facet normal -0.000000e+00  0.000000e+00 -1.000000e+00
   outer loop
     vertex  4.800225e+00  6.469839e+00  0.000000e+00
     vertex  4.760431e+00  6.443348e+00  0.000000e+00
     vertex  0.000000e+00  1.000000e+01  0.000000e+00
   endloop
 endfacet
 facet normal -0.000000e+00  0.000000e+00 -1.000000e+00
   outer loop
     vertex  4.840728e+00  6.495234e+00  0.000000e+00
     vertex  4.800225e+00  6.469839e+00  0.000000e+00
     vertex  0.000000e+00  1.000000e+01  0.000000e+00
   endloop
 endfacet
 facet normal -0.000000e+00  0.000000e+00 -1.000000e+00
   outer loop
     vertex  4.881909e+00  6.519513e+00  0.000000e+00
     vertex  4.840728e+00  6.495234e+00  0.000000e+00
     vertex  0.000000e+00  1.000000e+01  0.000000e+00
   endloop
 endfacet
 facet normal -0.000000e+00  0.000000e+00 -1.000000e+00
   outer loop
     vertex  4.923738e+00  6.542657e+00  0.000000e+00
     vertex  4.881909e+00  6.519513e+00  0.000000e+00
     vertex  0.000000e+00  1.000000e+01  0.000000e+00
   endloop
 endfacet
 facet normal -0.000000e+00  0.000000e+00 -1.000000e+00
   outer loop
     vertex  4.966184e+00  6.564651e+00  0.000000e+00
     vertex  4.923738e+00  6.542657e+00  0.000000e+00
     vertex  0.000000e+00  1.000000e+01  0.000000e+00
   endloop
 endfacet
 facet normal -0.000000e+00  0.000000e+00 -1.000000e+00
   outer loop
     vertex  5.009215e+00  6.585477e+00  0.000000e+00
     vertex  4.966184e+00  6.564651e+00  0.000000e+00
     vertex  0.000000e+00  1.000000e+01  0.000000e+00
   endloop
 endfacet
 facet normal -0.000000e+00  0.000000e+00 -1.000000e+00
   outer loop
     vertex  5.052798e+00  6.605120e+00  0.000000e+00
     vertex  5.009215e+00  6.585477e+00  0.000000e+00
     vertex  0.000000e+00  1.000000e+01  0.000000e+00
   endloop
 endfacet
 facet normal -0.000000e+00  0.000000e+00 -1.000000e+00
   outer loop
     vertex  5.096902e+00  6.623565e+00  0.000000e+00
     vertex  5.052798e+00  6.605120e+00  0.000000e+00
     vertex  0.000000e+00  1.000000e+01  0.000000e+00
   endloop
 endfacet
 facet normal -0.000000e+00  0.000000e+00 -1.000000e+00
   outer loop
     vertex  5.141493e+00  6.640798e+00  0.000000e+00
     vertex  5.096902e+00  6.623565e+00  0.000000e+00
     vertex  0.000000e+00  1.000000e+01  0.000000e+00
   endloop
 endfacet
 facet normal -0.000000e+00  0.000000e+00 -1.000000e+00
   outer loop
     vertex  5.186538e+00  6.656807e+00  0.000000e+00
     vertex  5.141493e+00  6.640798e+00  0.000000e+00
     vertex  0.000000e+00  1.000000e+01  0.000000e+00
   endloop
 endfacet
 facet normal -0.000000e+00  0.000000e+00 -1.000000e+00
   outer loop
     vertex  5.232004e+00  6.671580e+00  0.000000e+00
     vertex  5.186538e+00  6.656807e+00  0.000000e+00
     vertex  0.000000e+00  1.000000e+01  0.000000e+00
   endloop
 endfacet
 facet normal -0.000000e+00  0.000000e+00 -1.000000e+00
   outer loop
     vertex  5.277856e+00  6.685105e+00  0.000000e+00
     vertex  5.232004e+00  6.671580e+00  0.000000e+00
     vertex  0.000000e+00  1.000000e+01  0.000000e+00
   endloop
 endfacet
 facet normal -0.000000e+00  0.000000e+00 -1.000000e+00
   outer loop
     vertex  5.324060e+00  6.697373e+00  0.000000e+00
     vertex  5.277856e+00  6.685105e+00  0.000000e+00
     vertex  0.000000e+00  1.000000e+01  0.000000e+00
   endloop
 endfacet
 facet normal -0.000000e+00  0.000000e+00 -1.000000e+00
   outer loop
     vertex  5.370582e+00  6.708374e+00  0.000000e+00
     vertex  5.324060e+00  6.697373e+00  0.000000e+00
     vertex  0.000000e+00  1.000000e+01  0.000000e+00
   endloop
 endfacet
 facet normal -0.000000e+00  0.000000e+00 -1.000000e+00
   outer loop
     vertex  5.417388e+00  6.718100e+00  0.000000e+00
     vertex  5.370582e+00  6.708374e+00  0.000000e+00
     vertex  0.000000e+00  1.000000e+01  0.000000e+00
   endloop
 endfacet
 facet normal -0.000000e+00  0.000000e+00 -1.000000e+00
   outer loop
     vertex  5.464442e+00  6.726545e+00  0.000000e+00
     vertex  5.417388e+00  6.718100e+00  0.000000e+00
     vertex  0.000000e+00  1.000000e+01  0.000000e+00
   endloop
 endfacet
 facet normal -0.000000e+00  0.000000e+00 -1.000000e+00
   outer loop
     vertex  5.511708e+00  6.733700e+00  0.000000e+00
     vertex  5.464442e+00  6.726545e+00  0.000000e+00
     vertex  0.000000e+00  1.000000e+01  0.000000e+00
   endloop
 endfacet
 facet normal -0.000000e+00  0.000000e+00 -1.000000e+00
   outer loop
     vertex  5.559153e+00  6.739562e+00  0.000000e+00
     vertex  5.511708e+00  6.733700e+00  0.000000e+00
     vertex  0.000000e+00  1.000000e+01  0.000000e+00
   endloop
 endfacet
 facet normal -0.000000e+00  0.000000e+00 -1.000000e+00
   outer loop
     vertex  5.606740e+00  6.744126e+00  0.000000e+00
     vertex  5.559153e+00  6.739562e+00  0.000000e+00
     vertex  0.000000e+00  1.000000e+01  0.000000e+00
   endloop
 endfacet
 facet normal -0.000000e+00  0.000000e+00 -1.000000e+00
   outer loop
     vertex  5.654434e+00  6.747389e+00  0.000000e+00
     vertex  5.606740e+00  6.744126e+00  0.000000e+00
     vertex  0.000000e+00  1.000000e+01  0.000000e+00
   endloop
 endfacet
 facet normal -0.000000e+00  0.000000e+00 -1.000000e+00
   outer loop
     vertex  5.702199e+00  6.749347e+00  0.000000e+00
     vertex  5.654434e+00  6.747389e+00  0.000000e+00
     vertex  0.000000e+00  1.000000e+01  0.000000e+00
   endloop
 endfacet
 facet normal -0.000000e+00  0.000000e+00 -1.000000e+00
   outer loop
     vertex  5.750000e+00  6.750000e+00  0.000000e+00
     vertex  5.702199e+00  6.749347e+00  0.000000e+00
     vertex  0.000000e+00  1.000000e+01  0.000000e+00
   endloop
 endfacet
 facet normal -0.000000e+00  0.000000e+00 -1.000000e+00
   outer loop
     vertex  2.425000e+01  3.250000e+00  0.000000e+00
     vertex  0.000000e+00  0.000000e+00  0.000000e+00
     vertex  5.750000e+00  3.250000e+00  0.000000e+00
   endloop
 endfacet
 facet normal  0.000000e+00  0.000000e+00 -1.000000e+00
   outer loop
     vertex  2.429739e+01  3.250642e+00  0.000000e+00
     vertex  0.000000e+00  0.000000e+00  0.000000e+00
     vertex  2.425000e+01  3.250000e+00  0.000000e+00
   endloop
 endfacet
 facet normal  0.000000e+00  0.000000e+00 -1.000000e+00
   outer loop
     vertex  2.434474e+01  3.252567e+00  0.000000e+00
     vertex  0.000000e+00  0.000000e+00  0.000000e+00
     vertex  2.429739e+01  3.250642e+00  0.000000e+00
   endloop
 endfacet
 facet normal  0.000000e+00  0.000000e+00 -1.000000e+00
   outer loop
     vertex  2.425000e+01  6.750000e+00  0.000000e+00
     vertex  5.750000e+00  6.750000e+00  0.000000e+00
     vertex  0.000000e+00  1.000000e+01  0.000000e+00
   endloop
 endfacet
 facet normal -0.000000e+00  0.000000e+00 -1.000000e+00
   outer loop
     vertex  3.850414e+01  3.771043e+00  0.000000e+00
     vertex  2.548744e+01  3.762563e+00  0.000000e+00
     vertex  2.552049e+01  3.796526e+00  0.000000e+00
   endloop
 endfacet
 facet normal -0.000000e+00  0.000000e+00 -1.000000e+00
   outer loop
     vertex  3.853817e+01  3.737471e+00  0.000000e+00
     vertex  2.545347e+01  3.729508e+00  0.000000e+00
     vertex  2.548744e+01  3.762563e+00  0.000000e+00
   endloop
 endfacet
 facet normal  0.000000e+00  0.000000e+00 -1.000000e+00
   outer loop
     vertex  3.853817e+01  3.737471e+00  0.000000e+00
     vertex  2.548744e+01  3.762563e+00  0.000000e+00
     vertex  3.850414e+01  3.771043e+00  0.000000e+00
   endloop
 endfacet
 facet normal -0.000000e+00  0.000000e+00 -1.000000e+00
   outer loop
     vertex  3.847104e+01  3.805532e+00  0.000000e+00
     vertex  2.552049e+01  3.796526e+00  0.000000e+00
     vertex  2.555262e+01  3.831371e+00  0.000000e+00
   endloop
 endfacet
 facet normal  0.000000e+00 -0.000000e+00 -1.000000e+00
   outer loop
     vertex  3.847104e+01  3.805532e+00  0.000000e+00
     vertex  3.850414e+01  3.771043e+00  0.000000e+00
     vertex  2.552049e+01  3.796526e+00  0.000000e+00
   endloop
 endfacet
 facet normal -0.000000e+00  0.000000e+00 -1.000000e+00
   outer loop
     vertex  3.857311e+01  3.704842e+00  0.000000e+00
     vertex  2.541863e+01  3.697384e+00  0.000000e+00
     vertex  2.545347e+01  3.729508e+00  0.000000e+00
   endloop
 endfacet
 facet normal  0.000000e+00  0.000000e+00 -1.000000e+00
   outer loop
     vertex  3.857311e+01  3.704842e+00  0.000000e+00
     vertex  2.545347e+01  3.729508e+00  0.000000e+00
     vertex  3.853817e+01  3.737471e+00  0.000000e+00
   endloop
 endfacet
 facet normal -0.000000e+00  0.000000e+00 -1.000000e+00
   outer loop
     vertex  3.843889e+01  3.840912e+00  0.000000e+00
     vertex  2.555262e+01  3.831371e+00  0.000000e+00
     vertex  2.558378e+01  3.867074e+00  0.000000e+00
   endloop
 endfacet
 facet normal  0.000000e+00 -0.000000e+00 -1.000000e+00
   outer loop
     vertex  3.843889e+01  3.840912e+00  0.000000e+00
     vertex  3.847104e+01  3.805532e+00  0.000000e+00
     vertex  2.555262e+01  3.831371e+00  0.000000e+00
   endloop
 endfacet
 facet normal -0.000000e+00  0.000000e+00 -1.000000e+00
   outer loop
     vertex  3.860893e+01  3.673178e+00  0.000000e+00
     vertex  2.538293e+01  3.666216e+00  0.000000e+00
     vertex  2.541863e+01  3.697384e+00  0.000000e+00
   endloop
 endfacet
 facet normal  0.000000e+00  0.000000e+00 -1.000000e+00
   outer loop
     vertex  3.860893e+01  3.673178e+00  0.000000e+00
     vertex  2.541863e+01  3.697384e+00  0.000000e+00
     vertex  3.857311e+01  3.704842e+00  0.000000e+00
   endloop
 endfacet
 facet normal -0.000000e+00  0.000000e+00 -1.000000e+00
   outer loop
     vertex  3.840772e+01  3.877158e+00  0.000000e+00
     vertex  2.558378e+01  3.867074e+00  0.000000e+00
     vertex  2.561397e+01  3.903608e+00  0.000000e+00
   endloop
 endfacet
 facet normal  0.000000e+00 -0.000000e+00 -1.000000e+00
   outer loop
     vertex  3.840772e+01  3.877158e+00  0.000000e+00
     vertex  3.843889e+01  3.840912e+00  0.000000e+00
     vertex  2.558378e+01  3.867074e+00  0.000000e+00
   endloop
 endfacet
 facet normal -0.000000e+00  0.000000e+00 -1.000000e+00
   outer loop
     vertex  3.864560e+01  3.642505e+00  0.000000e+00
     vertex  2.534639e+01  3.636027e+00  0.000000e+00
     vertex  2.538293e+01  3.666216e+00  0.000000e+00
   endloop
 endfacet
 facet normal  0.000000e+00  0.000000e+00 -1.000000e+00
   outer loop
     vertex  3.864560e+01  3.642505e+00  0.000000e+00
     vertex  2.538293e+01  3.666216e+00  0.000000e+00
     vertex  3.860893e+01  3.673178e+00  0.000000e+00
   endloop
 endfacet
 facet normal -0.000000e+00  0.000000e+00 -1.000000e+00
   outer loop
     vertex  3.837755e+01  3.914241e+00  0.000000e+00
     vertex  2.561397e+01  3.903608e+00  0.000000e+00
     vertex  2.564316e+01  3.940945e+00  0.000000e+00
   endloop
 endfacet
 facet normal  0.000000e+00 -0.000000e+00 -1.000000e+00
   outer loop
     vertex  3.837755e+01  3.914241e+00  0.000000e+00
     vertex  3.840772e+01  3.877158e+00  0.000000e+00
     vertex  2.561397e+01  3.903608e+00  0.000000e+00
   endloop
 endfacet
 facet normal -0.000000e+00  0.000000e+00 -1.000000e+00
   outer loop
     vertex  3.868309e+01  3.612845e+00  0.000000e+00
     vertex  2.530905e+01  3.606837e+00  0.000000e+00
     vertex  2.534639e+01  3.636027e+00  0.000000e+00
   endloop
 endfacet
 facet normal  0.000000e+00  0.000000e+00 -1.000000e+00
   outer loop
     vertex  3.868309e+01  3.612845e+00  0.000000e+00
     vertex  2.534639e+01  3.636027e+00  0.000000e+00
     vertex  3.864560e+01  3.642505e+00  0.000000e+00
   endloop
 endfacet
 facet normal -0.000000e+00  0.000000e+00 -1.000000e+00
   outer loop
     vertex  3.834840e+01  3.952134e+00  0.000000e+00
     vertex  2.564316e+01  3.940945e+00  0.000000e+00
     vertex  2.567133e+01  3.979059e+00  0.000000e+00
   endloop
 endfacet
 facet normal  0.000000e+00 -0.000000e+00 -1.000000e+00
   outer loop
     vertex  3.834840e+01  3.952134e+00  0.000000e+00
     vertex  3.837755e+01  3.914241e+00  0.000000e+00
     vertex  2.564316e+01  3.940945e+00  0.000000e+00
   endloop
 endfacet
 facet normal -0.000000e+00  0.000000e+00 -1.000000e+00
   outer loop
     vertex  3.872138e+01  3.584220e+00  0.000000e+00
     vertex  2.527094e+01  3.578669e+00  0.000000e+00
     vertex  2.530905e+01  3.606837e+00  0.000000e+00
   endloop
 endfacet
 facet normal  0.000000e+00  0.000000e+00 -1.000000e+00
   outer loop
     vertex  3.872138e+01  3.584220e+00  0.000000e+00
     vertex  2.530905e+01  3.606837e+00  0.000000e+00
     vertex  3.868309e+01  3.612845e+00  0.000000e+00
   endloop
 endfacet
 facet normal -0.000000e+00  0.000000e+00 -1.000000e+00
   outer loop
     vertex  3.832030e+01  3.990809e+00  0.000000e+00
     vertex  2.567133e+01  3.979059e+00  0.000000e+00
     vertex  2.569846e+01  4.017923e+00  0.000000e+00
   endloop
 endfacet
 facet normal  0.000000e+00 -0.000000e+00 -1.000000e+00
   outer loop
     vertex  3.832030e+01  3.990809e+00  0.000000e+00
     vertex  3.834840e+01  3.952134e+00  0.000000e+00
     vertex  2.567133e+01  3.979059e+00  0.000000e+00
   endloop
 endfacet
 facet normal  0.000000e+00  0.000000e+00 -1.000000e+00
   outer loop
     vertex  3.876043e+01  3.556652e+00  0.000000e+00
     vertex  2.527094e+01  3.578669e+00  0.000000e+00
     vertex  3.872138e+01  3.584220e+00  0.000000e+00
   endloop
 endfacet
 facet normal -0.000000e+00  0.000000e+00 -1.000000e+00
   outer loop
     vertex  3.876043e+01  3.556652e+00  0.000000e+00
     vertex  2.523208e+01  3.551544e+00  0.000000e+00
     vertex  2.527094e+01  3.578669e+00  0.000000e+00
   endloop
 endfacet
 facet normal -0.000000e+00  0.000000e+00 -1.000000e+00
   outer loop
     vertex  3.829327e+01  4.030238e+00  0.000000e+00
     vertex  2.569846e+01  4.017923e+00  0.000000e+00
     vertex  2.572452e+01  4.057506e+00  0.000000e+00
   endloop
 endfacet
 facet normal  0.000000e+00 -0.000000e+00 -1.000000e+00
   outer loop
     vertex  3.829327e+01  4.030238e+00  0.000000e+00
     vertex  3.832030e+01  3.990809e+00  0.000000e+00
     vertex  2.569846e+01  4.017923e+00  0.000000e+00
   endloop
 endfacet
 facet normal  0.000000e+00  0.000000e+00 -1.000000e+00
   outer loop
     vertex  3.880023e+01  3.530161e+00  0.000000e+00
     vertex  2.523208e+01  3.551544e+00  0.000000e+00
     vertex  3.876043e+01  3.556652e+00  0.000000e+00
   endloop
 endfacet
 facet normal -0.000000e+00  0.000000e+00 -1.000000e+00
   outer loop
     vertex  3.880023e+01  3.530161e+00  0.000000e+00
     vertex  2.519249e+01  3.525481e+00  0.000000e+00
     vertex  2.523208e+01  3.551544e+00  0.000000e+00
   endloop
 endfacet
 facet normal -0.000000e+00  0.000000e+00 -1.000000e+00
   outer loop
     vertex  3.826732e+01  4.070390e+00  0.000000e+00
     vertex  2.572452e+01  4.057506e+00  0.000000e+00
     vertex  2.574950e+01  4.097781e+00  0.000000e+00
   endloop
 endfacet
 facet normal  0.000000e+00 -0.000000e+00 -1.000000e+00
   outer loop
     vertex  3.826732e+01  4.070390e+00  0.000000e+00
     vertex  3.829327e+01  4.030238e+00  0.000000e+00
     vertex  2.572452e+01  4.057506e+00  0.000000e+00
   endloop
 endfacet
 facet normal  0.000000e+00  0.000000e+00 -1.000000e+00
   outer loop
     vertex  3.884073e+01  3.504766e+00  0.000000e+00
     vertex  2.519249e+01  3.525481e+00  0.000000e+00
     vertex  3.880023e+01  3.530161e+00  0.000000e+00
   endloop
 endfacet
 facet normal -0.000000e+00  0.000000e+00 -1.000000e+00
   outer loop
     vertex  3.884073e+01  3.504766e+00  0.000000e+00
     vertex  2.515222e+01  3.500500e+00  0.000000e+00
     vertex  2.519249e+01  3.525481e+00  0.000000e+00
   endloop
 endfacet
 facet normal -0.000000e+00  0.000000e+00 -1.000000e+00
   outer loop
     vertex  3.824249e+01  4.111236e+00  0.000000e+00
     vertex  2.574950e+01  4.097781e+00  0.000000e+00
     vertex  2.577338e+01  4.138717e+00  0.000000e+00
   endloop
 endfacet
 facet normal  0.000000e+00 -0.000000e+00 -1.000000e+00
   outer loop
     vertex  3.824249e+01  4.111236e+00  0.000000e+00
     vertex  3.826732e+01  4.070390e+00  0.000000e+00
     vertex  2.574950e+01  4.097781e+00  0.000000e+00
   endloop
 endfacet
 facet normal  0.000000e+00  0.000000e+00 -1.000000e+00
   outer loop
     vertex  3.888191e+01  3.480487e+00  0.000000e+00
     vertex  2.515222e+01  3.500500e+00  0.000000e+00
     vertex  3.884073e+01  3.504766e+00  0.000000e+00
   endloop
 endfacet
 facet normal -0.000000e+00  0.000000e+00 -1.000000e+00
   outer loop
     vertex  3.888191e+01  3.480487e+00  0.000000e+00
     vertex  2.511128e+01  3.476618e+00  0.000000e+00
     vertex  2.515222e+01  3.500500e+00  0.000000e+00
   endloop
 endfacet
 facet normal -0.000000e+00  0.000000e+00 -1.000000e+00
   outer loop
     vertex  3.821877e+01  4.152745e+00  0.000000e+00
     vertex  2.577338e+01  4.138717e+00  0.000000e+00
     vertex  2.579615e+01  4.180285e+00  0.000000e+00
   endloop
 endfacet
 facet normal  0.000000e+00 -0.000000e+00 -1.000000e+00
   outer loop
     vertex  3.821877e+01  4.152745e+00  0.000000e+00
     vertex  3.824249e+01  4.111236e+00  0.000000e+00
     vertex  2.577338e+01  4.138717e+00  0.000000e+00
   endloop
 endfacet
 facet normal  0.000000e+00  0.000000e+00 -1.000000e+00
   outer loop
     vertex  3.892374e+01  3.457343e+00  0.000000e+00
     vertex  2.511128e+01  3.476618e+00  0.000000e+00
     vertex  3.888191e+01  3.480487e+00  0.000000e+00
   endloop
 endfacet
 facet normal -0.000000e+00  0.000000e+00 -1.000000e+00
   outer loop
     vertex  3.892374e+01  3.457343e+00  0.000000e+00
     vertex  2.506971e+01  3.453854e+00  0.000000e+00
     vertex  2.511128e+01  3.476618e+00  0.000000e+00
   endloop
 endfacet
 facet normal  0.000000e+00 -0.000000e+00 -1.000000e+00
   outer loop
     vertex  3.819620e+01  4.194886e+00  0.000000e+00
     vertex  3.821877e+01  4.152745e+00  0.000000e+00
     vertex  2.579615e+01  4.180285e+00  0.000000e+00
   endloop
 endfacet
 facet normal -0.000000e+00  0.000000e+00 -1.000000e+00
   outer loop
     vertex  3.819620e+01  4.194886e+00  0.000000e+00
     vertex  2.579615e+01  4.180285e+00  0.000000e+00
     vertex  2.581778e+01  4.222455e+00  0.000000e+00
   endloop
 endfacet
 facet normal  0.000000e+00  0.000000e+00 -1.000000e+00
   outer loop
     vertex  3.896618e+01  3.435349e+00  0.000000e+00
     vertex  2.506971e+01  3.453854e+00  0.000000e+00
     vertex  3.892374e+01  3.457343e+00  0.000000e+00
   endloop
 endfacet
 facet normal -0.000000e+00  0.000000e+00 -1.000000e+00
   outer loop
     vertex  3.896618e+01  3.435349e+00  0.000000e+00
     vertex  2.502755e+01  3.432224e+00  0.000000e+00
     vertex  2.506971e+01  3.453854e+00  0.000000e+00
   endloop
 endfacet
 facet normal -0.000000e+00  0.000000e+00 -1.000000e+00
   outer loop
     vertex  3.817479e+01  4.237628e+00  0.000000e+00
     vertex  2.581778e+01  4.222455e+00  0.000000e+00
     vertex  2.583826e+01  4.265194e+00  0.000000e+00
   endloop
 endfacet
 facet normal  0.000000e+00 -0.000000e+00 -1.000000e+00
   outer loop
     vertex  3.817479e+01  4.237628e+00  0.000000e+00
     vertex  3.819620e+01  4.194886e+00  0.000000e+00
     vertex  2.581778e+01  4.222455e+00  0.000000e+00
   endloop
 endfacet
 facet normal  0.000000e+00  0.000000e+00 -1.000000e+00
   outer loop
     vertex  3.900921e+01  3.414523e+00  0.000000e+00
     vertex  2.502755e+01  3.432224e+00  0.000000e+00
     vertex  3.896618e+01  3.435349e+00  0.000000e+00
   endloop
 endfacet
 facet normal -0.000000e+00  0.000000e+00 -1.000000e+00
   outer loop
     vertex  3.900921e+01  3.414523e+00  0.000000e+00
     vertex  2.498481e+01  3.411743e+00  0.000000e+00
     vertex  2.502755e+01  3.432224e+00  0.000000e+00
   endloop
 endfacet
 facet normal -0.000000e+00  0.000000e+00 -1.000000e+00
   outer loop
     vertex  3.815455e+01  4.280939e+00  0.000000e+00
     vertex  2.583826e+01  4.265194e+00  0.000000e+00
     vertex  2.585757e+01  4.308473e+00  0.000000e+00
   endloop
 endfacet
 facet normal  0.000000e+00 -0.000000e+00 -1.000000e+00
   outer loop
     vertex  3.815455e+01  4.280939e+00  0.000000e+00
     vertex  3.817479e+01  4.237628e+00  0.000000e+00
     vertex  2.583826e+01  4.265194e+00  0.000000e+00
   endloop
 endfacet
 facet normal  0.000000e+00  0.000000e+00 -1.000000e+00
   outer loop
     vertex  3.905280e+01  3.394880e+00  0.000000e+00
     vertex  2.498481e+01  3.411743e+00  0.000000e+00
     vertex  3.900921e+01  3.414523e+00  0.000000e+00
   endloop
 endfacet
 facet normal -0.000000e+00  0.000000e+00 -1.000000e+00
   outer loop
     vertex  3.905280e+01  3.394880e+00  0.000000e+00
     vertex  2.494153e+01  3.392427e+00  0.000000e+00
     vertex  2.498481e+01  3.411743e+00  0.000000e+00
   endloop
 endfacet
 facet normal  0.000000e+00 -0.000000e+00 -1.000000e+00
   outer loop
     vertex  3.813551e+01  4.324787e+00  0.000000e+00
     vertex  3.815455e+01  4.280939e+00  0.000000e+00
     vertex  2.585757e+01  4.308473e+00  0.000000e+00
   endloop
 endfacet
 facet normal -0.000000e+00  0.000000e+00 -1.000000e+00
   outer loop
     vertex  3.813551e+01  4.324787e+00  0.000000e+00
     vertex  2.585757e+01  4.308473e+00  0.000000e+00
     vertex  2.587571e+01  4.352258e+00  0.000000e+00
   endloop
 endfacet
 facet normal -0.000000e+00  0.000000e+00 -1.000000e+00
   outer loop
     vertex  3.909690e+01  3.376435e+00  0.000000e+00
     vertex  2.489774e+01  3.374291e+00  0.000000e+00
     vertex  2.494153e+01  3.392427e+00  0.000000e+00
   endloop
 endfacet
 facet normal  0.000000e+00  0.000000e+00 -1.000000e+00
   outer loop
     vertex  3.909690e+01  3.376435e+00  0.000000e+00
     vertex  2.494153e+01  3.392427e+00  0.000000e+00
     vertex  3.905280e+01  3.394880e+00  0.000000e+00
   endloop
 endfacet
 facet normal -0.000000e+00  0.000000e+00 -1.000000e+00
   outer loop
     vertex  3.811767e+01  4.369138e+00  0.000000e+00
     vertex  2.587571e+01  4.352258e+00  0.000000e+00
     vertex  2.589265e+01  4.396519e+00  0.000000e+00
   endloop
 endfacet
 facet normal  0.000000e+00 -0.000000e+00 -1.000000e+00
   outer loop
     vertex  3.811767e+01  4.369138e+00  0.000000e+00
     vertex  3.813551e+01  4.324787e+00  0.000000e+00
     vertex  2.587571e+01  4.352258e+00  0.000000e+00
   endloop
 endfacet
 facet normal -0.000000e+00  0.000000e+00 -1.000000e+00
   outer loop
     vertex  3.914149e+01  3.359202e+00  0.000000e+00
     vertex  2.485348e+01  3.357346e+00  0.000000e+00
     vertex  2.489774e+01  3.374291e+00  0.000000e+00
   endloop
 endfacet
 facet normal  0.000000e+00  0.000000e+00 -1.000000e+00
   outer loop
     vertex  3.914149e+01  3.359202e+00  0.000000e+00
     vertex  2.489774e+01  3.374291e+00  0.000000e+00
     vertex  3.909690e+01  3.376435e+00  0.000000e+00
   endloop
 endfacet
 facet normal -0.000000e+00  0.000000e+00 -1.000000e+00
   outer loop
     vertex  3.810104e+01  4.413961e+00  0.000000e+00
     vertex  2.589265e+01  4.396519e+00  0.000000e+00
     vertex  2.590839e+01  4.441222e+00  0.000000e+00
   endloop
 endfacet
 facet normal  0.000000e+00 -0.000000e+00 -1.000000e+00
   outer loop
     vertex  3.810104e+01  4.413961e+00  0.000000e+00
     vertex  3.811767e+01  4.369138e+00  0.000000e+00
     vertex  2.589265e+01  4.396519e+00  0.000000e+00
   endloop
 endfacet
 facet normal  0.000000e+00  0.000000e+00 -1.000000e+00
   outer loop
     vertex  3.918654e+01  3.343193e+00  0.000000e+00
     vertex  2.485348e+01  3.357346e+00  0.000000e+00
     vertex  3.914149e+01  3.359202e+00  0.000000e+00
   endloop
 endfacet
 facet normal -0.000000e+00  0.000000e+00 -1.000000e+00
   outer loop
     vertex  3.918654e+01  3.343193e+00  0.000000e+00
     vertex  2.480878e+01  3.341607e+00  0.000000e+00
     vertex  2.485348e+01  3.357346e+00  0.000000e+00
   endloop
 endfacet
 facet normal -0.000000e+00  0.000000e+00 -1.000000e+00
   outer loop
     vertex  3.808565e+01  4.459220e+00  0.000000e+00
     vertex  2.590839e+01  4.441222e+00  0.000000e+00
     vertex  2.592292e+01  4.486335e+00  0.000000e+00
   endloop
 endfacet
 facet normal  0.000000e+00 -0.000000e+00 -1.000000e+00
   outer loop
     vertex  3.808565e+01  4.459220e+00  0.000000e+00
     vertex  3.810104e+01  4.413961e+00  0.000000e+00
     vertex  2.590839e+01  4.441222e+00  0.000000e+00
   endloop
 endfacet
 facet normal  0.000000e+00  0.000000e+00 -1.000000e+00
   outer loop
     vertex  3.923200e+01  3.328420e+00  0.000000e+00
     vertex  2.480878e+01  3.341607e+00  0.000000e+00
     vertex  3.918654e+01  3.343193e+00  0.000000e+00
   endloop
 endfacet
 facet normal -0.000000e+00  0.000000e+00 -1.000000e+00
   outer loop
     vertex  3.923200e+01  3.328420e+00  0.000000e+00
     vertex  2.476366e+01  3.327084e+00  0.000000e+00
     vertex  2.480878e+01  3.341607e+00  0.000000e+00
   endloop
 endfacet
 facet normal -0.000000e+00  0.000000e+00 -1.000000e+00
   outer loop
     vertex  3.807150e+01  4.504883e+00  0.000000e+00
     vertex  2.592292e+01  4.486335e+00  0.000000e+00
     vertex  2.593621e+01  4.531825e+00  0.000000e+00
   endloop
 endfacet
 facet normal  0.000000e+00 -0.000000e+00 -1.000000e+00
   outer loop
     vertex  3.807150e+01  4.504883e+00  0.000000e+00
     vertex  3.808565e+01  4.459220e+00  0.000000e+00
     vertex  2.592292e+01  4.486335e+00  0.000000e+00
   endloop
 endfacet
 facet normal  0.000000e+00  0.000000e+00 -1.000000e+00
   outer loop
     vertex  3.927786e+01  3.314895e+00  0.000000e+00
     vertex  2.476366e+01  3.327084e+00  0.000000e+00
     vertex  3.923200e+01  3.328420e+00  0.000000e+00
   endloop
 endfacet
 facet normal -0.000000e+00  0.000000e+00 -1.000000e+00
   outer loop
     vertex  3.927786e+01  3.314895e+00  0.000000e+00
     vertex  2.471817e+01  3.313788e+00  0.000000e+00
     vertex  2.476366e+01  3.327084e+00  0.000000e+00
   endloop
 endfacet
 facet normal -0.000000e+00  0.000000e+00 -1.000000e+00
   outer loop
     vertex  3.805860e+01  4.550916e+00  0.000000e+00
     vertex  2.593621e+01  4.531825e+00  0.000000e+00
     vertex  2.594827e+01  4.577659e+00  0.000000e+00
   endloop
 endfacet
 facet normal  0.000000e+00 -0.000000e+00 -1.000000e+00
   outer loop
     vertex  3.805860e+01  4.550916e+00  0.000000e+00
     vertex  3.807150e+01  4.504883e+00  0.000000e+00
     vertex  2.593621e+01  4.531825e+00  0.000000e+00
   endloop
 endfacet
 facet normal  0.000000e+00  0.000000e+00 -1.000000e+00
   outer loop
     vertex  3.932406e+01  3.302627e+00  0.000000e+00
     vertex  2.471817e+01  3.313788e+00  0.000000e+00
     vertex  3.927786e+01  3.314895e+00  0.000000e+00
   endloop
 endfacet
 facet normal -0.000000e+00  0.000000e+00 -1.000000e+00
   outer loop
     vertex  3.932406e+01  3.302627e+00  0.000000e+00
     vertex  2.467234e+01  3.301728e+00  0.000000e+00
     vertex  2.471817e+01  3.313788e+00  0.000000e+00
   endloop
 endfacet
 facet normal -0.000000e+00  0.000000e+00 -1.000000e+00
   outer loop
     vertex  3.804697e+01  4.597284e+00  0.000000e+00
     vertex  2.594827e+01  4.577659e+00  0.000000e+00
     vertex  2.595909e+01  4.623802e+00  0.000000e+00
   endloop
 endfacet
 facet normal  0.000000e+00 -0.000000e+00 -1.000000e+00
   outer loop
     vertex  3.804697e+01  4.597284e+00  0.000000e+00
     vertex  3.805860e+01  4.550916e+00  0.000000e+00
     vertex  2.594827e+01  4.577659e+00  0.000000e+00
   endloop
 endfacet
 facet normal  0.000000e+00  0.000000e+00 -1.000000e+00
   outer loop
     vertex  3.937058e+01  3.291626e+00  0.000000e+00
     vertex  2.467234e+01  3.301728e+00  0.000000e+00
     vertex  3.932406e+01  3.302627e+00  0.000000e+00
   endloop
 endfacet
 facet normal -0.000000e+00  0.000000e+00 -1.000000e+00
   outer loop
     vertex  3.937058e+01  3.291626e+00  0.000000e+00
     vertex  2.462620e+01  3.290914e+00  0.000000e+00
     vertex  2.467234e+01  3.301728e+00  0.000000e+00
   endloop
 endfacet
 facet normal -0.000000e+00  0.000000e+00 -1.000000e+00
   outer loop
     vertex  3.803660e+01  4.643952e+00  0.000000e+00
     vertex  2.595909e+01  4.623802e+00  0.000000e+00
     vertex  2.596865e+01  4.670221e+00  0.000000e+00
   endloop
 endfacet
 facet normal  0.000000e+00 -0.000000e+00 -1.000000e+00
   outer loop
     vertex  3.803660e+01  4.643952e+00  0.000000e+00
     vertex  3.804697e+01  4.597284e+00  0.000000e+00
     vertex  2.595909e+01  4.623802e+00  0.000000e+00
   endloop
 endfacet
 facet normal  0.000000e+00  0.000000e+00 -1.000000e+00
   outer loop
     vertex  3.941739e+01  3.281900e+00  0.000000e+00
     vertex  2.462620e+01  3.290914e+00  0.000000e+00
     vertex  3.937058e+01  3.291626e+00  0.000000e+00
   endloop
 endfacet
 facet normal -0.000000e+00  0.000000e+00 -1.000000e+00
   outer loop
     vertex  3.941739e+01  3.281900e+00  0.000000e+00
     vertex  2.457978e+01  3.281354e+00  0.000000e+00
     vertex  2.462620e+01  3.290914e+00  0.000000e+00
   endloop
 endfacet
 facet normal -0.000000e+00  0.000000e+00 -1.000000e+00
   outer loop
     vertex  3.802752e+01  4.690886e+00  0.000000e+00
     vertex  2.596865e+01  4.670221e+00  0.000000e+00
     vertex  2.597695e+01  4.716882e+00  0.000000e+00
   endloop
 endfacet
 facet normal  0.000000e+00 -0.000000e+00 -1.000000e+00
   outer loop
     vertex  3.802752e+01  4.690886e+00  0.000000e+00
     vertex  3.803660e+01  4.643952e+00  0.000000e+00
     vertex  2.596865e+01  4.670221e+00  0.000000e+00
   endloop
 endfacet
 facet normal  0.000000e+00  0.000000e+00 -1.000000e+00
   outer loop
     vertex  3.946444e+01  3.273455e+00  0.000000e+00
     vertex  2.457978e+01  3.281354e+00  0.000000e+00
     vertex  3.941739e+01  3.281900e+00  0.000000e+00
   endloop
 endfacet
 facet normal -0.000000e+00  0.000000e+00 -1.000000e+00
   outer loop
     vertex  3.946444e+01  3.273455e+00  0.000000e+00
     vertex  2.453312e+01  3.273054e+00  0.000000e+00
     vertex  2.457978e+01  3.281354e+00  0.000000e+00
   endloop
 endfacet
 facet normal -0.000000e+00  0.000000e+00 -1.000000e+00
   outer loop
     vertex  3.801972e+01  4.738051e+00  0.000000e+00
     vertex  2.597695e+01  4.716882e+00  0.000000e+00
     vertex  2.598398e+01  4.763750e+00  0.000000e+00
   endloop
 endfacet
 facet normal  0.000000e+00 -0.000000e+00 -1.000000e+00
   outer loop
     vertex  3.801972e+01  4.738051e+00  0.000000e+00
     vertex  3.802752e+01  4.690886e+00  0.000000e+00
     vertex  2.597695e+01  4.716882e+00  0.000000e+00
   endloop
 endfacet
 facet normal  0.000000e+00  0.000000e+00 -1.000000e+00
   outer loop
     vertex  3.951171e+01  3.266300e+00  0.000000e+00
     vertex  2.453312e+01  3.273054e+00  0.000000e+00
     vertex  3.946444e+01  3.273455e+00  0.000000e+00
   endloop
 endfacet
 facet normal -0.000000e+00  0.000000e+00 -1.000000e+00
   outer loop
     vertex  3.951171e+01  3.266300e+00  0.000000e+00
     vertex  2.448625e+01  3.266020e+00  0.000000e+00
     vertex  2.453312e+01  3.273054e+00  0.000000e+00
   endloop
 endfacet
 facet normal  0.000000e+00 -0.000000e+00 -1.000000e+00
   outer loop
     vertex  3.801321e+01  4.785411e+00  0.000000e+00
     vertex  3.801972e+01  4.738051e+00  0.000000e+00
     vertex  2.598398e+01  4.763750e+00  0.000000e+00
   endloop
 endfacet
 facet normal -0.000000e+00  0.000000e+00 -1.000000e+00
   outer loop
     vertex  3.801321e+01  4.785411e+00  0.000000e+00
     vertex  2.598398e+01  4.763750e+00  0.000000e+00
     vertex  2.598974e+01  4.810792e+00  0.000000e+00
   endloop
 endfacet
 facet normal  0.000000e+00  0.000000e+00 -1.000000e+00
   outer loop
     vertex  3.955915e+01  3.260438e+00  0.000000e+00
     vertex  2.448625e+01  3.266020e+00  0.000000e+00
     vertex  3.951171e+01  3.266300e+00  0.000000e+00
   endloop
 endfacet
 facet normal -0.000000e+00  0.000000e+00 -1.000000e+00
   outer loop
     vertex  3.955915e+01  3.260438e+00  0.000000e+00
     vertex  2.443921e+01  3.260259e+00  0.000000e+00
     vertex  2.448625e+01  3.266020e+00  0.000000e+00
   endloop
 endfacet
 facet normal  0.000000e+00 -0.000000e+00 -1.000000e+00
   outer loop
     vertex  3.800799e+01  4.832931e+00  0.000000e+00
     vertex  3.801321e+01  4.785411e+00  0.000000e+00
     vertex  2.598974e+01  4.810792e+00  0.000000e+00
   endloop
 endfacet
 facet normal -0.000000e+00  0.000000e+00 -1.000000e+00
   outer loop
     vertex  3.800799e+01  4.832931e+00  0.000000e+00
     vertex  2.598974e+01  4.810792e+00  0.000000e+00
     vertex  2.599423e+01  4.857972e+00  0.000000e+00
   endloop
 endfacet
 facet normal  0.000000e+00  0.000000e+00 -1.000000e+00
   outer loop
     vertex  3.960674e+01  3.255874e+00  0.000000e+00
     vertex  2.443921e+01  3.260259e+00  0.000000e+00
     vertex  3.955915e+01  3.260438e+00  0.000000e+00
   endloop
 endfacet
 facet normal -0.000000e+00  0.000000e+00 -1.000000e+00
   outer loop
     vertex  3.960674e+01  3.255874e+00  0.000000e+00
     vertex  2.439203e+01  3.255773e+00  0.000000e+00
     vertex  2.443921e+01  3.260259e+00  0.000000e+00
   endloop
 endfacet
 facet normal  0.000000e+00 -0.000000e+00 -1.000000e+00
   outer loop
     vertex  3.800408e+01  4.880576e+00  0.000000e+00
     vertex  3.800799e+01  4.832931e+00  0.000000e+00
     vertex  2.599423e+01  4.857972e+00  0.000000e+00
   endloop
 endfacet
 facet normal -0.000000e+00  0.000000e+00 -1.000000e+00
   outer loop
     vertex  3.800408e+01  4.880576e+00  0.000000e+00
     vertex  2.599423e+01  4.857972e+00  0.000000e+00
     vertex  2.599743e+01  4.905257e+00  0.000000e+00
   endloop
 endfacet
 facet normal  0.000000e+00  0.000000e+00 -1.000000e+00
   outer loop
     vertex  3.965443e+01  3.252611e+00  0.000000e+00
     vertex  2.439203e+01  3.255773e+00  0.000000e+00
     vertex  3.960674e+01  3.255874e+00  0.000000e+00
   endloop
 endfacet
 facet normal -0.000000e+00  0.000000e+00 -1.000000e+00
   outer loop
     vertex  3.965443e+01  3.252611e+00  0.000000e+00
     vertex  2.434474e+01  3.252567e+00  0.000000e+00
     vertex  2.439203e+01  3.255773e+00  0.000000e+00
   endloop
 endfacet
 facet normal  0.000000e+00 -0.000000e+00 -1.000000e+00
   outer loop
     vertex  3.800147e+01  4.928310e+00  0.000000e+00
     vertex  3.800408e+01  4.880576e+00  0.000000e+00
     vertex  2.599743e+01  4.905257e+00  0.000000e+00
   endloop
 endfacet
 facet normal -0.000000e+00  0.000000e+00 -1.000000e+00
   outer loop
     vertex  3.800147e+01  4.928310e+00  0.000000e+00
     vertex  2.599743e+01  4.905257e+00  0.000000e+00
     vertex  2.599936e+01  4.952611e+00  0.000000e+00
   endloop
 endfacet
 facet normal  0.000000e+00 -0.000000e+00 -1.000000e+00
   outer loop
     vertex  3.800016e+01  4.976097e+00  0.000000e+00
     vertex  3.800147e+01  4.928310e+00  0.000000e+00
     vertex  2.599936e+01  4.952611e+00  0.000000e+00
   endloop
 endfacet
 facet normal -0.000000e+00  0.000000e+00 -1.000000e+00
   outer loop
     vertex  3.800016e+01  4.976097e+00  0.000000e+00
     vertex  2.599936e+01  4.952611e+00  0.000000e+00
     vertex  2.600000e+01  5.000000e+00  0.000000e+00
   endloop
 endfacet
 facet normal -0.000000e+00  0.000000e+00 -1.000000e+00
   outer loop
     vertex  3.800016e+01  5.023903e+00  0.000000e+00
     vertex  2.600000e+01  5.000000e+00  0.000000e+00
     vertex  2.599936e+01  5.047389e+00  0.000000e+00
   endloop
 endfacet
 facet normal  0.000000e+00 -0.000000e+00 -1.000000e+00
   outer loop
     vertex  3.800016e+01  5.023903e+00  0.000000e+00
     vertex  3.800016e+01  4.976097e+00  0.000000e+00
     vertex  2.600000e+01  5.000000e+00  0.000000e+00
   endloop
 endfacet
 facet normal -0.000000e+00  0.000000e+00 -1.000000e+00
   outer loop
     vertex  3.800147e+01  5.071690e+00  0.000000e+00
     vertex  2.599936e+01  5.047389e+00  0.000000e+00
     vertex  2.599743e+01  5.094743e+00  0.000000e+00
   endloop
 endfacet
 facet normal  0.000000e+00  0.000000e+00 -1.000000e+00
   outer loop
     vertex  3.800147e+01  5.071690e+00  0.000000e+00
     vertex  3.800016e+01  5.023903e+00  0.000000e+00
     vertex  2.599936e+01  5.047389e+00  0.000000e+00
   endloop
 endfacet
 facet normal -0.000000e+00  0.000000e+00 -1.000000e+00
   outer loop
     vertex  3.800408e+01  5.119424e+00  0.000000e+00
     vertex  2.599743e+01  5.094743e+00  0.000000e+00
     vertex  2.599423e+01  5.142028e+00  0.000000e+00
   endloop
 endfacet
 facet normal  0.000000e+00  0.000000e+00 -1.000000e+00
   outer loop
     vertex  3.800408e+01  5.119424e+00  0.000000e+00
     vertex  3.800147e+01  5.071690e+00  0.000000e+00
     vertex  2.599743e+01  5.094743e+00  0.000000e+00
   endloop
 endfacet
 facet normal -0.000000e+00  0.000000e+00 -1.000000e+00
   outer loop
     vertex  3.800799e+01  5.167069e+00  0.000000e+00
     vertex  2.599423e+01  5.142028e+00  0.000000e+00
     vertex  2.598974e+01  5.189208e+00  0.000000e+00
   endloop
 endfacet
 facet normal  0.000000e+00  0.000000e+00 -1.000000e+00
   outer loop
     vertex  3.800799e+01  5.167069e+00  0.000000e+00
     vertex  3.800408e+01  5.119424e+00  0.000000e+00
     vertex  2.599423e+01  5.142028e+00  0.000000e+00
   endloop
 endfacet
 facet normal -0.000000e+00  0.000000e+00 -1.000000e+00
   outer loop
     vertex  3.801321e+01  5.214589e+00  0.000000e+00
     vertex  2.598974e+01  5.189208e+00  0.000000e+00
     vertex  2.598398e+01  5.236250e+00  0.000000e+00
   endloop
 endfacet
 facet normal  0.000000e+00  0.000000e+00 -1.000000e+00
   outer loop
     vertex  3.801321e+01  5.214589e+00  0.000000e+00
     vertex  3.800799e+01  5.167069e+00  0.000000e+00
     vertex  2.598974e+01  5.189208e+00  0.000000e+00
   endloop
 endfacet
 facet normal -0.000000e+00  0.000000e+00 -1.000000e+00
   outer loop
     vertex  3.801972e+01  5.261949e+00  0.000000e+00
     vertex  2.598398e+01  5.236250e+00  0.000000e+00
     vertex  2.597695e+01  5.283118e+00  0.000000e+00
   endloop
 endfacet
 facet normal  0.000000e+00  0.000000e+00 -1.000000e+00
   outer loop
     vertex  3.801972e+01  5.261949e+00  0.000000e+00
     vertex  3.801321e+01  5.214589e+00  0.000000e+00
     vertex  2.598398e+01  5.236250e+00  0.000000e+00
   endloop
 endfacet
 facet normal -0.000000e+00  0.000000e+00 -1.000000e+00
   outer loop
     vertex  3.802752e+01  5.309114e+00  0.000000e+00
     vertex  2.597695e+01  5.283118e+00  0.000000e+00
     vertex  2.596865e+01  5.329779e+00  0.000000e+00
   endloop
 endfacet
 facet normal  0.000000e+00  0.000000e+00 -1.000000e+00
   outer loop
     vertex  3.802752e+01  5.309114e+00  0.000000e+00
     vertex  3.801972e+01  5.261949e+00  0.000000e+00
     vertex  2.597695e+01  5.283118e+00  0.000000e+00
   endloop
 endfacet
 facet normal -0.000000e+00  0.000000e+00 -1.000000e+00
   outer loop
     vertex  3.803660e+01  5.356048e+00  0.000000e+00
     vertex  2.596865e+01  5.329779e+00  0.000000e+00
     vertex  2.595909e+01  5.376198e+00  0.000000e+00
   endloop
 endfacet
 facet normal  0.000000e+00  0.000000e+00 -1.000000e+00
   outer loop
     vertex  3.803660e+01  5.356048e+00  0.000000e+00
     vertex  3.802752e+01  5.309114e+00  0.000000e+00
     vertex  2.596865e+01  5.329779e+00  0.000000e+00
   endloop
 endfacet
 facet normal -0.000000e+00  0.000000e+00 -1.000000e+00
   outer loop
     vertex  3.804697e+01  5.402716e+00  0.000000e+00
     vertex  2.595909e+01  5.376198e+00  0.000000e+00
     vertex  2.594827e+01  5.422341e+00  0.000000e+00
   endloop
 endfacet
 facet normal  0.000000e+00  0.000000e+00 -1.000000e+00
   outer loop
     vertex  3.804697e+01  5.402716e+00  0.000000e+00
     vertex  3.803660e+01  5.356048e+00  0.000000e+00
     vertex  2.595909e+01  5.376198e+00  0.000000e+00
   endloop
 endfacet
 facet normal -0.000000e+00  0.000000e+00 -1.000000e+00
   outer loop
     vertex  3.805860e+01  5.449084e+00  0.000000e+00
     vertex  2.594827e+01  5.422341e+00  0.000000e+00
     vertex  2.593621e+01  5.468175e+00  0.000000e+00
   endloop
 endfacet
 facet normal  0.000000e+00  0.000000e+00 -1.000000e+00
   outer loop
     vertex  3.805860e+01  5.449084e+00  0.000000e+00
     vertex  3.804697e+01  5.402716e+00  0.000000e+00
     vertex  2.594827e+01  5.422341e+00  0.000000e+00
   endloop
 endfacet
 facet normal -0.000000e+00  0.000000e+00 -1.000000e+00
   outer loop
     vertex  3.807150e+01  5.495117e+00  0.000000e+00
     vertex  2.593621e+01  5.468175e+00  0.000000e+00
     vertex  2.592292e+01  5.513665e+00  0.000000e+00
   endloop
 endfacet
 facet normal  0.000000e+00  0.000000e+00 -1.000000e+00
   outer loop
     vertex  3.807150e+01  5.495117e+00  0.000000e+00
     vertex  3.805860e+01  5.449084e+00  0.000000e+00
     vertex  2.593621e+01  5.468175e+00  0.000000e+00
   endloop
 endfacet
 facet normal  0.000000e+00  0.000000e+00 -1.000000e+00
   outer loop
     vertex  3.808565e+01  5.540780e+00  0.000000e+00
     vertex  3.807150e+01  5.495117e+00  0.000000e+00
     vertex  2.592292e+01  5.513665e+00  0.000000e+00
   endloop
 endfacet
 facet normal -0.000000e+00  0.000000e+00 -1.000000e+00
   outer loop
     vertex  3.808565e+01  5.540780e+00  0.000000e+00
     vertex  2.592292e+01  5.513665e+00  0.000000e+00
     vertex  2.590839e+01  5.558778e+00  0.000000e+00
   endloop
 endfacet
 facet normal -0.000000e+00  0.000000e+00 -1.000000e+00
   outer loop
     vertex  3.810104e+01  5.586039e+00  0.000000e+00
     vertex  2.590839e+01  5.558778e+00  0.000000e+00
     vertex  2.589265e+01  5.603481e+00  0.000000e+00
   endloop
 endfacet
 facet normal  0.000000e+00  0.000000e+00 -1.000000e+00
   outer loop
     vertex  3.810104e+01  5.586039e+00  0.000000e+00
     vertex  3.808565e+01  5.540780e+00  0.000000e+00
     vertex  2.590839e+01  5.558778e+00  0.000000e+00
   endloop
 endfacet
 facet normal -0.000000e+00  0.000000e+00 -1.000000e+00
   outer loop
     vertex  3.811767e+01  5.630862e+00  0.000000e+00
     vertex  2.589265e+01  5.603481e+00  0.000000e+00
     vertex  2.587571e+01  5.647742e+00  0.000000e+00
   endloop
 endfacet
 facet normal  0.000000e+00  0.000000e+00 -1.000000e+00
   outer loop
     vertex  3.811767e+01  5.630862e+00  0.000000e+00
     vertex  3.810104e+01  5.586039e+00  0.000000e+00
     vertex  2.589265e+01  5.603481e+00  0.000000e+00
   endloop
 endfacet
 facet normal -0.000000e+00  0.000000e+00 -1.000000e+00
   outer loop
     vertex  3.813551e+01  5.675213e+00  0.000000e+00
     vertex  2.587571e+01  5.647742e+00  0.000000e+00
     vertex  2.585757e+01  5.691527e+00  0.000000e+00
   endloop
 endfacet
 facet normal  0.000000e+00  0.000000e+00 -1.000000e+00
   outer loop
     vertex  3.813551e+01  5.675213e+00  0.000000e+00
     vertex  3.811767e+01  5.630862e+00  0.000000e+00
     vertex  2.587571e+01  5.647742e+00  0.000000e+00
   endloop
 endfacet
 facet normal  0.000000e+00  0.000000e+00 -1.000000e+00
   outer loop
     vertex  3.815455e+01  5.719061e+00  0.000000e+00
     vertex  3.813551e+01  5.675213e+00  0.000000e+00
     vertex  2.585757e+01  5.691527e+00  0.000000e+00
   endloop
 endfacet
 facet normal -0.000000e+00  0.000000e+00 -1.000000e+00
   outer loop
     vertex  3.815455e+01  5.719061e+00  0.000000e+00
     vertex  2.585757e+01  5.691527e+00  0.000000e+00
     vertex  2.583826e+01  5.734806e+00  0.000000e+00
   endloop
 endfacet
 facet normal -0.000000e+00  0.000000e+00 -1.000000e+00
   outer loop
     vertex  3.817479e+01  5.762372e+00  0.000000e+00
     vertex  2.583826e+01  5.734806e+00  0.000000e+00
     vertex  2.581778e+01  5.777545e+00  0.000000e+00
   endloop
 endfacet
 facet normal  0.000000e+00  0.000000e+00 -1.000000e+00
   outer loop
     vertex  3.817479e+01  5.762372e+00  0.000000e+00
     vertex  3.815455e+01  5.719061e+00  0.000000e+00
     vertex  2.583826e+01  5.734806e+00  0.000000e+00
   endloop
 endfacet
 facet normal -0.000000e+00  0.000000e+00 -1.000000e+00
   outer loop
     vertex  3.819620e+01  5.805114e+00  0.000000e+00
     vertex  2.581778e+01  5.777545e+00  0.000000e+00
     vertex  2.579615e+01  5.819715e+00  0.000000e+00
   endloop
 endfacet
 facet normal  0.000000e+00  0.000000e+00 -1.000000e+00
   outer loop
     vertex  3.819620e+01  5.805114e+00  0.000000e+00
     vertex  3.817479e+01  5.762372e+00  0.000000e+00
     vertex  2.581778e+01  5.777545e+00  0.000000e+00
   endloop
 endfacet
 facet normal -0.000000e+00  0.000000e+00 -1.000000e+00
   outer loop
     vertex  3.821877e+01  5.847255e+00  0.000000e+00
     vertex  2.579615e+01  5.819715e+00  0.000000e+00
     vertex  2.577338e+01  5.861283e+00  0.000000e+00
   endloop
 endfacet
 facet normal  0.000000e+00  0.000000e+00 -1.000000e+00
   outer loop
     vertex  3.821877e+01  5.847255e+00  0.000000e+00
     vertex  3.819620e+01  5.805114e+00  0.000000e+00
     vertex  2.579615e+01  5.819715e+00  0.000000e+00
   endloop
 endfacet
 facet normal -0.000000e+00  0.000000e+00 -1.000000e+00
   outer loop
     vertex  3.824249e+01  5.888764e+00  0.000000e+00
     vertex  2.577338e+01  5.861283e+00  0.000000e+00
     vertex  2.574950e+01  5.902219e+00  0.000000e+00
   endloop
 endfacet
 facet normal  0.000000e+00  0.000000e+00 -1.000000e+00
   outer loop
     vertex  3.824249e+01  5.888764e+00  0.000000e+00
     vertex  3.821877e+01  5.847255e+00  0.000000e+00
     vertex  2.577338e+01  5.861283e+00  0.000000e+00
   endloop
 endfacet
 facet normal  0.000000e+00  0.000000e+00 -1.000000e+00
   outer loop
     vertex  3.826732e+01  5.929610e+00  0.000000e+00
     vertex  3.824249e+01  5.888764e+00  0.000000e+00
     vertex  2.574950e+01  5.902219e+00  0.000000e+00
   endloop
 endfacet
 facet normal -0.000000e+00  0.000000e+00 -1.000000e+00
   outer loop
     vertex  3.826732e+01  5.929610e+00  0.000000e+00
     vertex  2.574950e+01  5.902219e+00  0.000000e+00
     vertex  2.572452e+01  5.942494e+00  0.000000e+00
   endloop
 endfacet
 facet normal -0.000000e+00  0.000000e+00 -1.000000e+00
   outer loop
     vertex  3.829327e+01  5.969762e+00  0.000000e+00
     vertex  2.572452e+01  5.942494e+00  0.000000e+00
     vertex  2.569846e+01  5.982077e+00  0.000000e+00
   endloop
 endfacet
 facet normal  0.000000e+00  0.000000e+00 -1.000000e+00
   outer loop
     vertex  3.829327e+01  5.969762e+00  0.000000e+00
     vertex  3.826732e+01  5.929610e+00  0.000000e+00
     vertex  2.572452e+01  5.942494e+00  0.000000e+00
   endloop
 endfacet
 facet normal -0.000000e+00  0.000000e+00 -1.000000e+00
   outer loop
     vertex  3.832030e+01  6.009191e+00  0.000000e+00
     vertex  2.569846e+01  5.982077e+00  0.000000e+00
     vertex  2.567133e+01  6.020941e+00  0.000000e+00
   endloop
 endfacet
 facet normal  0.000000e+00  0.000000e+00 -1.000000e+00
   outer loop
     vertex  3.832030e+01  6.009191e+00  0.000000e+00
     vertex  3.829327e+01  5.969762e+00  0.000000e+00
     vertex  2.569846e+01  5.982077e+00  0.000000e+00
   endloop
 endfacet
 facet normal -0.000000e+00  0.000000e+00 -1.000000e+00
   outer loop
     vertex  3.834840e+01  6.047866e+00  0.000000e+00
     vertex  2.567133e+01  6.020941e+00  0.000000e+00
     vertex  2.564316e+01  6.059055e+00  0.000000e+00
   endloop
 endfacet
 facet normal  0.000000e+00  0.000000e+00 -1.000000e+00
   outer loop
     vertex  3.834840e+01  6.047866e+00  0.000000e+00
     vertex  3.832030e+01  6.009191e+00  0.000000e+00
     vertex  2.567133e+01  6.020941e+00  0.000000e+00
   endloop
 endfacet
 facet normal -0.000000e+00  0.000000e+00 -1.000000e+00
   outer loop
     vertex  3.837755e+01  6.085759e+00  0.000000e+00
     vertex  2.564316e+01  6.059055e+00  0.000000e+00
     vertex  2.561397e+01  6.096392e+00  0.000000e+00
   endloop
 endfacet
 facet normal  0.000000e+00  0.000000e+00 -1.000000e+00
   outer loop
     vertex  3.837755e+01  6.085759e+00  0.000000e+00
     vertex  3.834840e+01  6.047866e+00  0.000000e+00
     vertex  2.564316e+01  6.059055e+00  0.000000e+00
   endloop
 endfacet
 facet normal -0.000000e+00  0.000000e+00 -1.000000e+00
   outer loop
     vertex  3.840772e+01  6.122842e+00  0.000000e+00
     vertex  2.561397e+01  6.096392e+00  0.000000e+00
     vertex  2.558378e+01  6.132926e+00  0.000000e+00
   endloop
 endfacet
 facet normal  0.000000e+00  0.000000e+00 -1.000000e+00
   outer loop
     vertex  3.840772e+01  6.122842e+00  0.000000e+00
     vertex  3.837755e+01  6.085759e+00  0.000000e+00
     vertex  2.561397e+01  6.096392e+00  0.000000e+00
   endloop
 endfacet
 facet normal  0.000000e+00  0.000000e+00 -1.000000e+00
   outer loop
     vertex  3.843889e+01  6.159088e+00  0.000000e+00
     vertex  3.840772e+01  6.122842e+00  0.000000e+00
     vertex  2.558378e+01  6.132926e+00  0.000000e+00
   endloop
 endfacet
 facet normal -0.000000e+00  0.000000e+00 -1.000000e+00
   outer loop
     vertex  3.843889e+01  6.159088e+00  0.000000e+00
     vertex  2.558378e+01  6.132926e+00  0.000000e+00
     vertex  2.555262e+01  6.168629e+00  0.000000e+00
   endloop
 endfacet
 facet normal  0.000000e+00  0.000000e+00 -1.000000e+00
   outer loop
     vertex  3.847104e+01  6.194468e+00  0.000000e+00
     vertex  3.843889e+01  6.159088e+00  0.000000e+00
     vertex  2.555262e+01  6.168629e+00  0.000000e+00
   endloop
 endfacet
 facet normal -0.000000e+00  0.000000e+00 -1.000000e+00
   outer loop
     vertex  3.847104e+01  6.194468e+00  0.000000e+00
     vertex  2.555262e+01  6.168629e+00  0.000000e+00
     vertex  2.552049e+01  6.203474e+00  0.000000e+00
   endloop
 endfacet
 facet normal  0.000000e+00  0.000000e+00 -1.000000e+00
   outer loop
     vertex  3.850414e+01  6.228957e+00  0.000000e+00
     vertex  3.847104e+01  6.194468e+00  0.000000e+00
     vertex  2.552049e+01  6.203474e+00  0.000000e+00
   endloop
 endfacet
 facet normal -0.000000e+00  0.000000e+00 -1.000000e+00
   outer loop
     vertex  3.850414e+01  6.228957e+00  0.000000e+00
     vertex  2.552049e+01  6.203474e+00  0.000000e+00
     vertex  2.548744e+01  6.237437e+00  0.000000e+00
   endloop
 endfacet
 facet normal  0.000000e+00  0.000000e+00 -1.000000e+00
   outer loop
     vertex  3.853817e+01  6.262529e+00  0.000000e+00
     vertex  3.850414e+01  6.228957e+00  0.000000e+00
     vertex  2.548744e+01  6.237437e+00  0.000000e+00
   endloop
 endfacet
 facet normal -0.000000e+00  0.000000e+00 -1.000000e+00
   outer loop
     vertex  3.853817e+01  6.262529e+00  0.000000e+00
     vertex  2.548744e+01  6.237437e+00  0.000000e+00
     vertex  2.545347e+01  6.270492e+00  0.000000e+00
   endloop
 endfacet
 facet normal  0.000000e+00  0.000000e+00 -1.000000e+00
   outer loop
     vertex  3.857311e+01  6.295158e+00  0.000000e+00
     vertex  3.853817e+01  6.262529e+00  0.000000e+00
     vertex  2.545347e+01  6.270492e+00  0.000000e+00
   endloop
 endfacet
 facet normal -0.000000e+00  0.000000e+00 -1.000000e+00
   outer loop
     vertex  3.857311e+01  6.295158e+00  0.000000e+00
     vertex  2.545347e+01  6.270492e+00  0.000000e+00
     vertex  2.541863e+01  6.302616e+00  0.000000e+00
   endloop
 endfacet
 facet normal  0.000000e+00  0.000000e+00 -1.000000e+00
   outer loop
     vertex  3.860893e+01  6.326822e+00  0.000000e+00
     vertex  3.857311e+01  6.295158e+00  0.000000e+00
     vertex  2.541863e+01  6.302616e+00  0.000000e+00
   endloop
 endfacet
 facet normal -0.000000e+00  0.000000e+00 -1.000000e+00
   outer loop
     vertex  3.860893e+01  6.326822e+00  0.000000e+00
     vertex  2.541863e+01  6.302616e+00  0.000000e+00
     vertex  2.538293e+01  6.333784e+00  0.000000e+00
   endloop
 endfacet
 facet normal  0.000000e+00  0.000000e+00 -1.000000e+00
   outer loop
     vertex  3.864560e+01  6.357495e+00  0.000000e+00
     vertex  3.860893e+01  6.326822e+00  0.000000e+00
     vertex  2.538293e+01  6.333784e+00  0.000000e+00
   endloop
 endfacet
 facet normal -0.000000e+00  0.000000e+00 -1.000000e+00
   outer loop
     vertex  3.864560e+01  6.357495e+00  0.000000e+00
     vertex  2.538293e+01  6.333784e+00  0.000000e+00
     vertex  2.534639e+01  6.363973e+00  0.000000e+00
   endloop
 endfacet
 facet normal -0.000000e+00  0.000000e+00 -1.000000e+00
   outer loop
     vertex  3.868309e+01  6.387155e+00  0.000000e+00
     vertex  2.534639e+01  6.363973e+00  0.000000e+00
     vertex  2.530905e+01  6.393163e+00  0.000000e+00
   endloop
 endfacet
 facet normal  0.000000e+00  0.000000e+00 -1.000000e+00
   outer loop
     vertex  3.868309e+01  6.387155e+00  0.000000e+00
     vertex  3.864560e+01  6.357495e+00  0.000000e+00
     vertex  2.534639e+01  6.363973e+00  0.000000e+00
   endloop
 endfacet
 facet normal  0.000000e+00  0.000000e+00 -1.000000e+00
   outer loop
     vertex  3.872138e+01  6.415780e+00  0.000000e+00
     vertex  3.868309e+01  6.387155e+00  0.000000e+00
     vertex  2.530905e+01  6.393163e+00  0.000000e+00
   endloop
 endfacet
 facet normal -0.000000e+00  0.000000e+00 -1.000000e+00
   outer loop
     vertex  3.872138e+01  6.415780e+00  0.000000e+00
     vertex  2.530905e+01  6.393163e+00  0.000000e+00
     vertex  2.527094e+01  6.421331e+00  0.000000e+00
   endloop
 endfacet
 facet normal  0.000000e+00  0.000000e+00 -1.000000e+00
   outer loop
     vertex  3.876043e+01  6.443348e+00  0.000000e+00
     vertex  3.872138e+01  6.415780e+00  0.000000e+00
     vertex  2.527094e+01  6.421331e+00  0.000000e+00
   endloop
 endfacet
 facet normal -0.000000e+00  0.000000e+00 -1.000000e+00
   outer loop
     vertex  3.876043e+01  6.443348e+00  0.000000e+00
     vertex  2.527094e+01  6.421331e+00  0.000000e+00
     vertex  2.523208e+01  6.448456e+00  0.000000e+00
   endloop
 endfacet
 facet normal  0.000000e+00  0.000000e+00 -1.000000e+00
   outer loop
     vertex  3.880023e+01  6.469839e+00  0.000000e+00
     vertex  3.876043e+01  6.443348e+00  0.000000e+00
     vertex  2.523208e+01  6.448456e+00  0.000000e+00
   endloop
 endfacet
 facet normal -0.000000e+00  0.000000e+00 -1.000000e+00
   outer loop
     vertex  3.880023e+01  6.469839e+00  0.000000e+00
     vertex  2.523208e+01  6.448456e+00  0.000000e+00
     vertex  2.519249e+01  6.474519e+00  0.000000e+00
   endloop
 endfacet
 facet normal -0.000000e+00  0.000000e+00 -1.000000e+00
   outer loop
     vertex  3.884073e+01  6.495234e+00  0.000000e+00
     vertex  2.519249e+01  6.474519e+00  0.000000e+00
     vertex  2.515222e+01  6.499500e+00  0.000000e+00
   endloop
 endfacet
 facet normal  0.000000e+00  0.000000e+00 -1.000000e+00
   outer loop
     vertex  3.884073e+01  6.495234e+00  0.000000e+00
     vertex  3.880023e+01  6.469839e+00  0.000000e+00
     vertex  2.519249e+01  6.474519e+00  0.000000e+00
   endloop
 endfacet
 facet normal  0.000000e+00  0.000000e+00 -1.000000e+00
   outer loop
     vertex  3.888191e+01  6.519513e+00  0.000000e+00
     vertex  3.884073e+01  6.495234e+00  0.000000e+00
     vertex  2.515222e+01  6.499500e+00  0.000000e+00
   endloop
 endfacet
 facet normal -0.000000e+00  0.000000e+00 -1.000000e+00
   outer loop
     vertex  3.888191e+01  6.519513e+00  0.000000e+00
     vertex  2.515222e+01  6.499500e+00  0.000000e+00
     vertex  2.511128e+01  6.523382e+00  0.000000e+00
   endloop
 endfacet
 facet normal -0.000000e+00  0.000000e+00 -1.000000e+00
   outer loop
     vertex  3.892374e+01  6.542657e+00  0.000000e+00
     vertex  2.511128e+01  6.523382e+00  0.000000e+00
     vertex  2.506971e+01  6.546146e+00  0.000000e+00
   endloop
 endfacet
 facet normal  0.000000e+00  0.000000e+00 -1.000000e+00
   outer loop
     vertex  3.892374e+01  6.542657e+00  0.000000e+00
     vertex  3.888191e+01  6.519513e+00  0.000000e+00
     vertex  2.511128e+01  6.523382e+00  0.000000e+00
   endloop
 endfacet
 facet normal  0.000000e+00  0.000000e+00 -1.000000e+00
   outer loop
     vertex  3.896618e+01  6.564651e+00  0.000000e+00
     vertex  3.892374e+01  6.542657e+00  0.000000e+00
     vertex  2.506971e+01  6.546146e+00  0.000000e+00
   endloop
 endfacet
 facet normal -0.000000e+00  0.000000e+00 -1.000000e+00
   outer loop
     vertex  3.896618e+01  6.564651e+00  0.000000e+00
     vertex  2.506971e+01  6.546146e+00  0.000000e+00
     vertex  2.502755e+01  6.567776e+00  0.000000e+00
   endloop
 endfacet
 facet normal  0.000000e+00  0.000000e+00 -1.000000e+00
   outer loop
     vertex  3.900921e+01  6.585477e+00  0.000000e+00
     vertex  3.896618e+01  6.564651e+00  0.000000e+00
     vertex  2.502755e+01  6.567776e+00  0.000000e+00
   endloop
 endfacet
 facet normal -0.000000e+00  0.000000e+00 -1.000000e+00
   outer loop
     vertex  3.900921e+01  6.585477e+00  0.000000e+00
     vertex  2.502755e+01  6.567776e+00  0.000000e+00
     vertex  2.498481e+01  6.588257e+00  0.000000e+00
   endloop
 endfacet
 facet normal -0.000000e+00  0.000000e+00 -1.000000e+00
   outer loop
     vertex  3.905280e+01  6.605120e+00  0.000000e+00
     vertex  2.498481e+01  6.588257e+00  0.000000e+00
     vertex  2.494153e+01  6.607573e+00  0.000000e+00
   endloop
 endfacet
 facet normal  0.000000e+00  0.000000e+00 -1.000000e+00
   outer loop
     vertex  3.905280e+01  6.605120e+00  0.000000e+00
     vertex  3.900921e+01  6.585477e+00  0.000000e+00
     vertex  2.498481e+01  6.588257e+00  0.000000e+00
   endloop
 endfacet
 facet normal  0.000000e+00  0.000000e+00 -1.000000e+00
   outer loop
     vertex  3.909690e+01  6.623565e+00  0.000000e+00
     vertex  3.905280e+01  6.605120e+00  0.000000e+00
     vertex  2.494153e+01  6.607573e+00  0.000000e+00
   endloop
 endfacet
 facet normal -0.000000e+00  0.000000e+00 -1.000000e+00
   outer loop
     vertex  3.909690e+01  6.623565e+00  0.000000e+00
     vertex  2.494153e+01  6.607573e+00  0.000000e+00
     vertex  2.489774e+01  6.625709e+00  0.000000e+00
   endloop
 endfacet
 facet normal  0.000000e+00  0.000000e+00 -1.000000e+00
   outer loop
     vertex  3.914149e+01  6.640798e+00  0.000000e+00
     vertex  3.909690e+01  6.623565e+00  0.000000e+00
     vertex  2.489774e+01  6.625709e+00  0.000000e+00
   endloop
 endfacet
 facet normal -0.000000e+00  0.000000e+00 -1.000000e+00
   outer loop
     vertex  3.914149e+01  6.640798e+00  0.000000e+00
     vertex  2.489774e+01  6.625709e+00  0.000000e+00
     vertex  2.485348e+01  6.642654e+00  0.000000e+00
   endloop
 endfacet
 facet normal -0.000000e+00  0.000000e+00 -1.000000e+00
   outer loop
     vertex  3.918654e+01  6.656807e+00  0.000000e+00
     vertex  2.485348e+01  6.642654e+00  0.000000e+00
     vertex  2.480878e+01  6.658393e+00  0.000000e+00
   endloop
 endfacet
 facet normal  0.000000e+00  0.000000e+00 -1.000000e+00
   outer loop
     vertex  3.918654e+01  6.656807e+00  0.000000e+00
     vertex  3.914149e+01  6.640798e+00  0.000000e+00
     vertex  2.485348e+01  6.642654e+00  0.000000e+00
   endloop
 endfacet
 facet normal  0.000000e+00  0.000000e+00 -1.000000e+00
   outer loop
     vertex  3.923200e+01  6.671580e+00  0.000000e+00
     vertex  3.918654e+01  6.656807e+00  0.000000e+00
     vertex  2.480878e+01  6.658393e+00  0.000000e+00
   endloop
 endfacet
 facet normal -0.000000e+00  0.000000e+00 -1.000000e+00
   outer loop
     vertex  3.923200e+01  6.671580e+00  0.000000e+00
     vertex  2.480878e+01  6.658393e+00  0.000000e+00
     vertex  2.476366e+01  6.672916e+00  0.000000e+00
   endloop
 endfacet
 facet normal  0.000000e+00  0.000000e+00 -1.000000e+00
   outer loop
     vertex  3.927786e+01  6.685105e+00  0.000000e+00
     vertex  3.923200e+01  6.671580e+00  0.000000e+00
     vertex  2.476366e+01  6.672916e+00  0.000000e+00
   endloop
 endfacet
 facet normal -0.000000e+00  0.000000e+00 -1.000000e+00
   outer loop
     vertex  3.927786e+01  6.685105e+00  0.000000e+00
     vertex  2.476366e+01  6.672916e+00  0.000000e+00
     vertex  2.471817e+01  6.686212e+00  0.000000e+00
   endloop
 endfacet
 facet normal  0.000000e+00  0.000000e+00 -1.000000e+00
   outer loop
     vertex  3.932406e+01  6.697373e+00  0.000000e+00
     vertex  3.927786e+01  6.685105e+00  0.000000e+00
     vertex  2.471817e+01  6.686212e+00  0.000000e+00
   endloop
 endfacet
 facet normal -0.000000e+00  0.000000e+00 -1.000000e+00
   outer loop
     vertex  3.932406e+01  6.697373e+00  0.000000e+00
     vertex  2.471817e+01  6.686212e+00  0.000000e+00
     vertex  2.467234e+01  6.698272e+00  0.000000e+00
   endloop
 endfacet
 facet normal  0.000000e+00  0.000000e+00 -1.000000e+00
   outer loop
     vertex  3.937058e+01  6.708374e+00  0.000000e+00
     vertex  3.932406e+01  6.697373e+00  0.000000e+00
     vertex  2.467234e+01  6.698272e+00  0.000000e+00
   endloop
 endfacet
 facet normal -0.000000e+00  0.000000e+00 -1.000000e+00
   outer loop
     vertex  3.937058e+01  6.708374e+00  0.000000e+00
     vertex  2.467234e+01  6.698272e+00  0.000000e+00
     vertex  2.462620e+01  6.709086e+00  0.000000e+00
   endloop
 endfacet
 facet normal  0.000000e+00  0.000000e+00 -1.000000e+00
   outer loop
     vertex  6.400000e+01  0.000000e+00  0.000000e+00
     vertex  5.825000e+01  3.250000e+00  0.000000e+00
     vertex  5.829739e+01  3.250642e+00  0.000000e+00
   endloop
 endfacet
 facet normal  0.000000e+00  0.000000e+00 -1.000000e+00
   outer loop
     vertex  6.400000e+01  0.000000e+00  0.000000e+00
     vertex  0.000000e+00  0.000000e+00  0.000000e+00
     vertex  2.434474e+01  3.252567e+00  0.000000e+00
   endloop
 endfacet
 facet normal  0.000000e+00  0.000000e+00 -1.000000e+00
   outer loop
     vertex  6.400000e+01  0.000000e+00  0.000000e+00
     vertex  5.829739e+01  3.250642e+00  0.000000e+00
     vertex  5.834474e+01  3.252567e+00  0.000000e+00
   endloop
 endfacet
 facet normal  0.000000e+00  0.000000e+00 -1.000000e+00
   outer loop
     vertex  6.400000e+01  0.000000e+00  0.000000e+00
     vertex  5.834474e+01  3.252567e+00  0.000000e+00
     vertex  5.839203e+01  3.255773e+00  0.000000e+00
   endloop
 endfacet
 facet normal  0.000000e+00  0.000000e+00 -1.000000e+00
   outer loop
     vertex  6.400000e+01  0.000000e+00  0.000000e+00
     vertex  5.839203e+01  3.255773e+00  0.000000e+00
     vertex  5.843921e+01  3.260259e+00  0.000000e+00
   endloop
 endfacet
 facet normal  0.000000e+00  0.000000e+00 -1.000000e+00
   outer loop
     vertex  6.400000e+01  0.000000e+00  0.000000e+00
     vertex  5.843921e+01  3.260259e+00  0.000000e+00
     vertex  5.848625e+01  3.266020e+00  0.000000e+00
   endloop
 endfacet
 facet normal  0.000000e+00  0.000000e+00 -1.000000e+00
   outer loop
     vertex  6.400000e+01  0.000000e+00  0.000000e+00
     vertex  5.848625e+01  3.266020e+00  0.000000e+00
     vertex  5.853312e+01  3.273054e+00  0.000000e+00
   endloop
 endfacet
 facet normal  0.000000e+00  0.000000e+00 -1.000000e+00
   outer loop
     vertex  6.400000e+01  0.000000e+00  0.000000e+00
     vertex  5.853312e+01  3.273054e+00  0.000000e+00
     vertex  5.857978e+01  3.281354e+00  0.000000e+00
   endloop
 endfacet
 facet normal  0.000000e+00  0.000000e+00 -1.000000e+00
   outer loop
     vertex  6.400000e+01  0.000000e+00  0.000000e+00
     vertex  5.857978e+01  3.281354e+00  0.000000e+00
     vertex  5.862620e+01  3.290914e+00  0.000000e+00
   endloop
 endfacet
 facet normal  0.000000e+00  0.000000e+00 -1.000000e+00
   outer loop
     vertex  6.400000e+01  0.000000e+00  0.000000e+00
     vertex  5.862620e+01  3.290914e+00  0.000000e+00
     vertex  5.867234e+01  3.301728e+00  0.000000e+00
   endloop
 endfacet
 facet normal  0.000000e+00  0.000000e+00 -1.000000e+00
   outer loop
     vertex  6.400000e+01  0.000000e+00  0.000000e+00
     vertex  5.867234e+01  3.301728e+00  0.000000e+00
     vertex  5.871817e+01  3.313788e+00  0.000000e+00
   endloop
 endfacet
 facet normal  0.000000e+00  0.000000e+00 -1.000000e+00
   outer loop
     vertex  6.400000e+01  0.000000e+00  0.000000e+00
     vertex  5.871817e+01  3.313788e+00  0.000000e+00
     vertex  5.876366e+01  3.327084e+00  0.000000e+00
   endloop
 endfacet
 facet normal  0.000000e+00  0.000000e+00 -1.000000e+00
   outer loop
     vertex  6.400000e+01  0.000000e+00  0.000000e+00
     vertex  5.876366e+01  3.327084e+00  0.000000e+00
     vertex  5.880878e+01  3.341607e+00  0.000000e+00
   endloop
 endfacet
 facet normal  0.000000e+00  0.000000e+00 -1.000000e+00
   outer loop
     vertex  6.400000e+01  0.000000e+00  0.000000e+00
     vertex  5.880878e+01  3.341607e+00  0.000000e+00
     vertex  5.885348e+01  3.357346e+00  0.000000e+00
   endloop
 endfacet
 facet normal  0.000000e+00  0.000000e+00 -1.000000e+00
   outer loop
     vertex  6.400000e+01  0.000000e+00  0.000000e+00
     vertex  5.885348e+01  3.357346e+00  0.000000e+00
     vertex  5.889774e+01  3.374291e+00  0.000000e+00
   endloop
 endfacet
 facet normal  0.000000e+00  0.000000e+00 -1.000000e+00
   outer loop
     vertex  6.400000e+01  0.000000e+00  0.000000e+00
     vertex  5.889774e+01  3.374291e+00  0.000000e+00
     vertex  5.894153e+01  3.392427e+00  0.000000e+00
   endloop
 endfacet
 facet normal  0.000000e+00  0.000000e+00 -1.000000e+00
   outer loop
     vertex  6.400000e+01  0.000000e+00  0.000000e+00
     vertex  5.894153e+01  3.392427e+00  0.000000e+00
     vertex  5.898481e+01  3.411743e+00  0.000000e+00
   endloop
 endfacet
 facet normal  0.000000e+00  0.000000e+00 -1.000000e+00
   outer loop
     vertex  6.400000e+01  0.000000e+00  0.000000e+00
     vertex  5.898481e+01  3.411743e+00  0.000000e+00
     vertex  5.902755e+01  3.432224e+00  0.000000e+00
   endloop
 endfacet
 facet normal  0.000000e+00  0.000000e+00 -1.000000e+00
   outer loop
     vertex  6.400000e+01  0.000000e+00  0.000000e+00
     vertex  5.902755e+01  3.432224e+00  0.000000e+00
     vertex  5.906971e+01  3.453854e+00  0.000000e+00
   endloop
 endfacet
 facet normal  0.000000e+00  0.000000e+00 -1.000000e+00
   outer loop
     vertex  6.400000e+01  0.000000e+00  0.000000e+00
     vertex  5.906971e+01  3.453854e+00  0.000000e+00
     vertex  5.911128e+01  3.476618e+00  0.000000e+00
   endloop
 endfacet
 facet normal  0.000000e+00  0.000000e+00 -1.000000e+00
   outer loop
     vertex  6.400000e+01  0.000000e+00  0.000000e+00
     vertex  5.911128e+01  3.476618e+00  0.000000e+00
     vertex  5.915222e+01  3.500500e+00  0.000000e+00
   endloop
 endfacet
 facet normal  0.000000e+00  0.000000e+00 -1.000000e+00
   outer loop
     vertex  6.400000e+01  0.000000e+00  0.000000e+00
     vertex  5.915222e+01  3.500500e+00  0.000000e+00
     vertex  5.919249e+01  3.525481e+00  0.000000e+00
   endloop
 endfacet
 facet normal  0.000000e+00  0.000000e+00 -1.000000e+00
   outer loop
     vertex  6.400000e+01  0.000000e+00  0.000000e+00
     vertex  5.919249e+01  3.525481e+00  0.000000e+00
     vertex  5.923208e+01  3.551544e+00  0.000000e+00
   endloop
 endfacet
 facet normal  0.000000e+00  0.000000e+00 -1.000000e+00
   outer loop
     vertex  6.400000e+01  0.000000e+00  0.000000e+00
     vertex  5.923208e+01  3.551544e+00  0.000000e+00
     vertex  5.927094e+01  3.578669e+00  0.000000e+00
   endloop
 endfacet
 facet normal  0.000000e+00  0.000000e+00 -1.000000e+00
   outer loop
     vertex  6.400000e+01  0.000000e+00  0.000000e+00
     vertex  5.927094e+01  3.578669e+00  0.000000e+00
     vertex  5.930905e+01  3.606837e+00  0.000000e+00
   endloop
 endfacet
 facet normal  0.000000e+00  0.000000e+00 -1.000000e+00
   outer loop
     vertex  6.400000e+01  0.000000e+00  0.000000e+00
     vertex  5.930905e+01  3.606837e+00  0.000000e+00
     vertex  5.934639e+01  3.636027e+00  0.000000e+00
   endloop
 endfacet
 facet normal  0.000000e+00  0.000000e+00 -1.000000e+00
   outer loop
     vertex  6.400000e+01  0.000000e+00  0.000000e+00
     vertex  5.934639e+01  3.636027e+00  0.000000e+00
     vertex  5.938293e+01  3.666216e+00  0.000000e+00
   endloop
 endfacet
 facet normal  0.000000e+00  0.000000e+00 -1.000000e+00
   outer loop
     vertex  6.400000e+01  0.000000e+00  0.000000e+00
     vertex  5.938293e+01  3.666216e+00  0.000000e+00
     vertex  5.941863e+01  3.697384e+00  0.000000e+00
   endloop
 endfacet
 facet normal  0.000000e+00  0.000000e+00 -1.000000e+00
   outer loop
     vertex  6.400000e+01  0.000000e+00  0.000000e+00
     vertex  5.941863e+01  3.697384e+00  0.000000e+00
     vertex  5.945347e+01  3.729508e+00  0.000000e+00
   endloop
 endfacet
 facet normal  0.000000e+00  0.000000e+00 -1.000000e+00
   outer loop
     vertex  6.400000e+01  0.000000e+00  0.000000e+00
     vertex  5.945347e+01  3.729508e+00  0.000000e+00
     vertex  5.948744e+01  3.762563e+00  0.000000e+00
   endloop
 endfacet
 facet normal  0.000000e+00  0.000000e+00 -1.000000e+00
   outer loop
     vertex  6.400000e+01  0.000000e+00  0.000000e+00
     vertex  5.948744e+01  3.762563e+00  0.000000e+00
     vertex  5.952049e+01  3.796526e+00  0.000000e+00
   endloop
 endfacet
 facet normal  0.000000e+00  0.000000e+00 -1.000000e+00
   outer loop
     vertex  6.400000e+01  0.000000e+00  0.000000e+00
     vertex  5.952049e+01  3.796526e+00  0.000000e+00
     vertex  5.955262e+01  3.831371e+00  0.000000e+00
   endloop
 endfacet
 facet normal  0.000000e+00  0.000000e+00 -1.000000e+00
   outer loop
     vertex  6.400000e+01  0.000000e+00  0.000000e+00
     vertex  5.955262e+01  3.831371e+00  0.000000e+00
     vertex  5.958378e+01  3.867074e+00  0.000000e+00
   endloop
 endfacet
 facet normal  0.000000e+00  0.000000e+00 -1.000000e+00
   outer loop
     vertex  6.400000e+01  0.000000e+00  0.000000e+00
     vertex  5.958378e+01  3.867074e+00  0.000000e+00
     vertex  5.961397e+01  3.903608e+00  0.000000e+00
   endloop
 endfacet
 facet normal  0.000000e+00  0.000000e+00 -1.000000e+00
   outer loop
     vertex  6.400000e+01  0.000000e+00  0.000000e+00
     vertex  5.961397e+01  3.903608e+00  0.000000e+00
     vertex  5.964316e+01  3.940945e+00  0.000000e+00
   endloop
 endfacet
 facet normal  0.000000e+00  0.000000e+00 -1.000000e+00
   outer loop
     vertex  6.400000e+01  0.000000e+00  0.000000e+00
     vertex  5.964316e+01  3.940945e+00  0.000000e+00
     vertex  5.967133e+01  3.979059e+00  0.000000e+00
   endloop
 endfacet
 facet normal  0.000000e+00  0.000000e+00 -1.000000e+00
   outer loop
     vertex  6.400000e+01  0.000000e+00  0.000000e+00
     vertex  5.967133e+01  3.979059e+00  0.000000e+00
     vertex  5.969846e+01  4.017923e+00  0.000000e+00
   endloop
 endfacet
 facet normal  0.000000e+00  0.000000e+00 -1.000000e+00
   outer loop
     vertex  6.400000e+01  0.000000e+00  0.000000e+00
     vertex  5.969846e+01  4.017923e+00  0.000000e+00
     vertex  5.972452e+01  4.057506e+00  0.000000e+00
   endloop
 endfacet
 facet normal  0.000000e+00  0.000000e+00 -1.000000e+00
   outer loop
     vertex  6.400000e+01  0.000000e+00  0.000000e+00
     vertex  5.972452e+01  4.057506e+00  0.000000e+00
     vertex  5.974950e+01  4.097781e+00  0.000000e+00
   endloop
 endfacet
 facet normal  0.000000e+00  0.000000e+00 -1.000000e+00
   outer loop
     vertex  6.400000e+01  0.000000e+00  0.000000e+00
     vertex  5.974950e+01  4.097781e+00  0.000000e+00
     vertex  5.977338e+01  4.138717e+00  0.000000e+00
   endloop
 endfacet
 facet normal  0.000000e+00  0.000000e+00 -1.000000e+00
   outer loop
     vertex  6.400000e+01  0.000000e+00  0.000000e+00
     vertex  5.977338e+01  4.138717e+00  0.000000e+00
     vertex  5.979615e+01  4.180285e+00  0.000000e+00
   endloop
 endfacet
 facet normal  0.000000e+00  0.000000e+00 -1.000000e+00
   outer loop
     vertex  6.400000e+01  0.000000e+00  0.000000e+00
     vertex  3.965443e+01  3.252611e+00  0.000000e+00
     vertex  3.970220e+01  3.250653e+00  0.000000e+00
   endloop
 endfacet
 facet normal  0.000000e+00  0.000000e+00 -1.000000e+00
   outer loop
     vertex  6.400000e+01  0.000000e+00  0.000000e+00
     vertex  3.970220e+01  3.250653e+00  0.000000e+00
     vertex  3.975000e+01  3.250000e+00  0.000000e+00
   endloop
 endfacet
 facet normal  0.000000e+00  0.000000e+00 -1.000000e+00
   outer loop
     vertex  6.400000e+01  0.000000e+00  0.000000e+00
     vertex  2.434474e+01  3.252567e+00  0.000000e+00
     vertex  3.965443e+01  3.252611e+00  0.000000e+00
   endloop
 endfacet
 facet normal  0.000000e+00  0.000000e+00 -1.000000e+00
   outer loop
     vertex  6.400000e+01  0.000000e+00  0.000000e+00
     vertex  3.975000e+01  3.250000e+00  0.000000e+00
     vertex  5.825000e+01  3.250000e+00  0.000000e+00
   endloop
 endfacet
 facet normal  0.000000e+00 -0.000000e+00 -1.000000e+00
   outer loop
     vertex  5.981778e+01  4.222455e+00  0.000000e+00
     vertex  6.400000e+01  0.000000e+00  0.000000e+00
     vertex  5.979615e+01  4.180285e+00  0.000000e+00
   endloop
 endfacet
 facet normal  0.000000e+00 -0.000000e+00 -1.000000e+00
   outer loop
     vertex  5.983826e+01  4.265194e+00  0.000000e+00
     vertex  6.400000e+01  0.000000e+00  0.000000e+00
     vertex  5.981778e+01  4.222455e+00  0.000000e+00
   endloop
 endfacet
 facet normal  0.000000e+00 -0.000000e+00 -1.000000e+00
   outer loop
     vertex  5.985757e+01  4.308473e+00  0.000000e+00
     vertex  6.400000e+01  0.000000e+00  0.000000e+00
     vertex  5.983826e+01  4.265194e+00  0.000000e+00
   endloop
 endfacet
 facet normal  0.000000e+00 -0.000000e+00 -1.000000e+00
   outer loop
     vertex  5.987571e+01  4.352258e+00  0.000000e+00
     vertex  6.400000e+01  0.000000e+00  0.000000e+00
     vertex  5.985757e+01  4.308473e+00  0.000000e+00
   endloop
 endfacet
 facet normal  0.000000e+00 -0.000000e+00 -1.000000e+00
   outer loop
     vertex  5.989265e+01  4.396519e+00  0.000000e+00
     vertex  6.400000e+01  0.000000e+00  0.000000e+00
     vertex  5.987571e+01  4.352258e+00  0.000000e+00
   endloop
 endfacet
 facet normal  0.000000e+00 -0.000000e+00 -1.000000e+00
   outer loop
     vertex  5.990839e+01  4.441222e+00  0.000000e+00
     vertex  6.400000e+01  0.000000e+00  0.000000e+00
     vertex  5.989265e+01  4.396519e+00  0.000000e+00
   endloop
 endfacet
 facet normal  0.000000e+00 -0.000000e+00 -1.000000e+00
   outer loop
     vertex  5.992292e+01  4.486335e+00  0.000000e+00
     vertex  6.400000e+01  0.000000e+00  0.000000e+00
     vertex  5.990839e+01  4.441222e+00  0.000000e+00
   endloop
 endfacet
 facet normal  0.000000e+00 -0.000000e+00 -1.000000e+00
   outer loop
     vertex  5.993621e+01  4.531825e+00  0.000000e+00
     vertex  6.400000e+01  0.000000e+00  0.000000e+00
     vertex  5.992292e+01  4.486335e+00  0.000000e+00
   endloop
 endfacet
 facet normal  0.000000e+00 -0.000000e+00 -1.000000e+00
   outer loop
     vertex  5.994827e+01  4.577659e+00  0.000000e+00
     vertex  6.400000e+01  0.000000e+00  0.000000e+00
     vertex  5.993621e+01  4.531825e+00  0.000000e+00
   endloop
 endfacet
 facet normal  0.000000e+00 -0.000000e+00 -1.000000e+00
   outer loop
     vertex  5.995909e+01  4.623802e+00  0.000000e+00
     vertex  6.400000e+01  0.000000e+00  0.000000e+00
     vertex  5.994827e+01  4.577659e+00  0.000000e+00
   endloop
 endfacet
 facet normal  0.000000e+00 -0.000000e+00 -1.000000e+00
   outer loop
     vertex  5.996865e+01  4.670221e+00  0.000000e+00
     vertex  6.400000e+01  0.000000e+00  0.000000e+00
     vertex  5.995909e+01  4.623802e+00  0.000000e+00
   endloop
 endfacet
 facet normal  0.000000e+00 -0.000000e+00 -1.000000e+00
   outer loop
     vertex  5.997695e+01  4.716882e+00  0.000000e+00
     vertex  6.400000e+01  0.000000e+00  0.000000e+00
     vertex  5.996865e+01  4.670221e+00  0.000000e+00
   endloop
 endfacet
 facet normal  0.000000e+00 -0.000000e+00 -1.000000e+00
   outer loop
     vertex  5.998398e+01  4.763750e+00  0.000000e+00
     vertex  6.400000e+01  0.000000e+00  0.000000e+00
     vertex  5.997695e+01  4.716882e+00  0.000000e+00
   endloop
 endfacet
 facet normal  0.000000e+00 -0.000000e+00 -1.000000e+00
   outer loop
     vertex  5.998974e+01  4.810792e+00  0.000000e+00
     vertex  6.400000e+01  0.000000e+00  0.000000e+00
     vertex  5.998398e+01  4.763750e+00  0.000000e+00
   endloop
 endfacet
 facet normal  0.000000e+00 -0.000000e+00 -1.000000e+00
   outer loop
     vertex  5.999423e+01  4.857972e+00  0.000000e+00
     vertex  6.400000e+01  0.000000e+00  0.000000e+00
     vertex  5.998974e+01  4.810792e+00  0.000000e+00
   endloop
 endfacet
 facet normal  0.000000e+00 -0.000000e+00 -1.000000e+00
   outer loop
     vertex  5.999743e+01  4.905257e+00  0.000000e+00
     vertex  6.400000e+01  0.000000e+00  0.000000e+00
     vertex  5.999423e+01  4.857972e+00  0.000000e+00
   endloop
 endfacet
 facet normal  0.000000e+00 -0.000000e+00 -1.000000e+00
   outer loop
     vertex  5.999936e+01  4.952611e+00  0.000000e+00
     vertex  6.400000e+01  0.000000e+00  0.000000e+00
     vertex  5.999743e+01  4.905257e+00  0.000000e+00
   endloop
 endfacet
 facet normal  0.000000e+00 -0.000000e+00 -1.000000e+00
   outer loop
     vertex  6.000000e+01  5.000000e+00  0.000000e+00
     vertex  6.400000e+01  0.000000e+00  0.000000e+00
     vertex  5.999936e+01  4.952611e+00  0.000000e+00
   endloop
 endfacet
 facet normal  0.000000e+00  0.000000e+00 -1.000000e+00
   outer loop
     vertex  6.400000e+01  1.000000e+01  0.000000e+00
     vertex  5.862620e+01  6.709086e+00  0.000000e+00
     vertex  5.857978e+01  6.718646e+00  0.000000e+00
   endloop
 endfacet
 facet normal  0.000000e+00  0.000000e+00 -1.000000e+00
   outer loop
     vertex  6.400000e+01  1.000000e+01  0.000000e+00
     vertex  5.857978e+01  6.718646e+00  0.000000e+00
     vertex  5.853312e+01  6.726946e+00  0.000000e+00
   endloop
 endfacet
 facet normal  0.000000e+00  0.000000e+00 -1.000000e+00
   outer loop
     vertex  6.400000e+01  1.000000e+01  0.000000e+00
     vertex  5.853312e+01  6.726946e+00  0.000000e+00
     vertex  5.848625e+01  6.733980e+00  0.000000e+00
   endloop
 endfacet
 facet normal  0.000000e+00  0.000000e+00 -1.000000e+00
   outer loop
     vertex  6.400000e+01  1.000000e+01  0.000000e+00
     vertex  5.848625e+01  6.733980e+00  0.000000e+00
     vertex  5.843921e+01  6.739741e+00  0.000000e+00
   endloop
 endfacet
 facet normal  0.000000e+00  0.000000e+00 -1.000000e+00
   outer loop
     vertex  6.400000e+01  1.000000e+01  0.000000e+00
     vertex  5.843921e+01  6.739741e+00  0.000000e+00
     vertex  5.839203e+01  6.744227e+00  0.000000e+00
   endloop
 endfacet
 facet normal  0.000000e+00  0.000000e+00 -1.000000e+00
   outer loop
     vertex  6.400000e+01  1.000000e+01  0.000000e+00
     vertex  5.839203e+01  6.744227e+00  0.000000e+00
     vertex  5.834474e+01  6.747433e+00  0.000000e+00
   endloop
 endfacet
 facet normal  0.000000e+00  0.000000e+00 -1.000000e+00
   outer loop
     vertex  6.400000e+01  1.000000e+01  0.000000e+00
     vertex  5.834474e+01  6.747433e+00  0.000000e+00
     vertex  5.829739e+01  6.749358e+00  0.000000e+00
   endloop
 endfacet
 facet normal  0.000000e+00  0.000000e+00 -1.000000e+00
   outer loop
     vertex  6.400000e+01  1.000000e+01  0.000000e+00
     vertex  5.829739e+01  6.749358e+00  0.000000e+00
     vertex  5.825000e+01  6.750000e+00  0.000000e+00
   endloop
 endfacet
 facet normal  0.000000e+00  0.000000e+00 -1.000000e+00
   outer loop
     vertex  6.400000e+01  1.000000e+01  0.000000e+00
     vertex  5.825000e+01  6.750000e+00  0.000000e+00
     vertex  3.975000e+01  6.750000e+00  0.000000e+00
   endloop
 endfacet
 facet normal  0.000000e+00  0.000000e+00 -1.000000e+00
   outer loop
     vertex  6.400000e+01  1.000000e+01  0.000000e+00
     vertex  6.000000e+01  5.000000e+00  0.000000e+00
     vertex  5.999936e+01  5.047389e+00  0.000000e+00
   endloop
 endfacet
 facet normal  0.000000e+00  0.000000e+00 -1.000000e+00
   outer loop
     vertex  6.400000e+01  1.000000e+01  0.000000e+00
     vertex  5.999936e+01  5.047389e+00  0.000000e+00
     vertex  5.999743e+01  5.094743e+00  0.000000e+00
   endloop
 endfacet
 facet normal  0.000000e+00  0.000000e+00 -1.000000e+00
   outer loop
     vertex  6.400000e+01  1.000000e+01  0.000000e+00
     vertex  5.999743e+01  5.094743e+00  0.000000e+00
     vertex  5.999423e+01  5.142028e+00  0.000000e+00
   endloop
 endfacet
 facet normal  0.000000e+00  0.000000e+00 -1.000000e+00
   outer loop
     vertex  6.400000e+01  1.000000e+01  0.000000e+00
     vertex  5.999423e+01  5.142028e+00  0.000000e+00
     vertex  5.998974e+01  5.189208e+00  0.000000e+00
   endloop
 endfacet
 facet normal  0.000000e+00  0.000000e+00 -1.000000e+00
   outer loop
     vertex  6.400000e+01  1.000000e+01  0.000000e+00
     vertex  5.998974e+01  5.189208e+00  0.000000e+00
     vertex  5.998398e+01  5.236250e+00  0.000000e+00
   endloop
 endfacet
 facet normal  0.000000e+00  0.000000e+00 -1.000000e+00
   outer loop
     vertex  6.400000e+01  1.000000e+01  0.000000e+00
     vertex  5.998398e+01  5.236250e+00  0.000000e+00
     vertex  5.997695e+01  5.283118e+00  0.000000e+00
   endloop
 endfacet
 facet normal  0.000000e+00  0.000000e+00 -1.000000e+00
   outer loop
     vertex  6.400000e+01  1.000000e+01  0.000000e+00
     vertex  5.997695e+01  5.283118e+00  0.000000e+00
     vertex  5.996865e+01  5.329779e+00  0.000000e+00
   endloop
 endfacet
 facet normal  0.000000e+00  0.000000e+00 -1.000000e+00
   outer loop
     vertex  6.400000e+01  1.000000e+01  0.000000e+00
     vertex  5.996865e+01  5.329779e+00  0.000000e+00
     vertex  5.995909e+01  5.376198e+00  0.000000e+00
   endloop
 endfacet
 facet normal  0.000000e+00  0.000000e+00 -1.000000e+00
   outer loop
     vertex  6.400000e+01  1.000000e+01  0.000000e+00
     vertex  5.995909e+01  5.376198e+00  0.000000e+00
     vertex  5.994827e+01  5.422341e+00  0.000000e+00
   endloop
 endfacet
 facet normal  0.000000e+00  0.000000e+00 -1.000000e+00
   outer loop
     vertex  6.400000e+01  1.000000e+01  0.000000e+00
     vertex  5.994827e+01  5.422341e+00  0.000000e+00
     vertex  5.993621e+01  5.468175e+00  0.000000e+00
   endloop
 endfacet
 facet normal  0.000000e+00  0.000000e+00 -1.000000e+00
   outer loop
     vertex  6.400000e+01  1.000000e+01  0.000000e+00
     vertex  5.993621e+01  5.468175e+00  0.000000e+00
     vertex  5.992292e+01  5.513665e+00  0.000000e+00
   endloop
 endfacet
 facet normal  0.000000e+00  0.000000e+00 -1.000000e+00
   outer loop
     vertex  6.400000e+01  1.000000e+01  0.000000e+00
     vertex  5.992292e+01  5.513665e+00  0.000000e+00
     vertex  5.990839e+01  5.558778e+00  0.000000e+00
   endloop
 endfacet
 facet normal  0.000000e+00  0.000000e+00 -1.000000e+00
   outer loop
     vertex  6.400000e+01  1.000000e+01  0.000000e+00
     vertex  5.990839e+01  5.558778e+00  0.000000e+00
     vertex  5.989265e+01  5.603481e+00  0.000000e+00
   endloop
 endfacet
 facet normal  0.000000e+00  0.000000e+00 -1.000000e+00
   outer loop
     vertex  6.400000e+01  1.000000e+01  0.000000e+00
     vertex  5.989265e+01  5.603481e+00  0.000000e+00
     vertex  5.987571e+01  5.647742e+00  0.000000e+00
   endloop
 endfacet
 facet normal  0.000000e+00  0.000000e+00 -1.000000e+00
   outer loop
     vertex  6.400000e+01  1.000000e+01  0.000000e+00
     vertex  5.987571e+01  5.647742e+00  0.000000e+00
     vertex  5.985757e+01  5.691527e+00  0.000000e+00
   endloop
 endfacet
 facet normal  0.000000e+00  0.000000e+00 -1.000000e+00
   outer loop
     vertex  6.400000e+01  1.000000e+01  0.000000e+00
     vertex  5.985757e+01  5.691527e+00  0.000000e+00
     vertex  5.983826e+01  5.734806e+00  0.000000e+00
   endloop
 endfacet
 facet normal  0.000000e+00  0.000000e+00 -1.000000e+00
   outer loop
     vertex  6.400000e+01  1.000000e+01  0.000000e+00
     vertex  5.983826e+01  5.734806e+00  0.000000e+00
     vertex  5.981778e+01  5.777545e+00  0.000000e+00
   endloop
 endfacet
 facet normal  0.000000e+00  0.000000e+00 -1.000000e+00
   outer loop
     vertex  6.400000e+01  1.000000e+01  0.000000e+00
     vertex  5.981778e+01  5.777545e+00  0.000000e+00
     vertex  5.979615e+01  5.819715e+00  0.000000e+00
   endloop
 endfacet
 facet normal  0.000000e+00  0.000000e+00 -1.000000e+00
   outer loop
     vertex  6.400000e+01  1.000000e+01  0.000000e+00
     vertex  5.979615e+01  5.819715e+00  0.000000e+00
     vertex  5.977338e+01  5.861283e+00  0.000000e+00
   endloop
 endfacet
 facet normal  0.000000e+00  0.000000e+00 -1.000000e+00
   outer loop
     vertex  6.400000e+01  1.000000e+01  0.000000e+00
     vertex  5.977338e+01  5.861283e+00  0.000000e+00
     vertex  5.974950e+01  5.902219e+00  0.000000e+00
   endloop
 endfacet
 facet normal  0.000000e+00  0.000000e+00 -1.000000e+00
   outer loop
     vertex  6.400000e+01  1.000000e+01  0.000000e+00
     vertex  5.974950e+01  5.902219e+00  0.000000e+00
     vertex  5.972452e+01  5.942494e+00  0.000000e+00
   endloop
 endfacet
 facet normal  0.000000e+00  0.000000e+00 -1.000000e+00
   outer loop
     vertex  6.400000e+01  1.000000e+01  0.000000e+00
     vertex  5.972452e+01  5.942494e+00  0.000000e+00
     vertex  5.969846e+01  5.982077e+00  0.000000e+00
   endloop
 endfacet
 facet normal  0.000000e+00  0.000000e+00 -1.000000e+00
   outer loop
     vertex  6.400000e+01  1.000000e+01  0.000000e+00
     vertex  5.969846e+01  5.982077e+00  0.000000e+00
     vertex  5.967133e+01  6.020941e+00  0.000000e+00
   endloop
 endfacet
 facet normal  0.000000e+00  0.000000e+00 -1.000000e+00
   outer loop
     vertex  6.400000e+01  1.000000e+01  0.000000e+00
     vertex  5.967133e+01  6.020941e+00  0.000000e+00
     vertex  5.964316e+01  6.059055e+00  0.000000e+00
   endloop
 endfacet
 facet normal  0.000000e+00  0.000000e+00 -1.000000e+00
   outer loop
     vertex  6.400000e+01  1.000000e+01  0.000000e+00
     vertex  5.964316e+01  6.059055e+00  0.000000e+00
     vertex  5.961397e+01  6.096392e+00  0.000000e+00
   endloop
 endfacet
 facet normal  0.000000e+00  0.000000e+00 -1.000000e+00
   outer loop
     vertex  6.400000e+01  1.000000e+01  0.000000e+00
     vertex  5.961397e+01  6.096392e+00  0.000000e+00
     vertex  5.958378e+01  6.132926e+00  0.000000e+00
   endloop
 endfacet
 facet normal  0.000000e+00  0.000000e+00 -1.000000e+00
   outer loop
     vertex  6.400000e+01  1.000000e+01  0.000000e+00
     vertex  5.958378e+01  6.132926e+00  0.000000e+00
     vertex  5.955262e+01  6.168629e+00  0.000000e+00
   endloop
 endfacet
 facet normal  0.000000e+00  0.000000e+00 -1.000000e+00
   outer loop
     vertex  6.400000e+01  1.000000e+01  0.000000e+00
     vertex  5.955262e+01  6.168629e+00  0.000000e+00
     vertex  5.952049e+01  6.203474e+00  0.000000e+00
   endloop
 endfacet
 facet normal  0.000000e+00  0.000000e+00 -1.000000e+00
   outer loop
     vertex  6.400000e+01  1.000000e+01  0.000000e+00
     vertex  5.952049e+01  6.203474e+00  0.000000e+00
     vertex  5.948744e+01  6.237437e+00  0.000000e+00
   endloop
 endfacet
 facet normal  0.000000e+00  0.000000e+00 -1.000000e+00
   outer loop
     vertex  6.400000e+01  1.000000e+01  0.000000e+00
     vertex  5.948744e+01  6.237437e+00  0.000000e+00
     vertex  5.945347e+01  6.270492e+00  0.000000e+00
   endloop
 endfacet
 facet normal  0.000000e+00  0.000000e+00 -1.000000e+00
   outer loop
     vertex  6.400000e+01  1.000000e+01  0.000000e+00
     vertex  5.945347e+01  6.270492e+00  0.000000e+00
     vertex  5.941863e+01  6.302616e+00  0.000000e+00
   endloop
 endfacet
 facet normal  0.000000e+00  0.000000e+00 -1.000000e+00
   outer loop
     vertex  6.400000e+01  1.000000e+01  0.000000e+00
     vertex  5.941863e+01  6.302616e+00  0.000000e+00
     vertex  5.938293e+01  6.333784e+00  0.000000e+00
   endloop
 endfacet
 facet normal  0.000000e+00  0.000000e+00 -1.000000e+00
   outer loop
     vertex  6.400000e+01  1.000000e+01  0.000000e+00
     vertex  5.938293e+01  6.333784e+00  0.000000e+00
     vertex  5.934639e+01  6.363973e+00  0.000000e+00
   endloop
 endfacet
 facet normal  0.000000e+00  0.000000e+00 -1.000000e+00
   outer loop
     vertex  6.400000e+01  1.000000e+01  0.000000e+00
     vertex  5.934639e+01  6.363973e+00  0.000000e+00
     vertex  5.930905e+01  6.393163e+00  0.000000e+00
   endloop
 endfacet
 facet normal  0.000000e+00 -0.000000e+00 -1.000000e+00
   outer loop
     vertex  6.400000e+01  1.000000e+01  0.000000e+00
     vertex  6.400000e+01  0.000000e+00  0.000000e+00
     vertex  6.000000e+01  5.000000e+00  0.000000e+00
   endloop
 endfacet
 facet normal  0.000000e+00  0.000000e+00 -1.000000e+00
   outer loop
     vertex  6.400000e+01  1.000000e+01  0.000000e+00
     vertex  5.930905e+01  6.393163e+00  0.000000e+00
     vertex  5.927094e+01  6.421331e+00  0.000000e+00
   endloop
 endfacet
 facet normal  0.000000e+00  0.000000e+00 -1.000000e+00
   outer loop
     vertex  6.400000e+01  1.000000e+01  0.000000e+00
     vertex  5.927094e+01  6.421331e+00  0.000000e+00
     vertex  5.923208e+01  6.448456e+00  0.000000e+00
   endloop
 endfacet
 facet normal  0.000000e+00  0.000000e+00 -1.000000e+00
   outer loop
     vertex  6.400000e+01  1.000000e+01  0.000000e+00
     vertex  5.923208e+01  6.448456e+00  0.000000e+00
     vertex  5.919249e+01  6.474519e+00  0.000000e+00
   endloop
 endfacet
 facet normal  0.000000e+00  0.000000e+00 -1.000000e+00
   outer loop
     vertex  6.400000e+01  1.000000e+01  0.000000e+00
     vertex  5.919249e+01  6.474519e+00  0.000000e+00
     vertex  5.915222e+01  6.499500e+00  0.000000e+00
   endloop
 endfacet
 facet normal  0.000000e+00  0.000000e+00 -1.000000e+00
   outer loop
     vertex  6.400000e+01  1.000000e+01  0.000000e+00
     vertex  5.915222e+01  6.499500e+00  0.000000e+00
     vertex  5.911128e+01  6.523382e+00  0.000000e+00
   endloop
 endfacet
 facet normal  0.000000e+00  0.000000e+00 -1.000000e+00
   outer loop
     vertex  6.400000e+01  1.000000e+01  0.000000e+00
     vertex  5.911128e+01  6.523382e+00  0.000000e+00
     vertex  5.906971e+01  6.546146e+00  0.000000e+00
   endloop
 endfacet
 facet normal  0.000000e+00  0.000000e+00 -1.000000e+00
   outer loop
     vertex  6.400000e+01  1.000000e+01  0.000000e+00
     vertex  5.906971e+01  6.546146e+00  0.000000e+00
     vertex  5.902755e+01  6.567776e+00  0.000000e+00
   endloop
 endfacet
 facet normal  0.000000e+00  0.000000e+00 -1.000000e+00
   outer loop
     vertex  6.400000e+01  1.000000e+01  0.000000e+00
     vertex  5.902755e+01  6.567776e+00  0.000000e+00
     vertex  5.898481e+01  6.588257e+00  0.000000e+00
   endloop
 endfacet
 facet normal  0.000000e+00  0.000000e+00 -1.000000e+00
   outer loop
     vertex  6.400000e+01  1.000000e+01  0.000000e+00
     vertex  5.898481e+01  6.588257e+00  0.000000e+00
     vertex  5.894153e+01  6.607573e+00  0.000000e+00
   endloop
 endfacet
 facet normal  0.000000e+00  0.000000e+00 -1.000000e+00
   outer loop
     vertex  6.400000e+01  1.000000e+01  0.000000e+00
     vertex  5.894153e+01  6.607573e+00  0.000000e+00
     vertex  5.889774e+01  6.625709e+00  0.000000e+00
   endloop
 endfacet
 facet normal  0.000000e+00  0.000000e+00 -1.000000e+00
   outer loop
     vertex  6.400000e+01  1.000000e+01  0.000000e+00
     vertex  5.889774e+01  6.625709e+00  0.000000e+00
     vertex  5.885348e+01  6.642654e+00  0.000000e+00
   endloop
 endfacet
 facet normal  0.000000e+00  0.000000e+00 -1.000000e+00
   outer loop
     vertex  6.400000e+01  1.000000e+01  0.000000e+00
     vertex  5.885348e+01  6.642654e+00  0.000000e+00
     vertex  5.880878e+01  6.658393e+00  0.000000e+00
   endloop
 endfacet
 facet normal  0.000000e+00  0.000000e+00 -1.000000e+00
   outer loop
     vertex  6.400000e+01  1.000000e+01  0.000000e+00
     vertex  5.880878e+01  6.658393e+00  0.000000e+00
     vertex  5.876366e+01  6.672916e+00  0.000000e+00
   endloop
 endfacet
 facet normal  0.000000e+00  0.000000e+00 -1.000000e+00
   outer loop
     vertex  6.400000e+01  1.000000e+01  0.000000e+00
     vertex  5.876366e+01  6.672916e+00  0.000000e+00
     vertex  5.871817e+01  6.686212e+00  0.000000e+00
   endloop
 endfacet
 facet normal  0.000000e+00  0.000000e+00 -1.000000e+00
   outer loop
     vertex  6.400000e+01  1.000000e+01  0.000000e+00
     vertex  5.871817e+01  6.686212e+00  0.000000e+00
     vertex  5.867234e+01  6.698272e+00  0.000000e+00
   endloop
 endfacet
 facet normal  0.000000e+00  0.000000e+00 -1.000000e+00
   outer loop
     vertex  6.400000e+01  1.000000e+01  0.000000e+00
     vertex  5.867234e+01  6.698272e+00  0.000000e+00
     vertex  5.862620e+01  6.709086e+00  0.000000e+00
   endloop
 endfacet
 facet normal -0.000000e+00  0.000000e+00 -1.000000e+00
   outer loop
     vertex  6.400000e+01  1.000000e+01  0.000000e+00
     vertex  2.425000e+01  6.750000e+00  0.000000e+00
     vertex  0.000000e+00  1.000000e+01  0.000000e+00
   endloop
 endfacet
 facet normal  0.000000e+00  0.000000e+00 -1.000000e+00
   outer loop
     vertex  6.400000e+01  1.000000e+01  0.000000e+00
     vertex  2.429739e+01  6.749358e+00  0.000000e+00
     vertex  2.425000e+01  6.750000e+00  0.000000e+00
   endloop
 endfacet
 facet normal  0.000000e+00  0.000000e+00 -1.000000e+00
   outer loop
     vertex  6.400000e+01  1.000000e+01  0.000000e+00
     vertex  2.434474e+01  6.747433e+00  0.000000e+00
     vertex  2.429739e+01  6.749358e+00  0.000000e+00
   endloop
 endfacet
 facet normal  0.000000e+00  0.000000e+00 -1.000000e+00
   outer loop
     vertex  6.400000e+01  1.000000e+01  0.000000e+00
     vertex  2.439203e+01  6.744227e+00  0.000000e+00
     vertex  2.434474e+01  6.747433e+00  0.000000e+00
   endloop
 endfacet
 facet normal  0.000000e+00  0.000000e+00 -1.000000e+00
   outer loop
     vertex  6.400000e+01  1.000000e+01  0.000000e+00
     vertex  2.443921e+01  6.739741e+00  0.000000e+00
     vertex  2.439203e+01  6.744227e+00  0.000000e+00
   endloop
 endfacet
 facet normal  0.000000e+00  0.000000e+00 -1.000000e+00
   outer loop
     vertex  6.400000e+01  1.000000e+01  0.000000e+00
     vertex  2.448625e+01  6.733980e+00  0.000000e+00
     vertex  2.443921e+01  6.739741e+00  0.000000e+00
   endloop
 endfacet
 facet normal  0.000000e+00  0.000000e+00 -1.000000e+00
   outer loop
     vertex  6.400000e+01  1.000000e+01  0.000000e+00
     vertex  2.453312e+01  6.726946e+00  0.000000e+00
     vertex  2.448625e+01  6.733980e+00  0.000000e+00
   endloop
 endfacet
 facet normal  0.000000e+00  0.000000e+00 -1.000000e+00
   outer loop
     vertex  6.400000e+01  1.000000e+01  0.000000e+00
     vertex  2.457978e+01  6.718646e+00  0.000000e+00
     vertex  2.453312e+01  6.726946e+00  0.000000e+00
   endloop
 endfacet
 facet normal  0.000000e+00  0.000000e+00 -1.000000e+00
   outer loop
     vertex  6.400000e+01  1.000000e+01  0.000000e+00
     vertex  2.462620e+01  6.709086e+00  0.000000e+00
     vertex  2.457978e+01  6.718646e+00  0.000000e+00
   endloop
 endfacet
 facet normal  0.000000e+00  0.000000e+00 -1.000000e+00
   outer loop
     vertex  6.400000e+01  1.000000e+01  0.000000e+00
     vertex  3.960674e+01  6.744126e+00  0.000000e+00
     vertex  2.462620e+01  6.709086e+00  0.000000e+00
   endloop
 endfacet
 facet normal  0.000000e+00  0.000000e+00 -1.000000e+00
   outer loop
     vertex  3.960674e+01  6.744126e+00  0.000000e+00
     vertex  3.955915e+01  6.739562e+00  0.000000e+00
     vertex  2.462620e+01  6.709086e+00  0.000000e+00
   endloop
 endfacet
 facet normal  0.000000e+00  0.000000e+00 -1.000000e+00
   outer loop
     vertex  3.955915e+01  6.739562e+00  0.000000e+00
     vertex  3.951171e+01  6.733700e+00  0.000000e+00
     vertex  2.462620e+01  6.709086e+00  0.000000e+00
   endloop
 endfacet
 facet normal  0.000000e+00  0.000000e+00 -1.000000e+00
   outer loop
     vertex  3.951171e+01  6.733700e+00  0.000000e+00
     vertex  3.946444e+01  6.726545e+00  0.000000e+00
     vertex  2.462620e+01  6.709086e+00  0.000000e+00
   endloop
 endfacet
 facet normal  0.000000e+00  0.000000e+00 -1.000000e+00
   outer loop
     vertex  3.946444e+01  6.726545e+00  0.000000e+00
     vertex  3.941739e+01  6.718100e+00  0.000000e+00
     vertex  2.462620e+01  6.709086e+00  0.000000e+00
   endloop
 endfacet
 facet normal  0.000000e+00  0.000000e+00 -1.000000e+00
   outer loop
     vertex  3.941739e+01  6.718100e+00  0.000000e+00
     vertex  3.937058e+01  6.708374e+00  0.000000e+00
     vertex  2.462620e+01  6.709086e+00  0.000000e+00
   endloop
 endfacet
 facet normal  0.000000e+00  0.000000e+00 -1.000000e+00
   outer loop
     vertex  6.400000e+01  1.000000e+01  0.000000e+00
     vertex  3.965443e+01  6.747389e+00  0.000000e+00
     vertex  3.960674e+01  6.744126e+00  0.000000e+00
   endloop
 endfacet
 facet normal  0.000000e+00  0.000000e+00 -1.000000e+00
   outer loop
     vertex  6.400000e+01  1.000000e+01  0.000000e+00
     vertex  3.970220e+01  6.749347e+00  0.000000e+00
     vertex  3.965443e+01  6.747389e+00  0.000000e+00
   endloop
 endfacet
 facet normal  0.000000e+00  0.000000e+00 -1.000000e+00
   outer loop
     vertex  6.400000e+01  1.000000e+01  0.000000e+00
     vertex  3.975000e+01  6.750000e+00  0.000000e+00
     vertex  3.970220e+01  6.749347e+00  0.000000e+00
   endloop
 endfacet
 facet normal  1.000000e+00  0.000000e+00  0.000000e+00
   outer loop
     vertex  6.400000e+01  0.000000e+00  5.000000e+00
     vertex  6.400000e+01  0.000000e+00  0.000000e+00
     vertex  6.400000e+01  1.000000e+01  0.000000e+00
   endloop
 endfacet
 facet normal  1.000000e+00 -0.000000e+00  0.000000e+00
   outer loop
     vertex  6.400000e+01  0.000000e+00  5.000000e+00
     vertex  6.400000e+01  1.000000e+01  0.000000e+00
     vertex  6.400000e+01  1.000000e+01  5.000000e+00
   endloop
 endfacet
 facet normal  1.365867e-02 -9.999067e-01  0.000000e+00
   outer loop
     vertex  5.702199e+00  6.749347e+00  5.000000e+00
     vertex  5.750000e+00  6.750000e+00  0.000000e+00
     vertex  5.750000e+00  6.750000e+00  5.000000e+00
   endloop
 endfacet
 facet normal  1.365867e-02 -9.999067e-01  0.000000e+00
   outer loop
     vertex  5.702199e+00  6.749347e+00  5.000000e+00
     vertex  5.702199e+00  6.749347e+00  0.000000e+00
     vertex  5.750000e+00  6.750000e+00  0.000000e+00
   endloop
 endfacet
 facet normal  4.096583e-02 -9.991605e-01  0.000000e+00
   outer loop
     vertex  5.654434e+00  6.747389e+00  5.000000e+00
     vertex  5.654434e+00  6.747389e+00  0.000000e+00
     vertex  5.702199e+00  6.749347e+00  0.000000e+00
   endloop
 endfacet
 facet normal  4.096583e-02 -9.991605e-01  0.000000e+00
   outer loop
     vertex  5.654434e+00  6.747389e+00  5.000000e+00
     vertex  5.702199e+00  6.749347e+00  0.000000e+00
     vertex  5.702199e+00  6.749347e+00  5.000000e+00
   endloop
 endfacet
 facet normal  6.824241e-02 -9.976688e-01  0.000000e+00
   outer loop
     vertex  5.606740e+00  6.744126e+00  5.000000e+00
     vertex  5.606740e+00  6.744126e+00  0.000000e+00
     vertex  5.654434e+00  6.747389e+00  0.000000e+00
   endloop
 endfacet
 facet normal  6.824241e-02 -9.976688e-01  0.000000e+00
   outer loop
     vertex  5.606740e+00  6.744126e+00  5.000000e+00
     vertex  5.654434e+00  6.747389e+00  0.000000e+00
     vertex  5.654434e+00  6.747389e+00  5.000000e+00
   endloop
 endfacet
 facet normal  9.546807e-02 -9.954325e-01  0.000000e+00
   outer loop
     vertex  5.559153e+00  6.739562e+00  5.000000e+00
     vertex  5.559153e+00  6.739562e+00  0.000000e+00
     vertex  5.606740e+00  6.744126e+00  0.000000e+00
   endloop
 endfacet
 facet normal  9.546807e-02 -9.954325e-01  0.000000e+00
   outer loop
     vertex  5.559153e+00  6.739562e+00  5.000000e+00
     vertex  5.606740e+00  6.744126e+00  0.000000e+00
     vertex  5.606740e+00  6.744126e+00  5.000000e+00
   endloop
 endfacet
 facet normal  1.226225e-01 -9.924534e-01  0.000000e+00
   outer loop
     vertex  5.511708e+00  6.733700e+00  5.000000e+00
     vertex  5.511708e+00  6.733700e+00  0.000000e+00
     vertex  5.559153e+00  6.739562e+00  0.000000e+00
   endloop
 endfacet
 facet normal  1.226225e-01 -9.924534e-01  0.000000e+00
   outer loop
     vertex  5.511708e+00  6.733700e+00  5.000000e+00
     vertex  5.559153e+00  6.739562e+00  0.000000e+00
     vertex  5.559153e+00  6.739562e+00  5.000000e+00
   endloop
 endfacet
 facet normal  1.496854e-01 -9.887337e-01  0.000000e+00
   outer loop
     vertex  5.464442e+00  6.726545e+00  5.000000e+00
     vertex  5.464442e+00  6.726545e+00  0.000000e+00
     vertex  5.511708e+00  6.733700e+00  0.000000e+00
   endloop
 endfacet
 facet normal  1.496854e-01 -9.887337e-01  0.000000e+00
   outer loop
     vertex  5.464442e+00  6.726545e+00  5.000000e+00
     vertex  5.511708e+00  6.733700e+00  0.000000e+00
     vertex  5.511708e+00  6.733700e+00  5.000000e+00
   endloop
 endfacet
 facet normal  1.766366e-01 -9.842761e-01  0.000000e+00
   outer loop
     vertex  5.417388e+00  6.718100e+00  5.000000e+00
     vertex  5.417388e+00  6.718100e+00  0.000000e+00
     vertex  5.464442e+00  6.726545e+00  0.000000e+00
   endloop
 endfacet
 facet normal  1.766366e-01 -9.842761e-01  0.000000e+00
   outer loop
     vertex  5.417388e+00  6.718100e+00  5.000000e+00
     vertex  5.464442e+00  6.726545e+00  0.000000e+00
     vertex  5.464442e+00  6.726545e+00  5.000000e+00
   endloop
 endfacet
 facet normal  2.034560e-01 -9.790841e-01  0.000000e+00
   outer loop
     vertex  5.370582e+00  6.708374e+00  5.000000e+00
     vertex  5.370582e+00  6.708374e+00  0.000000e+00
     vertex  5.417388e+00  6.718100e+00  0.000000e+00
   endloop
 endfacet
 facet normal  2.301236e-01 -9.731614e-01  0.000000e+00
   outer loop
     vertex  5.370582e+00  6.708374e+00  5.000000e+00
     vertex  5.324060e+00  6.697373e+00  0.000000e+00
     vertex  5.370582e+00  6.708374e+00  0.000000e+00
   endloop
 endfacet
 facet normal  2.034560e-01 -9.790841e-01  0.000000e+00
   outer loop
     vertex  5.370582e+00  6.708374e+00  5.000000e+00
     vertex  5.417388e+00  6.718100e+00  0.000000e+00
     vertex  5.417388e+00  6.718100e+00  5.000000e+00
   endloop
 endfacet
 facet normal  2.301236e-01 -9.731614e-01  0.000000e+00
   outer loop
     vertex  5.324060e+00  6.697373e+00  5.000000e+00
     vertex  5.324060e+00  6.697373e+00  0.000000e+00
     vertex  5.370582e+00  6.708374e+00  5.000000e+00
   endloop
 endfacet
 facet normal  2.566194e-01 -9.665125e-01  0.000000e+00
   outer loop
     vertex  5.277856e+00  6.685105e+00  5.000000e+00
     vertex  5.277856e+00  6.685105e+00  0.000000e+00
     vertex  5.324060e+00  6.697373e+00  0.000000e+00
   endloop
 endfacet
 facet normal  2.566194e-01 -9.665125e-01  0.000000e+00
   outer loop
     vertex  5.277856e+00  6.685105e+00  5.000000e+00
     vertex  5.324060e+00  6.697373e+00  0.000000e+00
     vertex  5.324060e+00  6.697373e+00  5.000000e+00
   endloop
 endfacet
 facet normal  2.829238e-01 -9.591424e-01  0.000000e+00
   outer loop
     vertex  5.232004e+00  6.671580e+00  5.000000e+00
     vertex  5.232004e+00  6.671580e+00  0.000000e+00
     vertex  5.277856e+00  6.685105e+00  0.000000e+00
   endloop
 endfacet
 facet normal  3.090170e-01 -9.510565e-01  0.000000e+00
   outer loop
     vertex  5.232004e+00  6.671580e+00  5.000000e+00
     vertex  5.186538e+00  6.656807e+00  0.000000e+00
     vertex  5.232004e+00  6.671580e+00  0.000000e+00
   endloop
 endfacet
 facet normal  2.829238e-01 -9.591424e-01  0.000000e+00
   outer loop
     vertex  5.232004e+00  6.671580e+00  5.000000e+00
     vertex  5.277856e+00  6.685105e+00  0.000000e+00
     vertex  5.277856e+00  6.685105e+00  5.000000e+00
   endloop
 endfacet
 facet normal  3.090170e-01 -9.510565e-01  0.000000e+00
   outer loop
     vertex  5.186538e+00  6.656807e+00  5.000000e+00
     vertex  5.186538e+00  6.656807e+00  0.000000e+00
     vertex  5.232004e+00  6.671580e+00  5.000000e+00
   endloop
 endfacet
 facet normal  3.348796e-01 -9.422609e-01  0.000000e+00
   outer loop
     vertex  5.141493e+00  6.640798e+00  5.000000e+00
     vertex  5.141493e+00  6.640798e+00  0.000000e+00
     vertex  5.186538e+00  6.656807e+00  0.000000e+00
   endloop
 endfacet
 facet normal  3.348796e-01 -9.422609e-01  0.000000e+00
   outer loop
     vertex  5.141493e+00  6.640798e+00  5.000000e+00
     vertex  5.186538e+00  6.656807e+00  0.000000e+00
     vertex  5.186538e+00  6.656807e+00  5.000000e+00
   endloop
 endfacet
 facet normal  3.604923e-01 -9.327622e-01  0.000000e+00
   outer loop
     vertex  5.096902e+00  6.623565e+00  5.000000e+00
     vertex  5.096902e+00  6.623565e+00  0.000000e+00
     vertex  5.141493e+00  6.640798e+00  0.000000e+00
   endloop
 endfacet
 facet normal  3.858360e-01 -9.225674e-01  0.000000e+00
   outer loop
     vertex  5.096902e+00  6.623565e+00  5.000000e+00
     vertex  5.052798e+00  6.605120e+00  0.000000e+00
     vertex  5.096902e+00  6.623565e+00  0.000000e+00
   endloop
 endfacet
 facet normal  3.604923e-01 -9.327622e-01  0.000000e+00
   outer loop
     vertex  5.096902e+00  6.623565e+00  5.000000e+00
     vertex  5.141493e+00  6.640798e+00  0.000000e+00
     vertex  5.141493e+00  6.640798e+00  5.000000e+00
   endloop
 endfacet
 facet normal  3.858360e-01 -9.225674e-01  0.000000e+00
   outer loop
     vertex  5.052798e+00  6.605120e+00  5.000000e+00
     vertex  5.052798e+00  6.605120e+00  0.000000e+00
     vertex  5.096902e+00  6.623565e+00  5.000000e+00
   endloop
 endfacet
 facet normal  4.108918e-01 -9.116841e-01  0.000000e+00
   outer loop
     vertex  5.009215e+00  6.585477e+00  5.000000e+00
     vertex  5.009215e+00  6.585477e+00  0.000000e+00
     vertex  5.052798e+00  6.605120e+00  0.000000e+00
   endloop
 endfacet
 facet normal  4.108918e-01 -9.116841e-01  0.000000e+00
   outer loop
     vertex  5.009215e+00  6.585477e+00  5.000000e+00
     vertex  5.052798e+00  6.605120e+00  0.000000e+00
     vertex  5.052798e+00  6.605120e+00  5.000000e+00
   endloop
 endfacet
 facet normal  4.356410e-01 -9.001205e-01  0.000000e+00
   outer loop
     vertex  4.966184e+00  6.564651e+00  5.000000e+00
     vertex  4.966184e+00  6.564651e+00  0.000000e+00
     vertex  5.009215e+00  6.585477e+00  0.000000e+00
   endloop
 endfacet
 facet normal  4.600650e-01 -8.878852e-01  0.000000e+00
   outer loop
     vertex  4.966184e+00  6.564651e+00  5.000000e+00
     vertex  4.923738e+00  6.542657e+00  0.000000e+00
     vertex  4.966184e+00  6.564651e+00  0.000000e+00
   endloop
 endfacet
 facet normal  4.356410e-01 -9.001205e-01  0.000000e+00
   outer loop
     vertex  4.966184e+00  6.564651e+00  5.000000e+00
     vertex  5.009215e+00  6.585477e+00  0.000000e+00
     vertex  5.009215e+00  6.585477e+00  5.000000e+00
   endloop
 endfacet
 facet normal  4.600650e-01 -8.878852e-01  0.000000e+00
   outer loop
     vertex  4.923738e+00  6.542657e+00  5.000000e+00
     vertex  4.923738e+00  6.542657e+00  0.000000e+00
     vertex  4.966184e+00  6.564651e+00  5.000000e+00
   endloop
 endfacet
 facet normal  4.841458e-01 -8.749873e-01  0.000000e+00
   outer loop
     vertex  4.881909e+00  6.519513e+00  5.000000e+00
     vertex  4.923738e+00  6.542657e+00  0.000000e+00
     vertex  4.923738e+00  6.542657e+00  5.000000e+00
   endloop
 endfacet
 facet normal  4.841458e-01 -8.749873e-01  0.000000e+00
   outer loop
     vertex  4.881909e+00  6.519513e+00  5.000000e+00
     vertex  4.881909e+00  6.519513e+00  0.000000e+00
     vertex  4.923738e+00  6.542657e+00  0.000000e+00
   endloop
 endfacet
 facet normal  5.078652e-01 -8.614365e-01  0.000000e+00
   outer loop
     vertex  4.840728e+00  6.495234e+00  5.000000e+00
     vertex  4.881909e+00  6.519513e+00  0.000000e+00
     vertex  4.881909e+00  6.519513e+00  5.000000e+00
   endloop
 endfacet
 facet normal  5.078652e-01 -8.614365e-01  0.000000e+00
   outer loop
     vertex  4.840728e+00  6.495234e+00  5.000000e+00
     vertex  4.840728e+00  6.495234e+00  0.000000e+00
     vertex  4.881909e+00  6.519513e+00  0.000000e+00
   endloop
 endfacet
 facet normal  5.312057e-01 -8.472429e-01  0.000000e+00
   outer loop
     vertex  4.800225e+00  6.469839e+00  5.000000e+00
     vertex  4.840728e+00  6.495234e+00  0.000000e+00
     vertex  4.840728e+00  6.495234e+00  5.000000e+00
   endloop
 endfacet
 facet normal  5.312057e-01 -8.472429e-01  0.000000e+00
   outer loop
     vertex  4.800225e+00  6.469839e+00  5.000000e+00
     vertex  4.800225e+00  6.469839e+00  0.000000e+00
     vertex  4.840728e+00  6.495234e+00  0.000000e+00
   endloop
 endfacet
 facet normal  5.541498e-01 -8.324170e-01  0.000000e+00
   outer loop
     vertex  4.760431e+00  6.443348e+00  5.000000e+00
     vertex  4.800225e+00  6.469839e+00  0.000000e+00
     vertex  4.800225e+00  6.469839e+00  5.000000e+00
   endloop
 endfacet
 facet normal  5.541498e-01 -8.324170e-01  0.000000e+00
   outer loop
     vertex  4.760431e+00  6.443348e+00  5.000000e+00
     vertex  4.760431e+00  6.443348e+00  0.000000e+00
     vertex  4.800225e+00  6.469839e+00  0.000000e+00
   endloop
 endfacet
 facet normal  5.766803e-01 -8.169699e-01  0.000000e+00
   outer loop
     vertex  4.721376e+00  6.415780e+00  5.000000e+00
     vertex  4.760431e+00  6.443348e+00  0.000000e+00
     vertex  4.760431e+00  6.443348e+00  5.000000e+00
   endloop
 endfacet
 facet normal  5.766803e-01 -8.169699e-01  0.000000e+00
   outer loop
     vertex  4.721376e+00  6.415780e+00  5.000000e+00
     vertex  4.721376e+00  6.415780e+00  0.000000e+00
     vertex  4.760431e+00  6.443348e+00  0.000000e+00
   endloop
 endfacet
 facet normal  5.987805e-01 -8.009132e-01  0.000000e+00
   outer loop
     vertex  4.721376e+00  6.415780e+00  5.000000e+00
     vertex  4.683088e+00  6.387155e+00  0.000000e+00
     vertex  4.721376e+00  6.415780e+00  0.000000e+00
   endloop
 endfacet
 facet normal  5.987805e-01 -8.009132e-01  0.000000e+00
   outer loop
     vertex  4.683088e+00  6.387155e+00  5.000000e+00
     vertex  4.683088e+00  6.387155e+00  0.000000e+00
     vertex  4.721376e+00  6.415780e+00  5.000000e+00
   endloop
 endfacet
 facet normal  6.204339e-01 -7.842588e-01  0.000000e+00
   outer loop
     vertex  4.645596e+00  6.357495e+00  5.000000e+00
     vertex  4.683088e+00  6.387155e+00  0.000000e+00
     vertex  4.683088e+00  6.387155e+00  5.000000e+00
   endloop
 endfacet
 facet normal  6.204339e-01 -7.842588e-01  0.000000e+00
   outer loop
     vertex  4.645596e+00  6.357495e+00  5.000000e+00
     vertex  4.645596e+00  6.357495e+00  0.000000e+00
     vertex  4.683088e+00  6.387155e+00  0.000000e+00
   endloop
 endfacet
 facet normal  6.416243e-01 -7.670191e-01  0.000000e+00
   outer loop
     vertex  4.645596e+00  6.357495e+00  5.000000e+00
     vertex  4.608928e+00  6.326822e+00  0.000000e+00
     vertex  4.645596e+00  6.357495e+00  0.000000e+00
   endloop
 endfacet
 facet normal  6.416243e-01 -7.670191e-01  0.000000e+00
   outer loop
     vertex  4.608928e+00  6.326822e+00  5.000000e+00
     vertex  4.608928e+00  6.326822e+00  0.000000e+00
     vertex  4.645596e+00  6.357495e+00  5.000000e+00
   endloop
 endfacet
 facet normal  6.623358e-01 -7.492071e-01  0.000000e+00
   outer loop
     vertex  4.608928e+00  6.326822e+00  5.000000e+00
     vertex  4.573112e+00  6.295158e+00  0.000000e+00
     vertex  4.608928e+00  6.326822e+00  0.000000e+00
   endloop
 endfacet
 facet normal  6.623358e-01 -7.492071e-01  0.000000e+00
   outer loop
     vertex  4.573112e+00  6.295158e+00  5.000000e+00
     vertex  4.573112e+00  6.295158e+00  0.000000e+00
     vertex  4.608928e+00  6.326822e+00  5.000000e+00
   endloop
 endfacet
 facet normal  6.825531e-01 -7.308360e-01  0.000000e+00
   outer loop
     vertex  4.538174e+00  6.262529e+00  5.000000e+00
     vertex  4.573112e+00  6.295158e+00  0.000000e+00
     vertex  4.573112e+00  6.295158e+00  5.000000e+00
   endloop
 endfacet
 facet normal  6.825531e-01 -7.308360e-01  0.000000e+00
   outer loop
     vertex  4.538174e+00  6.262529e+00  5.000000e+00
     vertex  4.538174e+00  6.262529e+00  0.000000e+00
     vertex  4.573112e+00  6.295158e+00  0.000000e+00
   endloop
 endfacet
 facet normal  7.022611e-01 -7.119195e-01  0.000000e+00
   outer loop
     vertex  4.504141e+00  6.228957e+00  5.000000e+00
     vertex  4.504141e+00  6.228957e+00  0.000000e+00
     vertex  4.538174e+00  6.262529e+00  0.000000e+00
   endloop
 endfacet
 facet normal  7.214450e-01 -6.924717e-01  0.000000e+00
   outer loop
     vertex  4.504141e+00  6.228957e+00  5.000000e+00
     vertex  4.471037e+00  6.194468e+00  0.000000e+00
     vertex  4.504141e+00  6.228957e+00  0.000000e+00
   endloop
 endfacet
 facet normal  7.022611e-01 -7.119195e-01  0.000000e+00
   outer loop
     vertex  4.504141e+00  6.228957e+00  5.000000e+00
     vertex  4.538174e+00  6.262529e+00  0.000000e+00
     vertex  4.538174e+00  6.262529e+00  5.000000e+00
   endloop
 endfacet
 facet normal  7.214450e-01 -6.924717e-01  0.000000e+00
   outer loop
     vertex  4.471037e+00  6.194468e+00  5.000000e+00
     vertex  4.471037e+00  6.194468e+00  0.000000e+00
     vertex  4.504141e+00  6.228957e+00  5.000000e+00
   endloop
 endfacet
 facet normal  7.400906e-01 -6.725072e-01  0.000000e+00
   outer loop
     vertex  4.438888e+00  6.159088e+00  5.000000e+00
     vertex  4.438888e+00  6.159088e+00  0.000000e+00
     vertex  4.471037e+00  6.194468e+00  0.000000e+00
   endloop
 endfacet
 facet normal  7.581838e-01 -6.520409e-01  0.000000e+00
   outer loop
     vertex  4.438888e+00  6.159088e+00  5.000000e+00
     vertex  4.407717e+00  6.122842e+00  0.000000e+00
     vertex  4.438888e+00  6.159088e+00  0.000000e+00
   endloop
 endfacet
 facet normal  7.400906e-01 -6.725072e-01  0.000000e+00
   outer loop
     vertex  4.438888e+00  6.159088e+00  5.000000e+00
     vertex  4.471037e+00  6.194468e+00  0.000000e+00
     vertex  4.471037e+00  6.194468e+00  5.000000e+00
   endloop
 endfacet
 facet normal  7.757113e-01 -6.310879e-01  0.000000e+00
   outer loop
     vertex  4.407717e+00  6.122842e+00  5.000000e+00
     vertex  4.377547e+00  6.085759e+00  0.000000e+00
     vertex  4.407717e+00  6.122842e+00  0.000000e+00
   endloop
 endfacet
 facet normal  7.581838e-01 -6.520409e-01  0.000000e+00
   outer loop
     vertex  4.407717e+00  6.122842e+00  5.000000e+00
     vertex  4.407717e+00  6.122842e+00  0.000000e+00
     vertex  4.438888e+00  6.159088e+00  5.000000e+00
   endloop
 endfacet
 facet normal  7.757113e-01 -6.310879e-01  0.000000e+00
   outer loop
     vertex  4.377547e+00  6.085759e+00  5.000000e+00
     vertex  4.377547e+00  6.085759e+00  0.000000e+00
     vertex  4.407717e+00  6.122842e+00  5.000000e+00
   endloop
 endfacet
 facet normal  7.926599e-01 -6.096641e-01  0.000000e+00
   outer loop
     vertex  4.348402e+00  6.047866e+00  5.000000e+00
     vertex  4.348402e+00  6.047866e+00  0.000000e+00
     vertex  4.377547e+00  6.085759e+00  0.000000e+00
   endloop
 endfacet
 facet normal  7.926599e-01 -6.096641e-01  0.000000e+00
   outer loop
     vertex  4.348402e+00  6.047866e+00  5.000000e+00
     vertex  4.377547e+00  6.085759e+00  0.000000e+00
     vertex  4.377547e+00  6.085759e+00  5.000000e+00
   endloop
 endfacet
 facet normal  8.090170e-01 -5.877853e-01  0.000000e+00
   outer loop
     vertex  4.320303e+00  6.009191e+00  5.000000e+00
     vertex  4.320303e+00  6.009191e+00  0.000000e+00
     vertex  4.348402e+00  6.047866e+00  0.000000e+00
   endloop
 endfacet
 facet normal  8.090170e-01 -5.877853e-01  0.000000e+00
   outer loop
     vertex  4.320303e+00  6.009191e+00  5.000000e+00
     vertex  4.348402e+00  6.047866e+00  0.000000e+00
     vertex  4.348402e+00  6.047866e+00  5.000000e+00
   endloop
 endfacet
 facet normal  8.247704e-01 -5.654678e-01  0.000000e+00
   outer loop
     vertex  4.293270e+00  5.969762e+00  5.000000e+00
     vertex  4.293270e+00  5.969762e+00  0.000000e+00
     vertex  4.320303e+00  6.009191e+00  0.000000e+00
   endloop
 endfacet
 facet normal  8.247704e-01 -5.654678e-01  0.000000e+00
   outer loop
     vertex  4.293270e+00  5.969762e+00  5.000000e+00
     vertex  4.320303e+00  6.009191e+00  0.000000e+00
     vertex  4.320303e+00  6.009191e+00  5.000000e+00
   endloop
 endfacet
 facet normal  8.399083e-01 -5.427284e-01  0.000000e+00
   outer loop
     vertex  4.267325e+00  5.929610e+00  5.000000e+00
     vertex  4.267325e+00  5.929610e+00  0.000000e+00
     vertex  4.293270e+00  5.969762e+00  0.000000e+00
   endloop
 endfacet
 facet normal  8.544194e-01 -5.195840e-01  0.000000e+00
   outer loop
     vertex  4.267325e+00  5.929610e+00  5.000000e+00
     vertex  4.242486e+00  5.888764e+00  0.000000e+00
     vertex  4.267325e+00  5.929610e+00  0.000000e+00
   endloop
 endfacet
 facet normal  8.399083e-01 -5.427284e-01  0.000000e+00
   outer loop
     vertex  4.267325e+00  5.929610e+00  5.000000e+00
     vertex  4.293270e+00  5.969762e+00  0.000000e+00
     vertex  4.293270e+00  5.969762e+00  5.000000e+00
   endloop
 endfacet
 facet normal  8.544194e-01 -5.195840e-01  0.000000e+00
   outer loop
     vertex  4.242486e+00  5.888764e+00  5.000000e+00
     vertex  4.242486e+00  5.888764e+00  0.000000e+00
     vertex  4.267325e+00  5.929610e+00  5.000000e+00
   endloop
 endfacet
 facet normal  8.682929e-01 -4.960518e-01  0.000000e+00
   outer loop
     vertex  4.218772e+00  5.847255e+00  5.000000e+00
     vertex  4.218772e+00  5.847255e+00  0.000000e+00
     vertex  4.242486e+00  5.888764e+00  0.000000e+00
   endloop
 endfacet
 facet normal  8.682929e-01 -4.960518e-01  0.000000e+00
   outer loop
     vertex  4.218772e+00  5.847255e+00  5.000000e+00
     vertex  4.242486e+00  5.888764e+00  0.000000e+00
     vertex  4.242486e+00  5.888764e+00  5.000000e+00
   endloop
 endfacet
 facet normal  8.815185e-01 -4.721495e-01  0.000000e+00
   outer loop
     vertex  4.196201e+00  5.805114e+00  5.000000e+00
     vertex  4.196201e+00  5.805114e+00  0.000000e+00
     vertex  4.218772e+00  5.847255e+00  0.000000e+00
   endloop
 endfacet
 facet normal  8.815185e-01 -4.721495e-01  0.000000e+00
   outer loop
     vertex  4.196201e+00  5.805114e+00  5.000000e+00
     vertex  4.218772e+00  5.847255e+00  0.000000e+00
     vertex  4.218772e+00  5.847255e+00  5.000000e+00
   endloop
 endfacet
 facet normal  8.940863e-01 -4.478948e-01  0.000000e+00
   outer loop
     vertex  4.174789e+00  5.762372e+00  5.000000e+00
     vertex  4.174789e+00  5.762372e+00  0.000000e+00
     vertex  4.196201e+00  5.805114e+00  0.000000e+00
   endloop
 endfacet
 facet normal  8.940863e-01 -4.478948e-01  0.000000e+00
   outer loop
     vertex  4.174789e+00  5.762372e+00  5.000000e+00
     vertex  4.196201e+00  5.805114e+00  0.000000e+00
     vertex  4.196201e+00  5.805114e+00  5.000000e+00
   endloop
 endfacet
 facet normal  9.059868e-01 -4.233059e-01  0.000000e+00
   outer loop
     vertex  4.154553e+00  5.719061e+00  5.000000e+00
     vertex  4.154553e+00  5.719061e+00  0.000000e+00
     vertex  4.174789e+00  5.762372e+00  0.000000e+00
   endloop
 endfacet
 facet normal  9.059868e-01 -4.233059e-01  0.000000e+00
   outer loop
     vertex  4.154553e+00  5.719061e+00  5.000000e+00
     vertex  4.174789e+00  5.762372e+00  0.000000e+00
     vertex  4.174789e+00  5.762372e+00  5.000000e+00
   endloop
 endfacet
 facet normal  9.172113e-01 -3.984011e-01  0.000000e+00
   outer loop
     vertex  4.135507e+00  5.675213e+00  5.000000e+00
     vertex  4.154553e+00  5.719061e+00  0.000000e+00
     vertex  4.154553e+00  5.719061e+00  5.000000e+00
   endloop
 endfacet
 facet normal  9.172113e-01 -3.984011e-01  0.000000e+00
   outer loop
     vertex  4.135507e+00  5.675213e+00  5.000000e+00
     vertex  4.135507e+00  5.675213e+00  0.000000e+00
     vertex  4.154553e+00  5.719061e+00  0.000000e+00
   endloop
 endfacet
 facet normal  9.277513e-01 -3.731990e-01  0.000000e+00
   outer loop
     vertex  4.117666e+00  5.630862e+00  5.000000e+00
     vertex  4.135507e+00  5.675213e+00  0.000000e+00
     vertex  4.135507e+00  5.675213e+00  5.000000e+00
   endloop
 endfacet
 facet normal  9.277513e-01 -3.731990e-01  0.000000e+00
   outer loop
     vertex  4.117666e+00  5.630862e+00  5.000000e+00
     vertex  4.117666e+00  5.630862e+00  0.000000e+00
     vertex  4.135507e+00  5.675213e+00  0.000000e+00
   endloop
 endfacet
 facet normal  9.375990e-01 -3.477184e-01  0.000000e+00
   outer loop
     vertex  4.101043e+00  5.586039e+00  5.000000e+00
     vertex  4.117666e+00  5.630862e+00  0.000000e+00
     vertex  4.117666e+00  5.630862e+00  5.000000e+00
   endloop
 endfacet
 facet normal  9.375990e-01 -3.477184e-01  0.000000e+00
   outer loop
     vertex  4.101043e+00  5.586039e+00  5.000000e+00
     vertex  4.101043e+00  5.586039e+00  0.000000e+00
     vertex  4.117666e+00  5.630862e+00  0.000000e+00
   endloop
 endfacet
 facet normal  9.467470e-01 -3.219783e-01  0.000000e+00
   outer loop
     vertex  4.085651e+00  5.540780e+00  5.000000e+00
     vertex  4.101043e+00  5.586039e+00  0.000000e+00
     vertex  4.101043e+00  5.586039e+00  5.000000e+00
   endloop
 endfacet
 facet normal  9.467470e-01 -3.219783e-01  0.000000e+00
   outer loop
     vertex  4.085651e+00  5.540780e+00  5.000000e+00
     vertex  4.085651e+00  5.540780e+00  0.000000e+00
     vertex  4.101043e+00  5.586039e+00  0.000000e+00
   endloop
 endfacet
 facet normal  9.551886e-01 -2.959980e-01  0.000000e+00
   outer loop
     vertex  4.071501e+00  5.495117e+00  5.000000e+00
     vertex  4.085651e+00  5.540780e+00  0.000000e+00
     vertex  4.085651e+00  5.540780e+00  5.000000e+00
   endloop
 endfacet
 facet normal  9.551886e-01 -2.959980e-01  0.000000e+00
   outer loop
     vertex  4.071501e+00  5.495117e+00  5.000000e+00
     vertex  4.071501e+00  5.495117e+00  0.000000e+00
     vertex  4.085651e+00  5.540780e+00  0.000000e+00
   endloop
 endfacet
 facet normal  9.629173e-01 -2.697968e-01  0.000000e+00
   outer loop
     vertex  4.071501e+00  5.495117e+00  5.000000e+00
     vertex  4.058603e+00  5.449084e+00  0.000000e+00
     vertex  4.071501e+00  5.495117e+00  0.000000e+00
   endloop
 endfacet
 facet normal  9.629173e-01 -2.697968e-01  0.000000e+00
   outer loop
     vertex  4.058603e+00  5.449084e+00  5.000000e+00
     vertex  4.058603e+00  5.449084e+00  0.000000e+00
     vertex  4.071501e+00  5.495117e+00  5.000000e+00
   endloop
 endfacet
 facet normal  9.699274e-01 -2.433942e-01  0.000000e+00
   outer loop
     vertex  4.046968e+00  5.402716e+00  5.000000e+00
     vertex  4.058603e+00  5.449084e+00  0.000000e+00
     vertex  4.058603e+00  5.449084e+00  5.000000e+00
   endloop
 endfacet
 facet normal  9.699274e-01 -2.433942e-01  0.000000e+00
   outer loop
     vertex  4.046968e+00  5.402716e+00  5.000000e+00
     vertex  4.046968e+00  5.402716e+00  0.000000e+00
     vertex  4.058603e+00  5.449084e+00  0.000000e+00
   endloop
 endfacet
 facet normal  9.762138e-01 -2.168100e-01  0.000000e+00
   outer loop
     vertex  4.036603e+00  5.356048e+00  5.000000e+00
     vertex  4.046968e+00  5.402716e+00  0.000000e+00
     vertex  4.046968e+00  5.402716e+00  5.000000e+00
   endloop
 endfacet
 facet normal  9.762138e-01 -2.168100e-01  0.000000e+00
   outer loop
     vertex  4.036603e+00  5.356048e+00  5.000000e+00
     vertex  4.036603e+00  5.356048e+00  0.000000e+00
     vertex  4.046968e+00  5.402716e+00  0.000000e+00
   endloop
 endfacet
 facet normal  9.817717e-01 -1.900640e-01  0.000000e+00
   outer loop
     vertex  4.027517e+00  5.309114e+00  5.000000e+00
     vertex  4.036603e+00  5.356048e+00  0.000000e+00
     vertex  4.036603e+00  5.356048e+00  5.000000e+00
   endloop
 endfacet
 facet normal  9.817717e-01 -1.900640e-01  0.000000e+00
   outer loop
     vertex  4.027517e+00  5.309114e+00  5.000000e+00
     vertex  4.027517e+00  5.309114e+00  0.000000e+00
     vertex  4.036603e+00  5.356048e+00  0.000000e+00
   endloop
 endfacet
 facet normal  9.865969e-01 -1.631762e-01  0.000000e+00
   outer loop
     vertex  4.027517e+00  5.309114e+00  5.000000e+00
     vertex  4.019716e+00  5.261949e+00  0.000000e+00
     vertex  4.027517e+00  5.309114e+00  0.000000e+00
   endloop
 endfacet
 facet normal  9.865969e-01 -1.631762e-01  0.000000e+00
   outer loop
     vertex  4.019716e+00  5.261949e+00  5.000000e+00
     vertex  4.019716e+00  5.261949e+00  0.000000e+00
     vertex  4.027517e+00  5.309114e+00  5.000000e+00
   endloop
 endfacet
 facet normal  9.906859e-01 -1.361666e-01  0.000000e+00
   outer loop
     vertex  4.013207e+00  5.214589e+00  5.000000e+00
     vertex  4.019716e+00  5.261949e+00  0.000000e+00
     vertex  4.019716e+00  5.261949e+00  5.000000e+00
   endloop
 endfacet
 facet normal  9.906859e-01 -1.361666e-01  0.000000e+00
   outer loop
     vertex  4.013207e+00  5.214589e+00  5.000000e+00
     vertex  4.013207e+00  5.214589e+00  0.000000e+00
     vertex  4.019716e+00  5.261949e+00  0.000000e+00
   endloop
 endfacet
 facet normal  9.940357e-01 -1.090555e-01  0.000000e+00
   outer loop
     vertex  4.013207e+00  5.214589e+00  5.000000e+00
     vertex  4.007993e+00  5.167069e+00  0.000000e+00
     vertex  4.013207e+00  5.214589e+00  0.000000e+00
   endloop
 endfacet
 facet normal  9.940357e-01 -1.090555e-01  0.000000e+00
   outer loop
     vertex  4.007993e+00  5.167069e+00  5.000000e+00
     vertex  4.007993e+00  5.167069e+00  0.000000e+00
     vertex  4.013207e+00  5.214589e+00  5.000000e+00
   endloop
 endfacet
 facet normal  9.966436e-01 -8.186288e-02  0.000000e+00
   outer loop
     vertex  4.004080e+00  5.119424e+00  5.000000e+00
     vertex  4.007993e+00  5.167069e+00  0.000000e+00
     vertex  4.007993e+00  5.167069e+00  5.000000e+00
   endloop
 endfacet
 facet normal  9.966436e-01 -8.186288e-02  0.000000e+00
   outer loop
     vertex  4.004080e+00  5.119424e+00  5.000000e+00
     vertex  4.004080e+00  5.119424e+00  0.000000e+00
     vertex  4.007993e+00  5.167069e+00  0.000000e+00
   endloop
 endfacet
 facet normal  9.985078e-01 -5.460922e-02  0.000000e+00
   outer loop
     vertex  4.001469e+00  5.071690e+00  5.000000e+00
     vertex  4.004080e+00  5.119424e+00  0.000000e+00
     vertex  4.004080e+00  5.119424e+00  5.000000e+00
   endloop
 endfacet
 facet normal  9.985078e-01 -5.460922e-02  0.000000e+00
   outer loop
     vertex  4.001469e+00  5.071690e+00  5.000000e+00
     vertex  4.001469e+00  5.071690e+00  0.000000e+00
     vertex  4.004080e+00  5.119424e+00  0.000000e+00
   endloop
 endfacet
 facet normal  9.996269e-01 -2.731480e-02  0.000000e+00
   outer loop
     vertex  4.001469e+00  5.071690e+00  5.000000e+00
     vertex  4.000163e+00  5.023903e+00  0.000000e+00
     vertex  4.001469e+00  5.071690e+00  0.000000e+00
   endloop
 endfacet
 facet normal  9.996269e-01 -2.731480e-02  0.000000e+00
   outer loop
     vertex  4.000163e+00  5.023903e+00  5.000000e+00
     vertex  4.000163e+00  5.023903e+00  0.000000e+00
     vertex  4.001469e+00  5.071690e+00  5.000000e+00
   endloop
 endfacet
 facet normal  1.000000e+00 -0.000000e+00  0.000000e+00
   outer loop
     vertex  4.000163e+00  4.976097e+00  5.000000e+00
     vertex  4.000163e+00  5.023903e+00  0.000000e+00
     vertex  4.000163e+00  5.023903e+00  5.000000e+00
   endloop
 endfacet
 facet normal  1.000000e+00  0.000000e+00  0.000000e+00
   outer loop
     vertex  4.000163e+00  4.976097e+00  5.000000e+00
     vertex  4.000163e+00  4.976097e+00  0.000000e+00
     vertex  4.000163e+00  5.023903e+00  0.000000e+00
   endloop
 endfacet
 facet normal  9.996269e-01  2.731480e-02  0.000000e+00
   outer loop
     vertex  4.001469e+00  4.928310e+00  5.000000e+00
     vertex  4.000163e+00  4.976097e+00  0.000000e+00
     vertex  4.000163e+00  4.976097e+00  5.000000e+00
   endloop
 endfacet
 facet normal  9.996269e-01  2.731480e-02  0.000000e+00
   outer loop
     vertex  4.001469e+00  4.928310e+00  5.000000e+00
     vertex  4.001469e+00  4.928310e+00  0.000000e+00
     vertex  4.000163e+00  4.976097e+00  0.000000e+00
   endloop
 endfacet
 facet normal  9.985078e-01  5.460922e-02  0.000000e+00
   outer loop
     vertex  4.004080e+00  4.880576e+00  5.000000e+00
     vertex  4.004080e+00  4.880576e+00  0.000000e+00
     vertex  4.001469e+00  4.928310e+00  0.000000e+00
   endloop
 endfacet
 facet normal  9.985078e-01  5.460922e-02  0.000000e+00
   outer loop
     vertex  4.004080e+00  4.880576e+00  5.000000e+00
     vertex  4.001469e+00  4.928310e+00  0.000000e+00
     vertex  4.001469e+00  4.928310e+00  5.000000e+00
   endloop
 endfacet
 facet normal  9.966436e-01  8.186288e-02  0.000000e+00
   outer loop
     vertex  4.007993e+00  4.832931e+00  5.000000e+00
     vertex  4.007993e+00  4.832931e+00  0.000000e+00
     vertex  4.004080e+00  4.880576e+00  0.000000e+00
   endloop
 endfacet
 facet normal  9.966436e-01  8.186288e-02  0.000000e+00
   outer loop
     vertex  4.007993e+00  4.832931e+00  5.000000e+00
     vertex  4.004080e+00  4.880576e+00  0.000000e+00
     vertex  4.004080e+00  4.880576e+00  5.000000e+00
   endloop
 endfacet
 facet normal  9.940357e-01  1.090555e-01  0.000000e+00
   outer loop
     vertex  4.013207e+00  4.785411e+00  5.000000e+00
     vertex  4.013207e+00  4.785411e+00  0.000000e+00
     vertex  4.007993e+00  4.832931e+00  0.000000e+00
   endloop
 endfacet
 facet normal  9.940357e-01  1.090555e-01  0.000000e+00
   outer loop
     vertex  4.013207e+00  4.785411e+00  5.000000e+00
     vertex  4.007993e+00  4.832931e+00  0.000000e+00
     vertex  4.007993e+00  4.832931e+00  5.000000e+00
   endloop
 endfacet
 facet normal  9.906859e-01  1.361666e-01  0.000000e+00
   outer loop
     vertex  4.019716e+00  4.738051e+00  5.000000e+00
     vertex  4.019716e+00  4.738051e+00  0.000000e+00
     vertex  4.013207e+00  4.785411e+00  0.000000e+00
   endloop
 endfacet
 facet normal  9.906859e-01  1.361666e-01  0.000000e+00
   outer loop
     vertex  4.019716e+00  4.738051e+00  5.000000e+00
     vertex  4.013207e+00  4.785411e+00  0.000000e+00
     vertex  4.013207e+00  4.785411e+00  5.000000e+00
   endloop
 endfacet
 facet normal  9.865969e-01  1.631762e-01  0.000000e+00
   outer loop
     vertex  4.027517e+00  4.690886e+00  5.000000e+00
     vertex  4.027517e+00  4.690886e+00  0.000000e+00
     vertex  4.019716e+00  4.738051e+00  0.000000e+00
   endloop
 endfacet
 facet normal  9.865969e-01  1.631762e-01  0.000000e+00
   outer loop
     vertex  4.027517e+00  4.690886e+00  5.000000e+00
     vertex  4.019716e+00  4.738051e+00  0.000000e+00
     vertex  4.019716e+00  4.738051e+00  5.000000e+00
   endloop
 endfacet
 facet normal  9.817717e-01  1.900640e-01  0.000000e+00
   outer loop
     vertex  4.036603e+00  4.643952e+00  5.000000e+00
     vertex  4.036603e+00  4.643952e+00  0.000000e+00
     vertex  4.027517e+00  4.690886e+00  0.000000e+00
   endloop
 endfacet
 facet normal  9.817717e-01  1.900640e-01  0.000000e+00
   outer loop
     vertex  4.036603e+00  4.643952e+00  5.000000e+00
     vertex  4.027517e+00  4.690886e+00  0.000000e+00
     vertex  4.027517e+00  4.690886e+00  5.000000e+00
   endloop
 endfacet
 facet normal  9.762138e-01  2.168100e-01  0.000000e+00
   outer loop
     vertex  4.046968e+00  4.597284e+00  5.000000e+00
     vertex  4.046968e+00  4.597284e+00  0.000000e+00
     vertex  4.036603e+00  4.643952e+00  0.000000e+00
   endloop
 endfacet
 facet normal  9.762138e-01  2.168100e-01  0.000000e+00
   outer loop
     vertex  4.046968e+00  4.597284e+00  5.000000e+00
     vertex  4.036603e+00  4.643952e+00  0.000000e+00
     vertex  4.036603e+00  4.643952e+00  5.000000e+00
   endloop
 endfacet
 facet normal  9.699274e-01  2.433942e-01  0.000000e+00
   outer loop
     vertex  4.058603e+00  4.550916e+00  5.000000e+00
     vertex  4.046968e+00  4.597284e+00  0.000000e+00
     vertex  4.046968e+00  4.597284e+00  5.000000e+00
   endloop
 endfacet
 facet normal  9.699274e-01  2.433942e-01  0.000000e+00
   outer loop
     vertex  4.058603e+00  4.550916e+00  5.000000e+00
     vertex  4.058603e+00  4.550916e+00  0.000000e+00
     vertex  4.046968e+00  4.597284e+00  0.000000e+00
   endloop
 endfacet
 facet normal  9.629173e-01  2.697968e-01  0.000000e+00
   outer loop
     vertex  4.071501e+00  4.504883e+00  5.000000e+00
     vertex  4.058603e+00  4.550916e+00  0.000000e+00
     vertex  4.058603e+00  4.550916e+00  5.000000e+00
   endloop
 endfacet
 facet normal  9.629173e-01  2.697968e-01  0.000000e+00
   outer loop
     vertex  4.071501e+00  4.504883e+00  5.000000e+00
     vertex  4.071501e+00  4.504883e+00  0.000000e+00
     vertex  4.058603e+00  4.550916e+00  0.000000e+00
   endloop
 endfacet
 facet normal  9.551886e-01  2.959980e-01  0.000000e+00
   outer loop
     vertex  4.071501e+00  4.504883e+00  5.000000e+00
     vertex  4.085651e+00  4.459220e+00  0.000000e+00
     vertex  4.071501e+00  4.504883e+00  0.000000e+00
   endloop
 endfacet
 facet normal  9.551886e-01  2.959980e-01  0.000000e+00
   outer loop
     vertex  4.085651e+00  4.459220e+00  5.000000e+00
     vertex  4.085651e+00  4.459220e+00  0.000000e+00
     vertex  4.071501e+00  4.504883e+00  5.000000e+00
   endloop
 endfacet
 facet normal  9.467470e-01  3.219783e-01  0.000000e+00
   outer loop
     vertex  4.101043e+00  4.413961e+00  5.000000e+00
     vertex  4.085651e+00  4.459220e+00  0.000000e+00
     vertex  4.085651e+00  4.459220e+00  5.000000e+00
   endloop
 endfacet
 facet normal  9.467470e-01  3.219783e-01  0.000000e+00
   outer loop
     vertex  4.101043e+00  4.413961e+00  5.000000e+00
     vertex  4.101043e+00  4.413961e+00  0.000000e+00
     vertex  4.085651e+00  4.459220e+00  0.000000e+00
   endloop
 endfacet
 facet normal  9.375990e-01  3.477184e-01  0.000000e+00
   outer loop
     vertex  4.117666e+00  4.369138e+00  5.000000e+00
     vertex  4.101043e+00  4.413961e+00  0.000000e+00
     vertex  4.101043e+00  4.413961e+00  5.000000e+00
   endloop
 endfacet
 facet normal  9.375990e-01  3.477184e-01  0.000000e+00
   outer loop
     vertex  4.117666e+00  4.369138e+00  5.000000e+00
     vertex  4.117666e+00  4.369138e+00  0.000000e+00
     vertex  4.101043e+00  4.413961e+00  0.000000e+00
   endloop
 endfacet
 facet normal  9.277513e-01  3.731990e-01  0.000000e+00
   outer loop
     vertex  4.135507e+00  4.324787e+00  5.000000e+00
     vertex  4.117666e+00  4.369138e+00  0.000000e+00
     vertex  4.117666e+00  4.369138e+00  5.000000e+00
   endloop
 endfacet
 facet normal  9.277513e-01  3.731990e-01  0.000000e+00
   outer loop
     vertex  4.135507e+00  4.324787e+00  5.000000e+00
     vertex  4.135507e+00  4.324787e+00  0.000000e+00
     vertex  4.117666e+00  4.369138e+00  0.000000e+00
   endloop
 endfacet
 facet normal  9.172113e-01  3.984011e-01  0.000000e+00
   outer loop
     vertex  4.154553e+00  4.280939e+00  5.000000e+00
     vertex  4.135507e+00  4.324787e+00  0.000000e+00
     vertex  4.135507e+00  4.324787e+00  5.000000e+00
   endloop
 endfacet
 facet normal  9.172113e-01  3.984011e-01  0.000000e+00
   outer loop
     vertex  4.154553e+00  4.280939e+00  5.000000e+00
     vertex  4.154553e+00  4.280939e+00  0.000000e+00
     vertex  4.135507e+00  4.324787e+00  0.000000e+00
   endloop
 endfacet
 facet normal  9.059868e-01  4.233059e-01  0.000000e+00
   outer loop
     vertex  4.174789e+00  4.237628e+00  5.000000e+00
     vertex  4.154553e+00  4.280939e+00  0.000000e+00
     vertex  4.154553e+00  4.280939e+00  5.000000e+00
   endloop
 endfacet
 facet normal  9.059868e-01  4.233059e-01  0.000000e+00
   outer loop
     vertex  4.174789e+00  4.237628e+00  5.000000e+00
     vertex  4.174789e+00  4.237628e+00  0.000000e+00
     vertex  4.154553e+00  4.280939e+00  0.000000e+00
   endloop
 endfacet
 facet normal  8.940863e-01  4.478948e-01  0.000000e+00
   outer loop
     vertex  4.174789e+00  4.237628e+00  5.000000e+00
     vertex  4.196201e+00  4.194886e+00  0.000000e+00
     vertex  4.174789e+00  4.237628e+00  0.000000e+00
   endloop
 endfacet
 facet normal  8.940863e-01  4.478948e-01  0.000000e+00
   outer loop
     vertex  4.196201e+00  4.194886e+00  5.000000e+00
     vertex  4.196201e+00  4.194886e+00  0.000000e+00
     vertex  4.174789e+00  4.237628e+00  5.000000e+00
   endloop
 endfacet
 facet normal  8.815185e-01  4.721495e-01  0.000000e+00
   outer loop
     vertex  4.218772e+00  4.152745e+00  5.000000e+00
     vertex  4.196201e+00  4.194886e+00  0.000000e+00
     vertex  4.196201e+00  4.194886e+00  5.000000e+00
   endloop
 endfacet
 facet normal  8.815185e-01  4.721495e-01  0.000000e+00
   outer loop
     vertex  4.218772e+00  4.152745e+00  5.000000e+00
     vertex  4.218772e+00  4.152745e+00  0.000000e+00
     vertex  4.196201e+00  4.194886e+00  0.000000e+00
   endloop
 endfacet
 facet normal  8.682929e-01  4.960518e-01  0.000000e+00
   outer loop
     vertex  4.242486e+00  4.111236e+00  5.000000e+00
     vertex  4.218772e+00  4.152745e+00  0.000000e+00
     vertex  4.218772e+00  4.152745e+00  5.000000e+00
   endloop
 endfacet
 facet normal  8.682929e-01  4.960518e-01  0.000000e+00
   outer loop
     vertex  4.242486e+00  4.111236e+00  5.000000e+00
     vertex  4.242486e+00  4.111236e+00  0.000000e+00
     vertex  4.218772e+00  4.152745e+00  0.000000e+00
   endloop
 endfacet
 facet normal  8.544194e-01  5.195840e-01  0.000000e+00
   outer loop
     vertex  4.267325e+00  4.070390e+00  5.000000e+00
     vertex  4.242486e+00  4.111236e+00  0.000000e+00
     vertex  4.242486e+00  4.111236e+00  5.000000e+00
   endloop
 endfacet
 facet normal  8.544194e-01  5.195840e-01  0.000000e+00
   outer loop
     vertex  4.267325e+00  4.070390e+00  5.000000e+00
     vertex  4.267325e+00  4.070390e+00  0.000000e+00
     vertex  4.242486e+00  4.111236e+00  0.000000e+00
   endloop
 endfacet
 facet normal  8.399083e-01  5.427284e-01  0.000000e+00
   outer loop
     vertex  4.293270e+00  4.030238e+00  5.000000e+00
     vertex  4.267325e+00  4.070390e+00  0.000000e+00
     vertex  4.267325e+00  4.070390e+00  5.000000e+00
   endloop
 endfacet
 facet normal  8.399083e-01  5.427284e-01  0.000000e+00
   outer loop
     vertex  4.293270e+00  4.030238e+00  5.000000e+00
     vertex  4.293270e+00  4.030238e+00  0.000000e+00
     vertex  4.267325e+00  4.070390e+00  0.000000e+00
   endloop
 endfacet
 facet normal  8.247704e-01  5.654678e-01  0.000000e+00
   outer loop
     vertex  4.293270e+00  4.030238e+00  5.000000e+00
     vertex  4.320303e+00  3.990809e+00  0.000000e+00
     vertex  4.293270e+00  4.030238e+00  0.000000e+00
   endloop
 endfacet
 facet normal  8.247704e-01  5.654678e-01  0.000000e+00
   outer loop
     vertex  4.320303e+00  3.990809e+00  5.000000e+00
     vertex  4.320303e+00  3.990809e+00  0.000000e+00
     vertex  4.293270e+00  4.030238e+00  5.000000e+00
   endloop
 endfacet
 facet normal  8.090170e-01  5.877853e-01  0.000000e+00
   outer loop
     vertex  4.348402e+00  3.952134e+00  5.000000e+00
     vertex  4.320303e+00  3.990809e+00  0.000000e+00
     vertex  4.320303e+00  3.990809e+00  5.000000e+00
   endloop
 endfacet
 facet normal  8.090170e-01  5.877853e-01  0.000000e+00
   outer loop
     vertex  4.348402e+00  3.952134e+00  5.000000e+00
     vertex  4.348402e+00  3.952134e+00  0.000000e+00
     vertex  4.320303e+00  3.990809e+00  0.000000e+00
   endloop
 endfacet
 facet normal  7.926599e-01  6.096641e-01  0.000000e+00
   outer loop
     vertex  4.377547e+00  3.914241e+00  5.000000e+00
     vertex  4.348402e+00  3.952134e+00  0.000000e+00
     vertex  4.348402e+00  3.952134e+00  5.000000e+00
   endloop
 endfacet
 facet normal  7.926599e-01  6.096641e-01  0.000000e+00
   outer loop
     vertex  4.377547e+00  3.914241e+00  5.000000e+00
     vertex  4.377547e+00  3.914241e+00  0.000000e+00
     vertex  4.348402e+00  3.952134e+00  0.000000e+00
   endloop
 endfacet
 facet normal  7.757113e-01  6.310879e-01  0.000000e+00
   outer loop
     vertex  4.407717e+00  3.877158e+00  5.000000e+00
     vertex  4.377547e+00  3.914241e+00  0.000000e+00
     vertex  4.377547e+00  3.914241e+00  5.000000e+00
   endloop
 endfacet
 facet normal  7.757113e-01  6.310879e-01  0.000000e+00
   outer loop
     vertex  4.407717e+00  3.877158e+00  5.000000e+00
     vertex  4.407717e+00  3.877158e+00  0.000000e+00
     vertex  4.377547e+00  3.914241e+00  0.000000e+00
   endloop
 endfacet
 facet normal  7.581838e-01  6.520409e-01  0.000000e+00
   outer loop
     vertex  4.438888e+00  3.840912e+00  5.000000e+00
     vertex  4.407717e+00  3.877158e+00  0.000000e+00
     vertex  4.407717e+00  3.877158e+00  5.000000e+00
   endloop
 endfacet
 facet normal  7.581838e-01  6.520409e-01  0.000000e+00
   outer loop
     vertex  4.438888e+00  3.840912e+00  5.000000e+00
     vertex  4.438888e+00  3.840912e+00  0.000000e+00
     vertex  4.407717e+00  3.877158e+00  0.000000e+00
   endloop
 endfacet
 facet normal  7.400906e-01  6.725072e-01  0.000000e+00
   outer loop
     vertex  4.438888e+00  3.840912e+00  5.000000e+00
     vertex  4.471037e+00  3.805532e+00  0.000000e+00
     vertex  4.438888e+00  3.840912e+00  0.000000e+00
   endloop
 endfacet
 facet normal  7.400906e-01  6.725072e-01  0.000000e+00
   outer loop
     vertex  4.471037e+00  3.805532e+00  5.000000e+00
     vertex  4.471037e+00  3.805532e+00  0.000000e+00
     vertex  4.438888e+00  3.840912e+00  5.000000e+00
   endloop
 endfacet
 facet normal  7.214450e-01  6.924717e-01  0.000000e+00
   outer loop
     vertex  4.504141e+00  3.771043e+00  5.000000e+00
     vertex  4.504141e+00  3.771043e+00  0.000000e+00
     vertex  4.471037e+00  3.805532e+00  0.000000e+00
   endloop
 endfacet
 facet normal  7.214450e-01  6.924717e-01  0.000000e+00
   outer loop
     vertex  4.504141e+00  3.771043e+00  5.000000e+00
     vertex  4.471037e+00  3.805532e+00  0.000000e+00
     vertex  4.471037e+00  3.805532e+00  5.000000e+00
   endloop
 endfacet
 facet normal  7.022611e-01  7.119195e-01  0.000000e+00
   outer loop
     vertex  4.538174e+00  3.737471e+00  5.000000e+00
     vertex  4.538174e+00  3.737471e+00  0.000000e+00
     vertex  4.504141e+00  3.771043e+00  0.000000e+00
   endloop
 endfacet
 facet normal  7.022611e-01  7.119195e-01  0.000000e+00
   outer loop
     vertex  4.538174e+00  3.737471e+00  5.000000e+00
     vertex  4.504141e+00  3.771043e+00  0.000000e+00
     vertex  4.504141e+00  3.771043e+00  5.000000e+00
   endloop
 endfacet
 facet normal  6.825531e-01  7.308360e-01  0.000000e+00
   outer loop
     vertex  4.573112e+00  3.704842e+00  5.000000e+00
     vertex  4.573112e+00  3.704842e+00  0.000000e+00
     vertex  4.538174e+00  3.737471e+00  0.000000e+00
   endloop
 endfacet
 facet normal  6.825531e-01  7.308360e-01  0.000000e+00
   outer loop
     vertex  4.573112e+00  3.704842e+00  5.000000e+00
     vertex  4.538174e+00  3.737471e+00  0.000000e+00
     vertex  4.538174e+00  3.737471e+00  5.000000e+00
   endloop
 endfacet
 facet normal  6.623358e-01  7.492071e-01  0.000000e+00
   outer loop
     vertex  4.608928e+00  3.673178e+00  5.000000e+00
     vertex  4.608928e+00  3.673178e+00  0.000000e+00
     vertex  4.573112e+00  3.704842e+00  0.000000e+00
   endloop
 endfacet
 facet normal  6.623358e-01  7.492071e-01  0.000000e+00
   outer loop
     vertex  4.608928e+00  3.673178e+00  5.000000e+00
     vertex  4.573112e+00  3.704842e+00  0.000000e+00
     vertex  4.573112e+00  3.704842e+00  5.000000e+00
   endloop
 endfacet
 facet normal  6.416243e-01  7.670191e-01  0.000000e+00
   outer loop
     vertex  4.645596e+00  3.642505e+00  5.000000e+00
     vertex  4.645596e+00  3.642505e+00  0.000000e+00
     vertex  4.608928e+00  3.673178e+00  0.000000e+00
   endloop
 endfacet
 facet normal  6.204339e-01  7.842588e-01  0.000000e+00
   outer loop
     vertex  4.645596e+00  3.642505e+00  5.000000e+00
     vertex  4.683088e+00  3.612845e+00  0.000000e+00
     vertex  4.645596e+00  3.642505e+00  0.000000e+00
   endloop
 endfacet
 facet normal  6.416243e-01  7.670191e-01  0.000000e+00
   outer loop
     vertex  4.645596e+00  3.642505e+00  5.000000e+00
     vertex  4.608928e+00  3.673178e+00  0.000000e+00
     vertex  4.608928e+00  3.673178e+00  5.000000e+00
   endloop
 endfacet
 facet normal  6.204339e-01  7.842588e-01  0.000000e+00
   outer loop
     vertex  4.683088e+00  3.612845e+00  5.000000e+00
     vertex  4.683088e+00  3.612845e+00  0.000000e+00
     vertex  4.645596e+00  3.642505e+00  5.000000e+00
   endloop
 endfacet
 facet normal  5.987805e-01  8.009132e-01  0.000000e+00
   outer loop
     vertex  4.721376e+00  3.584220e+00  5.000000e+00
     vertex  4.683088e+00  3.612845e+00  0.000000e+00
     vertex  4.683088e+00  3.612845e+00  5.000000e+00
   endloop
 endfacet
 facet normal  5.987805e-01  8.009132e-01  0.000000e+00
   outer loop
     vertex  4.721376e+00  3.584220e+00  5.000000e+00
     vertex  4.721376e+00  3.584220e+00  0.000000e+00
     vertex  4.683088e+00  3.612845e+00  0.000000e+00
   endloop
 endfacet
 facet normal  5.766803e-01  8.169699e-01  0.000000e+00
   outer loop
     vertex  4.760431e+00  3.556652e+00  5.000000e+00
     vertex  4.721376e+00  3.584220e+00  0.000000e+00
     vertex  4.721376e+00  3.584220e+00  5.000000e+00
   endloop
 endfacet
 facet normal  5.766803e-01  8.169699e-01  0.000000e+00
   outer loop
     vertex  4.760431e+00  3.556652e+00  5.000000e+00
     vertex  4.760431e+00  3.556652e+00  0.000000e+00
     vertex  4.721376e+00  3.584220e+00  0.000000e+00
   endloop
 endfacet
 facet normal  5.541498e-01  8.324170e-01  0.000000e+00
   outer loop
     vertex  4.800225e+00  3.530161e+00  5.000000e+00
     vertex  4.800225e+00  3.530161e+00  0.000000e+00
     vertex  4.760431e+00  3.556652e+00  0.000000e+00
   endloop
 endfacet
 facet normal  5.541498e-01  8.324170e-01  0.000000e+00
   outer loop
     vertex  4.800225e+00  3.530161e+00  5.000000e+00
     vertex  4.760431e+00  3.556652e+00  0.000000e+00
     vertex  4.760431e+00  3.556652e+00  5.000000e+00
   endloop
 endfacet
 facet normal  5.312057e-01  8.472429e-01  0.000000e+00
   outer loop
     vertex  4.840728e+00  3.504766e+00  5.000000e+00
     vertex  4.840728e+00  3.504766e+00  0.000000e+00
     vertex  4.800225e+00  3.530161e+00  0.000000e+00
   endloop
 endfacet
 facet normal  5.312057e-01  8.472429e-01  0.000000e+00
   outer loop
     vertex  4.840728e+00  3.504766e+00  5.000000e+00
     vertex  4.800225e+00  3.530161e+00  0.000000e+00
     vertex  4.800225e+00  3.530161e+00  5.000000e+00
   endloop
 endfacet
 facet normal  5.078652e-01  8.614365e-01  0.000000e+00
   outer loop
     vertex  4.840728e+00  3.504766e+00  5.000000e+00
     vertex  4.881909e+00  3.480487e+00  0.000000e+00
     vertex  4.840728e+00  3.504766e+00  0.000000e+00
   endloop
 endfacet
 facet normal  4.841458e-01  8.749873e-01  0.000000e+00
   outer loop
     vertex  4.881909e+00  3.480487e+00  5.000000e+00
     vertex  4.923738e+00  3.457343e+00  0.000000e+00
     vertex  4.881909e+00  3.480487e+00  0.000000e+00
   endloop
 endfacet
 facet normal  5.078652e-01  8.614365e-01  0.000000e+00
   outer loop
     vertex  4.881909e+00  3.480487e+00  5.000000e+00
     vertex  4.881909e+00  3.480487e+00  0.000000e+00
     vertex  4.840728e+00  3.504766e+00  5.000000e+00
   endloop
 endfacet
 facet normal  4.841458e-01  8.749873e-01  0.000000e+00
   outer loop
     vertex  4.923738e+00  3.457343e+00  5.000000e+00
     vertex  4.923738e+00  3.457343e+00  0.000000e+00
     vertex  4.881909e+00  3.480487e+00  5.000000e+00
   endloop
 endfacet
 facet normal  4.600650e-01  8.878852e-01  0.000000e+00
   outer loop
     vertex  4.966184e+00  3.435349e+00  5.000000e+00
     vertex  4.966184e+00  3.435349e+00  0.000000e+00
     vertex  4.923738e+00  3.457343e+00  0.000000e+00
   endloop
 endfacet
 facet normal  4.600650e-01  8.878852e-01  0.000000e+00
   outer loop
     vertex  4.966184e+00  3.435349e+00  5.000000e+00
     vertex  4.923738e+00  3.457343e+00  0.000000e+00
     vertex  4.923738e+00  3.457343e+00  5.000000e+00
   endloop
 endfacet
 facet normal  4.356410e-01  9.001205e-01  0.000000e+00
   outer loop
     vertex  5.009215e+00  3.414523e+00  5.000000e+00
     vertex  5.009215e+00  3.414523e+00  0.000000e+00
     vertex  4.966184e+00  3.435349e+00  0.000000e+00
   endloop
 endfacet
 facet normal  4.356410e-01  9.001205e-01  0.000000e+00
   outer loop
     vertex  5.009215e+00  3.414523e+00  5.000000e+00
     vertex  4.966184e+00  3.435349e+00  0.000000e+00
     vertex  4.966184e+00  3.435349e+00  5.000000e+00
   endloop
 endfacet
 facet normal  4.108918e-01  9.116841e-01  0.000000e+00
   outer loop
     vertex  5.052798e+00  3.394880e+00  5.000000e+00
     vertex  5.052798e+00  3.394880e+00  0.000000e+00
     vertex  5.009215e+00  3.414523e+00  0.000000e+00
   endloop
 endfacet
 facet normal  4.108918e-01  9.116841e-01  0.000000e+00
   outer loop
     vertex  5.052798e+00  3.394880e+00  5.000000e+00
     vertex  5.009215e+00  3.414523e+00  0.000000e+00
     vertex  5.009215e+00  3.414523e+00  5.000000e+00
   endloop
 endfacet
 facet normal  3.858360e-01  9.225674e-01  0.000000e+00
   outer loop
     vertex  5.096902e+00  3.376435e+00  5.000000e+00
     vertex  5.096902e+00  3.376435e+00  0.000000e+00
     vertex  5.052798e+00  3.394880e+00  0.000000e+00
   endloop
 endfacet
 facet normal  3.858360e-01  9.225674e-01  0.000000e+00
   outer loop
     vertex  5.096902e+00  3.376435e+00  5.000000e+00
     vertex  5.052798e+00  3.394880e+00  0.000000e+00
     vertex  5.052798e+00  3.394880e+00  5.000000e+00
   endloop
 endfacet
 facet normal  3.604923e-01  9.327622e-01  0.000000e+00
   outer loop
     vertex  5.141493e+00  3.359202e+00  5.000000e+00
     vertex  5.141493e+00  3.359202e+00  0.000000e+00
     vertex  5.096902e+00  3.376435e+00  0.000000e+00
   endloop
 endfacet
 facet normal  3.604923e-01  9.327622e-01  0.000000e+00
   outer loop
     vertex  5.141493e+00  3.359202e+00  5.000000e+00
     vertex  5.096902e+00  3.376435e+00  0.000000e+00
     vertex  5.096902e+00  3.376435e+00  5.000000e+00
   endloop
 endfacet
 facet normal  3.348796e-01  9.422609e-01  0.000000e+00
   outer loop
     vertex  5.186538e+00  3.343193e+00  5.000000e+00
     vertex  5.186538e+00  3.343193e+00  0.000000e+00
     vertex  5.141493e+00  3.359202e+00  0.000000e+00
   endloop
 endfacet
 facet normal  3.348796e-01  9.422609e-01  0.000000e+00
   outer loop
     vertex  5.186538e+00  3.343193e+00  5.000000e+00
     vertex  5.141493e+00  3.359202e+00  0.000000e+00
     vertex  5.141493e+00  3.359202e+00  5.000000e+00
   endloop
 endfacet
 facet normal  3.090170e-01  9.510565e-01  0.000000e+00
   outer loop
     vertex  5.232004e+00  3.328420e+00  5.000000e+00
     vertex  5.232004e+00  3.328420e+00  0.000000e+00
     vertex  5.186538e+00  3.343193e+00  0.000000e+00
   endloop
 endfacet
 facet normal  3.090170e-01  9.510565e-01  0.000000e+00
   outer loop
     vertex  5.232004e+00  3.328420e+00  5.000000e+00
     vertex  5.186538e+00  3.343193e+00  0.000000e+00
     vertex  5.186538e+00  3.343193e+00  5.000000e+00
   endloop
 endfacet
 facet normal  2.829238e-01  9.591424e-01  0.000000e+00
   outer loop
     vertex  5.277856e+00  3.314895e+00  5.000000e+00
     vertex  5.277856e+00  3.314895e+00  0.000000e+00
     vertex  5.232004e+00  3.328420e+00  0.000000e+00
   endloop
 endfacet
 facet normal  2.829238e-01  9.591424e-01  0.000000e+00
   outer loop
     vertex  5.277856e+00  3.314895e+00  5.000000e+00
     vertex  5.232004e+00  3.328420e+00  0.000000e+00
     vertex  5.232004e+00  3.328420e+00  5.000000e+00
   endloop
 endfacet
 facet normal  2.566194e-01  9.665125e-01  0.000000e+00
   outer loop
     vertex  5.324060e+00  3.302627e+00  5.000000e+00
     vertex  5.324060e+00  3.302627e+00  0.000000e+00
     vertex  5.277856e+00  3.314895e+00  0.000000e+00
   endloop
 endfacet
 facet normal  2.301236e-01  9.731614e-01  0.000000e+00
   outer loop
     vertex  5.324060e+00  3.302627e+00  5.000000e+00
     vertex  5.370582e+00  3.291626e+00  0.000000e+00
     vertex  5.324060e+00  3.302627e+00  0.000000e+00
   endloop
 endfacet
 facet normal  2.566194e-01  9.665125e-01  0.000000e+00
   outer loop
     vertex  5.324060e+00  3.302627e+00  5.000000e+00
     vertex  5.277856e+00  3.314895e+00  0.000000e+00
     vertex  5.277856e+00  3.314895e+00  5.000000e+00
   endloop
 endfacet
 facet normal  2.301236e-01  9.731614e-01  0.000000e+00
   outer loop
     vertex  5.370582e+00  3.291626e+00  5.000000e+00
     vertex  5.370582e+00  3.291626e+00  0.000000e+00
     vertex  5.324060e+00  3.302627e+00  5.000000e+00
   endloop
 endfacet
 facet normal  2.034560e-01  9.790841e-01  0.000000e+00
   outer loop
     vertex  5.370582e+00  3.291626e+00  5.000000e+00
     vertex  5.417388e+00  3.281900e+00  0.000000e+00
     vertex  5.370582e+00  3.291626e+00  0.000000e+00
   endloop
 endfacet
 facet normal  1.766366e-01  9.842761e-01  0.000000e+00
   outer loop
     vertex  5.417388e+00  3.281900e+00  5.000000e+00
     vertex  5.464442e+00  3.273455e+00  0.000000e+00
     vertex  5.417388e+00  3.281900e+00  0.000000e+00
   endloop
 endfacet
 facet normal  2.034560e-01  9.790841e-01  0.000000e+00
   outer loop
     vertex  5.417388e+00  3.281900e+00  5.000000e+00
     vertex  5.417388e+00  3.281900e+00  0.000000e+00
     vertex  5.370582e+00  3.291626e+00  5.000000e+00
   endloop
 endfacet
 facet normal  1.766366e-01  9.842761e-01  0.000000e+00
   outer loop
     vertex  5.464442e+00  3.273455e+00  5.000000e+00
     vertex  5.464442e+00  3.273455e+00  0.000000e+00
     vertex  5.417388e+00  3.281900e+00  5.000000e+00
   endloop
 endfacet
 facet normal  1.496854e-01  9.887337e-01  0.000000e+00
   outer loop
     vertex  5.511708e+00  3.266300e+00  5.000000e+00
     vertex  5.511708e+00  3.266300e+00  0.000000e+00
     vertex  5.464442e+00  3.273455e+00  0.000000e+00
   endloop
 endfacet
 facet normal  1.226225e-01  9.924534e-01  0.000000e+00
   outer loop
     vertex  5.511708e+00  3.266300e+00  5.000000e+00
     vertex  5.559153e+00  3.260438e+00  0.000000e+00
     vertex  5.511708e+00  3.266300e+00  0.000000e+00
   endloop
 endfacet
 facet normal  1.496854e-01  9.887337e-01  0.000000e+00
   outer loop
     vertex  5.511708e+00  3.266300e+00  5.000000e+00
     vertex  5.464442e+00  3.273455e+00  0.000000e+00
     vertex  5.464442e+00  3.273455e+00  5.000000e+00
   endloop
 endfacet
 facet normal  1.226225e-01  9.924534e-01  0.000000e+00
   outer loop
     vertex  5.559153e+00  3.260438e+00  5.000000e+00
     vertex  5.559153e+00  3.260438e+00  0.000000e+00
     vertex  5.511708e+00  3.266300e+00  5.000000e+00
   endloop
 endfacet
 facet normal  9.546807e-02  9.954325e-01  0.000000e+00
   outer loop
     vertex  5.606740e+00  3.255874e+00  5.000000e+00
     vertex  5.606740e+00  3.255874e+00  0.000000e+00
     vertex  5.559153e+00  3.260438e+00  0.000000e+00
   endloop
 endfacet
 facet normal  9.546807e-02  9.954325e-01  0.000000e+00
   outer loop
     vertex  5.606740e+00  3.255874e+00  5.000000e+00
     vertex  5.559153e+00  3.260438e+00  0.000000e+00
     vertex  5.559153e+00  3.260438e+00  5.000000e+00
   endloop
 endfacet
 facet normal  6.824241e-02  9.976688e-01  0.000000e+00
   outer loop
     vertex  5.654434e+00  3.252611e+00  5.000000e+00
     vertex  5.654434e+00  3.252611e+00  0.000000e+00
     vertex  5.606740e+00  3.255874e+00  0.000000e+00
   endloop
 endfacet
 facet normal  4.096583e-02  9.991605e-01  0.000000e+00
   outer loop
     vertex  5.654434e+00  3.252611e+00  5.000000e+00
     vertex  5.702199e+00  3.250653e+00  0.000000e+00
     vertex  5.654434e+00  3.252611e+00  0.000000e+00
   endloop
 endfacet
 facet normal  6.824241e-02  9.976688e-01  0.000000e+00
   outer loop
     vertex  5.654434e+00  3.252611e+00  5.000000e+00
     vertex  5.606740e+00  3.255874e+00  0.000000e+00
     vertex  5.606740e+00  3.255874e+00  5.000000e+00
   endloop
 endfacet
 facet normal  4.096583e-02  9.991605e-01  0.000000e+00
   outer loop
     vertex  5.702199e+00  3.250653e+00  5.000000e+00
     vertex  5.702199e+00  3.250653e+00  0.000000e+00
     vertex  5.654434e+00  3.252611e+00  5.000000e+00
   endloop
 endfacet
 facet normal  1.365867e-02  9.999067e-01  0.000000e+00
   outer loop
     vertex  5.750000e+00  3.250000e+00  5.000000e+00
     vertex  5.750000e+00  3.250000e+00  0.000000e+00
     vertex  5.702199e+00  3.250653e+00  0.000000e+00
   endloop
 endfacet
 facet normal  1.365867e-02  9.999067e-01  0.000000e+00
   outer loop
     vertex  5.750000e+00  3.250000e+00  5.000000e+00
     vertex  5.702199e+00  3.250653e+00  0.000000e+00
     vertex  5.702199e+00  3.250653e+00  5.000000e+00
   endloop
 endfacet
 facet normal  0.000000e+00 -1.000000e+00 -0.000000e+00
   outer loop
     vertex  2.425000e+01  6.750000e+00  5.000000e+00
     vertex  5.750000e+00  6.750000e+00  0.000000e+00
     vertex  2.425000e+01  6.750000e+00  0.000000e+00
   endloop
 endfacet
 facet normal -0.000000e+00 -1.000000e+00  0.000000e+00
   outer loop
     vertex  2.425000e+01  6.750000e+00  5.000000e+00
     vertex  5.750000e+00  6.750000e+00  5.000000e+00
     vertex  5.750000e+00  6.750000e+00  0.000000e+00
   endloop
 endfacet
 facet normal  0.000000e+00  1.000000e+00  0.000000e+00
   outer loop
     vertex  2.425000e+01  3.250000e+00  5.000000e+00
     vertex  2.425000e+01  3.250000e+00  0.000000e+00
     vertex  5.750000e+00  3.250000e+00  0.000000e+00
   endloop
 endfacet
 facet normal  0.000000e+00  1.000000e+00  0.000000e+00
   outer loop
     vertex  2.425000e+01  3.250000e+00  5.000000e+00
     vertex  5.750000e+00  3.250000e+00  0.000000e+00
     vertex  5.750000e+00  3.250000e+00  5.000000e+00
   endloop
 endfacet
 facet normal  1.365867e-02 -9.999067e-01  0.000000e+00
   outer loop
     vertex  3.970220e+01  6.749347e+00  5.000000e+00
     vertex  3.975000e+01  6.750000e+00  0.000000e+00
     vertex  3.975000e+01  6.750000e+00  5.000000e+00
   endloop
 endfacet
 facet normal  1.365867e-02 -9.999067e-01  0.000000e+00
   outer loop
     vertex  3.970220e+01  6.749347e+00  5.000000e+00
     vertex  3.970220e+01  6.749347e+00  0.000000e+00
     vertex  3.975000e+01  6.750000e+00  0.000000e+00
   endloop
 endfacet
 facet normal  4.096583e-02 -9.991605e-01  0.000000e+00
   outer loop
     vertex  3.965443e+01  6.747389e+00  5.000000e+00
     vertex  3.965443e+01  6.747389e+00  0.000000e+00
     vertex  3.970220e+01  6.749347e+00  0.000000e+00
   endloop
 endfacet
 facet normal  4.096583e-02 -9.991605e-01  0.000000e+00
   outer loop
     vertex  3.965443e+01  6.747389e+00  5.000000e+00
     vertex  3.970220e+01  6.749347e+00  0.000000e+00
     vertex  3.970220e+01  6.749347e+00  5.000000e+00
   endloop
 endfacet
 facet normal  6.824241e-02 -9.976688e-01  0.000000e+00
   outer loop
     vertex  3.960674e+01  6.744126e+00  5.000000e+00
     vertex  3.960674e+01  6.744126e+00  0.000000e+00
     vertex  3.965443e+01  6.747389e+00  0.000000e+00
   endloop
 endfacet
 facet normal  6.824241e-02 -9.976688e-01  0.000000e+00
   outer loop
     vertex  3.960674e+01  6.744126e+00  5.000000e+00
     vertex  3.965443e+01  6.747389e+00  0.000000e+00
     vertex  3.965443e+01  6.747389e+00  5.000000e+00
   endloop
 endfacet
 facet normal  9.546807e-02 -9.954325e-01  0.000000e+00
   outer loop
     vertex  3.955915e+01  6.739562e+00  5.000000e+00
     vertex  3.955915e+01  6.739562e+00  0.000000e+00
     vertex  3.960674e+01  6.744126e+00  0.000000e+00
   endloop
 endfacet
 facet normal  9.546807e-02 -9.954325e-01  0.000000e+00
   outer loop
     vertex  3.955915e+01  6.739562e+00  5.000000e+00
     vertex  3.960674e+01  6.744126e+00  0.000000e+00
     vertex  3.960674e+01  6.744126e+00  5.000000e+00
   endloop
 endfacet
 facet normal  1.226225e-01 -9.924534e-01  0.000000e+00
   outer loop
     vertex  3.951171e+01  6.733700e+00  5.000000e+00
     vertex  3.951171e+01  6.733700e+00  0.000000e+00
     vertex  3.955915e+01  6.739562e+00  0.000000e+00
   endloop
 endfacet
 facet normal  1.226225e-01 -9.924534e-01  0.000000e+00
   outer loop
     vertex  3.951171e+01  6.733700e+00  5.000000e+00
     vertex  3.955915e+01  6.739562e+00  0.000000e+00
     vertex  3.955915e+01  6.739562e+00  5.000000e+00
   endloop
 endfacet
 facet normal  1.496854e-01 -9.887337e-01  0.000000e+00
   outer loop
     vertex  3.946444e+01  6.726545e+00  5.000000e+00
     vertex  3.946444e+01  6.726545e+00  0.000000e+00
     vertex  3.951171e+01  6.733700e+00  0.000000e+00
   endloop
 endfacet
 facet normal  1.496854e-01 -9.887337e-01  0.000000e+00
   outer loop
     vertex  3.946444e+01  6.726545e+00  5.000000e+00
     vertex  3.951171e+01  6.733700e+00  0.000000e+00
     vertex  3.951171e+01  6.733700e+00  5.000000e+00
   endloop
 endfacet
 facet normal  1.766366e-01 -9.842761e-01  0.000000e+00
   outer loop
     vertex  3.941739e+01  6.718100e+00  5.000000e+00
     vertex  3.941739e+01  6.718100e+00  0.000000e+00
     vertex  3.946444e+01  6.726545e+00  0.000000e+00
   endloop
 endfacet
 facet normal  1.766366e-01 -9.842761e-01  0.000000e+00
   outer loop
     vertex  3.941739e+01  6.718100e+00  5.000000e+00
     vertex  3.946444e+01  6.726545e+00  0.000000e+00
     vertex  3.946444e+01  6.726545e+00  5.000000e+00
   endloop
 endfacet
 facet normal  2.034560e-01 -9.790841e-01  0.000000e+00
   outer loop
     vertex  3.937058e+01  6.708374e+00  5.000000e+00
     vertex  3.937058e+01  6.708374e+00  0.000000e+00
     vertex  3.941739e+01  6.718100e+00  0.000000e+00
   endloop
 endfacet
 facet normal  2.301236e-01 -9.731614e-01  0.000000e+00
   outer loop
     vertex  3.937058e+01  6.708374e+00  5.000000e+00
     vertex  3.932406e+01  6.697373e+00  0.000000e+00
     vertex  3.937058e+01  6.708374e+00  0.000000e+00
   endloop
 endfacet
 facet normal  2.034560e-01 -9.790841e-01  0.000000e+00
   outer loop
     vertex  3.937058e+01  6.708374e+00  5.000000e+00
     vertex  3.941739e+01  6.718100e+00  0.000000e+00
     vertex  3.941739e+01  6.718100e+00  5.000000e+00
   endloop
 endfacet
 facet normal  2.301236e-01 -9.731614e-01  0.000000e+00
   outer loop
     vertex  3.932406e+01  6.697373e+00  5.000000e+00
     vertex  3.932406e+01  6.697373e+00  0.000000e+00
     vertex  3.937058e+01  6.708374e+00  5.000000e+00
   endloop
 endfacet
 facet normal  2.566194e-01 -9.665125e-01  0.000000e+00
   outer loop
     vertex  3.927786e+01  6.685105e+00  5.000000e+00
     vertex  3.927786e+01  6.685105e+00  0.000000e+00
     vertex  3.932406e+01  6.697373e+00  0.000000e+00
   endloop
 endfacet
 facet normal  2.566194e-01 -9.665125e-01  0.000000e+00
   outer loop
     vertex  3.927786e+01  6.685105e+00  5.000000e+00
     vertex  3.932406e+01  6.697373e+00  0.000000e+00
     vertex  3.932406e+01  6.697373e+00  5.000000e+00
   endloop
 endfacet
 facet normal  2.829238e-01 -9.591424e-01  0.000000e+00
   outer loop
     vertex  3.923200e+01  6.671580e+00  5.000000e+00
     vertex  3.923200e+01  6.671580e+00  0.000000e+00
     vertex  3.927786e+01  6.685105e+00  0.000000e+00
   endloop
 endfacet
 facet normal  3.090170e-01 -9.510565e-01  0.000000e+00
   outer loop
     vertex  3.923200e+01  6.671580e+00  5.000000e+00
     vertex  3.918654e+01  6.656807e+00  0.000000e+00
     vertex  3.923200e+01  6.671580e+00  0.000000e+00
   endloop
 endfacet
 facet normal  2.829238e-01 -9.591424e-01  0.000000e+00
   outer loop
     vertex  3.923200e+01  6.671580e+00  5.000000e+00
     vertex  3.927786e+01  6.685105e+00  0.000000e+00
     vertex  3.927786e+01  6.685105e+00  5.000000e+00
   endloop
 endfacet
 facet normal  3.090170e-01 -9.510565e-01  0.000000e+00
   outer loop
     vertex  3.918654e+01  6.656807e+00  5.000000e+00
     vertex  3.918654e+01  6.656807e+00  0.000000e+00
     vertex  3.923200e+01  6.671580e+00  5.000000e+00
   endloop
 endfacet
 facet normal  3.348796e-01 -9.422609e-01  0.000000e+00
   outer loop
     vertex  3.914149e+01  6.640798e+00  5.000000e+00
     vertex  3.914149e+01  6.640798e+00  0.000000e+00
     vertex  3.918654e+01  6.656807e+00  0.000000e+00
   endloop
 endfacet
 facet normal  3.348796e-01 -9.422609e-01  0.000000e+00
   outer loop
     vertex  3.914149e+01  6.640798e+00  5.000000e+00
     vertex  3.918654e+01  6.656807e+00  0.000000e+00
     vertex  3.918654e+01  6.656807e+00  5.000000e+00
   endloop
 endfacet
 facet normal  3.604923e-01 -9.327622e-01  0.000000e+00
   outer loop
     vertex  3.909690e+01  6.623565e+00  5.000000e+00
     vertex  3.909690e+01  6.623565e+00  0.000000e+00
     vertex  3.914149e+01  6.640798e+00  0.000000e+00
   endloop
 endfacet
 facet normal  3.858360e-01 -9.225674e-01  0.000000e+00
   outer loop
     vertex  3.909690e+01  6.623565e+00  5.000000e+00
     vertex  3.905280e+01  6.605120e+00  0.000000e+00
     vertex  3.909690e+01  6.623565e+00  0.000000e+00
   endloop
 endfacet
 facet normal  3.604923e-01 -9.327622e-01  0.000000e+00
   outer loop
     vertex  3.909690e+01  6.623565e+00  5.000000e+00
     vertex  3.914149e+01  6.640798e+00  0.000000e+00
     vertex  3.914149e+01  6.640798e+00  5.000000e+00
   endloop
 endfacet
 facet normal  3.858360e-01 -9.225674e-01  0.000000e+00
   outer loop
     vertex  3.905280e+01  6.605120e+00  5.000000e+00
     vertex  3.905280e+01  6.605120e+00  0.000000e+00
     vertex  3.909690e+01  6.623565e+00  5.000000e+00
   endloop
 endfacet
 facet normal  4.108918e-01 -9.116841e-01  0.000000e+00
   outer loop
     vertex  3.900921e+01  6.585477e+00  5.000000e+00
     vertex  3.900921e+01  6.585477e+00  0.000000e+00
     vertex  3.905280e+01  6.605120e+00  0.000000e+00
   endloop
 endfacet
 facet normal  4.108918e-01 -9.116841e-01  0.000000e+00
   outer loop
     vertex  3.900921e+01  6.585477e+00  5.000000e+00
     vertex  3.905280e+01  6.605120e+00  0.000000e+00
     vertex  3.905280e+01  6.605120e+00  5.000000e+00
   endloop
 endfacet
 facet normal  4.356410e-01 -9.001205e-01  0.000000e+00
   outer loop
     vertex  3.896618e+01  6.564651e+00  5.000000e+00
     vertex  3.896618e+01  6.564651e+00  0.000000e+00
     vertex  3.900921e+01  6.585477e+00  0.000000e+00
   endloop
 endfacet
 facet normal  4.600650e-01 -8.878852e-01  0.000000e+00
   outer loop
     vertex  3.896618e+01  6.564651e+00  5.000000e+00
     vertex  3.892374e+01  6.542657e+00  0.000000e+00
     vertex  3.896618e+01  6.564651e+00  0.000000e+00
   endloop
 endfacet
 facet normal  4.356410e-01 -9.001205e-01  0.000000e+00
   outer loop
     vertex  3.896618e+01  6.564651e+00  5.000000e+00
     vertex  3.900921e+01  6.585477e+00  0.000000e+00
     vertex  3.900921e+01  6.585477e+00  5.000000e+00
   endloop
 endfacet
 facet normal  4.600650e-01 -8.878852e-01  0.000000e+00
   outer loop
     vertex  3.892374e+01  6.542657e+00  5.000000e+00
     vertex  3.892374e+01  6.542657e+00  0.000000e+00
     vertex  3.896618e+01  6.564651e+00  5.000000e+00
   endloop
 endfacet
 facet normal  4.841458e-01 -8.749873e-01  0.000000e+00
   outer loop
     vertex  3.888191e+01  6.519513e+00  5.000000e+00
     vertex  3.892374e+01  6.542657e+00  0.000000e+00
     vertex  3.892374e+01  6.542657e+00  5.000000e+00
   endloop
 endfacet
 facet normal  4.841458e-01 -8.749873e-01  0.000000e+00
   outer loop
     vertex  3.888191e+01  6.519513e+00  5.000000e+00
     vertex  3.888191e+01  6.519513e+00  0.000000e+00
     vertex  3.892374e+01  6.542657e+00  0.000000e+00
   endloop
 endfacet
 facet normal  5.078652e-01 -8.614365e-01  0.000000e+00
   outer loop
     vertex  3.884073e+01  6.495234e+00  5.000000e+00
     vertex  3.888191e+01  6.519513e+00  0.000000e+00
     vertex  3.888191e+01  6.519513e+00  5.000000e+00
   endloop
 endfacet
 facet normal  5.078652e-01 -8.614365e-01  0.000000e+00
   outer loop
     vertex  3.884073e+01  6.495234e+00  5.000000e+00
     vertex  3.884073e+01  6.495234e+00  0.000000e+00
     vertex  3.888191e+01  6.519513e+00  0.000000e+00
   endloop
 endfacet
 facet normal  5.312057e-01 -8.472429e-01  0.000000e+00
   outer loop
     vertex  3.880023e+01  6.469839e+00  5.000000e+00
     vertex  3.884073e+01  6.495234e+00  0.000000e+00
     vertex  3.884073e+01  6.495234e+00  5.000000e+00
   endloop
 endfacet
 facet normal  5.312057e-01 -8.472429e-01  0.000000e+00
   outer loop
     vertex  3.880023e+01  6.469839e+00  5.000000e+00
     vertex  3.880023e+01  6.469839e+00  0.000000e+00
     vertex  3.884073e+01  6.495234e+00  0.000000e+00
   endloop
 endfacet
 facet normal  5.541498e-01 -8.324170e-01  0.000000e+00
   outer loop
     vertex  3.876043e+01  6.443348e+00  5.000000e+00
     vertex  3.880023e+01  6.469839e+00  0.000000e+00
     vertex  3.880023e+01  6.469839e+00  5.000000e+00
   endloop
 endfacet
 facet normal  5.541498e-01 -8.324170e-01  0.000000e+00
   outer loop
     vertex  3.876043e+01  6.443348e+00  5.000000e+00
     vertex  3.876043e+01  6.443348e+00  0.000000e+00
     vertex  3.880023e+01  6.469839e+00  0.000000e+00
   endloop
 endfacet
 facet normal  5.766803e-01 -8.169699e-01  0.000000e+00
   outer loop
     vertex  3.872138e+01  6.415780e+00  5.000000e+00
     vertex  3.876043e+01  6.443348e+00  0.000000e+00
     vertex  3.876043e+01  6.443348e+00  5.000000e+00
   endloop
 endfacet
 facet normal  5.766803e-01 -8.169699e-01  0.000000e+00
   outer loop
     vertex  3.872138e+01  6.415780e+00  5.000000e+00
     vertex  3.872138e+01  6.415780e+00  0.000000e+00
     vertex  3.876043e+01  6.443348e+00  0.000000e+00
   endloop
 endfacet
 facet normal  5.987805e-01 -8.009132e-01  0.000000e+00
   outer loop
     vertex  3.872138e+01  6.415780e+00  5.000000e+00
     vertex  3.868309e+01  6.387155e+00  0.000000e+00
     vertex  3.872138e+01  6.415780e+00  0.000000e+00
   endloop
 endfacet
 facet normal  5.987805e-01 -8.009132e-01  0.000000e+00
   outer loop
     vertex  3.868309e+01  6.387155e+00  5.000000e+00
     vertex  3.868309e+01  6.387155e+00  0.000000e+00
     vertex  3.872138e+01  6.415780e+00  5.000000e+00
   endloop
 endfacet
 facet normal  6.204339e-01 -7.842588e-01  0.000000e+00
   outer loop
     vertex  3.864560e+01  6.357495e+00  5.000000e+00
     vertex  3.868309e+01  6.387155e+00  0.000000e+00
     vertex  3.868309e+01  6.387155e+00  5.000000e+00
   endloop
 endfacet
 facet normal  6.204339e-01 -7.842588e-01  0.000000e+00
   outer loop
     vertex  3.864560e+01  6.357495e+00  5.000000e+00
     vertex  3.864560e+01  6.357495e+00  0.000000e+00
     vertex  3.868309e+01  6.387155e+00  0.000000e+00
   endloop
 endfacet
 facet normal  6.416243e-01 -7.670191e-01  0.000000e+00
   outer loop
     vertex  3.864560e+01  6.357495e+00  5.000000e+00
     vertex  3.860893e+01  6.326822e+00  0.000000e+00
     vertex  3.864560e+01  6.357495e+00  0.000000e+00
   endloop
 endfacet
 facet normal  6.416243e-01 -7.670191e-01  0.000000e+00
   outer loop
     vertex  3.860893e+01  6.326822e+00  5.000000e+00
     vertex  3.860893e+01  6.326822e+00  0.000000e+00
     vertex  3.864560e+01  6.357495e+00  5.000000e+00
   endloop
 endfacet
 facet normal  6.623358e-01 -7.492071e-01  0.000000e+00
   outer loop
     vertex  3.860893e+01  6.326822e+00  5.000000e+00
     vertex  3.857311e+01  6.295158e+00  0.000000e+00
     vertex  3.860893e+01  6.326822e+00  0.000000e+00
   endloop
 endfacet
 facet normal  6.623358e-01 -7.492071e-01  0.000000e+00
   outer loop
     vertex  3.857311e+01  6.295158e+00  5.000000e+00
     vertex  3.857311e+01  6.295158e+00  0.000000e+00
     vertex  3.860893e+01  6.326822e+00  5.000000e+00
   endloop
 endfacet
 facet normal  6.825531e-01 -7.308360e-01  0.000000e+00
   outer loop
     vertex  3.853817e+01  6.262529e+00  5.000000e+00
     vertex  3.857311e+01  6.295158e+00  0.000000e+00
     vertex  3.857311e+01  6.295158e+00  5.000000e+00
   endloop
 endfacet
 facet normal  6.825531e-01 -7.308360e-01  0.000000e+00
   outer loop
     vertex  3.853817e+01  6.262529e+00  5.000000e+00
     vertex  3.853817e+01  6.262529e+00  0.000000e+00
     vertex  3.857311e+01  6.295158e+00  0.000000e+00
   endloop
 endfacet
 facet normal  7.022611e-01 -7.119195e-01  0.000000e+00
   outer loop
     vertex  3.850414e+01  6.228957e+00  5.000000e+00
     vertex  3.850414e+01  6.228957e+00  0.000000e+00
     vertex  3.853817e+01  6.262529e+00  0.000000e+00
   endloop
 endfacet
 facet normal  7.214450e-01 -6.924717e-01  0.000000e+00
   outer loop
     vertex  3.850414e+01  6.228957e+00  5.000000e+00
     vertex  3.847104e+01  6.194468e+00  0.000000e+00
     vertex  3.850414e+01  6.228957e+00  0.000000e+00
   endloop
 endfacet
 facet normal  7.022611e-01 -7.119195e-01  0.000000e+00
   outer loop
     vertex  3.850414e+01  6.228957e+00  5.000000e+00
     vertex  3.853817e+01  6.262529e+00  0.000000e+00
     vertex  3.853817e+01  6.262529e+00  5.000000e+00
   endloop
 endfacet
 facet normal  7.214450e-01 -6.924717e-01  0.000000e+00
   outer loop
     vertex  3.847104e+01  6.194468e+00  5.000000e+00
     vertex  3.847104e+01  6.194468e+00  0.000000e+00
     vertex  3.850414e+01  6.228957e+00  5.000000e+00
   endloop
 endfacet
 facet normal  7.400906e-01 -6.725072e-01  0.000000e+00
   outer loop
     vertex  3.843889e+01  6.159088e+00  5.000000e+00
     vertex  3.843889e+01  6.159088e+00  0.000000e+00
     vertex  3.847104e+01  6.194468e+00  0.000000e+00
   endloop
 endfacet
 facet normal  7.581838e-01 -6.520409e-01  0.000000e+00
   outer loop
     vertex  3.843889e+01  6.159088e+00  5.000000e+00
     vertex  3.840772e+01  6.122842e+00  0.000000e+00
     vertex  3.843889e+01  6.159088e+00  0.000000e+00
   endloop
 endfacet
 facet normal  7.400906e-01 -6.725072e-01  0.000000e+00
   outer loop
     vertex  3.843889e+01  6.159088e+00  5.000000e+00
     vertex  3.847104e+01  6.194468e+00  0.000000e+00
     vertex  3.847104e+01  6.194468e+00  5.000000e+00
   endloop
 endfacet
 facet normal  7.757113e-01 -6.310879e-01  0.000000e+00
   outer loop
     vertex  3.840772e+01  6.122842e+00  5.000000e+00
     vertex  3.837755e+01  6.085759e+00  0.000000e+00
     vertex  3.840772e+01  6.122842e+00  0.000000e+00
   endloop
 endfacet
 facet normal  7.581838e-01 -6.520409e-01  0.000000e+00
   outer loop
     vertex  3.840772e+01  6.122842e+00  5.000000e+00
     vertex  3.840772e+01  6.122842e+00  0.000000e+00
     vertex  3.843889e+01  6.159088e+00  5.000000e+00
   endloop
 endfacet
 facet normal  7.757113e-01 -6.310879e-01  0.000000e+00
   outer loop
     vertex  3.837755e+01  6.085759e+00  5.000000e+00
     vertex  3.837755e+01  6.085759e+00  0.000000e+00
     vertex  3.840772e+01  6.122842e+00  5.000000e+00
   endloop
 endfacet
 facet normal  7.926599e-01 -6.096641e-01  0.000000e+00
   outer loop
     vertex  3.834840e+01  6.047866e+00  5.000000e+00
     vertex  3.834840e+01  6.047866e+00  0.000000e+00
     vertex  3.837755e+01  6.085759e+00  0.000000e+00
   endloop
 endfacet
 facet normal  7.926599e-01 -6.096641e-01  0.000000e+00
   outer loop
     vertex  3.834840e+01  6.047866e+00  5.000000e+00
     vertex  3.837755e+01  6.085759e+00  0.000000e+00
     vertex  3.837755e+01  6.085759e+00  5.000000e+00
   endloop
 endfacet
 facet normal  8.090170e-01 -5.877853e-01  0.000000e+00
   outer loop
     vertex  3.832030e+01  6.009191e+00  5.000000e+00
     vertex  3.832030e+01  6.009191e+00  0.000000e+00
     vertex  3.834840e+01  6.047866e+00  0.000000e+00
   endloop
 endfacet
 facet normal  8.090170e-01 -5.877853e-01  0.000000e+00
   outer loop
     vertex  3.832030e+01  6.009191e+00  5.000000e+00
     vertex  3.834840e+01  6.047866e+00  0.000000e+00
     vertex  3.834840e+01  6.047866e+00  5.000000e+00
   endloop
 endfacet
 facet normal  8.247704e-01 -5.654678e-01  0.000000e+00
   outer loop
     vertex  3.829327e+01  5.969762e+00  5.000000e+00
     vertex  3.829327e+01  5.969762e+00  0.000000e+00
     vertex  3.832030e+01  6.009191e+00  0.000000e+00
   endloop
 endfacet
 facet normal  8.247704e-01 -5.654678e-01  0.000000e+00
   outer loop
     vertex  3.829327e+01  5.969762e+00  5.000000e+00
     vertex  3.832030e+01  6.009191e+00  0.000000e+00
     vertex  3.832030e+01  6.009191e+00  5.000000e+00
   endloop
 endfacet
 facet normal  8.399083e-01 -5.427284e-01  0.000000e+00
   outer loop
     vertex  3.826732e+01  5.929610e+00  5.000000e+00
     vertex  3.826732e+01  5.929610e+00  0.000000e+00
     vertex  3.829327e+01  5.969762e+00  0.000000e+00
   endloop
 endfacet
 facet normal  8.544194e-01 -5.195840e-01  0.000000e+00
   outer loop
     vertex  3.826732e+01  5.929610e+00  5.000000e+00
     vertex  3.824249e+01  5.888764e+00  0.000000e+00
     vertex  3.826732e+01  5.929610e+00  0.000000e+00
   endloop
 endfacet
 facet normal  8.399083e-01 -5.427284e-01  0.000000e+00
   outer loop
     vertex  3.826732e+01  5.929610e+00  5.000000e+00
     vertex  3.829327e+01  5.969762e+00  0.000000e+00
     vertex  3.829327e+01  5.969762e+00  5.000000e+00
   endloop
 endfacet
 facet normal  8.544194e-01 -5.195840e-01  0.000000e+00
   outer loop
     vertex  3.824249e+01  5.888764e+00  5.000000e+00
     vertex  3.824249e+01  5.888764e+00  0.000000e+00
     vertex  3.826732e+01  5.929610e+00  5.000000e+00
   endloop
 endfacet
 facet normal  8.682929e-01 -4.960518e-01  0.000000e+00
   outer loop
     vertex  3.821877e+01  5.847255e+00  5.000000e+00
     vertex  3.821877e+01  5.847255e+00  0.000000e+00
     vertex  3.824249e+01  5.888764e+00  0.000000e+00
   endloop
 endfacet
 facet normal  8.682929e-01 -4.960518e-01  0.000000e+00
   outer loop
     vertex  3.821877e+01  5.847255e+00  5.000000e+00
     vertex  3.824249e+01  5.888764e+00  0.000000e+00
     vertex  3.824249e+01  5.888764e+00  5.000000e+00
   endloop
 endfacet
 facet normal  8.815185e-01 -4.721495e-01  0.000000e+00
   outer loop
     vertex  3.819620e+01  5.805114e+00  5.000000e+00
     vertex  3.819620e+01  5.805114e+00  0.000000e+00
     vertex  3.821877e+01  5.847255e+00  0.000000e+00
   endloop
 endfacet
 facet normal  8.815185e-01 -4.721495e-01  0.000000e+00
   outer loop
     vertex  3.819620e+01  5.805114e+00  5.000000e+00
     vertex  3.821877e+01  5.847255e+00  0.000000e+00
     vertex  3.821877e+01  5.847255e+00  5.000000e+00
   endloop
 endfacet
 facet normal  8.940863e-01 -4.478948e-01  0.000000e+00
   outer loop
     vertex  3.817479e+01  5.762372e+00  5.000000e+00
     vertex  3.817479e+01  5.762372e+00  0.000000e+00
     vertex  3.819620e+01  5.805114e+00  0.000000e+00
   endloop
 endfacet
 facet normal  8.940863e-01 -4.478948e-01  0.000000e+00
   outer loop
     vertex  3.817479e+01  5.762372e+00  5.000000e+00
     vertex  3.819620e+01  5.805114e+00  0.000000e+00
     vertex  3.819620e+01  5.805114e+00  5.000000e+00
   endloop
 endfacet
 facet normal  9.059868e-01 -4.233059e-01  0.000000e+00
   outer loop
     vertex  3.815455e+01  5.719061e+00  5.000000e+00
     vertex  3.815455e+01  5.719061e+00  0.000000e+00
     vertex  3.817479e+01  5.762372e+00  0.000000e+00
   endloop
 endfacet
 facet normal  9.059868e-01 -4.233059e-01  0.000000e+00
   outer loop
     vertex  3.815455e+01  5.719061e+00  5.000000e+00
     vertex  3.817479e+01  5.762372e+00  0.000000e+00
     vertex  3.817479e+01  5.762372e+00  5.000000e+00
   endloop
 endfacet
 facet normal  9.172113e-01 -3.984011e-01  0.000000e+00
   outer loop
     vertex  3.813551e+01  5.675213e+00  5.000000e+00
     vertex  3.815455e+01  5.719061e+00  0.000000e+00
     vertex  3.815455e+01  5.719061e+00  5.000000e+00
   endloop
 endfacet
 facet normal  9.172113e-01 -3.984011e-01  0.000000e+00
   outer loop
     vertex  3.813551e+01  5.675213e+00  5.000000e+00
     vertex  3.813551e+01  5.675213e+00  0.000000e+00
     vertex  3.815455e+01  5.719061e+00  0.000000e+00
   endloop
 endfacet
 facet normal  9.277513e-01 -3.731990e-01  0.000000e+00
   outer loop
     vertex  3.811767e+01  5.630862e+00  5.000000e+00
     vertex  3.813551e+01  5.675213e+00  0.000000e+00
     vertex  3.813551e+01  5.675213e+00  5.000000e+00
   endloop
 endfacet
 facet normal  9.277513e-01 -3.731990e-01  0.000000e+00
   outer loop
     vertex  3.811767e+01  5.630862e+00  5.000000e+00
     vertex  3.811767e+01  5.630862e+00  0.000000e+00
     vertex  3.813551e+01  5.675213e+00  0.000000e+00
   endloop
 endfacet
 facet normal  9.375990e-01 -3.477184e-01  0.000000e+00
   outer loop
     vertex  3.810104e+01  5.586039e+00  5.000000e+00
     vertex  3.811767e+01  5.630862e+00  0.000000e+00
     vertex  3.811767e+01  5.630862e+00  5.000000e+00
   endloop
 endfacet
 facet normal  9.375990e-01 -3.477184e-01  0.000000e+00
   outer loop
     vertex  3.810104e+01  5.586039e+00  5.000000e+00
     vertex  3.810104e+01  5.586039e+00  0.000000e+00
     vertex  3.811767e+01  5.630862e+00  0.000000e+00
   endloop
 endfacet
 facet normal  9.467470e-01 -3.219783e-01  0.000000e+00
   outer loop
     vertex  3.808565e+01  5.540780e+00  5.000000e+00
     vertex  3.810104e+01  5.586039e+00  0.000000e+00
     vertex  3.810104e+01  5.586039e+00  5.000000e+00
   endloop
 endfacet
 facet normal  9.467470e-01 -3.219783e-01  0.000000e+00
   outer loop
     vertex  3.808565e+01  5.540780e+00  5.000000e+00
     vertex  3.808565e+01  5.540780e+00  0.000000e+00
     vertex  3.810104e+01  5.586039e+00  0.000000e+00
   endloop
 endfacet
 facet normal  9.551886e-01 -2.959980e-01  0.000000e+00
   outer loop
     vertex  3.807150e+01  5.495117e+00  5.000000e+00
     vertex  3.808565e+01  5.540780e+00  0.000000e+00
     vertex  3.808565e+01  5.540780e+00  5.000000e+00
   endloop
 endfacet
 facet normal  9.551886e-01 -2.959980e-01  0.000000e+00
   outer loop
     vertex  3.807150e+01  5.495117e+00  5.000000e+00
     vertex  3.807150e+01  5.495117e+00  0.000000e+00
     vertex  3.808565e+01  5.540780e+00  0.000000e+00
   endloop
 endfacet
 facet normal  9.629173e-01 -2.697968e-01  0.000000e+00
   outer loop
     vertex  3.807150e+01  5.495117e+00  5.000000e+00
     vertex  3.805860e+01  5.449084e+00  0.000000e+00
     vertex  3.807150e+01  5.495117e+00  0.000000e+00
   endloop
 endfacet
 facet normal  9.629173e-01 -2.697968e-01  0.000000e+00
   outer loop
     vertex  3.805860e+01  5.449084e+00  5.000000e+00
     vertex  3.805860e+01  5.449084e+00  0.000000e+00
     vertex  3.807150e+01  5.495117e+00  5.000000e+00
   endloop
 endfacet
 facet normal  9.699274e-01 -2.433942e-01  0.000000e+00
   outer loop
     vertex  3.804697e+01  5.402716e+00  5.000000e+00
     vertex  3.805860e+01  5.449084e+00  0.000000e+00
     vertex  3.805860e+01  5.449084e+00  5.000000e+00
   endloop
 endfacet
 facet normal  9.699274e-01 -2.433942e-01  0.000000e+00
   outer loop
     vertex  3.804697e+01  5.402716e+00  5.000000e+00
     vertex  3.804697e+01  5.402716e+00  0.000000e+00
     vertex  3.805860e+01  5.449084e+00  0.000000e+00
   endloop
 endfacet
 facet normal  9.762138e-01 -2.168100e-01  0.000000e+00
   outer loop
     vertex  3.803660e+01  5.356048e+00  5.000000e+00
     vertex  3.804697e+01  5.402716e+00  0.000000e+00
     vertex  3.804697e+01  5.402716e+00  5.000000e+00
   endloop
 endfacet
 facet normal  9.762138e-01 -2.168100e-01  0.000000e+00
   outer loop
     vertex  3.803660e+01  5.356048e+00  5.000000e+00
     vertex  3.803660e+01  5.356048e+00  0.000000e+00
     vertex  3.804697e+01  5.402716e+00  0.000000e+00
   endloop
 endfacet
 facet normal  9.817717e-01 -1.900640e-01  0.000000e+00
   outer loop
     vertex  3.802752e+01  5.309114e+00  5.000000e+00
     vertex  3.803660e+01  5.356048e+00  0.000000e+00
     vertex  3.803660e+01  5.356048e+00  5.000000e+00
   endloop
 endfacet
 facet normal  9.817717e-01 -1.900640e-01  0.000000e+00
   outer loop
     vertex  3.802752e+01  5.309114e+00  5.000000e+00
     vertex  3.802752e+01  5.309114e+00  0.000000e+00
     vertex  3.803660e+01  5.356048e+00  0.000000e+00
   endloop
 endfacet
 facet normal  9.865969e-01 -1.631762e-01  0.000000e+00
   outer loop
     vertex  3.802752e+01  5.309114e+00  5.000000e+00
     vertex  3.801972e+01  5.261949e+00  0.000000e+00
     vertex  3.802752e+01  5.309114e+00  0.000000e+00
   endloop
 endfacet
 facet normal  9.865969e-01 -1.631762e-01  0.000000e+00
   outer loop
     vertex  3.801972e+01  5.261949e+00  5.000000e+00
     vertex  3.801972e+01  5.261949e+00  0.000000e+00
     vertex  3.802752e+01  5.309114e+00  5.000000e+00
   endloop
 endfacet
 facet normal  9.906859e-01 -1.361666e-01  0.000000e+00
   outer loop
     vertex  3.801321e+01  5.214589e+00  5.000000e+00
     vertex  3.801972e+01  5.261949e+00  0.000000e+00
     vertex  3.801972e+01  5.261949e+00  5.000000e+00
   endloop
 endfacet
 facet normal  9.906859e-01 -1.361666e-01  0.000000e+00
   outer loop
     vertex  3.801321e+01  5.214589e+00  5.000000e+00
     vertex  3.801321e+01  5.214589e+00  0.000000e+00
     vertex  3.801972e+01  5.261949e+00  0.000000e+00
   endloop
 endfacet
 facet normal  9.940357e-01 -1.090555e-01  0.000000e+00
   outer loop
     vertex  3.801321e+01  5.214589e+00  5.000000e+00
     vertex  3.800799e+01  5.167069e+00  0.000000e+00
     vertex  3.801321e+01  5.214589e+00  0.000000e+00
   endloop
 endfacet
 facet normal  9.940357e-01 -1.090555e-01  0.000000e+00
   outer loop
     vertex  3.800799e+01  5.167069e+00  5.000000e+00
     vertex  3.800799e+01  5.167069e+00  0.000000e+00
     vertex  3.801321e+01  5.214589e+00  5.000000e+00
   endloop
 endfacet
 facet normal  9.966436e-01 -8.186288e-02  0.000000e+00
   outer loop
     vertex  3.800408e+01  5.119424e+00  5.000000e+00
     vertex  3.800799e+01  5.167069e+00  0.000000e+00
     vertex  3.800799e+01  5.167069e+00  5.000000e+00
   endloop
 endfacet
 facet normal  9.966436e-01 -8.186288e-02  0.000000e+00
   outer loop
     vertex  3.800408e+01  5.119424e+00  5.000000e+00
     vertex  3.800408e+01  5.119424e+00  0.000000e+00
     vertex  3.800799e+01  5.167069e+00  0.000000e+00
   endloop
 endfacet
 facet normal  9.985078e-01 -5.460922e-02  0.000000e+00
   outer loop
     vertex  3.800147e+01  5.071690e+00  5.000000e+00
     vertex  3.800408e+01  5.119424e+00  0.000000e+00
     vertex  3.800408e+01  5.119424e+00  5.000000e+00
   endloop
 endfacet
 facet normal  9.985078e-01 -5.460922e-02  0.000000e+00
   outer loop
     vertex  3.800147e+01  5.071690e+00  5.000000e+00
     vertex  3.800147e+01  5.071690e+00  0.000000e+00
     vertex  3.800408e+01  5.119424e+00  0.000000e+00
   endloop
 endfacet
 facet normal  9.996269e-01 -2.731480e-02  0.000000e+00
   outer loop
     vertex  3.800147e+01  5.071690e+00  5.000000e+00
     vertex  3.800016e+01  5.023903e+00  0.000000e+00
     vertex  3.800147e+01  5.071690e+00  0.000000e+00
   endloop
 endfacet
 facet normal  9.996269e-01 -2.731480e-02  0.000000e+00
   outer loop
     vertex  3.800016e+01  5.023903e+00  5.000000e+00
     vertex  3.800016e+01  5.023903e+00  0.000000e+00
     vertex  3.800147e+01  5.071690e+00  5.000000e+00
   endloop
 endfacet
 facet normal  1.000000e+00 -0.000000e+00  0.000000e+00
   outer loop
     vertex  3.800016e+01  4.976097e+00  5.000000e+00
     vertex  3.800016e+01  5.023903e+00  0.000000e+00
     vertex  3.800016e+01  5.023903e+00  5.000000e+00
   endloop
 endfacet
 facet normal  1.000000e+00  0.000000e+00  0.000000e+00
   outer loop
     vertex  3.800016e+01  4.976097e+00  5.000000e+00
     vertex  3.800016e+01  4.976097e+00  0.000000e+00
     vertex  3.800016e+01  5.023903e+00  0.000000e+00
   endloop
 endfacet
 facet normal  9.996269e-01  2.731480e-02  0.000000e+00
   outer loop
     vertex  3.800147e+01  4.928310e+00  5.000000e+00
     vertex  3.800016e+01  4.976097e+00  0.000000e+00
     vertex  3.800016e+01  4.976097e+00  5.000000e+00
   endloop
 endfacet
 facet normal  9.996269e-01  2.731480e-02  0.000000e+00
   outer loop
     vertex  3.800147e+01  4.928310e+00  5.000000e+00
     vertex  3.800147e+01  4.928310e+00  0.000000e+00
     vertex  3.800016e+01  4.976097e+00  0.000000e+00
   endloop
 endfacet
 facet normal  9.985078e-01  5.460922e-02  0.000000e+00
   outer loop
     vertex  3.800408e+01  4.880576e+00  5.000000e+00
     vertex  3.800408e+01  4.880576e+00  0.000000e+00
     vertex  3.800147e+01  4.928310e+00  0.000000e+00
   endloop
 endfacet
 facet normal  9.985078e-01  5.460922e-02  0.000000e+00
   outer loop
     vertex  3.800408e+01  4.880576e+00  5.000000e+00
     vertex  3.800147e+01  4.928310e+00  0.000000e+00
     vertex  3.800147e+01  4.928310e+00  5.000000e+00
   endloop
 endfacet
 facet normal  9.966436e-01  8.186288e-02  0.000000e+00
   outer loop
     vertex  3.800799e+01  4.832931e+00  5.000000e+00
     vertex  3.800799e+01  4.832931e+00  0.000000e+00
     vertex  3.800408e+01  4.880576e+00  0.000000e+00
   endloop
 endfacet
 facet normal  9.966436e-01  8.186288e-02  0.000000e+00
   outer loop
     vertex  3.800799e+01  4.832931e+00  5.000000e+00
     vertex  3.800408e+01  4.880576e+00  0.000000e+00
     vertex  3.800408e+01  4.880576e+00  5.000000e+00
   endloop
 endfacet
 facet normal  9.940357e-01  1.090555e-01  0.000000e+00
   outer loop
     vertex  3.801321e+01  4.785411e+00  5.000000e+00
     vertex  3.801321e+01  4.785411e+00  0.000000e+00
     vertex  3.800799e+01  4.832931e+00  0.000000e+00
   endloop
 endfacet
 facet normal  9.940357e-01  1.090555e-01  0.000000e+00
   outer loop
     vertex  3.801321e+01  4.785411e+00  5.000000e+00
     vertex  3.800799e+01  4.832931e+00  0.000000e+00
     vertex  3.800799e+01  4.832931e+00  5.000000e+00
   endloop
 endfacet
 facet normal  9.906859e-01  1.361666e-01  0.000000e+00
   outer loop
     vertex  3.801972e+01  4.738051e+00  5.000000e+00
     vertex  3.801972e+01  4.738051e+00  0.000000e+00
     vertex  3.801321e+01  4.785411e+00  0.000000e+00
   endloop
 endfacet
 facet normal  9.906859e-01  1.361666e-01  0.000000e+00
   outer loop
     vertex  3.801972e+01  4.738051e+00  5.000000e+00
     vertex  3.801321e+01  4.785411e+00  0.000000e+00
     vertex  3.801321e+01  4.785411e+00  5.000000e+00
   endloop
 endfacet
 facet normal  9.865969e-01  1.631762e-01  0.000000e+00
   outer loop
     vertex  3.802752e+01  4.690886e+00  5.000000e+00
     vertex  3.802752e+01  4.690886e+00  0.000000e+00
     vertex  3.801972e+01  4.738051e+00  0.000000e+00
   endloop
 endfacet
 facet normal  9.865969e-01  1.631762e-01  0.000000e+00
   outer loop
     vertex  3.802752e+01  4.690886e+00  5.000000e+00
     vertex  3.801972e+01  4.738051e+00  0.000000e+00
     vertex  3.801972e+01  4.738051e+00  5.000000e+00
   endloop
 endfacet
 facet normal  9.817717e-01  1.900640e-01  0.000000e+00
   outer loop
     vertex  3.803660e+01  4.643952e+00  5.000000e+00
     vertex  3.803660e+01  4.643952e+00  0.000000e+00
     vertex  3.802752e+01  4.690886e+00  0.000000e+00
   endloop
 endfacet
 facet normal  9.817717e-01  1.900640e-01  0.000000e+00
   outer loop
     vertex  3.803660e+01  4.643952e+00  5.000000e+00
     vertex  3.802752e+01  4.690886e+00  0.000000e+00
     vertex  3.802752e+01  4.690886e+00  5.000000e+00
   endloop
 endfacet
 facet normal  9.762138e-01  2.168100e-01  0.000000e+00
   outer loop
     vertex  3.804697e+01  4.597284e+00  5.000000e+00
     vertex  3.804697e+01  4.597284e+00  0.000000e+00
     vertex  3.803660e+01  4.643952e+00  0.000000e+00
   endloop
 endfacet
 facet normal  9.762138e-01  2.168100e-01  0.000000e+00
   outer loop
     vertex  3.804697e+01  4.597284e+00  5.000000e+00
     vertex  3.803660e+01  4.643952e+00  0.000000e+00
     vertex  3.803660e+01  4.643952e+00  5.000000e+00
   endloop
 endfacet
 facet normal  9.699274e-01  2.433942e-01  0.000000e+00
   outer loop
     vertex  3.805860e+01  4.550916e+00  5.000000e+00
     vertex  3.804697e+01  4.597284e+00  0.000000e+00
     vertex  3.804697e+01  4.597284e+00  5.000000e+00
   endloop
 endfacet
 facet normal  9.699274e-01  2.433942e-01  0.000000e+00
   outer loop
     vertex  3.805860e+01  4.550916e+00  5.000000e+00
     vertex  3.805860e+01  4.550916e+00  0.000000e+00
     vertex  3.804697e+01  4.597284e+00  0.000000e+00
   endloop
 endfacet
 facet normal  9.629173e-01  2.697968e-01  0.000000e+00
   outer loop
     vertex  3.807150e+01  4.504883e+00  5.000000e+00
     vertex  3.805860e+01  4.550916e+00  0.000000e+00
     vertex  3.805860e+01  4.550916e+00  5.000000e+00
   endloop
 endfacet
 facet normal  9.629173e-01  2.697968e-01  0.000000e+00
   outer loop
     vertex  3.807150e+01  4.504883e+00  5.000000e+00
     vertex  3.807150e+01  4.504883e+00  0.000000e+00
     vertex  3.805860e+01  4.550916e+00  0.000000e+00
   endloop
 endfacet
 facet normal  9.551886e-01  2.959980e-01  0.000000e+00
   outer loop
     vertex  3.807150e+01  4.504883e+00  5.000000e+00
     vertex  3.808565e+01  4.459220e+00  0.000000e+00
     vertex  3.807150e+01  4.504883e+00  0.000000e+00
   endloop
 endfacet
 facet normal  9.551886e-01  2.959980e-01  0.000000e+00
   outer loop
     vertex  3.808565e+01  4.459220e+00  5.000000e+00
     vertex  3.808565e+01  4.459220e+00  0.000000e+00
     vertex  3.807150e+01  4.504883e+00  5.000000e+00
   endloop
 endfacet
 facet normal  9.467470e-01  3.219783e-01  0.000000e+00
   outer loop
     vertex  3.810104e+01  4.413961e+00  5.000000e+00
     vertex  3.808565e+01  4.459220e+00  0.000000e+00
     vertex  3.808565e+01  4.459220e+00  5.000000e+00
   endloop
 endfacet
 facet normal  9.467470e-01  3.219783e-01  0.000000e+00
   outer loop
     vertex  3.810104e+01  4.413961e+00  5.000000e+00
     vertex  3.810104e+01  4.413961e+00  0.000000e+00
     vertex  3.808565e+01  4.459220e+00  0.000000e+00
   endloop
 endfacet
 facet normal  9.375990e-01  3.477184e-01  0.000000e+00
   outer loop
     vertex  3.811767e+01  4.369138e+00  5.000000e+00
     vertex  3.810104e+01  4.413961e+00  0.000000e+00
     vertex  3.810104e+01  4.413961e+00  5.000000e+00
   endloop
 endfacet
 facet normal  9.375990e-01  3.477184e-01  0.000000e+00
   outer loop
     vertex  3.811767e+01  4.369138e+00  5.000000e+00
     vertex  3.811767e+01  4.369138e+00  0.000000e+00
     vertex  3.810104e+01  4.413961e+00  0.000000e+00
   endloop
 endfacet
 facet normal  9.277513e-01  3.731990e-01  0.000000e+00
   outer loop
     vertex  3.813551e+01  4.324787e+00  5.000000e+00
     vertex  3.811767e+01  4.369138e+00  0.000000e+00
     vertex  3.811767e+01  4.369138e+00  5.000000e+00
   endloop
 endfacet
 facet normal  9.277513e-01  3.731990e-01  0.000000e+00
   outer loop
     vertex  3.813551e+01  4.324787e+00  5.000000e+00
     vertex  3.813551e+01  4.324787e+00  0.000000e+00
     vertex  3.811767e+01  4.369138e+00  0.000000e+00
   endloop
 endfacet
 facet normal  9.172113e-01  3.984011e-01  0.000000e+00
   outer loop
     vertex  3.815455e+01  4.280939e+00  5.000000e+00
     vertex  3.813551e+01  4.324787e+00  0.000000e+00
     vertex  3.813551e+01  4.324787e+00  5.000000e+00
   endloop
 endfacet
 facet normal  9.172113e-01  3.984011e-01  0.000000e+00
   outer loop
     vertex  3.815455e+01  4.280939e+00  5.000000e+00
     vertex  3.815455e+01  4.280939e+00  0.000000e+00
     vertex  3.813551e+01  4.324787e+00  0.000000e+00
   endloop
 endfacet
 facet normal  9.059868e-01  4.233059e-01  0.000000e+00
   outer loop
     vertex  3.817479e+01  4.237628e+00  5.000000e+00
     vertex  3.815455e+01  4.280939e+00  0.000000e+00
     vertex  3.815455e+01  4.280939e+00  5.000000e+00
   endloop
 endfacet
 facet normal  9.059868e-01  4.233059e-01  0.000000e+00
   outer loop
     vertex  3.817479e+01  4.237628e+00  5.000000e+00
     vertex  3.817479e+01  4.237628e+00  0.000000e+00
     vertex  3.815455e+01  4.280939e+00  0.000000e+00
   endloop
 endfacet
 facet normal  8.940863e-01  4.478948e-01  0.000000e+00
   outer loop
     vertex  3.817479e+01  4.237628e+00  5.000000e+00
     vertex  3.819620e+01  4.194886e+00  0.000000e+00
     vertex  3.817479e+01  4.237628e+00  0.000000e+00
   endloop
 endfacet
 facet normal  8.940863e-01  4.478948e-01  0.000000e+00
   outer loop
     vertex  3.819620e+01  4.194886e+00  5.000000e+00
     vertex  3.819620e+01  4.194886e+00  0.000000e+00
     vertex  3.817479e+01  4.237628e+00  5.000000e+00
   endloop
 endfacet
 facet normal  8.815185e-01  4.721495e-01  0.000000e+00
   outer loop
     vertex  3.821877e+01  4.152745e+00  5.000000e+00
     vertex  3.819620e+01  4.194886e+00  0.000000e+00
     vertex  3.819620e+01  4.194886e+00  5.000000e+00
   endloop
 endfacet
 facet normal  8.815185e-01  4.721495e-01  0.000000e+00
   outer loop
     vertex  3.821877e+01  4.152745e+00  5.000000e+00
     vertex  3.821877e+01  4.152745e+00  0.000000e+00
     vertex  3.819620e+01  4.194886e+00  0.000000e+00
   endloop
 endfacet
 facet normal  8.682929e-01  4.960518e-01  0.000000e+00
   outer loop
     vertex  3.824249e+01  4.111236e+00  5.000000e+00
     vertex  3.821877e+01  4.152745e+00  0.000000e+00
     vertex  3.821877e+01  4.152745e+00  5.000000e+00
   endloop
 endfacet
 facet normal  8.682929e-01  4.960518e-01  0.000000e+00
   outer loop
     vertex  3.824249e+01  4.111236e+00  5.000000e+00
     vertex  3.824249e+01  4.111236e+00  0.000000e+00
     vertex  3.821877e+01  4.152745e+00  0.000000e+00
   endloop
 endfacet
 facet normal  8.544194e-01  5.195840e-01  0.000000e+00
   outer loop
     vertex  3.826732e+01  4.070390e+00  5.000000e+00
     vertex  3.824249e+01  4.111236e+00  0.000000e+00
     vertex  3.824249e+01  4.111236e+00  5.000000e+00
   endloop
 endfacet
 facet normal  8.544194e-01  5.195840e-01  0.000000e+00
   outer loop
     vertex  3.826732e+01  4.070390e+00  5.000000e+00
     vertex  3.826732e+01  4.070390e+00  0.000000e+00
     vertex  3.824249e+01  4.111236e+00  0.000000e+00
   endloop
 endfacet
 facet normal  8.399083e-01  5.427284e-01  0.000000e+00
   outer loop
     vertex  3.829327e+01  4.030238e+00  5.000000e+00
     vertex  3.826732e+01  4.070390e+00  0.000000e+00
     vertex  3.826732e+01  4.070390e+00  5.000000e+00
   endloop
 endfacet
 facet normal  8.399083e-01  5.427284e-01  0.000000e+00
   outer loop
     vertex  3.829327e+01  4.030238e+00  5.000000e+00
     vertex  3.829327e+01  4.030238e+00  0.000000e+00
     vertex  3.826732e+01  4.070390e+00  0.000000e+00
   endloop
 endfacet
 facet normal  8.247704e-01  5.654678e-01  0.000000e+00
   outer loop
     vertex  3.829327e+01  4.030238e+00  5.000000e+00
     vertex  3.832030e+01  3.990809e+00  0.000000e+00
     vertex  3.829327e+01  4.030238e+00  0.000000e+00
   endloop
 endfacet
 facet normal  8.247704e-01  5.654678e-01  0.000000e+00
   outer loop
     vertex  3.832030e+01  3.990809e+00  5.000000e+00
     vertex  3.832030e+01  3.990809e+00  0.000000e+00
     vertex  3.829327e+01  4.030238e+00  5.000000e+00
   endloop
 endfacet
 facet normal  8.090170e-01  5.877853e-01  0.000000e+00
   outer loop
     vertex  3.834840e+01  3.952134e+00  5.000000e+00
     vertex  3.832030e+01  3.990809e+00  0.000000e+00
     vertex  3.832030e+01  3.990809e+00  5.000000e+00
   endloop
 endfacet
 facet normal  8.090170e-01  5.877853e-01  0.000000e+00
   outer loop
     vertex  3.834840e+01  3.952134e+00  5.000000e+00
     vertex  3.834840e+01  3.952134e+00  0.000000e+00
     vertex  3.832030e+01  3.990809e+00  0.000000e+00
   endloop
 endfacet
 facet normal  7.926599e-01  6.096641e-01  0.000000e+00
   outer loop
     vertex  3.837755e+01  3.914241e+00  5.000000e+00
     vertex  3.834840e+01  3.952134e+00  0.000000e+00
     vertex  3.834840e+01  3.952134e+00  5.000000e+00
   endloop
 endfacet
 facet normal  7.926599e-01  6.096641e-01  0.000000e+00
   outer loop
     vertex  3.837755e+01  3.914241e+00  5.000000e+00
     vertex  3.837755e+01  3.914241e+00  0.000000e+00
     vertex  3.834840e+01  3.952134e+00  0.000000e+00
   endloop
 endfacet
 facet normal  7.757113e-01  6.310879e-01  0.000000e+00
   outer loop
     vertex  3.840772e+01  3.877158e+00  5.000000e+00
     vertex  3.837755e+01  3.914241e+00  0.000000e+00
     vertex  3.837755e+01  3.914241e+00  5.000000e+00
   endloop
 endfacet
 facet normal  7.757113e-01  6.310879e-01  0.000000e+00
   outer loop
     vertex  3.840772e+01  3.877158e+00  5.000000e+00
     vertex  3.840772e+01  3.877158e+00  0.000000e+00
     vertex  3.837755e+01  3.914241e+00  0.000000e+00
   endloop
 endfacet
 facet normal  7.581838e-01  6.520409e-01  0.000000e+00
   outer loop
     vertex  3.843889e+01  3.840912e+00  5.000000e+00
     vertex  3.840772e+01  3.877158e+00  0.000000e+00
     vertex  3.840772e+01  3.877158e+00  5.000000e+00
   endloop
 endfacet
 facet normal  7.581838e-01  6.520409e-01  0.000000e+00
   outer loop
     vertex  3.843889e+01  3.840912e+00  5.000000e+00
     vertex  3.843889e+01  3.840912e+00  0.000000e+00
     vertex  3.840772e+01  3.877158e+00  0.000000e+00
   endloop
 endfacet
 facet normal  7.400906e-01  6.725072e-01  0.000000e+00
   outer loop
     vertex  3.843889e+01  3.840912e+00  5.000000e+00
     vertex  3.847104e+01  3.805532e+00  0.000000e+00
     vertex  3.843889e+01  3.840912e+00  0.000000e+00
   endloop
 endfacet
 facet normal  7.400906e-01  6.725072e-01  0.000000e+00
   outer loop
     vertex  3.847104e+01  3.805532e+00  5.000000e+00
     vertex  3.847104e+01  3.805532e+00  0.000000e+00
     vertex  3.843889e+01  3.840912e+00  5.000000e+00
   endloop
 endfacet
 facet normal  7.214450e-01  6.924717e-01  0.000000e+00
   outer loop
     vertex  3.850414e+01  3.771043e+00  5.000000e+00
     vertex  3.850414e+01  3.771043e+00  0.000000e+00
     vertex  3.847104e+01  3.805532e+00  0.000000e+00
   endloop
 endfacet
 facet normal  7.214450e-01  6.924717e-01  0.000000e+00
   outer loop
     vertex  3.850414e+01  3.771043e+00  5.000000e+00
     vertex  3.847104e+01  3.805532e+00  0.000000e+00
     vertex  3.847104e+01  3.805532e+00  5.000000e+00
   endloop
 endfacet
 facet normal  7.022611e-01  7.119195e-01  0.000000e+00
   outer loop
     vertex  3.853817e+01  3.737471e+00  5.000000e+00
     vertex  3.853817e+01  3.737471e+00  0.000000e+00
     vertex  3.850414e+01  3.771043e+00  0.000000e+00
   endloop
 endfacet
 facet normal  7.022611e-01  7.119195e-01  0.000000e+00
   outer loop
     vertex  3.853817e+01  3.737471e+00  5.000000e+00
     vertex  3.850414e+01  3.771043e+00  0.000000e+00
     vertex  3.850414e+01  3.771043e+00  5.000000e+00
   endloop
 endfacet
 facet normal  6.825531e-01  7.308360e-01  0.000000e+00
   outer loop
     vertex  3.857311e+01  3.704842e+00  5.000000e+00
     vertex  3.857311e+01  3.704842e+00  0.000000e+00
     vertex  3.853817e+01  3.737471e+00  0.000000e+00
   endloop
 endfacet
 facet normal  6.825531e-01  7.308360e-01  0.000000e+00
   outer loop
     vertex  3.857311e+01  3.704842e+00  5.000000e+00
     vertex  3.853817e+01  3.737471e+00  0.000000e+00
     vertex  3.853817e+01  3.737471e+00  5.000000e+00
   endloop
 endfacet
 facet normal  6.623358e-01  7.492071e-01  0.000000e+00
   outer loop
     vertex  3.860893e+01  3.673178e+00  5.000000e+00
     vertex  3.860893e+01  3.673178e+00  0.000000e+00
     vertex  3.857311e+01  3.704842e+00  0.000000e+00
   endloop
 endfacet
 facet normal  6.623358e-01  7.492071e-01  0.000000e+00
   outer loop
     vertex  3.860893e+01  3.673178e+00  5.000000e+00
     vertex  3.857311e+01  3.704842e+00  0.000000e+00
     vertex  3.857311e+01  3.704842e+00  5.000000e+00
   endloop
 endfacet
 facet normal  6.416243e-01  7.670191e-01  0.000000e+00
   outer loop
     vertex  3.864560e+01  3.642505e+00  5.000000e+00
     vertex  3.864560e+01  3.642505e+00  0.000000e+00
     vertex  3.860893e+01  3.673178e+00  0.000000e+00
   endloop
 endfacet
 facet normal  6.204339e-01  7.842588e-01  0.000000e+00
   outer loop
     vertex  3.864560e+01  3.642505e+00  5.000000e+00
     vertex  3.868309e+01  3.612845e+00  0.000000e+00
     vertex  3.864560e+01  3.642505e+00  0.000000e+00
   endloop
 endfacet
 facet normal  6.416243e-01  7.670191e-01  0.000000e+00
   outer loop
     vertex  3.864560e+01  3.642505e+00  5.000000e+00
     vertex  3.860893e+01  3.673178e+00  0.000000e+00
     vertex  3.860893e+01  3.673178e+00  5.000000e+00
   endloop
 endfacet
 facet normal  6.204339e-01  7.842588e-01  0.000000e+00
   outer loop
     vertex  3.868309e+01  3.612845e+00  5.000000e+00
     vertex  3.868309e+01  3.612845e+00  0.000000e+00
     vertex  3.864560e+01  3.642505e+00  5.000000e+00
   endloop
 endfacet
 facet normal  5.987805e-01  8.009132e-01  0.000000e+00
   outer loop
     vertex  3.872138e+01  3.584220e+00  5.000000e+00
     vertex  3.868309e+01  3.612845e+00  0.000000e+00
     vertex  3.868309e+01  3.612845e+00  5.000000e+00
   endloop
 endfacet
 facet normal  5.987805e-01  8.009132e-01  0.000000e+00
   outer loop
     vertex  3.872138e+01  3.584220e+00  5.000000e+00
     vertex  3.872138e+01  3.584220e+00  0.000000e+00
     vertex  3.868309e+01  3.612845e+00  0.000000e+00
   endloop
 endfacet
 facet normal  5.766803e-01  8.169699e-01  0.000000e+00
   outer loop
     vertex  3.876043e+01  3.556652e+00  5.000000e+00
     vertex  3.872138e+01  3.584220e+00  0.000000e+00
     vertex  3.872138e+01  3.584220e+00  5.000000e+00
   endloop
 endfacet
 facet normal  5.766803e-01  8.169699e-01  0.000000e+00
   outer loop
     vertex  3.876043e+01  3.556652e+00  5.000000e+00
     vertex  3.876043e+01  3.556652e+00  0.000000e+00
     vertex  3.872138e+01  3.584220e+00  0.000000e+00
   endloop
 endfacet
 facet normal  5.541498e-01  8.324170e-01  0.000000e+00
   outer loop
     vertex  3.880023e+01  3.530161e+00  5.000000e+00
     vertex  3.880023e+01  3.530161e+00  0.000000e+00
     vertex  3.876043e+01  3.556652e+00  0.000000e+00
   endloop
 endfacet
 facet normal  5.541498e-01  8.324170e-01  0.000000e+00
   outer loop
     vertex  3.880023e+01  3.530161e+00  5.000000e+00
     vertex  3.876043e+01  3.556652e+00  0.000000e+00
     vertex  3.876043e+01  3.556652e+00  5.000000e+00
   endloop
 endfacet
 facet normal  5.312057e-01  8.472429e-01  0.000000e+00
   outer loop
     vertex  3.884073e+01  3.504766e+00  5.000000e+00
     vertex  3.884073e+01  3.504766e+00  0.000000e+00
     vertex  3.880023e+01  3.530161e+00  0.000000e+00
   endloop
 endfacet
 facet normal  5.312057e-01  8.472429e-01  0.000000e+00
   outer loop
     vertex  3.884073e+01  3.504766e+00  5.000000e+00
     vertex  3.880023e+01  3.530161e+00  0.000000e+00
     vertex  3.880023e+01  3.530161e+00  5.000000e+00
   endloop
 endfacet
 facet normal  5.078652e-01  8.614365e-01  0.000000e+00
   outer loop
     vertex  3.884073e+01  3.504766e+00  5.000000e+00
     vertex  3.888191e+01  3.480487e+00  0.000000e+00
     vertex  3.884073e+01  3.504766e+00  0.000000e+00
   endloop
 endfacet
 facet normal  4.841458e-01  8.749873e-01  0.000000e+00
   outer loop
     vertex  3.888191e+01  3.480487e+00  5.000000e+00
     vertex  3.892374e+01  3.457343e+00  0.000000e+00
     vertex  3.888191e+01  3.480487e+00  0.000000e+00
   endloop
 endfacet
 facet normal  5.078652e-01  8.614365e-01  0.000000e+00
   outer loop
     vertex  3.888191e+01  3.480487e+00  5.000000e+00
     vertex  3.888191e+01  3.480487e+00  0.000000e+00
     vertex  3.884073e+01  3.504766e+00  5.000000e+00
   endloop
 endfacet
 facet normal  4.841458e-01  8.749873e-01  0.000000e+00
   outer loop
     vertex  3.892374e+01  3.457343e+00  5.000000e+00
     vertex  3.892374e+01  3.457343e+00  0.000000e+00
     vertex  3.888191e+01  3.480487e+00  5.000000e+00
   endloop
 endfacet
 facet normal  4.600650e-01  8.878852e-01  0.000000e+00
   outer loop
     vertex  3.896618e+01  3.435349e+00  5.000000e+00
     vertex  3.896618e+01  3.435349e+00  0.000000e+00
     vertex  3.892374e+01  3.457343e+00  0.000000e+00
   endloop
 endfacet
 facet normal  4.600650e-01  8.878852e-01  0.000000e+00
   outer loop
     vertex  3.896618e+01  3.435349e+00  5.000000e+00
     vertex  3.892374e+01  3.457343e+00  0.000000e+00
     vertex  3.892374e+01  3.457343e+00  5.000000e+00
   endloop
 endfacet
 facet normal  4.356410e-01  9.001205e-01  0.000000e+00
   outer loop
     vertex  3.900921e+01  3.414523e+00  5.000000e+00
     vertex  3.900921e+01  3.414523e+00  0.000000e+00
     vertex  3.896618e+01  3.435349e+00  0.000000e+00
   endloop
 endfacet
 facet normal  4.356410e-01  9.001205e-01  0.000000e+00
   outer loop
     vertex  3.900921e+01  3.414523e+00  5.000000e+00
     vertex  3.896618e+01  3.435349e+00  0.000000e+00
     vertex  3.896618e+01  3.435349e+00  5.000000e+00
   endloop
 endfacet
 facet normal  4.108918e-01  9.116841e-01  0.000000e+00
   outer loop
     vertex  3.905280e+01  3.394880e+00  5.000000e+00
     vertex  3.905280e+01  3.394880e+00  0.000000e+00
     vertex  3.900921e+01  3.414523e+00  0.000000e+00
   endloop
 endfacet
 facet normal  4.108918e-01  9.116841e-01  0.000000e+00
   outer loop
     vertex  3.905280e+01  3.394880e+00  5.000000e+00
     vertex  3.900921e+01  3.414523e+00  0.000000e+00
     vertex  3.900921e+01  3.414523e+00  5.000000e+00
   endloop
 endfacet
 facet normal  3.858360e-01  9.225674e-01  0.000000e+00
   outer loop
     vertex  3.909690e+01  3.376435e+00  5.000000e+00
     vertex  3.909690e+01  3.376435e+00  0.000000e+00
     vertex  3.905280e+01  3.394880e+00  0.000000e+00
   endloop
 endfacet
 facet normal  3.858360e-01  9.225674e-01  0.000000e+00
   outer loop
     vertex  3.909690e+01  3.376435e+00  5.000000e+00
     vertex  3.905280e+01  3.394880e+00  0.000000e+00
     vertex  3.905280e+01  3.394880e+00  5.000000e+00
   endloop
 endfacet
 facet normal  3.604923e-01  9.327622e-01  0.000000e+00
   outer loop
     vertex  3.914149e+01  3.359202e+00  5.000000e+00
     vertex  3.914149e+01  3.359202e+00  0.000000e+00
     vertex  3.909690e+01  3.376435e+00  0.000000e+00
   endloop
 endfacet
 facet normal  3.604923e-01  9.327622e-01  0.000000e+00
   outer loop
     vertex  3.914149e+01  3.359202e+00  5.000000e+00
     vertex  3.909690e+01  3.376435e+00  0.000000e+00
     vertex  3.909690e+01  3.376435e+00  5.000000e+00
   endloop
 endfacet
 facet normal  3.348796e-01  9.422609e-01  0.000000e+00
   outer loop
     vertex  3.918654e+01  3.343193e+00  5.000000e+00
     vertex  3.918654e+01  3.343193e+00  0.000000e+00
     vertex  3.914149e+01  3.359202e+00  0.000000e+00
   endloop
 endfacet
 facet normal  3.348796e-01  9.422609e-01  0.000000e+00
   outer loop
     vertex  3.918654e+01  3.343193e+00  5.000000e+00
     vertex  3.914149e+01  3.359202e+00  0.000000e+00
     vertex  3.914149e+01  3.359202e+00  5.000000e+00
   endloop
 endfacet
 facet normal  3.090170e-01  9.510565e-01  0.000000e+00
   outer loop
     vertex  3.923200e+01  3.328420e+00  5.000000e+00
     vertex  3.923200e+01  3.328420e+00  0.000000e+00
     vertex  3.918654e+01  3.343193e+00  0.000000e+00
   endloop
 endfacet
 facet normal  3.090170e-01  9.510565e-01  0.000000e+00
   outer loop
     vertex  3.923200e+01  3.328420e+00  5.000000e+00
     vertex  3.918654e+01  3.343193e+00  0.000000e+00
     vertex  3.918654e+01  3.343193e+00  5.000000e+00
   endloop
 endfacet
 facet normal  2.829238e-01  9.591424e-01  0.000000e+00
   outer loop
     vertex  3.927786e+01  3.314895e+00  5.000000e+00
     vertex  3.927786e+01  3.314895e+00  0.000000e+00
     vertex  3.923200e+01  3.328420e+00  0.000000e+00
   endloop
 endfacet
 facet normal  2.829238e-01  9.591424e-01  0.000000e+00
   outer loop
     vertex  3.927786e+01  3.314895e+00  5.000000e+00
     vertex  3.923200e+01  3.328420e+00  0.000000e+00
     vertex  3.923200e+01  3.328420e+00  5.000000e+00
   endloop
 endfacet
 facet normal  2.566194e-01  9.665125e-01  0.000000e+00
   outer loop
     vertex  3.932406e+01  3.302627e+00  5.000000e+00
     vertex  3.932406e+01  3.302627e+00  0.000000e+00
     vertex  3.927786e+01  3.314895e+00  0.000000e+00
   endloop
 endfacet
 facet normal  2.301236e-01  9.731614e-01  0.000000e+00
   outer loop
     vertex  3.932406e+01  3.302627e+00  5.000000e+00
     vertex  3.937058e+01  3.291626e+00  0.000000e+00
     vertex  3.932406e+01  3.302627e+00  0.000000e+00
   endloop
 endfacet
 facet normal  2.566194e-01  9.665125e-01  0.000000e+00
   outer loop
     vertex  3.932406e+01  3.302627e+00  5.000000e+00
     vertex  3.927786e+01  3.314895e+00  0.000000e+00
     vertex  3.927786e+01  3.314895e+00  5.000000e+00
   endloop
 endfacet
 facet normal  2.301236e-01  9.731614e-01  0.000000e+00
   outer loop
     vertex  3.937058e+01  3.291626e+00  5.000000e+00
     vertex  3.937058e+01  3.291626e+00  0.000000e+00
     vertex  3.932406e+01  3.302627e+00  5.000000e+00
   endloop
 endfacet
 facet normal  2.034560e-01  9.790841e-01  0.000000e+00
   outer loop
     vertex  3.937058e+01  3.291626e+00  5.000000e+00
     vertex  3.941739e+01  3.281900e+00  0.000000e+00
     vertex  3.937058e+01  3.291626e+00  0.000000e+00
   endloop
 endfacet
 facet normal  1.766366e-01  9.842761e-01  0.000000e+00
   outer loop
     vertex  3.941739e+01  3.281900e+00  5.000000e+00
     vertex  3.946444e+01  3.273455e+00  0.000000e+00
     vertex  3.941739e+01  3.281900e+00  0.000000e+00
   endloop
 endfacet
 facet normal  2.034560e-01  9.790841e-01  0.000000e+00
   outer loop
     vertex  3.941739e+01  3.281900e+00  5.000000e+00
     vertex  3.941739e+01  3.281900e+00  0.000000e+00
     vertex  3.937058e+01  3.291626e+00  5.000000e+00
   endloop
 endfacet
 facet normal  1.766366e-01  9.842761e-01  0.000000e+00
   outer loop
     vertex  3.946444e+01  3.273455e+00  5.000000e+00
     vertex  3.946444e+01  3.273455e+00  0.000000e+00
     vertex  3.941739e+01  3.281900e+00  5.000000e+00
   endloop
 endfacet
 facet normal  1.496854e-01  9.887337e-01  0.000000e+00
   outer loop
     vertex  3.951171e+01  3.266300e+00  5.000000e+00
     vertex  3.951171e+01  3.266300e+00  0.000000e+00
     vertex  3.946444e+01  3.273455e+00  0.000000e+00
   endloop
 endfacet
 facet normal  1.226225e-01  9.924534e-01  0.000000e+00
   outer loop
     vertex  3.951171e+01  3.266300e+00  5.000000e+00
     vertex  3.955915e+01  3.260438e+00  0.000000e+00
     vertex  3.951171e+01  3.266300e+00  0.000000e+00
   endloop
 endfacet
 facet normal  1.496854e-01  9.887337e-01  0.000000e+00
   outer loop
     vertex  3.951171e+01  3.266300e+00  5.000000e+00
     vertex  3.946444e+01  3.273455e+00  0.000000e+00
     vertex  3.946444e+01  3.273455e+00  5.000000e+00
   endloop
 endfacet
 facet normal  1.226225e-01  9.924534e-01  0.000000e+00
   outer loop
     vertex  3.955915e+01  3.260438e+00  5.000000e+00
     vertex  3.955915e+01  3.260438e+00  0.000000e+00
     vertex  3.951171e+01  3.266300e+00  5.000000e+00
   endloop
 endfacet
 facet normal  9.546807e-02  9.954325e-01  0.000000e+00
   outer loop
     vertex  3.960674e+01  3.255874e+00  5.000000e+00
     vertex  3.960674e+01  3.255874e+00  0.000000e+00
     vertex  3.955915e+01  3.260438e+00  0.000000e+00
   endloop
 endfacet
 facet normal  9.546807e-02  9.954325e-01  0.000000e+00
   outer loop
     vertex  3.960674e+01  3.255874e+00  5.000000e+00
     vertex  3.955915e+01  3.260438e+00  0.000000e+00
     vertex  3.955915e+01  3.260438e+00  5.000000e+00
   endloop
 endfacet
 facet normal  6.824241e-02  9.976688e-01  0.000000e+00
   outer loop
     vertex  3.965443e+01  3.252611e+00  5.000000e+00
     vertex  3.965443e+01  3.252611e+00  0.000000e+00
     vertex  3.960674e+01  3.255874e+00  0.000000e+00
   endloop
 endfacet
 facet normal  4.096583e-02  9.991605e-01  0.000000e+00
   outer loop
     vertex  3.965443e+01  3.252611e+00  5.000000e+00
     vertex  3.970220e+01  3.250653e+00  0.000000e+00
     vertex  3.965443e+01  3.252611e+00  0.000000e+00
   endloop
 endfacet
 facet normal  6.824241e-02  9.976688e-01  0.000000e+00
   outer loop
     vertex  3.965443e+01  3.252611e+00  5.000000e+00
     vertex  3.960674e+01  3.255874e+00  0.000000e+00
     vertex  3.960674e+01  3.255874e+00  5.000000e+00
   endloop
 endfacet
 facet normal  4.096583e-02  9.991605e-01  0.000000e+00
   outer loop
     vertex  3.970220e+01  3.250653e+00  5.000000e+00
     vertex  3.970220e+01  3.250653e+00  0.000000e+00
     vertex  3.965443e+01  3.252611e+00  5.000000e+00
   endloop
 endfacet
 facet normal  1.365867e-02  9.999067e-01  0.000000e+00
   outer loop
     vertex  3.975000e+01  3.250000e+00  5.000000e+00
     vertex  3.975000e+01  3.250000e+00  0.000000e+00
     vertex  3.970220e+01  3.250653e+00  0.000000e+00
   endloop
 endfacet
 facet normal  1.365867e-02  9.999067e-01  0.000000e+00
   outer loop
     vertex  3.975000e+01  3.250000e+00  5.000000e+00
     vertex  3.970220e+01  3.250653e+00  0.000000e+00
     vertex  3.970220e+01  3.250653e+00  5.000000e+00
   endloop
 endfacet
 facet normal  0.000000e+00  1.000000e+00  0.000000e+00
   outer loop
     vertex  5.825000e+01  3.250000e+00  5.000000e+00
     vertex  5.825000e+01  3.250000e+00  0.000000e+00
     vertex  3.975000e+01  3.250000e+00  0.000000e+00
   endloop
 endfacet
 facet normal  0.000000e+00  1.000000e+00  0.000000e+00
   outer loop
     vertex  5.825000e+01  3.250000e+00  5.000000e+00
     vertex  3.975000e+01  3.250000e+00  0.000000e+00
     vertex  3.975000e+01  3.250000e+00  5.000000e+00
   endloop
 endfacet
 facet normal  0.000000e+00 -1.000000e+00 -0.000000e+00
   outer loop
     vertex  5.825000e+01  6.750000e+00  5.000000e+00
     vertex  3.975000e+01  6.750000e+00  0.000000e+00
     vertex  5.825000e+01  6.750000e+00  0.000000e+00
   endloop
 endfacet
 facet normal -0.000000e+00 -1.000000e+00  0.000000e+00
   outer loop
     vertex  5.825000e+01  6.750000e+00  5.000000e+00
     vertex  3.975000e+01  6.750000e+00  5.000000e+00
     vertex  3.975000e+01  6.750000e+00  0.000000e+00
   endloop
 endfacet
 facet normal -1.354093e-02  9.999083e-01  0.000000e+00
   outer loop
     vertex  2.429739e+01  3.250642e+00  5.000000e+00
     vertex  2.425000e+01  3.250000e+00  0.000000e+00
     vertex  2.425000e+01  3.250000e+00  5.000000e+00
   endloop
 endfacet
 facet normal -1.354093e-02  9.999083e-01  0.000000e+00
   outer loop
     vertex  2.429739e+01  3.250642e+00  5.000000e+00
     vertex  2.429739e+01  3.250642e+00  0.000000e+00
     vertex  2.425000e+01  3.250000e+00  0.000000e+00
   endloop
 endfacet
 facet normal -4.061287e-02  9.991750e-01  0.000000e+00
   outer loop
     vertex  2.434474e+01  3.252567e+00  5.000000e+00
     vertex  2.434474e+01  3.252567e+00  0.000000e+00
     vertex  2.429739e+01  3.250642e+00  0.000000e+00
   endloop
 endfacet
 facet normal -6.765502e-02  9.977088e-01  0.000000e+00
   outer loop
     vertex  2.434474e+01  3.252567e+00  5.000000e+00
     vertex  2.439203e+01  3.255773e+00  0.000000e+00
     vertex  2.434474e+01  3.252567e+00  0.000000e+00
   endloop
 endfacet
 facet normal -4.061287e-02  9.991750e-01  0.000000e+00
   outer loop
     vertex  2.434474e+01  3.252567e+00  5.000000e+00
     vertex  2.429739e+01  3.250642e+00  0.000000e+00
     vertex  2.429739e+01  3.250642e+00  5.000000e+00
   endloop
 endfacet
 facet normal -6.765502e-02  9.977088e-01  0.000000e+00
   outer loop
     vertex  2.439203e+01  3.255773e+00  5.000000e+00
     vertex  2.439203e+01  3.255773e+00  0.000000e+00
     vertex  2.434474e+01  3.252567e+00  5.000000e+00
   endloop
 endfacet
 facet normal -9.464755e-02  9.955108e-01  0.000000e+00
   outer loop
     vertex  2.443921e+01  3.260259e+00  5.000000e+00
     vertex  2.443921e+01  3.260259e+00  0.000000e+00
     vertex  2.439203e+01  3.255773e+00  0.000000e+00
   endloop
 endfacet
 facet normal -9.464755e-02  9.955108e-01  0.000000e+00
   outer loop
     vertex  2.443921e+01  3.260259e+00  5.000000e+00
     vertex  2.439203e+01  3.255773e+00  0.000000e+00
     vertex  2.439203e+01  3.255773e+00  5.000000e+00
   endloop
 endfacet
 facet normal -1.215707e-01  9.925828e-01  0.000000e+00
   outer loop
     vertex  2.448625e+01  3.266020e+00  5.000000e+00
     vertex  2.448625e+01  3.266020e+00  0.000000e+00
     vertex  2.443921e+01  3.260259e+00  0.000000e+00
   endloop
 endfacet
 facet normal -1.484046e-01  9.889267e-01  0.000000e+00
   outer loop
     vertex  2.448625e+01  3.266020e+00  5.000000e+00
     vertex  2.453312e+01  3.273054e+00  0.000000e+00
     vertex  2.448625e+01  3.266020e+00  0.000000e+00
   endloop
 endfacet
 facet normal -1.215707e-01  9.925828e-01  0.000000e+00
   outer loop
     vertex  2.448625e+01  3.266020e+00  5.000000e+00
     vertex  2.443921e+01  3.260259e+00  0.000000e+00
     vertex  2.443921e+01  3.260259e+00  5.000000e+00
   endloop
 endfacet
 facet normal -1.751297e-01  9.845454e-01  0.000000e+00
   outer loop
     vertex  2.453312e+01  3.273054e+00  5.000000e+00
     vertex  2.457978e+01  3.281354e+00  0.000000e+00
     vertex  2.453312e+01  3.273054e+00  0.000000e+00
   endloop
 endfacet
 facet normal -1.484046e-01  9.889267e-01  0.000000e+00
   outer loop
     vertex  2.453312e+01  3.273054e+00  5.000000e+00
     vertex  2.453312e+01  3.273054e+00  0.000000e+00
     vertex  2.448625e+01  3.266020e+00  5.000000e+00
   endloop
 endfacet
 facet normal -1.751297e-01  9.845454e-01  0.000000e+00
   outer loop
     vertex  2.457978e+01  3.281354e+00  5.000000e+00
     vertex  2.457978e+01  3.281354e+00  0.000000e+00
     vertex  2.453312e+01  3.273054e+00  5.000000e+00
   endloop
 endfacet
 facet normal -2.017264e-01  9.794419e-01  0.000000e+00
   outer loop
     vertex  2.462620e+01  3.290914e+00  5.000000e+00
     vertex  2.462620e+01  3.290914e+00  0.000000e+00
     vertex  2.457978e+01  3.281354e+00  0.000000e+00
   endloop
 endfacet
 facet normal -2.281751e-01  9.736201e-01  0.000000e+00
   outer loop
     vertex  2.462620e+01  3.290914e+00  5.000000e+00
     vertex  2.467234e+01  3.301728e+00  0.000000e+00
     vertex  2.462620e+01  3.290914e+00  0.000000e+00
   endloop
 endfacet
 facet normal -2.017264e-01  9.794419e-01  0.000000e+00
   outer loop
     vertex  2.462620e+01  3.290914e+00  5.000000e+00
     vertex  2.457978e+01  3.281354e+00  0.000000e+00
     vertex  2.457978e+01  3.281354e+00  5.000000e+00
   endloop
 endfacet
 facet normal -2.281751e-01  9.736201e-01  0.000000e+00
   outer loop
     vertex  2.467234e+01  3.301728e+00  5.000000e+00
     vertex  2.467234e+01  3.301728e+00  0.000000e+00
     vertex  2.462620e+01  3.290914e+00  5.000000e+00
   endloop
 endfacet
 facet normal -2.544564e-01  9.670842e-01  0.000000e+00
   outer loop
     vertex  2.471817e+01  3.313788e+00  5.000000e+00
     vertex  2.471817e+01  3.313788e+00  0.000000e+00
     vertex  2.467234e+01  3.301728e+00  0.000000e+00
   endloop
 endfacet
 facet normal -2.805512e-01  9.598391e-01  0.000000e+00
   outer loop
     vertex  2.471817e+01  3.313788e+00  5.000000e+00
     vertex  2.476366e+01  3.327084e+00  0.000000e+00
     vertex  2.471817e+01  3.313788e+00  0.000000e+00
   endloop
 endfacet
 facet normal -2.544564e-01  9.670842e-01  0.000000e+00
   outer loop
     vertex  2.471817e+01  3.313788e+00  5.000000e+00
     vertex  2.467234e+01  3.301728e+00  0.000000e+00
     vertex  2.467234e+01  3.301728e+00  5.000000e+00
   endloop
 endfacet
 facet normal -3.064401e-01  9.518899e-01  0.000000e+00
   outer loop
     vertex  2.476366e+01  3.327084e+00  5.000000e+00
     vertex  2.480878e+01  3.341607e+00  0.000000e+00
     vertex  2.476366e+01  3.327084e+00  0.000000e+00
   endloop
 endfacet
 facet normal -2.805512e-01  9.598391e-01  0.000000e+00
   outer loop
     vertex  2.476366e+01  3.327084e+00  5.000000e+00
     vertex  2.476366e+01  3.327084e+00  0.000000e+00
     vertex  2.471817e+01  3.313788e+00  5.000000e+00
   endloop
 endfacet
 facet normal -3.321044e-01  9.432426e-01  0.000000e+00
   outer loop
     vertex  2.480878e+01  3.341607e+00  5.000000e+00
     vertex  2.485348e+01  3.357346e+00  0.000000e+00
     vertex  2.480878e+01  3.341607e+00  0.000000e+00
   endloop
 endfacet
 facet normal -3.064401e-01  9.518899e-01  0.000000e+00
   outer loop
     vertex  2.480878e+01  3.341607e+00  5.000000e+00
     vertex  2.480878e+01  3.341607e+00  0.000000e+00
     vertex  2.476366e+01  3.327084e+00  5.000000e+00
   endloop
 endfacet
 facet normal -3.321044e-01  9.432426e-01  0.000000e+00
   outer loop
     vertex  2.485348e+01  3.357346e+00  5.000000e+00
     vertex  2.485348e+01  3.357346e+00  0.000000e+00
     vertex  2.480878e+01  3.341607e+00  5.000000e+00
   endloop
 endfacet
 facet normal -3.575250e-01  9.339036e-01  0.000000e+00
   outer loop
     vertex  2.489774e+01  3.374291e+00  5.000000e+00
     vertex  2.489774e+01  3.374291e+00  0.000000e+00
     vertex  2.485348e+01  3.357346e+00  0.000000e+00
   endloop
 endfacet
 facet normal -3.575250e-01  9.339036e-01  0.000000e+00
   outer loop
     vertex  2.489774e+01  3.374291e+00  5.000000e+00
     vertex  2.485348e+01  3.357346e+00  0.000000e+00
     vertex  2.485348e+01  3.357346e+00  5.000000e+00
   endloop
 endfacet
 facet normal -3.826834e-01  9.238795e-01  0.000000e+00
   outer loop
     vertex  2.494153e+01  3.392427e+00  5.000000e+00
     vertex  2.494153e+01  3.392427e+00  0.000000e+00
     vertex  2.489774e+01  3.374291e+00  0.000000e+00
   endloop
 endfacet
 facet normal -3.826834e-01  9.238795e-01  0.000000e+00
   outer loop
     vertex  2.494153e+01  3.392427e+00  5.000000e+00
     vertex  2.489774e+01  3.374291e+00  0.000000e+00
     vertex  2.489774e+01  3.374291e+00  5.000000e+00
   endloop
 endfacet
 facet normal -4.075612e-01  9.131779e-01  0.000000e+00
   outer loop
     vertex  2.498481e+01  3.411743e+00  5.000000e+00
     vertex  2.494153e+01  3.392427e+00  0.000000e+00
     vertex  2.494153e+01  3.392427e+00  5.000000e+00
   endloop
 endfacet
 facet normal -4.075612e-01  9.131779e-01  0.000000e+00
   outer loop
     vertex  2.498481e+01  3.411743e+00  5.000000e+00
     vertex  2.498481e+01  3.411743e+00  0.000000e+00
     vertex  2.494153e+01  3.392427e+00  0.000000e+00
   endloop
 endfacet
 facet normal -4.321400e-01  9.018065e-01  0.000000e+00
   outer loop
     vertex  2.498481e+01  3.411743e+00  5.000000e+00
     vertex  2.502755e+01  3.432224e+00  0.000000e+00
     vertex  2.498481e+01  3.411743e+00  0.000000e+00
   endloop
 endfacet
 facet normal -4.321400e-01  9.018065e-01  0.000000e+00
   outer loop
     vertex  2.502755e+01  3.432224e+00  5.000000e+00
     vertex  2.502755e+01  3.432224e+00  0.000000e+00
     vertex  2.498481e+01  3.411743e+00  5.000000e+00
   endloop
 endfacet
 facet normal -4.564019e-01  8.897737e-01  0.000000e+00
   outer loop
     vertex  2.506971e+01  3.453854e+00  5.000000e+00
     vertex  2.502755e+01  3.432224e+00  0.000000e+00
     vertex  2.502755e+01  3.432224e+00  5.000000e+00
   endloop
 endfacet
 facet normal -4.564019e-01  8.897737e-01  0.000000e+00
   outer loop
     vertex  2.506971e+01  3.453854e+00  5.000000e+00
     vertex  2.506971e+01  3.453854e+00  0.000000e+00
     vertex  2.502755e+01  3.432224e+00  0.000000e+00
   endloop
 endfacet
 facet normal -4.803291e-01  8.770884e-01  0.000000e+00
   outer loop
     vertex  2.511128e+01  3.476618e+00  5.000000e+00
     vertex  2.506971e+01  3.453854e+00  0.000000e+00
     vertex  2.506971e+01  3.453854e+00  5.000000e+00
   endloop
 endfacet
 facet normal -4.803291e-01  8.770884e-01  0.000000e+00
   outer loop
     vertex  2.511128e+01  3.476618e+00  5.000000e+00
     vertex  2.511128e+01  3.476618e+00  0.000000e+00
     vertex  2.506971e+01  3.453854e+00  0.000000e+00
   endloop
 endfacet
 facet normal -5.039039e-01  8.637597e-01  0.000000e+00
   outer loop
     vertex  2.515222e+01  3.500500e+00  5.000000e+00
     vertex  2.511128e+01  3.476618e+00  0.000000e+00
     vertex  2.511128e+01  3.476618e+00  5.000000e+00
   endloop
 endfacet
 facet normal -5.039039e-01  8.637597e-01  0.000000e+00
   outer loop
     vertex  2.515222e+01  3.500500e+00  5.000000e+00
     vertex  2.515222e+01  3.500500e+00  0.000000e+00
     vertex  2.511128e+01  3.476618e+00  0.000000e+00
   endloop
 endfacet
 facet normal -5.271092e-01  8.497975e-01  0.000000e+00
   outer loop
     vertex  2.519249e+01  3.525481e+00  5.000000e+00
     vertex  2.519249e+01  3.525481e+00  0.000000e+00
     vertex  2.515222e+01  3.500500e+00  0.000000e+00
   endloop
 endfacet
 facet normal -5.271092e-01  8.497975e-01  0.000000e+00
   outer loop
     vertex  2.519249e+01  3.525481e+00  5.000000e+00
     vertex  2.515222e+01  3.500500e+00  0.000000e+00
     vertex  2.515222e+01  3.500500e+00  5.000000e+00
   endloop
 endfacet
 facet normal -5.499279e-01  8.352121e-01  0.000000e+00
   outer loop
     vertex  2.523208e+01  3.551544e+00  5.000000e+00
     vertex  2.523208e+01  3.551544e+00  0.000000e+00
     vertex  2.519249e+01  3.525481e+00  0.000000e+00
   endloop
 endfacet
 facet normal -5.499279e-01  8.352121e-01  0.000000e+00
   outer loop
     vertex  2.523208e+01  3.551544e+00  5.000000e+00
     vertex  2.519249e+01  3.525481e+00  0.000000e+00
     vertex  2.519249e+01  3.525481e+00  5.000000e+00
   endloop
 endfacet
 facet normal -5.723433e-01  8.200141e-01  0.000000e+00
   outer loop
     vertex  2.527094e+01  3.578669e+00  5.000000e+00
     vertex  2.527094e+01  3.578669e+00  0.000000e+00
     vertex  2.523208e+01  3.551544e+00  0.000000e+00
   endloop
 endfacet
 facet normal -5.723433e-01  8.200141e-01  0.000000e+00
   outer loop
     vertex  2.527094e+01  3.578669e+00  5.000000e+00
     vertex  2.523208e+01  3.551544e+00  0.000000e+00
     vertex  2.523208e+01  3.551544e+00  5.000000e+00
   endloop
 endfacet
 facet normal -5.943389e-01  8.042147e-01  0.000000e+00
   outer loop
     vertex  2.530905e+01  3.606837e+00  5.000000e+00
     vertex  2.530905e+01  3.606837e+00  0.000000e+00
     vertex  2.527094e+01  3.578669e+00  0.000000e+00
   endloop
 endfacet
 facet normal -5.943389e-01  8.042147e-01  0.000000e+00
   outer loop
     vertex  2.530905e+01  3.606837e+00  5.000000e+00
     vertex  2.527094e+01  3.578669e+00  0.000000e+00
     vertex  2.527094e+01  3.578669e+00  5.000000e+00
   endloop
 endfacet
 facet normal -6.158986e-01  7.878255e-01  0.000000e+00
   outer loop
     vertex  2.534639e+01  3.636027e+00  5.000000e+00
     vertex  2.534639e+01  3.636027e+00  0.000000e+00
     vertex  2.530905e+01  3.606837e+00  0.000000e+00
   endloop
 endfacet
 facet normal -6.158986e-01  7.878255e-01  0.000000e+00
   outer loop
     vertex  2.534639e+01  3.636027e+00  5.000000e+00
     vertex  2.530905e+01  3.606837e+00  0.000000e+00
     vertex  2.530905e+01  3.606837e+00  5.000000e+00
   endloop
 endfacet
 facet normal -6.370065e-01  7.708584e-01  0.000000e+00
   outer loop
     vertex  2.538293e+01  3.666216e+00  5.000000e+00
     vertex  2.538293e+01  3.666216e+00  0.000000e+00
     vertex  2.534639e+01  3.636027e+00  0.000000e+00
   endloop
 endfacet
 facet normal -6.370065e-01  7.708584e-01  0.000000e+00
   outer loop
     vertex  2.538293e+01  3.666216e+00  5.000000e+00
     vertex  2.534639e+01  3.636027e+00  0.000000e+00
     vertex  2.534639e+01  3.636027e+00  5.000000e+00
   endloop
 endfacet
 facet normal -6.576473e-01  7.533260e-01  0.000000e+00
   outer loop
     vertex  2.541863e+01  3.697384e+00  5.000000e+00
     vertex  2.541863e+01  3.697384e+00  0.000000e+00
     vertex  2.538293e+01  3.666216e+00  0.000000e+00
   endloop
 endfacet
 facet normal -6.778058e-01  7.352410e-01  0.000000e+00
   outer loop
     vertex  2.541863e+01  3.697384e+00  5.000000e+00
     vertex  2.545347e+01  3.729508e+00  0.000000e+00
     vertex  2.541863e+01  3.697384e+00  0.000000e+00
   endloop
 endfacet
 facet normal -6.576473e-01  7.533260e-01  0.000000e+00
   outer loop
     vertex  2.541863e+01  3.697384e+00  5.000000e+00
     vertex  2.538293e+01  3.666216e+00  0.000000e+00
     vertex  2.538293e+01  3.666216e+00  5.000000e+00
   endloop
 endfacet
 facet normal -6.778058e-01  7.352410e-01  0.000000e+00
   outer loop
     vertex  2.545347e+01  3.729508e+00  5.000000e+00
     vertex  2.545347e+01  3.729508e+00  0.000000e+00
     vertex  2.541863e+01  3.697384e+00  5.000000e+00
   endloop
 endfacet
 facet normal -6.974671e-01  7.166168e-01  0.000000e+00
   outer loop
     vertex  2.548744e+01  3.762563e+00  5.000000e+00
     vertex  2.548744e+01  3.762563e+00  0.000000e+00
     vertex  2.545347e+01  3.729508e+00  0.000000e+00
   endloop
 endfacet
 facet normal -6.974671e-01  7.166168e-01  0.000000e+00
   outer loop
     vertex  2.548744e+01  3.762563e+00  5.000000e+00
     vertex  2.545347e+01  3.729508e+00  0.000000e+00
     vertex  2.545347e+01  3.729508e+00  5.000000e+00
   endloop
 endfacet
 facet normal -7.166168e-01  6.974671e-01  0.000000e+00
   outer loop
     vertex  2.552049e+01  3.796526e+00  5.000000e+00
     vertex  2.552049e+01  3.796526e+00  0.000000e+00
     vertex  2.548744e+01  3.762563e+00  0.000000e+00
   endloop
 endfacet
 facet normal -7.166168e-01  6.974671e-01  0.000000e+00
   outer loop
     vertex  2.552049e+01  3.796526e+00  5.000000e+00
     vertex  2.548744e+01  3.762563e+00  0.000000e+00
     vertex  2.548744e+01  3.762563e+00  5.000000e+00
   endloop
 endfacet
 facet normal -7.352410e-01  6.778058e-01  0.000000e+00
   outer loop
     vertex  2.555262e+01  3.831371e+00  5.000000e+00
     vertex  2.555262e+01  3.831371e+00  0.000000e+00
     vertex  2.552049e+01  3.796526e+00  0.000000e+00
   endloop
 endfacet
 facet normal -7.352410e-01  6.778058e-01  0.000000e+00
   outer loop
     vertex  2.555262e+01  3.831371e+00  5.000000e+00
     vertex  2.552049e+01  3.796526e+00  0.000000e+00
     vertex  2.552049e+01  3.796526e+00  5.000000e+00
   endloop
 endfacet
 facet normal -7.533260e-01  6.576473e-01  0.000000e+00
   outer loop
     vertex  2.558378e+01  3.867074e+00  5.000000e+00
     vertex  2.558378e+01  3.867074e+00  0.000000e+00
     vertex  2.555262e+01  3.831371e+00  0.000000e+00
   endloop
 endfacet
 facet normal -7.708584e-01  6.370065e-01  0.000000e+00
   outer loop
     vertex  2.558378e+01  3.867074e+00  5.000000e+00
     vertex  2.561397e+01  3.903608e+00  0.000000e+00
     vertex  2.558378e+01  3.867074e+00  0.000000e+00
   endloop
 endfacet
 facet normal -7.533260e-01  6.576473e-01  0.000000e+00
   outer loop
     vertex  2.558378e+01  3.867074e+00  5.000000e+00
     vertex  2.555262e+01  3.831371e+00  0.000000e+00
     vertex  2.555262e+01  3.831371e+00  5.000000e+00
   endloop
 endfacet
 facet normal -7.878255e-01  6.158986e-01  0.000000e+00
   outer loop
     vertex  2.561397e+01  3.903608e+00  5.000000e+00
     vertex  2.564316e+01  3.940945e+00  0.000000e+00
     vertex  2.561397e+01  3.903608e+00  0.000000e+00
   endloop
 endfacet
 facet normal -7.708584e-01  6.370065e-01  0.000000e+00
   outer loop
     vertex  2.561397e+01  3.903608e+00  5.000000e+00
     vertex  2.561397e+01  3.903608e+00  0.000000e+00
     vertex  2.558378e+01  3.867074e+00  5.000000e+00
   endloop
 endfacet
 facet normal -7.878255e-01  6.158986e-01  0.000000e+00
   outer loop
     vertex  2.564316e+01  3.940945e+00  5.000000e+00
     vertex  2.564316e+01  3.940945e+00  0.000000e+00
     vertex  2.561397e+01  3.903608e+00  5.000000e+00
   endloop
 endfacet
 facet normal -8.042147e-01  5.943389e-01  0.000000e+00
   outer loop
     vertex  2.567133e+01  3.979059e+00  5.000000e+00
     vertex  2.567133e+01  3.979059e+00  0.000000e+00
     vertex  2.564316e+01  3.940945e+00  0.000000e+00
   endloop
 endfacet
 facet normal -8.042147e-01  5.943389e-01  0.000000e+00
   outer loop
     vertex  2.567133e+01  3.979059e+00  5.000000e+00
     vertex  2.564316e+01  3.940945e+00  0.000000e+00
     vertex  2.564316e+01  3.940945e+00  5.000000e+00
   endloop
 endfacet
 facet normal -8.200141e-01  5.723433e-01  0.000000e+00
   outer loop
     vertex  2.569846e+01  4.017923e+00  5.000000e+00
     vertex  2.569846e+01  4.017923e+00  0.000000e+00
     vertex  2.567133e+01  3.979059e+00  0.000000e+00
   endloop
 endfacet
 facet normal -8.200141e-01  5.723433e-01  0.000000e+00
   outer loop
     vertex  2.569846e+01  4.017923e+00  5.000000e+00
     vertex  2.567133e+01  3.979059e+00  0.000000e+00
     vertex  2.567133e+01  3.979059e+00  5.000000e+00
   endloop
 endfacet
 facet normal -8.352121e-01  5.499279e-01  0.000000e+00
   outer loop
     vertex  2.572452e+01  4.057506e+00  5.000000e+00
     vertex  2.572452e+01  4.057506e+00  0.000000e+00
     vertex  2.569846e+01  4.017923e+00  0.000000e+00
   endloop
 endfacet
 facet normal -8.352121e-01  5.499279e-01  0.000000e+00
   outer loop
     vertex  2.572452e+01  4.057506e+00  5.000000e+00
     vertex  2.569846e+01  4.017923e+00  0.000000e+00
     vertex  2.569846e+01  4.017923e+00  5.000000e+00
   endloop
 endfacet
 facet normal -8.497975e-01  5.271092e-01  0.000000e+00
   outer loop
     vertex  2.574950e+01  4.097781e+00  5.000000e+00
     vertex  2.574950e+01  4.097781e+00  0.000000e+00
     vertex  2.572452e+01  4.057506e+00  0.000000e+00
   endloop
 endfacet
 facet normal -8.497975e-01  5.271092e-01  0.000000e+00
   outer loop
     vertex  2.574950e+01  4.097781e+00  5.000000e+00
     vertex  2.572452e+01  4.057506e+00  0.000000e+00
     vertex  2.572452e+01  4.057506e+00  5.000000e+00
   endloop
 endfacet
 facet normal -8.637597e-01  5.039039e-01  0.000000e+00
   outer loop
     vertex  2.577338e+01  4.138717e+00  5.000000e+00
     vertex  2.577338e+01  4.138717e+00  0.000000e+00
     vertex  2.574950e+01  4.097781e+00  0.000000e+00
   endloop
 endfacet
 facet normal -8.637597e-01  5.039039e-01  0.000000e+00
   outer loop
     vertex  2.577338e+01  4.138717e+00  5.000000e+00
     vertex  2.574950e+01  4.097781e+00  0.000000e+00
     vertex  2.574950e+01  4.097781e+00  5.000000e+00
   endloop
 endfacet
 facet normal -8.770884e-01  4.803291e-01  0.000000e+00
   outer loop
     vertex  2.579615e+01  4.180285e+00  5.000000e+00
     vertex  2.579615e+01  4.180285e+00  0.000000e+00
     vertex  2.577338e+01  4.138717e+00  0.000000e+00
   endloop
 endfacet
 facet normal -8.770884e-01  4.803291e-01  0.000000e+00
   outer loop
     vertex  2.579615e+01  4.180285e+00  5.000000e+00
     vertex  2.577338e+01  4.138717e+00  0.000000e+00
     vertex  2.577338e+01  4.138717e+00  5.000000e+00
   endloop
 endfacet
 facet normal -8.897737e-01  4.564019e-01  0.000000e+00
   outer loop
     vertex  2.581778e+01  4.222455e+00  5.000000e+00
     vertex  2.581778e+01  4.222455e+00  0.000000e+00
     vertex  2.579615e+01  4.180285e+00  0.000000e+00
   endloop
 endfacet
 facet normal -8.897737e-01  4.564019e-01  0.000000e+00
   outer loop
     vertex  2.581778e+01  4.222455e+00  5.000000e+00
     vertex  2.579615e+01  4.180285e+00  0.000000e+00
     vertex  2.579615e+01  4.180285e+00  5.000000e+00
   endloop
 endfacet
 facet normal -9.018065e-01  4.321400e-01  0.000000e+00
   outer loop
     vertex  2.583826e+01  4.265194e+00  5.000000e+00
     vertex  2.581778e+01  4.222455e+00  0.000000e+00
     vertex  2.581778e+01  4.222455e+00  5.000000e+00
   endloop
 endfacet
 facet normal -9.018065e-01  4.321400e-01  0.000000e+00
   outer loop
     vertex  2.583826e+01  4.265194e+00  5.000000e+00
     vertex  2.583826e+01  4.265194e+00  0.000000e+00
     vertex  2.581778e+01  4.222455e+00  0.000000e+00
   endloop
 endfacet
 facet normal -9.131779e-01  4.075612e-01  0.000000e+00
   outer loop
     vertex  2.585757e+01  4.308473e+00  5.000000e+00
     vertex  2.583826e+01  4.265194e+00  0.000000e+00
     vertex  2.583826e+01  4.265194e+00  5.000000e+00
   endloop
 endfacet
 facet normal -9.131779e-01  4.075612e-01  0.000000e+00
   outer loop
     vertex  2.585757e+01  4.308473e+00  5.000000e+00
     vertex  2.585757e+01  4.308473e+00  0.000000e+00
     vertex  2.583826e+01  4.265194e+00  0.000000e+00
   endloop
 endfacet
 facet normal -9.238795e-01  3.826834e-01  0.000000e+00
   outer loop
     vertex  2.587571e+01  4.352258e+00  5.000000e+00
     vertex  2.585757e+01  4.308473e+00  0.000000e+00
     vertex  2.585757e+01  4.308473e+00  5.000000e+00
   endloop
 endfacet
 facet normal -9.238795e-01  3.826834e-01  0.000000e+00
   outer loop
     vertex  2.587571e+01  4.352258e+00  5.000000e+00
     vertex  2.587571e+01  4.352258e+00  0.000000e+00
     vertex  2.585757e+01  4.308473e+00  0.000000e+00
   endloop
 endfacet
 facet normal -9.339036e-01  3.575250e-01  0.000000e+00
   outer loop
     vertex  2.589265e+01  4.396519e+00  5.000000e+00
     vertex  2.587571e+01  4.352258e+00  0.000000e+00
     vertex  2.587571e+01  4.352258e+00  5.000000e+00
   endloop
 endfacet
 facet normal -9.339036e-01  3.575250e-01  0.000000e+00
   outer loop
     vertex  2.589265e+01  4.396519e+00  5.000000e+00
     vertex  2.589265e+01  4.396519e+00  0.000000e+00
     vertex  2.587571e+01  4.352258e+00  0.000000e+00
   endloop
 endfacet
 facet normal -9.432426e-01  3.321044e-01  0.000000e+00
   outer loop
     vertex  2.589265e+01  4.396519e+00  5.000000e+00
     vertex  2.590839e+01  4.441222e+00  0.000000e+00
     vertex  2.589265e+01  4.396519e+00  0.000000e+00
   endloop
 endfacet
 facet normal -9.432426e-01  3.321044e-01  0.000000e+00
   outer loop
     vertex  2.590839e+01  4.441222e+00  5.000000e+00
     vertex  2.590839e+01  4.441222e+00  0.000000e+00
     vertex  2.589265e+01  4.396519e+00  5.000000e+00
   endloop
 endfacet
 facet normal -9.518899e-01  3.064401e-01  0.000000e+00
   outer loop
     vertex  2.592292e+01  4.486335e+00  5.000000e+00
     vertex  2.590839e+01  4.441222e+00  0.000000e+00
     vertex  2.590839e+01  4.441222e+00  5.000000e+00
   endloop
 endfacet
 facet normal -9.518899e-01  3.064401e-01  0.000000e+00
   outer loop
     vertex  2.592292e+01  4.486335e+00  5.000000e+00
     vertex  2.592292e+01  4.486335e+00  0.000000e+00
     vertex  2.590839e+01  4.441222e+00  0.000000e+00
   endloop
 endfacet
 facet normal -9.598391e-01  2.805512e-01  0.000000e+00
   outer loop
     vertex  2.592292e+01  4.486335e+00  5.000000e+00
     vertex  2.593621e+01  4.531825e+00  0.000000e+00
     vertex  2.592292e+01  4.486335e+00  0.000000e+00
   endloop
 endfacet
 facet normal -9.598391e-01  2.805512e-01  0.000000e+00
   outer loop
     vertex  2.593621e+01  4.531825e+00  5.000000e+00
     vertex  2.593621e+01  4.531825e+00  0.000000e+00
     vertex  2.592292e+01  4.486335e+00  5.000000e+00
   endloop
 endfacet
 facet normal -9.670842e-01  2.544564e-01  0.000000e+00
   outer loop
     vertex  2.594827e+01  4.577659e+00  5.000000e+00
     vertex  2.593621e+01  4.531825e+00  0.000000e+00
     vertex  2.593621e+01  4.531825e+00  5.000000e+00
   endloop
 endfacet
 facet normal -9.670842e-01  2.544564e-01  0.000000e+00
   outer loop
     vertex  2.594827e+01  4.577659e+00  5.000000e+00
     vertex  2.594827e+01  4.577659e+00  0.000000e+00
     vertex  2.593621e+01  4.531825e+00  0.000000e+00
   endloop
 endfacet
 facet normal -9.736201e-01  2.281751e-01  0.000000e+00
   outer loop
     vertex  2.595909e+01  4.623802e+00  5.000000e+00
     vertex  2.594827e+01  4.577659e+00  0.000000e+00
     vertex  2.594827e+01  4.577659e+00  5.000000e+00
   endloop
 endfacet
 facet normal -9.736201e-01  2.281751e-01  0.000000e+00
   outer loop
     vertex  2.595909e+01  4.623802e+00  5.000000e+00
     vertex  2.595909e+01  4.623802e+00  0.000000e+00
     vertex  2.594827e+01  4.577659e+00  0.000000e+00
   endloop
 endfacet
 facet normal -9.794419e-01  2.017264e-01  0.000000e+00
   outer loop
     vertex  2.596865e+01  4.670221e+00  5.000000e+00
     vertex  2.595909e+01  4.623802e+00  0.000000e+00
     vertex  2.595909e+01  4.623802e+00  5.000000e+00
   endloop
 endfacet
 facet normal -9.794419e-01  2.017264e-01  0.000000e+00
   outer loop
     vertex  2.596865e+01  4.670221e+00  5.000000e+00
     vertex  2.596865e+01  4.670221e+00  0.000000e+00
     vertex  2.595909e+01  4.623802e+00  0.000000e+00
   endloop
 endfacet
 facet normal -9.845454e-01  1.751297e-01  0.000000e+00
   outer loop
     vertex  2.597695e+01  4.716882e+00  5.000000e+00
     vertex  2.596865e+01  4.670221e+00  0.000000e+00
     vertex  2.596865e+01  4.670221e+00  5.000000e+00
   endloop
 endfacet
 facet normal -9.845454e-01  1.751297e-01  0.000000e+00
   outer loop
     vertex  2.597695e+01  4.716882e+00  5.000000e+00
     vertex  2.597695e+01  4.716882e+00  0.000000e+00
     vertex  2.596865e+01  4.670221e+00  0.000000e+00
   endloop
 endfacet
 facet normal -9.889267e-01  1.484046e-01  0.000000e+00
   outer loop
     vertex  2.598398e+01  4.763750e+00  5.000000e+00
     vertex  2.597695e+01  4.716882e+00  0.000000e+00
     vertex  2.597695e+01  4.716882e+00  5.000000e+00
   endloop
 endfacet
 facet normal -9.889267e-01  1.484046e-01  0.000000e+00
   outer loop
     vertex  2.598398e+01  4.763750e+00  5.000000e+00
     vertex  2.598398e+01  4.763750e+00  0.000000e+00
     vertex  2.597695e+01  4.716882e+00  0.000000e+00
   endloop
 endfacet
 facet normal -9.925828e-01  1.215707e-01  0.000000e+00
   outer loop
     vertex  2.598398e+01  4.763750e+00  5.000000e+00
     vertex  2.598974e+01  4.810792e+00  0.000000e+00
     vertex  2.598398e+01  4.763750e+00  0.000000e+00
   endloop
 endfacet
 facet normal -9.925828e-01  1.215707e-01  0.000000e+00
   outer loop
     vertex  2.598974e+01  4.810792e+00  5.000000e+00
     vertex  2.598974e+01  4.810792e+00  0.000000e+00
     vertex  2.598398e+01  4.763750e+00  5.000000e+00
   endloop
 endfacet
 facet normal -9.955108e-01  9.464755e-02  0.000000e+00
   outer loop
     vertex  2.599423e+01  4.857972e+00  5.000000e+00
     vertex  2.598974e+01  4.810792e+00  0.000000e+00
     vertex  2.598974e+01  4.810792e+00  5.000000e+00
   endloop
 endfacet
 facet normal -9.955108e-01  9.464755e-02  0.000000e+00
   outer loop
     vertex  2.599423e+01  4.857972e+00  5.000000e+00
     vertex  2.599423e+01  4.857972e+00  0.000000e+00
     vertex  2.598974e+01  4.810792e+00  0.000000e+00
   endloop
 endfacet
 facet normal -9.977088e-01  6.765502e-02  0.000000e+00
   outer loop
     vertex  2.599743e+01  4.905257e+00  5.000000e+00
     vertex  2.599743e+01  4.905257e+00  0.000000e+00
     vertex  2.599423e+01  4.857972e+00  0.000000e+00
   endloop
 endfacet
 facet normal -9.977088e-01  6.765502e-02  0.000000e+00
   outer loop
     vertex  2.599743e+01  4.905257e+00  5.000000e+00
     vertex  2.599423e+01  4.857972e+00  0.000000e+00
     vertex  2.599423e+01  4.857972e+00  5.000000e+00
   endloop
 endfacet
 facet normal -9.991750e-01  4.061287e-02  0.000000e+00
   outer loop
     vertex  2.599936e+01  4.952611e+00  5.000000e+00
     vertex  2.599936e+01  4.952611e+00  0.000000e+00
     vertex  2.599743e+01  4.905257e+00  0.000000e+00
   endloop
 endfacet
 facet normal -9.999083e-01  1.354093e-02  0.000000e+00
   outer loop
     vertex  2.599936e+01  4.952611e+00  5.000000e+00
     vertex  2.600000e+01  5.000000e+00  0.000000e+00
     vertex  2.599936e+01  4.952611e+00  0.000000e+00
   endloop
 endfacet
 facet normal -9.991750e-01  4.061287e-02  0.000000e+00
   outer loop
     vertex  2.599936e+01  4.952611e+00  5.000000e+00
     vertex  2.599743e+01  4.905257e+00  0.000000e+00
     vertex  2.599743e+01  4.905257e+00  5.000000e+00
   endloop
 endfacet
 facet normal -9.999083e-01  1.354093e-02  0.000000e+00
   outer loop
     vertex  2.600000e+01  5.000000e+00  5.000000e+00
     vertex  2.600000e+01  5.000000e+00  0.000000e+00
     vertex  2.599936e+01  4.952611e+00  5.000000e+00
   endloop
 endfacet
 facet normal -9.999083e-01 -1.354093e-02 -0.000000e+00
   outer loop
     vertex  2.599936e+01  5.047389e+00  5.000000e+00
     vertex  2.599936e+01  5.047389e+00  0.000000e+00
     vertex  2.600000e+01  5.000000e+00  0.000000e+00
   endloop
 endfacet
 facet normal -9.999083e-01 -1.354093e-02  0.000000e+00
   outer loop
     vertex  2.599936e+01  5.047389e+00  5.000000e+00
     vertex  2.600000e+01  5.000000e+00  0.000000e+00
     vertex  2.600000e+01  5.000000e+00  5.000000e+00
   endloop
 endfacet
 facet normal -9.991750e-01 -4.061287e-02 -0.000000e+00
   outer loop
     vertex  2.599743e+01  5.094743e+00  5.000000e+00
     vertex  2.599743e+01  5.094743e+00  0.000000e+00
     vertex  2.599936e+01  5.047389e+00  0.000000e+00
   endloop
 endfacet
 facet normal -9.991750e-01 -4.061287e-02  0.000000e+00
   outer loop
     vertex  2.599743e+01  5.094743e+00  5.000000e+00
     vertex  2.599936e+01  5.047389e+00  0.000000e+00
     vertex  2.599936e+01  5.047389e+00  5.000000e+00
   endloop
 endfacet
 facet normal -9.977088e-01 -6.765502e-02 -0.000000e+00
   outer loop
     vertex  2.599423e+01  5.142028e+00  5.000000e+00
     vertex  2.599423e+01  5.142028e+00  0.000000e+00
     vertex  2.599743e+01  5.094743e+00  0.000000e+00
   endloop
 endfacet
 facet normal -9.955108e-01 -9.464755e-02 -0.000000e+00
   outer loop
     vertex  2.599423e+01  5.142028e+00  5.000000e+00
     vertex  2.598974e+01  5.189208e+00  0.000000e+00
     vertex  2.599423e+01  5.142028e+00  0.000000e+00
   endloop
 endfacet
 facet normal -9.977088e-01 -6.765502e-02  0.000000e+00
   outer loop
     vertex  2.599423e+01  5.142028e+00  5.000000e+00
     vertex  2.599743e+01  5.094743e+00  0.000000e+00
     vertex  2.599743e+01  5.094743e+00  5.000000e+00
   endloop
 endfacet
 facet normal -9.955108e-01 -9.464755e-02 -0.000000e+00
   outer loop
     vertex  2.598974e+01  5.189208e+00  5.000000e+00
     vertex  2.598974e+01  5.189208e+00  0.000000e+00
     vertex  2.599423e+01  5.142028e+00  5.000000e+00
   endloop
 endfacet
 facet normal -9.925828e-01 -1.215707e-01 -0.000000e+00
   outer loop
     vertex  2.598398e+01  5.236250e+00  5.000000e+00
     vertex  2.598398e+01  5.236250e+00  0.000000e+00
     vertex  2.598974e+01  5.189208e+00  0.000000e+00
   endloop
 endfacet
 facet normal -9.889267e-01 -1.484046e-01 -0.000000e+00
   outer loop
     vertex  2.598398e+01  5.236250e+00  5.000000e+00
     vertex  2.597695e+01  5.283118e+00  0.000000e+00
     vertex  2.598398e+01  5.236250e+00  0.000000e+00
   endloop
 endfacet
 facet normal -9.925828e-01 -1.215707e-01  0.000000e+00
   outer loop
     vertex  2.598398e+01  5.236250e+00  5.000000e+00
     vertex  2.598974e+01  5.189208e+00  0.000000e+00
     vertex  2.598974e+01  5.189208e+00  5.000000e+00
   endloop
 endfacet
 facet normal -9.889267e-01 -1.484046e-01 -0.000000e+00
   outer loop
     vertex  2.597695e+01  5.283118e+00  5.000000e+00
     vertex  2.597695e+01  5.283118e+00  0.000000e+00
     vertex  2.598398e+01  5.236250e+00  5.000000e+00
   endloop
 endfacet
 facet normal -9.845454e-01 -1.751297e-01 -0.000000e+00
   outer loop
     vertex  2.596865e+01  5.329779e+00  5.000000e+00
     vertex  2.596865e+01  5.329779e+00  0.000000e+00
     vertex  2.597695e+01  5.283118e+00  0.000000e+00
   endloop
 endfacet
 facet normal -9.845454e-01 -1.751297e-01  0.000000e+00
   outer loop
     vertex  2.596865e+01  5.329779e+00  5.000000e+00
     vertex  2.597695e+01  5.283118e+00  0.000000e+00
     vertex  2.597695e+01  5.283118e+00  5.000000e+00
   endloop
 endfacet
 facet normal -9.794419e-01 -2.017264e-01 -0.000000e+00
   outer loop
     vertex  2.595909e+01  5.376198e+00  5.000000e+00
     vertex  2.595909e+01  5.376198e+00  0.000000e+00
     vertex  2.596865e+01  5.329779e+00  0.000000e+00
   endloop
 endfacet
 facet normal -9.736201e-01 -2.281751e-01 -0.000000e+00
   outer loop
     vertex  2.595909e+01  5.376198e+00  5.000000e+00
     vertex  2.594827e+01  5.422341e+00  0.000000e+00
     vertex  2.595909e+01  5.376198e+00  0.000000e+00
   endloop
 endfacet
 facet normal -9.794419e-01 -2.017264e-01  0.000000e+00
   outer loop
     vertex  2.595909e+01  5.376198e+00  5.000000e+00
     vertex  2.596865e+01  5.329779e+00  0.000000e+00
     vertex  2.596865e+01  5.329779e+00  5.000000e+00
   endloop
 endfacet
 facet normal -9.736201e-01 -2.281751e-01 -0.000000e+00
   outer loop
     vertex  2.594827e+01  5.422341e+00  5.000000e+00
     vertex  2.594827e+01  5.422341e+00  0.000000e+00
     vertex  2.595909e+01  5.376198e+00  5.000000e+00
   endloop
 endfacet
 facet normal -9.670842e-01 -2.544564e-01  0.000000e+00
   outer loop
     vertex  2.593621e+01  5.468175e+00  5.000000e+00
     vertex  2.594827e+01  5.422341e+00  0.000000e+00
     vertex  2.594827e+01  5.422341e+00  5.000000e+00
   endloop
 endfacet
 facet normal -9.670842e-01 -2.544564e-01 -0.000000e+00
   outer loop
     vertex  2.593621e+01  5.468175e+00  5.000000e+00
     vertex  2.593621e+01  5.468175e+00  0.000000e+00
     vertex  2.594827e+01  5.422341e+00  0.000000e+00
   endloop
 endfacet
 facet normal -9.598391e-01 -2.805512e-01 -0.000000e+00
   outer loop
     vertex  2.593621e+01  5.468175e+00  5.000000e+00
     vertex  2.592292e+01  5.513665e+00  0.000000e+00
     vertex  2.593621e+01  5.468175e+00  0.000000e+00
   endloop
 endfacet
 facet normal -9.598391e-01 -2.805512e-01 -0.000000e+00
   outer loop
     vertex  2.592292e+01  5.513665e+00  5.000000e+00
     vertex  2.592292e+01  5.513665e+00  0.000000e+00
     vertex  2.593621e+01  5.468175e+00  5.000000e+00
   endloop
 endfacet
 facet normal -9.518899e-01 -3.064401e-01  0.000000e+00
   outer loop
     vertex  2.590839e+01  5.558778e+00  5.000000e+00
     vertex  2.592292e+01  5.513665e+00  0.000000e+00
     vertex  2.592292e+01  5.513665e+00  5.000000e+00
   endloop
 endfacet
 facet normal -9.518899e-01 -3.064401e-01 -0.000000e+00
   outer loop
     vertex  2.590839e+01  5.558778e+00  5.000000e+00
     vertex  2.590839e+01  5.558778e+00  0.000000e+00
     vertex  2.592292e+01  5.513665e+00  0.000000e+00
   endloop
 endfacet
 facet normal -9.432426e-01 -3.321044e-01  0.000000e+00
   outer loop
     vertex  2.589265e+01  5.603481e+00  5.000000e+00
     vertex  2.590839e+01  5.558778e+00  0.000000e+00
     vertex  2.590839e+01  5.558778e+00  5.000000e+00
   endloop
 endfacet
 facet normal -9.432426e-01 -3.321044e-01 -0.000000e+00
   outer loop
     vertex  2.589265e+01  5.603481e+00  5.000000e+00
     vertex  2.589265e+01  5.603481e+00  0.000000e+00
     vertex  2.590839e+01  5.558778e+00  0.000000e+00
   endloop
 endfacet
 facet normal -9.339036e-01 -3.575250e-01  0.000000e+00
   outer loop
     vertex  2.587571e+01  5.647742e+00  5.000000e+00
     vertex  2.589265e+01  5.603481e+00  0.000000e+00
     vertex  2.589265e+01  5.603481e+00  5.000000e+00
   endloop
 endfacet
 facet normal -9.339036e-01 -3.575250e-01 -0.000000e+00
   outer loop
     vertex  2.587571e+01  5.647742e+00  5.000000e+00
     vertex  2.587571e+01  5.647742e+00  0.000000e+00
     vertex  2.589265e+01  5.603481e+00  0.000000e+00
   endloop
 endfacet
 facet normal -9.238795e-01 -3.826834e-01  0.000000e+00
   outer loop
     vertex  2.585757e+01  5.691527e+00  5.000000e+00
     vertex  2.587571e+01  5.647742e+00  0.000000e+00
     vertex  2.587571e+01  5.647742e+00  5.000000e+00
   endloop
 endfacet
 facet normal -9.238795e-01 -3.826834e-01 -0.000000e+00
   outer loop
     vertex  2.585757e+01  5.691527e+00  5.000000e+00
     vertex  2.585757e+01  5.691527e+00  0.000000e+00
     vertex  2.587571e+01  5.647742e+00  0.000000e+00
   endloop
 endfacet
 facet normal -9.131779e-01 -4.075612e-01  0.000000e+00
   outer loop
     vertex  2.583826e+01  5.734806e+00  5.000000e+00
     vertex  2.585757e+01  5.691527e+00  0.000000e+00
     vertex  2.585757e+01  5.691527e+00  5.000000e+00
   endloop
 endfacet
 facet normal -9.131779e-01 -4.075612e-01 -0.000000e+00
   outer loop
     vertex  2.583826e+01  5.734806e+00  5.000000e+00
     vertex  2.583826e+01  5.734806e+00  0.000000e+00
     vertex  2.585757e+01  5.691527e+00  0.000000e+00
   endloop
 endfacet
 facet normal -9.018065e-01 -4.321400e-01  0.000000e+00
   outer loop
     vertex  2.581778e+01  5.777545e+00  5.000000e+00
     vertex  2.583826e+01  5.734806e+00  0.000000e+00
     vertex  2.583826e+01  5.734806e+00  5.000000e+00
   endloop
 endfacet
 facet normal -9.018065e-01 -4.321400e-01 -0.000000e+00
   outer loop
     vertex  2.581778e+01  5.777545e+00  5.000000e+00
     vertex  2.581778e+01  5.777545e+00  0.000000e+00
     vertex  2.583826e+01  5.734806e+00  0.000000e+00
   endloop
 endfacet
 facet normal -8.897737e-01 -4.564019e-01  0.000000e+00
   outer loop
     vertex  2.579615e+01  5.819715e+00  5.000000e+00
     vertex  2.581778e+01  5.777545e+00  0.000000e+00
     vertex  2.581778e+01  5.777545e+00  5.000000e+00
   endloop
 endfacet
 facet normal -8.897737e-01 -4.564019e-01 -0.000000e+00
   outer loop
     vertex  2.579615e+01  5.819715e+00  5.000000e+00
     vertex  2.579615e+01  5.819715e+00  0.000000e+00
     vertex  2.581778e+01  5.777545e+00  0.000000e+00
   endloop
 endfacet
 facet normal -8.770884e-01 -4.803291e-01  0.000000e+00
   outer loop
     vertex  2.577338e+01  5.861283e+00  5.000000e+00
     vertex  2.579615e+01  5.819715e+00  0.000000e+00
     vertex  2.579615e+01  5.819715e+00  5.000000e+00
   endloop
 endfacet
 facet normal -8.770884e-01 -4.803291e-01 -0.000000e+00
   outer loop
     vertex  2.577338e+01  5.861283e+00  5.000000e+00
     vertex  2.577338e+01  5.861283e+00  0.000000e+00
     vertex  2.579615e+01  5.819715e+00  0.000000e+00
   endloop
 endfacet
 facet normal -8.637597e-01 -5.039039e-01  0.000000e+00
   outer loop
     vertex  2.574950e+01  5.902219e+00  5.000000e+00
     vertex  2.577338e+01  5.861283e+00  0.000000e+00
     vertex  2.577338e+01  5.861283e+00  5.000000e+00
   endloop
 endfacet
 facet normal -8.637597e-01 -5.039039e-01 -0.000000e+00
   outer loop
     vertex  2.574950e+01  5.902219e+00  5.000000e+00
     vertex  2.574950e+01  5.902219e+00  0.000000e+00
     vertex  2.577338e+01  5.861283e+00  0.000000e+00
   endloop
 endfacet
 facet normal -8.497975e-01 -5.271092e-01 -0.000000e+00
   outer loop
     vertex  2.574950e+01  5.902219e+00  5.000000e+00
     vertex  2.572452e+01  5.942494e+00  0.000000e+00
     vertex  2.574950e+01  5.902219e+00  0.000000e+00
   endloop
 endfacet
 facet normal -8.497975e-01 -5.271092e-01 -0.000000e+00
   outer loop
     vertex  2.572452e+01  5.942494e+00  5.000000e+00
     vertex  2.572452e+01  5.942494e+00  0.000000e+00
     vertex  2.574950e+01  5.902219e+00  5.000000e+00
   endloop
 endfacet
 facet normal -8.352121e-01 -5.499279e-01  0.000000e+00
   outer loop
     vertex  2.569846e+01  5.982077e+00  5.000000e+00
     vertex  2.572452e+01  5.942494e+00  0.000000e+00
     vertex  2.572452e+01  5.942494e+00  5.000000e+00
   endloop
 endfacet
 facet normal -8.352121e-01 -5.499279e-01 -0.000000e+00
   outer loop
     vertex  2.569846e+01  5.982077e+00  5.000000e+00
     vertex  2.569846e+01  5.982077e+00  0.000000e+00
     vertex  2.572452e+01  5.942494e+00  0.000000e+00
   endloop
 endfacet
 facet normal -8.200141e-01 -5.723433e-01  0.000000e+00
   outer loop
     vertex  2.567133e+01  6.020941e+00  5.000000e+00
     vertex  2.569846e+01  5.982077e+00  0.000000e+00
     vertex  2.569846e+01  5.982077e+00  5.000000e+00
   endloop
 endfacet
 facet normal -8.200141e-01 -5.723433e-01 -0.000000e+00
   outer loop
     vertex  2.567133e+01  6.020941e+00  5.000000e+00
     vertex  2.567133e+01  6.020941e+00  0.000000e+00
     vertex  2.569846e+01  5.982077e+00  0.000000e+00
   endloop
 endfacet
 facet normal -8.042147e-01 -5.943389e-01 -0.000000e+00
   outer loop
     vertex  2.567133e+01  6.020941e+00  5.000000e+00
     vertex  2.564316e+01  6.059055e+00  0.000000e+00
     vertex  2.567133e+01  6.020941e+00  0.000000e+00
   endloop
 endfacet
 facet normal -8.042147e-01 -5.943389e-01 -0.000000e+00
   outer loop
     vertex  2.564316e+01  6.059055e+00  5.000000e+00
     vertex  2.564316e+01  6.059055e+00  0.000000e+00
     vertex  2.567133e+01  6.020941e+00  5.000000e+00
   endloop
 endfacet
 facet normal -7.878255e-01 -6.158986e-01  0.000000e+00
   outer loop
     vertex  2.561397e+01  6.096392e+00  5.000000e+00
     vertex  2.564316e+01  6.059055e+00  0.000000e+00
     vertex  2.564316e+01  6.059055e+00  5.000000e+00
   endloop
 endfacet
 facet normal -7.878255e-01 -6.158986e-01 -0.000000e+00
   outer loop
     vertex  2.561397e+01  6.096392e+00  5.000000e+00
     vertex  2.561397e+01  6.096392e+00  0.000000e+00
     vertex  2.564316e+01  6.059055e+00  0.000000e+00
   endloop
 endfacet
 facet normal -7.708584e-01 -6.370065e-01  0.000000e+00
   outer loop
     vertex  2.558378e+01  6.132926e+00  5.000000e+00
     vertex  2.561397e+01  6.096392e+00  0.000000e+00
     vertex  2.561397e+01  6.096392e+00  5.000000e+00
   endloop
 endfacet
 facet normal -7.708584e-01 -6.370065e-01 -0.000000e+00
   outer loop
     vertex  2.558378e+01  6.132926e+00  5.000000e+00
     vertex  2.558378e+01  6.132926e+00  0.000000e+00
     vertex  2.561397e+01  6.096392e+00  0.000000e+00
   endloop
 endfacet
 facet normal -7.533260e-01 -6.576473e-01  0.000000e+00
   outer loop
     vertex  2.555262e+01  6.168629e+00  5.000000e+00
     vertex  2.558378e+01  6.132926e+00  0.000000e+00
     vertex  2.558378e+01  6.132926e+00  5.000000e+00
   endloop
 endfacet
 facet normal -7.533260e-01 -6.576473e-01 -0.000000e+00
   outer loop
     vertex  2.555262e+01  6.168629e+00  5.000000e+00
     vertex  2.555262e+01  6.168629e+00  0.000000e+00
     vertex  2.558378e+01  6.132926e+00  0.000000e+00
   endloop
 endfacet
 facet normal -7.352410e-01 -6.778058e-01  0.000000e+00
   outer loop
     vertex  2.552049e+01  6.203474e+00  5.000000e+00
     vertex  2.555262e+01  6.168629e+00  0.000000e+00
     vertex  2.555262e+01  6.168629e+00  5.000000e+00
   endloop
 endfacet
 facet normal -7.352410e-01 -6.778058e-01 -0.000000e+00
   outer loop
     vertex  2.552049e+01  6.203474e+00  5.000000e+00
     vertex  2.552049e+01  6.203474e+00  0.000000e+00
     vertex  2.555262e+01  6.168629e+00  0.000000e+00
   endloop
 endfacet
 facet normal -7.166168e-01 -6.974671e-01  0.000000e+00
   outer loop
     vertex  2.548744e+01  6.237437e+00  5.000000e+00
     vertex  2.552049e+01  6.203474e+00  0.000000e+00
     vertex  2.552049e+01  6.203474e+00  5.000000e+00
   endloop
 endfacet
 facet normal -7.166168e-01 -6.974671e-01 -0.000000e+00
   outer loop
     vertex  2.548744e+01  6.237437e+00  5.000000e+00
     vertex  2.548744e+01  6.237437e+00  0.000000e+00
     vertex  2.552049e+01  6.203474e+00  0.000000e+00
   endloop
 endfacet
 facet normal -6.974671e-01 -7.166168e-01  0.000000e+00
   outer loop
     vertex  2.545347e+01  6.270492e+00  5.000000e+00
     vertex  2.548744e+01  6.237437e+00  0.000000e+00
     vertex  2.548744e+01  6.237437e+00  5.000000e+00
   endloop
 endfacet
 facet normal -6.974671e-01 -7.166168e-01 -0.000000e+00
   outer loop
     vertex  2.545347e+01  6.270492e+00  5.000000e+00
     vertex  2.545347e+01  6.270492e+00  0.000000e+00
     vertex  2.548744e+01  6.237437e+00  0.000000e+00
   endloop
 endfacet
 facet normal -6.778058e-01 -7.352410e-01 -0.000000e+00
   outer loop
     vertex  2.541863e+01  6.302616e+00  5.000000e+00
     vertex  2.541863e+01  6.302616e+00  0.000000e+00
     vertex  2.545347e+01  6.270492e+00  0.000000e+00
   endloop
 endfacet
 facet normal -6.778058e-01 -7.352410e-01  0.000000e+00
   outer loop
     vertex  2.541863e+01  6.302616e+00  5.000000e+00
     vertex  2.545347e+01  6.270492e+00  0.000000e+00
     vertex  2.545347e+01  6.270492e+00  5.000000e+00
   endloop
 endfacet
 facet normal -6.576473e-01 -7.533260e-01 -0.000000e+00
   outer loop
     vertex  2.538293e+01  6.333784e+00  5.000000e+00
     vertex  2.538293e+01  6.333784e+00  0.000000e+00
     vertex  2.541863e+01  6.302616e+00  0.000000e+00
   endloop
 endfacet
 facet normal -6.576473e-01 -7.533260e-01  0.000000e+00
   outer loop
     vertex  2.538293e+01  6.333784e+00  5.000000e+00
     vertex  2.541863e+01  6.302616e+00  0.000000e+00
     vertex  2.541863e+01  6.302616e+00  5.000000e+00
   endloop
 endfacet
 facet normal -6.370065e-01 -7.708584e-01 -0.000000e+00
   outer loop
     vertex  2.534639e+01  6.363973e+00  5.000000e+00
     vertex  2.534639e+01  6.363973e+00  0.000000e+00
     vertex  2.538293e+01  6.333784e+00  0.000000e+00
   endloop
 endfacet
 facet normal -6.370065e-01 -7.708584e-01  0.000000e+00
   outer loop
     vertex  2.534639e+01  6.363973e+00  5.000000e+00
     vertex  2.538293e+01  6.333784e+00  0.000000e+00
     vertex  2.538293e+01  6.333784e+00  5.000000e+00
   endloop
 endfacet
 facet normal -6.158986e-01 -7.878255e-01  0.000000e+00
   outer loop
     vertex  2.530905e+01  6.393163e+00  5.000000e+00
     vertex  2.534639e+01  6.363973e+00  0.000000e+00
     vertex  2.534639e+01  6.363973e+00  5.000000e+00
   endloop
 endfacet
 facet normal -6.158986e-01 -7.878255e-01 -0.000000e+00
   outer loop
     vertex  2.530905e+01  6.393163e+00  5.000000e+00
     vertex  2.530905e+01  6.393163e+00  0.000000e+00
     vertex  2.534639e+01  6.363973e+00  0.000000e+00
   endloop
 endfacet
 facet normal -5.943389e-01 -8.042147e-01  0.000000e+00
   outer loop
     vertex  2.527094e+01  6.421331e+00  5.000000e+00
     vertex  2.530905e+01  6.393163e+00  0.000000e+00
     vertex  2.530905e+01  6.393163e+00  5.000000e+00
   endloop
 endfacet
 facet normal -5.943389e-01 -8.042147e-01 -0.000000e+00
   outer loop
     vertex  2.527094e+01  6.421331e+00  5.000000e+00
     vertex  2.527094e+01  6.421331e+00  0.000000e+00
     vertex  2.530905e+01  6.393163e+00  0.000000e+00
   endloop
 endfacet
 facet normal -5.723433e-01 -8.200141e-01 -0.000000e+00
   outer loop
     vertex  2.527094e+01  6.421331e+00  5.000000e+00
     vertex  2.523208e+01  6.448456e+00  0.000000e+00
     vertex  2.527094e+01  6.421331e+00  0.000000e+00
   endloop
 endfacet
 facet normal -5.723433e-01 -8.200141e-01 -0.000000e+00
   outer loop
     vertex  2.523208e+01  6.448456e+00  5.000000e+00
     vertex  2.523208e+01  6.448456e+00  0.000000e+00
     vertex  2.527094e+01  6.421331e+00  5.000000e+00
   endloop
 endfacet
 facet normal -5.499279e-01 -8.352121e-01 -0.000000e+00
   outer loop
     vertex  2.523208e+01  6.448456e+00  5.000000e+00
     vertex  2.519249e+01  6.474519e+00  0.000000e+00
     vertex  2.523208e+01  6.448456e+00  0.000000e+00
   endloop
 endfacet
 facet normal -5.499279e-01 -8.352121e-01 -0.000000e+00
   outer loop
     vertex  2.519249e+01  6.474519e+00  5.000000e+00
     vertex  2.519249e+01  6.474519e+00  0.000000e+00
     vertex  2.523208e+01  6.448456e+00  5.000000e+00
   endloop
 endfacet
 facet normal -5.271092e-01 -8.497975e-01 -0.000000e+00
   outer loop
     vertex  2.519249e+01  6.474519e+00  5.000000e+00
     vertex  2.515222e+01  6.499500e+00  0.000000e+00
     vertex  2.519249e+01  6.474519e+00  0.000000e+00
   endloop
 endfacet
 facet normal -5.271092e-01 -8.497975e-01 -0.000000e+00
   outer loop
     vertex  2.515222e+01  6.499500e+00  5.000000e+00
     vertex  2.515222e+01  6.499500e+00  0.000000e+00
     vertex  2.519249e+01  6.474519e+00  5.000000e+00
   endloop
 endfacet
 facet normal -5.039039e-01 -8.637597e-01  0.000000e+00
   outer loop
     vertex  2.511128e+01  6.523382e+00  5.000000e+00
     vertex  2.515222e+01  6.499500e+00  0.000000e+00
     vertex  2.515222e+01  6.499500e+00  5.000000e+00
   endloop
 endfacet
 facet normal -5.039039e-01 -8.637597e-01 -0.000000e+00
   outer loop
     vertex  2.511128e+01  6.523382e+00  5.000000e+00
     vertex  2.511128e+01  6.523382e+00  0.000000e+00
     vertex  2.515222e+01  6.499500e+00  0.000000e+00
   endloop
 endfacet
 facet normal -4.803291e-01 -8.770884e-01  0.000000e+00
   outer loop
     vertex  2.506971e+01  6.546146e+00  5.000000e+00
     vertex  2.511128e+01  6.523382e+00  0.000000e+00
     vertex  2.511128e+01  6.523382e+00  5.000000e+00
   endloop
 endfacet
 facet normal -4.803291e-01 -8.770884e-01 -0.000000e+00
   outer loop
     vertex  2.506971e+01  6.546146e+00  5.000000e+00
     vertex  2.506971e+01  6.546146e+00  0.000000e+00
     vertex  2.511128e+01  6.523382e+00  0.000000e+00
   endloop
 endfacet
 facet normal -4.564019e-01 -8.897737e-01 -0.000000e+00
   outer loop
     vertex  2.506971e+01  6.546146e+00  5.000000e+00
     vertex  2.502755e+01  6.567776e+00  0.000000e+00
     vertex  2.506971e+01  6.546146e+00  0.000000e+00
   endloop
 endfacet
 facet normal -4.564019e-01 -8.897737e-01 -0.000000e+00
   outer loop
     vertex  2.502755e+01  6.567776e+00  5.000000e+00
     vertex  2.502755e+01  6.567776e+00  0.000000e+00
     vertex  2.506971e+01  6.546146e+00  5.000000e+00
   endloop
 endfacet
 facet normal -4.321400e-01 -9.018065e-01 -0.000000e+00
   outer loop
     vertex  2.498481e+01  6.588257e+00  5.000000e+00
     vertex  2.498481e+01  6.588257e+00  0.000000e+00
     vertex  2.502755e+01  6.567776e+00  0.000000e+00
   endloop
 endfacet
 facet normal -4.321400e-01 -9.018065e-01  0.000000e+00
   outer loop
     vertex  2.498481e+01  6.588257e+00  5.000000e+00
     vertex  2.502755e+01  6.567776e+00  0.000000e+00
     vertex  2.502755e+01  6.567776e+00  5.000000e+00
   endloop
 endfacet
 facet normal -4.075612e-01 -9.131779e-01 -0.000000e+00
   outer loop
     vertex  2.494153e+01  6.607573e+00  5.000000e+00
     vertex  2.494153e+01  6.607573e+00  0.000000e+00
     vertex  2.498481e+01  6.588257e+00  0.000000e+00
   endloop
 endfacet
 facet normal -3.826834e-01 -9.238795e-01 -0.000000e+00
   outer loop
     vertex  2.494153e+01  6.607573e+00  5.000000e+00
     vertex  2.489774e+01  6.625709e+00  0.000000e+00
     vertex  2.494153e+01  6.607573e+00  0.000000e+00
   endloop
 endfacet
 facet normal -4.075612e-01 -9.131779e-01  0.000000e+00
   outer loop
     vertex  2.494153e+01  6.607573e+00  5.000000e+00
     vertex  2.498481e+01  6.588257e+00  0.000000e+00
     vertex  2.498481e+01  6.588257e+00  5.000000e+00
   endloop
 endfacet
 facet normal -3.575250e-01 -9.339036e-01 -0.000000e+00
   outer loop
     vertex  2.489774e+01  6.625709e+00  5.000000e+00
     vertex  2.485348e+01  6.642654e+00  0.000000e+00
     vertex  2.489774e+01  6.625709e+00  0.000000e+00
   endloop
 endfacet
 facet normal -3.826834e-01 -9.238795e-01 -0.000000e+00
   outer loop
     vertex  2.489774e+01  6.625709e+00  5.000000e+00
     vertex  2.489774e+01  6.625709e+00  0.000000e+00
     vertex  2.494153e+01  6.607573e+00  5.000000e+00
   endloop
 endfacet
 facet normal -3.321044e-01 -9.432426e-01 -0.000000e+00
   outer loop
     vertex  2.485348e+01  6.642654e+00  5.000000e+00
     vertex  2.480878e+01  6.658393e+00  0.000000e+00
     vertex  2.485348e+01  6.642654e+00  0.000000e+00
   endloop
 endfacet
 facet normal -3.575250e-01 -9.339036e-01 -0.000000e+00
   outer loop
     vertex  2.485348e+01  6.642654e+00  5.000000e+00
     vertex  2.485348e+01  6.642654e+00  0.000000e+00
     vertex  2.489774e+01  6.625709e+00  5.000000e+00
   endloop
 endfacet
 facet normal -3.321044e-01 -9.432426e-01 -0.000000e+00
   outer loop
     vertex  2.480878e+01  6.658393e+00  5.000000e+00
     vertex  2.480878e+01  6.658393e+00  0.000000e+00
     vertex  2.485348e+01  6.642654e+00  5.000000e+00
   endloop
 endfacet
 facet normal -3.064401e-01 -9.518899e-01 -0.000000e+00
   outer loop
     vertex  2.476366e+01  6.672916e+00  5.000000e+00
     vertex  2.476366e+01  6.672916e+00  0.000000e+00
     vertex  2.480878e+01  6.658393e+00  0.000000e+00
   endloop
 endfacet
 facet normal -3.064401e-01 -9.518899e-01  0.000000e+00
   outer loop
     vertex  2.476366e+01  6.672916e+00  5.000000e+00
     vertex  2.480878e+01  6.658393e+00  0.000000e+00
     vertex  2.480878e+01  6.658393e+00  5.000000e+00
   endloop
 endfacet
 facet normal -2.805512e-01 -9.598391e-01 -0.000000e+00
   outer loop
     vertex  2.471817e+01  6.686212e+00  5.000000e+00
     vertex  2.471817e+01  6.686212e+00  0.000000e+00
     vertex  2.476366e+01  6.672916e+00  0.000000e+00
   endloop
 endfacet
 facet normal -2.805512e-01 -9.598391e-01  0.000000e+00
   outer loop
     vertex  2.471817e+01  6.686212e+00  5.000000e+00
     vertex  2.476366e+01  6.672916e+00  0.000000e+00
     vertex  2.476366e+01  6.672916e+00  5.000000e+00
   endloop
 endfacet
 facet normal -2.544564e-01 -9.670842e-01 -0.000000e+00
   outer loop
     vertex  2.467234e+01  6.698272e+00  5.000000e+00
     vertex  2.467234e+01  6.698272e+00  0.000000e+00
     vertex  2.471817e+01  6.686212e+00  0.000000e+00
   endloop
 endfacet
 facet normal -2.544564e-01 -9.670842e-01  0.000000e+00
   outer loop
     vertex  2.467234e+01  6.698272e+00  5.000000e+00
     vertex  2.471817e+01  6.686212e+00  0.000000e+00
     vertex  2.471817e+01  6.686212e+00  5.000000e+00
   endloop
 endfacet
 facet normal -2.281751e-01 -9.736201e-01 -0.000000e+00
   outer loop
     vertex  2.462620e+01  6.709086e+00  5.000000e+00
     vertex  2.462620e+01  6.709086e+00  0.000000e+00
     vertex  2.467234e+01  6.698272e+00  0.000000e+00
   endloop
 endfacet
 facet normal -2.281751e-01 -9.736201e-01  0.000000e+00
   outer loop
     vertex  2.462620e+01  6.709086e+00  5.000000e+00
     vertex  2.467234e+01  6.698272e+00  0.000000e+00
     vertex  2.467234e+01  6.698272e+00  5.000000e+00
   endloop
 endfacet
 facet normal -2.017264e-01 -9.794419e-01 -0.000000e+00
   outer loop
     vertex  2.457978e+01  6.718646e+00  5.000000e+00
     vertex  2.457978e+01  6.718646e+00  0.000000e+00
     vertex  2.462620e+01  6.709086e+00  0.000000e+00
   endloop
 endfacet
 facet normal -2.017264e-01 -9.794419e-01  0.000000e+00
   outer loop
     vertex  2.457978e+01  6.718646e+00  5.000000e+00
     vertex  2.462620e+01  6.709086e+00  0.000000e+00
     vertex  2.462620e+01  6.709086e+00  5.000000e+00
   endloop
 endfacet
 facet normal -1.751297e-01 -9.845454e-01 -0.000000e+00
   outer loop
     vertex  2.453312e+01  6.726946e+00  5.000000e+00
     vertex  2.453312e+01  6.726946e+00  0.000000e+00
     vertex  2.457978e+01  6.718646e+00  0.000000e+00
   endloop
 endfacet
 facet normal -1.484046e-01 -9.889267e-01 -0.000000e+00
   outer loop
     vertex  2.453312e+01  6.726946e+00  5.000000e+00
     vertex  2.448625e+01  6.733980e+00  0.000000e+00
     vertex  2.453312e+01  6.726946e+00  0.000000e+00
   endloop
 endfacet
 facet normal -1.751297e-01 -9.845454e-01  0.000000e+00
   outer loop
     vertex  2.453312e+01  6.726946e+00  5.000000e+00
     vertex  2.457978e+01  6.718646e+00  0.000000e+00
     vertex  2.457978e+01  6.718646e+00  5.000000e+00
   endloop
 endfacet
 facet normal -1.484046e-01 -9.889267e-01 -0.000000e+00
   outer loop
     vertex  2.448625e+01  6.733980e+00  5.000000e+00
     vertex  2.448625e+01  6.733980e+00  0.000000e+00
     vertex  2.453312e+01  6.726946e+00  5.000000e+00
   endloop
 endfacet
 facet normal -1.215707e-01 -9.925828e-01 -0.000000e+00
   outer loop
     vertex  2.443921e+01  6.739741e+00  5.000000e+00
     vertex  2.443921e+01  6.739741e+00  0.000000e+00
     vertex  2.448625e+01  6.733980e+00  0.000000e+00
   endloop
 endfacet
 facet normal -9.464755e-02 -9.955108e-01 -0.000000e+00
   outer loop
     vertex  2.443921e+01  6.739741e+00  5.000000e+00
     vertex  2.439203e+01  6.744227e+00  0.000000e+00
     vertex  2.443921e+01  6.739741e+00  0.000000e+00
   endloop
 endfacet
 facet normal -1.215707e-01 -9.925828e-01  0.000000e+00
   outer loop
     vertex  2.443921e+01  6.739741e+00  5.000000e+00
     vertex  2.448625e+01  6.733980e+00  0.000000e+00
     vertex  2.448625e+01  6.733980e+00  5.000000e+00
   endloop
 endfacet
 facet normal -9.464755e-02 -9.955108e-01 -0.000000e+00
   outer loop
     vertex  2.439203e+01  6.744227e+00  5.000000e+00
     vertex  2.439203e+01  6.744227e+00  0.000000e+00
     vertex  2.443921e+01  6.739741e+00  5.000000e+00
   endloop
 endfacet
 facet normal -6.765502e-02 -9.977088e-01 -0.000000e+00
   outer loop
     vertex  2.434474e+01  6.747433e+00  5.000000e+00
     vertex  2.434474e+01  6.747433e+00  0.000000e+00
     vertex  2.439203e+01  6.744227e+00  0.000000e+00
   endloop
 endfacet
 facet normal -4.061287e-02 -9.991750e-01 -0.000000e+00
   outer loop
     vertex  2.434474e+01  6.747433e+00  5.000000e+00
     vertex  2.429739e+01  6.749358e+00  0.000000e+00
     vertex  2.434474e+01  6.747433e+00  0.000000e+00
   endloop
 endfacet
 facet normal -6.765502e-02 -9.977088e-01  0.000000e+00
   outer loop
     vertex  2.434474e+01  6.747433e+00  5.000000e+00
     vertex  2.439203e+01  6.744227e+00  0.000000e+00
     vertex  2.439203e+01  6.744227e+00  5.000000e+00
   endloop
 endfacet
 facet normal -4.061287e-02 -9.991750e-01 -0.000000e+00
   outer loop
     vertex  2.429739e+01  6.749358e+00  5.000000e+00
     vertex  2.429739e+01  6.749358e+00  0.000000e+00
     vertex  2.434474e+01  6.747433e+00  5.000000e+00
   endloop
 endfacet
 facet normal -1.354093e-02 -9.999083e-01 -0.000000e+00
   outer loop
     vertex  2.425000e+01  6.750000e+00  5.000000e+00
     vertex  2.425000e+01  6.750000e+00  0.000000e+00
     vertex  2.429739e+01  6.749358e+00  0.000000e+00
   endloop
 endfacet
 facet normal -1.354093e-02 -9.999083e-01  0.000000e+00
   outer loop
     vertex  2.425000e+01  6.750000e+00  5.000000e+00
     vertex  2.429739e+01  6.749358e+00  0.000000e+00
     vertex  2.429739e+01  6.749358e+00  5.000000e+00
   endloop
 endfacet
 facet normal -1.354093e-02  9.999083e-01  0.000000e+00
   outer loop
     vertex  5.829739e+01  3.250642e+00  5.000000e+00
     vertex  5.825000e+01  3.250000e+00  0.000000e+00
     vertex  5.825000e+01  3.250000e+00  5.000000e+00
   endloop
 endfacet
 facet normal -1.354093e-02  9.999083e-01  0.000000e+00
   outer loop
     vertex  5.829739e+01  3.250642e+00  5.000000e+00
     vertex  5.829739e+01  3.250642e+00  0.000000e+00
     vertex  5.825000e+01  3.250000e+00  0.000000e+00
   endloop
 endfacet
 facet normal -4.061287e-02  9.991750e-01  0.000000e+00
   outer loop
     vertex  5.834474e+01  3.252567e+00  5.000000e+00
     vertex  5.834474e+01  3.252567e+00  0.000000e+00
     vertex  5.829739e+01  3.250642e+00  0.000000e+00
   endloop
 endfacet
 facet normal -6.765502e-02  9.977088e-01  0.000000e+00
   outer loop
     vertex  5.834474e+01  3.252567e+00  5.000000e+00
     vertex  5.839203e+01  3.255773e+00  0.000000e+00
     vertex  5.834474e+01  3.252567e+00  0.000000e+00
   endloop
 endfacet
 facet normal -4.061287e-02  9.991750e-01  0.000000e+00
   outer loop
     vertex  5.834474e+01  3.252567e+00  5.000000e+00
     vertex  5.829739e+01  3.250642e+00  0.000000e+00
     vertex  5.829739e+01  3.250642e+00  5.000000e+00
   endloop
 endfacet
 facet normal -6.765502e-02  9.977088e-01  0.000000e+00
   outer loop
     vertex  5.839203e+01  3.255773e+00  5.000000e+00
     vertex  5.839203e+01  3.255773e+00  0.000000e+00
     vertex  5.834474e+01  3.252567e+00  5.000000e+00
   endloop
 endfacet
 facet normal -9.464755e-02  9.955108e-01  0.000000e+00
   outer loop
     vertex  5.843921e+01  3.260259e+00  5.000000e+00
     vertex  5.843921e+01  3.260259e+00  0.000000e+00
     vertex  5.839203e+01  3.255773e+00  0.000000e+00
   endloop
 endfacet
 facet normal -9.464755e-02  9.955108e-01  0.000000e+00
   outer loop
     vertex  5.843921e+01  3.260259e+00  5.000000e+00
     vertex  5.839203e+01  3.255773e+00  0.000000e+00
     vertex  5.839203e+01  3.255773e+00  5.000000e+00
   endloop
 endfacet
 facet normal -1.215707e-01  9.925828e-01  0.000000e+00
   outer loop
     vertex  5.848625e+01  3.266020e+00  5.000000e+00
     vertex  5.848625e+01  3.266020e+00  0.000000e+00
     vertex  5.843921e+01  3.260259e+00  0.000000e+00
   endloop
 endfacet
 facet normal -1.484046e-01  9.889267e-01  0.000000e+00
   outer loop
     vertex  5.848625e+01  3.266020e+00  5.000000e+00
     vertex  5.853312e+01  3.273054e+00  0.000000e+00
     vertex  5.848625e+01  3.266020e+00  0.000000e+00
   endloop
 endfacet
 facet normal -1.215707e-01  9.925828e-01  0.000000e+00
   outer loop
     vertex  5.848625e+01  3.266020e+00  5.000000e+00
     vertex  5.843921e+01  3.260259e+00  0.000000e+00
     vertex  5.843921e+01  3.260259e+00  5.000000e+00
   endloop
 endfacet
 facet normal -1.751297e-01  9.845454e-01  0.000000e+00
   outer loop
     vertex  5.853312e+01  3.273054e+00  5.000000e+00
     vertex  5.857978e+01  3.281354e+00  0.000000e+00
     vertex  5.853312e+01  3.273054e+00  0.000000e+00
   endloop
 endfacet
 facet normal -1.484046e-01  9.889267e-01  0.000000e+00
   outer loop
     vertex  5.853312e+01  3.273054e+00  5.000000e+00
     vertex  5.853312e+01  3.273054e+00  0.000000e+00
     vertex  5.848625e+01  3.266020e+00  5.000000e+00
   endloop
 endfacet
 facet normal -1.751297e-01  9.845454e-01  0.000000e+00
   outer loop
     vertex  5.857978e+01  3.281354e+00  5.000000e+00
     vertex  5.857978e+01  3.281354e+00  0.000000e+00
     vertex  5.853312e+01  3.273054e+00  5.000000e+00
   endloop
 endfacet
 facet normal -2.017264e-01  9.794419e-01  0.000000e+00
   outer loop
     vertex  5.862620e+01  3.290914e+00  5.000000e+00
     vertex  5.862620e+01  3.290914e+00  0.000000e+00
     vertex  5.857978e+01  3.281354e+00  0.000000e+00
   endloop
 endfacet
 facet normal -2.281751e-01  9.736201e-01  0.000000e+00
   outer loop
     vertex  5.862620e+01  3.290914e+00  5.000000e+00
     vertex  5.867234e+01  3.301728e+00  0.000000e+00
     vertex  5.862620e+01  3.290914e+00  0.000000e+00
   endloop
 endfacet
 facet normal -2.017264e-01  9.794419e-01  0.000000e+00
   outer loop
     vertex  5.862620e+01  3.290914e+00  5.000000e+00
     vertex  5.857978e+01  3.281354e+00  0.000000e+00
     vertex  5.857978e+01  3.281354e+00  5.000000e+00
   endloop
 endfacet
 facet normal -2.281751e-01  9.736201e-01  0.000000e+00
   outer loop
     vertex  5.867234e+01  3.301728e+00  5.000000e+00
     vertex  5.867234e+01  3.301728e+00  0.000000e+00
     vertex  5.862620e+01  3.290914e+00  5.000000e+00
   endloop
 endfacet
 facet normal -2.544564e-01  9.670842e-01  0.000000e+00
   outer loop
     vertex  5.871817e+01  3.313788e+00  5.000000e+00
     vertex  5.871817e+01  3.313788e+00  0.000000e+00
     vertex  5.867234e+01  3.301728e+00  0.000000e+00
   endloop
 endfacet
 facet normal -2.805512e-01  9.598391e-01  0.000000e+00
   outer loop
     vertex  5.871817e+01  3.313788e+00  5.000000e+00
     vertex  5.876366e+01  3.327084e+00  0.000000e+00
     vertex  5.871817e+01  3.313788e+00  0.000000e+00
   endloop
 endfacet
 facet normal -2.544564e-01  9.670842e-01  0.000000e+00
   outer loop
     vertex  5.871817e+01  3.313788e+00  5.000000e+00
     vertex  5.867234e+01  3.301728e+00  0.000000e+00
     vertex  5.867234e+01  3.301728e+00  5.000000e+00
   endloop
 endfacet
 facet normal -3.064401e-01  9.518899e-01  0.000000e+00
   outer loop
     vertex  5.876366e+01  3.327084e+00  5.000000e+00
     vertex  5.880878e+01  3.341607e+00  0.000000e+00
     vertex  5.876366e+01  3.327084e+00  0.000000e+00
   endloop
 endfacet
 facet normal -2.805512e-01  9.598391e-01  0.000000e+00
   outer loop
     vertex  5.876366e+01  3.327084e+00  5.000000e+00
     vertex  5.876366e+01  3.327084e+00  0.000000e+00
     vertex  5.871817e+01  3.313788e+00  5.000000e+00
   endloop
 endfacet
 facet normal -3.321044e-01  9.432426e-01  0.000000e+00
   outer loop
     vertex  5.880878e+01  3.341607e+00  5.000000e+00
     vertex  5.885348e+01  3.357346e+00  0.000000e+00
     vertex  5.880878e+01  3.341607e+00  0.000000e+00
   endloop
 endfacet
 facet normal -3.064401e-01  9.518899e-01  0.000000e+00
   outer loop
     vertex  5.880878e+01  3.341607e+00  5.000000e+00
     vertex  5.880878e+01  3.341607e+00  0.000000e+00
     vertex  5.876366e+01  3.327084e+00  5.000000e+00
   endloop
 endfacet
 facet normal -3.321044e-01  9.432426e-01  0.000000e+00
   outer loop
     vertex  5.885348e+01  3.357346e+00  5.000000e+00
     vertex  5.885348e+01  3.357346e+00  0.000000e+00
     vertex  5.880878e+01  3.341607e+00  5.000000e+00
   endloop
 endfacet
 facet normal -3.575250e-01  9.339036e-01  0.000000e+00
   outer loop
     vertex  5.889774e+01  3.374291e+00  5.000000e+00
     vertex  5.889774e+01  3.374291e+00  0.000000e+00
     vertex  5.885348e+01  3.357346e+00  0.000000e+00
   endloop
 endfacet
 facet normal -3.575250e-01  9.339036e-01  0.000000e+00
   outer loop
     vertex  5.889774e+01  3.374291e+00  5.000000e+00
     vertex  5.885348e+01  3.357346e+00  0.000000e+00
     vertex  5.885348e+01  3.357346e+00  5.000000e+00
   endloop
 endfacet
 facet normal -3.826834e-01  9.238795e-01  0.000000e+00
   outer loop
     vertex  5.894153e+01  3.392427e+00  5.000000e+00
     vertex  5.894153e+01  3.392427e+00  0.000000e+00
     vertex  5.889774e+01  3.374291e+00  0.000000e+00
   endloop
 endfacet
 facet normal -3.826834e-01  9.238795e-01  0.000000e+00
   outer loop
     vertex  5.894153e+01  3.392427e+00  5.000000e+00
     vertex  5.889774e+01  3.374291e+00  0.000000e+00
     vertex  5.889774e+01  3.374291e+00  5.000000e+00
   endloop
 endfacet
 facet normal -4.075612e-01  9.131779e-01  0.000000e+00
   outer loop
     vertex  5.898481e+01  3.411743e+00  5.000000e+00
     vertex  5.894153e+01  3.392427e+00  0.000000e+00
     vertex  5.894153e+01  3.392427e+00  5.000000e+00
   endloop
 endfacet
 facet normal -4.075612e-01  9.131779e-01  0.000000e+00
   outer loop
     vertex  5.898481e+01  3.411743e+00  5.000000e+00
     vertex  5.898481e+01  3.411743e+00  0.000000e+00
     vertex  5.894153e+01  3.392427e+00  0.000000e+00
   endloop
 endfacet
 facet normal -4.321400e-01  9.018065e-01  0.000000e+00
   outer loop
     vertex  5.898481e+01  3.411743e+00  5.000000e+00
     vertex  5.902755e+01  3.432224e+00  0.000000e+00
     vertex  5.898481e+01  3.411743e+00  0.000000e+00
   endloop
 endfacet
 facet normal -4.321400e-01  9.018065e-01  0.000000e+00
   outer loop
     vertex  5.902755e+01  3.432224e+00  5.000000e+00
     vertex  5.902755e+01  3.432224e+00  0.000000e+00
     vertex  5.898481e+01  3.411743e+00  5.000000e+00
   endloop
 endfacet
 facet normal -4.564019e-01  8.897737e-01  0.000000e+00
   outer loop
     vertex  5.906971e+01  3.453854e+00  5.000000e+00
     vertex  5.902755e+01  3.432224e+00  0.000000e+00
     vertex  5.902755e+01  3.432224e+00  5.000000e+00
   endloop
 endfacet
 facet normal -4.564019e-01  8.897737e-01  0.000000e+00
   outer loop
     vertex  5.906971e+01  3.453854e+00  5.000000e+00
     vertex  5.906971e+01  3.453854e+00  0.000000e+00
     vertex  5.902755e+01  3.432224e+00  0.000000e+00
   endloop
 endfacet
 facet normal -4.803291e-01  8.770884e-01  0.000000e+00
   outer loop
     vertex  5.911128e+01  3.476618e+00  5.000000e+00
     vertex  5.906971e+01  3.453854e+00  0.000000e+00
     vertex  5.906971e+01  3.453854e+00  5.000000e+00
   endloop
 endfacet
 facet normal -4.803291e-01  8.770884e-01  0.000000e+00
   outer loop
     vertex  5.911128e+01  3.476618e+00  5.000000e+00
     vertex  5.911128e+01  3.476618e+00  0.000000e+00
     vertex  5.906971e+01  3.453854e+00  0.000000e+00
   endloop
 endfacet
 facet normal -5.039039e-01  8.637597e-01  0.000000e+00
   outer loop
     vertex  5.915222e+01  3.500500e+00  5.000000e+00
     vertex  5.911128e+01  3.476618e+00  0.000000e+00
     vertex  5.911128e+01  3.476618e+00  5.000000e+00
   endloop
 endfacet
 facet normal -5.039039e-01  8.637597e-01  0.000000e+00
   outer loop
     vertex  5.915222e+01  3.500500e+00  5.000000e+00
     vertex  5.915222e+01  3.500500e+00  0.000000e+00
     vertex  5.911128e+01  3.476618e+00  0.000000e+00
   endloop
 endfacet
 facet normal -5.271092e-01  8.497975e-01  0.000000e+00
   outer loop
     vertex  5.919249e+01  3.525481e+00  5.000000e+00
     vertex  5.915222e+01  3.500500e+00  0.000000e+00
     vertex  5.915222e+01  3.500500e+00  5.000000e+00
   endloop
 endfacet
 facet normal -5.271092e-01  8.497975e-01  0.000000e+00
   outer loop
     vertex  5.919249e+01  3.525481e+00  5.000000e+00
     vertex  5.919249e+01  3.525481e+00  0.000000e+00
     vertex  5.915222e+01  3.500500e+00  0.000000e+00
   endloop
 endfacet
 facet normal -5.499279e-01  8.352121e-01  0.000000e+00
   outer loop
     vertex  5.923208e+01  3.551544e+00  5.000000e+00
     vertex  5.919249e+01  3.525481e+00  0.000000e+00
     vertex  5.919249e+01  3.525481e+00  5.000000e+00
   endloop
 endfacet
 facet normal -5.499279e-01  8.352121e-01  0.000000e+00
   outer loop
     vertex  5.923208e+01  3.551544e+00  5.000000e+00
     vertex  5.923208e+01  3.551544e+00  0.000000e+00
     vertex  5.919249e+01  3.525481e+00  0.000000e+00
   endloop
 endfacet
 facet normal -5.723433e-01  8.200141e-01  0.000000e+00
   outer loop
     vertex  5.927094e+01  3.578669e+00  5.000000e+00
     vertex  5.923208e+01  3.551544e+00  0.000000e+00
     vertex  5.923208e+01  3.551544e+00  5.000000e+00
   endloop
 endfacet
 facet normal -5.723433e-01  8.200141e-01  0.000000e+00
   outer loop
     vertex  5.927094e+01  3.578669e+00  5.000000e+00
     vertex  5.927094e+01  3.578669e+00  0.000000e+00
     vertex  5.923208e+01  3.551544e+00  0.000000e+00
   endloop
 endfacet
 facet normal -5.943389e-01  8.042147e-01  0.000000e+00
   outer loop
     vertex  5.930905e+01  3.606837e+00  5.000000e+00
     vertex  5.927094e+01  3.578669e+00  0.000000e+00
     vertex  5.927094e+01  3.578669e+00  5.000000e+00
   endloop
 endfacet
 facet normal -5.943389e-01  8.042147e-01  0.000000e+00
   outer loop
     vertex  5.930905e+01  3.606837e+00  5.000000e+00
     vertex  5.930905e+01  3.606837e+00  0.000000e+00
     vertex  5.927094e+01  3.578669e+00  0.000000e+00
   endloop
 endfacet
 facet normal -6.158986e-01  7.878255e-01  0.000000e+00
   outer loop
     vertex  5.934639e+01  3.636027e+00  5.000000e+00
     vertex  5.930905e+01  3.606837e+00  0.000000e+00
     vertex  5.930905e+01  3.606837e+00  5.000000e+00
   endloop
 endfacet
 facet normal -6.158986e-01  7.878255e-01  0.000000e+00
   outer loop
     vertex  5.934639e+01  3.636027e+00  5.000000e+00
     vertex  5.934639e+01  3.636027e+00  0.000000e+00
     vertex  5.930905e+01  3.606837e+00  0.000000e+00
   endloop
 endfacet
 facet normal -6.370065e-01  7.708584e-01  0.000000e+00
   outer loop
     vertex  5.938293e+01  3.666216e+00  5.000000e+00
     vertex  5.934639e+01  3.636027e+00  0.000000e+00
     vertex  5.934639e+01  3.636027e+00  5.000000e+00
   endloop
 endfacet
 facet normal -6.370065e-01  7.708584e-01  0.000000e+00
   outer loop
     vertex  5.938293e+01  3.666216e+00  5.000000e+00
     vertex  5.938293e+01  3.666216e+00  0.000000e+00
     vertex  5.934639e+01  3.636027e+00  0.000000e+00
   endloop
 endfacet
 facet normal -6.576473e-01  7.533260e-01  0.000000e+00
   outer loop
     vertex  5.941863e+01  3.697384e+00  5.000000e+00
     vertex  5.941863e+01  3.697384e+00  0.000000e+00
     vertex  5.938293e+01  3.666216e+00  0.000000e+00
   endloop
 endfacet
 facet normal -6.778058e-01  7.352410e-01  0.000000e+00
   outer loop
     vertex  5.941863e+01  3.697384e+00  5.000000e+00
     vertex  5.945347e+01  3.729508e+00  0.000000e+00
     vertex  5.941863e+01  3.697384e+00  0.000000e+00
   endloop
 endfacet
 facet normal -6.576473e-01  7.533260e-01  0.000000e+00
   outer loop
     vertex  5.941863e+01  3.697384e+00  5.000000e+00
     vertex  5.938293e+01  3.666216e+00  0.000000e+00
     vertex  5.938293e+01  3.666216e+00  5.000000e+00
   endloop
 endfacet
 facet normal -6.778058e-01  7.352410e-01  0.000000e+00
   outer loop
     vertex  5.945347e+01  3.729508e+00  5.000000e+00
     vertex  5.945347e+01  3.729508e+00  0.000000e+00
     vertex  5.941863e+01  3.697384e+00  5.000000e+00
   endloop
 endfacet
 facet normal -6.974671e-01  7.166168e-01  0.000000e+00
   outer loop
     vertex  5.948744e+01  3.762563e+00  5.000000e+00
     vertex  5.948744e+01  3.762563e+00  0.000000e+00
     vertex  5.945347e+01  3.729508e+00  0.000000e+00
   endloop
 endfacet
 facet normal -6.974671e-01  7.166168e-01  0.000000e+00
   outer loop
     vertex  5.948744e+01  3.762563e+00  5.000000e+00
     vertex  5.945347e+01  3.729508e+00  0.000000e+00
     vertex  5.945347e+01  3.729508e+00  5.000000e+00
   endloop
 endfacet
 facet normal -7.166168e-01  6.974671e-01  0.000000e+00
   outer loop
     vertex  5.952049e+01  3.796526e+00  5.000000e+00
     vertex  5.952049e+01  3.796526e+00  0.000000e+00
     vertex  5.948744e+01  3.762563e+00  0.000000e+00
   endloop
 endfacet
 facet normal -7.166168e-01  6.974671e-01  0.000000e+00
   outer loop
     vertex  5.952049e+01  3.796526e+00  5.000000e+00
     vertex  5.948744e+01  3.762563e+00  0.000000e+00
     vertex  5.948744e+01  3.762563e+00  5.000000e+00
   endloop
 endfacet
 facet normal -7.352410e-01  6.778058e-01  0.000000e+00
   outer loop
     vertex  5.955262e+01  3.831371e+00  5.000000e+00
     vertex  5.955262e+01  3.831371e+00  0.000000e+00
     vertex  5.952049e+01  3.796526e+00  0.000000e+00
   endloop
 endfacet
 facet normal -7.352410e-01  6.778058e-01  0.000000e+00
   outer loop
     vertex  5.955262e+01  3.831371e+00  5.000000e+00
     vertex  5.952049e+01  3.796526e+00  0.000000e+00
     vertex  5.952049e+01  3.796526e+00  5.000000e+00
   endloop
 endfacet
 facet normal -7.533260e-01  6.576473e-01  0.000000e+00
   outer loop
     vertex  5.958378e+01  3.867074e+00  5.000000e+00
     vertex  5.958378e+01  3.867074e+00  0.000000e+00
     vertex  5.955262e+01  3.831371e+00  0.000000e+00
   endloop
 endfacet
 facet normal -7.708584e-01  6.370065e-01  0.000000e+00
   outer loop
     vertex  5.958378e+01  3.867074e+00  5.000000e+00
     vertex  5.961397e+01  3.903608e+00  0.000000e+00
     vertex  5.958378e+01  3.867074e+00  0.000000e+00
   endloop
 endfacet
 facet normal -7.533260e-01  6.576473e-01  0.000000e+00
   outer loop
     vertex  5.958378e+01  3.867074e+00  5.000000e+00
     vertex  5.955262e+01  3.831371e+00  0.000000e+00
     vertex  5.955262e+01  3.831371e+00  5.000000e+00
   endloop
 endfacet
 facet normal -7.878255e-01  6.158986e-01  0.000000e+00
   outer loop
     vertex  5.961397e+01  3.903608e+00  5.000000e+00
     vertex  5.964316e+01  3.940945e+00  0.000000e+00
     vertex  5.961397e+01  3.903608e+00  0.000000e+00
   endloop
 endfacet
 facet normal -7.708584e-01  6.370065e-01  0.000000e+00
   outer loop
     vertex  5.961397e+01  3.903608e+00  5.000000e+00
     vertex  5.961397e+01  3.903608e+00  0.000000e+00
     vertex  5.958378e+01  3.867074e+00  5.000000e+00
   endloop
 endfacet
 facet normal -7.878255e-01  6.158986e-01  0.000000e+00
   outer loop
     vertex  5.964316e+01  3.940945e+00  5.000000e+00
     vertex  5.964316e+01  3.940945e+00  0.000000e+00
     vertex  5.961397e+01  3.903608e+00  5.000000e+00
   endloop
 endfacet
 facet normal -8.042147e-01  5.943389e-01  0.000000e+00
   outer loop
     vertex  5.967133e+01  3.979059e+00  5.000000e+00
     vertex  5.967133e+01  3.979059e+00  0.000000e+00
     vertex  5.964316e+01  3.940945e+00  0.000000e+00
   endloop
 endfacet
 facet normal -8.042147e-01  5.943389e-01  0.000000e+00
   outer loop
     vertex  5.967133e+01  3.979059e+00  5.000000e+00
     vertex  5.964316e+01  3.940945e+00  0.000000e+00
     vertex  5.964316e+01  3.940945e+00  5.000000e+00
   endloop
 endfacet
 facet normal -8.200141e-01  5.723433e-01  0.000000e+00
   outer loop
     vertex  5.969846e+01  4.017923e+00  5.000000e+00
     vertex  5.969846e+01  4.017923e+00  0.000000e+00
     vertex  5.967133e+01  3.979059e+00  0.000000e+00
   endloop
 endfacet
 facet normal -8.200141e-01  5.723433e-01  0.000000e+00
   outer loop
     vertex  5.969846e+01  4.017923e+00  5.000000e+00
     vertex  5.967133e+01  3.979059e+00  0.000000e+00
     vertex  5.967133e+01  3.979059e+00  5.000000e+00
   endloop
 endfacet
 facet normal -8.352121e-01  5.499279e-01  0.000000e+00
   outer loop
     vertex  5.972452e+01  4.057506e+00  5.000000e+00
     vertex  5.972452e+01  4.057506e+00  0.000000e+00
     vertex  5.969846e+01  4.017923e+00  0.000000e+00
   endloop
 endfacet
 facet normal -8.352121e-01  5.499279e-01  0.000000e+00
   outer loop
     vertex  5.972452e+01  4.057506e+00  5.000000e+00
     vertex  5.969846e+01  4.017923e+00  0.000000e+00
     vertex  5.969846e+01  4.017923e+00  5.000000e+00
   endloop
 endfacet
 facet normal -8.497975e-01  5.271092e-01  0.000000e+00
   outer loop
     vertex  5.974950e+01  4.097781e+00  5.000000e+00
     vertex  5.974950e+01  4.097781e+00  0.000000e+00
     vertex  5.972452e+01  4.057506e+00  0.000000e+00
   endloop
 endfacet
 facet normal -8.497975e-01  5.271092e-01  0.000000e+00
   outer loop
     vertex  5.974950e+01  4.097781e+00  5.000000e+00
     vertex  5.972452e+01  4.057506e+00  0.000000e+00
     vertex  5.972452e+01  4.057506e+00  5.000000e+00
   endloop
 endfacet
 facet normal -8.637597e-01  5.039039e-01  0.000000e+00
   outer loop
     vertex  5.977338e+01  4.138717e+00  5.000000e+00
     vertex  5.977338e+01  4.138717e+00  0.000000e+00
     vertex  5.974950e+01  4.097781e+00  0.000000e+00
   endloop
 endfacet
 facet normal -8.637597e-01  5.039039e-01  0.000000e+00
   outer loop
     vertex  5.977338e+01  4.138717e+00  5.000000e+00
     vertex  5.974950e+01  4.097781e+00  0.000000e+00
     vertex  5.974950e+01  4.097781e+00  5.000000e+00
   endloop
 endfacet
 facet normal -8.770884e-01  4.803291e-01  0.000000e+00
   outer loop
     vertex  5.979615e+01  4.180285e+00  5.000000e+00
     vertex  5.979615e+01  4.180285e+00  0.000000e+00
     vertex  5.977338e+01  4.138717e+00  0.000000e+00
   endloop
 endfacet
 facet normal -8.770884e-01  4.803291e-01  0.000000e+00
   outer loop
     vertex  5.979615e+01  4.180285e+00  5.000000e+00
     vertex  5.977338e+01  4.138717e+00  0.000000e+00
     vertex  5.977338e+01  4.138717e+00  5.000000e+00
   endloop
 endfacet
 facet normal -8.897737e-01  4.564019e-01  0.000000e+00
   outer loop
     vertex  5.981778e+01  4.222455e+00  5.000000e+00
     vertex  5.981778e+01  4.222455e+00  0.000000e+00
     vertex  5.979615e+01  4.180285e+00  0.000000e+00
   endloop
 endfacet
 facet normal -8.897737e-01  4.564019e-01  0.000000e+00
   outer loop
     vertex  5.981778e+01  4.222455e+00  5.000000e+00
     vertex  5.979615e+01  4.180285e+00  0.000000e+00
     vertex  5.979615e+01  4.180285e+00  5.000000e+00
   endloop
 endfacet
 facet normal -9.018065e-01  4.321400e-01  0.000000e+00
   outer loop
     vertex  5.983826e+01  4.265194e+00  5.000000e+00
     vertex  5.981778e+01  4.222455e+00  0.000000e+00
     vertex  5.981778e+01  4.222455e+00  5.000000e+00
   endloop
 endfacet
 facet normal -9.018065e-01  4.321400e-01  0.000000e+00
   outer loop
     vertex  5.983826e+01  4.265194e+00  5.000000e+00
     vertex  5.983826e+01  4.265194e+00  0.000000e+00
     vertex  5.981778e+01  4.222455e+00  0.000000e+00
   endloop
 endfacet
 facet normal -9.131779e-01  4.075612e-01  0.000000e+00
   outer loop
     vertex  5.985757e+01  4.308473e+00  5.000000e+00
     vertex  5.983826e+01  4.265194e+00  0.000000e+00
     vertex  5.983826e+01  4.265194e+00  5.000000e+00
   endloop
 endfacet
 facet normal -9.131779e-01  4.075612e-01  0.000000e+00
   outer loop
     vertex  5.985757e+01  4.308473e+00  5.000000e+00
     vertex  5.985757e+01  4.308473e+00  0.000000e+00
     vertex  5.983826e+01  4.265194e+00  0.000000e+00
   endloop
 endfacet
 facet normal -9.238795e-01  3.826834e-01  0.000000e+00
   outer loop
     vertex  5.987571e+01  4.352258e+00  5.000000e+00
     vertex  5.985757e+01  4.308473e+00  0.000000e+00
     vertex  5.985757e+01  4.308473e+00  5.000000e+00
   endloop
 endfacet
 facet normal -9.238795e-01  3.826834e-01  0.000000e+00
   outer loop
     vertex  5.987571e+01  4.352258e+00  5.000000e+00
     vertex  5.987571e+01  4.352258e+00  0.000000e+00
     vertex  5.985757e+01  4.308473e+00  0.000000e+00
   endloop
 endfacet
 facet normal -9.339036e-01  3.575250e-01  0.000000e+00
   outer loop
     vertex  5.989265e+01  4.396519e+00  5.000000e+00
     vertex  5.987571e+01  4.352258e+00  0.000000e+00
     vertex  5.987571e+01  4.352258e+00  5.000000e+00
   endloop
 endfacet
 facet normal -9.339036e-01  3.575250e-01  0.000000e+00
   outer loop
     vertex  5.989265e+01  4.396519e+00  5.000000e+00
     vertex  5.989265e+01  4.396519e+00  0.000000e+00
     vertex  5.987571e+01  4.352258e+00  0.000000e+00
   endloop
 endfacet
 facet normal -9.432426e-01  3.321044e-01  0.000000e+00
   outer loop
     vertex  5.989265e+01  4.396519e+00  5.000000e+00
     vertex  5.990839e+01  4.441222e+00  0.000000e+00
     vertex  5.989265e+01  4.396519e+00  0.000000e+00
   endloop
 endfacet
 facet normal -9.432426e-01  3.321044e-01  0.000000e+00
   outer loop
     vertex  5.990839e+01  4.441222e+00  5.000000e+00
     vertex  5.990839e+01  4.441222e+00  0.000000e+00
     vertex  5.989265e+01  4.396519e+00  5.000000e+00
   endloop
 endfacet
 facet normal -9.518899e-01  3.064401e-01  0.000000e+00
   outer loop
     vertex  5.992292e+01  4.486335e+00  5.000000e+00
     vertex  5.990839e+01  4.441222e+00  0.000000e+00
     vertex  5.990839e+01  4.441222e+00  5.000000e+00
   endloop
 endfacet
 facet normal -9.518899e-01  3.064401e-01  0.000000e+00
   outer loop
     vertex  5.992292e+01  4.486335e+00  5.000000e+00
     vertex  5.992292e+01  4.486335e+00  0.000000e+00
     vertex  5.990839e+01  4.441222e+00  0.000000e+00
   endloop
 endfacet
 facet normal -9.598391e-01  2.805512e-01  0.000000e+00
   outer loop
     vertex  5.992292e+01  4.486335e+00  5.000000e+00
     vertex  5.993621e+01  4.531825e+00  0.000000e+00
     vertex  5.992292e+01  4.486335e+00  0.000000e+00
   endloop
 endfacet
 facet normal -9.598391e-01  2.805512e-01  0.000000e+00
   outer loop
     vertex  5.993621e+01  4.531825e+00  5.000000e+00
     vertex  5.993621e+01  4.531825e+00  0.000000e+00
     vertex  5.992292e+01  4.486335e+00  5.000000e+00
   endloop
 endfacet
 facet normal -9.670842e-01  2.544564e-01  0.000000e+00
   outer loop
     vertex  5.994827e+01  4.577659e+00  5.000000e+00
     vertex  5.993621e+01  4.531825e+00  0.000000e+00
     vertex  5.993621e+01  4.531825e+00  5.000000e+00
   endloop
 endfacet
 facet normal -9.670842e-01  2.544564e-01  0.000000e+00
   outer loop
     vertex  5.994827e+01  4.577659e+00  5.000000e+00
     vertex  5.994827e+01  4.577659e+00  0.000000e+00
     vertex  5.993621e+01  4.531825e+00  0.000000e+00
   endloop
 endfacet
 facet normal -9.736201e-01  2.281751e-01  0.000000e+00
   outer loop
     vertex  5.995909e+01  4.623802e+00  5.000000e+00
     vertex  5.994827e+01  4.577659e+00  0.000000e+00
     vertex  5.994827e+01  4.577659e+00  5.000000e+00
   endloop
 endfacet
 facet normal -9.736201e-01  2.281751e-01  0.000000e+00
   outer loop
     vertex  5.995909e+01  4.623802e+00  5.000000e+00
     vertex  5.995909e+01  4.623802e+00  0.000000e+00
     vertex  5.994827e+01  4.577659e+00  0.000000e+00
   endloop
 endfacet
 facet normal -9.794419e-01  2.017264e-01  0.000000e+00
   outer loop
     vertex  5.996865e+01  4.670221e+00  5.000000e+00
     vertex  5.995909e+01  4.623802e+00  0.000000e+00
     vertex  5.995909e+01  4.623802e+00  5.000000e+00
   endloop
 endfacet
 facet normal -9.794419e-01  2.017264e-01  0.000000e+00
   outer loop
     vertex  5.996865e+01  4.670221e+00  5.000000e+00
     vertex  5.996865e+01  4.670221e+00  0.000000e+00
     vertex  5.995909e+01  4.623802e+00  0.000000e+00
   endloop
 endfacet
 facet normal -9.845454e-01  1.751297e-01  0.000000e+00
   outer loop
     vertex  5.997695e+01  4.716882e+00  5.000000e+00
     vertex  5.996865e+01  4.670221e+00  0.000000e+00
     vertex  5.996865e+01  4.670221e+00  5.000000e+00
   endloop
 endfacet
 facet normal -9.845454e-01  1.751297e-01  0.000000e+00
   outer loop
     vertex  5.997695e+01  4.716882e+00  5.000000e+00
     vertex  5.997695e+01  4.716882e+00  0.000000e+00
     vertex  5.996865e+01  4.670221e+00  0.000000e+00
   endloop
 endfacet
 facet normal -9.889267e-01  1.484046e-01  0.000000e+00
   outer loop
     vertex  5.998398e+01  4.763750e+00  5.000000e+00
     vertex  5.997695e+01  4.716882e+00  0.000000e+00
     vertex  5.997695e+01  4.716882e+00  5.000000e+00
   endloop
 endfacet
 facet normal -9.889267e-01  1.484046e-01  0.000000e+00
   outer loop
     vertex  5.998398e+01  4.763750e+00  5.000000e+00
     vertex  5.998398e+01  4.763750e+00  0.000000e+00
     vertex  5.997695e+01  4.716882e+00  0.000000e+00
   endloop
 endfacet
 facet normal -9.925828e-01  1.215707e-01  0.000000e+00
   outer loop
     vertex  5.998398e+01  4.763750e+00  5.000000e+00
     vertex  5.998974e+01  4.810792e+00  0.000000e+00
     vertex  5.998398e+01  4.763750e+00  0.000000e+00
   endloop
 endfacet
 facet normal -9.925828e-01  1.215707e-01  0.000000e+00
   outer loop
     vertex  5.998974e+01  4.810792e+00  5.000000e+00
     vertex  5.998974e+01  4.810792e+00  0.000000e+00
     vertex  5.998398e+01  4.763750e+00  5.000000e+00
   endloop
 endfacet
 facet normal -9.955108e-01  9.464755e-02  0.000000e+00
   outer loop
     vertex  5.999423e+01  4.857972e+00  5.000000e+00
     vertex  5.998974e+01  4.810792e+00  0.000000e+00
     vertex  5.998974e+01  4.810792e+00  5.000000e+00
   endloop
 endfacet
 facet normal -9.955108e-01  9.464755e-02  0.000000e+00
   outer loop
     vertex  5.999423e+01  4.857972e+00  5.000000e+00
     vertex  5.999423e+01  4.857972e+00  0.000000e+00
     vertex  5.998974e+01  4.810792e+00  0.000000e+00
   endloop
 endfacet
 facet normal -9.977088e-01  6.765502e-02  0.000000e+00
   outer loop
     vertex  5.999743e+01  4.905257e+00  5.000000e+00
     vertex  5.999423e+01  4.857972e+00  0.000000e+00
     vertex  5.999423e+01  4.857972e+00  5.000000e+00
   endloop
 endfacet
 facet normal -9.977088e-01  6.765502e-02  0.000000e+00
   outer loop
     vertex  5.999743e+01  4.905257e+00  5.000000e+00
     vertex  5.999743e+01  4.905257e+00  0.000000e+00
     vertex  5.999423e+01  4.857972e+00  0.000000e+00
   endloop
 endfacet
 facet normal -9.991750e-01  4.061287e-02  0.000000e+00
   outer loop
     vertex  5.999936e+01  4.952611e+00  5.000000e+00
     vertex  5.999743e+01  4.905257e+00  0.000000e+00
     vertex  5.999743e+01  4.905257e+00  5.000000e+00
   endloop
 endfacet
 facet normal -9.991750e-01  4.061287e-02  0.000000e+00
   outer loop
     vertex  5.999936e+01  4.952611e+00  5.000000e+00
     vertex  5.999936e+01  4.952611e+00  0.000000e+00
     vertex  5.999743e+01  4.905257e+00  0.000000e+00
   endloop
 endfacet
 facet normal -9.999083e-01  1.354093e-02  0.000000e+00
   outer loop
     vertex  5.999936e+01  4.952611e+00  5.000000e+00
     vertex  6.000000e+01  5.000000e+00  0.000000e+00
     vertex  5.999936e+01  4.952611e+00  0.000000e+00
   endloop
 endfacet
 facet normal -9.999083e-01  1.354093e-02  0.000000e+00
   outer loop
     vertex  6.000000e+01  5.000000e+00  5.000000e+00
     vertex  6.000000e+01  5.000000e+00  0.000000e+00
     vertex  5.999936e+01  4.952611e+00  5.000000e+00
   endloop
 endfacet
 facet normal -9.999083e-01 -1.354093e-02  0.000000e+00
   outer loop
     vertex  5.999936e+01  5.047389e+00  5.000000e+00
     vertex  6.000000e+01  5.000000e+00  0.000000e+00
     vertex  6.000000e+01  5.000000e+00  5.000000e+00
   endloop
 endfacet
 facet normal -9.999083e-01 -1.354093e-02 -0.000000e+00
   outer loop
     vertex  5.999936e+01  5.047389e+00  5.000000e+00
     vertex  5.999936e+01  5.047389e+00  0.000000e+00
     vertex  6.000000e+01  5.000000e+00  0.000000e+00
   endloop
 endfacet
 facet normal -9.991750e-01 -4.061287e-02 -0.000000e+00
   outer loop
     vertex  5.999743e+01  5.094743e+00  5.000000e+00
     vertex  5.999743e+01  5.094743e+00  0.000000e+00
     vertex  5.999936e+01  5.047389e+00  0.000000e+00
   endloop
 endfacet
 facet normal -9.991750e-01 -4.061287e-02  0.000000e+00
   outer loop
     vertex  5.999743e+01  5.094743e+00  5.000000e+00
     vertex  5.999936e+01  5.047389e+00  0.000000e+00
     vertex  5.999936e+01  5.047389e+00  5.000000e+00
   endloop
 endfacet
 facet normal -9.977088e-01 -6.765502e-02 -0.000000e+00
   outer loop
     vertex  5.999423e+01  5.142028e+00  5.000000e+00
     vertex  5.999423e+01  5.142028e+00  0.000000e+00
     vertex  5.999743e+01  5.094743e+00  0.000000e+00
   endloop
 endfacet
 facet normal -9.977088e-01 -6.765502e-02  0.000000e+00
   outer loop
     vertex  5.999423e+01  5.142028e+00  5.000000e+00
     vertex  5.999743e+01  5.094743e+00  0.000000e+00
     vertex  5.999743e+01  5.094743e+00  5.000000e+00
   endloop
 endfacet
 facet normal -9.955108e-01 -9.464755e-02 -0.000000e+00
   outer loop
     vertex  5.998974e+01  5.189208e+00  5.000000e+00
     vertex  5.998974e+01  5.189208e+00  0.000000e+00
     vertex  5.999423e+01  5.142028e+00  0.000000e+00
   endloop
 endfacet
 facet normal -9.925828e-01 -1.215707e-01 -0.000000e+00
   outer loop
     vertex  5.998974e+01  5.189208e+00  5.000000e+00
     vertex  5.998398e+01  5.236250e+00  0.000000e+00
     vertex  5.998974e+01  5.189208e+00  0.000000e+00
   endloop
 endfacet
 facet normal -9.955108e-01 -9.464755e-02  0.000000e+00
   outer loop
     vertex  5.998974e+01  5.189208e+00  5.000000e+00
     vertex  5.999423e+01  5.142028e+00  0.000000e+00
     vertex  5.999423e+01  5.142028e+00  5.000000e+00
   endloop
 endfacet
 facet normal -9.925828e-01 -1.215707e-01 -0.000000e+00
   outer loop
     vertex  5.998398e+01  5.236250e+00  5.000000e+00
     vertex  5.998398e+01  5.236250e+00  0.000000e+00
     vertex  5.998974e+01  5.189208e+00  5.000000e+00
   endloop
 endfacet
 facet normal -9.889267e-01 -1.484046e-01 -0.000000e+00
   outer loop
     vertex  5.997695e+01  5.283118e+00  5.000000e+00
     vertex  5.997695e+01  5.283118e+00  0.000000e+00
     vertex  5.998398e+01  5.236250e+00  0.000000e+00
   endloop
 endfacet
 facet normal -9.845454e-01 -1.751297e-01 -0.000000e+00
   outer loop
     vertex  5.997695e+01  5.283118e+00  5.000000e+00
     vertex  5.996865e+01  5.329779e+00  0.000000e+00
     vertex  5.997695e+01  5.283118e+00  0.000000e+00
   endloop
 endfacet
 facet normal -9.889267e-01 -1.484046e-01  0.000000e+00
   outer loop
     vertex  5.997695e+01  5.283118e+00  5.000000e+00
     vertex  5.998398e+01  5.236250e+00  0.000000e+00
     vertex  5.998398e+01  5.236250e+00  5.000000e+00
   endloop
 endfacet
 facet normal -9.845454e-01 -1.751297e-01 -0.000000e+00
   outer loop
     vertex  5.996865e+01  5.329779e+00  5.000000e+00
     vertex  5.996865e+01  5.329779e+00  0.000000e+00
     vertex  5.997695e+01  5.283118e+00  5.000000e+00
   endloop
 endfacet
 facet normal -9.794419e-01 -2.017264e-01 -0.000000e+00
   outer loop
     vertex  5.995909e+01  5.376198e+00  5.000000e+00
     vertex  5.995909e+01  5.376198e+00  0.000000e+00
     vertex  5.996865e+01  5.329779e+00  0.000000e+00
   endloop
 endfacet
 facet normal -9.736201e-01 -2.281751e-01 -0.000000e+00
   outer loop
     vertex  5.995909e+01  5.376198e+00  5.000000e+00
     vertex  5.994827e+01  5.422341e+00  0.000000e+00
     vertex  5.995909e+01  5.376198e+00  0.000000e+00
   endloop
 endfacet
 facet normal -9.794419e-01 -2.017264e-01  0.000000e+00
   outer loop
     vertex  5.995909e+01  5.376198e+00  5.000000e+00
     vertex  5.996865e+01  5.329779e+00  0.000000e+00
     vertex  5.996865e+01  5.329779e+00  5.000000e+00
   endloop
 endfacet
 facet normal -9.736201e-01 -2.281751e-01 -0.000000e+00
   outer loop
     vertex  5.994827e+01  5.422341e+00  5.000000e+00
     vertex  5.994827e+01  5.422341e+00  0.000000e+00
     vertex  5.995909e+01  5.376198e+00  5.000000e+00
   endloop
 endfacet
 facet normal -9.670842e-01 -2.544564e-01  0.000000e+00
   outer loop
     vertex  5.993621e+01  5.468175e+00  5.000000e+00
     vertex  5.994827e+01  5.422341e+00  0.000000e+00
     vertex  5.994827e+01  5.422341e+00  5.000000e+00
   endloop
 endfacet
 facet normal -9.670842e-01 -2.544564e-01 -0.000000e+00
   outer loop
     vertex  5.993621e+01  5.468175e+00  5.000000e+00
     vertex  5.993621e+01  5.468175e+00  0.000000e+00
     vertex  5.994827e+01  5.422341e+00  0.000000e+00
   endloop
 endfacet
 facet normal -9.598391e-01 -2.805512e-01  0.000000e+00
   outer loop
     vertex  5.992292e+01  5.513665e+00  5.000000e+00
     vertex  5.993621e+01  5.468175e+00  0.000000e+00
     vertex  5.993621e+01  5.468175e+00  5.000000e+00
   endloop
 endfacet
 facet normal -9.598391e-01 -2.805512e-01 -0.000000e+00
   outer loop
     vertex  5.992292e+01  5.513665e+00  5.000000e+00
     vertex  5.992292e+01  5.513665e+00  0.000000e+00
     vertex  5.993621e+01  5.468175e+00  0.000000e+00
   endloop
 endfacet
 facet normal -9.518899e-01 -3.064401e-01  0.000000e+00
   outer loop
     vertex  5.990839e+01  5.558778e+00  5.000000e+00
     vertex  5.992292e+01  5.513665e+00  0.000000e+00
     vertex  5.992292e+01  5.513665e+00  5.000000e+00
   endloop
 endfacet
 facet normal -9.518899e-01 -3.064401e-01 -0.000000e+00
   outer loop
     vertex  5.990839e+01  5.558778e+00  5.000000e+00
     vertex  5.990839e+01  5.558778e+00  0.000000e+00
     vertex  5.992292e+01  5.513665e+00  0.000000e+00
   endloop
 endfacet
 facet normal -9.432426e-01 -3.321044e-01  0.000000e+00
   outer loop
     vertex  5.989265e+01  5.603481e+00  5.000000e+00
     vertex  5.990839e+01  5.558778e+00  0.000000e+00
     vertex  5.990839e+01  5.558778e+00  5.000000e+00
   endloop
 endfacet
 facet normal -9.432426e-01 -3.321044e-01 -0.000000e+00
   outer loop
     vertex  5.989265e+01  5.603481e+00  5.000000e+00
     vertex  5.989265e+01  5.603481e+00  0.000000e+00
     vertex  5.990839e+01  5.558778e+00  0.000000e+00
   endloop
 endfacet
 facet normal -9.339036e-01 -3.575250e-01  0.000000e+00
   outer loop
     vertex  5.987571e+01  5.647742e+00  5.000000e+00
     vertex  5.989265e+01  5.603481e+00  0.000000e+00
     vertex  5.989265e+01  5.603481e+00  5.000000e+00
   endloop
 endfacet
 facet normal -9.339036e-01 -3.575250e-01 -0.000000e+00
   outer loop
     vertex  5.987571e+01  5.647742e+00  5.000000e+00
     vertex  5.987571e+01  5.647742e+00  0.000000e+00
     vertex  5.989265e+01  5.603481e+00  0.000000e+00
   endloop
 endfacet
 facet normal -9.238795e-01 -3.826834e-01  0.000000e+00
   outer loop
     vertex  5.985757e+01  5.691527e+00  5.000000e+00
     vertex  5.987571e+01  5.647742e+00  0.000000e+00
     vertex  5.987571e+01  5.647742e+00  5.000000e+00
   endloop
 endfacet
 facet normal -9.238795e-01 -3.826834e-01 -0.000000e+00
   outer loop
     vertex  5.985757e+01  5.691527e+00  5.000000e+00
     vertex  5.985757e+01  5.691527e+00  0.000000e+00
     vertex  5.987571e+01  5.647742e+00  0.000000e+00
   endloop
 endfacet
 facet normal -9.131779e-01 -4.075612e-01  0.000000e+00
   outer loop
     vertex  5.983826e+01  5.734806e+00  5.000000e+00
     vertex  5.985757e+01  5.691527e+00  0.000000e+00
     vertex  5.985757e+01  5.691527e+00  5.000000e+00
   endloop
 endfacet
 facet normal -9.131779e-01 -4.075612e-01 -0.000000e+00
   outer loop
     vertex  5.983826e+01  5.734806e+00  5.000000e+00
     vertex  5.983826e+01  5.734806e+00  0.000000e+00
     vertex  5.985757e+01  5.691527e+00  0.000000e+00
   endloop
 endfacet
 facet normal -9.018065e-01 -4.321400e-01  0.000000e+00
   outer loop
     vertex  5.981778e+01  5.777545e+00  5.000000e+00
     vertex  5.983826e+01  5.734806e+00  0.000000e+00
     vertex  5.983826e+01  5.734806e+00  5.000000e+00
   endloop
 endfacet
 facet normal -9.018065e-01 -4.321400e-01 -0.000000e+00
   outer loop
     vertex  5.981778e+01  5.777545e+00  5.000000e+00
     vertex  5.981778e+01  5.777545e+00  0.000000e+00
     vertex  5.983826e+01  5.734806e+00  0.000000e+00
   endloop
 endfacet
 facet normal -8.897737e-01 -4.564019e-01  0.000000e+00
   outer loop
     vertex  5.979615e+01  5.819715e+00  5.000000e+00
     vertex  5.981778e+01  5.777545e+00  0.000000e+00
     vertex  5.981778e+01  5.777545e+00  5.000000e+00
   endloop
 endfacet
 facet normal -8.897737e-01 -4.564019e-01 -0.000000e+00
   outer loop
     vertex  5.979615e+01  5.819715e+00  5.000000e+00
     vertex  5.979615e+01  5.819715e+00  0.000000e+00
     vertex  5.981778e+01  5.777545e+00  0.000000e+00
   endloop
 endfacet
 facet normal -8.770884e-01 -4.803291e-01  0.000000e+00
   outer loop
     vertex  5.977338e+01  5.861283e+00  5.000000e+00
     vertex  5.979615e+01  5.819715e+00  0.000000e+00
     vertex  5.979615e+01  5.819715e+00  5.000000e+00
   endloop
 endfacet
 facet normal -8.770884e-01 -4.803291e-01 -0.000000e+00
   outer loop
     vertex  5.977338e+01  5.861283e+00  5.000000e+00
     vertex  5.977338e+01  5.861283e+00  0.000000e+00
     vertex  5.979615e+01  5.819715e+00  0.000000e+00
   endloop
 endfacet
 facet normal -8.637597e-01 -5.039039e-01  0.000000e+00
   outer loop
     vertex  5.974950e+01  5.902219e+00  5.000000e+00
     vertex  5.977338e+01  5.861283e+00  0.000000e+00
     vertex  5.977338e+01  5.861283e+00  5.000000e+00
   endloop
 endfacet
 facet normal -8.637597e-01 -5.039039e-01 -0.000000e+00
   outer loop
     vertex  5.974950e+01  5.902219e+00  5.000000e+00
     vertex  5.974950e+01  5.902219e+00  0.000000e+00
     vertex  5.977338e+01  5.861283e+00  0.000000e+00
   endloop
 endfacet
 facet normal -8.497975e-01 -5.271092e-01  0.000000e+00
   outer loop
     vertex  5.972452e+01  5.942494e+00  5.000000e+00
     vertex  5.974950e+01  5.902219e+00  0.000000e+00
     vertex  5.974950e+01  5.902219e+00  5.000000e+00
   endloop
 endfacet
 facet normal -8.497975e-01 -5.271092e-01 -0.000000e+00
   outer loop
     vertex  5.972452e+01  5.942494e+00  5.000000e+00
     vertex  5.972452e+01  5.942494e+00  0.000000e+00
     vertex  5.974950e+01  5.902219e+00  0.000000e+00
   endloop
 endfacet
 facet normal -8.352121e-01 -5.499279e-01  0.000000e+00
   outer loop
     vertex  5.969846e+01  5.982077e+00  5.000000e+00
     vertex  5.972452e+01  5.942494e+00  0.000000e+00
     vertex  5.972452e+01  5.942494e+00  5.000000e+00
   endloop
 endfacet
 facet normal -8.352121e-01 -5.499279e-01 -0.000000e+00
   outer loop
     vertex  5.969846e+01  5.982077e+00  5.000000e+00
     vertex  5.969846e+01  5.982077e+00  0.000000e+00
     vertex  5.972452e+01  5.942494e+00  0.000000e+00
   endloop
 endfacet
 facet normal -8.200141e-01 -5.723433e-01  0.000000e+00
   outer loop
     vertex  5.967133e+01  6.020941e+00  5.000000e+00
     vertex  5.969846e+01  5.982077e+00  0.000000e+00
     vertex  5.969846e+01  5.982077e+00  5.000000e+00
   endloop
 endfacet
 facet normal -8.200141e-01 -5.723433e-01 -0.000000e+00
   outer loop
     vertex  5.967133e+01  6.020941e+00  5.000000e+00
     vertex  5.967133e+01  6.020941e+00  0.000000e+00
     vertex  5.969846e+01  5.982077e+00  0.000000e+00
   endloop
 endfacet
 facet normal -8.042147e-01 -5.943389e-01 -0.000000e+00
   outer loop
     vertex  5.967133e+01  6.020941e+00  5.000000e+00
     vertex  5.964316e+01  6.059055e+00  0.000000e+00
     vertex  5.967133e+01  6.020941e+00  0.000000e+00
   endloop
 endfacet
 facet normal -8.042147e-01 -5.943389e-01 -0.000000e+00
   outer loop
     vertex  5.964316e+01  6.059055e+00  5.000000e+00
     vertex  5.964316e+01  6.059055e+00  0.000000e+00
     vertex  5.967133e+01  6.020941e+00  5.000000e+00
   endloop
 endfacet
 facet normal -7.878255e-01 -6.158986e-01  0.000000e+00
   outer loop
     vertex  5.961397e+01  6.096392e+00  5.000000e+00
     vertex  5.964316e+01  6.059055e+00  0.000000e+00
     vertex  5.964316e+01  6.059055e+00  5.000000e+00
   endloop
 endfacet
 facet normal -7.878255e-01 -6.158986e-01 -0.000000e+00
   outer loop
     vertex  5.961397e+01  6.096392e+00  5.000000e+00
     vertex  5.961397e+01  6.096392e+00  0.000000e+00
     vertex  5.964316e+01  6.059055e+00  0.000000e+00
   endloop
 endfacet
 facet normal -7.708584e-01 -6.370065e-01 -0.000000e+00
   outer loop
     vertex  5.958378e+01  6.132926e+00  5.000000e+00
     vertex  5.958378e+01  6.132926e+00  0.000000e+00
     vertex  5.961397e+01  6.096392e+00  0.000000e+00
   endloop
 endfacet
 facet normal -7.708584e-01 -6.370065e-01  0.000000e+00
   outer loop
     vertex  5.958378e+01  6.132926e+00  5.000000e+00
     vertex  5.961397e+01  6.096392e+00  0.000000e+00
     vertex  5.961397e+01  6.096392e+00  5.000000e+00
   endloop
 endfacet
 facet normal -7.533260e-01 -6.576473e-01 -0.000000e+00
   outer loop
     vertex  5.955262e+01  6.168629e+00  5.000000e+00
     vertex  5.955262e+01  6.168629e+00  0.000000e+00
     vertex  5.958378e+01  6.132926e+00  0.000000e+00
   endloop
 endfacet
 facet normal -7.533260e-01 -6.576473e-01  0.000000e+00
   outer loop
     vertex  5.955262e+01  6.168629e+00  5.000000e+00
     vertex  5.958378e+01  6.132926e+00  0.000000e+00
     vertex  5.958378e+01  6.132926e+00  5.000000e+00
   endloop
 endfacet
 facet normal -7.352410e-01 -6.778058e-01 -0.000000e+00
   outer loop
     vertex  5.952049e+01  6.203474e+00  5.000000e+00
     vertex  5.952049e+01  6.203474e+00  0.000000e+00
     vertex  5.955262e+01  6.168629e+00  0.000000e+00
   endloop
 endfacet
 facet normal -7.166168e-01 -6.974671e-01 -0.000000e+00
   outer loop
     vertex  5.952049e+01  6.203474e+00  5.000000e+00
     vertex  5.948744e+01  6.237437e+00  0.000000e+00
     vertex  5.952049e+01  6.203474e+00  0.000000e+00
   endloop
 endfacet
 facet normal -7.352410e-01 -6.778058e-01  0.000000e+00
   outer loop
     vertex  5.952049e+01  6.203474e+00  5.000000e+00
     vertex  5.955262e+01  6.168629e+00  0.000000e+00
     vertex  5.955262e+01  6.168629e+00  5.000000e+00
   endloop
 endfacet
 facet normal -7.166168e-01 -6.974671e-01 -0.000000e+00
   outer loop
     vertex  5.948744e+01  6.237437e+00  5.000000e+00
     vertex  5.948744e+01  6.237437e+00  0.000000e+00
     vertex  5.952049e+01  6.203474e+00  5.000000e+00
   endloop
 endfacet
 facet normal -6.974671e-01 -7.166168e-01 -0.000000e+00
   outer loop
     vertex  5.945347e+01  6.270492e+00  5.000000e+00
     vertex  5.945347e+01  6.270492e+00  0.000000e+00
     vertex  5.948744e+01  6.237437e+00  0.000000e+00
   endloop
 endfacet
 facet normal -6.974671e-01 -7.166168e-01  0.000000e+00
   outer loop
     vertex  5.945347e+01  6.270492e+00  5.000000e+00
     vertex  5.948744e+01  6.237437e+00  0.000000e+00
     vertex  5.948744e+01  6.237437e+00  5.000000e+00
   endloop
 endfacet
 facet normal -6.778058e-01 -7.352410e-01 -0.000000e+00
   outer loop
     vertex  5.941863e+01  6.302616e+00  5.000000e+00
     vertex  5.941863e+01  6.302616e+00  0.000000e+00
     vertex  5.945347e+01  6.270492e+00  0.000000e+00
   endloop
 endfacet
 facet normal -6.778058e-01 -7.352410e-01  0.000000e+00
   outer loop
     vertex  5.941863e+01  6.302616e+00  5.000000e+00
     vertex  5.945347e+01  6.270492e+00  0.000000e+00
     vertex  5.945347e+01  6.270492e+00  5.000000e+00
   endloop
 endfacet
 facet normal -6.576473e-01 -7.533260e-01 -0.000000e+00
   outer loop
     vertex  5.938293e+01  6.333784e+00  5.000000e+00
     vertex  5.938293e+01  6.333784e+00  0.000000e+00
     vertex  5.941863e+01  6.302616e+00  0.000000e+00
   endloop
 endfacet
 facet normal -6.576473e-01 -7.533260e-01  0.000000e+00
   outer loop
     vertex  5.938293e+01  6.333784e+00  5.000000e+00
     vertex  5.941863e+01  6.302616e+00  0.000000e+00
     vertex  5.941863e+01  6.302616e+00  5.000000e+00
   endloop
 endfacet
 facet normal -6.370065e-01 -7.708584e-01 -0.000000e+00
   outer loop
     vertex  5.934639e+01  6.363973e+00  5.000000e+00
     vertex  5.934639e+01  6.363973e+00  0.000000e+00
     vertex  5.938293e+01  6.333784e+00  0.000000e+00
   endloop
 endfacet
 facet normal -6.370065e-01 -7.708584e-01  0.000000e+00
   outer loop
     vertex  5.934639e+01  6.363973e+00  5.000000e+00
     vertex  5.938293e+01  6.333784e+00  0.000000e+00
     vertex  5.938293e+01  6.333784e+00  5.000000e+00
   endloop
 endfacet
 facet normal -6.158986e-01 -7.878255e-01  0.000000e+00
   outer loop
     vertex  5.930905e+01  6.393163e+00  5.000000e+00
     vertex  5.934639e+01  6.363973e+00  0.000000e+00
     vertex  5.934639e+01  6.363973e+00  5.000000e+00
   endloop
 endfacet
 facet normal -6.158986e-01 -7.878255e-01 -0.000000e+00
   outer loop
     vertex  5.930905e+01  6.393163e+00  5.000000e+00
     vertex  5.930905e+01  6.393163e+00  0.000000e+00
     vertex  5.934639e+01  6.363973e+00  0.000000e+00
   endloop
 endfacet
 facet normal -5.943389e-01 -8.042147e-01  0.000000e+00
   outer loop
     vertex  5.927094e+01  6.421331e+00  5.000000e+00
     vertex  5.930905e+01  6.393163e+00  0.000000e+00
     vertex  5.930905e+01  6.393163e+00  5.000000e+00
   endloop
 endfacet
 facet normal -5.943389e-01 -8.042147e-01 -0.000000e+00
   outer loop
     vertex  5.927094e+01  6.421331e+00  5.000000e+00
     vertex  5.927094e+01  6.421331e+00  0.000000e+00
     vertex  5.930905e+01  6.393163e+00  0.000000e+00
   endloop
 endfacet
 facet normal -5.723433e-01 -8.200141e-01 -0.000000e+00
   outer loop
     vertex  5.923208e+01  6.448456e+00  5.000000e+00
     vertex  5.923208e+01  6.448456e+00  0.000000e+00
     vertex  5.927094e+01  6.421331e+00  0.000000e+00
   endloop
 endfacet
 facet normal -5.723433e-01 -8.200141e-01  0.000000e+00
   outer loop
     vertex  5.923208e+01  6.448456e+00  5.000000e+00
     vertex  5.927094e+01  6.421331e+00  0.000000e+00
     vertex  5.927094e+01  6.421331e+00  5.000000e+00
   endloop
 endfacet
 facet normal -5.499279e-01 -8.352121e-01 -0.000000e+00
   outer loop
     vertex  5.919249e+01  6.474519e+00  5.000000e+00
     vertex  5.919249e+01  6.474519e+00  0.000000e+00
     vertex  5.923208e+01  6.448456e+00  0.000000e+00
   endloop
 endfacet
 facet normal -5.499279e-01 -8.352121e-01  0.000000e+00
   outer loop
     vertex  5.919249e+01  6.474519e+00  5.000000e+00
     vertex  5.923208e+01  6.448456e+00  0.000000e+00
     vertex  5.923208e+01  6.448456e+00  5.000000e+00
   endloop
 endfacet
 facet normal -5.271092e-01 -8.497975e-01 -0.000000e+00
   outer loop
     vertex  5.919249e+01  6.474519e+00  5.000000e+00
     vertex  5.915222e+01  6.499500e+00  0.000000e+00
     vertex  5.919249e+01  6.474519e+00  0.000000e+00
   endloop
 endfacet
 facet normal -5.271092e-01 -8.497975e-01 -0.000000e+00
   outer loop
     vertex  5.915222e+01  6.499500e+00  5.000000e+00
     vertex  5.915222e+01  6.499500e+00  0.000000e+00
     vertex  5.919249e+01  6.474519e+00  5.000000e+00
   endloop
 endfacet
 facet normal -5.039039e-01 -8.637597e-01 -0.000000e+00
   outer loop
     vertex  5.911128e+01  6.523382e+00  5.000000e+00
     vertex  5.911128e+01  6.523382e+00  0.000000e+00
     vertex  5.915222e+01  6.499500e+00  0.000000e+00
   endloop
 endfacet
 facet normal -4.803291e-01 -8.770884e-01 -0.000000e+00
   outer loop
     vertex  5.911128e+01  6.523382e+00  5.000000e+00
     vertex  5.906971e+01  6.546146e+00  0.000000e+00
     vertex  5.911128e+01  6.523382e+00  0.000000e+00
   endloop
 endfacet
 facet normal -5.039039e-01 -8.637597e-01  0.000000e+00
   outer loop
     vertex  5.911128e+01  6.523382e+00  5.000000e+00
     vertex  5.915222e+01  6.499500e+00  0.000000e+00
     vertex  5.915222e+01  6.499500e+00  5.000000e+00
   endloop
 endfacet
 facet normal -4.564019e-01 -8.897737e-01 -0.000000e+00
   outer loop
     vertex  5.906971e+01  6.546146e+00  5.000000e+00
     vertex  5.902755e+01  6.567776e+00  0.000000e+00
     vertex  5.906971e+01  6.546146e+00  0.000000e+00
   endloop
 endfacet
 facet normal -4.803291e-01 -8.770884e-01 -0.000000e+00
   outer loop
     vertex  5.906971e+01  6.546146e+00  5.000000e+00
     vertex  5.906971e+01  6.546146e+00  0.000000e+00
     vertex  5.911128e+01  6.523382e+00  5.000000e+00
   endloop
 endfacet
 facet normal -4.564019e-01 -8.897737e-01 -0.000000e+00
   outer loop
     vertex  5.902755e+01  6.567776e+00  5.000000e+00
     vertex  5.902755e+01  6.567776e+00  0.000000e+00
     vertex  5.906971e+01  6.546146e+00  5.000000e+00
   endloop
 endfacet
 facet normal -4.321400e-01 -9.018065e-01 -0.000000e+00
   outer loop
     vertex  5.898481e+01  6.588257e+00  5.000000e+00
     vertex  5.898481e+01  6.588257e+00  0.000000e+00
     vertex  5.902755e+01  6.567776e+00  0.000000e+00
   endloop
 endfacet
 facet normal -4.321400e-01 -9.018065e-01  0.000000e+00
   outer loop
     vertex  5.898481e+01  6.588257e+00  5.000000e+00
     vertex  5.902755e+01  6.567776e+00  0.000000e+00
     vertex  5.902755e+01  6.567776e+00  5.000000e+00
   endloop
 endfacet
 facet normal -4.075612e-01 -9.131779e-01 -0.000000e+00
   outer loop
     vertex  5.894153e+01  6.607573e+00  5.000000e+00
     vertex  5.894153e+01  6.607573e+00  0.000000e+00
     vertex  5.898481e+01  6.588257e+00  0.000000e+00
   endloop
 endfacet
 facet normal -4.075612e-01 -9.131779e-01  0.000000e+00
   outer loop
     vertex  5.894153e+01  6.607573e+00  5.000000e+00
     vertex  5.898481e+01  6.588257e+00  0.000000e+00
     vertex  5.898481e+01  6.588257e+00  5.000000e+00
   endloop
 endfacet
 facet normal -3.826834e-01 -9.238795e-01 -0.000000e+00
   outer loop
     vertex  5.889774e+01  6.625709e+00  5.000000e+00
     vertex  5.889774e+01  6.625709e+00  0.000000e+00
     vertex  5.894153e+01  6.607573e+00  0.000000e+00
   endloop
 endfacet
 facet normal -3.575250e-01 -9.339036e-01 -0.000000e+00
   outer loop
     vertex  5.889774e+01  6.625709e+00  5.000000e+00
     vertex  5.885348e+01  6.642654e+00  0.000000e+00
     vertex  5.889774e+01  6.625709e+00  0.000000e+00
   endloop
 endfacet
 facet normal -3.826834e-01 -9.238795e-01  0.000000e+00
   outer loop
     vertex  5.889774e+01  6.625709e+00  5.000000e+00
     vertex  5.894153e+01  6.607573e+00  0.000000e+00
     vertex  5.894153e+01  6.607573e+00  5.000000e+00
   endloop
 endfacet
 facet normal -3.575250e-01 -9.339036e-01 -0.000000e+00
   outer loop
     vertex  5.885348e+01  6.642654e+00  5.000000e+00
     vertex  5.885348e+01  6.642654e+00  0.000000e+00
     vertex  5.889774e+01  6.625709e+00  5.000000e+00
   endloop
 endfacet
 facet normal -3.321044e-01 -9.432426e-01 -0.000000e+00
   outer loop
     vertex  5.885348e+01  6.642654e+00  5.000000e+00
     vertex  5.880878e+01  6.658393e+00  0.000000e+00
     vertex  5.885348e+01  6.642654e+00  0.000000e+00
   endloop
 endfacet
 facet normal -3.321044e-01 -9.432426e-01 -0.000000e+00
   outer loop
     vertex  5.880878e+01  6.658393e+00  5.000000e+00
     vertex  5.880878e+01  6.658393e+00  0.000000e+00
     vertex  5.885348e+01  6.642654e+00  5.000000e+00
   endloop
 endfacet
 facet normal -3.064401e-01 -9.518899e-01 -0.000000e+00
   outer loop
     vertex  5.876366e+01  6.672916e+00  5.000000e+00
     vertex  5.876366e+01  6.672916e+00  0.000000e+00
     vertex  5.880878e+01  6.658393e+00  0.000000e+00
   endloop
 endfacet
 facet normal -3.064401e-01 -9.518899e-01  0.000000e+00
   outer loop
     vertex  5.876366e+01  6.672916e+00  5.000000e+00
     vertex  5.880878e+01  6.658393e+00  0.000000e+00
     vertex  5.880878e+01  6.658393e+00  5.000000e+00
   endloop
 endfacet
 facet normal -2.805512e-01 -9.598391e-01 -0.000000e+00
   outer loop
     vertex  5.871817e+01  6.686212e+00  5.000000e+00
     vertex  5.871817e+01  6.686212e+00  0.000000e+00
     vertex  5.876366e+01  6.672916e+00  0.000000e+00
   endloop
 endfacet
 facet normal -2.544564e-01 -9.670842e-01 -0.000000e+00
   outer loop
     vertex  5.871817e+01  6.686212e+00  5.000000e+00
     vertex  5.867234e+01  6.698272e+00  0.000000e+00
     vertex  5.871817e+01  6.686212e+00  0.000000e+00
   endloop
 endfacet
 facet normal -2.805512e-01 -9.598391e-01  0.000000e+00
   outer loop
     vertex  5.871817e+01  6.686212e+00  5.000000e+00
     vertex  5.876366e+01  6.672916e+00  0.000000e+00
     vertex  5.876366e+01  6.672916e+00  5.000000e+00
   endloop
 endfacet
 facet normal -2.544564e-01 -9.670842e-01 -0.000000e+00
   outer loop
     vertex  5.867234e+01  6.698272e+00  5.000000e+00
     vertex  5.867234e+01  6.698272e+00  0.000000e+00
     vertex  5.871817e+01  6.686212e+00  5.000000e+00
   endloop
 endfacet
 facet normal -2.281751e-01 -9.736201e-01 -0.000000e+00
   outer loop
     vertex  5.862620e+01  6.709086e+00  5.000000e+00
     vertex  5.862620e+01  6.709086e+00  0.000000e+00
     vertex  5.867234e+01  6.698272e+00  0.000000e+00
   endloop
 endfacet
 facet normal -2.281751e-01 -9.736201e-01  0.000000e+00
   outer loop
     vertex  5.862620e+01  6.709086e+00  5.000000e+00
     vertex  5.867234e+01  6.698272e+00  0.000000e+00
     vertex  5.867234e+01  6.698272e+00  5.000000e+00
   endloop
 endfacet
 facet normal -2.017264e-01 -9.794419e-01 -0.000000e+00
   outer loop
     vertex  5.857978e+01  6.718646e+00  5.000000e+00
     vertex  5.857978e+01  6.718646e+00  0.000000e+00
     vertex  5.862620e+01  6.709086e+00  0.000000e+00
   endloop
 endfacet
 facet normal -2.017264e-01 -9.794419e-01  0.000000e+00
   outer loop
     vertex  5.857978e+01  6.718646e+00  5.000000e+00
     vertex  5.862620e+01  6.709086e+00  0.000000e+00
     vertex  5.862620e+01  6.709086e+00  5.000000e+00
   endloop
 endfacet
 facet normal -1.751297e-01 -9.845454e-01 -0.000000e+00
   outer loop
     vertex  5.853312e+01  6.726946e+00  5.000000e+00
     vertex  5.853312e+01  6.726946e+00  0.000000e+00
     vertex  5.857978e+01  6.718646e+00  0.000000e+00
   endloop
 endfacet
 facet normal -1.484046e-01 -9.889267e-01 -0.000000e+00
   outer loop
     vertex  5.853312e+01  6.726946e+00  5.000000e+00
     vertex  5.848625e+01  6.733980e+00  0.000000e+00
     vertex  5.853312e+01  6.726946e+00  0.000000e+00
   endloop
 endfacet
 facet normal -1.751297e-01 -9.845454e-01  0.000000e+00
   outer loop
     vertex  5.853312e+01  6.726946e+00  5.000000e+00
     vertex  5.857978e+01  6.718646e+00  0.000000e+00
     vertex  5.857978e+01  6.718646e+00  5.000000e+00
   endloop
 endfacet
 facet normal -1.484046e-01 -9.889267e-01 -0.000000e+00
   outer loop
     vertex  5.848625e+01  6.733980e+00  5.000000e+00
     vertex  5.848625e+01  6.733980e+00  0.000000e+00
     vertex  5.853312e+01  6.726946e+00  5.000000e+00
   endloop
 endfacet
 facet normal -1.215707e-01 -9.925828e-01 -0.000000e+00
   outer loop
     vertex  5.843921e+01  6.739741e+00  5.000000e+00
     vertex  5.843921e+01  6.739741e+00  0.000000e+00
     vertex  5.848625e+01  6.733980e+00  0.000000e+00
   endloop
 endfacet
 facet normal -9.464755e-02 -9.955108e-01 -0.000000e+00
   outer loop
     vertex  5.843921e+01  6.739741e+00  5.000000e+00
     vertex  5.839203e+01  6.744227e+00  0.000000e+00
     vertex  5.843921e+01  6.739741e+00  0.000000e+00
   endloop
 endfacet
 facet normal -1.215707e-01 -9.925828e-01  0.000000e+00
   outer loop
     vertex  5.843921e+01  6.739741e+00  5.000000e+00
     vertex  5.848625e+01  6.733980e+00  0.000000e+00
     vertex  5.848625e+01  6.733980e+00  5.000000e+00
   endloop
 endfacet
 facet normal -9.464755e-02 -9.955108e-01 -0.000000e+00
   outer loop
     vertex  5.839203e+01  6.744227e+00  5.000000e+00
     vertex  5.839203e+01  6.744227e+00  0.000000e+00
     vertex  5.843921e+01  6.739741e+00  5.000000e+00
   endloop
 endfacet
 facet normal -6.765502e-02 -9.977088e-01 -0.000000e+00
   outer loop
     vertex  5.834474e+01  6.747433e+00  5.000000e+00
     vertex  5.834474e+01  6.747433e+00  0.000000e+00
     vertex  5.839203e+01  6.744227e+00  0.000000e+00
   endloop
 endfacet
 facet normal -4.061287e-02 -9.991750e-01 -0.000000e+00
   outer loop
     vertex  5.834474e+01  6.747433e+00  5.000000e+00
     vertex  5.829739e+01  6.749358e+00  0.000000e+00
     vertex  5.834474e+01  6.747433e+00  0.000000e+00
   endloop
 endfacet
 facet normal -6.765502e-02 -9.977088e-01  0.000000e+00
   outer loop
     vertex  5.834474e+01  6.747433e+00  5.000000e+00
     vertex  5.839203e+01  6.744227e+00  0.000000e+00
     vertex  5.839203e+01  6.744227e+00  5.000000e+00
   endloop
 endfacet
 facet normal -4.061287e-02 -9.991750e-01 -0.000000e+00
   outer loop
     vertex  5.829739e+01  6.749358e+00  5.000000e+00
     vertex  5.829739e+01  6.749358e+00  0.000000e+00
     vertex  5.834474e+01  6.747433e+00  5.000000e+00
   endloop
 endfacet
 facet normal -1.354093e-02 -9.999083e-01 -0.000000e+00
   outer loop
     vertex  5.825000e+01  6.750000e+00  5.000000e+00
     vertex  5.825000e+01  6.750000e+00  0.000000e+00
     vertex  5.829739e+01  6.749358e+00  0.000000e+00
   endloop
 endfacet
 facet normal -1.354093e-02 -9.999083e-01  0.000000e+00
   outer loop
     vertex  5.825000e+01  6.750000e+00  5.000000e+00
     vertex  5.829739e+01  6.749358e+00  0.000000e+00
     vertex  5.829739e+01  6.749358e+00  5.000000e+00
   endloop
 endfacet
endsolid
