solid 
 facet normal -1.000000e+00  0.000000e+00  0.000000e+00
   outer loop
     vertex  0.000000e+00  0.000000e+00  4.000000e+00
     vertex  0.000000e+00  1.600000e+01  0.000000e+00
     vertex  0.000000e+00  0.000000e+00  0.000000e+00
   endloop
 endfacet
 facet normal -1.000000e+00  0.000000e+00  0.000000e+00
   outer loop
     vertex  0.000000e+00  0.000000e+00  4.000000e+00
     vertex  0.000000e+00  1.600000e+01  4.000000e+00
     vertex  0.000000e+00  1.600000e+01  0.000000e+00
   endloop
 endfacet
 facet normal  0.000000e+00 -1.000000e+00 -0.000000e+00
   outer loop
     vertex  4.200000e+01  0.000000e+00  4.000000e+00
     vertex  0.000000e+00  0.000000e+00  0.000000e+00
     vertex  4.200000e+01  0.000000e+00  0.000000e+00
   endloop
 endfacet
 facet normal -0.000000e+00 -1.000000e+00  0.000000e+00
   outer loop
     vertex  4.200000e+01  0.000000e+00  4.000000e+00
     vertex  0.000000e+00  0.000000e+00  4.000000e+00
     vertex  0.000000e+00  0.000000e+00  0.000000e+00
   endloop
 endfacet
 facet normal  0.000000e+00  0.000000e+00  1.000000e+00
   outer loop
     vertex  5.171689e+00  6.081725e+00  4.000000e+00
     vertex  5.119751e+00  6.132605e+00  4.000000e+00
     vertex  0.000000e+00  0.000000e+00  4.000000e+00
   endloop
 endfacet
 facet normal  0.000000e+00  0.000000e+00  1.000000e+00
   outer loop
     vertex  5.069229e+00  6.184890e+00  4.000000e+00
     vertex  0.000000e+00  0.000000e+00  4.000000e+00
     vertex  5.119751e+00  6.132605e+00  4.000000e+00
   endloop
 endfacet
 facet normal  0.000000e+00  0.000000e+00  1.000000e+00
   outer loop
     vertex  5.225004e+00  6.032289e+00  4.000000e+00
     vertex  5.171689e+00  6.081725e+00  4.000000e+00
     vertex  0.000000e+00  0.000000e+00  4.000000e+00
   endloop
 endfacet
 facet normal  0.000000e+00  0.000000e+00  1.000000e+00
   outer loop
     vertex  5.020160e+00  6.238542e+00  4.000000e+00
     vertex  0.000000e+00  0.000000e+00  4.000000e+00
     vertex  5.069229e+00  6.184890e+00  4.000000e+00
   endloop
 endfacet
 facet normal  0.000000e+00  0.000000e+00  1.000000e+00
   outer loop
     vertex  5.279654e+00  5.984334e+00  4.000000e+00
     vertex  5.225004e+00  6.032289e+00  4.000000e+00
     vertex  0.000000e+00  0.000000e+00  4.000000e+00
   endloop
 endfacet
 facet normal  0.000000e+00  0.000000e+00  1.000000e+00
   outer loop
     vertex  4.972581e+00  6.293520e+00  4.000000e+00
     vertex  0.000000e+00  0.000000e+00  4.000000e+00
     vertex  5.020160e+00  6.238542e+00  4.000000e+00
   endloop
 endfacet
 facet normal  0.000000e+00  0.000000e+00  1.000000e+00
   outer loop
     vertex  5.335599e+00  5.937897e+00  4.000000e+00
     vertex  5.279654e+00  5.984334e+00  4.000000e+00
     vertex  0.000000e+00  0.000000e+00  4.000000e+00
   endloop
 endfacet
 facet normal  0.000000e+00  0.000000e+00  1.000000e+00
   outer loop
     vertex  4.926529e+00  6.349783e+00  4.000000e+00
     vertex  0.000000e+00  0.000000e+00  4.000000e+00
     vertex  4.972581e+00  6.293520e+00  4.000000e+00
   endloop
 endfacet
 facet normal  0.000000e+00  0.000000e+00  1.000000e+00
   outer loop
     vertex  5.392798e+00  5.893012e+00  4.000000e+00
     vertex  5.335599e+00  5.937897e+00  4.000000e+00
     vertex  0.000000e+00  0.000000e+00  4.000000e+00
   endloop
 endfacet
 facet normal  0.000000e+00  0.000000e+00  1.000000e+00
   outer loop
     vertex  4.882037e+00  6.407288e+00  4.000000e+00
     vertex  0.000000e+00  0.000000e+00  4.000000e+00
     vertex  4.926529e+00  6.349783e+00  4.000000e+00
   endloop
 endfacet
 facet normal  0.000000e+00  0.000000e+00  1.000000e+00
   outer loop
     vertex  5.451206e+00  5.849713e+00  4.000000e+00
     vertex  5.392798e+00  5.893012e+00  4.000000e+00
     vertex  0.000000e+00  0.000000e+00  4.000000e+00
   endloop
 endfacet
 facet normal  0.000000e+00  0.000000e+00  1.000000e+00
   outer loop
     vertex  4.839139e+00  6.465992e+00  4.000000e+00
     vertex  0.000000e+00  0.000000e+00  4.000000e+00
     vertex  4.882037e+00  6.407288e+00  4.000000e+00
   endloop
 endfacet
 facet normal  0.000000e+00  0.000000e+00  1.000000e+00
   outer loop
     vertex  5.510780e+00  5.808032e+00  4.000000e+00
     vertex  5.451206e+00  5.849713e+00  4.000000e+00
     vertex  0.000000e+00  0.000000e+00  4.000000e+00
   endloop
 endfacet
 facet normal  0.000000e+00  0.000000e+00  1.000000e+00
   outer loop
     vertex  4.797869e+00  6.525850e+00  4.000000e+00
     vertex  0.000000e+00  0.000000e+00  4.000000e+00
     vertex  4.839139e+00  6.465992e+00  4.000000e+00
   endloop
 endfacet
 facet normal  0.000000e+00  0.000000e+00  1.000000e+00
   outer loop
     vertex  5.571475e+00  5.768002e+00  4.000000e+00
     vertex  5.510780e+00  5.808032e+00  4.000000e+00
     vertex  0.000000e+00  0.000000e+00  4.000000e+00
   endloop
 endfacet
 facet normal  0.000000e+00  0.000000e+00  1.000000e+00
   outer loop
     vertex  4.758256e+00  6.586818e+00  4.000000e+00
     vertex  0.000000e+00  0.000000e+00  4.000000e+00
     vertex  4.797869e+00  6.525850e+00  4.000000e+00
   endloop
 endfacet
 facet normal  0.000000e+00  0.000000e+00  1.000000e+00
   outer loop
     vertex  5.633245e+00  5.729652e+00  4.000000e+00
     vertex  5.571475e+00  5.768002e+00  4.000000e+00
     vertex  0.000000e+00  0.000000e+00  4.000000e+00
   endloop
 endfacet
 facet normal  0.000000e+00  0.000000e+00  1.000000e+00
   outer loop
     vertex  4.720330e+00  6.648850e+00  4.000000e+00
     vertex  0.000000e+00  0.000000e+00  4.000000e+00
     vertex  4.758256e+00  6.586818e+00  4.000000e+00
   endloop
 endfacet
 facet normal  0.000000e+00  0.000000e+00  1.000000e+00
   outer loop
     vertex  5.696045e+00  5.693011e+00  4.000000e+00
     vertex  5.633245e+00  5.729652e+00  4.000000e+00
     vertex  0.000000e+00  0.000000e+00  4.000000e+00
   endloop
 endfacet
 facet normal  0.000000e+00  0.000000e+00  1.000000e+00
   outer loop
     vertex  4.684121e+00  6.711900e+00  4.000000e+00
     vertex  0.000000e+00  0.000000e+00  4.000000e+00
     vertex  4.720330e+00  6.648850e+00  4.000000e+00
   endloop
 endfacet
 facet normal  0.000000e+00  0.000000e+00  1.000000e+00
   outer loop
     vertex  5.759825e+00  5.658106e+00  4.000000e+00
     vertex  5.696045e+00  5.693011e+00  4.000000e+00
     vertex  0.000000e+00  0.000000e+00  4.000000e+00
   endloop
 endfacet
 facet normal  0.000000e+00  0.000000e+00  1.000000e+00
   outer loop
     vertex  4.649654e+00  6.775918e+00  4.000000e+00
     vertex  0.000000e+00  0.000000e+00  4.000000e+00
     vertex  4.684121e+00  6.711900e+00  4.000000e+00
   endloop
 endfacet
 facet normal  0.000000e+00  0.000000e+00  1.000000e+00
   outer loop
     vertex  5.824540e+00  5.624965e+00  4.000000e+00
     vertex  5.759825e+00  5.658106e+00  4.000000e+00
     vertex  0.000000e+00  0.000000e+00  4.000000e+00
   endloop
 endfacet
 facet normal  0.000000e+00  0.000000e+00  1.000000e+00
   outer loop
     vertex  4.616958e+00  6.840859e+00  4.000000e+00
     vertex  0.000000e+00  0.000000e+00  4.000000e+00
     vertex  4.649654e+00  6.775918e+00  4.000000e+00
   endloop
 endfacet
 facet normal  0.000000e+00  0.000000e+00  1.000000e+00
   outer loop
     vertex  5.890139e+00  5.593611e+00  4.000000e+00
     vertex  5.824540e+00  5.624965e+00  4.000000e+00
     vertex  0.000000e+00  0.000000e+00  4.000000e+00
   endloop
 endfacet
 facet normal  0.000000e+00  0.000000e+00  1.000000e+00
   outer loop
     vertex  4.586055e+00  6.906671e+00  4.000000e+00
     vertex  0.000000e+00  0.000000e+00  4.000000e+00
     vertex  4.616958e+00  6.840859e+00  4.000000e+00
   endloop
 endfacet
 facet normal  0.000000e+00  0.000000e+00  1.000000e+00
   outer loop
     vertex  5.956574e+00  5.564069e+00  4.000000e+00
     vertex  5.890139e+00  5.593611e+00  4.000000e+00
     vertex  0.000000e+00  0.000000e+00  4.000000e+00
   endloop
 endfacet
 facet normal  0.000000e+00  0.000000e+00  1.000000e+00
   outer loop
     vertex  4.556969e+00  6.973307e+00  4.000000e+00
     vertex  0.000000e+00  0.000000e+00  4.000000e+00
     vertex  4.586055e+00  6.906671e+00  4.000000e+00
   endloop
 endfacet
 facet normal  0.000000e+00  0.000000e+00  1.000000e+00
   outer loop
     vertex  6.023794e+00  5.536360e+00  4.000000e+00
     vertex  5.956574e+00  5.564069e+00  4.000000e+00
     vertex  0.000000e+00  0.000000e+00  4.000000e+00
   endloop
 endfacet
 facet normal  0.000000e+00  0.000000e+00  1.000000e+00
   outer loop
     vertex  4.529722e+00  7.040716e+00  4.000000e+00
     vertex  0.000000e+00  0.000000e+00  4.000000e+00
     vertex  4.556969e+00  6.973307e+00  4.000000e+00
   endloop
 endfacet
 facet normal  0.000000e+00  0.000000e+00  1.000000e+00
   outer loop
     vertex  6.091749e+00  5.510506e+00  4.000000e+00
     vertex  6.023794e+00  5.536360e+00  4.000000e+00
     vertex  0.000000e+00  0.000000e+00  4.000000e+00
   endloop
 endfacet
 facet normal  0.000000e+00  0.000000e+00  1.000000e+00
   outer loop
     vertex  4.504335e+00  7.108847e+00  4.000000e+00
     vertex  0.000000e+00  0.000000e+00  4.000000e+00
     vertex  4.529722e+00  7.040716e+00  4.000000e+00
   endloop
 endfacet
 facet normal  0.000000e+00  0.000000e+00  1.000000e+00
   outer loop
     vertex  6.160388e+00  5.486526e+00  4.000000e+00
     vertex  6.091749e+00  5.510506e+00  4.000000e+00
     vertex  0.000000e+00  0.000000e+00  4.000000e+00
   endloop
 endfacet
 facet normal  0.000000e+00  0.000000e+00  1.000000e+00
   outer loop
     vertex  4.480826e+00  7.177648e+00  4.000000e+00
     vertex  0.000000e+00  0.000000e+00  4.000000e+00
     vertex  4.504335e+00  7.108847e+00  4.000000e+00
   endloop
 endfacet
 facet normal  0.000000e+00  0.000000e+00  1.000000e+00
   outer loop
     vertex  6.229659e+00  5.464438e+00  4.000000e+00
     vertex  6.160388e+00  5.486526e+00  4.000000e+00
     vertex  0.000000e+00  0.000000e+00  4.000000e+00
   endloop
 endfacet
 facet normal  0.000000e+00  0.000000e+00  1.000000e+00
   outer loop
     vertex  4.459214e+00  7.247069e+00  4.000000e+00
     vertex  0.000000e+00  0.000000e+00  4.000000e+00
     vertex  4.480826e+00  7.177648e+00  4.000000e+00
   endloop
 endfacet
 facet normal  0.000000e+00  0.000000e+00  1.000000e+00
   outer loop
     vertex  6.299509e+00  5.444259e+00  4.000000e+00
     vertex  6.229659e+00  5.464438e+00  4.000000e+00
     vertex  0.000000e+00  0.000000e+00  4.000000e+00
   endloop
 endfacet
 facet normal  0.000000e+00  0.000000e+00  1.000000e+00
   outer loop
     vertex  4.439514e+00  7.317056e+00  4.000000e+00
     vertex  0.000000e+00  0.000000e+00  4.000000e+00
     vertex  4.459214e+00  7.247069e+00  4.000000e+00
   endloop
 endfacet
 facet normal  0.000000e+00  0.000000e+00  1.000000e+00
   outer loop
     vertex  6.369887e+00  5.426004e+00  4.000000e+00
     vertex  6.299509e+00  5.444259e+00  4.000000e+00
     vertex  0.000000e+00  0.000000e+00  4.000000e+00
   endloop
 endfacet
 facet normal  0.000000e+00  0.000000e+00  1.000000e+00
   outer loop
     vertex  4.421742e+00  7.387558e+00  4.000000e+00
     vertex  0.000000e+00  0.000000e+00  4.000000e+00
     vertex  4.439514e+00  7.317056e+00  4.000000e+00
   endloop
 endfacet
 facet normal  0.000000e+00  0.000000e+00  1.000000e+00
   outer loop
     vertex  6.440739e+00  5.409686e+00  4.000000e+00
     vertex  6.369887e+00  5.426004e+00  4.000000e+00
     vertex  0.000000e+00  0.000000e+00  4.000000e+00
   endloop
 endfacet
 facet normal  0.000000e+00  0.000000e+00  1.000000e+00
   outer loop
     vertex  4.405911e+00  7.458520e+00  4.000000e+00
     vertex  0.000000e+00  0.000000e+00  4.000000e+00
     vertex  4.421742e+00  7.387558e+00  4.000000e+00
   endloop
 endfacet
 facet normal  0.000000e+00  0.000000e+00  1.000000e+00
   outer loop
     vertex  6.512013e+00  5.395318e+00  4.000000e+00
     vertex  6.440739e+00  5.409686e+00  4.000000e+00
     vertex  0.000000e+00  0.000000e+00  4.000000e+00
   endloop
 endfacet
 facet normal  0.000000e+00  0.000000e+00  1.000000e+00
   outer loop
     vertex  4.392032e+00  7.529891e+00  4.000000e+00
     vertex  0.000000e+00  0.000000e+00  4.000000e+00
     vertex  4.405911e+00  7.458520e+00  4.000000e+00
   endloop
 endfacet
 facet normal  0.000000e+00  0.000000e+00  1.000000e+00
   outer loop
     vertex  6.583653e+00  5.382911e+00  4.000000e+00
     vertex  6.512013e+00  5.395318e+00  4.000000e+00
     vertex  0.000000e+00  0.000000e+00  4.000000e+00
   endloop
 endfacet
 facet normal  0.000000e+00  0.000000e+00  1.000000e+00
   outer loop
     vertex  4.380117e+00  7.601615e+00  4.000000e+00
     vertex  0.000000e+00  0.000000e+00  4.000000e+00
     vertex  4.392032e+00  7.529891e+00  4.000000e+00
   endloop
 endfacet
 facet normal  0.000000e+00  0.000000e+00  1.000000e+00
   outer loop
     vertex  6.655607e+00  5.372474e+00  4.000000e+00
     vertex  6.583653e+00  5.382911e+00  4.000000e+00
     vertex  0.000000e+00  0.000000e+00  4.000000e+00
   endloop
 endfacet
 facet normal  0.000000e+00  0.000000e+00  1.000000e+00
   outer loop
     vertex  4.370173e+00  7.673639e+00  4.000000e+00
     vertex  0.000000e+00  0.000000e+00  4.000000e+00
     vertex  4.380117e+00  7.601615e+00  4.000000e+00
   endloop
 endfacet
 facet normal  0.000000e+00  0.000000e+00  1.000000e+00
   outer loop
     vertex  6.727821e+00  5.364015e+00  4.000000e+00
     vertex  6.655607e+00  5.372474e+00  4.000000e+00
     vertex  0.000000e+00  0.000000e+00  4.000000e+00
   endloop
 endfacet
 facet normal  0.000000e+00  0.000000e+00  1.000000e+00
   outer loop
     vertex  4.362210e+00  7.745908e+00  4.000000e+00
     vertex  0.000000e+00  0.000000e+00  4.000000e+00
     vertex  4.370173e+00  7.673639e+00  4.000000e+00
   endloop
 endfacet
 facet normal  0.000000e+00  0.000000e+00  1.000000e+00
   outer loop
     vertex  6.800239e+00  5.357540e+00  4.000000e+00
     vertex  6.727821e+00  5.364015e+00  4.000000e+00
     vertex  0.000000e+00  0.000000e+00  4.000000e+00
   endloop
 endfacet
 facet normal  0.000000e+00  0.000000e+00  1.000000e+00
   outer loop
     vertex  4.356232e+00  7.818369e+00  4.000000e+00
     vertex  0.000000e+00  0.000000e+00  4.000000e+00
     vertex  4.362210e+00  7.745908e+00  4.000000e+00
   endloop
 endfacet
 facet normal  0.000000e+00  0.000000e+00  1.000000e+00
   outer loop
     vertex  6.872808e+00  5.353054e+00  4.000000e+00
     vertex  6.800239e+00  5.357540e+00  4.000000e+00
     vertex  0.000000e+00  0.000000e+00  4.000000e+00
   endloop
 endfacet
 facet normal  0.000000e+00  0.000000e+00  1.000000e+00
   outer loop
     vertex  4.352244e+00  7.890967e+00  4.000000e+00
     vertex  0.000000e+00  0.000000e+00  4.000000e+00
     vertex  4.356232e+00  7.818369e+00  4.000000e+00
   endloop
 endfacet
 facet normal  0.000000e+00  0.000000e+00  1.000000e+00
   outer loop
     vertex  6.945472e+00  5.350561e+00  4.000000e+00
     vertex  6.872808e+00  5.353054e+00  4.000000e+00
     vertex  0.000000e+00  0.000000e+00  4.000000e+00
   endloop
 endfacet
 facet normal  0.000000e+00  0.000000e+00  1.000000e+00
   outer loop
     vertex  4.350249e+00  7.963646e+00  4.000000e+00
     vertex  0.000000e+00  0.000000e+00  4.000000e+00
     vertex  4.352244e+00  7.890967e+00  4.000000e+00
   endloop
 endfacet
 facet normal  0.000000e+00  0.000000e+00  1.000000e+00
   outer loop
     vertex  7.018177e+00  5.350062e+00  4.000000e+00
     vertex  6.945472e+00  5.350561e+00  4.000000e+00
     vertex  0.000000e+00  0.000000e+00  4.000000e+00
   endloop
 endfacet
 facet normal  0.000000e+00  0.000000e+00  1.000000e+00
   outer loop
     vertex  7.090869e+00  5.351558e+00  4.000000e+00
     vertex  7.018177e+00  5.350062e+00  4.000000e+00
     vertex  0.000000e+00  0.000000e+00  4.000000e+00
   endloop
 endfacet
 facet normal  0.000000e+00  0.000000e+00  1.000000e+00
   outer loop
     vertex  7.163492e+00  5.355048e+00  4.000000e+00
     vertex  7.090869e+00  5.351558e+00  4.000000e+00
     vertex  0.000000e+00  0.000000e+00  4.000000e+00
   endloop
 endfacet
 facet normal  0.000000e+00  0.000000e+00  1.000000e+00
   outer loop
     vertex  7.235992e+00  5.360529e+00  4.000000e+00
     vertex  7.163492e+00  5.355048e+00  4.000000e+00
     vertex  0.000000e+00  0.000000e+00  4.000000e+00
   endloop
 endfacet
 facet normal  0.000000e+00  0.000000e+00  1.000000e+00
   outer loop
     vertex  7.308315e+00  5.367997e+00  4.000000e+00
     vertex  7.235992e+00  5.360529e+00  4.000000e+00
     vertex  0.000000e+00  0.000000e+00  4.000000e+00
   endloop
 endfacet
 facet normal  0.000000e+00  0.000000e+00  1.000000e+00
   outer loop
     vertex  7.380405e+00  5.377446e+00  4.000000e+00
     vertex  7.308315e+00  5.367997e+00  4.000000e+00
     vertex  0.000000e+00  0.000000e+00  4.000000e+00
   endloop
 endfacet
 facet normal  0.000000e+00  0.000000e+00  1.000000e+00
   outer loop
     vertex  7.452209e+00  5.388869e+00  4.000000e+00
     vertex  7.380405e+00  5.377446e+00  4.000000e+00
     vertex  0.000000e+00  0.000000e+00  4.000000e+00
   endloop
 endfacet
 facet normal  0.000000e+00  0.000000e+00  1.000000e+00
   outer loop
     vertex  7.523673e+00  5.402257e+00  4.000000e+00
     vertex  7.452209e+00  5.388869e+00  4.000000e+00
     vertex  0.000000e+00  0.000000e+00  4.000000e+00
   endloop
 endfacet
 facet normal  0.000000e+00  0.000000e+00  1.000000e+00
   outer loop
     vertex  7.594743e+00  5.417602e+00  4.000000e+00
     vertex  7.523673e+00  5.402257e+00  4.000000e+00
     vertex  0.000000e+00  0.000000e+00  4.000000e+00
   endloop
 endfacet
 facet normal  0.000000e+00  0.000000e+00  1.000000e+00
   outer loop
     vertex  7.665364e+00  5.434890e+00  4.000000e+00
     vertex  7.594743e+00  5.417602e+00  4.000000e+00
     vertex  0.000000e+00  0.000000e+00  4.000000e+00
   endloop
 endfacet
 facet normal  0.000000e+00  0.000000e+00  1.000000e+00
   outer loop
     vertex  7.735485e+00  5.454109e+00  4.000000e+00
     vertex  7.665364e+00  5.434890e+00  4.000000e+00
     vertex  0.000000e+00  0.000000e+00  4.000000e+00
   endloop
 endfacet
 facet normal  0.000000e+00  0.000000e+00  1.000000e+00
   outer loop
     vertex  7.805053e+00  5.475245e+00  4.000000e+00
     vertex  7.735485e+00  5.454109e+00  4.000000e+00
     vertex  0.000000e+00  0.000000e+00  4.000000e+00
   endloop
 endfacet
 facet normal  0.000000e+00  0.000000e+00  1.000000e+00
   outer loop
     vertex  7.874014e+00  5.498281e+00  4.000000e+00
     vertex  7.805053e+00  5.475245e+00  4.000000e+00
     vertex  0.000000e+00  0.000000e+00  4.000000e+00
   endloop
 endfacet
 facet normal  0.000000e+00  0.000000e+00  1.000000e+00
   outer loop
     vertex  0.000000e+00  1.600000e+01  4.000000e+00
     vertex  4.649654e+00  9.224082e+00  4.000000e+00
     vertex  4.684121e+00  9.288100e+00  4.000000e+00
   endloop
 endfacet
 facet normal  0.000000e+00  0.000000e+00  1.000000e+00
   outer loop
     vertex  0.000000e+00  1.600000e+01  4.000000e+00
     vertex  4.616958e+00  9.159141e+00  4.000000e+00
     vertex  4.649654e+00  9.224082e+00  4.000000e+00
   endloop
 endfacet
 facet normal  0.000000e+00  0.000000e+00  1.000000e+00
   outer loop
     vertex  0.000000e+00  1.600000e+01  4.000000e+00
     vertex  4.586055e+00  9.093329e+00  4.000000e+00
     vertex  4.616958e+00  9.159141e+00  4.000000e+00
   endloop
 endfacet
 facet normal  0.000000e+00  0.000000e+00  1.000000e+00
   outer loop
     vertex  0.000000e+00  1.600000e+01  4.000000e+00
     vertex  4.556969e+00  9.026693e+00  4.000000e+00
     vertex  4.586055e+00  9.093329e+00  4.000000e+00
   endloop
 endfacet
 facet normal  0.000000e+00  0.000000e+00  1.000000e+00
   outer loop
     vertex  0.000000e+00  1.600000e+01  4.000000e+00
     vertex  4.529722e+00  8.959284e+00  4.000000e+00
     vertex  4.556969e+00  9.026693e+00  4.000000e+00
   endloop
 endfacet
 facet normal  0.000000e+00  0.000000e+00  1.000000e+00
   outer loop
     vertex  0.000000e+00  1.600000e+01  4.000000e+00
     vertex  4.504335e+00  8.891153e+00  4.000000e+00
     vertex  4.529722e+00  8.959284e+00  4.000000e+00
   endloop
 endfacet
 facet normal  0.000000e+00  0.000000e+00  1.000000e+00
   outer loop
     vertex  0.000000e+00  1.600000e+01  4.000000e+00
     vertex  4.480826e+00  8.822352e+00  4.000000e+00
     vertex  4.504335e+00  8.891153e+00  4.000000e+00
   endloop
 endfacet
 facet normal  0.000000e+00  0.000000e+00  1.000000e+00
   outer loop
     vertex  0.000000e+00  1.600000e+01  4.000000e+00
     vertex  4.459214e+00  8.752931e+00  4.000000e+00
     vertex  4.480826e+00  8.822352e+00  4.000000e+00
   endloop
 endfacet
 facet normal  0.000000e+00  0.000000e+00  1.000000e+00
   outer loop
     vertex  0.000000e+00  1.600000e+01  4.000000e+00
     vertex  4.439514e+00  8.682944e+00  4.000000e+00
     vertex  4.459214e+00  8.752931e+00  4.000000e+00
   endloop
 endfacet
 facet normal  0.000000e+00  0.000000e+00  1.000000e+00
   outer loop
     vertex  0.000000e+00  1.600000e+01  4.000000e+00
     vertex  4.421742e+00  8.612442e+00  4.000000e+00
     vertex  4.439514e+00  8.682944e+00  4.000000e+00
   endloop
 endfacet
 facet normal  0.000000e+00  0.000000e+00  1.000000e+00
   outer loop
     vertex  0.000000e+00  1.600000e+01  4.000000e+00
     vertex  4.405911e+00  8.541480e+00  4.000000e+00
     vertex  4.421742e+00  8.612442e+00  4.000000e+00
   endloop
 endfacet
 facet normal  0.000000e+00  0.000000e+00  1.000000e+00
   outer loop
     vertex  0.000000e+00  1.600000e+01  4.000000e+00
     vertex  4.392032e+00  8.470109e+00  4.000000e+00
     vertex  4.405911e+00  8.541480e+00  4.000000e+00
   endloop
 endfacet
 facet normal  0.000000e+00  0.000000e+00  1.000000e+00
   outer loop
     vertex  0.000000e+00  1.600000e+01  4.000000e+00
     vertex  4.380117e+00  8.398385e+00  4.000000e+00
     vertex  4.392032e+00  8.470109e+00  4.000000e+00
   endloop
 endfacet
 facet normal  0.000000e+00  0.000000e+00  1.000000e+00
   outer loop
     vertex  0.000000e+00  1.600000e+01  4.000000e+00
     vertex  4.370173e+00  8.326361e+00  4.000000e+00
     vertex  4.380117e+00  8.398385e+00  4.000000e+00
   endloop
 endfacet
 facet normal  0.000000e+00  0.000000e+00  1.000000e+00
   outer loop
     vertex  0.000000e+00  1.600000e+01  4.000000e+00
     vertex  4.362210e+00  8.254092e+00  4.000000e+00
     vertex  4.370173e+00  8.326361e+00  4.000000e+00
   endloop
 endfacet
 facet normal  0.000000e+00  0.000000e+00  1.000000e+00
   outer loop
     vertex  0.000000e+00  1.600000e+01  4.000000e+00
     vertex  4.356232e+00  8.181631e+00  4.000000e+00
     vertex  4.362210e+00  8.254092e+00  4.000000e+00
   endloop
 endfacet
 facet normal  0.000000e+00  0.000000e+00  1.000000e+00
   outer loop
     vertex  0.000000e+00  1.600000e+01  4.000000e+00
     vertex  4.352244e+00  8.109033e+00  4.000000e+00
     vertex  4.356232e+00  8.181631e+00  4.000000e+00
   endloop
 endfacet
 facet normal  0.000000e+00  0.000000e+00  1.000000e+00
   outer loop
     vertex  0.000000e+00  1.600000e+01  4.000000e+00
     vertex  4.350249e+00  8.036354e+00  4.000000e+00
     vertex  4.352244e+00  8.109033e+00  4.000000e+00
   endloop
 endfacet
 facet normal  0.000000e+00  0.000000e+00  1.000000e+00
   outer loop
     vertex  0.000000e+00  1.600000e+01  4.000000e+00
     vertex  4.350249e+00  7.963646e+00  4.000000e+00
     vertex  4.350249e+00  8.036354e+00  4.000000e+00
   endloop
 endfacet
 facet normal  0.000000e+00  0.000000e+00  1.000000e+00
   outer loop
     vertex  0.000000e+00  1.600000e+01  4.000000e+00
     vertex  5.571475e+00  1.023200e+01  4.000000e+00
     vertex  5.633245e+00  1.027035e+01  4.000000e+00
   endloop
 endfacet
 facet normal  0.000000e+00  0.000000e+00  1.000000e+00
   outer loop
     vertex  0.000000e+00  1.600000e+01  4.000000e+00
     vertex  5.510780e+00  1.019197e+01  4.000000e+00
     vertex  5.571475e+00  1.023200e+01  4.000000e+00
   endloop
 endfacet
 facet normal  0.000000e+00  0.000000e+00  1.000000e+00
   outer loop
     vertex  0.000000e+00  1.600000e+01  4.000000e+00
     vertex  5.451206e+00  1.015029e+01  4.000000e+00
     vertex  5.510780e+00  1.019197e+01  4.000000e+00
   endloop
 endfacet
 facet normal  0.000000e+00  0.000000e+00  1.000000e+00
   outer loop
     vertex  0.000000e+00  1.600000e+01  4.000000e+00
     vertex  5.392798e+00  1.010699e+01  4.000000e+00
     vertex  5.451206e+00  1.015029e+01  4.000000e+00
   endloop
 endfacet
 facet normal  0.000000e+00  0.000000e+00  1.000000e+00
   outer loop
     vertex  0.000000e+00  1.600000e+01  4.000000e+00
     vertex  5.335599e+00  1.006210e+01  4.000000e+00
     vertex  5.392798e+00  1.010699e+01  4.000000e+00
   endloop
 endfacet
 facet normal  0.000000e+00  0.000000e+00  1.000000e+00
   outer loop
     vertex  0.000000e+00  1.600000e+01  4.000000e+00
     vertex  5.279654e+00  1.001567e+01  4.000000e+00
     vertex  5.335599e+00  1.006210e+01  4.000000e+00
   endloop
 endfacet
 facet normal  0.000000e+00  0.000000e+00  1.000000e+00
   outer loop
     vertex  0.000000e+00  1.600000e+01  4.000000e+00
     vertex  5.225004e+00  9.967711e+00  4.000000e+00
     vertex  5.279654e+00  1.001567e+01  4.000000e+00
   endloop
 endfacet
 facet normal  0.000000e+00  0.000000e+00  1.000000e+00
   outer loop
     vertex  0.000000e+00  1.600000e+01  4.000000e+00
     vertex  5.171689e+00  9.918275e+00  4.000000e+00
     vertex  5.225004e+00  9.967711e+00  4.000000e+00
   endloop
 endfacet
 facet normal  0.000000e+00  0.000000e+00  1.000000e+00
   outer loop
     vertex  0.000000e+00  1.600000e+01  4.000000e+00
     vertex  5.119751e+00  9.867395e+00  4.000000e+00
     vertex  5.171689e+00  9.918275e+00  4.000000e+00
   endloop
 endfacet
 facet normal  0.000000e+00  0.000000e+00  1.000000e+00
   outer loop
     vertex  0.000000e+00  1.600000e+01  4.000000e+00
     vertex  5.069229e+00  9.815110e+00  4.000000e+00
     vertex  5.119751e+00  9.867395e+00  4.000000e+00
   endloop
 endfacet
 facet normal  0.000000e+00  0.000000e+00  1.000000e+00
   outer loop
     vertex  0.000000e+00  1.600000e+01  4.000000e+00
     vertex  0.000000e+00  0.000000e+00  4.000000e+00
     vertex  4.350249e+00  7.963646e+00  4.000000e+00
   endloop
 endfacet
 facet normal  0.000000e+00  0.000000e+00  1.000000e+00
   outer loop
     vertex  0.000000e+00  1.600000e+01  4.000000e+00
     vertex  5.020160e+00  9.761458e+00  4.000000e+00
     vertex  5.069229e+00  9.815110e+00  4.000000e+00
   endloop
 endfacet
 facet normal  0.000000e+00  0.000000e+00  1.000000e+00
   outer loop
     vertex  0.000000e+00  1.600000e+01  4.000000e+00
     vertex  4.972581e+00  9.706480e+00  4.000000e+00
     vertex  5.020160e+00  9.761458e+00  4.000000e+00
   endloop
 endfacet
 facet normal  0.000000e+00  0.000000e+00  1.000000e+00
   outer loop
     vertex  0.000000e+00  1.600000e+01  4.000000e+00
     vertex  4.926529e+00  9.650217e+00  4.000000e+00
     vertex  4.972581e+00  9.706480e+00  4.000000e+00
   endloop
 endfacet
 facet normal  0.000000e+00  0.000000e+00  1.000000e+00
   outer loop
     vertex  0.000000e+00  1.600000e+01  4.000000e+00
     vertex  4.882037e+00  9.592712e+00  4.000000e+00
     vertex  4.926529e+00  9.650217e+00  4.000000e+00
   endloop
 endfacet
 facet normal  0.000000e+00  0.000000e+00  1.000000e+00
   outer loop
     vertex  0.000000e+00  1.600000e+01  4.000000e+00
     vertex  4.839139e+00  9.534008e+00  4.000000e+00
     vertex  4.882037e+00  9.592712e+00  4.000000e+00
   endloop
 endfacet
 facet normal  0.000000e+00  0.000000e+00  1.000000e+00
   outer loop
     vertex  0.000000e+00  1.600000e+01  4.000000e+00
     vertex  4.797869e+00  9.474150e+00  4.000000e+00
     vertex  4.839139e+00  9.534008e+00  4.000000e+00
   endloop
 endfacet
 facet normal  0.000000e+00  0.000000e+00  1.000000e+00
   outer loop
     vertex  0.000000e+00  1.600000e+01  4.000000e+00
     vertex  4.758256e+00  9.413182e+00  4.000000e+00
     vertex  4.797869e+00  9.474150e+00  4.000000e+00
   endloop
 endfacet
 facet normal  0.000000e+00  0.000000e+00  1.000000e+00
   outer loop
     vertex  0.000000e+00  1.600000e+01  4.000000e+00
     vertex  4.720330e+00  9.351150e+00  4.000000e+00
     vertex  4.758256e+00  9.413182e+00  4.000000e+00
   endloop
 endfacet
 facet normal  0.000000e+00  0.000000e+00  1.000000e+00
   outer loop
     vertex  0.000000e+00  1.600000e+01  4.000000e+00
     vertex  4.684121e+00  9.288100e+00  4.000000e+00
     vertex  4.720330e+00  9.351150e+00  4.000000e+00
   endloop
 endfacet
 facet normal  0.000000e+00  0.000000e+00  1.000000e+00
   outer loop
     vertex  5.696045e+00  1.030699e+01  4.000000e+00
     vertex  0.000000e+00  1.600000e+01  4.000000e+00
     vertex  5.633245e+00  1.027035e+01  4.000000e+00
   endloop
 endfacet
 facet normal  0.000000e+00  0.000000e+00  1.000000e+00
   outer loop
     vertex  5.759825e+00  1.034189e+01  4.000000e+00
     vertex  0.000000e+00  1.600000e+01  4.000000e+00
     vertex  5.696045e+00  1.030699e+01  4.000000e+00
   endloop
 endfacet
 facet normal  0.000000e+00  0.000000e+00  1.000000e+00
   outer loop
     vertex  5.824540e+00  1.037504e+01  4.000000e+00
     vertex  0.000000e+00  1.600000e+01  4.000000e+00
     vertex  5.759825e+00  1.034189e+01  4.000000e+00
   endloop
 endfacet
 facet normal  0.000000e+00  0.000000e+00  1.000000e+00
   outer loop
     vertex  5.890139e+00  1.040639e+01  4.000000e+00
     vertex  0.000000e+00  1.600000e+01  4.000000e+00
     vertex  5.824540e+00  1.037504e+01  4.000000e+00
   endloop
 endfacet
 facet normal  0.000000e+00  0.000000e+00  1.000000e+00
   outer loop
     vertex  5.956574e+00  1.043593e+01  4.000000e+00
     vertex  0.000000e+00  1.600000e+01  4.000000e+00
     vertex  5.890139e+00  1.040639e+01  4.000000e+00
   endloop
 endfacet
 facet normal  0.000000e+00  0.000000e+00  1.000000e+00
   outer loop
     vertex  6.023794e+00  1.046364e+01  4.000000e+00
     vertex  0.000000e+00  1.600000e+01  4.000000e+00
     vertex  5.956574e+00  1.043593e+01  4.000000e+00
   endloop
 endfacet
 facet normal  0.000000e+00  0.000000e+00  1.000000e+00
   outer loop
     vertex  6.091749e+00  1.048949e+01  4.000000e+00
     vertex  0.000000e+00  1.600000e+01  4.000000e+00
     vertex  6.023794e+00  1.046364e+01  4.000000e+00
   endloop
 endfacet
 facet normal  0.000000e+00  0.000000e+00  1.000000e+00
   outer loop
     vertex  6.160388e+00  1.051347e+01  4.000000e+00
     vertex  0.000000e+00  1.600000e+01  4.000000e+00
     vertex  6.091749e+00  1.048949e+01  4.000000e+00
   endloop
 endfacet
 facet normal  0.000000e+00  0.000000e+00  1.000000e+00
   outer loop
     vertex  6.229659e+00  1.053556e+01  4.000000e+00
     vertex  0.000000e+00  1.600000e+01  4.000000e+00
     vertex  6.160388e+00  1.051347e+01  4.000000e+00
   endloop
 endfacet
 facet normal  0.000000e+00  0.000000e+00  1.000000e+00
   outer loop
     vertex  6.299509e+00  1.055574e+01  4.000000e+00
     vertex  0.000000e+00  1.600000e+01  4.000000e+00
     vertex  6.229659e+00  1.053556e+01  4.000000e+00
   endloop
 endfacet
 facet normal  0.000000e+00  0.000000e+00  1.000000e+00
   outer loop
     vertex  6.369887e+00  1.057400e+01  4.000000e+00
     vertex  0.000000e+00  1.600000e+01  4.000000e+00
     vertex  6.299509e+00  1.055574e+01  4.000000e+00
   endloop
 endfacet
 facet normal  0.000000e+00  0.000000e+00  1.000000e+00
   outer loop
     vertex  6.440739e+00  1.059031e+01  4.000000e+00
     vertex  0.000000e+00  1.600000e+01  4.000000e+00
     vertex  6.369887e+00  1.057400e+01  4.000000e+00
   endloop
 endfacet
 facet normal  0.000000e+00  0.000000e+00  1.000000e+00
   outer loop
     vertex  6.512013e+00  1.060468e+01  4.000000e+00
     vertex  0.000000e+00  1.600000e+01  4.000000e+00
     vertex  6.440739e+00  1.059031e+01  4.000000e+00
   endloop
 endfacet
 facet normal  0.000000e+00  0.000000e+00  1.000000e+00
   outer loop
     vertex  6.583653e+00  1.061709e+01  4.000000e+00
     vertex  0.000000e+00  1.600000e+01  4.000000e+00
     vertex  6.512013e+00  1.060468e+01  4.000000e+00
   endloop
 endfacet
 facet normal  0.000000e+00  0.000000e+00  1.000000e+00
   outer loop
     vertex  6.655607e+00  1.062753e+01  4.000000e+00
     vertex  0.000000e+00  1.600000e+01  4.000000e+00
     vertex  6.583653e+00  1.061709e+01  4.000000e+00
   endloop
 endfacet
 facet normal  0.000000e+00  0.000000e+00  1.000000e+00
   outer loop
     vertex  6.727821e+00  1.063599e+01  4.000000e+00
     vertex  0.000000e+00  1.600000e+01  4.000000e+00
     vertex  6.655607e+00  1.062753e+01  4.000000e+00
   endloop
 endfacet
 facet normal  0.000000e+00  0.000000e+00  1.000000e+00
   outer loop
     vertex  6.800239e+00  1.064246e+01  4.000000e+00
     vertex  0.000000e+00  1.600000e+01  4.000000e+00
     vertex  6.727821e+00  1.063599e+01  4.000000e+00
   endloop
 endfacet
 facet normal  0.000000e+00  0.000000e+00  1.000000e+00
   outer loop
     vertex  6.872808e+00  1.064695e+01  4.000000e+00
     vertex  0.000000e+00  1.600000e+01  4.000000e+00
     vertex  6.800239e+00  1.064246e+01  4.000000e+00
   endloop
 endfacet
 facet normal  0.000000e+00  0.000000e+00  1.000000e+00
   outer loop
     vertex  6.945472e+00  1.064944e+01  4.000000e+00
     vertex  0.000000e+00  1.600000e+01  4.000000e+00
     vertex  6.872808e+00  1.064695e+01  4.000000e+00
   endloop
 endfacet
 facet normal  0.000000e+00  0.000000e+00  1.000000e+00
   outer loop
     vertex  7.018177e+00  1.064994e+01  4.000000e+00
     vertex  0.000000e+00  1.600000e+01  4.000000e+00
     vertex  6.945472e+00  1.064944e+01  4.000000e+00
   endloop
 endfacet
 facet normal  0.000000e+00  0.000000e+00  1.000000e+00
   outer loop
     vertex  7.090869e+00  1.064844e+01  4.000000e+00
     vertex  0.000000e+00  1.600000e+01  4.000000e+00
     vertex  7.018177e+00  1.064994e+01  4.000000e+00
   endloop
 endfacet
 facet normal  0.000000e+00  0.000000e+00  1.000000e+00
   outer loop
     vertex  7.163492e+00  1.064495e+01  4.000000e+00
     vertex  0.000000e+00  1.600000e+01  4.000000e+00
     vertex  7.090869e+00  1.064844e+01  4.000000e+00
   endloop
 endfacet
 facet normal  0.000000e+00  0.000000e+00  1.000000e+00
   outer loop
     vertex  7.235992e+00  1.063947e+01  4.000000e+00
     vertex  0.000000e+00  1.600000e+01  4.000000e+00
     vertex  7.163492e+00  1.064495e+01  4.000000e+00
   endloop
 endfacet
 facet normal  0.000000e+00  0.000000e+00  1.000000e+00
   outer loop
     vertex  7.308315e+00  1.063200e+01  4.000000e+00
     vertex  0.000000e+00  1.600000e+01  4.000000e+00
     vertex  7.235992e+00  1.063947e+01  4.000000e+00
   endloop
 endfacet
 facet normal  0.000000e+00  0.000000e+00  1.000000e+00
   outer loop
     vertex  7.380405e+00  1.062255e+01  4.000000e+00
     vertex  0.000000e+00  1.600000e+01  4.000000e+00
     vertex  7.308315e+00  1.063200e+01  4.000000e+00
   endloop
 endfacet
 facet normal  0.000000e+00  0.000000e+00  1.000000e+00
   outer loop
     vertex  7.452209e+00  1.061113e+01  4.000000e+00
     vertex  0.000000e+00  1.600000e+01  4.000000e+00
     vertex  7.380405e+00  1.062255e+01  4.000000e+00
   endloop
 endfacet
 facet normal  0.000000e+00  0.000000e+00  1.000000e+00
   outer loop
     vertex  7.523673e+00  1.059774e+01  4.000000e+00
     vertex  0.000000e+00  1.600000e+01  4.000000e+00
     vertex  7.452209e+00  1.061113e+01  4.000000e+00
   endloop
 endfacet
 facet normal  0.000000e+00  0.000000e+00  1.000000e+00
   outer loop
     vertex  7.594743e+00  1.058240e+01  4.000000e+00
     vertex  0.000000e+00  1.600000e+01  4.000000e+00
     vertex  7.523673e+00  1.059774e+01  4.000000e+00
   endloop
 endfacet
 facet normal  0.000000e+00  0.000000e+00  1.000000e+00
   outer loop
     vertex  7.665364e+00  1.056511e+01  4.000000e+00
     vertex  0.000000e+00  1.600000e+01  4.000000e+00
     vertex  7.594743e+00  1.058240e+01  4.000000e+00
   endloop
 endfacet
 facet normal  0.000000e+00  0.000000e+00  1.000000e+00
   outer loop
     vertex  7.735485e+00  1.054589e+01  4.000000e+00
     vertex  0.000000e+00  1.600000e+01  4.000000e+00
     vertex  7.665364e+00  1.056511e+01  4.000000e+00
   endloop
 endfacet
 facet normal  0.000000e+00  0.000000e+00  1.000000e+00
   outer loop
     vertex  7.805053e+00  1.052476e+01  4.000000e+00
     vertex  0.000000e+00  1.600000e+01  4.000000e+00
     vertex  7.735485e+00  1.054589e+01  4.000000e+00
   endloop
 endfacet
 facet normal  0.000000e+00  0.000000e+00  1.000000e+00
   outer loop
     vertex  7.874014e+00  1.050172e+01  4.000000e+00
     vertex  0.000000e+00  1.600000e+01  4.000000e+00
     vertex  7.805053e+00  1.052476e+01  4.000000e+00
   endloop
 endfacet
 facet normal  0.000000e+00  0.000000e+00  1.000000e+00
   outer loop
     vertex  1.911975e+01  6.132605e+00  4.000000e+00
     vertex  8.905689e+00  6.158574e+00  4.000000e+00
     vertex  8.854454e+00  6.106987e+00  4.000000e+00
   endloop
 endfacet
 facet normal  0.000000e+00  0.000000e+00  1.000000e+00
   outer loop
     vertex  1.917169e+01  6.081725e+00  4.000000e+00
     vertex  8.854454e+00  6.106987e+00  4.000000e+00
     vertex  8.801823e+00  6.056824e+00  4.000000e+00
   endloop
 endfacet
 facet normal  0.000000e+00  0.000000e+00  1.000000e+00
   outer loop
     vertex  1.917169e+01  6.081725e+00  4.000000e+00
     vertex  1.911975e+01  6.132605e+00  4.000000e+00
     vertex  8.854454e+00  6.106987e+00  4.000000e+00
   endloop
 endfacet
 facet normal  0.000000e+00  0.000000e+00  1.000000e+00
   outer loop
     vertex  1.906923e+01  6.184890e+00  4.000000e+00
     vertex  8.955490e+00  6.211548e+00  4.000000e+00
     vertex  8.905689e+00  6.158574e+00  4.000000e+00
   endloop
 endfacet
 facet normal  0.000000e+00  0.000000e+00  1.000000e+00
   outer loop
     vertex  1.906923e+01  6.184890e+00  4.000000e+00
     vertex  8.905689e+00  6.158574e+00  4.000000e+00
     vertex  1.911975e+01  6.132605e+00  4.000000e+00
   endloop
 endfacet
 facet normal  0.000000e+00  0.000000e+00  1.000000e+00
   outer loop
     vertex  1.922500e+01  6.032289e+00  4.000000e+00
     vertex  8.801823e+00  6.056824e+00  4.000000e+00
     vertex  8.747836e+00  6.008124e+00  4.000000e+00
   endloop
 endfacet
 facet normal  0.000000e+00  0.000000e+00  1.000000e+00
   outer loop
     vertex  1.922500e+01  6.032289e+00  4.000000e+00
     vertex  1.917169e+01  6.081725e+00  4.000000e+00
     vertex  8.801823e+00  6.056824e+00  4.000000e+00
   endloop
 endfacet
 facet normal  0.000000e+00  0.000000e+00  1.000000e+00
   outer loop
     vertex  1.902016e+01  6.238542e+00  4.000000e+00
     vertex  9.003818e+00  6.265868e+00  4.000000e+00
     vertex  8.955490e+00  6.211548e+00  4.000000e+00
   endloop
 endfacet
 facet normal  0.000000e+00  0.000000e+00  1.000000e+00
   outer loop
     vertex  1.902016e+01  6.238542e+00  4.000000e+00
     vertex  8.955490e+00  6.211548e+00  4.000000e+00
     vertex  1.906923e+01  6.184890e+00  4.000000e+00
   endloop
 endfacet
 facet normal  0.000000e+00  0.000000e+00  1.000000e+00
   outer loop
     vertex  1.927965e+01  5.984334e+00  4.000000e+00
     vertex  8.747836e+00  6.008124e+00  4.000000e+00
     vertex  8.692533e+00  5.960923e+00  4.000000e+00
   endloop
 endfacet
 facet normal  0.000000e+00  0.000000e+00  1.000000e+00
   outer loop
     vertex  1.927965e+01  5.984334e+00  4.000000e+00
     vertex  1.922500e+01  6.032289e+00  4.000000e+00
     vertex  8.747836e+00  6.008124e+00  4.000000e+00
   endloop
 endfacet
 facet normal  0.000000e+00  0.000000e+00  1.000000e+00
   outer loop
     vertex  1.897258e+01  6.293520e+00  4.000000e+00
     vertex  9.050638e+00  6.321494e+00  4.000000e+00
     vertex  9.003818e+00  6.265868e+00  4.000000e+00
   endloop
 endfacet
 facet normal  0.000000e+00  0.000000e+00  1.000000e+00
   outer loop
     vertex  1.897258e+01  6.293520e+00  4.000000e+00
     vertex  9.003818e+00  6.265868e+00  4.000000e+00
     vertex  1.902016e+01  6.238542e+00  4.000000e+00
   endloop
 endfacet
 facet normal  0.000000e+00  0.000000e+00  1.000000e+00
   outer loop
     vertex  1.933560e+01  5.937897e+00  4.000000e+00
     vertex  1.927965e+01  5.984334e+00  4.000000e+00
     vertex  8.692533e+00  5.960923e+00  4.000000e+00
   endloop
 endfacet
 facet normal  0.000000e+00  0.000000e+00  1.000000e+00
   outer loop
     vertex  1.933560e+01  5.937897e+00  4.000000e+00
     vertex  8.692533e+00  5.960923e+00  4.000000e+00
     vertex  8.635956e+00  5.915258e+00  4.000000e+00
   endloop
 endfacet
 facet normal  0.000000e+00  0.000000e+00  1.000000e+00
   outer loop
     vertex  1.892653e+01  6.349783e+00  4.000000e+00
     vertex  9.095915e+00  6.378383e+00  4.000000e+00
     vertex  9.050638e+00  6.321494e+00  4.000000e+00
   endloop
 endfacet
 facet normal  0.000000e+00  0.000000e+00  1.000000e+00
   outer loop
     vertex  1.892653e+01  6.349783e+00  4.000000e+00
     vertex  9.050638e+00  6.321494e+00  4.000000e+00
     vertex  1.897258e+01  6.293520e+00  4.000000e+00
   endloop
 endfacet
 facet normal  0.000000e+00  0.000000e+00  1.000000e+00
   outer loop
     vertex  1.939280e+01  5.893012e+00  4.000000e+00
     vertex  1.933560e+01  5.937897e+00  4.000000e+00
     vertex  8.635956e+00  5.915258e+00  4.000000e+00
   endloop
 endfacet
 facet normal  0.000000e+00  0.000000e+00  1.000000e+00
   outer loop
     vertex  1.939280e+01  5.893012e+00  4.000000e+00
     vertex  8.635956e+00  5.915258e+00  4.000000e+00
     vertex  8.578147e+00  5.871162e+00  4.000000e+00
   endloop
 endfacet
 facet normal  0.000000e+00  0.000000e+00  1.000000e+00
   outer loop
     vertex  1.888204e+01  6.407288e+00  4.000000e+00
     vertex  9.139613e+00  6.436493e+00  4.000000e+00
     vertex  9.095915e+00  6.378383e+00  4.000000e+00
   endloop
 endfacet
 facet normal  0.000000e+00  0.000000e+00  1.000000e+00
   outer loop
     vertex  1.888204e+01  6.407288e+00  4.000000e+00
     vertex  9.095915e+00  6.378383e+00  4.000000e+00
     vertex  1.892653e+01  6.349783e+00  4.000000e+00
   endloop
 endfacet
 facet normal  0.000000e+00  0.000000e+00  1.000000e+00
   outer loop
     vertex  1.945121e+01  5.849713e+00  4.000000e+00
     vertex  1.939280e+01  5.893012e+00  4.000000e+00
     vertex  8.578147e+00  5.871162e+00  4.000000e+00
   endloop
 endfacet
 facet normal  0.000000e+00  0.000000e+00  1.000000e+00
   outer loop
     vertex  1.945121e+01  5.849713e+00  4.000000e+00
     vertex  8.578147e+00  5.871162e+00  4.000000e+00
     vertex  8.519150e+00  5.828668e+00  4.000000e+00
   endloop
 endfacet
 facet normal  0.000000e+00  0.000000e+00  1.000000e+00
   outer loop
     vertex  1.883914e+01  6.465992e+00  4.000000e+00
     vertex  9.181701e+00  6.495779e+00  4.000000e+00
     vertex  9.139613e+00  6.436493e+00  4.000000e+00
   endloop
 endfacet
 facet normal  0.000000e+00  0.000000e+00  1.000000e+00
   outer loop
     vertex  1.883914e+01  6.465992e+00  4.000000e+00
     vertex  9.139613e+00  6.436493e+00  4.000000e+00
     vertex  1.888204e+01  6.407288e+00  4.000000e+00
   endloop
 endfacet
 facet normal  0.000000e+00  0.000000e+00  1.000000e+00
   outer loop
     vertex  1.951078e+01  5.808032e+00  4.000000e+00
     vertex  1.945121e+01  5.849713e+00  4.000000e+00
     vertex  8.519150e+00  5.828668e+00  4.000000e+00
   endloop
 endfacet
 facet normal  0.000000e+00  0.000000e+00  1.000000e+00
   outer loop
     vertex  1.951078e+01  5.808032e+00  4.000000e+00
     vertex  8.519150e+00  5.828668e+00  4.000000e+00
     vertex  8.459010e+00  5.787809e+00  4.000000e+00
   endloop
 endfacet
 facet normal  0.000000e+00  0.000000e+00  1.000000e+00
   outer loop
     vertex  1.879787e+01  6.525850e+00  4.000000e+00
     vertex  9.222147e+00  6.556198e+00  4.000000e+00
     vertex  9.181701e+00  6.495779e+00  4.000000e+00
   endloop
 endfacet
 facet normal  0.000000e+00  0.000000e+00  1.000000e+00
   outer loop
     vertex  1.879787e+01  6.525850e+00  4.000000e+00
     vertex  9.181701e+00  6.495779e+00  4.000000e+00
     vertex  1.883914e+01  6.465992e+00  4.000000e+00
   endloop
 endfacet
 facet normal  0.000000e+00  0.000000e+00  1.000000e+00
   outer loop
     vertex  1.957147e+01  5.768002e+00  4.000000e+00
     vertex  1.951078e+01  5.808032e+00  4.000000e+00
     vertex  8.459010e+00  5.787809e+00  4.000000e+00
   endloop
 endfacet
 facet normal  0.000000e+00  0.000000e+00  1.000000e+00
   outer loop
     vertex  1.957147e+01  5.768002e+00  4.000000e+00
     vertex  8.459010e+00  5.787809e+00  4.000000e+00
     vertex  8.397772e+00  5.748615e+00  4.000000e+00
   endloop
 endfacet
 facet normal  0.000000e+00  0.000000e+00  1.000000e+00
   outer loop
     vertex  1.875826e+01  6.586818e+00  4.000000e+00
     vertex  9.260920e+00  6.617704e+00  4.000000e+00
     vertex  9.222147e+00  6.556198e+00  4.000000e+00
   endloop
 endfacet
 facet normal  0.000000e+00  0.000000e+00  1.000000e+00
   outer loop
     vertex  1.875826e+01  6.586818e+00  4.000000e+00
     vertex  9.222147e+00  6.556198e+00  4.000000e+00
     vertex  1.879787e+01  6.525850e+00  4.000000e+00
   endloop
 endfacet
 facet normal  0.000000e+00  0.000000e+00  1.000000e+00
   outer loop
     vertex  1.963325e+01  5.729652e+00  4.000000e+00
     vertex  1.957147e+01  5.768002e+00  4.000000e+00
     vertex  8.397772e+00  5.748615e+00  4.000000e+00
   endloop
 endfacet
 facet normal  0.000000e+00  0.000000e+00  1.000000e+00
   outer loop
     vertex  1.963325e+01  5.729652e+00  4.000000e+00
     vertex  8.397772e+00  5.748615e+00  4.000000e+00
     vertex  8.335481e+00  5.711116e+00  4.000000e+00
   endloop
 endfacet
 facet normal  0.000000e+00  0.000000e+00  1.000000e+00
   outer loop
     vertex  1.872033e+01  6.648850e+00  4.000000e+00
     vertex  9.297991e+00  6.680251e+00  4.000000e+00
     vertex  9.260920e+00  6.617704e+00  4.000000e+00
   endloop
 endfacet
 facet normal  0.000000e+00  0.000000e+00  1.000000e+00
   outer loop
     vertex  1.872033e+01  6.648850e+00  4.000000e+00
     vertex  9.260920e+00  6.617704e+00  4.000000e+00
     vertex  1.875826e+01  6.586818e+00  4.000000e+00
   endloop
 endfacet
 facet normal  0.000000e+00  0.000000e+00  1.000000e+00
   outer loop
     vertex  1.969604e+01  5.693011e+00  4.000000e+00
     vertex  1.963325e+01  5.729652e+00  4.000000e+00
     vertex  8.335481e+00  5.711116e+00  4.000000e+00
   endloop
 endfacet
 facet normal  0.000000e+00  0.000000e+00  1.000000e+00
   outer loop
     vertex  1.969604e+01  5.693011e+00  4.000000e+00
     vertex  8.335481e+00  5.711116e+00  4.000000e+00
     vertex  8.272185e+00  5.675340e+00  4.000000e+00
   endloop
 endfacet
 facet normal  0.000000e+00  0.000000e+00  1.000000e+00
   outer loop
     vertex  1.868412e+01  6.711900e+00  4.000000e+00
     vertex  9.333332e+00  6.743791e+00  4.000000e+00
     vertex  9.297991e+00  6.680251e+00  4.000000e+00
   endloop
 endfacet
 facet normal  0.000000e+00  0.000000e+00  1.000000e+00
   outer loop
     vertex  1.868412e+01  6.711900e+00  4.000000e+00
     vertex  9.297991e+00  6.680251e+00  4.000000e+00
     vertex  1.872033e+01  6.648850e+00  4.000000e+00
   endloop
 endfacet
 facet normal  0.000000e+00  0.000000e+00  1.000000e+00
   outer loop
     vertex  1.975983e+01  5.658106e+00  4.000000e+00
     vertex  1.969604e+01  5.693011e+00  4.000000e+00
     vertex  8.272185e+00  5.675340e+00  4.000000e+00
   endloop
 endfacet
 facet normal  0.000000e+00  0.000000e+00  1.000000e+00
   outer loop
     vertex  1.975983e+01  5.658106e+00  4.000000e+00
     vertex  8.272185e+00  5.675340e+00  4.000000e+00
     vertex  8.207931e+00  5.641313e+00  4.000000e+00
   endloop
 endfacet
 facet normal  0.000000e+00  0.000000e+00  1.000000e+00
   outer loop
     vertex  1.864965e+01  6.775918e+00  4.000000e+00
     vertex  9.366917e+00  6.808276e+00  4.000000e+00
     vertex  9.333332e+00  6.743791e+00  4.000000e+00
   endloop
 endfacet
 facet normal  0.000000e+00  0.000000e+00  1.000000e+00
   outer loop
     vertex  1.864965e+01  6.775918e+00  4.000000e+00
     vertex  9.333332e+00  6.743791e+00  4.000000e+00
     vertex  1.868412e+01  6.711900e+00  4.000000e+00
   endloop
 endfacet
 facet normal  0.000000e+00  0.000000e+00  1.000000e+00
   outer loop
     vertex  1.982454e+01  5.624965e+00  4.000000e+00
     vertex  1.975983e+01  5.658106e+00  4.000000e+00
     vertex  8.207931e+00  5.641313e+00  4.000000e+00
   endloop
 endfacet
 facet normal  0.000000e+00  0.000000e+00  1.000000e+00
   outer loop
     vertex  1.982454e+01  5.624965e+00  4.000000e+00
     vertex  8.207931e+00  5.641313e+00  4.000000e+00
     vertex  8.142768e+00  5.609063e+00  4.000000e+00
   endloop
 endfacet
 facet normal  0.000000e+00  0.000000e+00  1.000000e+00
   outer loop
     vertex  1.861696e+01  6.840859e+00  4.000000e+00
     vertex  9.398720e+00  6.873659e+00  4.000000e+00
     vertex  9.366917e+00  6.808276e+00  4.000000e+00
   endloop
 endfacet
 facet normal  0.000000e+00  0.000000e+00  1.000000e+00
   outer loop
     vertex  1.861696e+01  6.840859e+00  4.000000e+00
     vertex  9.366917e+00  6.808276e+00  4.000000e+00
     vertex  1.864965e+01  6.775918e+00  4.000000e+00
   endloop
 endfacet
 facet normal  0.000000e+00  0.000000e+00  1.000000e+00
   outer loop
     vertex  1.989014e+01  5.593611e+00  4.000000e+00
     vertex  8.142768e+00  5.609063e+00  4.000000e+00
     vertex  8.076745e+00  5.578612e+00  4.000000e+00
   endloop
 endfacet
 facet normal  0.000000e+00  0.000000e+00  1.000000e+00
   outer loop
     vertex  1.989014e+01  5.593611e+00  4.000000e+00
     vertex  1.982454e+01  5.624965e+00  4.000000e+00
     vertex  8.142768e+00  5.609063e+00  4.000000e+00
   endloop
 endfacet
 facet normal  0.000000e+00  0.000000e+00  1.000000e+00
   outer loop
     vertex  1.858605e+01  6.906671e+00  4.000000e+00
     vertex  9.428717e+00  6.939889e+00  4.000000e+00
     vertex  9.398720e+00  6.873659e+00  4.000000e+00
   endloop
 endfacet
 facet normal  0.000000e+00  0.000000e+00  1.000000e+00
   outer loop
     vertex  1.858605e+01  6.906671e+00  4.000000e+00
     vertex  9.398720e+00  6.873659e+00  4.000000e+00
     vertex  1.861696e+01  6.840859e+00  4.000000e+00
   endloop
 endfacet
 facet normal  0.000000e+00  0.000000e+00  1.000000e+00
   outer loop
     vertex  1.995657e+01  5.564069e+00  4.000000e+00
     vertex  8.076745e+00  5.578612e+00  4.000000e+00
     vertex  8.009911e+00  5.549984e+00  4.000000e+00
   endloop
 endfacet
 facet normal  0.000000e+00  0.000000e+00  1.000000e+00
   outer loop
     vertex  1.995657e+01  5.564069e+00  4.000000e+00
     vertex  1.989014e+01  5.593611e+00  4.000000e+00
     vertex  8.076745e+00  5.578612e+00  4.000000e+00
   endloop
 endfacet
 facet normal  0.000000e+00  0.000000e+00  1.000000e+00
   outer loop
     vertex  1.855697e+01  6.973307e+00  4.000000e+00
     vertex  9.456886e+00  7.006918e+00  4.000000e+00
     vertex  9.428717e+00  6.939889e+00  4.000000e+00
   endloop
 endfacet
 facet normal  0.000000e+00  0.000000e+00  1.000000e+00
   outer loop
     vertex  1.855697e+01  6.973307e+00  4.000000e+00
     vertex  9.428717e+00  6.939889e+00  4.000000e+00
     vertex  1.858605e+01  6.906671e+00  4.000000e+00
   endloop
 endfacet
 facet normal  0.000000e+00  0.000000e+00  1.000000e+00
   outer loop
     vertex  2.002379e+01  5.536360e+00  4.000000e+00
     vertex  1.995657e+01  5.564069e+00  4.000000e+00
     vertex  8.009911e+00  5.549984e+00  4.000000e+00
   endloop
 endfacet
 facet normal  0.000000e+00  0.000000e+00  1.000000e+00
   outer loop
     vertex  2.002379e+01  5.536360e+00  4.000000e+00
     vertex  8.009911e+00  5.549984e+00  4.000000e+00
     vertex  7.942317e+00  5.523200e+00  4.000000e+00
   endloop
 endfacet
 facet normal  0.000000e+00  0.000000e+00  1.000000e+00
   outer loop
     vertex  1.852972e+01  7.040716e+00  4.000000e+00
     vertex  9.483205e+00  7.074694e+00  4.000000e+00
     vertex  9.456886e+00  7.006918e+00  4.000000e+00
   endloop
 endfacet
 facet normal  0.000000e+00  0.000000e+00  1.000000e+00
   outer loop
     vertex  1.852972e+01  7.040716e+00  4.000000e+00
     vertex  9.456886e+00  7.006918e+00  4.000000e+00
     vertex  1.855697e+01  6.973307e+00  4.000000e+00
   endloop
 endfacet
 facet normal  0.000000e+00  0.000000e+00  1.000000e+00
   outer loop
     vertex  2.009175e+01  5.510506e+00  4.000000e+00
     vertex  2.002379e+01  5.536360e+00  4.000000e+00
     vertex  7.942317e+00  5.523200e+00  4.000000e+00
   endloop
 endfacet
 facet normal  0.000000e+00  0.000000e+00  1.000000e+00
   outer loop
     vertex  2.009175e+01  5.510506e+00  4.000000e+00
     vertex  7.874014e+00  5.498281e+00  4.000000e+00
     vertex  0.000000e+00  0.000000e+00  4.000000e+00
   endloop
 endfacet
 facet normal  0.000000e+00  0.000000e+00  1.000000e+00
   outer loop
     vertex  2.009175e+01  5.510506e+00  4.000000e+00
     vertex  7.942317e+00  5.523200e+00  4.000000e+00
     vertex  7.874014e+00  5.498281e+00  4.000000e+00
   endloop
 endfacet
 facet normal  0.000000e+00  0.000000e+00  1.000000e+00
   outer loop
     vertex  1.850433e+01  7.108847e+00  4.000000e+00
     vertex  9.507656e+00  7.143167e+00  4.000000e+00
     vertex  9.483205e+00  7.074694e+00  4.000000e+00
   endloop
 endfacet
 facet normal  0.000000e+00  0.000000e+00  1.000000e+00
   outer loop
     vertex  1.850433e+01  7.108847e+00  4.000000e+00
     vertex  9.483205e+00  7.074694e+00  4.000000e+00
     vertex  1.852972e+01  7.040716e+00  4.000000e+00
   endloop
 endfacet
 facet normal  0.000000e+00  0.000000e+00  1.000000e+00
   outer loop
     vertex  2.016039e+01  5.486526e+00  4.000000e+00
     vertex  2.009175e+01  5.510506e+00  4.000000e+00
     vertex  0.000000e+00  0.000000e+00  4.000000e+00
   endloop
 endfacet
 facet normal  0.000000e+00  0.000000e+00  1.000000e+00
   outer loop
     vertex  1.848083e+01  7.177648e+00  4.000000e+00
     vertex  9.530218e+00  7.212284e+00  4.000000e+00
     vertex  9.507656e+00  7.143167e+00  4.000000e+00
   endloop
 endfacet
 facet normal  0.000000e+00  0.000000e+00  1.000000e+00
   outer loop
     vertex  1.848083e+01  7.177648e+00  4.000000e+00
     vertex  9.507656e+00  7.143167e+00  4.000000e+00
     vertex  1.850433e+01  7.108847e+00  4.000000e+00
   endloop
 endfacet
 facet normal  0.000000e+00  0.000000e+00  1.000000e+00
   outer loop
     vertex  2.022966e+01  5.464438e+00  4.000000e+00
     vertex  2.016039e+01  5.486526e+00  4.000000e+00
     vertex  0.000000e+00  0.000000e+00  4.000000e+00
   endloop
 endfacet
 facet normal  0.000000e+00  0.000000e+00  1.000000e+00
   outer loop
     vertex  1.845921e+01  7.247069e+00  4.000000e+00
     vertex  9.550876e+00  7.281995e+00  4.000000e+00
     vertex  9.530218e+00  7.212284e+00  4.000000e+00
   endloop
 endfacet
 facet normal  0.000000e+00  0.000000e+00  1.000000e+00
   outer loop
     vertex  1.845921e+01  7.247069e+00  4.000000e+00
     vertex  9.530218e+00  7.212284e+00  4.000000e+00
     vertex  1.848083e+01  7.177648e+00  4.000000e+00
   endloop
 endfacet
 facet normal  0.000000e+00  0.000000e+00  1.000000e+00
   outer loop
     vertex  2.029951e+01  5.444259e+00  4.000000e+00
     vertex  2.022966e+01  5.464438e+00  4.000000e+00
     vertex  0.000000e+00  0.000000e+00  4.000000e+00
   endloop
 endfacet
 facet normal  0.000000e+00  0.000000e+00  1.000000e+00
   outer loop
     vertex  1.843951e+01  7.317056e+00  4.000000e+00
     vertex  9.569614e+00  7.352246e+00  4.000000e+00
     vertex  9.550876e+00  7.281995e+00  4.000000e+00
   endloop
 endfacet
 facet normal  0.000000e+00  0.000000e+00  1.000000e+00
   outer loop
     vertex  1.843951e+01  7.317056e+00  4.000000e+00
     vertex  9.550876e+00  7.281995e+00  4.000000e+00
     vertex  1.845921e+01  7.247069e+00  4.000000e+00
   endloop
 endfacet
 facet normal  0.000000e+00  0.000000e+00  1.000000e+00
   outer loop
     vertex  2.036989e+01  5.426004e+00  4.000000e+00
     vertex  2.029951e+01  5.444259e+00  4.000000e+00
     vertex  0.000000e+00  0.000000e+00  4.000000e+00
   endloop
 endfacet
 facet normal  0.000000e+00  0.000000e+00  1.000000e+00
   outer loop
     vertex  1.842174e+01  7.387558e+00  4.000000e+00
     vertex  9.586417e+00  7.422985e+00  4.000000e+00
     vertex  9.569614e+00  7.352246e+00  4.000000e+00
   endloop
 endfacet
 facet normal  0.000000e+00  0.000000e+00  1.000000e+00
   outer loop
     vertex  1.842174e+01  7.387558e+00  4.000000e+00
     vertex  9.569614e+00  7.352246e+00  4.000000e+00
     vertex  1.843951e+01  7.317056e+00  4.000000e+00
   endloop
 endfacet
 facet normal  0.000000e+00  0.000000e+00  1.000000e+00
   outer loop
     vertex  2.044074e+01  5.409686e+00  4.000000e+00
     vertex  2.036989e+01  5.426004e+00  4.000000e+00
     vertex  0.000000e+00  0.000000e+00  4.000000e+00
   endloop
 endfacet
 facet normal  0.000000e+00  0.000000e+00  1.000000e+00
   outer loop
     vertex  1.840591e+01  7.458520e+00  4.000000e+00
     vertex  9.601273e+00  7.494158e+00  4.000000e+00
     vertex  9.586417e+00  7.422985e+00  4.000000e+00
   endloop
 endfacet
 facet normal  0.000000e+00  0.000000e+00  1.000000e+00
   outer loop
     vertex  1.840591e+01  7.458520e+00  4.000000e+00
     vertex  9.586417e+00  7.422985e+00  4.000000e+00
     vertex  1.842174e+01  7.387558e+00  4.000000e+00
   endloop
 endfacet
 facet normal  0.000000e+00  0.000000e+00  1.000000e+00
   outer loop
     vertex  2.051201e+01  5.395318e+00  4.000000e+00
     vertex  2.044074e+01  5.409686e+00  4.000000e+00
     vertex  0.000000e+00  0.000000e+00  4.000000e+00
   endloop
 endfacet
 facet normal  0.000000e+00  0.000000e+00  1.000000e+00
   outer loop
     vertex  1.839203e+01  7.529891e+00  4.000000e+00
     vertex  9.614172e+00  7.565712e+00  4.000000e+00
     vertex  9.601273e+00  7.494158e+00  4.000000e+00
   endloop
 endfacet
 facet normal  0.000000e+00  0.000000e+00  1.000000e+00
   outer loop
     vertex  1.839203e+01  7.529891e+00  4.000000e+00
     vertex  9.601273e+00  7.494158e+00  4.000000e+00
     vertex  1.840591e+01  7.458520e+00  4.000000e+00
   endloop
 endfacet
 facet normal  0.000000e+00  0.000000e+00  1.000000e+00
   outer loop
     vertex  2.058365e+01  5.382911e+00  4.000000e+00
     vertex  2.051201e+01  5.395318e+00  4.000000e+00
     vertex  0.000000e+00  0.000000e+00  4.000000e+00
   endloop
 endfacet
 facet normal  0.000000e+00  0.000000e+00  1.000000e+00
   outer loop
     vertex  1.838012e+01  7.601615e+00  4.000000e+00
     vertex  9.625102e+00  7.637593e+00  4.000000e+00
     vertex  9.614172e+00  7.565712e+00  4.000000e+00
   endloop
 endfacet
 facet normal  0.000000e+00  0.000000e+00  1.000000e+00
   outer loop
     vertex  1.838012e+01  7.601615e+00  4.000000e+00
     vertex  9.614172e+00  7.565712e+00  4.000000e+00
     vertex  1.839203e+01  7.529891e+00  4.000000e+00
   endloop
 endfacet
 facet normal  0.000000e+00  0.000000e+00  1.000000e+00
   outer loop
     vertex  2.065561e+01  5.372474e+00  4.000000e+00
     vertex  2.058365e+01  5.382911e+00  4.000000e+00
     vertex  0.000000e+00  0.000000e+00  4.000000e+00
   endloop
 endfacet
 facet normal  0.000000e+00  0.000000e+00  1.000000e+00
   outer loop
     vertex  1.837017e+01  7.673639e+00  4.000000e+00
     vertex  9.634056e+00  7.709746e+00  4.000000e+00
     vertex  9.625102e+00  7.637593e+00  4.000000e+00
   endloop
 endfacet
 facet normal  0.000000e+00  0.000000e+00  1.000000e+00
   outer loop
     vertex  1.837017e+01  7.673639e+00  4.000000e+00
     vertex  9.625102e+00  7.637593e+00  4.000000e+00
     vertex  1.838012e+01  7.601615e+00  4.000000e+00
   endloop
 endfacet
 facet normal  0.000000e+00  0.000000e+00  1.000000e+00
   outer loop
     vertex  2.072782e+01  5.364015e+00  4.000000e+00
     vertex  2.065561e+01  5.372474e+00  4.000000e+00
     vertex  0.000000e+00  0.000000e+00  4.000000e+00
   endloop
 endfacet
 facet normal  0.000000e+00  0.000000e+00  1.000000e+00
   outer loop
     vertex  1.836221e+01  7.745908e+00  4.000000e+00
     vertex  9.634056e+00  7.709746e+00  4.000000e+00
     vertex  1.837017e+01  7.673639e+00  4.000000e+00
   endloop
 endfacet
 facet normal  0.000000e+00  0.000000e+00  1.000000e+00
   outer loop
     vertex  1.836221e+01  7.745908e+00  4.000000e+00
     vertex  9.641028e+00  7.782118e+00  4.000000e+00
     vertex  9.634056e+00  7.709746e+00  4.000000e+00
   endloop
 endfacet
 facet normal  0.000000e+00  0.000000e+00  1.000000e+00
   outer loop
     vertex  2.080024e+01  5.357540e+00  4.000000e+00
     vertex  2.072782e+01  5.364015e+00  4.000000e+00
     vertex  0.000000e+00  0.000000e+00  4.000000e+00
   endloop
 endfacet
 facet normal  0.000000e+00  0.000000e+00  1.000000e+00
   outer loop
     vertex  1.835623e+01  7.818369e+00  4.000000e+00
     vertex  9.646011e+00  7.854654e+00  4.000000e+00
     vertex  9.641028e+00  7.782118e+00  4.000000e+00
   endloop
 endfacet
 facet normal  0.000000e+00  0.000000e+00  1.000000e+00
   outer loop
     vertex  1.835623e+01  7.818369e+00  4.000000e+00
     vertex  9.641028e+00  7.782118e+00  4.000000e+00
     vertex  1.836221e+01  7.745908e+00  4.000000e+00
   endloop
 endfacet
 facet normal  0.000000e+00  0.000000e+00  1.000000e+00
   outer loop
     vertex  2.087281e+01  5.353054e+00  4.000000e+00
     vertex  2.080024e+01  5.357540e+00  4.000000e+00
     vertex  0.000000e+00  0.000000e+00  4.000000e+00
   endloop
 endfacet
 facet normal  0.000000e+00  0.000000e+00  1.000000e+00
   outer loop
     vertex  1.835224e+01  7.890967e+00  4.000000e+00
     vertex  9.649003e+00  7.927300e+00  4.000000e+00
     vertex  9.646011e+00  7.854654e+00  4.000000e+00
   endloop
 endfacet
 facet normal  0.000000e+00  0.000000e+00  1.000000e+00
   outer loop
     vertex  1.835224e+01  7.890967e+00  4.000000e+00
     vertex  9.646011e+00  7.854654e+00  4.000000e+00
     vertex  1.835623e+01  7.818369e+00  4.000000e+00
   endloop
 endfacet
 facet normal  0.000000e+00  0.000000e+00  1.000000e+00
   outer loop
     vertex  2.094547e+01  5.350561e+00  4.000000e+00
     vertex  2.087281e+01  5.353054e+00  4.000000e+00
     vertex  0.000000e+00  0.000000e+00  4.000000e+00
   endloop
 endfacet
 facet normal  0.000000e+00  0.000000e+00  1.000000e+00
   outer loop
     vertex  1.835025e+01  7.963646e+00  4.000000e+00
     vertex  9.650000e+00  8.000000e+00  4.000000e+00
     vertex  9.649003e+00  7.927300e+00  4.000000e+00
   endloop
 endfacet
 facet normal  0.000000e+00  0.000000e+00  1.000000e+00
   outer loop
     vertex  1.835025e+01  7.963646e+00  4.000000e+00
     vertex  9.649003e+00  7.927300e+00  4.000000e+00
     vertex  1.835224e+01  7.890967e+00  4.000000e+00
   endloop
 endfacet
 facet normal  0.000000e+00  0.000000e+00  1.000000e+00
   outer loop
     vertex  2.101818e+01  5.350062e+00  4.000000e+00
     vertex  2.094547e+01  5.350561e+00  4.000000e+00
     vertex  0.000000e+00  0.000000e+00  4.000000e+00
   endloop
 endfacet
 facet normal  0.000000e+00  0.000000e+00  1.000000e+00
   outer loop
     vertex  1.835025e+01  8.036354e+00  4.000000e+00
     vertex  9.649003e+00  8.072700e+00  4.000000e+00
     vertex  9.650000e+00  8.000000e+00  4.000000e+00
   endloop
 endfacet
 facet normal  0.000000e+00  0.000000e+00  1.000000e+00
   outer loop
     vertex  1.835025e+01  8.036354e+00  4.000000e+00
     vertex  9.650000e+00  8.000000e+00  4.000000e+00
     vertex  1.835025e+01  7.963646e+00  4.000000e+00
   endloop
 endfacet
 facet normal  0.000000e+00  0.000000e+00  1.000000e+00
   outer loop
     vertex  1.835224e+01  8.109033e+00  4.000000e+00
     vertex  9.646011e+00  8.145346e+00  4.000000e+00
     vertex  9.649003e+00  8.072700e+00  4.000000e+00
   endloop
 endfacet
 facet normal  0.000000e+00  0.000000e+00  1.000000e+00
   outer loop
     vertex  1.835224e+01  8.109033e+00  4.000000e+00
     vertex  9.649003e+00  8.072700e+00  4.000000e+00
     vertex  1.835025e+01  8.036354e+00  4.000000e+00
   endloop
 endfacet
 facet normal  0.000000e+00  0.000000e+00  1.000000e+00
   outer loop
     vertex  1.835623e+01  8.181631e+00  4.000000e+00
     vertex  9.641028e+00  8.217882e+00  4.000000e+00
     vertex  9.646011e+00  8.145346e+00  4.000000e+00
   endloop
 endfacet
 facet normal  0.000000e+00  0.000000e+00  1.000000e+00
   outer loop
     vertex  1.835623e+01  8.181631e+00  4.000000e+00
     vertex  9.646011e+00  8.145346e+00  4.000000e+00
     vertex  1.835224e+01  8.109033e+00  4.000000e+00
   endloop
 endfacet
 facet normal  0.000000e+00  0.000000e+00  1.000000e+00
   outer loop
     vertex  1.836221e+01  8.254092e+00  4.000000e+00
     vertex  9.634056e+00  8.290254e+00  4.000000e+00
     vertex  9.641028e+00  8.217882e+00  4.000000e+00
   endloop
 endfacet
 facet normal  0.000000e+00  0.000000e+00  1.000000e+00
   outer loop
     vertex  1.836221e+01  8.254092e+00  4.000000e+00
     vertex  9.641028e+00  8.217882e+00  4.000000e+00
     vertex  1.835623e+01  8.181631e+00  4.000000e+00
   endloop
 endfacet
 facet normal  0.000000e+00  0.000000e+00  1.000000e+00
   outer loop
     vertex  1.837017e+01  8.326361e+00  4.000000e+00
     vertex  9.625102e+00  8.362407e+00  4.000000e+00
     vertex  9.634056e+00  8.290254e+00  4.000000e+00
   endloop
 endfacet
 facet normal  0.000000e+00  0.000000e+00  1.000000e+00
   outer loop
     vertex  1.837017e+01  8.326361e+00  4.000000e+00
     vertex  9.634056e+00  8.290254e+00  4.000000e+00
     vertex  1.836221e+01  8.254092e+00  4.000000e+00
   endloop
 endfacet
 facet normal  0.000000e+00  0.000000e+00  1.000000e+00
   outer loop
     vertex  1.838012e+01  8.398385e+00  4.000000e+00
     vertex  9.614172e+00  8.434288e+00  4.000000e+00
     vertex  9.625102e+00  8.362407e+00  4.000000e+00
   endloop
 endfacet
 facet normal  0.000000e+00  0.000000e+00  1.000000e+00
   outer loop
     vertex  1.838012e+01  8.398385e+00  4.000000e+00
     vertex  9.625102e+00  8.362407e+00  4.000000e+00
     vertex  1.837017e+01  8.326361e+00  4.000000e+00
   endloop
 endfacet
 facet normal  0.000000e+00  0.000000e+00  1.000000e+00
   outer loop
     vertex  1.839203e+01  8.470109e+00  4.000000e+00
     vertex  9.601273e+00  8.505842e+00  4.000000e+00
     vertex  9.614172e+00  8.434288e+00  4.000000e+00
   endloop
 endfacet
 facet normal  0.000000e+00  0.000000e+00  1.000000e+00
   outer loop
     vertex  1.839203e+01  8.470109e+00  4.000000e+00
     vertex  9.614172e+00  8.434288e+00  4.000000e+00
     vertex  1.838012e+01  8.398385e+00  4.000000e+00
   endloop
 endfacet
 facet normal  0.000000e+00  0.000000e+00  1.000000e+00
   outer loop
     vertex  1.840591e+01  8.541480e+00  4.000000e+00
     vertex  9.586417e+00  8.577015e+00  4.000000e+00
     vertex  9.601273e+00  8.505842e+00  4.000000e+00
   endloop
 endfacet
 facet normal  0.000000e+00  0.000000e+00  1.000000e+00
   outer loop
     vertex  1.840591e+01  8.541480e+00  4.000000e+00
     vertex  9.601273e+00  8.505842e+00  4.000000e+00
     vertex  1.839203e+01  8.470109e+00  4.000000e+00
   endloop
 endfacet
 facet normal  0.000000e+00  0.000000e+00  1.000000e+00
   outer loop
     vertex  1.842174e+01  8.612442e+00  4.000000e+00
     vertex  9.569614e+00  8.647754e+00  4.000000e+00
     vertex  9.586417e+00  8.577015e+00  4.000000e+00
   endloop
 endfacet
 facet normal  0.000000e+00  0.000000e+00  1.000000e+00
   outer loop
     vertex  1.842174e+01  8.612442e+00  4.000000e+00
     vertex  9.586417e+00  8.577015e+00  4.000000e+00
     vertex  1.840591e+01  8.541480e+00  4.000000e+00
   endloop
 endfacet
 facet normal  0.000000e+00  0.000000e+00  1.000000e+00
   outer loop
     vertex  1.843951e+01  8.682944e+00  4.000000e+00
     vertex  9.550876e+00  8.718005e+00  4.000000e+00
     vertex  9.569614e+00  8.647754e+00  4.000000e+00
   endloop
 endfacet
 facet normal  0.000000e+00  0.000000e+00  1.000000e+00
   outer loop
     vertex  1.843951e+01  8.682944e+00  4.000000e+00
     vertex  9.569614e+00  8.647754e+00  4.000000e+00
     vertex  1.842174e+01  8.612442e+00  4.000000e+00
   endloop
 endfacet
 facet normal  0.000000e+00  0.000000e+00  1.000000e+00
   outer loop
     vertex  1.845921e+01  8.752931e+00  4.000000e+00
     vertex  9.530218e+00  8.787716e+00  4.000000e+00
     vertex  9.550876e+00  8.718005e+00  4.000000e+00
   endloop
 endfacet
 facet normal  0.000000e+00  0.000000e+00  1.000000e+00
   outer loop
     vertex  1.845921e+01  8.752931e+00  4.000000e+00
     vertex  9.550876e+00  8.718005e+00  4.000000e+00
     vertex  1.843951e+01  8.682944e+00  4.000000e+00
   endloop
 endfacet
 facet normal  0.000000e+00  0.000000e+00  1.000000e+00
   outer loop
     vertex  1.848083e+01  8.822352e+00  4.000000e+00
     vertex  9.507656e+00  8.856833e+00  4.000000e+00
     vertex  9.530218e+00  8.787716e+00  4.000000e+00
   endloop
 endfacet
 facet normal  0.000000e+00  0.000000e+00  1.000000e+00
   outer loop
     vertex  1.848083e+01  8.822352e+00  4.000000e+00
     vertex  9.530218e+00  8.787716e+00  4.000000e+00
     vertex  1.845921e+01  8.752931e+00  4.000000e+00
   endloop
 endfacet
 facet normal  0.000000e+00  0.000000e+00  1.000000e+00
   outer loop
     vertex  1.850433e+01  8.891153e+00  4.000000e+00
     vertex  9.483205e+00  8.925306e+00  4.000000e+00
     vertex  9.507656e+00  8.856833e+00  4.000000e+00
   endloop
 endfacet
 facet normal  0.000000e+00  0.000000e+00  1.000000e+00
   outer loop
     vertex  1.850433e+01  8.891153e+00  4.000000e+00
     vertex  9.507656e+00  8.856833e+00  4.000000e+00
     vertex  1.848083e+01  8.822352e+00  4.000000e+00
   endloop
 endfacet
 facet normal  0.000000e+00  0.000000e+00  1.000000e+00
   outer loop
     vertex  1.852972e+01  8.959284e+00  4.000000e+00
     vertex  9.483205e+00  8.925306e+00  4.000000e+00
     vertex  1.850433e+01  8.891153e+00  4.000000e+00
   endloop
 endfacet
 facet normal  0.000000e+00  0.000000e+00  1.000000e+00
   outer loop
     vertex  1.852972e+01  8.959284e+00  4.000000e+00
     vertex  9.456886e+00  8.993082e+00  4.000000e+00
     vertex  9.483205e+00  8.925306e+00  4.000000e+00
   endloop
 endfacet
 facet normal  0.000000e+00  0.000000e+00  1.000000e+00
   outer loop
     vertex  1.855697e+01  9.026693e+00  4.000000e+00
     vertex  9.428717e+00  9.060111e+00  4.000000e+00
     vertex  9.456886e+00  8.993082e+00  4.000000e+00
   endloop
 endfacet
 facet normal  0.000000e+00  0.000000e+00  1.000000e+00
   outer loop
     vertex  1.855697e+01  9.026693e+00  4.000000e+00
     vertex  9.456886e+00  8.993082e+00  4.000000e+00
     vertex  1.852972e+01  8.959284e+00  4.000000e+00
   endloop
 endfacet
 facet normal  0.000000e+00  0.000000e+00  1.000000e+00
   outer loop
     vertex  1.858605e+01  9.093329e+00  4.000000e+00
     vertex  9.398720e+00  9.126341e+00  4.000000e+00
     vertex  9.428717e+00  9.060111e+00  4.000000e+00
   endloop
 endfacet
 facet normal  0.000000e+00  0.000000e+00  1.000000e+00
   outer loop
     vertex  1.858605e+01  9.093329e+00  4.000000e+00
     vertex  9.428717e+00  9.060111e+00  4.000000e+00
     vertex  1.855697e+01  9.026693e+00  4.000000e+00
   endloop
 endfacet
 facet normal  0.000000e+00  0.000000e+00  1.000000e+00
   outer loop
     vertex  1.861696e+01  9.159141e+00  4.000000e+00
     vertex  9.398720e+00  9.126341e+00  4.000000e+00
     vertex  1.858605e+01  9.093329e+00  4.000000e+00
   endloop
 endfacet
 facet normal  0.000000e+00  0.000000e+00  1.000000e+00
   outer loop
     vertex  1.861696e+01  9.159141e+00  4.000000e+00
     vertex  9.366917e+00  9.191724e+00  4.000000e+00
     vertex  9.398720e+00  9.126341e+00  4.000000e+00
   endloop
 endfacet
 facet normal  0.000000e+00  0.000000e+00  1.000000e+00
   outer loop
     vertex  1.864965e+01  9.224082e+00  4.000000e+00
     vertex  9.333332e+00  9.256209e+00  4.000000e+00
     vertex  9.366917e+00  9.191724e+00  4.000000e+00
   endloop
 endfacet
 facet normal  0.000000e+00  0.000000e+00  1.000000e+00
   outer loop
     vertex  1.864965e+01  9.224082e+00  4.000000e+00
     vertex  9.366917e+00  9.191724e+00  4.000000e+00
     vertex  1.861696e+01  9.159141e+00  4.000000e+00
   endloop
 endfacet
 facet normal  0.000000e+00  0.000000e+00  1.000000e+00
   outer loop
     vertex  1.868412e+01  9.288100e+00  4.000000e+00
     vertex  9.297991e+00  9.319749e+00  4.000000e+00
     vertex  9.333332e+00  9.256209e+00  4.000000e+00
   endloop
 endfacet
 facet normal  0.000000e+00  0.000000e+00  1.000000e+00
   outer loop
     vertex  1.868412e+01  9.288100e+00  4.000000e+00
     vertex  9.333332e+00  9.256209e+00  4.000000e+00
     vertex  1.864965e+01  9.224082e+00  4.000000e+00
   endloop
 endfacet
 facet normal  0.000000e+00  0.000000e+00  1.000000e+00
   outer loop
     vertex  1.872033e+01  9.351150e+00  4.000000e+00
     vertex  9.297991e+00  9.319749e+00  4.000000e+00
     vertex  1.868412e+01  9.288100e+00  4.000000e+00
   endloop
 endfacet
 facet normal  0.000000e+00  0.000000e+00  1.000000e+00
   outer loop
     vertex  1.872033e+01  9.351150e+00  4.000000e+00
     vertex  9.260920e+00  9.382296e+00  4.000000e+00
     vertex  9.297991e+00  9.319749e+00  4.000000e+00
   endloop
 endfacet
 facet normal  0.000000e+00  0.000000e+00  1.000000e+00
   outer loop
     vertex  1.875826e+01  9.413182e+00  4.000000e+00
     vertex  9.222147e+00  9.443802e+00  4.000000e+00
     vertex  9.260920e+00  9.382296e+00  4.000000e+00
   endloop
 endfacet
 facet normal  0.000000e+00  0.000000e+00  1.000000e+00
   outer loop
     vertex  1.875826e+01  9.413182e+00  4.000000e+00
     vertex  9.260920e+00  9.382296e+00  4.000000e+00
     vertex  1.872033e+01  9.351150e+00  4.000000e+00
   endloop
 endfacet
 facet normal  0.000000e+00  0.000000e+00  1.000000e+00
   outer loop
     vertex  1.879787e+01  9.474150e+00  4.000000e+00
     vertex  9.181701e+00  9.504221e+00  4.000000e+00
     vertex  9.222147e+00  9.443802e+00  4.000000e+00
   endloop
 endfacet
 facet normal  0.000000e+00  0.000000e+00  1.000000e+00
   outer loop
     vertex  1.879787e+01  9.474150e+00  4.000000e+00
     vertex  9.222147e+00  9.443802e+00  4.000000e+00
     vertex  1.875826e+01  9.413182e+00  4.000000e+00
   endloop
 endfacet
 facet normal  0.000000e+00  0.000000e+00  1.000000e+00
   outer loop
     vertex  1.883914e+01  9.534008e+00  4.000000e+00
     vertex  9.181701e+00  9.504221e+00  4.000000e+00
     vertex  1.879787e+01  9.474150e+00  4.000000e+00
   endloop
 endfacet
 facet normal  0.000000e+00  0.000000e+00  1.000000e+00
   outer loop
     vertex  1.883914e+01  9.534008e+00  4.000000e+00
     vertex  9.139613e+00  9.563507e+00  4.000000e+00
     vertex  9.181701e+00  9.504221e+00  4.000000e+00
   endloop
 endfacet
 facet normal  0.000000e+00  0.000000e+00  1.000000e+00
   outer loop
     vertex  1.888204e+01  9.592712e+00  4.000000e+00
     vertex  9.095915e+00  9.621617e+00  4.000000e+00
     vertex  9.139613e+00  9.563507e+00  4.000000e+00
   endloop
 endfacet
 facet normal  0.000000e+00  0.000000e+00  1.000000e+00
   outer loop
     vertex  1.888204e+01  9.592712e+00  4.000000e+00
     vertex  9.139613e+00  9.563507e+00  4.000000e+00
     vertex  1.883914e+01  9.534008e+00  4.000000e+00
   endloop
 endfacet
 facet normal  0.000000e+00  0.000000e+00  1.000000e+00
   outer loop
     vertex  1.892653e+01  9.650217e+00  4.000000e+00
     vertex  9.095915e+00  9.621617e+00  4.000000e+00
     vertex  1.888204e+01  9.592712e+00  4.000000e+00
   endloop
 endfacet
 facet normal  0.000000e+00  0.000000e+00  1.000000e+00
   outer loop
     vertex  1.892653e+01  9.650217e+00  4.000000e+00
     vertex  9.050638e+00  9.678506e+00  4.000000e+00
     vertex  9.095915e+00  9.621617e+00  4.000000e+00
   endloop
 endfacet
 facet normal  0.000000e+00  0.000000e+00  1.000000e+00
   outer loop
     vertex  1.897258e+01  9.706480e+00  4.000000e+00
     vertex  9.003818e+00  9.734132e+00  4.000000e+00
     vertex  9.050638e+00  9.678506e+00  4.000000e+00
   endloop
 endfacet
 facet normal  0.000000e+00  0.000000e+00  1.000000e+00
   outer loop
     vertex  1.897258e+01  9.706480e+00  4.000000e+00
     vertex  9.050638e+00  9.678506e+00  4.000000e+00
     vertex  1.892653e+01  9.650217e+00  4.000000e+00
   endloop
 endfacet
 facet normal  0.000000e+00  0.000000e+00  1.000000e+00
   outer loop
     vertex  1.902016e+01  9.761458e+00  4.000000e+00
     vertex  8.955490e+00  9.788452e+00  4.000000e+00
     vertex  9.003818e+00  9.734132e+00  4.000000e+00
   endloop
 endfacet
 facet normal  0.000000e+00  0.000000e+00  1.000000e+00
   outer loop
     vertex  1.902016e+01  9.761458e+00  4.000000e+00
     vertex  9.003818e+00  9.734132e+00  4.000000e+00
     vertex  1.897258e+01  9.706480e+00  4.000000e+00
   endloop
 endfacet
 facet normal  0.000000e+00  0.000000e+00  1.000000e+00
   outer loop
     vertex  1.906923e+01  9.815110e+00  4.000000e+00
     vertex  8.905689e+00  9.841426e+00  4.000000e+00
     vertex  8.955490e+00  9.788452e+00  4.000000e+00
   endloop
 endfacet
 facet normal  0.000000e+00  0.000000e+00  1.000000e+00
   outer loop
     vertex  1.906923e+01  9.815110e+00  4.000000e+00
     vertex  8.955490e+00  9.788452e+00  4.000000e+00
     vertex  1.902016e+01  9.761458e+00  4.000000e+00
   endloop
 endfacet
 facet normal  0.000000e+00  0.000000e+00  1.000000e+00
   outer loop
     vertex  1.911975e+01  9.867395e+00  4.000000e+00
     vertex  8.854454e+00  9.893013e+00  4.000000e+00
     vertex  8.905689e+00  9.841426e+00  4.000000e+00
   endloop
 endfacet
 facet normal  0.000000e+00  0.000000e+00  1.000000e+00
   outer loop
     vertex  1.911975e+01  9.867395e+00  4.000000e+00
     vertex  8.905689e+00  9.841426e+00  4.000000e+00
     vertex  1.906923e+01  9.815110e+00  4.000000e+00
   endloop
 endfacet
 facet normal  0.000000e+00  0.000000e+00  1.000000e+00
   outer loop
     vertex  1.917169e+01  9.918275e+00  4.000000e+00
     vertex  8.801823e+00  9.943176e+00  4.000000e+00
     vertex  8.854454e+00  9.893013e+00  4.000000e+00
   endloop
 endfacet
 facet normal  0.000000e+00  0.000000e+00  1.000000e+00
   outer loop
     vertex  1.917169e+01  9.918275e+00  4.000000e+00
     vertex  8.854454e+00  9.893013e+00  4.000000e+00
     vertex  1.911975e+01  9.867395e+00  4.000000e+00
   endloop
 endfacet
 facet normal  0.000000e+00  0.000000e+00  1.000000e+00
   outer loop
     vertex  1.922500e+01  9.967711e+00  4.000000e+00
     vertex  8.747836e+00  9.991876e+00  4.000000e+00
     vertex  8.801823e+00  9.943176e+00  4.000000e+00
   endloop
 endfacet
 facet normal  0.000000e+00  0.000000e+00  1.000000e+00
   outer loop
     vertex  1.922500e+01  9.967711e+00  4.000000e+00
     vertex  8.801823e+00  9.943176e+00  4.000000e+00
     vertex  1.917169e+01  9.918275e+00  4.000000e+00
   endloop
 endfacet
 facet normal  0.000000e+00  0.000000e+00  1.000000e+00
   outer loop
     vertex  1.927965e+01  1.001567e+01  4.000000e+00
     vertex  8.692533e+00  1.003908e+01  4.000000e+00
     vertex  8.747836e+00  9.991876e+00  4.000000e+00
   endloop
 endfacet
 facet normal  0.000000e+00  0.000000e+00  1.000000e+00
   outer loop
     vertex  1.927965e+01  1.001567e+01  4.000000e+00
     vertex  8.747836e+00  9.991876e+00  4.000000e+00
     vertex  1.922500e+01  9.967711e+00  4.000000e+00
   endloop
 endfacet
 facet normal  0.000000e+00  0.000000e+00  1.000000e+00
   outer loop
     vertex  1.933560e+01  1.006210e+01  4.000000e+00
     vertex  8.635956e+00  1.008474e+01  4.000000e+00
     vertex  8.692533e+00  1.003908e+01  4.000000e+00
   endloop
 endfacet
 facet normal  0.000000e+00  0.000000e+00  1.000000e+00
   outer loop
     vertex  1.933560e+01  1.006210e+01  4.000000e+00
     vertex  8.692533e+00  1.003908e+01  4.000000e+00
     vertex  1.927965e+01  1.001567e+01  4.000000e+00
   endloop
 endfacet
 facet normal  0.000000e+00  0.000000e+00  1.000000e+00
   outer loop
     vertex  1.939280e+01  1.010699e+01  4.000000e+00
     vertex  8.578147e+00  1.012884e+01  4.000000e+00
     vertex  8.635956e+00  1.008474e+01  4.000000e+00
   endloop
 endfacet
 facet normal  0.000000e+00  0.000000e+00  1.000000e+00
   outer loop
     vertex  1.939280e+01  1.010699e+01  4.000000e+00
     vertex  8.635956e+00  1.008474e+01  4.000000e+00
     vertex  1.933560e+01  1.006210e+01  4.000000e+00
   endloop
 endfacet
 facet normal  0.000000e+00  0.000000e+00  1.000000e+00
   outer loop
     vertex  1.945121e+01  1.015029e+01  4.000000e+00
     vertex  8.578147e+00  1.012884e+01  4.000000e+00
     vertex  1.939280e+01  1.010699e+01  4.000000e+00
   endloop
 endfacet
 facet normal  0.000000e+00  0.000000e+00  1.000000e+00
   outer loop
     vertex  1.945121e+01  1.015029e+01  4.000000e+00
     vertex  8.519150e+00  1.017133e+01  4.000000e+00
     vertex  8.578147e+00  1.012884e+01  4.000000e+00
   endloop
 endfacet
 facet normal  0.000000e+00  0.000000e+00  1.000000e+00
   outer loop
     vertex  1.951078e+01  1.019197e+01  4.000000e+00
     vertex  8.459010e+00  1.021219e+01  4.000000e+00
     vertex  8.519150e+00  1.017133e+01  4.000000e+00
   endloop
 endfacet
 facet normal  0.000000e+00  0.000000e+00  1.000000e+00
   outer loop
     vertex  1.951078e+01  1.019197e+01  4.000000e+00
     vertex  8.519150e+00  1.017133e+01  4.000000e+00
     vertex  1.945121e+01  1.015029e+01  4.000000e+00
   endloop
 endfacet
 facet normal  0.000000e+00  0.000000e+00  1.000000e+00
   outer loop
     vertex  1.957147e+01  1.023200e+01  4.000000e+00
     vertex  8.397772e+00  1.025139e+01  4.000000e+00
     vertex  8.459010e+00  1.021219e+01  4.000000e+00
   endloop
 endfacet
 facet normal  0.000000e+00  0.000000e+00  1.000000e+00
   outer loop
     vertex  1.957147e+01  1.023200e+01  4.000000e+00
     vertex  8.459010e+00  1.021219e+01  4.000000e+00
     vertex  1.951078e+01  1.019197e+01  4.000000e+00
   endloop
 endfacet
 facet normal  0.000000e+00  0.000000e+00  1.000000e+00
   outer loop
     vertex  1.963325e+01  1.027035e+01  4.000000e+00
     vertex  8.397772e+00  1.025139e+01  4.000000e+00
     vertex  1.957147e+01  1.023200e+01  4.000000e+00
   endloop
 endfacet
 facet normal  0.000000e+00  0.000000e+00  1.000000e+00
   outer loop
     vertex  1.963325e+01  1.027035e+01  4.000000e+00
     vertex  8.335481e+00  1.028888e+01  4.000000e+00
     vertex  8.397772e+00  1.025139e+01  4.000000e+00
   endloop
 endfacet
 facet normal  0.000000e+00  0.000000e+00  1.000000e+00
   outer loop
     vertex  1.969604e+01  1.030699e+01  4.000000e+00
     vertex  8.335481e+00  1.028888e+01  4.000000e+00
     vertex  1.963325e+01  1.027035e+01  4.000000e+00
   endloop
 endfacet
 facet normal  0.000000e+00  0.000000e+00  1.000000e+00
   outer loop
     vertex  1.969604e+01  1.030699e+01  4.000000e+00
     vertex  8.272185e+00  1.032466e+01  4.000000e+00
     vertex  8.335481e+00  1.028888e+01  4.000000e+00
   endloop
 endfacet
 facet normal  0.000000e+00  0.000000e+00  1.000000e+00
   outer loop
     vertex  1.975983e+01  1.034189e+01  4.000000e+00
     vertex  8.272185e+00  1.032466e+01  4.000000e+00
     vertex  1.969604e+01  1.030699e+01  4.000000e+00
   endloop
 endfacet
 facet normal  0.000000e+00  0.000000e+00  1.000000e+00
   outer loop
     vertex  1.975983e+01  1.034189e+01  4.000000e+00
     vertex  8.207931e+00  1.035869e+01  4.000000e+00
     vertex  8.272185e+00  1.032466e+01  4.000000e+00
   endloop
 endfacet
 facet normal  0.000000e+00  0.000000e+00  1.000000e+00
   outer loop
     vertex  1.982454e+01  1.037504e+01  4.000000e+00
     vertex  8.142768e+00  1.039094e+01  4.000000e+00
     vertex  8.207931e+00  1.035869e+01  4.000000e+00
   endloop
 endfacet
 facet normal  0.000000e+00  0.000000e+00  1.000000e+00
   outer loop
     vertex  1.982454e+01  1.037504e+01  4.000000e+00
     vertex  8.207931e+00  1.035869e+01  4.000000e+00
     vertex  1.975983e+01  1.034189e+01  4.000000e+00
   endloop
 endfacet
 facet normal  0.000000e+00  0.000000e+00  1.000000e+00
   outer loop
     vertex  1.989014e+01  1.040639e+01  4.000000e+00
     vertex  8.142768e+00  1.039094e+01  4.000000e+00
     vertex  1.982454e+01  1.037504e+01  4.000000e+00
   endloop
 endfacet
 facet normal  0.000000e+00  0.000000e+00  1.000000e+00
   outer loop
     vertex  1.989014e+01  1.040639e+01  4.000000e+00
     vertex  8.076745e+00  1.042139e+01  4.000000e+00
     vertex  8.142768e+00  1.039094e+01  4.000000e+00
   endloop
 endfacet
 facet normal  0.000000e+00  0.000000e+00  1.000000e+00
   outer loop
     vertex  1.995657e+01  1.043593e+01  4.000000e+00
     vertex  8.076745e+00  1.042139e+01  4.000000e+00
     vertex  1.989014e+01  1.040639e+01  4.000000e+00
   endloop
 endfacet
 facet normal  0.000000e+00  0.000000e+00  1.000000e+00
   outer loop
     vertex  1.995657e+01  1.043593e+01  4.000000e+00
     vertex  8.009911e+00  1.045002e+01  4.000000e+00
     vertex  8.076745e+00  1.042139e+01  4.000000e+00
   endloop
 endfacet
 facet normal  0.000000e+00  0.000000e+00  1.000000e+00
   outer loop
     vertex  2.002379e+01  1.046364e+01  4.000000e+00
     vertex  8.009911e+00  1.045002e+01  4.000000e+00
     vertex  1.995657e+01  1.043593e+01  4.000000e+00
   endloop
 endfacet
 facet normal  0.000000e+00  0.000000e+00  1.000000e+00
   outer loop
     vertex  2.002379e+01  1.046364e+01  4.000000e+00
     vertex  7.942317e+00  1.047680e+01  4.000000e+00
     vertex  8.009911e+00  1.045002e+01  4.000000e+00
   endloop
 endfacet
 facet normal  0.000000e+00  0.000000e+00  1.000000e+00
   outer loop
     vertex  2.009175e+01  1.048949e+01  4.000000e+00
     vertex  7.942317e+00  1.047680e+01  4.000000e+00
     vertex  2.002379e+01  1.046364e+01  4.000000e+00
   endloop
 endfacet
 facet normal  0.000000e+00  0.000000e+00  1.000000e+00
   outer loop
     vertex  2.009175e+01  1.048949e+01  4.000000e+00
     vertex  7.874014e+00  1.050172e+01  4.000000e+00
     vertex  7.942317e+00  1.047680e+01  4.000000e+00
   endloop
 endfacet
 facet normal  0.000000e+00  0.000000e+00  1.000000e+00
   outer loop
     vertex  2.009175e+01  1.048949e+01  4.000000e+00
     vertex  0.000000e+00  1.600000e+01  4.000000e+00
     vertex  7.874014e+00  1.050172e+01  4.000000e+00
   endloop
 endfacet
 facet normal  0.000000e+00  0.000000e+00  1.000000e+00
   outer loop
     vertex  2.016039e+01  1.051347e+01  4.000000e+00
     vertex  0.000000e+00  1.600000e+01  4.000000e+00
     vertex  2.009175e+01  1.048949e+01  4.000000e+00
   endloop
 endfacet
 facet normal  0.000000e+00  0.000000e+00  1.000000e+00
   outer loop
     vertex  2.022966e+01  1.053556e+01  4.000000e+00
     vertex  0.000000e+00  1.600000e+01  4.000000e+00
     vertex  2.016039e+01  1.051347e+01  4.000000e+00
   endloop
 endfacet
 facet normal  0.000000e+00  0.000000e+00  1.000000e+00
   outer loop
     vertex  2.029951e+01  1.055574e+01  4.000000e+00
     vertex  0.000000e+00  1.600000e+01  4.000000e+00
     vertex  2.022966e+01  1.053556e+01  4.000000e+00
   endloop
 endfacet
 facet normal  0.000000e+00  0.000000e+00  1.000000e+00
   outer loop
     vertex  2.036989e+01  1.057400e+01  4.000000e+00
     vertex  0.000000e+00  1.600000e+01  4.000000e+00
     vertex  2.029951e+01  1.055574e+01  4.000000e+00
   endloop
 endfacet
 facet normal  0.000000e+00  0.000000e+00  1.000000e+00
   outer loop
     vertex  2.044074e+01  1.059031e+01  4.000000e+00
     vertex  0.000000e+00  1.600000e+01  4.000000e+00
     vertex  2.036989e+01  1.057400e+01  4.000000e+00
   endloop
 endfacet
 facet normal  0.000000e+00  0.000000e+00  1.000000e+00
   outer loop
     vertex  2.051201e+01  1.060468e+01  4.000000e+00
     vertex  0.000000e+00  1.600000e+01  4.000000e+00
     vertex  2.044074e+01  1.059031e+01  4.000000e+00
   endloop
 endfacet
 facet normal  0.000000e+00  0.000000e+00  1.000000e+00
   outer loop
     vertex  3.311975e+01  6.132605e+00  4.000000e+00
     vertex  2.290569e+01  6.158574e+00  4.000000e+00
     vertex  2.285445e+01  6.106987e+00  4.000000e+00
   endloop
 endfacet
 facet normal  0.000000e+00  0.000000e+00  1.000000e+00
   outer loop
     vertex  3.317169e+01  6.081725e+00  4.000000e+00
     vertex  2.285445e+01  6.106987e+00  4.000000e+00
     vertex  2.280182e+01  6.056824e+00  4.000000e+00
   endloop
 endfacet
 facet normal  0.000000e+00  0.000000e+00  1.000000e+00
   outer loop
     vertex  3.317169e+01  6.081725e+00  4.000000e+00
     vertex  3.311975e+01  6.132605e+00  4.000000e+00
     vertex  2.285445e+01  6.106987e+00  4.000000e+00
   endloop
 endfacet
 facet normal  0.000000e+00  0.000000e+00  1.000000e+00
   outer loop
     vertex  3.306923e+01  6.184890e+00  4.000000e+00
     vertex  2.295549e+01  6.211548e+00  4.000000e+00
     vertex  2.290569e+01  6.158574e+00  4.000000e+00
   endloop
 endfacet
 facet normal  0.000000e+00  0.000000e+00  1.000000e+00
   outer loop
     vertex  3.306923e+01  6.184890e+00  4.000000e+00
     vertex  2.290569e+01  6.158574e+00  4.000000e+00
     vertex  3.311975e+01  6.132605e+00  4.000000e+00
   endloop
 endfacet
 facet normal  0.000000e+00  0.000000e+00  1.000000e+00
   outer loop
     vertex  3.322500e+01  6.032289e+00  4.000000e+00
     vertex  2.280182e+01  6.056824e+00  4.000000e+00
     vertex  2.274784e+01  6.008124e+00  4.000000e+00
   endloop
 endfacet
 facet normal  0.000000e+00  0.000000e+00  1.000000e+00
   outer loop
     vertex  3.322500e+01  6.032289e+00  4.000000e+00
     vertex  3.317169e+01  6.081725e+00  4.000000e+00
     vertex  2.280182e+01  6.056824e+00  4.000000e+00
   endloop
 endfacet
 facet normal  0.000000e+00  0.000000e+00  1.000000e+00
   outer loop
     vertex  3.302016e+01  6.238542e+00  4.000000e+00
     vertex  2.300382e+01  6.265868e+00  4.000000e+00
     vertex  2.295549e+01  6.211548e+00  4.000000e+00
   endloop
 endfacet
 facet normal  0.000000e+00  0.000000e+00  1.000000e+00
   outer loop
     vertex  3.302016e+01  6.238542e+00  4.000000e+00
     vertex  2.295549e+01  6.211548e+00  4.000000e+00
     vertex  3.306923e+01  6.184890e+00  4.000000e+00
   endloop
 endfacet
 facet normal  0.000000e+00  0.000000e+00  1.000000e+00
   outer loop
     vertex  3.327965e+01  5.984334e+00  4.000000e+00
     vertex  2.274784e+01  6.008124e+00  4.000000e+00
     vertex  2.269253e+01  5.960923e+00  4.000000e+00
   endloop
 endfacet
 facet normal  0.000000e+00  0.000000e+00  1.000000e+00
   outer loop
     vertex  3.327965e+01  5.984334e+00  4.000000e+00
     vertex  3.322500e+01  6.032289e+00  4.000000e+00
     vertex  2.274784e+01  6.008124e+00  4.000000e+00
   endloop
 endfacet
 facet normal  0.000000e+00  0.000000e+00  1.000000e+00
   outer loop
     vertex  3.297258e+01  6.293520e+00  4.000000e+00
     vertex  2.300382e+01  6.265868e+00  4.000000e+00
     vertex  3.302016e+01  6.238542e+00  4.000000e+00
   endloop
 endfacet
 facet normal  0.000000e+00  0.000000e+00  1.000000e+00
   outer loop
     vertex  3.297258e+01  6.293520e+00  4.000000e+00
     vertex  2.305064e+01  6.321494e+00  4.000000e+00
     vertex  2.300382e+01  6.265868e+00  4.000000e+00
   endloop
 endfacet
 facet normal  0.000000e+00  0.000000e+00  1.000000e+00
   outer loop
     vertex  3.333560e+01  5.937897e+00  4.000000e+00
     vertex  2.269253e+01  5.960923e+00  4.000000e+00
     vertex  2.263596e+01  5.915258e+00  4.000000e+00
   endloop
 endfacet
 facet normal  0.000000e+00  0.000000e+00  1.000000e+00
   outer loop
     vertex  3.333560e+01  5.937897e+00  4.000000e+00
     vertex  3.327965e+01  5.984334e+00  4.000000e+00
     vertex  2.269253e+01  5.960923e+00  4.000000e+00
   endloop
 endfacet
 facet normal  0.000000e+00  0.000000e+00  1.000000e+00
   outer loop
     vertex  3.292653e+01  6.349783e+00  4.000000e+00
     vertex  2.305064e+01  6.321494e+00  4.000000e+00
     vertex  3.297258e+01  6.293520e+00  4.000000e+00
   endloop
 endfacet
 facet normal  0.000000e+00  0.000000e+00  1.000000e+00
   outer loop
     vertex  3.292653e+01  6.349783e+00  4.000000e+00
     vertex  2.309591e+01  6.378383e+00  4.000000e+00
     vertex  2.305064e+01  6.321494e+00  4.000000e+00
   endloop
 endfacet
 facet normal  0.000000e+00  0.000000e+00  1.000000e+00
   outer loop
     vertex  3.339280e+01  5.893012e+00  4.000000e+00
     vertex  2.263596e+01  5.915258e+00  4.000000e+00
     vertex  2.257815e+01  5.871162e+00  4.000000e+00
   endloop
 endfacet
 facet normal  0.000000e+00  0.000000e+00  1.000000e+00
   outer loop
     vertex  3.339280e+01  5.893012e+00  4.000000e+00
     vertex  3.333560e+01  5.937897e+00  4.000000e+00
     vertex  2.263596e+01  5.915258e+00  4.000000e+00
   endloop
 endfacet
 facet normal  0.000000e+00  0.000000e+00  1.000000e+00
   outer loop
     vertex  3.288204e+01  6.407288e+00  4.000000e+00
     vertex  2.313961e+01  6.436493e+00  4.000000e+00
     vertex  2.309591e+01  6.378383e+00  4.000000e+00
   endloop
 endfacet
 facet normal  0.000000e+00  0.000000e+00  1.000000e+00
   outer loop
     vertex  3.288204e+01  6.407288e+00  4.000000e+00
     vertex  2.309591e+01  6.378383e+00  4.000000e+00
     vertex  3.292653e+01  6.349783e+00  4.000000e+00
   endloop
 endfacet
 facet normal  0.000000e+00  0.000000e+00  1.000000e+00
   outer loop
     vertex  3.345121e+01  5.849713e+00  4.000000e+00
     vertex  2.257815e+01  5.871162e+00  4.000000e+00
     vertex  2.251915e+01  5.828668e+00  4.000000e+00
   endloop
 endfacet
 facet normal  0.000000e+00  0.000000e+00  1.000000e+00
   outer loop
     vertex  3.345121e+01  5.849713e+00  4.000000e+00
     vertex  3.339280e+01  5.893012e+00  4.000000e+00
     vertex  2.257815e+01  5.871162e+00  4.000000e+00
   endloop
 endfacet
 facet normal  0.000000e+00  0.000000e+00  1.000000e+00
   outer loop
     vertex  3.283914e+01  6.465992e+00  4.000000e+00
     vertex  2.318170e+01  6.495779e+00  4.000000e+00
     vertex  2.313961e+01  6.436493e+00  4.000000e+00
   endloop
 endfacet
 facet normal  0.000000e+00  0.000000e+00  1.000000e+00
   outer loop
     vertex  3.283914e+01  6.465992e+00  4.000000e+00
     vertex  2.313961e+01  6.436493e+00  4.000000e+00
     vertex  3.288204e+01  6.407288e+00  4.000000e+00
   endloop
 endfacet
 facet normal  0.000000e+00  0.000000e+00  1.000000e+00
   outer loop
     vertex  3.351078e+01  5.808032e+00  4.000000e+00
     vertex  2.251915e+01  5.828668e+00  4.000000e+00
     vertex  2.245901e+01  5.787809e+00  4.000000e+00
   endloop
 endfacet
 facet normal  0.000000e+00  0.000000e+00  1.000000e+00
   outer loop
     vertex  3.351078e+01  5.808032e+00  4.000000e+00
     vertex  3.345121e+01  5.849713e+00  4.000000e+00
     vertex  2.251915e+01  5.828668e+00  4.000000e+00
   endloop
 endfacet
 facet normal  0.000000e+00  0.000000e+00  1.000000e+00
   outer loop
     vertex  3.279787e+01  6.525850e+00  4.000000e+00
     vertex  2.322215e+01  6.556198e+00  4.000000e+00
     vertex  2.318170e+01  6.495779e+00  4.000000e+00
   endloop
 endfacet
 facet normal  0.000000e+00  0.000000e+00  1.000000e+00
   outer loop
     vertex  3.279787e+01  6.525850e+00  4.000000e+00
     vertex  2.318170e+01  6.495779e+00  4.000000e+00
     vertex  3.283914e+01  6.465992e+00  4.000000e+00
   endloop
 endfacet
 facet normal  0.000000e+00  0.000000e+00  1.000000e+00
   outer loop
     vertex  3.357147e+01  5.768002e+00  4.000000e+00
     vertex  2.245901e+01  5.787809e+00  4.000000e+00
     vertex  2.239777e+01  5.748615e+00  4.000000e+00
   endloop
 endfacet
 facet normal  0.000000e+00  0.000000e+00  1.000000e+00
   outer loop
     vertex  3.357147e+01  5.768002e+00  4.000000e+00
     vertex  3.351078e+01  5.808032e+00  4.000000e+00
     vertex  2.245901e+01  5.787809e+00  4.000000e+00
   endloop
 endfacet
 facet normal  0.000000e+00  0.000000e+00  1.000000e+00
   outer loop
     vertex  3.275826e+01  6.586818e+00  4.000000e+00
     vertex  2.322215e+01  6.556198e+00  4.000000e+00
     vertex  3.279787e+01  6.525850e+00  4.000000e+00
   endloop
 endfacet
 facet normal  0.000000e+00  0.000000e+00  1.000000e+00
   outer loop
     vertex  3.275826e+01  6.586818e+00  4.000000e+00
     vertex  2.326092e+01  6.617704e+00  4.000000e+00
     vertex  2.322215e+01  6.556198e+00  4.000000e+00
   endloop
 endfacet
 facet normal  0.000000e+00  0.000000e+00  1.000000e+00
   outer loop
     vertex  3.363325e+01  5.729652e+00  4.000000e+00
     vertex  2.239777e+01  5.748615e+00  4.000000e+00
     vertex  2.233548e+01  5.711116e+00  4.000000e+00
   endloop
 endfacet
 facet normal  0.000000e+00  0.000000e+00  1.000000e+00
   outer loop
     vertex  3.363325e+01  5.729652e+00  4.000000e+00
     vertex  3.357147e+01  5.768002e+00  4.000000e+00
     vertex  2.239777e+01  5.748615e+00  4.000000e+00
   endloop
 endfacet
 facet normal  0.000000e+00  0.000000e+00  1.000000e+00
   outer loop
     vertex  3.272033e+01  6.648850e+00  4.000000e+00
     vertex  2.329799e+01  6.680251e+00  4.000000e+00
     vertex  2.326092e+01  6.617704e+00  4.000000e+00
   endloop
 endfacet
 facet normal  0.000000e+00  0.000000e+00  1.000000e+00
   outer loop
     vertex  3.272033e+01  6.648850e+00  4.000000e+00
     vertex  2.326092e+01  6.617704e+00  4.000000e+00
     vertex  3.275826e+01  6.586818e+00  4.000000e+00
   endloop
 endfacet
 facet normal  0.000000e+00  0.000000e+00  1.000000e+00
   outer loop
     vertex  3.369604e+01  5.693011e+00  4.000000e+00
     vertex  3.363325e+01  5.729652e+00  4.000000e+00
     vertex  2.233548e+01  5.711116e+00  4.000000e+00
   endloop
 endfacet
 facet normal  0.000000e+00  0.000000e+00  1.000000e+00
   outer loop
     vertex  3.369604e+01  5.693011e+00  4.000000e+00
     vertex  2.233548e+01  5.711116e+00  4.000000e+00
     vertex  2.227218e+01  5.675340e+00  4.000000e+00
   endloop
 endfacet
 facet normal  0.000000e+00  0.000000e+00  1.000000e+00
   outer loop
     vertex  3.268412e+01  6.711900e+00  4.000000e+00
     vertex  2.329799e+01  6.680251e+00  4.000000e+00
     vertex  3.272033e+01  6.648850e+00  4.000000e+00
   endloop
 endfacet
 facet normal  0.000000e+00  0.000000e+00  1.000000e+00
   outer loop
     vertex  3.268412e+01  6.711900e+00  4.000000e+00
     vertex  2.333333e+01  6.743791e+00  4.000000e+00
     vertex  2.329799e+01  6.680251e+00  4.000000e+00
   endloop
 endfacet
 facet normal  0.000000e+00  0.000000e+00  1.000000e+00
   outer loop
     vertex  3.375983e+01  5.658106e+00  4.000000e+00
     vertex  3.369604e+01  5.693011e+00  4.000000e+00
     vertex  2.227218e+01  5.675340e+00  4.000000e+00
   endloop
 endfacet
 facet normal  0.000000e+00  0.000000e+00  1.000000e+00
   outer loop
     vertex  3.375983e+01  5.658106e+00  4.000000e+00
     vertex  2.227218e+01  5.675340e+00  4.000000e+00
     vertex  2.220793e+01  5.641313e+00  4.000000e+00
   endloop
 endfacet
 facet normal  0.000000e+00  0.000000e+00  1.000000e+00
   outer loop
     vertex  3.264965e+01  6.775918e+00  4.000000e+00
     vertex  2.333333e+01  6.743791e+00  4.000000e+00
     vertex  3.268412e+01  6.711900e+00  4.000000e+00
   endloop
 endfacet
 facet normal  0.000000e+00  0.000000e+00  1.000000e+00
   outer loop
     vertex  3.264965e+01  6.775918e+00  4.000000e+00
     vertex  2.336692e+01  6.808276e+00  4.000000e+00
     vertex  2.333333e+01  6.743791e+00  4.000000e+00
   endloop
 endfacet
 facet normal  0.000000e+00  0.000000e+00  1.000000e+00
   outer loop
     vertex  3.382454e+01  5.624965e+00  4.000000e+00
     vertex  2.220793e+01  5.641313e+00  4.000000e+00
     vertex  2.214277e+01  5.609063e+00  4.000000e+00
   endloop
 endfacet
 facet normal  0.000000e+00  0.000000e+00  1.000000e+00
   outer loop
     vertex  3.382454e+01  5.624965e+00  4.000000e+00
     vertex  3.375983e+01  5.658106e+00  4.000000e+00
     vertex  2.220793e+01  5.641313e+00  4.000000e+00
   endloop
 endfacet
 facet normal  0.000000e+00  0.000000e+00  1.000000e+00
   outer loop
     vertex  3.261696e+01  6.840859e+00  4.000000e+00
     vertex  2.339872e+01  6.873659e+00  4.000000e+00
     vertex  2.336692e+01  6.808276e+00  4.000000e+00
   endloop
 endfacet
 facet normal  0.000000e+00  0.000000e+00  1.000000e+00
   outer loop
     vertex  3.261696e+01  6.840859e+00  4.000000e+00
     vertex  2.336692e+01  6.808276e+00  4.000000e+00
     vertex  3.264965e+01  6.775918e+00  4.000000e+00
   endloop
 endfacet
 facet normal  0.000000e+00  0.000000e+00  1.000000e+00
   outer loop
     vertex  3.389014e+01  5.593611e+00  4.000000e+00
     vertex  2.214277e+01  5.609063e+00  4.000000e+00
     vertex  2.207674e+01  5.578612e+00  4.000000e+00
   endloop
 endfacet
 facet normal  0.000000e+00  0.000000e+00  1.000000e+00
   outer loop
     vertex  3.389014e+01  5.593611e+00  4.000000e+00
     vertex  3.382454e+01  5.624965e+00  4.000000e+00
     vertex  2.214277e+01  5.609063e+00  4.000000e+00
   endloop
 endfacet
 facet normal  0.000000e+00  0.000000e+00  1.000000e+00
   outer loop
     vertex  3.258605e+01  6.906671e+00  4.000000e+00
     vertex  2.342872e+01  6.939889e+00  4.000000e+00
     vertex  2.339872e+01  6.873659e+00  4.000000e+00
   endloop
 endfacet
 facet normal  0.000000e+00  0.000000e+00  1.000000e+00
   outer loop
     vertex  3.258605e+01  6.906671e+00  4.000000e+00
     vertex  2.339872e+01  6.873659e+00  4.000000e+00
     vertex  3.261696e+01  6.840859e+00  4.000000e+00
   endloop
 endfacet
 facet normal  0.000000e+00  0.000000e+00  1.000000e+00
   outer loop
     vertex  3.395657e+01  5.564069e+00  4.000000e+00
     vertex  2.207674e+01  5.578612e+00  4.000000e+00
     vertex  2.200991e+01  5.549984e+00  4.000000e+00
   endloop
 endfacet
 facet normal  0.000000e+00  0.000000e+00  1.000000e+00
   outer loop
     vertex  3.395657e+01  5.564069e+00  4.000000e+00
     vertex  3.389014e+01  5.593611e+00  4.000000e+00
     vertex  2.207674e+01  5.578612e+00  4.000000e+00
   endloop
 endfacet
 facet normal  0.000000e+00  0.000000e+00  1.000000e+00
   outer loop
     vertex  3.255697e+01  6.973307e+00  4.000000e+00
     vertex  2.342872e+01  6.939889e+00  4.000000e+00
     vertex  3.258605e+01  6.906671e+00  4.000000e+00
   endloop
 endfacet
 facet normal  0.000000e+00  0.000000e+00  1.000000e+00
   outer loop
     vertex  3.255697e+01  6.973307e+00  4.000000e+00
     vertex  2.345689e+01  7.006918e+00  4.000000e+00
     vertex  2.342872e+01  6.939889e+00  4.000000e+00
   endloop
 endfacet
 facet normal  0.000000e+00  0.000000e+00  1.000000e+00
   outer loop
     vertex  3.402379e+01  5.536360e+00  4.000000e+00
     vertex  3.395657e+01  5.564069e+00  4.000000e+00
     vertex  2.200991e+01  5.549984e+00  4.000000e+00
   endloop
 endfacet
 facet normal  0.000000e+00  0.000000e+00  1.000000e+00
   outer loop
     vertex  3.402379e+01  5.536360e+00  4.000000e+00
     vertex  2.200991e+01  5.549984e+00  4.000000e+00
     vertex  2.194232e+01  5.523200e+00  4.000000e+00
   endloop
 endfacet
 facet normal  0.000000e+00  0.000000e+00  1.000000e+00
   outer loop
     vertex  3.252972e+01  7.040716e+00  4.000000e+00
     vertex  2.348321e+01  7.074694e+00  4.000000e+00
     vertex  2.345689e+01  7.006918e+00  4.000000e+00
   endloop
 endfacet
 facet normal  0.000000e+00  0.000000e+00  1.000000e+00
   outer loop
     vertex  3.252972e+01  7.040716e+00  4.000000e+00
     vertex  2.345689e+01  7.006918e+00  4.000000e+00
     vertex  3.255697e+01  6.973307e+00  4.000000e+00
   endloop
 endfacet
 facet normal  0.000000e+00  0.000000e+00  1.000000e+00
   outer loop
     vertex  3.409175e+01  5.510506e+00  4.000000e+00
     vertex  2.194232e+01  5.523200e+00  4.000000e+00
     vertex  2.187401e+01  5.498281e+00  4.000000e+00
   endloop
 endfacet
 facet normal  0.000000e+00  0.000000e+00  1.000000e+00
   outer loop
     vertex  3.409175e+01  5.510506e+00  4.000000e+00
     vertex  3.402379e+01  5.536360e+00  4.000000e+00
     vertex  2.194232e+01  5.523200e+00  4.000000e+00
   endloop
 endfacet
 facet normal  0.000000e+00  0.000000e+00  1.000000e+00
   outer loop
     vertex  3.250433e+01  7.108847e+00  4.000000e+00
     vertex  2.350766e+01  7.143167e+00  4.000000e+00
     vertex  2.348321e+01  7.074694e+00  4.000000e+00
   endloop
 endfacet
 facet normal  0.000000e+00  0.000000e+00  1.000000e+00
   outer loop
     vertex  3.250433e+01  7.108847e+00  4.000000e+00
     vertex  2.348321e+01  7.074694e+00  4.000000e+00
     vertex  3.252972e+01  7.040716e+00  4.000000e+00
   endloop
 endfacet
 facet normal  0.000000e+00  0.000000e+00  1.000000e+00
   outer loop
     vertex  3.248083e+01  7.177648e+00  4.000000e+00
     vertex  2.353022e+01  7.212284e+00  4.000000e+00
     vertex  2.350766e+01  7.143167e+00  4.000000e+00
   endloop
 endfacet
 facet normal  0.000000e+00  0.000000e+00  1.000000e+00
   outer loop
     vertex  3.248083e+01  7.177648e+00  4.000000e+00
     vertex  2.350766e+01  7.143167e+00  4.000000e+00
     vertex  3.250433e+01  7.108847e+00  4.000000e+00
   endloop
 endfacet
 facet normal  0.000000e+00  0.000000e+00  1.000000e+00
   outer loop
     vertex  3.245921e+01  7.247069e+00  4.000000e+00
     vertex  2.353022e+01  7.212284e+00  4.000000e+00
     vertex  3.248083e+01  7.177648e+00  4.000000e+00
   endloop
 endfacet
 facet normal  0.000000e+00  0.000000e+00  1.000000e+00
   outer loop
     vertex  3.245921e+01  7.247069e+00  4.000000e+00
     vertex  2.355088e+01  7.281995e+00  4.000000e+00
     vertex  2.353022e+01  7.212284e+00  4.000000e+00
   endloop
 endfacet
 facet normal  0.000000e+00  0.000000e+00  1.000000e+00
   outer loop
     vertex  3.243951e+01  7.317056e+00  4.000000e+00
     vertex  2.356961e+01  7.352246e+00  4.000000e+00
     vertex  2.355088e+01  7.281995e+00  4.000000e+00
   endloop
 endfacet
 facet normal  0.000000e+00  0.000000e+00  1.000000e+00
   outer loop
     vertex  3.243951e+01  7.317056e+00  4.000000e+00
     vertex  2.355088e+01  7.281995e+00  4.000000e+00
     vertex  3.245921e+01  7.247069e+00  4.000000e+00
   endloop
 endfacet
 facet normal  0.000000e+00  0.000000e+00  1.000000e+00
   outer loop
     vertex  3.242174e+01  7.387558e+00  4.000000e+00
     vertex  2.358642e+01  7.422985e+00  4.000000e+00
     vertex  2.356961e+01  7.352246e+00  4.000000e+00
   endloop
 endfacet
 facet normal  0.000000e+00  0.000000e+00  1.000000e+00
   outer loop
     vertex  3.242174e+01  7.387558e+00  4.000000e+00
     vertex  2.356961e+01  7.352246e+00  4.000000e+00
     vertex  3.243951e+01  7.317056e+00  4.000000e+00
   endloop
 endfacet
 facet normal  0.000000e+00  0.000000e+00  1.000000e+00
   outer loop
     vertex  3.240591e+01  7.458520e+00  4.000000e+00
     vertex  2.360127e+01  7.494158e+00  4.000000e+00
     vertex  2.358642e+01  7.422985e+00  4.000000e+00
   endloop
 endfacet
 facet normal  0.000000e+00  0.000000e+00  1.000000e+00
   outer loop
     vertex  3.240591e+01  7.458520e+00  4.000000e+00
     vertex  2.358642e+01  7.422985e+00  4.000000e+00
     vertex  3.242174e+01  7.387558e+00  4.000000e+00
   endloop
 endfacet
 facet normal  0.000000e+00  0.000000e+00  1.000000e+00
   outer loop
     vertex  3.239203e+01  7.529891e+00  4.000000e+00
     vertex  2.361417e+01  7.565712e+00  4.000000e+00
     vertex  2.360127e+01  7.494158e+00  4.000000e+00
   endloop
 endfacet
 facet normal  0.000000e+00  0.000000e+00  1.000000e+00
   outer loop
     vertex  3.239203e+01  7.529891e+00  4.000000e+00
     vertex  2.360127e+01  7.494158e+00  4.000000e+00
     vertex  3.240591e+01  7.458520e+00  4.000000e+00
   endloop
 endfacet
 facet normal  0.000000e+00  0.000000e+00  1.000000e+00
   outer loop
     vertex  3.238012e+01  7.601615e+00  4.000000e+00
     vertex  2.361417e+01  7.565712e+00  4.000000e+00
     vertex  3.239203e+01  7.529891e+00  4.000000e+00
   endloop
 endfacet
 facet normal  0.000000e+00  0.000000e+00  1.000000e+00
   outer loop
     vertex  3.238012e+01  7.601615e+00  4.000000e+00
     vertex  2.362510e+01  7.637593e+00  4.000000e+00
     vertex  2.361417e+01  7.565712e+00  4.000000e+00
   endloop
 endfacet
 facet normal  0.000000e+00  0.000000e+00  1.000000e+00
   outer loop
     vertex  3.237017e+01  7.673639e+00  4.000000e+00
     vertex  2.363406e+01  7.709746e+00  4.000000e+00
     vertex  2.362510e+01  7.637593e+00  4.000000e+00
   endloop
 endfacet
 facet normal  0.000000e+00  0.000000e+00  1.000000e+00
   outer loop
     vertex  3.237017e+01  7.673639e+00  4.000000e+00
     vertex  2.362510e+01  7.637593e+00  4.000000e+00
     vertex  3.238012e+01  7.601615e+00  4.000000e+00
   endloop
 endfacet
 facet normal  0.000000e+00  0.000000e+00  1.000000e+00
   outer loop
     vertex  3.236221e+01  7.745908e+00  4.000000e+00
     vertex  2.364103e+01  7.782118e+00  4.000000e+00
     vertex  2.363406e+01  7.709746e+00  4.000000e+00
   endloop
 endfacet
 facet normal  0.000000e+00  0.000000e+00  1.000000e+00
   outer loop
     vertex  3.236221e+01  7.745908e+00  4.000000e+00
     vertex  2.363406e+01  7.709746e+00  4.000000e+00
     vertex  3.237017e+01  7.673639e+00  4.000000e+00
   endloop
 endfacet
 facet normal  0.000000e+00  0.000000e+00  1.000000e+00
   outer loop
     vertex  3.235623e+01  7.818369e+00  4.000000e+00
     vertex  2.364601e+01  7.854654e+00  4.000000e+00
     vertex  2.364103e+01  7.782118e+00  4.000000e+00
   endloop
 endfacet
 facet normal  0.000000e+00  0.000000e+00  1.000000e+00
   outer loop
     vertex  3.235623e+01  7.818369e+00  4.000000e+00
     vertex  2.364103e+01  7.782118e+00  4.000000e+00
     vertex  3.236221e+01  7.745908e+00  4.000000e+00
   endloop
 endfacet
 facet normal  0.000000e+00  0.000000e+00  1.000000e+00
   outer loop
     vertex  3.235224e+01  7.890967e+00  4.000000e+00
     vertex  2.364601e+01  7.854654e+00  4.000000e+00
     vertex  3.235623e+01  7.818369e+00  4.000000e+00
   endloop
 endfacet
 facet normal  0.000000e+00  0.000000e+00  1.000000e+00
   outer loop
     vertex  3.235224e+01  7.890967e+00  4.000000e+00
     vertex  2.364900e+01  7.927300e+00  4.000000e+00
     vertex  2.364601e+01  7.854654e+00  4.000000e+00
   endloop
 endfacet
 facet normal  0.000000e+00  0.000000e+00  1.000000e+00
   outer loop
     vertex  3.235025e+01  7.963646e+00  4.000000e+00
     vertex  2.365000e+01  8.000000e+00  4.000000e+00
     vertex  2.364900e+01  7.927300e+00  4.000000e+00
   endloop
 endfacet
 facet normal  0.000000e+00  0.000000e+00  1.000000e+00
   outer loop
     vertex  3.235025e+01  7.963646e+00  4.000000e+00
     vertex  2.364900e+01  7.927300e+00  4.000000e+00
     vertex  3.235224e+01  7.890967e+00  4.000000e+00
   endloop
 endfacet
 facet normal  0.000000e+00  0.000000e+00  1.000000e+00
   outer loop
     vertex  3.235025e+01  8.036354e+00  4.000000e+00
     vertex  2.364900e+01  8.072700e+00  4.000000e+00
     vertex  2.365000e+01  8.000000e+00  4.000000e+00
   endloop
 endfacet
 facet normal  0.000000e+00  0.000000e+00  1.000000e+00
   outer loop
     vertex  3.235025e+01  8.036354e+00  4.000000e+00
     vertex  2.365000e+01  8.000000e+00  4.000000e+00
     vertex  3.235025e+01  7.963646e+00  4.000000e+00
   endloop
 endfacet
 facet normal  0.000000e+00  0.000000e+00  1.000000e+00
   outer loop
     vertex  3.235224e+01  8.109033e+00  4.000000e+00
     vertex  2.364601e+01  8.145346e+00  4.000000e+00
     vertex  2.364900e+01  8.072700e+00  4.000000e+00
   endloop
 endfacet
 facet normal  0.000000e+00  0.000000e+00  1.000000e+00
   outer loop
     vertex  3.235224e+01  8.109033e+00  4.000000e+00
     vertex  2.364900e+01  8.072700e+00  4.000000e+00
     vertex  3.235025e+01  8.036354e+00  4.000000e+00
   endloop
 endfacet
 facet normal  0.000000e+00  0.000000e+00  1.000000e+00
   outer loop
     vertex  3.235623e+01  8.181631e+00  4.000000e+00
     vertex  2.364601e+01  8.145346e+00  4.000000e+00
     vertex  3.235224e+01  8.109033e+00  4.000000e+00
   endloop
 endfacet
 facet normal  0.000000e+00  0.000000e+00  1.000000e+00
   outer loop
     vertex  3.235623e+01  8.181631e+00  4.000000e+00
     vertex  2.364103e+01  8.217882e+00  4.000000e+00
     vertex  2.364601e+01  8.145346e+00  4.000000e+00
   endloop
 endfacet
 facet normal  0.000000e+00  0.000000e+00  1.000000e+00
   outer loop
     vertex  3.236221e+01  8.254092e+00  4.000000e+00
     vertex  2.363406e+01  8.290254e+00  4.000000e+00
     vertex  2.364103e+01  8.217882e+00  4.000000e+00
   endloop
 endfacet
 facet normal  0.000000e+00  0.000000e+00  1.000000e+00
   outer loop
     vertex  3.236221e+01  8.254092e+00  4.000000e+00
     vertex  2.364103e+01  8.217882e+00  4.000000e+00
     vertex  3.235623e+01  8.181631e+00  4.000000e+00
   endloop
 endfacet
 facet normal  0.000000e+00  0.000000e+00  1.000000e+00
   outer loop
     vertex  3.237017e+01  8.326361e+00  4.000000e+00
     vertex  2.363406e+01  8.290254e+00  4.000000e+00
     vertex  3.236221e+01  8.254092e+00  4.000000e+00
   endloop
 endfacet
 facet normal  0.000000e+00  0.000000e+00  1.000000e+00
   outer loop
     vertex  3.237017e+01  8.326361e+00  4.000000e+00
     vertex  2.362510e+01  8.362407e+00  4.000000e+00
     vertex  2.363406e+01  8.290254e+00  4.000000e+00
   endloop
 endfacet
 facet normal  0.000000e+00  0.000000e+00  1.000000e+00
   outer loop
     vertex  3.238012e+01  8.398385e+00  4.000000e+00
     vertex  2.361417e+01  8.434288e+00  4.000000e+00
     vertex  2.362510e+01  8.362407e+00  4.000000e+00
   endloop
 endfacet
 facet normal  0.000000e+00  0.000000e+00  1.000000e+00
   outer loop
     vertex  3.238012e+01  8.398385e+00  4.000000e+00
     vertex  2.362510e+01  8.362407e+00  4.000000e+00
     vertex  3.237017e+01  8.326361e+00  4.000000e+00
   endloop
 endfacet
 facet normal  0.000000e+00  0.000000e+00  1.000000e+00
   outer loop
     vertex  3.239203e+01  8.470109e+00  4.000000e+00
     vertex  2.361417e+01  8.434288e+00  4.000000e+00
     vertex  3.238012e+01  8.398385e+00  4.000000e+00
   endloop
 endfacet
 facet normal  0.000000e+00  0.000000e+00  1.000000e+00
   outer loop
     vertex  3.239203e+01  8.470109e+00  4.000000e+00
     vertex  2.360127e+01  8.505842e+00  4.000000e+00
     vertex  2.361417e+01  8.434288e+00  4.000000e+00
   endloop
 endfacet
 facet normal  0.000000e+00  0.000000e+00  1.000000e+00
   outer loop
     vertex  3.240591e+01  8.541480e+00  4.000000e+00
     vertex  2.360127e+01  8.505842e+00  4.000000e+00
     vertex  3.239203e+01  8.470109e+00  4.000000e+00
   endloop
 endfacet
 facet normal  0.000000e+00  0.000000e+00  1.000000e+00
   outer loop
     vertex  3.240591e+01  8.541480e+00  4.000000e+00
     vertex  2.358642e+01  8.577015e+00  4.000000e+00
     vertex  2.360127e+01  8.505842e+00  4.000000e+00
   endloop
 endfacet
 facet normal  0.000000e+00  0.000000e+00  1.000000e+00
   outer loop
     vertex  3.242174e+01  8.612442e+00  4.000000e+00
     vertex  2.358642e+01  8.577015e+00  4.000000e+00
     vertex  3.240591e+01  8.541480e+00  4.000000e+00
   endloop
 endfacet
 facet normal  0.000000e+00  0.000000e+00  1.000000e+00
   outer loop
     vertex  3.242174e+01  8.612442e+00  4.000000e+00
     vertex  2.356961e+01  8.647754e+00  4.000000e+00
     vertex  2.358642e+01  8.577015e+00  4.000000e+00
   endloop
 endfacet
 facet normal  0.000000e+00  0.000000e+00  1.000000e+00
   outer loop
     vertex  3.243951e+01  8.682944e+00  4.000000e+00
     vertex  2.356961e+01  8.647754e+00  4.000000e+00
     vertex  3.242174e+01  8.612442e+00  4.000000e+00
   endloop
 endfacet
 facet normal  0.000000e+00  0.000000e+00  1.000000e+00
   outer loop
     vertex  3.243951e+01  8.682944e+00  4.000000e+00
     vertex  2.355088e+01  8.718005e+00  4.000000e+00
     vertex  2.356961e+01  8.647754e+00  4.000000e+00
   endloop
 endfacet
 facet normal  0.000000e+00  0.000000e+00  1.000000e+00
   outer loop
     vertex  3.245921e+01  8.752931e+00  4.000000e+00
     vertex  2.355088e+01  8.718005e+00  4.000000e+00
     vertex  3.243951e+01  8.682944e+00  4.000000e+00
   endloop
 endfacet
 facet normal  0.000000e+00  0.000000e+00  1.000000e+00
   outer loop
     vertex  3.245921e+01  8.752931e+00  4.000000e+00
     vertex  2.353022e+01  8.787716e+00  4.000000e+00
     vertex  2.355088e+01  8.718005e+00  4.000000e+00
   endloop
 endfacet
 facet normal  0.000000e+00  0.000000e+00  1.000000e+00
   outer loop
     vertex  3.248083e+01  8.822352e+00  4.000000e+00
     vertex  2.350766e+01  8.856833e+00  4.000000e+00
     vertex  2.353022e+01  8.787716e+00  4.000000e+00
   endloop
 endfacet
 facet normal  0.000000e+00  0.000000e+00  1.000000e+00
   outer loop
     vertex  3.248083e+01  8.822352e+00  4.000000e+00
     vertex  2.353022e+01  8.787716e+00  4.000000e+00
     vertex  3.245921e+01  8.752931e+00  4.000000e+00
   endloop
 endfacet
 facet normal  0.000000e+00  0.000000e+00  1.000000e+00
   outer loop
     vertex  3.250433e+01  8.891153e+00  4.000000e+00
     vertex  2.350766e+01  8.856833e+00  4.000000e+00
     vertex  3.248083e+01  8.822352e+00  4.000000e+00
   endloop
 endfacet
 facet normal  0.000000e+00  0.000000e+00  1.000000e+00
   outer loop
     vertex  3.250433e+01  8.891153e+00  4.000000e+00
     vertex  2.348321e+01  8.925306e+00  4.000000e+00
     vertex  2.350766e+01  8.856833e+00  4.000000e+00
   endloop
 endfacet
 facet normal  0.000000e+00  0.000000e+00  1.000000e+00
   outer loop
     vertex  3.252972e+01  8.959284e+00  4.000000e+00
     vertex  2.345689e+01  8.993082e+00  4.000000e+00
     vertex  2.348321e+01  8.925306e+00  4.000000e+00
   endloop
 endfacet
 facet normal  0.000000e+00  0.000000e+00  1.000000e+00
   outer loop
     vertex  3.252972e+01  8.959284e+00  4.000000e+00
     vertex  2.348321e+01  8.925306e+00  4.000000e+00
     vertex  3.250433e+01  8.891153e+00  4.000000e+00
   endloop
 endfacet
 facet normal  0.000000e+00  0.000000e+00  1.000000e+00
   outer loop
     vertex  3.255697e+01  9.026693e+00  4.000000e+00
     vertex  2.342872e+01  9.060111e+00  4.000000e+00
     vertex  2.345689e+01  8.993082e+00  4.000000e+00
   endloop
 endfacet
 facet normal  0.000000e+00  0.000000e+00  1.000000e+00
   outer loop
     vertex  3.255697e+01  9.026693e+00  4.000000e+00
     vertex  2.345689e+01  8.993082e+00  4.000000e+00
     vertex  3.252972e+01  8.959284e+00  4.000000e+00
   endloop
 endfacet
 facet normal  0.000000e+00  0.000000e+00  1.000000e+00
   outer loop
     vertex  3.258605e+01  9.093329e+00  4.000000e+00
     vertex  2.339872e+01  9.126341e+00  4.000000e+00
     vertex  2.342872e+01  9.060111e+00  4.000000e+00
   endloop
 endfacet
 facet normal  0.000000e+00  0.000000e+00  1.000000e+00
   outer loop
     vertex  3.258605e+01  9.093329e+00  4.000000e+00
     vertex  2.342872e+01  9.060111e+00  4.000000e+00
     vertex  3.255697e+01  9.026693e+00  4.000000e+00
   endloop
 endfacet
 facet normal  0.000000e+00  0.000000e+00  1.000000e+00
   outer loop
     vertex  3.261696e+01  9.159141e+00  4.000000e+00
     vertex  2.336692e+01  9.191724e+00  4.000000e+00
     vertex  2.339872e+01  9.126341e+00  4.000000e+00
   endloop
 endfacet
 facet normal  0.000000e+00  0.000000e+00  1.000000e+00
   outer loop
     vertex  3.261696e+01  9.159141e+00  4.000000e+00
     vertex  2.339872e+01  9.126341e+00  4.000000e+00
     vertex  3.258605e+01  9.093329e+00  4.000000e+00
   endloop
 endfacet
 facet normal  0.000000e+00  0.000000e+00  1.000000e+00
   outer loop
     vertex  3.264965e+01  9.224082e+00  4.000000e+00
     vertex  2.333333e+01  9.256209e+00  4.000000e+00
     vertex  2.336692e+01  9.191724e+00  4.000000e+00
   endloop
 endfacet
 facet normal  0.000000e+00  0.000000e+00  1.000000e+00
   outer loop
     vertex  3.264965e+01  9.224082e+00  4.000000e+00
     vertex  2.336692e+01  9.191724e+00  4.000000e+00
     vertex  3.261696e+01  9.159141e+00  4.000000e+00
   endloop
 endfacet
 facet normal  0.000000e+00  0.000000e+00  1.000000e+00
   outer loop
     vertex  3.268412e+01  9.288100e+00  4.000000e+00
     vertex  2.329799e+01  9.319749e+00  4.000000e+00
     vertex  2.333333e+01  9.256209e+00  4.000000e+00
   endloop
 endfacet
 facet normal  0.000000e+00  0.000000e+00  1.000000e+00
   outer loop
     vertex  3.268412e+01  9.288100e+00  4.000000e+00
     vertex  2.333333e+01  9.256209e+00  4.000000e+00
     vertex  3.264965e+01  9.224082e+00  4.000000e+00
   endloop
 endfacet
 facet normal  0.000000e+00  0.000000e+00  1.000000e+00
   outer loop
     vertex  4.200000e+01  0.000000e+00  4.000000e+00
     vertex  2.109087e+01  5.351558e+00  4.000000e+00
     vertex  2.101818e+01  5.350062e+00  4.000000e+00
   endloop
 endfacet
 facet normal  0.000000e+00  0.000000e+00  1.000000e+00
   outer loop
     vertex  4.200000e+01  0.000000e+00  4.000000e+00
     vertex  2.116349e+01  5.355048e+00  4.000000e+00
     vertex  2.109087e+01  5.351558e+00  4.000000e+00
   endloop
 endfacet
 facet normal  0.000000e+00  0.000000e+00  1.000000e+00
   outer loop
     vertex  4.200000e+01  0.000000e+00  4.000000e+00
     vertex  2.123599e+01  5.360529e+00  4.000000e+00
     vertex  2.116349e+01  5.355048e+00  4.000000e+00
   endloop
 endfacet
 facet normal  0.000000e+00  0.000000e+00  1.000000e+00
   outer loop
     vertex  4.200000e+01  0.000000e+00  4.000000e+00
     vertex  2.130831e+01  5.367997e+00  4.000000e+00
     vertex  2.123599e+01  5.360529e+00  4.000000e+00
   endloop
 endfacet
 facet normal  0.000000e+00  0.000000e+00  1.000000e+00
   outer loop
     vertex  4.200000e+01  0.000000e+00  4.000000e+00
     vertex  2.138041e+01  5.377446e+00  4.000000e+00
     vertex  2.130831e+01  5.367997e+00  4.000000e+00
   endloop
 endfacet
 facet normal  0.000000e+00  0.000000e+00  1.000000e+00
   outer loop
     vertex  4.200000e+01  0.000000e+00  4.000000e+00
     vertex  2.145221e+01  5.388869e+00  4.000000e+00
     vertex  2.138041e+01  5.377446e+00  4.000000e+00
   endloop
 endfacet
 facet normal  0.000000e+00  0.000000e+00  1.000000e+00
   outer loop
     vertex  4.200000e+01  0.000000e+00  4.000000e+00
     vertex  2.152367e+01  5.402257e+00  4.000000e+00
     vertex  2.145221e+01  5.388869e+00  4.000000e+00
   endloop
 endfacet
 facet normal  0.000000e+00  0.000000e+00  1.000000e+00
   outer loop
     vertex  4.200000e+01  0.000000e+00  4.000000e+00
     vertex  2.159474e+01  5.417602e+00  4.000000e+00
     vertex  2.152367e+01  5.402257e+00  4.000000e+00
   endloop
 endfacet
 facet normal  0.000000e+00  0.000000e+00  1.000000e+00
   outer loop
     vertex  4.200000e+01  0.000000e+00  4.000000e+00
     vertex  2.166536e+01  5.434890e+00  4.000000e+00
     vertex  2.159474e+01  5.417602e+00  4.000000e+00
   endloop
 endfacet
 facet normal  0.000000e+00  0.000000e+00  1.000000e+00
   outer loop
     vertex  4.200000e+01  0.000000e+00  4.000000e+00
     vertex  2.173549e+01  5.454109e+00  4.000000e+00
     vertex  2.166536e+01  5.434890e+00  4.000000e+00
   endloop
 endfacet
 facet normal  0.000000e+00  0.000000e+00  1.000000e+00
   outer loop
     vertex  4.200000e+01  0.000000e+00  4.000000e+00
     vertex  2.180505e+01  5.475245e+00  4.000000e+00
     vertex  2.173549e+01  5.454109e+00  4.000000e+00
   endloop
 endfacet
 facet normal  0.000000e+00  0.000000e+00  1.000000e+00
   outer loop
     vertex  4.200000e+01  0.000000e+00  4.000000e+00
     vertex  2.187401e+01  5.498281e+00  4.000000e+00
     vertex  2.180505e+01  5.475245e+00  4.000000e+00
   endloop
 endfacet
 facet normal  0.000000e+00  0.000000e+00  1.000000e+00
   outer loop
     vertex  4.200000e+01  0.000000e+00  4.000000e+00
     vertex  3.416039e+01  5.486526e+00  4.000000e+00
     vertex  3.409175e+01  5.510506e+00  4.000000e+00
   endloop
 endfacet
 facet normal  0.000000e+00  0.000000e+00  1.000000e+00
   outer loop
     vertex  4.200000e+01  0.000000e+00  4.000000e+00
     vertex  3.422966e+01  5.464438e+00  4.000000e+00
     vertex  3.416039e+01  5.486526e+00  4.000000e+00
   endloop
 endfacet
 facet normal  0.000000e+00  0.000000e+00  1.000000e+00
   outer loop
     vertex  4.200000e+01  0.000000e+00  4.000000e+00
     vertex  3.429951e+01  5.444259e+00  4.000000e+00
     vertex  3.422966e+01  5.464438e+00  4.000000e+00
   endloop
 endfacet
 facet normal  0.000000e+00  0.000000e+00  1.000000e+00
   outer loop
     vertex  4.200000e+01  0.000000e+00  4.000000e+00
     vertex  3.436989e+01  5.426004e+00  4.000000e+00
     vertex  3.429951e+01  5.444259e+00  4.000000e+00
   endloop
 endfacet
 facet normal  0.000000e+00  0.000000e+00  1.000000e+00
   outer loop
     vertex  4.200000e+01  0.000000e+00  4.000000e+00
     vertex  3.444074e+01  5.409686e+00  4.000000e+00
     vertex  3.436989e+01  5.426004e+00  4.000000e+00
   endloop
 endfacet
 facet normal  0.000000e+00  0.000000e+00  1.000000e+00
   outer loop
     vertex  4.200000e+01  0.000000e+00  4.000000e+00
     vertex  3.451201e+01  5.395318e+00  4.000000e+00
     vertex  3.444074e+01  5.409686e+00  4.000000e+00
   endloop
 endfacet
 facet normal  0.000000e+00  0.000000e+00  1.000000e+00
   outer loop
     vertex  4.200000e+01  0.000000e+00  4.000000e+00
     vertex  3.458365e+01  5.382911e+00  4.000000e+00
     vertex  3.451201e+01  5.395318e+00  4.000000e+00
   endloop
 endfacet
 facet normal  0.000000e+00  0.000000e+00  1.000000e+00
   outer loop
     vertex  4.200000e+01  0.000000e+00  4.000000e+00
     vertex  3.465561e+01  5.372474e+00  4.000000e+00
     vertex  3.458365e+01  5.382911e+00  4.000000e+00
   endloop
 endfacet
 facet normal  0.000000e+00  0.000000e+00  1.000000e+00
   outer loop
     vertex  4.200000e+01  0.000000e+00  4.000000e+00
     vertex  3.472782e+01  5.364015e+00  4.000000e+00
     vertex  3.465561e+01  5.372474e+00  4.000000e+00
   endloop
 endfacet
 facet normal  0.000000e+00  0.000000e+00  1.000000e+00
   outer loop
     vertex  4.200000e+01  0.000000e+00  4.000000e+00
     vertex  3.480024e+01  5.357540e+00  4.000000e+00
     vertex  3.472782e+01  5.364015e+00  4.000000e+00
   endloop
 endfacet
 facet normal  0.000000e+00  0.000000e+00  1.000000e+00
   outer loop
     vertex  4.200000e+01  0.000000e+00  4.000000e+00
     vertex  3.487281e+01  5.353054e+00  4.000000e+00
     vertex  3.480024e+01  5.357540e+00  4.000000e+00
   endloop
 endfacet
 facet normal  0.000000e+00  0.000000e+00  1.000000e+00
   outer loop
     vertex  4.200000e+01  0.000000e+00  4.000000e+00
     vertex  3.494547e+01  5.350561e+00  4.000000e+00
     vertex  3.487281e+01  5.353054e+00  4.000000e+00
   endloop
 endfacet
 facet normal  0.000000e+00  0.000000e+00  1.000000e+00
   outer loop
     vertex  4.200000e+01  0.000000e+00  4.000000e+00
     vertex  3.501818e+01  5.350062e+00  4.000000e+00
     vertex  3.494547e+01  5.350561e+00  4.000000e+00
   endloop
 endfacet
 facet normal  0.000000e+00  0.000000e+00  1.000000e+00
   outer loop
     vertex  4.200000e+01  0.000000e+00  4.000000e+00
     vertex  3.509087e+01  5.351558e+00  4.000000e+00
     vertex  3.501818e+01  5.350062e+00  4.000000e+00
   endloop
 endfacet
 facet normal  0.000000e+00  0.000000e+00  1.000000e+00
   outer loop
     vertex  4.200000e+01  0.000000e+00  4.000000e+00
     vertex  3.516349e+01  5.355048e+00  4.000000e+00
     vertex  3.509087e+01  5.351558e+00  4.000000e+00
   endloop
 endfacet
 facet normal  0.000000e+00  0.000000e+00  1.000000e+00
   outer loop
     vertex  4.200000e+01  0.000000e+00  4.000000e+00
     vertex  3.523599e+01  5.360529e+00  4.000000e+00
     vertex  3.516349e+01  5.355048e+00  4.000000e+00
   endloop
 endfacet
 facet normal  0.000000e+00  0.000000e+00  1.000000e+00
   outer loop
     vertex  4.200000e+01  0.000000e+00  4.000000e+00
     vertex  3.409175e+01  5.510506e+00  4.000000e+00
     vertex  2.187401e+01  5.498281e+00  4.000000e+00
   endloop
 endfacet
 facet normal  0.000000e+00  0.000000e+00  1.000000e+00
   outer loop
     vertex  4.200000e+01  0.000000e+00  4.000000e+00
     vertex  3.530831e+01  5.367997e+00  4.000000e+00
     vertex  3.523599e+01  5.360529e+00  4.000000e+00
   endloop
 endfacet
 facet normal  0.000000e+00  0.000000e+00  1.000000e+00
   outer loop
     vertex  4.200000e+01  0.000000e+00  4.000000e+00
     vertex  3.538041e+01  5.377446e+00  4.000000e+00
     vertex  3.530831e+01  5.367997e+00  4.000000e+00
   endloop
 endfacet
 facet normal  0.000000e+00  0.000000e+00  1.000000e+00
   outer loop
     vertex  4.200000e+01  0.000000e+00  4.000000e+00
     vertex  3.545221e+01  5.388869e+00  4.000000e+00
     vertex  3.538041e+01  5.377446e+00  4.000000e+00
   endloop
 endfacet
 facet normal  0.000000e+00  0.000000e+00  1.000000e+00
   outer loop
     vertex  4.200000e+01  0.000000e+00  4.000000e+00
     vertex  3.552367e+01  5.402257e+00  4.000000e+00
     vertex  3.545221e+01  5.388869e+00  4.000000e+00
   endloop
 endfacet
 facet normal  0.000000e+00  0.000000e+00  1.000000e+00
   outer loop
     vertex  4.200000e+01  0.000000e+00  4.000000e+00
     vertex  3.559474e+01  5.417602e+00  4.000000e+00
     vertex  3.552367e+01  5.402257e+00  4.000000e+00
   endloop
 endfacet
 facet normal  0.000000e+00  0.000000e+00  1.000000e+00
   outer loop
     vertex  4.200000e+01  0.000000e+00  4.000000e+00
     vertex  3.566536e+01  5.434890e+00  4.000000e+00
     vertex  3.559474e+01  5.417602e+00  4.000000e+00
   endloop
 endfacet
 facet normal  0.000000e+00  0.000000e+00  1.000000e+00
   outer loop
     vertex  4.200000e+01  0.000000e+00  4.000000e+00
     vertex  3.573549e+01  5.454109e+00  4.000000e+00
     vertex  3.566536e+01  5.434890e+00  4.000000e+00
   endloop
 endfacet
 facet normal  0.000000e+00  0.000000e+00  1.000000e+00
   outer loop
     vertex  4.200000e+01  0.000000e+00  4.000000e+00
     vertex  3.580505e+01  5.475245e+00  4.000000e+00
     vertex  3.573549e+01  5.454109e+00  4.000000e+00
   endloop
 endfacet
 facet normal  0.000000e+00  0.000000e+00  1.000000e+00
   outer loop
     vertex  4.200000e+01  0.000000e+00  4.000000e+00
     vertex  3.587401e+01  5.498281e+00  4.000000e+00
     vertex  3.580505e+01  5.475245e+00  4.000000e+00
   endloop
 endfacet
 facet normal  0.000000e+00  0.000000e+00  1.000000e+00
   outer loop
     vertex  4.200000e+01  0.000000e+00  4.000000e+00
     vertex  3.594232e+01  5.523200e+00  4.000000e+00
     vertex  3.587401e+01  5.498281e+00  4.000000e+00
   endloop
 endfacet
 facet normal  0.000000e+00  0.000000e+00  1.000000e+00
   outer loop
     vertex  4.200000e+01  0.000000e+00  4.000000e+00
     vertex  3.600991e+01  5.549984e+00  4.000000e+00
     vertex  3.594232e+01  5.523200e+00  4.000000e+00
   endloop
 endfacet
 facet normal  0.000000e+00  0.000000e+00  1.000000e+00
   outer loop
     vertex  4.200000e+01  0.000000e+00  4.000000e+00
     vertex  3.607674e+01  5.578612e+00  4.000000e+00
     vertex  3.600991e+01  5.549984e+00  4.000000e+00
   endloop
 endfacet
 facet normal  0.000000e+00  0.000000e+00  1.000000e+00
   outer loop
     vertex  4.200000e+01  0.000000e+00  4.000000e+00
     vertex  3.614277e+01  5.609063e+00  4.000000e+00
     vertex  3.607674e+01  5.578612e+00  4.000000e+00
   endloop
 endfacet
 facet normal  0.000000e+00  0.000000e+00  1.000000e+00
   outer loop
     vertex  4.200000e+01  0.000000e+00  4.000000e+00
     vertex  3.620793e+01  5.641313e+00  4.000000e+00
     vertex  3.614277e+01  5.609063e+00  4.000000e+00
   endloop
 endfacet
 facet normal  0.000000e+00  0.000000e+00  1.000000e+00
   outer loop
     vertex  4.200000e+01  0.000000e+00  4.000000e+00
     vertex  3.627218e+01  5.675340e+00  4.000000e+00
     vertex  3.620793e+01  5.641313e+00  4.000000e+00
   endloop
 endfacet
 facet normal  0.000000e+00  0.000000e+00  1.000000e+00
   outer loop
     vertex  4.200000e+01  0.000000e+00  4.000000e+00
     vertex  2.101818e+01  5.350062e+00  4.000000e+00
     vertex  0.000000e+00  0.000000e+00  4.000000e+00
   endloop
 endfacet
 facet normal  0.000000e+00  0.000000e+00  1.000000e+00
   outer loop
     vertex  3.633548e+01  5.711116e+00  4.000000e+00
     vertex  3.627218e+01  5.675340e+00  4.000000e+00
     vertex  4.200000e+01  0.000000e+00  4.000000e+00
   endloop
 endfacet
 facet normal  0.000000e+00  0.000000e+00  1.000000e+00
   outer loop
     vertex  3.272033e+01  9.351150e+00  4.000000e+00
     vertex  2.326092e+01  9.382296e+00  4.000000e+00
     vertex  2.329799e+01  9.319749e+00  4.000000e+00
   endloop
 endfacet
 facet normal  0.000000e+00  0.000000e+00  1.000000e+00
   outer loop
     vertex  3.272033e+01  9.351150e+00  4.000000e+00
     vertex  2.329799e+01  9.319749e+00  4.000000e+00
     vertex  3.268412e+01  9.288100e+00  4.000000e+00
   endloop
 endfacet
 facet normal  0.000000e+00  0.000000e+00  1.000000e+00
   outer loop
     vertex  3.639777e+01  5.748615e+00  4.000000e+00
     vertex  3.633548e+01  5.711116e+00  4.000000e+00
     vertex  4.200000e+01  0.000000e+00  4.000000e+00
   endloop
 endfacet
 facet normal  0.000000e+00  0.000000e+00  1.000000e+00
   outer loop
     vertex  3.275826e+01  9.413182e+00  4.000000e+00
     vertex  2.322215e+01  9.443802e+00  4.000000e+00
     vertex  2.326092e+01  9.382296e+00  4.000000e+00
   endloop
 endfacet
 facet normal  0.000000e+00  0.000000e+00  1.000000e+00
   outer loop
     vertex  3.275826e+01  9.413182e+00  4.000000e+00
     vertex  2.326092e+01  9.382296e+00  4.000000e+00
     vertex  3.272033e+01  9.351150e+00  4.000000e+00
   endloop
 endfacet
 facet normal  0.000000e+00  0.000000e+00  1.000000e+00
   outer loop
     vertex  3.645901e+01  5.787809e+00  4.000000e+00
     vertex  3.639777e+01  5.748615e+00  4.000000e+00
     vertex  4.200000e+01  0.000000e+00  4.000000e+00
   endloop
 endfacet
 facet normal  0.000000e+00  0.000000e+00  1.000000e+00
   outer loop
     vertex  3.279787e+01  9.474150e+00  4.000000e+00
     vertex  2.318170e+01  9.504221e+00  4.000000e+00
     vertex  2.322215e+01  9.443802e+00  4.000000e+00
   endloop
 endfacet
 facet normal  0.000000e+00  0.000000e+00  1.000000e+00
   outer loop
     vertex  3.279787e+01  9.474150e+00  4.000000e+00
     vertex  2.322215e+01  9.443802e+00  4.000000e+00
     vertex  3.275826e+01  9.413182e+00  4.000000e+00
   endloop
 endfacet
 facet normal  0.000000e+00  0.000000e+00  1.000000e+00
   outer loop
     vertex  3.651915e+01  5.828668e+00  4.000000e+00
     vertex  3.645901e+01  5.787809e+00  4.000000e+00
     vertex  4.200000e+01  0.000000e+00  4.000000e+00
   endloop
 endfacet
 facet normal  0.000000e+00  0.000000e+00  1.000000e+00
   outer loop
     vertex  3.283914e+01  9.534008e+00  4.000000e+00
     vertex  2.313961e+01  9.563507e+00  4.000000e+00
     vertex  2.318170e+01  9.504221e+00  4.000000e+00
   endloop
 endfacet
 facet normal  0.000000e+00  0.000000e+00  1.000000e+00
   outer loop
     vertex  3.283914e+01  9.534008e+00  4.000000e+00
     vertex  2.318170e+01  9.504221e+00  4.000000e+00
     vertex  3.279787e+01  9.474150e+00  4.000000e+00
   endloop
 endfacet
 facet normal  0.000000e+00  0.000000e+00  1.000000e+00
   outer loop
     vertex  3.657815e+01  5.871162e+00  4.000000e+00
     vertex  3.651915e+01  5.828668e+00  4.000000e+00
     vertex  4.200000e+01  0.000000e+00  4.000000e+00
   endloop
 endfacet
 facet normal  0.000000e+00  0.000000e+00  1.000000e+00
   outer loop
     vertex  3.288204e+01  9.592712e+00  4.000000e+00
     vertex  2.313961e+01  9.563507e+00  4.000000e+00
     vertex  3.283914e+01  9.534008e+00  4.000000e+00
   endloop
 endfacet
 facet normal  0.000000e+00  0.000000e+00  1.000000e+00
   outer loop
     vertex  3.288204e+01  9.592712e+00  4.000000e+00
     vertex  2.309591e+01  9.621617e+00  4.000000e+00
     vertex  2.313961e+01  9.563507e+00  4.000000e+00
   endloop
 endfacet
 facet normal  0.000000e+00  0.000000e+00  1.000000e+00
   outer loop
     vertex  3.663596e+01  5.915258e+00  4.000000e+00
     vertex  3.657815e+01  5.871162e+00  4.000000e+00
     vertex  4.200000e+01  0.000000e+00  4.000000e+00
   endloop
 endfacet
 facet normal  0.000000e+00  0.000000e+00  1.000000e+00
   outer loop
     vertex  3.292653e+01  9.650217e+00  4.000000e+00
     vertex  2.309591e+01  9.621617e+00  4.000000e+00
     vertex  3.288204e+01  9.592712e+00  4.000000e+00
   endloop
 endfacet
 facet normal  0.000000e+00  0.000000e+00  1.000000e+00
   outer loop
     vertex  3.292653e+01  9.650217e+00  4.000000e+00
     vertex  2.305064e+01  9.678506e+00  4.000000e+00
     vertex  2.309591e+01  9.621617e+00  4.000000e+00
   endloop
 endfacet
 facet normal  0.000000e+00  0.000000e+00  1.000000e+00
   outer loop
     vertex  3.669253e+01  5.960923e+00  4.000000e+00
     vertex  3.663596e+01  5.915258e+00  4.000000e+00
     vertex  4.200000e+01  0.000000e+00  4.000000e+00
   endloop
 endfacet
 facet normal  0.000000e+00  0.000000e+00  1.000000e+00
   outer loop
     vertex  3.297258e+01  9.706480e+00  4.000000e+00
     vertex  2.300382e+01  9.734132e+00  4.000000e+00
     vertex  2.305064e+01  9.678506e+00  4.000000e+00
   endloop
 endfacet
 facet normal  0.000000e+00  0.000000e+00  1.000000e+00
   outer loop
     vertex  3.297258e+01  9.706480e+00  4.000000e+00
     vertex  2.305064e+01  9.678506e+00  4.000000e+00
     vertex  3.292653e+01  9.650217e+00  4.000000e+00
   endloop
 endfacet
 facet normal  0.000000e+00  0.000000e+00  1.000000e+00
   outer loop
     vertex  3.674784e+01  6.008124e+00  4.000000e+00
     vertex  3.669253e+01  5.960923e+00  4.000000e+00
     vertex  4.200000e+01  0.000000e+00  4.000000e+00
   endloop
 endfacet
 facet normal  0.000000e+00  0.000000e+00  1.000000e+00
   outer loop
     vertex  3.302016e+01  9.761458e+00  4.000000e+00
     vertex  2.300382e+01  9.734132e+00  4.000000e+00
     vertex  3.297258e+01  9.706480e+00  4.000000e+00
   endloop
 endfacet
 facet normal  0.000000e+00  0.000000e+00  1.000000e+00
   outer loop
     vertex  3.302016e+01  9.761458e+00  4.000000e+00
     vertex  2.295549e+01  9.788452e+00  4.000000e+00
     vertex  2.300382e+01  9.734132e+00  4.000000e+00
   endloop
 endfacet
 facet normal  0.000000e+00  0.000000e+00  1.000000e+00
   outer loop
     vertex  3.680182e+01  6.056824e+00  4.000000e+00
     vertex  3.674784e+01  6.008124e+00  4.000000e+00
     vertex  4.200000e+01  0.000000e+00  4.000000e+00
   endloop
 endfacet
 facet normal  0.000000e+00  0.000000e+00  1.000000e+00
   outer loop
     vertex  3.306923e+01  9.815110e+00  4.000000e+00
     vertex  2.295549e+01  9.788452e+00  4.000000e+00
     vertex  3.302016e+01  9.761458e+00  4.000000e+00
   endloop
 endfacet
 facet normal  0.000000e+00  0.000000e+00  1.000000e+00
   outer loop
     vertex  3.306923e+01  9.815110e+00  4.000000e+00
     vertex  2.290569e+01  9.841426e+00  4.000000e+00
     vertex  2.295549e+01  9.788452e+00  4.000000e+00
   endloop
 endfacet
 facet normal  0.000000e+00  0.000000e+00  1.000000e+00
   outer loop
     vertex  3.685445e+01  6.106987e+00  4.000000e+00
     vertex  3.680182e+01  6.056824e+00  4.000000e+00
     vertex  4.200000e+01  0.000000e+00  4.000000e+00
   endloop
 endfacet
 facet normal  0.000000e+00  0.000000e+00  1.000000e+00
   outer loop
     vertex  3.311975e+01  9.867395e+00  4.000000e+00
     vertex  2.290569e+01  9.841426e+00  4.000000e+00
     vertex  3.306923e+01  9.815110e+00  4.000000e+00
   endloop
 endfacet
 facet normal  0.000000e+00  0.000000e+00  1.000000e+00
   outer loop
     vertex  3.311975e+01  9.867395e+00  4.000000e+00
     vertex  2.285445e+01  9.893013e+00  4.000000e+00
     vertex  2.290569e+01  9.841426e+00  4.000000e+00
   endloop
 endfacet
 facet normal  0.000000e+00  0.000000e+00  1.000000e+00
   outer loop
     vertex  3.690569e+01  6.158574e+00  4.000000e+00
     vertex  3.685445e+01  6.106987e+00  4.000000e+00
     vertex  4.200000e+01  0.000000e+00  4.000000e+00
   endloop
 endfacet
 facet normal  0.000000e+00  0.000000e+00  1.000000e+00
   outer loop
     vertex  3.317169e+01  9.918275e+00  4.000000e+00
     vertex  2.285445e+01  9.893013e+00  4.000000e+00
     vertex  3.311975e+01  9.867395e+00  4.000000e+00
   endloop
 endfacet
 facet normal  0.000000e+00  0.000000e+00  1.000000e+00
   outer loop
     vertex  3.317169e+01  9.918275e+00  4.000000e+00
     vertex  2.280182e+01  9.943176e+00  4.000000e+00
     vertex  2.285445e+01  9.893013e+00  4.000000e+00
   endloop
 endfacet
 facet normal  0.000000e+00  0.000000e+00  1.000000e+00
   outer loop
     vertex  3.695549e+01  6.211548e+00  4.000000e+00
     vertex  3.690569e+01  6.158574e+00  4.000000e+00
     vertex  4.200000e+01  0.000000e+00  4.000000e+00
   endloop
 endfacet
 facet normal  0.000000e+00  0.000000e+00  1.000000e+00
   outer loop
     vertex  3.322500e+01  9.967711e+00  4.000000e+00
     vertex  2.280182e+01  9.943176e+00  4.000000e+00
     vertex  3.317169e+01  9.918275e+00  4.000000e+00
   endloop
 endfacet
 facet normal  0.000000e+00  0.000000e+00  1.000000e+00
   outer loop
     vertex  3.322500e+01  9.967711e+00  4.000000e+00
     vertex  2.274784e+01  9.991876e+00  4.000000e+00
     vertex  2.280182e+01  9.943176e+00  4.000000e+00
   endloop
 endfacet
 facet normal  0.000000e+00  0.000000e+00  1.000000e+00
   outer loop
     vertex  3.700382e+01  6.265868e+00  4.000000e+00
     vertex  3.695549e+01  6.211548e+00  4.000000e+00
     vertex  4.200000e+01  0.000000e+00  4.000000e+00
   endloop
 endfacet
 facet normal  0.000000e+00  0.000000e+00  1.000000e+00
   outer loop
     vertex  3.327965e+01  1.001567e+01  4.000000e+00
     vertex  2.269253e+01  1.003908e+01  4.000000e+00
     vertex  2.274784e+01  9.991876e+00  4.000000e+00
   endloop
 endfacet
 facet normal  0.000000e+00  0.000000e+00  1.000000e+00
   outer loop
     vertex  3.327965e+01  1.001567e+01  4.000000e+00
     vertex  2.274784e+01  9.991876e+00  4.000000e+00
     vertex  3.322500e+01  9.967711e+00  4.000000e+00
   endloop
 endfacet
 facet normal  0.000000e+00  0.000000e+00  1.000000e+00
   outer loop
     vertex  3.705064e+01  6.321494e+00  4.000000e+00
     vertex  3.700382e+01  6.265868e+00  4.000000e+00
     vertex  4.200000e+01  0.000000e+00  4.000000e+00
   endloop
 endfacet
 facet normal  0.000000e+00  0.000000e+00  1.000000e+00
   outer loop
     vertex  3.333560e+01  1.006210e+01  4.000000e+00
     vertex  2.269253e+01  1.003908e+01  4.000000e+00
     vertex  3.327965e+01  1.001567e+01  4.000000e+00
   endloop
 endfacet
 facet normal  0.000000e+00  0.000000e+00  1.000000e+00
   outer loop
     vertex  3.333560e+01  1.006210e+01  4.000000e+00
     vertex  2.263596e+01  1.008474e+01  4.000000e+00
     vertex  2.269253e+01  1.003908e+01  4.000000e+00
   endloop
 endfacet
 facet normal  0.000000e+00  0.000000e+00  1.000000e+00
   outer loop
     vertex  3.709591e+01  6.378383e+00  4.000000e+00
     vertex  3.705064e+01  6.321494e+00  4.000000e+00
     vertex  4.200000e+01  0.000000e+00  4.000000e+00
   endloop
 endfacet
 facet normal  0.000000e+00  0.000000e+00  1.000000e+00
   outer loop
     vertex  3.339280e+01  1.010699e+01  4.000000e+00
     vertex  2.263596e+01  1.008474e+01  4.000000e+00
     vertex  3.333560e+01  1.006210e+01  4.000000e+00
   endloop
 endfacet
 facet normal  0.000000e+00  0.000000e+00  1.000000e+00
   outer loop
     vertex  3.339280e+01  1.010699e+01  4.000000e+00
     vertex  2.257815e+01  1.012884e+01  4.000000e+00
     vertex  2.263596e+01  1.008474e+01  4.000000e+00
   endloop
 endfacet
 facet normal  0.000000e+00  0.000000e+00  1.000000e+00
   outer loop
     vertex  3.713961e+01  6.436493e+00  4.000000e+00
     vertex  3.709591e+01  6.378383e+00  4.000000e+00
     vertex  4.200000e+01  0.000000e+00  4.000000e+00
   endloop
 endfacet
 facet normal  0.000000e+00  0.000000e+00  1.000000e+00
   outer loop
     vertex  3.345121e+01  1.015029e+01  4.000000e+00
     vertex  2.251915e+01  1.017133e+01  4.000000e+00
     vertex  2.257815e+01  1.012884e+01  4.000000e+00
   endloop
 endfacet
 facet normal  0.000000e+00  0.000000e+00  1.000000e+00
   outer loop
     vertex  3.345121e+01  1.015029e+01  4.000000e+00
     vertex  2.257815e+01  1.012884e+01  4.000000e+00
     vertex  3.339280e+01  1.010699e+01  4.000000e+00
   endloop
 endfacet
 facet normal  0.000000e+00  0.000000e+00  1.000000e+00
   outer loop
     vertex  3.718170e+01  6.495779e+00  4.000000e+00
     vertex  3.713961e+01  6.436493e+00  4.000000e+00
     vertex  4.200000e+01  0.000000e+00  4.000000e+00
   endloop
 endfacet
 facet normal  0.000000e+00  0.000000e+00  1.000000e+00
   outer loop
     vertex  3.351078e+01  1.019197e+01  4.000000e+00
     vertex  2.251915e+01  1.017133e+01  4.000000e+00
     vertex  3.345121e+01  1.015029e+01  4.000000e+00
   endloop
 endfacet
 facet normal  0.000000e+00  0.000000e+00  1.000000e+00
   outer loop
     vertex  3.351078e+01  1.019197e+01  4.000000e+00
     vertex  2.245901e+01  1.021219e+01  4.000000e+00
     vertex  2.251915e+01  1.017133e+01  4.000000e+00
   endloop
 endfacet
 facet normal  0.000000e+00  0.000000e+00  1.000000e+00
   outer loop
     vertex  3.722215e+01  6.556198e+00  4.000000e+00
     vertex  3.718170e+01  6.495779e+00  4.000000e+00
     vertex  4.200000e+01  0.000000e+00  4.000000e+00
   endloop
 endfacet
 facet normal  0.000000e+00  0.000000e+00  1.000000e+00
   outer loop
     vertex  3.357147e+01  1.023200e+01  4.000000e+00
     vertex  2.245901e+01  1.021219e+01  4.000000e+00
     vertex  3.351078e+01  1.019197e+01  4.000000e+00
   endloop
 endfacet
 facet normal  0.000000e+00  0.000000e+00  1.000000e+00
   outer loop
     vertex  3.357147e+01  1.023200e+01  4.000000e+00
     vertex  2.239777e+01  1.025139e+01  4.000000e+00
     vertex  2.245901e+01  1.021219e+01  4.000000e+00
   endloop
 endfacet
 facet normal  0.000000e+00  0.000000e+00  1.000000e+00
   outer loop
     vertex  3.726092e+01  6.617704e+00  4.000000e+00
     vertex  3.722215e+01  6.556198e+00  4.000000e+00
     vertex  4.200000e+01  0.000000e+00  4.000000e+00
   endloop
 endfacet
 facet normal  0.000000e+00  0.000000e+00  1.000000e+00
   outer loop
     vertex  3.363325e+01  1.027035e+01  4.000000e+00
     vertex  2.239777e+01  1.025139e+01  4.000000e+00
     vertex  3.357147e+01  1.023200e+01  4.000000e+00
   endloop
 endfacet
 facet normal  0.000000e+00  0.000000e+00  1.000000e+00
   outer loop
     vertex  3.363325e+01  1.027035e+01  4.000000e+00
     vertex  2.233548e+01  1.028888e+01  4.000000e+00
     vertex  2.239777e+01  1.025139e+01  4.000000e+00
   endloop
 endfacet
 facet normal  0.000000e+00  0.000000e+00  1.000000e+00
   outer loop
     vertex  3.729799e+01  6.680251e+00  4.000000e+00
     vertex  3.726092e+01  6.617704e+00  4.000000e+00
     vertex  4.200000e+01  0.000000e+00  4.000000e+00
   endloop
 endfacet
 facet normal  0.000000e+00  0.000000e+00  1.000000e+00
   outer loop
     vertex  3.369604e+01  1.030699e+01  4.000000e+00
     vertex  2.227218e+01  1.032466e+01  4.000000e+00
     vertex  2.233548e+01  1.028888e+01  4.000000e+00
   endloop
 endfacet
 facet normal  0.000000e+00  0.000000e+00  1.000000e+00
   outer loop
     vertex  3.369604e+01  1.030699e+01  4.000000e+00
     vertex  2.233548e+01  1.028888e+01  4.000000e+00
     vertex  3.363325e+01  1.027035e+01  4.000000e+00
   endloop
 endfacet
 facet normal  0.000000e+00  0.000000e+00  1.000000e+00
   outer loop
     vertex  3.733333e+01  6.743791e+00  4.000000e+00
     vertex  3.729799e+01  6.680251e+00  4.000000e+00
     vertex  4.200000e+01  0.000000e+00  4.000000e+00
   endloop
 endfacet
 facet normal  0.000000e+00  0.000000e+00  1.000000e+00
   outer loop
     vertex  3.375983e+01  1.034189e+01  4.000000e+00
     vertex  2.227218e+01  1.032466e+01  4.000000e+00
     vertex  3.369604e+01  1.030699e+01  4.000000e+00
   endloop
 endfacet
 facet normal  0.000000e+00  0.000000e+00  1.000000e+00
   outer loop
     vertex  3.375983e+01  1.034189e+01  4.000000e+00
     vertex  2.220793e+01  1.035869e+01  4.000000e+00
     vertex  2.227218e+01  1.032466e+01  4.000000e+00
   endloop
 endfacet
 facet normal  0.000000e+00  0.000000e+00  1.000000e+00
   outer loop
     vertex  3.736692e+01  6.808276e+00  4.000000e+00
     vertex  3.733333e+01  6.743791e+00  4.000000e+00
     vertex  4.200000e+01  0.000000e+00  4.000000e+00
   endloop
 endfacet
 facet normal  0.000000e+00  0.000000e+00  1.000000e+00
   outer loop
     vertex  3.382454e+01  1.037504e+01  4.000000e+00
     vertex  2.220793e+01  1.035869e+01  4.000000e+00
     vertex  3.375983e+01  1.034189e+01  4.000000e+00
   endloop
 endfacet
 facet normal  0.000000e+00  0.000000e+00  1.000000e+00
   outer loop
     vertex  3.382454e+01  1.037504e+01  4.000000e+00
     vertex  2.214277e+01  1.039094e+01  4.000000e+00
     vertex  2.220793e+01  1.035869e+01  4.000000e+00
   endloop
 endfacet
 facet normal  0.000000e+00  0.000000e+00  1.000000e+00
   outer loop
     vertex  3.739872e+01  6.873659e+00  4.000000e+00
     vertex  3.736692e+01  6.808276e+00  4.000000e+00
     vertex  4.200000e+01  0.000000e+00  4.000000e+00
   endloop
 endfacet
 facet normal  0.000000e+00  0.000000e+00  1.000000e+00
   outer loop
     vertex  3.389014e+01  1.040639e+01  4.000000e+00
     vertex  2.214277e+01  1.039094e+01  4.000000e+00
     vertex  3.382454e+01  1.037504e+01  4.000000e+00
   endloop
 endfacet
 facet normal  0.000000e+00  0.000000e+00  1.000000e+00
   outer loop
     vertex  3.389014e+01  1.040639e+01  4.000000e+00
     vertex  2.207674e+01  1.042139e+01  4.000000e+00
     vertex  2.214277e+01  1.039094e+01  4.000000e+00
   endloop
 endfacet
 facet normal  0.000000e+00  0.000000e+00  1.000000e+00
   outer loop
     vertex  3.742872e+01  6.939889e+00  4.000000e+00
     vertex  3.739872e+01  6.873659e+00  4.000000e+00
     vertex  4.200000e+01  0.000000e+00  4.000000e+00
   endloop
 endfacet
 facet normal  0.000000e+00  0.000000e+00  1.000000e+00
   outer loop
     vertex  3.395657e+01  1.043593e+01  4.000000e+00
     vertex  2.200991e+01  1.045002e+01  4.000000e+00
     vertex  2.207674e+01  1.042139e+01  4.000000e+00
   endloop
 endfacet
 facet normal  0.000000e+00  0.000000e+00  1.000000e+00
   outer loop
     vertex  3.395657e+01  1.043593e+01  4.000000e+00
     vertex  2.207674e+01  1.042139e+01  4.000000e+00
     vertex  3.389014e+01  1.040639e+01  4.000000e+00
   endloop
 endfacet
 facet normal  0.000000e+00  0.000000e+00  1.000000e+00
   outer loop
     vertex  3.745689e+01  7.006918e+00  4.000000e+00
     vertex  3.742872e+01  6.939889e+00  4.000000e+00
     vertex  4.200000e+01  0.000000e+00  4.000000e+00
   endloop
 endfacet
 facet normal  0.000000e+00  0.000000e+00  1.000000e+00
   outer loop
     vertex  3.402379e+01  1.046364e+01  4.000000e+00
     vertex  2.194232e+01  1.047680e+01  4.000000e+00
     vertex  2.200991e+01  1.045002e+01  4.000000e+00
   endloop
 endfacet
 facet normal  0.000000e+00  0.000000e+00  1.000000e+00
   outer loop
     vertex  3.402379e+01  1.046364e+01  4.000000e+00
     vertex  2.200991e+01  1.045002e+01  4.000000e+00
     vertex  3.395657e+01  1.043593e+01  4.000000e+00
   endloop
 endfacet
 facet normal  0.000000e+00  0.000000e+00  1.000000e+00
   outer loop
     vertex  3.748321e+01  7.074694e+00  4.000000e+00
     vertex  3.745689e+01  7.006918e+00  4.000000e+00
     vertex  4.200000e+01  0.000000e+00  4.000000e+00
   endloop
 endfacet
 facet normal  0.000000e+00  0.000000e+00  1.000000e+00
   outer loop
     vertex  3.409175e+01  1.048949e+01  4.000000e+00
     vertex  2.187401e+01  1.050172e+01  4.000000e+00
     vertex  2.194232e+01  1.047680e+01  4.000000e+00
   endloop
 endfacet
 facet normal  0.000000e+00  0.000000e+00  1.000000e+00
   outer loop
     vertex  3.409175e+01  1.048949e+01  4.000000e+00
     vertex  2.194232e+01  1.047680e+01  4.000000e+00
     vertex  3.402379e+01  1.046364e+01  4.000000e+00
   endloop
 endfacet
 facet normal  0.000000e+00  0.000000e+00  1.000000e+00
   outer loop
     vertex  3.750766e+01  7.143167e+00  4.000000e+00
     vertex  3.748321e+01  7.074694e+00  4.000000e+00
     vertex  4.200000e+01  0.000000e+00  4.000000e+00
   endloop
 endfacet
 facet normal  0.000000e+00  0.000000e+00  1.000000e+00
   outer loop
     vertex  3.753022e+01  7.212284e+00  4.000000e+00
     vertex  3.750766e+01  7.143167e+00  4.000000e+00
     vertex  4.200000e+01  0.000000e+00  4.000000e+00
   endloop
 endfacet
 facet normal  0.000000e+00  0.000000e+00  1.000000e+00
   outer loop
     vertex  3.755088e+01  7.281995e+00  4.000000e+00
     vertex  3.753022e+01  7.212284e+00  4.000000e+00
     vertex  4.200000e+01  0.000000e+00  4.000000e+00
   endloop
 endfacet
 facet normal  0.000000e+00  0.000000e+00  1.000000e+00
   outer loop
     vertex  3.756961e+01  7.352246e+00  4.000000e+00
     vertex  3.755088e+01  7.281995e+00  4.000000e+00
     vertex  4.200000e+01  0.000000e+00  4.000000e+00
   endloop
 endfacet
 facet normal  0.000000e+00  0.000000e+00  1.000000e+00
   outer loop
     vertex  3.758642e+01  7.422985e+00  4.000000e+00
     vertex  3.756961e+01  7.352246e+00  4.000000e+00
     vertex  4.200000e+01  0.000000e+00  4.000000e+00
   endloop
 endfacet
 facet normal  0.000000e+00  0.000000e+00  1.000000e+00
   outer loop
     vertex  3.760127e+01  7.494158e+00  4.000000e+00
     vertex  3.758642e+01  7.422985e+00  4.000000e+00
     vertex  4.200000e+01  0.000000e+00  4.000000e+00
   endloop
 endfacet
 facet normal  0.000000e+00  0.000000e+00  1.000000e+00
   outer loop
     vertex  3.761417e+01  7.565712e+00  4.000000e+00
     vertex  3.760127e+01  7.494158e+00  4.000000e+00
     vertex  4.200000e+01  0.000000e+00  4.000000e+00
   endloop
 endfacet
 facet normal  0.000000e+00  0.000000e+00  1.000000e+00
   outer loop
     vertex  3.762510e+01  7.637593e+00  4.000000e+00
     vertex  3.761417e+01  7.565712e+00  4.000000e+00
     vertex  4.200000e+01  0.000000e+00  4.000000e+00
   endloop
 endfacet
 facet normal  0.000000e+00  0.000000e+00  1.000000e+00
   outer loop
     vertex  3.763406e+01  7.709746e+00  4.000000e+00
     vertex  3.762510e+01  7.637593e+00  4.000000e+00
     vertex  4.200000e+01  0.000000e+00  4.000000e+00
   endloop
 endfacet
 facet normal  0.000000e+00  0.000000e+00  1.000000e+00
   outer loop
     vertex  3.764103e+01  7.782118e+00  4.000000e+00
     vertex  3.763406e+01  7.709746e+00  4.000000e+00
     vertex  4.200000e+01  0.000000e+00  4.000000e+00
   endloop
 endfacet
 facet normal  0.000000e+00  0.000000e+00  1.000000e+00
   outer loop
     vertex  3.764601e+01  7.854654e+00  4.000000e+00
     vertex  3.764103e+01  7.782118e+00  4.000000e+00
     vertex  4.200000e+01  0.000000e+00  4.000000e+00
   endloop
 endfacet
 facet normal  0.000000e+00  0.000000e+00  1.000000e+00
   outer loop
     vertex  3.764900e+01  7.927300e+00  4.000000e+00
     vertex  3.764601e+01  7.854654e+00  4.000000e+00
     vertex  4.200000e+01  0.000000e+00  4.000000e+00
   endloop
 endfacet
 facet normal  0.000000e+00  0.000000e+00  1.000000e+00
   outer loop
     vertex  3.765000e+01  8.000000e+00  4.000000e+00
     vertex  3.764900e+01  7.927300e+00  4.000000e+00
     vertex  4.200000e+01  0.000000e+00  4.000000e+00
   endloop
 endfacet
 facet normal  0.000000e+00  0.000000e+00  1.000000e+00
   outer loop
     vertex  4.200000e+01  1.600000e+01  4.000000e+00
     vertex  3.600991e+01  1.045002e+01  4.000000e+00
     vertex  3.607674e+01  1.042139e+01  4.000000e+00
   endloop
 endfacet
 facet normal  0.000000e+00  0.000000e+00  1.000000e+00
   outer loop
     vertex  4.200000e+01  1.600000e+01  4.000000e+00
     vertex  3.594232e+01  1.047680e+01  4.000000e+00
     vertex  3.600991e+01  1.045002e+01  4.000000e+00
   endloop
 endfacet
 facet normal  0.000000e+00  0.000000e+00  1.000000e+00
   outer loop
     vertex  4.200000e+01  1.600000e+01  4.000000e+00
     vertex  3.587401e+01  1.050172e+01  4.000000e+00
     vertex  3.594232e+01  1.047680e+01  4.000000e+00
   endloop
 endfacet
 facet normal  0.000000e+00  0.000000e+00  1.000000e+00
   outer loop
     vertex  4.200000e+01  1.600000e+01  4.000000e+00
     vertex  3.580505e+01  1.052476e+01  4.000000e+00
     vertex  3.587401e+01  1.050172e+01  4.000000e+00
   endloop
 endfacet
 facet normal  0.000000e+00  0.000000e+00  1.000000e+00
   outer loop
     vertex  4.200000e+01  1.600000e+01  4.000000e+00
     vertex  3.573549e+01  1.054589e+01  4.000000e+00
     vertex  3.580505e+01  1.052476e+01  4.000000e+00
   endloop
 endfacet
 facet normal  0.000000e+00  0.000000e+00  1.000000e+00
   outer loop
     vertex  4.200000e+01  1.600000e+01  4.000000e+00
     vertex  3.566536e+01  1.056511e+01  4.000000e+00
     vertex  3.573549e+01  1.054589e+01  4.000000e+00
   endloop
 endfacet
 facet normal  0.000000e+00  0.000000e+00  1.000000e+00
   outer loop
     vertex  4.200000e+01  1.600000e+01  4.000000e+00
     vertex  3.559474e+01  1.058240e+01  4.000000e+00
     vertex  3.566536e+01  1.056511e+01  4.000000e+00
   endloop
 endfacet
 facet normal  0.000000e+00  0.000000e+00  1.000000e+00
   outer loop
     vertex  4.200000e+01  1.600000e+01  4.000000e+00
     vertex  3.552367e+01  1.059774e+01  4.000000e+00
     vertex  3.559474e+01  1.058240e+01  4.000000e+00
   endloop
 endfacet
 facet normal  0.000000e+00  0.000000e+00  1.000000e+00
   outer loop
     vertex  4.200000e+01  1.600000e+01  4.000000e+00
     vertex  3.545221e+01  1.061113e+01  4.000000e+00
     vertex  3.552367e+01  1.059774e+01  4.000000e+00
   endloop
 endfacet
 facet normal  0.000000e+00  0.000000e+00  1.000000e+00
   outer loop
     vertex  4.200000e+01  1.600000e+01  4.000000e+00
     vertex  3.538041e+01  1.062255e+01  4.000000e+00
     vertex  3.545221e+01  1.061113e+01  4.000000e+00
   endloop
 endfacet
 facet normal  0.000000e+00  0.000000e+00  1.000000e+00
   outer loop
     vertex  4.200000e+01  1.600000e+01  4.000000e+00
     vertex  3.530831e+01  1.063200e+01  4.000000e+00
     vertex  3.538041e+01  1.062255e+01  4.000000e+00
   endloop
 endfacet
 facet normal  0.000000e+00  0.000000e+00  1.000000e+00
   outer loop
     vertex  4.200000e+01  1.600000e+01  4.000000e+00
     vertex  3.523599e+01  1.063947e+01  4.000000e+00
     vertex  3.530831e+01  1.063200e+01  4.000000e+00
   endloop
 endfacet
 facet normal  0.000000e+00  0.000000e+00  1.000000e+00
   outer loop
     vertex  4.200000e+01  1.600000e+01  4.000000e+00
     vertex  3.516349e+01  1.064495e+01  4.000000e+00
     vertex  3.523599e+01  1.063947e+01  4.000000e+00
   endloop
 endfacet
 facet normal  0.000000e+00  0.000000e+00  1.000000e+00
   outer loop
     vertex  4.200000e+01  1.600000e+01  4.000000e+00
     vertex  3.509087e+01  1.064844e+01  4.000000e+00
     vertex  3.516349e+01  1.064495e+01  4.000000e+00
   endloop
 endfacet
 facet normal  0.000000e+00  0.000000e+00  1.000000e+00
   outer loop
     vertex  4.200000e+01  1.600000e+01  4.000000e+00
     vertex  3.501818e+01  1.064994e+01  4.000000e+00
     vertex  3.509087e+01  1.064844e+01  4.000000e+00
   endloop
 endfacet
 facet normal  0.000000e+00  0.000000e+00  1.000000e+00
   outer loop
     vertex  4.200000e+01  1.600000e+01  4.000000e+00
     vertex  3.494547e+01  1.064944e+01  4.000000e+00
     vertex  3.501818e+01  1.064994e+01  4.000000e+00
   endloop
 endfacet
 facet normal  0.000000e+00  0.000000e+00  1.000000e+00
   outer loop
     vertex  4.200000e+01  1.600000e+01  4.000000e+00
     vertex  3.487281e+01  1.064695e+01  4.000000e+00
     vertex  3.494547e+01  1.064944e+01  4.000000e+00
   endloop
 endfacet
 facet normal  0.000000e+00  0.000000e+00  1.000000e+00
   outer loop
     vertex  4.200000e+01  1.600000e+01  4.000000e+00
     vertex  3.480024e+01  1.064246e+01  4.000000e+00
     vertex  3.487281e+01  1.064695e+01  4.000000e+00
   endloop
 endfacet
 facet normal  0.000000e+00  0.000000e+00  1.000000e+00
   outer loop
     vertex  4.200000e+01  1.600000e+01  4.000000e+00
     vertex  3.472782e+01  1.063599e+01  4.000000e+00
     vertex  3.480024e+01  1.064246e+01  4.000000e+00
   endloop
 endfacet
 facet normal  0.000000e+00  0.000000e+00  1.000000e+00
   outer loop
     vertex  4.200000e+01  1.600000e+01  4.000000e+00
     vertex  3.465561e+01  1.062753e+01  4.000000e+00
     vertex  3.472782e+01  1.063599e+01  4.000000e+00
   endloop
 endfacet
 facet normal  0.000000e+00  0.000000e+00  1.000000e+00
   outer loop
     vertex  4.200000e+01  1.600000e+01  4.000000e+00
     vertex  3.458365e+01  1.061709e+01  4.000000e+00
     vertex  3.465561e+01  1.062753e+01  4.000000e+00
   endloop
 endfacet
 facet normal  0.000000e+00  0.000000e+00  1.000000e+00
   outer loop
     vertex  4.200000e+01  1.600000e+01  4.000000e+00
     vertex  3.451201e+01  1.060468e+01  4.000000e+00
     vertex  3.458365e+01  1.061709e+01  4.000000e+00
   endloop
 endfacet
 facet normal  0.000000e+00  0.000000e+00  1.000000e+00
   outer loop
     vertex  4.200000e+01  1.600000e+01  4.000000e+00
     vertex  3.444074e+01  1.059031e+01  4.000000e+00
     vertex  3.451201e+01  1.060468e+01  4.000000e+00
   endloop
 endfacet
 facet normal  0.000000e+00  0.000000e+00  1.000000e+00
   outer loop
     vertex  4.200000e+01  1.600000e+01  4.000000e+00
     vertex  3.436989e+01  1.057400e+01  4.000000e+00
     vertex  3.444074e+01  1.059031e+01  4.000000e+00
   endloop
 endfacet
 facet normal  0.000000e+00  0.000000e+00  1.000000e+00
   outer loop
     vertex  4.200000e+01  1.600000e+01  4.000000e+00
     vertex  3.429951e+01  1.055574e+01  4.000000e+00
     vertex  3.436989e+01  1.057400e+01  4.000000e+00
   endloop
 endfacet
 facet normal  0.000000e+00  0.000000e+00  1.000000e+00
   outer loop
     vertex  4.200000e+01  1.600000e+01  4.000000e+00
     vertex  3.422966e+01  1.053556e+01  4.000000e+00
     vertex  3.429951e+01  1.055574e+01  4.000000e+00
   endloop
 endfacet
 facet normal  0.000000e+00  0.000000e+00  1.000000e+00
   outer loop
     vertex  4.200000e+01  1.600000e+01  4.000000e+00
     vertex  3.416039e+01  1.051347e+01  4.000000e+00
     vertex  3.422966e+01  1.053556e+01  4.000000e+00
   endloop
 endfacet
 facet normal  0.000000e+00  0.000000e+00  1.000000e+00
   outer loop
     vertex  4.200000e+01  1.600000e+01  4.000000e+00
     vertex  3.409175e+01  1.048949e+01  4.000000e+00
     vertex  3.416039e+01  1.051347e+01  4.000000e+00
   endloop
 endfacet
 facet normal  0.000000e+00  0.000000e+00  1.000000e+00
   outer loop
     vertex  4.200000e+01  1.600000e+01  4.000000e+00
     vertex  3.765000e+01  8.000000e+00  4.000000e+00
     vertex  4.200000e+01  0.000000e+00  4.000000e+00
   endloop
 endfacet
 facet normal  0.000000e+00  0.000000e+00  1.000000e+00
   outer loop
     vertex  4.200000e+01  1.600000e+01  4.000000e+00
     vertex  2.187401e+01  1.050172e+01  4.000000e+00
     vertex  3.409175e+01  1.048949e+01  4.000000e+00
   endloop
 endfacet
 facet normal  0.000000e+00  0.000000e+00  1.000000e+00
   outer loop
     vertex  4.200000e+01  1.600000e+01  4.000000e+00
     vertex  3.764900e+01  8.072700e+00  4.000000e+00
     vertex  3.765000e+01  8.000000e+00  4.000000e+00
   endloop
 endfacet
 facet normal  0.000000e+00  0.000000e+00  1.000000e+00
   outer loop
     vertex  4.200000e+01  1.600000e+01  4.000000e+00
     vertex  3.764601e+01  8.145346e+00  4.000000e+00
     vertex  3.764900e+01  8.072700e+00  4.000000e+00
   endloop
 endfacet
 facet normal  0.000000e+00  0.000000e+00  1.000000e+00
   outer loop
     vertex  4.200000e+01  1.600000e+01  4.000000e+00
     vertex  3.764103e+01  8.217882e+00  4.000000e+00
     vertex  3.764601e+01  8.145346e+00  4.000000e+00
   endloop
 endfacet
 facet normal  0.000000e+00  0.000000e+00  1.000000e+00
   outer loop
     vertex  4.200000e+01  1.600000e+01  4.000000e+00
     vertex  3.763406e+01  8.290254e+00  4.000000e+00
     vertex  3.764103e+01  8.217882e+00  4.000000e+00
   endloop
 endfacet
 facet normal  0.000000e+00  0.000000e+00  1.000000e+00
   outer loop
     vertex  4.200000e+01  1.600000e+01  4.000000e+00
     vertex  3.762510e+01  8.362407e+00  4.000000e+00
     vertex  3.763406e+01  8.290254e+00  4.000000e+00
   endloop
 endfacet
 facet normal  0.000000e+00  0.000000e+00  1.000000e+00
   outer loop
     vertex  4.200000e+01  1.600000e+01  4.000000e+00
     vertex  3.761417e+01  8.434288e+00  4.000000e+00
     vertex  3.762510e+01  8.362407e+00  4.000000e+00
   endloop
 endfacet
 facet normal  0.000000e+00  0.000000e+00  1.000000e+00
   outer loop
     vertex  4.200000e+01  1.600000e+01  4.000000e+00
     vertex  3.760127e+01  8.505842e+00  4.000000e+00
     vertex  3.761417e+01  8.434288e+00  4.000000e+00
   endloop
 endfacet
 facet normal  0.000000e+00  0.000000e+00  1.000000e+00
   outer loop
     vertex  4.200000e+01  1.600000e+01  4.000000e+00
     vertex  3.758642e+01  8.577015e+00  4.000000e+00
     vertex  3.760127e+01  8.505842e+00  4.000000e+00
   endloop
 endfacet
 facet normal  0.000000e+00  0.000000e+00  1.000000e+00
   outer loop
     vertex  4.200000e+01  1.600000e+01  4.000000e+00
     vertex  3.756961e+01  8.647754e+00  4.000000e+00
     vertex  3.758642e+01  8.577015e+00  4.000000e+00
   endloop
 endfacet
 facet normal  0.000000e+00  0.000000e+00  1.000000e+00
   outer loop
     vertex  4.200000e+01  1.600000e+01  4.000000e+00
     vertex  3.755088e+01  8.718005e+00  4.000000e+00
     vertex  3.756961e+01  8.647754e+00  4.000000e+00
   endloop
 endfacet
 facet normal  0.000000e+00  0.000000e+00  1.000000e+00
   outer loop
     vertex  4.200000e+01  1.600000e+01  4.000000e+00
     vertex  3.753022e+01  8.787716e+00  4.000000e+00
     vertex  3.755088e+01  8.718005e+00  4.000000e+00
   endloop
 endfacet
 facet normal  0.000000e+00  0.000000e+00  1.000000e+00
   outer loop
     vertex  4.200000e+01  1.600000e+01  4.000000e+00
     vertex  3.750766e+01  8.856833e+00  4.000000e+00
     vertex  3.753022e+01  8.787716e+00  4.000000e+00
   endloop
 endfacet
 facet normal  0.000000e+00  0.000000e+00  1.000000e+00
   outer loop
     vertex  4.200000e+01  1.600000e+01  4.000000e+00
     vertex  3.748321e+01  8.925306e+00  4.000000e+00
     vertex  3.750766e+01  8.856833e+00  4.000000e+00
   endloop
 endfacet
 facet normal  0.000000e+00  0.000000e+00  1.000000e+00
   outer loop
     vertex  4.200000e+01  1.600000e+01  4.000000e+00
     vertex  3.745689e+01  8.993082e+00  4.000000e+00
     vertex  3.748321e+01  8.925306e+00  4.000000e+00
   endloop
 endfacet
 facet normal  0.000000e+00  0.000000e+00  1.000000e+00
   outer loop
     vertex  4.200000e+01  1.600000e+01  4.000000e+00
     vertex  3.742872e+01  9.060111e+00  4.000000e+00
     vertex  3.745689e+01  8.993082e+00  4.000000e+00
   endloop
 endfacet
 facet normal  0.000000e+00  0.000000e+00  1.000000e+00
   outer loop
     vertex  4.200000e+01  1.600000e+01  4.000000e+00
     vertex  3.739872e+01  9.126341e+00  4.000000e+00
     vertex  3.742872e+01  9.060111e+00  4.000000e+00
   endloop
 endfacet
 facet normal  0.000000e+00  0.000000e+00  1.000000e+00
   outer loop
     vertex  4.200000e+01  1.600000e+01  4.000000e+00
     vertex  3.736692e+01  9.191724e+00  4.000000e+00
     vertex  3.739872e+01  9.126341e+00  4.000000e+00
   endloop
 endfacet
 facet normal  0.000000e+00  0.000000e+00  1.000000e+00
   outer loop
     vertex  4.200000e+01  1.600000e+01  4.000000e+00
     vertex  3.733333e+01  9.256209e+00  4.000000e+00
     vertex  3.736692e+01  9.191724e+00  4.000000e+00
   endloop
 endfacet
 facet normal  0.000000e+00  0.000000e+00  1.000000e+00
   outer loop
     vertex  4.200000e+01  1.600000e+01  4.000000e+00
     vertex  2.180505e+01  1.052476e+01  4.000000e+00
     vertex  2.187401e+01  1.050172e+01  4.000000e+00
   endloop
 endfacet
 facet normal  0.000000e+00  0.000000e+00  1.000000e+00
   outer loop
     vertex  4.200000e+01  1.600000e+01  4.000000e+00
     vertex  3.729799e+01  9.319749e+00  4.000000e+00
     vertex  3.733333e+01  9.256209e+00  4.000000e+00
   endloop
 endfacet
 facet normal  0.000000e+00  0.000000e+00  1.000000e+00
   outer loop
     vertex  4.200000e+01  1.600000e+01  4.000000e+00
     vertex  2.173549e+01  1.054589e+01  4.000000e+00
     vertex  2.180505e+01  1.052476e+01  4.000000e+00
   endloop
 endfacet
 facet normal  0.000000e+00  0.000000e+00  1.000000e+00
   outer loop
     vertex  4.200000e+01  1.600000e+01  4.000000e+00
     vertex  3.726092e+01  9.382296e+00  4.000000e+00
     vertex  3.729799e+01  9.319749e+00  4.000000e+00
   endloop
 endfacet
 facet normal  0.000000e+00  0.000000e+00  1.000000e+00
   outer loop
     vertex  4.200000e+01  1.600000e+01  4.000000e+00
     vertex  2.166536e+01  1.056511e+01  4.000000e+00
     vertex  2.173549e+01  1.054589e+01  4.000000e+00
   endloop
 endfacet
 facet normal  0.000000e+00  0.000000e+00  1.000000e+00
   outer loop
     vertex  4.200000e+01  1.600000e+01  4.000000e+00
     vertex  3.722215e+01  9.443802e+00  4.000000e+00
     vertex  3.726092e+01  9.382296e+00  4.000000e+00
   endloop
 endfacet
 facet normal  0.000000e+00  0.000000e+00  1.000000e+00
   outer loop
     vertex  4.200000e+01  1.600000e+01  4.000000e+00
     vertex  2.159474e+01  1.058240e+01  4.000000e+00
     vertex  2.166536e+01  1.056511e+01  4.000000e+00
   endloop
 endfacet
 facet normal  0.000000e+00  0.000000e+00  1.000000e+00
   outer loop
     vertex  4.200000e+01  1.600000e+01  4.000000e+00
     vertex  3.718170e+01  9.504221e+00  4.000000e+00
     vertex  3.722215e+01  9.443802e+00  4.000000e+00
   endloop
 endfacet
 facet normal  0.000000e+00  0.000000e+00  1.000000e+00
   outer loop
     vertex  4.200000e+01  1.600000e+01  4.000000e+00
     vertex  2.152367e+01  1.059774e+01  4.000000e+00
     vertex  2.159474e+01  1.058240e+01  4.000000e+00
   endloop
 endfacet
 facet normal  0.000000e+00  0.000000e+00  1.000000e+00
   outer loop
     vertex  4.200000e+01  1.600000e+01  4.000000e+00
     vertex  3.713961e+01  9.563507e+00  4.000000e+00
     vertex  3.718170e+01  9.504221e+00  4.000000e+00
   endloop
 endfacet
 facet normal  0.000000e+00  0.000000e+00  1.000000e+00
   outer loop
     vertex  4.200000e+01  1.600000e+01  4.000000e+00
     vertex  3.709591e+01  9.621617e+00  4.000000e+00
     vertex  3.713961e+01  9.563507e+00  4.000000e+00
   endloop
 endfacet
 facet normal  0.000000e+00  0.000000e+00  1.000000e+00
   outer loop
     vertex  4.200000e+01  1.600000e+01  4.000000e+00
     vertex  3.705064e+01  9.678506e+00  4.000000e+00
     vertex  3.709591e+01  9.621617e+00  4.000000e+00
   endloop
 endfacet
 facet normal  0.000000e+00  0.000000e+00  1.000000e+00
   outer loop
     vertex  4.200000e+01  1.600000e+01  4.000000e+00
     vertex  3.700382e+01  9.734132e+00  4.000000e+00
     vertex  3.705064e+01  9.678506e+00  4.000000e+00
   endloop
 endfacet
 facet normal  0.000000e+00  0.000000e+00  1.000000e+00
   outer loop
     vertex  4.200000e+01  1.600000e+01  4.000000e+00
     vertex  3.695549e+01  9.788452e+00  4.000000e+00
     vertex  3.700382e+01  9.734132e+00  4.000000e+00
   endloop
 endfacet
 facet normal  0.000000e+00  0.000000e+00  1.000000e+00
   outer loop
     vertex  4.200000e+01  1.600000e+01  4.000000e+00
     vertex  3.690569e+01  9.841426e+00  4.000000e+00
     vertex  3.695549e+01  9.788452e+00  4.000000e+00
   endloop
 endfacet
 facet normal  0.000000e+00  0.000000e+00  1.000000e+00
   outer loop
     vertex  4.200000e+01  1.600000e+01  4.000000e+00
     vertex  3.685445e+01  9.893013e+00  4.000000e+00
     vertex  3.690569e+01  9.841426e+00  4.000000e+00
   endloop
 endfacet
 facet normal  0.000000e+00  0.000000e+00  1.000000e+00
   outer loop
     vertex  4.200000e+01  1.600000e+01  4.000000e+00
     vertex  3.680182e+01  9.943176e+00  4.000000e+00
     vertex  3.685445e+01  9.893013e+00  4.000000e+00
   endloop
 endfacet
 facet normal  0.000000e+00  0.000000e+00  1.000000e+00
   outer loop
     vertex  4.200000e+01  1.600000e+01  4.000000e+00
     vertex  3.674784e+01  9.991876e+00  4.000000e+00
     vertex  3.680182e+01  9.943176e+00  4.000000e+00
   endloop
 endfacet
 facet normal  0.000000e+00  0.000000e+00  1.000000e+00
   outer loop
     vertex  4.200000e+01  1.600000e+01  4.000000e+00
     vertex  3.669253e+01  1.003908e+01  4.000000e+00
     vertex  3.674784e+01  9.991876e+00  4.000000e+00
   endloop
 endfacet
 facet normal  0.000000e+00  0.000000e+00  1.000000e+00
   outer loop
     vertex  4.200000e+01  1.600000e+01  4.000000e+00
     vertex  3.663596e+01  1.008474e+01  4.000000e+00
     vertex  3.669253e+01  1.003908e+01  4.000000e+00
   endloop
 endfacet
 facet normal  0.000000e+00  0.000000e+00  1.000000e+00
   outer loop
     vertex  4.200000e+01  1.600000e+01  4.000000e+00
     vertex  3.657815e+01  1.012884e+01  4.000000e+00
     vertex  3.663596e+01  1.008474e+01  4.000000e+00
   endloop
 endfacet
 facet normal  0.000000e+00  0.000000e+00  1.000000e+00
   outer loop
     vertex  4.200000e+01  1.600000e+01  4.000000e+00
     vertex  3.651915e+01  1.017133e+01  4.000000e+00
     vertex  3.657815e+01  1.012884e+01  4.000000e+00
   endloop
 endfacet
 facet normal  0.000000e+00  0.000000e+00  1.000000e+00
   outer loop
     vertex  4.200000e+01  1.600000e+01  4.000000e+00
     vertex  3.645901e+01  1.021219e+01  4.000000e+00
     vertex  3.651915e+01  1.017133e+01  4.000000e+00
   endloop
 endfacet
 facet normal  0.000000e+00  0.000000e+00  1.000000e+00
   outer loop
     vertex  4.200000e+01  1.600000e+01  4.000000e+00
     vertex  3.639777e+01  1.025139e+01  4.000000e+00
     vertex  3.645901e+01  1.021219e+01  4.000000e+00
   endloop
 endfacet
 facet normal  0.000000e+00  0.000000e+00  1.000000e+00
   outer loop
     vertex  4.200000e+01  1.600000e+01  4.000000e+00
     vertex  3.633548e+01  1.028888e+01  4.000000e+00
     vertex  3.639777e+01  1.025139e+01  4.000000e+00
   endloop
 endfacet
 facet normal  0.000000e+00  0.000000e+00  1.000000e+00
   outer loop
     vertex  4.200000e+01  1.600000e+01  4.000000e+00
     vertex  3.627218e+01  1.032466e+01  4.000000e+00
     vertex  3.633548e+01  1.028888e+01  4.000000e+00
   endloop
 endfacet
 facet normal  0.000000e+00  0.000000e+00  1.000000e+00
   outer loop
     vertex  4.200000e+01  1.600000e+01  4.000000e+00
     vertex  3.620793e+01  1.035869e+01  4.000000e+00
     vertex  3.627218e+01  1.032466e+01  4.000000e+00
   endloop
 endfacet
 facet normal  0.000000e+00  0.000000e+00  1.000000e+00
   outer loop
     vertex  4.200000e+01  1.600000e+01  4.000000e+00
     vertex  3.614277e+01  1.039094e+01  4.000000e+00
     vertex  3.620793e+01  1.035869e+01  4.000000e+00
   endloop
 endfacet
 facet normal  0.000000e+00  0.000000e+00  1.000000e+00
   outer loop
     vertex  4.200000e+01  1.600000e+01  4.000000e+00
     vertex  3.607674e+01  1.042139e+01  4.000000e+00
     vertex  3.614277e+01  1.039094e+01  4.000000e+00
   endloop
 endfacet
 facet normal  0.000000e+00  0.000000e+00  1.000000e+00
   outer loop
     vertex  4.200000e+01  1.600000e+01  4.000000e+00
     vertex  0.000000e+00  1.600000e+01  4.000000e+00
     vertex  2.101818e+01  1.064994e+01  4.000000e+00
   endloop
 endfacet
 facet normal  0.000000e+00  0.000000e+00  1.000000e+00
   outer loop
     vertex  2.101818e+01  1.064994e+01  4.000000e+00
     vertex  0.000000e+00  1.600000e+01  4.000000e+00
     vertex  2.094547e+01  1.064944e+01  4.000000e+00
   endloop
 endfacet
 facet normal  0.000000e+00  0.000000e+00  1.000000e+00
   outer loop
     vertex  2.094547e+01  1.064944e+01  4.000000e+00
     vertex  0.000000e+00  1.600000e+01  4.000000e+00
     vertex  2.087281e+01  1.064695e+01  4.000000e+00
   endloop
 endfacet
 facet normal  0.000000e+00  0.000000e+00  1.000000e+00
   outer loop
     vertex  2.087281e+01  1.064695e+01  4.000000e+00
     vertex  0.000000e+00  1.600000e+01  4.000000e+00
     vertex  2.080024e+01  1.064246e+01  4.000000e+00
   endloop
 endfacet
 facet normal  0.000000e+00  0.000000e+00  1.000000e+00
   outer loop
     vertex  2.080024e+01  1.064246e+01  4.000000e+00
     vertex  0.000000e+00  1.600000e+01  4.000000e+00
     vertex  2.072782e+01  1.063599e+01  4.000000e+00
   endloop
 endfacet
 facet normal  0.000000e+00  0.000000e+00  1.000000e+00
   outer loop
     vertex  2.072782e+01  1.063599e+01  4.000000e+00
     vertex  0.000000e+00  1.600000e+01  4.000000e+00
     vertex  2.065561e+01  1.062753e+01  4.000000e+00
   endloop
 endfacet
 facet normal  0.000000e+00  0.000000e+00  1.000000e+00
   outer loop
     vertex  2.065561e+01  1.062753e+01  4.000000e+00
     vertex  0.000000e+00  1.600000e+01  4.000000e+00
     vertex  2.058365e+01  1.061709e+01  4.000000e+00
   endloop
 endfacet
 facet normal  0.000000e+00  0.000000e+00  1.000000e+00
   outer loop
     vertex  2.058365e+01  1.061709e+01  4.000000e+00
     vertex  0.000000e+00  1.600000e+01  4.000000e+00
     vertex  2.051201e+01  1.060468e+01  4.000000e+00
   endloop
 endfacet
 facet normal  0.000000e+00  0.000000e+00  1.000000e+00
   outer loop
     vertex  4.200000e+01  1.600000e+01  4.000000e+00
     vertex  2.101818e+01  1.064994e+01  4.000000e+00
     vertex  2.109087e+01  1.064844e+01  4.000000e+00
   endloop
 endfacet
 facet normal  0.000000e+00  0.000000e+00  1.000000e+00
   outer loop
     vertex  4.200000e+01  1.600000e+01  4.000000e+00
     vertex  2.109087e+01  1.064844e+01  4.000000e+00
     vertex  2.116349e+01  1.064495e+01  4.000000e+00
   endloop
 endfacet
 facet normal  0.000000e+00  0.000000e+00  1.000000e+00
   outer loop
     vertex  4.200000e+01  1.600000e+01  4.000000e+00
     vertex  2.116349e+01  1.064495e+01  4.000000e+00
     vertex  2.123599e+01  1.063947e+01  4.000000e+00
   endloop
 endfacet
 facet normal  0.000000e+00  0.000000e+00  1.000000e+00
   outer loop
     vertex  4.200000e+01  1.600000e+01  4.000000e+00
     vertex  2.123599e+01  1.063947e+01  4.000000e+00
     vertex  2.130831e+01  1.063200e+01  4.000000e+00
   endloop
 endfacet
 facet normal  0.000000e+00  0.000000e+00  1.000000e+00
   outer loop
     vertex  4.200000e+01  1.600000e+01  4.000000e+00
     vertex  2.130831e+01  1.063200e+01  4.000000e+00
     vertex  2.138041e+01  1.062255e+01  4.000000e+00
   endloop
 endfacet
 facet normal  0.000000e+00  0.000000e+00  1.000000e+00
   outer loop
     vertex  4.200000e+01  1.600000e+01  4.000000e+00
     vertex  2.138041e+01  1.062255e+01  4.000000e+00
     vertex  2.145221e+01  1.061113e+01  4.000000e+00
   endloop
 endfacet
 facet normal  0.000000e+00  0.000000e+00  1.000000e+00
   outer loop
     vertex  4.200000e+01  1.600000e+01  4.000000e+00
     vertex  2.145221e+01  1.061113e+01  4.000000e+00
     vertex  2.152367e+01  1.059774e+01  4.000000e+00
   endloop
 endfacet
 facet normal  0.000000e+00  1.000000e+00  0.000000e+00
   outer loop
     vertex  4.200000e+01  1.600000e+01  4.000000e+00
     vertex  4.200000e+01  1.600000e+01  0.000000e+00
     vertex  0.000000e+00  1.600000e+01  0.000000e+00
   endloop
 endfacet
 facet normal  0.000000e+00  1.000000e+00  0.000000e+00
   outer loop
     vertex  4.200000e+01  1.600000e+01  4.000000e+00
     vertex  0.000000e+00  1.600000e+01  0.000000e+00
     vertex  0.000000e+00  1.600000e+01  4.000000e+00
   endloop
 endfacet
 facet normal -0.000000e+00  0.000000e+00 -1.000000e+00
   outer loop
     vertex  5.171689e+00  6.081725e+00  0.000000e+00
     vertex  0.000000e+00  0.000000e+00  0.000000e+00
     vertex  5.119751e+00  6.132605e+00  0.000000e+00
   endloop
 endfacet
 facet normal  0.000000e+00 -0.000000e+00 -1.000000e+00
   outer loop
     vertex  5.069229e+00  6.184890e+00  0.000000e+00
     vertex  5.119751e+00  6.132605e+00  0.000000e+00
     vertex  0.000000e+00  0.000000e+00  0.000000e+00
   endloop
 endfacet
 facet normal -0.000000e+00  0.000000e+00 -1.000000e+00
   outer loop
     vertex  5.225004e+00  6.032289e+00  0.000000e+00
     vertex  0.000000e+00  0.000000e+00  0.000000e+00
     vertex  5.171689e+00  6.081725e+00  0.000000e+00
   endloop
 endfacet
 facet normal  0.000000e+00 -0.000000e+00 -1.000000e+00
   outer loop
     vertex  5.020160e+00  6.238542e+00  0.000000e+00
     vertex  5.069229e+00  6.184890e+00  0.000000e+00
     vertex  0.000000e+00  0.000000e+00  0.000000e+00
   endloop
 endfacet
 facet normal -0.000000e+00  0.000000e+00 -1.000000e+00
   outer loop
     vertex  5.279654e+00  5.984334e+00  0.000000e+00
     vertex  0.000000e+00  0.000000e+00  0.000000e+00
     vertex  5.225004e+00  6.032289e+00  0.000000e+00
   endloop
 endfacet
 facet normal  0.000000e+00 -0.000000e+00 -1.000000e+00
   outer loop
     vertex  4.972581e+00  6.293520e+00  0.000000e+00
     vertex  5.020160e+00  6.238542e+00  0.000000e+00
     vertex  0.000000e+00  0.000000e+00  0.000000e+00
   endloop
 endfacet
 facet normal -0.000000e+00  0.000000e+00 -1.000000e+00
   outer loop
     vertex  5.335599e+00  5.937897e+00  0.000000e+00
     vertex  0.000000e+00  0.000000e+00  0.000000e+00
     vertex  5.279654e+00  5.984334e+00  0.000000e+00
   endloop
 endfacet
 facet normal  0.000000e+00 -0.000000e+00 -1.000000e+00
   outer loop
     vertex  4.926529e+00  6.349783e+00  0.000000e+00
     vertex  4.972581e+00  6.293520e+00  0.000000e+00
     vertex  0.000000e+00  0.000000e+00  0.000000e+00
   endloop
 endfacet
 facet normal -0.000000e+00  0.000000e+00 -1.000000e+00
   outer loop
     vertex  5.392798e+00  5.893012e+00  0.000000e+00
     vertex  0.000000e+00  0.000000e+00  0.000000e+00
     vertex  5.335599e+00  5.937897e+00  0.000000e+00
   endloop
 endfacet
 facet normal  0.000000e+00 -0.000000e+00 -1.000000e+00
   outer loop
     vertex  4.882037e+00  6.407288e+00  0.000000e+00
     vertex  4.926529e+00  6.349783e+00  0.000000e+00
     vertex  0.000000e+00  0.000000e+00  0.000000e+00
   endloop
 endfacet
 facet normal -0.000000e+00  0.000000e+00 -1.000000e+00
   outer loop
     vertex  5.451206e+00  5.849713e+00  0.000000e+00
     vertex  0.000000e+00  0.000000e+00  0.000000e+00
     vertex  5.392798e+00  5.893012e+00  0.000000e+00
   endloop
 endfacet
 facet normal  0.000000e+00 -0.000000e+00 -1.000000e+00
   outer loop
     vertex  4.839139e+00  6.465992e+00  0.000000e+00
     vertex  4.882037e+00  6.407288e+00  0.000000e+00
     vertex  0.000000e+00  0.000000e+00  0.000000e+00
   endloop
 endfacet
 facet normal -0.000000e+00  0.000000e+00 -1.000000e+00
   outer loop
     vertex  5.510780e+00  5.808032e+00  0.000000e+00
     vertex  0.000000e+00  0.000000e+00  0.000000e+00
     vertex  5.451206e+00  5.849713e+00  0.000000e+00
   endloop
 endfacet
 facet normal  0.000000e+00 -0.000000e+00 -1.000000e+00
   outer loop
     vertex  4.797869e+00  6.525850e+00  0.000000e+00
     vertex  4.839139e+00  6.465992e+00  0.000000e+00
     vertex  0.000000e+00  0.000000e+00  0.000000e+00
   endloop
 endfacet
 facet normal -0.000000e+00  0.000000e+00 -1.000000e+00
   outer loop
     vertex  5.571475e+00  5.768002e+00  0.000000e+00
     vertex  0.000000e+00  0.000000e+00  0.000000e+00
     vertex  5.510780e+00  5.808032e+00  0.000000e+00
   endloop
 endfacet
 facet normal  0.000000e+00 -0.000000e+00 -1.000000e+00
   outer loop
     vertex  4.758256e+00  6.586818e+00  0.000000e+00
     vertex  4.797869e+00  6.525850e+00  0.000000e+00
     vertex  0.000000e+00  0.000000e+00  0.000000e+00
   endloop
 endfacet
 facet normal -0.000000e+00  0.000000e+00 -1.000000e+00
   outer loop
     vertex  5.633245e+00  5.729652e+00  0.000000e+00
     vertex  0.000000e+00  0.000000e+00  0.000000e+00
     vertex  5.571475e+00  5.768002e+00  0.000000e+00
   endloop
 endfacet
 facet normal  0.000000e+00 -0.000000e+00 -1.000000e+00
   outer loop
     vertex  4.720330e+00  6.648850e+00  0.000000e+00
     vertex  4.758256e+00  6.586818e+00  0.000000e+00
     vertex  0.000000e+00  0.000000e+00  0.000000e+00
   endloop
 endfacet
 facet normal -0.000000e+00  0.000000e+00 -1.000000e+00
   outer loop
     vertex  5.696045e+00  5.693011e+00  0.000000e+00
     vertex  0.000000e+00  0.000000e+00  0.000000e+00
     vertex  5.633245e+00  5.729652e+00  0.000000e+00
   endloop
 endfacet
 facet normal  0.000000e+00 -0.000000e+00 -1.000000e+00
   outer loop
     vertex  4.684121e+00  6.711900e+00  0.000000e+00
     vertex  4.720330e+00  6.648850e+00  0.000000e+00
     vertex  0.000000e+00  0.000000e+00  0.000000e+00
   endloop
 endfacet
 facet normal -0.000000e+00  0.000000e+00 -1.000000e+00
   outer loop
     vertex  5.759825e+00  5.658106e+00  0.000000e+00
     vertex  0.000000e+00  0.000000e+00  0.000000e+00
     vertex  5.696045e+00  5.693011e+00  0.000000e+00
   endloop
 endfacet
 facet normal  0.000000e+00 -0.000000e+00 -1.000000e+00
   outer loop
     vertex  4.649654e+00  6.775918e+00  0.000000e+00
     vertex  4.684121e+00  6.711900e+00  0.000000e+00
     vertex  0.000000e+00  0.000000e+00  0.000000e+00
   endloop
 endfacet
 facet normal -0.000000e+00  0.000000e+00 -1.000000e+00
   outer loop
     vertex  5.824540e+00  5.624965e+00  0.000000e+00
     vertex  0.000000e+00  0.000000e+00  0.000000e+00
     vertex  5.759825e+00  5.658106e+00  0.000000e+00
   endloop
 endfacet
 facet normal  0.000000e+00 -0.000000e+00 -1.000000e+00
   outer loop
     vertex  4.616958e+00  6.840859e+00  0.000000e+00
     vertex  4.649654e+00  6.775918e+00  0.000000e+00
     vertex  0.000000e+00  0.000000e+00  0.000000e+00
   endloop
 endfacet
 facet normal -0.000000e+00  0.000000e+00 -1.000000e+00
   outer loop
     vertex  5.890139e+00  5.593611e+00  0.000000e+00
     vertex  0.000000e+00  0.000000e+00  0.000000e+00
     vertex  5.824540e+00  5.624965e+00  0.000000e+00
   endloop
 endfacet
 facet normal  0.000000e+00 -0.000000e+00 -1.000000e+00
   outer loop
     vertex  4.586055e+00  6.906671e+00  0.000000e+00
     vertex  4.616958e+00  6.840859e+00  0.000000e+00
     vertex  0.000000e+00  0.000000e+00  0.000000e+00
   endloop
 endfacet
 facet normal -0.000000e+00  0.000000e+00 -1.000000e+00
   outer loop
     vertex  5.956574e+00  5.564069e+00  0.000000e+00
     vertex  0.000000e+00  0.000000e+00  0.000000e+00
     vertex  5.890139e+00  5.593611e+00  0.000000e+00
   endloop
 endfacet
 facet normal  0.000000e+00 -0.000000e+00 -1.000000e+00
   outer loop
     vertex  4.556969e+00  6.973307e+00  0.000000e+00
     vertex  4.586055e+00  6.906671e+00  0.000000e+00
     vertex  0.000000e+00  0.000000e+00  0.000000e+00
   endloop
 endfacet
 facet normal -0.000000e+00  0.000000e+00 -1.000000e+00
   outer loop
     vertex  6.023794e+00  5.536360e+00  0.000000e+00
     vertex  0.000000e+00  0.000000e+00  0.000000e+00
     vertex  5.956574e+00  5.564069e+00  0.000000e+00
   endloop
 endfacet
 facet normal  0.000000e+00 -0.000000e+00 -1.000000e+00
   outer loop
     vertex  4.529722e+00  7.040716e+00  0.000000e+00
     vertex  4.556969e+00  6.973307e+00  0.000000e+00
     vertex  0.000000e+00  0.000000e+00  0.000000e+00
   endloop
 endfacet
 facet normal -0.000000e+00  0.000000e+00 -1.000000e+00
   outer loop
     vertex  6.091749e+00  5.510506e+00  0.000000e+00
     vertex  0.000000e+00  0.000000e+00  0.000000e+00
     vertex  6.023794e+00  5.536360e+00  0.000000e+00
   endloop
 endfacet
 facet normal  0.000000e+00 -0.000000e+00 -1.000000e+00
   outer loop
     vertex  4.504335e+00  7.108847e+00  0.000000e+00
     vertex  4.529722e+00  7.040716e+00  0.000000e+00
     vertex  0.000000e+00  0.000000e+00  0.000000e+00
   endloop
 endfacet
 facet normal -0.000000e+00  0.000000e+00 -1.000000e+00
   outer loop
     vertex  6.160388e+00  5.486526e+00  0.000000e+00
     vertex  0.000000e+00  0.000000e+00  0.000000e+00
     vertex  6.091749e+00  5.510506e+00  0.000000e+00
   endloop
 endfacet
 facet normal  0.000000e+00 -0.000000e+00 -1.000000e+00
   outer loop
     vertex  4.480826e+00  7.177648e+00  0.000000e+00
     vertex  4.504335e+00  7.108847e+00  0.000000e+00
     vertex  0.000000e+00  0.000000e+00  0.000000e+00
   endloop
 endfacet
 facet normal -0.000000e+00  0.000000e+00 -1.000000e+00
   outer loop
     vertex  6.229659e+00  5.464438e+00  0.000000e+00
     vertex  0.000000e+00  0.000000e+00  0.000000e+00
     vertex  6.160388e+00  5.486526e+00  0.000000e+00
   endloop
 endfacet
 facet normal  0.000000e+00 -0.000000e+00 -1.000000e+00
   outer loop
     vertex  4.459214e+00  7.247069e+00  0.000000e+00
     vertex  4.480826e+00  7.177648e+00  0.000000e+00
     vertex  0.000000e+00  0.000000e+00  0.000000e+00
   endloop
 endfacet
 facet normal -0.000000e+00  0.000000e+00 -1.000000e+00
   outer loop
     vertex  6.299509e+00  5.444259e+00  0.000000e+00
     vertex  0.000000e+00  0.000000e+00  0.000000e+00
     vertex  6.229659e+00  5.464438e+00  0.000000e+00
   endloop
 endfacet
 facet normal  0.000000e+00 -0.000000e+00 -1.000000e+00
   outer loop
     vertex  4.439514e+00  7.317056e+00  0.000000e+00
     vertex  4.459214e+00  7.247069e+00  0.000000e+00
     vertex  0.000000e+00  0.000000e+00  0.000000e+00
   endloop
 endfacet
 facet normal -0.000000e+00  0.000000e+00 -1.000000e+00
   outer loop
     vertex  6.369887e+00  5.426004e+00  0.000000e+00
     vertex  0.000000e+00  0.000000e+00  0.000000e+00
     vertex  6.299509e+00  5.444259e+00  0.000000e+00
   endloop
 endfacet
 facet normal  0.000000e+00 -0.000000e+00 -1.000000e+00
   outer loop
     vertex  4.421742e+00  7.387558e+00  0.000000e+00
     vertex  4.439514e+00  7.317056e+00  0.000000e+00
     vertex  0.000000e+00  0.000000e+00  0.000000e+00
   endloop
 endfacet
 facet normal -0.000000e+00  0.000000e+00 -1.000000e+00
   outer loop
     vertex  6.440739e+00  5.409686e+00  0.000000e+00
     vertex  0.000000e+00  0.000000e+00  0.000000e+00
     vertex  6.369887e+00  5.426004e+00  0.000000e+00
   endloop
 endfacet
 facet normal  0.000000e+00 -0.000000e+00 -1.000000e+00
   outer loop
     vertex  4.405911e+00  7.458520e+00  0.000000e+00
     vertex  4.421742e+00  7.387558e+00  0.000000e+00
     vertex  0.000000e+00  0.000000e+00  0.000000e+00
   endloop
 endfacet
 facet normal -0.000000e+00  0.000000e+00 -1.000000e+00
   outer loop
     vertex  6.512013e+00  5.395318e+00  0.000000e+00
     vertex  0.000000e+00  0.000000e+00  0.000000e+00
     vertex  6.440739e+00  5.409686e+00  0.000000e+00
   endloop
 endfacet
 facet normal  0.000000e+00 -0.000000e+00 -1.000000e+00
   outer loop
     vertex  4.392032e+00  7.529891e+00  0.000000e+00
     vertex  4.405911e+00  7.458520e+00  0.000000e+00
     vertex  0.000000e+00  0.000000e+00  0.000000e+00
   endloop
 endfacet
 facet normal -0.000000e+00  0.000000e+00 -1.000000e+00
   outer loop
     vertex  6.583653e+00  5.382911e+00  0.000000e+00
     vertex  0.000000e+00  0.000000e+00  0.000000e+00
     vertex  6.512013e+00  5.395318e+00  0.000000e+00
   endloop
 endfacet
 facet normal  0.000000e+00 -0.000000e+00 -1.000000e+00
   outer loop
     vertex  4.380117e+00  7.601615e+00  0.000000e+00
     vertex  4.392032e+00  7.529891e+00  0.000000e+00
     vertex  0.000000e+00  0.000000e+00  0.000000e+00
   endloop
 endfacet
 facet normal -0.000000e+00  0.000000e+00 -1.000000e+00
   outer loop
     vertex  6.655607e+00  5.372474e+00  0.000000e+00
     vertex  0.000000e+00  0.000000e+00  0.000000e+00
     vertex  6.583653e+00  5.382911e+00  0.000000e+00
   endloop
 endfacet
 facet normal  0.000000e+00 -0.000000e+00 -1.000000e+00
   outer loop
     vertex  4.370173e+00  7.673639e+00  0.000000e+00
     vertex  4.380117e+00  7.601615e+00  0.000000e+00
     vertex  0.000000e+00  0.000000e+00  0.000000e+00
   endloop
 endfacet
 facet normal -0.000000e+00  0.000000e+00 -1.000000e+00
   outer loop
     vertex  6.727821e+00  5.364015e+00  0.000000e+00
     vertex  0.000000e+00  0.000000e+00  0.000000e+00
     vertex  6.655607e+00  5.372474e+00  0.000000e+00
   endloop
 endfacet
 facet normal  0.000000e+00 -0.000000e+00 -1.000000e+00
   outer loop
     vertex  4.362210e+00  7.745908e+00  0.000000e+00
     vertex  4.370173e+00  7.673639e+00  0.000000e+00
     vertex  0.000000e+00  0.000000e+00  0.000000e+00
   endloop
 endfacet
 facet normal -0.000000e+00  0.000000e+00 -1.000000e+00
   outer loop
     vertex  6.800239e+00  5.357540e+00  0.000000e+00
     vertex  0.000000e+00  0.000000e+00  0.000000e+00
     vertex  6.727821e+00  5.364015e+00  0.000000e+00
   endloop
 endfacet
 facet normal  0.000000e+00 -0.000000e+00 -1.000000e+00
   outer loop
     vertex  4.356232e+00  7.818369e+00  0.000000e+00
     vertex  4.362210e+00  7.745908e+00  0.000000e+00
     vertex  0.000000e+00  0.000000e+00  0.000000e+00
   endloop
 endfacet
 facet normal -0.000000e+00  0.000000e+00 -1.000000e+00
   outer loop
     vertex  6.872808e+00  5.353054e+00  0.000000e+00
     vertex  0.000000e+00  0.000000e+00  0.000000e+00
     vertex  6.800239e+00  5.357540e+00  0.000000e+00
   endloop
 endfacet
 facet normal  0.000000e+00 -0.000000e+00 -1.000000e+00
   outer loop
     vertex  4.352244e+00  7.890967e+00  0.000000e+00
     vertex  4.356232e+00  7.818369e+00  0.000000e+00
     vertex  0.000000e+00  0.000000e+00  0.000000e+00
   endloop
 endfacet
 facet normal -0.000000e+00  0.000000e+00 -1.000000e+00
   outer loop
     vertex  6.945472e+00  5.350561e+00  0.000000e+00
     vertex  0.000000e+00  0.000000e+00  0.000000e+00
     vertex  6.872808e+00  5.353054e+00  0.000000e+00
   endloop
 endfacet
 facet normal  0.000000e+00 -0.000000e+00 -1.000000e+00
   outer loop
     vertex  4.350249e+00  7.963646e+00  0.000000e+00
     vertex  4.352244e+00  7.890967e+00  0.000000e+00
     vertex  0.000000e+00  0.000000e+00  0.000000e+00
   endloop
 endfacet
 facet normal -0.000000e+00  0.000000e+00 -1.000000e+00
   outer loop
     vertex  7.018177e+00  5.350062e+00  0.000000e+00
     vertex  0.000000e+00  0.000000e+00  0.000000e+00
     vertex  6.945472e+00  5.350561e+00  0.000000e+00
   endloop
 endfacet
 facet normal  0.000000e+00  0.000000e+00 -1.000000e+00
   outer loop
     vertex  7.090869e+00  5.351558e+00  0.000000e+00
     vertex  0.000000e+00  0.000000e+00  0.000000e+00
     vertex  7.018177e+00  5.350062e+00  0.000000e+00
   endloop
 endfacet
 facet normal  0.000000e+00  0.000000e+00 -1.000000e+00
   outer loop
     vertex  7.163492e+00  5.355048e+00  0.000000e+00
     vertex  0.000000e+00  0.000000e+00  0.000000e+00
     vertex  7.090869e+00  5.351558e+00  0.000000e+00
   endloop
 endfacet
 facet normal  0.000000e+00  0.000000e+00 -1.000000e+00
   outer loop
     vertex  7.235992e+00  5.360529e+00  0.000000e+00
     vertex  0.000000e+00  0.000000e+00  0.000000e+00
     vertex  7.163492e+00  5.355048e+00  0.000000e+00
   endloop
 endfacet
 facet normal  0.000000e+00  0.000000e+00 -1.000000e+00
   outer loop
     vertex  7.308315e+00  5.367997e+00  0.000000e+00
     vertex  0.000000e+00  0.000000e+00  0.000000e+00
     vertex  7.235992e+00  5.360529e+00  0.000000e+00
   endloop
 endfacet
 facet normal  0.000000e+00  0.000000e+00 -1.000000e+00
   outer loop
     vertex  7.380405e+00  5.377446e+00  0.000000e+00
     vertex  0.000000e+00  0.000000e+00  0.000000e+00
     vertex  7.308315e+00  5.367997e+00  0.000000e+00
   endloop
 endfacet
 facet normal  0.000000e+00  0.000000e+00 -1.000000e+00
   outer loop
     vertex  7.452209e+00  5.388869e+00  0.000000e+00
     vertex  0.000000e+00  0.000000e+00  0.000000e+00
     vertex  7.380405e+00  5.377446e+00  0.000000e+00
   endloop
 endfacet
 facet normal  0.000000e+00  0.000000e+00 -1.000000e+00
   outer loop
     vertex  7.523673e+00  5.402257e+00  0.000000e+00
     vertex  0.000000e+00  0.000000e+00  0.000000e+00
     vertex  7.452209e+00  5.388869e+00  0.000000e+00
   endloop
 endfacet
 facet normal  0.000000e+00  0.000000e+00 -1.000000e+00
   outer loop
     vertex  7.594743e+00  5.417602e+00  0.000000e+00
     vertex  0.000000e+00  0.000000e+00  0.000000e+00
     vertex  7.523673e+00  5.402257e+00  0.000000e+00
   endloop
 endfacet
 facet normal  0.000000e+00  0.000000e+00 -1.000000e+00
   outer loop
     vertex  7.665364e+00  5.434890e+00  0.000000e+00
     vertex  0.000000e+00  0.000000e+00  0.000000e+00
     vertex  7.594743e+00  5.417602e+00  0.000000e+00
   endloop
 endfacet
 facet normal  0.000000e+00  0.000000e+00 -1.000000e+00
   outer loop
     vertex  7.735485e+00  5.454109e+00  0.000000e+00
     vertex  0.000000e+00  0.000000e+00  0.000000e+00
     vertex  7.665364e+00  5.434890e+00  0.000000e+00
   endloop
 endfacet
 facet normal  0.000000e+00  0.000000e+00 -1.000000e+00
   outer loop
     vertex  7.805053e+00  5.475245e+00  0.000000e+00
     vertex  0.000000e+00  0.000000e+00  0.000000e+00
     vertex  7.735485e+00  5.454109e+00  0.000000e+00
   endloop
 endfacet
 facet normal  0.000000e+00  0.000000e+00 -1.000000e+00
   outer loop
     vertex  7.874014e+00  5.498281e+00  0.000000e+00
     vertex  0.000000e+00  0.000000e+00  0.000000e+00
     vertex  7.805053e+00  5.475245e+00  0.000000e+00
   endloop
 endfacet
 facet normal  0.000000e+00  0.000000e+00 -1.000000e+00
   outer loop
     vertex  0.000000e+00  1.600000e+01  0.000000e+00
     vertex  4.684121e+00  9.288100e+00  0.000000e+00
     vertex  4.649654e+00  9.224082e+00  0.000000e+00
   endloop
 endfacet
 facet normal  0.000000e+00  0.000000e+00 -1.000000e+00
   outer loop
     vertex  0.000000e+00  1.600000e+01  0.000000e+00
     vertex  4.649654e+00  9.224082e+00  0.000000e+00
     vertex  4.616958e+00  9.159141e+00  0.000000e+00
   endloop
 endfacet
 facet normal  0.000000e+00  0.000000e+00 -1.000000e+00
   outer loop
     vertex  0.000000e+00  1.600000e+01  0.000000e+00
     vertex  4.616958e+00  9.159141e+00  0.000000e+00
     vertex  4.586055e+00  9.093329e+00  0.000000e+00
   endloop
 endfacet
 facet normal  0.000000e+00  0.000000e+00 -1.000000e+00
   outer loop
     vertex  0.000000e+00  1.600000e+01  0.000000e+00
     vertex  4.586055e+00  9.093329e+00  0.000000e+00
     vertex  4.556969e+00  9.026693e+00  0.000000e+00
   endloop
 endfacet
 facet normal  0.000000e+00  0.000000e+00 -1.000000e+00
   outer loop
     vertex  0.000000e+00  1.600000e+01  0.000000e+00
     vertex  4.556969e+00  9.026693e+00  0.000000e+00
     vertex  4.529722e+00  8.959284e+00  0.000000e+00
   endloop
 endfacet
 facet normal  0.000000e+00  0.000000e+00 -1.000000e+00
   outer loop
     vertex  0.000000e+00  1.600000e+01  0.000000e+00
     vertex  4.529722e+00  8.959284e+00  0.000000e+00
     vertex  4.504335e+00  8.891153e+00  0.000000e+00
   endloop
 endfacet
 facet normal  0.000000e+00  0.000000e+00 -1.000000e+00
   outer loop
     vertex  0.000000e+00  1.600000e+01  0.000000e+00
     vertex  4.504335e+00  8.891153e+00  0.000000e+00
     vertex  4.480826e+00  8.822352e+00  0.000000e+00
   endloop
 endfacet
 facet normal  0.000000e+00  0.000000e+00 -1.000000e+00
   outer loop
     vertex  0.000000e+00  1.600000e+01  0.000000e+00
     vertex  4.480826e+00  8.822352e+00  0.000000e+00
     vertex  4.459214e+00  8.752931e+00  0.000000e+00
   endloop
 endfacet
 facet normal  0.000000e+00  0.000000e+00 -1.000000e+00
   outer loop
     vertex  0.000000e+00  1.600000e+01  0.000000e+00
     vertex  4.459214e+00  8.752931e+00  0.000000e+00
     vertex  4.439514e+00  8.682944e+00  0.000000e+00
   endloop
 endfacet
 facet normal  0.000000e+00  0.000000e+00 -1.000000e+00
   outer loop
     vertex  0.000000e+00  1.600000e+01  0.000000e+00
     vertex  4.439514e+00  8.682944e+00  0.000000e+00
     vertex  4.421742e+00  8.612442e+00  0.000000e+00
   endloop
 endfacet
 facet normal  0.000000e+00  0.000000e+00 -1.000000e+00
   outer loop
     vertex  0.000000e+00  1.600000e+01  0.000000e+00
     vertex  4.421742e+00  8.612442e+00  0.000000e+00
     vertex  4.405911e+00  8.541480e+00  0.000000e+00
   endloop
 endfacet
 facet normal  0.000000e+00  0.000000e+00 -1.000000e+00
   outer loop
     vertex  0.000000e+00  1.600000e+01  0.000000e+00
     vertex  4.405911e+00  8.541480e+00  0.000000e+00
     vertex  4.392032e+00  8.470109e+00  0.000000e+00
   endloop
 endfacet
 facet normal  0.000000e+00  0.000000e+00 -1.000000e+00
   outer loop
     vertex  0.000000e+00  1.600000e+01  0.000000e+00
     vertex  4.392032e+00  8.470109e+00  0.000000e+00
     vertex  4.380117e+00  8.398385e+00  0.000000e+00
   endloop
 endfacet
 facet normal  0.000000e+00  0.000000e+00 -1.000000e+00
   outer loop
     vertex  0.000000e+00  1.600000e+01  0.000000e+00
     vertex  4.380117e+00  8.398385e+00  0.000000e+00
     vertex  4.370173e+00  8.326361e+00  0.000000e+00
   endloop
 endfacet
 facet normal  0.000000e+00  0.000000e+00 -1.000000e+00
   outer loop
     vertex  0.000000e+00  1.600000e+01  0.000000e+00
     vertex  4.370173e+00  8.326361e+00  0.000000e+00
     vertex  4.362210e+00  8.254092e+00  0.000000e+00
   endloop
 endfacet
 facet normal  0.000000e+00  0.000000e+00 -1.000000e+00
   outer loop
     vertex  0.000000e+00  1.600000e+01  0.000000e+00
     vertex  4.362210e+00  8.254092e+00  0.000000e+00
     vertex  4.356232e+00  8.181631e+00  0.000000e+00
   endloop
 endfacet
 facet normal  0.000000e+00  0.000000e+00 -1.000000e+00
   outer loop
     vertex  0.000000e+00  1.600000e+01  0.000000e+00
     vertex  4.356232e+00  8.181631e+00  0.000000e+00
     vertex  4.352244e+00  8.109033e+00  0.000000e+00
   endloop
 endfacet
 facet normal  0.000000e+00  0.000000e+00 -1.000000e+00
   outer loop
     vertex  0.000000e+00  1.600000e+01  0.000000e+00
     vertex  4.352244e+00  8.109033e+00  0.000000e+00
     vertex  4.350249e+00  8.036354e+00  0.000000e+00
   endloop
 endfacet
 facet normal  0.000000e+00  0.000000e+00 -1.000000e+00
   outer loop
     vertex  0.000000e+00  1.600000e+01  0.000000e+00
     vertex  4.350249e+00  8.036354e+00  0.000000e+00
     vertex  4.350249e+00  7.963646e+00  0.000000e+00
   endloop
 endfacet
 facet normal  0.000000e+00  0.000000e+00 -1.000000e+00
   outer loop
     vertex  0.000000e+00  1.600000e+01  0.000000e+00
     vertex  5.633245e+00  1.027035e+01  0.000000e+00
     vertex  5.571475e+00  1.023200e+01  0.000000e+00
   endloop
 endfacet
 facet normal  0.000000e+00  0.000000e+00 -1.000000e+00
   outer loop
     vertex  0.000000e+00  1.600000e+01  0.000000e+00
     vertex  5.571475e+00  1.023200e+01  0.000000e+00
     vertex  5.510780e+00  1.019197e+01  0.000000e+00
   endloop
 endfacet
 facet normal  0.000000e+00  0.000000e+00 -1.000000e+00
   outer loop
     vertex  0.000000e+00  1.600000e+01  0.000000e+00
     vertex  5.510780e+00  1.019197e+01  0.000000e+00
     vertex  5.451206e+00  1.015029e+01  0.000000e+00
   endloop
 endfacet
 facet normal  0.000000e+00  0.000000e+00 -1.000000e+00
   outer loop
     vertex  0.000000e+00  1.600000e+01  0.000000e+00
     vertex  5.451206e+00  1.015029e+01  0.000000e+00
     vertex  5.392798e+00  1.010699e+01  0.000000e+00
   endloop
 endfacet
 facet normal  0.000000e+00  0.000000e+00 -1.000000e+00
   outer loop
     vertex  0.000000e+00  1.600000e+01  0.000000e+00
     vertex  5.392798e+00  1.010699e+01  0.000000e+00
     vertex  5.335599e+00  1.006210e+01  0.000000e+00
   endloop
 endfacet
 facet normal  0.000000e+00  0.000000e+00 -1.000000e+00
   outer loop
     vertex  0.000000e+00  1.600000e+01  0.000000e+00
     vertex  5.335599e+00  1.006210e+01  0.000000e+00
     vertex  5.279654e+00  1.001567e+01  0.000000e+00
   endloop
 endfacet
 facet normal  0.000000e+00  0.000000e+00 -1.000000e+00
   outer loop
     vertex  0.000000e+00  1.600000e+01  0.000000e+00
     vertex  5.279654e+00  1.001567e+01  0.000000e+00
     vertex  5.225004e+00  9.967711e+00  0.000000e+00
   endloop
 endfacet
 facet normal  0.000000e+00  0.000000e+00 -1.000000e+00
   outer loop
     vertex  0.000000e+00  1.600000e+01  0.000000e+00
     vertex  5.225004e+00  9.967711e+00  0.000000e+00
     vertex  5.171689e+00  9.918275e+00  0.000000e+00
   endloop
 endfacet
 facet normal  0.000000e+00  0.000000e+00 -1.000000e+00
   outer loop
     vertex  0.000000e+00  1.600000e+01  0.000000e+00
     vertex  5.171689e+00  9.918275e+00  0.000000e+00
     vertex  5.119751e+00  9.867395e+00  0.000000e+00
   endloop
 endfacet
 facet normal  0.000000e+00  0.000000e+00 -1.000000e+00
   outer loop
     vertex  0.000000e+00  1.600000e+01  0.000000e+00
     vertex  5.119751e+00  9.867395e+00  0.000000e+00
     vertex  5.069229e+00  9.815110e+00  0.000000e+00
   endloop
 endfacet
 facet normal  0.000000e+00  0.000000e+00 -1.000000e+00
   outer loop
     vertex  0.000000e+00  1.600000e+01  0.000000e+00
     vertex  4.350249e+00  7.963646e+00  0.000000e+00
     vertex  0.000000e+00  0.000000e+00  0.000000e+00
   endloop
 endfacet
 facet normal  0.000000e+00  0.000000e+00 -1.000000e+00
   outer loop
     vertex  0.000000e+00  1.600000e+01  0.000000e+00
     vertex  5.069229e+00  9.815110e+00  0.000000e+00
     vertex  5.020160e+00  9.761458e+00  0.000000e+00
   endloop
 endfacet
 facet normal  0.000000e+00  0.000000e+00 -1.000000e+00
   outer loop
     vertex  0.000000e+00  1.600000e+01  0.000000e+00
     vertex  5.020160e+00  9.761458e+00  0.000000e+00
     vertex  4.972581e+00  9.706480e+00  0.000000e+00
   endloop
 endfacet
 facet normal  0.000000e+00  0.000000e+00 -1.000000e+00
   outer loop
     vertex  0.000000e+00  1.600000e+01  0.000000e+00
     vertex  4.972581e+00  9.706480e+00  0.000000e+00
     vertex  4.926529e+00  9.650217e+00  0.000000e+00
   endloop
 endfacet
 facet normal  0.000000e+00  0.000000e+00 -1.000000e+00
   outer loop
     vertex  0.000000e+00  1.600000e+01  0.000000e+00
     vertex  4.926529e+00  9.650217e+00  0.000000e+00
     vertex  4.882037e+00  9.592712e+00  0.000000e+00
   endloop
 endfacet
 facet normal  0.000000e+00  0.000000e+00 -1.000000e+00
   outer loop
     vertex  0.000000e+00  1.600000e+01  0.000000e+00
     vertex  4.882037e+00  9.592712e+00  0.000000e+00
     vertex  4.839139e+00  9.534008e+00  0.000000e+00
   endloop
 endfacet
 facet normal  0.000000e+00  0.000000e+00 -1.000000e+00
   outer loop
     vertex  0.000000e+00  1.600000e+01  0.000000e+00
     vertex  4.839139e+00  9.534008e+00  0.000000e+00
     vertex  4.797869e+00  9.474150e+00  0.000000e+00
   endloop
 endfacet
 facet normal  0.000000e+00  0.000000e+00 -1.000000e+00
   outer loop
     vertex  0.000000e+00  1.600000e+01  0.000000e+00
     vertex  4.797869e+00  9.474150e+00  0.000000e+00
     vertex  4.758256e+00  9.413182e+00  0.000000e+00
   endloop
 endfacet
 facet normal  0.000000e+00  0.000000e+00 -1.000000e+00
   outer loop
     vertex  0.000000e+00  1.600000e+01  0.000000e+00
     vertex  4.758256e+00  9.413182e+00  0.000000e+00
     vertex  4.720330e+00  9.351150e+00  0.000000e+00
   endloop
 endfacet
 facet normal  0.000000e+00  0.000000e+00 -1.000000e+00
   outer loop
     vertex  0.000000e+00  1.600000e+01  0.000000e+00
     vertex  4.720330e+00  9.351150e+00  0.000000e+00
     vertex  4.684121e+00  9.288100e+00  0.000000e+00
   endloop
 endfacet
 facet normal -0.000000e+00  0.000000e+00 -1.000000e+00
   outer loop
     vertex  5.696045e+00  1.030699e+01  0.000000e+00
     vertex  5.633245e+00  1.027035e+01  0.000000e+00
     vertex  0.000000e+00  1.600000e+01  0.000000e+00
   endloop
 endfacet
 facet normal -0.000000e+00  0.000000e+00 -1.000000e+00
   outer loop
     vertex  5.759825e+00  1.034189e+01  0.000000e+00
     vertex  5.696045e+00  1.030699e+01  0.000000e+00
     vertex  0.000000e+00  1.600000e+01  0.000000e+00
   endloop
 endfacet
 facet normal -0.000000e+00  0.000000e+00 -1.000000e+00
   outer loop
     vertex  5.824540e+00  1.037504e+01  0.000000e+00
     vertex  5.759825e+00  1.034189e+01  0.000000e+00
     vertex  0.000000e+00  1.600000e+01  0.000000e+00
   endloop
 endfacet
 facet normal -0.000000e+00  0.000000e+00 -1.000000e+00
   outer loop
     vertex  5.890139e+00  1.040639e+01  0.000000e+00
     vertex  5.824540e+00  1.037504e+01  0.000000e+00
     vertex  0.000000e+00  1.600000e+01  0.000000e+00
   endloop
 endfacet
 facet normal -0.000000e+00  0.000000e+00 -1.000000e+00
   outer loop
     vertex  5.956574e+00  1.043593e+01  0.000000e+00
     vertex  5.890139e+00  1.040639e+01  0.000000e+00
     vertex  0.000000e+00  1.600000e+01  0.000000e+00
   endloop
 endfacet
 facet normal -0.000000e+00  0.000000e+00 -1.000000e+00
   outer loop
     vertex  6.023794e+00  1.046364e+01  0.000000e+00
     vertex  5.956574e+00  1.043593e+01  0.000000e+00
     vertex  0.000000e+00  1.600000e+01  0.000000e+00
   endloop
 endfacet
 facet normal -0.000000e+00  0.000000e+00 -1.000000e+00
   outer loop
     vertex  6.091749e+00  1.048949e+01  0.000000e+00
     vertex  6.023794e+00  1.046364e+01  0.000000e+00
     vertex  0.000000e+00  1.600000e+01  0.000000e+00
   endloop
 endfacet
 facet normal -0.000000e+00  0.000000e+00 -1.000000e+00
   outer loop
     vertex  6.160388e+00  1.051347e+01  0.000000e+00
     vertex  6.091749e+00  1.048949e+01  0.000000e+00
     vertex  0.000000e+00  1.600000e+01  0.000000e+00
   endloop
 endfacet
 facet normal -0.000000e+00  0.000000e+00 -1.000000e+00
   outer loop
     vertex  6.229659e+00  1.053556e+01  0.000000e+00
     vertex  6.160388e+00  1.051347e+01  0.000000e+00
     vertex  0.000000e+00  1.600000e+01  0.000000e+00
   endloop
 endfacet
 facet normal -0.000000e+00  0.000000e+00 -1.000000e+00
   outer loop
     vertex  6.299509e+00  1.055574e+01  0.000000e+00
     vertex  6.229659e+00  1.053556e+01  0.000000e+00
     vertex  0.000000e+00  1.600000e+01  0.000000e+00
   endloop
 endfacet
 facet normal -0.000000e+00  0.000000e+00 -1.000000e+00
   outer loop
     vertex  6.369887e+00  1.057400e+01  0.000000e+00
     vertex  6.299509e+00  1.055574e+01  0.000000e+00
     vertex  0.000000e+00  1.600000e+01  0.000000e+00
   endloop
 endfacet
 facet normal -0.000000e+00  0.000000e+00 -1.000000e+00
   outer loop
     vertex  6.440739e+00  1.059031e+01  0.000000e+00
     vertex  6.369887e+00  1.057400e+01  0.000000e+00
     vertex  0.000000e+00  1.600000e+01  0.000000e+00
   endloop
 endfacet
 facet normal -0.000000e+00  0.000000e+00 -1.000000e+00
   outer loop
     vertex  6.512013e+00  1.060468e+01  0.000000e+00
     vertex  6.440739e+00  1.059031e+01  0.000000e+00
     vertex  0.000000e+00  1.600000e+01  0.000000e+00
   endloop
 endfacet
 facet normal -0.000000e+00  0.000000e+00 -1.000000e+00
   outer loop
     vertex  6.583653e+00  1.061709e+01  0.000000e+00
     vertex  6.512013e+00  1.060468e+01  0.000000e+00
     vertex  0.000000e+00  1.600000e+01  0.000000e+00
   endloop
 endfacet
 facet normal -0.000000e+00  0.000000e+00 -1.000000e+00
   outer loop
     vertex  6.655607e+00  1.062753e+01  0.000000e+00
     vertex  6.583653e+00  1.061709e+01  0.000000e+00
     vertex  0.000000e+00  1.600000e+01  0.000000e+00
   endloop
 endfacet
 facet normal -0.000000e+00  0.000000e+00 -1.000000e+00
   outer loop
     vertex  6.727821e+00  1.063599e+01  0.000000e+00
     vertex  6.655607e+00  1.062753e+01  0.000000e+00
     vertex  0.000000e+00  1.600000e+01  0.000000e+00
   endloop
 endfacet
 facet normal -0.000000e+00  0.000000e+00 -1.000000e+00
   outer loop
     vertex  6.800239e+00  1.064246e+01  0.000000e+00
     vertex  6.727821e+00  1.063599e+01  0.000000e+00
     vertex  0.000000e+00  1.600000e+01  0.000000e+00
   endloop
 endfacet
 facet normal -0.000000e+00  0.000000e+00 -1.000000e+00
   outer loop
     vertex  6.872808e+00  1.064695e+01  0.000000e+00
     vertex  6.800239e+00  1.064246e+01  0.000000e+00
     vertex  0.000000e+00  1.600000e+01  0.000000e+00
   endloop
 endfacet
 facet normal -0.000000e+00  0.000000e+00 -1.000000e+00
   outer loop
     vertex  6.945472e+00  1.064944e+01  0.000000e+00
     vertex  6.872808e+00  1.064695e+01  0.000000e+00
     vertex  0.000000e+00  1.600000e+01  0.000000e+00
   endloop
 endfacet
 facet normal -0.000000e+00  0.000000e+00 -1.000000e+00
   outer loop
     vertex  7.018177e+00  1.064994e+01  0.000000e+00
     vertex  6.945472e+00  1.064944e+01  0.000000e+00
     vertex  0.000000e+00  1.600000e+01  0.000000e+00
   endloop
 endfacet
 facet normal  0.000000e+00  0.000000e+00 -1.000000e+00
   outer loop
     vertex  7.090869e+00  1.064844e+01  0.000000e+00
     vertex  7.018177e+00  1.064994e+01  0.000000e+00
     vertex  0.000000e+00  1.600000e+01  0.000000e+00
   endloop
 endfacet
 facet normal  0.000000e+00  0.000000e+00 -1.000000e+00
   outer loop
     vertex  7.163492e+00  1.064495e+01  0.000000e+00
     vertex  7.090869e+00  1.064844e+01  0.000000e+00
     vertex  0.000000e+00  1.600000e+01  0.000000e+00
   endloop
 endfacet
 facet normal  0.000000e+00  0.000000e+00 -1.000000e+00
   outer loop
     vertex  7.235992e+00  1.063947e+01  0.000000e+00
     vertex  7.163492e+00  1.064495e+01  0.000000e+00
     vertex  0.000000e+00  1.600000e+01  0.000000e+00
   endloop
 endfacet
 facet normal  0.000000e+00  0.000000e+00 -1.000000e+00
   outer loop
     vertex  7.308315e+00  1.063200e+01  0.000000e+00
     vertex  7.235992e+00  1.063947e+01  0.000000e+00
     vertex  0.000000e+00  1.600000e+01  0.000000e+00
   endloop
 endfacet
 facet normal  0.000000e+00  0.000000e+00 -1.000000e+00
   outer loop
     vertex  7.380405e+00  1.062255e+01  0.000000e+00
     vertex  7.308315e+00  1.063200e+01  0.000000e+00
     vertex  0.000000e+00  1.600000e+01  0.000000e+00
   endloop
 endfacet
 facet normal  0.000000e+00  0.000000e+00 -1.000000e+00
   outer loop
     vertex  7.452209e+00  1.061113e+01  0.000000e+00
     vertex  7.380405e+00  1.062255e+01  0.000000e+00
     vertex  0.000000e+00  1.600000e+01  0.000000e+00
   endloop
 endfacet
 facet normal  0.000000e+00  0.000000e+00 -1.000000e+00
   outer loop
     vertex  7.523673e+00  1.059774e+01  0.000000e+00
     vertex  7.452209e+00  1.061113e+01  0.000000e+00
     vertex  0.000000e+00  1.600000e+01  0.000000e+00
   endloop
 endfacet
 facet normal  0.000000e+00  0.000000e+00 -1.000000e+00
   outer loop
     vertex  7.594743e+00  1.058240e+01  0.000000e+00
     vertex  7.523673e+00  1.059774e+01  0.000000e+00
     vertex  0.000000e+00  1.600000e+01  0.000000e+00
   endloop
 endfacet
 facet normal  0.000000e+00  0.000000e+00 -1.000000e+00
   outer loop
     vertex  7.665364e+00  1.056511e+01  0.000000e+00
     vertex  7.594743e+00  1.058240e+01  0.000000e+00
     vertex  0.000000e+00  1.600000e+01  0.000000e+00
   endloop
 endfacet
 facet normal  0.000000e+00  0.000000e+00 -1.000000e+00
   outer loop
     vertex  7.735485e+00  1.054589e+01  0.000000e+00
     vertex  7.665364e+00  1.056511e+01  0.000000e+00
     vertex  0.000000e+00  1.600000e+01  0.000000e+00
   endloop
 endfacet
 facet normal  0.000000e+00  0.000000e+00 -1.000000e+00
   outer loop
     vertex  7.805053e+00  1.052476e+01  0.000000e+00
     vertex  7.735485e+00  1.054589e+01  0.000000e+00
     vertex  0.000000e+00  1.600000e+01  0.000000e+00
   endloop
 endfacet
 facet normal  0.000000e+00  0.000000e+00 -1.000000e+00
   outer loop
     vertex  7.874014e+00  1.050172e+01  0.000000e+00
     vertex  7.805053e+00  1.052476e+01  0.000000e+00
     vertex  0.000000e+00  1.600000e+01  0.000000e+00
   endloop
 endfacet
 facet normal -0.000000e+00  0.000000e+00 -1.000000e+00
   outer loop
     vertex  1.911975e+01  6.132605e+00  0.000000e+00
     vertex  8.854454e+00  6.106987e+00  0.000000e+00
     vertex  8.905689e+00  6.158574e+00  0.000000e+00
   endloop
 endfacet
 facet normal -0.000000e+00  0.000000e+00 -1.000000e+00
   outer loop
     vertex  1.917169e+01  6.081725e+00  0.000000e+00
     vertex  8.801823e+00  6.056824e+00  0.000000e+00
     vertex  8.854454e+00  6.106987e+00  0.000000e+00
   endloop
 endfacet
 facet normal  0.000000e+00  0.000000e+00 -1.000000e+00
   outer loop
     vertex  1.917169e+01  6.081725e+00  0.000000e+00
     vertex  8.854454e+00  6.106987e+00  0.000000e+00
     vertex  1.911975e+01  6.132605e+00  0.000000e+00
   endloop
 endfacet
 facet normal -0.000000e+00  0.000000e+00 -1.000000e+00
   outer loop
     vertex  1.906923e+01  6.184890e+00  0.000000e+00
     vertex  8.905689e+00  6.158574e+00  0.000000e+00
     vertex  8.955490e+00  6.211548e+00  0.000000e+00
   endloop
 endfacet
 facet normal  0.000000e+00 -0.000000e+00 -1.000000e+00
   outer loop
     vertex  1.906923e+01  6.184890e+00  0.000000e+00
     vertex  1.911975e+01  6.132605e+00  0.000000e+00
     vertex  8.905689e+00  6.158574e+00  0.000000e+00
   endloop
 endfacet
 facet normal -0.000000e+00  0.000000e+00 -1.000000e+00
   outer loop
     vertex  1.922500e+01  6.032289e+00  0.000000e+00
     vertex  8.747836e+00  6.008124e+00  0.000000e+00
     vertex  8.801823e+00  6.056824e+00  0.000000e+00
   endloop
 endfacet
 facet normal  0.000000e+00  0.000000e+00 -1.000000e+00
   outer loop
     vertex  1.922500e+01  6.032289e+00  0.000000e+00
     vertex  8.801823e+00  6.056824e+00  0.000000e+00
     vertex  1.917169e+01  6.081725e+00  0.000000e+00
   endloop
 endfacet
 facet normal -0.000000e+00  0.000000e+00 -1.000000e+00
   outer loop
     vertex  1.902016e+01  6.238542e+00  0.000000e+00
     vertex  8.955490e+00  6.211548e+00  0.000000e+00
     vertex  9.003818e+00  6.265868e+00  0.000000e+00
   endloop
 endfacet
 facet normal  0.000000e+00 -0.000000e+00 -1.000000e+00
   outer loop
     vertex  1.902016e+01  6.238542e+00  0.000000e+00
     vertex  1.906923e+01  6.184890e+00  0.000000e+00
     vertex  8.955490e+00  6.211548e+00  0.000000e+00
   endloop
 endfacet
 facet normal -0.000000e+00  0.000000e+00 -1.000000e+00
   outer loop
     vertex  1.927965e+01  5.984334e+00  0.000000e+00
     vertex  8.692533e+00  5.960923e+00  0.000000e+00
     vertex  8.747836e+00  6.008124e+00  0.000000e+00
   endloop
 endfacet
 facet normal  0.000000e+00  0.000000e+00 -1.000000e+00
   outer loop
     vertex  1.927965e+01  5.984334e+00  0.000000e+00
     vertex  8.747836e+00  6.008124e+00  0.000000e+00
     vertex  1.922500e+01  6.032289e+00  0.000000e+00
   endloop
 endfacet
 facet normal -0.000000e+00  0.000000e+00 -1.000000e+00
   outer loop
     vertex  1.897258e+01  6.293520e+00  0.000000e+00
     vertex  9.003818e+00  6.265868e+00  0.000000e+00
     vertex  9.050638e+00  6.321494e+00  0.000000e+00
   endloop
 endfacet
 facet normal  0.000000e+00 -0.000000e+00 -1.000000e+00
   outer loop
     vertex  1.897258e+01  6.293520e+00  0.000000e+00
     vertex  1.902016e+01  6.238542e+00  0.000000e+00
     vertex  9.003818e+00  6.265868e+00  0.000000e+00
   endloop
 endfacet
 facet normal  0.000000e+00  0.000000e+00 -1.000000e+00
   outer loop
     vertex  1.933560e+01  5.937897e+00  0.000000e+00
     vertex  8.692533e+00  5.960923e+00  0.000000e+00
     vertex  1.927965e+01  5.984334e+00  0.000000e+00
   endloop
 endfacet
 facet normal -0.000000e+00  0.000000e+00 -1.000000e+00
   outer loop
     vertex  1.933560e+01  5.937897e+00  0.000000e+00
     vertex  8.635956e+00  5.915258e+00  0.000000e+00
     vertex  8.692533e+00  5.960923e+00  0.000000e+00
   endloop
 endfacet
 facet normal -0.000000e+00  0.000000e+00 -1.000000e+00
   outer loop
     vertex  1.892653e+01  6.349783e+00  0.000000e+00
     vertex  9.050638e+00  6.321494e+00  0.000000e+00
     vertex  9.095915e+00  6.378383e+00  0.000000e+00
   endloop
 endfacet
 facet normal  0.000000e+00 -0.000000e+00 -1.000000e+00
   outer loop
     vertex  1.892653e+01  6.349783e+00  0.000000e+00
     vertex  1.897258e+01  6.293520e+00  0.000000e+00
     vertex  9.050638e+00  6.321494e+00  0.000000e+00
   endloop
 endfacet
 facet normal  0.000000e+00  0.000000e+00 -1.000000e+00
   outer loop
     vertex  1.939280e+01  5.893012e+00  0.000000e+00
     vertex  8.635956e+00  5.915258e+00  0.000000e+00
     vertex  1.933560e+01  5.937897e+00  0.000000e+00
   endloop
 endfacet
 facet normal -0.000000e+00  0.000000e+00 -1.000000e+00
   outer loop
     vertex  1.939280e+01  5.893012e+00  0.000000e+00
     vertex  8.578147e+00  5.871162e+00  0.000000e+00
     vertex  8.635956e+00  5.915258e+00  0.000000e+00
   endloop
 endfacet
 facet normal -0.000000e+00  0.000000e+00 -1.000000e+00
   outer loop
     vertex  1.888204e+01  6.407288e+00  0.000000e+00
     vertex  9.095915e+00  6.378383e+00  0.000000e+00
     vertex  9.139613e+00  6.436493e+00  0.000000e+00
   endloop
 endfacet
 facet normal  0.000000e+00 -0.000000e+00 -1.000000e+00
   outer loop
     vertex  1.888204e+01  6.407288e+00  0.000000e+00
     vertex  1.892653e+01  6.349783e+00  0.000000e+00
     vertex  9.095915e+00  6.378383e+00  0.000000e+00
   endloop
 endfacet
 facet normal  0.000000e+00  0.000000e+00 -1.000000e+00
   outer loop
     vertex  1.945121e+01  5.849713e+00  0.000000e+00
     vertex  8.578147e+00  5.871162e+00  0.000000e+00
     vertex  1.939280e+01  5.893012e+00  0.000000e+00
   endloop
 endfacet
 facet normal -0.000000e+00  0.000000e+00 -1.000000e+00
   outer loop
     vertex  1.945121e+01  5.849713e+00  0.000000e+00
     vertex  8.519150e+00  5.828668e+00  0.000000e+00
     vertex  8.578147e+00  5.871162e+00  0.000000e+00
   endloop
 endfacet
 facet normal -0.000000e+00  0.000000e+00 -1.000000e+00
   outer loop
     vertex  1.883914e+01  6.465992e+00  0.000000e+00
     vertex  9.139613e+00  6.436493e+00  0.000000e+00
     vertex  9.181701e+00  6.495779e+00  0.000000e+00
   endloop
 endfacet
 facet normal  0.000000e+00 -0.000000e+00 -1.000000e+00
   outer loop
     vertex  1.883914e+01  6.465992e+00  0.000000e+00
     vertex  1.888204e+01  6.407288e+00  0.000000e+00
     vertex  9.139613e+00  6.436493e+00  0.000000e+00
   endloop
 endfacet
 facet normal  0.000000e+00  0.000000e+00 -1.000000e+00
   outer loop
     vertex  1.951078e+01  5.808032e+00  0.000000e+00
     vertex  8.519150e+00  5.828668e+00  0.000000e+00
     vertex  1.945121e+01  5.849713e+00  0.000000e+00
   endloop
 endfacet
 facet normal -0.000000e+00  0.000000e+00 -1.000000e+00
   outer loop
     vertex  1.951078e+01  5.808032e+00  0.000000e+00
     vertex  8.459010e+00  5.787809e+00  0.000000e+00
     vertex  8.519150e+00  5.828668e+00  0.000000e+00
   endloop
 endfacet
 facet normal -0.000000e+00  0.000000e+00 -1.000000e+00
   outer loop
     vertex  1.879787e+01  6.525850e+00  0.000000e+00
     vertex  9.181701e+00  6.495779e+00  0.000000e+00
     vertex  9.222147e+00  6.556198e+00  0.000000e+00
   endloop
 endfacet
 facet normal  0.000000e+00 -0.000000e+00 -1.000000e+00
   outer loop
     vertex  1.879787e+01  6.525850e+00  0.000000e+00
     vertex  1.883914e+01  6.465992e+00  0.000000e+00
     vertex  9.181701e+00  6.495779e+00  0.000000e+00
   endloop
 endfacet
 facet normal  0.000000e+00  0.000000e+00 -1.000000e+00
   outer loop
     vertex  1.957147e+01  5.768002e+00  0.000000e+00
     vertex  8.459010e+00  5.787809e+00  0.000000e+00
     vertex  1.951078e+01  5.808032e+00  0.000000e+00
   endloop
 endfacet
 facet normal -0.000000e+00  0.000000e+00 -1.000000e+00
   outer loop
     vertex  1.957147e+01  5.768002e+00  0.000000e+00
     vertex  8.397772e+00  5.748615e+00  0.000000e+00
     vertex  8.459010e+00  5.787809e+00  0.000000e+00
   endloop
 endfacet
 facet normal -0.000000e+00  0.000000e+00 -1.000000e+00
   outer loop
     vertex  1.875826e+01  6.586818e+00  0.000000e+00
     vertex  9.222147e+00  6.556198e+00  0.000000e+00
     vertex  9.260920e+00  6.617704e+00  0.000000e+00
   endloop
 endfacet
 facet normal  0.000000e+00 -0.000000e+00 -1.000000e+00
   outer loop
     vertex  1.875826e+01  6.586818e+00  0.000000e+00
     vertex  1.879787e+01  6.525850e+00  0.000000e+00
     vertex  9.222147e+00  6.556198e+00  0.000000e+00
   endloop
 endfacet
 facet normal  0.000000e+00  0.000000e+00 -1.000000e+00
   outer loop
     vertex  1.963325e+01  5.729652e+00  0.000000e+00
     vertex  8.397772e+00  5.748615e+00  0.000000e+00
     vertex  1.957147e+01  5.768002e+00  0.000000e+00
   endloop
 endfacet
 facet normal -0.000000e+00  0.000000e+00 -1.000000e+00
   outer loop
     vertex  1.963325e+01  5.729652e+00  0.000000e+00
     vertex  8.335481e+00  5.711116e+00  0.000000e+00
     vertex  8.397772e+00  5.748615e+00  0.000000e+00
   endloop
 endfacet
 facet normal -0.000000e+00  0.000000e+00 -1.000000e+00
   outer loop
     vertex  1.872033e+01  6.648850e+00  0.000000e+00
     vertex  9.260920e+00  6.617704e+00  0.000000e+00
     vertex  9.297991e+00  6.680251e+00  0.000000e+00
   endloop
 endfacet
 facet normal  0.000000e+00 -0.000000e+00 -1.000000e+00
   outer loop
     vertex  1.872033e+01  6.648850e+00  0.000000e+00
     vertex  1.875826e+01  6.586818e+00  0.000000e+00
     vertex  9.260920e+00  6.617704e+00  0.000000e+00
   endloop
 endfacet
 facet normal  0.000000e+00  0.000000e+00 -1.000000e+00
   outer loop
     vertex  1.969604e+01  5.693011e+00  0.000000e+00
     vertex  8.335481e+00  5.711116e+00  0.000000e+00
     vertex  1.963325e+01  5.729652e+00  0.000000e+00
   endloop
 endfacet
 facet normal -0.000000e+00  0.000000e+00 -1.000000e+00
   outer loop
     vertex  1.969604e+01  5.693011e+00  0.000000e+00
     vertex  8.272185e+00  5.675340e+00  0.000000e+00
     vertex  8.335481e+00  5.711116e+00  0.000000e+00
   endloop
 endfacet
 facet normal -0.000000e+00  0.000000e+00 -1.000000e+00
   outer loop
     vertex  1.868412e+01  6.711900e+00  0.000000e+00
     vertex  9.297991e+00  6.680251e+00  0.000000e+00
     vertex  9.333332e+00  6.743791e+00  0.000000e+00
   endloop
 endfacet
 facet normal  0.000000e+00 -0.000000e+00 -1.000000e+00
   outer loop
     vertex  1.868412e+01  6.711900e+00  0.000000e+00
     vertex  1.872033e+01  6.648850e+00  0.000000e+00
     vertex  9.297991e+00  6.680251e+00  0.000000e+00
   endloop
 endfacet
 facet normal  0.000000e+00  0.000000e+00 -1.000000e+00
   outer loop
     vertex  1.975983e+01  5.658106e+00  0.000000e+00
     vertex  8.272185e+00  5.675340e+00  0.000000e+00
     vertex  1.969604e+01  5.693011e+00  0.000000e+00
   endloop
 endfacet
 facet normal -0.000000e+00  0.000000e+00 -1.000000e+00
   outer loop
     vertex  1.975983e+01  5.658106e+00  0.000000e+00
     vertex  8.207931e+00  5.641313e+00  0.000000e+00
     vertex  8.272185e+00  5.675340e+00  0.000000e+00
   endloop
 endfacet
 facet normal -0.000000e+00  0.000000e+00 -1.000000e+00
   outer loop
     vertex  1.864965e+01  6.775918e+00  0.000000e+00
     vertex  9.333332e+00  6.743791e+00  0.000000e+00
     vertex  9.366917e+00  6.808276e+00  0.000000e+00
   endloop
 endfacet
 facet normal  0.000000e+00 -0.000000e+00 -1.000000e+00
   outer loop
     vertex  1.864965e+01  6.775918e+00  0.000000e+00
     vertex  1.868412e+01  6.711900e+00  0.000000e+00
     vertex  9.333332e+00  6.743791e+00  0.000000e+00
   endloop
 endfacet
 facet normal  0.000000e+00  0.000000e+00 -1.000000e+00
   outer loop
     vertex  1.982454e+01  5.624965e+00  0.000000e+00
     vertex  8.207931e+00  5.641313e+00  0.000000e+00
     vertex  1.975983e+01  5.658106e+00  0.000000e+00
   endloop
 endfacet
 facet normal -0.000000e+00  0.000000e+00 -1.000000e+00
   outer loop
     vertex  1.982454e+01  5.624965e+00  0.000000e+00
     vertex  8.142768e+00  5.609063e+00  0.000000e+00
     vertex  8.207931e+00  5.641313e+00  0.000000e+00
   endloop
 endfacet
 facet normal -0.000000e+00  0.000000e+00 -1.000000e+00
   outer loop
     vertex  1.861696e+01  6.840859e+00  0.000000e+00
     vertex  9.366917e+00  6.808276e+00  0.000000e+00
     vertex  9.398720e+00  6.873659e+00  0.000000e+00
   endloop
 endfacet
 facet normal  0.000000e+00 -0.000000e+00 -1.000000e+00
   outer loop
     vertex  1.861696e+01  6.840859e+00  0.000000e+00
     vertex  1.864965e+01  6.775918e+00  0.000000e+00
     vertex  9.366917e+00  6.808276e+00  0.000000e+00
   endloop
 endfacet
 facet normal -0.000000e+00  0.000000e+00 -1.000000e+00
   outer loop
     vertex  1.989014e+01  5.593611e+00  0.000000e+00
     vertex  8.076745e+00  5.578612e+00  0.000000e+00
     vertex  8.142768e+00  5.609063e+00  0.000000e+00
   endloop
 endfacet
 facet normal  0.000000e+00  0.000000e+00 -1.000000e+00
   outer loop
     vertex  1.989014e+01  5.593611e+00  0.000000e+00
     vertex  8.142768e+00  5.609063e+00  0.000000e+00
     vertex  1.982454e+01  5.624965e+00  0.000000e+00
   endloop
 endfacet
 facet normal -0.000000e+00  0.000000e+00 -1.000000e+00
   outer loop
     vertex  1.858605e+01  6.906671e+00  0.000000e+00
     vertex  9.398720e+00  6.873659e+00  0.000000e+00
     vertex  9.428717e+00  6.939889e+00  0.000000e+00
   endloop
 endfacet
 facet normal  0.000000e+00 -0.000000e+00 -1.000000e+00
   outer loop
     vertex  1.858605e+01  6.906671e+00  0.000000e+00
     vertex  1.861696e+01  6.840859e+00  0.000000e+00
     vertex  9.398720e+00  6.873659e+00  0.000000e+00
   endloop
 endfacet
 facet normal -0.000000e+00  0.000000e+00 -1.000000e+00
   outer loop
     vertex  1.995657e+01  5.564069e+00  0.000000e+00
     vertex  8.009911e+00  5.549984e+00  0.000000e+00
     vertex  8.076745e+00  5.578612e+00  0.000000e+00
   endloop
 endfacet
 facet normal  0.000000e+00  0.000000e+00 -1.000000e+00
   outer loop
     vertex  1.995657e+01  5.564069e+00  0.000000e+00
     vertex  8.076745e+00  5.578612e+00  0.000000e+00
     vertex  1.989014e+01  5.593611e+00  0.000000e+00
   endloop
 endfacet
 facet normal -0.000000e+00  0.000000e+00 -1.000000e+00
   outer loop
     vertex  1.855697e+01  6.973307e+00  0.000000e+00
     vertex  9.428717e+00  6.939889e+00  0.000000e+00
     vertex  9.456886e+00  7.006918e+00  0.000000e+00
   endloop
 endfacet
 facet normal  0.000000e+00 -0.000000e+00 -1.000000e+00
   outer loop
     vertex  1.855697e+01  6.973307e+00  0.000000e+00
     vertex  1.858605e+01  6.906671e+00  0.000000e+00
     vertex  9.428717e+00  6.939889e+00  0.000000e+00
   endloop
 endfacet
 facet normal  0.000000e+00  0.000000e+00 -1.000000e+00
   outer loop
     vertex  2.002379e+01  5.536360e+00  0.000000e+00
     vertex  8.009911e+00  5.549984e+00  0.000000e+00
     vertex  1.995657e+01  5.564069e+00  0.000000e+00
   endloop
 endfacet
 facet normal -0.000000e+00  0.000000e+00 -1.000000e+00
   outer loop
     vertex  2.002379e+01  5.536360e+00  0.000000e+00
     vertex  7.942317e+00  5.523200e+00  0.000000e+00
     vertex  8.009911e+00  5.549984e+00  0.000000e+00
   endloop
 endfacet
 facet normal -0.000000e+00  0.000000e+00 -1.000000e+00
   outer loop
     vertex  1.852972e+01  7.040716e+00  0.000000e+00
     vertex  9.456886e+00  7.006918e+00  0.000000e+00
     vertex  9.483205e+00  7.074694e+00  0.000000e+00
   endloop
 endfacet
 facet normal  0.000000e+00 -0.000000e+00 -1.000000e+00
   outer loop
     vertex  1.852972e+01  7.040716e+00  0.000000e+00
     vertex  1.855697e+01  6.973307e+00  0.000000e+00
     vertex  9.456886e+00  7.006918e+00  0.000000e+00
   endloop
 endfacet
 facet normal  0.000000e+00  0.000000e+00 -1.000000e+00
   outer loop
     vertex  2.009175e+01  5.510506e+00  0.000000e+00
     vertex  7.942317e+00  5.523200e+00  0.000000e+00
     vertex  2.002379e+01  5.536360e+00  0.000000e+00
   endloop
 endfacet
 facet normal  0.000000e+00  0.000000e+00 -1.000000e+00
   outer loop
     vertex  2.009175e+01  5.510506e+00  0.000000e+00
     vertex  0.000000e+00  0.000000e+00  0.000000e+00
     vertex  7.874014e+00  5.498281e+00  0.000000e+00
   endloop
 endfacet
 facet normal -0.000000e+00  0.000000e+00 -1.000000e+00
   outer loop
     vertex  2.009175e+01  5.510506e+00  0.000000e+00
     vertex  7.874014e+00  5.498281e+00  0.000000e+00
     vertex  7.942317e+00  5.523200e+00  0.000000e+00
   endloop
 endfacet
 facet normal -0.000000e+00  0.000000e+00 -1.000000e+00
   outer loop
     vertex  1.850433e+01  7.108847e+00  0.000000e+00
     vertex  9.483205e+00  7.074694e+00  0.000000e+00
     vertex  9.507656e+00  7.143167e+00  0.000000e+00
   endloop
 endfacet
 facet normal  0.000000e+00 -0.000000e+00 -1.000000e+00
   outer loop
     vertex  1.850433e+01  7.108847e+00  0.000000e+00
     vertex  1.852972e+01  7.040716e+00  0.000000e+00
     vertex  9.483205e+00  7.074694e+00  0.000000e+00
   endloop
 endfacet
 facet normal -0.000000e+00  0.000000e+00 -1.000000e+00
   outer loop
     vertex  2.016039e+01  5.486526e+00  0.000000e+00
     vertex  0.000000e+00  0.000000e+00  0.000000e+00
     vertex  2.009175e+01  5.510506e+00  0.000000e+00
   endloop
 endfacet
 facet normal -0.000000e+00  0.000000e+00 -1.000000e+00
   outer loop
     vertex  1.848083e+01  7.177648e+00  0.000000e+00
     vertex  9.507656e+00  7.143167e+00  0.000000e+00
     vertex  9.530218e+00  7.212284e+00  0.000000e+00
   endloop
 endfacet
 facet normal  0.000000e+00 -0.000000e+00 -1.000000e+00
   outer loop
     vertex  1.848083e+01  7.177648e+00  0.000000e+00
     vertex  1.850433e+01  7.108847e+00  0.000000e+00
     vertex  9.507656e+00  7.143167e+00  0.000000e+00
   endloop
 endfacet
 facet normal -0.000000e+00  0.000000e+00 -1.000000e+00
   outer loop
     vertex  2.022966e+01  5.464438e+00  0.000000e+00
     vertex  0.000000e+00  0.000000e+00  0.000000e+00
     vertex  2.016039e+01  5.486526e+00  0.000000e+00
   endloop
 endfacet
 facet normal -0.000000e+00  0.000000e+00 -1.000000e+00
   outer loop
     vertex  1.845921e+01  7.247069e+00  0.000000e+00
     vertex  9.530218e+00  7.212284e+00  0.000000e+00
     vertex  9.550876e+00  7.281995e+00  0.000000e+00
   endloop
 endfacet
 facet normal  0.000000e+00 -0.000000e+00 -1.000000e+00
   outer loop
     vertex  1.845921e+01  7.247069e+00  0.000000e+00
     vertex  1.848083e+01  7.177648e+00  0.000000e+00
     vertex  9.530218e+00  7.212284e+00  0.000000e+00
   endloop
 endfacet
 facet normal -0.000000e+00  0.000000e+00 -1.000000e+00
   outer loop
     vertex  2.029951e+01  5.444259e+00  0.000000e+00
     vertex  0.000000e+00  0.000000e+00  0.000000e+00
     vertex  2.022966e+01  5.464438e+00  0.000000e+00
   endloop
 endfacet
 facet normal -0.000000e+00  0.000000e+00 -1.000000e+00
   outer loop
     vertex  1.843951e+01  7.317056e+00  0.000000e+00
     vertex  9.550876e+00  7.281995e+00  0.000000e+00
     vertex  9.569614e+00  7.352246e+00  0.000000e+00
   endloop
 endfacet
 facet normal  0.000000e+00 -0.000000e+00 -1.000000e+00
   outer loop
     vertex  1.843951e+01  7.317056e+00  0.000000e+00
     vertex  1.845921e+01  7.247069e+00  0.000000e+00
     vertex  9.550876e+00  7.281995e+00  0.000000e+00
   endloop
 endfacet
 facet normal -0.000000e+00  0.000000e+00 -1.000000e+00
   outer loop
     vertex  2.036989e+01  5.426004e+00  0.000000e+00
     vertex  0.000000e+00  0.000000e+00  0.000000e+00
     vertex  2.029951e+01  5.444259e+00  0.000000e+00
   endloop
 endfacet
 facet normal -0.000000e+00  0.000000e+00 -1.000000e+00
   outer loop
     vertex  1.842174e+01  7.387558e+00  0.000000e+00
     vertex  9.569614e+00  7.352246e+00  0.000000e+00
     vertex  9.586417e+00  7.422985e+00  0.000000e+00
   endloop
 endfacet
 facet normal  0.000000e+00 -0.000000e+00 -1.000000e+00
   outer loop
     vertex  1.842174e+01  7.387558e+00  0.000000e+00
     vertex  1.843951e+01  7.317056e+00  0.000000e+00
     vertex  9.569614e+00  7.352246e+00  0.000000e+00
   endloop
 endfacet
 facet normal -0.000000e+00  0.000000e+00 -1.000000e+00
   outer loop
     vertex  2.044074e+01  5.409686e+00  0.000000e+00
     vertex  0.000000e+00  0.000000e+00  0.000000e+00
     vertex  2.036989e+01  5.426004e+00  0.000000e+00
   endloop
 endfacet
 facet normal -0.000000e+00  0.000000e+00 -1.000000e+00
   outer loop
     vertex  1.840591e+01  7.458520e+00  0.000000e+00
     vertex  9.586417e+00  7.422985e+00  0.000000e+00
     vertex  9.601273e+00  7.494158e+00  0.000000e+00
   endloop
 endfacet
 facet normal  0.000000e+00 -0.000000e+00 -1.000000e+00
   outer loop
     vertex  1.840591e+01  7.458520e+00  0.000000e+00
     vertex  1.842174e+01  7.387558e+00  0.000000e+00
     vertex  9.586417e+00  7.422985e+00  0.000000e+00
   endloop
 endfacet
 facet normal -0.000000e+00  0.000000e+00 -1.000000e+00
   outer loop
     vertex  2.051201e+01  5.395318e+00  0.000000e+00
     vertex  0.000000e+00  0.000000e+00  0.000000e+00
     vertex  2.044074e+01  5.409686e+00  0.000000e+00
   endloop
 endfacet
 facet normal -0.000000e+00  0.000000e+00 -1.000000e+00
   outer loop
     vertex  1.839203e+01  7.529891e+00  0.000000e+00
     vertex  9.601273e+00  7.494158e+00  0.000000e+00
     vertex  9.614172e+00  7.565712e+00  0.000000e+00
   endloop
 endfacet
 facet normal  0.000000e+00 -0.000000e+00 -1.000000e+00
   outer loop
     vertex  1.839203e+01  7.529891e+00  0.000000e+00
     vertex  1.840591e+01  7.458520e+00  0.000000e+00
     vertex  9.601273e+00  7.494158e+00  0.000000e+00
   endloop
 endfacet
 facet normal -0.000000e+00  0.000000e+00 -1.000000e+00
   outer loop
     vertex  2.058365e+01  5.382911e+00  0.000000e+00
     vertex  0.000000e+00  0.000000e+00  0.000000e+00
     vertex  2.051201e+01  5.395318e+00  0.000000e+00
   endloop
 endfacet
 facet normal -0.000000e+00  0.000000e+00 -1.000000e+00
   outer loop
     vertex  1.838012e+01  7.601615e+00  0.000000e+00
     vertex  9.614172e+00  7.565712e+00  0.000000e+00
     vertex  9.625102e+00  7.637593e+00  0.000000e+00
   endloop
 endfacet
 facet normal  0.000000e+00 -0.000000e+00 -1.000000e+00
   outer loop
     vertex  1.838012e+01  7.601615e+00  0.000000e+00
     vertex  1.839203e+01  7.529891e+00  0.000000e+00
     vertex  9.614172e+00  7.565712e+00  0.000000e+00
   endloop
 endfacet
 facet normal -0.000000e+00  0.000000e+00 -1.000000e+00
   outer loop
     vertex  2.065561e+01  5.372474e+00  0.000000e+00
     vertex  0.000000e+00  0.000000e+00  0.000000e+00
     vertex  2.058365e+01  5.382911e+00  0.000000e+00
   endloop
 endfacet
 facet normal -0.000000e+00  0.000000e+00 -1.000000e+00
   outer loop
     vertex  1.837017e+01  7.673639e+00  0.000000e+00
     vertex  9.625102e+00  7.637593e+00  0.000000e+00
     vertex  9.634056e+00  7.709746e+00  0.000000e+00
   endloop
 endfacet
 facet normal  0.000000e+00 -0.000000e+00 -1.000000e+00
   outer loop
     vertex  1.837017e+01  7.673639e+00  0.000000e+00
     vertex  1.838012e+01  7.601615e+00  0.000000e+00
     vertex  9.625102e+00  7.637593e+00  0.000000e+00
   endloop
 endfacet
 facet normal -0.000000e+00  0.000000e+00 -1.000000e+00
   outer loop
     vertex  2.072782e+01  5.364015e+00  0.000000e+00
     vertex  0.000000e+00  0.000000e+00  0.000000e+00
     vertex  2.065561e+01  5.372474e+00  0.000000e+00
   endloop
 endfacet
 facet normal  0.000000e+00 -0.000000e+00 -1.000000e+00
   outer loop
     vertex  1.836221e+01  7.745908e+00  0.000000e+00
     vertex  1.837017e+01  7.673639e+00  0.000000e+00
     vertex  9.634056e+00  7.709746e+00  0.000000e+00
   endloop
 endfacet
 facet normal -0.000000e+00  0.000000e+00 -1.000000e+00
   outer loop
     vertex  1.836221e+01  7.745908e+00  0.000000e+00
     vertex  9.634056e+00  7.709746e+00  0.000000e+00
     vertex  9.641028e+00  7.782118e+00  0.000000e+00
   endloop
 endfacet
 facet normal -0.000000e+00  0.000000e+00 -1.000000e+00
   outer loop
     vertex  2.080024e+01  5.357540e+00  0.000000e+00
     vertex  0.000000e+00  0.000000e+00  0.000000e+00
     vertex  2.072782e+01  5.364015e+00  0.000000e+00
   endloop
 endfacet
 facet normal -0.000000e+00  0.000000e+00 -1.000000e+00
   outer loop
     vertex  1.835623e+01  7.818369e+00  0.000000e+00
     vertex  9.641028e+00  7.782118e+00  0.000000e+00
     vertex  9.646011e+00  7.854654e+00  0.000000e+00
   endloop
 endfacet
 facet normal  0.000000e+00 -0.000000e+00 -1.000000e+00
   outer loop
     vertex  1.835623e+01  7.818369e+00  0.000000e+00
     vertex  1.836221e+01  7.745908e+00  0.000000e+00
     vertex  9.641028e+00  7.782118e+00  0.000000e+00
   endloop
 endfacet
 facet normal -0.000000e+00  0.000000e+00 -1.000000e+00
   outer loop
     vertex  2.087281e+01  5.353054e+00  0.000000e+00
     vertex  0.000000e+00  0.000000e+00  0.000000e+00
     vertex  2.080024e+01  5.357540e+00  0.000000e+00
   endloop
 endfacet
 facet normal -0.000000e+00  0.000000e+00 -1.000000e+00
   outer loop
     vertex  1.835224e+01  7.890967e+00  0.000000e+00
     vertex  9.646011e+00  7.854654e+00  0.000000e+00
     vertex  9.649003e+00  7.927300e+00  0.000000e+00
   endloop
 endfacet
 facet normal  0.000000e+00 -0.000000e+00 -1.000000e+00
   outer loop
     vertex  1.835224e+01  7.890967e+00  0.000000e+00
     vertex  1.835623e+01  7.818369e+00  0.000000e+00
     vertex  9.646011e+00  7.854654e+00  0.000000e+00
   endloop
 endfacet
 facet normal -0.000000e+00  0.000000e+00 -1.000000e+00
   outer loop
     vertex  2.094547e+01  5.350561e+00  0.000000e+00
     vertex  0.000000e+00  0.000000e+00  0.000000e+00
     vertex  2.087281e+01  5.353054e+00  0.000000e+00
   endloop
 endfacet
 facet normal -0.000000e+00  0.000000e+00 -1.000000e+00
   outer loop
     vertex  1.835025e+01  7.963646e+00  0.000000e+00
     vertex  9.649003e+00  7.927300e+00  0.000000e+00
     vertex  9.650000e+00  8.000000e+00  0.000000e+00
   endloop
 endfacet
 facet normal  0.000000e+00 -0.000000e+00 -1.000000e+00
   outer loop
     vertex  1.835025e+01  7.963646e+00  0.000000e+00
     vertex  1.835224e+01  7.890967e+00  0.000000e+00
     vertex  9.649003e+00  7.927300e+00  0.000000e+00
   endloop
 endfacet
 facet normal -0.000000e+00  0.000000e+00 -1.000000e+00
   outer loop
     vertex  2.101818e+01  5.350062e+00  0.000000e+00
     vertex  0.000000e+00  0.000000e+00  0.000000e+00
     vertex  2.094547e+01  5.350561e+00  0.000000e+00
   endloop
 endfacet
 facet normal -0.000000e+00  0.000000e+00 -1.000000e+00
   outer loop
     vertex  1.835025e+01  8.036354e+00  0.000000e+00
     vertex  9.650000e+00  8.000000e+00  0.000000e+00
     vertex  9.649003e+00  8.072700e+00  0.000000e+00
   endloop
 endfacet
 facet normal  0.000000e+00 -0.000000e+00 -1.000000e+00
   outer loop
     vertex  1.835025e+01  8.036354e+00  0.000000e+00
     vertex  1.835025e+01  7.963646e+00  0.000000e+00
     vertex  9.650000e+00  8.000000e+00  0.000000e+00
   endloop
 endfacet
 facet normal -0.000000e+00  0.000000e+00 -1.000000e+00
   outer loop
     vertex  1.835224e+01  8.109033e+00  0.000000e+00
     vertex  9.649003e+00  8.072700e+00  0.000000e+00
     vertex  9.646011e+00  8.145346e+00  0.000000e+00
   endloop
 endfacet
 facet normal  0.000000e+00  0.000000e+00 -1.000000e+00
   outer loop
     vertex  1.835224e+01  8.109033e+00  0.000000e+00
     vertex  1.835025e+01  8.036354e+00  0.000000e+00
     vertex  9.649003e+00  8.072700e+00  0.000000e+00
   endloop
 endfacet
 facet normal -0.000000e+00  0.000000e+00 -1.000000e+00
   outer loop
     vertex  1.835623e+01  8.181631e+00  0.000000e+00
     vertex  9.646011e+00  8.145346e+00  0.000000e+00
     vertex  9.641028e+00  8.217882e+00  0.000000e+00
   endloop
 endfacet
 facet normal  0.000000e+00  0.000000e+00 -1.000000e+00
   outer loop
     vertex  1.835623e+01  8.181631e+00  0.000000e+00
     vertex  1.835224e+01  8.109033e+00  0.000000e+00
     vertex  9.646011e+00  8.145346e+00  0.000000e+00
   endloop
 endfacet
 facet normal -0.000000e+00  0.000000e+00 -1.000000e+00
   outer loop
     vertex  1.836221e+01  8.254092e+00  0.000000e+00
     vertex  9.641028e+00  8.217882e+00  0.000000e+00
     vertex  9.634056e+00  8.290254e+00  0.000000e+00
   endloop
 endfacet
 facet normal  0.000000e+00  0.000000e+00 -1.000000e+00
   outer loop
     vertex  1.836221e+01  8.254092e+00  0.000000e+00
     vertex  1.835623e+01  8.181631e+00  0.000000e+00
     vertex  9.641028e+00  8.217882e+00  0.000000e+00
   endloop
 endfacet
 facet normal -0.000000e+00  0.000000e+00 -1.000000e+00
   outer loop
     vertex  1.837017e+01  8.326361e+00  0.000000e+00
     vertex  9.634056e+00  8.290254e+00  0.000000e+00
     vertex  9.625102e+00  8.362407e+00  0.000000e+00
   endloop
 endfacet
 facet normal  0.000000e+00  0.000000e+00 -1.000000e+00
   outer loop
     vertex  1.837017e+01  8.326361e+00  0.000000e+00
     vertex  1.836221e+01  8.254092e+00  0.000000e+00
     vertex  9.634056e+00  8.290254e+00  0.000000e+00
   endloop
 endfacet
 facet normal -0.000000e+00  0.000000e+00 -1.000000e+00
   outer loop
     vertex  1.838012e+01  8.398385e+00  0.000000e+00
     vertex  9.625102e+00  8.362407e+00  0.000000e+00
     vertex  9.614172e+00  8.434288e+00  0.000000e+00
   endloop
 endfacet
 facet normal  0.000000e+00  0.000000e+00 -1.000000e+00
   outer loop
     vertex  1.838012e+01  8.398385e+00  0.000000e+00
     vertex  1.837017e+01  8.326361e+00  0.000000e+00
     vertex  9.625102e+00  8.362407e+00  0.000000e+00
   endloop
 endfacet
 facet normal -0.000000e+00  0.000000e+00 -1.000000e+00
   outer loop
     vertex  1.839203e+01  8.470109e+00  0.000000e+00
     vertex  9.614172e+00  8.434288e+00  0.000000e+00
     vertex  9.601273e+00  8.505842e+00  0.000000e+00
   endloop
 endfacet
 facet normal  0.000000e+00  0.000000e+00 -1.000000e+00
   outer loop
     vertex  1.839203e+01  8.470109e+00  0.000000e+00
     vertex  1.838012e+01  8.398385e+00  0.000000e+00
     vertex  9.614172e+00  8.434288e+00  0.000000e+00
   endloop
 endfacet
 facet normal -0.000000e+00  0.000000e+00 -1.000000e+00
   outer loop
     vertex  1.840591e+01  8.541480e+00  0.000000e+00
     vertex  9.601273e+00  8.505842e+00  0.000000e+00
     vertex  9.586417e+00  8.577015e+00  0.000000e+00
   endloop
 endfacet
 facet normal  0.000000e+00  0.000000e+00 -1.000000e+00
   outer loop
     vertex  1.840591e+01  8.541480e+00  0.000000e+00
     vertex  1.839203e+01  8.470109e+00  0.000000e+00
     vertex  9.601273e+00  8.505842e+00  0.000000e+00
   endloop
 endfacet
 facet normal -0.000000e+00  0.000000e+00 -1.000000e+00
   outer loop
     vertex  1.842174e+01  8.612442e+00  0.000000e+00
     vertex  9.586417e+00  8.577015e+00  0.000000e+00
     vertex  9.569614e+00  8.647754e+00  0.000000e+00
   endloop
 endfacet
 facet normal  0.000000e+00  0.000000e+00 -1.000000e+00
   outer loop
     vertex  1.842174e+01  8.612442e+00  0.000000e+00
     vertex  1.840591e+01  8.541480e+00  0.000000e+00
     vertex  9.586417e+00  8.577015e+00  0.000000e+00
   endloop
 endfacet
 facet normal -0.000000e+00  0.000000e+00 -1.000000e+00
   outer loop
     vertex  1.843951e+01  8.682944e+00  0.000000e+00
     vertex  9.569614e+00  8.647754e+00  0.000000e+00
     vertex  9.550876e+00  8.718005e+00  0.000000e+00
   endloop
 endfacet
 facet normal  0.000000e+00  0.000000e+00 -1.000000e+00
   outer loop
     vertex  1.843951e+01  8.682944e+00  0.000000e+00
     vertex  1.842174e+01  8.612442e+00  0.000000e+00
     vertex  9.569614e+00  8.647754e+00  0.000000e+00
   endloop
 endfacet
 facet normal -0.000000e+00  0.000000e+00 -1.000000e+00
   outer loop
     vertex  1.845921e+01  8.752931e+00  0.000000e+00
     vertex  9.550876e+00  8.718005e+00  0.000000e+00
     vertex  9.530218e+00  8.787716e+00  0.000000e+00
   endloop
 endfacet
 facet normal  0.000000e+00  0.000000e+00 -1.000000e+00
   outer loop
     vertex  1.845921e+01  8.752931e+00  0.000000e+00
     vertex  1.843951e+01  8.682944e+00  0.000000e+00
     vertex  9.550876e+00  8.718005e+00  0.000000e+00
   endloop
 endfacet
 facet normal -0.000000e+00  0.000000e+00 -1.000000e+00
   outer loop
     vertex  1.848083e+01  8.822352e+00  0.000000e+00
     vertex  9.530218e+00  8.787716e+00  0.000000e+00
     vertex  9.507656e+00  8.856833e+00  0.000000e+00
   endloop
 endfacet
 facet normal  0.000000e+00  0.000000e+00 -1.000000e+00
   outer loop
     vertex  1.848083e+01  8.822352e+00  0.000000e+00
     vertex  1.845921e+01  8.752931e+00  0.000000e+00
     vertex  9.530218e+00  8.787716e+00  0.000000e+00
   endloop
 endfacet
 facet normal -0.000000e+00  0.000000e+00 -1.000000e+00
   outer loop
     vertex  1.850433e+01  8.891153e+00  0.000000e+00
     vertex  9.507656e+00  8.856833e+00  0.000000e+00
     vertex  9.483205e+00  8.925306e+00  0.000000e+00
   endloop
 endfacet
 facet normal  0.000000e+00  0.000000e+00 -1.000000e+00
   outer loop
     vertex  1.850433e+01  8.891153e+00  0.000000e+00
     vertex  1.848083e+01  8.822352e+00  0.000000e+00
     vertex  9.507656e+00  8.856833e+00  0.000000e+00
   endloop
 endfacet
 facet normal  0.000000e+00  0.000000e+00 -1.000000e+00
   outer loop
     vertex  1.852972e+01  8.959284e+00  0.000000e+00
     vertex  1.850433e+01  8.891153e+00  0.000000e+00
     vertex  9.483205e+00  8.925306e+00  0.000000e+00
   endloop
 endfacet
 facet normal -0.000000e+00  0.000000e+00 -1.000000e+00
   outer loop
     vertex  1.852972e+01  8.959284e+00  0.000000e+00
     vertex  9.483205e+00  8.925306e+00  0.000000e+00
     vertex  9.456886e+00  8.993082e+00  0.000000e+00
   endloop
 endfacet
 facet normal -0.000000e+00  0.000000e+00 -1.000000e+00
   outer loop
     vertex  1.855697e+01  9.026693e+00  0.000000e+00
     vertex  9.456886e+00  8.993082e+00  0.000000e+00
     vertex  9.428717e+00  9.060111e+00  0.000000e+00
   endloop
 endfacet
 facet normal  0.000000e+00  0.000000e+00 -1.000000e+00
   outer loop
     vertex  1.855697e+01  9.026693e+00  0.000000e+00
     vertex  1.852972e+01  8.959284e+00  0.000000e+00
     vertex  9.456886e+00  8.993082e+00  0.000000e+00
   endloop
 endfacet
 facet normal -0.000000e+00  0.000000e+00 -1.000000e+00
   outer loop
     vertex  1.858605e+01  9.093329e+00  0.000000e+00
     vertex  9.428717e+00  9.060111e+00  0.000000e+00
     vertex  9.398720e+00  9.126341e+00  0.000000e+00
   endloop
 endfacet
 facet normal  0.000000e+00  0.000000e+00 -1.000000e+00
   outer loop
     vertex  1.858605e+01  9.093329e+00  0.000000e+00
     vertex  1.855697e+01  9.026693e+00  0.000000e+00
     vertex  9.428717e+00  9.060111e+00  0.000000e+00
   endloop
 endfacet
 facet normal  0.000000e+00  0.000000e+00 -1.000000e+00
   outer loop
     vertex  1.861696e+01  9.159141e+00  0.000000e+00
     vertex  1.858605e+01  9.093329e+00  0.000000e+00
     vertex  9.398720e+00  9.126341e+00  0.000000e+00
   endloop
 endfacet
 facet normal -0.000000e+00  0.000000e+00 -1.000000e+00
   outer loop
     vertex  1.861696e+01  9.159141e+00  0.000000e+00
     vertex  9.398720e+00  9.126341e+00  0.000000e+00
     vertex  9.366917e+00  9.191724e+00  0.000000e+00
   endloop
 endfacet
 facet normal -0.000000e+00  0.000000e+00 -1.000000e+00
   outer loop
     vertex  1.864965e+01  9.224082e+00  0.000000e+00
     vertex  9.366917e+00  9.191724e+00  0.000000e+00
     vertex  9.333332e+00  9.256209e+00  0.000000e+00
   endloop
 endfacet
 facet normal  0.000000e+00  0.000000e+00 -1.000000e+00
   outer loop
     vertex  1.864965e+01  9.224082e+00  0.000000e+00
     vertex  1.861696e+01  9.159141e+00  0.000000e+00
     vertex  9.366917e+00  9.191724e+00  0.000000e+00
   endloop
 endfacet
 facet normal -0.000000e+00  0.000000e+00 -1.000000e+00
   outer loop
     vertex  1.868412e+01  9.288100e+00  0.000000e+00
     vertex  9.333332e+00  9.256209e+00  0.000000e+00
     vertex  9.297991e+00  9.319749e+00  0.000000e+00
   endloop
 endfacet
 facet normal  0.000000e+00  0.000000e+00 -1.000000e+00
   outer loop
     vertex  1.868412e+01  9.288100e+00  0.000000e+00
     vertex  1.864965e+01  9.224082e+00  0.000000e+00
     vertex  9.333332e+00  9.256209e+00  0.000000e+00
   endloop
 endfacet
 facet normal  0.000000e+00  0.000000e+00 -1.000000e+00
   outer loop
     vertex  1.872033e+01  9.351150e+00  0.000000e+00
     vertex  1.868412e+01  9.288100e+00  0.000000e+00
     vertex  9.297991e+00  9.319749e+00  0.000000e+00
   endloop
 endfacet
 facet normal -0.000000e+00  0.000000e+00 -1.000000e+00
   outer loop
     vertex  1.872033e+01  9.351150e+00  0.000000e+00
     vertex  9.297991e+00  9.319749e+00  0.000000e+00
     vertex  9.260920e+00  9.382296e+00  0.000000e+00
   endloop
 endfacet
 facet normal -0.000000e+00  0.000000e+00 -1.000000e+00
   outer loop
     vertex  1.875826e+01  9.413182e+00  0.000000e+00
     vertex  9.260920e+00  9.382296e+00  0.000000e+00
     vertex  9.222147e+00  9.443802e+00  0.000000e+00
   endloop
 endfacet
 facet normal  0.000000e+00  0.000000e+00 -1.000000e+00
   outer loop
     vertex  1.875826e+01  9.413182e+00  0.000000e+00
     vertex  1.872033e+01  9.351150e+00  0.000000e+00
     vertex  9.260920e+00  9.382296e+00  0.000000e+00
   endloop
 endfacet
 facet normal -0.000000e+00  0.000000e+00 -1.000000e+00
   outer loop
     vertex  1.879787e+01  9.474150e+00  0.000000e+00
     vertex  9.222147e+00  9.443802e+00  0.000000e+00
     vertex  9.181701e+00  9.504221e+00  0.000000e+00
   endloop
 endfacet
 facet normal  0.000000e+00  0.000000e+00 -1.000000e+00
   outer loop
     vertex  1.879787e+01  9.474150e+00  0.000000e+00
     vertex  1.875826e+01  9.413182e+00  0.000000e+00
     vertex  9.222147e+00  9.443802e+00  0.000000e+00
   endloop
 endfacet
 facet normal  0.000000e+00  0.000000e+00 -1.000000e+00
   outer loop
     vertex  1.883914e+01  9.534008e+00  0.000000e+00
     vertex  1.879787e+01  9.474150e+00  0.000000e+00
     vertex  9.181701e+00  9.504221e+00  0.000000e+00
   endloop
 endfacet
 facet normal -0.000000e+00  0.000000e+00 -1.000000e+00
   outer loop
     vertex  1.883914e+01  9.534008e+00  0.000000e+00
     vertex  9.181701e+00  9.504221e+00  0.000000e+00
     vertex  9.139613e+00  9.563507e+00  0.000000e+00
   endloop
 endfacet
 facet normal -0.000000e+00  0.000000e+00 -1.000000e+00
   outer loop
     vertex  1.888204e+01  9.592712e+00  0.000000e+00
     vertex  9.139613e+00  9.563507e+00  0.000000e+00
     vertex  9.095915e+00  9.621617e+00  0.000000e+00
   endloop
 endfacet
 facet normal  0.000000e+00  0.000000e+00 -1.000000e+00
   outer loop
     vertex  1.888204e+01  9.592712e+00  0.000000e+00
     vertex  1.883914e+01  9.534008e+00  0.000000e+00
     vertex  9.139613e+00  9.563507e+00  0.000000e+00
   endloop
 endfacet
 facet normal  0.000000e+00  0.000000e+00 -1.000000e+00
   outer loop
     vertex  1.892653e+01  9.650217e+00  0.000000e+00
     vertex  1.888204e+01  9.592712e+00  0.000000e+00
     vertex  9.095915e+00  9.621617e+00  0.000000e+00
   endloop
 endfacet
 facet normal -0.000000e+00  0.000000e+00 -1.000000e+00
   outer loop
     vertex  1.892653e+01  9.650217e+00  0.000000e+00
     vertex  9.095915e+00  9.621617e+00  0.000000e+00
     vertex  9.050638e+00  9.678506e+00  0.000000e+00
   endloop
 endfacet
 facet normal -0.000000e+00  0.000000e+00 -1.000000e+00
   outer loop
     vertex  1.897258e+01  9.706480e+00  0.000000e+00
     vertex  9.050638e+00  9.678506e+00  0.000000e+00
     vertex  9.003818e+00  9.734132e+00  0.000000e+00
   endloop
 endfacet
 facet normal  0.000000e+00  0.000000e+00 -1.000000e+00
   outer loop
     vertex  1.897258e+01  9.706480e+00  0.000000e+00
     vertex  1.892653e+01  9.650217e+00  0.000000e+00
     vertex  9.050638e+00  9.678506e+00  0.000000e+00
   endloop
 endfacet
 facet normal -0.000000e+00  0.000000e+00 -1.000000e+00
   outer loop
     vertex  1.902016e+01  9.761458e+00  0.000000e+00
     vertex  9.003818e+00  9.734132e+00  0.000000e+00
     vertex  8.955490e+00  9.788452e+00  0.000000e+00
   endloop
 endfacet
 facet normal  0.000000e+00  0.000000e+00 -1.000000e+00
   outer loop
     vertex  1.902016e+01  9.761458e+00  0.000000e+00
     vertex  1.897258e+01  9.706480e+00  0.000000e+00
     vertex  9.003818e+00  9.734132e+00  0.000000e+00
   endloop
 endfacet
 facet normal -0.000000e+00  0.000000e+00 -1.000000e+00
   outer loop
     vertex  1.906923e+01  9.815110e+00  0.000000e+00
     vertex  8.955490e+00  9.788452e+00  0.000000e+00
     vertex  8.905689e+00  9.841426e+00  0.000000e+00
   endloop
 endfacet
 facet normal  0.000000e+00  0.000000e+00 -1.000000e+00
   outer loop
     vertex  1.906923e+01  9.815110e+00  0.000000e+00
     vertex  1.902016e+01  9.761458e+00  0.000000e+00
     vertex  8.955490e+00  9.788452e+00  0.000000e+00
   endloop
 endfacet
 facet normal -0.000000e+00  0.000000e+00 -1.000000e+00
   outer loop
     vertex  1.911975e+01  9.867395e+00  0.000000e+00
     vertex  8.905689e+00  9.841426e+00  0.000000e+00
     vertex  8.854454e+00  9.893013e+00  0.000000e+00
   endloop
 endfacet
 facet normal  0.000000e+00  0.000000e+00 -1.000000e+00
   outer loop
     vertex  1.911975e+01  9.867395e+00  0.000000e+00
     vertex  1.906923e+01  9.815110e+00  0.000000e+00
     vertex  8.905689e+00  9.841426e+00  0.000000e+00
   endloop
 endfacet
 facet normal -0.000000e+00  0.000000e+00 -1.000000e+00
   outer loop
     vertex  1.917169e+01  9.918275e+00  0.000000e+00
     vertex  8.854454e+00  9.893013e+00  0.000000e+00
     vertex  8.801823e+00  9.943176e+00  0.000000e+00
   endloop
 endfacet
 facet normal  0.000000e+00  0.000000e+00 -1.000000e+00
   outer loop
     vertex  1.917169e+01  9.918275e+00  0.000000e+00
     vertex  1.911975e+01  9.867395e+00  0.000000e+00
     vertex  8.854454e+00  9.893013e+00  0.000000e+00
   endloop
 endfacet
 facet normal -0.000000e+00  0.000000e+00 -1.000000e+00
   outer loop
     vertex  1.922500e+01  9.967711e+00  0.000000e+00
     vertex  8.801823e+00  9.943176e+00  0.000000e+00
     vertex  8.747836e+00  9.991876e+00  0.000000e+00
   endloop
 endfacet
 facet normal  0.000000e+00  0.000000e+00 -1.000000e+00
   outer loop
     vertex  1.922500e+01  9.967711e+00  0.000000e+00
     vertex  1.917169e+01  9.918275e+00  0.000000e+00
     vertex  8.801823e+00  9.943176e+00  0.000000e+00
   endloop
 endfacet
 facet normal -0.000000e+00  0.000000e+00 -1.000000e+00
   outer loop
     vertex  1.927965e+01  1.001567e+01  0.000000e+00
     vertex  8.747836e+00  9.991876e+00  0.000000e+00
     vertex  8.692533e+00  1.003908e+01  0.000000e+00
   endloop
 endfacet
 facet normal  0.000000e+00  0.000000e+00 -1.000000e+00
   outer loop
     vertex  1.927965e+01  1.001567e+01  0.000000e+00
     vertex  1.922500e+01  9.967711e+00  0.000000e+00
     vertex  8.747836e+00  9.991876e+00  0.000000e+00
   endloop
 endfacet
 facet normal -0.000000e+00  0.000000e+00 -1.000000e+00
   outer loop
     vertex  1.933560e+01  1.006210e+01  0.000000e+00
     vertex  8.692533e+00  1.003908e+01  0.000000e+00
     vertex  8.635956e+00  1.008474e+01  0.000000e+00
   endloop
 endfacet
 facet normal  0.000000e+00  0.000000e+00 -1.000000e+00
   outer loop
     vertex  1.933560e+01  1.006210e+01  0.000000e+00
     vertex  1.927965e+01  1.001567e+01  0.000000e+00
     vertex  8.692533e+00  1.003908e+01  0.000000e+00
   endloop
 endfacet
 facet normal -0.000000e+00  0.000000e+00 -1.000000e+00
   outer loop
     vertex  1.939280e+01  1.010699e+01  0.000000e+00
     vertex  8.635956e+00  1.008474e+01  0.000000e+00
     vertex  8.578147e+00  1.012884e+01  0.000000e+00
   endloop
 endfacet
 facet normal  0.000000e+00  0.000000e+00 -1.000000e+00
   outer loop
     vertex  1.939280e+01  1.010699e+01  0.000000e+00
     vertex  1.933560e+01  1.006210e+01  0.000000e+00
     vertex  8.635956e+00  1.008474e+01  0.000000e+00
   endloop
 endfacet
 facet normal  0.000000e+00  0.000000e+00 -1.000000e+00
   outer loop
     vertex  1.945121e+01  1.015029e+01  0.000000e+00
     vertex  1.939280e+01  1.010699e+01  0.000000e+00
     vertex  8.578147e+00  1.012884e+01  0.000000e+00
   endloop
 endfacet
 facet normal -0.000000e+00  0.000000e+00 -1.000000e+00
   outer loop
     vertex  1.945121e+01  1.015029e+01  0.000000e+00
     vertex  8.578147e+00  1.012884e+01  0.000000e+00
     vertex  8.519150e+00  1.017133e+01  0.000000e+00
   endloop
 endfacet
 facet normal -0.000000e+00  0.000000e+00 -1.000000e+00
   outer loop
     vertex  1.951078e+01  1.019197e+01  0.000000e+00
     vertex  8.519150e+00  1.017133e+01  0.000000e+00
     vertex  8.459010e+00  1.021219e+01  0.000000e+00
   endloop
 endfacet
 facet normal  0.000000e+00  0.000000e+00 -1.000000e+00
   outer loop
     vertex  1.951078e+01  1.019197e+01  0.000000e+00
     vertex  1.945121e+01  1.015029e+01  0.000000e+00
     vertex  8.519150e+00  1.017133e+01  0.000000e+00
   endloop
 endfacet
 facet normal -0.000000e+00  0.000000e+00 -1.000000e+00
   outer loop
     vertex  1.957147e+01  1.023200e+01  0.000000e+00
     vertex  8.459010e+00  1.021219e+01  0.000000e+00
     vertex  8.397772e+00  1.025139e+01  0.000000e+00
   endloop
 endfacet
 facet normal  0.000000e+00  0.000000e+00 -1.000000e+00
   outer loop
     vertex  1.957147e+01  1.023200e+01  0.000000e+00
     vertex  1.951078e+01  1.019197e+01  0.000000e+00
     vertex  8.459010e+00  1.021219e+01  0.000000e+00
   endloop
 endfacet
 facet normal  0.000000e+00  0.000000e+00 -1.000000e+00
   outer loop
     vertex  1.963325e+01  1.027035e+01  0.000000e+00
     vertex  1.957147e+01  1.023200e+01  0.000000e+00
     vertex  8.397772e+00  1.025139e+01  0.000000e+00
   endloop
 endfacet
 facet normal -0.000000e+00  0.000000e+00 -1.000000e+00
   outer loop
     vertex  1.963325e+01  1.027035e+01  0.000000e+00
     vertex  8.397772e+00  1.025139e+01  0.000000e+00
     vertex  8.335481e+00  1.028888e+01  0.000000e+00
   endloop
 endfacet
 facet normal  0.000000e+00  0.000000e+00 -1.000000e+00
   outer loop
     vertex  1.969604e+01  1.030699e+01  0.000000e+00
     vertex  1.963325e+01  1.027035e+01  0.000000e+00
     vertex  8.335481e+00  1.028888e+01  0.000000e+00
   endloop
 endfacet
 facet normal -0.000000e+00  0.000000e+00 -1.000000e+00
   outer loop
     vertex  1.969604e+01  1.030699e+01  0.000000e+00
     vertex  8.335481e+00  1.028888e+01  0.000000e+00
     vertex  8.272185e+00  1.032466e+01  0.000000e+00
   endloop
 endfacet
 facet normal  0.000000e+00  0.000000e+00 -1.000000e+00
   outer loop
     vertex  1.975983e+01  1.034189e+01  0.000000e+00
     vertex  1.969604e+01  1.030699e+01  0.000000e+00
     vertex  8.272185e+00  1.032466e+01  0.000000e+00
   endloop
 endfacet
 facet normal -0.000000e+00  0.000000e+00 -1.000000e+00
   outer loop
     vertex  1.975983e+01  1.034189e+01  0.000000e+00
     vertex  8.272185e+00  1.032466e+01  0.000000e+00
     vertex  8.207931e+00  1.035869e+01  0.000000e+00
   endloop
 endfacet
 facet normal -0.000000e+00  0.000000e+00 -1.000000e+00
   outer loop
     vertex  1.982454e+01  1.037504e+01  0.000000e+00
     vertex  8.207931e+00  1.035869e+01  0.000000e+00
     vertex  8.142768e+00  1.039094e+01  0.000000e+00
   endloop
 endfacet
 facet normal  0.000000e+00  0.000000e+00 -1.000000e+00
   outer loop
     vertex  1.982454e+01  1.037504e+01  0.000000e+00
     vertex  1.975983e+01  1.034189e+01  0.000000e+00
     vertex  8.207931e+00  1.035869e+01  0.000000e+00
   endloop
 endfacet
 facet normal  0.000000e+00  0.000000e+00 -1.000000e+00
   outer loop
     vertex  1.989014e+01  1.040639e+01  0.000000e+00
     vertex  1.982454e+01  1.037504e+01  0.000000e+00
     vertex  8.142768e+00  1.039094e+01  0.000000e+00
   endloop
 endfacet
 facet normal -0.000000e+00  0.000000e+00 -1.000000e+00
   outer loop
     vertex  1.989014e+01  1.040639e+01  0.000000e+00
     vertex  8.142768e+00  1.039094e+01  0.000000e+00
     vertex  8.076745e+00  1.042139e+01  0.000000e+00
   endloop
 endfacet
 facet normal  0.000000e+00  0.000000e+00 -1.000000e+00
   outer loop
     vertex  1.995657e+01  1.043593e+01  0.000000e+00
     vertex  1.989014e+01  1.040639e+01  0.000000e+00
     vertex  8.076745e+00  1.042139e+01  0.000000e+00
   endloop
 endfacet
 facet normal -0.000000e+00  0.000000e+00 -1.000000e+00
   outer loop
     vertex  1.995657e+01  1.043593e+01  0.000000e+00
     vertex  8.076745e+00  1.042139e+01  0.000000e+00
     vertex  8.009911e+00  1.045002e+01  0.000000e+00
   endloop
 endfacet
 facet normal  0.000000e+00  0.000000e+00 -1.000000e+00
   outer loop
     vertex  2.002379e+01  1.046364e+01  0.000000e+00
     vertex  1.995657e+01  1.043593e+01  0.000000e+00
     vertex  8.009911e+00  1.045002e+01  0.000000e+00
   endloop
 endfacet
 facet normal -0.000000e+00  0.000000e+00 -1.000000e+00
   outer loop
     vertex  2.002379e+01  1.046364e+01  0.000000e+00
     vertex  8.009911e+00  1.045002e+01  0.000000e+00
     vertex  7.942317e+00  1.047680e+01  0.000000e+00
   endloop
 endfacet
 facet normal  0.000000e+00  0.000000e+00 -1.000000e+00
   outer loop
     vertex  2.009175e+01  1.048949e+01  0.000000e+00
     vertex  2.002379e+01  1.046364e+01  0.000000e+00
     vertex  7.942317e+00  1.047680e+01  0.000000e+00
   endloop
 endfacet
 facet normal -0.000000e+00  0.000000e+00 -1.000000e+00
   outer loop
     vertex  2.009175e+01  1.048949e+01  0.000000e+00
     vertex  7.942317e+00  1.047680e+01  0.000000e+00
     vertex  7.874014e+00  1.050172e+01  0.000000e+00
   endloop
 endfacet
 facet normal  0.000000e+00  0.000000e+00 -1.000000e+00
   outer loop
     vertex  2.009175e+01  1.048949e+01  0.000000e+00
     vertex  7.874014e+00  1.050172e+01  0.000000e+00
     vertex  0.000000e+00  1.600000e+01  0.000000e+00
   endloop
 endfacet
 facet normal -0.000000e+00  0.000000e+00 -1.000000e+00
   outer loop
     vertex  2.016039e+01  1.051347e+01  0.000000e+00
     vertex  2.009175e+01  1.048949e+01  0.000000e+00
     vertex  0.000000e+00  1.600000e+01  0.000000e+00
   endloop
 endfacet
 facet normal -0.000000e+00  0.000000e+00 -1.000000e+00
   outer loop
     vertex  2.022966e+01  1.053556e+01  0.000000e+00
     vertex  2.016039e+01  1.051347e+01  0.000000e+00
     vertex  0.000000e+00  1.600000e+01  0.000000e+00
   endloop
 endfacet
 facet normal -0.000000e+00  0.000000e+00 -1.000000e+00
   outer loop
     vertex  2.029951e+01  1.055574e+01  0.000000e+00
     vertex  2.022966e+01  1.053556e+01  0.000000e+00
     vertex  0.000000e+00  1.600000e+01  0.000000e+00
   endloop
 endfacet
 facet normal -0.000000e+00  0.000000e+00 -1.000000e+00
   outer loop
     vertex  2.036989e+01  1.057400e+01  0.000000e+00
     vertex  2.029951e+01  1.055574e+01  0.000000e+00
     vertex  0.000000e+00  1.600000e+01  0.000000e+00
   endloop
 endfacet
 facet normal -0.000000e+00  0.000000e+00 -1.000000e+00
   outer loop
     vertex  2.044074e+01  1.059031e+01  0.000000e+00
     vertex  2.036989e+01  1.057400e+01  0.000000e+00
     vertex  0.000000e+00  1.600000e+01  0.000000e+00
   endloop
 endfacet
 facet normal -0.000000e+00  0.000000e+00 -1.000000e+00
   outer loop
     vertex  2.051201e+01  1.060468e+01  0.000000e+00
     vertex  2.044074e+01  1.059031e+01  0.000000e+00
     vertex  0.000000e+00  1.600000e+01  0.000000e+00
   endloop
 endfacet
 facet normal -0.000000e+00  0.000000e+00 -1.000000e+00
   outer loop
     vertex  3.311975e+01  6.132605e+00  0.000000e+00
     vertex  2.285445e+01  6.106987e+00  0.000000e+00
     vertex  2.290569e+01  6.158574e+00  0.000000e+00
   endloop
 endfacet
 facet normal -0.000000e+00  0.000000e+00 -1.000000e+00
   outer loop
     vertex  3.317169e+01  6.081725e+00  0.000000e+00
     vertex  2.280182e+01  6.056824e+00  0.000000e+00
     vertex  2.285445e+01  6.106987e+00  0.000000e+00
   endloop
 endfacet
 facet normal  0.000000e+00  0.000000e+00 -1.000000e+00
   outer loop
     vertex  3.317169e+01  6.081725e+00  0.000000e+00
     vertex  2.285445e+01  6.106987e+00  0.000000e+00
     vertex  3.311975e+01  6.132605e+00  0.000000e+00
   endloop
 endfacet
 facet normal -0.000000e+00  0.000000e+00 -1.000000e+00
   outer loop
     vertex  3.306923e+01  6.184890e+00  0.000000e+00
     vertex  2.290569e+01  6.158574e+00  0.000000e+00
     vertex  2.295549e+01  6.211548e+00  0.000000e+00
   endloop
 endfacet
 facet normal  0.000000e+00 -0.000000e+00 -1.000000e+00
   outer loop
     vertex  3.306923e+01  6.184890e+00  0.000000e+00
     vertex  3.311975e+01  6.132605e+00  0.000000e+00
     vertex  2.290569e+01  6.158574e+00  0.000000e+00
   endloop
 endfacet
 facet normal -0.000000e+00  0.000000e+00 -1.000000e+00
   outer loop
     vertex  3.322500e+01  6.032289e+00  0.000000e+00
     vertex  2.274784e+01  6.008124e+00  0.000000e+00
     vertex  2.280182e+01  6.056824e+00  0.000000e+00
   endloop
 endfacet
 facet normal  0.000000e+00  0.000000e+00 -1.000000e+00
   outer loop
     vertex  3.322500e+01  6.032289e+00  0.000000e+00
     vertex  2.280182e+01  6.056824e+00  0.000000e+00
     vertex  3.317169e+01  6.081725e+00  0.000000e+00
   endloop
 endfacet
 facet normal -0.000000e+00  0.000000e+00 -1.000000e+00
   outer loop
     vertex  3.302016e+01  6.238542e+00  0.000000e+00
     vertex  2.295549e+01  6.211548e+00  0.000000e+00
     vertex  2.300382e+01  6.265868e+00  0.000000e+00
   endloop
 endfacet
 facet normal  0.000000e+00 -0.000000e+00 -1.000000e+00
   outer loop
     vertex  3.302016e+01  6.238542e+00  0.000000e+00
     vertex  3.306923e+01  6.184890e+00  0.000000e+00
     vertex  2.295549e+01  6.211548e+00  0.000000e+00
   endloop
 endfacet
 facet normal -0.000000e+00  0.000000e+00 -1.000000e+00
   outer loop
     vertex  3.327965e+01  5.984334e+00  0.000000e+00
     vertex  2.269253e+01  5.960923e+00  0.000000e+00
     vertex  2.274784e+01  6.008124e+00  0.000000e+00
   endloop
 endfacet
 facet normal  0.000000e+00  0.000000e+00 -1.000000e+00
   outer loop
     vertex  3.327965e+01  5.984334e+00  0.000000e+00
     vertex  2.274784e+01  6.008124e+00  0.000000e+00
     vertex  3.322500e+01  6.032289e+00  0.000000e+00
   endloop
 endfacet
 facet normal  0.000000e+00 -0.000000e+00 -1.000000e+00
   outer loop
     vertex  3.297258e+01  6.293520e+00  0.000000e+00
     vertex  3.302016e+01  6.238542e+00  0.000000e+00
     vertex  2.300382e+01  6.265868e+00  0.000000e+00
   endloop
 endfacet
 facet normal -0.000000e+00  0.000000e+00 -1.000000e+00
   outer loop
     vertex  3.297258e+01  6.293520e+00  0.000000e+00
     vertex  2.300382e+01  6.265868e+00  0.000000e+00
     vertex  2.305064e+01  6.321494e+00  0.000000e+00
   endloop
 endfacet
 facet normal -0.000000e+00  0.000000e+00 -1.000000e+00
   outer loop
     vertex  3.333560e+01  5.937897e+00  0.000000e+00
     vertex  2.263596e+01  5.915258e+00  0.000000e+00
     vertex  2.269253e+01  5.960923e+00  0.000000e+00
   endloop
 endfacet
 facet normal  0.000000e+00  0.000000e+00 -1.000000e+00
   outer loop
     vertex  3.333560e+01  5.937897e+00  0.000000e+00
     vertex  2.269253e+01  5.960923e+00  0.000000e+00
     vertex  3.327965e+01  5.984334e+00  0.000000e+00
   endloop
 endfacet
 facet normal  0.000000e+00 -0.000000e+00 -1.000000e+00
   outer loop
     vertex  3.292653e+01  6.349783e+00  0.000000e+00
     vertex  3.297258e+01  6.293520e+00  0.000000e+00
     vertex  2.305064e+01  6.321494e+00  0.000000e+00
   endloop
 endfacet
 facet normal -0.000000e+00  0.000000e+00 -1.000000e+00
   outer loop
     vertex  3.292653e+01  6.349783e+00  0.000000e+00
     vertex  2.305064e+01  6.321494e+00  0.000000e+00
     vertex  2.309591e+01  6.378383e+00  0.000000e+00
   endloop
 endfacet
 facet normal -0.000000e+00  0.000000e+00 -1.000000e+00
   outer loop
     vertex  3.339280e+01  5.893012e+00  0.000000e+00
     vertex  2.257815e+01  5.871162e+00  0.000000e+00
     vertex  2.263596e+01  5.915258e+00  0.000000e+00
   endloop
 endfacet
 facet normal  0.000000e+00  0.000000e+00 -1.000000e+00
   outer loop
     vertex  3.339280e+01  5.893012e+00  0.000000e+00
     vertex  2.263596e+01  5.915258e+00  0.000000e+00
     vertex  3.333560e+01  5.937897e+00  0.000000e+00
   endloop
 endfacet
 facet normal -0.000000e+00  0.000000e+00 -1.000000e+00
   outer loop
     vertex  3.288204e+01  6.407288e+00  0.000000e+00
     vertex  2.309591e+01  6.378383e+00  0.000000e+00
     vertex  2.313961e+01  6.436493e+00  0.000000e+00
   endloop
 endfacet
 facet normal  0.000000e+00 -0.000000e+00 -1.000000e+00
   outer loop
     vertex  3.288204e+01  6.407288e+00  0.000000e+00
     vertex  3.292653e+01  6.349783e+00  0.000000e+00
     vertex  2.309591e+01  6.378383e+00  0.000000e+00
   endloop
 endfacet
 facet normal -0.000000e+00  0.000000e+00 -1.000000e+00
   outer loop
     vertex  3.345121e+01  5.849713e+00  0.000000e+00
     vertex  2.251915e+01  5.828668e+00  0.000000e+00
     vertex  2.257815e+01  5.871162e+00  0.000000e+00
   endloop
 endfacet
 facet normal  0.000000e+00  0.000000e+00 -1.000000e+00
   outer loop
     vertex  3.345121e+01  5.849713e+00  0.000000e+00
     vertex  2.257815e+01  5.871162e+00  0.000000e+00
     vertex  3.339280e+01  5.893012e+00  0.000000e+00
   endloop
 endfacet
 facet normal -0.000000e+00  0.000000e+00 -1.000000e+00
   outer loop
     vertex  3.283914e+01  6.465992e+00  0.000000e+00
     vertex  2.313961e+01  6.436493e+00  0.000000e+00
     vertex  2.318170e+01  6.495779e+00  0.000000e+00
   endloop
 endfacet
 facet normal  0.000000e+00 -0.000000e+00 -1.000000e+00
   outer loop
     vertex  3.283914e+01  6.465992e+00  0.000000e+00
     vertex  3.288204e+01  6.407288e+00  0.000000e+00
     vertex  2.313961e+01  6.436493e+00  0.000000e+00
   endloop
 endfacet
 facet normal -0.000000e+00  0.000000e+00 -1.000000e+00
   outer loop
     vertex  3.351078e+01  5.808032e+00  0.000000e+00
     vertex  2.245901e+01  5.787809e+00  0.000000e+00
     vertex  2.251915e+01  5.828668e+00  0.000000e+00
   endloop
 endfacet
 facet normal  0.000000e+00  0.000000e+00 -1.000000e+00
   outer loop
     vertex  3.351078e+01  5.808032e+00  0.000000e+00
     vertex  2.251915e+01  5.828668e+00  0.000000e+00
     vertex  3.345121e+01  5.849713e+00  0.000000e+00
   endloop
 endfacet
 facet normal -0.000000e+00  0.000000e+00 -1.000000e+00
   outer loop
     vertex  3.279787e+01  6.525850e+00  0.000000e+00
     vertex  2.318170e+01  6.495779e+00  0.000000e+00
     vertex  2.322215e+01  6.556198e+00  0.000000e+00
   endloop
 endfacet
 facet normal  0.000000e+00 -0.000000e+00 -1.000000e+00
   outer loop
     vertex  3.279787e+01  6.525850e+00  0.000000e+00
     vertex  3.283914e+01  6.465992e+00  0.000000e+00
     vertex  2.318170e+01  6.495779e+00  0.000000e+00
   endloop
 endfacet
 facet normal -0.000000e+00  0.000000e+00 -1.000000e+00
   outer loop
     vertex  3.357147e+01  5.768002e+00  0.000000e+00
     vertex  2.239777e+01  5.748615e+00  0.000000e+00
     vertex  2.245901e+01  5.787809e+00  0.000000e+00
   endloop
 endfacet
 facet normal  0.000000e+00  0.000000e+00 -1.000000e+00
   outer loop
     vertex  3.357147e+01  5.768002e+00  0.000000e+00
     vertex  2.245901e+01  5.787809e+00  0.000000e+00
     vertex  3.351078e+01  5.808032e+00  0.000000e+00
   endloop
 endfacet
 facet normal  0.000000e+00 -0.000000e+00 -1.000000e+00
   outer loop
     vertex  3.275826e+01  6.586818e+00  0.000000e+00
     vertex  3.279787e+01  6.525850e+00  0.000000e+00
     vertex  2.322215e+01  6.556198e+00  0.000000e+00
   endloop
 endfacet
 facet normal -0.000000e+00  0.000000e+00 -1.000000e+00
   outer loop
     vertex  3.275826e+01  6.586818e+00  0.000000e+00
     vertex  2.322215e+01  6.556198e+00  0.000000e+00
     vertex  2.326092e+01  6.617704e+00  0.000000e+00
   endloop
 endfacet
 facet normal -0.000000e+00  0.000000e+00 -1.000000e+00
   outer loop
     vertex  3.363325e+01  5.729652e+00  0.000000e+00
     vertex  2.233548e+01  5.711116e+00  0.000000e+00
     vertex  2.239777e+01  5.748615e+00  0.000000e+00
   endloop
 endfacet
 facet normal  0.000000e+00  0.000000e+00 -1.000000e+00
   outer loop
     vertex  3.363325e+01  5.729652e+00  0.000000e+00
     vertex  2.239777e+01  5.748615e+00  0.000000e+00
     vertex  3.357147e+01  5.768002e+00  0.000000e+00
   endloop
 endfacet
 facet normal -0.000000e+00  0.000000e+00 -1.000000e+00
   outer loop
     vertex  3.272033e+01  6.648850e+00  0.000000e+00
     vertex  2.326092e+01  6.617704e+00  0.000000e+00
     vertex  2.329799e+01  6.680251e+00  0.000000e+00
   endloop
 endfacet
 facet normal  0.000000e+00 -0.000000e+00 -1.000000e+00
   outer loop
     vertex  3.272033e+01  6.648850e+00  0.000000e+00
     vertex  3.275826e+01  6.586818e+00  0.000000e+00
     vertex  2.326092e+01  6.617704e+00  0.000000e+00
   endloop
 endfacet
 facet normal  0.000000e+00  0.000000e+00 -1.000000e+00
   outer loop
     vertex  3.369604e+01  5.693011e+00  0.000000e+00
     vertex  2.233548e+01  5.711116e+00  0.000000e+00
     vertex  3.363325e+01  5.729652e+00  0.000000e+00
   endloop
 endfacet
 facet normal -0.000000e+00  0.000000e+00 -1.000000e+00
   outer loop
     vertex  3.369604e+01  5.693011e+00  0.000000e+00
     vertex  2.227218e+01  5.675340e+00  0.000000e+00
     vertex  2.233548e+01  5.711116e+00  0.000000e+00
   endloop
 endfacet
 facet normal  0.000000e+00 -0.000000e+00 -1.000000e+00
   outer loop
     vertex  3.268412e+01  6.711900e+00  0.000000e+00
     vertex  3.272033e+01  6.648850e+00  0.000000e+00
     vertex  2.329799e+01  6.680251e+00  0.000000e+00
   endloop
 endfacet
 facet normal -0.000000e+00  0.000000e+00 -1.000000e+00
   outer loop
     vertex  3.268412e+01  6.711900e+00  0.000000e+00
     vertex  2.329799e+01  6.680251e+00  0.000000e+00
     vertex  2.333333e+01  6.743791e+00  0.000000e+00
   endloop
 endfacet
 facet normal  0.000000e+00  0.000000e+00 -1.000000e+00
   outer loop
     vertex  3.375983e+01  5.658106e+00  0.000000e+00
     vertex  2.227218e+01  5.675340e+00  0.000000e+00
     vertex  3.369604e+01  5.693011e+00  0.000000e+00
   endloop
 endfacet
 facet normal -0.000000e+00  0.000000e+00 -1.000000e+00
   outer loop
     vertex  3.375983e+01  5.658106e+00  0.000000e+00
     vertex  2.220793e+01  5.641313e+00  0.000000e+00
     vertex  2.227218e+01  5.675340e+00  0.000000e+00
   endloop
 endfacet
 facet normal  0.000000e+00 -0.000000e+00 -1.000000e+00
   outer loop
     vertex  3.264965e+01  6.775918e+00  0.000000e+00
     vertex  3.268412e+01  6.711900e+00  0.000000e+00
     vertex  2.333333e+01  6.743791e+00  0.000000e+00
   endloop
 endfacet
 facet normal -0.000000e+00  0.000000e+00 -1.000000e+00
   outer loop
     vertex  3.264965e+01  6.775918e+00  0.000000e+00
     vertex  2.333333e+01  6.743791e+00  0.000000e+00
     vertex  2.336692e+01  6.808276e+00  0.000000e+00
   endloop
 endfacet
 facet normal -0.000000e+00  0.000000e+00 -1.000000e+00
   outer loop
     vertex  3.382454e+01  5.624965e+00  0.000000e+00
     vertex  2.214277e+01  5.609063e+00  0.000000e+00
     vertex  2.220793e+01  5.641313e+00  0.000000e+00
   endloop
 endfacet
 facet normal  0.000000e+00  0.000000e+00 -1.000000e+00
   outer loop
     vertex  3.382454e+01  5.624965e+00  0.000000e+00
     vertex  2.220793e+01  5.641313e+00  0.000000e+00
     vertex  3.375983e+01  5.658106e+00  0.000000e+00
   endloop
 endfacet
 facet normal -0.000000e+00  0.000000e+00 -1.000000e+00
   outer loop
     vertex  3.261696e+01  6.840859e+00  0.000000e+00
     vertex  2.336692e+01  6.808276e+00  0.000000e+00
     vertex  2.339872e+01  6.873659e+00  0.000000e+00
   endloop
 endfacet
 facet normal  0.000000e+00 -0.000000e+00 -1.000000e+00
   outer loop
     vertex  3.261696e+01  6.840859e+00  0.000000e+00
     vertex  3.264965e+01  6.775918e+00  0.000000e+00
     vertex  2.336692e+01  6.808276e+00  0.000000e+00
   endloop
 endfacet
 facet normal -0.000000e+00  0.000000e+00 -1.000000e+00
   outer loop
     vertex  3.389014e+01  5.593611e+00  0.000000e+00
     vertex  2.207674e+01  5.578612e+00  0.000000e+00
     vertex  2.214277e+01  5.609063e+00  0.000000e+00
   endloop
 endfacet
 facet normal  0.000000e+00  0.000000e+00 -1.000000e+00
   outer loop
     vertex  3.389014e+01  5.593611e+00  0.000000e+00
     vertex  2.214277e+01  5.609063e+00  0.000000e+00
     vertex  3.382454e+01  5.624965e+00  0.000000e+00
   endloop
 endfacet
 facet normal -0.000000e+00  0.000000e+00 -1.000000e+00
   outer loop
     vertex  3.258605e+01  6.906671e+00  0.000000e+00
     vertex  2.339872e+01  6.873659e+00  0.000000e+00
     vertex  2.342872e+01  6.939889e+00  0.000000e+00
   endloop
 endfacet
 facet normal  0.000000e+00 -0.000000e+00 -1.000000e+00
   outer loop
     vertex  3.258605e+01  6.906671e+00  0.000000e+00
     vertex  3.261696e+01  6.840859e+00  0.000000e+00
     vertex  2.339872e+01  6.873659e+00  0.000000e+00
   endloop
 endfacet
 facet normal -0.000000e+00  0.000000e+00 -1.000000e+00
   outer loop
     vertex  3.395657e+01  5.564069e+00  0.000000e+00
     vertex  2.200991e+01  5.549984e+00  0.000000e+00
     vertex  2.207674e+01  5.578612e+00  0.000000e+00
   endloop
 endfacet
 facet normal  0.000000e+00  0.000000e+00 -1.000000e+00
   outer loop
     vertex  3.395657e+01  5.564069e+00  0.000000e+00
     vertex  2.207674e+01  5.578612e+00  0.000000e+00
     vertex  3.389014e+01  5.593611e+00  0.000000e+00
   endloop
 endfacet
 facet normal  0.000000e+00 -0.000000e+00 -1.000000e+00
   outer loop
     vertex  3.255697e+01  6.973307e+00  0.000000e+00
     vertex  3.258605e+01  6.906671e+00  0.000000e+00
     vertex  2.342872e+01  6.939889e+00  0.000000e+00
   endloop
 endfacet
 facet normal -0.000000e+00  0.000000e+00 -1.000000e+00
   outer loop
     vertex  3.255697e+01  6.973307e+00  0.000000e+00
     vertex  2.342872e+01  6.939889e+00  0.000000e+00
     vertex  2.345689e+01  7.006918e+00  0.000000e+00
   endloop
 endfacet
 facet normal  0.000000e+00  0.000000e+00 -1.000000e+00
   outer loop
     vertex  3.402379e+01  5.536360e+00  0.000000e+00
     vertex  2.200991e+01  5.549984e+00  0.000000e+00
     vertex  3.395657e+01  5.564069e+00  0.000000e+00
   endloop
 endfacet
 facet normal -0.000000e+00  0.000000e+00 -1.000000e+00
   outer loop
     vertex  3.402379e+01  5.536360e+00  0.000000e+00
     vertex  2.194232e+01  5.523200e+00  0.000000e+00
     vertex  2.200991e+01  5.549984e+00  0.000000e+00
   endloop
 endfacet
 facet normal -0.000000e+00  0.000000e+00 -1.000000e+00
   outer loop
     vertex  3.252972e+01  7.040716e+00  0.000000e+00
     vertex  2.345689e+01  7.006918e+00  0.000000e+00
     vertex  2.348321e+01  7.074694e+00  0.000000e+00
   endloop
 endfacet
 facet normal  0.000000e+00 -0.000000e+00 -1.000000e+00
   outer loop
     vertex  3.252972e+01  7.040716e+00  0.000000e+00
     vertex  3.255697e+01  6.973307e+00  0.000000e+00
     vertex  2.345689e+01  7.006918e+00  0.000000e+00
   endloop
 endfacet
 facet normal -0.000000e+00  0.000000e+00 -1.000000e+00
   outer loop
     vertex  3.409175e+01  5.510506e+00  0.000000e+00
     vertex  2.187401e+01  5.498281e+00  0.000000e+00
     vertex  2.194232e+01  5.523200e+00  0.000000e+00
   endloop
 endfacet
 facet normal  0.000000e+00  0.000000e+00 -1.000000e+00
   outer loop
     vertex  3.409175e+01  5.510506e+00  0.000000e+00
     vertex  2.194232e+01  5.523200e+00  0.000000e+00
     vertex  3.402379e+01  5.536360e+00  0.000000e+00
   endloop
 endfacet
 facet normal -0.000000e+00  0.000000e+00 -1.000000e+00
   outer loop
     vertex  3.250433e+01  7.108847e+00  0.000000e+00
     vertex  2.348321e+01  7.074694e+00  0.000000e+00
     vertex  2.350766e+01  7.143167e+00  0.000000e+00
   endloop
 endfacet
 facet normal  0.000000e+00 -0.000000e+00 -1.000000e+00
   outer loop
     vertex  3.250433e+01  7.108847e+00  0.000000e+00
     vertex  3.252972e+01  7.040716e+00  0.000000e+00
     vertex  2.348321e+01  7.074694e+00  0.000000e+00
   endloop
 endfacet
 facet normal -0.000000e+00  0.000000e+00 -1.000000e+00
   outer loop
     vertex  3.248083e+01  7.177648e+00  0.000000e+00
     vertex  2.350766e+01  7.143167e+00  0.000000e+00
     vertex  2.353022e+01  7.212284e+00  0.000000e+00
   endloop
 endfacet
 facet normal  0.000000e+00 -0.000000e+00 -1.000000e+00
   outer loop
     vertex  3.248083e+01  7.177648e+00  0.000000e+00
     vertex  3.250433e+01  7.108847e+00  0.000000e+00
     vertex  2.350766e+01  7.143167e+00  0.000000e+00
   endloop
 endfacet
 facet normal  0.000000e+00 -0.000000e+00 -1.000000e+00
   outer loop
     vertex  3.245921e+01  7.247069e+00  0.000000e+00
     vertex  3.248083e+01  7.177648e+00  0.000000e+00
     vertex  2.353022e+01  7.212284e+00  0.000000e+00
   endloop
 endfacet
 facet normal -0.000000e+00  0.000000e+00 -1.000000e+00
   outer loop
     vertex  3.245921e+01  7.247069e+00  0.000000e+00
     vertex  2.353022e+01  7.212284e+00  0.000000e+00
     vertex  2.355088e+01  7.281995e+00  0.000000e+00
   endloop
 endfacet
 facet normal -0.000000e+00  0.000000e+00 -1.000000e+00
   outer loop
     vertex  3.243951e+01  7.317056e+00  0.000000e+00
     vertex  2.355088e+01  7.281995e+00  0.000000e+00
     vertex  2.356961e+01  7.352246e+00  0.000000e+00
   endloop
 endfacet
 facet normal  0.000000e+00 -0.000000e+00 -1.000000e+00
   outer loop
     vertex  3.243951e+01  7.317056e+00  0.000000e+00
     vertex  3.245921e+01  7.247069e+00  0.000000e+00
     vertex  2.355088e+01  7.281995e+00  0.000000e+00
   endloop
 endfacet
 facet normal -0.000000e+00  0.000000e+00 -1.000000e+00
   outer loop
     vertex  3.242174e+01  7.387558e+00  0.000000e+00
     vertex  2.356961e+01  7.352246e+00  0.000000e+00
     vertex  2.358642e+01  7.422985e+00  0.000000e+00
   endloop
 endfacet
 facet normal  0.000000e+00 -0.000000e+00 -1.000000e+00
   outer loop
     vertex  3.242174e+01  7.387558e+00  0.000000e+00
     vertex  3.243951e+01  7.317056e+00  0.000000e+00
     vertex  2.356961e+01  7.352246e+00  0.000000e+00
   endloop
 endfacet
 facet normal -0.000000e+00  0.000000e+00 -1.000000e+00
   outer loop
     vertex  3.240591e+01  7.458520e+00  0.000000e+00
     vertex  2.358642e+01  7.422985e+00  0.000000e+00
     vertex  2.360127e+01  7.494158e+00  0.000000e+00
   endloop
 endfacet
 facet normal  0.000000e+00 -0.000000e+00 -1.000000e+00
   outer loop
     vertex  3.240591e+01  7.458520e+00  0.000000e+00
     vertex  3.242174e+01  7.387558e+00  0.000000e+00
     vertex  2.358642e+01  7.422985e+00  0.000000e+00
   endloop
 endfacet
 facet normal -0.000000e+00  0.000000e+00 -1.000000e+00
   outer loop
     vertex  3.239203e+01  7.529891e+00  0.000000e+00
     vertex  2.360127e+01  7.494158e+00  0.000000e+00
     vertex  2.361417e+01  7.565712e+00  0.000000e+00
   endloop
 endfacet
 facet normal  0.000000e+00 -0.000000e+00 -1.000000e+00
   outer loop
     vertex  3.239203e+01  7.529891e+00  0.000000e+00
     vertex  3.240591e+01  7.458520e+00  0.000000e+00
     vertex  2.360127e+01  7.494158e+00  0.000000e+00
   endloop
 endfacet
 facet normal  0.000000e+00 -0.000000e+00 -1.000000e+00
   outer loop
     vertex  3.238012e+01  7.601615e+00  0.000000e+00
     vertex  3.239203e+01  7.529891e+00  0.000000e+00
     vertex  2.361417e+01  7.565712e+00  0.000000e+00
   endloop
 endfacet
 facet normal -0.000000e+00  0.000000e+00 -1.000000e+00
   outer loop
     vertex  3.238012e+01  7.601615e+00  0.000000e+00
     vertex  2.361417e+01  7.565712e+00  0.000000e+00
     vertex  2.362510e+01  7.637593e+00  0.000000e+00
   endloop
 endfacet
 facet normal -0.000000e+00  0.000000e+00 -1.000000e+00
   outer loop
     vertex  3.237017e+01  7.673639e+00  0.000000e+00
     vertex  2.362510e+01  7.637593e+00  0.000000e+00
     vertex  2.363406e+01  7.709746e+00  0.000000e+00
   endloop
 endfacet
 facet normal  0.000000e+00 -0.000000e+00 -1.000000e+00
   outer loop
     vertex  3.237017e+01  7.673639e+00  0.000000e+00
     vertex  3.238012e+01  7.601615e+00  0.000000e+00
     vertex  2.362510e+01  7.637593e+00  0.000000e+00
   endloop
 endfacet
 facet normal -0.000000e+00  0.000000e+00 -1.000000e+00
   outer loop
     vertex  3.236221e+01  7.745908e+00  0.000000e+00
     vertex  2.363406e+01  7.709746e+00  0.000000e+00
     vertex  2.364103e+01  7.782118e+00  0.000000e+00
   endloop
 endfacet
 facet normal  0.000000e+00 -0.000000e+00 -1.000000e+00
   outer loop
     vertex  3.236221e+01  7.745908e+00  0.000000e+00
     vertex  3.237017e+01  7.673639e+00  0.000000e+00
     vertex  2.363406e+01  7.709746e+00  0.000000e+00
   endloop
 endfacet
 facet normal -0.000000e+00  0.000000e+00 -1.000000e+00
   outer loop
     vertex  3.235623e+01  7.818369e+00  0.000000e+00
     vertex  2.364103e+01  7.782118e+00  0.000000e+00
     vertex  2.364601e+01  7.854654e+00  0.000000e+00
   endloop
 endfacet
 facet normal  0.000000e+00 -0.000000e+00 -1.000000e+00
   outer loop
     vertex  3.235623e+01  7.818369e+00  0.000000e+00
     vertex  3.236221e+01  7.745908e+00  0.000000e+00
     vertex  2.364103e+01  7.782118e+00  0.000000e+00
   endloop
 endfacet
 facet normal  0.000000e+00 -0.000000e+00 -1.000000e+00
   outer loop
     vertex  3.235224e+01  7.890967e+00  0.000000e+00
     vertex  3.235623e+01  7.818369e+00  0.000000e+00
     vertex  2.364601e+01  7.854654e+00  0.000000e+00
   endloop
 endfacet
 facet normal -0.000000e+00  0.000000e+00 -1.000000e+00
   outer loop
     vertex  3.235224e+01  7.890967e+00  0.000000e+00
     vertex  2.364601e+01  7.854654e+00  0.000000e+00
     vertex  2.364900e+01  7.927300e+00  0.000000e+00
   endloop
 endfacet
 facet normal -0.000000e+00  0.000000e+00 -1.000000e+00
   outer loop
     vertex  3.235025e+01  7.963646e+00  0.000000e+00
     vertex  2.364900e+01  7.927300e+00  0.000000e+00
     vertex  2.365000e+01  8.000000e+00  0.000000e+00
   endloop
 endfacet
 facet normal  0.000000e+00 -0.000000e+00 -1.000000e+00
   outer loop
     vertex  3.235025e+01  7.963646e+00  0.000000e+00
     vertex  3.235224e+01  7.890967e+00  0.000000e+00
     vertex  2.364900e+01  7.927300e+00  0.000000e+00
   endloop
 endfacet
 facet normal -0.000000e+00  0.000000e+00 -1.000000e+00
   outer loop
     vertex  3.235025e+01  8.036354e+00  0.000000e+00
     vertex  2.365000e+01  8.000000e+00  0.000000e+00
     vertex  2.364900e+01  8.072700e+00  0.000000e+00
   endloop
 endfacet
 facet normal  0.000000e+00 -0.000000e+00 -1.000000e+00
   outer loop
     vertex  3.235025e+01  8.036354e+00  0.000000e+00
     vertex  3.235025e+01  7.963646e+00  0.000000e+00
     vertex  2.365000e+01  8.000000e+00  0.000000e+00
   endloop
 endfacet
 facet normal -0.000000e+00  0.000000e+00 -1.000000e+00
   outer loop
     vertex  3.235224e+01  8.109033e+00  0.000000e+00
     vertex  2.364900e+01  8.072700e+00  0.000000e+00
     vertex  2.364601e+01  8.145346e+00  0.000000e+00
   endloop
 endfacet
 facet normal  0.000000e+00  0.000000e+00 -1.000000e+00
   outer loop
     vertex  3.235224e+01  8.109033e+00  0.000000e+00
     vertex  3.235025e+01  8.036354e+00  0.000000e+00
     vertex  2.364900e+01  8.072700e+00  0.000000e+00
   endloop
 endfacet
 facet normal  0.000000e+00  0.000000e+00 -1.000000e+00
   outer loop
     vertex  3.235623e+01  8.181631e+00  0.000000e+00
     vertex  3.235224e+01  8.109033e+00  0.000000e+00
     vertex  2.364601e+01  8.145346e+00  0.000000e+00
   endloop
 endfacet
 facet normal -0.000000e+00  0.000000e+00 -1.000000e+00
   outer loop
     vertex  3.235623e+01  8.181631e+00  0.000000e+00
     vertex  2.364601e+01  8.145346e+00  0.000000e+00
     vertex  2.364103e+01  8.217882e+00  0.000000e+00
   endloop
 endfacet
 facet normal -0.000000e+00  0.000000e+00 -1.000000e+00
   outer loop
     vertex  3.236221e+01  8.254092e+00  0.000000e+00
     vertex  2.364103e+01  8.217882e+00  0.000000e+00
     vertex  2.363406e+01  8.290254e+00  0.000000e+00
   endloop
 endfacet
 facet normal  0.000000e+00  0.000000e+00 -1.000000e+00
   outer loop
     vertex  3.236221e+01  8.254092e+00  0.000000e+00
     vertex  3.235623e+01  8.181631e+00  0.000000e+00
     vertex  2.364103e+01  8.217882e+00  0.000000e+00
   endloop
 endfacet
 facet normal  0.000000e+00  0.000000e+00 -1.000000e+00
   outer loop
     vertex  3.237017e+01  8.326361e+00  0.000000e+00
     vertex  3.236221e+01  8.254092e+00  0.000000e+00
     vertex  2.363406e+01  8.290254e+00  0.000000e+00
   endloop
 endfacet
 facet normal -0.000000e+00  0.000000e+00 -1.000000e+00
   outer loop
     vertex  3.237017e+01  8.326361e+00  0.000000e+00
     vertex  2.363406e+01  8.290254e+00  0.000000e+00
     vertex  2.362510e+01  8.362407e+00  0.000000e+00
   endloop
 endfacet
 facet normal -0.000000e+00  0.000000e+00 -1.000000e+00
   outer loop
     vertex  3.238012e+01  8.398385e+00  0.000000e+00
     vertex  2.362510e+01  8.362407e+00  0.000000e+00
     vertex  2.361417e+01  8.434288e+00  0.000000e+00
   endloop
 endfacet
 facet normal  0.000000e+00  0.000000e+00 -1.000000e+00
   outer loop
     vertex  3.238012e+01  8.398385e+00  0.000000e+00
     vertex  3.237017e+01  8.326361e+00  0.000000e+00
     vertex  2.362510e+01  8.362407e+00  0.000000e+00
   endloop
 endfacet
 facet normal  0.000000e+00  0.000000e+00 -1.000000e+00
   outer loop
     vertex  3.239203e+01  8.470109e+00  0.000000e+00
     vertex  3.238012e+01  8.398385e+00  0.000000e+00
     vertex  2.361417e+01  8.434288e+00  0.000000e+00
   endloop
 endfacet
 facet normal -0.000000e+00  0.000000e+00 -1.000000e+00
   outer loop
     vertex  3.239203e+01  8.470109e+00  0.000000e+00
     vertex  2.361417e+01  8.434288e+00  0.000000e+00
     vertex  2.360127e+01  8.505842e+00  0.000000e+00
   endloop
 endfacet
 facet normal  0.000000e+00  0.000000e+00 -1.000000e+00
   outer loop
     vertex  3.240591e+01  8.541480e+00  0.000000e+00
     vertex  3.239203e+01  8.470109e+00  0.000000e+00
     vertex  2.360127e+01  8.505842e+00  0.000000e+00
   endloop
 endfacet
 facet normal -0.000000e+00  0.000000e+00 -1.000000e+00
   outer loop
     vertex  3.240591e+01  8.541480e+00  0.000000e+00
     vertex  2.360127e+01  8.505842e+00  0.000000e+00
     vertex  2.358642e+01  8.577015e+00  0.000000e+00
   endloop
 endfacet
 facet normal  0.000000e+00  0.000000e+00 -1.000000e+00
   outer loop
     vertex  3.242174e+01  8.612442e+00  0.000000e+00
     vertex  3.240591e+01  8.541480e+00  0.000000e+00
     vertex  2.358642e+01  8.577015e+00  0.000000e+00
   endloop
 endfacet
 facet normal -0.000000e+00  0.000000e+00 -1.000000e+00
   outer loop
     vertex  3.242174e+01  8.612442e+00  0.000000e+00
     vertex  2.358642e+01  8.577015e+00  0.000000e+00
     vertex  2.356961e+01  8.647754e+00  0.000000e+00
   endloop
 endfacet
 facet normal  0.000000e+00  0.000000e+00 -1.000000e+00
   outer loop
     vertex  3.243951e+01  8.682944e+00  0.000000e+00
     vertex  3.242174e+01  8.612442e+00  0.000000e+00
     vertex  2.356961e+01  8.647754e+00  0.000000e+00
   endloop
 endfacet
 facet normal -0.000000e+00  0.000000e+00 -1.000000e+00
   outer loop
     vertex  3.243951e+01  8.682944e+00  0.000000e+00
     vertex  2.356961e+01  8.647754e+00  0.000000e+00
     vertex  2.355088e+01  8.718005e+00  0.000000e+00
   endloop
 endfacet
 facet normal  0.000000e+00  0.000000e+00 -1.000000e+00
   outer loop
     vertex  3.245921e+01  8.752931e+00  0.000000e+00
     vertex  3.243951e+01  8.682944e+00  0.000000e+00
     vertex  2.355088e+01  8.718005e+00  0.000000e+00
   endloop
 endfacet
 facet normal -0.000000e+00  0.000000e+00 -1.000000e+00
   outer loop
     vertex  3.245921e+01  8.752931e+00  0.000000e+00
     vertex  2.355088e+01  8.718005e+00  0.000000e+00
     vertex  2.353022e+01  8.787716e+00  0.000000e+00
   endloop
 endfacet
 facet normal -0.000000e+00  0.000000e+00 -1.000000e+00
   outer loop
     vertex  3.248083e+01  8.822352e+00  0.000000e+00
     vertex  2.353022e+01  8.787716e+00  0.000000e+00
     vertex  2.350766e+01  8.856833e+00  0.000000e+00
   endloop
 endfacet
 facet normal  0.000000e+00  0.000000e+00 -1.000000e+00
   outer loop
     vertex  3.248083e+01  8.822352e+00  0.000000e+00
     vertex  3.245921e+01  8.752931e+00  0.000000e+00
     vertex  2.353022e+01  8.787716e+00  0.000000e+00
   endloop
 endfacet
 facet normal  0.000000e+00  0.000000e+00 -1.000000e+00
   outer loop
     vertex  3.250433e+01  8.891153e+00  0.000000e+00
     vertex  3.248083e+01  8.822352e+00  0.000000e+00
     vertex  2.350766e+01  8.856833e+00  0.000000e+00
   endloop
 endfacet
 facet normal -0.000000e+00  0.000000e+00 -1.000000e+00
   outer loop
     vertex  3.250433e+01  8.891153e+00  0.000000e+00
     vertex  2.350766e+01  8.856833e+00  0.000000e+00
     vertex  2.348321e+01  8.925306e+00  0.000000e+00
   endloop
 endfacet
 facet normal -0.000000e+00  0.000000e+00 -1.000000e+00
   outer loop
     vertex  3.252972e+01  8.959284e+00  0.000000e+00
     vertex  2.348321e+01  8.925306e+00  0.000000e+00
     vertex  2.345689e+01  8.993082e+00  0.000000e+00
   endloop
 endfacet
 facet normal  0.000000e+00  0.000000e+00 -1.000000e+00
   outer loop
     vertex  3.252972e+01  8.959284e+00  0.000000e+00
     vertex  3.250433e+01  8.891153e+00  0.000000e+00
     vertex  2.348321e+01  8.925306e+00  0.000000e+00
   endloop
 endfacet
 facet normal -0.000000e+00  0.000000e+00 -1.000000e+00
   outer loop
     vertex  3.255697e+01  9.026693e+00  0.000000e+00
     vertex  2.345689e+01  8.993082e+00  0.000000e+00
     vertex  2.342872e+01  9.060111e+00  0.000000e+00
   endloop
 endfacet
 facet normal  0.000000e+00  0.000000e+00 -1.000000e+00
   outer loop
     vertex  3.255697e+01  9.026693e+00  0.000000e+00
     vertex  3.252972e+01  8.959284e+00  0.000000e+00
     vertex  2.345689e+01  8.993082e+00  0.000000e+00
   endloop
 endfacet
 facet normal -0.000000e+00  0.000000e+00 -1.000000e+00
   outer loop
     vertex  3.258605e+01  9.093329e+00  0.000000e+00
     vertex  2.342872e+01  9.060111e+00  0.000000e+00
     vertex  2.339872e+01  9.126341e+00  0.000000e+00
   endloop
 endfacet
 facet normal  0.000000e+00  0.000000e+00 -1.000000e+00
   outer loop
     vertex  3.258605e+01  9.093329e+00  0.000000e+00
     vertex  3.255697e+01  9.026693e+00  0.000000e+00
     vertex  2.342872e+01  9.060111e+00  0.000000e+00
   endloop
 endfacet
 facet normal -0.000000e+00  0.000000e+00 -1.000000e+00
   outer loop
     vertex  3.261696e+01  9.159141e+00  0.000000e+00
     vertex  2.339872e+01  9.126341e+00  0.000000e+00
     vertex  2.336692e+01  9.191724e+00  0.000000e+00
   endloop
 endfacet
 facet normal  0.000000e+00  0.000000e+00 -1.000000e+00
   outer loop
     vertex  3.261696e+01  9.159141e+00  0.000000e+00
     vertex  3.258605e+01  9.093329e+00  0.000000e+00
     vertex  2.339872e+01  9.126341e+00  0.000000e+00
   endloop
 endfacet
 facet normal -0.000000e+00  0.000000e+00 -1.000000e+00
   outer loop
     vertex  3.264965e+01  9.224082e+00  0.000000e+00
     vertex  2.336692e+01  9.191724e+00  0.000000e+00
     vertex  2.333333e+01  9.256209e+00  0.000000e+00
   endloop
 endfacet
 facet normal  0.000000e+00  0.000000e+00 -1.000000e+00
   outer loop
     vertex  3.264965e+01  9.224082e+00  0.000000e+00
     vertex  3.261696e+01  9.159141e+00  0.000000e+00
     vertex  2.336692e+01  9.191724e+00  0.000000e+00
   endloop
 endfacet
 facet normal -0.000000e+00  0.000000e+00 -1.000000e+00
   outer loop
     vertex  3.268412e+01  9.288100e+00  0.000000e+00
     vertex  2.333333e+01  9.256209e+00  0.000000e+00
     vertex  2.329799e+01  9.319749e+00  0.000000e+00
   endloop
 endfacet
 facet normal  0.000000e+00  0.000000e+00 -1.000000e+00
   outer loop
     vertex  3.268412e+01  9.288100e+00  0.000000e+00
     vertex  3.264965e+01  9.224082e+00  0.000000e+00
     vertex  2.333333e+01  9.256209e+00  0.000000e+00
   endloop
 endfacet
 facet normal  0.000000e+00  0.000000e+00 -1.000000e+00
   outer loop
     vertex  4.200000e+01  0.000000e+00  0.000000e+00
     vertex  2.101818e+01  5.350062e+00  0.000000e+00
     vertex  2.109087e+01  5.351558e+00  0.000000e+00
   endloop
 endfacet
 facet normal  0.000000e+00  0.000000e+00 -1.000000e+00
   outer loop
     vertex  4.200000e+01  0.000000e+00  0.000000e+00
     vertex  2.109087e+01  5.351558e+00  0.000000e+00
     vertex  2.116349e+01  5.355048e+00  0.000000e+00
   endloop
 endfacet
 facet normal  0.000000e+00  0.000000e+00 -1.000000e+00
   outer loop
     vertex  4.200000e+01  0.000000e+00  0.000000e+00
     vertex  2.116349e+01  5.355048e+00  0.000000e+00
     vertex  2.123599e+01  5.360529e+00  0.000000e+00
   endloop
 endfacet
 facet normal  0.000000e+00  0.000000e+00 -1.000000e+00
   outer loop
     vertex  4.200000e+01  0.000000e+00  0.000000e+00
     vertex  2.123599e+01  5.360529e+00  0.000000e+00
     vertex  2.130831e+01  5.367997e+00  0.000000e+00
   endloop
 endfacet
 facet normal  0.000000e+00  0.000000e+00 -1.000000e+00
   outer loop
     vertex  4.200000e+01  0.000000e+00  0.000000e+00
     vertex  2.130831e+01  5.367997e+00  0.000000e+00
     vertex  2.138041e+01  5.377446e+00  0.000000e+00
   endloop
 endfacet
 facet normal  0.000000e+00  0.000000e+00 -1.000000e+00
   outer loop
     vertex  4.200000e+01  0.000000e+00  0.000000e+00
     vertex  2.138041e+01  5.377446e+00  0.000000e+00
     vertex  2.145221e+01  5.388869e+00  0.000000e+00
   endloop
 endfacet
 facet normal  0.000000e+00  0.000000e+00 -1.000000e+00
   outer loop
     vertex  4.200000e+01  0.000000e+00  0.000000e+00
     vertex  2.145221e+01  5.388869e+00  0.000000e+00
     vertex  2.152367e+01  5.402257e+00  0.000000e+00
   endloop
 endfacet
 facet normal  0.000000e+00  0.000000e+00 -1.000000e+00
   outer loop
     vertex  4.200000e+01  0.000000e+00  0.000000e+00
     vertex  2.152367e+01  5.402257e+00  0.000000e+00
     vertex  2.159474e+01  5.417602e+00  0.000000e+00
   endloop
 endfacet
 facet normal  0.000000e+00  0.000000e+00 -1.000000e+00
   outer loop
     vertex  4.200000e+01  0.000000e+00  0.000000e+00
     vertex  2.159474e+01  5.417602e+00  0.000000e+00
     vertex  2.166536e+01  5.434890e+00  0.000000e+00
   endloop
 endfacet
 facet normal  0.000000e+00  0.000000e+00 -1.000000e+00
   outer loop
     vertex  4.200000e+01  0.000000e+00  0.000000e+00
     vertex  2.166536e+01  5.434890e+00  0.000000e+00
     vertex  2.173549e+01  5.454109e+00  0.000000e+00
   endloop
 endfacet
 facet normal  0.000000e+00  0.000000e+00 -1.000000e+00
   outer loop
     vertex  4.200000e+01  0.000000e+00  0.000000e+00
     vertex  2.173549e+01  5.454109e+00  0.000000e+00
     vertex  2.180505e+01  5.475245e+00  0.000000e+00
   endloop
 endfacet
 facet normal  0.000000e+00  0.000000e+00 -1.000000e+00
   outer loop
     vertex  4.200000e+01  0.000000e+00  0.000000e+00
     vertex  2.180505e+01  5.475245e+00  0.000000e+00
     vertex  2.187401e+01  5.498281e+00  0.000000e+00
   endloop
 endfacet
 facet normal  0.000000e+00  0.000000e+00 -1.000000e+00
   outer loop
     vertex  4.200000e+01  0.000000e+00  0.000000e+00
     vertex  3.409175e+01  5.510506e+00  0.000000e+00
     vertex  3.416039e+01  5.486526e+00  0.000000e+00
   endloop
 endfacet
 facet normal  0.000000e+00  0.000000e+00 -1.000000e+00
   outer loop
     vertex  4.200000e+01  0.000000e+00  0.000000e+00
     vertex  3.416039e+01  5.486526e+00  0.000000e+00
     vertex  3.422966e+01  5.464438e+00  0.000000e+00
   endloop
 endfacet
 facet normal  0.000000e+00  0.000000e+00 -1.000000e+00
   outer loop
     vertex  4.200000e+01  0.000000e+00  0.000000e+00
     vertex  3.422966e+01  5.464438e+00  0.000000e+00
     vertex  3.429951e+01  5.444259e+00  0.000000e+00
   endloop
 endfacet
 facet normal  0.000000e+00  0.000000e+00 -1.000000e+00
   outer loop
     vertex  4.200000e+01  0.000000e+00  0.000000e+00
     vertex  3.429951e+01  5.444259e+00  0.000000e+00
     vertex  3.436989e+01  5.426004e+00  0.000000e+00
   endloop
 endfacet
 facet normal  0.000000e+00  0.000000e+00 -1.000000e+00
   outer loop
     vertex  4.200000e+01  0.000000e+00  0.000000e+00
     vertex  3.436989e+01  5.426004e+00  0.000000e+00
     vertex  3.444074e+01  5.409686e+00  0.000000e+00
   endloop
 endfacet
 facet normal  0.000000e+00  0.000000e+00 -1.000000e+00
   outer loop
     vertex  4.200000e+01  0.000000e+00  0.000000e+00
     vertex  3.444074e+01  5.409686e+00  0.000000e+00
     vertex  3.451201e+01  5.395318e+00  0.000000e+00
   endloop
 endfacet
 facet normal  0.000000e+00  0.000000e+00 -1.000000e+00
   outer loop
     vertex  4.200000e+01  0.000000e+00  0.000000e+00
     vertex  3.451201e+01  5.395318e+00  0.000000e+00
     vertex  3.458365e+01  5.382911e+00  0.000000e+00
   endloop
 endfacet
 facet normal  0.000000e+00  0.000000e+00 -1.000000e+00
   outer loop
     vertex  4.200000e+01  0.000000e+00  0.000000e+00
     vertex  3.458365e+01  5.382911e+00  0.000000e+00
     vertex  3.465561e+01  5.372474e+00  0.000000e+00
   endloop
 endfacet
 facet normal  0.000000e+00  0.000000e+00 -1.000000e+00
   outer loop
     vertex  4.200000e+01  0.000000e+00  0.000000e+00
     vertex  3.465561e+01  5.372474e+00  0.000000e+00
     vertex  3.472782e+01  5.364015e+00  0.000000e+00
   endloop
 endfacet
 facet normal  0.000000e+00  0.000000e+00 -1.000000e+00
   outer loop
     vertex  4.200000e+01  0.000000e+00  0.000000e+00
     vertex  3.472782e+01  5.364015e+00  0.000000e+00
     vertex  3.480024e+01  5.357540e+00  0.000000e+00
   endloop
 endfacet
 facet normal  0.000000e+00  0.000000e+00 -1.000000e+00
   outer loop
     vertex  4.200000e+01  0.000000e+00  0.000000e+00
     vertex  3.480024e+01  5.357540e+00  0.000000e+00
     vertex  3.487281e+01  5.353054e+00  0.000000e+00
   endloop
 endfacet
 facet normal  0.000000e+00  0.000000e+00 -1.000000e+00
   outer loop
     vertex  4.200000e+01  0.000000e+00  0.000000e+00
     vertex  3.487281e+01  5.353054e+00  0.000000e+00
     vertex  3.494547e+01  5.350561e+00  0.000000e+00
   endloop
 endfacet
 facet normal  0.000000e+00  0.000000e+00 -1.000000e+00
   outer loop
     vertex  4.200000e+01  0.000000e+00  0.000000e+00
     vertex  3.494547e+01  5.350561e+00  0.000000e+00
     vertex  3.501818e+01  5.350062e+00  0.000000e+00
   endloop
 endfacet
 facet normal  0.000000e+00  0.000000e+00 -1.000000e+00
   outer loop
     vertex  4.200000e+01  0.000000e+00  0.000000e+00
     vertex  3.501818e+01  5.350062e+00  0.000000e+00
     vertex  3.509087e+01  5.351558e+00  0.000000e+00
   endloop
 endfacet
 facet normal  0.000000e+00  0.000000e+00 -1.000000e+00
   outer loop
     vertex  4.200000e+01  0.000000e+00  0.000000e+00
     vertex  3.509087e+01  5.351558e+00  0.000000e+00
     vertex  3.516349e+01  5.355048e+00  0.000000e+00
   endloop
 endfacet
 facet normal  0.000000e+00  0.000000e+00 -1.000000e+00
   outer loop
     vertex  4.200000e+01  0.000000e+00  0.000000e+00
     vertex  3.516349e+01  5.355048e+00  0.000000e+00
     vertex  3.523599e+01  5.360529e+00  0.000000e+00
   endloop
 endfacet
 facet normal  0.000000e+00  0.000000e+00 -1.000000e+00
   outer loop
     vertex  4.200000e+01  0.000000e+00  0.000000e+00
     vertex  2.187401e+01  5.498281e+00  0.000000e+00
     vertex  3.409175e+01  5.510506e+00  0.000000e+00
   endloop
 endfacet
 facet normal  0.000000e+00  0.000000e+00 -1.000000e+00
   outer loop
     vertex  4.200000e+01  0.000000e+00  0.000000e+00
     vertex  3.523599e+01  5.360529e+00  0.000000e+00
     vertex  3.530831e+01  5.367997e+00  0.000000e+00
   endloop
 endfacet
 facet normal  0.000000e+00  0.000000e+00 -1.000000e+00
   outer loop
     vertex  4.200000e+01  0.000000e+00  0.000000e+00
     vertex  3.530831e+01  5.367997e+00  0.000000e+00
     vertex  3.538041e+01  5.377446e+00  0.000000e+00
   endloop
 endfacet
 facet normal  0.000000e+00  0.000000e+00 -1.000000e+00
   outer loop
     vertex  4.200000e+01  0.000000e+00  0.000000e+00
     vertex  3.538041e+01  5.377446e+00  0.000000e+00
     vertex  3.545221e+01  5.388869e+00  0.000000e+00
   endloop
 endfacet
 facet normal  0.000000e+00  0.000000e+00 -1.000000e+00
   outer loop
     vertex  4.200000e+01  0.000000e+00  0.000000e+00
     vertex  3.545221e+01  5.388869e+00  0.000000e+00
     vertex  3.552367e+01  5.402257e+00  0.000000e+00
   endloop
 endfacet
 facet normal  0.000000e+00  0.000000e+00 -1.000000e+00
   outer loop
     vertex  4.200000e+01  0.000000e+00  0.000000e+00
     vertex  3.552367e+01  5.402257e+00  0.000000e+00
     vertex  3.559474e+01  5.417602e+00  0.000000e+00
   endloop
 endfacet
 facet normal  0.000000e+00  0.000000e+00 -1.000000e+00
   outer loop
     vertex  4.200000e+01  0.000000e+00  0.000000e+00
     vertex  3.559474e+01  5.417602e+00  0.000000e+00
     vertex  3.566536e+01  5.434890e+00  0.000000e+00
   endloop
 endfacet
 facet normal  0.000000e+00  0.000000e+00 -1.000000e+00
   outer loop
     vertex  4.200000e+01  0.000000e+00  0.000000e+00
     vertex  3.566536e+01  5.434890e+00  0.000000e+00
     vertex  3.573549e+01  5.454109e+00  0.000000e+00
   endloop
 endfacet
 facet normal  0.000000e+00  0.000000e+00 -1.000000e+00
   outer loop
     vertex  4.200000e+01  0.000000e+00  0.000000e+00
     vertex  3.573549e+01  5.454109e+00  0.000000e+00
     vertex  3.580505e+01  5.475245e+00  0.000000e+00
   endloop
 endfacet
 facet normal  0.000000e+00  0.000000e+00 -1.000000e+00
   outer loop
     vertex  4.200000e+01  0.000000e+00  0.000000e+00
     vertex  3.580505e+01  5.475245e+00  0.000000e+00
     vertex  3.587401e+01  5.498281e+00  0.000000e+00
   endloop
 endfacet
 facet normal  0.000000e+00  0.000000e+00 -1.000000e+00
   outer loop
     vertex  4.200000e+01  0.000000e+00  0.000000e+00
     vertex  3.587401e+01  5.498281e+00  0.000000e+00
     vertex  3.594232e+01  5.523200e+00  0.000000e+00
   endloop
 endfacet
 facet normal  0.000000e+00  0.000000e+00 -1.000000e+00
   outer loop
     vertex  4.200000e+01  0.000000e+00  0.000000e+00
     vertex  3.594232e+01  5.523200e+00  0.000000e+00
     vertex  3.600991e+01  5.549984e+00  0.000000e+00
   endloop
 endfacet
 facet normal  0.000000e+00  0.000000e+00 -1.000000e+00
   outer loop
     vertex  4.200000e+01  0.000000e+00  0.000000e+00
     vertex  3.600991e+01  5.549984e+00  0.000000e+00
     vertex  3.607674e+01  5.578612e+00  0.000000e+00
   endloop
 endfacet
 facet normal  0.000000e+00  0.000000e+00 -1.000000e+00
   outer loop
     vertex  4.200000e+01  0.000000e+00  0.000000e+00
     vertex  3.607674e+01  5.578612e+00  0.000000e+00
     vertex  3.614277e+01  5.609063e+00  0.000000e+00
   endloop
 endfacet
 facet normal  0.000000e+00  0.000000e+00 -1.000000e+00
   outer loop
     vertex  4.200000e+01  0.000000e+00  0.000000e+00
     vertex  3.614277e+01  5.609063e+00  0.000000e+00
     vertex  3.620793e+01  5.641313e+00  0.000000e+00
   endloop
 endfacet
 facet normal  0.000000e+00  0.000000e+00 -1.000000e+00
   outer loop
     vertex  4.200000e+01  0.000000e+00  0.000000e+00
     vertex  3.620793e+01  5.641313e+00  0.000000e+00
     vertex  3.627218e+01  5.675340e+00  0.000000e+00
   endloop
 endfacet
 facet normal  0.000000e+00  0.000000e+00 -1.000000e+00
   outer loop
     vertex  4.200000e+01  0.000000e+00  0.000000e+00
     vertex  0.000000e+00  0.000000e+00  0.000000e+00
     vertex  2.101818e+01  5.350062e+00  0.000000e+00
   endloop
 endfacet
 facet normal  0.000000e+00 -0.000000e+00 -1.000000e+00
   outer loop
     vertex  3.633548e+01  5.711116e+00  0.000000e+00
     vertex  4.200000e+01  0.000000e+00  0.000000e+00
     vertex  3.627218e+01  5.675340e+00  0.000000e+00
   endloop
 endfacet
 facet normal -0.000000e+00  0.000000e+00 -1.000000e+00
   outer loop
     vertex  3.272033e+01  9.351150e+00  0.000000e+00
     vertex  2.329799e+01  9.319749e+00  0.000000e+00
     vertex  2.326092e+01  9.382296e+00  0.000000e+00
   endloop
 endfacet
 facet normal  0.000000e+00  0.000000e+00 -1.000000e+00
   outer loop
     vertex  3.272033e+01  9.351150e+00  0.000000e+00
     vertex  3.268412e+01  9.288100e+00  0.000000e+00
     vertex  2.329799e+01  9.319749e+00  0.000000e+00
   endloop
 endfacet
 facet normal  0.000000e+00 -0.000000e+00 -1.000000e+00
   outer loop
     vertex  3.639777e+01  5.748615e+00  0.000000e+00
     vertex  4.200000e+01  0.000000e+00  0.000000e+00
     vertex  3.633548e+01  5.711116e+00  0.000000e+00
   endloop
 endfacet
 facet normal -0.000000e+00  0.000000e+00 -1.000000e+00
   outer loop
     vertex  3.275826e+01  9.413182e+00  0.000000e+00
     vertex  2.326092e+01  9.382296e+00  0.000000e+00
     vertex  2.322215e+01  9.443802e+00  0.000000e+00
   endloop
 endfacet
 facet normal  0.000000e+00  0.000000e+00 -1.000000e+00
   outer loop
     vertex  3.275826e+01  9.413182e+00  0.000000e+00
     vertex  3.272033e+01  9.351150e+00  0.000000e+00
     vertex  2.326092e+01  9.382296e+00  0.000000e+00
   endloop
 endfacet
 facet normal  0.000000e+00 -0.000000e+00 -1.000000e+00
   outer loop
     vertex  3.645901e+01  5.787809e+00  0.000000e+00
     vertex  4.200000e+01  0.000000e+00  0.000000e+00
     vertex  3.639777e+01  5.748615e+00  0.000000e+00
   endloop
 endfacet
 facet normal -0.000000e+00  0.000000e+00 -1.000000e+00
   outer loop
     vertex  3.279787e+01  9.474150e+00  0.000000e+00
     vertex  2.322215e+01  9.443802e+00  0.000000e+00
     vertex  2.318170e+01  9.504221e+00  0.000000e+00
   endloop
 endfacet
 facet normal  0.000000e+00  0.000000e+00 -1.000000e+00
   outer loop
     vertex  3.279787e+01  9.474150e+00  0.000000e+00
     vertex  3.275826e+01  9.413182e+00  0.000000e+00
     vertex  2.322215e+01  9.443802e+00  0.000000e+00
   endloop
 endfacet
 facet normal  0.000000e+00 -0.000000e+00 -1.000000e+00
   outer loop
     vertex  3.651915e+01  5.828668e+00  0.000000e+00
     vertex  4.200000e+01  0.000000e+00  0.000000e+00
     vertex  3.645901e+01  5.787809e+00  0.000000e+00
   endloop
 endfacet
 facet normal -0.000000e+00  0.000000e+00 -1.000000e+00
   outer loop
     vertex  3.283914e+01  9.534008e+00  0.000000e+00
     vertex  2.318170e+01  9.504221e+00  0.000000e+00
     vertex  2.313961e+01  9.563507e+00  0.000000e+00
   endloop
 endfacet
 facet normal  0.000000e+00  0.000000e+00 -1.000000e+00
   outer loop
     vertex  3.283914e+01  9.534008e+00  0.000000e+00
     vertex  3.279787e+01  9.474150e+00  0.000000e+00
     vertex  2.318170e+01  9.504221e+00  0.000000e+00
   endloop
 endfacet
 facet normal  0.000000e+00 -0.000000e+00 -1.000000e+00
   outer loop
     vertex  3.657815e+01  5.871162e+00  0.000000e+00
     vertex  4.200000e+01  0.000000e+00  0.000000e+00
     vertex  3.651915e+01  5.828668e+00  0.000000e+00
   endloop
 endfacet
 facet normal  0.000000e+00  0.000000e+00 -1.000000e+00
   outer loop
     vertex  3.288204e+01  9.592712e+00  0.000000e+00
     vertex  3.283914e+01  9.534008e+00  0.000000e+00
     vertex  2.313961e+01  9.563507e+00  0.000000e+00
   endloop
 endfacet
 facet normal -0.000000e+00  0.000000e+00 -1.000000e+00
   outer loop
     vertex  3.288204e+01  9.592712e+00  0.000000e+00
     vertex  2.313961e+01  9.563507e+00  0.000000e+00
     vertex  2.309591e+01  9.621617e+00  0.000000e+00
   endloop
 endfacet
 facet normal  0.000000e+00 -0.000000e+00 -1.000000e+00
   outer loop
     vertex  3.663596e+01  5.915258e+00  0.000000e+00
     vertex  4.200000e+01  0.000000e+00  0.000000e+00
     vertex  3.657815e+01  5.871162e+00  0.000000e+00
   endloop
 endfacet
 facet normal  0.000000e+00  0.000000e+00 -1.000000e+00
   outer loop
     vertex  3.292653e+01  9.650217e+00  0.000000e+00
     vertex  3.288204e+01  9.592712e+00  0.000000e+00
     vertex  2.309591e+01  9.621617e+00  0.000000e+00
   endloop
 endfacet
 facet normal -0.000000e+00  0.000000e+00 -1.000000e+00
   outer loop
     vertex  3.292653e+01  9.650217e+00  0.000000e+00
     vertex  2.309591e+01  9.621617e+00  0.000000e+00
     vertex  2.305064e+01  9.678506e+00  0.000000e+00
   endloop
 endfacet
 facet normal  0.000000e+00 -0.000000e+00 -1.000000e+00
   outer loop
     vertex  3.669253e+01  5.960923e+00  0.000000e+00
     vertex  4.200000e+01  0.000000e+00  0.000000e+00
     vertex  3.663596e+01  5.915258e+00  0.000000e+00
   endloop
 endfacet
 facet normal -0.000000e+00  0.000000e+00 -1.000000e+00
   outer loop
     vertex  3.297258e+01  9.706480e+00  0.000000e+00
     vertex  2.305064e+01  9.678506e+00  0.000000e+00
     vertex  2.300382e+01  9.734132e+00  0.000000e+00
   endloop
 endfacet
 facet normal  0.000000e+00  0.000000e+00 -1.000000e+00
   outer loop
     vertex  3.297258e+01  9.706480e+00  0.000000e+00
     vertex  3.292653e+01  9.650217e+00  0.000000e+00
     vertex  2.305064e+01  9.678506e+00  0.000000e+00
   endloop
 endfacet
 facet normal  0.000000e+00 -0.000000e+00 -1.000000e+00
   outer loop
     vertex  3.674784e+01  6.008124e+00  0.000000e+00
     vertex  4.200000e+01  0.000000e+00  0.000000e+00
     vertex  3.669253e+01  5.960923e+00  0.000000e+00
   endloop
 endfacet
 facet normal  0.000000e+00  0.000000e+00 -1.000000e+00
   outer loop
     vertex  3.302016e+01  9.761458e+00  0.000000e+00
     vertex  3.297258e+01  9.706480e+00  0.000000e+00
     vertex  2.300382e+01  9.734132e+00  0.000000e+00
   endloop
 endfacet
 facet normal -0.000000e+00  0.000000e+00 -1.000000e+00
   outer loop
     vertex  3.302016e+01  9.761458e+00  0.000000e+00
     vertex  2.300382e+01  9.734132e+00  0.000000e+00
     vertex  2.295549e+01  9.788452e+00  0.000000e+00
   endloop
 endfacet
 facet normal  0.000000e+00 -0.000000e+00 -1.000000e+00
   outer loop
     vertex  3.680182e+01  6.056824e+00  0.000000e+00
     vertex  4.200000e+01  0.000000e+00  0.000000e+00
     vertex  3.674784e+01  6.008124e+00  0.000000e+00
   endloop
 endfacet
 facet normal  0.000000e+00  0.000000e+00 -1.000000e+00
   outer loop
     vertex  3.306923e+01  9.815110e+00  0.000000e+00
     vertex  3.302016e+01  9.761458e+00  0.000000e+00
     vertex  2.295549e+01  9.788452e+00  0.000000e+00
   endloop
 endfacet
 facet normal -0.000000e+00  0.000000e+00 -1.000000e+00
   outer loop
     vertex  3.306923e+01  9.815110e+00  0.000000e+00
     vertex  2.295549e+01  9.788452e+00  0.000000e+00
     vertex  2.290569e+01  9.841426e+00  0.000000e+00
   endloop
 endfacet
 facet normal  0.000000e+00 -0.000000e+00 -1.000000e+00
   outer loop
     vertex  3.685445e+01  6.106987e+00  0.000000e+00
     vertex  4.200000e+01  0.000000e+00  0.000000e+00
     vertex  3.680182e+01  6.056824e+00  0.000000e+00
   endloop
 endfacet
 facet normal  0.000000e+00  0.000000e+00 -1.000000e+00
   outer loop
     vertex  3.311975e+01  9.867395e+00  0.000000e+00
     vertex  3.306923e+01  9.815110e+00  0.000000e+00
     vertex  2.290569e+01  9.841426e+00  0.000000e+00
   endloop
 endfacet
 facet normal -0.000000e+00  0.000000e+00 -1.000000e+00
   outer loop
     vertex  3.311975e+01  9.867395e+00  0.000000e+00
     vertex  2.290569e+01  9.841426e+00  0.000000e+00
     vertex  2.285445e+01  9.893013e+00  0.000000e+00
   endloop
 endfacet
 facet normal  0.000000e+00 -0.000000e+00 -1.000000e+00
   outer loop
     vertex  3.690569e+01  6.158574e+00  0.000000e+00
     vertex  4.200000e+01  0.000000e+00  0.000000e+00
     vertex  3.685445e+01  6.106987e+00  0.000000e+00
   endloop
 endfacet
 facet normal  0.000000e+00  0.000000e+00 -1.000000e+00
   outer loop
     vertex  3.317169e+01  9.918275e+00  0.000000e+00
     vertex  3.311975e+01  9.867395e+00  0.000000e+00
     vertex  2.285445e+01  9.893013e+00  0.000000e+00
   endloop
 endfacet
 facet normal -0.000000e+00  0.000000e+00 -1.000000e+00
   outer loop
     vertex  3.317169e+01  9.918275e+00  0.000000e+00
     vertex  2.285445e+01  9.893013e+00  0.000000e+00
     vertex  2.280182e+01  9.943176e+00  0.000000e+00
   endloop
 endfacet
 facet normal  0.000000e+00 -0.000000e+00 -1.000000e+00
   outer loop
     vertex  3.695549e+01  6.211548e+00  0.000000e+00
     vertex  4.200000e+01  0.000000e+00  0.000000e+00
     vertex  3.690569e+01  6.158574e+00  0.000000e+00
   endloop
 endfacet
 facet normal  0.000000e+00  0.000000e+00 -1.000000e+00
   outer loop
     vertex  3.322500e+01  9.967711e+00  0.000000e+00
     vertex  3.317169e+01  9.918275e+00  0.000000e+00
     vertex  2.280182e+01  9.943176e+00  0.000000e+00
   endloop
 endfacet
 facet normal -0.000000e+00  0.000000e+00 -1.000000e+00
   outer loop
     vertex  3.322500e+01  9.967711e+00  0.000000e+00
     vertex  2.280182e+01  9.943176e+00  0.000000e+00
     vertex  2.274784e+01  9.991876e+00  0.000000e+00
   endloop
 endfacet
 facet normal  0.000000e+00 -0.000000e+00 -1.000000e+00
   outer loop
     vertex  3.700382e+01  6.265868e+00  0.000000e+00
     vertex  4.200000e+01  0.000000e+00  0.000000e+00
     vertex  3.695549e+01  6.211548e+00  0.000000e+00
   endloop
 endfacet
 facet normal -0.000000e+00  0.000000e+00 -1.000000e+00
   outer loop
     vertex  3.327965e+01  1.001567e+01  0.000000e+00
     vertex  2.274784e+01  9.991876e+00  0.000000e+00
     vertex  2.269253e+01  1.003908e+01  0.000000e+00
   endloop
 endfacet
 facet normal  0.000000e+00  0.000000e+00 -1.000000e+00
   outer loop
     vertex  3.327965e+01  1.001567e+01  0.000000e+00
     vertex  3.322500e+01  9.967711e+00  0.000000e+00
     vertex  2.274784e+01  9.991876e+00  0.000000e+00
   endloop
 endfacet
 facet normal  0.000000e+00 -0.000000e+00 -1.000000e+00
   outer loop
     vertex  3.705064e+01  6.321494e+00  0.000000e+00
     vertex  4.200000e+01  0.000000e+00  0.000000e+00
     vertex  3.700382e+01  6.265868e+00  0.000000e+00
   endloop
 endfacet
 facet normal  0.000000e+00  0.000000e+00 -1.000000e+00
   outer loop
     vertex  3.333560e+01  1.006210e+01  0.000000e+00
     vertex  3.327965e+01  1.001567e+01  0.000000e+00
     vertex  2.269253e+01  1.003908e+01  0.000000e+00
   endloop
 endfacet
 facet normal -0.000000e+00  0.000000e+00 -1.000000e+00
   outer loop
     vertex  3.333560e+01  1.006210e+01  0.000000e+00
     vertex  2.269253e+01  1.003908e+01  0.000000e+00
     vertex  2.263596e+01  1.008474e+01  0.000000e+00
   endloop
 endfacet
 facet normal  0.000000e+00 -0.000000e+00 -1.000000e+00
   outer loop
     vertex  3.709591e+01  6.378383e+00  0.000000e+00
     vertex  4.200000e+01  0.000000e+00  0.000000e+00
     vertex  3.705064e+01  6.321494e+00  0.000000e+00
   endloop
 endfacet
 facet normal  0.000000e+00  0.000000e+00 -1.000000e+00
   outer loop
     vertex  3.339280e+01  1.010699e+01  0.000000e+00
     vertex  3.333560e+01  1.006210e+01  0.000000e+00
     vertex  2.263596e+01  1.008474e+01  0.000000e+00
   endloop
 endfacet
 facet normal -0.000000e+00  0.000000e+00 -1.000000e+00
   outer loop
     vertex  3.339280e+01  1.010699e+01  0.000000e+00
     vertex  2.263596e+01  1.008474e+01  0.000000e+00
     vertex  2.257815e+01  1.012884e+01  0.000000e+00
   endloop
 endfacet
 facet normal  0.000000e+00 -0.000000e+00 -1.000000e+00
   outer loop
     vertex  3.713961e+01  6.436493e+00  0.000000e+00
     vertex  4.200000e+01  0.000000e+00  0.000000e+00
     vertex  3.709591e+01  6.378383e+00  0.000000e+00
   endloop
 endfacet
 facet normal -0.000000e+00  0.000000e+00 -1.000000e+00
   outer loop
     vertex  3.345121e+01  1.015029e+01  0.000000e+00
     vertex  2.257815e+01  1.012884e+01  0.000000e+00
     vertex  2.251915e+01  1.017133e+01  0.000000e+00
   endloop
 endfacet
 facet normal  0.000000e+00  0.000000e+00 -1.000000e+00
   outer loop
     vertex  3.345121e+01  1.015029e+01  0.000000e+00
     vertex  3.339280e+01  1.010699e+01  0.000000e+00
     vertex  2.257815e+01  1.012884e+01  0.000000e+00
   endloop
 endfacet
 facet normal  0.000000e+00 -0.000000e+00 -1.000000e+00
   outer loop
     vertex  3.718170e+01  6.495779e+00  0.000000e+00
     vertex  4.200000e+01  0.000000e+00  0.000000e+00
     vertex  3.713961e+01  6.436493e+00  0.000000e+00
   endloop
 endfacet
 facet normal  0.000000e+00  0.000000e+00 -1.000000e+00
   outer loop
     vertex  3.351078e+01  1.019197e+01  0.000000e+00
     vertex  3.345121e+01  1.015029e+01  0.000000e+00
     vertex  2.251915e+01  1.017133e+01  0.000000e+00
   endloop
 endfacet
 facet normal -0.000000e+00  0.000000e+00 -1.000000e+00
   outer loop
     vertex  3.351078e+01  1.019197e+01  0.000000e+00
     vertex  2.251915e+01  1.017133e+01  0.000000e+00
     vertex  2.245901e+01  1.021219e+01  0.000000e+00
   endloop
 endfacet
 facet normal  0.000000e+00 -0.000000e+00 -1.000000e+00
   outer loop
     vertex  3.722215e+01  6.556198e+00  0.000000e+00
     vertex  4.200000e+01  0.000000e+00  0.000000e+00
     vertex  3.718170e+01  6.495779e+00  0.000000e+00
   endloop
 endfacet
 facet normal  0.000000e+00  0.000000e+00 -1.000000e+00
   outer loop
     vertex  3.357147e+01  1.023200e+01  0.000000e+00
     vertex  3.351078e+01  1.019197e+01  0.000000e+00
     vertex  2.245901e+01  1.021219e+01  0.000000e+00
   endloop
 endfacet
 facet normal -0.000000e+00  0.000000e+00 -1.000000e+00
   outer loop
     vertex  3.357147e+01  1.023200e+01  0.000000e+00
     vertex  2.245901e+01  1.021219e+01  0.000000e+00
     vertex  2.239777e+01  1.025139e+01  0.000000e+00
   endloop
 endfacet
 facet normal  0.000000e+00 -0.000000e+00 -1.000000e+00
   outer loop
     vertex  3.726092e+01  6.617704e+00  0.000000e+00
     vertex  4.200000e+01  0.000000e+00  0.000000e+00
     vertex  3.722215e+01  6.556198e+00  0.000000e+00
   endloop
 endfacet
 facet normal  0.000000e+00  0.000000e+00 -1.000000e+00
   outer loop
     vertex  3.363325e+01  1.027035e+01  0.000000e+00
     vertex  3.357147e+01  1.023200e+01  0.000000e+00
     vertex  2.239777e+01  1.025139e+01  0.000000e+00
   endloop
 endfacet
 facet normal -0.000000e+00  0.000000e+00 -1.000000e+00
   outer loop
     vertex  3.363325e+01  1.027035e+01  0.000000e+00
     vertex  2.239777e+01  1.025139e+01  0.000000e+00
     vertex  2.233548e+01  1.028888e+01  0.000000e+00
   endloop
 endfacet
 facet normal  0.000000e+00 -0.000000e+00 -1.000000e+00
   outer loop
     vertex  3.729799e+01  6.680251e+00  0.000000e+00
     vertex  4.200000e+01  0.000000e+00  0.000000e+00
     vertex  3.726092e+01  6.617704e+00  0.000000e+00
   endloop
 endfacet
 facet normal -0.000000e+00  0.000000e+00 -1.000000e+00
   outer loop
     vertex  3.369604e+01  1.030699e+01  0.000000e+00
     vertex  2.233548e+01  1.028888e+01  0.000000e+00
     vertex  2.227218e+01  1.032466e+01  0.000000e+00
   endloop
 endfacet
 facet normal  0.000000e+00  0.000000e+00 -1.000000e+00
   outer loop
     vertex  3.369604e+01  1.030699e+01  0.000000e+00
     vertex  3.363325e+01  1.027035e+01  0.000000e+00
     vertex  2.233548e+01  1.028888e+01  0.000000e+00
   endloop
 endfacet
 facet normal  0.000000e+00 -0.000000e+00 -1.000000e+00
   outer loop
     vertex  3.733333e+01  6.743791e+00  0.000000e+00
     vertex  4.200000e+01  0.000000e+00  0.000000e+00
     vertex  3.729799e+01  6.680251e+00  0.000000e+00
   endloop
 endfacet
 facet normal  0.000000e+00  0.000000e+00 -1.000000e+00
   outer loop
     vertex  3.375983e+01  1.034189e+01  0.000000e+00
     vertex  3.369604e+01  1.030699e+01  0.000000e+00
     vertex  2.227218e+01  1.032466e+01  0.000000e+00
   endloop
 endfacet
 facet normal -0.000000e+00  0.000000e+00 -1.000000e+00
   outer loop
     vertex  3.375983e+01  1.034189e+01  0.000000e+00
     vertex  2.227218e+01  1.032466e+01  0.000000e+00
     vertex  2.220793e+01  1.035869e+01  0.000000e+00
   endloop
 endfacet
 facet normal  0.000000e+00 -0.000000e+00 -1.000000e+00
   outer loop
     vertex  3.736692e+01  6.808276e+00  0.000000e+00
     vertex  4.200000e+01  0.000000e+00  0.000000e+00
     vertex  3.733333e+01  6.743791e+00  0.000000e+00
   endloop
 endfacet
 facet normal  0.000000e+00  0.000000e+00 -1.000000e+00
   outer loop
     vertex  3.382454e+01  1.037504e+01  0.000000e+00
     vertex  3.375983e+01  1.034189e+01  0.000000e+00
     vertex  2.220793e+01  1.035869e+01  0.000000e+00
   endloop
 endfacet
 facet normal -0.000000e+00  0.000000e+00 -1.000000e+00
   outer loop
     vertex  3.382454e+01  1.037504e+01  0.000000e+00
     vertex  2.220793e+01  1.035869e+01  0.000000e+00
     vertex  2.214277e+01  1.039094e+01  0.000000e+00
   endloop
 endfacet
 facet normal  0.000000e+00 -0.000000e+00 -1.000000e+00
   outer loop
     vertex  3.739872e+01  6.873659e+00  0.000000e+00
     vertex  4.200000e+01  0.000000e+00  0.000000e+00
     vertex  3.736692e+01  6.808276e+00  0.000000e+00
   endloop
 endfacet
 facet normal  0.000000e+00  0.000000e+00 -1.000000e+00
   outer loop
     vertex  3.389014e+01  1.040639e+01  0.000000e+00
     vertex  3.382454e+01  1.037504e+01  0.000000e+00
     vertex  2.214277e+01  1.039094e+01  0.000000e+00
   endloop
 endfacet
 facet normal -0.000000e+00  0.000000e+00 -1.000000e+00
   outer loop
     vertex  3.389014e+01  1.040639e+01  0.000000e+00
     vertex  2.214277e+01  1.039094e+01  0.000000e+00
     vertex  2.207674e+01  1.042139e+01  0.000000e+00
   endloop
 endfacet
 facet normal  0.000000e+00 -0.000000e+00 -1.000000e+00
   outer loop
     vertex  3.742872e+01  6.939889e+00  0.000000e+00
     vertex  4.200000e+01  0.000000e+00  0.000000e+00
     vertex  3.739872e+01  6.873659e+00  0.000000e+00
   endloop
 endfacet
 facet normal -0.000000e+00  0.000000e+00 -1.000000e+00
   outer loop
     vertex  3.395657e+01  1.043593e+01  0.000000e+00
     vertex  2.207674e+01  1.042139e+01  0.000000e+00
     vertex  2.200991e+01  1.045002e+01  0.000000e+00
   endloop
 endfacet
 facet normal  0.000000e+00  0.000000e+00 -1.000000e+00
   outer loop
     vertex  3.395657e+01  1.043593e+01  0.000000e+00
     vertex  3.389014e+01  1.040639e+01  0.000000e+00
     vertex  2.207674e+01  1.042139e+01  0.000000e+00
   endloop
 endfacet
 facet normal  0.000000e+00 -0.000000e+00 -1.000000e+00
   outer loop
     vertex  3.745689e+01  7.006918e+00  0.000000e+00
     vertex  4.200000e+01  0.000000e+00  0.000000e+00
     vertex  3.742872e+01  6.939889e+00  0.000000e+00
   endloop
 endfacet
 facet normal -0.000000e+00  0.000000e+00 -1.000000e+00
   outer loop
     vertex  3.402379e+01  1.046364e+01  0.000000e+00
     vertex  2.200991e+01  1.045002e+01  0.000000e+00
     vertex  2.194232e+01  1.047680e+01  0.000000e+00
   endloop
 endfacet
 facet normal  0.000000e+00  0.000000e+00 -1.000000e+00
   outer loop
     vertex  3.402379e+01  1.046364e+01  0.000000e+00
     vertex  3.395657e+01  1.043593e+01  0.000000e+00
     vertex  2.200991e+01  1.045002e+01  0.000000e+00
   endloop
 endfacet
 facet normal  0.000000e+00 -0.000000e+00 -1.000000e+00
   outer loop
     vertex  3.748321e+01  7.074694e+00  0.000000e+00
     vertex  4.200000e+01  0.000000e+00  0.000000e+00
     vertex  3.745689e+01  7.006918e+00  0.000000e+00
   endloop
 endfacet
 facet normal -0.000000e+00  0.000000e+00 -1.000000e+00
   outer loop
     vertex  3.409175e+01  1.048949e+01  0.000000e+00
     vertex  2.194232e+01  1.047680e+01  0.000000e+00
     vertex  2.187401e+01  1.050172e+01  0.000000e+00
   endloop
 endfacet
 facet normal  0.000000e+00  0.000000e+00 -1.000000e+00
   outer loop
     vertex  3.409175e+01  1.048949e+01  0.000000e+00
     vertex  3.402379e+01  1.046364e+01  0.000000e+00
     vertex  2.194232e+01  1.047680e+01  0.000000e+00
   endloop
 endfacet
 facet normal  0.000000e+00 -0.000000e+00 -1.000000e+00
   outer loop
     vertex  3.750766e+01  7.143167e+00  0.000000e+00
     vertex  4.200000e+01  0.000000e+00  0.000000e+00
     vertex  3.748321e+01  7.074694e+00  0.000000e+00
   endloop
 endfacet
 facet normal  0.000000e+00 -0.000000e+00 -1.000000e+00
   outer loop
     vertex  3.753022e+01  7.212284e+00  0.000000e+00
     vertex  4.200000e+01  0.000000e+00  0.000000e+00
     vertex  3.750766e+01  7.143167e+00  0.000000e+00
   endloop
 endfacet
 facet normal  0.000000e+00 -0.000000e+00 -1.000000e+00
   outer loop
     vertex  3.755088e+01  7.281995e+00  0.000000e+00
     vertex  4.200000e+01  0.000000e+00  0.000000e+00
     vertex  3.753022e+01  7.212284e+00  0.000000e+00
   endloop
 endfacet
 facet normal  0.000000e+00 -0.000000e+00 -1.000000e+00
   outer loop
     vertex  3.756961e+01  7.352246e+00  0.000000e+00
     vertex  4.200000e+01  0.000000e+00  0.000000e+00
     vertex  3.755088e+01  7.281995e+00  0.000000e+00
   endloop
 endfacet
 facet normal  0.000000e+00 -0.000000e+00 -1.000000e+00
   outer loop
     vertex  3.758642e+01  7.422985e+00  0.000000e+00
     vertex  4.200000e+01  0.000000e+00  0.000000e+00
     vertex  3.756961e+01  7.352246e+00  0.000000e+00
   endloop
 endfacet
 facet normal  0.000000e+00 -0.000000e+00 -1.000000e+00
   outer loop
     vertex  3.760127e+01  7.494158e+00  0.000000e+00
     vertex  4.200000e+01  0.000000e+00  0.000000e+00
     vertex  3.758642e+01  7.422985e+00  0.000000e+00
   endloop
 endfacet
 facet normal  0.000000e+00 -0.000000e+00 -1.000000e+00
   outer loop
     vertex  3.761417e+01  7.565712e+00  0.000000e+00
     vertex  4.200000e+01  0.000000e+00  0.000000e+00
     vertex  3.760127e+01  7.494158e+00  0.000000e+00
   endloop
 endfacet
 facet normal  0.000000e+00 -0.000000e+00 -1.000000e+00
   outer loop
     vertex  3.762510e+01  7.637593e+00  0.000000e+00
     vertex  4.200000e+01  0.000000e+00  0.000000e+00
     vertex  3.761417e+01  7.565712e+00  0.000000e+00
   endloop
 endfacet
 facet normal  0.000000e+00 -0.000000e+00 -1.000000e+00
   outer loop
     vertex  3.763406e+01  7.709746e+00  0.000000e+00
     vertex  4.200000e+01  0.000000e+00  0.000000e+00
     vertex  3.762510e+01  7.637593e+00  0.000000e+00
   endloop
 endfacet
 facet normal  0.000000e+00 -0.000000e+00 -1.000000e+00
   outer loop
     vertex  3.764103e+01  7.782118e+00  0.000000e+00
     vertex  4.200000e+01  0.000000e+00  0.000000e+00
     vertex  3.763406e+01  7.709746e+00  0.000000e+00
   endloop
 endfacet
 facet normal  0.000000e+00 -0.000000e+00 -1.000000e+00
   outer loop
     vertex  3.764601e+01  7.854654e+00  0.000000e+00
     vertex  4.200000e+01  0.000000e+00  0.000000e+00
     vertex  3.764103e+01  7.782118e+00  0.000000e+00
   endloop
 endfacet
 facet normal  0.000000e+00 -0.000000e+00 -1.000000e+00
   outer loop
     vertex  3.764900e+01  7.927300e+00  0.000000e+00
     vertex  4.200000e+01  0.000000e+00  0.000000e+00
     vertex  3.764601e+01  7.854654e+00  0.000000e+00
   endloop
 endfacet
 facet normal  0.000000e+00 -0.000000e+00 -1.000000e+00
   outer loop
     vertex  3.765000e+01  8.000000e+00  0.000000e+00
     vertex  4.200000e+01  0.000000e+00  0.000000e+00
     vertex  3.764900e+01  7.927300e+00  0.000000e+00
   endloop
 endfacet
 facet normal  0.000000e+00  0.000000e+00 -1.000000e+00
   outer loop
     vertex  4.200000e+01  1.600000e+01  0.000000e+00
     vertex  3.607674e+01  1.042139e+01  0.000000e+00
     vertex  3.600991e+01  1.045002e+01  0.000000e+00
   endloop
 endfacet
 facet normal  0.000000e+00  0.000000e+00 -1.000000e+00
   outer loop
     vertex  4.200000e+01  1.600000e+01  0.000000e+00
     vertex  3.600991e+01  1.045002e+01  0.000000e+00
     vertex  3.594232e+01  1.047680e+01  0.000000e+00
   endloop
 endfacet
 facet normal  0.000000e+00  0.000000e+00 -1.000000e+00
   outer loop
     vertex  4.200000e+01  1.600000e+01  0.000000e+00
     vertex  3.594232e+01  1.047680e+01  0.000000e+00
     vertex  3.587401e+01  1.050172e+01  0.000000e+00
   endloop
 endfacet
 facet normal  0.000000e+00  0.000000e+00 -1.000000e+00
   outer loop
     vertex  4.200000e+01  1.600000e+01  0.000000e+00
     vertex  3.587401e+01  1.050172e+01  0.000000e+00
     vertex  3.580505e+01  1.052476e+01  0.000000e+00
   endloop
 endfacet
 facet normal  0.000000e+00  0.000000e+00 -1.000000e+00
   outer loop
     vertex  4.200000e+01  1.600000e+01  0.000000e+00
     vertex  3.580505e+01  1.052476e+01  0.000000e+00
     vertex  3.573549e+01  1.054589e+01  0.000000e+00
   endloop
 endfacet
 facet normal  0.000000e+00  0.000000e+00 -1.000000e+00
   outer loop
     vertex  4.200000e+01  1.600000e+01  0.000000e+00
     vertex  3.573549e+01  1.054589e+01  0.000000e+00
     vertex  3.566536e+01  1.056511e+01  0.000000e+00
   endloop
 endfacet
 facet normal  0.000000e+00  0.000000e+00 -1.000000e+00
   outer loop
     vertex  4.200000e+01  1.600000e+01  0.000000e+00
     vertex  3.566536e+01  1.056511e+01  0.000000e+00
     vertex  3.559474e+01  1.058240e+01  0.000000e+00
   endloop
 endfacet
 facet normal  0.000000e+00  0.000000e+00 -1.000000e+00
   outer loop
     vertex  4.200000e+01  1.600000e+01  0.000000e+00
     vertex  3.559474e+01  1.058240e+01  0.000000e+00
     vertex  3.552367e+01  1.059774e+01  0.000000e+00
   endloop
 endfacet
 facet normal  0.000000e+00  0.000000e+00 -1.000000e+00
   outer loop
     vertex  4.200000e+01  1.600000e+01  0.000000e+00
     vertex  3.552367e+01  1.059774e+01  0.000000e+00
     vertex  3.545221e+01  1.061113e+01  0.000000e+00
   endloop
 endfacet
 facet normal  0.000000e+00  0.000000e+00 -1.000000e+00
   outer loop
     vertex  4.200000e+01  1.600000e+01  0.000000e+00
     vertex  3.545221e+01  1.061113e+01  0.000000e+00
     vertex  3.538041e+01  1.062255e+01  0.000000e+00
   endloop
 endfacet
 facet normal  0.000000e+00  0.000000e+00 -1.000000e+00
   outer loop
     vertex  4.200000e+01  1.600000e+01  0.000000e+00
     vertex  3.538041e+01  1.062255e+01  0.000000e+00
     vertex  3.530831e+01  1.063200e+01  0.000000e+00
   endloop
 endfacet
 facet normal  0.000000e+00  0.000000e+00 -1.000000e+00
   outer loop
     vertex  4.200000e+01  1.600000e+01  0.000000e+00
     vertex  3.530831e+01  1.063200e+01  0.000000e+00
     vertex  3.523599e+01  1.063947e+01  0.000000e+00
   endloop
 endfacet
 facet normal  0.000000e+00  0.000000e+00 -1.000000e+00
   outer loop
     vertex  4.200000e+01  1.600000e+01  0.000000e+00
     vertex  3.523599e+01  1.063947e+01  0.000000e+00
     vertex  3.516349e+01  1.064495e+01  0.000000e+00
   endloop
 endfacet
 facet normal  0.000000e+00  0.000000e+00 -1.000000e+00
   outer loop
     vertex  4.200000e+01  1.600000e+01  0.000000e+00
     vertex  3.516349e+01  1.064495e+01  0.000000e+00
     vertex  3.509087e+01  1.064844e+01  0.000000e+00
   endloop
 endfacet
 facet normal  0.000000e+00  0.000000e+00 -1.000000e+00
   outer loop
     vertex  4.200000e+01  1.600000e+01  0.000000e+00
     vertex  3.509087e+01  1.064844e+01  0.000000e+00
     vertex  3.501818e+01  1.064994e+01  0.000000e+00
   endloop
 endfacet
 facet normal  0.000000e+00  0.000000e+00 -1.000000e+00
   outer loop
     vertex  4.200000e+01  1.600000e+01  0.000000e+00
     vertex  3.501818e+01  1.064994e+01  0.000000e+00
     vertex  3.494547e+01  1.064944e+01  0.000000e+00
   endloop
 endfacet
 facet normal  0.000000e+00  0.000000e+00 -1.000000e+00
   outer loop
     vertex  4.200000e+01  1.600000e+01  0.000000e+00
     vertex  3.494547e+01  1.064944e+01  0.000000e+00
     vertex  3.487281e+01  1.064695e+01  0.000000e+00
   endloop
 endfacet
 facet normal  0.000000e+00  0.000000e+00 -1.000000e+00
   outer loop
     vertex  4.200000e+01  1.600000e+01  0.000000e+00
     vertex  3.487281e+01  1.064695e+01  0.000000e+00
     vertex  3.480024e+01  1.064246e+01  0.000000e+00
   endloop
 endfacet
 facet normal  0.000000e+00  0.000000e+00 -1.000000e+00
   outer loop
     vertex  4.200000e+01  1.600000e+01  0.000000e+00
     vertex  3.480024e+01  1.064246e+01  0.000000e+00
     vertex  3.472782e+01  1.063599e+01  0.000000e+00
   endloop
 endfacet
 facet normal  0.000000e+00  0.000000e+00 -1.000000e+00
   outer loop
     vertex  4.200000e+01  1.600000e+01  0.000000e+00
     vertex  3.472782e+01  1.063599e+01  0.000000e+00
     vertex  3.465561e+01  1.062753e+01  0.000000e+00
   endloop
 endfacet
 facet normal  0.000000e+00  0.000000e+00 -1.000000e+00
   outer loop
     vertex  4.200000e+01  1.600000e+01  0.000000e+00
     vertex  3.465561e+01  1.062753e+01  0.000000e+00
     vertex  3.458365e+01  1.061709e+01  0.000000e+00
   endloop
 endfacet
 facet normal  0.000000e+00  0.000000e+00 -1.000000e+00
   outer loop
     vertex  4.200000e+01  1.600000e+01  0.000000e+00
     vertex  3.458365e+01  1.061709e+01  0.000000e+00
     vertex  3.451201e+01  1.060468e+01  0.000000e+00
   endloop
 endfacet
 facet normal  0.000000e+00  0.000000e+00 -1.000000e+00
   outer loop
     vertex  4.200000e+01  1.600000e+01  0.000000e+00
     vertex  3.451201e+01  1.060468e+01  0.000000e+00
     vertex  3.444074e+01  1.059031e+01  0.000000e+00
   endloop
 endfacet
 facet normal  0.000000e+00  0.000000e+00 -1.000000e+00
   outer loop
     vertex  4.200000e+01  1.600000e+01  0.000000e+00
     vertex  3.444074e+01  1.059031e+01  0.000000e+00
     vertex  3.436989e+01  1.057400e+01  0.000000e+00
   endloop
 endfacet
 facet normal  0.000000e+00  0.000000e+00 -1.000000e+00
   outer loop
     vertex  4.200000e+01  1.600000e+01  0.000000e+00
     vertex  3.436989e+01  1.057400e+01  0.000000e+00
     vertex  3.429951e+01  1.055574e+01  0.000000e+00
   endloop
 endfacet
 facet normal  0.000000e+00  0.000000e+00 -1.000000e+00
   outer loop
     vertex  4.200000e+01  1.600000e+01  0.000000e+00
     vertex  3.429951e+01  1.055574e+01  0.000000e+00
     vertex  3.422966e+01  1.053556e+01  0.000000e+00
   endloop
 endfacet
 facet normal  0.000000e+00  0.000000e+00 -1.000000e+00
   outer loop
     vertex  4.200000e+01  1.600000e+01  0.000000e+00
     vertex  3.422966e+01  1.053556e+01  0.000000e+00
     vertex  3.416039e+01  1.051347e+01  0.000000e+00
   endloop
 endfacet
 facet normal  0.000000e+00  0.000000e+00 -1.000000e+00
   outer loop
     vertex  4.200000e+01  1.600000e+01  0.000000e+00
     vertex  3.416039e+01  1.051347e+01  0.000000e+00
     vertex  3.409175e+01  1.048949e+01  0.000000e+00
   endloop
 endfacet
 facet normal  0.000000e+00 -0.000000e+00 -1.000000e+00
   outer loop
     vertex  4.200000e+01  1.600000e+01  0.000000e+00
     vertex  4.200000e+01  0.000000e+00  0.000000e+00
     vertex  3.765000e+01  8.000000e+00  0.000000e+00
   endloop
 endfacet
 facet normal  0.000000e+00  0.000000e+00 -1.000000e+00
   outer loop
     vertex  4.200000e+01  1.600000e+01  0.000000e+00
     vertex  3.409175e+01  1.048949e+01  0.000000e+00
     vertex  2.187401e+01  1.050172e+01  0.000000e+00
   endloop
 endfacet
 facet normal  0.000000e+00  0.000000e+00 -1.000000e+00
   outer loop
     vertex  4.200000e+01  1.600000e+01  0.000000e+00
     vertex  3.765000e+01  8.000000e+00  0.000000e+00
     vertex  3.764900e+01  8.072700e+00  0.000000e+00
   endloop
 endfacet
 facet normal  0.000000e+00  0.000000e+00 -1.000000e+00
   outer loop
     vertex  4.200000e+01  1.600000e+01  0.000000e+00
     vertex  3.764900e+01  8.072700e+00  0.000000e+00
     vertex  3.764601e+01  8.145346e+00  0.000000e+00
   endloop
 endfacet
 facet normal  0.000000e+00  0.000000e+00 -1.000000e+00
   outer loop
     vertex  4.200000e+01  1.600000e+01  0.000000e+00
     vertex  3.764601e+01  8.145346e+00  0.000000e+00
     vertex  3.764103e+01  8.217882e+00  0.000000e+00
   endloop
 endfacet
 facet normal  0.000000e+00  0.000000e+00 -1.000000e+00
   outer loop
     vertex  4.200000e+01  1.600000e+01  0.000000e+00
     vertex  3.764103e+01  8.217882e+00  0.000000e+00
     vertex  3.763406e+01  8.290254e+00  0.000000e+00
   endloop
 endfacet
 facet normal  0.000000e+00  0.000000e+00 -1.000000e+00
   outer loop
     vertex  4.200000e+01  1.600000e+01  0.000000e+00
     vertex  3.763406e+01  8.290254e+00  0.000000e+00
     vertex  3.762510e+01  8.362407e+00  0.000000e+00
   endloop
 endfacet
 facet normal  0.000000e+00  0.000000e+00 -1.000000e+00
   outer loop
     vertex  4.200000e+01  1.600000e+01  0.000000e+00
     vertex  3.762510e+01  8.362407e+00  0.000000e+00
     vertex  3.761417e+01  8.434288e+00  0.000000e+00
   endloop
 endfacet
 facet normal  0.000000e+00  0.000000e+00 -1.000000e+00
   outer loop
     vertex  4.200000e+01  1.600000e+01  0.000000e+00
     vertex  3.761417e+01  8.434288e+00  0.000000e+00
     vertex  3.760127e+01  8.505842e+00  0.000000e+00
   endloop
 endfacet
 facet normal  0.000000e+00  0.000000e+00 -1.000000e+00
   outer loop
     vertex  4.200000e+01  1.600000e+01  0.000000e+00
     vertex  3.760127e+01  8.505842e+00  0.000000e+00
     vertex  3.758642e+01  8.577015e+00  0.000000e+00
   endloop
 endfacet
 facet normal  0.000000e+00  0.000000e+00 -1.000000e+00
   outer loop
     vertex  4.200000e+01  1.600000e+01  0.000000e+00
     vertex  3.758642e+01  8.577015e+00  0.000000e+00
     vertex  3.756961e+01  8.647754e+00  0.000000e+00
   endloop
 endfacet
 facet normal  0.000000e+00  0.000000e+00 -1.000000e+00
   outer loop
     vertex  4.200000e+01  1.600000e+01  0.000000e+00
     vertex  3.756961e+01  8.647754e+00  0.000000e+00
     vertex  3.755088e+01  8.718005e+00  0.000000e+00
   endloop
 endfacet
 facet normal  0.000000e+00  0.000000e+00 -1.000000e+00
   outer loop
     vertex  4.200000e+01  1.600000e+01  0.000000e+00
     vertex  3.755088e+01  8.718005e+00  0.000000e+00
     vertex  3.753022e+01  8.787716e+00  0.000000e+00
   endloop
 endfacet
 facet normal  0.000000e+00  0.000000e+00 -1.000000e+00
   outer loop
     vertex  4.200000e+01  1.600000e+01  0.000000e+00
     vertex  3.753022e+01  8.787716e+00  0.000000e+00
     vertex  3.750766e+01  8.856833e+00  0.000000e+00
   endloop
 endfacet
 facet normal  0.000000e+00  0.000000e+00 -1.000000e+00
   outer loop
     vertex  4.200000e+01  1.600000e+01  0.000000e+00
     vertex  3.750766e+01  8.856833e+00  0.000000e+00
     vertex  3.748321e+01  8.925306e+00  0.000000e+00
   endloop
 endfacet
 facet normal  0.000000e+00  0.000000e+00 -1.000000e+00
   outer loop
     vertex  4.200000e+01  1.600000e+01  0.000000e+00
     vertex  3.748321e+01  8.925306e+00  0.000000e+00
     vertex  3.745689e+01  8.993082e+00  0.000000e+00
   endloop
 endfacet
 facet normal  0.000000e+00  0.000000e+00 -1.000000e+00
   outer loop
     vertex  4.200000e+01  1.600000e+01  0.000000e+00
     vertex  3.745689e+01  8.993082e+00  0.000000e+00
     vertex  3.742872e+01  9.060111e+00  0.000000e+00
   endloop
 endfacet
 facet normal  0.000000e+00  0.000000e+00 -1.000000e+00
   outer loop
     vertex  4.200000e+01  1.600000e+01  0.000000e+00
     vertex  3.742872e+01  9.060111e+00  0.000000e+00
     vertex  3.739872e+01  9.126341e+00  0.000000e+00
   endloop
 endfacet
 facet normal  0.000000e+00  0.000000e+00 -1.000000e+00
   outer loop
     vertex  4.200000e+01  1.600000e+01  0.000000e+00
     vertex  3.739872e+01  9.126341e+00  0.000000e+00
     vertex  3.736692e+01  9.191724e+00  0.000000e+00
   endloop
 endfacet
 facet normal  0.000000e+00  0.000000e+00 -1.000000e+00
   outer loop
     vertex  4.200000e+01  1.600000e+01  0.000000e+00
     vertex  3.736692e+01  9.191724e+00  0.000000e+00
     vertex  3.733333e+01  9.256209e+00  0.000000e+00
   endloop
 endfacet
 facet normal  0.000000e+00  0.000000e+00 -1.000000e+00
   outer loop
     vertex  4.200000e+01  1.600000e+01  0.000000e+00
     vertex  2.187401e+01  1.050172e+01  0.000000e+00
     vertex  2.180505e+01  1.052476e+01  0.000000e+00
   endloop
 endfacet
 facet normal  0.000000e+00  0.000000e+00 -1.000000e+00
   outer loop
     vertex  4.200000e+01  1.600000e+01  0.000000e+00
     vertex  3.733333e+01  9.256209e+00  0.000000e+00
     vertex  3.729799e+01  9.319749e+00  0.000000e+00
   endloop
 endfacet
 facet normal  0.000000e+00  0.000000e+00 -1.000000e+00
   outer loop
     vertex  4.200000e+01  1.600000e+01  0.000000e+00
     vertex  2.180505e+01  1.052476e+01  0.000000e+00
     vertex  2.173549e+01  1.054589e+01  0.000000e+00
   endloop
 endfacet
 facet normal  0.000000e+00  0.000000e+00 -1.000000e+00
   outer loop
     vertex  4.200000e+01  1.600000e+01  0.000000e+00
     vertex  3.729799e+01  9.319749e+00  0.000000e+00
     vertex  3.726092e+01  9.382296e+00  0.000000e+00
   endloop
 endfacet
 facet normal  0.000000e+00  0.000000e+00 -1.000000e+00
   outer loop
     vertex  4.200000e+01  1.600000e+01  0.000000e+00
     vertex  2.173549e+01  1.054589e+01  0.000000e+00
     vertex  2.166536e+01  1.056511e+01  0.000000e+00
   endloop
 endfacet
 facet normal  0.000000e+00  0.000000e+00 -1.000000e+00
   outer loop
     vertex  4.200000e+01  1.600000e+01  0.000000e+00
     vertex  3.726092e+01  9.382296e+00  0.000000e+00
     vertex  3.722215e+01  9.443802e+00  0.000000e+00
   endloop
 endfacet
 facet normal  0.000000e+00  0.000000e+00 -1.000000e+00
   outer loop
     vertex  4.200000e+01  1.600000e+01  0.000000e+00
     vertex  2.166536e+01  1.056511e+01  0.000000e+00
     vertex  2.159474e+01  1.058240e+01  0.000000e+00
   endloop
 endfacet
 facet normal  0.000000e+00  0.000000e+00 -1.000000e+00
   outer loop
     vertex  4.200000e+01  1.600000e+01  0.000000e+00
     vertex  3.722215e+01  9.443802e+00  0.000000e+00
     vertex  3.718170e+01  9.504221e+00  0.000000e+00
   endloop
 endfacet
 facet normal  0.000000e+00  0.000000e+00 -1.000000e+00
   outer loop
     vertex  4.200000e+01  1.600000e+01  0.000000e+00
     vertex  2.159474e+01  1.058240e+01  0.000000e+00
     vertex  2.152367e+01  1.059774e+01  0.000000e+00
   endloop
 endfacet
 facet normal  0.000000e+00  0.000000e+00 -1.000000e+00
   outer loop
     vertex  4.200000e+01  1.600000e+01  0.000000e+00
     vertex  3.718170e+01  9.504221e+00  0.000000e+00
     vertex  3.713961e+01  9.563507e+00  0.000000e+00
   endloop
 endfacet
 facet normal  0.000000e+00  0.000000e+00 -1.000000e+00
   outer loop
     vertex  4.200000e+01  1.600000e+01  0.000000e+00
     vertex  3.713961e+01  9.563507e+00  0.000000e+00
     vertex  3.709591e+01  9.621617e+00  0.000000e+00
   endloop
 endfacet
 facet normal  0.000000e+00  0.000000e+00 -1.000000e+00
   outer loop
     vertex  4.200000e+01  1.600000e+01  0.000000e+00
     vertex  3.709591e+01  9.621617e+00  0.000000e+00
     vertex  3.705064e+01  9.678506e+00  0.000000e+00
   endloop
 endfacet
 facet normal  0.000000e+00  0.000000e+00 -1.000000e+00
   outer loop
     vertex  4.200000e+01  1.600000e+01  0.000000e+00
     vertex  3.705064e+01  9.678506e+00  0.000000e+00
     vertex  3.700382e+01  9.734132e+00  0.000000e+00
   endloop
 endfacet
 facet normal  0.000000e+00  0.000000e+00 -1.000000e+00
   outer loop
     vertex  4.200000e+01  1.600000e+01  0.000000e+00
     vertex  3.700382e+01  9.734132e+00  0.000000e+00
     vertex  3.695549e+01  9.788452e+00  0.000000e+00
   endloop
 endfacet
 facet normal  0.000000e+00  0.000000e+00 -1.000000e+00
   outer loop
     vertex  4.200000e+01  1.600000e+01  0.000000e+00
     vertex  3.695549e+01  9.788452e+00  0.000000e+00
     vertex  3.690569e+01  9.841426e+00  0.000000e+00
   endloop
 endfacet
 facet normal  0.000000e+00  0.000000e+00 -1.000000e+00
   outer loop
     vertex  4.200000e+01  1.600000e+01  0.000000e+00
     vertex  3.690569e+01  9.841426e+00  0.000000e+00
     vertex  3.685445e+01  9.893013e+00  0.000000e+00
   endloop
 endfacet
 facet normal  0.000000e+00  0.000000e+00 -1.000000e+00
   outer loop
     vertex  4.200000e+01  1.600000e+01  0.000000e+00
     vertex  3.685445e+01  9.893013e+00  0.000000e+00
     vertex  3.680182e+01  9.943176e+00  0.000000e+00
   endloop
 endfacet
 facet normal  0.000000e+00  0.000000e+00 -1.000000e+00
   outer loop
     vertex  4.200000e+01  1.600000e+01  0.000000e+00
     vertex  3.680182e+01  9.943176e+00  0.000000e+00
     vertex  3.674784e+01  9.991876e+00  0.000000e+00
   endloop
 endfacet
 facet normal  0.000000e+00  0.000000e+00 -1.000000e+00
   outer loop
     vertex  4.200000e+01  1.600000e+01  0.000000e+00
     vertex  3.674784e+01  9.991876e+00  0.000000e+00
     vertex  3.669253e+01  1.003908e+01  0.000000e+00
   endloop
 endfacet
 facet normal  0.000000e+00  0.000000e+00 -1.000000e+00
   outer loop
     vertex  4.200000e+01  1.600000e+01  0.000000e+00
     vertex  3.669253e+01  1.003908e+01  0.000000e+00
     vertex  3.663596e+01  1.008474e+01  0.000000e+00
   endloop
 endfacet
 facet normal  0.000000e+00  0.000000e+00 -1.000000e+00
   outer loop
     vertex  4.200000e+01  1.600000e+01  0.000000e+00
     vertex  3.663596e+01  1.008474e+01  0.000000e+00
     vertex  3.657815e+01  1.012884e+01  0.000000e+00
   endloop
 endfacet
 facet normal  0.000000e+00  0.000000e+00 -1.000000e+00
   outer loop
     vertex  4.200000e+01  1.600000e+01  0.000000e+00
     vertex  3.657815e+01  1.012884e+01  0.000000e+00
     vertex  3.651915e+01  1.017133e+01  0.000000e+00
   endloop
 endfacet
 facet normal  0.000000e+00  0.000000e+00 -1.000000e+00
   outer loop
     vertex  4.200000e+01  1.600000e+01  0.000000e+00
     vertex  3.651915e+01  1.017133e+01  0.000000e+00
     vertex  3.645901e+01  1.021219e+01  0.000000e+00
   endloop
 endfacet
 facet normal  0.000000e+00  0.000000e+00 -1.000000e+00
   outer loop
     vertex  4.200000e+01  1.600000e+01  0.000000e+00
     vertex  3.645901e+01  1.021219e+01  0.000000e+00
     vertex  3.639777e+01  1.025139e+01  0.000000e+00
   endloop
 endfacet
 facet normal  0.000000e+00  0.000000e+00 -1.000000e+00
   outer loop
     vertex  4.200000e+01  1.600000e+01  0.000000e+00
     vertex  3.639777e+01  1.025139e+01  0.000000e+00
     vertex  3.633548e+01  1.028888e+01  0.000000e+00
   endloop
 endfacet
 facet normal  0.000000e+00  0.000000e+00 -1.000000e+00
   outer loop
     vertex  4.200000e+01  1.600000e+01  0.000000e+00
     vertex  3.633548e+01  1.028888e+01  0.000000e+00
     vertex  3.627218e+01  1.032466e+01  0.000000e+00
   endloop
 endfacet
 facet normal  0.000000e+00  0.000000e+00 -1.000000e+00
   outer loop
     vertex  4.200000e+01  1.600000e+01  0.000000e+00
     vertex  3.627218e+01  1.032466e+01  0.000000e+00
     vertex  3.620793e+01  1.035869e+01  0.000000e+00
   endloop
 endfacet
 facet normal  0.000000e+00  0.000000e+00 -1.000000e+00
   outer loop
     vertex  4.200000e+01  1.600000e+01  0.000000e+00
     vertex  3.620793e+01  1.035869e+01  0.000000e+00
     vertex  3.614277e+01  1.039094e+01  0.000000e+00
   endloop
 endfacet
 facet normal  0.000000e+00  0.000000e+00 -1.000000e+00
   outer loop
     vertex  4.200000e+01  1.600000e+01  0.000000e+00
     vertex  3.614277e+01  1.039094e+01  0.000000e+00
     vertex  3.607674e+01  1.042139e+01  0.000000e+00
   endloop
 endfacet
 facet normal -0.000000e+00  0.000000e+00 -1.000000e+00
   outer loop
     vertex  4.200000e+01  1.600000e+01  0.000000e+00
     vertex  2.101818e+01  1.064994e+01  0.000000e+00
     vertex  0.000000e+00  1.600000e+01  0.000000e+00
   endloop
 endfacet
 facet normal -0.000000e+00  0.000000e+00 -1.000000e+00
   outer loop
     vertex  2.101818e+01  1.064994e+01  0.000000e+00
     vertex  2.094547e+01  1.064944e+01  0.000000e+00
     vertex  0.000000e+00  1.600000e+01  0.000000e+00
   endloop
 endfacet
 facet normal -0.000000e+00  0.000000e+00 -1.000000e+00
   outer loop
     vertex  2.094547e+01  1.064944e+01  0.000000e+00
     vertex  2.087281e+01  1.064695e+01  0.000000e+00
     vertex  0.000000e+00  1.600000e+01  0.000000e+00
   endloop
 endfacet
 facet normal -0.000000e+00  0.000000e+00 -1.000000e+00
   outer loop
     vertex  2.087281e+01  1.064695e+01  0.000000e+00
     vertex  2.080024e+01  1.064246e+01  0.000000e+00
     vertex  0.000000e+00  1.600000e+01  0.000000e+00
   endloop
 endfacet
 facet normal -0.000000e+00  0.000000e+00 -1.000000e+00
   outer loop
     vertex  2.080024e+01  1.064246e+01  0.000000e+00
     vertex  2.072782e+01  1.063599e+01  0.000000e+00
     vertex  0.000000e+00  1.600000e+01  0.000000e+00
   endloop
 endfacet
 facet normal -0.000000e+00  0.000000e+00 -1.000000e+00
   outer loop
     vertex  2.072782e+01  1.063599e+01  0.000000e+00
     vertex  2.065561e+01  1.062753e+01  0.000000e+00
     vertex  0.000000e+00  1.600000e+01  0.000000e+00
   endloop
 endfacet
 facet normal -0.000000e+00  0.000000e+00 -1.000000e+00
   outer loop
     vertex  2.065561e+01  1.062753e+01  0.000000e+00
     vertex  2.058365e+01  1.061709e+01  0.000000e+00
     vertex  0.000000e+00  1.600000e+01  0.000000e+00
   endloop
 endfacet
 facet normal -0.000000e+00  0.000000e+00 -1.000000e+00
   outer loop
     vertex  2.058365e+01  1.061709e+01  0.000000e+00
     vertex  2.051201e+01  1.060468e+01  0.000000e+00
     vertex  0.000000e+00  1.600000e+01  0.000000e+00
   endloop
 endfacet
 facet normal  0.000000e+00  0.000000e+00 -1.000000e+00
   outer loop
     vertex  4.200000e+01  1.600000e+01  0.000000e+00
     vertex  2.109087e+01  1.064844e+01  0.000000e+00
     vertex  2.101818e+01  1.064994e+01  0.000000e+00
   endloop
 endfacet
 facet normal  0.000000e+00  0.000000e+00 -1.000000e+00
   outer loop
     vertex  4.200000e+01  1.600000e+01  0.000000e+00
     vertex  2.116349e+01  1.064495e+01  0.000000e+00
     vertex  2.109087e+01  1.064844e+01  0.000000e+00
   endloop
 endfacet
 facet normal  0.000000e+00  0.000000e+00 -1.000000e+00
   outer loop
     vertex  4.200000e+01  1.600000e+01  0.000000e+00
     vertex  2.123599e+01  1.063947e+01  0.000000e+00
     vertex  2.116349e+01  1.064495e+01  0.000000e+00
   endloop
 endfacet
 facet normal  0.000000e+00  0.000000e+00 -1.000000e+00
   outer loop
     vertex  4.200000e+01  1.600000e+01  0.000000e+00
     vertex  2.130831e+01  1.063200e+01  0.000000e+00
     vertex  2.123599e+01  1.063947e+01  0.000000e+00
   endloop
 endfacet
 facet normal  0.000000e+00  0.000000e+00 -1.000000e+00
   outer loop
     vertex  4.200000e+01  1.600000e+01  0.000000e+00
     vertex  2.138041e+01  1.062255e+01  0.000000e+00
     vertex  2.130831e+01  1.063200e+01  0.000000e+00
   endloop
 endfacet
 facet normal  0.000000e+00  0.000000e+00 -1.000000e+00
   outer loop
     vertex  4.200000e+01  1.600000e+01  0.000000e+00
     vertex  2.145221e+01  1.061113e+01  0.000000e+00
     vertex  2.138041e+01  1.062255e+01  0.000000e+00
   endloop
 endfacet
 facet normal  0.000000e+00  0.000000e+00 -1.000000e+00
   outer loop
     vertex  4.200000e+01  1.600000e+01  0.000000e+00
     vertex  2.152367e+01  1.059774e+01  0.000000e+00
     vertex  2.145221e+01  1.061113e+01  0.000000e+00
   endloop
 endfacet
 facet normal  1.000000e+00  0.000000e+00  0.000000e+00
   outer loop
     vertex  4.200000e+01  0.000000e+00  4.000000e+00
     vertex  4.200000e+01  0.000000e+00  0.000000e+00
     vertex  4.200000e+01  1.600000e+01  0.000000e+00
   endloop
 endfacet
 facet normal  1.000000e+00 -0.000000e+00  0.000000e+00
   outer loop
     vertex  4.200000e+01  0.000000e+00  4.000000e+00
     vertex  4.200000e+01  1.600000e+01  0.000000e+00
     vertex  4.200000e+01  1.600000e+01  4.000000e+00
   endloop
 endfacet
 facet normal -9.999059e-01 -1.371831e-02  0.000000e+00
   outer loop
     vertex  9.649003e+00  8.072700e+00  4.000000e+00
     vertex  9.650000e+00  8.000000e+00  0.000000e+00
     vertex  9.650000e+00  8.000000e+00  4.000000e+00
   endloop
 endfacet
 facet normal -9.999059e-01 -1.371831e-02 -0.000000e+00
   outer loop
     vertex  9.649003e+00  8.072700e+00  4.000000e+00
     vertex  9.649003e+00  8.072700e+00  0.000000e+00
     vertex  9.650000e+00  8.000000e+00  0.000000e+00
   endloop
 endfacet
 facet normal -9.991532e-01 -4.114462e-02 -0.000000e+00
   outer loop
     vertex  9.646011e+00  8.145346e+00  4.000000e+00
     vertex  9.646011e+00  8.145346e+00  0.000000e+00
     vertex  9.649003e+00  8.072700e+00  0.000000e+00
   endloop
 endfacet
 facet normal -9.991532e-01 -4.114462e-02  0.000000e+00
   outer loop
     vertex  9.646011e+00  8.145346e+00  4.000000e+00
     vertex  9.649003e+00  8.072700e+00  0.000000e+00
     vertex  9.649003e+00  8.072700e+00  4.000000e+00
   endloop
 endfacet
 facet normal -9.976484e-01 -6.853995e-02 -0.000000e+00
   outer loop
     vertex  9.641028e+00  8.217882e+00  4.000000e+00
     vertex  9.641028e+00  8.217882e+00  0.000000e+00
     vertex  9.646011e+00  8.145346e+00  0.000000e+00
   endloop
 endfacet
 facet normal -9.976484e-01 -6.853995e-02  0.000000e+00
   outer loop
     vertex  9.641028e+00  8.217882e+00  4.000000e+00
     vertex  9.646011e+00  8.145346e+00  0.000000e+00
     vertex  9.646011e+00  8.145346e+00  4.000000e+00
   endloop
 endfacet
 facet normal -9.953925e-01 -9.588368e-02 -0.000000e+00
   outer loop
     vertex  9.634056e+00  8.290254e+00  4.000000e+00
     vertex  9.634056e+00  8.290254e+00  0.000000e+00
     vertex  9.641028e+00  8.217882e+00  0.000000e+00
   endloop
 endfacet
 facet normal -9.953925e-01 -9.588368e-02  0.000000e+00
   outer loop
     vertex  9.634056e+00  8.290254e+00  4.000000e+00
     vertex  9.641028e+00  8.217882e+00  0.000000e+00
     vertex  9.641028e+00  8.217882e+00  4.000000e+00
   endloop
 endfacet
 facet normal -9.923874e-01 -1.231552e-01 -0.000000e+00
   outer loop
     vertex  9.625102e+00  8.362407e+00  4.000000e+00
     vertex  9.625102e+00  8.362407e+00  0.000000e+00
     vertex  9.634056e+00  8.290254e+00  0.000000e+00
   endloop
 endfacet
 facet normal -9.923874e-01 -1.231552e-01  0.000000e+00
   outer loop
     vertex  9.625102e+00  8.362407e+00  4.000000e+00
     vertex  9.634056e+00  8.290254e+00  0.000000e+00
     vertex  9.634056e+00  8.290254e+00  4.000000e+00
   endloop
 endfacet
 facet normal -9.886353e-01 -1.503341e-01 -0.000000e+00
   outer loop
     vertex  9.614172e+00  8.434288e+00  4.000000e+00
     vertex  9.614172e+00  8.434288e+00  0.000000e+00
     vertex  9.625102e+00  8.362407e+00  0.000000e+00
   endloop
 endfacet
 facet normal -9.886353e-01 -1.503341e-01  0.000000e+00
   outer loop
     vertex  9.614172e+00  8.434288e+00  4.000000e+00
     vertex  9.625102e+00  8.362407e+00  0.000000e+00
     vertex  9.625102e+00  8.362407e+00  4.000000e+00
   endloop
 endfacet
 facet normal -9.841389e-01 -1.773998e-01 -0.000000e+00
   outer loop
     vertex  9.601273e+00  8.505842e+00  4.000000e+00
     vertex  9.601273e+00  8.505842e+00  0.000000e+00
     vertex  9.614172e+00  8.434288e+00  0.000000e+00
   endloop
 endfacet
 facet normal -9.841389e-01 -1.773998e-01  0.000000e+00
   outer loop
     vertex  9.601273e+00  8.505842e+00  4.000000e+00
     vertex  9.614172e+00  8.434288e+00  0.000000e+00
     vertex  9.614172e+00  8.434288e+00  4.000000e+00
   endloop
 endfacet
 facet normal -9.789017e-01 -2.043319e-01 -0.000000e+00
   outer loop
     vertex  9.586417e+00  8.577015e+00  4.000000e+00
     vertex  9.586417e+00  8.577015e+00  0.000000e+00
     vertex  9.601273e+00  8.505842e+00  0.000000e+00
   endloop
 endfacet
 facet normal -9.789017e-01 -2.043319e-01  0.000000e+00
   outer loop
     vertex  9.586417e+00  8.577015e+00  4.000000e+00
     vertex  9.601273e+00  8.505842e+00  0.000000e+00
     vertex  9.601273e+00  8.505842e+00  4.000000e+00
   endloop
 endfacet
 facet normal -9.729276e-01 -2.311102e-01 -0.000000e+00
   outer loop
     vertex  9.569614e+00  8.647754e+00  4.000000e+00
     vertex  9.569614e+00  8.647754e+00  0.000000e+00
     vertex  9.586417e+00  8.577015e+00  0.000000e+00
   endloop
 endfacet
 facet normal -9.729276e-01 -2.311102e-01  0.000000e+00
   outer loop
     vertex  9.569614e+00  8.647754e+00  4.000000e+00
     vertex  9.586417e+00  8.577015e+00  0.000000e+00
     vertex  9.586417e+00  8.577015e+00  4.000000e+00
   endloop
 endfacet
 facet normal -9.662211e-01 -2.577146e-01  0.000000e+00
   outer loop
     vertex  9.550876e+00  8.718005e+00  4.000000e+00
     vertex  9.569614e+00  8.647754e+00  0.000000e+00
     vertex  9.569614e+00  8.647754e+00  4.000000e+00
   endloop
 endfacet
 facet normal -9.662211e-01 -2.577146e-01 -0.000000e+00
   outer loop
     vertex  9.550876e+00  8.718005e+00  4.000000e+00
     vertex  9.550876e+00  8.718005e+00  0.000000e+00
     vertex  9.569614e+00  8.647754e+00  0.000000e+00
   endloop
 endfacet
 facet normal -9.587873e-01 -2.841250e-01  0.000000e+00
   outer loop
     vertex  9.530218e+00  8.787716e+00  4.000000e+00
     vertex  9.550876e+00  8.718005e+00  0.000000e+00
     vertex  9.550876e+00  8.718005e+00  4.000000e+00
   endloop
 endfacet
 facet normal -9.587873e-01 -2.841250e-01 -0.000000e+00
   outer loop
     vertex  9.530218e+00  8.787716e+00  4.000000e+00
     vertex  9.530218e+00  8.787716e+00  0.000000e+00
     vertex  9.550876e+00  8.718005e+00  0.000000e+00
   endloop
 endfacet
 facet normal -9.506317e-01 -3.103214e-01  0.000000e+00
   outer loop
     vertex  9.507656e+00  8.856833e+00  4.000000e+00
     vertex  9.530218e+00  8.787716e+00  0.000000e+00
     vertex  9.530218e+00  8.787716e+00  4.000000e+00
   endloop
 endfacet
 facet normal -9.506317e-01 -3.103214e-01 -0.000000e+00
   outer loop
     vertex  9.507656e+00  8.856833e+00  4.000000e+00
     vertex  9.507656e+00  8.856833e+00  0.000000e+00
     vertex  9.530218e+00  8.787716e+00  0.000000e+00
   endloop
 endfacet
 facet normal -9.417605e-01 -3.362843e-01 -0.000000e+00
   outer loop
     vertex  9.507656e+00  8.856833e+00  4.000000e+00
     vertex  9.483205e+00  8.925306e+00  0.000000e+00
     vertex  9.507656e+00  8.856833e+00  0.000000e+00
   endloop
 endfacet
 facet normal -9.417605e-01 -3.362843e-01 -0.000000e+00
   outer loop
     vertex  9.483205e+00  8.925306e+00  4.000000e+00
     vertex  9.483205e+00  8.925306e+00  0.000000e+00
     vertex  9.507656e+00  8.856833e+00  4.000000e+00
   endloop
 endfacet
 facet normal -9.321804e-01 -3.619940e-01  0.000000e+00
   outer loop
     vertex  9.456886e+00  8.993082e+00  4.000000e+00
     vertex  9.483205e+00  8.925306e+00  0.000000e+00
     vertex  9.483205e+00  8.925306e+00  4.000000e+00
   endloop
 endfacet
 facet normal -9.321804e-01 -3.619940e-01 -0.000000e+00
   outer loop
     vertex  9.456886e+00  8.993082e+00  4.000000e+00
     vertex  9.456886e+00  8.993082e+00  0.000000e+00
     vertex  9.483205e+00  8.925306e+00  0.000000e+00
   endloop
 endfacet
 facet normal -9.218986e-01 -3.874313e-01 -0.000000e+00
   outer loop
     vertex  9.456886e+00  8.993082e+00  4.000000e+00
     vertex  9.428717e+00  9.060111e+00  0.000000e+00
     vertex  9.456886e+00  8.993082e+00  0.000000e+00
   endloop
 endfacet
 facet normal -9.218986e-01 -3.874313e-01 -0.000000e+00
   outer loop
     vertex  9.428717e+00  9.060111e+00  4.000000e+00
     vertex  9.428717e+00  9.060111e+00  0.000000e+00
     vertex  9.456886e+00  8.993082e+00  4.000000e+00
   endloop
 endfacet
 facet normal -9.109228e-01 -4.125769e-01  0.000000e+00
   outer loop
     vertex  9.398720e+00  9.126341e+00  4.000000e+00
     vertex  9.428717e+00  9.060111e+00  0.000000e+00
     vertex  9.428717e+00  9.060111e+00  4.000000e+00
   endloop
 endfacet
 facet normal -9.109228e-01 -4.125769e-01 -0.000000e+00
   outer loop
     vertex  9.398720e+00  9.126341e+00  4.000000e+00
     vertex  9.398720e+00  9.126341e+00  0.000000e+00
     vertex  9.428717e+00  9.060111e+00  0.000000e+00
   endloop
 endfacet
 facet normal -8.992613e-01 -4.374119e-01  0.000000e+00
   outer loop
     vertex  9.366917e+00  9.191724e+00  4.000000e+00
     vertex  9.398720e+00  9.126341e+00  0.000000e+00
     vertex  9.398720e+00  9.126341e+00  4.000000e+00
   endloop
 endfacet
 facet normal -8.992613e-01 -4.374119e-01 -0.000000e+00
   outer loop
     vertex  9.366917e+00  9.191724e+00  4.000000e+00
     vertex  9.366917e+00  9.191724e+00  0.000000e+00
     vertex  9.398720e+00  9.126341e+00  0.000000e+00
   endloop
 endfacet
 facet normal -8.869228e-01 -4.619176e-01 -0.000000e+00
   outer loop
     vertex  9.366917e+00  9.191724e+00  4.000000e+00
     vertex  9.333332e+00  9.256209e+00  0.000000e+00
     vertex  9.366917e+00  9.191724e+00  0.000000e+00
   endloop
 endfacet
 facet normal -8.869228e-01 -4.619176e-01 -0.000000e+00
   outer loop
     vertex  9.333332e+00  9.256209e+00  4.000000e+00
     vertex  9.333332e+00  9.256209e+00  0.000000e+00
     vertex  9.366917e+00  9.191724e+00  4.000000e+00
   endloop
 endfacet
 facet normal -8.739167e-01 -4.860756e-01  0.000000e+00
   outer loop
     vertex  9.297991e+00  9.319749e+00  4.000000e+00
     vertex  9.333332e+00  9.256209e+00  0.000000e+00
     vertex  9.333332e+00  9.256209e+00  4.000000e+00
   endloop
 endfacet
 facet normal -8.739167e-01 -4.860756e-01 -0.000000e+00
   outer loop
     vertex  9.297991e+00  9.319749e+00  4.000000e+00
     vertex  9.297991e+00  9.319749e+00  0.000000e+00
     vertex  9.333332e+00  9.256209e+00  0.000000e+00
   endloop
 endfacet
 facet normal -8.602528e-01 -5.098678e-01  0.000000e+00
   outer loop
     vertex  9.260920e+00  9.382296e+00  4.000000e+00
     vertex  9.297991e+00  9.319749e+00  0.000000e+00
     vertex  9.297991e+00  9.319749e+00  4.000000e+00
   endloop
 endfacet
 facet normal -8.602528e-01 -5.098678e-01 -0.000000e+00
   outer loop
     vertex  9.260920e+00  9.382296e+00  4.000000e+00
     vertex  9.260920e+00  9.382296e+00  0.000000e+00
     vertex  9.297991e+00  9.319749e+00  0.000000e+00
   endloop
 endfacet
 facet normal -8.459413e-01 -5.332761e-01  0.000000e+00
   outer loop
     vertex  9.222147e+00  9.443802e+00  4.000000e+00
     vertex  9.260920e+00  9.382296e+00  0.000000e+00
     vertex  9.260920e+00  9.382296e+00  4.000000e+00
   endloop
 endfacet
 facet normal -8.459413e-01 -5.332761e-01 -0.000000e+00
   outer loop
     vertex  9.222147e+00  9.443802e+00  4.000000e+00
     vertex  9.222147e+00  9.443802e+00  0.000000e+00
     vertex  9.260920e+00  9.382296e+00  0.000000e+00
   endloop
 endfacet
 facet normal -8.309929e-01 -5.562829e-01 -0.000000e+00
   outer loop
     vertex  9.181701e+00  9.504221e+00  4.000000e+00
     vertex  9.181701e+00  9.504221e+00  0.000000e+00
     vertex  9.222147e+00  9.443802e+00  0.000000e+00
   endloop
 endfacet
 facet normal -8.309929e-01 -5.562829e-01  0.000000e+00
   outer loop
     vertex  9.181701e+00  9.504221e+00  4.000000e+00
     vertex  9.222147e+00  9.443802e+00  0.000000e+00
     vertex  9.222147e+00  9.443802e+00  4.000000e+00
   endloop
 endfacet
 facet normal -8.154191e-01 -5.788711e-01 -0.000000e+00
   outer loop
     vertex  9.139613e+00  9.563507e+00  4.000000e+00
     vertex  9.139613e+00  9.563507e+00  0.000000e+00
     vertex  9.181701e+00  9.504221e+00  0.000000e+00
   endloop
 endfacet
 facet normal -8.154191e-01 -5.788711e-01  0.000000e+00
   outer loop
     vertex  9.139613e+00  9.563507e+00  4.000000e+00
     vertex  9.181701e+00  9.504221e+00  0.000000e+00
     vertex  9.181701e+00  9.504221e+00  4.000000e+00
   endloop
 endfacet
 facet normal -7.992314e-01 -6.010234e-01 -0.000000e+00
   outer loop
     vertex  9.095915e+00  9.621617e+00  4.000000e+00
     vertex  9.095915e+00  9.621617e+00  0.000000e+00
     vertex  9.139613e+00  9.563507e+00  0.000000e+00
   endloop
 endfacet
 facet normal -7.992314e-01 -6.010234e-01  0.000000e+00
   outer loop
     vertex  9.095915e+00  9.621617e+00  4.000000e+00
     vertex  9.139613e+00  9.563507e+00  0.000000e+00
     vertex  9.139613e+00  9.563507e+00  4.000000e+00
   endloop
 endfacet
 facet normal -7.824421e-01 -6.227234e-01 -0.000000e+00
   outer loop
     vertex  9.050638e+00  9.678506e+00  4.000000e+00
     vertex  9.050638e+00  9.678506e+00  0.000000e+00
     vertex  9.095915e+00  9.621617e+00  0.000000e+00
   endloop
 endfacet
 facet normal -7.824421e-01 -6.227234e-01  0.000000e+00
   outer loop
     vertex  9.050638e+00  9.678506e+00  4.000000e+00
     vertex  9.095915e+00  9.621617e+00  0.000000e+00
     vertex  9.095915e+00  9.621617e+00  4.000000e+00
   endloop
 endfacet
 facet normal -7.650637e-01 -6.439545e-01 -0.000000e+00
   outer loop
     vertex  9.003818e+00  9.734132e+00  4.000000e+00
     vertex  9.003818e+00  9.734132e+00  0.000000e+00
     vertex  9.050638e+00  9.678506e+00  0.000000e+00
   endloop
 endfacet
 facet normal -7.650637e-01 -6.439545e-01  0.000000e+00
   outer loop
     vertex  9.003818e+00  9.734132e+00  4.000000e+00
     vertex  9.050638e+00  9.678506e+00  0.000000e+00
     vertex  9.050638e+00  9.678506e+00  4.000000e+00
   endloop
 endfacet
 facet normal -7.471095e-01 -6.647010e-01 -0.000000e+00
   outer loop
     vertex  8.955490e+00  9.788452e+00  4.000000e+00
     vertex  8.955490e+00  9.788452e+00  0.000000e+00
     vertex  9.003818e+00  9.734132e+00  0.000000e+00
   endloop
 endfacet
 facet normal -7.471095e-01 -6.647010e-01  0.000000e+00
   outer loop
     vertex  8.955490e+00  9.788452e+00  4.000000e+00
     vertex  9.003818e+00  9.734132e+00  0.000000e+00
     vertex  9.003818e+00  9.734132e+00  4.000000e+00
   endloop
 endfacet
 facet normal -7.285929e-01 -6.849470e-01 -0.000000e+00
   outer loop
     vertex  8.905689e+00  9.841426e+00  4.000000e+00
     vertex  8.905689e+00  9.841426e+00  0.000000e+00
     vertex  8.955490e+00  9.788452e+00  0.000000e+00
   endloop
 endfacet
 facet normal -7.285929e-01 -6.849470e-01  0.000000e+00
   outer loop
     vertex  8.905689e+00  9.841426e+00  4.000000e+00
     vertex  8.955490e+00  9.788452e+00  0.000000e+00
     vertex  8.955490e+00  9.788452e+00  4.000000e+00
   endloop
 endfacet
 facet normal -7.095278e-01 -7.046775e-01 -0.000000e+00
   outer loop
     vertex  8.854454e+00  9.893013e+00  4.000000e+00
     vertex  8.854454e+00  9.893013e+00  0.000000e+00
     vertex  8.905689e+00  9.841426e+00  0.000000e+00
   endloop
 endfacet
 facet normal -7.095278e-01 -7.046775e-01  0.000000e+00
   outer loop
     vertex  8.854454e+00  9.893013e+00  4.000000e+00
     vertex  8.905689e+00  9.841426e+00  0.000000e+00
     vertex  8.905689e+00  9.841426e+00  4.000000e+00
   endloop
 endfacet
 facet normal -6.899286e-01 -7.238775e-01 -0.000000e+00
   outer loop
     vertex  8.801823e+00  9.943176e+00  4.000000e+00
     vertex  8.801823e+00  9.943176e+00  0.000000e+00
     vertex  8.854454e+00  9.893013e+00  0.000000e+00
   endloop
 endfacet
 facet normal -6.899286e-01 -7.238775e-01  0.000000e+00
   outer loop
     vertex  8.801823e+00  9.943176e+00  4.000000e+00
     vertex  8.854454e+00  9.893013e+00  0.000000e+00
     vertex  8.854454e+00  9.893013e+00  4.000000e+00
   endloop
 endfacet
 facet normal -6.698100e-01 -7.425325e-01 -0.000000e+00
   outer loop
     vertex  8.747836e+00  9.991876e+00  4.000000e+00
     vertex  8.747836e+00  9.991876e+00  0.000000e+00
     vertex  8.801823e+00  9.943176e+00  0.000000e+00
   endloop
 endfacet
 facet normal -6.698100e-01 -7.425325e-01  0.000000e+00
   outer loop
     vertex  8.747836e+00  9.991876e+00  4.000000e+00
     vertex  8.801823e+00  9.943176e+00  0.000000e+00
     vertex  8.801823e+00  9.943176e+00  4.000000e+00
   endloop
 endfacet
 facet normal -6.491872e-01 -7.606287e-01 -0.000000e+00
   outer loop
     vertex  8.692533e+00  1.003908e+01  4.000000e+00
     vertex  8.692533e+00  1.003908e+01  0.000000e+00
     vertex  8.747836e+00  9.991876e+00  0.000000e+00
   endloop
 endfacet
 facet normal -6.491872e-01 -7.606287e-01  0.000000e+00
   outer loop
     vertex  8.692533e+00  1.003908e+01  4.000000e+00
     vertex  8.747836e+00  9.991876e+00  0.000000e+00
     vertex  8.747836e+00  9.991876e+00  4.000000e+00
   endloop
 endfacet
 facet normal -6.280757e-01 -7.781522e-01 -0.000000e+00
   outer loop
     vertex  8.635956e+00  1.008474e+01  4.000000e+00
     vertex  8.635956e+00  1.008474e+01  0.000000e+00
     vertex  8.692533e+00  1.003908e+01  0.000000e+00
   endloop
 endfacet
 facet normal -6.064915e-01 -7.950900e-01 -0.000000e+00
   outer loop
     vertex  8.635956e+00  1.008474e+01  4.000000e+00
     vertex  8.578147e+00  1.012884e+01  0.000000e+00
     vertex  8.635956e+00  1.008474e+01  0.000000e+00
   endloop
 endfacet
 facet normal -6.280757e-01 -7.781522e-01  0.000000e+00
   outer loop
     vertex  8.635956e+00  1.008474e+01  4.000000e+00
     vertex  8.692533e+00  1.003908e+01  0.000000e+00
     vertex  8.692533e+00  1.003908e+01  4.000000e+00
   endloop
 endfacet
 facet normal -6.064915e-01 -7.950900e-01 -0.000000e+00
   outer loop
     vertex  8.578147e+00  1.012884e+01  4.000000e+00
     vertex  8.578147e+00  1.012884e+01  0.000000e+00
     vertex  8.635956e+00  1.008474e+01  4.000000e+00
   endloop
 endfacet
 facet normal -5.844507e-01 -8.114292e-01  0.000000e+00
   outer loop
     vertex  8.519150e+00  1.017133e+01  4.000000e+00
     vertex  8.578147e+00  1.012884e+01  0.000000e+00
     vertex  8.578147e+00  1.012884e+01  4.000000e+00
   endloop
 endfacet
 facet normal -5.844507e-01 -8.114292e-01 -0.000000e+00
   outer loop
     vertex  8.519150e+00  1.017133e+01  4.000000e+00
     vertex  8.519150e+00  1.017133e+01  0.000000e+00
     vertex  8.578147e+00  1.012884e+01  0.000000e+00
   endloop
 endfacet
 facet normal -5.619699e-01 -8.271577e-01 -0.000000e+00
   outer loop
     vertex  8.519150e+00  1.017133e+01  4.000000e+00
     vertex  8.459010e+00  1.021219e+01  0.000000e+00
     vertex  8.519150e+00  1.017133e+01  0.000000e+00
   endloop
 endfacet
 facet normal -5.619699e-01 -8.271577e-01 -0.000000e+00
   outer loop
     vertex  8.459010e+00  1.021219e+01  4.000000e+00
     vertex  8.459010e+00  1.021219e+01  0.000000e+00
     vertex  8.519150e+00  1.017133e+01  4.000000e+00
   endloop
 endfacet
 facet normal -5.390661e-01 -8.422635e-01  0.000000e+00
   outer loop
     vertex  8.397772e+00  1.025139e+01  4.000000e+00
     vertex  8.459010e+00  1.021219e+01  0.000000e+00
     vertex  8.459010e+00  1.021219e+01  4.000000e+00
   endloop
 endfacet
 facet normal -5.390661e-01 -8.422635e-01 -0.000000e+00
   outer loop
     vertex  8.397772e+00  1.025139e+01  4.000000e+00
     vertex  8.397772e+00  1.025139e+01  0.000000e+00
     vertex  8.459010e+00  1.021219e+01  0.000000e+00
   endloop
 endfacet
 facet normal -5.157565e-01 -8.567352e-01  0.000000e+00
   outer loop
     vertex  8.335481e+00  1.028888e+01  4.000000e+00
     vertex  8.397772e+00  1.025139e+01  0.000000e+00
     vertex  8.397772e+00  1.025139e+01  4.000000e+00
   endloop
 endfacet
 facet normal -5.157565e-01 -8.567352e-01 -0.000000e+00
   outer loop
     vertex  8.335481e+00  1.028888e+01  4.000000e+00
     vertex  8.335481e+00  1.028888e+01  0.000000e+00
     vertex  8.397772e+00  1.025139e+01  0.000000e+00
   endloop
 endfacet
 facet normal -4.920587e-01 -8.705620e-01  0.000000e+00
   outer loop
     vertex  8.272185e+00  1.032466e+01  4.000000e+00
     vertex  8.335481e+00  1.028888e+01  0.000000e+00
     vertex  8.335481e+00  1.028888e+01  4.000000e+00
   endloop
 endfacet
 facet normal -4.920587e-01 -8.705620e-01 -0.000000e+00
   outer loop
     vertex  8.272185e+00  1.032466e+01  4.000000e+00
     vertex  8.272185e+00  1.032466e+01  0.000000e+00
     vertex  8.335481e+00  1.028888e+01  0.000000e+00
   endloop
 endfacet
 facet normal -4.679904e-01 -8.837335e-01 -0.000000e+00
   outer loop
     vertex  8.272185e+00  1.032466e+01  4.000000e+00
     vertex  8.207931e+00  1.035869e+01  0.000000e+00
     vertex  8.272185e+00  1.032466e+01  0.000000e+00
   endloop
 endfacet
 facet normal -4.679904e-01 -8.837335e-01 -0.000000e+00
   outer loop
     vertex  8.207931e+00  1.035869e+01  4.000000e+00
     vertex  8.207931e+00  1.035869e+01  0.000000e+00
     vertex  8.272185e+00  1.032466e+01  4.000000e+00
   endloop
 endfacet
 facet normal -4.435699e-01 -8.962398e-01  0.000000e+00
   outer loop
     vertex  8.142768e+00  1.039094e+01  4.000000e+00
     vertex  8.207931e+00  1.035869e+01  0.000000e+00
     vertex  8.207931e+00  1.035869e+01  4.000000e+00
   endloop
 endfacet
 facet normal -4.435699e-01 -8.962398e-01 -0.000000e+00
   outer loop
     vertex  8.142768e+00  1.039094e+01  4.000000e+00
     vertex  8.142768e+00  1.039094e+01  0.000000e+00
     vertex  8.207931e+00  1.035869e+01  0.000000e+00
   endloop
 endfacet
 facet normal -4.188155e-01 -9.080714e-01  0.000000e+00
   outer loop
     vertex  8.076745e+00  1.042139e+01  4.000000e+00
     vertex  8.142768e+00  1.039094e+01  0.000000e+00
     vertex  8.142768e+00  1.039094e+01  4.000000e+00
   endloop
 endfacet
 facet normal -4.188155e-01 -9.080714e-01 -0.000000e+00
   outer loop
     vertex  8.076745e+00  1.042139e+01  4.000000e+00
     vertex  8.076745e+00  1.042139e+01  0.000000e+00
     vertex  8.142768e+00  1.039094e+01  0.000000e+00
   endloop
 endfacet
 facet normal -3.937458e-01 -9.192194e-01  0.000000e+00
   outer loop
     vertex  8.009911e+00  1.045002e+01  4.000000e+00
     vertex  8.076745e+00  1.042139e+01  0.000000e+00
     vertex  8.076745e+00  1.042139e+01  4.000000e+00
   endloop
 endfacet
 facet normal -3.937458e-01 -9.192194e-01 -0.000000e+00
   outer loop
     vertex  8.009911e+00  1.045002e+01  4.000000e+00
     vertex  8.009911e+00  1.045002e+01  0.000000e+00
     vertex  8.076745e+00  1.042139e+01  0.000000e+00
   endloop
 endfacet
 facet normal -3.683796e-01 -9.296754e-01  0.000000e+00
   outer loop
     vertex  7.942317e+00  1.047680e+01  4.000000e+00
     vertex  8.009911e+00  1.045002e+01  0.000000e+00
     vertex  8.009911e+00  1.045002e+01  4.000000e+00
   endloop
 endfacet
 facet normal -3.683796e-01 -9.296754e-01 -0.000000e+00
   outer loop
     vertex  7.942317e+00  1.047680e+01  4.000000e+00
     vertex  7.942317e+00  1.047680e+01  0.000000e+00
     vertex  8.009911e+00  1.045002e+01  0.000000e+00
   endloop
 endfacet
 facet normal -3.427362e-01 -9.394317e-01  0.000000e+00
   outer loop
     vertex  7.874014e+00  1.050172e+01  4.000000e+00
     vertex  7.942317e+00  1.047680e+01  0.000000e+00
     vertex  7.942317e+00  1.047680e+01  4.000000e+00
   endloop
 endfacet
 facet normal -3.427362e-01 -9.394317e-01 -0.000000e+00
   outer loop
     vertex  7.874014e+00  1.050172e+01  4.000000e+00
     vertex  7.874014e+00  1.050172e+01  0.000000e+00
     vertex  7.942317e+00  1.047680e+01  0.000000e+00
   endloop
 endfacet
 facet normal -3.168348e-01 -9.484807e-01  0.000000e+00
   outer loop
     vertex  7.805053e+00  1.052476e+01  4.000000e+00
     vertex  7.874014e+00  1.050172e+01  0.000000e+00
     vertex  7.874014e+00  1.050172e+01  4.000000e+00
   endloop
 endfacet
 facet normal -3.168348e-01 -9.484807e-01 -0.000000e+00
   outer loop
     vertex  7.805053e+00  1.052476e+01  4.000000e+00
     vertex  7.805053e+00  1.052476e+01  0.000000e+00
     vertex  7.874014e+00  1.050172e+01  0.000000e+00
   endloop
 endfacet
 facet normal -2.906949e-01 -9.568158e-01  0.000000e+00
   outer loop
     vertex  7.735485e+00  1.054589e+01  4.000000e+00
     vertex  7.805053e+00  1.052476e+01  0.000000e+00
     vertex  7.805053e+00  1.052476e+01  4.000000e+00
   endloop
 endfacet
 facet normal -2.906949e-01 -9.568158e-01 -0.000000e+00
   outer loop
     vertex  7.735485e+00  1.054589e+01  4.000000e+00
     vertex  7.735485e+00  1.054589e+01  0.000000e+00
     vertex  7.805053e+00  1.052476e+01  0.000000e+00
   endloop
 endfacet
 facet normal -2.643362e-01 -9.644306e-01 -0.000000e+00
   outer loop
     vertex  7.735485e+00  1.054589e+01  4.000000e+00
     vertex  7.665364e+00  1.056511e+01  0.000000e+00
     vertex  7.735485e+00  1.054589e+01  0.000000e+00
   endloop
 endfacet
 facet normal -2.643362e-01 -9.644306e-01 -0.000000e+00
   outer loop
     vertex  7.665364e+00  1.056511e+01  4.000000e+00
     vertex  7.665364e+00  1.056511e+01  0.000000e+00
     vertex  7.735485e+00  1.054589e+01  4.000000e+00
   endloop
 endfacet
 facet normal -2.377784e-01 -9.713194e-01  0.000000e+00
   outer loop
     vertex  7.594743e+00  1.058240e+01  4.000000e+00
     vertex  7.665364e+00  1.056511e+01  0.000000e+00
     vertex  7.665364e+00  1.056511e+01  4.000000e+00
   endloop
 endfacet
 facet normal -2.377784e-01 -9.713194e-01 -0.000000e+00
   outer loop
     vertex  7.594743e+00  1.058240e+01  4.000000e+00
     vertex  7.594743e+00  1.058240e+01  0.000000e+00
     vertex  7.665364e+00  1.056511e+01  0.000000e+00
   endloop
 endfacet
 facet normal -2.110417e-01 -9.774771e-01  0.000000e+00
   outer loop
     vertex  7.523673e+00  1.059774e+01  4.000000e+00
     vertex  7.594743e+00  1.058240e+01  0.000000e+00
     vertex  7.594743e+00  1.058240e+01  4.000000e+00
   endloop
 endfacet
 facet normal -2.110417e-01 -9.774771e-01 -0.000000e+00
   outer loop
     vertex  7.523673e+00  1.059774e+01  4.000000e+00
     vertex  7.523673e+00  1.059774e+01  0.000000e+00
     vertex  7.594743e+00  1.058240e+01  0.000000e+00
   endloop
 endfacet
 facet normal -1.841461e-01 -9.828989e-01  0.000000e+00
   outer loop
     vertex  7.452209e+00  1.061113e+01  4.000000e+00
     vertex  7.523673e+00  1.059774e+01  0.000000e+00
     vertex  7.523673e+00  1.059774e+01  4.000000e+00
   endloop
 endfacet
 facet normal -1.841461e-01 -9.828989e-01 -0.000000e+00
   outer loop
     vertex  7.452209e+00  1.061113e+01  4.000000e+00
     vertex  7.452209e+00  1.061113e+01  0.000000e+00
     vertex  7.523673e+00  1.059774e+01  0.000000e+00
   endloop
 endfacet
 facet normal -1.571119e-01 -9.875808e-01 -0.000000e+00
   outer loop
     vertex  7.452209e+00  1.061113e+01  4.000000e+00
     vertex  7.380405e+00  1.062255e+01  0.000000e+00
     vertex  7.452209e+00  1.061113e+01  0.000000e+00
   endloop
 endfacet
 facet normal -1.571119e-01 -9.875808e-01 -0.000000e+00
   outer loop
     vertex  7.380405e+00  1.062255e+01  4.000000e+00
     vertex  7.380405e+00  1.062255e+01  0.000000e+00
     vertex  7.452209e+00  1.061113e+01  4.000000e+00
   endloop
 endfacet
 facet normal -1.299594e-01 -9.915193e-01  0.000000e+00
   outer loop
     vertex  7.308315e+00  1.063200e+01  4.000000e+00
     vertex  7.380405e+00  1.062255e+01  0.000000e+00
     vertex  7.380405e+00  1.062255e+01  4.000000e+00
   endloop
 endfacet
 facet normal -1.299594e-01 -9.915193e-01 -0.000000e+00
   outer loop
     vertex  7.308315e+00  1.063200e+01  4.000000e+00
     vertex  7.308315e+00  1.063200e+01  0.000000e+00
     vertex  7.380405e+00  1.062255e+01  0.000000e+00
   endloop
 endfacet
 facet normal -1.027091e-01 -9.947114e-01  0.000000e+00
   outer loop
     vertex  7.235992e+00  1.063947e+01  4.000000e+00
     vertex  7.308315e+00  1.063200e+01  0.000000e+00
     vertex  7.308315e+00  1.063200e+01  4.000000e+00
   endloop
 endfacet
 facet normal -1.027091e-01 -9.947114e-01 -0.000000e+00
   outer loop
     vertex  7.235992e+00  1.063947e+01  4.000000e+00
     vertex  7.235992e+00  1.063947e+01  0.000000e+00
     vertex  7.308315e+00  1.063200e+01  0.000000e+00
   endloop
 endfacet
 facet normal -7.538152e-02 -9.971548e-01  0.000000e+00
   outer loop
     vertex  7.163492e+00  1.064495e+01  4.000000e+00
     vertex  7.235992e+00  1.063947e+01  0.000000e+00
     vertex  7.235992e+00  1.063947e+01  4.000000e+00
   endloop
 endfacet
 facet normal -7.538152e-02 -9.971548e-01 -0.000000e+00
   outer loop
     vertex  7.163492e+00  1.064495e+01  4.000000e+00
     vertex  7.163492e+00  1.064495e+01  0.000000e+00
     vertex  7.235992e+00  1.063947e+01  0.000000e+00
   endloop
 endfacet
 facet normal -4.799716e-02 -9.988475e-01  0.000000e+00
   outer loop
     vertex  7.090869e+00  1.064844e+01  4.000000e+00
     vertex  7.163492e+00  1.064495e+01  0.000000e+00
     vertex  7.163492e+00  1.064495e+01  4.000000e+00
   endloop
 endfacet
 facet normal -4.799716e-02 -9.988475e-01 -0.000000e+00
   outer loop
     vertex  7.090869e+00  1.064844e+01  4.000000e+00
     vertex  7.090869e+00  1.064844e+01  0.000000e+00
     vertex  7.163492e+00  1.064495e+01  0.000000e+00
   endloop
 endfacet
 facet normal -2.057667e-02 -9.997883e-01 -0.000000e+00
   outer loop
     vertex  7.018177e+00  1.064994e+01  4.000000e+00
     vertex  7.018177e+00  1.064994e+01  0.000000e+00
     vertex  7.090869e+00  1.064844e+01  0.000000e+00
   endloop
 endfacet
 facet normal -2.057667e-02 -9.997883e-01  0.000000e+00
   outer loop
     vertex  7.018177e+00  1.064994e+01  4.000000e+00
     vertex  7.090869e+00  1.064844e+01  0.000000e+00
     vertex  7.090869e+00  1.064844e+01  4.000000e+00
   endloop
 endfacet
 facet normal  6.859319e-03 -9.999765e-01  0.000000e+00
   outer loop
     vertex  6.945472e+00  1.064944e+01  4.000000e+00
     vertex  6.945472e+00  1.064944e+01  0.000000e+00
     vertex  7.018177e+00  1.064994e+01  0.000000e+00
   endloop
 endfacet
 facet normal  6.859319e-03 -9.999765e-01  0.000000e+00
   outer loop
     vertex  6.945472e+00  1.064944e+01  4.000000e+00
     vertex  7.018177e+00  1.064994e+01  0.000000e+00
     vertex  7.018177e+00  1.064994e+01  4.000000e+00
   endloop
 endfacet
 facet normal  3.429014e-02 -9.994119e-01  0.000000e+00
   outer loop
     vertex  6.872808e+00  1.064695e+01  4.000000e+00
     vertex  6.872808e+00  1.064695e+01  0.000000e+00
     vertex  6.945472e+00  1.064944e+01  0.000000e+00
   endloop
 endfacet
 facet normal  3.429014e-02 -9.994119e-01  0.000000e+00
   outer loop
     vertex  6.872808e+00  1.064695e+01  4.000000e+00
     vertex  6.945472e+00  1.064944e+01  0.000000e+00
     vertex  6.945472e+00  1.064944e+01  4.000000e+00
   endloop
 endfacet
 facet normal  6.169515e-02 -9.980950e-01  0.000000e+00
   outer loop
     vertex  6.800239e+00  1.064246e+01  4.000000e+00
     vertex  6.800239e+00  1.064246e+01  0.000000e+00
     vertex  6.872808e+00  1.064695e+01  0.000000e+00
   endloop
 endfacet
 facet normal  8.905371e-02 -9.960268e-01  0.000000e+00
   outer loop
     vertex  6.800239e+00  1.064246e+01  4.000000e+00
     vertex  6.727821e+00  1.063599e+01  0.000000e+00
     vertex  6.800239e+00  1.064246e+01  0.000000e+00
   endloop
 endfacet
 facet normal  6.169515e-02 -9.980950e-01  0.000000e+00
   outer loop
     vertex  6.800239e+00  1.064246e+01  4.000000e+00
     vertex  6.872808e+00  1.064695e+01  0.000000e+00
     vertex  6.872808e+00  1.064695e+01  4.000000e+00
   endloop
 endfacet
 facet normal  8.905371e-02 -9.960268e-01  0.000000e+00
   outer loop
     vertex  6.727821e+00  1.063599e+01  4.000000e+00
     vertex  6.727821e+00  1.063599e+01  0.000000e+00
     vertex  6.800239e+00  1.064246e+01  4.000000e+00
   endloop
 endfacet
 facet normal  1.163452e-01 -9.932088e-01  0.000000e+00
   outer loop
     vertex  6.727821e+00  1.063599e+01  4.000000e+00
     vertex  6.655607e+00  1.062753e+01  0.000000e+00
     vertex  6.727821e+00  1.063599e+01  0.000000e+00
   endloop
 endfacet
 facet normal  1.163452e-01 -9.932088e-01  0.000000e+00
   outer loop
     vertex  6.655607e+00  1.062753e+01  4.000000e+00
     vertex  6.655607e+00  1.062753e+01  0.000000e+00
     vertex  6.727821e+00  1.063599e+01  4.000000e+00
   endloop
 endfacet
 facet normal  1.435492e-01 -9.896432e-01  0.000000e+00
   outer loop
     vertex  6.583653e+00  1.061709e+01  4.000000e+00
     vertex  6.655607e+00  1.062753e+01  0.000000e+00
     vertex  6.655607e+00  1.062753e+01  4.000000e+00
   endloop
 endfacet
 facet normal  1.435492e-01 -9.896432e-01  0.000000e+00
   outer loop
     vertex  6.583653e+00  1.061709e+01  4.000000e+00
     vertex  6.583653e+00  1.061709e+01  0.000000e+00
     vertex  6.655607e+00  1.062753e+01  0.000000e+00
   endloop
 endfacet
 facet normal  1.706451e-01 -9.853326e-01  0.000000e+00
   outer loop
     vertex  6.512013e+00  1.060468e+01  4.000000e+00
     vertex  6.583653e+00  1.061709e+01  0.000000e+00
     vertex  6.583653e+00  1.061709e+01  4.000000e+00
   endloop
 endfacet
 facet normal  1.706451e-01 -9.853326e-01  0.000000e+00
   outer loop
     vertex  6.512013e+00  1.060468e+01  4.000000e+00
     vertex  6.512013e+00  1.060468e+01  0.000000e+00
     vertex  6.583653e+00  1.061709e+01  0.000000e+00
   endloop
 endfacet
 facet normal  1.976125e-01 -9.802802e-01  0.000000e+00
   outer loop
     vertex  6.512013e+00  1.060468e+01  4.000000e+00
     vertex  6.440739e+00  1.059031e+01  0.000000e+00
     vertex  6.512013e+00  1.060468e+01  0.000000e+00
   endloop
 endfacet
 facet normal  1.976125e-01 -9.802802e-01  0.000000e+00
   outer loop
     vertex  6.440739e+00  1.059031e+01  4.000000e+00
     vertex  6.440739e+00  1.059031e+01  0.000000e+00
     vertex  6.512013e+00  1.060468e+01  4.000000e+00
   endloop
 endfacet
 facet normal  2.244312e-01 -9.744899e-01  0.000000e+00
   outer loop
     vertex  6.369887e+00  1.057400e+01  4.000000e+00
     vertex  6.440739e+00  1.059031e+01  0.000000e+00
     vertex  6.440739e+00  1.059031e+01  4.000000e+00
   endloop
 endfacet
 facet normal  2.244312e-01 -9.744899e-01  0.000000e+00
   outer loop
     vertex  6.369887e+00  1.057400e+01  4.000000e+00
     vertex  6.369887e+00  1.057400e+01  0.000000e+00
     vertex  6.440739e+00  1.059031e+01  0.000000e+00
   endloop
 endfacet
 facet normal  2.510809e-01 -9.679661e-01  0.000000e+00
   outer loop
     vertex  6.299509e+00  1.055574e+01  4.000000e+00
     vertex  6.369887e+00  1.057400e+01  0.000000e+00
     vertex  6.369887e+00  1.057400e+01  4.000000e+00
   endloop
 endfacet
 facet normal  2.510809e-01 -9.679661e-01  0.000000e+00
   outer loop
     vertex  6.299509e+00  1.055574e+01  4.000000e+00
     vertex  6.299509e+00  1.055574e+01  0.000000e+00
     vertex  6.369887e+00  1.057400e+01  0.000000e+00
   endloop
 endfacet
 facet normal  2.775416e-01 -9.607136e-01  0.000000e+00
   outer loop
     vertex  6.299509e+00  1.055574e+01  4.000000e+00
     vertex  6.229659e+00  1.053556e+01  0.000000e+00
     vertex  6.299509e+00  1.055574e+01  0.000000e+00
   endloop
 endfacet
 facet normal  2.775416e-01 -9.607136e-01  0.000000e+00
   outer loop
     vertex  6.229659e+00  1.053556e+01  4.000000e+00
     vertex  6.229659e+00  1.053556e+01  0.000000e+00
     vertex  6.299509e+00  1.055574e+01  4.000000e+00
   endloop
 endfacet
 facet normal  3.037934e-01 -9.527379e-01  0.000000e+00
   outer loop
     vertex  6.160388e+00  1.051347e+01  4.000000e+00
     vertex  6.229659e+00  1.053556e+01  0.000000e+00
     vertex  6.229659e+00  1.053556e+01  4.000000e+00
   endloop
 endfacet
 facet normal  3.037934e-01 -9.527379e-01  0.000000e+00
   outer loop
     vertex  6.160388e+00  1.051347e+01  4.000000e+00
     vertex  6.160388e+00  1.051347e+01  0.000000e+00
     vertex  6.229659e+00  1.053556e+01  0.000000e+00
   endloop
 endfacet
 facet normal  3.298166e-01 -9.440450e-01  0.000000e+00
   outer loop
     vertex  6.091749e+00  1.048949e+01  4.000000e+00
     vertex  6.160388e+00  1.051347e+01  0.000000e+00
     vertex  6.160388e+00  1.051347e+01  4.000000e+00
   endloop
 endfacet
 facet normal  3.298166e-01 -9.440450e-01  0.000000e+00
   outer loop
     vertex  6.091749e+00  1.048949e+01  4.000000e+00
     vertex  6.091749e+00  1.048949e+01  0.000000e+00
     vertex  6.160388e+00  1.051347e+01  0.000000e+00
   endloop
 endfacet
 facet normal  3.555914e-01 -9.346415e-01  0.000000e+00
   outer loop
     vertex  6.023794e+00  1.046364e+01  4.000000e+00
     vertex  6.091749e+00  1.048949e+01  0.000000e+00
     vertex  6.091749e+00  1.048949e+01  4.000000e+00
   endloop
 endfacet
 facet normal  3.555914e-01 -9.346415e-01  0.000000e+00
   outer loop
     vertex  6.023794e+00  1.046364e+01  4.000000e+00
     vertex  6.023794e+00  1.046364e+01  0.000000e+00
     vertex  6.091749e+00  1.048949e+01  0.000000e+00
   endloop
 endfacet
 facet normal  3.810986e-01 -9.245344e-01  0.000000e+00
   outer loop
     vertex  6.023794e+00  1.046364e+01  4.000000e+00
     vertex  5.956574e+00  1.043593e+01  0.000000e+00
     vertex  6.023794e+00  1.046364e+01  0.000000e+00
   endloop
 endfacet
 facet normal  3.810986e-01 -9.245344e-01  0.000000e+00
   outer loop
     vertex  5.956574e+00  1.043593e+01  4.000000e+00
     vertex  5.956574e+00  1.043593e+01  0.000000e+00
     vertex  6.023794e+00  1.046364e+01  4.000000e+00
   endloop
 endfacet
 facet normal  4.063188e-01 -9.137314e-01  0.000000e+00
   outer loop
     vertex  5.890139e+00  1.040639e+01  4.000000e+00
     vertex  5.890139e+00  1.040639e+01  0.000000e+00
     vertex  5.956574e+00  1.043593e+01  0.000000e+00
   endloop
 endfacet
 facet normal  4.063188e-01 -9.137314e-01  0.000000e+00
   outer loop
     vertex  5.890139e+00  1.040639e+01  4.000000e+00
     vertex  5.956574e+00  1.043593e+01  0.000000e+00
     vertex  5.956574e+00  1.043593e+01  4.000000e+00
   endloop
 endfacet
 facet normal  4.312333e-01 -9.022405e-01  0.000000e+00
   outer loop
     vertex  5.824540e+00  1.037504e+01  4.000000e+00
     vertex  5.824540e+00  1.037504e+01  0.000000e+00
     vertex  5.890139e+00  1.040639e+01  0.000000e+00
   endloop
 endfacet
 facet normal  4.312333e-01 -9.022405e-01  0.000000e+00
   outer loop
     vertex  5.824540e+00  1.037504e+01  4.000000e+00
     vertex  5.890139e+00  1.040639e+01  0.000000e+00
     vertex  5.890139e+00  1.040639e+01  4.000000e+00
   endloop
 endfacet
 facet normal  4.558231e-01 -8.900704e-01  0.000000e+00
   outer loop
     vertex  5.759825e+00  1.034189e+01  4.000000e+00
     vertex  5.759825e+00  1.034189e+01  0.000000e+00
     vertex  5.824540e+00  1.037504e+01  0.000000e+00
   endloop
 endfacet
 facet normal  4.800697e-01 -8.772303e-01  0.000000e+00
   outer loop
     vertex  5.759825e+00  1.034189e+01  4.000000e+00
     vertex  5.696045e+00  1.030699e+01  0.000000e+00
     vertex  5.759825e+00  1.034189e+01  0.000000e+00
   endloop
 endfacet
 facet normal  4.558231e-01 -8.900704e-01  0.000000e+00
   outer loop
     vertex  5.759825e+00  1.034189e+01  4.000000e+00
     vertex  5.824540e+00  1.037504e+01  0.000000e+00
     vertex  5.824540e+00  1.037504e+01  4.000000e+00
   endloop
 endfacet
 facet normal  5.039550e-01 -8.637299e-01  0.000000e+00
   outer loop
     vertex  5.696045e+00  1.030699e+01  4.000000e+00
     vertex  5.633245e+00  1.027035e+01  0.000000e+00
     vertex  5.696045e+00  1.030699e+01  0.000000e+00
   endloop
 endfacet
 facet normal  4.800697e-01 -8.772303e-01  0.000000e+00
   outer loop
     vertex  5.696045e+00  1.030699e+01  4.000000e+00
     vertex  5.696045e+00  1.030699e+01  0.000000e+00
     vertex  5.759825e+00  1.034189e+01  4.000000e+00
   endloop
 endfacet
 facet normal  5.039550e-01 -8.637299e-01  0.000000e+00
   outer loop
     vertex  5.633245e+00  1.027035e+01  4.000000e+00
     vertex  5.633245e+00  1.027035e+01  0.000000e+00
     vertex  5.696045e+00  1.030699e+01  4.000000e+00
   endloop
 endfacet
 facet normal  5.274609e-01 -8.495793e-01  0.000000e+00
   outer loop
     vertex  5.571475e+00  1.023200e+01  4.000000e+00
     vertex  5.571475e+00  1.023200e+01  0.000000e+00
     vertex  5.633245e+00  1.027035e+01  0.000000e+00
   endloop
 endfacet
 facet normal  5.505698e-01 -8.347891e-01  0.000000e+00
   outer loop
     vertex  5.571475e+00  1.023200e+01  4.000000e+00
     vertex  5.510780e+00  1.019197e+01  0.000000e+00
     vertex  5.571475e+00  1.023200e+01  0.000000e+00
   endloop
 endfacet
 facet normal  5.274609e-01 -8.495793e-01  0.000000e+00
   outer loop
     vertex  5.571475e+00  1.023200e+01  4.000000e+00
     vertex  5.633245e+00  1.027035e+01  0.000000e+00
     vertex  5.633245e+00  1.027035e+01  4.000000e+00
   endloop
 endfacet
 facet normal  5.505698e-01 -8.347891e-01  0.000000e+00
   outer loop
     vertex  5.510780e+00  1.019197e+01  4.000000e+00
     vertex  5.510780e+00  1.019197e+01  0.000000e+00
     vertex  5.571475e+00  1.023200e+01  4.000000e+00
   endloop
 endfacet
 facet normal  5.732642e-01 -8.193706e-01  0.000000e+00
   outer loop
     vertex  5.451206e+00  1.015029e+01  4.000000e+00
     vertex  5.451206e+00  1.015029e+01  0.000000e+00
     vertex  5.510780e+00  1.019197e+01  0.000000e+00
   endloop
 endfacet
 facet normal  5.732642e-01 -8.193706e-01  0.000000e+00
   outer loop
     vertex  5.451206e+00  1.015029e+01  4.000000e+00
     vertex  5.510780e+00  1.019197e+01  0.000000e+00
     vertex  5.510780e+00  1.019197e+01  4.000000e+00
   endloop
 endfacet
 facet normal  5.955271e-01 -8.033352e-01  0.000000e+00
   outer loop
     vertex  5.392798e+00  1.010699e+01  4.000000e+00
     vertex  5.392798e+00  1.010699e+01  0.000000e+00
     vertex  5.451206e+00  1.015029e+01  0.000000e+00
   endloop
 endfacet
 facet normal  5.955271e-01 -8.033352e-01  0.000000e+00
   outer loop
     vertex  5.392798e+00  1.010699e+01  4.000000e+00
     vertex  5.451206e+00  1.015029e+01  0.000000e+00
     vertex  5.451206e+00  1.015029e+01  4.000000e+00
   endloop
 endfacet
 facet normal  6.173417e-01 -7.866951e-01  0.000000e+00
   outer loop
     vertex  5.335599e+00  1.006210e+01  4.000000e+00
     vertex  5.335599e+00  1.006210e+01  0.000000e+00
     vertex  5.392798e+00  1.010699e+01  0.000000e+00
   endloop
 endfacet
 facet normal  6.386916e-01 -7.694628e-01  0.000000e+00
   outer loop
     vertex  5.335599e+00  1.006210e+01  4.000000e+00
     vertex  5.279654e+00  1.001567e+01  0.000000e+00
     vertex  5.335599e+00  1.006210e+01  0.000000e+00
   endloop
 endfacet
 facet normal  6.173417e-01 -7.866951e-01  0.000000e+00
   outer loop
     vertex  5.335599e+00  1.006210e+01  4.000000e+00
     vertex  5.392798e+00  1.010699e+01  0.000000e+00
     vertex  5.392798e+00  1.010699e+01  4.000000e+00
   endloop
 endfacet
 facet normal  6.595607e-01 -7.516513e-01  0.000000e+00
   outer loop
     vertex  5.279654e+00  1.001567e+01  4.000000e+00
     vertex  5.225004e+00  9.967711e+00  0.000000e+00
     vertex  5.279654e+00  1.001567e+01  0.000000e+00
   endloop
 endfacet
 facet normal  6.386916e-01 -7.694628e-01  0.000000e+00
   outer loop
     vertex  5.279654e+00  1.001567e+01  4.000000e+00
     vertex  5.279654e+00  1.001567e+01  0.000000e+00
     vertex  5.335599e+00  1.006210e+01  4.000000e+00
   endloop
 endfacet
 facet normal  6.799333e-01 -7.332740e-01  0.000000e+00
   outer loop
     vertex  5.225004e+00  9.967711e+00  4.000000e+00
     vertex  5.171689e+00  9.918275e+00  0.000000e+00
     vertex  5.225004e+00  9.967711e+00  0.000000e+00
   endloop
 endfacet
 facet normal  6.595607e-01 -7.516513e-01  0.000000e+00
   outer loop
     vertex  5.225004e+00  9.967711e+00  4.000000e+00
     vertex  5.225004e+00  9.967711e+00  0.000000e+00
     vertex  5.279654e+00  1.001567e+01  4.000000e+00
   endloop
 endfacet
 facet normal  6.799333e-01 -7.332740e-01  0.000000e+00
   outer loop
     vertex  5.171689e+00  9.918275e+00  4.000000e+00
     vertex  5.171689e+00  9.918275e+00  0.000000e+00
     vertex  5.225004e+00  9.967711e+00  4.000000e+00
   endloop
 endfacet
 facet normal  6.997940e-01 -7.143447e-01  0.000000e+00
   outer loop
     vertex  5.119751e+00  9.867395e+00  4.000000e+00
     vertex  5.119751e+00  9.867395e+00  0.000000e+00
     vertex  5.171689e+00  9.918275e+00  0.000000e+00
   endloop
 endfacet
 facet normal  7.191280e-01 -6.948776e-01  0.000000e+00
   outer loop
     vertex  5.119751e+00  9.867395e+00  4.000000e+00
     vertex  5.069229e+00  9.815110e+00  0.000000e+00
     vertex  5.119751e+00  9.867395e+00  0.000000e+00
   endloop
 endfacet
 facet normal  6.997940e-01 -7.143447e-01  0.000000e+00
   outer loop
     vertex  5.119751e+00  9.867395e+00  4.000000e+00
     vertex  5.171689e+00  9.918275e+00  0.000000e+00
     vertex  5.171689e+00  9.918275e+00  4.000000e+00
   endloop
 endfacet
 facet normal  7.191280e-01 -6.948776e-01  0.000000e+00
   outer loop
     vertex  5.069229e+00  9.815110e+00  4.000000e+00
     vertex  5.069229e+00  9.815110e+00  0.000000e+00
     vertex  5.119751e+00  9.867395e+00  4.000000e+00
   endloop
 endfacet
 facet normal  7.379206e-01 -6.748875e-01  0.000000e+00
   outer loop
     vertex  5.020160e+00  9.761458e+00  4.000000e+00
     vertex  5.069229e+00  9.815110e+00  0.000000e+00
     vertex  5.069229e+00  9.815110e+00  4.000000e+00
   endloop
 endfacet
 facet normal  7.379206e-01 -6.748875e-01  0.000000e+00
   outer loop
     vertex  5.020160e+00  9.761458e+00  4.000000e+00
     vertex  5.020160e+00  9.761458e+00  0.000000e+00
     vertex  5.069229e+00  9.815110e+00  0.000000e+00
   endloop
 endfacet
 facet normal  7.561578e-01 -6.543893e-01  0.000000e+00
   outer loop
     vertex  5.020160e+00  9.761458e+00  4.000000e+00
     vertex  4.972581e+00  9.706480e+00  0.000000e+00
     vertex  5.020160e+00  9.761458e+00  0.000000e+00
   endloop
 endfacet
 facet normal  7.561578e-01 -6.543893e-01  0.000000e+00
   outer loop
     vertex  4.972581e+00  9.706480e+00  4.000000e+00
     vertex  4.972581e+00  9.706480e+00  0.000000e+00
     vertex  5.020160e+00  9.761458e+00  4.000000e+00
   endloop
 endfacet
 facet normal  7.738257e-01 -6.333986e-01  0.000000e+00
   outer loop
     vertex  4.926529e+00  9.650217e+00  4.000000e+00
     vertex  4.926529e+00  9.650217e+00  0.000000e+00
     vertex  4.972581e+00  9.706480e+00  0.000000e+00
   endloop
 endfacet
 facet normal  7.909112e-01 -6.119310e-01  0.000000e+00
   outer loop
     vertex  4.926529e+00  9.650217e+00  4.000000e+00
     vertex  4.882037e+00  9.592712e+00  0.000000e+00
     vertex  4.926529e+00  9.650217e+00  0.000000e+00
   endloop
 endfacet
 facet normal  7.738257e-01 -6.333986e-01  0.000000e+00
   outer loop
     vertex  4.926529e+00  9.650217e+00  4.000000e+00
     vertex  4.972581e+00  9.706480e+00  0.000000e+00
     vertex  4.972581e+00  9.706480e+00  4.000000e+00
   endloop
 endfacet
 facet normal  7.909112e-01 -6.119310e-01  0.000000e+00
   outer loop
     vertex  4.882037e+00  9.592712e+00  4.000000e+00
     vertex  4.882037e+00  9.592712e+00  0.000000e+00
     vertex  4.926529e+00  9.650217e+00  4.000000e+00
   endloop
 endfacet
 facet normal  8.074012e-01 -5.900028e-01  0.000000e+00
   outer loop
     vertex  4.839139e+00  9.534008e+00  4.000000e+00
     vertex  4.839139e+00  9.534008e+00  0.000000e+00
     vertex  4.882037e+00  9.592712e+00  0.000000e+00
   endloop
 endfacet
 facet normal  8.232835e-01 -5.676304e-01  0.000000e+00
   outer loop
     vertex  4.839139e+00  9.534008e+00  4.000000e+00
     vertex  4.797869e+00  9.474150e+00  0.000000e+00
     vertex  4.839139e+00  9.534008e+00  0.000000e+00
   endloop
 endfacet
 facet normal  8.074012e-01 -5.900028e-01  0.000000e+00
   outer loop
     vertex  4.839139e+00  9.534008e+00  4.000000e+00
     vertex  4.882037e+00  9.592712e+00  0.000000e+00
     vertex  4.882037e+00  9.592712e+00  4.000000e+00
   endloop
 endfacet
 facet normal  8.232835e-01 -5.676304e-01  0.000000e+00
   outer loop
     vertex  4.797869e+00  9.474150e+00  4.000000e+00
     vertex  4.797869e+00  9.474150e+00  0.000000e+00
     vertex  4.839139e+00  9.534008e+00  4.000000e+00
   endloop
 endfacet
 facet normal  8.385460e-01 -5.448308e-01  0.000000e+00
   outer loop
     vertex  4.758256e+00  9.413182e+00  4.000000e+00
     vertex  4.758256e+00  9.413182e+00  0.000000e+00
     vertex  4.797869e+00  9.474150e+00  0.000000e+00
   endloop
 endfacet
 facet normal  8.385460e-01 -5.448308e-01  0.000000e+00
   outer loop
     vertex  4.758256e+00  9.413182e+00  4.000000e+00
     vertex  4.797869e+00  9.474150e+00  0.000000e+00
     vertex  4.797869e+00  9.474150e+00  4.000000e+00
   endloop
 endfacet
 facet normal  8.531773e-01 -5.216210e-01  0.000000e+00
   outer loop
     vertex  4.720330e+00  9.351150e+00  4.000000e+00
     vertex  4.720330e+00  9.351150e+00  0.000000e+00
     vertex  4.758256e+00  9.413182e+00  0.000000e+00
   endloop
 endfacet
 facet normal  8.531773e-01 -5.216210e-01  0.000000e+00
   outer loop
     vertex  4.720330e+00  9.351150e+00  4.000000e+00
     vertex  4.758256e+00  9.413182e+00  0.000000e+00
     vertex  4.758256e+00  9.413182e+00  4.000000e+00
   endloop
 endfacet
 facet normal  8.671664e-01 -4.980186e-01  0.000000e+00
   outer loop
     vertex  4.684121e+00  9.288100e+00  4.000000e+00
     vertex  4.684121e+00  9.288100e+00  0.000000e+00
     vertex  4.720330e+00  9.351150e+00  0.000000e+00
   endloop
 endfacet
 facet normal  8.805026e-01 -4.740412e-01  0.000000e+00
   outer loop
     vertex  4.684121e+00  9.288100e+00  4.000000e+00
     vertex  4.649654e+00  9.224082e+00  0.000000e+00
     vertex  4.684121e+00  9.288100e+00  0.000000e+00
   endloop
 endfacet
 facet normal  8.671664e-01 -4.980186e-01  0.000000e+00
   outer loop
     vertex  4.684121e+00  9.288100e+00  4.000000e+00
     vertex  4.720330e+00  9.351150e+00  0.000000e+00
     vertex  4.720330e+00  9.351150e+00  4.000000e+00
   endloop
 endfacet
 facet normal  8.931761e-01 -4.497071e-01  0.000000e+00
   outer loop
     vertex  4.649654e+00  9.224082e+00  4.000000e+00
     vertex  4.616958e+00  9.159141e+00  0.000000e+00
     vertex  4.649654e+00  9.224082e+00  0.000000e+00
   endloop
 endfacet
 facet normal  8.805026e-01 -4.740412e-01  0.000000e+00
   outer loop
     vertex  4.649654e+00  9.224082e+00  4.000000e+00
     vertex  4.649654e+00  9.224082e+00  0.000000e+00
     vertex  4.684121e+00  9.288100e+00  4.000000e+00
   endloop
 endfacet
 facet normal  8.931761e-01 -4.497071e-01  0.000000e+00
   outer loop
     vertex  4.616958e+00  9.159141e+00  4.000000e+00
     vertex  4.616958e+00  9.159141e+00  0.000000e+00
     vertex  4.649654e+00  9.224082e+00  4.000000e+00
   endloop
 endfacet
 facet normal  9.051772e-01 -4.250344e-01  0.000000e+00
   outer loop
     vertex  4.586055e+00  9.093329e+00  4.000000e+00
     vertex  4.586055e+00  9.093329e+00  0.000000e+00
     vertex  4.616958e+00  9.159141e+00  0.000000e+00
   endloop
 endfacet
 facet normal  9.051772e-01 -4.250344e-01  0.000000e+00
   outer loop
     vertex  4.586055e+00  9.093329e+00  4.000000e+00
     vertex  4.616958e+00  9.159141e+00  0.000000e+00
     vertex  4.616958e+00  9.159141e+00  4.000000e+00
   endloop
 endfacet
 facet normal  9.164969e-01 -4.000417e-01  0.000000e+00
   outer loop
     vertex  4.556969e+00  9.026693e+00  4.000000e+00
     vertex  4.556969e+00  9.026693e+00  0.000000e+00
     vertex  4.586055e+00  9.093329e+00  0.000000e+00
   endloop
 endfacet
 facet normal  9.164969e-01 -4.000417e-01  0.000000e+00
   outer loop
     vertex  4.556969e+00  9.026693e+00  4.000000e+00
     vertex  4.586055e+00  9.093329e+00  0.000000e+00
     vertex  4.586055e+00  9.093329e+00  4.000000e+00
   endloop
 endfacet
 facet normal  9.271267e-01 -3.747479e-01  0.000000e+00
   outer loop
     vertex  4.529722e+00  8.959284e+00  4.000000e+00
     vertex  4.529722e+00  8.959284e+00  0.000000e+00
     vertex  4.556969e+00  9.026693e+00  0.000000e+00
   endloop
 endfacet
 facet normal  9.370586e-01 -3.491720e-01  0.000000e+00
   outer loop
     vertex  4.529722e+00  8.959284e+00  4.000000e+00
     vertex  4.504335e+00  8.891153e+00  0.000000e+00
     vertex  4.529722e+00  8.959284e+00  0.000000e+00
   endloop
 endfacet
 facet normal  9.271267e-01 -3.747479e-01  0.000000e+00
   outer loop
     vertex  4.529722e+00  8.959284e+00  4.000000e+00
     vertex  4.556969e+00  9.026693e+00  0.000000e+00
     vertex  4.556969e+00  9.026693e+00  4.000000e+00
   endloop
 endfacet
 facet normal  9.370586e-01 -3.491720e-01  0.000000e+00
   outer loop
     vertex  4.504335e+00  8.891153e+00  4.000000e+00
     vertex  4.504335e+00  8.891153e+00  0.000000e+00
     vertex  4.529722e+00  8.959284e+00  4.000000e+00
   endloop
 endfacet
 facet normal  9.462851e-01 -3.233333e-01  0.000000e+00
   outer loop
     vertex  4.480826e+00  8.822352e+00  4.000000e+00
     vertex  4.480826e+00  8.822352e+00  0.000000e+00
     vertex  4.504335e+00  8.891153e+00  0.000000e+00
   endloop
 endfacet
 facet normal  9.462851e-01 -3.233333e-01  0.000000e+00
   outer loop
     vertex  4.480826e+00  8.822352e+00  4.000000e+00
     vertex  4.504335e+00  8.891153e+00  0.000000e+00
     vertex  4.504335e+00  8.891153e+00  4.000000e+00
   endloop
 endfacet
 facet normal  9.547993e-01 -2.972512e-01  0.000000e+00
   outer loop
     vertex  4.459214e+00  8.752931e+00  4.000000e+00
     vertex  4.459214e+00  8.752931e+00  0.000000e+00
     vertex  4.480826e+00  8.822352e+00  0.000000e+00
   endloop
 endfacet
 facet normal  9.547993e-01 -2.972512e-01  0.000000e+00
   outer loop
     vertex  4.459214e+00  8.752931e+00  4.000000e+00
     vertex  4.480826e+00  8.822352e+00  0.000000e+00
     vertex  4.480826e+00  8.822352e+00  4.000000e+00
   endloop
 endfacet
 facet normal  9.625948e-01 -2.709453e-01  0.000000e+00
   outer loop
     vertex  4.439514e+00  8.682944e+00  4.000000e+00
     vertex  4.439514e+00  8.682944e+00  0.000000e+00
     vertex  4.459214e+00  8.752931e+00  0.000000e+00
   endloop
 endfacet
 facet normal  9.625948e-01 -2.709453e-01  0.000000e+00
   outer loop
     vertex  4.439514e+00  8.682944e+00  4.000000e+00
     vertex  4.459214e+00  8.752931e+00  0.000000e+00
     vertex  4.459214e+00  8.752931e+00  4.000000e+00
   endloop
 endfacet
 facet normal  9.696656e-01 -2.444354e-01  0.000000e+00
   outer loop
     vertex  4.421742e+00  8.612442e+00  4.000000e+00
     vertex  4.421742e+00  8.612442e+00  0.000000e+00
     vertex  4.439514e+00  8.682944e+00  0.000000e+00
   endloop
 endfacet
 facet normal  9.760065e-01 -2.177416e-01  0.000000e+00
   outer loop
     vertex  4.421742e+00  8.612442e+00  4.000000e+00
     vertex  4.405911e+00  8.541480e+00  0.000000e+00
     vertex  4.421742e+00  8.612442e+00  0.000000e+00
   endloop
 endfacet
 facet normal  9.696656e-01 -2.444354e-01  0.000000e+00
   outer loop
     vertex  4.421742e+00  8.612442e+00  4.000000e+00
     vertex  4.439514e+00  8.682944e+00  0.000000e+00
     vertex  4.439514e+00  8.682944e+00  4.000000e+00
   endloop
 endfacet
 facet normal  9.816126e-01 -1.908838e-01  0.000000e+00
   outer loop
     vertex  4.405911e+00  8.541480e+00  4.000000e+00
     vertex  4.392032e+00  8.470109e+00  0.000000e+00
     vertex  4.405911e+00  8.541480e+00  0.000000e+00
   endloop
 endfacet
 facet normal  9.760065e-01 -2.177416e-01  0.000000e+00
   outer loop
     vertex  4.405911e+00  8.541480e+00  4.000000e+00
     vertex  4.405911e+00  8.541480e+00  0.000000e+00
     vertex  4.421742e+00  8.612442e+00  4.000000e+00
   endloop
 endfacet
 facet normal  9.864799e-01 -1.638824e-01  0.000000e+00
   outer loop
     vertex  4.392032e+00  8.470109e+00  4.000000e+00
     vertex  4.380117e+00  8.398385e+00  0.000000e+00
     vertex  4.392032e+00  8.470109e+00  0.000000e+00
   endloop
 endfacet
 facet normal  9.816126e-01 -1.908838e-01  0.000000e+00
   outer loop
     vertex  4.392032e+00  8.470109e+00  4.000000e+00
     vertex  4.392032e+00  8.470109e+00  0.000000e+00
     vertex  4.405911e+00  8.541480e+00  4.000000e+00
   endloop
 endfacet
 facet normal  9.906046e-01 -1.367575e-01  0.000000e+00
   outer loop
     vertex  4.380117e+00  8.398385e+00  4.000000e+00
     vertex  4.370173e+00  8.326361e+00  0.000000e+00
     vertex  4.380117e+00  8.398385e+00  0.000000e+00
   endloop
 endfacet
 facet normal  9.864799e-01 -1.638824e-01  0.000000e+00
   outer loop
     vertex  4.380117e+00  8.398385e+00  4.000000e+00
     vertex  4.380117e+00  8.398385e+00  0.000000e+00
     vertex  4.392032e+00  8.470109e+00  4.000000e+00
   endloop
 endfacet
 facet normal  9.939835e-01 -1.095298e-01  0.000000e+00
   outer loop
     vertex  4.370173e+00  8.326361e+00  4.000000e+00
     vertex  4.362210e+00  8.254092e+00  0.000000e+00
     vertex  4.370173e+00  8.326361e+00  0.000000e+00
   endloop
 endfacet
 facet normal  9.906046e-01 -1.367575e-01  0.000000e+00
   outer loop
     vertex  4.370173e+00  8.326361e+00  4.000000e+00
     vertex  4.370173e+00  8.326361e+00  0.000000e+00
     vertex  4.380117e+00  8.398385e+00  4.000000e+00
   endloop
 endfacet
 facet normal  9.939835e-01 -1.095298e-01  0.000000e+00
   outer loop
     vertex  4.362210e+00  8.254092e+00  4.000000e+00
     vertex  4.362210e+00  8.254092e+00  0.000000e+00
     vertex  4.370173e+00  8.326361e+00  4.000000e+00
   endloop
 endfacet
 facet normal  9.966142e-01 -8.221955e-02  0.000000e+00
   outer loop
     vertex  4.356232e+00  8.181631e+00  4.000000e+00
     vertex  4.362210e+00  8.254092e+00  0.000000e+00
     vertex  4.362210e+00  8.254092e+00  4.000000e+00
   endloop
 endfacet
 facet normal  9.966142e-01 -8.221955e-02  0.000000e+00
   outer loop
     vertex  4.356232e+00  8.181631e+00  4.000000e+00
     vertex  4.356232e+00  8.181631e+00  0.000000e+00
     vertex  4.362210e+00  8.254092e+00  0.000000e+00
   endloop
 endfacet
 facet normal  9.984947e-01 -5.484744e-02  0.000000e+00
   outer loop
     vertex  4.356232e+00  8.181631e+00  4.000000e+00
     vertex  4.352244e+00  8.109033e+00  0.000000e+00
     vertex  4.356232e+00  8.181631e+00  0.000000e+00
   endloop
 endfacet
 facet normal  9.984947e-01 -5.484744e-02  0.000000e+00
   outer loop
     vertex  4.352244e+00  8.109033e+00  4.000000e+00
     vertex  4.352244e+00  8.109033e+00  0.000000e+00
     vertex  4.356232e+00  8.181631e+00  4.000000e+00
   endloop
 endfacet
 facet normal  9.996236e-01 -2.743405e-02  0.000000e+00
   outer loop
     vertex  4.352244e+00  8.109033e+00  4.000000e+00
     vertex  4.350249e+00  8.036354e+00  0.000000e+00
     vertex  4.352244e+00  8.109033e+00  0.000000e+00
   endloop
 endfacet
 facet normal  9.996236e-01 -2.743405e-02  0.000000e+00
   outer loop
     vertex  4.350249e+00  8.036354e+00  4.000000e+00
     vertex  4.350249e+00  8.036354e+00  0.000000e+00
     vertex  4.352244e+00  8.109033e+00  4.000000e+00
   endloop
 endfacet
 facet normal  1.000000e+00 -0.000000e+00  0.000000e+00
   outer loop
     vertex  4.350249e+00  7.963646e+00  4.000000e+00
     vertex  4.350249e+00  8.036354e+00  0.000000e+00
     vertex  4.350249e+00  8.036354e+00  4.000000e+00
   endloop
 endfacet
 facet normal  1.000000e+00  0.000000e+00  0.000000e+00
   outer loop
     vertex  4.350249e+00  7.963646e+00  4.000000e+00
     vertex  4.350249e+00  7.963646e+00  0.000000e+00
     vertex  4.350249e+00  8.036354e+00  0.000000e+00
   endloop
 endfacet
 facet normal  9.996236e-01  2.743405e-02  0.000000e+00
   outer loop
     vertex  4.350249e+00  7.963646e+00  4.000000e+00
     vertex  4.352244e+00  7.890967e+00  0.000000e+00
     vertex  4.350249e+00  7.963646e+00  0.000000e+00
   endloop
 endfacet
 facet normal  9.996236e-01  2.743405e-02  0.000000e+00
   outer loop
     vertex  4.352244e+00  7.890967e+00  4.000000e+00
     vertex  4.352244e+00  7.890967e+00  0.000000e+00
     vertex  4.350249e+00  7.963646e+00  4.000000e+00
   endloop
 endfacet
 facet normal  9.984947e-01  5.484744e-02  0.000000e+00
   outer loop
     vertex  4.356232e+00  7.818369e+00  4.000000e+00
     vertex  4.352244e+00  7.890967e+00  0.000000e+00
     vertex  4.352244e+00  7.890967e+00  4.000000e+00
   endloop
 endfacet
 facet normal  9.984947e-01  5.484744e-02  0.000000e+00
   outer loop
     vertex  4.356232e+00  7.818369e+00  4.000000e+00
     vertex  4.356232e+00  7.818369e+00  0.000000e+00
     vertex  4.352244e+00  7.890967e+00  0.000000e+00
   endloop
 endfacet
 facet normal  9.966142e-01  8.221955e-02  0.000000e+00
   outer loop
     vertex  4.356232e+00  7.818369e+00  4.000000e+00
     vertex  4.362210e+00  7.745908e+00  0.000000e+00
     vertex  4.356232e+00  7.818369e+00  0.000000e+00
   endloop
 endfacet
 facet normal  9.966142e-01  8.221955e-02  0.000000e+00
   outer loop
     vertex  4.362210e+00  7.745908e+00  4.000000e+00
     vertex  4.362210e+00  7.745908e+00  0.000000e+00
     vertex  4.356232e+00  7.818369e+00  4.000000e+00
   endloop
 endfacet
 facet normal  9.939835e-01  1.095298e-01  0.000000e+00
   outer loop
     vertex  4.370173e+00  7.673639e+00  4.000000e+00
     vertex  4.362210e+00  7.745908e+00  0.000000e+00
     vertex  4.362210e+00  7.745908e+00  4.000000e+00
   endloop
 endfacet
 facet normal  9.939835e-01  1.095298e-01  0.000000e+00
   outer loop
     vertex  4.370173e+00  7.673639e+00  4.000000e+00
     vertex  4.370173e+00  7.673639e+00  0.000000e+00
     vertex  4.362210e+00  7.745908e+00  0.000000e+00
   endloop
 endfacet
 facet normal  9.906046e-01  1.367575e-01  0.000000e+00
   outer loop
     vertex  4.370173e+00  7.673639e+00  4.000000e+00
     vertex  4.380117e+00  7.601615e+00  0.000000e+00
     vertex  4.370173e+00  7.673639e+00  0.000000e+00
   endloop
 endfacet
 facet normal  9.906046e-01  1.367575e-01  0.000000e+00
   outer loop
     vertex  4.380117e+00  7.601615e+00  4.000000e+00
     vertex  4.380117e+00  7.601615e+00  0.000000e+00
     vertex  4.370173e+00  7.673639e+00  4.000000e+00
   endloop
 endfacet
 facet normal  9.864799e-01  1.638824e-01  0.000000e+00
   outer loop
     vertex  4.392032e+00  7.529891e+00  4.000000e+00
     vertex  4.380117e+00  7.601615e+00  0.000000e+00
     vertex  4.380117e+00  7.601615e+00  4.000000e+00
   endloop
 endfacet
 facet normal  9.864799e-01  1.638824e-01  0.000000e+00
   outer loop
     vertex  4.392032e+00  7.529891e+00  4.000000e+00
     vertex  4.392032e+00  7.529891e+00  0.000000e+00
     vertex  4.380117e+00  7.601615e+00  0.000000e+00
   endloop
 endfacet
 facet normal  9.816126e-01  1.908838e-01  0.000000e+00
   outer loop
     vertex  4.405911e+00  7.458520e+00  4.000000e+00
     vertex  4.392032e+00  7.529891e+00  0.000000e+00
     vertex  4.392032e+00  7.529891e+00  4.000000e+00
   endloop
 endfacet
 facet normal  9.816126e-01  1.908838e-01  0.000000e+00
   outer loop
     vertex  4.405911e+00  7.458520e+00  4.000000e+00
     vertex  4.405911e+00  7.458520e+00  0.000000e+00
     vertex  4.392032e+00  7.529891e+00  0.000000e+00
   endloop
 endfacet
 facet normal  9.760065e-01  2.177416e-01  0.000000e+00
   outer loop
     vertex  4.421742e+00  7.387558e+00  4.000000e+00
     vertex  4.421742e+00  7.387558e+00  0.000000e+00
     vertex  4.405911e+00  7.458520e+00  0.000000e+00
   endloop
 endfacet
 facet normal  9.760065e-01  2.177416e-01  0.000000e+00
   outer loop
     vertex  4.421742e+00  7.387558e+00  4.000000e+00
     vertex  4.405911e+00  7.458520e+00  0.000000e+00
     vertex  4.405911e+00  7.458520e+00  4.000000e+00
   endloop
 endfacet
 facet normal  9.696656e-01  2.444354e-01  0.000000e+00
   outer loop
     vertex  4.421742e+00  7.387558e+00  4.000000e+00
     vertex  4.439514e+00  7.317056e+00  0.000000e+00
     vertex  4.421742e+00  7.387558e+00  0.000000e+00
   endloop
 endfacet
 facet normal  9.696656e-01  2.444354e-01  0.000000e+00
   outer loop
     vertex  4.439514e+00  7.317056e+00  4.000000e+00
     vertex  4.439514e+00  7.317056e+00  0.000000e+00
     vertex  4.421742e+00  7.387558e+00  4.000000e+00
   endloop
 endfacet
 facet normal  9.625948e-01  2.709453e-01  0.000000e+00
   outer loop
     vertex  4.459214e+00  7.247069e+00  4.000000e+00
     vertex  4.459214e+00  7.247069e+00  0.000000e+00
     vertex  4.439514e+00  7.317056e+00  0.000000e+00
   endloop
 endfacet
 facet normal  9.625948e-01  2.709453e-01  0.000000e+00
   outer loop
     vertex  4.459214e+00  7.247069e+00  4.000000e+00
     vertex  4.439514e+00  7.317056e+00  0.000000e+00
     vertex  4.439514e+00  7.317056e+00  4.000000e+00
   endloop
 endfacet
 facet normal  9.547993e-01  2.972512e-01  0.000000e+00
   outer loop
     vertex  4.480826e+00  7.177648e+00  4.000000e+00
     vertex  4.480826e+00  7.177648e+00  0.000000e+00
     vertex  4.459214e+00  7.247069e+00  0.000000e+00
   endloop
 endfacet
 facet normal  9.547993e-01  2.972512e-01  0.000000e+00
   outer loop
     vertex  4.480826e+00  7.177648e+00  4.000000e+00
     vertex  4.459214e+00  7.247069e+00  0.000000e+00
     vertex  4.459214e+00  7.247069e+00  4.000000e+00
   endloop
 endfacet
 facet normal  9.462851e-01  3.233333e-01  0.000000e+00
   outer loop
     vertex  4.504335e+00  7.108847e+00  4.000000e+00
     vertex  4.504335e+00  7.108847e+00  0.000000e+00
     vertex  4.480826e+00  7.177648e+00  0.000000e+00
   endloop
 endfacet
 facet normal  9.462851e-01  3.233333e-01  0.000000e+00
   outer loop
     vertex  4.504335e+00  7.108847e+00  4.000000e+00
     vertex  4.480826e+00  7.177648e+00  0.000000e+00
     vertex  4.480826e+00  7.177648e+00  4.000000e+00
   endloop
 endfacet
 facet normal  9.370586e-01  3.491720e-01  0.000000e+00
   outer loop
     vertex  4.529722e+00  7.040716e+00  4.000000e+00
     vertex  4.529722e+00  7.040716e+00  0.000000e+00
     vertex  4.504335e+00  7.108847e+00  0.000000e+00
   endloop
 endfacet
 facet normal  9.271267e-01  3.747479e-01  0.000000e+00
   outer loop
     vertex  4.529722e+00  7.040716e+00  4.000000e+00
     vertex  4.556969e+00  6.973307e+00  0.000000e+00
     vertex  4.529722e+00  7.040716e+00  0.000000e+00
   endloop
 endfacet
 facet normal  9.370586e-01  3.491720e-01  0.000000e+00
   outer loop
     vertex  4.529722e+00  7.040716e+00  4.000000e+00
     vertex  4.504335e+00  7.108847e+00  0.000000e+00
     vertex  4.504335e+00  7.108847e+00  4.000000e+00
   endloop
 endfacet
 facet normal  9.164969e-01  4.000417e-01  0.000000e+00
   outer loop
     vertex  4.556969e+00  6.973307e+00  4.000000e+00
     vertex  4.586055e+00  6.906671e+00  0.000000e+00
     vertex  4.556969e+00  6.973307e+00  0.000000e+00
   endloop
 endfacet
 facet normal  9.271267e-01  3.747479e-01  0.000000e+00
   outer loop
     vertex  4.556969e+00  6.973307e+00  4.000000e+00
     vertex  4.556969e+00  6.973307e+00  0.000000e+00
     vertex  4.529722e+00  7.040716e+00  4.000000e+00
   endloop
 endfacet
 facet normal  9.164969e-01  4.000417e-01  0.000000e+00
   outer loop
     vertex  4.586055e+00  6.906671e+00  4.000000e+00
     vertex  4.586055e+00  6.906671e+00  0.000000e+00
     vertex  4.556969e+00  6.973307e+00  4.000000e+00
   endloop
 endfacet
 facet normal  9.051772e-01  4.250344e-01  0.000000e+00
   outer loop
     vertex  4.616958e+00  6.840859e+00  4.000000e+00
     vertex  4.616958e+00  6.840859e+00  0.000000e+00
     vertex  4.586055e+00  6.906671e+00  0.000000e+00
   endloop
 endfacet
 facet normal  9.051772e-01  4.250344e-01  0.000000e+00
   outer loop
     vertex  4.616958e+00  6.840859e+00  4.000000e+00
     vertex  4.586055e+00  6.906671e+00  0.000000e+00
     vertex  4.586055e+00  6.906671e+00  4.000000e+00
   endloop
 endfacet
 facet normal  8.931761e-01  4.497071e-01  0.000000e+00
   outer loop
     vertex  4.649654e+00  6.775918e+00  4.000000e+00
     vertex  4.649654e+00  6.775918e+00  0.000000e+00
     vertex  4.616958e+00  6.840859e+00  0.000000e+00
   endloop
 endfacet
 facet normal  8.931761e-01  4.497071e-01  0.000000e+00
   outer loop
     vertex  4.649654e+00  6.775918e+00  4.000000e+00
     vertex  4.616958e+00  6.840859e+00  0.000000e+00
     vertex  4.616958e+00  6.840859e+00  4.000000e+00
   endloop
 endfacet
 facet normal  8.805026e-01  4.740412e-01  0.000000e+00
   outer loop
     vertex  4.684121e+00  6.711900e+00  4.000000e+00
     vertex  4.684121e+00  6.711900e+00  0.000000e+00
     vertex  4.649654e+00  6.775918e+00  0.000000e+00
   endloop
 endfacet
 facet normal  8.805026e-01  4.740412e-01  0.000000e+00
   outer loop
     vertex  4.684121e+00  6.711900e+00  4.000000e+00
     vertex  4.649654e+00  6.775918e+00  0.000000e+00
     vertex  4.649654e+00  6.775918e+00  4.000000e+00
   endloop
 endfacet
 facet normal  8.671664e-01  4.980186e-01  0.000000e+00
   outer loop
     vertex  4.720330e+00  6.648850e+00  4.000000e+00
     vertex  4.720330e+00  6.648850e+00  0.000000e+00
     vertex  4.684121e+00  6.711900e+00  0.000000e+00
   endloop
 endfacet
 facet normal  8.531773e-01  5.216210e-01  0.000000e+00
   outer loop
     vertex  4.720330e+00  6.648850e+00  4.000000e+00
     vertex  4.758256e+00  6.586818e+00  0.000000e+00
     vertex  4.720330e+00  6.648850e+00  0.000000e+00
   endloop
 endfacet
 facet normal  8.671664e-01  4.980186e-01  0.000000e+00
   outer loop
     vertex  4.720330e+00  6.648850e+00  4.000000e+00
     vertex  4.684121e+00  6.711900e+00  0.000000e+00
     vertex  4.684121e+00  6.711900e+00  4.000000e+00
   endloop
 endfacet
 facet normal  8.385460e-01  5.448308e-01  0.000000e+00
   outer loop
     vertex  4.758256e+00  6.586818e+00  4.000000e+00
     vertex  4.797869e+00  6.525850e+00  0.000000e+00
     vertex  4.758256e+00  6.586818e+00  0.000000e+00
   endloop
 endfacet
 facet normal  8.531773e-01  5.216210e-01  0.000000e+00
   outer loop
     vertex  4.758256e+00  6.586818e+00  4.000000e+00
     vertex  4.758256e+00  6.586818e+00  0.000000e+00
     vertex  4.720330e+00  6.648850e+00  4.000000e+00
   endloop
 endfacet
 facet normal  8.385460e-01  5.448308e-01  0.000000e+00
   outer loop
     vertex  4.797869e+00  6.525850e+00  4.000000e+00
     vertex  4.797869e+00  6.525850e+00  0.000000e+00
     vertex  4.758256e+00  6.586818e+00  4.000000e+00
   endloop
 endfacet
 facet normal  8.232835e-01  5.676304e-01  0.000000e+00
   outer loop
     vertex  4.839139e+00  6.465992e+00  4.000000e+00
     vertex  4.797869e+00  6.525850e+00  0.000000e+00
     vertex  4.797869e+00  6.525850e+00  4.000000e+00
   endloop
 endfacet
 facet normal  8.232835e-01  5.676304e-01  0.000000e+00
   outer loop
     vertex  4.839139e+00  6.465992e+00  4.000000e+00
     vertex  4.839139e+00  6.465992e+00  0.000000e+00
     vertex  4.797869e+00  6.525850e+00  0.000000e+00
   endloop
 endfacet
 facet normal  8.074012e-01  5.900028e-01  0.000000e+00
   outer loop
     vertex  4.839139e+00  6.465992e+00  4.000000e+00
     vertex  4.882037e+00  6.407288e+00  0.000000e+00
     vertex  4.839139e+00  6.465992e+00  0.000000e+00
   endloop
 endfacet
 facet normal  8.074012e-01  5.900028e-01  0.000000e+00
   outer loop
     vertex  4.882037e+00  6.407288e+00  4.000000e+00
     vertex  4.882037e+00  6.407288e+00  0.000000e+00
     vertex  4.839139e+00  6.465992e+00  4.000000e+00
   endloop
 endfacet
 facet normal  7.909112e-01  6.119310e-01  0.000000e+00
   outer loop
     vertex  4.926529e+00  6.349783e+00  4.000000e+00
     vertex  4.882037e+00  6.407288e+00  0.000000e+00
     vertex  4.882037e+00  6.407288e+00  4.000000e+00
   endloop
 endfacet
 facet normal  7.909112e-01  6.119310e-01  0.000000e+00
   outer loop
     vertex  4.926529e+00  6.349783e+00  4.000000e+00
     vertex  4.926529e+00  6.349783e+00  0.000000e+00
     vertex  4.882037e+00  6.407288e+00  0.000000e+00
   endloop
 endfacet
 facet normal  7.738257e-01  6.333986e-01  0.000000e+00
   outer loop
     vertex  4.926529e+00  6.349783e+00  4.000000e+00
     vertex  4.972581e+00  6.293520e+00  0.000000e+00
     vertex  4.926529e+00  6.349783e+00  0.000000e+00
   endloop
 endfacet
 facet normal  7.738257e-01  6.333986e-01  0.000000e+00
   outer loop
     vertex  4.972581e+00  6.293520e+00  4.000000e+00
     vertex  4.972581e+00  6.293520e+00  0.000000e+00
     vertex  4.926529e+00  6.349783e+00  4.000000e+00
   endloop
 endfacet
 facet normal  7.561578e-01  6.543893e-01  0.000000e+00
   outer loop
     vertex  5.020160e+00  6.238542e+00  4.000000e+00
     vertex  4.972581e+00  6.293520e+00  0.000000e+00
     vertex  4.972581e+00  6.293520e+00  4.000000e+00
   endloop
 endfacet
 facet normal  7.561578e-01  6.543893e-01  0.000000e+00
   outer loop
     vertex  5.020160e+00  6.238542e+00  4.000000e+00
     vertex  5.020160e+00  6.238542e+00  0.000000e+00
     vertex  4.972581e+00  6.293520e+00  0.000000e+00
   endloop
 endfacet
 facet normal  7.379206e-01  6.748875e-01  0.000000e+00
   outer loop
     vertex  5.069229e+00  6.184890e+00  4.000000e+00
     vertex  5.020160e+00  6.238542e+00  0.000000e+00
     vertex  5.020160e+00  6.238542e+00  4.000000e+00
   endloop
 endfacet
 facet normal  7.379206e-01  6.748875e-01  0.000000e+00
   outer loop
     vertex  5.069229e+00  6.184890e+00  4.000000e+00
     vertex  5.069229e+00  6.184890e+00  0.000000e+00
     vertex  5.020160e+00  6.238542e+00  0.000000e+00
   endloop
 endfacet
 facet normal  7.191280e-01  6.948776e-01  0.000000e+00
   outer loop
     vertex  5.119751e+00  6.132605e+00  4.000000e+00
     vertex  5.069229e+00  6.184890e+00  0.000000e+00
     vertex  5.069229e+00  6.184890e+00  4.000000e+00
   endloop
 endfacet
 facet normal  7.191280e-01  6.948776e-01  0.000000e+00
   outer loop
     vertex  5.119751e+00  6.132605e+00  4.000000e+00
     vertex  5.119751e+00  6.132605e+00  0.000000e+00
     vertex  5.069229e+00  6.184890e+00  0.000000e+00
   endloop
 endfacet
 facet normal  6.997940e-01  7.143447e-01  0.000000e+00
   outer loop
     vertex  5.171689e+00  6.081725e+00  4.000000e+00
     vertex  5.119751e+00  6.132605e+00  0.000000e+00
     vertex  5.119751e+00  6.132605e+00  4.000000e+00
   endloop
 endfacet
 facet normal  6.997940e-01  7.143447e-01  0.000000e+00
   outer loop
     vertex  5.171689e+00  6.081725e+00  4.000000e+00
     vertex  5.171689e+00  6.081725e+00  0.000000e+00
     vertex  5.119751e+00  6.132605e+00  0.000000e+00
   endloop
 endfacet
 facet normal  6.799333e-01  7.332740e-01  0.000000e+00
   outer loop
     vertex  5.225004e+00  6.032289e+00  4.000000e+00
     vertex  5.171689e+00  6.081725e+00  0.000000e+00
     vertex  5.171689e+00  6.081725e+00  4.000000e+00
   endloop
 endfacet
 facet normal  6.799333e-01  7.332740e-01  0.000000e+00
   outer loop
     vertex  5.225004e+00  6.032289e+00  4.000000e+00
     vertex  5.225004e+00  6.032289e+00  0.000000e+00
     vertex  5.171689e+00  6.081725e+00  0.000000e+00
   endloop
 endfacet
 facet normal  6.595607e-01  7.516513e-01  0.000000e+00
   outer loop
     vertex  5.225004e+00  6.032289e+00  4.000000e+00
     vertex  5.279654e+00  5.984334e+00  0.000000e+00
     vertex  5.225004e+00  6.032289e+00  0.000000e+00
   endloop
 endfacet
 facet normal  6.595607e-01  7.516513e-01  0.000000e+00
   outer loop
     vertex  5.279654e+00  5.984334e+00  4.000000e+00
     vertex  5.279654e+00  5.984334e+00  0.000000e+00
     vertex  5.225004e+00  6.032289e+00  4.000000e+00
   endloop
 endfacet
 facet normal  6.386916e-01  7.694628e-01  0.000000e+00
   outer loop
     vertex  5.335599e+00  5.937897e+00  4.000000e+00
     vertex  5.279654e+00  5.984334e+00  0.000000e+00
     vertex  5.279654e+00  5.984334e+00  4.000000e+00
   endloop
 endfacet
 facet normal  6.386916e-01  7.694628e-01  0.000000e+00
   outer loop
     vertex  5.335599e+00  5.937897e+00  4.000000e+00
     vertex  5.335599e+00  5.937897e+00  0.000000e+00
     vertex  5.279654e+00  5.984334e+00  0.000000e+00
   endloop
 endfacet
 facet normal  6.173417e-01  7.866951e-01  0.000000e+00
   outer loop
     vertex  5.392798e+00  5.893012e+00  4.000000e+00
     vertex  5.335599e+00  5.937897e+00  0.000000e+00
     vertex  5.335599e+00  5.937897e+00  4.000000e+00
   endloop
 endfacet
 facet normal  6.173417e-01  7.866951e-01  0.000000e+00
   outer loop
     vertex  5.392798e+00  5.893012e+00  4.000000e+00
     vertex  5.392798e+00  5.893012e+00  0.000000e+00
     vertex  5.335599e+00  5.937897e+00  0.000000e+00
   endloop
 endfacet
 facet normal  5.955271e-01  8.033352e-01  0.000000e+00
   outer loop
     vertex  5.451206e+00  5.849713e+00  4.000000e+00
     vertex  5.392798e+00  5.893012e+00  0.000000e+00
     vertex  5.392798e+00  5.893012e+00  4.000000e+00
   endloop
 endfacet
 facet normal  5.955271e-01  8.033352e-01  0.000000e+00
   outer loop
     vertex  5.451206e+00  5.849713e+00  4.000000e+00
     vertex  5.451206e+00  5.849713e+00  0.000000e+00
     vertex  5.392798e+00  5.893012e+00  0.000000e+00
   endloop
 endfacet
 facet normal  5.732642e-01  8.193706e-01  0.000000e+00
   outer loop
     vertex  5.510780e+00  5.808032e+00  4.000000e+00
     vertex  5.451206e+00  5.849713e+00  0.000000e+00
     vertex  5.451206e+00  5.849713e+00  4.000000e+00
   endloop
 endfacet
 facet normal  5.732642e-01  8.193706e-01  0.000000e+00
   outer loop
     vertex  5.510780e+00  5.808032e+00  4.000000e+00
     vertex  5.510780e+00  5.808032e+00  0.000000e+00
     vertex  5.451206e+00  5.849713e+00  0.000000e+00
   endloop
 endfacet
 facet normal  5.505698e-01  8.347891e-01  0.000000e+00
   outer loop
     vertex  5.571475e+00  5.768002e+00  4.000000e+00
     vertex  5.510780e+00  5.808032e+00  0.000000e+00
     vertex  5.510780e+00  5.808032e+00  4.000000e+00
   endloop
 endfacet
 facet normal  5.505698e-01  8.347891e-01  0.000000e+00
   outer loop
     vertex  5.571475e+00  5.768002e+00  4.000000e+00
     vertex  5.571475e+00  5.768002e+00  0.000000e+00
     vertex  5.510780e+00  5.808032e+00  0.000000e+00
   endloop
 endfacet
 facet normal  5.274609e-01  8.495793e-01  0.000000e+00
   outer loop
     vertex  5.571475e+00  5.768002e+00  4.000000e+00
     vertex  5.633245e+00  5.729652e+00  0.000000e+00
     vertex  5.571475e+00  5.768002e+00  0.000000e+00
   endloop
 endfacet
 facet normal  5.274609e-01  8.495793e-01  0.000000e+00
   outer loop
     vertex  5.633245e+00  5.729652e+00  4.000000e+00
     vertex  5.633245e+00  5.729652e+00  0.000000e+00
     vertex  5.571475e+00  5.768002e+00  4.000000e+00
   endloop
 endfacet
 facet normal  5.039550e-01  8.637299e-01  0.000000e+00
   outer loop
     vertex  5.696045e+00  5.693011e+00  4.000000e+00
     vertex  5.633245e+00  5.729652e+00  0.000000e+00
     vertex  5.633245e+00  5.729652e+00  4.000000e+00
   endloop
 endfacet
 facet normal  5.039550e-01  8.637299e-01  0.000000e+00
   outer loop
     vertex  5.696045e+00  5.693011e+00  4.000000e+00
     vertex  5.696045e+00  5.693011e+00  0.000000e+00
     vertex  5.633245e+00  5.729652e+00  0.000000e+00
   endloop
 endfacet
 facet normal  4.800697e-01  8.772303e-01  0.000000e+00
   outer loop
     vertex  5.696045e+00  5.693011e+00  4.000000e+00
     vertex  5.759825e+00  5.658106e+00  0.000000e+00
     vertex  5.696045e+00  5.693011e+00  0.000000e+00
   endloop
 endfacet
 facet normal  4.800697e-01  8.772303e-01  0.000000e+00
   outer loop
     vertex  5.759825e+00  5.658106e+00  4.000000e+00
     vertex  5.759825e+00  5.658106e+00  0.000000e+00
     vertex  5.696045e+00  5.693011e+00  4.000000e+00
   endloop
 endfacet
 facet normal  4.558231e-01  8.900704e-01  0.000000e+00
   outer loop
     vertex  5.824540e+00  5.624965e+00  4.000000e+00
     vertex  5.759825e+00  5.658106e+00  0.000000e+00
     vertex  5.759825e+00  5.658106e+00  4.000000e+00
   endloop
 endfacet
 facet normal  4.558231e-01  8.900704e-01  0.000000e+00
   outer loop
     vertex  5.824540e+00  5.624965e+00  4.000000e+00
     vertex  5.824540e+00  5.624965e+00  0.000000e+00
     vertex  5.759825e+00  5.658106e+00  0.000000e+00
   endloop
 endfacet
 facet normal  4.312333e-01  9.022405e-01  0.000000e+00
   outer loop
     vertex  5.890139e+00  5.593611e+00  4.000000e+00
     vertex  5.824540e+00  5.624965e+00  0.000000e+00
     vertex  5.824540e+00  5.624965e+00  4.000000e+00
   endloop
 endfacet
 facet normal  4.312333e-01  9.022405e-01  0.000000e+00
   outer loop
     vertex  5.890139e+00  5.593611e+00  4.000000e+00
     vertex  5.890139e+00  5.593611e+00  0.000000e+00
     vertex  5.824540e+00  5.624965e+00  0.000000e+00
   endloop
 endfacet
 facet normal  4.063188e-01  9.137314e-01  0.000000e+00
   outer loop
     vertex  5.890139e+00  5.593611e+00  4.000000e+00
     vertex  5.956574e+00  5.564069e+00  0.000000e+00
     vertex  5.890139e+00  5.593611e+00  0.000000e+00
   endloop
 endfacet
 facet normal  4.063188e-01  9.137314e-01  0.000000e+00
   outer loop
     vertex  5.956574e+00  5.564069e+00  4.000000e+00
     vertex  5.956574e+00  5.564069e+00  0.000000e+00
     vertex  5.890139e+00  5.593611e+00  4.000000e+00
   endloop
 endfacet
 facet normal  3.810986e-01  9.245344e-01  0.000000e+00
   outer loop
     vertex  6.023794e+00  5.536360e+00  4.000000e+00
     vertex  6.023794e+00  5.536360e+00  0.000000e+00
     vertex  5.956574e+00  5.564069e+00  0.000000e+00
   endloop
 endfacet
 facet normal  3.810986e-01  9.245344e-01  0.000000e+00
   outer loop
     vertex  6.023794e+00  5.536360e+00  4.000000e+00
     vertex  5.956574e+00  5.564069e+00  0.000000e+00
     vertex  5.956574e+00  5.564069e+00  4.000000e+00
   endloop
 endfacet
 facet normal  3.555914e-01  9.346415e-01  0.000000e+00
   outer loop
     vertex  6.091749e+00  5.510506e+00  4.000000e+00
     vertex  6.091749e+00  5.510506e+00  0.000000e+00
     vertex  6.023794e+00  5.536360e+00  0.000000e+00
   endloop
 endfacet
 facet normal  3.555914e-01  9.346415e-01  0.000000e+00
   outer loop
     vertex  6.091749e+00  5.510506e+00  4.000000e+00
     vertex  6.023794e+00  5.536360e+00  0.000000e+00
     vertex  6.023794e+00  5.536360e+00  4.000000e+00
   endloop
 endfacet
 facet normal  3.298166e-01  9.440450e-01  0.000000e+00
   outer loop
     vertex  6.160388e+00  5.486526e+00  4.000000e+00
     vertex  6.160388e+00  5.486526e+00  0.000000e+00
     vertex  6.091749e+00  5.510506e+00  0.000000e+00
   endloop
 endfacet
 facet normal  3.298166e-01  9.440450e-01  0.000000e+00
   outer loop
     vertex  6.160388e+00  5.486526e+00  4.000000e+00
     vertex  6.091749e+00  5.510506e+00  0.000000e+00
     vertex  6.091749e+00  5.510506e+00  4.000000e+00
   endloop
 endfacet
 facet normal  3.037934e-01  9.527379e-01  0.000000e+00
   outer loop
     vertex  6.229659e+00  5.464438e+00  4.000000e+00
     vertex  6.229659e+00  5.464438e+00  0.000000e+00
     vertex  6.160388e+00  5.486526e+00  0.000000e+00
   endloop
 endfacet
 facet normal  2.775416e-01  9.607136e-01  0.000000e+00
   outer loop
     vertex  6.229659e+00  5.464438e+00  4.000000e+00
     vertex  6.299509e+00  5.444259e+00  0.000000e+00
     vertex  6.229659e+00  5.464438e+00  0.000000e+00
   endloop
 endfacet
 facet normal  3.037934e-01  9.527379e-01  0.000000e+00
   outer loop
     vertex  6.229659e+00  5.464438e+00  4.000000e+00
     vertex  6.160388e+00  5.486526e+00  0.000000e+00
     vertex  6.160388e+00  5.486526e+00  4.000000e+00
   endloop
 endfacet
 facet normal  2.775416e-01  9.607136e-01  0.000000e+00
   outer loop
     vertex  6.299509e+00  5.444259e+00  4.000000e+00
     vertex  6.299509e+00  5.444259e+00  0.000000e+00
     vertex  6.229659e+00  5.464438e+00  4.000000e+00
   endloop
 endfacet
 facet normal  2.510809e-01  9.679661e-01  0.000000e+00
   outer loop
     vertex  6.369887e+00  5.426004e+00  4.000000e+00
     vertex  6.299509e+00  5.444259e+00  0.000000e+00
     vertex  6.299509e+00  5.444259e+00  4.000000e+00
   endloop
 endfacet
 facet normal  2.510809e-01  9.679661e-01  0.000000e+00
   outer loop
     vertex  6.369887e+00  5.426004e+00  4.000000e+00
     vertex  6.369887e+00  5.426004e+00  0.000000e+00
     vertex  6.299509e+00  5.444259e+00  0.000000e+00
   endloop
 endfacet
 facet normal  2.244312e-01  9.744899e-01  0.000000e+00
   outer loop
     vertex  6.369887e+00  5.426004e+00  4.000000e+00
     vertex  6.440739e+00  5.409686e+00  0.000000e+00
     vertex  6.369887e+00  5.426004e+00  0.000000e+00
   endloop
 endfacet
 facet normal  2.244312e-01  9.744899e-01  0.000000e+00
   outer loop
     vertex  6.440739e+00  5.409686e+00  4.000000e+00
     vertex  6.440739e+00  5.409686e+00  0.000000e+00
     vertex  6.369887e+00  5.426004e+00  4.000000e+00
   endloop
 endfacet
 facet normal  1.976125e-01  9.802802e-01  0.000000e+00
   outer loop
     vertex  6.512013e+00  5.395318e+00  4.000000e+00
     vertex  6.440739e+00  5.409686e+00  0.000000e+00
     vertex  6.440739e+00  5.409686e+00  4.000000e+00
   endloop
 endfacet
 facet normal  1.976125e-01  9.802802e-01  0.000000e+00
   outer loop
     vertex  6.512013e+00  5.395318e+00  4.000000e+00
     vertex  6.512013e+00  5.395318e+00  0.000000e+00
     vertex  6.440739e+00  5.409686e+00  0.000000e+00
   endloop
 endfacet
 facet normal  1.706451e-01  9.853326e-01  0.000000e+00
   outer loop
     vertex  6.512013e+00  5.395318e+00  4.000000e+00
     vertex  6.583653e+00  5.382911e+00  0.000000e+00
     vertex  6.512013e+00  5.395318e+00  0.000000e+00
   endloop
 endfacet
 facet normal  1.706451e-01  9.853326e-01  0.000000e+00
   outer loop
     vertex  6.583653e+00  5.382911e+00  4.000000e+00
     vertex  6.583653e+00  5.382911e+00  0.000000e+00
     vertex  6.512013e+00  5.395318e+00  4.000000e+00
   endloop
 endfacet
 facet normal  1.435492e-01  9.896432e-01  0.000000e+00
   outer loop
     vertex  6.655607e+00  5.372474e+00  4.000000e+00
     vertex  6.583653e+00  5.382911e+00  0.000000e+00
     vertex  6.583653e+00  5.382911e+00  4.000000e+00
   endloop
 endfacet
 facet normal  1.435492e-01  9.896432e-01  0.000000e+00
   outer loop
     vertex  6.655607e+00  5.372474e+00  4.000000e+00
     vertex  6.655607e+00  5.372474e+00  0.000000e+00
     vertex  6.583653e+00  5.382911e+00  0.000000e+00
   endloop
 endfacet
 facet normal  1.163452e-01  9.932088e-01  0.000000e+00
   outer loop
     vertex  6.727821e+00  5.364015e+00  4.000000e+00
     vertex  6.655607e+00  5.372474e+00  0.000000e+00
     vertex  6.655607e+00  5.372474e+00  4.000000e+00
   endloop
 endfacet
 facet normal  1.163452e-01  9.932088e-01  0.000000e+00
   outer loop
     vertex  6.727821e+00  5.364015e+00  4.000000e+00
     vertex  6.727821e+00  5.364015e+00  0.000000e+00
     vertex  6.655607e+00  5.372474e+00  0.000000e+00
   endloop
 endfacet
 facet normal  8.905371e-02  9.960268e-01  0.000000e+00
   outer loop
     vertex  6.800239e+00  5.357540e+00  4.000000e+00
     vertex  6.727821e+00  5.364015e+00  0.000000e+00
     vertex  6.727821e+00  5.364015e+00  4.000000e+00
   endloop
 endfacet
 facet normal  8.905371e-02  9.960268e-01  0.000000e+00
   outer loop
     vertex  6.800239e+00  5.357540e+00  4.000000e+00
     vertex  6.800239e+00  5.357540e+00  0.000000e+00
     vertex  6.727821e+00  5.364015e+00  0.000000e+00
   endloop
 endfacet
 facet normal  6.169515e-02  9.980950e-01  0.000000e+00
   outer loop
     vertex  6.872808e+00  5.353054e+00  4.000000e+00
     vertex  6.800239e+00  5.357540e+00  0.000000e+00
     vertex  6.800239e+00  5.357540e+00  4.000000e+00
   endloop
 endfacet
 facet normal  6.169515e-02  9.980950e-01  0.000000e+00
   outer loop
     vertex  6.872808e+00  5.353054e+00  4.000000e+00
     vertex  6.872808e+00  5.353054e+00  0.000000e+00
     vertex  6.800239e+00  5.357540e+00  0.000000e+00
   endloop
 endfacet
 facet normal  3.429014e-02  9.994119e-01  0.000000e+00
   outer loop
     vertex  6.945472e+00  5.350561e+00  4.000000e+00
     vertex  6.872808e+00  5.353054e+00  0.000000e+00
     vertex  6.872808e+00  5.353054e+00  4.000000e+00
   endloop
 endfacet
 facet normal  3.429014e-02  9.994119e-01  0.000000e+00
   outer loop
     vertex  6.945472e+00  5.350561e+00  4.000000e+00
     vertex  6.945472e+00  5.350561e+00  0.000000e+00
     vertex  6.872808e+00  5.353054e+00  0.000000e+00
   endloop
 endfacet
 facet normal  6.859319e-03  9.999765e-01  0.000000e+00
   outer loop
     vertex  6.945472e+00  5.350561e+00  4.000000e+00
     vertex  7.018177e+00  5.350062e+00  0.000000e+00
     vertex  6.945472e+00  5.350561e+00  0.000000e+00
   endloop
 endfacet
 facet normal  6.859319e-03  9.999765e-01  0.000000e+00
   outer loop
     vertex  7.018177e+00  5.350062e+00  4.000000e+00
     vertex  7.018177e+00  5.350062e+00  0.000000e+00
     vertex  6.945472e+00  5.350561e+00  4.000000e+00
   endloop
 endfacet
 facet normal -2.057667e-02  9.997883e-01  0.000000e+00
   outer loop
     vertex  7.090869e+00  5.351558e+00  4.000000e+00
     vertex  7.018177e+00  5.350062e+00  0.000000e+00
     vertex  7.018177e+00  5.350062e+00  4.000000e+00
   endloop
 endfacet
 facet normal -2.057667e-02  9.997883e-01  0.000000e+00
   outer loop
     vertex  7.090869e+00  5.351558e+00  4.000000e+00
     vertex  7.090869e+00  5.351558e+00  0.000000e+00
     vertex  7.018177e+00  5.350062e+00  0.000000e+00
   endloop
 endfacet
 facet normal -4.799716e-02  9.988475e-01  0.000000e+00
   outer loop
     vertex  7.163492e+00  5.355048e+00  4.000000e+00
     vertex  7.163492e+00  5.355048e+00  0.000000e+00
     vertex  7.090869e+00  5.351558e+00  0.000000e+00
   endloop
 endfacet
 facet normal -7.538152e-02  9.971548e-01  0.000000e+00
   outer loop
     vertex  7.163492e+00  5.355048e+00  4.000000e+00
     vertex  7.235992e+00  5.360529e+00  0.000000e+00
     vertex  7.163492e+00  5.355048e+00  0.000000e+00
   endloop
 endfacet
 facet normal -4.799716e-02  9.988475e-01  0.000000e+00
   outer loop
     vertex  7.163492e+00  5.355048e+00  4.000000e+00
     vertex  7.090869e+00  5.351558e+00  0.000000e+00
     vertex  7.090869e+00  5.351558e+00  4.000000e+00
   endloop
 endfacet
 facet normal -7.538152e-02  9.971548e-01  0.000000e+00
   outer loop
     vertex  7.235992e+00  5.360529e+00  4.000000e+00
     vertex  7.235992e+00  5.360529e+00  0.000000e+00
     vertex  7.163492e+00  5.355048e+00  4.000000e+00
   endloop
 endfacet
 facet normal -1.027091e-01  9.947114e-01  0.000000e+00
   outer loop
     vertex  7.308315e+00  5.367997e+00  4.000000e+00
     vertex  7.308315e+00  5.367997e+00  0.000000e+00
     vertex  7.235992e+00  5.360529e+00  0.000000e+00
   endloop
 endfacet
 facet normal -1.027091e-01  9.947114e-01  0.000000e+00
   outer loop
     vertex  7.308315e+00  5.367997e+00  4.000000e+00
     vertex  7.235992e+00  5.360529e+00  0.000000e+00
     vertex  7.235992e+00  5.360529e+00  4.000000e+00
   endloop
 endfacet
 facet normal -1.299594e-01  9.915193e-01  0.000000e+00
   outer loop
     vertex  7.380405e+00  5.377446e+00  4.000000e+00
     vertex  7.380405e+00  5.377446e+00  0.000000e+00
     vertex  7.308315e+00  5.367997e+00  0.000000e+00
   endloop
 endfacet
 facet normal -1.299594e-01  9.915193e-01  0.000000e+00
   outer loop
     vertex  7.380405e+00  5.377446e+00  4.000000e+00
     vertex  7.308315e+00  5.367997e+00  0.000000e+00
     vertex  7.308315e+00  5.367997e+00  4.000000e+00
   endloop
 endfacet
 facet normal -1.571119e-01  9.875808e-01  0.000000e+00
   outer loop
     vertex  7.452209e+00  5.388869e+00  4.000000e+00
     vertex  7.452209e+00  5.388869e+00  0.000000e+00
     vertex  7.380405e+00  5.377446e+00  0.000000e+00
   endloop
 endfacet
 facet normal -1.841461e-01  9.828989e-01  0.000000e+00
   outer loop
     vertex  7.452209e+00  5.388869e+00  4.000000e+00
     vertex  7.523673e+00  5.402257e+00  0.000000e+00
     vertex  7.452209e+00  5.388869e+00  0.000000e+00
   endloop
 endfacet
 facet normal -1.571119e-01  9.875808e-01  0.000000e+00
   outer loop
     vertex  7.452209e+00  5.388869e+00  4.000000e+00
     vertex  7.380405e+00  5.377446e+00  0.000000e+00
     vertex  7.380405e+00  5.377446e+00  4.000000e+00
   endloop
 endfacet
 facet normal -1.841461e-01  9.828989e-01  0.000000e+00
   outer loop
     vertex  7.523673e+00  5.402257e+00  4.000000e+00
     vertex  7.523673e+00  5.402257e+00  0.000000e+00
     vertex  7.452209e+00  5.388869e+00  4.000000e+00
   endloop
 endfacet
 facet normal -2.110417e-01  9.774771e-01  0.000000e+00
   outer loop
     vertex  7.594743e+00  5.417602e+00  4.000000e+00
     vertex  7.594743e+00  5.417602e+00  0.000000e+00
     vertex  7.523673e+00  5.402257e+00  0.000000e+00
   endloop
 endfacet
 facet normal -2.110417e-01  9.774771e-01  0.000000e+00
   outer loop
     vertex  7.594743e+00  5.417602e+00  4.000000e+00
     vertex  7.523673e+00  5.402257e+00  0.000000e+00
     vertex  7.523673e+00  5.402257e+00  4.000000e+00
   endloop
 endfacet
 facet normal -2.377784e-01  9.713194e-01  0.000000e+00
   outer loop
     vertex  7.665364e+00  5.434890e+00  4.000000e+00
     vertex  7.665364e+00  5.434890e+00  0.000000e+00
     vertex  7.594743e+00  5.417602e+00  0.000000e+00
   endloop
 endfacet
 facet normal -2.377784e-01  9.713194e-01  0.000000e+00
   outer loop
     vertex  7.665364e+00  5.434890e+00  4.000000e+00
     vertex  7.594743e+00  5.417602e+00  0.000000e+00
     vertex  7.594743e+00  5.417602e+00  4.000000e+00
   endloop
 endfacet
 facet normal -2.643362e-01  9.644306e-01  0.000000e+00
   outer loop
     vertex  7.735485e+00  5.454109e+00  4.000000e+00
     vertex  7.735485e+00  5.454109e+00  0.000000e+00
     vertex  7.665364e+00  5.434890e+00  0.000000e+00
   endloop
 endfacet
 facet normal -2.643362e-01  9.644306e-01  0.000000e+00
   outer loop
     vertex  7.735485e+00  5.454109e+00  4.000000e+00
     vertex  7.665364e+00  5.434890e+00  0.000000e+00
     vertex  7.665364e+00  5.434890e+00  4.000000e+00
   endloop
 endfacet
 facet normal -2.906949e-01  9.568158e-01  0.000000e+00
   outer loop
     vertex  7.805053e+00  5.475245e+00  4.000000e+00
     vertex  7.805053e+00  5.475245e+00  0.000000e+00
     vertex  7.735485e+00  5.454109e+00  0.000000e+00
   endloop
 endfacet
 facet normal -2.906949e-01  9.568158e-01  0.000000e+00
   outer loop
     vertex  7.805053e+00  5.475245e+00  4.000000e+00
     vertex  7.735485e+00  5.454109e+00  0.000000e+00
     vertex  7.735485e+00  5.454109e+00  4.000000e+00
   endloop
 endfacet
 facet normal -3.168348e-01  9.484807e-01  0.000000e+00
   outer loop
     vertex  7.874014e+00  5.498281e+00  4.000000e+00
     vertex  7.874014e+00  5.498281e+00  0.000000e+00
     vertex  7.805053e+00  5.475245e+00  0.000000e+00
   endloop
 endfacet
 facet normal -3.168348e-01  9.484807e-01  0.000000e+00
   outer loop
     vertex  7.874014e+00  5.498281e+00  4.000000e+00
     vertex  7.805053e+00  5.475245e+00  0.000000e+00
     vertex  7.805053e+00  5.475245e+00  4.000000e+00
   endloop
 endfacet
 facet normal -3.427362e-01  9.394317e-01  0.000000e+00
   outer loop
     vertex  7.942317e+00  5.523200e+00  4.000000e+00
     vertex  7.942317e+00  5.523200e+00  0.000000e+00
     vertex  7.874014e+00  5.498281e+00  0.000000e+00
   endloop
 endfacet
 facet normal -3.427362e-01  9.394317e-01  0.000000e+00
   outer loop
     vertex  7.942317e+00  5.523200e+00  4.000000e+00
     vertex  7.874014e+00  5.498281e+00  0.000000e+00
     vertex  7.874014e+00  5.498281e+00  4.000000e+00
   endloop
 endfacet
 facet normal -3.683796e-01  9.296754e-01  0.000000e+00
   outer loop
     vertex  8.009911e+00  5.549984e+00  4.000000e+00
     vertex  8.009911e+00  5.549984e+00  0.000000e+00
     vertex  7.942317e+00  5.523200e+00  0.000000e+00
   endloop
 endfacet
 facet normal -3.937458e-01  9.192194e-01  0.000000e+00
   outer loop
     vertex  8.009911e+00  5.549984e+00  4.000000e+00
     vertex  8.076745e+00  5.578612e+00  0.000000e+00
     vertex  8.009911e+00  5.549984e+00  0.000000e+00
   endloop
 endfacet
 facet normal -3.683796e-01  9.296754e-01  0.000000e+00
   outer loop
     vertex  8.009911e+00  5.549984e+00  4.000000e+00
     vertex  7.942317e+00  5.523200e+00  0.000000e+00
     vertex  7.942317e+00  5.523200e+00  4.000000e+00
   endloop
 endfacet
 facet normal -3.937458e-01  9.192194e-01  0.000000e+00
   outer loop
     vertex  8.076745e+00  5.578612e+00  4.000000e+00
     vertex  8.076745e+00  5.578612e+00  0.000000e+00
     vertex  8.009911e+00  5.549984e+00  4.000000e+00
   endloop
 endfacet
 facet normal -4.188155e-01  9.080714e-01  0.000000e+00
   outer loop
     vertex  8.142768e+00  5.609063e+00  4.000000e+00
     vertex  8.076745e+00  5.578612e+00  0.000000e+00
     vertex  8.076745e+00  5.578612e+00  4.000000e+00
   endloop
 endfacet
 facet normal -4.188155e-01  9.080714e-01  0.000000e+00
   outer loop
     vertex  8.142768e+00  5.609063e+00  4.000000e+00
     vertex  8.142768e+00  5.609063e+00  0.000000e+00
     vertex  8.076745e+00  5.578612e+00  0.000000e+00
   endloop
 endfacet
 facet normal -4.435699e-01  8.962398e-01  0.000000e+00
   outer loop
     vertex  8.207931e+00  5.641313e+00  4.000000e+00
     vertex  8.142768e+00  5.609063e+00  0.000000e+00
     vertex  8.142768e+00  5.609063e+00  4.000000e+00
   endloop
 endfacet
 facet normal -4.435699e-01  8.962398e-01  0.000000e+00
   outer loop
     vertex  8.207931e+00  5.641313e+00  4.000000e+00
     vertex  8.207931e+00  5.641313e+00  0.000000e+00
     vertex  8.142768e+00  5.609063e+00  0.000000e+00
   endloop
 endfacet
 facet normal -4.679904e-01  8.837335e-01  0.000000e+00
   outer loop
     vertex  8.272185e+00  5.675340e+00  4.000000e+00
     vertex  8.207931e+00  5.641313e+00  0.000000e+00
     vertex  8.207931e+00  5.641313e+00  4.000000e+00
   endloop
 endfacet
 facet normal -4.679904e-01  8.837335e-01  0.000000e+00
   outer loop
     vertex  8.272185e+00  5.675340e+00  4.000000e+00
     vertex  8.272185e+00  5.675340e+00  0.000000e+00
     vertex  8.207931e+00  5.641313e+00  0.000000e+00
   endloop
 endfacet
 facet normal -4.920587e-01  8.705620e-01  0.000000e+00
   outer loop
     vertex  8.335481e+00  5.711116e+00  4.000000e+00
     vertex  8.335481e+00  5.711116e+00  0.000000e+00
     vertex  8.272185e+00  5.675340e+00  0.000000e+00
   endloop
 endfacet
 facet normal -4.920587e-01  8.705620e-01  0.000000e+00
   outer loop
     vertex  8.335481e+00  5.711116e+00  4.000000e+00
     vertex  8.272185e+00  5.675340e+00  0.000000e+00
     vertex  8.272185e+00  5.675340e+00  4.000000e+00
   endloop
 endfacet
 facet normal -5.157565e-01  8.567352e-01  0.000000e+00
   outer loop
     vertex  8.397772e+00  5.748615e+00  4.000000e+00
     vertex  8.335481e+00  5.711116e+00  0.000000e+00
     vertex  8.335481e+00  5.711116e+00  4.000000e+00
   endloop
 endfacet
 facet normal -5.157565e-01  8.567352e-01  0.000000e+00
   outer loop
     vertex  8.397772e+00  5.748615e+00  4.000000e+00
     vertex  8.397772e+00  5.748615e+00  0.000000e+00
     vertex  8.335481e+00  5.711116e+00  0.000000e+00
   endloop
 endfacet
 facet normal -5.390661e-01  8.422635e-01  0.000000e+00
   outer loop
     vertex  8.459010e+00  5.787809e+00  4.000000e+00
     vertex  8.459010e+00  5.787809e+00  0.000000e+00
     vertex  8.397772e+00  5.748615e+00  0.000000e+00
   endloop
 endfacet
 facet normal -5.390661e-01  8.422635e-01  0.000000e+00
   outer loop
     vertex  8.459010e+00  5.787809e+00  4.000000e+00
     vertex  8.397772e+00  5.748615e+00  0.000000e+00
     vertex  8.397772e+00  5.748615e+00  4.000000e+00
   endloop
 endfacet
 facet normal -5.619699e-01  8.271577e-01  0.000000e+00
   outer loop
     vertex  8.519150e+00  5.828668e+00  4.000000e+00
     vertex  8.519150e+00  5.828668e+00  0.000000e+00
     vertex  8.459010e+00  5.787809e+00  0.000000e+00
   endloop
 endfacet
 facet normal -5.619699e-01  8.271577e-01  0.000000e+00
   outer loop
     vertex  8.519150e+00  5.828668e+00  4.000000e+00
     vertex  8.459010e+00  5.787809e+00  0.000000e+00
     vertex  8.459010e+00  5.787809e+00  4.000000e+00
   endloop
 endfacet
 facet normal -5.844507e-01  8.114292e-01  0.000000e+00
   outer loop
     vertex  8.578147e+00  5.871162e+00  4.000000e+00
     vertex  8.578147e+00  5.871162e+00  0.000000e+00
     vertex  8.519150e+00  5.828668e+00  0.000000e+00
   endloop
 endfacet
 facet normal -5.844507e-01  8.114292e-01  0.000000e+00
   outer loop
     vertex  8.578147e+00  5.871162e+00  4.000000e+00
     vertex  8.519150e+00  5.828668e+00  0.000000e+00
     vertex  8.519150e+00  5.828668e+00  4.000000e+00
   endloop
 endfacet
 facet normal -6.064915e-01  7.950900e-01  0.000000e+00
   outer loop
     vertex  8.635956e+00  5.915258e+00  4.000000e+00
     vertex  8.635956e+00  5.915258e+00  0.000000e+00
     vertex  8.578147e+00  5.871162e+00  0.000000e+00
   endloop
 endfacet
 facet normal -6.064915e-01  7.950900e-01  0.000000e+00
   outer loop
     vertex  8.635956e+00  5.915258e+00  4.000000e+00
     vertex  8.578147e+00  5.871162e+00  0.000000e+00
     vertex  8.578147e+00  5.871162e+00  4.000000e+00
   endloop
 endfacet
 facet normal -6.280757e-01  7.781522e-01  0.000000e+00
   outer loop
     vertex  8.692533e+00  5.960923e+00  4.000000e+00
     vertex  8.692533e+00  5.960923e+00  0.000000e+00
     vertex  8.635956e+00  5.915258e+00  0.000000e+00
   endloop
 endfacet
 facet normal -6.280757e-01  7.781522e-01  0.000000e+00
   outer loop
     vertex  8.692533e+00  5.960923e+00  4.000000e+00
     vertex  8.635956e+00  5.915258e+00  0.000000e+00
     vertex  8.635956e+00  5.915258e+00  4.000000e+00
   endloop
 endfacet
 facet normal -6.491872e-01  7.606287e-01  0.000000e+00
   outer loop
     vertex  8.747836e+00  6.008124e+00  4.000000e+00
     vertex  8.747836e+00  6.008124e+00  0.000000e+00
     vertex  8.692533e+00  5.960923e+00  0.000000e+00
   endloop
 endfacet
 facet normal -6.491872e-01  7.606287e-01  0.000000e+00
   outer loop
     vertex  8.747836e+00  6.008124e+00  4.000000e+00
     vertex  8.692533e+00  5.960923e+00  0.000000e+00
     vertex  8.692533e+00  5.960923e+00  4.000000e+00
   endloop
 endfacet
 facet normal -6.698100e-01  7.425325e-01  0.000000e+00
   outer loop
     vertex  8.801823e+00  6.056824e+00  4.000000e+00
     vertex  8.801823e+00  6.056824e+00  0.000000e+00
     vertex  8.747836e+00  6.008124e+00  0.000000e+00
   endloop
 endfacet
 facet normal -6.899286e-01  7.238775e-01  0.000000e+00
   outer loop
     vertex  8.801823e+00  6.056824e+00  4.000000e+00
     vertex  8.854454e+00  6.106987e+00  0.000000e+00
     vertex  8.801823e+00  6.056824e+00  0.000000e+00
   endloop
 endfacet
 facet normal -6.698100e-01  7.425325e-01  0.000000e+00
   outer loop
     vertex  8.801823e+00  6.056824e+00  4.000000e+00
     vertex  8.747836e+00  6.008124e+00  0.000000e+00
     vertex  8.747836e+00  6.008124e+00  4.000000e+00
   endloop
 endfacet
 facet normal -6.899286e-01  7.238775e-01  0.000000e+00
   outer loop
     vertex  8.854454e+00  6.106987e+00  4.000000e+00
     vertex  8.854454e+00  6.106987e+00  0.000000e+00
     vertex  8.801823e+00  6.056824e+00  4.000000e+00
   endloop
 endfacet
 facet normal -7.095278e-01  7.046775e-01  0.000000e+00
   outer loop
     vertex  8.905689e+00  6.158574e+00  4.000000e+00
     vertex  8.905689e+00  6.158574e+00  0.000000e+00
     vertex  8.854454e+00  6.106987e+00  0.000000e+00
   endloop
 endfacet
 facet normal -7.095278e-01  7.046775e-01  0.000000e+00
   outer loop
     vertex  8.905689e+00  6.158574e+00  4.000000e+00
     vertex  8.854454e+00  6.106987e+00  0.000000e+00
     vertex  8.854454e+00  6.106987e+00  4.000000e+00
   endloop
 endfacet
 facet normal -7.285929e-01  6.849470e-01  0.000000e+00
   outer loop
     vertex  8.955490e+00  6.211548e+00  4.000000e+00
     vertex  8.955490e+00  6.211548e+00  0.000000e+00
     vertex  8.905689e+00  6.158574e+00  0.000000e+00
   endloop
 endfacet
 facet normal -7.285929e-01  6.849470e-01  0.000000e+00
   outer loop
     vertex  8.955490e+00  6.211548e+00  4.000000e+00
     vertex  8.905689e+00  6.158574e+00  0.000000e+00
     vertex  8.905689e+00  6.158574e+00  4.000000e+00
   endloop
 endfacet
 facet normal -7.471095e-01  6.647010e-01  0.000000e+00
   outer loop
     vertex  9.003818e+00  6.265868e+00  4.000000e+00
     vertex  9.003818e+00  6.265868e+00  0.000000e+00
     vertex  8.955490e+00  6.211548e+00  0.000000e+00
   endloop
 endfacet
 facet normal -7.471095e-01  6.647010e-01  0.000000e+00
   outer loop
     vertex  9.003818e+00  6.265868e+00  4.000000e+00
     vertex  8.955490e+00  6.211548e+00  0.000000e+00
     vertex  8.955490e+00  6.211548e+00  4.000000e+00
   endloop
 endfacet
 facet normal -7.650637e-01  6.439545e-01  0.000000e+00
   outer loop
     vertex  9.050638e+00  6.321494e+00  4.000000e+00
     vertex  9.050638e+00  6.321494e+00  0.000000e+00
     vertex  9.003818e+00  6.265868e+00  0.000000e+00
   endloop
 endfacet
 facet normal -7.650637e-01  6.439545e-01  0.000000e+00
   outer loop
     vertex  9.050638e+00  6.321494e+00  4.000000e+00
     vertex  9.003818e+00  6.265868e+00  0.000000e+00
     vertex  9.003818e+00  6.265868e+00  4.000000e+00
   endloop
 endfacet
 facet normal -7.824421e-01  6.227234e-01  0.000000e+00
   outer loop
     vertex  9.095915e+00  6.378383e+00  4.000000e+00
     vertex  9.095915e+00  6.378383e+00  0.000000e+00
     vertex  9.050638e+00  6.321494e+00  0.000000e+00
   endloop
 endfacet
 facet normal -7.824421e-01  6.227234e-01  0.000000e+00
   outer loop
     vertex  9.095915e+00  6.378383e+00  4.000000e+00
     vertex  9.050638e+00  6.321494e+00  0.000000e+00
     vertex  9.050638e+00  6.321494e+00  4.000000e+00
   endloop
 endfacet
 facet normal -7.992314e-01  6.010234e-01  0.000000e+00
   outer loop
     vertex  9.139613e+00  6.436493e+00  4.000000e+00
     vertex  9.139613e+00  6.436493e+00  0.000000e+00
     vertex  9.095915e+00  6.378383e+00  0.000000e+00
   endloop
 endfacet
 facet normal -7.992314e-01  6.010234e-01  0.000000e+00
   outer loop
     vertex  9.139613e+00  6.436493e+00  4.000000e+00
     vertex  9.095915e+00  6.378383e+00  0.000000e+00
     vertex  9.095915e+00  6.378383e+00  4.000000e+00
   endloop
 endfacet
 facet normal -8.154191e-01  5.788711e-01  0.000000e+00
   outer loop
     vertex  9.181701e+00  6.495779e+00  4.000000e+00
     vertex  9.181701e+00  6.495779e+00  0.000000e+00
     vertex  9.139613e+00  6.436493e+00  0.000000e+00
   endloop
 endfacet
 facet normal -8.154191e-01  5.788711e-01  0.000000e+00
   outer loop
     vertex  9.181701e+00  6.495779e+00  4.000000e+00
     vertex  9.139613e+00  6.436493e+00  0.000000e+00
     vertex  9.139613e+00  6.436493e+00  4.000000e+00
   endloop
 endfacet
 facet normal -8.309929e-01  5.562829e-01  0.000000e+00
   outer loop
     vertex  9.222147e+00  6.556198e+00  4.000000e+00
     vertex  9.222147e+00  6.556198e+00  0.000000e+00
     vertex  9.181701e+00  6.495779e+00  0.000000e+00
   endloop
 endfacet
 facet normal -8.309929e-01  5.562829e-01  0.000000e+00
   outer loop
     vertex  9.222147e+00  6.556198e+00  4.000000e+00
     vertex  9.181701e+00  6.495779e+00  0.000000e+00
     vertex  9.181701e+00  6.495779e+00  4.000000e+00
   endloop
 endfacet
 facet normal -8.459413e-01  5.332761e-01  0.000000e+00
   outer loop
     vertex  9.260920e+00  6.617704e+00  4.000000e+00
     vertex  9.260920e+00  6.617704e+00  0.000000e+00
     vertex  9.222147e+00  6.556198e+00  0.000000e+00
   endloop
 endfacet
 facet normal -8.459413e-01  5.332761e-01  0.000000e+00
   outer loop
     vertex  9.260920e+00  6.617704e+00  4.000000e+00
     vertex  9.222147e+00  6.556198e+00  0.000000e+00
     vertex  9.222147e+00  6.556198e+00  4.000000e+00
   endloop
 endfacet
 facet normal -8.602528e-01  5.098678e-01  0.000000e+00
   outer loop
     vertex  9.297991e+00  6.680251e+00  4.000000e+00
     vertex  9.297991e+00  6.680251e+00  0.000000e+00
     vertex  9.260920e+00  6.617704e+00  0.000000e+00
   endloop
 endfacet
 facet normal -8.602528e-01  5.098678e-01  0.000000e+00
   outer loop
     vertex  9.297991e+00  6.680251e+00  4.000000e+00
     vertex  9.260920e+00  6.617704e+00  0.000000e+00
     vertex  9.260920e+00  6.617704e+00  4.000000e+00
   endloop
 endfacet
 facet normal -8.739167e-01  4.860756e-01  0.000000e+00
   outer loop
     vertex  9.333332e+00  6.743791e+00  4.000000e+00
     vertex  9.333332e+00  6.743791e+00  0.000000e+00
     vertex  9.297991e+00  6.680251e+00  0.000000e+00
   endloop
 endfacet
 facet normal -8.869228e-01  4.619176e-01  0.000000e+00
   outer loop
     vertex  9.333332e+00  6.743791e+00  4.000000e+00
     vertex  9.366917e+00  6.808276e+00  0.000000e+00
     vertex  9.333332e+00  6.743791e+00  0.000000e+00
   endloop
 endfacet
 facet normal -8.739167e-01  4.860756e-01  0.000000e+00
   outer loop
     vertex  9.333332e+00  6.743791e+00  4.000000e+00
     vertex  9.297991e+00  6.680251e+00  0.000000e+00
     vertex  9.297991e+00  6.680251e+00  4.000000e+00
   endloop
 endfacet
 facet normal -8.869228e-01  4.619176e-01  0.000000e+00
   outer loop
     vertex  9.366917e+00  6.808276e+00  4.000000e+00
     vertex  9.366917e+00  6.808276e+00  0.000000e+00
     vertex  9.333332e+00  6.743791e+00  4.000000e+00
   endloop
 endfacet
 facet normal -8.992613e-01  4.374119e-01  0.000000e+00
   outer loop
     vertex  9.366917e+00  6.808276e+00  4.000000e+00
     vertex  9.398720e+00  6.873659e+00  0.000000e+00
     vertex  9.366917e+00  6.808276e+00  0.000000e+00
   endloop
 endfacet
 facet normal -8.992613e-01  4.374119e-01  0.000000e+00
   outer loop
     vertex  9.398720e+00  6.873659e+00  4.000000e+00
     vertex  9.398720e+00  6.873659e+00  0.000000e+00
     vertex  9.366917e+00  6.808276e+00  4.000000e+00
   endloop
 endfacet
 facet normal -9.109228e-01  4.125769e-01  0.000000e+00
   outer loop
     vertex  9.428717e+00  6.939889e+00  4.000000e+00
     vertex  9.398720e+00  6.873659e+00  0.000000e+00
     vertex  9.398720e+00  6.873659e+00  4.000000e+00
   endloop
 endfacet
 facet normal -9.109228e-01  4.125769e-01  0.000000e+00
   outer loop
     vertex  9.428717e+00  6.939889e+00  4.000000e+00
     vertex  9.428717e+00  6.939889e+00  0.000000e+00
     vertex  9.398720e+00  6.873659e+00  0.000000e+00
   endloop
 endfacet
 facet normal -9.218986e-01  3.874313e-01  0.000000e+00
   outer loop
     vertex  9.456886e+00  7.006918e+00  4.000000e+00
     vertex  9.428717e+00  6.939889e+00  0.000000e+00
     vertex  9.428717e+00  6.939889e+00  4.000000e+00
   endloop
 endfacet
 facet normal -9.218986e-01  3.874313e-01  0.000000e+00
   outer loop
     vertex  9.456886e+00  7.006918e+00  4.000000e+00
     vertex  9.456886e+00  7.006918e+00  0.000000e+00
     vertex  9.428717e+00  6.939889e+00  0.000000e+00
   endloop
 endfacet
 facet normal -9.321804e-01  3.619940e-01  0.000000e+00
   outer loop
     vertex  9.483205e+00  7.074694e+00  4.000000e+00
     vertex  9.456886e+00  7.006918e+00  0.000000e+00
     vertex  9.456886e+00  7.006918e+00  4.000000e+00
   endloop
 endfacet
 facet normal -9.321804e-01  3.619940e-01  0.000000e+00
   outer loop
     vertex  9.483205e+00  7.074694e+00  4.000000e+00
     vertex  9.483205e+00  7.074694e+00  0.000000e+00
     vertex  9.456886e+00  7.006918e+00  0.000000e+00
   endloop
 endfacet
 facet normal -9.417605e-01  3.362843e-01  0.000000e+00
   outer loop
     vertex  9.507656e+00  7.143167e+00  4.000000e+00
     vertex  9.483205e+00  7.074694e+00  0.000000e+00
     vertex  9.483205e+00  7.074694e+00  4.000000e+00
   endloop
 endfacet
 facet normal -9.417605e-01  3.362843e-01  0.000000e+00
   outer loop
     vertex  9.507656e+00  7.143167e+00  4.000000e+00
     vertex  9.507656e+00  7.143167e+00  0.000000e+00
     vertex  9.483205e+00  7.074694e+00  0.000000e+00
   endloop
 endfacet
 facet normal -9.506317e-01  3.103214e-01  0.000000e+00
   outer loop
     vertex  9.530218e+00  7.212284e+00  4.000000e+00
     vertex  9.507656e+00  7.143167e+00  0.000000e+00
     vertex  9.507656e+00  7.143167e+00  4.000000e+00
   endloop
 endfacet
 facet normal -9.506317e-01  3.103214e-01  0.000000e+00
   outer loop
     vertex  9.530218e+00  7.212284e+00  4.000000e+00
     vertex  9.530218e+00  7.212284e+00  0.000000e+00
     vertex  9.507656e+00  7.143167e+00  0.000000e+00
   endloop
 endfacet
 facet normal -9.587873e-01  2.841250e-01  0.000000e+00
   outer loop
     vertex  9.550876e+00  7.281995e+00  4.000000e+00
     vertex  9.530218e+00  7.212284e+00  0.000000e+00
     vertex  9.530218e+00  7.212284e+00  4.000000e+00
   endloop
 endfacet
 facet normal -9.587873e-01  2.841250e-01  0.000000e+00
   outer loop
     vertex  9.550876e+00  7.281995e+00  4.000000e+00
     vertex  9.550876e+00  7.281995e+00  0.000000e+00
     vertex  9.530218e+00  7.212284e+00  0.000000e+00
   endloop
 endfacet
 facet normal -9.662211e-01  2.577146e-01  0.000000e+00
   outer loop
     vertex  9.569614e+00  7.352246e+00  4.000000e+00
     vertex  9.550876e+00  7.281995e+00  0.000000e+00
     vertex  9.550876e+00  7.281995e+00  4.000000e+00
   endloop
 endfacet
 facet normal -9.662211e-01  2.577146e-01  0.000000e+00
   outer loop
     vertex  9.569614e+00  7.352246e+00  4.000000e+00
     vertex  9.569614e+00  7.352246e+00  0.000000e+00
     vertex  9.550876e+00  7.281995e+00  0.000000e+00
   endloop
 endfacet
 facet normal -9.729276e-01  2.311102e-01  0.000000e+00
   outer loop
     vertex  9.586417e+00  7.422985e+00  4.000000e+00
     vertex  9.569614e+00  7.352246e+00  0.000000e+00
     vertex  9.569614e+00  7.352246e+00  4.000000e+00
   endloop
 endfacet
 facet normal -9.729276e-01  2.311102e-01  0.000000e+00
   outer loop
     vertex  9.586417e+00  7.422985e+00  4.000000e+00
     vertex  9.586417e+00  7.422985e+00  0.000000e+00
     vertex  9.569614e+00  7.352246e+00  0.000000e+00
   endloop
 endfacet
 facet normal -9.789017e-01  2.043319e-01  0.000000e+00
   outer loop
     vertex  9.601273e+00  7.494158e+00  4.000000e+00
     vertex  9.586417e+00  7.422985e+00  0.000000e+00
     vertex  9.586417e+00  7.422985e+00  4.000000e+00
   endloop
 endfacet
 facet normal -9.789017e-01  2.043319e-01  0.000000e+00
   outer loop
     vertex  9.601273e+00  7.494158e+00  4.000000e+00
     vertex  9.601273e+00  7.494158e+00  0.000000e+00
     vertex  9.586417e+00  7.422985e+00  0.000000e+00
   endloop
 endfacet
 facet normal -9.841389e-01  1.773998e-01  0.000000e+00
   outer loop
     vertex  9.614172e+00  7.565712e+00  4.000000e+00
     vertex  9.601273e+00  7.494158e+00  0.000000e+00
     vertex  9.601273e+00  7.494158e+00  4.000000e+00
   endloop
 endfacet
 facet normal -9.841389e-01  1.773998e-01  0.000000e+00
   outer loop
     vertex  9.614172e+00  7.565712e+00  4.000000e+00
     vertex  9.614172e+00  7.565712e+00  0.000000e+00
     vertex  9.601273e+00  7.494158e+00  0.000000e+00
   endloop
 endfacet
 facet normal -9.886353e-01  1.503341e-01  0.000000e+00
   outer loop
     vertex  9.614172e+00  7.565712e+00  4.000000e+00
     vertex  9.625102e+00  7.637593e+00  0.000000e+00
     vertex  9.614172e+00  7.565712e+00  0.000000e+00
   endloop
 endfacet
 facet normal -9.886353e-01  1.503341e-01  0.000000e+00
   outer loop
     vertex  9.625102e+00  7.637593e+00  4.000000e+00
     vertex  9.625102e+00  7.637593e+00  0.000000e+00
     vertex  9.614172e+00  7.565712e+00  4.000000e+00
   endloop
 endfacet
 facet normal -9.923874e-01  1.231552e-01  0.000000e+00
   outer loop
     vertex  9.634056e+00  7.709746e+00  4.000000e+00
     vertex  9.634056e+00  7.709746e+00  0.000000e+00
     vertex  9.625102e+00  7.637593e+00  0.000000e+00
   endloop
 endfacet
 facet normal -9.923874e-01  1.231552e-01  0.000000e+00
   outer loop
     vertex  9.634056e+00  7.709746e+00  4.000000e+00
     vertex  9.625102e+00  7.637593e+00  0.000000e+00
     vertex  9.625102e+00  7.637593e+00  4.000000e+00
   endloop
 endfacet
 facet normal -9.953925e-01  9.588368e-02  0.000000e+00
   outer loop
     vertex  9.641028e+00  7.782118e+00  4.000000e+00
     vertex  9.641028e+00  7.782118e+00  0.000000e+00
     vertex  9.634056e+00  7.709746e+00  0.000000e+00
   endloop
 endfacet
 facet normal -9.953925e-01  9.588368e-02  0.000000e+00
   outer loop
     vertex  9.641028e+00  7.782118e+00  4.000000e+00
     vertex  9.634056e+00  7.709746e+00  0.000000e+00
     vertex  9.634056e+00  7.709746e+00  4.000000e+00
   endloop
 endfacet
 facet normal -9.976484e-01  6.853995e-02  0.000000e+00
   outer loop
     vertex  9.646011e+00  7.854654e+00  4.000000e+00
     vertex  9.646011e+00  7.854654e+00  0.000000e+00
     vertex  9.641028e+00  7.782118e+00  0.000000e+00
   endloop
 endfacet
 facet normal -9.976484e-01  6.853995e-02  0.000000e+00
   outer loop
     vertex  9.646011e+00  7.854654e+00  4.000000e+00
     vertex  9.641028e+00  7.782118e+00  0.000000e+00
     vertex  9.641028e+00  7.782118e+00  4.000000e+00
   endloop
 endfacet
 facet normal -9.991532e-01  4.114462e-02  0.000000e+00
   outer loop
     vertex  9.649003e+00  7.927300e+00  4.000000e+00
     vertex  9.649003e+00  7.927300e+00  0.000000e+00
     vertex  9.646011e+00  7.854654e+00  0.000000e+00
   endloop
 endfacet
 facet normal -9.991532e-01  4.114462e-02  0.000000e+00
   outer loop
     vertex  9.649003e+00  7.927300e+00  4.000000e+00
     vertex  9.646011e+00  7.854654e+00  0.000000e+00
     vertex  9.646011e+00  7.854654e+00  4.000000e+00
   endloop
 endfacet
 facet normal -9.999059e-01  1.371831e-02  0.000000e+00
   outer loop
     vertex  9.650000e+00  8.000000e+00  4.000000e+00
     vertex  9.650000e+00  8.000000e+00  0.000000e+00
     vertex  9.649003e+00  7.927300e+00  0.000000e+00
   endloop
 endfacet
 facet normal -9.999059e-01  1.371831e-02  0.000000e+00
   outer loop
     vertex  9.650000e+00  8.000000e+00  4.000000e+00
     vertex  9.649003e+00  7.927300e+00  0.000000e+00
     vertex  9.649003e+00  7.927300e+00  4.000000e+00
   endloop
 endfacet
 facet normal -9.999059e-01 -1.371831e-02  0.000000e+00
   outer loop
     vertex  2.364900e+01  8.072700e+00  4.000000e+00
     vertex  2.365000e+01  8.000000e+00  0.000000e+00
     vertex  2.365000e+01  8.000000e+00  4.000000e+00
   endloop
 endfacet
 facet normal -9.999059e-01 -1.371831e-02 -0.000000e+00
   outer loop
     vertex  2.364900e+01  8.072700e+00  4.000000e+00
     vertex  2.364900e+01  8.072700e+00  0.000000e+00
     vertex  2.365000e+01  8.000000e+00  0.000000e+00
   endloop
 endfacet
 facet normal -9.991532e-01 -4.114462e-02 -0.000000e+00
   outer loop
     vertex  2.364601e+01  8.145346e+00  4.000000e+00
     vertex  2.364601e+01  8.145346e+00  0.000000e+00
     vertex  2.364900e+01  8.072700e+00  0.000000e+00
   endloop
 endfacet
 facet normal -9.991532e-01 -4.114462e-02  0.000000e+00
   outer loop
     vertex  2.364601e+01  8.145346e+00  4.000000e+00
     vertex  2.364900e+01  8.072700e+00  0.000000e+00
     vertex  2.364900e+01  8.072700e+00  4.000000e+00
   endloop
 endfacet
 facet normal -9.976484e-01 -6.853995e-02 -0.000000e+00
   outer loop
     vertex  2.364103e+01  8.217882e+00  4.000000e+00
     vertex  2.364103e+01  8.217882e+00  0.000000e+00
     vertex  2.364601e+01  8.145346e+00  0.000000e+00
   endloop
 endfacet
 facet normal -9.976484e-01 -6.853995e-02  0.000000e+00
   outer loop
     vertex  2.364103e+01  8.217882e+00  4.000000e+00
     vertex  2.364601e+01  8.145346e+00  0.000000e+00
     vertex  2.364601e+01  8.145346e+00  4.000000e+00
   endloop
 endfacet
 facet normal -9.953925e-01 -9.588368e-02 -0.000000e+00
   outer loop
     vertex  2.363406e+01  8.290254e+00  4.000000e+00
     vertex  2.363406e+01  8.290254e+00  0.000000e+00
     vertex  2.364103e+01  8.217882e+00  0.000000e+00
   endloop
 endfacet
 facet normal -9.953925e-01 -9.588368e-02  0.000000e+00
   outer loop
     vertex  2.363406e+01  8.290254e+00  4.000000e+00
     vertex  2.364103e+01  8.217882e+00  0.000000e+00
     vertex  2.364103e+01  8.217882e+00  4.000000e+00
   endloop
 endfacet
 facet normal -9.923874e-01 -1.231552e-01 -0.000000e+00
   outer loop
     vertex  2.362510e+01  8.362407e+00  4.000000e+00
     vertex  2.362510e+01  8.362407e+00  0.000000e+00
     vertex  2.363406e+01  8.290254e+00  0.000000e+00
   endloop
 endfacet
 facet normal -9.923874e-01 -1.231552e-01  0.000000e+00
   outer loop
     vertex  2.362510e+01  8.362407e+00  4.000000e+00
     vertex  2.363406e+01  8.290254e+00  0.000000e+00
     vertex  2.363406e+01  8.290254e+00  4.000000e+00
   endloop
 endfacet
 facet normal -9.886353e-01 -1.503341e-01 -0.000000e+00
   outer loop
     vertex  2.361417e+01  8.434288e+00  4.000000e+00
     vertex  2.361417e+01  8.434288e+00  0.000000e+00
     vertex  2.362510e+01  8.362407e+00  0.000000e+00
   endloop
 endfacet
 facet normal -9.886353e-01 -1.503341e-01  0.000000e+00
   outer loop
     vertex  2.361417e+01  8.434288e+00  4.000000e+00
     vertex  2.362510e+01  8.362407e+00  0.000000e+00
     vertex  2.362510e+01  8.362407e+00  4.000000e+00
   endloop
 endfacet
 facet normal -9.841389e-01 -1.773998e-01 -0.000000e+00
   outer loop
     vertex  2.360127e+01  8.505842e+00  4.000000e+00
     vertex  2.360127e+01  8.505842e+00  0.000000e+00
     vertex  2.361417e+01  8.434288e+00  0.000000e+00
   endloop
 endfacet
 facet normal -9.841389e-01 -1.773998e-01  0.000000e+00
   outer loop
     vertex  2.360127e+01  8.505842e+00  4.000000e+00
     vertex  2.361417e+01  8.434288e+00  0.000000e+00
     vertex  2.361417e+01  8.434288e+00  4.000000e+00
   endloop
 endfacet
 facet normal -9.789017e-01 -2.043319e-01 -0.000000e+00
   outer loop
     vertex  2.358642e+01  8.577015e+00  4.000000e+00
     vertex  2.358642e+01  8.577015e+00  0.000000e+00
     vertex  2.360127e+01  8.505842e+00  0.000000e+00
   endloop
 endfacet
 facet normal -9.789017e-01 -2.043319e-01  0.000000e+00
   outer loop
     vertex  2.358642e+01  8.577015e+00  4.000000e+00
     vertex  2.360127e+01  8.505842e+00  0.000000e+00
     vertex  2.360127e+01  8.505842e+00  4.000000e+00
   endloop
 endfacet
 facet normal -9.729276e-01 -2.311102e-01 -0.000000e+00
   outer loop
     vertex  2.356961e+01  8.647754e+00  4.000000e+00
     vertex  2.356961e+01  8.647754e+00  0.000000e+00
     vertex  2.358642e+01  8.577015e+00  0.000000e+00
   endloop
 endfacet
 facet normal -9.729276e-01 -2.311102e-01  0.000000e+00
   outer loop
     vertex  2.356961e+01  8.647754e+00  4.000000e+00
     vertex  2.358642e+01  8.577015e+00  0.000000e+00
     vertex  2.358642e+01  8.577015e+00  4.000000e+00
   endloop
 endfacet
 facet normal -9.662211e-01 -2.577146e-01  0.000000e+00
   outer loop
     vertex  2.355088e+01  8.718005e+00  4.000000e+00
     vertex  2.356961e+01  8.647754e+00  0.000000e+00
     vertex  2.356961e+01  8.647754e+00  4.000000e+00
   endloop
 endfacet
 facet normal -9.662211e-01 -2.577146e-01 -0.000000e+00
   outer loop
     vertex  2.355088e+01  8.718005e+00  4.000000e+00
     vertex  2.355088e+01  8.718005e+00  0.000000e+00
     vertex  2.356961e+01  8.647754e+00  0.000000e+00
   endloop
 endfacet
 facet normal -9.587873e-01 -2.841250e-01  0.000000e+00
   outer loop
     vertex  2.353022e+01  8.787716e+00  4.000000e+00
     vertex  2.355088e+01  8.718005e+00  0.000000e+00
     vertex  2.355088e+01  8.718005e+00  4.000000e+00
   endloop
 endfacet
 facet normal -9.587873e-01 -2.841250e-01 -0.000000e+00
   outer loop
     vertex  2.353022e+01  8.787716e+00  4.000000e+00
     vertex  2.353022e+01  8.787716e+00  0.000000e+00
     vertex  2.355088e+01  8.718005e+00  0.000000e+00
   endloop
 endfacet
 facet normal -9.506317e-01 -3.103214e-01  0.000000e+00
   outer loop
     vertex  2.350766e+01  8.856833e+00  4.000000e+00
     vertex  2.353022e+01  8.787716e+00  0.000000e+00
     vertex  2.353022e+01  8.787716e+00  4.000000e+00
   endloop
 endfacet
 facet normal -9.506317e-01 -3.103214e-01 -0.000000e+00
   outer loop
     vertex  2.350766e+01  8.856833e+00  4.000000e+00
     vertex  2.350766e+01  8.856833e+00  0.000000e+00
     vertex  2.353022e+01  8.787716e+00  0.000000e+00
   endloop
 endfacet
 facet normal -9.417605e-01 -3.362843e-01 -0.000000e+00
   outer loop
     vertex  2.350766e+01  8.856833e+00  4.000000e+00
     vertex  2.348321e+01  8.925306e+00  0.000000e+00
     vertex  2.350766e+01  8.856833e+00  0.000000e+00
   endloop
 endfacet
 facet normal -9.417605e-01 -3.362843e-01 -0.000000e+00
   outer loop
     vertex  2.348321e+01  8.925306e+00  4.000000e+00
     vertex  2.348321e+01  8.925306e+00  0.000000e+00
     vertex  2.350766e+01  8.856833e+00  4.000000e+00
   endloop
 endfacet
 facet normal -9.321804e-01 -3.619940e-01  0.000000e+00
   outer loop
     vertex  2.345689e+01  8.993082e+00  4.000000e+00
     vertex  2.348321e+01  8.925306e+00  0.000000e+00
     vertex  2.348321e+01  8.925306e+00  4.000000e+00
   endloop
 endfacet
 facet normal -9.321804e-01 -3.619940e-01 -0.000000e+00
   outer loop
     vertex  2.345689e+01  8.993082e+00  4.000000e+00
     vertex  2.345689e+01  8.993082e+00  0.000000e+00
     vertex  2.348321e+01  8.925306e+00  0.000000e+00
   endloop
 endfacet
 facet normal -9.218986e-01 -3.874313e-01 -0.000000e+00
   outer loop
     vertex  2.345689e+01  8.993082e+00  4.000000e+00
     vertex  2.342872e+01  9.060111e+00  0.000000e+00
     vertex  2.345689e+01  8.993082e+00  0.000000e+00
   endloop
 endfacet
 facet normal -9.218986e-01 -3.874313e-01 -0.000000e+00
   outer loop
     vertex  2.342872e+01  9.060111e+00  4.000000e+00
     vertex  2.342872e+01  9.060111e+00  0.000000e+00
     vertex  2.345689e+01  8.993082e+00  4.000000e+00
   endloop
 endfacet
 facet normal -9.109228e-01 -4.125769e-01  0.000000e+00
   outer loop
     vertex  2.339872e+01  9.126341e+00  4.000000e+00
     vertex  2.342872e+01  9.060111e+00  0.000000e+00
     vertex  2.342872e+01  9.060111e+00  4.000000e+00
   endloop
 endfacet
 facet normal -9.109228e-01 -4.125769e-01 -0.000000e+00
   outer loop
     vertex  2.339872e+01  9.126341e+00  4.000000e+00
     vertex  2.339872e+01  9.126341e+00  0.000000e+00
     vertex  2.342872e+01  9.060111e+00  0.000000e+00
   endloop
 endfacet
 facet normal -8.992613e-01 -4.374119e-01  0.000000e+00
   outer loop
     vertex  2.336692e+01  9.191724e+00  4.000000e+00
     vertex  2.339872e+01  9.126341e+00  0.000000e+00
     vertex  2.339872e+01  9.126341e+00  4.000000e+00
   endloop
 endfacet
 facet normal -8.992613e-01 -4.374119e-01 -0.000000e+00
   outer loop
     vertex  2.336692e+01  9.191724e+00  4.000000e+00
     vertex  2.336692e+01  9.191724e+00  0.000000e+00
     vertex  2.339872e+01  9.126341e+00  0.000000e+00
   endloop
 endfacet
 facet normal -8.869228e-01 -4.619176e-01 -0.000000e+00
   outer loop
     vertex  2.336692e+01  9.191724e+00  4.000000e+00
     vertex  2.333333e+01  9.256209e+00  0.000000e+00
     vertex  2.336692e+01  9.191724e+00  0.000000e+00
   endloop
 endfacet
 facet normal -8.869228e-01 -4.619176e-01 -0.000000e+00
   outer loop
     vertex  2.333333e+01  9.256209e+00  4.000000e+00
     vertex  2.333333e+01  9.256209e+00  0.000000e+00
     vertex  2.336692e+01  9.191724e+00  4.000000e+00
   endloop
 endfacet
 facet normal -8.739167e-01 -4.860756e-01  0.000000e+00
   outer loop
     vertex  2.329799e+01  9.319749e+00  4.000000e+00
     vertex  2.333333e+01  9.256209e+00  0.000000e+00
     vertex  2.333333e+01  9.256209e+00  4.000000e+00
   endloop
 endfacet
 facet normal -8.739167e-01 -4.860756e-01 -0.000000e+00
   outer loop
     vertex  2.329799e+01  9.319749e+00  4.000000e+00
     vertex  2.329799e+01  9.319749e+00  0.000000e+00
     vertex  2.333333e+01  9.256209e+00  0.000000e+00
   endloop
 endfacet
 facet normal -8.602528e-01 -5.098678e-01  0.000000e+00
   outer loop
     vertex  2.326092e+01  9.382296e+00  4.000000e+00
     vertex  2.329799e+01  9.319749e+00  0.000000e+00
     vertex  2.329799e+01  9.319749e+00  4.000000e+00
   endloop
 endfacet
 facet normal -8.602528e-01 -5.098678e-01 -0.000000e+00
   outer loop
     vertex  2.326092e+01  9.382296e+00  4.000000e+00
     vertex  2.326092e+01  9.382296e+00  0.000000e+00
     vertex  2.329799e+01  9.319749e+00  0.000000e+00
   endloop
 endfacet
 facet normal -8.459413e-01 -5.332761e-01  0.000000e+00
   outer loop
     vertex  2.322215e+01  9.443802e+00  4.000000e+00
     vertex  2.326092e+01  9.382296e+00  0.000000e+00
     vertex  2.326092e+01  9.382296e+00  4.000000e+00
   endloop
 endfacet
 facet normal -8.459413e-01 -5.332761e-01 -0.000000e+00
   outer loop
     vertex  2.322215e+01  9.443802e+00  4.000000e+00
     vertex  2.322215e+01  9.443802e+00  0.000000e+00
     vertex  2.326092e+01  9.382296e+00  0.000000e+00
   endloop
 endfacet
 facet normal -8.309929e-01 -5.562829e-01 -0.000000e+00
   outer loop
     vertex  2.318170e+01  9.504221e+00  4.000000e+00
     vertex  2.318170e+01  9.504221e+00  0.000000e+00
     vertex  2.322215e+01  9.443802e+00  0.000000e+00
   endloop
 endfacet
 facet normal -8.309929e-01 -5.562829e-01  0.000000e+00
   outer loop
     vertex  2.318170e+01  9.504221e+00  4.000000e+00
     vertex  2.322215e+01  9.443802e+00  0.000000e+00
     vertex  2.322215e+01  9.443802e+00  4.000000e+00
   endloop
 endfacet
 facet normal -8.154191e-01 -5.788711e-01 -0.000000e+00
   outer loop
     vertex  2.313961e+01  9.563507e+00  4.000000e+00
     vertex  2.313961e+01  9.563507e+00  0.000000e+00
     vertex  2.318170e+01  9.504221e+00  0.000000e+00
   endloop
 endfacet
 facet normal -8.154191e-01 -5.788711e-01  0.000000e+00
   outer loop
     vertex  2.313961e+01  9.563507e+00  4.000000e+00
     vertex  2.318170e+01  9.504221e+00  0.000000e+00
     vertex  2.318170e+01  9.504221e+00  4.000000e+00
   endloop
 endfacet
 facet normal -7.992314e-01 -6.010234e-01 -0.000000e+00
   outer loop
     vertex  2.309591e+01  9.621617e+00  4.000000e+00
     vertex  2.309591e+01  9.621617e+00  0.000000e+00
     vertex  2.313961e+01  9.563507e+00  0.000000e+00
   endloop
 endfacet
 facet normal -7.992314e-01 -6.010234e-01  0.000000e+00
   outer loop
     vertex  2.309591e+01  9.621617e+00  4.000000e+00
     vertex  2.313961e+01  9.563507e+00  0.000000e+00
     vertex  2.313961e+01  9.563507e+00  4.000000e+00
   endloop
 endfacet
 facet normal -7.824421e-01 -6.227234e-01 -0.000000e+00
   outer loop
     vertex  2.305064e+01  9.678506e+00  4.000000e+00
     vertex  2.305064e+01  9.678506e+00  0.000000e+00
     vertex  2.309591e+01  9.621617e+00  0.000000e+00
   endloop
 endfacet
 facet normal -7.824421e-01 -6.227234e-01  0.000000e+00
   outer loop
     vertex  2.305064e+01  9.678506e+00  4.000000e+00
     vertex  2.309591e+01  9.621617e+00  0.000000e+00
     vertex  2.309591e+01  9.621617e+00  4.000000e+00
   endloop
 endfacet
 facet normal -7.650637e-01 -6.439545e-01 -0.000000e+00
   outer loop
     vertex  2.300382e+01  9.734132e+00  4.000000e+00
     vertex  2.300382e+01  9.734132e+00  0.000000e+00
     vertex  2.305064e+01  9.678506e+00  0.000000e+00
   endloop
 endfacet
 facet normal -7.650637e-01 -6.439545e-01  0.000000e+00
   outer loop
     vertex  2.300382e+01  9.734132e+00  4.000000e+00
     vertex  2.305064e+01  9.678506e+00  0.000000e+00
     vertex  2.305064e+01  9.678506e+00  4.000000e+00
   endloop
 endfacet
 facet normal -7.471095e-01 -6.647010e-01 -0.000000e+00
   outer loop
     vertex  2.295549e+01  9.788452e+00  4.000000e+00
     vertex  2.295549e+01  9.788452e+00  0.000000e+00
     vertex  2.300382e+01  9.734132e+00  0.000000e+00
   endloop
 endfacet
 facet normal -7.471095e-01 -6.647010e-01  0.000000e+00
   outer loop
     vertex  2.295549e+01  9.788452e+00  4.000000e+00
     vertex  2.300382e+01  9.734132e+00  0.000000e+00
     vertex  2.300382e+01  9.734132e+00  4.000000e+00
   endloop
 endfacet
 facet normal -7.285929e-01 -6.849470e-01 -0.000000e+00
   outer loop
     vertex  2.290569e+01  9.841426e+00  4.000000e+00
     vertex  2.290569e+01  9.841426e+00  0.000000e+00
     vertex  2.295549e+01  9.788452e+00  0.000000e+00
   endloop
 endfacet
 facet normal -7.285929e-01 -6.849470e-01  0.000000e+00
   outer loop
     vertex  2.290569e+01  9.841426e+00  4.000000e+00
     vertex  2.295549e+01  9.788452e+00  0.000000e+00
     vertex  2.295549e+01  9.788452e+00  4.000000e+00
   endloop
 endfacet
 facet normal -7.095278e-01 -7.046775e-01 -0.000000e+00
   outer loop
     vertex  2.285445e+01  9.893013e+00  4.000000e+00
     vertex  2.285445e+01  9.893013e+00  0.000000e+00
     vertex  2.290569e+01  9.841426e+00  0.000000e+00
   endloop
 endfacet
 facet normal -7.095278e-01 -7.046775e-01  0.000000e+00
   outer loop
     vertex  2.285445e+01  9.893013e+00  4.000000e+00
     vertex  2.290569e+01  9.841426e+00  0.000000e+00
     vertex  2.290569e+01  9.841426e+00  4.000000e+00
   endloop
 endfacet
 facet normal -6.899286e-01 -7.238775e-01 -0.000000e+00
   outer loop
     vertex  2.280182e+01  9.943176e+00  4.000000e+00
     vertex  2.280182e+01  9.943176e+00  0.000000e+00
     vertex  2.285445e+01  9.893013e+00  0.000000e+00
   endloop
 endfacet
 facet normal -6.899286e-01 -7.238775e-01  0.000000e+00
   outer loop
     vertex  2.280182e+01  9.943176e+00  4.000000e+00
     vertex  2.285445e+01  9.893013e+00  0.000000e+00
     vertex  2.285445e+01  9.893013e+00  4.000000e+00
   endloop
 endfacet
 facet normal -6.698100e-01 -7.425325e-01 -0.000000e+00
   outer loop
     vertex  2.274784e+01  9.991876e+00  4.000000e+00
     vertex  2.274784e+01  9.991876e+00  0.000000e+00
     vertex  2.280182e+01  9.943176e+00  0.000000e+00
   endloop
 endfacet
 facet normal -6.698100e-01 -7.425325e-01  0.000000e+00
   outer loop
     vertex  2.274784e+01  9.991876e+00  4.000000e+00
     vertex  2.280182e+01  9.943176e+00  0.000000e+00
     vertex  2.280182e+01  9.943176e+00  4.000000e+00
   endloop
 endfacet
 facet normal -6.491872e-01 -7.606287e-01 -0.000000e+00
   outer loop
     vertex  2.269253e+01  1.003908e+01  4.000000e+00
     vertex  2.269253e+01  1.003908e+01  0.000000e+00
     vertex  2.274784e+01  9.991876e+00  0.000000e+00
   endloop
 endfacet
 facet normal -6.491872e-01 -7.606287e-01  0.000000e+00
   outer loop
     vertex  2.269253e+01  1.003908e+01  4.000000e+00
     vertex  2.274784e+01  9.991876e+00  0.000000e+00
     vertex  2.274784e+01  9.991876e+00  4.000000e+00
   endloop
 endfacet
 facet normal -6.280757e-01 -7.781522e-01 -0.000000e+00
   outer loop
     vertex  2.263596e+01  1.008474e+01  4.000000e+00
     vertex  2.263596e+01  1.008474e+01  0.000000e+00
     vertex  2.269253e+01  1.003908e+01  0.000000e+00
   endloop
 endfacet
 facet normal -6.064915e-01 -7.950900e-01 -0.000000e+00
   outer loop
     vertex  2.263596e+01  1.008474e+01  4.000000e+00
     vertex  2.257815e+01  1.012884e+01  0.000000e+00
     vertex  2.263596e+01  1.008474e+01  0.000000e+00
   endloop
 endfacet
 facet normal -6.280757e-01 -7.781522e-01  0.000000e+00
   outer loop
     vertex  2.263596e+01  1.008474e+01  4.000000e+00
     vertex  2.269253e+01  1.003908e+01  0.000000e+00
     vertex  2.269253e+01  1.003908e+01  4.000000e+00
   endloop
 endfacet
 facet normal -6.064915e-01 -7.950900e-01 -0.000000e+00
   outer loop
     vertex  2.257815e+01  1.012884e+01  4.000000e+00
     vertex  2.257815e+01  1.012884e+01  0.000000e+00
     vertex  2.263596e+01  1.008474e+01  4.000000e+00
   endloop
 endfacet
 facet normal -5.844507e-01 -8.114292e-01  0.000000e+00
   outer loop
     vertex  2.251915e+01  1.017133e+01  4.000000e+00
     vertex  2.257815e+01  1.012884e+01  0.000000e+00
     vertex  2.257815e+01  1.012884e+01  4.000000e+00
   endloop
 endfacet
 facet normal -5.844507e-01 -8.114292e-01 -0.000000e+00
   outer loop
     vertex  2.251915e+01  1.017133e+01  4.000000e+00
     vertex  2.251915e+01  1.017133e+01  0.000000e+00
     vertex  2.257815e+01  1.012884e+01  0.000000e+00
   endloop
 endfacet
 facet normal -5.619699e-01 -8.271577e-01 -0.000000e+00
   outer loop
     vertex  2.251915e+01  1.017133e+01  4.000000e+00
     vertex  2.245901e+01  1.021219e+01  0.000000e+00
     vertex  2.251915e+01  1.017133e+01  0.000000e+00
   endloop
 endfacet
 facet normal -5.619699e-01 -8.271577e-01 -0.000000e+00
   outer loop
     vertex  2.245901e+01  1.021219e+01  4.000000e+00
     vertex  2.245901e+01  1.021219e+01  0.000000e+00
     vertex  2.251915e+01  1.017133e+01  4.000000e+00
   endloop
 endfacet
 facet normal -5.390661e-01 -8.422635e-01  0.000000e+00
   outer loop
     vertex  2.239777e+01  1.025139e+01  4.000000e+00
     vertex  2.245901e+01  1.021219e+01  0.000000e+00
     vertex  2.245901e+01  1.021219e+01  4.000000e+00
   endloop
 endfacet
 facet normal -5.390661e-01 -8.422635e-01 -0.000000e+00
   outer loop
     vertex  2.239777e+01  1.025139e+01  4.000000e+00
     vertex  2.239777e+01  1.025139e+01  0.000000e+00
     vertex  2.245901e+01  1.021219e+01  0.000000e+00
   endloop
 endfacet
 facet normal -5.157565e-01 -8.567352e-01  0.000000e+00
   outer loop
     vertex  2.233548e+01  1.028888e+01  4.000000e+00
     vertex  2.239777e+01  1.025139e+01  0.000000e+00
     vertex  2.239777e+01  1.025139e+01  4.000000e+00
   endloop
 endfacet
 facet normal -5.157565e-01 -8.567352e-01 -0.000000e+00
   outer loop
     vertex  2.233548e+01  1.028888e+01  4.000000e+00
     vertex  2.233548e+01  1.028888e+01  0.000000e+00
     vertex  2.239777e+01  1.025139e+01  0.000000e+00
   endloop
 endfacet
 facet normal -4.920587e-01 -8.705620e-01  0.000000e+00
   outer loop
     vertex  2.227218e+01  1.032466e+01  4.000000e+00
     vertex  2.233548e+01  1.028888e+01  0.000000e+00
     vertex  2.233548e+01  1.028888e+01  4.000000e+00
   endloop
 endfacet
 facet normal -4.920587e-01 -8.705620e-01 -0.000000e+00
   outer loop
     vertex  2.227218e+01  1.032466e+01  4.000000e+00
     vertex  2.227218e+01  1.032466e+01  0.000000e+00
     vertex  2.233548e+01  1.028888e+01  0.000000e+00
   endloop
 endfacet
 facet normal -4.679904e-01 -8.837335e-01 -0.000000e+00
   outer loop
     vertex  2.227218e+01  1.032466e+01  4.000000e+00
     vertex  2.220793e+01  1.035869e+01  0.000000e+00
     vertex  2.227218e+01  1.032466e+01  0.000000e+00
   endloop
 endfacet
 facet normal -4.679904e-01 -8.837335e-01 -0.000000e+00
   outer loop
     vertex  2.220793e+01  1.035869e+01  4.000000e+00
     vertex  2.220793e+01  1.035869e+01  0.000000e+00
     vertex  2.227218e+01  1.032466e+01  4.000000e+00
   endloop
 endfacet
 facet normal -4.435699e-01 -8.962398e-01  0.000000e+00
   outer loop
     vertex  2.214277e+01  1.039094e+01  4.000000e+00
     vertex  2.220793e+01  1.035869e+01  0.000000e+00
     vertex  2.220793e+01  1.035869e+01  4.000000e+00
   endloop
 endfacet
 facet normal -4.435699e-01 -8.962398e-01 -0.000000e+00
   outer loop
     vertex  2.214277e+01  1.039094e+01  4.000000e+00
     vertex  2.214277e+01  1.039094e+01  0.000000e+00
     vertex  2.220793e+01  1.035869e+01  0.000000e+00
   endloop
 endfacet
 facet normal -4.188155e-01 -9.080714e-01  0.000000e+00
   outer loop
     vertex  2.207674e+01  1.042139e+01  4.000000e+00
     vertex  2.214277e+01  1.039094e+01  0.000000e+00
     vertex  2.214277e+01  1.039094e+01  4.000000e+00
   endloop
 endfacet
 facet normal -4.188155e-01 -9.080714e-01 -0.000000e+00
   outer loop
     vertex  2.207674e+01  1.042139e+01  4.000000e+00
     vertex  2.207674e+01  1.042139e+01  0.000000e+00
     vertex  2.214277e+01  1.039094e+01  0.000000e+00
   endloop
 endfacet
 facet normal -3.937458e-01 -9.192194e-01  0.000000e+00
   outer loop
     vertex  2.200991e+01  1.045002e+01  4.000000e+00
     vertex  2.207674e+01  1.042139e+01  0.000000e+00
     vertex  2.207674e+01  1.042139e+01  4.000000e+00
   endloop
 endfacet
 facet normal -3.937458e-01 -9.192194e-01 -0.000000e+00
   outer loop
     vertex  2.200991e+01  1.045002e+01  4.000000e+00
     vertex  2.200991e+01  1.045002e+01  0.000000e+00
     vertex  2.207674e+01  1.042139e+01  0.000000e+00
   endloop
 endfacet
 facet normal -3.683796e-01 -9.296754e-01  0.000000e+00
   outer loop
     vertex  2.194232e+01  1.047680e+01  4.000000e+00
     vertex  2.200991e+01  1.045002e+01  0.000000e+00
     vertex  2.200991e+01  1.045002e+01  4.000000e+00
   endloop
 endfacet
 facet normal -3.683796e-01 -9.296754e-01 -0.000000e+00
   outer loop
     vertex  2.194232e+01  1.047680e+01  4.000000e+00
     vertex  2.194232e+01  1.047680e+01  0.000000e+00
     vertex  2.200991e+01  1.045002e+01  0.000000e+00
   endloop
 endfacet
 facet normal -3.427362e-01 -9.394317e-01  0.000000e+00
   outer loop
     vertex  2.187401e+01  1.050172e+01  4.000000e+00
     vertex  2.194232e+01  1.047680e+01  0.000000e+00
     vertex  2.194232e+01  1.047680e+01  4.000000e+00
   endloop
 endfacet
 facet normal -3.427362e-01 -9.394317e-01 -0.000000e+00
   outer loop
     vertex  2.187401e+01  1.050172e+01  4.000000e+00
     vertex  2.187401e+01  1.050172e+01  0.000000e+00
     vertex  2.194232e+01  1.047680e+01  0.000000e+00
   endloop
 endfacet
 facet normal -3.168348e-01 -9.484807e-01  0.000000e+00
   outer loop
     vertex  2.180505e+01  1.052476e+01  4.000000e+00
     vertex  2.187401e+01  1.050172e+01  0.000000e+00
     vertex  2.187401e+01  1.050172e+01  4.000000e+00
   endloop
 endfacet
 facet normal -3.168348e-01 -9.484807e-01 -0.000000e+00
   outer loop
     vertex  2.180505e+01  1.052476e+01  4.000000e+00
     vertex  2.180505e+01  1.052476e+01  0.000000e+00
     vertex  2.187401e+01  1.050172e+01  0.000000e+00
   endloop
 endfacet
 facet normal -2.906949e-01 -9.568158e-01  0.000000e+00
   outer loop
     vertex  2.173549e+01  1.054589e+01  4.000000e+00
     vertex  2.180505e+01  1.052476e+01  0.000000e+00
     vertex  2.180505e+01  1.052476e+01  4.000000e+00
   endloop
 endfacet
 facet normal -2.906949e-01 -9.568158e-01 -0.000000e+00
   outer loop
     vertex  2.173549e+01  1.054589e+01  4.000000e+00
     vertex  2.173549e+01  1.054589e+01  0.000000e+00
     vertex  2.180505e+01  1.052476e+01  0.000000e+00
   endloop
 endfacet
 facet normal -2.643362e-01 -9.644306e-01 -0.000000e+00
   outer loop
     vertex  2.173549e+01  1.054589e+01  4.000000e+00
     vertex  2.166536e+01  1.056511e+01  0.000000e+00
     vertex  2.173549e+01  1.054589e+01  0.000000e+00
   endloop
 endfacet
 facet normal -2.643362e-01 -9.644306e-01 -0.000000e+00
   outer loop
     vertex  2.166536e+01  1.056511e+01  4.000000e+00
     vertex  2.166536e+01  1.056511e+01  0.000000e+00
     vertex  2.173549e+01  1.054589e+01  4.000000e+00
   endloop
 endfacet
 facet normal -2.377784e-01 -9.713194e-01  0.000000e+00
   outer loop
     vertex  2.159474e+01  1.058240e+01  4.000000e+00
     vertex  2.166536e+01  1.056511e+01  0.000000e+00
     vertex  2.166536e+01  1.056511e+01  4.000000e+00
   endloop
 endfacet
 facet normal -2.377784e-01 -9.713194e-01 -0.000000e+00
   outer loop
     vertex  2.159474e+01  1.058240e+01  4.000000e+00
     vertex  2.159474e+01  1.058240e+01  0.000000e+00
     vertex  2.166536e+01  1.056511e+01  0.000000e+00
   endloop
 endfacet
 facet normal -2.110417e-01 -9.774771e-01  0.000000e+00
   outer loop
     vertex  2.152367e+01  1.059774e+01  4.000000e+00
     vertex  2.159474e+01  1.058240e+01  0.000000e+00
     vertex  2.159474e+01  1.058240e+01  4.000000e+00
   endloop
 endfacet
 facet normal -2.110417e-01 -9.774771e-01 -0.000000e+00
   outer loop
     vertex  2.152367e+01  1.059774e+01  4.000000e+00
     vertex  2.152367e+01  1.059774e+01  0.000000e+00
     vertex  2.159474e+01  1.058240e+01  0.000000e+00
   endloop
 endfacet
 facet normal -1.841461e-01 -9.828989e-01  0.000000e+00
   outer loop
     vertex  2.145221e+01  1.061113e+01  4.000000e+00
     vertex  2.152367e+01  1.059774e+01  0.000000e+00
     vertex  2.152367e+01  1.059774e+01  4.000000e+00
   endloop
 endfacet
 facet normal -1.841461e-01 -9.828989e-01 -0.000000e+00
   outer loop
     vertex  2.145221e+01  1.061113e+01  4.000000e+00
     vertex  2.145221e+01  1.061113e+01  0.000000e+00
     vertex  2.152367e+01  1.059774e+01  0.000000e+00
   endloop
 endfacet
 facet normal -1.571119e-01 -9.875808e-01 -0.000000e+00
   outer loop
     vertex  2.145221e+01  1.061113e+01  4.000000e+00
     vertex  2.138041e+01  1.062255e+01  0.000000e+00
     vertex  2.145221e+01  1.061113e+01  0.000000e+00
   endloop
 endfacet
 facet normal -1.571119e-01 -9.875808e-01 -0.000000e+00
   outer loop
     vertex  2.138041e+01  1.062255e+01  4.000000e+00
     vertex  2.138041e+01  1.062255e+01  0.000000e+00
     vertex  2.145221e+01  1.061113e+01  4.000000e+00
   endloop
 endfacet
 facet normal -1.299594e-01 -9.915193e-01  0.000000e+00
   outer loop
     vertex  2.130831e+01  1.063200e+01  4.000000e+00
     vertex  2.138041e+01  1.062255e+01  0.000000e+00
     vertex  2.138041e+01  1.062255e+01  4.000000e+00
   endloop
 endfacet
 facet normal -1.299594e-01 -9.915193e-01 -0.000000e+00
   outer loop
     vertex  2.130831e+01  1.063200e+01  4.000000e+00
     vertex  2.130831e+01  1.063200e+01  0.000000e+00
     vertex  2.138041e+01  1.062255e+01  0.000000e+00
   endloop
 endfacet
 facet normal -1.027091e-01 -9.947114e-01  0.000000e+00
   outer loop
     vertex  2.123599e+01  1.063947e+01  4.000000e+00
     vertex  2.130831e+01  1.063200e+01  0.000000e+00
     vertex  2.130831e+01  1.063200e+01  4.000000e+00
   endloop
 endfacet
 facet normal -1.027091e-01 -9.947114e-01 -0.000000e+00
   outer loop
     vertex  2.123599e+01  1.063947e+01  4.000000e+00
     vertex  2.123599e+01  1.063947e+01  0.000000e+00
     vertex  2.130831e+01  1.063200e+01  0.000000e+00
   endloop
 endfacet
 facet normal -7.538152e-02 -9.971548e-01  0.000000e+00
   outer loop
     vertex  2.116349e+01  1.064495e+01  4.000000e+00
     vertex  2.123599e+01  1.063947e+01  0.000000e+00
     vertex  2.123599e+01  1.063947e+01  4.000000e+00
   endloop
 endfacet
 facet normal -7.538152e-02 -9.971548e-01 -0.000000e+00
   outer loop
     vertex  2.116349e+01  1.064495e+01  4.000000e+00
     vertex  2.116349e+01  1.064495e+01  0.000000e+00
     vertex  2.123599e+01  1.063947e+01  0.000000e+00
   endloop
 endfacet
 facet normal -4.799716e-02 -9.988475e-01  0.000000e+00
   outer loop
     vertex  2.109087e+01  1.064844e+01  4.000000e+00
     vertex  2.116349e+01  1.064495e+01  0.000000e+00
     vertex  2.116349e+01  1.064495e+01  4.000000e+00
   endloop
 endfacet
 facet normal -4.799716e-02 -9.988475e-01 -0.000000e+00
   outer loop
     vertex  2.109087e+01  1.064844e+01  4.000000e+00
     vertex  2.109087e+01  1.064844e+01  0.000000e+00
     vertex  2.116349e+01  1.064495e+01  0.000000e+00
   endloop
 endfacet
 facet normal -2.057667e-02 -9.997883e-01 -0.000000e+00
   outer loop
     vertex  2.101818e+01  1.064994e+01  4.000000e+00
     vertex  2.101818e+01  1.064994e+01  0.000000e+00
     vertex  2.109087e+01  1.064844e+01  0.000000e+00
   endloop
 endfacet
 facet normal -2.057667e-02 -9.997883e-01  0.000000e+00
   outer loop
     vertex  2.101818e+01  1.064994e+01  4.000000e+00
     vertex  2.109087e+01  1.064844e+01  0.000000e+00
     vertex  2.109087e+01  1.064844e+01  4.000000e+00
   endloop
 endfacet
 facet normal  6.859319e-03 -9.999765e-01  0.000000e+00
   outer loop
     vertex  2.094547e+01  1.064944e+01  4.000000e+00
     vertex  2.094547e+01  1.064944e+01  0.000000e+00
     vertex  2.101818e+01  1.064994e+01  0.000000e+00
   endloop
 endfacet
 facet normal  6.859319e-03 -9.999765e-01  0.000000e+00
   outer loop
     vertex  2.094547e+01  1.064944e+01  4.000000e+00
     vertex  2.101818e+01  1.064994e+01  0.000000e+00
     vertex  2.101818e+01  1.064994e+01  4.000000e+00
   endloop
 endfacet
 facet normal  3.429014e-02 -9.994119e-01  0.000000e+00
   outer loop
     vertex  2.087281e+01  1.064695e+01  4.000000e+00
     vertex  2.087281e+01  1.064695e+01  0.000000e+00
     vertex  2.094547e+01  1.064944e+01  0.000000e+00
   endloop
 endfacet
 facet normal  3.429014e-02 -9.994119e-01  0.000000e+00
   outer loop
     vertex  2.087281e+01  1.064695e+01  4.000000e+00
     vertex  2.094547e+01  1.064944e+01  0.000000e+00
     vertex  2.094547e+01  1.064944e+01  4.000000e+00
   endloop
 endfacet
 facet normal  6.169515e-02 -9.980950e-01  0.000000e+00
   outer loop
     vertex  2.080024e+01  1.064246e+01  4.000000e+00
     vertex  2.080024e+01  1.064246e+01  0.000000e+00
     vertex  2.087281e+01  1.064695e+01  0.000000e+00
   endloop
 endfacet
 facet normal  8.905371e-02 -9.960268e-01  0.000000e+00
   outer loop
     vertex  2.080024e+01  1.064246e+01  4.000000e+00
     vertex  2.072782e+01  1.063599e+01  0.000000e+00
     vertex  2.080024e+01  1.064246e+01  0.000000e+00
   endloop
 endfacet
 facet normal  6.169515e-02 -9.980950e-01  0.000000e+00
   outer loop
     vertex  2.080024e+01  1.064246e+01  4.000000e+00
     vertex  2.087281e+01  1.064695e+01  0.000000e+00
     vertex  2.087281e+01  1.064695e+01  4.000000e+00
   endloop
 endfacet
 facet normal  8.905371e-02 -9.960268e-01  0.000000e+00
   outer loop
     vertex  2.072782e+01  1.063599e+01  4.000000e+00
     vertex  2.072782e+01  1.063599e+01  0.000000e+00
     vertex  2.080024e+01  1.064246e+01  4.000000e+00
   endloop
 endfacet
 facet normal  1.163452e-01 -9.932088e-01  0.000000e+00
   outer loop
     vertex  2.072782e+01  1.063599e+01  4.000000e+00
     vertex  2.065561e+01  1.062753e+01  0.000000e+00
     vertex  2.072782e+01  1.063599e+01  0.000000e+00
   endloop
 endfacet
 facet normal  1.163452e-01 -9.932088e-01  0.000000e+00
   outer loop
     vertex  2.065561e+01  1.062753e+01  4.000000e+00
     vertex  2.065561e+01  1.062753e+01  0.000000e+00
     vertex  2.072782e+01  1.063599e+01  4.000000e+00
   endloop
 endfacet
 facet normal  1.435492e-01 -9.896432e-01  0.000000e+00
   outer loop
     vertex  2.058365e+01  1.061709e+01  4.000000e+00
     vertex  2.065561e+01  1.062753e+01  0.000000e+00
     vertex  2.065561e+01  1.062753e+01  4.000000e+00
   endloop
 endfacet
 facet normal  1.435492e-01 -9.896432e-01  0.000000e+00
   outer loop
     vertex  2.058365e+01  1.061709e+01  4.000000e+00
     vertex  2.058365e+01  1.061709e+01  0.000000e+00
     vertex  2.065561e+01  1.062753e+01  0.000000e+00
   endloop
 endfacet
 facet normal  1.706451e-01 -9.853326e-01  0.000000e+00
   outer loop
     vertex  2.051201e+01  1.060468e+01  4.000000e+00
     vertex  2.058365e+01  1.061709e+01  0.000000e+00
     vertex  2.058365e+01  1.061709e+01  4.000000e+00
   endloop
 endfacet
 facet normal  1.706451e-01 -9.853326e-01  0.000000e+00
   outer loop
     vertex  2.051201e+01  1.060468e+01  4.000000e+00
     vertex  2.051201e+01  1.060468e+01  0.000000e+00
     vertex  2.058365e+01  1.061709e+01  0.000000e+00
   endloop
 endfacet
 facet normal  1.976125e-01 -9.802802e-01  0.000000e+00
   outer loop
     vertex  2.051201e+01  1.060468e+01  4.000000e+00
     vertex  2.044074e+01  1.059031e+01  0.000000e+00
     vertex  2.051201e+01  1.060468e+01  0.000000e+00
   endloop
 endfacet
 facet normal  1.976125e-01 -9.802802e-01  0.000000e+00
   outer loop
     vertex  2.044074e+01  1.059031e+01  4.000000e+00
     vertex  2.044074e+01  1.059031e+01  0.000000e+00
     vertex  2.051201e+01  1.060468e+01  4.000000e+00
   endloop
 endfacet
 facet normal  2.244312e-01 -9.744899e-01  0.000000e+00
   outer loop
     vertex  2.036989e+01  1.057400e+01  4.000000e+00
     vertex  2.044074e+01  1.059031e+01  0.000000e+00
     vertex  2.044074e+01  1.059031e+01  4.000000e+00
   endloop
 endfacet
 facet normal  2.244312e-01 -9.744899e-01  0.000000e+00
   outer loop
     vertex  2.036989e+01  1.057400e+01  4.000000e+00
     vertex  2.036989e+01  1.057400e+01  0.000000e+00
     vertex  2.044074e+01  1.059031e+01  0.000000e+00
   endloop
 endfacet
 facet normal  2.510809e-01 -9.679661e-01  0.000000e+00
   outer loop
     vertex  2.029951e+01  1.055574e+01  4.000000e+00
     vertex  2.036989e+01  1.057400e+01  0.000000e+00
     vertex  2.036989e+01  1.057400e+01  4.000000e+00
   endloop
 endfacet
 facet normal  2.510809e-01 -9.679661e-01  0.000000e+00
   outer loop
     vertex  2.029951e+01  1.055574e+01  4.000000e+00
     vertex  2.029951e+01  1.055574e+01  0.000000e+00
     vertex  2.036989e+01  1.057400e+01  0.000000e+00
   endloop
 endfacet
 facet normal  2.775416e-01 -9.607136e-01  0.000000e+00
   outer loop
     vertex  2.029951e+01  1.055574e+01  4.000000e+00
     vertex  2.022966e+01  1.053556e+01  0.000000e+00
     vertex  2.029951e+01  1.055574e+01  0.000000e+00
   endloop
 endfacet
 facet normal  2.775416e-01 -9.607136e-01  0.000000e+00
   outer loop
     vertex  2.022966e+01  1.053556e+01  4.000000e+00
     vertex  2.022966e+01  1.053556e+01  0.000000e+00
     vertex  2.029951e+01  1.055574e+01  4.000000e+00
   endloop
 endfacet
 facet normal  3.037934e-01 -9.527379e-01  0.000000e+00
   outer loop
     vertex  2.016039e+01  1.051347e+01  4.000000e+00
     vertex  2.022966e+01  1.053556e+01  0.000000e+00
     vertex  2.022966e+01  1.053556e+01  4.000000e+00
   endloop
 endfacet
 facet normal  3.037934e-01 -9.527379e-01  0.000000e+00
   outer loop
     vertex  2.016039e+01  1.051347e+01  4.000000e+00
     vertex  2.016039e+01  1.051347e+01  0.000000e+00
     vertex  2.022966e+01  1.053556e+01  0.000000e+00
   endloop
 endfacet
 facet normal  3.298166e-01 -9.440450e-01  0.000000e+00
   outer loop
     vertex  2.009175e+01  1.048949e+01  4.000000e+00
     vertex  2.016039e+01  1.051347e+01  0.000000e+00
     vertex  2.016039e+01  1.051347e+01  4.000000e+00
   endloop
 endfacet
 facet normal  3.298166e-01 -9.440450e-01  0.000000e+00
   outer loop
     vertex  2.009175e+01  1.048949e+01  4.000000e+00
     vertex  2.009175e+01  1.048949e+01  0.000000e+00
     vertex  2.016039e+01  1.051347e+01  0.000000e+00
   endloop
 endfacet
 facet normal  3.555914e-01 -9.346415e-01  0.000000e+00
   outer loop
     vertex  2.002379e+01  1.046364e+01  4.000000e+00
     vertex  2.009175e+01  1.048949e+01  0.000000e+00
     vertex  2.009175e+01  1.048949e+01  4.000000e+00
   endloop
 endfacet
 facet normal  3.555914e-01 -9.346415e-01  0.000000e+00
   outer loop
     vertex  2.002379e+01  1.046364e+01  4.000000e+00
     vertex  2.002379e+01  1.046364e+01  0.000000e+00
     vertex  2.009175e+01  1.048949e+01  0.000000e+00
   endloop
 endfacet
 facet normal  3.810986e-01 -9.245344e-01  0.000000e+00
   outer loop
     vertex  2.002379e+01  1.046364e+01  4.000000e+00
     vertex  1.995657e+01  1.043593e+01  0.000000e+00
     vertex  2.002379e+01  1.046364e+01  0.000000e+00
   endloop
 endfacet
 facet normal  3.810986e-01 -9.245344e-01  0.000000e+00
   outer loop
     vertex  1.995657e+01  1.043593e+01  4.000000e+00
     vertex  1.995657e+01  1.043593e+01  0.000000e+00
     vertex  2.002379e+01  1.046364e+01  4.000000e+00
   endloop
 endfacet
 facet normal  4.063188e-01 -9.137314e-01  0.000000e+00
   outer loop
     vertex  1.989014e+01  1.040639e+01  4.000000e+00
     vertex  1.989014e+01  1.040639e+01  0.000000e+00
     vertex  1.995657e+01  1.043593e+01  0.000000e+00
   endloop
 endfacet
 facet normal  4.063188e-01 -9.137314e-01  0.000000e+00
   outer loop
     vertex  1.989014e+01  1.040639e+01  4.000000e+00
     vertex  1.995657e+01  1.043593e+01  0.000000e+00
     vertex  1.995657e+01  1.043593e+01  4.000000e+00
   endloop
 endfacet
 facet normal  4.312333e-01 -9.022405e-01  0.000000e+00
   outer loop
     vertex  1.982454e+01  1.037504e+01  4.000000e+00
     vertex  1.982454e+01  1.037504e+01  0.000000e+00
     vertex  1.989014e+01  1.040639e+01  0.000000e+00
   endloop
 endfacet
 facet normal  4.312333e-01 -9.022405e-01  0.000000e+00
   outer loop
     vertex  1.982454e+01  1.037504e+01  4.000000e+00
     vertex  1.989014e+01  1.040639e+01  0.000000e+00
     vertex  1.989014e+01  1.040639e+01  4.000000e+00
   endloop
 endfacet
 facet normal  4.558231e-01 -8.900704e-01  0.000000e+00
   outer loop
     vertex  1.975983e+01  1.034189e+01  4.000000e+00
     vertex  1.975983e+01  1.034189e+01  0.000000e+00
     vertex  1.982454e+01  1.037504e+01  0.000000e+00
   endloop
 endfacet
 facet normal  4.800697e-01 -8.772303e-01  0.000000e+00
   outer loop
     vertex  1.975983e+01  1.034189e+01  4.000000e+00
     vertex  1.969604e+01  1.030699e+01  0.000000e+00
     vertex  1.975983e+01  1.034189e+01  0.000000e+00
   endloop
 endfacet
 facet normal  4.558231e-01 -8.900704e-01  0.000000e+00
   outer loop
     vertex  1.975983e+01  1.034189e+01  4.000000e+00
     vertex  1.982454e+01  1.037504e+01  0.000000e+00
     vertex  1.982454e+01  1.037504e+01  4.000000e+00
   endloop
 endfacet
 facet normal  5.039550e-01 -8.637299e-01  0.000000e+00
   outer loop
     vertex  1.969604e+01  1.030699e+01  4.000000e+00
     vertex  1.963325e+01  1.027035e+01  0.000000e+00
     vertex  1.969604e+01  1.030699e+01  0.000000e+00
   endloop
 endfacet
 facet normal  4.800697e-01 -8.772303e-01  0.000000e+00
   outer loop
     vertex  1.969604e+01  1.030699e+01  4.000000e+00
     vertex  1.969604e+01  1.030699e+01  0.000000e+00
     vertex  1.975983e+01  1.034189e+01  4.000000e+00
   endloop
 endfacet
 facet normal  5.039550e-01 -8.637299e-01  0.000000e+00
   outer loop
     vertex  1.963325e+01  1.027035e+01  4.000000e+00
     vertex  1.963325e+01  1.027035e+01  0.000000e+00
     vertex  1.969604e+01  1.030699e+01  4.000000e+00
   endloop
 endfacet
 facet normal  5.274609e-01 -8.495793e-01  0.000000e+00
   outer loop
     vertex  1.957147e+01  1.023200e+01  4.000000e+00
     vertex  1.957147e+01  1.023200e+01  0.000000e+00
     vertex  1.963325e+01  1.027035e+01  0.000000e+00
   endloop
 endfacet
 facet normal  5.505698e-01 -8.347891e-01  0.000000e+00
   outer loop
     vertex  1.957147e+01  1.023200e+01  4.000000e+00
     vertex  1.951078e+01  1.019197e+01  0.000000e+00
     vertex  1.957147e+01  1.023200e+01  0.000000e+00
   endloop
 endfacet
 facet normal  5.274609e-01 -8.495793e-01  0.000000e+00
   outer loop
     vertex  1.957147e+01  1.023200e+01  4.000000e+00
     vertex  1.963325e+01  1.027035e+01  0.000000e+00
     vertex  1.963325e+01  1.027035e+01  4.000000e+00
   endloop
 endfacet
 facet normal  5.505698e-01 -8.347891e-01  0.000000e+00
   outer loop
     vertex  1.951078e+01  1.019197e+01  4.000000e+00
     vertex  1.951078e+01  1.019197e+01  0.000000e+00
     vertex  1.957147e+01  1.023200e+01  4.000000e+00
   endloop
 endfacet
 facet normal  5.732642e-01 -8.193706e-01  0.000000e+00
   outer loop
     vertex  1.945121e+01  1.015029e+01  4.000000e+00
     vertex  1.945121e+01  1.015029e+01  0.000000e+00
     vertex  1.951078e+01  1.019197e+01  0.000000e+00
   endloop
 endfacet
 facet normal  5.732642e-01 -8.193706e-01  0.000000e+00
   outer loop
     vertex  1.945121e+01  1.015029e+01  4.000000e+00
     vertex  1.951078e+01  1.019197e+01  0.000000e+00
     vertex  1.951078e+01  1.019197e+01  4.000000e+00
   endloop
 endfacet
 facet normal  5.955271e-01 -8.033352e-01  0.000000e+00
   outer loop
     vertex  1.939280e+01  1.010699e+01  4.000000e+00
     vertex  1.939280e+01  1.010699e+01  0.000000e+00
     vertex  1.945121e+01  1.015029e+01  0.000000e+00
   endloop
 endfacet
 facet normal  5.955271e-01 -8.033352e-01  0.000000e+00
   outer loop
     vertex  1.939280e+01  1.010699e+01  4.000000e+00
     vertex  1.945121e+01  1.015029e+01  0.000000e+00
     vertex  1.945121e+01  1.015029e+01  4.000000e+00
   endloop
 endfacet
 facet normal  6.173417e-01 -7.866951e-01  0.000000e+00
   outer loop
     vertex  1.933560e+01  1.006210e+01  4.000000e+00
     vertex  1.933560e+01  1.006210e+01  0.000000e+00
     vertex  1.939280e+01  1.010699e+01  0.000000e+00
   endloop
 endfacet
 facet normal  6.386916e-01 -7.694628e-01  0.000000e+00
   outer loop
     vertex  1.933560e+01  1.006210e+01  4.000000e+00
     vertex  1.927965e+01  1.001567e+01  0.000000e+00
     vertex  1.933560e+01  1.006210e+01  0.000000e+00
   endloop
 endfacet
 facet normal  6.173417e-01 -7.866951e-01  0.000000e+00
   outer loop
     vertex  1.933560e+01  1.006210e+01  4.000000e+00
     vertex  1.939280e+01  1.010699e+01  0.000000e+00
     vertex  1.939280e+01  1.010699e+01  4.000000e+00
   endloop
 endfacet
 facet normal  6.595607e-01 -7.516513e-01  0.000000e+00
   outer loop
     vertex  1.927965e+01  1.001567e+01  4.000000e+00
     vertex  1.922500e+01  9.967711e+00  0.000000e+00
     vertex  1.927965e+01  1.001567e+01  0.000000e+00
   endloop
 endfacet
 facet normal  6.386916e-01 -7.694628e-01  0.000000e+00
   outer loop
     vertex  1.927965e+01  1.001567e+01  4.000000e+00
     vertex  1.927965e+01  1.001567e+01  0.000000e+00
     vertex  1.933560e+01  1.006210e+01  4.000000e+00
   endloop
 endfacet
 facet normal  6.799333e-01 -7.332740e-01  0.000000e+00
   outer loop
     vertex  1.922500e+01  9.967711e+00  4.000000e+00
     vertex  1.917169e+01  9.918275e+00  0.000000e+00
     vertex  1.922500e+01  9.967711e+00  0.000000e+00
   endloop
 endfacet
 facet normal  6.595607e-01 -7.516513e-01  0.000000e+00
   outer loop
     vertex  1.922500e+01  9.967711e+00  4.000000e+00
     vertex  1.922500e+01  9.967711e+00  0.000000e+00
     vertex  1.927965e+01  1.001567e+01  4.000000e+00
   endloop
 endfacet
 facet normal  6.799333e-01 -7.332740e-01  0.000000e+00
   outer loop
     vertex  1.917169e+01  9.918275e+00  4.000000e+00
     vertex  1.917169e+01  9.918275e+00  0.000000e+00
     vertex  1.922500e+01  9.967711e+00  4.000000e+00
   endloop
 endfacet
 facet normal  6.997940e-01 -7.143447e-01  0.000000e+00
   outer loop
     vertex  1.911975e+01  9.867395e+00  4.000000e+00
     vertex  1.911975e+01  9.867395e+00  0.000000e+00
     vertex  1.917169e+01  9.918275e+00  0.000000e+00
   endloop
 endfacet
 facet normal  7.191280e-01 -6.948776e-01  0.000000e+00
   outer loop
     vertex  1.911975e+01  9.867395e+00  4.000000e+00
     vertex  1.906923e+01  9.815110e+00  0.000000e+00
     vertex  1.911975e+01  9.867395e+00  0.000000e+00
   endloop
 endfacet
 facet normal  6.997940e-01 -7.143447e-01  0.000000e+00
   outer loop
     vertex  1.911975e+01  9.867395e+00  4.000000e+00
     vertex  1.917169e+01  9.918275e+00  0.000000e+00
     vertex  1.917169e+01  9.918275e+00  4.000000e+00
   endloop
 endfacet
 facet normal  7.191280e-01 -6.948776e-01  0.000000e+00
   outer loop
     vertex  1.906923e+01  9.815110e+00  4.000000e+00
     vertex  1.906923e+01  9.815110e+00  0.000000e+00
     vertex  1.911975e+01  9.867395e+00  4.000000e+00
   endloop
 endfacet
 facet normal  7.379206e-01 -6.748875e-01  0.000000e+00
   outer loop
     vertex  1.902016e+01  9.761458e+00  4.000000e+00
     vertex  1.906923e+01  9.815110e+00  0.000000e+00
     vertex  1.906923e+01  9.815110e+00  4.000000e+00
   endloop
 endfacet
 facet normal  7.379206e-01 -6.748875e-01  0.000000e+00
   outer loop
     vertex  1.902016e+01  9.761458e+00  4.000000e+00
     vertex  1.902016e+01  9.761458e+00  0.000000e+00
     vertex  1.906923e+01  9.815110e+00  0.000000e+00
   endloop
 endfacet
 facet normal  7.561578e-01 -6.543893e-01  0.000000e+00
   outer loop
     vertex  1.902016e+01  9.761458e+00  4.000000e+00
     vertex  1.897258e+01  9.706480e+00  0.000000e+00
     vertex  1.902016e+01  9.761458e+00  0.000000e+00
   endloop
 endfacet
 facet normal  7.561578e-01 -6.543893e-01  0.000000e+00
   outer loop
     vertex  1.897258e+01  9.706480e+00  4.000000e+00
     vertex  1.897258e+01  9.706480e+00  0.000000e+00
     vertex  1.902016e+01  9.761458e+00  4.000000e+00
   endloop
 endfacet
 facet normal  7.738257e-01 -6.333986e-01  0.000000e+00
   outer loop
     vertex  1.892653e+01  9.650217e+00  4.000000e+00
     vertex  1.892653e+01  9.650217e+00  0.000000e+00
     vertex  1.897258e+01  9.706480e+00  0.000000e+00
   endloop
 endfacet
 facet normal  7.909112e-01 -6.119310e-01  0.000000e+00
   outer loop
     vertex  1.892653e+01  9.650217e+00  4.000000e+00
     vertex  1.888204e+01  9.592712e+00  0.000000e+00
     vertex  1.892653e+01  9.650217e+00  0.000000e+00
   endloop
 endfacet
 facet normal  7.738257e-01 -6.333986e-01  0.000000e+00
   outer loop
     vertex  1.892653e+01  9.650217e+00  4.000000e+00
     vertex  1.897258e+01  9.706480e+00  0.000000e+00
     vertex  1.897258e+01  9.706480e+00  4.000000e+00
   endloop
 endfacet
 facet normal  7.909112e-01 -6.119310e-01  0.000000e+00
   outer loop
     vertex  1.888204e+01  9.592712e+00  4.000000e+00
     vertex  1.888204e+01  9.592712e+00  0.000000e+00
     vertex  1.892653e+01  9.650217e+00  4.000000e+00
   endloop
 endfacet
 facet normal  8.074012e-01 -5.900028e-01  0.000000e+00
   outer loop
     vertex  1.883914e+01  9.534008e+00  4.000000e+00
     vertex  1.883914e+01  9.534008e+00  0.000000e+00
     vertex  1.888204e+01  9.592712e+00  0.000000e+00
   endloop
 endfacet
 facet normal  8.232835e-01 -5.676304e-01  0.000000e+00
   outer loop
     vertex  1.883914e+01  9.534008e+00  4.000000e+00
     vertex  1.879787e+01  9.474150e+00  0.000000e+00
     vertex  1.883914e+01  9.534008e+00  0.000000e+00
   endloop
 endfacet
 facet normal  8.074012e-01 -5.900028e-01  0.000000e+00
   outer loop
     vertex  1.883914e+01  9.534008e+00  4.000000e+00
     vertex  1.888204e+01  9.592712e+00  0.000000e+00
     vertex  1.888204e+01  9.592712e+00  4.000000e+00
   endloop
 endfacet
 facet normal  8.232835e-01 -5.676304e-01  0.000000e+00
   outer loop
     vertex  1.879787e+01  9.474150e+00  4.000000e+00
     vertex  1.879787e+01  9.474150e+00  0.000000e+00
     vertex  1.883914e+01  9.534008e+00  4.000000e+00
   endloop
 endfacet
 facet normal  8.385460e-01 -5.448308e-01  0.000000e+00
   outer loop
     vertex  1.875826e+01  9.413182e+00  4.000000e+00
     vertex  1.875826e+01  9.413182e+00  0.000000e+00
     vertex  1.879787e+01  9.474150e+00  0.000000e+00
   endloop
 endfacet
 facet normal  8.385460e-01 -5.448308e-01  0.000000e+00
   outer loop
     vertex  1.875826e+01  9.413182e+00  4.000000e+00
     vertex  1.879787e+01  9.474150e+00  0.000000e+00
     vertex  1.879787e+01  9.474150e+00  4.000000e+00
   endloop
 endfacet
 facet normal  8.531773e-01 -5.216210e-01  0.000000e+00
   outer loop
     vertex  1.872033e+01  9.351150e+00  4.000000e+00
     vertex  1.872033e+01  9.351150e+00  0.000000e+00
     vertex  1.875826e+01  9.413182e+00  0.000000e+00
   endloop
 endfacet
 facet normal  8.531773e-01 -5.216210e-01  0.000000e+00
   outer loop
     vertex  1.872033e+01  9.351150e+00  4.000000e+00
     vertex  1.875826e+01  9.413182e+00  0.000000e+00
     vertex  1.875826e+01  9.413182e+00  4.000000e+00
   endloop
 endfacet
 facet normal  8.671664e-01 -4.980186e-01  0.000000e+00
   outer loop
     vertex  1.868412e+01  9.288100e+00  4.000000e+00
     vertex  1.868412e+01  9.288100e+00  0.000000e+00
     vertex  1.872033e+01  9.351150e+00  0.000000e+00
   endloop
 endfacet
 facet normal  8.805026e-01 -4.740412e-01  0.000000e+00
   outer loop
     vertex  1.868412e+01  9.288100e+00  4.000000e+00
     vertex  1.864965e+01  9.224082e+00  0.000000e+00
     vertex  1.868412e+01  9.288100e+00  0.000000e+00
   endloop
 endfacet
 facet normal  8.671664e-01 -4.980186e-01  0.000000e+00
   outer loop
     vertex  1.868412e+01  9.288100e+00  4.000000e+00
     vertex  1.872033e+01  9.351150e+00  0.000000e+00
     vertex  1.872033e+01  9.351150e+00  4.000000e+00
   endloop
 endfacet
 facet normal  8.931761e-01 -4.497071e-01  0.000000e+00
   outer loop
     vertex  1.864965e+01  9.224082e+00  4.000000e+00
     vertex  1.861696e+01  9.159141e+00  0.000000e+00
     vertex  1.864965e+01  9.224082e+00  0.000000e+00
   endloop
 endfacet
 facet normal  8.805026e-01 -4.740412e-01  0.000000e+00
   outer loop
     vertex  1.864965e+01  9.224082e+00  4.000000e+00
     vertex  1.864965e+01  9.224082e+00  0.000000e+00
     vertex  1.868412e+01  9.288100e+00  4.000000e+00
   endloop
 endfacet
 facet normal  8.931761e-01 -4.497071e-01  0.000000e+00
   outer loop
     vertex  1.861696e+01  9.159141e+00  4.000000e+00
     vertex  1.861696e+01  9.159141e+00  0.000000e+00
     vertex  1.864965e+01  9.224082e+00  4.000000e+00
   endloop
 endfacet
 facet normal  9.051772e-01 -4.250344e-01  0.000000e+00
   outer loop
     vertex  1.858605e+01  9.093329e+00  4.000000e+00
     vertex  1.858605e+01  9.093329e+00  0.000000e+00
     vertex  1.861696e+01  9.159141e+00  0.000000e+00
   endloop
 endfacet
 facet normal  9.051772e-01 -4.250344e-01  0.000000e+00
   outer loop
     vertex  1.858605e+01  9.093329e+00  4.000000e+00
     vertex  1.861696e+01  9.159141e+00  0.000000e+00
     vertex  1.861696e+01  9.159141e+00  4.000000e+00
   endloop
 endfacet
 facet normal  9.164969e-01 -4.000417e-01  0.000000e+00
   outer loop
     vertex  1.855697e+01  9.026693e+00  4.000000e+00
     vertex  1.855697e+01  9.026693e+00  0.000000e+00
     vertex  1.858605e+01  9.093329e+00  0.000000e+00
   endloop
 endfacet
 facet normal  9.164969e-01 -4.000417e-01  0.000000e+00
   outer loop
     vertex  1.855697e+01  9.026693e+00  4.000000e+00
     vertex  1.858605e+01  9.093329e+00  0.000000e+00
     vertex  1.858605e+01  9.093329e+00  4.000000e+00
   endloop
 endfacet
 facet normal  9.271267e-01 -3.747479e-01  0.000000e+00
   outer loop
     vertex  1.852972e+01  8.959284e+00  4.000000e+00
     vertex  1.852972e+01  8.959284e+00  0.000000e+00
     vertex  1.855697e+01  9.026693e+00  0.000000e+00
   endloop
 endfacet
 facet normal  9.370586e-01 -3.491720e-01  0.000000e+00
   outer loop
     vertex  1.852972e+01  8.959284e+00  4.000000e+00
     vertex  1.850433e+01  8.891153e+00  0.000000e+00
     vertex  1.852972e+01  8.959284e+00  0.000000e+00
   endloop
 endfacet
 facet normal  9.271267e-01 -3.747479e-01  0.000000e+00
   outer loop
     vertex  1.852972e+01  8.959284e+00  4.000000e+00
     vertex  1.855697e+01  9.026693e+00  0.000000e+00
     vertex  1.855697e+01  9.026693e+00  4.000000e+00
   endloop
 endfacet
 facet normal  9.370586e-01 -3.491720e-01  0.000000e+00
   outer loop
     vertex  1.850433e+01  8.891153e+00  4.000000e+00
     vertex  1.850433e+01  8.891153e+00  0.000000e+00
     vertex  1.852972e+01  8.959284e+00  4.000000e+00
   endloop
 endfacet
 facet normal  9.462851e-01 -3.233333e-01  0.000000e+00
   outer loop
     vertex  1.848083e+01  8.822352e+00  4.000000e+00
     vertex  1.848083e+01  8.822352e+00  0.000000e+00
     vertex  1.850433e+01  8.891153e+00  0.000000e+00
   endloop
 endfacet
 facet normal  9.462851e-01 -3.233333e-01  0.000000e+00
   outer loop
     vertex  1.848083e+01  8.822352e+00  4.000000e+00
     vertex  1.850433e+01  8.891153e+00  0.000000e+00
     vertex  1.850433e+01  8.891153e+00  4.000000e+00
   endloop
 endfacet
 facet normal  9.547993e-01 -2.972512e-01  0.000000e+00
   outer loop
     vertex  1.845921e+01  8.752931e+00  4.000000e+00
     vertex  1.845921e+01  8.752931e+00  0.000000e+00
     vertex  1.848083e+01  8.822352e+00  0.000000e+00
   endloop
 endfacet
 facet normal  9.547993e-01 -2.972512e-01  0.000000e+00
   outer loop
     vertex  1.845921e+01  8.752931e+00  4.000000e+00
     vertex  1.848083e+01  8.822352e+00  0.000000e+00
     vertex  1.848083e+01  8.822352e+00  4.000000e+00
   endloop
 endfacet
 facet normal  9.625948e-01 -2.709453e-01  0.000000e+00
   outer loop
     vertex  1.843951e+01  8.682944e+00  4.000000e+00
     vertex  1.843951e+01  8.682944e+00  0.000000e+00
     vertex  1.845921e+01  8.752931e+00  0.000000e+00
   endloop
 endfacet
 facet normal  9.625948e-01 -2.709453e-01  0.000000e+00
   outer loop
     vertex  1.843951e+01  8.682944e+00  4.000000e+00
     vertex  1.845921e+01  8.752931e+00  0.000000e+00
     vertex  1.845921e+01  8.752931e+00  4.000000e+00
   endloop
 endfacet
 facet normal  9.696656e-01 -2.444354e-01  0.000000e+00
   outer loop
     vertex  1.842174e+01  8.612442e+00  4.000000e+00
     vertex  1.842174e+01  8.612442e+00  0.000000e+00
     vertex  1.843951e+01  8.682944e+00  0.000000e+00
   endloop
 endfacet
 facet normal  9.760065e-01 -2.177416e-01  0.000000e+00
   outer loop
     vertex  1.842174e+01  8.612442e+00  4.000000e+00
     vertex  1.840591e+01  8.541480e+00  0.000000e+00
     vertex  1.842174e+01  8.612442e+00  0.000000e+00
   endloop
 endfacet
 facet normal  9.696656e-01 -2.444354e-01  0.000000e+00
   outer loop
     vertex  1.842174e+01  8.612442e+00  4.000000e+00
     vertex  1.843951e+01  8.682944e+00  0.000000e+00
     vertex  1.843951e+01  8.682944e+00  4.000000e+00
   endloop
 endfacet
 facet normal  9.816126e-01 -1.908838e-01  0.000000e+00
   outer loop
     vertex  1.840591e+01  8.541480e+00  4.000000e+00
     vertex  1.839203e+01  8.470109e+00  0.000000e+00
     vertex  1.840591e+01  8.541480e+00  0.000000e+00
   endloop
 endfacet
 facet normal  9.760065e-01 -2.177416e-01  0.000000e+00
   outer loop
     vertex  1.840591e+01  8.541480e+00  4.000000e+00
     vertex  1.840591e+01  8.541480e+00  0.000000e+00
     vertex  1.842174e+01  8.612442e+00  4.000000e+00
   endloop
 endfacet
 facet normal  9.864799e-01 -1.638824e-01  0.000000e+00
   outer loop
     vertex  1.839203e+01  8.470109e+00  4.000000e+00
     vertex  1.838012e+01  8.398385e+00  0.000000e+00
     vertex  1.839203e+01  8.470109e+00  0.000000e+00
   endloop
 endfacet
 facet normal  9.816126e-01 -1.908838e-01  0.000000e+00
   outer loop
     vertex  1.839203e+01  8.470109e+00  4.000000e+00
     vertex  1.839203e+01  8.470109e+00  0.000000e+00
     vertex  1.840591e+01  8.541480e+00  4.000000e+00
   endloop
 endfacet
 facet normal  9.906046e-01 -1.367575e-01  0.000000e+00
   outer loop
     vertex  1.838012e+01  8.398385e+00  4.000000e+00
     vertex  1.837017e+01  8.326361e+00  0.000000e+00
     vertex  1.838012e+01  8.398385e+00  0.000000e+00
   endloop
 endfacet
 facet normal  9.864799e-01 -1.638824e-01  0.000000e+00
   outer loop
     vertex  1.838012e+01  8.398385e+00  4.000000e+00
     vertex  1.838012e+01  8.398385e+00  0.000000e+00
     vertex  1.839203e+01  8.470109e+00  4.000000e+00
   endloop
 endfacet
 facet normal  9.939835e-01 -1.095298e-01  0.000000e+00
   outer loop
     vertex  1.837017e+01  8.326361e+00  4.000000e+00
     vertex  1.836221e+01  8.254092e+00  0.000000e+00
     vertex  1.837017e+01  8.326361e+00  0.000000e+00
   endloop
 endfacet
 facet normal  9.906046e-01 -1.367575e-01  0.000000e+00
   outer loop
     vertex  1.837017e+01  8.326361e+00  4.000000e+00
     vertex  1.837017e+01  8.326361e+00  0.000000e+00
     vertex  1.838012e+01  8.398385e+00  4.000000e+00
   endloop
 endfacet
 facet normal  9.939835e-01 -1.095298e-01  0.000000e+00
   outer loop
     vertex  1.836221e+01  8.254092e+00  4.000000e+00
     vertex  1.836221e+01  8.254092e+00  0.000000e+00
     vertex  1.837017e+01  8.326361e+00  4.000000e+00
   endloop
 endfacet
 facet normal  9.966142e-01 -8.221955e-02  0.000000e+00
   outer loop
     vertex  1.835623e+01  8.181631e+00  4.000000e+00
     vertex  1.836221e+01  8.254092e+00  0.000000e+00
     vertex  1.836221e+01  8.254092e+00  4.000000e+00
   endloop
 endfacet
 facet normal  9.966142e-01 -8.221955e-02  0.000000e+00
   outer loop
     vertex  1.835623e+01  8.181631e+00  4.000000e+00
     vertex  1.835623e+01  8.181631e+00  0.000000e+00
     vertex  1.836221e+01  8.254092e+00  0.000000e+00
   endloop
 endfacet
 facet normal  9.984947e-01 -5.484744e-02  0.000000e+00
   outer loop
     vertex  1.835623e+01  8.181631e+00  4.000000e+00
     vertex  1.835224e+01  8.109033e+00  0.000000e+00
     vertex  1.835623e+01  8.181631e+00  0.000000e+00
   endloop
 endfacet
 facet normal  9.984947e-01 -5.484744e-02  0.000000e+00
   outer loop
     vertex  1.835224e+01  8.109033e+00  4.000000e+00
     vertex  1.835224e+01  8.109033e+00  0.000000e+00
     vertex  1.835623e+01  8.181631e+00  4.000000e+00
   endloop
 endfacet
 facet normal  9.996236e-01 -2.743405e-02  0.000000e+00
   outer loop
     vertex  1.835224e+01  8.109033e+00  4.000000e+00
     vertex  1.835025e+01  8.036354e+00  0.000000e+00
     vertex  1.835224e+01  8.109033e+00  0.000000e+00
   endloop
 endfacet
 facet normal  9.996236e-01 -2.743405e-02  0.000000e+00
   outer loop
     vertex  1.835025e+01  8.036354e+00  4.000000e+00
     vertex  1.835025e+01  8.036354e+00  0.000000e+00
     vertex  1.835224e+01  8.109033e+00  4.000000e+00
   endloop
 endfacet
 facet normal  1.000000e+00 -0.000000e+00  0.000000e+00
   outer loop
     vertex  1.835025e+01  7.963646e+00  4.000000e+00
     vertex  1.835025e+01  8.036354e+00  0.000000e+00
     vertex  1.835025e+01  8.036354e+00  4.000000e+00
   endloop
 endfacet
 facet normal  1.000000e+00  0.000000e+00  0.000000e+00
   outer loop
     vertex  1.835025e+01  7.963646e+00  4.000000e+00
     vertex  1.835025e+01  7.963646e+00  0.000000e+00
     vertex  1.835025e+01  8.036354e+00  0.000000e+00
   endloop
 endfacet
 facet normal  9.996236e-01  2.743405e-02  0.000000e+00
   outer loop
     vertex  1.835025e+01  7.963646e+00  4.000000e+00
     vertex  1.835224e+01  7.890967e+00  0.000000e+00
     vertex  1.835025e+01  7.963646e+00  0.000000e+00
   endloop
 endfacet
 facet normal  9.996236e-01  2.743405e-02  0.000000e+00
   outer loop
     vertex  1.835224e+01  7.890967e+00  4.000000e+00
     vertex  1.835224e+01  7.890967e+00  0.000000e+00
     vertex  1.835025e+01  7.963646e+00  4.000000e+00
   endloop
 endfacet
 facet normal  9.984947e-01  5.484744e-02  0.000000e+00
   outer loop
     vertex  1.835623e+01  7.818369e+00  4.000000e+00
     vertex  1.835224e+01  7.890967e+00  0.000000e+00
     vertex  1.835224e+01  7.890967e+00  4.000000e+00
   endloop
 endfacet
 facet normal  9.984947e-01  5.484744e-02  0.000000e+00
   outer loop
     vertex  1.835623e+01  7.818369e+00  4.000000e+00
     vertex  1.835623e+01  7.818369e+00  0.000000e+00
     vertex  1.835224e+01  7.890967e+00  0.000000e+00
   endloop
 endfacet
 facet normal  9.966142e-01  8.221955e-02  0.000000e+00
   outer loop
     vertex  1.835623e+01  7.818369e+00  4.000000e+00
     vertex  1.836221e+01  7.745908e+00  0.000000e+00
     vertex  1.835623e+01  7.818369e+00  0.000000e+00
   endloop
 endfacet
 facet normal  9.966142e-01  8.221955e-02  0.000000e+00
   outer loop
     vertex  1.836221e+01  7.745908e+00  4.000000e+00
     vertex  1.836221e+01  7.745908e+00  0.000000e+00
     vertex  1.835623e+01  7.818369e+00  4.000000e+00
   endloop
 endfacet
 facet normal  9.939835e-01  1.095298e-01  0.000000e+00
   outer loop
     vertex  1.837017e+01  7.673639e+00  4.000000e+00
     vertex  1.836221e+01  7.745908e+00  0.000000e+00
     vertex  1.836221e+01  7.745908e+00  4.000000e+00
   endloop
 endfacet
 facet normal  9.939835e-01  1.095298e-01  0.000000e+00
   outer loop
     vertex  1.837017e+01  7.673639e+00  4.000000e+00
     vertex  1.837017e+01  7.673639e+00  0.000000e+00
     vertex  1.836221e+01  7.745908e+00  0.000000e+00
   endloop
 endfacet
 facet normal  9.906046e-01  1.367575e-01  0.000000e+00
   outer loop
     vertex  1.837017e+01  7.673639e+00  4.000000e+00
     vertex  1.838012e+01  7.601615e+00  0.000000e+00
     vertex  1.837017e+01  7.673639e+00  0.000000e+00
   endloop
 endfacet
 facet normal  9.906046e-01  1.367575e-01  0.000000e+00
   outer loop
     vertex  1.838012e+01  7.601615e+00  4.000000e+00
     vertex  1.838012e+01  7.601615e+00  0.000000e+00
     vertex  1.837017e+01  7.673639e+00  4.000000e+00
   endloop
 endfacet
 facet normal  9.864799e-01  1.638824e-01  0.000000e+00
   outer loop
     vertex  1.839203e+01  7.529891e+00  4.000000e+00
     vertex  1.838012e+01  7.601615e+00  0.000000e+00
     vertex  1.838012e+01  7.601615e+00  4.000000e+00
   endloop
 endfacet
 facet normal  9.864799e-01  1.638824e-01  0.000000e+00
   outer loop
     vertex  1.839203e+01  7.529891e+00  4.000000e+00
     vertex  1.839203e+01  7.529891e+00  0.000000e+00
     vertex  1.838012e+01  7.601615e+00  0.000000e+00
   endloop
 endfacet
 facet normal  9.816126e-01  1.908838e-01  0.000000e+00
   outer loop
     vertex  1.840591e+01  7.458520e+00  4.000000e+00
     vertex  1.839203e+01  7.529891e+00  0.000000e+00
     vertex  1.839203e+01  7.529891e+00  4.000000e+00
   endloop
 endfacet
 facet normal  9.816126e-01  1.908838e-01  0.000000e+00
   outer loop
     vertex  1.840591e+01  7.458520e+00  4.000000e+00
     vertex  1.840591e+01  7.458520e+00  0.000000e+00
     vertex  1.839203e+01  7.529891e+00  0.000000e+00
   endloop
 endfacet
 facet normal  9.760065e-01  2.177416e-01  0.000000e+00
   outer loop
     vertex  1.842174e+01  7.387558e+00  4.000000e+00
     vertex  1.842174e+01  7.387558e+00  0.000000e+00
     vertex  1.840591e+01  7.458520e+00  0.000000e+00
   endloop
 endfacet
 facet normal  9.760065e-01  2.177416e-01  0.000000e+00
   outer loop
     vertex  1.842174e+01  7.387558e+00  4.000000e+00
     vertex  1.840591e+01  7.458520e+00  0.000000e+00
     vertex  1.840591e+01  7.458520e+00  4.000000e+00
   endloop
 endfacet
 facet normal  9.696656e-01  2.444354e-01  0.000000e+00
   outer loop
     vertex  1.842174e+01  7.387558e+00  4.000000e+00
     vertex  1.843951e+01  7.317056e+00  0.000000e+00
     vertex  1.842174e+01  7.387558e+00  0.000000e+00
   endloop
 endfacet
 facet normal  9.696656e-01  2.444354e-01  0.000000e+00
   outer loop
     vertex  1.843951e+01  7.317056e+00  4.000000e+00
     vertex  1.843951e+01  7.317056e+00  0.000000e+00
     vertex  1.842174e+01  7.387558e+00  4.000000e+00
   endloop
 endfacet
 facet normal  9.625948e-01  2.709453e-01  0.000000e+00
   outer loop
     vertex  1.845921e+01  7.247069e+00  4.000000e+00
     vertex  1.845921e+01  7.247069e+00  0.000000e+00
     vertex  1.843951e+01  7.317056e+00  0.000000e+00
   endloop
 endfacet
 facet normal  9.625948e-01  2.709453e-01  0.000000e+00
   outer loop
     vertex  1.845921e+01  7.247069e+00  4.000000e+00
     vertex  1.843951e+01  7.317056e+00  0.000000e+00
     vertex  1.843951e+01  7.317056e+00  4.000000e+00
   endloop
 endfacet
 facet normal  9.547993e-01  2.972512e-01  0.000000e+00
   outer loop
     vertex  1.848083e+01  7.177648e+00  4.000000e+00
     vertex  1.848083e+01  7.177648e+00  0.000000e+00
     vertex  1.845921e+01  7.247069e+00  0.000000e+00
   endloop
 endfacet
 facet normal  9.547993e-01  2.972512e-01  0.000000e+00
   outer loop
     vertex  1.848083e+01  7.177648e+00  4.000000e+00
     vertex  1.845921e+01  7.247069e+00  0.000000e+00
     vertex  1.845921e+01  7.247069e+00  4.000000e+00
   endloop
 endfacet
 facet normal  9.462851e-01  3.233333e-01  0.000000e+00
   outer loop
     vertex  1.850433e+01  7.108847e+00  4.000000e+00
     vertex  1.850433e+01  7.108847e+00  0.000000e+00
     vertex  1.848083e+01  7.177648e+00  0.000000e+00
   endloop
 endfacet
 facet normal  9.462851e-01  3.233333e-01  0.000000e+00
   outer loop
     vertex  1.850433e+01  7.108847e+00  4.000000e+00
     vertex  1.848083e+01  7.177648e+00  0.000000e+00
     vertex  1.848083e+01  7.177648e+00  4.000000e+00
   endloop
 endfacet
 facet normal  9.370586e-01  3.491720e-01  0.000000e+00
   outer loop
     vertex  1.852972e+01  7.040716e+00  4.000000e+00
     vertex  1.852972e+01  7.040716e+00  0.000000e+00
     vertex  1.850433e+01  7.108847e+00  0.000000e+00
   endloop
 endfacet
 facet normal  9.271267e-01  3.747479e-01  0.000000e+00
   outer loop
     vertex  1.852972e+01  7.040716e+00  4.000000e+00
     vertex  1.855697e+01  6.973307e+00  0.000000e+00
     vertex  1.852972e+01  7.040716e+00  0.000000e+00
   endloop
 endfacet
 facet normal  9.370586e-01  3.491720e-01  0.000000e+00
   outer loop
     vertex  1.852972e+01  7.040716e+00  4.000000e+00
     vertex  1.850433e+01  7.108847e+00  0.000000e+00
     vertex  1.850433e+01  7.108847e+00  4.000000e+00
   endloop
 endfacet
 facet normal  9.164969e-01  4.000417e-01  0.000000e+00
   outer loop
     vertex  1.855697e+01  6.973307e+00  4.000000e+00
     vertex  1.858605e+01  6.906671e+00  0.000000e+00
     vertex  1.855697e+01  6.973307e+00  0.000000e+00
   endloop
 endfacet
 facet normal  9.271267e-01  3.747479e-01  0.000000e+00
   outer loop
     vertex  1.855697e+01  6.973307e+00  4.000000e+00
     vertex  1.855697e+01  6.973307e+00  0.000000e+00
     vertex  1.852972e+01  7.040716e+00  4.000000e+00
   endloop
 endfacet
 facet normal  9.164969e-01  4.000417e-01  0.000000e+00
   outer loop
     vertex  1.858605e+01  6.906671e+00  4.000000e+00
     vertex  1.858605e+01  6.906671e+00  0.000000e+00
     vertex  1.855697e+01  6.973307e+00  4.000000e+00
   endloop
 endfacet
 facet normal  9.051772e-01  4.250344e-01  0.000000e+00
   outer loop
     vertex  1.861696e+01  6.840859e+00  4.000000e+00
     vertex  1.861696e+01  6.840859e+00  0.000000e+00
     vertex  1.858605e+01  6.906671e+00  0.000000e+00
   endloop
 endfacet
 facet normal  9.051772e-01  4.250344e-01  0.000000e+00
   outer loop
     vertex  1.861696e+01  6.840859e+00  4.000000e+00
     vertex  1.858605e+01  6.906671e+00  0.000000e+00
     vertex  1.858605e+01  6.906671e+00  4.000000e+00
   endloop
 endfacet
 facet normal  8.931761e-01  4.497071e-01  0.000000e+00
   outer loop
     vertex  1.864965e+01  6.775918e+00  4.000000e+00
     vertex  1.864965e+01  6.775918e+00  0.000000e+00
     vertex  1.861696e+01  6.840859e+00  0.000000e+00
   endloop
 endfacet
 facet normal  8.931761e-01  4.497071e-01  0.000000e+00
   outer loop
     vertex  1.864965e+01  6.775918e+00  4.000000e+00
     vertex  1.861696e+01  6.840859e+00  0.000000e+00
     vertex  1.861696e+01  6.840859e+00  4.000000e+00
   endloop
 endfacet
 facet normal  8.805026e-01  4.740412e-01  0.000000e+00
   outer loop
     vertex  1.868412e+01  6.711900e+00  4.000000e+00
     vertex  1.868412e+01  6.711900e+00  0.000000e+00
     vertex  1.864965e+01  6.775918e+00  0.000000e+00
   endloop
 endfacet
 facet normal  8.805026e-01  4.740412e-01  0.000000e+00
   outer loop
     vertex  1.868412e+01  6.711900e+00  4.000000e+00
     vertex  1.864965e+01  6.775918e+00  0.000000e+00
     vertex  1.864965e+01  6.775918e+00  4.000000e+00
   endloop
 endfacet
 facet normal  8.671664e-01  4.980186e-01  0.000000e+00
   outer loop
     vertex  1.872033e+01  6.648850e+00  4.000000e+00
     vertex  1.872033e+01  6.648850e+00  0.000000e+00
     vertex  1.868412e+01  6.711900e+00  0.000000e+00
   endloop
 endfacet
 facet normal  8.531773e-01  5.216210e-01  0.000000e+00
   outer loop
     vertex  1.872033e+01  6.648850e+00  4.000000e+00
     vertex  1.875826e+01  6.586818e+00  0.000000e+00
     vertex  1.872033e+01  6.648850e+00  0.000000e+00
   endloop
 endfacet
 facet normal  8.671664e-01  4.980186e-01  0.000000e+00
   outer loop
     vertex  1.872033e+01  6.648850e+00  4.000000e+00
     vertex  1.868412e+01  6.711900e+00  0.000000e+00
     vertex  1.868412e+01  6.711900e+00  4.000000e+00
   endloop
 endfacet
 facet normal  8.385460e-01  5.448308e-01  0.000000e+00
   outer loop
     vertex  1.875826e+01  6.586818e+00  4.000000e+00
     vertex  1.879787e+01  6.525850e+00  0.000000e+00
     vertex  1.875826e+01  6.586818e+00  0.000000e+00
   endloop
 endfacet
 facet normal  8.531773e-01  5.216210e-01  0.000000e+00
   outer loop
     vertex  1.875826e+01  6.586818e+00  4.000000e+00
     vertex  1.875826e+01  6.586818e+00  0.000000e+00
     vertex  1.872033e+01  6.648850e+00  4.000000e+00
   endloop
 endfacet
 facet normal  8.385460e-01  5.448308e-01  0.000000e+00
   outer loop
     vertex  1.879787e+01  6.525850e+00  4.000000e+00
     vertex  1.879787e+01  6.525850e+00  0.000000e+00
     vertex  1.875826e+01  6.586818e+00  4.000000e+00
   endloop
 endfacet
 facet normal  8.232835e-01  5.676304e-01  0.000000e+00
   outer loop
     vertex  1.883914e+01  6.465992e+00  4.000000e+00
     vertex  1.879787e+01  6.525850e+00  0.000000e+00
     vertex  1.879787e+01  6.525850e+00  4.000000e+00
   endloop
 endfacet
 facet normal  8.232835e-01  5.676304e-01  0.000000e+00
   outer loop
     vertex  1.883914e+01  6.465992e+00  4.000000e+00
     vertex  1.883914e+01  6.465992e+00  0.000000e+00
     vertex  1.879787e+01  6.525850e+00  0.000000e+00
   endloop
 endfacet
 facet normal  8.074012e-01  5.900028e-01  0.000000e+00
   outer loop
     vertex  1.883914e+01  6.465992e+00  4.000000e+00
     vertex  1.888204e+01  6.407288e+00  0.000000e+00
     vertex  1.883914e+01  6.465992e+00  0.000000e+00
   endloop
 endfacet
 facet normal  8.074012e-01  5.900028e-01  0.000000e+00
   outer loop
     vertex  1.888204e+01  6.407288e+00  4.000000e+00
     vertex  1.888204e+01  6.407288e+00  0.000000e+00
     vertex  1.883914e+01  6.465992e+00  4.000000e+00
   endloop
 endfacet
 facet normal  7.909112e-01  6.119310e-01  0.000000e+00
   outer loop
     vertex  1.892653e+01  6.349783e+00  4.000000e+00
     vertex  1.888204e+01  6.407288e+00  0.000000e+00
     vertex  1.888204e+01  6.407288e+00  4.000000e+00
   endloop
 endfacet
 facet normal  7.909112e-01  6.119310e-01  0.000000e+00
   outer loop
     vertex  1.892653e+01  6.349783e+00  4.000000e+00
     vertex  1.892653e+01  6.349783e+00  0.000000e+00
     vertex  1.888204e+01  6.407288e+00  0.000000e+00
   endloop
 endfacet
 facet normal  7.738257e-01  6.333986e-01  0.000000e+00
   outer loop
     vertex  1.892653e+01  6.349783e+00  4.000000e+00
     vertex  1.897258e+01  6.293520e+00  0.000000e+00
     vertex  1.892653e+01  6.349783e+00  0.000000e+00
   endloop
 endfacet
 facet normal  7.738257e-01  6.333986e-01  0.000000e+00
   outer loop
     vertex  1.897258e+01  6.293520e+00  4.000000e+00
     vertex  1.897258e+01  6.293520e+00  0.000000e+00
     vertex  1.892653e+01  6.349783e+00  4.000000e+00
   endloop
 endfacet
 facet normal  7.561578e-01  6.543893e-01  0.000000e+00
   outer loop
     vertex  1.902016e+01  6.238542e+00  4.000000e+00
     vertex  1.897258e+01  6.293520e+00  0.000000e+00
     vertex  1.897258e+01  6.293520e+00  4.000000e+00
   endloop
 endfacet
 facet normal  7.561578e-01  6.543893e-01  0.000000e+00
   outer loop
     vertex  1.902016e+01  6.238542e+00  4.000000e+00
     vertex  1.902016e+01  6.238542e+00  0.000000e+00
     vertex  1.897258e+01  6.293520e+00  0.000000e+00
   endloop
 endfacet
 facet normal  7.379206e-01  6.748875e-01  0.000000e+00
   outer loop
     vertex  1.906923e+01  6.184890e+00  4.000000e+00
     vertex  1.902016e+01  6.238542e+00  0.000000e+00
     vertex  1.902016e+01  6.238542e+00  4.000000e+00
   endloop
 endfacet
 facet normal  7.379206e-01  6.748875e-01  0.000000e+00
   outer loop
     vertex  1.906923e+01  6.184890e+00  4.000000e+00
     vertex  1.906923e+01  6.184890e+00  0.000000e+00
     vertex  1.902016e+01  6.238542e+00  0.000000e+00
   endloop
 endfacet
 facet normal  7.191280e-01  6.948776e-01  0.000000e+00
   outer loop
     vertex  1.911975e+01  6.132605e+00  4.000000e+00
     vertex  1.906923e+01  6.184890e+00  0.000000e+00
     vertex  1.906923e+01  6.184890e+00  4.000000e+00
   endloop
 endfacet
 facet normal  7.191280e-01  6.948776e-01  0.000000e+00
   outer loop
     vertex  1.911975e+01  6.132605e+00  4.000000e+00
     vertex  1.911975e+01  6.132605e+00  0.000000e+00
     vertex  1.906923e+01  6.184890e+00  0.000000e+00
   endloop
 endfacet
 facet normal  6.997940e-01  7.143447e-01  0.000000e+00
   outer loop
     vertex  1.917169e+01  6.081725e+00  4.000000e+00
     vertex  1.911975e+01  6.132605e+00  0.000000e+00
     vertex  1.911975e+01  6.132605e+00  4.000000e+00
   endloop
 endfacet
 facet normal  6.997940e-01  7.143447e-01  0.000000e+00
   outer loop
     vertex  1.917169e+01  6.081725e+00  4.000000e+00
     vertex  1.917169e+01  6.081725e+00  0.000000e+00
     vertex  1.911975e+01  6.132605e+00  0.000000e+00
   endloop
 endfacet
 facet normal  6.799333e-01  7.332740e-01  0.000000e+00
   outer loop
     vertex  1.922500e+01  6.032289e+00  4.000000e+00
     vertex  1.917169e+01  6.081725e+00  0.000000e+00
     vertex  1.917169e+01  6.081725e+00  4.000000e+00
   endloop
 endfacet
 facet normal  6.799333e-01  7.332740e-01  0.000000e+00
   outer loop
     vertex  1.922500e+01  6.032289e+00  4.000000e+00
     vertex  1.922500e+01  6.032289e+00  0.000000e+00
     vertex  1.917169e+01  6.081725e+00  0.000000e+00
   endloop
 endfacet
 facet normal  6.595607e-01  7.516513e-01  0.000000e+00
   outer loop
     vertex  1.922500e+01  6.032289e+00  4.000000e+00
     vertex  1.927965e+01  5.984334e+00  0.000000e+00
     vertex  1.922500e+01  6.032289e+00  0.000000e+00
   endloop
 endfacet
 facet normal  6.595607e-01  7.516513e-01  0.000000e+00
   outer loop
     vertex  1.927965e+01  5.984334e+00  4.000000e+00
     vertex  1.927965e+01  5.984334e+00  0.000000e+00
     vertex  1.922500e+01  6.032289e+00  4.000000e+00
   endloop
 endfacet
 facet normal  6.386916e-01  7.694628e-01  0.000000e+00
   outer loop
     vertex  1.933560e+01  5.937897e+00  4.000000e+00
     vertex  1.927965e+01  5.984334e+00  0.000000e+00
     vertex  1.927965e+01  5.984334e+00  4.000000e+00
   endloop
 endfacet
 facet normal  6.386916e-01  7.694628e-01  0.000000e+00
   outer loop
     vertex  1.933560e+01  5.937897e+00  4.000000e+00
     vertex  1.933560e+01  5.937897e+00  0.000000e+00
     vertex  1.927965e+01  5.984334e+00  0.000000e+00
   endloop
 endfacet
 facet normal  6.173417e-01  7.866951e-01  0.000000e+00
   outer loop
     vertex  1.939280e+01  5.893012e+00  4.000000e+00
     vertex  1.933560e+01  5.937897e+00  0.000000e+00
     vertex  1.933560e+01  5.937897e+00  4.000000e+00
   endloop
 endfacet
 facet normal  6.173417e-01  7.866951e-01  0.000000e+00
   outer loop
     vertex  1.939280e+01  5.893012e+00  4.000000e+00
     vertex  1.939280e+01  5.893012e+00  0.000000e+00
     vertex  1.933560e+01  5.937897e+00  0.000000e+00
   endloop
 endfacet
 facet normal  5.955271e-01  8.033352e-01  0.000000e+00
   outer loop
     vertex  1.945121e+01  5.849713e+00  4.000000e+00
     vertex  1.939280e+01  5.893012e+00  0.000000e+00
     vertex  1.939280e+01  5.893012e+00  4.000000e+00
   endloop
 endfacet
 facet normal  5.955271e-01  8.033352e-01  0.000000e+00
   outer loop
     vertex  1.945121e+01  5.849713e+00  4.000000e+00
     vertex  1.945121e+01  5.849713e+00  0.000000e+00
     vertex  1.939280e+01  5.893012e+00  0.000000e+00
   endloop
 endfacet
 facet normal  5.732642e-01  8.193706e-01  0.000000e+00
   outer loop
     vertex  1.951078e+01  5.808032e+00  4.000000e+00
     vertex  1.945121e+01  5.849713e+00  0.000000e+00
     vertex  1.945121e+01  5.849713e+00  4.000000e+00
   endloop
 endfacet
 facet normal  5.732642e-01  8.193706e-01  0.000000e+00
   outer loop
     vertex  1.951078e+01  5.808032e+00  4.000000e+00
     vertex  1.951078e+01  5.808032e+00  0.000000e+00
     vertex  1.945121e+01  5.849713e+00  0.000000e+00
   endloop
 endfacet
 facet normal  5.505698e-01  8.347891e-01  0.000000e+00
   outer loop
     vertex  1.957147e+01  5.768002e+00  4.000000e+00
     vertex  1.951078e+01  5.808032e+00  0.000000e+00
     vertex  1.951078e+01  5.808032e+00  4.000000e+00
   endloop
 endfacet
 facet normal  5.505698e-01  8.347891e-01  0.000000e+00
   outer loop
     vertex  1.957147e+01  5.768002e+00  4.000000e+00
     vertex  1.957147e+01  5.768002e+00  0.000000e+00
     vertex  1.951078e+01  5.808032e+00  0.000000e+00
   endloop
 endfacet
 facet normal  5.274609e-01  8.495793e-01  0.000000e+00
   outer loop
     vertex  1.957147e+01  5.768002e+00  4.000000e+00
     vertex  1.963325e+01  5.729652e+00  0.000000e+00
     vertex  1.957147e+01  5.768002e+00  0.000000e+00
   endloop
 endfacet
 facet normal  5.274609e-01  8.495793e-01  0.000000e+00
   outer loop
     vertex  1.963325e+01  5.729652e+00  4.000000e+00
     vertex  1.963325e+01  5.729652e+00  0.000000e+00
     vertex  1.957147e+01  5.768002e+00  4.000000e+00
   endloop
 endfacet
 facet normal  5.039550e-01  8.637299e-01  0.000000e+00
   outer loop
     vertex  1.969604e+01  5.693011e+00  4.000000e+00
     vertex  1.963325e+01  5.729652e+00  0.000000e+00
     vertex  1.963325e+01  5.729652e+00  4.000000e+00
   endloop
 endfacet
 facet normal  5.039550e-01  8.637299e-01  0.000000e+00
   outer loop
     vertex  1.969604e+01  5.693011e+00  4.000000e+00
     vertex  1.969604e+01  5.693011e+00  0.000000e+00
     vertex  1.963325e+01  5.729652e+00  0.000000e+00
   endloop
 endfacet
 facet normal  4.800697e-01  8.772303e-01  0.000000e+00
   outer loop
     vertex  1.969604e+01  5.693011e+00  4.000000e+00
     vertex  1.975983e+01  5.658106e+00  0.000000e+00
     vertex  1.969604e+01  5.693011e+00  0.000000e+00
   endloop
 endfacet
 facet normal  4.800697e-01  8.772303e-01  0.000000e+00
   outer loop
     vertex  1.975983e+01  5.658106e+00  4.000000e+00
     vertex  1.975983e+01  5.658106e+00  0.000000e+00
     vertex  1.969604e+01  5.693011e+00  4.000000e+00
   endloop
 endfacet
 facet normal  4.558231e-01  8.900704e-01  0.000000e+00
   outer loop
     vertex  1.982454e+01  5.624965e+00  4.000000e+00
     vertex  1.975983e+01  5.658106e+00  0.000000e+00
     vertex  1.975983e+01  5.658106e+00  4.000000e+00
   endloop
 endfacet
 facet normal  4.558231e-01  8.900704e-01  0.000000e+00
   outer loop
     vertex  1.982454e+01  5.624965e+00  4.000000e+00
     vertex  1.982454e+01  5.624965e+00  0.000000e+00
     vertex  1.975983e+01  5.658106e+00  0.000000e+00
   endloop
 endfacet
 facet normal  4.312333e-01  9.022405e-01  0.000000e+00
   outer loop
     vertex  1.989014e+01  5.593611e+00  4.000000e+00
     vertex  1.982454e+01  5.624965e+00  0.000000e+00
     vertex  1.982454e+01  5.624965e+00  4.000000e+00
   endloop
 endfacet
 facet normal  4.312333e-01  9.022405e-01  0.000000e+00
   outer loop
     vertex  1.989014e+01  5.593611e+00  4.000000e+00
     vertex  1.989014e+01  5.593611e+00  0.000000e+00
     vertex  1.982454e+01  5.624965e+00  0.000000e+00
   endloop
 endfacet
 facet normal  4.063188e-01  9.137314e-01  0.000000e+00
   outer loop
     vertex  1.989014e+01  5.593611e+00  4.000000e+00
     vertex  1.995657e+01  5.564069e+00  0.000000e+00
     vertex  1.989014e+01  5.593611e+00  0.000000e+00
   endloop
 endfacet
 facet normal  4.063188e-01  9.137314e-01  0.000000e+00
   outer loop
     vertex  1.995657e+01  5.564069e+00  4.000000e+00
     vertex  1.995657e+01  5.564069e+00  0.000000e+00
     vertex  1.989014e+01  5.593611e+00  4.000000e+00
   endloop
 endfacet
 facet normal  3.810986e-01  9.245344e-01  0.000000e+00
   outer loop
     vertex  2.002379e+01  5.536360e+00  4.000000e+00
     vertex  2.002379e+01  5.536360e+00  0.000000e+00
     vertex  1.995657e+01  5.564069e+00  0.000000e+00
   endloop
 endfacet
 facet normal  3.810986e-01  9.245344e-01  0.000000e+00
   outer loop
     vertex  2.002379e+01  5.536360e+00  4.000000e+00
     vertex  1.995657e+01  5.564069e+00  0.000000e+00
     vertex  1.995657e+01  5.564069e+00  4.000000e+00
   endloop
 endfacet
 facet normal  3.555914e-01  9.346415e-01  0.000000e+00
   outer loop
     vertex  2.009175e+01  5.510506e+00  4.000000e+00
     vertex  2.009175e+01  5.510506e+00  0.000000e+00
     vertex  2.002379e+01  5.536360e+00  0.000000e+00
   endloop
 endfacet
 facet normal  3.555914e-01  9.346415e-01  0.000000e+00
   outer loop
     vertex  2.009175e+01  5.510506e+00  4.000000e+00
     vertex  2.002379e+01  5.536360e+00  0.000000e+00
     vertex  2.002379e+01  5.536360e+00  4.000000e+00
   endloop
 endfacet
 facet normal  3.298166e-01  9.440450e-01  0.000000e+00
   outer loop
     vertex  2.016039e+01  5.486526e+00  4.000000e+00
     vertex  2.016039e+01  5.486526e+00  0.000000e+00
     vertex  2.009175e+01  5.510506e+00  0.000000e+00
   endloop
 endfacet
 facet normal  3.298166e-01  9.440450e-01  0.000000e+00
   outer loop
     vertex  2.016039e+01  5.486526e+00  4.000000e+00
     vertex  2.009175e+01  5.510506e+00  0.000000e+00
     vertex  2.009175e+01  5.510506e+00  4.000000e+00
   endloop
 endfacet
 facet normal  3.037934e-01  9.527379e-01  0.000000e+00
   outer loop
     vertex  2.022966e+01  5.464438e+00  4.000000e+00
     vertex  2.022966e+01  5.464438e+00  0.000000e+00
     vertex  2.016039e+01  5.486526e+00  0.000000e+00
   endloop
 endfacet
 facet normal  2.775416e-01  9.607136e-01  0.000000e+00
   outer loop
     vertex  2.022966e+01  5.464438e+00  4.000000e+00
     vertex  2.029951e+01  5.444259e+00  0.000000e+00
     vertex  2.022966e+01  5.464438e+00  0.000000e+00
   endloop
 endfacet
 facet normal  3.037934e-01  9.527379e-01  0.000000e+00
   outer loop
     vertex  2.022966e+01  5.464438e+00  4.000000e+00
     vertex  2.016039e+01  5.486526e+00  0.000000e+00
     vertex  2.016039e+01  5.486526e+00  4.000000e+00
   endloop
 endfacet
 facet normal  2.775416e-01  9.607136e-01  0.000000e+00
   outer loop
     vertex  2.029951e+01  5.444259e+00  4.000000e+00
     vertex  2.029951e+01  5.444259e+00  0.000000e+00
     vertex  2.022966e+01  5.464438e+00  4.000000e+00
   endloop
 endfacet
 facet normal  2.510809e-01  9.679661e-01  0.000000e+00
   outer loop
     vertex  2.036989e+01  5.426004e+00  4.000000e+00
     vertex  2.029951e+01  5.444259e+00  0.000000e+00
     vertex  2.029951e+01  5.444259e+00  4.000000e+00
   endloop
 endfacet
 facet normal  2.510809e-01  9.679661e-01  0.000000e+00
   outer loop
     vertex  2.036989e+01  5.426004e+00  4.000000e+00
     vertex  2.036989e+01  5.426004e+00  0.000000e+00
     vertex  2.029951e+01  5.444259e+00  0.000000e+00
   endloop
 endfacet
 facet normal  2.244312e-01  9.744899e-01  0.000000e+00
   outer loop
     vertex  2.036989e+01  5.426004e+00  4.000000e+00
     vertex  2.044074e+01  5.409686e+00  0.000000e+00
     vertex  2.036989e+01  5.426004e+00  0.000000e+00
   endloop
 endfacet
 facet normal  2.244312e-01  9.744899e-01  0.000000e+00
   outer loop
     vertex  2.044074e+01  5.409686e+00  4.000000e+00
     vertex  2.044074e+01  5.409686e+00  0.000000e+00
     vertex  2.036989e+01  5.426004e+00  4.000000e+00
   endloop
 endfacet
 facet normal  1.976125e-01  9.802802e-01  0.000000e+00
   outer loop
     vertex  2.051201e+01  5.395318e+00  4.000000e+00
     vertex  2.044074e+01  5.409686e+00  0.000000e+00
     vertex  2.044074e+01  5.409686e+00  4.000000e+00
   endloop
 endfacet
 facet normal  1.976125e-01  9.802802e-01  0.000000e+00
   outer loop
     vertex  2.051201e+01  5.395318e+00  4.000000e+00
     vertex  2.051201e+01  5.395318e+00  0.000000e+00
     vertex  2.044074e+01  5.409686e+00  0.000000e+00
   endloop
 endfacet
 facet normal  1.706451e-01  9.853326e-01  0.000000e+00
   outer loop
     vertex  2.051201e+01  5.395318e+00  4.000000e+00
     vertex  2.058365e+01  5.382911e+00  0.000000e+00
     vertex  2.051201e+01  5.395318e+00  0.000000e+00
   endloop
 endfacet
 facet normal  1.706451e-01  9.853326e-01  0.000000e+00
   outer loop
     vertex  2.058365e+01  5.382911e+00  4.000000e+00
     vertex  2.058365e+01  5.382911e+00  0.000000e+00
     vertex  2.051201e+01  5.395318e+00  4.000000e+00
   endloop
 endfacet
 facet normal  1.435492e-01  9.896432e-01  0.000000e+00
   outer loop
     vertex  2.065561e+01  5.372474e+00  4.000000e+00
     vertex  2.058365e+01  5.382911e+00  0.000000e+00
     vertex  2.058365e+01  5.382911e+00  4.000000e+00
   endloop
 endfacet
 facet normal  1.435492e-01  9.896432e-01  0.000000e+00
   outer loop
     vertex  2.065561e+01  5.372474e+00  4.000000e+00
     vertex  2.065561e+01  5.372474e+00  0.000000e+00
     vertex  2.058365e+01  5.382911e+00  0.000000e+00
   endloop
 endfacet
 facet normal  1.163452e-01  9.932088e-01  0.000000e+00
   outer loop
     vertex  2.072782e+01  5.364015e+00  4.000000e+00
     vertex  2.065561e+01  5.372474e+00  0.000000e+00
     vertex  2.065561e+01  5.372474e+00  4.000000e+00
   endloop
 endfacet
 facet normal  1.163452e-01  9.932088e-01  0.000000e+00
   outer loop
     vertex  2.072782e+01  5.364015e+00  4.000000e+00
     vertex  2.072782e+01  5.364015e+00  0.000000e+00
     vertex  2.065561e+01  5.372474e+00  0.000000e+00
   endloop
 endfacet
 facet normal  8.905371e-02  9.960268e-01  0.000000e+00
   outer loop
     vertex  2.080024e+01  5.357540e+00  4.000000e+00
     vertex  2.072782e+01  5.364015e+00  0.000000e+00
     vertex  2.072782e+01  5.364015e+00  4.000000e+00
   endloop
 endfacet
 facet normal  8.905371e-02  9.960268e-01  0.000000e+00
   outer loop
     vertex  2.080024e+01  5.357540e+00  4.000000e+00
     vertex  2.080024e+01  5.357540e+00  0.000000e+00
     vertex  2.072782e+01  5.364015e+00  0.000000e+00
   endloop
 endfacet
 facet normal  6.169515e-02  9.980950e-01  0.000000e+00
   outer loop
     vertex  2.087281e+01  5.353054e+00  4.000000e+00
     vertex  2.080024e+01  5.357540e+00  0.000000e+00
     vertex  2.080024e+01  5.357540e+00  4.000000e+00
   endloop
 endfacet
 facet normal  6.169515e-02  9.980950e-01  0.000000e+00
   outer loop
     vertex  2.087281e+01  5.353054e+00  4.000000e+00
     vertex  2.087281e+01  5.353054e+00  0.000000e+00
     vertex  2.080024e+01  5.357540e+00  0.000000e+00
   endloop
 endfacet
 facet normal  3.429014e-02  9.994119e-01  0.000000e+00
   outer loop
     vertex  2.094547e+01  5.350561e+00  4.000000e+00
     vertex  2.087281e+01  5.353054e+00  0.000000e+00
     vertex  2.087281e+01  5.353054e+00  4.000000e+00
   endloop
 endfacet
 facet normal  3.429014e-02  9.994119e-01  0.000000e+00
   outer loop
     vertex  2.094547e+01  5.350561e+00  4.000000e+00
     vertex  2.094547e+01  5.350561e+00  0.000000e+00
     vertex  2.087281e+01  5.353054e+00  0.000000e+00
   endloop
 endfacet
 facet normal  6.859319e-03  9.999765e-01  0.000000e+00
   outer loop
     vertex  2.094547e+01  5.350561e+00  4.000000e+00
     vertex  2.101818e+01  5.350062e+00  0.000000e+00
     vertex  2.094547e+01  5.350561e+00  0.000000e+00
   endloop
 endfacet
 facet normal  6.859319e-03  9.999765e-01  0.000000e+00
   outer loop
     vertex  2.101818e+01  5.350062e+00  4.000000e+00
     vertex  2.101818e+01  5.350062e+00  0.000000e+00
     vertex  2.094547e+01  5.350561e+00  4.000000e+00
   endloop
 endfacet
 facet normal -2.057667e-02  9.997883e-01  0.000000e+00
   outer loop
     vertex  2.109087e+01  5.351558e+00  4.000000e+00
     vertex  2.101818e+01  5.350062e+00  0.000000e+00
     vertex  2.101818e+01  5.350062e+00  4.000000e+00
   endloop
 endfacet
 facet normal -2.057667e-02  9.997883e-01  0.000000e+00
   outer loop
     vertex  2.109087e+01  5.351558e+00  4.000000e+00
     vertex  2.109087e+01  5.351558e+00  0.000000e+00
     vertex  2.101818e+01  5.350062e+00  0.000000e+00
   endloop
 endfacet
 facet normal -4.799716e-02  9.988475e-01  0.000000e+00
   outer loop
     vertex  2.116349e+01  5.355048e+00  4.000000e+00
     vertex  2.116349e+01  5.355048e+00  0.000000e+00
     vertex  2.109087e+01  5.351558e+00  0.000000e+00
   endloop
 endfacet
 facet normal -7.538152e-02  9.971548e-01  0.000000e+00
   outer loop
     vertex  2.116349e+01  5.355048e+00  4.000000e+00
     vertex  2.123599e+01  5.360529e+00  0.000000e+00
     vertex  2.116349e+01  5.355048e+00  0.000000e+00
   endloop
 endfacet
 facet normal -4.799716e-02  9.988475e-01  0.000000e+00
   outer loop
     vertex  2.116349e+01  5.355048e+00  4.000000e+00
     vertex  2.109087e+01  5.351558e+00  0.000000e+00
     vertex  2.109087e+01  5.351558e+00  4.000000e+00
   endloop
 endfacet
 facet normal -7.538152e-02  9.971548e-01  0.000000e+00
   outer loop
     vertex  2.123599e+01  5.360529e+00  4.000000e+00
     vertex  2.123599e+01  5.360529e+00  0.000000e+00
     vertex  2.116349e+01  5.355048e+00  4.000000e+00
   endloop
 endfacet
 facet normal -1.027091e-01  9.947114e-01  0.000000e+00
   outer loop
     vertex  2.130831e+01  5.367997e+00  4.000000e+00
     vertex  2.130831e+01  5.367997e+00  0.000000e+00
     vertex  2.123599e+01  5.360529e+00  0.000000e+00
   endloop
 endfacet
 facet normal -1.027091e-01  9.947114e-01  0.000000e+00
   outer loop
     vertex  2.130831e+01  5.367997e+00  4.000000e+00
     vertex  2.123599e+01  5.360529e+00  0.000000e+00
     vertex  2.123599e+01  5.360529e+00  4.000000e+00
   endloop
 endfacet
 facet normal -1.299594e-01  9.915193e-01  0.000000e+00
   outer loop
     vertex  2.138041e+01  5.377446e+00  4.000000e+00
     vertex  2.138041e+01  5.377446e+00  0.000000e+00
     vertex  2.130831e+01  5.367997e+00  0.000000e+00
   endloop
 endfacet
 facet normal -1.299594e-01  9.915193e-01  0.000000e+00
   outer loop
     vertex  2.138041e+01  5.377446e+00  4.000000e+00
     vertex  2.130831e+01  5.367997e+00  0.000000e+00
     vertex  2.130831e+01  5.367997e+00  4.000000e+00
   endloop
 endfacet
 facet normal -1.571119e-01  9.875808e-01  0.000000e+00
   outer loop
     vertex  2.145221e+01  5.388869e+00  4.000000e+00
     vertex  2.145221e+01  5.388869e+00  0.000000e+00
     vertex  2.138041e+01  5.377446e+00  0.000000e+00
   endloop
 endfacet
 facet normal -1.841461e-01  9.828989e-01  0.000000e+00
   outer loop
     vertex  2.145221e+01  5.388869e+00  4.000000e+00
     vertex  2.152367e+01  5.402257e+00  0.000000e+00
     vertex  2.145221e+01  5.388869e+00  0.000000e+00
   endloop
 endfacet
 facet normal -1.571119e-01  9.875808e-01  0.000000e+00
   outer loop
     vertex  2.145221e+01  5.388869e+00  4.000000e+00
     vertex  2.138041e+01  5.377446e+00  0.000000e+00
     vertex  2.138041e+01  5.377446e+00  4.000000e+00
   endloop
 endfacet
 facet normal -1.841461e-01  9.828989e-01  0.000000e+00
   outer loop
     vertex  2.152367e+01  5.402257e+00  4.000000e+00
     vertex  2.152367e+01  5.402257e+00  0.000000e+00
     vertex  2.145221e+01  5.388869e+00  4.000000e+00
   endloop
 endfacet
 facet normal -2.110417e-01  9.774771e-01  0.000000e+00
   outer loop
     vertex  2.159474e+01  5.417602e+00  4.000000e+00
     vertex  2.159474e+01  5.417602e+00  0.000000e+00
     vertex  2.152367e+01  5.402257e+00  0.000000e+00
   endloop
 endfacet
 facet normal -2.110417e-01  9.774771e-01  0.000000e+00
   outer loop
     vertex  2.159474e+01  5.417602e+00  4.000000e+00
     vertex  2.152367e+01  5.402257e+00  0.000000e+00
     vertex  2.152367e+01  5.402257e+00  4.000000e+00
   endloop
 endfacet
 facet normal -2.377784e-01  9.713194e-01  0.000000e+00
   outer loop
     vertex  2.166536e+01  5.434890e+00  4.000000e+00
     vertex  2.166536e+01  5.434890e+00  0.000000e+00
     vertex  2.159474e+01  5.417602e+00  0.000000e+00
   endloop
 endfacet
 facet normal -2.377784e-01  9.713194e-01  0.000000e+00
   outer loop
     vertex  2.166536e+01  5.434890e+00  4.000000e+00
     vertex  2.159474e+01  5.417602e+00  0.000000e+00
     vertex  2.159474e+01  5.417602e+00  4.000000e+00
   endloop
 endfacet
 facet normal -2.643362e-01  9.644306e-01  0.000000e+00
   outer loop
     vertex  2.173549e+01  5.454109e+00  4.000000e+00
     vertex  2.173549e+01  5.454109e+00  0.000000e+00
     vertex  2.166536e+01  5.434890e+00  0.000000e+00
   endloop
 endfacet
 facet normal -2.643362e-01  9.644306e-01  0.000000e+00
   outer loop
     vertex  2.173549e+01  5.454109e+00  4.000000e+00
     vertex  2.166536e+01  5.434890e+00  0.000000e+00
     vertex  2.166536e+01  5.434890e+00  4.000000e+00
   endloop
 endfacet
 facet normal -2.906949e-01  9.568158e-01  0.000000e+00
   outer loop
     vertex  2.180505e+01  5.475245e+00  4.000000e+00
     vertex  2.180505e+01  5.475245e+00  0.000000e+00
     vertex  2.173549e+01  5.454109e+00  0.000000e+00
   endloop
 endfacet
 facet normal -2.906949e-01  9.568158e-01  0.000000e+00
   outer loop
     vertex  2.180505e+01  5.475245e+00  4.000000e+00
     vertex  2.173549e+01  5.454109e+00  0.000000e+00
     vertex  2.173549e+01  5.454109e+00  4.000000e+00
   endloop
 endfacet
 facet normal -3.168348e-01  9.484807e-01  0.000000e+00
   outer loop
     vertex  2.187401e+01  5.498281e+00  4.000000e+00
     vertex  2.187401e+01  5.498281e+00  0.000000e+00
     vertex  2.180505e+01  5.475245e+00  0.000000e+00
   endloop
 endfacet
 facet normal -3.168348e-01  9.484807e-01  0.000000e+00
   outer loop
     vertex  2.187401e+01  5.498281e+00  4.000000e+00
     vertex  2.180505e+01  5.475245e+00  0.000000e+00
     vertex  2.180505e+01  5.475245e+00  4.000000e+00
   endloop
 endfacet
 facet normal -3.427362e-01  9.394317e-01  0.000000e+00
   outer loop
     vertex  2.194232e+01  5.523200e+00  4.000000e+00
     vertex  2.194232e+01  5.523200e+00  0.000000e+00
     vertex  2.187401e+01  5.498281e+00  0.000000e+00
   endloop
 endfacet
 facet normal -3.427362e-01  9.394317e-01  0.000000e+00
   outer loop
     vertex  2.194232e+01  5.523200e+00  4.000000e+00
     vertex  2.187401e+01  5.498281e+00  0.000000e+00
     vertex  2.187401e+01  5.498281e+00  4.000000e+00
   endloop
 endfacet
 facet normal -3.683796e-01  9.296754e-01  0.000000e+00
   outer loop
     vertex  2.200991e+01  5.549984e+00  4.000000e+00
     vertex  2.200991e+01  5.549984e+00  0.000000e+00
     vertex  2.194232e+01  5.523200e+00  0.000000e+00
   endloop
 endfacet
 facet normal -3.937458e-01  9.192194e-01  0.000000e+00
   outer loop
     vertex  2.200991e+01  5.549984e+00  4.000000e+00
     vertex  2.207674e+01  5.578612e+00  0.000000e+00
     vertex  2.200991e+01  5.549984e+00  0.000000e+00
   endloop
 endfacet
 facet normal -3.683796e-01  9.296754e-01  0.000000e+00
   outer loop
     vertex  2.200991e+01  5.549984e+00  4.000000e+00
     vertex  2.194232e+01  5.523200e+00  0.000000e+00
     vertex  2.194232e+01  5.523200e+00  4.000000e+00
   endloop
 endfacet
 facet normal -3.937458e-01  9.192194e-01  0.000000e+00
   outer loop
     vertex  2.207674e+01  5.578612e+00  4.000000e+00
     vertex  2.207674e+01  5.578612e+00  0.000000e+00
     vertex  2.200991e+01  5.549984e+00  4.000000e+00
   endloop
 endfacet
 facet normal -4.188155e-01  9.080714e-01  0.000000e+00
   outer loop
     vertex  2.214277e+01  5.609063e+00  4.000000e+00
     vertex  2.207674e+01  5.578612e+00  0.000000e+00
     vertex  2.207674e+01  5.578612e+00  4.000000e+00
   endloop
 endfacet
 facet normal -4.188155e-01  9.080714e-01  0.000000e+00
   outer loop
     vertex  2.214277e+01  5.609063e+00  4.000000e+00
     vertex  2.214277e+01  5.609063e+00  0.000000e+00
     vertex  2.207674e+01  5.578612e+00  0.000000e+00
   endloop
 endfacet
 facet normal -4.435699e-01  8.962398e-01  0.000000e+00
   outer loop
     vertex  2.220793e+01  5.641313e+00  4.000000e+00
     vertex  2.214277e+01  5.609063e+00  0.000000e+00
     vertex  2.214277e+01  5.609063e+00  4.000000e+00
   endloop
 endfacet
 facet normal -4.435699e-01  8.962398e-01  0.000000e+00
   outer loop
     vertex  2.220793e+01  5.641313e+00  4.000000e+00
     vertex  2.220793e+01  5.641313e+00  0.000000e+00
     vertex  2.214277e+01  5.609063e+00  0.000000e+00
   endloop
 endfacet
 facet normal -4.679904e-01  8.837335e-01  0.000000e+00
   outer loop
     vertex  2.227218e+01  5.675340e+00  4.000000e+00
     vertex  2.220793e+01  5.641313e+00  0.000000e+00
     vertex  2.220793e+01  5.641313e+00  4.000000e+00
   endloop
 endfacet
 facet normal -4.679904e-01  8.837335e-01  0.000000e+00
   outer loop
     vertex  2.227218e+01  5.675340e+00  4.000000e+00
     vertex  2.227218e+01  5.675340e+00  0.000000e+00
     vertex  2.220793e+01  5.641313e+00  0.000000e+00
   endloop
 endfacet
 facet normal -4.920587e-01  8.705620e-01  0.000000e+00
   outer loop
     vertex  2.233548e+01  5.711116e+00  4.000000e+00
     vertex  2.233548e+01  5.711116e+00  0.000000e+00
     vertex  2.227218e+01  5.675340e+00  0.000000e+00
   endloop
 endfacet
 facet normal -4.920587e-01  8.705620e-01  0.000000e+00
   outer loop
     vertex  2.233548e+01  5.711116e+00  4.000000e+00
     vertex  2.227218e+01  5.675340e+00  0.000000e+00
     vertex  2.227218e+01  5.675340e+00  4.000000e+00
   endloop
 endfacet
 facet normal -5.157565e-01  8.567352e-01  0.000000e+00
   outer loop
     vertex  2.239777e+01  5.748615e+00  4.000000e+00
     vertex  2.233548e+01  5.711116e+00  0.000000e+00
     vertex  2.233548e+01  5.711116e+00  4.000000e+00
   endloop
 endfacet
 facet normal -5.157565e-01  8.567352e-01  0.000000e+00
   outer loop
     vertex  2.239777e+01  5.748615e+00  4.000000e+00
     vertex  2.239777e+01  5.748615e+00  0.000000e+00
     vertex  2.233548e+01  5.711116e+00  0.000000e+00
   endloop
 endfacet
 facet normal -5.390661e-01  8.422635e-01  0.000000e+00
   outer loop
     vertex  2.245901e+01  5.787809e+00  4.000000e+00
     vertex  2.245901e+01  5.787809e+00  0.000000e+00
     vertex  2.239777e+01  5.748615e+00  0.000000e+00
   endloop
 endfacet
 facet normal -5.390661e-01  8.422635e-01  0.000000e+00
   outer loop
     vertex  2.245901e+01  5.787809e+00  4.000000e+00
     vertex  2.239777e+01  5.748615e+00  0.000000e+00
     vertex  2.239777e+01  5.748615e+00  4.000000e+00
   endloop
 endfacet
 facet normal -5.619699e-01  8.271577e-01  0.000000e+00
   outer loop
     vertex  2.251915e+01  5.828668e+00  4.000000e+00
     vertex  2.251915e+01  5.828668e+00  0.000000e+00
     vertex  2.245901e+01  5.787809e+00  0.000000e+00
   endloop
 endfacet
 facet normal -5.619699e-01  8.271577e-01  0.000000e+00
   outer loop
     vertex  2.251915e+01  5.828668e+00  4.000000e+00
     vertex  2.245901e+01  5.787809e+00  0.000000e+00
     vertex  2.245901e+01  5.787809e+00  4.000000e+00
   endloop
 endfacet
 facet normal -5.844507e-01  8.114292e-01  0.000000e+00
   outer loop
     vertex  2.257815e+01  5.871162e+00  4.000000e+00
     vertex  2.257815e+01  5.871162e+00  0.000000e+00
     vertex  2.251915e+01  5.828668e+00  0.000000e+00
   endloop
 endfacet
 facet normal -5.844507e-01  8.114292e-01  0.000000e+00
   outer loop
     vertex  2.257815e+01  5.871162e+00  4.000000e+00
     vertex  2.251915e+01  5.828668e+00  0.000000e+00
     vertex  2.251915e+01  5.828668e+00  4.000000e+00
   endloop
 endfacet
 facet normal -6.064915e-01  7.950900e-01  0.000000e+00
   outer loop
     vertex  2.263596e+01  5.915258e+00  4.000000e+00
     vertex  2.263596e+01  5.915258e+00  0.000000e+00
     vertex  2.257815e+01  5.871162e+00  0.000000e+00
   endloop
 endfacet
 facet normal -6.064915e-01  7.950900e-01  0.000000e+00
   outer loop
     vertex  2.263596e+01  5.915258e+00  4.000000e+00
     vertex  2.257815e+01  5.871162e+00  0.000000e+00
     vertex  2.257815e+01  5.871162e+00  4.000000e+00
   endloop
 endfacet
 facet normal -6.280757e-01  7.781522e-01  0.000000e+00
   outer loop
     vertex  2.269253e+01  5.960923e+00  4.000000e+00
     vertex  2.269253e+01  5.960923e+00  0.000000e+00
     vertex  2.263596e+01  5.915258e+00  0.000000e+00
   endloop
 endfacet
 facet normal -6.280757e-01  7.781522e-01  0.000000e+00
   outer loop
     vertex  2.269253e+01  5.960923e+00  4.000000e+00
     vertex  2.263596e+01  5.915258e+00  0.000000e+00
     vertex  2.263596e+01  5.915258e+00  4.000000e+00
   endloop
 endfacet
 facet normal -6.491872e-01  7.606287e-01  0.000000e+00
   outer loop
     vertex  2.274784e+01  6.008124e+00  4.000000e+00
     vertex  2.274784e+01  6.008124e+00  0.000000e+00
     vertex  2.269253e+01  5.960923e+00  0.000000e+00
   endloop
 endfacet
 facet normal -6.491872e-01  7.606287e-01  0.000000e+00
   outer loop
     vertex  2.274784e+01  6.008124e+00  4.000000e+00
     vertex  2.269253e+01  5.960923e+00  0.000000e+00
     vertex  2.269253e+01  5.960923e+00  4.000000e+00
   endloop
 endfacet
 facet normal -6.698100e-01  7.425325e-01  0.000000e+00
   outer loop
     vertex  2.280182e+01  6.056824e+00  4.000000e+00
     vertex  2.280182e+01  6.056824e+00  0.000000e+00
     vertex  2.274784e+01  6.008124e+00  0.000000e+00
   endloop
 endfacet
 facet normal -6.899286e-01  7.238775e-01  0.000000e+00
   outer loop
     vertex  2.280182e+01  6.056824e+00  4.000000e+00
     vertex  2.285445e+01  6.106987e+00  0.000000e+00
     vertex  2.280182e+01  6.056824e+00  0.000000e+00
   endloop
 endfacet
 facet normal -6.698100e-01  7.425325e-01  0.000000e+00
   outer loop
     vertex  2.280182e+01  6.056824e+00  4.000000e+00
     vertex  2.274784e+01  6.008124e+00  0.000000e+00
     vertex  2.274784e+01  6.008124e+00  4.000000e+00
   endloop
 endfacet
 facet normal -6.899286e-01  7.238775e-01  0.000000e+00
   outer loop
     vertex  2.285445e+01  6.106987e+00  4.000000e+00
     vertex  2.285445e+01  6.106987e+00  0.000000e+00
     vertex  2.280182e+01  6.056824e+00  4.000000e+00
   endloop
 endfacet
 facet normal -7.095278e-01  7.046775e-01  0.000000e+00
   outer loop
     vertex  2.290569e+01  6.158574e+00  4.000000e+00
     vertex  2.290569e+01  6.158574e+00  0.000000e+00
     vertex  2.285445e+01  6.106987e+00  0.000000e+00
   endloop
 endfacet
 facet normal -7.095278e-01  7.046775e-01  0.000000e+00
   outer loop
     vertex  2.290569e+01  6.158574e+00  4.000000e+00
     vertex  2.285445e+01  6.106987e+00  0.000000e+00
     vertex  2.285445e+01  6.106987e+00  4.000000e+00
   endloop
 endfacet
 facet normal -7.285929e-01  6.849470e-01  0.000000e+00
   outer loop
     vertex  2.295549e+01  6.211548e+00  4.000000e+00
     vertex  2.295549e+01  6.211548e+00  0.000000e+00
     vertex  2.290569e+01  6.158574e+00  0.000000e+00
   endloop
 endfacet
 facet normal -7.285929e-01  6.849470e-01  0.000000e+00
   outer loop
     vertex  2.295549e+01  6.211548e+00  4.000000e+00
     vertex  2.290569e+01  6.158574e+00  0.000000e+00
     vertex  2.290569e+01  6.158574e+00  4.000000e+00
   endloop
 endfacet
 facet normal -7.471095e-01  6.647010e-01  0.000000e+00
   outer loop
     vertex  2.300382e+01  6.265868e+00  4.000000e+00
     vertex  2.300382e+01  6.265868e+00  0.000000e+00
     vertex  2.295549e+01  6.211548e+00  0.000000e+00
   endloop
 endfacet
 facet normal -7.471095e-01  6.647010e-01  0.000000e+00
   outer loop
     vertex  2.300382e+01  6.265868e+00  4.000000e+00
     vertex  2.295549e+01  6.211548e+00  0.000000e+00
     vertex  2.295549e+01  6.211548e+00  4.000000e+00
   endloop
 endfacet
 facet normal -7.650637e-01  6.439545e-01  0.000000e+00
   outer loop
     vertex  2.305064e+01  6.321494e+00  4.000000e+00
     vertex  2.305064e+01  6.321494e+00  0.000000e+00
     vertex  2.300382e+01  6.265868e+00  0.000000e+00
   endloop
 endfacet
 facet normal -7.650637e-01  6.439545e-01  0.000000e+00
   outer loop
     vertex  2.305064e+01  6.321494e+00  4.000000e+00
     vertex  2.300382e+01  6.265868e+00  0.000000e+00
     vertex  2.300382e+01  6.265868e+00  4.000000e+00
   endloop
 endfacet
 facet normal -7.824421e-01  6.227234e-01  0.000000e+00
   outer loop
     vertex  2.309591e+01  6.378383e+00  4.000000e+00
     vertex  2.309591e+01  6.378383e+00  0.000000e+00
     vertex  2.305064e+01  6.321494e+00  0.000000e+00
   endloop
 endfacet
 facet normal -7.824421e-01  6.227234e-01  0.000000e+00
   outer loop
     vertex  2.309591e+01  6.378383e+00  4.000000e+00
     vertex  2.305064e+01  6.321494e+00  0.000000e+00
     vertex  2.305064e+01  6.321494e+00  4.000000e+00
   endloop
 endfacet
 facet normal -7.992314e-01  6.010234e-01  0.000000e+00
   outer loop
     vertex  2.313961e+01  6.436493e+00  4.000000e+00
     vertex  2.313961e+01  6.436493e+00  0.000000e+00
     vertex  2.309591e+01  6.378383e+00  0.000000e+00
   endloop
 endfacet
 facet normal -7.992314e-01  6.010234e-01  0.000000e+00
   outer loop
     vertex  2.313961e+01  6.436493e+00  4.000000e+00
     vertex  2.309591e+01  6.378383e+00  0.000000e+00
     vertex  2.309591e+01  6.378383e+00  4.000000e+00
   endloop
 endfacet
 facet normal -8.154191e-01  5.788711e-01  0.000000e+00
   outer loop
     vertex  2.318170e+01  6.495779e+00  4.000000e+00
     vertex  2.318170e+01  6.495779e+00  0.000000e+00
     vertex  2.313961e+01  6.436493e+00  0.000000e+00
   endloop
 endfacet
 facet normal -8.154191e-01  5.788711e-01  0.000000e+00
   outer loop
     vertex  2.318170e+01  6.495779e+00  4.000000e+00
     vertex  2.313961e+01  6.436493e+00  0.000000e+00
     vertex  2.313961e+01  6.436493e+00  4.000000e+00
   endloop
 endfacet
 facet normal -8.309929e-01  5.562829e-01  0.000000e+00
   outer loop
     vertex  2.322215e+01  6.556198e+00  4.000000e+00
     vertex  2.322215e+01  6.556198e+00  0.000000e+00
     vertex  2.318170e+01  6.495779e+00  0.000000e+00
   endloop
 endfacet
 facet normal -8.309929e-01  5.562829e-01  0.000000e+00
   outer loop
     vertex  2.322215e+01  6.556198e+00  4.000000e+00
     vertex  2.318170e+01  6.495779e+00  0.000000e+00
     vertex  2.318170e+01  6.495779e+00  4.000000e+00
   endloop
 endfacet
 facet normal -8.459413e-01  5.332761e-01  0.000000e+00
   outer loop
     vertex  2.326092e+01  6.617704e+00  4.000000e+00
     vertex  2.326092e+01  6.617704e+00  0.000000e+00
     vertex  2.322215e+01  6.556198e+00  0.000000e+00
   endloop
 endfacet
 facet normal -8.459413e-01  5.332761e-01  0.000000e+00
   outer loop
     vertex  2.326092e+01  6.617704e+00  4.000000e+00
     vertex  2.322215e+01  6.556198e+00  0.000000e+00
     vertex  2.322215e+01  6.556198e+00  4.000000e+00
   endloop
 endfacet
 facet normal -8.602528e-01  5.098678e-01  0.000000e+00
   outer loop
     vertex  2.329799e+01  6.680251e+00  4.000000e+00
     vertex  2.329799e+01  6.680251e+00  0.000000e+00
     vertex  2.326092e+01  6.617704e+00  0.000000e+00
   endloop
 endfacet
 facet normal -8.602528e-01  5.098678e-01  0.000000e+00
   outer loop
     vertex  2.329799e+01  6.680251e+00  4.000000e+00
     vertex  2.326092e+01  6.617704e+00  0.000000e+00
     vertex  2.326092e+01  6.617704e+00  4.000000e+00
   endloop
 endfacet
 facet normal -8.739167e-01  4.860756e-01  0.000000e+00
   outer loop
     vertex  2.333333e+01  6.743791e+00  4.000000e+00
     vertex  2.333333e+01  6.743791e+00  0.000000e+00
     vertex  2.329799e+01  6.680251e+00  0.000000e+00
   endloop
 endfacet
 facet normal -8.869228e-01  4.619176e-01  0.000000e+00
   outer loop
     vertex  2.333333e+01  6.743791e+00  4.000000e+00
     vertex  2.336692e+01  6.808276e+00  0.000000e+00
     vertex  2.333333e+01  6.743791e+00  0.000000e+00
   endloop
 endfacet
 facet normal -8.739167e-01  4.860756e-01  0.000000e+00
   outer loop
     vertex  2.333333e+01  6.743791e+00  4.000000e+00
     vertex  2.329799e+01  6.680251e+00  0.000000e+00
     vertex  2.329799e+01  6.680251e+00  4.000000e+00
   endloop
 endfacet
 facet normal -8.869228e-01  4.619176e-01  0.000000e+00
   outer loop
     vertex  2.336692e+01  6.808276e+00  4.000000e+00
     vertex  2.336692e+01  6.808276e+00  0.000000e+00
     vertex  2.333333e+01  6.743791e+00  4.000000e+00
   endloop
 endfacet
 facet normal -8.992613e-01  4.374119e-01  0.000000e+00
   outer loop
     vertex  2.336692e+01  6.808276e+00  4.000000e+00
     vertex  2.339872e+01  6.873659e+00  0.000000e+00
     vertex  2.336692e+01  6.808276e+00  0.000000e+00
   endloop
 endfacet
 facet normal -8.992613e-01  4.374119e-01  0.000000e+00
   outer loop
     vertex  2.339872e+01  6.873659e+00  4.000000e+00
     vertex  2.339872e+01  6.873659e+00  0.000000e+00
     vertex  2.336692e+01  6.808276e+00  4.000000e+00
   endloop
 endfacet
 facet normal -9.109228e-01  4.125769e-01  0.000000e+00
   outer loop
     vertex  2.342872e+01  6.939889e+00  4.000000e+00
     vertex  2.339872e+01  6.873659e+00  0.000000e+00
     vertex  2.339872e+01  6.873659e+00  4.000000e+00
   endloop
 endfacet
 facet normal -9.109228e-01  4.125769e-01  0.000000e+00
   outer loop
     vertex  2.342872e+01  6.939889e+00  4.000000e+00
     vertex  2.342872e+01  6.939889e+00  0.000000e+00
     vertex  2.339872e+01  6.873659e+00  0.000000e+00
   endloop
 endfacet
 facet normal -9.218986e-01  3.874313e-01  0.000000e+00
   outer loop
     vertex  2.345689e+01  7.006918e+00  4.000000e+00
     vertex  2.342872e+01  6.939889e+00  0.000000e+00
     vertex  2.342872e+01  6.939889e+00  4.000000e+00
   endloop
 endfacet
 facet normal -9.218986e-01  3.874313e-01  0.000000e+00
   outer loop
     vertex  2.345689e+01  7.006918e+00  4.000000e+00
     vertex  2.345689e+01  7.006918e+00  0.000000e+00
     vertex  2.342872e+01  6.939889e+00  0.000000e+00
   endloop
 endfacet
 facet normal -9.321804e-01  3.619940e-01  0.000000e+00
   outer loop
     vertex  2.348321e+01  7.074694e+00  4.000000e+00
     vertex  2.345689e+01  7.006918e+00  0.000000e+00
     vertex  2.345689e+01  7.006918e+00  4.000000e+00
   endloop
 endfacet
 facet normal -9.321804e-01  3.619940e-01  0.000000e+00
   outer loop
     vertex  2.348321e+01  7.074694e+00  4.000000e+00
     vertex  2.348321e+01  7.074694e+00  0.000000e+00
     vertex  2.345689e+01  7.006918e+00  0.000000e+00
   endloop
 endfacet
 facet normal -9.417605e-01  3.362843e-01  0.000000e+00
   outer loop
     vertex  2.350766e+01  7.143167e+00  4.000000e+00
     vertex  2.348321e+01  7.074694e+00  0.000000e+00
     vertex  2.348321e+01  7.074694e+00  4.000000e+00
   endloop
 endfacet
 facet normal -9.417605e-01  3.362843e-01  0.000000e+00
   outer loop
     vertex  2.350766e+01  7.143167e+00  4.000000e+00
     vertex  2.350766e+01  7.143167e+00  0.000000e+00
     vertex  2.348321e+01  7.074694e+00  0.000000e+00
   endloop
 endfacet
 facet normal -9.506317e-01  3.103214e-01  0.000000e+00
   outer loop
     vertex  2.353022e+01  7.212284e+00  4.000000e+00
     vertex  2.350766e+01  7.143167e+00  0.000000e+00
     vertex  2.350766e+01  7.143167e+00  4.000000e+00
   endloop
 endfacet
 facet normal -9.506317e-01  3.103214e-01  0.000000e+00
   outer loop
     vertex  2.353022e+01  7.212284e+00  4.000000e+00
     vertex  2.353022e+01  7.212284e+00  0.000000e+00
     vertex  2.350766e+01  7.143167e+00  0.000000e+00
   endloop
 endfacet
 facet normal -9.587873e-01  2.841250e-01  0.000000e+00
   outer loop
     vertex  2.355088e+01  7.281995e+00  4.000000e+00
     vertex  2.353022e+01  7.212284e+00  0.000000e+00
     vertex  2.353022e+01  7.212284e+00  4.000000e+00
   endloop
 endfacet
 facet normal -9.587873e-01  2.841250e-01  0.000000e+00
   outer loop
     vertex  2.355088e+01  7.281995e+00  4.000000e+00
     vertex  2.355088e+01  7.281995e+00  0.000000e+00
     vertex  2.353022e+01  7.212284e+00  0.000000e+00
   endloop
 endfacet
 facet normal -9.662211e-01  2.577146e-01  0.000000e+00
   outer loop
     vertex  2.356961e+01  7.352246e+00  4.000000e+00
     vertex  2.355088e+01  7.281995e+00  0.000000e+00
     vertex  2.355088e+01  7.281995e+00  4.000000e+00
   endloop
 endfacet
 facet normal -9.662211e-01  2.577146e-01  0.000000e+00
   outer loop
     vertex  2.356961e+01  7.352246e+00  4.000000e+00
     vertex  2.356961e+01  7.352246e+00  0.000000e+00
     vertex  2.355088e+01  7.281995e+00  0.000000e+00
   endloop
 endfacet
 facet normal -9.729276e-01  2.311102e-01  0.000000e+00
   outer loop
     vertex  2.358642e+01  7.422985e+00  4.000000e+00
     vertex  2.356961e+01  7.352246e+00  0.000000e+00
     vertex  2.356961e+01  7.352246e+00  4.000000e+00
   endloop
 endfacet
 facet normal -9.729276e-01  2.311102e-01  0.000000e+00
   outer loop
     vertex  2.358642e+01  7.422985e+00  4.000000e+00
     vertex  2.358642e+01  7.422985e+00  0.000000e+00
     vertex  2.356961e+01  7.352246e+00  0.000000e+00
   endloop
 endfacet
 facet normal -9.789017e-01  2.043319e-01  0.000000e+00
   outer loop
     vertex  2.360127e+01  7.494158e+00  4.000000e+00
     vertex  2.358642e+01  7.422985e+00  0.000000e+00
     vertex  2.358642e+01  7.422985e+00  4.000000e+00
   endloop
 endfacet
 facet normal -9.789017e-01  2.043319e-01  0.000000e+00
   outer loop
     vertex  2.360127e+01  7.494158e+00  4.000000e+00
     vertex  2.360127e+01  7.494158e+00  0.000000e+00
     vertex  2.358642e+01  7.422985e+00  0.000000e+00
   endloop
 endfacet
 facet normal -9.841389e-01  1.773998e-01  0.000000e+00
   outer loop
     vertex  2.361417e+01  7.565712e+00  4.000000e+00
     vertex  2.360127e+01  7.494158e+00  0.000000e+00
     vertex  2.360127e+01  7.494158e+00  4.000000e+00
   endloop
 endfacet
 facet normal -9.841389e-01  1.773998e-01  0.000000e+00
   outer loop
     vertex  2.361417e+01  7.565712e+00  4.000000e+00
     vertex  2.361417e+01  7.565712e+00  0.000000e+00
     vertex  2.360127e+01  7.494158e+00  0.000000e+00
   endloop
 endfacet
 facet normal -9.886353e-01  1.503341e-01  0.000000e+00
   outer loop
     vertex  2.361417e+01  7.565712e+00  4.000000e+00
     vertex  2.362510e+01  7.637593e+00  0.000000e+00
     vertex  2.361417e+01  7.565712e+00  0.000000e+00
   endloop
 endfacet
 facet normal -9.886353e-01  1.503341e-01  0.000000e+00
   outer loop
     vertex  2.362510e+01  7.637593e+00  4.000000e+00
     vertex  2.362510e+01  7.637593e+00  0.000000e+00
     vertex  2.361417e+01  7.565712e+00  4.000000e+00
   endloop
 endfacet
 facet normal -9.923874e-01  1.231552e-01  0.000000e+00
   outer loop
     vertex  2.363406e+01  7.709746e+00  4.000000e+00
     vertex  2.363406e+01  7.709746e+00  0.000000e+00
     vertex  2.362510e+01  7.637593e+00  0.000000e+00
   endloop
 endfacet
 facet normal -9.923874e-01  1.231552e-01  0.000000e+00
   outer loop
     vertex  2.363406e+01  7.709746e+00  4.000000e+00
     vertex  2.362510e+01  7.637593e+00  0.000000e+00
     vertex  2.362510e+01  7.637593e+00  4.000000e+00
   endloop
 endfacet
 facet normal -9.953925e-01  9.588368e-02  0.000000e+00
   outer loop
     vertex  2.364103e+01  7.782118e+00  4.000000e+00
     vertex  2.364103e+01  7.782118e+00  0.000000e+00
     vertex  2.363406e+01  7.709746e+00  0.000000e+00
   endloop
 endfacet
 facet normal -9.953925e-01  9.588368e-02  0.000000e+00
   outer loop
     vertex  2.364103e+01  7.782118e+00  4.000000e+00
     vertex  2.363406e+01  7.709746e+00  0.000000e+00
     vertex  2.363406e+01  7.709746e+00  4.000000e+00
   endloop
 endfacet
 facet normal -9.976484e-01  6.853995e-02  0.000000e+00
   outer loop
     vertex  2.364601e+01  7.854654e+00  4.000000e+00
     vertex  2.364601e+01  7.854654e+00  0.000000e+00
     vertex  2.364103e+01  7.782118e+00  0.000000e+00
   endloop
 endfacet
 facet normal -9.976484e-01  6.853995e-02  0.000000e+00
   outer loop
     vertex  2.364601e+01  7.854654e+00  4.000000e+00
     vertex  2.364103e+01  7.782118e+00  0.000000e+00
     vertex  2.364103e+01  7.782118e+00  4.000000e+00
   endloop
 endfacet
 facet normal -9.991532e-01  4.114462e-02  0.000000e+00
   outer loop
     vertex  2.364900e+01  7.927300e+00  4.000000e+00
     vertex  2.364900e+01  7.927300e+00  0.000000e+00
     vertex  2.364601e+01  7.854654e+00  0.000000e+00
   endloop
 endfacet
 facet normal -9.991532e-01  4.114462e-02  0.000000e+00
   outer loop
     vertex  2.364900e+01  7.927300e+00  4.000000e+00
     vertex  2.364601e+01  7.854654e+00  0.000000e+00
     vertex  2.364601e+01  7.854654e+00  4.000000e+00
   endloop
 endfacet
 facet normal -9.999059e-01  1.371831e-02  0.000000e+00
   outer loop
     vertex  2.365000e+01  8.000000e+00  4.000000e+00
     vertex  2.365000e+01  8.000000e+00  0.000000e+00
     vertex  2.364900e+01  7.927300e+00  0.000000e+00
   endloop
 endfacet
 facet normal -9.999059e-01  1.371831e-02  0.000000e+00
   outer loop
     vertex  2.365000e+01  8.000000e+00  4.000000e+00
     vertex  2.364900e+01  7.927300e+00  0.000000e+00
     vertex  2.364900e+01  7.927300e+00  4.000000e+00
   endloop
 endfacet
 facet normal -9.999059e-01 -1.371831e-02  0.000000e+00
   outer loop
     vertex  3.764900e+01  8.072700e+00  4.000000e+00
     vertex  3.765000e+01  8.000000e+00  0.000000e+00
     vertex  3.765000e+01  8.000000e+00  4.000000e+00
   endloop
 endfacet
 facet normal -9.999059e-01 -1.371831e-02 -0.000000e+00
   outer loop
     vertex  3.764900e+01  8.072700e+00  4.000000e+00
     vertex  3.764900e+01  8.072700e+00  0.000000e+00
     vertex  3.765000e+01  8.000000e+00  0.000000e+00
   endloop
 endfacet
 facet normal -9.991532e-01 -4.114462e-02 -0.000000e+00
   outer loop
     vertex  3.764601e+01  8.145346e+00  4.000000e+00
     vertex  3.764601e+01  8.145346e+00  0.000000e+00
     vertex  3.764900e+01  8.072700e+00  0.000000e+00
   endloop
 endfacet
 facet normal -9.991532e-01 -4.114462e-02  0.000000e+00
   outer loop
     vertex  3.764601e+01  8.145346e+00  4.000000e+00
     vertex  3.764900e+01  8.072700e+00  0.000000e+00
     vertex  3.764900e+01  8.072700e+00  4.000000e+00
   endloop
 endfacet
 facet normal -9.976484e-01 -6.853995e-02 -0.000000e+00
   outer loop
     vertex  3.764103e+01  8.217882e+00  4.000000e+00
     vertex  3.764103e+01  8.217882e+00  0.000000e+00
     vertex  3.764601e+01  8.145346e+00  0.000000e+00
   endloop
 endfacet
 facet normal -9.976484e-01 -6.853995e-02  0.000000e+00
   outer loop
     vertex  3.764103e+01  8.217882e+00  4.000000e+00
     vertex  3.764601e+01  8.145346e+00  0.000000e+00
     vertex  3.764601e+01  8.145346e+00  4.000000e+00
   endloop
 endfacet
 facet normal -9.953925e-01 -9.588368e-02 -0.000000e+00
   outer loop
     vertex  3.763406e+01  8.290254e+00  4.000000e+00
     vertex  3.763406e+01  8.290254e+00  0.000000e+00
     vertex  3.764103e+01  8.217882e+00  0.000000e+00
   endloop
 endfacet
 facet normal -9.953925e-01 -9.588368e-02  0.000000e+00
   outer loop
     vertex  3.763406e+01  8.290254e+00  4.000000e+00
     vertex  3.764103e+01  8.217882e+00  0.000000e+00
     vertex  3.764103e+01  8.217882e+00  4.000000e+00
   endloop
 endfacet
 facet normal -9.923874e-01 -1.231552e-01 -0.000000e+00
   outer loop
     vertex  3.762510e+01  8.362407e+00  4.000000e+00
     vertex  3.762510e+01  8.362407e+00  0.000000e+00
     vertex  3.763406e+01  8.290254e+00  0.000000e+00
   endloop
 endfacet
 facet normal -9.923874e-01 -1.231552e-01  0.000000e+00
   outer loop
     vertex  3.762510e+01  8.362407e+00  4.000000e+00
     vertex  3.763406e+01  8.290254e+00  0.000000e+00
     vertex  3.763406e+01  8.290254e+00  4.000000e+00
   endloop
 endfacet
 facet normal -9.886353e-01 -1.503341e-01 -0.000000e+00
   outer loop
     vertex  3.761417e+01  8.434288e+00  4.000000e+00
     vertex  3.761417e+01  8.434288e+00  0.000000e+00
     vertex  3.762510e+01  8.362407e+00  0.000000e+00
   endloop
 endfacet
 facet normal -9.886353e-01 -1.503341e-01  0.000000e+00
   outer loop
     vertex  3.761417e+01  8.434288e+00  4.000000e+00
     vertex  3.762510e+01  8.362407e+00  0.000000e+00
     vertex  3.762510e+01  8.362407e+00  4.000000e+00
   endloop
 endfacet
 facet normal -9.841389e-01 -1.773998e-01 -0.000000e+00
   outer loop
     vertex  3.760127e+01  8.505842e+00  4.000000e+00
     vertex  3.760127e+01  8.505842e+00  0.000000e+00
     vertex  3.761417e+01  8.434288e+00  0.000000e+00
   endloop
 endfacet
 facet normal -9.841389e-01 -1.773998e-01  0.000000e+00
   outer loop
     vertex  3.760127e+01  8.505842e+00  4.000000e+00
     vertex  3.761417e+01  8.434288e+00  0.000000e+00
     vertex  3.761417e+01  8.434288e+00  4.000000e+00
   endloop
 endfacet
 facet normal -9.789017e-01 -2.043319e-01 -0.000000e+00
   outer loop
     vertex  3.758642e+01  8.577015e+00  4.000000e+00
     vertex  3.758642e+01  8.577015e+00  0.000000e+00
     vertex  3.760127e+01  8.505842e+00  0.000000e+00
   endloop
 endfacet
 facet normal -9.789017e-01 -2.043319e-01  0.000000e+00
   outer loop
     vertex  3.758642e+01  8.577015e+00  4.000000e+00
     vertex  3.760127e+01  8.505842e+00  0.000000e+00
     vertex  3.760127e+01  8.505842e+00  4.000000e+00
   endloop
 endfacet
 facet normal -9.729276e-01 -2.311102e-01 -0.000000e+00
   outer loop
     vertex  3.756961e+01  8.647754e+00  4.000000e+00
     vertex  3.756961e+01  8.647754e+00  0.000000e+00
     vertex  3.758642e+01  8.577015e+00  0.000000e+00
   endloop
 endfacet
 facet normal -9.729276e-01 -2.311102e-01  0.000000e+00
   outer loop
     vertex  3.756961e+01  8.647754e+00  4.000000e+00
     vertex  3.758642e+01  8.577015e+00  0.000000e+00
     vertex  3.758642e+01  8.577015e+00  4.000000e+00
   endloop
 endfacet
 facet normal -9.662211e-01 -2.577146e-01  0.000000e+00
   outer loop
     vertex  3.755088e+01  8.718005e+00  4.000000e+00
     vertex  3.756961e+01  8.647754e+00  0.000000e+00
     vertex  3.756961e+01  8.647754e+00  4.000000e+00
   endloop
 endfacet
 facet normal -9.662211e-01 -2.577146e-01 -0.000000e+00
   outer loop
     vertex  3.755088e+01  8.718005e+00  4.000000e+00
     vertex  3.755088e+01  8.718005e+00  0.000000e+00
     vertex  3.756961e+01  8.647754e+00  0.000000e+00
   endloop
 endfacet
 facet normal -9.587873e-01 -2.841250e-01  0.000000e+00
   outer loop
     vertex  3.753022e+01  8.787716e+00  4.000000e+00
     vertex  3.755088e+01  8.718005e+00  0.000000e+00
     vertex  3.755088e+01  8.718005e+00  4.000000e+00
   endloop
 endfacet
 facet normal -9.587873e-01 -2.841250e-01 -0.000000e+00
   outer loop
     vertex  3.753022e+01  8.787716e+00  4.000000e+00
     vertex  3.753022e+01  8.787716e+00  0.000000e+00
     vertex  3.755088e+01  8.718005e+00  0.000000e+00
   endloop
 endfacet
 facet normal -9.506317e-01 -3.103214e-01  0.000000e+00
   outer loop
     vertex  3.750766e+01  8.856833e+00  4.000000e+00
     vertex  3.753022e+01  8.787716e+00  0.000000e+00
     vertex  3.753022e+01  8.787716e+00  4.000000e+00
   endloop
 endfacet
 facet normal -9.506317e-01 -3.103214e-01 -0.000000e+00
   outer loop
     vertex  3.750766e+01  8.856833e+00  4.000000e+00
     vertex  3.750766e+01  8.856833e+00  0.000000e+00
     vertex  3.753022e+01  8.787716e+00  0.000000e+00
   endloop
 endfacet
 facet normal -9.417605e-01 -3.362843e-01 -0.000000e+00
   outer loop
     vertex  3.750766e+01  8.856833e+00  4.000000e+00
     vertex  3.748321e+01  8.925306e+00  0.000000e+00
     vertex  3.750766e+01  8.856833e+00  0.000000e+00
   endloop
 endfacet
 facet normal -9.417605e-01 -3.362843e-01 -0.000000e+00
   outer loop
     vertex  3.748321e+01  8.925306e+00  4.000000e+00
     vertex  3.748321e+01  8.925306e+00  0.000000e+00
     vertex  3.750766e+01  8.856833e+00  4.000000e+00
   endloop
 endfacet
 facet normal -9.321804e-01 -3.619940e-01  0.000000e+00
   outer loop
     vertex  3.745689e+01  8.993082e+00  4.000000e+00
     vertex  3.748321e+01  8.925306e+00  0.000000e+00
     vertex  3.748321e+01  8.925306e+00  4.000000e+00
   endloop
 endfacet
 facet normal -9.321804e-01 -3.619940e-01 -0.000000e+00
   outer loop
     vertex  3.745689e+01  8.993082e+00  4.000000e+00
     vertex  3.745689e+01  8.993082e+00  0.000000e+00
     vertex  3.748321e+01  8.925306e+00  0.000000e+00
   endloop
 endfacet
 facet normal -9.218986e-01 -3.874313e-01 -0.000000e+00
   outer loop
     vertex  3.745689e+01  8.993082e+00  4.000000e+00
     vertex  3.742872e+01  9.060111e+00  0.000000e+00
     vertex  3.745689e+01  8.993082e+00  0.000000e+00
   endloop
 endfacet
 facet normal -9.218986e-01 -3.874313e-01 -0.000000e+00
   outer loop
     vertex  3.742872e+01  9.060111e+00  4.000000e+00
     vertex  3.742872e+01  9.060111e+00  0.000000e+00
     vertex  3.745689e+01  8.993082e+00  4.000000e+00
   endloop
 endfacet
 facet normal -9.109228e-01 -4.125769e-01  0.000000e+00
   outer loop
     vertex  3.739872e+01  9.126341e+00  4.000000e+00
     vertex  3.742872e+01  9.060111e+00  0.000000e+00
     vertex  3.742872e+01  9.060111e+00  4.000000e+00
   endloop
 endfacet
 facet normal -9.109228e-01 -4.125769e-01 -0.000000e+00
   outer loop
     vertex  3.739872e+01  9.126341e+00  4.000000e+00
     vertex  3.739872e+01  9.126341e+00  0.000000e+00
     vertex  3.742872e+01  9.060111e+00  0.000000e+00
   endloop
 endfacet
 facet normal -8.992613e-01 -4.374119e-01  0.000000e+00
   outer loop
     vertex  3.736692e+01  9.191724e+00  4.000000e+00
     vertex  3.739872e+01  9.126341e+00  0.000000e+00
     vertex  3.739872e+01  9.126341e+00  4.000000e+00
   endloop
 endfacet
 facet normal -8.992613e-01 -4.374119e-01 -0.000000e+00
   outer loop
     vertex  3.736692e+01  9.191724e+00  4.000000e+00
     vertex  3.736692e+01  9.191724e+00  0.000000e+00
     vertex  3.739872e+01  9.126341e+00  0.000000e+00
   endloop
 endfacet
 facet normal -8.869228e-01 -4.619176e-01 -0.000000e+00
   outer loop
     vertex  3.736692e+01  9.191724e+00  4.000000e+00
     vertex  3.733333e+01  9.256209e+00  0.000000e+00
     vertex  3.736692e+01  9.191724e+00  0.000000e+00
   endloop
 endfacet
 facet normal -8.869228e-01 -4.619176e-01 -0.000000e+00
   outer loop
     vertex  3.733333e+01  9.256209e+00  4.000000e+00
     vertex  3.733333e+01  9.256209e+00  0.000000e+00
     vertex  3.736692e+01  9.191724e+00  4.000000e+00
   endloop
 endfacet
 facet normal -8.739167e-01 -4.860756e-01  0.000000e+00
   outer loop
     vertex  3.729799e+01  9.319749e+00  4.000000e+00
     vertex  3.733333e+01  9.256209e+00  0.000000e+00
     vertex  3.733333e+01  9.256209e+00  4.000000e+00
   endloop
 endfacet
 facet normal -8.739167e-01 -4.860756e-01 -0.000000e+00
   outer loop
     vertex  3.729799e+01  9.319749e+00  4.000000e+00
     vertex  3.729799e+01  9.319749e+00  0.000000e+00
     vertex  3.733333e+01  9.256209e+00  0.000000e+00
   endloop
 endfacet
 facet normal -8.602528e-01 -5.098678e-01  0.000000e+00
   outer loop
     vertex  3.726092e+01  9.382296e+00  4.000000e+00
     vertex  3.729799e+01  9.319749e+00  0.000000e+00
     vertex  3.729799e+01  9.319749e+00  4.000000e+00
   endloop
 endfacet
 facet normal -8.602528e-01 -5.098678e-01 -0.000000e+00
   outer loop
     vertex  3.726092e+01  9.382296e+00  4.000000e+00
     vertex  3.726092e+01  9.382296e+00  0.000000e+00
     vertex  3.729799e+01  9.319749e+00  0.000000e+00
   endloop
 endfacet
 facet normal -8.459413e-01 -5.332761e-01  0.000000e+00
   outer loop
     vertex  3.722215e+01  9.443802e+00  4.000000e+00
     vertex  3.726092e+01  9.382296e+00  0.000000e+00
     vertex  3.726092e+01  9.382296e+00  4.000000e+00
   endloop
 endfacet
 facet normal -8.459413e-01 -5.332761e-01 -0.000000e+00
   outer loop
     vertex  3.722215e+01  9.443802e+00  4.000000e+00
     vertex  3.722215e+01  9.443802e+00  0.000000e+00
     vertex  3.726092e+01  9.382296e+00  0.000000e+00
   endloop
 endfacet
 facet normal -8.309929e-01 -5.562829e-01 -0.000000e+00
   outer loop
     vertex  3.718170e+01  9.504221e+00  4.000000e+00
     vertex  3.718170e+01  9.504221e+00  0.000000e+00
     vertex  3.722215e+01  9.443802e+00  0.000000e+00
   endloop
 endfacet
 facet normal -8.309929e-01 -5.562829e-01  0.000000e+00
   outer loop
     vertex  3.718170e+01  9.504221e+00  4.000000e+00
     vertex  3.722215e+01  9.443802e+00  0.000000e+00
     vertex  3.722215e+01  9.443802e+00  4.000000e+00
   endloop
 endfacet
 facet normal -8.154191e-01 -5.788711e-01 -0.000000e+00
   outer loop
     vertex  3.713961e+01  9.563507e+00  4.000000e+00
     vertex  3.713961e+01  9.563507e+00  0.000000e+00
     vertex  3.718170e+01  9.504221e+00  0.000000e+00
   endloop
 endfacet
 facet normal -8.154191e-01 -5.788711e-01  0.000000e+00
   outer loop
     vertex  3.713961e+01  9.563507e+00  4.000000e+00
     vertex  3.718170e+01  9.504221e+00  0.000000e+00
     vertex  3.718170e+01  9.504221e+00  4.000000e+00
   endloop
 endfacet
 facet normal -7.992314e-01 -6.010234e-01 -0.000000e+00
   outer loop
     vertex  3.709591e+01  9.621617e+00  4.000000e+00
     vertex  3.709591e+01  9.621617e+00  0.000000e+00
     vertex  3.713961e+01  9.563507e+00  0.000000e+00
   endloop
 endfacet
 facet normal -7.992314e-01 -6.010234e-01  0.000000e+00
   outer loop
     vertex  3.709591e+01  9.621617e+00  4.000000e+00
     vertex  3.713961e+01  9.563507e+00  0.000000e+00
     vertex  3.713961e+01  9.563507e+00  4.000000e+00
   endloop
 endfacet
 facet normal -7.824421e-01 -6.227234e-01 -0.000000e+00
   outer loop
     vertex  3.705064e+01  9.678506e+00  4.000000e+00
     vertex  3.705064e+01  9.678506e+00  0.000000e+00
     vertex  3.709591e+01  9.621617e+00  0.000000e+00
   endloop
 endfacet
 facet normal -7.824421e-01 -6.227234e-01  0.000000e+00
   outer loop
     vertex  3.705064e+01  9.678506e+00  4.000000e+00
     vertex  3.709591e+01  9.621617e+00  0.000000e+00
     vertex  3.709591e+01  9.621617e+00  4.000000e+00
   endloop
 endfacet
 facet normal -7.650637e-01 -6.439545e-01 -0.000000e+00
   outer loop
     vertex  3.700382e+01  9.734132e+00  4.000000e+00
     vertex  3.700382e+01  9.734132e+00  0.000000e+00
     vertex  3.705064e+01  9.678506e+00  0.000000e+00
   endloop
 endfacet
 facet normal -7.650637e-01 -6.439545e-01  0.000000e+00
   outer loop
     vertex  3.700382e+01  9.734132e+00  4.000000e+00
     vertex  3.705064e+01  9.678506e+00  0.000000e+00
     vertex  3.705064e+01  9.678506e+00  4.000000e+00
   endloop
 endfacet
 facet normal -7.471095e-01 -6.647010e-01 -0.000000e+00
   outer loop
     vertex  3.695549e+01  9.788452e+00  4.000000e+00
     vertex  3.695549e+01  9.788452e+00  0.000000e+00
     vertex  3.700382e+01  9.734132e+00  0.000000e+00
   endloop
 endfacet
 facet normal -7.471095e-01 -6.647010e-01  0.000000e+00
   outer loop
     vertex  3.695549e+01  9.788452e+00  4.000000e+00
     vertex  3.700382e+01  9.734132e+00  0.000000e+00
     vertex  3.700382e+01  9.734132e+00  4.000000e+00
   endloop
 endfacet
 facet normal -7.285929e-01 -6.849470e-01 -0.000000e+00
   outer loop
     vertex  3.690569e+01  9.841426e+00  4.000000e+00
     vertex  3.690569e+01  9.841426e+00  0.000000e+00
     vertex  3.695549e+01  9.788452e+00  0.000000e+00
   endloop
 endfacet
 facet normal -7.285929e-01 -6.849470e-01  0.000000e+00
   outer loop
     vertex  3.690569e+01  9.841426e+00  4.000000e+00
     vertex  3.695549e+01  9.788452e+00  0.000000e+00
     vertex  3.695549e+01  9.788452e+00  4.000000e+00
   endloop
 endfacet
 facet normal -7.095278e-01 -7.046775e-01 -0.000000e+00
   outer loop
     vertex  3.685445e+01  9.893013e+00  4.000000e+00
     vertex  3.685445e+01  9.893013e+00  0.000000e+00
     vertex  3.690569e+01  9.841426e+00  0.000000e+00
   endloop
 endfacet
 facet normal -7.095278e-01 -7.046775e-01  0.000000e+00
   outer loop
     vertex  3.685445e+01  9.893013e+00  4.000000e+00
     vertex  3.690569e+01  9.841426e+00  0.000000e+00
     vertex  3.690569e+01  9.841426e+00  4.000000e+00
   endloop
 endfacet
 facet normal -6.899286e-01 -7.238775e-01 -0.000000e+00
   outer loop
     vertex  3.680182e+01  9.943176e+00  4.000000e+00
     vertex  3.680182e+01  9.943176e+00  0.000000e+00
     vertex  3.685445e+01  9.893013e+00  0.000000e+00
   endloop
 endfacet
 facet normal -6.899286e-01 -7.238775e-01  0.000000e+00
   outer loop
     vertex  3.680182e+01  9.943176e+00  4.000000e+00
     vertex  3.685445e+01  9.893013e+00  0.000000e+00
     vertex  3.685445e+01  9.893013e+00  4.000000e+00
   endloop
 endfacet
 facet normal -6.698100e-01 -7.425325e-01 -0.000000e+00
   outer loop
     vertex  3.674784e+01  9.991876e+00  4.000000e+00
     vertex  3.674784e+01  9.991876e+00  0.000000e+00
     vertex  3.680182e+01  9.943176e+00  0.000000e+00
   endloop
 endfacet
 facet normal -6.698100e-01 -7.425325e-01  0.000000e+00
   outer loop
     vertex  3.674784e+01  9.991876e+00  4.000000e+00
     vertex  3.680182e+01  9.943176e+00  0.000000e+00
     vertex  3.680182e+01  9.943176e+00  4.000000e+00
   endloop
 endfacet
 facet normal -6.491872e-01 -7.606287e-01 -0.000000e+00
   outer loop
     vertex  3.669253e+01  1.003908e+01  4.000000e+00
     vertex  3.669253e+01  1.003908e+01  0.000000e+00
     vertex  3.674784e+01  9.991876e+00  0.000000e+00
   endloop
 endfacet
 facet normal -6.491872e-01 -7.606287e-01  0.000000e+00
   outer loop
     vertex  3.669253e+01  1.003908e+01  4.000000e+00
     vertex  3.674784e+01  9.991876e+00  0.000000e+00
     vertex  3.674784e+01  9.991876e+00  4.000000e+00
   endloop
 endfacet
 facet normal -6.280757e-01 -7.781522e-01 -0.000000e+00
   outer loop
     vertex  3.663596e+01  1.008474e+01  4.000000e+00
     vertex  3.663596e+01  1.008474e+01  0.000000e+00
     vertex  3.669253e+01  1.003908e+01  0.000000e+00
   endloop
 endfacet
 facet normal -6.064915e-01 -7.950900e-01 -0.000000e+00
   outer loop
     vertex  3.663596e+01  1.008474e+01  4.000000e+00
     vertex  3.657815e+01  1.012884e+01  0.000000e+00
     vertex  3.663596e+01  1.008474e+01  0.000000e+00
   endloop
 endfacet
 facet normal -6.280757e-01 -7.781522e-01  0.000000e+00
   outer loop
     vertex  3.663596e+01  1.008474e+01  4.000000e+00
     vertex  3.669253e+01  1.003908e+01  0.000000e+00
     vertex  3.669253e+01  1.003908e+01  4.000000e+00
   endloop
 endfacet
 facet normal -6.064915e-01 -7.950900e-01 -0.000000e+00
   outer loop
     vertex  3.657815e+01  1.012884e+01  4.000000e+00
     vertex  3.657815e+01  1.012884e+01  0.000000e+00
     vertex  3.663596e+01  1.008474e+01  4.000000e+00
   endloop
 endfacet
 facet normal -5.844507e-01 -8.114292e-01  0.000000e+00
   outer loop
     vertex  3.651915e+01  1.017133e+01  4.000000e+00
     vertex  3.657815e+01  1.012884e+01  0.000000e+00
     vertex  3.657815e+01  1.012884e+01  4.000000e+00
   endloop
 endfacet
 facet normal -5.844507e-01 -8.114292e-01 -0.000000e+00
   outer loop
     vertex  3.651915e+01  1.017133e+01  4.000000e+00
     vertex  3.651915e+01  1.017133e+01  0.000000e+00
     vertex  3.657815e+01  1.012884e+01  0.000000e+00
   endloop
 endfacet
 facet normal -5.619699e-01 -8.271577e-01 -0.000000e+00
   outer loop
     vertex  3.651915e+01  1.017133e+01  4.000000e+00
     vertex  3.645901e+01  1.021219e+01  0.000000e+00
     vertex  3.651915e+01  1.017133e+01  0.000000e+00
   endloop
 endfacet
 facet normal -5.619699e-01 -8.271577e-01 -0.000000e+00
   outer loop
     vertex  3.645901e+01  1.021219e+01  4.000000e+00
     vertex  3.645901e+01  1.021219e+01  0.000000e+00
     vertex  3.651915e+01  1.017133e+01  4.000000e+00
   endloop
 endfacet
 facet normal -5.390661e-01 -8.422635e-01  0.000000e+00
   outer loop
     vertex  3.639777e+01  1.025139e+01  4.000000e+00
     vertex  3.645901e+01  1.021219e+01  0.000000e+00
     vertex  3.645901e+01  1.021219e+01  4.000000e+00
   endloop
 endfacet
 facet normal -5.390661e-01 -8.422635e-01 -0.000000e+00
   outer loop
     vertex  3.639777e+01  1.025139e+01  4.000000e+00
     vertex  3.639777e+01  1.025139e+01  0.000000e+00
     vertex  3.645901e+01  1.021219e+01  0.000000e+00
   endloop
 endfacet
 facet normal -5.157565e-01 -8.567352e-01  0.000000e+00
   outer loop
     vertex  3.633548e+01  1.028888e+01  4.000000e+00
     vertex  3.639777e+01  1.025139e+01  0.000000e+00
     vertex  3.639777e+01  1.025139e+01  4.000000e+00
   endloop
 endfacet
 facet normal -5.157565e-01 -8.567352e-01 -0.000000e+00
   outer loop
     vertex  3.633548e+01  1.028888e+01  4.000000e+00
     vertex  3.633548e+01  1.028888e+01  0.000000e+00
     vertex  3.639777e+01  1.025139e+01  0.000000e+00
   endloop
 endfacet
 facet normal -4.920587e-01 -8.705620e-01  0.000000e+00
   outer loop
     vertex  3.627218e+01  1.032466e+01  4.000000e+00
     vertex  3.633548e+01  1.028888e+01  0.000000e+00
     vertex  3.633548e+01  1.028888e+01  4.000000e+00
   endloop
 endfacet
 facet normal -4.920587e-01 -8.705620e-01 -0.000000e+00
   outer loop
     vertex  3.627218e+01  1.032466e+01  4.000000e+00
     vertex  3.627218e+01  1.032466e+01  0.000000e+00
     vertex  3.633548e+01  1.028888e+01  0.000000e+00
   endloop
 endfacet
 facet normal -4.679904e-01 -8.837335e-01 -0.000000e+00
   outer loop
     vertex  3.627218e+01  1.032466e+01  4.000000e+00
     vertex  3.620793e+01  1.035869e+01  0.000000e+00
     vertex  3.627218e+01  1.032466e+01  0.000000e+00
   endloop
 endfacet
 facet normal -4.679904e-01 -8.837335e-01 -0.000000e+00
   outer loop
     vertex  3.620793e+01  1.035869e+01  4.000000e+00
     vertex  3.620793e+01  1.035869e+01  0.000000e+00
     vertex  3.627218e+01  1.032466e+01  4.000000e+00
   endloop
 endfacet
 facet normal -4.435699e-01 -8.962398e-01  0.000000e+00
   outer loop
     vertex  3.614277e+01  1.039094e+01  4.000000e+00
     vertex  3.620793e+01  1.035869e+01  0.000000e+00
     vertex  3.620793e+01  1.035869e+01  4.000000e+00
   endloop
 endfacet
 facet normal -4.435699e-01 -8.962398e-01 -0.000000e+00
   outer loop
     vertex  3.614277e+01  1.039094e+01  4.000000e+00
     vertex  3.614277e+01  1.039094e+01  0.000000e+00
     vertex  3.620793e+01  1.035869e+01  0.000000e+00
   endloop
 endfacet
 facet normal -4.188155e-01 -9.080714e-01  0.000000e+00
   outer loop
     vertex  3.607674e+01  1.042139e+01  4.000000e+00
     vertex  3.614277e+01  1.039094e+01  0.000000e+00
     vertex  3.614277e+01  1.039094e+01  4.000000e+00
   endloop
 endfacet
 facet normal -4.188155e-01 -9.080714e-01 -0.000000e+00
   outer loop
     vertex  3.607674e+01  1.042139e+01  4.000000e+00
     vertex  3.607674e+01  1.042139e+01  0.000000e+00
     vertex  3.614277e+01  1.039094e+01  0.000000e+00
   endloop
 endfacet
 facet normal -3.937458e-01 -9.192194e-01  0.000000e+00
   outer loop
     vertex  3.600991e+01  1.045002e+01  4.000000e+00
     vertex  3.607674e+01  1.042139e+01  0.000000e+00
     vertex  3.607674e+01  1.042139e+01  4.000000e+00
   endloop
 endfacet
 facet normal -3.937458e-01 -9.192194e-01 -0.000000e+00
   outer loop
     vertex  3.600991e+01  1.045002e+01  4.000000e+00
     vertex  3.600991e+01  1.045002e+01  0.000000e+00
     vertex  3.607674e+01  1.042139e+01  0.000000e+00
   endloop
 endfacet
 facet normal -3.683796e-01 -9.296754e-01  0.000000e+00
   outer loop
     vertex  3.594232e+01  1.047680e+01  4.000000e+00
     vertex  3.600991e+01  1.045002e+01  0.000000e+00
     vertex  3.600991e+01  1.045002e+01  4.000000e+00
   endloop
 endfacet
 facet normal -3.683796e-01 -9.296754e-01 -0.000000e+00
   outer loop
     vertex  3.594232e+01  1.047680e+01  4.000000e+00
     vertex  3.594232e+01  1.047680e+01  0.000000e+00
     vertex  3.600991e+01  1.045002e+01  0.000000e+00
   endloop
 endfacet
 facet normal -3.427362e-01 -9.394317e-01  0.000000e+00
   outer loop
     vertex  3.587401e+01  1.050172e+01  4.000000e+00
     vertex  3.594232e+01  1.047680e+01  0.000000e+00
     vertex  3.594232e+01  1.047680e+01  4.000000e+00
   endloop
 endfacet
 facet normal -3.427362e-01 -9.394317e-01 -0.000000e+00
   outer loop
     vertex  3.587401e+01  1.050172e+01  4.000000e+00
     vertex  3.587401e+01  1.050172e+01  0.000000e+00
     vertex  3.594232e+01  1.047680e+01  0.000000e+00
   endloop
 endfacet
 facet normal -3.168348e-01 -9.484807e-01  0.000000e+00
   outer loop
     vertex  3.580505e+01  1.052476e+01  4.000000e+00
     vertex  3.587401e+01  1.050172e+01  0.000000e+00
     vertex  3.587401e+01  1.050172e+01  4.000000e+00
   endloop
 endfacet
 facet normal -3.168348e-01 -9.484807e-01 -0.000000e+00
   outer loop
     vertex  3.580505e+01  1.052476e+01  4.000000e+00
     vertex  3.580505e+01  1.052476e+01  0.000000e+00
     vertex  3.587401e+01  1.050172e+01  0.000000e+00
   endloop
 endfacet
 facet normal -2.906949e-01 -9.568158e-01  0.000000e+00
   outer loop
     vertex  3.573549e+01  1.054589e+01  4.000000e+00
     vertex  3.580505e+01  1.052476e+01  0.000000e+00
     vertex  3.580505e+01  1.052476e+01  4.000000e+00
   endloop
 endfacet
 facet normal -2.906949e-01 -9.568158e-01 -0.000000e+00
   outer loop
     vertex  3.573549e+01  1.054589e+01  4.000000e+00
     vertex  3.573549e+01  1.054589e+01  0.000000e+00
     vertex  3.580505e+01  1.052476e+01  0.000000e+00
   endloop
 endfacet
 facet normal -2.643362e-01 -9.644306e-01 -0.000000e+00
   outer loop
     vertex  3.573549e+01  1.054589e+01  4.000000e+00
     vertex  3.566536e+01  1.056511e+01  0.000000e+00
     vertex  3.573549e+01  1.054589e+01  0.000000e+00
   endloop
 endfacet
 facet normal -2.643362e-01 -9.644306e-01 -0.000000e+00
   outer loop
     vertex  3.566536e+01  1.056511e+01  4.000000e+00
     vertex  3.566536e+01  1.056511e+01  0.000000e+00
     vertex  3.573549e+01  1.054589e+01  4.000000e+00
   endloop
 endfacet
 facet normal -2.377784e-01 -9.713194e-01  0.000000e+00
   outer loop
     vertex  3.559474e+01  1.058240e+01  4.000000e+00
     vertex  3.566536e+01  1.056511e+01  0.000000e+00
     vertex  3.566536e+01  1.056511e+01  4.000000e+00
   endloop
 endfacet
 facet normal -2.377784e-01 -9.713194e-01 -0.000000e+00
   outer loop
     vertex  3.559474e+01  1.058240e+01  4.000000e+00
     vertex  3.559474e+01  1.058240e+01  0.000000e+00
     vertex  3.566536e+01  1.056511e+01  0.000000e+00
   endloop
 endfacet
 facet normal -2.110417e-01 -9.774771e-01  0.000000e+00
   outer loop
     vertex  3.552367e+01  1.059774e+01  4.000000e+00
     vertex  3.559474e+01  1.058240e+01  0.000000e+00
     vertex  3.559474e+01  1.058240e+01  4.000000e+00
   endloop
 endfacet
 facet normal -2.110417e-01 -9.774771e-01 -0.000000e+00
   outer loop
     vertex  3.552367e+01  1.059774e+01  4.000000e+00
     vertex  3.552367e+01  1.059774e+01  0.000000e+00
     vertex  3.559474e+01  1.058240e+01  0.000000e+00
   endloop
 endfacet
 facet normal -1.841461e-01 -9.828989e-01  0.000000e+00
   outer loop
     vertex  3.545221e+01  1.061113e+01  4.000000e+00
     vertex  3.552367e+01  1.059774e+01  0.000000e+00
     vertex  3.552367e+01  1.059774e+01  4.000000e+00
   endloop
 endfacet
 facet normal -1.841461e-01 -9.828989e-01 -0.000000e+00
   outer loop
     vertex  3.545221e+01  1.061113e+01  4.000000e+00
     vertex  3.545221e+01  1.061113e+01  0.000000e+00
     vertex  3.552367e+01  1.059774e+01  0.000000e+00
   endloop
 endfacet
 facet normal -1.571119e-01 -9.875808e-01 -0.000000e+00
   outer loop
     vertex  3.545221e+01  1.061113e+01  4.000000e+00
     vertex  3.538041e+01  1.062255e+01  0.000000e+00
     vertex  3.545221e+01  1.061113e+01  0.000000e+00
   endloop
 endfacet
 facet normal -1.571119e-01 -9.875808e-01 -0.000000e+00
   outer loop
     vertex  3.538041e+01  1.062255e+01  4.000000e+00
     vertex  3.538041e+01  1.062255e+01  0.000000e+00
     vertex  3.545221e+01  1.061113e+01  4.000000e+00
   endloop
 endfacet
 facet normal -1.299594e-01 -9.915193e-01  0.000000e+00
   outer loop
     vertex  3.530831e+01  1.063200e+01  4.000000e+00
     vertex  3.538041e+01  1.062255e+01  0.000000e+00
     vertex  3.538041e+01  1.062255e+01  4.000000e+00
   endloop
 endfacet
 facet normal -1.299594e-01 -9.915193e-01 -0.000000e+00
   outer loop
     vertex  3.530831e+01  1.063200e+01  4.000000e+00
     vertex  3.530831e+01  1.063200e+01  0.000000e+00
     vertex  3.538041e+01  1.062255e+01  0.000000e+00
   endloop
 endfacet
 facet normal -1.027091e-01 -9.947114e-01  0.000000e+00
   outer loop
     vertex  3.523599e+01  1.063947e+01  4.000000e+00
     vertex  3.530831e+01  1.063200e+01  0.000000e+00
     vertex  3.530831e+01  1.063200e+01  4.000000e+00
   endloop
 endfacet
 facet normal -1.027091e-01 -9.947114e-01 -0.000000e+00
   outer loop
     vertex  3.523599e+01  1.063947e+01  4.000000e+00
     vertex  3.523599e+01  1.063947e+01  0.000000e+00
     vertex  3.530831e+01  1.063200e+01  0.000000e+00
   endloop
 endfacet
 facet normal -7.538152e-02 -9.971548e-01  0.000000e+00
   outer loop
     vertex  3.516349e+01  1.064495e+01  4.000000e+00
     vertex  3.523599e+01  1.063947e+01  0.000000e+00
     vertex  3.523599e+01  1.063947e+01  4.000000e+00
   endloop
 endfacet
 facet normal -7.538152e-02 -9.971548e-01 -0.000000e+00
   outer loop
     vertex  3.516349e+01  1.064495e+01  4.000000e+00
     vertex  3.516349e+01  1.064495e+01  0.000000e+00
     vertex  3.523599e+01  1.063947e+01  0.000000e+00
   endloop
 endfacet
 facet normal -4.799716e-02 -9.988475e-01  0.000000e+00
   outer loop
     vertex  3.509087e+01  1.064844e+01  4.000000e+00
     vertex  3.516349e+01  1.064495e+01  0.000000e+00
     vertex  3.516349e+01  1.064495e+01  4.000000e+00
   endloop
 endfacet
 facet normal -4.799716e-02 -9.988475e-01 -0.000000e+00
   outer loop
     vertex  3.509087e+01  1.064844e+01  4.000000e+00
     vertex  3.509087e+01  1.064844e+01  0.000000e+00
     vertex  3.516349e+01  1.064495e+01  0.000000e+00
   endloop
 endfacet
 facet normal -2.057667e-02 -9.997883e-01 -0.000000e+00
   outer loop
     vertex  3.501818e+01  1.064994e+01  4.000000e+00
     vertex  3.501818e+01  1.064994e+01  0.000000e+00
     vertex  3.509087e+01  1.064844e+01  0.000000e+00
   endloop
 endfacet
 facet normal -2.057667e-02 -9.997883e-01  0.000000e+00
   outer loop
     vertex  3.501818e+01  1.064994e+01  4.000000e+00
     vertex  3.509087e+01  1.064844e+01  0.000000e+00
     vertex  3.509087e+01  1.064844e+01  4.000000e+00
   endloop
 endfacet
 facet normal  6.859319e-03 -9.999765e-01  0.000000e+00
   outer loop
     vertex  3.494547e+01  1.064944e+01  4.000000e+00
     vertex  3.494547e+01  1.064944e+01  0.000000e+00
     vertex  3.501818e+01  1.064994e+01  0.000000e+00
   endloop
 endfacet
 facet normal  6.859319e-03 -9.999765e-01  0.000000e+00
   outer loop
     vertex  3.494547e+01  1.064944e+01  4.000000e+00
     vertex  3.501818e+01  1.064994e+01  0.000000e+00
     vertex  3.501818e+01  1.064994e+01  4.000000e+00
   endloop
 endfacet
 facet normal  3.429014e-02 -9.994119e-01  0.000000e+00
   outer loop
     vertex  3.487281e+01  1.064695e+01  4.000000e+00
     vertex  3.487281e+01  1.064695e+01  0.000000e+00
     vertex  3.494547e+01  1.064944e+01  0.000000e+00
   endloop
 endfacet
 facet normal  3.429014e-02 -9.994119e-01  0.000000e+00
   outer loop
     vertex  3.487281e+01  1.064695e+01  4.000000e+00
     vertex  3.494547e+01  1.064944e+01  0.000000e+00
     vertex  3.494547e+01  1.064944e+01  4.000000e+00
   endloop
 endfacet
 facet normal  6.169515e-02 -9.980950e-01  0.000000e+00
   outer loop
     vertex  3.480024e+01  1.064246e+01  4.000000e+00
     vertex  3.480024e+01  1.064246e+01  0.000000e+00
     vertex  3.487281e+01  1.064695e+01  0.000000e+00
   endloop
 endfacet
 facet normal  8.905371e-02 -9.960268e-01  0.000000e+00
   outer loop
     vertex  3.480024e+01  1.064246e+01  4.000000e+00
     vertex  3.472782e+01  1.063599e+01  0.000000e+00
     vertex  3.480024e+01  1.064246e+01  0.000000e+00
   endloop
 endfacet
 facet normal  6.169515e-02 -9.980950e-01  0.000000e+00
   outer loop
     vertex  3.480024e+01  1.064246e+01  4.000000e+00
     vertex  3.487281e+01  1.064695e+01  0.000000e+00
     vertex  3.487281e+01  1.064695e+01  4.000000e+00
   endloop
 endfacet
 facet normal  8.905371e-02 -9.960268e-01  0.000000e+00
   outer loop
     vertex  3.472782e+01  1.063599e+01  4.000000e+00
     vertex  3.472782e+01  1.063599e+01  0.000000e+00
     vertex  3.480024e+01  1.064246e+01  4.000000e+00
   endloop
 endfacet
 facet normal  1.163452e-01 -9.932088e-01  0.000000e+00
   outer loop
     vertex  3.472782e+01  1.063599e+01  4.000000e+00
     vertex  3.465561e+01  1.062753e+01  0.000000e+00
     vertex  3.472782e+01  1.063599e+01  0.000000e+00
   endloop
 endfacet
 facet normal  1.163452e-01 -9.932088e-01  0.000000e+00
   outer loop
     vertex  3.465561e+01  1.062753e+01  4.000000e+00
     vertex  3.465561e+01  1.062753e+01  0.000000e+00
     vertex  3.472782e+01  1.063599e+01  4.000000e+00
   endloop
 endfacet
 facet normal  1.435492e-01 -9.896432e-01  0.000000e+00
   outer loop
     vertex  3.458365e+01  1.061709e+01  4.000000e+00
     vertex  3.465561e+01  1.062753e+01  0.000000e+00
     vertex  3.465561e+01  1.062753e+01  4.000000e+00
   endloop
 endfacet
 facet normal  1.435492e-01 -9.896432e-01  0.000000e+00
   outer loop
     vertex  3.458365e+01  1.061709e+01  4.000000e+00
     vertex  3.458365e+01  1.061709e+01  0.000000e+00
     vertex  3.465561e+01  1.062753e+01  0.000000e+00
   endloop
 endfacet
 facet normal  1.706451e-01 -9.853326e-01  0.000000e+00
   outer loop
     vertex  3.451201e+01  1.060468e+01  4.000000e+00
     vertex  3.458365e+01  1.061709e+01  0.000000e+00
     vertex  3.458365e+01  1.061709e+01  4.000000e+00
   endloop
 endfacet
 facet normal  1.706451e-01 -9.853326e-01  0.000000e+00
   outer loop
     vertex  3.451201e+01  1.060468e+01  4.000000e+00
     vertex  3.451201e+01  1.060468e+01  0.000000e+00
     vertex  3.458365e+01  1.061709e+01  0.000000e+00
   endloop
 endfacet
 facet normal  1.976125e-01 -9.802802e-01  0.000000e+00
   outer loop
     vertex  3.451201e+01  1.060468e+01  4.000000e+00
     vertex  3.444074e+01  1.059031e+01  0.000000e+00
     vertex  3.451201e+01  1.060468e+01  0.000000e+00
   endloop
 endfacet
 facet normal  1.976125e-01 -9.802802e-01  0.000000e+00
   outer loop
     vertex  3.444074e+01  1.059031e+01  4.000000e+00
     vertex  3.444074e+01  1.059031e+01  0.000000e+00
     vertex  3.451201e+01  1.060468e+01  4.000000e+00
   endloop
 endfacet
 facet normal  2.244312e-01 -9.744899e-01  0.000000e+00
   outer loop
     vertex  3.436989e+01  1.057400e+01  4.000000e+00
     vertex  3.444074e+01  1.059031e+01  0.000000e+00
     vertex  3.444074e+01  1.059031e+01  4.000000e+00
   endloop
 endfacet
 facet normal  2.244312e-01 -9.744899e-01  0.000000e+00
   outer loop
     vertex  3.436989e+01  1.057400e+01  4.000000e+00
     vertex  3.436989e+01  1.057400e+01  0.000000e+00
     vertex  3.444074e+01  1.059031e+01  0.000000e+00
   endloop
 endfacet
 facet normal  2.510809e-01 -9.679661e-01  0.000000e+00
   outer loop
     vertex  3.429951e+01  1.055574e+01  4.000000e+00
     vertex  3.436989e+01  1.057400e+01  0.000000e+00
     vertex  3.436989e+01  1.057400e+01  4.000000e+00
   endloop
 endfacet
 facet normal  2.510809e-01 -9.679661e-01  0.000000e+00
   outer loop
     vertex  3.429951e+01  1.055574e+01  4.000000e+00
     vertex  3.429951e+01  1.055574e+01  0.000000e+00
     vertex  3.436989e+01  1.057400e+01  0.000000e+00
   endloop
 endfacet
 facet normal  2.775416e-01 -9.607136e-01  0.000000e+00
   outer loop
     vertex  3.429951e+01  1.055574e+01  4.000000e+00
     vertex  3.422966e+01  1.053556e+01  0.000000e+00
     vertex  3.429951e+01  1.055574e+01  0.000000e+00
   endloop
 endfacet
 facet normal  2.775416e-01 -9.607136e-01  0.000000e+00
   outer loop
     vertex  3.422966e+01  1.053556e+01  4.000000e+00
     vertex  3.422966e+01  1.053556e+01  0.000000e+00
     vertex  3.429951e+01  1.055574e+01  4.000000e+00
   endloop
 endfacet
 facet normal  3.037934e-01 -9.527379e-01  0.000000e+00
   outer loop
     vertex  3.416039e+01  1.051347e+01  4.000000e+00
     vertex  3.422966e+01  1.053556e+01  0.000000e+00
     vertex  3.422966e+01  1.053556e+01  4.000000e+00
   endloop
 endfacet
 facet normal  3.037934e-01 -9.527379e-01  0.000000e+00
   outer loop
     vertex  3.416039e+01  1.051347e+01  4.000000e+00
     vertex  3.416039e+01  1.051347e+01  0.000000e+00
     vertex  3.422966e+01  1.053556e+01  0.000000e+00
   endloop
 endfacet
 facet normal  3.298166e-01 -9.440450e-01  0.000000e+00
   outer loop
     vertex  3.409175e+01  1.048949e+01  4.000000e+00
     vertex  3.416039e+01  1.051347e+01  0.000000e+00
     vertex  3.416039e+01  1.051347e+01  4.000000e+00
   endloop
 endfacet
 facet normal  3.298166e-01 -9.440450e-01  0.000000e+00
   outer loop
     vertex  3.409175e+01  1.048949e+01  4.000000e+00
     vertex  3.409175e+01  1.048949e+01  0.000000e+00
     vertex  3.416039e+01  1.051347e+01  0.000000e+00
   endloop
 endfacet
 facet normal  3.555914e-01 -9.346415e-01  0.000000e+00
   outer loop
     vertex  3.402379e+01  1.046364e+01  4.000000e+00
     vertex  3.409175e+01  1.048949e+01  0.000000e+00
     vertex  3.409175e+01  1.048949e+01  4.000000e+00
   endloop
 endfacet
 facet normal  3.555914e-01 -9.346415e-01  0.000000e+00
   outer loop
     vertex  3.402379e+01  1.046364e+01  4.000000e+00
     vertex  3.402379e+01  1.046364e+01  0.000000e+00
     vertex  3.409175e+01  1.048949e+01  0.000000e+00
   endloop
 endfacet
 facet normal  3.810986e-01 -9.245344e-01  0.000000e+00
   outer loop
     vertex  3.402379e+01  1.046364e+01  4.000000e+00
     vertex  3.395657e+01  1.043593e+01  0.000000e+00
     vertex  3.402379e+01  1.046364e+01  0.000000e+00
   endloop
 endfacet
 facet normal  3.810986e-01 -9.245344e-01  0.000000e+00
   outer loop
     vertex  3.395657e+01  1.043593e+01  4.000000e+00
     vertex  3.395657e+01  1.043593e+01  0.000000e+00
     vertex  3.402379e+01  1.046364e+01  4.000000e+00
   endloop
 endfacet
 facet normal  4.063188e-01 -9.137314e-01  0.000000e+00
   outer loop
     vertex  3.389014e+01  1.040639e+01  4.000000e+00
     vertex  3.389014e+01  1.040639e+01  0.000000e+00
     vertex  3.395657e+01  1.043593e+01  0.000000e+00
   endloop
 endfacet
 facet normal  4.063188e-01 -9.137314e-01  0.000000e+00
   outer loop
     vertex  3.389014e+01  1.040639e+01  4.000000e+00
     vertex  3.395657e+01  1.043593e+01  0.000000e+00
     vertex  3.395657e+01  1.043593e+01  4.000000e+00
   endloop
 endfacet
 facet normal  4.312333e-01 -9.022405e-01  0.000000e+00
   outer loop
     vertex  3.382454e+01  1.037504e+01  4.000000e+00
     vertex  3.382454e+01  1.037504e+01  0.000000e+00
     vertex  3.389014e+01  1.040639e+01  0.000000e+00
   endloop
 endfacet
 facet normal  4.312333e-01 -9.022405e-01  0.000000e+00
   outer loop
     vertex  3.382454e+01  1.037504e+01  4.000000e+00
     vertex  3.389014e+01  1.040639e+01  0.000000e+00
     vertex  3.389014e+01  1.040639e+01  4.000000e+00
   endloop
 endfacet
 facet normal  4.558231e-01 -8.900704e-01  0.000000e+00
   outer loop
     vertex  3.375983e+01  1.034189e+01  4.000000e+00
     vertex  3.375983e+01  1.034189e+01  0.000000e+00
     vertex  3.382454e+01  1.037504e+01  0.000000e+00
   endloop
 endfacet
 facet normal  4.800697e-01 -8.772303e-01  0.000000e+00
   outer loop
     vertex  3.375983e+01  1.034189e+01  4.000000e+00
     vertex  3.369604e+01  1.030699e+01  0.000000e+00
     vertex  3.375983e+01  1.034189e+01  0.000000e+00
   endloop
 endfacet
 facet normal  4.558231e-01 -8.900704e-01  0.000000e+00
   outer loop
     vertex  3.375983e+01  1.034189e+01  4.000000e+00
     vertex  3.382454e+01  1.037504e+01  0.000000e+00
     vertex  3.382454e+01  1.037504e+01  4.000000e+00
   endloop
 endfacet
 facet normal  5.039550e-01 -8.637299e-01  0.000000e+00
   outer loop
     vertex  3.369604e+01  1.030699e+01  4.000000e+00
     vertex  3.363325e+01  1.027035e+01  0.000000e+00
     vertex  3.369604e+01  1.030699e+01  0.000000e+00
   endloop
 endfacet
 facet normal  4.800697e-01 -8.772303e-01  0.000000e+00
   outer loop
     vertex  3.369604e+01  1.030699e+01  4.000000e+00
     vertex  3.369604e+01  1.030699e+01  0.000000e+00
     vertex  3.375983e+01  1.034189e+01  4.000000e+00
   endloop
 endfacet
 facet normal  5.039550e-01 -8.637299e-01  0.000000e+00
   outer loop
     vertex  3.363325e+01  1.027035e+01  4.000000e+00
     vertex  3.363325e+01  1.027035e+01  0.000000e+00
     vertex  3.369604e+01  1.030699e+01  4.000000e+00
   endloop
 endfacet
 facet normal  5.274609e-01 -8.495793e-01  0.000000e+00
   outer loop
     vertex  3.357147e+01  1.023200e+01  4.000000e+00
     vertex  3.357147e+01  1.023200e+01  0.000000e+00
     vertex  3.363325e+01  1.027035e+01  0.000000e+00
   endloop
 endfacet
 facet normal  5.505698e-01 -8.347891e-01  0.000000e+00
   outer loop
     vertex  3.357147e+01  1.023200e+01  4.000000e+00
     vertex  3.351078e+01  1.019197e+01  0.000000e+00
     vertex  3.357147e+01  1.023200e+01  0.000000e+00
   endloop
 endfacet
 facet normal  5.274609e-01 -8.495793e-01  0.000000e+00
   outer loop
     vertex  3.357147e+01  1.023200e+01  4.000000e+00
     vertex  3.363325e+01  1.027035e+01  0.000000e+00
     vertex  3.363325e+01  1.027035e+01  4.000000e+00
   endloop
 endfacet
 facet normal  5.505698e-01 -8.347891e-01  0.000000e+00
   outer loop
     vertex  3.351078e+01  1.019197e+01  4.000000e+00
     vertex  3.351078e+01  1.019197e+01  0.000000e+00
     vertex  3.357147e+01  1.023200e+01  4.000000e+00
   endloop
 endfacet
 facet normal  5.732642e-01 -8.193706e-01  0.000000e+00
   outer loop
     vertex  3.345121e+01  1.015029e+01  4.000000e+00
     vertex  3.345121e+01  1.015029e+01  0.000000e+00
     vertex  3.351078e+01  1.019197e+01  0.000000e+00
   endloop
 endfacet
 facet normal  5.732642e-01 -8.193706e-01  0.000000e+00
   outer loop
     vertex  3.345121e+01  1.015029e+01  4.000000e+00
     vertex  3.351078e+01  1.019197e+01  0.000000e+00
     vertex  3.351078e+01  1.019197e+01  4.000000e+00
   endloop
 endfacet
 facet normal  5.955271e-01 -8.033352e-01  0.000000e+00
   outer loop
     vertex  3.339280e+01  1.010699e+01  4.000000e+00
     vertex  3.339280e+01  1.010699e+01  0.000000e+00
     vertex  3.345121e+01  1.015029e+01  0.000000e+00
   endloop
 endfacet
 facet normal  5.955271e-01 -8.033352e-01  0.000000e+00
   outer loop
     vertex  3.339280e+01  1.010699e+01  4.000000e+00
     vertex  3.345121e+01  1.015029e+01  0.000000e+00
     vertex  3.345121e+01  1.015029e+01  4.000000e+00
   endloop
 endfacet
 facet normal  6.173417e-01 -7.866951e-01  0.000000e+00
   outer loop
     vertex  3.333560e+01  1.006210e+01  4.000000e+00
     vertex  3.333560e+01  1.006210e+01  0.000000e+00
     vertex  3.339280e+01  1.010699e+01  0.000000e+00
   endloop
 endfacet
 facet normal  6.386916e-01 -7.694628e-01  0.000000e+00
   outer loop
     vertex  3.333560e+01  1.006210e+01  4.000000e+00
     vertex  3.327965e+01  1.001567e+01  0.000000e+00
     vertex  3.333560e+01  1.006210e+01  0.000000e+00
   endloop
 endfacet
 facet normal  6.173417e-01 -7.866951e-01  0.000000e+00
   outer loop
     vertex  3.333560e+01  1.006210e+01  4.000000e+00
     vertex  3.339280e+01  1.010699e+01  0.000000e+00
     vertex  3.339280e+01  1.010699e+01  4.000000e+00
   endloop
 endfacet
 facet normal  6.595607e-01 -7.516513e-01  0.000000e+00
   outer loop
     vertex  3.327965e+01  1.001567e+01  4.000000e+00
     vertex  3.322500e+01  9.967711e+00  0.000000e+00
     vertex  3.327965e+01  1.001567e+01  0.000000e+00
   endloop
 endfacet
 facet normal  6.386916e-01 -7.694628e-01  0.000000e+00
   outer loop
     vertex  3.327965e+01  1.001567e+01  4.000000e+00
     vertex  3.327965e+01  1.001567e+01  0.000000e+00
     vertex  3.333560e+01  1.006210e+01  4.000000e+00
   endloop
 endfacet
 facet normal  6.799333e-01 -7.332740e-01  0.000000e+00
   outer loop
     vertex  3.322500e+01  9.967711e+00  4.000000e+00
     vertex  3.317169e+01  9.918275e+00  0.000000e+00
     vertex  3.322500e+01  9.967711e+00  0.000000e+00
   endloop
 endfacet
 facet normal  6.595607e-01 -7.516513e-01  0.000000e+00
   outer loop
     vertex  3.322500e+01  9.967711e+00  4.000000e+00
     vertex  3.322500e+01  9.967711e+00  0.000000e+00
     vertex  3.327965e+01  1.001567e+01  4.000000e+00
   endloop
 endfacet
 facet normal  6.799333e-01 -7.332740e-01  0.000000e+00
   outer loop
     vertex  3.317169e+01  9.918275e+00  4.000000e+00
     vertex  3.317169e+01  9.918275e+00  0.000000e+00
     vertex  3.322500e+01  9.967711e+00  4.000000e+00
   endloop
 endfacet
 facet normal  6.997940e-01 -7.143447e-01  0.000000e+00
   outer loop
     vertex  3.311975e+01  9.867395e+00  4.000000e+00
     vertex  3.311975e+01  9.867395e+00  0.000000e+00
     vertex  3.317169e+01  9.918275e+00  0.000000e+00
   endloop
 endfacet
 facet normal  7.191280e-01 -6.948776e-01  0.000000e+00
   outer loop
     vertex  3.311975e+01  9.867395e+00  4.000000e+00
     vertex  3.306923e+01  9.815110e+00  0.000000e+00
     vertex  3.311975e+01  9.867395e+00  0.000000e+00
   endloop
 endfacet
 facet normal  6.997940e-01 -7.143447e-01  0.000000e+00
   outer loop
     vertex  3.311975e+01  9.867395e+00  4.000000e+00
     vertex  3.317169e+01  9.918275e+00  0.000000e+00
     vertex  3.317169e+01  9.918275e+00  4.000000e+00
   endloop
 endfacet
 facet normal  7.191280e-01 -6.948776e-01  0.000000e+00
   outer loop
     vertex  3.306923e+01  9.815110e+00  4.000000e+00
     vertex  3.306923e+01  9.815110e+00  0.000000e+00
     vertex  3.311975e+01  9.867395e+00  4.000000e+00
   endloop
 endfacet
 facet normal  7.379206e-01 -6.748875e-01  0.000000e+00
   outer loop
     vertex  3.302016e+01  9.761458e+00  4.000000e+00
     vertex  3.306923e+01  9.815110e+00  0.000000e+00
     vertex  3.306923e+01  9.815110e+00  4.000000e+00
   endloop
 endfacet
 facet normal  7.379206e-01 -6.748875e-01  0.000000e+00
   outer loop
     vertex  3.302016e+01  9.761458e+00  4.000000e+00
     vertex  3.302016e+01  9.761458e+00  0.000000e+00
     vertex  3.306923e+01  9.815110e+00  0.000000e+00
   endloop
 endfacet
 facet normal  7.561578e-01 -6.543893e-01  0.000000e+00
   outer loop
     vertex  3.302016e+01  9.761458e+00  4.000000e+00
     vertex  3.297258e+01  9.706480e+00  0.000000e+00
     vertex  3.302016e+01  9.761458e+00  0.000000e+00
   endloop
 endfacet
 facet normal  7.561578e-01 -6.543893e-01  0.000000e+00
   outer loop
     vertex  3.297258e+01  9.706480e+00  4.000000e+00
     vertex  3.297258e+01  9.706480e+00  0.000000e+00
     vertex  3.302016e+01  9.761458e+00  4.000000e+00
   endloop
 endfacet
 facet normal  7.738257e-01 -6.333986e-01  0.000000e+00
   outer loop
     vertex  3.292653e+01  9.650217e+00  4.000000e+00
     vertex  3.292653e+01  9.650217e+00  0.000000e+00
     vertex  3.297258e+01  9.706480e+00  0.000000e+00
   endloop
 endfacet
 facet normal  7.909112e-01 -6.119310e-01  0.000000e+00
   outer loop
     vertex  3.292653e+01  9.650217e+00  4.000000e+00
     vertex  3.288204e+01  9.592712e+00  0.000000e+00
     vertex  3.292653e+01  9.650217e+00  0.000000e+00
   endloop
 endfacet
 facet normal  7.738257e-01 -6.333986e-01  0.000000e+00
   outer loop
     vertex  3.292653e+01  9.650217e+00  4.000000e+00
     vertex  3.297258e+01  9.706480e+00  0.000000e+00
     vertex  3.297258e+01  9.706480e+00  4.000000e+00
   endloop
 endfacet
 facet normal  7.909112e-01 -6.119310e-01  0.000000e+00
   outer loop
     vertex  3.288204e+01  9.592712e+00  4.000000e+00
     vertex  3.288204e+01  9.592712e+00  0.000000e+00
     vertex  3.292653e+01  9.650217e+00  4.000000e+00
   endloop
 endfacet
 facet normal  8.074012e-01 -5.900028e-01  0.000000e+00
   outer loop
     vertex  3.283914e+01  9.534008e+00  4.000000e+00
     vertex  3.283914e+01  9.534008e+00  0.000000e+00
     vertex  3.288204e+01  9.592712e+00  0.000000e+00
   endloop
 endfacet
 facet normal  8.232835e-01 -5.676304e-01  0.000000e+00
   outer loop
     vertex  3.283914e+01  9.534008e+00  4.000000e+00
     vertex  3.279787e+01  9.474150e+00  0.000000e+00
     vertex  3.283914e+01  9.534008e+00  0.000000e+00
   endloop
 endfacet
 facet normal  8.074012e-01 -5.900028e-01  0.000000e+00
   outer loop
     vertex  3.283914e+01  9.534008e+00  4.000000e+00
     vertex  3.288204e+01  9.592712e+00  0.000000e+00
     vertex  3.288204e+01  9.592712e+00  4.000000e+00
   endloop
 endfacet
 facet normal  8.232835e-01 -5.676304e-01  0.000000e+00
   outer loop
     vertex  3.279787e+01  9.474150e+00  4.000000e+00
     vertex  3.279787e+01  9.474150e+00  0.000000e+00
     vertex  3.283914e+01  9.534008e+00  4.000000e+00
   endloop
 endfacet
 facet normal  8.385460e-01 -5.448308e-01  0.000000e+00
   outer loop
     vertex  3.275826e+01  9.413182e+00  4.000000e+00
     vertex  3.275826e+01  9.413182e+00  0.000000e+00
     vertex  3.279787e+01  9.474150e+00  0.000000e+00
   endloop
 endfacet
 facet normal  8.385460e-01 -5.448308e-01  0.000000e+00
   outer loop
     vertex  3.275826e+01  9.413182e+00  4.000000e+00
     vertex  3.279787e+01  9.474150e+00  0.000000e+00
     vertex  3.279787e+01  9.474150e+00  4.000000e+00
   endloop
 endfacet
 facet normal  8.531773e-01 -5.216210e-01  0.000000e+00
   outer loop
     vertex  3.272033e+01  9.351150e+00  4.000000e+00
     vertex  3.272033e+01  9.351150e+00  0.000000e+00
     vertex  3.275826e+01  9.413182e+00  0.000000e+00
   endloop
 endfacet
 facet normal  8.531773e-01 -5.216210e-01  0.000000e+00
   outer loop
     vertex  3.272033e+01  9.351150e+00  4.000000e+00
     vertex  3.275826e+01  9.413182e+00  0.000000e+00
     vertex  3.275826e+01  9.413182e+00  4.000000e+00
   endloop
 endfacet
 facet normal  8.671664e-01 -4.980186e-01  0.000000e+00
   outer loop
     vertex  3.268412e+01  9.288100e+00  4.000000e+00
     vertex  3.268412e+01  9.288100e+00  0.000000e+00
     vertex  3.272033e+01  9.351150e+00  0.000000e+00
   endloop
 endfacet
 facet normal  8.805026e-01 -4.740412e-01  0.000000e+00
   outer loop
     vertex  3.268412e+01  9.288100e+00  4.000000e+00
     vertex  3.264965e+01  9.224082e+00  0.000000e+00
     vertex  3.268412e+01  9.288100e+00  0.000000e+00
   endloop
 endfacet
 facet normal  8.671664e-01 -4.980186e-01  0.000000e+00
   outer loop
     vertex  3.268412e+01  9.288100e+00  4.000000e+00
     vertex  3.272033e+01  9.351150e+00  0.000000e+00
     vertex  3.272033e+01  9.351150e+00  4.000000e+00
   endloop
 endfacet
 facet normal  8.931761e-01 -4.497071e-01  0.000000e+00
   outer loop
     vertex  3.264965e+01  9.224082e+00  4.000000e+00
     vertex  3.261696e+01  9.159141e+00  0.000000e+00
     vertex  3.264965e+01  9.224082e+00  0.000000e+00
   endloop
 endfacet
 facet normal  8.805026e-01 -4.740412e-01  0.000000e+00
   outer loop
     vertex  3.264965e+01  9.224082e+00  4.000000e+00
     vertex  3.264965e+01  9.224082e+00  0.000000e+00
     vertex  3.268412e+01  9.288100e+00  4.000000e+00
   endloop
 endfacet
 facet normal  8.931761e-01 -4.497071e-01  0.000000e+00
   outer loop
     vertex  3.261696e+01  9.159141e+00  4.000000e+00
     vertex  3.261696e+01  9.159141e+00  0.000000e+00
     vertex  3.264965e+01  9.224082e+00  4.000000e+00
   endloop
 endfacet
 facet normal  9.051772e-01 -4.250344e-01  0.000000e+00
   outer loop
     vertex  3.258605e+01  9.093329e+00  4.000000e+00
     vertex  3.258605e+01  9.093329e+00  0.000000e+00
     vertex  3.261696e+01  9.159141e+00  0.000000e+00
   endloop
 endfacet
 facet normal  9.051772e-01 -4.250344e-01  0.000000e+00
   outer loop
     vertex  3.258605e+01  9.093329e+00  4.000000e+00
     vertex  3.261696e+01  9.159141e+00  0.000000e+00
     vertex  3.261696e+01  9.159141e+00  4.000000e+00
   endloop
 endfacet
 facet normal  9.164969e-01 -4.000417e-01  0.000000e+00
   outer loop
     vertex  3.255697e+01  9.026693e+00  4.000000e+00
     vertex  3.255697e+01  9.026693e+00  0.000000e+00
     vertex  3.258605e+01  9.093329e+00  0.000000e+00
   endloop
 endfacet
 facet normal  9.164969e-01 -4.000417e-01  0.000000e+00
   outer loop
     vertex  3.255697e+01  9.026693e+00  4.000000e+00
     vertex  3.258605e+01  9.093329e+00  0.000000e+00
     vertex  3.258605e+01  9.093329e+00  4.000000e+00
   endloop
 endfacet
 facet normal  9.271267e-01 -3.747479e-01  0.000000e+00
   outer loop
     vertex  3.252972e+01  8.959284e+00  4.000000e+00
     vertex  3.252972e+01  8.959284e+00  0.000000e+00
     vertex  3.255697e+01  9.026693e+00  0.000000e+00
   endloop
 endfacet
 facet normal  9.370586e-01 -3.491720e-01  0.000000e+00
   outer loop
     vertex  3.252972e+01  8.959284e+00  4.000000e+00
     vertex  3.250433e+01  8.891153e+00  0.000000e+00
     vertex  3.252972e+01  8.959284e+00  0.000000e+00
   endloop
 endfacet
 facet normal  9.271267e-01 -3.747479e-01  0.000000e+00
   outer loop
     vertex  3.252972e+01  8.959284e+00  4.000000e+00
     vertex  3.255697e+01  9.026693e+00  0.000000e+00
     vertex  3.255697e+01  9.026693e+00  4.000000e+00
   endloop
 endfacet
 facet normal  9.370586e-01 -3.491720e-01  0.000000e+00
   outer loop
     vertex  3.250433e+01  8.891153e+00  4.000000e+00
     vertex  3.250433e+01  8.891153e+00  0.000000e+00
     vertex  3.252972e+01  8.959284e+00  4.000000e+00
   endloop
 endfacet
 facet normal  9.462851e-01 -3.233333e-01  0.000000e+00
   outer loop
     vertex  3.248083e+01  8.822352e+00  4.000000e+00
     vertex  3.248083e+01  8.822352e+00  0.000000e+00
     vertex  3.250433e+01  8.891153e+00  0.000000e+00
   endloop
 endfacet
 facet normal  9.462851e-01 -3.233333e-01  0.000000e+00
   outer loop
     vertex  3.248083e+01  8.822352e+00  4.000000e+00
     vertex  3.250433e+01  8.891153e+00  0.000000e+00
     vertex  3.250433e+01  8.891153e+00  4.000000e+00
   endloop
 endfacet
 facet normal  9.547993e-01 -2.972512e-01  0.000000e+00
   outer loop
     vertex  3.245921e+01  8.752931e+00  4.000000e+00
     vertex  3.245921e+01  8.752931e+00  0.000000e+00
     vertex  3.248083e+01  8.822352e+00  0.000000e+00
   endloop
 endfacet
 facet normal  9.547993e-01 -2.972512e-01  0.000000e+00
   outer loop
     vertex  3.245921e+01  8.752931e+00  4.000000e+00
     vertex  3.248083e+01  8.822352e+00  0.000000e+00
     vertex  3.248083e+01  8.822352e+00  4.000000e+00
   endloop
 endfacet
 facet normal  9.625948e-01 -2.709453e-01  0.000000e+00
   outer loop
     vertex  3.243951e+01  8.682944e+00  4.000000e+00
     vertex  3.243951e+01  8.682944e+00  0.000000e+00
     vertex  3.245921e+01  8.752931e+00  0.000000e+00
   endloop
 endfacet
 facet normal  9.625948e-01 -2.709453e-01  0.000000e+00
   outer loop
     vertex  3.243951e+01  8.682944e+00  4.000000e+00
     vertex  3.245921e+01  8.752931e+00  0.000000e+00
     vertex  3.245921e+01  8.752931e+00  4.000000e+00
   endloop
 endfacet
 facet normal  9.696656e-01 -2.444354e-01  0.000000e+00
   outer loop
     vertex  3.242174e+01  8.612442e+00  4.000000e+00
     vertex  3.242174e+01  8.612442e+00  0.000000e+00
     vertex  3.243951e+01  8.682944e+00  0.000000e+00
   endloop
 endfacet
 facet normal  9.760065e-01 -2.177416e-01  0.000000e+00
   outer loop
     vertex  3.242174e+01  8.612442e+00  4.000000e+00
     vertex  3.240591e+01  8.541480e+00  0.000000e+00
     vertex  3.242174e+01  8.612442e+00  0.000000e+00
   endloop
 endfacet
 facet normal  9.696656e-01 -2.444354e-01  0.000000e+00
   outer loop
     vertex  3.242174e+01  8.612442e+00  4.000000e+00
     vertex  3.243951e+01  8.682944e+00  0.000000e+00
     vertex  3.243951e+01  8.682944e+00  4.000000e+00
   endloop
 endfacet
 facet normal  9.816126e-01 -1.908838e-01  0.000000e+00
   outer loop
     vertex  3.240591e+01  8.541480e+00  4.000000e+00
     vertex  3.239203e+01  8.470109e+00  0.000000e+00
     vertex  3.240591e+01  8.541480e+00  0.000000e+00
   endloop
 endfacet
 facet normal  9.760065e-01 -2.177416e-01  0.000000e+00
   outer loop
     vertex  3.240591e+01  8.541480e+00  4.000000e+00
     vertex  3.240591e+01  8.541480e+00  0.000000e+00
     vertex  3.242174e+01  8.612442e+00  4.000000e+00
   endloop
 endfacet
 facet normal  9.864799e-01 -1.638824e-01  0.000000e+00
   outer loop
     vertex  3.239203e+01  8.470109e+00  4.000000e+00
     vertex  3.238012e+01  8.398385e+00  0.000000e+00
     vertex  3.239203e+01  8.470109e+00  0.000000e+00
   endloop
 endfacet
 facet normal  9.816126e-01 -1.908838e-01  0.000000e+00
   outer loop
     vertex  3.239203e+01  8.470109e+00  4.000000e+00
     vertex  3.239203e+01  8.470109e+00  0.000000e+00
     vertex  3.240591e+01  8.541480e+00  4.000000e+00
   endloop
 endfacet
 facet normal  9.906046e-01 -1.367575e-01  0.000000e+00
   outer loop
     vertex  3.238012e+01  8.398385e+00  4.000000e+00
     vertex  3.237017e+01  8.326361e+00  0.000000e+00
     vertex  3.238012e+01  8.398385e+00  0.000000e+00
   endloop
 endfacet
 facet normal  9.864799e-01 -1.638824e-01  0.000000e+00
   outer loop
     vertex  3.238012e+01  8.398385e+00  4.000000e+00
     vertex  3.238012e+01  8.398385e+00  0.000000e+00
     vertex  3.239203e+01  8.470109e+00  4.000000e+00
   endloop
 endfacet
 facet normal  9.939835e-01 -1.095298e-01  0.000000e+00
   outer loop
     vertex  3.237017e+01  8.326361e+00  4.000000e+00
     vertex  3.236221e+01  8.254092e+00  0.000000e+00
     vertex  3.237017e+01  8.326361e+00  0.000000e+00
   endloop
 endfacet
 facet normal  9.906046e-01 -1.367575e-01  0.000000e+00
   outer loop
     vertex  3.237017e+01  8.326361e+00  4.000000e+00
     vertex  3.237017e+01  8.326361e+00  0.000000e+00
     vertex  3.238012e+01  8.398385e+00  4.000000e+00
   endloop
 endfacet
 facet normal  9.939835e-01 -1.095298e-01  0.000000e+00
   outer loop
     vertex  3.236221e+01  8.254092e+00  4.000000e+00
     vertex  3.236221e+01  8.254092e+00  0.000000e+00
     vertex  3.237017e+01  8.326361e+00  4.000000e+00
   endloop
 endfacet
 facet normal  9.966142e-01 -8.221955e-02  0.000000e+00
   outer loop
     vertex  3.235623e+01  8.181631e+00  4.000000e+00
     vertex  3.236221e+01  8.254092e+00  0.000000e+00
     vertex  3.236221e+01  8.254092e+00  4.000000e+00
   endloop
 endfacet
 facet normal  9.966142e-01 -8.221955e-02  0.000000e+00
   outer loop
     vertex  3.235623e+01  8.181631e+00  4.000000e+00
     vertex  3.235623e+01  8.181631e+00  0.000000e+00
     vertex  3.236221e+01  8.254092e+00  0.000000e+00
   endloop
 endfacet
 facet normal  9.984947e-01 -5.484744e-02  0.000000e+00
   outer loop
     vertex  3.235623e+01  8.181631e+00  4.000000e+00
     vertex  3.235224e+01  8.109033e+00  0.000000e+00
     vertex  3.235623e+01  8.181631e+00  0.000000e+00
   endloop
 endfacet
 facet normal  9.984947e-01 -5.484744e-02  0.000000e+00
   outer loop
     vertex  3.235224e+01  8.109033e+00  4.000000e+00
     vertex  3.235224e+01  8.109033e+00  0.000000e+00
     vertex  3.235623e+01  8.181631e+00  4.000000e+00
   endloop
 endfacet
 facet normal  9.996236e-01 -2.743405e-02  0.000000e+00
   outer loop
     vertex  3.235224e+01  8.109033e+00  4.000000e+00
     vertex  3.235025e+01  8.036354e+00  0.000000e+00
     vertex  3.235224e+01  8.109033e+00  0.000000e+00
   endloop
 endfacet
 facet normal  9.996236e-01 -2.743405e-02  0.000000e+00
   outer loop
     vertex  3.235025e+01  8.036354e+00  4.000000e+00
     vertex  3.235025e+01  8.036354e+00  0.000000e+00
     vertex  3.235224e+01  8.109033e+00  4.000000e+00
   endloop
 endfacet
 facet normal  1.000000e+00 -0.000000e+00  0.000000e+00
   outer loop
     vertex  3.235025e+01  7.963646e+00  4.000000e+00
     vertex  3.235025e+01  8.036354e+00  0.000000e+00
     vertex  3.235025e+01  8.036354e+00  4.000000e+00
   endloop
 endfacet
 facet normal  1.000000e+00  0.000000e+00  0.000000e+00
   outer loop
     vertex  3.235025e+01  7.963646e+00  4.000000e+00
     vertex  3.235025e+01  7.963646e+00  0.000000e+00
     vertex  3.235025e+01  8.036354e+00  0.000000e+00
   endloop
 endfacet
 facet normal  9.996236e-01  2.743405e-02  0.000000e+00
   outer loop
     vertex  3.235025e+01  7.963646e+00  4.000000e+00
     vertex  3.235224e+01  7.890967e+00  0.000000e+00
     vertex  3.235025e+01  7.963646e+00  0.000000e+00
   endloop
 endfacet
 facet normal  9.996236e-01  2.743405e-02  0.000000e+00
   outer loop
     vertex  3.235224e+01  7.890967e+00  4.000000e+00
     vertex  3.235224e+01  7.890967e+00  0.000000e+00
     vertex  3.235025e+01  7.963646e+00  4.000000e+00
   endloop
 endfacet
 facet normal  9.984947e-01  5.484744e-02  0.000000e+00
   outer loop
     vertex  3.235623e+01  7.818369e+00  4.000000e+00
     vertex  3.235224e+01  7.890967e+00  0.000000e+00
     vertex  3.235224e+01  7.890967e+00  4.000000e+00
   endloop
 endfacet
 facet normal  9.984947e-01  5.484744e-02  0.000000e+00
   outer loop
     vertex  3.235623e+01  7.818369e+00  4.000000e+00
     vertex  3.235623e+01  7.818369e+00  0.000000e+00
     vertex  3.235224e+01  7.890967e+00  0.000000e+00
   endloop
 endfacet
 facet normal  9.966142e-01  8.221955e-02  0.000000e+00
   outer loop
     vertex  3.235623e+01  7.818369e+00  4.000000e+00
     vertex  3.236221e+01  7.745908e+00  0.000000e+00
     vertex  3.235623e+01  7.818369e+00  0.000000e+00
   endloop
 endfacet
 facet normal  9.966142e-01  8.221955e-02  0.000000e+00
   outer loop
     vertex  3.236221e+01  7.745908e+00  4.000000e+00
     vertex  3.236221e+01  7.745908e+00  0.000000e+00
     vertex  3.235623e+01  7.818369e+00  4.000000e+00
   endloop
 endfacet
 facet normal  9.939835e-01  1.095298e-01  0.000000e+00
   outer loop
     vertex  3.237017e+01  7.673639e+00  4.000000e+00
     vertex  3.236221e+01  7.745908e+00  0.000000e+00
     vertex  3.236221e+01  7.745908e+00  4.000000e+00
   endloop
 endfacet
 facet normal  9.939835e-01  1.095298e-01  0.000000e+00
   outer loop
     vertex  3.237017e+01  7.673639e+00  4.000000e+00
     vertex  3.237017e+01  7.673639e+00  0.000000e+00
     vertex  3.236221e+01  7.745908e+00  0.000000e+00
   endloop
 endfacet
 facet normal  9.906046e-01  1.367575e-01  0.000000e+00
   outer loop
     vertex  3.237017e+01  7.673639e+00  4.000000e+00
     vertex  3.238012e+01  7.601615e+00  0.000000e+00
     vertex  3.237017e+01  7.673639e+00  0.000000e+00
   endloop
 endfacet
 facet normal  9.906046e-01  1.367575e-01  0.000000e+00
   outer loop
     vertex  3.238012e+01  7.601615e+00  4.000000e+00
     vertex  3.238012e+01  7.601615e+00  0.000000e+00
     vertex  3.237017e+01  7.673639e+00  4.000000e+00
   endloop
 endfacet
 facet normal  9.864799e-01  1.638824e-01  0.000000e+00
   outer loop
     vertex  3.239203e+01  7.529891e+00  4.000000e+00
     vertex  3.238012e+01  7.601615e+00  0.000000e+00
     vertex  3.238012e+01  7.601615e+00  4.000000e+00
   endloop
 endfacet
 facet normal  9.864799e-01  1.638824e-01  0.000000e+00
   outer loop
     vertex  3.239203e+01  7.529891e+00  4.000000e+00
     vertex  3.239203e+01  7.529891e+00  0.000000e+00
     vertex  3.238012e+01  7.601615e+00  0.000000e+00
   endloop
 endfacet
 facet normal  9.816126e-01  1.908838e-01  0.000000e+00
   outer loop
     vertex  3.240591e+01  7.458520e+00  4.000000e+00
     vertex  3.239203e+01  7.529891e+00  0.000000e+00
     vertex  3.239203e+01  7.529891e+00  4.000000e+00
   endloop
 endfacet
 facet normal  9.816126e-01  1.908838e-01  0.000000e+00
   outer loop
     vertex  3.240591e+01  7.458520e+00  4.000000e+00
     vertex  3.240591e+01  7.458520e+00  0.000000e+00
     vertex  3.239203e+01  7.529891e+00  0.000000e+00
   endloop
 endfacet
 facet normal  9.760065e-01  2.177416e-01  0.000000e+00
   outer loop
     vertex  3.242174e+01  7.387558e+00  4.000000e+00
     vertex  3.242174e+01  7.387558e+00  0.000000e+00
     vertex  3.240591e+01  7.458520e+00  0.000000e+00
   endloop
 endfacet
 facet normal  9.760065e-01  2.177416e-01  0.000000e+00
   outer loop
     vertex  3.242174e+01  7.387558e+00  4.000000e+00
     vertex  3.240591e+01  7.458520e+00  0.000000e+00
     vertex  3.240591e+01  7.458520e+00  4.000000e+00
   endloop
 endfacet
 facet normal  9.696656e-01  2.444354e-01  0.000000e+00
   outer loop
     vertex  3.242174e+01  7.387558e+00  4.000000e+00
     vertex  3.243951e+01  7.317056e+00  0.000000e+00
     vertex  3.242174e+01  7.387558e+00  0.000000e+00
   endloop
 endfacet
 facet normal  9.696656e-01  2.444354e-01  0.000000e+00
   outer loop
     vertex  3.243951e+01  7.317056e+00  4.000000e+00
     vertex  3.243951e+01  7.317056e+00  0.000000e+00
     vertex  3.242174e+01  7.387558e+00  4.000000e+00
   endloop
 endfacet
 facet normal  9.625948e-01  2.709453e-01  0.000000e+00
   outer loop
     vertex  3.245921e+01  7.247069e+00  4.000000e+00
     vertex  3.245921e+01  7.247069e+00  0.000000e+00
     vertex  3.243951e+01  7.317056e+00  0.000000e+00
   endloop
 endfacet
 facet normal  9.625948e-01  2.709453e-01  0.000000e+00
   outer loop
     vertex  3.245921e+01  7.247069e+00  4.000000e+00
     vertex  3.243951e+01  7.317056e+00  0.000000e+00
     vertex  3.243951e+01  7.317056e+00  4.000000e+00
   endloop
 endfacet
 facet normal  9.547993e-01  2.972512e-01  0.000000e+00
   outer loop
     vertex  3.248083e+01  7.177648e+00  4.000000e+00
     vertex  3.248083e+01  7.177648e+00  0.000000e+00
     vertex  3.245921e+01  7.247069e+00  0.000000e+00
   endloop
 endfacet
 facet normal  9.547993e-01  2.972512e-01  0.000000e+00
   outer loop
     vertex  3.248083e+01  7.177648e+00  4.000000e+00
     vertex  3.245921e+01  7.247069e+00  0.000000e+00
     vertex  3.245921e+01  7.247069e+00  4.000000e+00
   endloop
 endfacet
 facet normal  9.462851e-01  3.233333e-01  0.000000e+00
   outer loop
     vertex  3.250433e+01  7.108847e+00  4.000000e+00
     vertex  3.250433e+01  7.108847e+00  0.000000e+00
     vertex  3.248083e+01  7.177648e+00  0.000000e+00
   endloop
 endfacet
 facet normal  9.462851e-01  3.233333e-01  0.000000e+00
   outer loop
     vertex  3.250433e+01  7.108847e+00  4.000000e+00
     vertex  3.248083e+01  7.177648e+00  0.000000e+00
     vertex  3.248083e+01  7.177648e+00  4.000000e+00
   endloop
 endfacet
 facet normal  9.370586e-01  3.491720e-01  0.000000e+00
   outer loop
     vertex  3.252972e+01  7.040716e+00  4.000000e+00
     vertex  3.252972e+01  7.040716e+00  0.000000e+00
     vertex  3.250433e+01  7.108847e+00  0.000000e+00
   endloop
 endfacet
 facet normal  9.271267e-01  3.747479e-01  0.000000e+00
   outer loop
     vertex  3.252972e+01  7.040716e+00  4.000000e+00
     vertex  3.255697e+01  6.973307e+00  0.000000e+00
     vertex  3.252972e+01  7.040716e+00  0.000000e+00
   endloop
 endfacet
 facet normal  9.370586e-01  3.491720e-01  0.000000e+00
   outer loop
     vertex  3.252972e+01  7.040716e+00  4.000000e+00
     vertex  3.250433e+01  7.108847e+00  0.000000e+00
     vertex  3.250433e+01  7.108847e+00  4.000000e+00
   endloop
 endfacet
 facet normal  9.164969e-01  4.000417e-01  0.000000e+00
   outer loop
     vertex  3.255697e+01  6.973307e+00  4.000000e+00
     vertex  3.258605e+01  6.906671e+00  0.000000e+00
     vertex  3.255697e+01  6.973307e+00  0.000000e+00
   endloop
 endfacet
 facet normal  9.271267e-01  3.747479e-01  0.000000e+00
   outer loop
     vertex  3.255697e+01  6.973307e+00  4.000000e+00
     vertex  3.255697e+01  6.973307e+00  0.000000e+00
     vertex  3.252972e+01  7.040716e+00  4.000000e+00
   endloop
 endfacet
 facet normal  9.164969e-01  4.000417e-01  0.000000e+00
   outer loop
     vertex  3.258605e+01  6.906671e+00  4.000000e+00
     vertex  3.258605e+01  6.906671e+00  0.000000e+00
     vertex  3.255697e+01  6.973307e+00  4.000000e+00
   endloop
 endfacet
 facet normal  9.051772e-01  4.250344e-01  0.000000e+00
   outer loop
     vertex  3.261696e+01  6.840859e+00  4.000000e+00
     vertex  3.261696e+01  6.840859e+00  0.000000e+00
     vertex  3.258605e+01  6.906671e+00  0.000000e+00
   endloop
 endfacet
 facet normal  9.051772e-01  4.250344e-01  0.000000e+00
   outer loop
     vertex  3.261696e+01  6.840859e+00  4.000000e+00
     vertex  3.258605e+01  6.906671e+00  0.000000e+00
     vertex  3.258605e+01  6.906671e+00  4.000000e+00
   endloop
 endfacet
 facet normal  8.931761e-01  4.497071e-01  0.000000e+00
   outer loop
     vertex  3.264965e+01  6.775918e+00  4.000000e+00
     vertex  3.264965e+01  6.775918e+00  0.000000e+00
     vertex  3.261696e+01  6.840859e+00  0.000000e+00
   endloop
 endfacet
 facet normal  8.931761e-01  4.497071e-01  0.000000e+00
   outer loop
     vertex  3.264965e+01  6.775918e+00  4.000000e+00
     vertex  3.261696e+01  6.840859e+00  0.000000e+00
     vertex  3.261696e+01  6.840859e+00  4.000000e+00
   endloop
 endfacet
 facet normal  8.805026e-01  4.740412e-01  0.000000e+00
   outer loop
     vertex  3.268412e+01  6.711900e+00  4.000000e+00
     vertex  3.268412e+01  6.711900e+00  0.000000e+00
     vertex  3.264965e+01  6.775918e+00  0.000000e+00
   endloop
 endfacet
 facet normal  8.805026e-01  4.740412e-01  0.000000e+00
   outer loop
     vertex  3.268412e+01  6.711900e+00  4.000000e+00
     vertex  3.264965e+01  6.775918e+00  0.000000e+00
     vertex  3.264965e+01  6.775918e+00  4.000000e+00
   endloop
 endfacet
 facet normal  8.671664e-01  4.980186e-01  0.000000e+00
   outer loop
     vertex  3.272033e+01  6.648850e+00  4.000000e+00
     vertex  3.272033e+01  6.648850e+00  0.000000e+00
     vertex  3.268412e+01  6.711900e+00  0.000000e+00
   endloop
 endfacet
 facet normal  8.531773e-01  5.216210e-01  0.000000e+00
   outer loop
     vertex  3.272033e+01  6.648850e+00  4.000000e+00
     vertex  3.275826e+01  6.586818e+00  0.000000e+00
     vertex  3.272033e+01  6.648850e+00  0.000000e+00
   endloop
 endfacet
 facet normal  8.671664e-01  4.980186e-01  0.000000e+00
   outer loop
     vertex  3.272033e+01  6.648850e+00  4.000000e+00
     vertex  3.268412e+01  6.711900e+00  0.000000e+00
     vertex  3.268412e+01  6.711900e+00  4.000000e+00
   endloop
 endfacet
 facet normal  8.385460e-01  5.448308e-01  0.000000e+00
   outer loop
     vertex  3.275826e+01  6.586818e+00  4.000000e+00
     vertex  3.279787e+01  6.525850e+00  0.000000e+00
     vertex  3.275826e+01  6.586818e+00  0.000000e+00
   endloop
 endfacet
 facet normal  8.531773e-01  5.216210e-01  0.000000e+00
   outer loop
     vertex  3.275826e+01  6.586818e+00  4.000000e+00
     vertex  3.275826e+01  6.586818e+00  0.000000e+00
     vertex  3.272033e+01  6.648850e+00  4.000000e+00
   endloop
 endfacet
 facet normal  8.385460e-01  5.448308e-01  0.000000e+00
   outer loop
     vertex  3.279787e+01  6.525850e+00  4.000000e+00
     vertex  3.279787e+01  6.525850e+00  0.000000e+00
     vertex  3.275826e+01  6.586818e+00  4.000000e+00
   endloop
 endfacet
 facet normal  8.232835e-01  5.676304e-01  0.000000e+00
   outer loop
     vertex  3.283914e+01  6.465992e+00  4.000000e+00
     vertex  3.279787e+01  6.525850e+00  0.000000e+00
     vertex  3.279787e+01  6.525850e+00  4.000000e+00
   endloop
 endfacet
 facet normal  8.232835e-01  5.676304e-01  0.000000e+00
   outer loop
     vertex  3.283914e+01  6.465992e+00  4.000000e+00
     vertex  3.283914e+01  6.465992e+00  0.000000e+00
     vertex  3.279787e+01  6.525850e+00  0.000000e+00
   endloop
 endfacet
 facet normal  8.074012e-01  5.900028e-01  0.000000e+00
   outer loop
     vertex  3.283914e+01  6.465992e+00  4.000000e+00
     vertex  3.288204e+01  6.407288e+00  0.000000e+00
     vertex  3.283914e+01  6.465992e+00  0.000000e+00
   endloop
 endfacet
 facet normal  8.074012e-01  5.900028e-01  0.000000e+00
   outer loop
     vertex  3.288204e+01  6.407288e+00  4.000000e+00
     vertex  3.288204e+01  6.407288e+00  0.000000e+00
     vertex  3.283914e+01  6.465992e+00  4.000000e+00
   endloop
 endfacet
 facet normal  7.909112e-01  6.119310e-01  0.000000e+00
   outer loop
     vertex  3.292653e+01  6.349783e+00  4.000000e+00
     vertex  3.288204e+01  6.407288e+00  0.000000e+00
     vertex  3.288204e+01  6.407288e+00  4.000000e+00
   endloop
 endfacet
 facet normal  7.909112e-01  6.119310e-01  0.000000e+00
   outer loop
     vertex  3.292653e+01  6.349783e+00  4.000000e+00
     vertex  3.292653e+01  6.349783e+00  0.000000e+00
     vertex  3.288204e+01  6.407288e+00  0.000000e+00
   endloop
 endfacet
 facet normal  7.738257e-01  6.333986e-01  0.000000e+00
   outer loop
     vertex  3.292653e+01  6.349783e+00  4.000000e+00
     vertex  3.297258e+01  6.293520e+00  0.000000e+00
     vertex  3.292653e+01  6.349783e+00  0.000000e+00
   endloop
 endfacet
 facet normal  7.738257e-01  6.333986e-01  0.000000e+00
   outer loop
     vertex  3.297258e+01  6.293520e+00  4.000000e+00
     vertex  3.297258e+01  6.293520e+00  0.000000e+00
     vertex  3.292653e+01  6.349783e+00  4.000000e+00
   endloop
 endfacet
 facet normal  7.561578e-01  6.543893e-01  0.000000e+00
   outer loop
     vertex  3.302016e+01  6.238542e+00  4.000000e+00
     vertex  3.297258e+01  6.293520e+00  0.000000e+00
     vertex  3.297258e+01  6.293520e+00  4.000000e+00
   endloop
 endfacet
 facet normal  7.561578e-01  6.543893e-01  0.000000e+00
   outer loop
     vertex  3.302016e+01  6.238542e+00  4.000000e+00
     vertex  3.302016e+01  6.238542e+00  0.000000e+00
     vertex  3.297258e+01  6.293520e+00  0.000000e+00
   endloop
 endfacet
 facet normal  7.379206e-01  6.748875e-01  0.000000e+00
   outer loop
     vertex  3.306923e+01  6.184890e+00  4.000000e+00
     vertex  3.302016e+01  6.238542e+00  0.000000e+00
     vertex  3.302016e+01  6.238542e+00  4.000000e+00
   endloop
 endfacet
 facet normal  7.379206e-01  6.748875e-01  0.000000e+00
   outer loop
     vertex  3.306923e+01  6.184890e+00  4.000000e+00
     vertex  3.306923e+01  6.184890e+00  0.000000e+00
     vertex  3.302016e+01  6.238542e+00  0.000000e+00
   endloop
 endfacet
 facet normal  7.191280e-01  6.948776e-01  0.000000e+00
   outer loop
     vertex  3.311975e+01  6.132605e+00  4.000000e+00
     vertex  3.306923e+01  6.184890e+00  0.000000e+00
     vertex  3.306923e+01  6.184890e+00  4.000000e+00
   endloop
 endfacet
 facet normal  7.191280e-01  6.948776e-01  0.000000e+00
   outer loop
     vertex  3.311975e+01  6.132605e+00  4.000000e+00
     vertex  3.311975e+01  6.132605e+00  0.000000e+00
     vertex  3.306923e+01  6.184890e+00  0.000000e+00
   endloop
 endfacet
 facet normal  6.997940e-01  7.143447e-01  0.000000e+00
   outer loop
     vertex  3.317169e+01  6.081725e+00  4.000000e+00
     vertex  3.311975e+01  6.132605e+00  0.000000e+00
     vertex  3.311975e+01  6.132605e+00  4.000000e+00
   endloop
 endfacet
 facet normal  6.997940e-01  7.143447e-01  0.000000e+00
   outer loop
     vertex  3.317169e+01  6.081725e+00  4.000000e+00
     vertex  3.317169e+01  6.081725e+00  0.000000e+00
     vertex  3.311975e+01  6.132605e+00  0.000000e+00
   endloop
 endfacet
 facet normal  6.799333e-01  7.332740e-01  0.000000e+00
   outer loop
     vertex  3.322500e+01  6.032289e+00  4.000000e+00
     vertex  3.317169e+01  6.081725e+00  0.000000e+00
     vertex  3.317169e+01  6.081725e+00  4.000000e+00
   endloop
 endfacet
 facet normal  6.799333e-01  7.332740e-01  0.000000e+00
   outer loop
     vertex  3.322500e+01  6.032289e+00  4.000000e+00
     vertex  3.322500e+01  6.032289e+00  0.000000e+00
     vertex  3.317169e+01  6.081725e+00  0.000000e+00
   endloop
 endfacet
 facet normal  6.595607e-01  7.516513e-01  0.000000e+00
   outer loop
     vertex  3.322500e+01  6.032289e+00  4.000000e+00
     vertex  3.327965e+01  5.984334e+00  0.000000e+00
     vertex  3.322500e+01  6.032289e+00  0.000000e+00
   endloop
 endfacet
 facet normal  6.595607e-01  7.516513e-01  0.000000e+00
   outer loop
     vertex  3.327965e+01  5.984334e+00  4.000000e+00
     vertex  3.327965e+01  5.984334e+00  0.000000e+00
     vertex  3.322500e+01  6.032289e+00  4.000000e+00
   endloop
 endfacet
 facet normal  6.386916e-01  7.694628e-01  0.000000e+00
   outer loop
     vertex  3.333560e+01  5.937897e+00  4.000000e+00
     vertex  3.327965e+01  5.984334e+00  0.000000e+00
     vertex  3.327965e+01  5.984334e+00  4.000000e+00
   endloop
 endfacet
 facet normal  6.386916e-01  7.694628e-01  0.000000e+00
   outer loop
     vertex  3.333560e+01  5.937897e+00  4.000000e+00
     vertex  3.333560e+01  5.937897e+00  0.000000e+00
     vertex  3.327965e+01  5.984334e+00  0.000000e+00
   endloop
 endfacet
 facet normal  6.173417e-01  7.866951e-01  0.000000e+00
   outer loop
     vertex  3.339280e+01  5.893012e+00  4.000000e+00
     vertex  3.333560e+01  5.937897e+00  0.000000e+00
     vertex  3.333560e+01  5.937897e+00  4.000000e+00
   endloop
 endfacet
 facet normal  6.173417e-01  7.866951e-01  0.000000e+00
   outer loop
     vertex  3.339280e+01  5.893012e+00  4.000000e+00
     vertex  3.339280e+01  5.893012e+00  0.000000e+00
     vertex  3.333560e+01  5.937897e+00  0.000000e+00
   endloop
 endfacet
 facet normal  5.955271e-01  8.033352e-01  0.000000e+00
   outer loop
     vertex  3.345121e+01  5.849713e+00  4.000000e+00
     vertex  3.339280e+01  5.893012e+00  0.000000e+00
     vertex  3.339280e+01  5.893012e+00  4.000000e+00
   endloop
 endfacet
 facet normal  5.955271e-01  8.033352e-01  0.000000e+00
   outer loop
     vertex  3.345121e+01  5.849713e+00  4.000000e+00
     vertex  3.345121e+01  5.849713e+00  0.000000e+00
     vertex  3.339280e+01  5.893012e+00  0.000000e+00
   endloop
 endfacet
 facet normal  5.732642e-01  8.193706e-01  0.000000e+00
   outer loop
     vertex  3.351078e+01  5.808032e+00  4.000000e+00
     vertex  3.345121e+01  5.849713e+00  0.000000e+00
     vertex  3.345121e+01  5.849713e+00  4.000000e+00
   endloop
 endfacet
 facet normal  5.732642e-01  8.193706e-01  0.000000e+00
   outer loop
     vertex  3.351078e+01  5.808032e+00  4.000000e+00
     vertex  3.351078e+01  5.808032e+00  0.000000e+00
     vertex  3.345121e+01  5.849713e+00  0.000000e+00
   endloop
 endfacet
 facet normal  5.505698e-01  8.347891e-01  0.000000e+00
   outer loop
     vertex  3.357147e+01  5.768002e+00  4.000000e+00
     vertex  3.351078e+01  5.808032e+00  0.000000e+00
     vertex  3.351078e+01  5.808032e+00  4.000000e+00
   endloop
 endfacet
 facet normal  5.505698e-01  8.347891e-01  0.000000e+00
   outer loop
     vertex  3.357147e+01  5.768002e+00  4.000000e+00
     vertex  3.357147e+01  5.768002e+00  0.000000e+00
     vertex  3.351078e+01  5.808032e+00  0.000000e+00
   endloop
 endfacet
 facet normal  5.274609e-01  8.495793e-01  0.000000e+00
   outer loop
     vertex  3.357147e+01  5.768002e+00  4.000000e+00
     vertex  3.363325e+01  5.729652e+00  0.000000e+00
     vertex  3.357147e+01  5.768002e+00  0.000000e+00
   endloop
 endfacet
 facet normal  5.274609e-01  8.495793e-01  0.000000e+00
   outer loop
     vertex  3.363325e+01  5.729652e+00  4.000000e+00
     vertex  3.363325e+01  5.729652e+00  0.000000e+00
     vertex  3.357147e+01  5.768002e+00  4.000000e+00
   endloop
 endfacet
 facet normal  5.039550e-01  8.637299e-01  0.000000e+00
   outer loop
     vertex  3.369604e+01  5.693011e+00  4.000000e+00
     vertex  3.363325e+01  5.729652e+00  0.000000e+00
     vertex  3.363325e+01  5.729652e+00  4.000000e+00
   endloop
 endfacet
 facet normal  5.039550e-01  8.637299e-01  0.000000e+00
   outer loop
     vertex  3.369604e+01  5.693011e+00  4.000000e+00
     vertex  3.369604e+01  5.693011e+00  0.000000e+00
     vertex  3.363325e+01  5.729652e+00  0.000000e+00
   endloop
 endfacet
 facet normal  4.800697e-01  8.772303e-01  0.000000e+00
   outer loop
     vertex  3.369604e+01  5.693011e+00  4.000000e+00
     vertex  3.375983e+01  5.658106e+00  0.000000e+00
     vertex  3.369604e+01  5.693011e+00  0.000000e+00
   endloop
 endfacet
 facet normal  4.800697e-01  8.772303e-01  0.000000e+00
   outer loop
     vertex  3.375983e+01  5.658106e+00  4.000000e+00
     vertex  3.375983e+01  5.658106e+00  0.000000e+00
     vertex  3.369604e+01  5.693011e+00  4.000000e+00
   endloop
 endfacet
 facet normal  4.558231e-01  8.900704e-01  0.000000e+00
   outer loop
     vertex  3.382454e+01  5.624965e+00  4.000000e+00
     vertex  3.375983e+01  5.658106e+00  0.000000e+00
     vertex  3.375983e+01  5.658106e+00  4.000000e+00
   endloop
 endfacet
 facet normal  4.558231e-01  8.900704e-01  0.000000e+00
   outer loop
     vertex  3.382454e+01  5.624965e+00  4.000000e+00
     vertex  3.382454e+01  5.624965e+00  0.000000e+00
     vertex  3.375983e+01  5.658106e+00  0.000000e+00
   endloop
 endfacet
 facet normal  4.312333e-01  9.022405e-01  0.000000e+00
   outer loop
     vertex  3.389014e+01  5.593611e+00  4.000000e+00
     vertex  3.382454e+01  5.624965e+00  0.000000e+00
     vertex  3.382454e+01  5.624965e+00  4.000000e+00
   endloop
 endfacet
 facet normal  4.312333e-01  9.022405e-01  0.000000e+00
   outer loop
     vertex  3.389014e+01  5.593611e+00  4.000000e+00
     vertex  3.389014e+01  5.593611e+00  0.000000e+00
     vertex  3.382454e+01  5.624965e+00  0.000000e+00
   endloop
 endfacet
 facet normal  4.063188e-01  9.137314e-01  0.000000e+00
   outer loop
     vertex  3.389014e+01  5.593611e+00  4.000000e+00
     vertex  3.395657e+01  5.564069e+00  0.000000e+00
     vertex  3.389014e+01  5.593611e+00  0.000000e+00
   endloop
 endfacet
 facet normal  4.063188e-01  9.137314e-01  0.000000e+00
   outer loop
     vertex  3.395657e+01  5.564069e+00  4.000000e+00
     vertex  3.395657e+01  5.564069e+00  0.000000e+00
     vertex  3.389014e+01  5.593611e+00  4.000000e+00
   endloop
 endfacet
 facet normal  3.810986e-01  9.245344e-01  0.000000e+00
   outer loop
     vertex  3.402379e+01  5.536360e+00  4.000000e+00
     vertex  3.402379e+01  5.536360e+00  0.000000e+00
     vertex  3.395657e+01  5.564069e+00  0.000000e+00
   endloop
 endfacet
 facet normal  3.810986e-01  9.245344e-01  0.000000e+00
   outer loop
     vertex  3.402379e+01  5.536360e+00  4.000000e+00
     vertex  3.395657e+01  5.564069e+00  0.000000e+00
     vertex  3.395657e+01  5.564069e+00  4.000000e+00
   endloop
 endfacet
 facet normal  3.555914e-01  9.346415e-01  0.000000e+00
   outer loop
     vertex  3.409175e+01  5.510506e+00  4.000000e+00
     vertex  3.409175e+01  5.510506e+00  0.000000e+00
     vertex  3.402379e+01  5.536360e+00  0.000000e+00
   endloop
 endfacet
 facet normal  3.555914e-01  9.346415e-01  0.000000e+00
   outer loop
     vertex  3.409175e+01  5.510506e+00  4.000000e+00
     vertex  3.402379e+01  5.536360e+00  0.000000e+00
     vertex  3.402379e+01  5.536360e+00  4.000000e+00
   endloop
 endfacet
 facet normal  3.298166e-01  9.440450e-01  0.000000e+00
   outer loop
     vertex  3.416039e+01  5.486526e+00  4.000000e+00
     vertex  3.416039e+01  5.486526e+00  0.000000e+00
     vertex  3.409175e+01  5.510506e+00  0.000000e+00
   endloop
 endfacet
 facet normal  3.298166e-01  9.440450e-01  0.000000e+00
   outer loop
     vertex  3.416039e+01  5.486526e+00  4.000000e+00
     vertex  3.409175e+01  5.510506e+00  0.000000e+00
     vertex  3.409175e+01  5.510506e+00  4.000000e+00
   endloop
 endfacet
 facet normal  3.037934e-01  9.527379e-01  0.000000e+00
   outer loop
     vertex  3.422966e+01  5.464438e+00  4.000000e+00
     vertex  3.422966e+01  5.464438e+00  0.000000e+00
     vertex  3.416039e+01  5.486526e+00  0.000000e+00
   endloop
 endfacet
 facet normal  2.775416e-01  9.607136e-01  0.000000e+00
   outer loop
     vertex  3.422966e+01  5.464438e+00  4.000000e+00
     vertex  3.429951e+01  5.444259e+00  0.000000e+00
     vertex  3.422966e+01  5.464438e+00  0.000000e+00
   endloop
 endfacet
 facet normal  3.037934e-01  9.527379e-01  0.000000e+00
   outer loop
     vertex  3.422966e+01  5.464438e+00  4.000000e+00
     vertex  3.416039e+01  5.486526e+00  0.000000e+00
     vertex  3.416039e+01  5.486526e+00  4.000000e+00
   endloop
 endfacet
 facet normal  2.775416e-01  9.607136e-01  0.000000e+00
   outer loop
     vertex  3.429951e+01  5.444259e+00  4.000000e+00
     vertex  3.429951e+01  5.444259e+00  0.000000e+00
     vertex  3.422966e+01  5.464438e+00  4.000000e+00
   endloop
 endfacet
 facet normal  2.510809e-01  9.679661e-01  0.000000e+00
   outer loop
     vertex  3.436989e+01  5.426004e+00  4.000000e+00
     vertex  3.429951e+01  5.444259e+00  0.000000e+00
     vertex  3.429951e+01  5.444259e+00  4.000000e+00
   endloop
 endfacet
 facet normal  2.510809e-01  9.679661e-01  0.000000e+00
   outer loop
     vertex  3.436989e+01  5.426004e+00  4.000000e+00
     vertex  3.436989e+01  5.426004e+00  0.000000e+00
     vertex  3.429951e+01  5.444259e+00  0.000000e+00
   endloop
 endfacet
 facet normal  2.244312e-01  9.744899e-01  0.000000e+00
   outer loop
     vertex  3.436989e+01  5.426004e+00  4.000000e+00
     vertex  3.444074e+01  5.409686e+00  0.000000e+00
     vertex  3.436989e+01  5.426004e+00  0.000000e+00
   endloop
 endfacet
 facet normal  2.244312e-01  9.744899e-01  0.000000e+00
   outer loop
     vertex  3.444074e+01  5.409686e+00  4.000000e+00
     vertex  3.444074e+01  5.409686e+00  0.000000e+00
     vertex  3.436989e+01  5.426004e+00  4.000000e+00
   endloop
 endfacet
 facet normal  1.976125e-01  9.802802e-01  0.000000e+00
   outer loop
     vertex  3.451201e+01  5.395318e+00  4.000000e+00
     vertex  3.444074e+01  5.409686e+00  0.000000e+00
     vertex  3.444074e+01  5.409686e+00  4.000000e+00
   endloop
 endfacet
 facet normal  1.976125e-01  9.802802e-01  0.000000e+00
   outer loop
     vertex  3.451201e+01  5.395318e+00  4.000000e+00
     vertex  3.451201e+01  5.395318e+00  0.000000e+00
     vertex  3.444074e+01  5.409686e+00  0.000000e+00
   endloop
 endfacet
 facet normal  1.706451e-01  9.853326e-01  0.000000e+00
   outer loop
     vertex  3.451201e+01  5.395318e+00  4.000000e+00
     vertex  3.458365e+01  5.382911e+00  0.000000e+00
     vertex  3.451201e+01  5.395318e+00  0.000000e+00
   endloop
 endfacet
 facet normal  1.706451e-01  9.853326e-01  0.000000e+00
   outer loop
     vertex  3.458365e+01  5.382911e+00  4.000000e+00
     vertex  3.458365e+01  5.382911e+00  0.000000e+00
     vertex  3.451201e+01  5.395318e+00  4.000000e+00
   endloop
 endfacet
 facet normal  1.435492e-01  9.896432e-01  0.000000e+00
   outer loop
     vertex  3.465561e+01  5.372474e+00  4.000000e+00
     vertex  3.458365e+01  5.382911e+00  0.000000e+00
     vertex  3.458365e+01  5.382911e+00  4.000000e+00
   endloop
 endfacet
 facet normal  1.435492e-01  9.896432e-01  0.000000e+00
   outer loop
     vertex  3.465561e+01  5.372474e+00  4.000000e+00
     vertex  3.465561e+01  5.372474e+00  0.000000e+00
     vertex  3.458365e+01  5.382911e+00  0.000000e+00
   endloop
 endfacet
 facet normal  1.163452e-01  9.932088e-01  0.000000e+00
   outer loop
     vertex  3.472782e+01  5.364015e+00  4.000000e+00
     vertex  3.465561e+01  5.372474e+00  0.000000e+00
     vertex  3.465561e+01  5.372474e+00  4.000000e+00
   endloop
 endfacet
 facet normal  1.163452e-01  9.932088e-01  0.000000e+00
   outer loop
     vertex  3.472782e+01  5.364015e+00  4.000000e+00
     vertex  3.472782e+01  5.364015e+00  0.000000e+00
     vertex  3.465561e+01  5.372474e+00  0.000000e+00
   endloop
 endfacet
 facet normal  8.905371e-02  9.960268e-01  0.000000e+00
   outer loop
     vertex  3.480024e+01  5.357540e+00  4.000000e+00
     vertex  3.472782e+01  5.364015e+00  0.000000e+00
     vertex  3.472782e+01  5.364015e+00  4.000000e+00
   endloop
 endfacet
 facet normal  8.905371e-02  9.960268e-01  0.000000e+00
   outer loop
     vertex  3.480024e+01  5.357540e+00  4.000000e+00
     vertex  3.480024e+01  5.357540e+00  0.000000e+00
     vertex  3.472782e+01  5.364015e+00  0.000000e+00
   endloop
 endfacet
 facet normal  6.169515e-02  9.980950e-01  0.000000e+00
   outer loop
     vertex  3.487281e+01  5.353054e+00  4.000000e+00
     vertex  3.480024e+01  5.357540e+00  0.000000e+00
     vertex  3.480024e+01  5.357540e+00  4.000000e+00
   endloop
 endfacet
 facet normal  6.169515e-02  9.980950e-01  0.000000e+00
   outer loop
     vertex  3.487281e+01  5.353054e+00  4.000000e+00
     vertex  3.487281e+01  5.353054e+00  0.000000e+00
     vertex  3.480024e+01  5.357540e+00  0.000000e+00
   endloop
 endfacet
 facet normal  3.429014e-02  9.994119e-01  0.000000e+00
   outer loop
     vertex  3.494547e+01  5.350561e+00  4.000000e+00
     vertex  3.487281e+01  5.353054e+00  0.000000e+00
     vertex  3.487281e+01  5.353054e+00  4.000000e+00
   endloop
 endfacet
 facet normal  3.429014e-02  9.994119e-01  0.000000e+00
   outer loop
     vertex  3.494547e+01  5.350561e+00  4.000000e+00
     vertex  3.494547e+01  5.350561e+00  0.000000e+00
     vertex  3.487281e+01  5.353054e+00  0.000000e+00
   endloop
 endfacet
 facet normal  6.859319e-03  9.999765e-01  0.000000e+00
   outer loop
     vertex  3.494547e+01  5.350561e+00  4.000000e+00
     vertex  3.501818e+01  5.350062e+00  0.000000e+00
     vertex  3.494547e+01  5.350561e+00  0.000000e+00
   endloop
 endfacet
 facet normal  6.859319e-03  9.999765e-01  0.000000e+00
   outer loop
     vertex  3.501818e+01  5.350062e+00  4.000000e+00
     vertex  3.501818e+01  5.350062e+00  0.000000e+00
     vertex  3.494547e+01  5.350561e+00  4.000000e+00
   endloop
 endfacet
 facet normal -2.057667e-02  9.997883e-01  0.000000e+00
   outer loop
     vertex  3.509087e+01  5.351558e+00  4.000000e+00
     vertex  3.501818e+01  5.350062e+00  0.000000e+00
     vertex  3.501818e+01  5.350062e+00  4.000000e+00
   endloop
 endfacet
 facet normal -2.057667e-02  9.997883e-01  0.000000e+00
   outer loop
     vertex  3.509087e+01  5.351558e+00  4.000000e+00
     vertex  3.509087e+01  5.351558e+00  0.000000e+00
     vertex  3.501818e+01  5.350062e+00  0.000000e+00
   endloop
 endfacet
 facet normal -4.799716e-02  9.988475e-01  0.000000e+00
   outer loop
     vertex  3.516349e+01  5.355048e+00  4.000000e+00
     vertex  3.516349e+01  5.355048e+00  0.000000e+00
     vertex  3.509087e+01  5.351558e+00  0.000000e+00
   endloop
 endfacet
 facet normal -7.538152e-02  9.971548e-01  0.000000e+00
   outer loop
     vertex  3.516349e+01  5.355048e+00  4.000000e+00
     vertex  3.523599e+01  5.360529e+00  0.000000e+00
     vertex  3.516349e+01  5.355048e+00  0.000000e+00
   endloop
 endfacet
 facet normal -4.799716e-02  9.988475e-01  0.000000e+00
   outer loop
     vertex  3.516349e+01  5.355048e+00  4.000000e+00
     vertex  3.509087e+01  5.351558e+00  0.000000e+00
     vertex  3.509087e+01  5.351558e+00  4.000000e+00
   endloop
 endfacet
 facet normal -7.538152e-02  9.971548e-01  0.000000e+00
   outer loop
     vertex  3.523599e+01  5.360529e+00  4.000000e+00
     vertex  3.523599e+01  5.360529e+00  0.000000e+00
     vertex  3.516349e+01  5.355048e+00  4.000000e+00
   endloop
 endfacet
 facet normal -1.027091e-01  9.947114e-01  0.000000e+00
   outer loop
     vertex  3.530831e+01  5.367997e+00  4.000000e+00
     vertex  3.530831e+01  5.367997e+00  0.000000e+00
     vertex  3.523599e+01  5.360529e+00  0.000000e+00
   endloop
 endfacet
 facet normal -1.027091e-01  9.947114e-01  0.000000e+00
   outer loop
     vertex  3.530831e+01  5.367997e+00  4.000000e+00
     vertex  3.523599e+01  5.360529e+00  0.000000e+00
     vertex  3.523599e+01  5.360529e+00  4.000000e+00
   endloop
 endfacet
 facet normal -1.299594e-01  9.915193e-01  0.000000e+00
   outer loop
     vertex  3.538041e+01  5.377446e+00  4.000000e+00
     vertex  3.538041e+01  5.377446e+00  0.000000e+00
     vertex  3.530831e+01  5.367997e+00  0.000000e+00
   endloop
 endfacet
 facet normal -1.299594e-01  9.915193e-01  0.000000e+00
   outer loop
     vertex  3.538041e+01  5.377446e+00  4.000000e+00
     vertex  3.530831e+01  5.367997e+00  0.000000e+00
     vertex  3.530831e+01  5.367997e+00  4.000000e+00
   endloop
 endfacet
 facet normal -1.571119e-01  9.875808e-01  0.000000e+00
   outer loop
     vertex  3.545221e+01  5.388869e+00  4.000000e+00
     vertex  3.545221e+01  5.388869e+00  0.000000e+00
     vertex  3.538041e+01  5.377446e+00  0.000000e+00
   endloop
 endfacet
 facet normal -1.841461e-01  9.828989e-01  0.000000e+00
   outer loop
     vertex  3.545221e+01  5.388869e+00  4.000000e+00
     vertex  3.552367e+01  5.402257e+00  0.000000e+00
     vertex  3.545221e+01  5.388869e+00  0.000000e+00
   endloop
 endfacet
 facet normal -1.571119e-01  9.875808e-01  0.000000e+00
   outer loop
     vertex  3.545221e+01  5.388869e+00  4.000000e+00
     vertex  3.538041e+01  5.377446e+00  0.000000e+00
     vertex  3.538041e+01  5.377446e+00  4.000000e+00
   endloop
 endfacet
 facet normal -1.841461e-01  9.828989e-01  0.000000e+00
   outer loop
     vertex  3.552367e+01  5.402257e+00  4.000000e+00
     vertex  3.552367e+01  5.402257e+00  0.000000e+00
     vertex  3.545221e+01  5.388869e+00  4.000000e+00
   endloop
 endfacet
 facet normal -2.110417e-01  9.774771e-01  0.000000e+00
   outer loop
     vertex  3.559474e+01  5.417602e+00  4.000000e+00
     vertex  3.559474e+01  5.417602e+00  0.000000e+00
     vertex  3.552367e+01  5.402257e+00  0.000000e+00
   endloop
 endfacet
 facet normal -2.110417e-01  9.774771e-01  0.000000e+00
   outer loop
     vertex  3.559474e+01  5.417602e+00  4.000000e+00
     vertex  3.552367e+01  5.402257e+00  0.000000e+00
     vertex  3.552367e+01  5.402257e+00  4.000000e+00
   endloop
 endfacet
 facet normal -2.377784e-01  9.713194e-01  0.000000e+00
   outer loop
     vertex  3.566536e+01  5.434890e+00  4.000000e+00
     vertex  3.566536e+01  5.434890e+00  0.000000e+00
     vertex  3.559474e+01  5.417602e+00  0.000000e+00
   endloop
 endfacet
 facet normal -2.377784e-01  9.713194e-01  0.000000e+00
   outer loop
     vertex  3.566536e+01  5.434890e+00  4.000000e+00
     vertex  3.559474e+01  5.417602e+00  0.000000e+00
     vertex  3.559474e+01  5.417602e+00  4.000000e+00
   endloop
 endfacet
 facet normal -2.643362e-01  9.644306e-01  0.000000e+00
   outer loop
     vertex  3.573549e+01  5.454109e+00  4.000000e+00
     vertex  3.573549e+01  5.454109e+00  0.000000e+00
     vertex  3.566536e+01  5.434890e+00  0.000000e+00
   endloop
 endfacet
 facet normal -2.643362e-01  9.644306e-01  0.000000e+00
   outer loop
     vertex  3.573549e+01  5.454109e+00  4.000000e+00
     vertex  3.566536e+01  5.434890e+00  0.000000e+00
     vertex  3.566536e+01  5.434890e+00  4.000000e+00
   endloop
 endfacet
 facet normal -2.906949e-01  9.568158e-01  0.000000e+00
   outer loop
     vertex  3.580505e+01  5.475245e+00  4.000000e+00
     vertex  3.580505e+01  5.475245e+00  0.000000e+00
     vertex  3.573549e+01  5.454109e+00  0.000000e+00
   endloop
 endfacet
 facet normal -2.906949e-01  9.568158e-01  0.000000e+00
   outer loop
     vertex  3.580505e+01  5.475245e+00  4.000000e+00
     vertex  3.573549e+01  5.454109e+00  0.000000e+00
     vertex  3.573549e+01  5.454109e+00  4.000000e+00
   endloop
 endfacet
 facet normal -3.168348e-01  9.484807e-01  0.000000e+00
   outer loop
     vertex  3.587401e+01  5.498281e+00  4.000000e+00
     vertex  3.587401e+01  5.498281e+00  0.000000e+00
     vertex  3.580505e+01  5.475245e+00  0.000000e+00
   endloop
 endfacet
 facet normal -3.168348e-01  9.484807e-01  0.000000e+00
   outer loop
     vertex  3.587401e+01  5.498281e+00  4.000000e+00
     vertex  3.580505e+01  5.475245e+00  0.000000e+00
     vertex  3.580505e+01  5.475245e+00  4.000000e+00
   endloop
 endfacet
 facet normal -3.427362e-01  9.394317e-01  0.000000e+00
   outer loop
     vertex  3.594232e+01  5.523200e+00  4.000000e+00
     vertex  3.594232e+01  5.523200e+00  0.000000e+00
     vertex  3.587401e+01  5.498281e+00  0.000000e+00
   endloop
 endfacet
 facet normal -3.427362e-01  9.394317e-01  0.000000e+00
   outer loop
     vertex  3.594232e+01  5.523200e+00  4.000000e+00
     vertex  3.587401e+01  5.498281e+00  0.000000e+00
     vertex  3.587401e+01  5.498281e+00  4.000000e+00
   endloop
 endfacet
 facet normal -3.683796e-01  9.296754e-01  0.000000e+00
   outer loop
     vertex  3.600991e+01  5.549984e+00  4.000000e+00
     vertex  3.600991e+01  5.549984e+00  0.000000e+00
     vertex  3.594232e+01  5.523200e+00  0.000000e+00
   endloop
 endfacet
 facet normal -3.937458e-01  9.192194e-01  0.000000e+00
   outer loop
     vertex  3.600991e+01  5.549984e+00  4.000000e+00
     vertex  3.607674e+01  5.578612e+00  0.000000e+00
     vertex  3.600991e+01  5.549984e+00  0.000000e+00
   endloop
 endfacet
 facet normal -3.683796e-01  9.296754e-01  0.000000e+00
   outer loop
     vertex  3.600991e+01  5.549984e+00  4.000000e+00
     vertex  3.594232e+01  5.523200e+00  0.000000e+00
     vertex  3.594232e+01  5.523200e+00  4.000000e+00
   endloop
 endfacet
 facet normal -3.937458e-01  9.192194e-01  0.000000e+00
   outer loop
     vertex  3.607674e+01  5.578612e+00  4.000000e+00
     vertex  3.607674e+01  5.578612e+00  0.000000e+00
     vertex  3.600991e+01  5.549984e+00  4.000000e+00
   endloop
 endfacet
 facet normal -4.188155e-01  9.080714e-01  0.000000e+00
   outer loop
     vertex  3.614277e+01  5.609063e+00  4.000000e+00
     vertex  3.607674e+01  5.578612e+00  0.000000e+00
     vertex  3.607674e+01  5.578612e+00  4.000000e+00
   endloop
 endfacet
 facet normal -4.188155e-01  9.080714e-01  0.000000e+00
   outer loop
     vertex  3.614277e+01  5.609063e+00  4.000000e+00
     vertex  3.614277e+01  5.609063e+00  0.000000e+00
     vertex  3.607674e+01  5.578612e+00  0.000000e+00
   endloop
 endfacet
 facet normal -4.435699e-01  8.962398e-01  0.000000e+00
   outer loop
     vertex  3.620793e+01  5.641313e+00  4.000000e+00
     vertex  3.614277e+01  5.609063e+00  0.000000e+00
     vertex  3.614277e+01  5.609063e+00  4.000000e+00
   endloop
 endfacet
 facet normal -4.435699e-01  8.962398e-01  0.000000e+00
   outer loop
     vertex  3.620793e+01  5.641313e+00  4.000000e+00
     vertex  3.620793e+01  5.641313e+00  0.000000e+00
     vertex  3.614277e+01  5.609063e+00  0.000000e+00
   endloop
 endfacet
 facet normal -4.679904e-01  8.837335e-01  0.000000e+00
   outer loop
     vertex  3.627218e+01  5.675340e+00  4.000000e+00
     vertex  3.620793e+01  5.641313e+00  0.000000e+00
     vertex  3.620793e+01  5.641313e+00  4.000000e+00
   endloop
 endfacet
 facet normal -4.679904e-01  8.837335e-01  0.000000e+00
   outer loop
     vertex  3.627218e+01  5.675340e+00  4.000000e+00
     vertex  3.627218e+01  5.675340e+00  0.000000e+00
     vertex  3.620793e+01  5.641313e+00  0.000000e+00
   endloop
 endfacet
 facet normal -4.920587e-01  8.705620e-01  0.000000e+00
   outer loop
     vertex  3.633548e+01  5.711116e+00  4.000000e+00
     vertex  3.633548e+01  5.711116e+00  0.000000e+00
     vertex  3.627218e+01  5.675340e+00  0.000000e+00
   endloop
 endfacet
 facet normal -4.920587e-01  8.705620e-01  0.000000e+00
   outer loop
     vertex  3.633548e+01  5.711116e+00  4.000000e+00
     vertex  3.627218e+01  5.675340e+00  0.000000e+00
     vertex  3.627218e+01  5.675340e+00  4.000000e+00
   endloop
 endfacet
 facet normal -5.157565e-01  8.567352e-01  0.000000e+00
   outer loop
     vertex  3.639777e+01  5.748615e+00  4.000000e+00
     vertex  3.633548e+01  5.711116e+00  0.000000e+00
     vertex  3.633548e+01  5.711116e+00  4.000000e+00
   endloop
 endfacet
 facet normal -5.157565e-01  8.567352e-01  0.000000e+00
   outer loop
     vertex  3.639777e+01  5.748615e+00  4.000000e+00
     vertex  3.639777e+01  5.748615e+00  0.000000e+00
     vertex  3.633548e+01  5.711116e+00  0.000000e+00
   endloop
 endfacet
 facet normal -5.390661e-01  8.422635e-01  0.000000e+00
   outer loop
     vertex  3.645901e+01  5.787809e+00  4.000000e+00
     vertex  3.645901e+01  5.787809e+00  0.000000e+00
     vertex  3.639777e+01  5.748615e+00  0.000000e+00
   endloop
 endfacet
 facet normal -5.390661e-01  8.422635e-01  0.000000e+00
   outer loop
     vertex  3.645901e+01  5.787809e+00  4.000000e+00
     vertex  3.639777e+01  5.748615e+00  0.000000e+00
     vertex  3.639777e+01  5.748615e+00  4.000000e+00
   endloop
 endfacet
 facet normal -5.619699e-01  8.271577e-01  0.000000e+00
   outer loop
     vertex  3.651915e+01  5.828668e+00  4.000000e+00
     vertex  3.651915e+01  5.828668e+00  0.000000e+00
     vertex  3.645901e+01  5.787809e+00  0.000000e+00
   endloop
 endfacet
 facet normal -5.619699e-01  8.271577e-01  0.000000e+00
   outer loop
     vertex  3.651915e+01  5.828668e+00  4.000000e+00
     vertex  3.645901e+01  5.787809e+00  0.000000e+00
     vertex  3.645901e+01  5.787809e+00  4.000000e+00
   endloop
 endfacet
 facet normal -5.844507e-01  8.114292e-01  0.000000e+00
   outer loop
     vertex  3.657815e+01  5.871162e+00  4.000000e+00
     vertex  3.657815e+01  5.871162e+00  0.000000e+00
     vertex  3.651915e+01  5.828668e+00  0.000000e+00
   endloop
 endfacet
 facet normal -5.844507e-01  8.114292e-01  0.000000e+00
   outer loop
     vertex  3.657815e+01  5.871162e+00  4.000000e+00
     vertex  3.651915e+01  5.828668e+00  0.000000e+00
     vertex  3.651915e+01  5.828668e+00  4.000000e+00
   endloop
 endfacet
 facet normal -6.064915e-01  7.950900e-01  0.000000e+00
   outer loop
     vertex  3.663596e+01  5.915258e+00  4.000000e+00
     vertex  3.663596e+01  5.915258e+00  0.000000e+00
     vertex  3.657815e+01  5.871162e+00  0.000000e+00
   endloop
 endfacet
 facet normal -6.064915e-01  7.950900e-01  0.000000e+00
   outer loop
     vertex  3.663596e+01  5.915258e+00  4.000000e+00
     vertex  3.657815e+01  5.871162e+00  0.000000e+00
     vertex  3.657815e+01  5.871162e+00  4.000000e+00
   endloop
 endfacet
 facet normal -6.280757e-01  7.781522e-01  0.000000e+00
   outer loop
     vertex  3.669253e+01  5.960923e+00  4.000000e+00
     vertex  3.669253e+01  5.960923e+00  0.000000e+00
     vertex  3.663596e+01  5.915258e+00  0.000000e+00
   endloop
 endfacet
 facet normal -6.280757e-01  7.781522e-01  0.000000e+00
   outer loop
     vertex  3.669253e+01  5.960923e+00  4.000000e+00
     vertex  3.663596e+01  5.915258e+00  0.000000e+00
     vertex  3.663596e+01  5.915258e+00  4.000000e+00
   endloop
 endfacet
 facet normal -6.491872e-01  7.606287e-01  0.000000e+00
   outer loop
     vertex  3.674784e+01  6.008124e+00  4.000000e+00
     vertex  3.674784e+01  6.008124e+00  0.000000e+00
     vertex  3.669253e+01  5.960923e+00  0.000000e+00
   endloop
 endfacet
 facet normal -6.491872e-01  7.606287e-01  0.000000e+00
   outer loop
     vertex  3.674784e+01  6.008124e+00  4.000000e+00
     vertex  3.669253e+01  5.960923e+00  0.000000e+00
     vertex  3.669253e+01  5.960923e+00  4.000000e+00
   endloop
 endfacet
 facet normal -6.698100e-01  7.425325e-01  0.000000e+00
   outer loop
     vertex  3.680182e+01  6.056824e+00  4.000000e+00
     vertex  3.680182e+01  6.056824e+00  0.000000e+00
     vertex  3.674784e+01  6.008124e+00  0.000000e+00
   endloop
 endfacet
 facet normal -6.899286e-01  7.238775e-01  0.000000e+00
   outer loop
     vertex  3.680182e+01  6.056824e+00  4.000000e+00
     vertex  3.685445e+01  6.106987e+00  0.000000e+00
     vertex  3.680182e+01  6.056824e+00  0.000000e+00
   endloop
 endfacet
 facet normal -6.698100e-01  7.425325e-01  0.000000e+00
   outer loop
     vertex  3.680182e+01  6.056824e+00  4.000000e+00
     vertex  3.674784e+01  6.008124e+00  0.000000e+00
     vertex  3.674784e+01  6.008124e+00  4.000000e+00
   endloop
 endfacet
 facet normal -6.899286e-01  7.238775e-01  0.000000e+00
   outer loop
     vertex  3.685445e+01  6.106987e+00  4.000000e+00
     vertex  3.685445e+01  6.106987e+00  0.000000e+00
     vertex  3.680182e+01  6.056824e+00  4.000000e+00
   endloop
 endfacet
 facet normal -7.095278e-01  7.046775e-01  0.000000e+00
   outer loop
     vertex  3.690569e+01  6.158574e+00  4.000000e+00
     vertex  3.690569e+01  6.158574e+00  0.000000e+00
     vertex  3.685445e+01  6.106987e+00  0.000000e+00
   endloop
 endfacet
 facet normal -7.095278e-01  7.046775e-01  0.000000e+00
   outer loop
     vertex  3.690569e+01  6.158574e+00  4.000000e+00
     vertex  3.685445e+01  6.106987e+00  0.000000e+00
     vertex  3.685445e+01  6.106987e+00  4.000000e+00
   endloop
 endfacet
 facet normal -7.285929e-01  6.849470e-01  0.000000e+00
   outer loop
     vertex  3.695549e+01  6.211548e+00  4.000000e+00
     vertex  3.695549e+01  6.211548e+00  0.000000e+00
     vertex  3.690569e+01  6.158574e+00  0.000000e+00
   endloop
 endfacet
 facet normal -7.285929e-01  6.849470e-01  0.000000e+00
   outer loop
     vertex  3.695549e+01  6.211548e+00  4.000000e+00
     vertex  3.690569e+01  6.158574e+00  0.000000e+00
     vertex  3.690569e+01  6.158574e+00  4.000000e+00
   endloop
 endfacet
 facet normal -7.471095e-01  6.647010e-01  0.000000e+00
   outer loop
     vertex  3.700382e+01  6.265868e+00  4.000000e+00
     vertex  3.700382e+01  6.265868e+00  0.000000e+00
     vertex  3.695549e+01  6.211548e+00  0.000000e+00
   endloop
 endfacet
 facet normal -7.471095e-01  6.647010e-01  0.000000e+00
   outer loop
     vertex  3.700382e+01  6.265868e+00  4.000000e+00
     vertex  3.695549e+01  6.211548e+00  0.000000e+00
     vertex  3.695549e+01  6.211548e+00  4.000000e+00
   endloop
 endfacet
 facet normal -7.650637e-01  6.439545e-01  0.000000e+00
   outer loop
     vertex  3.705064e+01  6.321494e+00  4.000000e+00
     vertex  3.705064e+01  6.321494e+00  0.000000e+00
     vertex  3.700382e+01  6.265868e+00  0.000000e+00
   endloop
 endfacet
 facet normal -7.650637e-01  6.439545e-01  0.000000e+00
   outer loop
     vertex  3.705064e+01  6.321494e+00  4.000000e+00
     vertex  3.700382e+01  6.265868e+00  0.000000e+00
     vertex  3.700382e+01  6.265868e+00  4.000000e+00
   endloop
 endfacet
 facet normal -7.824421e-01  6.227234e-01  0.000000e+00
   outer loop
     vertex  3.709591e+01  6.378383e+00  4.000000e+00
     vertex  3.709591e+01  6.378383e+00  0.000000e+00
     vertex  3.705064e+01  6.321494e+00  0.000000e+00
   endloop
 endfacet
 facet normal -7.824421e-01  6.227234e-01  0.000000e+00
   outer loop
     vertex  3.709591e+01  6.378383e+00  4.000000e+00
     vertex  3.705064e+01  6.321494e+00  0.000000e+00
     vertex  3.705064e+01  6.321494e+00  4.000000e+00
   endloop
 endfacet
 facet normal -7.992314e-01  6.010234e-01  0.000000e+00
   outer loop
     vertex  3.713961e+01  6.436493e+00  4.000000e+00
     vertex  3.713961e+01  6.436493e+00  0.000000e+00
     vertex  3.709591e+01  6.378383e+00  0.000000e+00
   endloop
 endfacet
 facet normal -7.992314e-01  6.010234e-01  0.000000e+00
   outer loop
     vertex  3.713961e+01  6.436493e+00  4.000000e+00
     vertex  3.709591e+01  6.378383e+00  0.000000e+00
     vertex  3.709591e+01  6.378383e+00  4.000000e+00
   endloop
 endfacet
 facet normal -8.154191e-01  5.788711e-01  0.000000e+00
   outer loop
     vertex  3.718170e+01  6.495779e+00  4.000000e+00
     vertex  3.718170e+01  6.495779e+00  0.000000e+00
     vertex  3.713961e+01  6.436493e+00  0.000000e+00
   endloop
 endfacet
 facet normal -8.154191e-01  5.788711e-01  0.000000e+00
   outer loop
     vertex  3.718170e+01  6.495779e+00  4.000000e+00
     vertex  3.713961e+01  6.436493e+00  0.000000e+00
     vertex  3.713961e+01  6.436493e+00  4.000000e+00
   endloop
 endfacet
 facet normal -8.309929e-01  5.562829e-01  0.000000e+00
   outer loop
     vertex  3.722215e+01  6.556198e+00  4.000000e+00
     vertex  3.722215e+01  6.556198e+00  0.000000e+00
     vertex  3.718170e+01  6.495779e+00  0.000000e+00
   endloop
 endfacet
 facet normal -8.309929e-01  5.562829e-01  0.000000e+00
   outer loop
     vertex  3.722215e+01  6.556198e+00  4.000000e+00
     vertex  3.718170e+01  6.495779e+00  0.000000e+00
     vertex  3.718170e+01  6.495779e+00  4.000000e+00
   endloop
 endfacet
 facet normal -8.459413e-01  5.332761e-01  0.000000e+00
   outer loop
     vertex  3.726092e+01  6.617704e+00  4.000000e+00
     vertex  3.726092e+01  6.617704e+00  0.000000e+00
     vertex  3.722215e+01  6.556198e+00  0.000000e+00
   endloop
 endfacet
 facet normal -8.459413e-01  5.332761e-01  0.000000e+00
   outer loop
     vertex  3.726092e+01  6.617704e+00  4.000000e+00
     vertex  3.722215e+01  6.556198e+00  0.000000e+00
     vertex  3.722215e+01  6.556198e+00  4.000000e+00
   endloop
 endfacet
 facet normal -8.602528e-01  5.098678e-01  0.000000e+00
   outer loop
     vertex  3.729799e+01  6.680251e+00  4.000000e+00
     vertex  3.729799e+01  6.680251e+00  0.000000e+00
     vertex  3.726092e+01  6.617704e+00  0.000000e+00
   endloop
 endfacet
 facet normal -8.602528e-01  5.098678e-01  0.000000e+00
   outer loop
     vertex  3.729799e+01  6.680251e+00  4.000000e+00
     vertex  3.726092e+01  6.617704e+00  0.000000e+00
     vertex  3.726092e+01  6.617704e+00  4.000000e+00
   endloop
 endfacet
 facet normal -8.739167e-01  4.860756e-01  0.000000e+00
   outer loop
     vertex  3.733333e+01  6.743791e+00  4.000000e+00
     vertex  3.733333e+01  6.743791e+00  0.000000e+00
     vertex  3.729799e+01  6.680251e+00  0.000000e+00
   endloop
 endfacet
 facet normal -8.869228e-01  4.619176e-01  0.000000e+00
   outer loop
     vertex  3.733333e+01  6.743791e+00  4.000000e+00
     vertex  3.736692e+01  6.808276e+00  0.000000e+00
     vertex  3.733333e+01  6.743791e+00  0.000000e+00
   endloop
 endfacet
 facet normal -8.739167e-01  4.860756e-01  0.000000e+00
   outer loop
     vertex  3.733333e+01  6.743791e+00  4.000000e+00
     vertex  3.729799e+01  6.680251e+00  0.000000e+00
     vertex  3.729799e+01  6.680251e+00  4.000000e+00
   endloop
 endfacet
 facet normal -8.869228e-01  4.619176e-01  0.000000e+00
   outer loop
     vertex  3.736692e+01  6.808276e+00  4.000000e+00
     vertex  3.736692e+01  6.808276e+00  0.000000e+00
     vertex  3.733333e+01  6.743791e+00  4.000000e+00
   endloop
 endfacet
 facet normal -8.992613e-01  4.374119e-01  0.000000e+00
   outer loop
     vertex  3.736692e+01  6.808276e+00  4.000000e+00
     vertex  3.739872e+01  6.873659e+00  0.000000e+00
     vertex  3.736692e+01  6.808276e+00  0.000000e+00
   endloop
 endfacet
 facet normal -8.992613e-01  4.374119e-01  0.000000e+00
   outer loop
     vertex  3.739872e+01  6.873659e+00  4.000000e+00
     vertex  3.739872e+01  6.873659e+00  0.000000e+00
     vertex  3.736692e+01  6.808276e+00  4.000000e+00
   endloop
 endfacet
 facet normal -9.109228e-01  4.125769e-01  0.000000e+00
   outer loop
     vertex  3.742872e+01  6.939889e+00  4.000000e+00
     vertex  3.739872e+01  6.873659e+00  0.000000e+00
     vertex  3.739872e+01  6.873659e+00  4.000000e+00
   endloop
 endfacet
 facet normal -9.109228e-01  4.125769e-01  0.000000e+00
   outer loop
     vertex  3.742872e+01  6.939889e+00  4.000000e+00
     vertex  3.742872e+01  6.939889e+00  0.000000e+00
     vertex  3.739872e+01  6.873659e+00  0.000000e+00
   endloop
 endfacet
 facet normal -9.218986e-01  3.874313e-01  0.000000e+00
   outer loop
     vertex  3.745689e+01  7.006918e+00  4.000000e+00
     vertex  3.742872e+01  6.939889e+00  0.000000e+00
     vertex  3.742872e+01  6.939889e+00  4.000000e+00
   endloop
 endfacet
 facet normal -9.218986e-01  3.874313e-01  0.000000e+00
   outer loop
     vertex  3.745689e+01  7.006918e+00  4.000000e+00
     vertex  3.745689e+01  7.006918e+00  0.000000e+00
     vertex  3.742872e+01  6.939889e+00  0.000000e+00
   endloop
 endfacet
 facet normal -9.321804e-01  3.619940e-01  0.000000e+00
   outer loop
     vertex  3.748321e+01  7.074694e+00  4.000000e+00
     vertex  3.745689e+01  7.006918e+00  0.000000e+00
     vertex  3.745689e+01  7.006918e+00  4.000000e+00
   endloop
 endfacet
 facet normal -9.321804e-01  3.619940e-01  0.000000e+00
   outer loop
     vertex  3.748321e+01  7.074694e+00  4.000000e+00
     vertex  3.748321e+01  7.074694e+00  0.000000e+00
     vertex  3.745689e+01  7.006918e+00  0.000000e+00
   endloop
 endfacet
 facet normal -9.417605e-01  3.362843e-01  0.000000e+00
   outer loop
     vertex  3.750766e+01  7.143167e+00  4.000000e+00
     vertex  3.748321e+01  7.074694e+00  0.000000e+00
     vertex  3.748321e+01  7.074694e+00  4.000000e+00
   endloop
 endfacet
 facet normal -9.417605e-01  3.362843e-01  0.000000e+00
   outer loop
     vertex  3.750766e+01  7.143167e+00  4.000000e+00
     vertex  3.750766e+01  7.143167e+00  0.000000e+00
     vertex  3.748321e+01  7.074694e+00  0.000000e+00
   endloop
 endfacet
 facet normal -9.506317e-01  3.103214e-01  0.000000e+00
   outer loop
     vertex  3.753022e+01  7.212284e+00  4.000000e+00
     vertex  3.750766e+01  7.143167e+00  0.000000e+00
     vertex  3.750766e+01  7.143167e+00  4.000000e+00
   endloop
 endfacet
 facet normal -9.506317e-01  3.103214e-01  0.000000e+00
   outer loop
     vertex  3.753022e+01  7.212284e+00  4.000000e+00
     vertex  3.753022e+01  7.212284e+00  0.000000e+00
     vertex  3.750766e+01  7.143167e+00  0.000000e+00
   endloop
 endfacet
 facet normal -9.587873e-01  2.841250e-01  0.000000e+00
   outer loop
     vertex  3.755088e+01  7.281995e+00  4.000000e+00
     vertex  3.753022e+01  7.212284e+00  0.000000e+00
     vertex  3.753022e+01  7.212284e+00  4.000000e+00
   endloop
 endfacet
 facet normal -9.587873e-01  2.841250e-01  0.000000e+00
   outer loop
     vertex  3.755088e+01  7.281995e+00  4.000000e+00
     vertex  3.755088e+01  7.281995e+00  0.000000e+00
     vertex  3.753022e+01  7.212284e+00  0.000000e+00
   endloop
 endfacet
 facet normal -9.662211e-01  2.577146e-01  0.000000e+00
   outer loop
     vertex  3.756961e+01  7.352246e+00  4.000000e+00
     vertex  3.755088e+01  7.281995e+00  0.000000e+00
     vertex  3.755088e+01  7.281995e+00  4.000000e+00
   endloop
 endfacet
 facet normal -9.662211e-01  2.577146e-01  0.000000e+00
   outer loop
     vertex  3.756961e+01  7.352246e+00  4.000000e+00
     vertex  3.756961e+01  7.352246e+00  0.000000e+00
     vertex  3.755088e+01  7.281995e+00  0.000000e+00
   endloop
 endfacet
 facet normal -9.729276e-01  2.311102e-01  0.000000e+00
   outer loop
     vertex  3.758642e+01  7.422985e+00  4.000000e+00
     vertex  3.756961e+01  7.352246e+00  0.000000e+00
     vertex  3.756961e+01  7.352246e+00  4.000000e+00
   endloop
 endfacet
 facet normal -9.729276e-01  2.311102e-01  0.000000e+00
   outer loop
     vertex  3.758642e+01  7.422985e+00  4.000000e+00
     vertex  3.758642e+01  7.422985e+00  0.000000e+00
     vertex  3.756961e+01  7.352246e+00  0.000000e+00
   endloop
 endfacet
 facet normal -9.789017e-01  2.043319e-01  0.000000e+00
   outer loop
     vertex  3.760127e+01  7.494158e+00  4.000000e+00
     vertex  3.758642e+01  7.422985e+00  0.000000e+00
     vertex  3.758642e+01  7.422985e+00  4.000000e+00
   endloop
 endfacet
 facet normal -9.789017e-01  2.043319e-01  0.000000e+00
   outer loop
     vertex  3.760127e+01  7.494158e+00  4.000000e+00
     vertex  3.760127e+01  7.494158e+00  0.000000e+00
     vertex  3.758642e+01  7.422985e+00  0.000000e+00
   endloop
 endfacet
 facet normal -9.841389e-01  1.773998e-01  0.000000e+00
   outer loop
     vertex  3.761417e+01  7.565712e+00  4.000000e+00
     vertex  3.760127e+01  7.494158e+00  0.000000e+00
     vertex  3.760127e+01  7.494158e+00  4.000000e+00
   endloop
 endfacet
 facet normal -9.841389e-01  1.773998e-01  0.000000e+00
   outer loop
     vertex  3.761417e+01  7.565712e+00  4.000000e+00
     vertex  3.761417e+01  7.565712e+00  0.000000e+00
     vertex  3.760127e+01  7.494158e+00  0.000000e+00
   endloop
 endfacet
 facet normal -9.886353e-01  1.503341e-01  0.000000e+00
   outer loop
     vertex  3.761417e+01  7.565712e+00  4.000000e+00
     vertex  3.762510e+01  7.637593e+00  0.000000e+00
     vertex  3.761417e+01  7.565712e+00  0.000000e+00
   endloop
 endfacet
 facet normal -9.886353e-01  1.503341e-01  0.000000e+00
   outer loop
     vertex  3.762510e+01  7.637593e+00  4.000000e+00
     vertex  3.762510e+01  7.637593e+00  0.000000e+00
     vertex  3.761417e+01  7.565712e+00  4.000000e+00
   endloop
 endfacet
 facet normal -9.923874e-01  1.231552e-01  0.000000e+00
   outer loop
     vertex  3.763406e+01  7.709746e+00  4.000000e+00
     vertex  3.763406e+01  7.709746e+00  0.000000e+00
     vertex  3.762510e+01  7.637593e+00  0.000000e+00
   endloop
 endfacet
 facet normal -9.923874e-01  1.231552e-01  0.000000e+00
   outer loop
     vertex  3.763406e+01  7.709746e+00  4.000000e+00
     vertex  3.762510e+01  7.637593e+00  0.000000e+00
     vertex  3.762510e+01  7.637593e+00  4.000000e+00
   endloop
 endfacet
 facet normal -9.953925e-01  9.588368e-02  0.000000e+00
   outer loop
     vertex  3.764103e+01  7.782118e+00  4.000000e+00
     vertex  3.764103e+01  7.782118e+00  0.000000e+00
     vertex  3.763406e+01  7.709746e+00  0.000000e+00
   endloop
 endfacet
 facet normal -9.953925e-01  9.588368e-02  0.000000e+00
   outer loop
     vertex  3.764103e+01  7.782118e+00  4.000000e+00
     vertex  3.763406e+01  7.709746e+00  0.000000e+00
     vertex  3.763406e+01  7.709746e+00  4.000000e+00
   endloop
 endfacet
 facet normal -9.976484e-01  6.853995e-02  0.000000e+00
   outer loop
     vertex  3.764601e+01  7.854654e+00  4.000000e+00
     vertex  3.764601e+01  7.854654e+00  0.000000e+00
     vertex  3.764103e+01  7.782118e+00  0.000000e+00
   endloop
 endfacet
 facet normal -9.976484e-01  6.853995e-02  0.000000e+00
   outer loop
     vertex  3.764601e+01  7.854654e+00  4.000000e+00
     vertex  3.764103e+01  7.782118e+00  0.000000e+00
     vertex  3.764103e+01  7.782118e+00  4.000000e+00
   endloop
 endfacet
 facet normal -9.991532e-01  4.114462e-02  0.000000e+00
   outer loop
     vertex  3.764900e+01  7.927300e+00  4.000000e+00
     vertex  3.764900e+01  7.927300e+00  0.000000e+00
     vertex  3.764601e+01  7.854654e+00  0.000000e+00
   endloop
 endfacet
 facet normal -9.991532e-01  4.114462e-02  0.000000e+00
   outer loop
     vertex  3.764900e+01  7.927300e+00  4.000000e+00
     vertex  3.764601e+01  7.854654e+00  0.000000e+00
     vertex  3.764601e+01  7.854654e+00  4.000000e+00
   endloop
 endfacet
 facet normal -9.999059e-01  1.371831e-02  0.000000e+00
   outer loop
     vertex  3.765000e+01  8.000000e+00  4.000000e+00
     vertex  3.765000e+01  8.000000e+00  0.000000e+00
     vertex  3.764900e+01  7.927300e+00  0.000000e+00
   endloop
 endfacet
 facet normal -9.999059e-01  1.371831e-02  0.000000e+00
   outer loop
     vertex  3.765000e+01  8.000000e+00  4.000000e+00
     vertex  3.764900e+01  7.927300e+00  0.000000e+00
     vertex  3.764900e+01  7.927300e+00  4.000000e+00
   endloop
 endfacet
endsolid
